datetime,open,high,low,close,volume
30-04-2026 00:00,4532.85,4540.07,4519.89,4519.89,4192
30-04-2026 00:15,4519.85,4540.63,4517.63,4537.43,4138
30-04-2026 00:30,4537.42,4548.45,4532.75,4547.36,3947
30-04-2026 00:45,4547.14,4550.26,4540.91,4542.48,3841
30-04-2026 01:00,4541.85,4544.67,4537.26,4539.24,3784
30-04-2026 01:15,4539.23,4549.66,4539.16,4546.82,3694
30-04-2026 01:30,4546.74,4553.42,4542.47,4546.02,3732
30-04-2026 01:45,4546.34,4548.01,4541.38,4543.16,3416
30-04-2026 02:00,4543.01,4546.52,4542.42,4543.83,2690
30-04-2026 02:15,4543.78,4544.22,4540.98,4543.09,2281
30-04-2026 03:30,4542.18,4548.31,4538.53,4545.86,1608
30-04-2026 03:45,4545.91,4550.37,4545.91,4548.63,2422
30-04-2026 04:00,4548.61,4551.99,4547.15,4548.20,2156
30-04-2026 04:15,4548.17,4552.35,4547.58,4551.87,2339
30-04-2026 04:30,4551.88,4553.99,4550.36,4553.24,2228
30-04-2026 04:45,4553.19,4555.05,4549.60,4551.62,2232
30-04-2026 05:00,4551.60,4554.86,4551.32,4554.41,1871
30-04-2026 05:15,4554.43,4561.94,4553.92,4561.61,2552
30-04-2026 05:30,4561.62,4568.39,4557.63,4557.84,3670
30-04-2026 05:45,4557.88,4564.48,4556.28,4563.46,3318
30-04-2026 06:00,4563.45,4566.86,4562.23,4566.84,3003
30-04-2026 06:15,4566.82,4573.97,4566.49,4569.73,3077
30-04-2026 06:30,4569.71,4571.06,4564.51,4568.33,3507
30-04-2026 06:45,4568.36,4580.93,4565.74,4579.67,3519
30-04-2026 07:00,4579.90,4581.29,4570.80,4576.21,3745
30-04-2026 07:15,4576.25,4582.31,4573.96,4579.17,3334
30-04-2026 07:30,4579.03,4581.79,4574.69,4579.63,3158
30-04-2026 07:45,4579.64,4580.62,4571.88,4573.07,2629
30-04-2026 08:00,4572.38,4573.58,4560.02,4562.18,3842
30-04-2026 08:15,4561.95,4565.13,4559.74,4564.79,3218
30-04-2026 08:30,4564.52,4568.95,4562.42,4564.82,3225
30-04-2026 08:45,4565.00,4566.70,4562.68,4563.14,2948
30-04-2026 09:00,4563.38,4563.76,4557.42,4561.34,2835
30-04-2026 09:15,4561.31,4561.42,4555.58,4555.87,2523
30-04-2026 09:30,4555.91,4556.45,4550.85,4555.25,3069
30-04-2026 09:45,4555.28,4556.87,4545.72,4547.05,3134
30-04-2026 10:00,4547.03,4547.61,4540.81,4544.65,3150
30-04-2026 10:15,4544.64,4549.36,4541.90,4541.99,2849
30-04-2026 10:30,4541.83,4553.39,4541.83,4553.10,3359
30-04-2026 10:45,4553.13,4558.79,4551.71,4555.54,2717
30-04-2026 11:00,4555.52,4566.61,4553.68,4563.70,3549
30-04-2026 11:15,4563.80,4569.58,4562.15,4562.53,3112
30-04-2026 11:30,4562.54,4567.58,4560.17,4566.04,3745
30-04-2026 11:45,4566.13,4570.93,4563.53,4569.39,3159
30-04-2026 12:00,4569.40,4578.30,4569.40,4574.98,3562
30-04-2026 12:15,4575.07,4591.37,4574.64,4589.40,3412
30-04-2026 12:30,4589.41,4595.40,4586.07,4591.58,3680
30-04-2026 12:45,4591.42,4593.53,4584.85,4591.35,3406
30-04-2026 13:00,4591.18,4597.96,4587.89,4596.57,3064
30-04-2026 13:15,4596.55,4605.46,4593.36,4598.32,3118
30-04-2026 13:30,4598.32,4629.38,4597.22,4618.65,3921
30-04-2026 13:45,4618.68,4620.44,4611.96,4617.46,3538
30-04-2026 14:00,4617.40,4620.57,4613.61,4614.88,3316
30-04-2026 14:15,4614.93,4619.28,4614.09,4616.24,2899
30-04-2026 14:30,4616.27,4619.99,4614.16,4618.74,3189
30-04-2026 14:45,4618.66,4626.60,4615.28,4625.45,3421
30-04-2026 15:00,4625.42,4631.48,4618.37,4619.13,3753
30-04-2026 15:15,4619.39,4627.05,4618.04,4625.07,3094
30-04-2026 15:30,4625.08,4629.08,4623.65,4626.66,3151
30-04-2026 15:45,4626.65,4643.93,4626.04,4643.49,3253
30-04-2026 16:00,4643.71,4646.70,4634.12,4636.59,3908
30-04-2026 16:15,4636.62,4639.77,4633.84,4638.57,3529
30-04-2026 16:30,4639.66,4645.57,4635.86,4635.86,3727
30-04-2026 16:45,4635.94,4643.23,4630.06,4637.25,3734
30-04-2026 17:00,4637.25,4637.52,4626.52,4629.38,3883
30-04-2026 17:15,4629.38,4635.07,4627.71,4629.81,3437
30-04-2026 17:30,4629.84,4637.17,4629.20,4635.55,3284
30-04-2026 17:45,4635.89,4637.03,4628.08,4629.25,3385
30-04-2026 18:00,4629.49,4635.67,4624.91,4625.23,3534
30-04-2026 18:15,4625.22,4639.79,4623.97,4639.29,3449
30-04-2026 18:30,4639.70,4643.76,4634.30,4640.76,3728
30-04-2026 18:45,4640.90,4645.84,4632.72,4633.26,3670
30-04-2026 19:00,4632.84,4634.31,4619.88,4625.18,4100
30-04-2026 19:15,4625.03,4625.03,4610.23,4610.57,4158
30-04-2026 19:30,4610.34,4625.40,4608.85,4620.15,4211
30-04-2026 19:45,4620.16,4625.73,4615.95,4622.81,4196
30-04-2026 20:00,4622.86,4622.86,4610.63,4617.64,4160
30-04-2026 20:15,4617.64,4623.67,4617.07,4619.53,4112
30-04-2026 20:30,4619.65,4623.93,4614.79,4619.79,4108
30-04-2026 20:45,4619.82,4624.38,4615.53,4622.78,3932
30-04-2026 21:00,4622.82,4625.27,4613.18,4615.38,3722
30-04-2026 21:15,4615.30,4617.06,4611.20,4615.13,3415
30-04-2026 21:30,4615.12,4617.23,4609.88,4611.51,3439
30-04-2026 21:45,4611.47,4611.68,4605.26,4607.70,3368
30-04-2026 22:00,4607.74,4613.41,4606.46,4608.88,2675
30-04-2026 22:15,4608.83,4617.57,4605.19,4607.36,2907
30-04-2026 22:30,4607.37,4619.74,4607.37,4615.69,3334
30-04-2026 22:45,4615.67,4620.60,4612.73,4617.66,3113
30-04-2026 23:00,4617.29,4621.38,4614.74,4617.71,3366
30-04-2026 23:15,4617.67,4619.69,4615.15,4616.70,2870
30-04-2026 23:30,4616.95,4624.42,4616.59,4620.50,3298
30-04-2026 23:45,4620.53,4625.02,4619.78,4620.61,3041
01-05-2026 00:00,4620.74,4622.79,4619.01,4620.49,2698
01-05-2026 00:15,4620.48,4624.93,4619.92,4622.31,2854
01-05-2026 00:30,4622.30,4627.47,4622.00,4623.91,3039
01-05-2026 00:45,4624.00,4625.21,4616.93,4617.57,3109
01-05-2026 01:00,4617.68,4622.83,4615.09,4622.45,3045
01-05-2026 01:15,4622.40,4623.09,4614.44,4616.57,3432
01-05-2026 01:30,4616.73,4620.07,4615.61,4615.89,2712
01-05-2026 01:45,4615.86,4619.05,4615.51,4616.38,1778
01-05-2026 02:00,4615.47,4618.36,4615.16,4617.07,1856
01-05-2026 02:15,4617.11,4621.39,4616.28,4621.15,1512
01-05-2026 03:30,4627.53,4632.19,4624.76,4630.81,1489
01-05-2026 03:45,4630.80,4631.03,4628.21,4630.70,1789
01-05-2026 04:00,4630.76,4631.96,4626.61,4631.96,2004
01-05-2026 04:15,4632.02,4632.02,4628.11,4630.06,1977
01-05-2026 04:30,4630.05,4631.38,4627.90,4629.81,1897
01-05-2026 04:45,4629.80,4631.88,4628.74,4630.46,1656
01-05-2026 05:00,4630.47,4633.78,4630.36,4631.03,1834
01-05-2026 05:15,4630.71,4632.96,4626.12,4626.21,2382
01-05-2026 05:30,4626.22,4630.91,4620.66,4622.25,3146
01-05-2026 05:45,4622.24,4628.30,4620.84,4623.63,2756
01-05-2026 06:00,4623.69,4624.80,4618.30,4620.49,2907
01-05-2026 06:15,4620.55,4624.87,4619.40,4619.52,2979
01-05-2026 06:30,4619.23,4620.66,4615.40,4618.27,2744
01-05-2026 06:45,4618.19,4618.83,4613.73,4616.12,2147
01-05-2026 07:00,4616.04,4621.75,4615.95,4619.95,2437
01-05-2026 07:15,4619.85,4622.09,4618.58,4620.79,2392
01-05-2026 07:30,4620.54,4634.51,4619.64,4630.82,2518
01-05-2026 07:45,4630.83,4635.92,4628.37,4629.36,2302
01-05-2026 08:00,4629.35,4631.01,4623.76,4624.16,1986
01-05-2026 08:15,4624.16,4624.31,4616.44,4619.00,2455
01-05-2026 08:30,4618.87,4621.22,4617.60,4620.54,2071
01-05-2026 08:45,4620.53,4626.59,4620.49,4626.22,1753
01-05-2026 09:00,4626.21,4631.81,4625.30,4626.11,2517
01-05-2026 09:15,4626.10,4627.90,4625.45,4626.58,1938
01-05-2026 09:30,4626.57,4628.75,4619.89,4621.65,2434
01-05-2026 09:45,4621.67,4623.23,4617.15,4617.54,2045
01-05-2026 10:00,4617.58,4618.11,4612.00,4613.29,2411
01-05-2026 10:15,4613.30,4614.38,4609.05,4609.05,1981
01-05-2026 10:30,4609.07,4614.64,4607.43,4614.16,2505
01-05-2026 10:45,4614.19,4616.10,4611.51,4614.56,2020
01-05-2026 11:00,4614.57,4615.27,4609.34,4609.74,2267
01-05-2026 11:15,4609.66,4613.39,4602.65,4604.80,2406
01-05-2026 11:30,4604.80,4607.71,4601.13,4601.38,2833
01-05-2026 11:45,4601.46,4601.91,4593.26,4593.30,2598
01-05-2026 12:00,4593.47,4597.48,4590.75,4593.39,2673
01-05-2026 12:15,4593.41,4595.95,4591.09,4594.77,3259
01-05-2026 12:30,4594.34,4596.32,4589.57,4595.91,3317
01-05-2026 12:45,4595.92,4597.93,4584.90,4592.23,3089
01-05-2026 13:00,4592.46,4592.46,4583.68,4585.29,3052
01-05-2026 13:15,4585.28,4585.88,4575.76,4578.06,3049
01-05-2026 13:30,4578.02,4582.40,4573.58,4573.80,3162
01-05-2026 13:45,4573.82,4576.77,4566.36,4567.10,3119
01-05-2026 14:00,4567.11,4572.03,4565.97,4570.91,2653
01-05-2026 14:15,4570.79,4572.48,4564.99,4568.54,2381
01-05-2026 14:30,4568.84,4569.01,4564.13,4565.60,2489
01-05-2026 14:45,4565.53,4571.09,4564.42,4569.21,2476
01-05-2026 15:00,4569.20,4572.84,4567.42,4570.15,2241
01-05-2026 15:15,4570.15,4570.56,4559.90,4562.59,2662
01-05-2026 15:30,4562.51,4567.88,4561.27,4566.50,2138
01-05-2026 15:45,4566.54,4572.53,4566.54,4571.98,2025
01-05-2026 16:00,4571.99,4575.88,4567.32,4570.25,2301
01-05-2026 16:15,4570.24,4571.98,4565.95,4566.71,2268
01-05-2026 16:30,4566.74,4568.71,4562.43,4565.72,2584
01-05-2026 16:45,4565.51,4576.30,4564.45,4571.69,2822
01-05-2026 17:00,4571.34,4577.60,4570.32,4575.51,2673
01-05-2026 17:15,4575.53,4579.46,4572.69,4578.55,2555
01-05-2026 17:30,4578.31,4590.08,4574.76,4584.60,3004
01-05-2026 17:45,4584.57,4607.61,4582.62,4602.76,3868
01-05-2026 18:00,4602.93,4603.09,4588.86,4591.84,3500
01-05-2026 18:15,4591.79,4595.33,4589.54,4591.05,3136
01-05-2026 18:30,4591.07,4597.11,4589.63,4591.18,3163
01-05-2026 18:45,4591.22,4593.10,4586.52,4589.07,3220
01-05-2026 19:00,4589.06,4608.79,4586.38,4607.80,4110
01-05-2026 19:15,4607.71,4628.70,4598.66,4625.68,4111
01-05-2026 19:30,4625.78,4659.87,4625.78,4655.94,4201
01-05-2026 19:45,4656.07,4660.00,4643.74,4644.42,4150
01-05-2026 20:00,4644.62,4646.17,4630.45,4633.12,4165
01-05-2026 20:15,4633.01,4635.27,4627.00,4632.03,4002
01-05-2026 20:30,4631.96,4636.47,4619.05,4636.47,4028
01-05-2026 20:45,4636.16,4640.44,4634.00,4636.40,3683
01-05-2026 21:00,4636.41,4644.56,4635.37,4643.46,3616
01-05-2026 21:15,4643.47,4648.17,4633.10,4642.96,3620
01-05-2026 21:30,4642.53,4645.18,4638.03,4642.63,3509
01-05-2026 21:45,4642.62,4649.96,4637.67,4637.68,3565
01-05-2026 22:00,4637.69,4641.14,4633.70,4638.61,3690
01-05-2026 22:15,4638.64,4642.83,4636.60,4638.83,3137
01-05-2026 22:30,4638.74,4642.64,4637.50,4639.81,2737
01-05-2026 22:45,4639.92,4640.07,4630.85,4631.63,2848
01-05-2026 23:00,4631.62,4632.03,4626.75,4627.96,3054
01-05-2026 23:15,4627.92,4634.81,4627.17,4629.43,2991
01-05-2026 23:30,4629.36,4630.55,4615.43,4615.60,3322
01-05-2026 23:45,4615.66,4623.45,4613.69,4623.38,3260
02-05-2026 00:00,4623.08,4624.39,4616.05,4622.12,3371
02-05-2026 00:15,4622.17,4625.79,4619.89,4624.17,3039
02-05-2026 00:30,4625.00,4626.37,4620.37,4626.02,2795
02-05-2026 00:45,4626.02,4627.41,4623.80,4623.80,2530
02-05-2026 01:00,4623.85,4624.06,4610.85,4611.34,3029
02-05-2026 01:15,4611.33,4614.69,4608.32,4609.52,3319
02-05-2026 01:30,4610.29,4612.17,4606.51,4610.60,1938
02-05-2026 01:45,4610.78,4615.62,4609.19,4612.74,1700
02-05-2026 02:00,4612.76,4614.57,4609.66,4613.22,1707
02-05-2026 02:15,4613.23,4616.25,4611.68,4613.62,1641
04-05-2026 03:30,4631.50,4635.93,4615.27,4622.46,2259
04-05-2026 03:45,4622.43,4622.55,4611.91,4620.29,2216
04-05-2026 04:00,4620.29,4629.04,4619.51,4627.88,1809
04-05-2026 04:15,4627.87,4628.88,4618.08,4618.55,2087
04-05-2026 04:30,4618.54,4620.35,4610.80,4614.60,2237
04-05-2026 04:45,4614.90,4617.13,4612.73,4616.57,1716
04-05-2026 05:00,4616.59,4618.06,4612.38,4612.96,1948
04-05-2026 05:15,4612.95,4616.56,4611.04,4613.38,2539
04-05-2026 05:30,4613.36,4616.04,4603.99,4611.70,3357
04-05-2026 05:45,4611.66,4614.22,4601.42,4605.31,3233
04-05-2026 06:00,4605.31,4609.55,4604.59,4605.27,2716
04-05-2026 06:15,4605.28,4612.92,4604.29,4612.51,2605
04-05-2026 06:30,4612.44,4613.50,4595.45,4600.09,3331
04-05-2026 06:45,4600.14,4603.98,4593.61,4594.09,3076
04-05-2026 07:00,4594.03,4601.10,4592.17,4600.96,2783
04-05-2026 07:15,4600.94,4613.30,4600.47,4612.58,2330
04-05-2026 07:30,4612.47,4618.14,4603.04,4607.86,2939
04-05-2026 07:45,4607.85,4607.85,4591.02,4592.60,2903
04-05-2026 08:00,4592.62,4603.53,4590.63,4603.53,2678
04-05-2026 08:15,4603.47,4610.85,4600.87,4605.62,2707
04-05-2026 08:30,4605.62,4611.49,4604.22,4609.76,2534
04-05-2026 08:45,4609.76,4610.73,4607.98,4609.43,2173
04-05-2026 09:00,4608.89,4610.93,4598.27,4604.69,2543
04-05-2026 09:15,4604.73,4616.92,4604.73,4614.78,3325
04-05-2026 09:30,4614.79,4615.13,4607.56,4610.89,2600
04-05-2026 09:45,4610.90,4612.87,4606.84,4607.76,2218
04-05-2026 10:00,4607.75,4612.66,4606.90,4608.93,2247
04-05-2026 10:15,4608.94,4610.16,4604.93,4605.66,1966
04-05-2026 10:30,4605.70,4606.52,4601.68,4603.59,2462
04-05-2026 10:45,4603.60,4612.76,4595.42,4596.16,3303
04-05-2026 11:00,4596.21,4598.97,4591.92,4598.86,3135
04-05-2026 11:15,4598.86,4601.77,4594.16,4598.93,2638
04-05-2026 11:30,4598.81,4600.60,4587.65,4597.38,3288
04-05-2026 11:45,4597.37,4597.75,4588.94,4593.76,2860
04-05-2026 12:00,4593.98,4595.46,4584.30,4585.30,3114
04-05-2026 12:15,4585.28,4592.31,4583.69,4588.50,2858
04-05-2026 12:30,4588.24,4593.25,4585.46,4592.03,3098
04-05-2026 12:45,4591.86,4592.61,4583.16,4585.62,2958
04-05-2026 13:00,4585.64,4588.06,4582.60,4587.87,3107
04-05-2026 13:15,4587.88,4590.72,4577.80,4578.82,3109
04-05-2026 13:30,4578.76,4580.55,4573.67,4579.86,3392
04-05-2026 13:45,4579.87,4580.80,4574.14,4574.91,3157
04-05-2026 14:00,4574.88,4581.27,4573.70,4577.95,2914
04-05-2026 14:15,4577.98,4579.54,4575.69,4576.87,2786
04-05-2026 14:30,4576.74,4584.22,4576.07,4584.08,2822
04-05-2026 14:45,4583.96,4584.40,4580.28,4581.19,2446
04-05-2026 15:00,4581.24,4584.39,4580.33,4581.24,2099
04-05-2026 15:15,4581.26,4582.17,4572.03,4575.28,2413
04-05-2026 15:30,4575.26,4575.71,4537.20,4541.70,4114
04-05-2026 15:45,4541.80,4544.97,4525.76,4544.69,4088
04-05-2026 16:00,4544.70,4563.81,4542.85,4558.30,3855
04-05-2026 16:15,4558.00,4566.61,4558.00,4562.52,3334
04-05-2026 16:30,4563.23,4570.54,4561.23,4565.26,3468
04-05-2026 16:45,4565.25,4569.90,4561.69,4562.16,3011
04-05-2026 17:00,4562.05,4562.49,4551.33,4553.30,3431
04-05-2026 17:15,4553.32,4562.95,4552.98,4560.39,3283
04-05-2026 17:30,4560.38,4565.72,4559.12,4563.63,3292
04-05-2026 17:45,4563.68,4579.17,4563.23,4568.28,3652
04-05-2026 18:00,4568.31,4571.52,4561.21,4569.95,3369
04-05-2026 18:15,4570.03,4575.81,4566.39,4568.54,3208
04-05-2026 18:30,4568.18,4575.90,4557.18,4565.81,3853
04-05-2026 18:45,4565.76,4567.65,4560.94,4560.94,3345
04-05-2026 19:00,4561.03,4570.80,4555.42,4565.31,4075
04-05-2026 19:15,4565.19,4566.64,4557.37,4563.94,3907
04-05-2026 19:30,4563.83,4565.27,4553.53,4560.05,4044
04-05-2026 19:45,4560.06,4582.15,4559.47,4571.16,3982
04-05-2026 20:00,4571.36,4583.12,4570.41,4574.39,3756
04-05-2026 20:15,4574.43,4576.80,4559.82,4561.37,3833
04-05-2026 20:30,4561.38,4565.91,4547.88,4548.22,4023
04-05-2026 20:45,4547.65,4555.34,4514.26,4537.39,4270
04-05-2026 21:00,4537.64,4542.68,4527.35,4534.91,4176
04-05-2026 21:15,4534.74,4534.84,4512.26,4521.43,4104
04-05-2026 21:30,4521.40,4525.27,4500.78,4509.38,4211
04-05-2026 21:45,4509.41,4526.61,4508.46,4514.94,4089
04-05-2026 22:00,4514.73,4518.82,4511.40,4512.37,3699
04-05-2026 22:15,4512.26,4515.92,4507.37,4510.58,3817
04-05-2026 22:30,4510.65,4526.04,4510.65,4522.26,3796
04-05-2026 22:45,4522.29,4531.47,4521.58,4524.27,3763
04-05-2026 23:00,4524.19,4527.47,4521.85,4525.99,3228
04-05-2026 23:15,4525.91,4526.58,4521.45,4522.22,2961
04-05-2026 23:30,4522.27,4525.28,4518.55,4519.85,2982
04-05-2026 23:45,4519.92,4520.13,4509.71,4511.79,3228
05-05-2026 00:00,4511.73,4514.86,4510.45,4511.73,3114
05-05-2026 00:15,4511.88,4516.33,4510.71,4516.19,3102
05-05-2026 00:30,4515.87,4523.23,4511.22,4518.86,3370
05-05-2026 00:45,4518.82,4525.79,4517.46,4522.26,3394
05-05-2026 01:00,4522.32,4527.02,4520.39,4521.04,2999
05-05-2026 01:15,4521.03,4523.21,4515.28,4517.67,3193
05-05-2026 01:30,4517.69,4518.07,4511.62,4514.63,1910
05-05-2026 01:45,4514.57,4515.50,4511.80,4515.09,1286
05-05-2026 02:00,4515.10,4518.73,4514.50,4518.60,1469
05-05-2026 02:15,4518.56,4523.30,4518.55,4523.25,1127
05-05-2026 03:30,4522.67,4523.80,4517.28,4520.77,1015
05-05-2026 03:45,4520.74,4522.36,4518.93,4519.39,1013
05-05-2026 04:00,4519.41,4521.96,4518.69,4518.94,1229
05-05-2026 04:15,4518.93,4519.22,4515.43,4517.28,1235
05-05-2026 04:30,4517.27,4520.96,4516.12,4520.36,1247
05-05-2026 04:45,4520.34,4521.58,4519.29,4521.05,1128
05-05-2026 05:00,4520.92,4521.26,4518.26,4518.43,1092
05-05-2026 05:15,4518.44,4520.64,4517.01,4518.91,1613
05-05-2026 05:30,4519.63,4528.25,4517.59,4527.64,2885
05-05-2026 05:45,4527.65,4527.65,4513.33,4516.79,3054
05-05-2026 06:00,4516.77,4524.01,4515.77,4523.64,2502
05-05-2026 06:15,4523.80,4530.23,4523.80,4529.80,2575
05-05-2026 06:30,4529.70,4539.21,4525.14,4538.61,2983
05-05-2026 06:45,4538.51,4539.82,4534.99,4537.55,2631
05-05-2026 07:00,4537.74,4541.89,4533.91,4536.68,3002
05-05-2026 07:15,4536.67,4541.00,4536.00,4540.62,2526
05-05-2026 07:30,4540.65,4542.31,4537.27,4538.26,2421
05-05-2026 07:45,4538.35,4541.48,4534.40,4541.41,2172
05-05-2026 08:00,4541.49,4545.55,4539.87,4544.13,2253
05-05-2026 08:15,4544.14,4546.46,4538.56,4538.77,2377
05-05-2026 08:30,4538.72,4542.00,4537.30,4541.93,1943
05-05-2026 08:45,4542.26,4542.53,4537.15,4537.83,1729
05-05-2026 09:00,4537.66,4539.09,4535.42,4535.97,1753
05-05-2026 09:15,4535.99,4536.99,4532.31,4534.44,1830
05-05-2026 09:30,4534.38,4535.60,4532.49,4532.80,1737
05-05-2026 09:45,4532.82,4533.81,4529.26,4529.37,1896
05-05-2026 10:00,4529.36,4533.41,4527.96,4531.57,1985
05-05-2026 10:15,4531.59,4536.49,4531.22,4533.58,2072
05-05-2026 10:30,4533.49,4545.34,4531.32,4540.25,2809
05-05-2026 10:45,4540.22,4540.38,4535.67,4539.89,2287
05-05-2026 11:00,4539.91,4551.62,4539.72,4545.97,3115
05-05-2026 11:15,4545.98,4548.82,4543.48,4545.52,2482
05-05-2026 11:30,4545.68,4551.82,4541.56,4543.49,2947
05-05-2026 11:45,4543.51,4544.70,4533.76,4536.80,2751
05-05-2026 12:00,4536.68,4549.36,4536.20,4546.15,2957
05-05-2026 12:15,4546.21,4550.83,4545.37,4547.93,2748
05-05-2026 12:30,4547.97,4555.01,4547.43,4553.96,3096
05-05-2026 12:45,4553.90,4555.48,4548.38,4548.77,2781
05-05-2026 13:00,4548.93,4558.11,4548.82,4551.09,3212
05-05-2026 13:15,4551.11,4551.72,4543.04,4545.28,3040
05-05-2026 13:30,4545.30,4553.05,4545.16,4550.99,3138
05-05-2026 13:45,4550.97,4554.51,4548.90,4551.14,3155
05-05-2026 14:00,4551.12,4553.01,4547.78,4549.69,2917
05-05-2026 14:15,4549.80,4559.61,4548.16,4558.42,2993
05-05-2026 14:30,4558.43,4560.37,4553.62,4557.70,3001
05-05-2026 14:45,4557.66,4557.87,4552.14,4552.18,2641
05-05-2026 15:00,4552.19,4558.30,4551.07,4555.44,2751
05-05-2026 15:15,4555.43,4557.25,4552.72,4556.19,2507
05-05-2026 15:30,4556.20,4556.82,4550.65,4553.09,2673
05-05-2026 15:45,4553.08,4555.10,4546.85,4547.83,2550
05-05-2026 16:00,4547.85,4554.24,4544.27,4545.09,2992
05-05-2026 16:15,4545.00,4545.72,4540.14,4543.66,2620
05-05-2026 16:30,4543.43,4553.02,4539.49,4552.54,3136
05-05-2026 16:45,4552.62,4557.68,4549.76,4556.01,3088
05-05-2026 17:00,4556.07,4564.67,4555.00,4563.31,3065
05-05-2026 17:15,4563.34,4564.78,4559.10,4562.69,2829
05-05-2026 17:30,4562.71,4566.65,4554.22,4564.89,3668
05-05-2026 17:45,4564.90,4574.18,4561.09,4573.71,3486
05-05-2026 18:00,4573.72,4574.57,4566.63,4567.05,3095
05-05-2026 18:15,4567.12,4568.50,4561.69,4564.44,3104
05-05-2026 18:30,4564.43,4580.95,4564.20,4578.60,3536
05-05-2026 18:45,4578.65,4584.90,4576.13,4576.81,3378
05-05-2026 19:00,4576.86,4581.65,4571.56,4573.85,3870
05-05-2026 19:15,4573.79,4583.00,4572.77,4578.99,3580
05-05-2026 19:30,4579.61,4584.18,4570.83,4573.55,3835
05-05-2026 19:45,4573.62,4586.67,4565.84,4584.26,3986
05-05-2026 20:00,4584.03,4585.65,4577.49,4582.88,3677
05-05-2026 20:15,4582.92,4582.98,4575.43,4582.23,3641
05-05-2026 20:30,4582.28,4583.82,4577.72,4580.76,3511
05-05-2026 20:45,4580.79,4581.46,4575.21,4578.83,3426
05-05-2026 21:00,4579.11,4580.97,4572.59,4572.89,3367
05-05-2026 21:15,4572.89,4575.74,4568.28,4568.43,3194
05-05-2026 21:30,4568.41,4568.95,4562.26,4566.16,3084
05-05-2026 21:45,4566.15,4566.22,4555.99,4559.63,3032
05-05-2026 22:00,4559.69,4559.94,4553.60,4556.55,3134
05-05-2026 22:15,4556.55,4562.82,4555.52,4561.10,2710
05-05-2026 22:30,4561.05,4562.51,4553.14,4556.07,2991
05-05-2026 22:45,4556.08,4561.36,4555.85,4558.55,2924
05-05-2026 23:00,4558.69,4562.66,4555.98,4560.34,2663
05-05-2026 23:15,4560.33,4562.14,4558.12,4559.73,2441
05-05-2026 23:30,4559.78,4564.80,4558.61,4564.29,2327
05-05-2026 23:45,4564.26,4565.45,4561.16,4562.04,2301
06-05-2026 00:00,4562.05,4562.49,4557.58,4561.51,2309
06-05-2026 00:15,4561.53,4565.66,4559.56,4560.98,2582
06-05-2026 00:30,4560.98,4561.48,4556.85,4557.13,2332
06-05-2026 00:45,4557.12,4558.75,4554.89,4556.13,2268
06-05-2026 01:00,4556.35,4558.07,4555.48,4555.53,1926
06-05-2026 01:15,4555.57,4558.75,4551.51,4554.68,2679
06-05-2026 01:30,4555.05,4557.11,4553.92,4556.79,1464
06-05-2026 01:45,4556.58,4559.75,4555.37,4559.14,1702
06-05-2026 02:00,4559.16,4559.93,4554.80,4555.48,1338
06-05-2026 02:15,4555.37,4557.18,4554.11,4557.03,1102
06-05-2026 03:30,4557.66,4557.70,4548.40,4549.99,1540
06-05-2026 03:45,4550.14,4550.49,4546.05,4546.27,1511
06-05-2026 04:00,4546.28,4550.74,4546.08,4548.53,1346
06-05-2026 04:15,4548.42,4577.23,4546.83,4573.01,2432
06-05-2026 04:30,4573.19,4590.88,4569.50,4588.77,3004
06-05-2026 04:45,4588.77,4589.56,4582.03,4582.10,2963
06-05-2026 05:00,4582.07,4588.72,4579.54,4584.93,2379
06-05-2026 05:15,4585.25,4595.68,4584.56,4593.94,2601
06-05-2026 05:30,4593.98,4598.30,4589.30,4591.64,3287
06-05-2026 05:45,4591.47,4604.18,4588.08,4602.22,3219
06-05-2026 06:00,4602.21,4611.00,4602.07,4610.38,2915
06-05-2026 06:15,4610.19,4619.83,4609.43,4618.76,2915
06-05-2026 06:30,4618.73,4622.63,4609.45,4611.47,3562
06-05-2026 06:45,4611.45,4625.69,4609.69,4624.91,3420
06-05-2026 07:00,4624.91,4626.09,4620.30,4623.76,3281
06-05-2026 07:15,4623.75,4628.57,4623.39,4625.96,3005
06-05-2026 07:30,4625.78,4634.24,4625.28,4633.23,2947
06-05-2026 07:45,4633.18,4636.01,4629.59,4629.90,2430
06-05-2026 08:00,4630.22,4634.93,4626.77,4634.62,2912
06-05-2026 08:15,4634.57,4641.74,4633.78,4640.61,2751
06-05-2026 08:30,4640.61,4649.98,4638.45,4647.77,2914
06-05-2026 08:45,4647.70,4651.16,4644.54,4645.65,2636
06-05-2026 09:00,4645.67,4651.94,4642.61,4647.80,2456
06-05-2026 09:15,4647.81,4648.49,4642.95,4643.58,1885
06-05-2026 09:30,4643.52,4647.75,4643.40,4647.72,1807
06-05-2026 09:45,4648.09,4653.60,4645.63,4652.73,1910
06-05-2026 10:00,4652.82,4652.82,4646.04,4647.79,3085
06-05-2026 10:15,4647.78,4652.58,4647.17,4648.91,2568
06-05-2026 10:30,4648.94,4656.37,4648.79,4654.88,2455
06-05-2026 10:45,4654.85,4655.26,4649.55,4650.30,2202
06-05-2026 11:00,4650.30,4651.84,4644.62,4649.91,2943
06-05-2026 11:15,4649.93,4663.82,4649.24,4662.81,2880
06-05-2026 11:30,4662.81,4665.75,4657.02,4660.35,3374
06-05-2026 11:45,4660.32,4666.65,4657.83,4666.08,3030
06-05-2026 12:00,4666.05,4668.62,4660.10,4664.16,3080
06-05-2026 12:15,4664.15,4669.60,4662.81,4669.23,2934
06-05-2026 12:30,4669.38,4670.54,4658.50,4658.55,2893
06-05-2026 12:45,4658.57,4669.96,4657.38,4667.41,3023
06-05-2026 13:00,4667.41,4670.41,4663.06,4670.41,2756
06-05-2026 13:15,4670.45,4681.60,4670.28,4681.39,3264
06-05-2026 13:30,4681.17,4682.61,4675.19,4679.53,3238
06-05-2026 13:45,4679.45,4680.73,4676.76,4676.93,2725
06-05-2026 14:00,4676.95,4678.64,4671.53,4677.41,2685
06-05-2026 14:15,4677.40,4702.38,4677.36,4700.04,3585
06-05-2026 14:30,4700.32,4708.44,4689.07,4695.43,3789
06-05-2026 14:45,4695.49,4705.04,4691.32,4700.07,3704
06-05-2026 15:00,4699.76,4706.04,4695.80,4695.93,3521
06-05-2026 15:15,4695.99,4702.93,4694.21,4701.70,3243
06-05-2026 15:30,4701.78,4705.44,4695.83,4698.10,3344
06-05-2026 15:45,4698.10,4704.56,4695.43,4704.34,3132
06-05-2026 16:00,4704.51,4715.92,4704.51,4714.02,3523
06-05-2026 16:15,4714.27,4722.63,4707.58,4717.99,3842
06-05-2026 16:30,4717.86,4721.03,4709.32,4711.93,3743
06-05-2026 16:45,4711.88,4713.49,4705.50,4705.54,3532
06-05-2026 17:00,4705.55,4715.29,4698.46,4699.49,3542
06-05-2026 17:15,4699.50,4702.56,4690.80,4692.09,3663
06-05-2026 17:30,4691.96,4692.98,4670.89,4672.64,3903
06-05-2026 17:45,4672.83,4688.63,4660.30,4683.30,3979
06-05-2026 18:00,4683.31,4685.18,4678.03,4682.59,3637
06-05-2026 18:15,4682.62,4684.47,4676.81,4683.26,3475
06-05-2026 18:30,4683.17,4692.52,4668.77,4683.49,4003
06-05-2026 18:45,4683.48,4691.04,4679.50,4685.10,3710
06-05-2026 19:00,4685.07,4699.11,4680.17,4695.27,4166
06-05-2026 19:15,4695.30,4707.44,4692.49,4702.07,4084
06-05-2026 19:30,4702.01,4712.34,4697.64,4710.91,4079
06-05-2026 19:45,4711.14,4717.54,4704.90,4705.73,3944
06-05-2026 20:00,4705.71,4714.30,4704.70,4713.24,3923
06-05-2026 20:15,4713.30,4713.90,4700.71,4703.00,3919
06-05-2026 20:30,4702.78,4705.74,4693.38,4696.69,3788
06-05-2026 20:45,4696.65,4703.17,4694.14,4695.35,3585
06-05-2026 21:00,4695.53,4697.76,4689.30,4692.49,3479
06-05-2026 21:15,4692.63,4694.80,4687.42,4687.42,3497
06-05-2026 21:30,4687.21,4688.50,4681.19,4683.59,3481
06-05-2026 21:45,4683.65,4688.51,4682.34,4688.09,3124
06-05-2026 22:00,4688.11,4692.04,4685.38,4688.64,2992
06-05-2026 22:15,4688.63,4689.91,4679.29,4682.99,3343
06-05-2026 22:30,4683.00,4687.95,4679.62,4685.47,3237
06-05-2026 22:45,4685.46,4686.11,4680.10,4682.94,3129
06-05-2026 23:00,4682.90,4683.39,4678.90,4680.61,2842
06-05-2026 23:15,4680.51,4684.53,4680.34,4684.01,2586
06-05-2026 23:30,4684.03,4687.77,4681.87,4686.73,2466
06-05-2026 23:45,4686.77,4690.40,4686.39,4687.70,2284
07-05-2026 00:00,4687.99,4690.25,4685.10,4686.12,2377
07-05-2026 00:15,4686.14,4688.05,4684.83,4685.97,2358
07-05-2026 00:30,4685.98,4695.63,4685.96,4695.07,2395
07-05-2026 00:45,4695.09,4700.05,4694.91,4698.34,2390
07-05-2026 01:00,4698.22,4699.24,4693.59,4695.24,2508
07-05-2026 01:15,4695.26,4698.23,4692.37,4692.37,2777
07-05-2026 01:30,4692.38,4699.54,4692.38,4698.89,2006
07-05-2026 01:45,4698.93,4699.37,4691.93,4692.65,1667
07-05-2026 02:00,4692.68,4693.09,4688.66,4688.66,1545
07-05-2026 02:15,4688.61,4691.44,4684.75,4690.53,1448
07-05-2026 03:30,4697.80,4697.80,4688.83,4696.81,1501
07-05-2026 03:45,4696.64,4699.50,4693.00,4695.17,1753
07-05-2026 04:00,4695.15,4699.54,4694.23,4698.66,1570
07-05-2026 04:15,4698.64,4698.66,4694.17,4694.67,1698
07-05-2026 04:30,4694.65,4698.48,4693.91,4694.31,1638
07-05-2026 04:45,4694.26,4697.72,4690.11,4693.24,1840
07-05-2026 05:00,4693.22,4694.43,4691.59,4693.54,1391
07-05-2026 05:15,4693.52,4699.53,4693.52,4698.85,2227
07-05-2026 05:30,4698.75,4700.82,4689.78,4699.83,3637
07-05-2026 05:45,4699.82,4701.06,4692.02,4692.02,3203
07-05-2026 06:00,4691.99,4692.94,4685.70,4688.15,3018
07-05-2026 06:15,4688.11,4691.44,4685.38,4688.51,2963
07-05-2026 06:30,4688.54,4710.78,4685.05,4709.38,3805
07-05-2026 06:45,4709.38,4716.23,4703.57,4704.09,3601
07-05-2026 07:00,4704.07,4717.83,4702.16,4712.95,3529
07-05-2026 07:15,4712.92,4721.10,4712.62,4714.69,3272
07-05-2026 07:30,4714.69,4718.42,4703.48,4704.08,3492
07-05-2026 07:45,4704.10,4707.74,4701.68,4702.70,2889
07-05-2026 08:00,4702.30,4705.30,4699.93,4704.07,3120
07-05-2026 08:15,4704.10,4709.67,4704.10,4707.12,2931
07-05-2026 08:30,4707.01,4709.92,4704.22,4705.78,2856
07-05-2026 08:45,4705.83,4708.65,4704.36,4704.37,2659
07-05-2026 09:00,4704.41,4704.88,4702.25,4703.81,2123
07-05-2026 09:15,4703.66,4704.80,4698.95,4699.13,1983
07-05-2026 09:30,4699.12,4700.82,4696.61,4696.65,2526
07-05-2026 09:45,4696.67,4698.20,4694.89,4696.82,2490
07-05-2026 10:00,4696.86,4699.03,4692.37,4697.94,2196
07-05-2026 10:15,4698.08,4698.83,4693.97,4696.31,2137
07-05-2026 10:30,4696.29,4701.03,4696.21,4700.31,2448
07-05-2026 10:45,4700.65,4700.65,4694.72,4695.70,2247
07-05-2026 11:00,4695.70,4705.84,4694.70,4703.67,2882
07-05-2026 11:15,4703.67,4706.49,4700.71,4701.04,2854
07-05-2026 11:30,4701.17,4710.16,4701.00,4707.88,3054
07-05-2026 11:45,4707.93,4717.69,4707.14,4717.32,3223
07-05-2026 12:00,4717.11,4750.18,4715.95,4745.93,3838
07-05-2026 12:15,4745.60,4747.06,4735.77,4739.04,3176
07-05-2026 12:30,4738.57,4750.26,4731.62,4749.12,3878
07-05-2026 12:45,4749.16,4750.65,4737.78,4739.39,3793
07-05-2026 13:00,4739.42,4743.90,4738.15,4742.91,3416
07-05-2026 13:15,4742.95,4744.35,4737.05,4743.07,3405
07-05-2026 13:30,4743.04,4753.40,4742.44,4742.54,3804
07-05-2026 13:45,4742.56,4742.94,4733.78,4740.14,3538
07-05-2026 14:00,4740.08,4741.76,4733.74,4735.14,3185
07-05-2026 14:15,4735.15,4737.15,4730.95,4731.10,3198
07-05-2026 14:30,4731.21,4736.19,4721.86,4733.98,3310
07-05-2026 14:45,4733.88,4738.63,4731.44,4735.52,3004
07-05-2026 15:00,4735.27,4739.37,4733.05,4737.63,3040
07-05-2026 15:15,4737.68,4738.92,4725.76,4728.98,3170
07-05-2026 15:30,4728.24,4734.84,4726.56,4734.69,3223
07-05-2026 15:45,4734.70,4736.00,4728.76,4732.38,2813
07-05-2026 16:00,4732.40,4739.59,4727.81,4739.01,2872
07-05-2026 16:15,4739.00,4739.64,4735.27,4735.58,2905
07-05-2026 16:30,4736.04,4737.07,4728.27,4730.12,2957
07-05-2026 16:45,4730.15,4736.41,4727.17,4732.65,3308
07-05-2026 17:00,4732.72,4738.02,4731.76,4736.74,3226
07-05-2026 17:15,4736.76,4743.51,4733.93,4742.70,3345
07-05-2026 17:30,4742.86,4746.16,4739.55,4744.09,3703
07-05-2026 17:45,4743.86,4746.97,4733.30,4737.80,3536
07-05-2026 18:00,4737.80,4751.71,4737.31,4751.11,3523
07-05-2026 18:15,4751.25,4752.69,4744.99,4749.82,3534
07-05-2026 18:30,4749.92,4749.92,4731.15,4733.28,3921
07-05-2026 18:45,4732.86,4746.45,4731.20,4745.14,3603
07-05-2026 19:00,4744.76,4758.37,4743.28,4748.37,4101
07-05-2026 19:15,4748.39,4749.41,4737.35,4746.21,4085
07-05-2026 19:30,4745.81,4754.05,4742.38,4751.84,3968
07-05-2026 19:45,4751.79,4759.57,4740.71,4756.61,3900
07-05-2026 20:00,4757.00,4758.81,4747.65,4751.82,3869
07-05-2026 20:15,4751.86,4763.27,4751.07,4762.65,3710
07-05-2026 20:30,4762.63,4764.70,4754.57,4754.60,3791
07-05-2026 20:45,4754.73,4756.26,4736.28,4739.68,3961
07-05-2026 21:00,4739.85,4746.72,4739.01,4739.04,3749
07-05-2026 21:15,4739.05,4739.80,4726.32,4729.14,4045
07-05-2026 21:30,4729.22,4729.68,4713.12,4715.33,4110
07-05-2026 21:45,4715.26,4722.86,4704.36,4720.05,4080
07-05-2026 22:00,4719.87,4720.71,4710.39,4711.12,3883
07-05-2026 22:15,4711.38,4718.01,4710.45,4714.88,3822
07-05-2026 22:30,4715.36,4719.53,4711.67,4714.48,3693
07-05-2026 22:45,4714.54,4719.11,4687.75,4698.99,4095
07-05-2026 23:00,4698.91,4705.96,4693.05,4699.54,4158
07-05-2026 23:15,4699.20,4712.14,4697.92,4711.45,3941
07-05-2026 23:30,4711.41,4712.47,4705.09,4708.03,3748
07-05-2026 23:45,4708.03,4712.97,4705.60,4712.85,3574
08-05-2026 00:00,4712.53,4715.89,4703.21,4706.15,3647
08-05-2026 00:15,4706.03,4711.40,4695.63,4709.70,4049
08-05-2026 00:30,4709.96,4712.89,4705.06,4710.06,3729
08-05-2026 00:45,4710.04,4710.76,4697.69,4705.12,3936
08-05-2026 01:00,4705.13,4712.05,4703.45,4709.75,3482
08-05-2026 01:15,4709.66,4710.77,4702.76,4702.84,3663
08-05-2026 01:30,4703.00,4719.09,4703.00,4711.45,3100
08-05-2026 01:45,4711.77,4714.26,4709.26,4712.93,2237
08-05-2026 02:00,4712.93,4715.70,4696.62,4703.85,2750
08-05-2026 02:15,4703.82,4703.82,4685.77,4686.72,2630
08-05-2026 03:30,4686.40,4697.43,4685.81,4690.89,1933
08-05-2026 03:45,4690.55,4698.88,4688.80,4693.27,2487
08-05-2026 04:00,4693.30,4694.60,4685.84,4686.85,2421
08-05-2026 04:15,4686.83,4688.27,4681.69,4685.68,2106
08-05-2026 04:30,4685.38,4693.58,4684.51,4691.53,1897
08-05-2026 04:45,4691.65,4698.43,4691.61,4696.51,1681
08-05-2026 05:00,4696.48,4699.08,4694.93,4697.70,1744
08-05-2026 05:15,4697.76,4705.45,4697.76,4704.16,2663
08-05-2026 05:30,4704.15,4709.55,4701.44,4702.66,3168
08-05-2026 05:45,4702.69,4705.50,4693.90,4697.16,3079
08-05-2026 06:00,4697.19,4708.03,4696.09,4705.03,2812
08-05-2026 06:15,4705.01,4705.72,4696.95,4701.29,2613
08-05-2026 06:30,4701.25,4719.21,4700.62,4714.02,3678
08-05-2026 06:45,4713.82,4718.34,4711.42,4712.50,3038
08-05-2026 07:00,4712.45,4715.22,4705.10,4710.79,3294
08-05-2026 07:15,4710.97,4725.36,4710.97,4722.85,3199
08-05-2026 07:30,4722.90,4732.72,4721.48,4724.09,3181
08-05-2026 07:45,4724.07,4724.38,4718.20,4721.42,2797
08-05-2026 08:00,4721.45,4723.53,4706.96,4710.25,3439
08-05-2026 08:15,4710.30,4717.50,4708.48,4713.18,3264
08-05-2026 08:30,4713.17,4720.12,4711.01,4719.95,2795
08-05-2026 08:45,4719.91,4722.71,4717.07,4720.24,2438
08-05-2026 09:00,4720.23,4731.01,4719.91,4724.98,2750
08-05-2026 09:15,4724.99,4725.30,4718.02,4719.54,2165
08-05-2026 09:30,4719.60,4723.21,4714.71,4714.84,2397
08-05-2026 09:45,4714.81,4718.23,4713.40,4717.32,2035
08-05-2026 10:00,4717.46,4718.37,4709.05,4711.97,2442
08-05-2026 10:15,4711.98,4716.45,4709.78,4710.94,2358
08-05-2026 10:30,4710.96,4716.19,4709.63,4712.15,2383
08-05-2026 10:45,4712.16,4720.07,4710.43,4719.33,2274
08-05-2026 11:00,4719.31,4727.13,4719.31,4724.53,3330
08-05-2026 11:15,4724.52,4731.28,4723.26,4727.52,3045
08-05-2026 11:30,4727.50,4730.30,4712.59,4722.90,3727
08-05-2026 11:45,4722.81,4734.58,4721.45,4733.60,3403
08-05-2026 12:00,4733.59,4734.27,4725.63,4729.10,3230
08-05-2026 12:15,4729.14,4729.57,4721.13,4725.65,3027
08-05-2026 12:30,4725.31,4726.43,4715.17,4715.17,3333
08-05-2026 12:45,4715.18,4718.25,4697.39,4706.89,3733
08-05-2026 13:00,4706.66,4711.79,4701.24,4708.12,3474
08-05-2026 13:15,4708.13,4713.52,4706.98,4707.92,3281
08-05-2026 13:30,4707.92,4713.07,4706.62,4711.55,3268
08-05-2026 13:45,4711.54,4722.45,4711.43,4717.00,3305
08-05-2026 14:00,4717.02,4723.42,4716.24,4716.92,3013
08-05-2026 14:15,4716.79,4719.94,4714.95,4715.77,2831
08-05-2026 14:30,4715.76,4720.30,4713.45,4718.60,2855
08-05-2026 14:45,4718.58,4722.78,4717.74,4717.93,2746
08-05-2026 15:00,4717.89,4718.61,4709.39,4713.29,2999
08-05-2026 15:15,4713.27,4713.88,4707.36,4711.81,3006
08-05-2026 15:30,4711.82,4718.80,4711.13,4718.80,2658
08-05-2026 15:45,4718.80,4723.88,4717.40,4720.46,2414
08-05-2026 16:00,4720.45,4727.77,4720.28,4724.37,2709
08-05-2026 16:15,4724.36,4724.41,4715.16,4719.84,2780
08-05-2026 16:30,4719.75,4727.25,4718.84,4721.95,3181
08-05-2026 16:45,4721.60,4725.68,4719.94,4723.93,2716
08-05-2026 17:00,4723.87,4725.85,4720.93,4721.06,2751
08-05-2026 17:15,4721.04,4721.26,4713.50,4717.65,2977
08-05-2026 17:30,4717.64,4719.73,4703.62,4704.45,3422
08-05-2026 17:45,4704.02,4710.61,4702.66,4709.76,3237
08-05-2026 18:00,4709.85,4730.96,4702.83,4723.80,3992
08-05-2026 18:15,4723.84,4732.07,4719.25,4724.31,3844
08-05-2026 18:30,4723.82,4728.94,4716.58,4720.32,3958
08-05-2026 18:45,4720.28,4727.83,4719.38,4726.92,3529
08-05-2026 19:00,4726.92,4744.34,4726.63,4738.10,4099
08-05-2026 19:15,4738.36,4747.91,4735.01,4747.91,3946
08-05-2026 19:30,4747.79,4749.43,4718.85,4731.71,4081
08-05-2026 19:45,4731.70,4733.76,4717.54,4717.54,3908
08-05-2026 20:00,4717.66,4725.51,4713.95,4722.63,3896
08-05-2026 20:15,4722.32,4724.55,4713.21,4715.85,3847
08-05-2026 20:30,4715.74,4720.89,4706.08,4707.40,3746
08-05-2026 20:45,4707.56,4713.51,4704.34,4713.29,3801
08-05-2026 21:00,4713.21,4714.89,4704.29,4705.89,3752
08-05-2026 21:15,4705.86,4711.01,4701.79,4706.96,3489
08-05-2026 21:30,4706.87,4712.36,4705.38,4711.43,3275
08-05-2026 21:45,4711.44,4717.54,4711.33,4717.52,2865
08-05-2026 22:00,4717.53,4720.10,4713.23,4713.37,2986
08-05-2026 22:15,4713.40,4716.19,4711.16,4712.32,2918
08-05-2026 22:30,4712.31,4716.18,4712.08,4715.16,2936
08-05-2026 22:45,4715.21,4722.05,4715.11,4720.65,2690
08-05-2026 23:00,4720.54,4721.80,4719.67,4720.73,2278
08-05-2026 23:15,4720.71,4722.68,4719.32,4720.74,2165
08-05-2026 23:30,4720.85,4728.58,4720.43,4727.47,2874
08-05-2026 23:45,4727.62,4728.91,4723.93,4725.64,2362
09-05-2026 00:00,4725.07,4726.41,4723.94,4724.57,2207
09-05-2026 00:15,4724.60,4724.60,4719.84,4721.81,2494
09-05-2026 00:30,4721.75,4725.53,4720.98,4723.59,2109
09-05-2026 00:45,4723.50,4724.97,4723.24,4723.65,1646
09-05-2026 01:00,4723.70,4726.34,4721.42,4724.96,2263
09-05-2026 01:15,4724.94,4725.51,4722.55,4723.63,2533
09-05-2026 01:30,4723.61,4723.87,4716.80,4718.47,1527
09-05-2026 01:45,4718.49,4718.78,4714.80,4716.98,1476
09-05-2026 02:00,4717.00,4718.71,4715.29,4715.87,1260
09-05-2026 02:15,4715.92,4716.19,4713.82,4715.24,1362
11-05-2026 03:30,4678.18,4699.99,4671.18,4686.88,2643
11-05-2026 03:45,4686.86,4695.91,4681.56,4694.10,2588
11-05-2026 04:00,4693.87,4694.02,4686.91,4691.00,2254
11-05-2026 04:15,4690.99,4694.38,4689.74,4691.65,1946
11-05-2026 04:30,4691.39,4696.89,4688.89,4690.10,2363
11-05-2026 04:45,4690.16,4697.15,4689.09,4694.58,2090
11-05-2026 05:00,4694.57,4698.34,4694.57,4697.48,1979
11-05-2026 05:15,4697.47,4698.48,4690.04,4691.51,2535
11-05-2026 05:30,4691.52,4691.52,4680.14,4682.50,3496
11-05-2026 05:45,4682.53,4686.63,4675.30,4683.52,3141
11-05-2026 06:00,4683.80,4693.29,4683.80,4689.02,2884
11-05-2026 06:15,4688.95,4692.78,4670.38,4683.54,3467
11-05-2026 06:30,4683.80,4699.53,4674.66,4691.86,4074
11-05-2026 06:45,4691.92,4705.37,4689.37,4698.70,3726
11-05-2026 07:00,4698.70,4701.47,4690.69,4694.20,3725
11-05-2026 07:15,4694.45,4695.79,4679.98,4685.64,3545
11-05-2026 07:30,4685.61,4692.98,4678.35,4686.03,3606
11-05-2026 07:45,4685.88,4688.59,4682.70,4688.39,2590
11-05-2026 08:00,4688.37,4700.08,4687.79,4688.45,3296
11-05-2026 08:15,4688.46,4693.45,4676.31,4681.50,3486
11-05-2026 08:30,4681.34,4689.64,4674.91,4687.09,3247
11-05-2026 08:45,4687.14,4690.34,4683.86,4689.50,3121
11-05-2026 09:00,4689.56,4690.36,4682.17,4687.79,2587
11-05-2026 09:15,4687.76,4687.76,4676.97,4678.64,2167
11-05-2026 09:30,4678.92,4679.78,4673.35,4677.49,2656
11-05-2026 09:45,4677.52,4678.68,4670.32,4671.72,2545
11-05-2026 10:00,4671.68,4674.59,4668.40,4672.99,2610
11-05-2026 10:15,4672.82,4676.12,4671.76,4672.04,2173
11-05-2026 10:30,4672.05,4676.03,4670.77,4673.40,2453
11-05-2026 10:45,4673.35,4675.26,4670.77,4670.77,2251
11-05-2026 11:00,4670.65,4680.62,4662.09,4663.66,3434
11-05-2026 11:15,4663.69,4664.00,4648.15,4652.11,3698
11-05-2026 11:30,4652.06,4666.84,4649.00,4665.00,3577
11-05-2026 11:45,4665.03,4670.86,4664.47,4667.17,3257
11-05-2026 12:00,4667.25,4675.67,4667.18,4674.32,3162
11-05-2026 12:15,4674.35,4680.37,4671.27,4678.30,3232
11-05-2026 12:30,4678.79,4680.26,4674.39,4675.96,3127
11-05-2026 12:45,4675.92,4677.99,4672.10,4675.80,2804
11-05-2026 13:00,4675.74,4677.96,4671.63,4671.92,2526
11-05-2026 13:15,4671.93,4672.88,4664.30,4667.71,2720
11-05-2026 13:30,4667.62,4673.60,4664.13,4671.93,3126
11-05-2026 13:45,4671.92,4678.67,4671.69,4671.73,3087
11-05-2026 14:00,4671.30,4675.36,4669.08,4670.32,2871
11-05-2026 14:15,4670.34,4671.34,4666.58,4667.44,2413
11-05-2026 14:30,4667.53,4669.84,4665.15,4667.44,2351
11-05-2026 14:45,4667.45,4667.48,4656.84,4657.49,2554
11-05-2026 15:00,4657.44,4663.60,4650.52,4662.74,2934
11-05-2026 15:15,4662.71,4664.89,4656.11,4656.62,2691
11-05-2026 15:30,4656.33,4662.80,4656.27,4662.44,2648
11-05-2026 15:45,4662.33,4665.78,4660.40,4663.28,2400
11-05-2026 16:00,4663.33,4666.64,4660.23,4663.27,2643
11-05-2026 16:15,4663.37,4667.41,4661.25,4663.82,2720
11-05-2026 16:30,4663.90,4672.33,4663.90,4669.29,2932
11-05-2026 16:45,4669.28,4672.07,4667.57,4671.72,2544
11-05-2026 17:00,4671.69,4677.27,4670.16,4674.37,2968
11-05-2026 17:15,4674.35,4674.90,4670.20,4674.43,2585
11-05-2026 17:30,4674.39,4675.73,4667.41,4668.32,3071
11-05-2026 17:45,4668.39,4695.39,4667.50,4690.66,3674
11-05-2026 18:00,4690.62,4698.34,4689.08,4692.07,3678
11-05-2026 18:15,4692.10,4701.02,4686.26,4699.89,3599
11-05-2026 18:30,4700.26,4721.80,4698.61,4720.89,3903
11-05-2026 18:45,4720.91,4735.58,4720.44,4728.27,3901
11-05-2026 19:00,4728.80,4745.43,4728.15,4743.60,4138
11-05-2026 19:15,4743.57,4748.35,4734.75,4736.22,3879
11-05-2026 19:30,4736.23,4738.45,4718.46,4730.82,3949
11-05-2026 19:45,4730.88,4733.77,4724.51,4724.94,3761
11-05-2026 20:00,4725.00,4733.48,4715.38,4732.55,3980
11-05-2026 20:15,4732.46,4733.90,4723.84,4725.52,3691
11-05-2026 20:30,4725.48,4731.68,4722.78,4728.44,3578
11-05-2026 20:45,4728.86,4738.15,4727.23,4732.80,3485
11-05-2026 21:00,4732.80,4734.66,4726.83,4727.35,3337
11-05-2026 21:15,4727.20,4732.53,4725.16,4732.02,3152
11-05-2026 21:30,4732.17,4733.41,4726.93,4727.71,2705
11-05-2026 21:45,4727.70,4728.02,4722.36,4723.83,2783
11-05-2026 22:00,4723.79,4725.95,4708.04,4711.30,3182
11-05-2026 22:15,4711.24,4716.80,4708.92,4716.44,3376
11-05-2026 22:30,4716.34,4719.92,4715.85,4718.27,3072
11-05-2026 22:45,4718.44,4721.62,4717.07,4718.04,2928
11-05-2026 23:00,4717.83,4724.39,4717.69,4723.80,2624
11-05-2026 23:15,4723.80,4724.52,4721.80,4723.60,2261
11-05-2026 23:30,4723.59,4726.84,4721.96,4723.41,2518
11-05-2026 23:45,4723.40,4727.39,4721.04,4727.11,2655
12-05-2026 00:00,4726.88,4729.31,4725.59,4726.79,2195
12-05-2026 00:15,4726.80,4729.08,4724.75,4724.80,2390
12-05-2026 00:30,4725.02,4728.40,4723.92,4724.75,2719
12-05-2026 00:45,4724.79,4725.44,4723.09,4724.19,2194
12-05-2026 01:00,4724.21,4728.53,4722.37,4726.88,2223
12-05-2026 01:15,4727.02,4736.18,4727.01,4733.49,2593
12-05-2026 01:30,4733.60,4737.89,4729.87,4735.00,1798
12-05-2026 01:45,4735.03,4735.34,4733.47,4735.23,1448
12-05-2026 02:00,4735.21,4738.43,4734.83,4737.46,1008
12-05-2026 02:15,4737.40,4737.43,4732.04,4734.45,1271
12-05-2026 03:30,4739.80,4743.13,4737.83,4738.86,1499
12-05-2026 03:45,4738.72,4741.55,4737.01,4739.48,1429
12-05-2026 04:00,4739.47,4744.94,4738.76,4744.67,1658
12-05-2026 04:15,4744.59,4754.86,4744.07,4750.69,2155
12-05-2026 04:30,4751.32,4754.45,4746.07,4751.11,2367
12-05-2026 04:45,4751.08,4754.72,4750.79,4752.87,2028
12-05-2026 05:00,4752.86,4759.25,4751.31,4755.92,2508
12-05-2026 05:15,4755.83,4769.74,4755.38,4767.26,2839
12-05-2026 05:30,4767.26,4769.63,4758.55,4766.91,3395
12-05-2026 05:45,4766.95,4773.30,4753.78,4762.19,3230
12-05-2026 06:00,4762.17,4763.72,4757.46,4757.82,2719
12-05-2026 06:15,4757.91,4761.79,4748.54,4749.10,3007
12-05-2026 06:30,4749.18,4755.40,4742.39,4746.17,3926
12-05-2026 06:45,4746.16,4751.66,4733.79,4735.20,3742
12-05-2026 07:00,4735.22,4738.85,4720.24,4729.44,3872
12-05-2026 07:15,4729.27,4731.42,4723.84,4727.06,3725
12-05-2026 07:30,4727.09,4733.89,4725.36,4731.39,3489
12-05-2026 07:45,4731.38,4731.50,4724.52,4727.01,2876
12-05-2026 08:00,4727.02,4731.83,4722.22,4731.71,3546
12-05-2026 08:15,4731.69,4733.34,4727.08,4730.04,3378
12-05-2026 08:30,4729.95,4733.12,4727.01,4731.10,3064
12-05-2026 08:45,4731.08,4731.23,4722.89,4723.81,3008
12-05-2026 09:00,4723.87,4727.63,4723.83,4724.22,2425
12-05-2026 09:15,4723.99,4724.45,4718.09,4720.14,2482
12-05-2026 09:30,4720.11,4723.26,4719.70,4721.83,2338
12-05-2026 09:45,4721.81,4730.34,4721.61,4722.40,2525
12-05-2026 10:00,4722.39,4726.35,4721.14,4724.63,2155
12-05-2026 10:15,4724.62,4725.09,4711.32,4714.14,2978
12-05-2026 10:30,4714.14,4718.51,4708.73,4712.31,3046
12-05-2026 10:45,4712.32,4716.80,4712.32,4715.28,2710
12-05-2026 11:00,4715.27,4722.01,4713.00,4715.14,3486
12-05-2026 11:15,4715.06,4719.88,4709.96,4714.24,3436
12-05-2026 11:30,4714.09,4714.32,4702.79,4705.04,3688
12-05-2026 11:45,4705.05,4706.86,4695.08,4695.95,3442
12-05-2026 12:00,4696.34,4704.72,4695.24,4702.48,3264
12-05-2026 12:15,4702.40,4704.27,4694.38,4696.97,3611
12-05-2026 12:30,4697.20,4698.23,4687.44,4695.83,3637
12-05-2026 12:45,4695.82,4699.59,4693.90,4697.85,3211
12-05-2026 13:00,4698.24,4702.44,4695.54,4700.34,3091
12-05-2026 13:15,4700.36,4703.72,4697.63,4699.72,3001
12-05-2026 13:30,4699.80,4706.73,4699.14,4699.24,2971
12-05-2026 13:45,4699.78,4704.05,4697.07,4702.91,2905
12-05-2026 14:00,4702.89,4704.39,4698.01,4700.00,3023
12-05-2026 14:15,4699.93,4706.61,4698.98,4703.32,2896
12-05-2026 14:30,4703.35,4703.35,4697.90,4697.95,2780
12-05-2026 14:45,4697.97,4702.29,4697.52,4699.54,2749
12-05-2026 15:00,4699.69,4705.27,4694.34,4695.28,3136
12-05-2026 15:15,4695.33,4701.52,4694.24,4699.42,2915
12-05-2026 15:30,4699.42,4708.33,4698.73,4704.89,2763
12-05-2026 15:45,4704.76,4705.21,4698.86,4700.09,2614
12-05-2026 16:00,4700.11,4700.18,4685.08,4690.59,3255
12-05-2026 16:15,4691.07,4694.35,4689.58,4694.35,3034
12-05-2026 16:30,4694.58,4698.06,4687.12,4691.63,3537
12-05-2026 16:45,4691.61,4700.21,4691.53,4700.03,3073
12-05-2026 17:00,4699.99,4706.03,4697.68,4704.25,3155
12-05-2026 17:15,4704.27,4709.16,4702.53,4706.60,3101
12-05-2026 17:30,4706.66,4708.19,4698.38,4705.67,3317
12-05-2026 17:45,4705.62,4708.31,4695.02,4697.24,3269
12-05-2026 18:00,4697.53,4708.60,4689.62,4702.74,3939
12-05-2026 18:15,4703.14,4711.85,4700.45,4705.64,3739
12-05-2026 18:30,4705.60,4709.01,4687.35,4688.92,3907
12-05-2026 18:45,4688.99,4695.40,4679.40,4690.80,3910
12-05-2026 19:00,4690.29,4701.68,4683.51,4699.09,4153
12-05-2026 19:15,4699.10,4701.44,4676.89,4679.32,4121
12-05-2026 19:30,4679.22,4695.00,4675.99,4692.76,4068
12-05-2026 19:45,4692.81,4694.02,4682.43,4683.12,3957
12-05-2026 20:00,4683.12,4687.83,4671.60,4685.80,4076
12-05-2026 20:15,4685.59,4685.70,4669.44,4672.80,4099
12-05-2026 20:30,4672.73,4676.09,4664.17,4664.37,4051
12-05-2026 20:45,4664.33,4666.19,4638.30,4655.98,4158
12-05-2026 21:00,4656.03,4668.36,4653.86,4665.58,4006
12-05-2026 21:15,4665.56,4669.82,4664.38,4666.04,3787
12-05-2026 21:30,4666.05,4673.10,4664.16,4671.82,3746
12-05-2026 21:45,4671.83,4674.98,4666.22,4668.21,3576
12-05-2026 22:00,4668.20,4671.52,4665.06,4669.69,3583
12-05-2026 22:15,4669.70,4674.15,4666.73,4671.06,3454
12-05-2026 22:30,4671.14,4679.51,4671.12,4677.11,3434
12-05-2026 22:45,4677.11,4682.32,4676.89,4679.28,3376
12-05-2026 23:00,4679.07,4680.63,4676.15,4679.61,3137
12-05-2026 23:15,4679.58,4680.54,4677.71,4678.79,2936
12-05-2026 23:30,4678.77,4683.52,4676.20,4681.25,3268
12-05-2026 23:45,4681.29,4687.71,4679.96,4685.57,3169
13-05-2026 00:00,4685.57,4697.48,4685.08,4695.26,3186
13-05-2026 00:15,4695.26,4698.17,4690.69,4695.97,3295
13-05-2026 00:30,4696.13,4702.61,4696.13,4699.89,3014
13-05-2026 00:45,4699.90,4704.46,4699.05,4703.52,2936
13-05-2026 01:00,4703.78,4710.60,4703.78,4709.40,2997
13-05-2026 01:15,4709.41,4715.70,4709.16,4715.70,3048
13-05-2026 01:30,4715.51,4719.16,4712.09,4713.40,2331
13-05-2026 01:45,4713.48,4716.15,4712.43,4713.08,1742
13-05-2026 02:00,4713.07,4715.39,4712.12,4714.73,1527
13-05-2026 02:15,4714.76,4715.34,4712.75,4714.81,1483
13-05-2026 03:30,4713.84,4720.59,4707.09,4714.63,1213
13-05-2026 03:45,4714.47,4718.97,4712.73,4716.76,1094
13-05-2026 04:00,4716.76,4720.27,4715.37,4716.32,1088
13-05-2026 04:15,4716.31,4722.18,4716.30,4716.78,1441
13-05-2026 04:30,4716.79,4723.10,4715.83,4717.73,2206
13-05-2026 04:45,4717.70,4723.85,4717.47,4720.39,2073
13-05-2026 05:00,4720.42,4721.89,4716.39,4721.21,2402
13-05-2026 05:15,4721.31,4723.55,4715.24,4716.97,2916
13-05-2026 05:30,4717.14,4726.95,4714.91,4720.37,3518
13-05-2026 05:45,4720.36,4726.25,4720.12,4722.52,3234
13-05-2026 06:00,4722.53,4725.22,4716.97,4720.31,3021
13-05-2026 06:15,4720.25,4720.39,4713.95,4714.52,2987
13-05-2026 06:30,4714.51,4716.87,4707.37,4709.64,3751
13-05-2026 06:45,4709.64,4710.60,4702.72,4704.47,3586
13-05-2026 07:00,4704.46,4710.38,4701.67,4708.91,3566
13-05-2026 07:15,4708.92,4710.66,4701.05,4702.48,3189
13-05-2026 07:30,4702.44,4707.58,4699.03,4701.43,3241
13-05-2026 07:45,4701.42,4703.95,4698.08,4700.21,2627
13-05-2026 08:00,4700.14,4700.28,4693.95,4694.39,3312
13-05-2026 08:15,4694.43,4696.99,4687.51,4691.65,3366
13-05-2026 08:30,4691.77,4694.37,4688.86,4692.30,3183
13-05-2026 08:45,4692.31,4700.59,4691.02,4700.55,2743
13-05-2026 09:00,4700.55,4705.80,4700.20,4703.88,2527
13-05-2026 09:15,4703.95,4704.81,4694.22,4695.88,2578
13-05-2026 09:30,4695.82,4698.84,4695.42,4698.23,2377
13-05-2026 09:45,4698.24,4703.31,4697.94,4701.32,2016
13-05-2026 10:00,4701.31,4703.26,4697.42,4698.61,2126
13-05-2026 10:15,4698.62,4701.79,4698.31,4699.61,2198
13-05-2026 10:30,4699.61,4707.18,4698.36,4705.33,2746
13-05-2026 10:45,4705.22,4705.58,4697.92,4698.00,2667
13-05-2026 11:00,4698.00,4702.54,4693.66,4696.83,3483
13-05-2026 11:15,4696.82,4705.32,4696.29,4704.00,3292
13-05-2026 11:30,4703.99,4712.76,4703.37,4710.71,3336
13-05-2026 11:45,4710.71,4715.33,4706.81,4708.64,3315
13-05-2026 12:00,4708.66,4713.68,4707.70,4711.47,3337
13-05-2026 12:15,4711.49,4712.20,4699.01,4701.19,3247
13-05-2026 12:30,4701.62,4705.23,4696.58,4702.12,3246
13-05-2026 12:45,4702.14,4708.73,4702.00,4707.55,2849
13-05-2026 13:00,4707.51,4707.82,4703.03,4703.62,2781
13-05-2026 13:15,4703.63,4704.64,4701.23,4702.84,2914
13-05-2026 13:30,4702.82,4704.22,4698.50,4700.07,3140
13-05-2026 13:45,4700.08,4701.01,4694.70,4697.04,2983
13-05-2026 14:00,4697.09,4699.74,4694.41,4695.90,2544
13-05-2026 14:15,4695.99,4702.55,4694.70,4700.54,2688
13-05-2026 14:30,4700.53,4701.76,4693.55,4694.46,3017
13-05-2026 14:45,4694.44,4695.19,4685.93,4688.88,3028
13-05-2026 15:00,4688.83,4694.40,4686.11,4694.05,3045
13-05-2026 15:15,4694.04,4700.95,4693.07,4700.83,2550
13-05-2026 15:30,4700.83,4710.35,4698.51,4702.26,3075
13-05-2026 15:45,4702.26,4705.78,4698.78,4699.52,3042
13-05-2026 16:00,4699.54,4699.84,4693.99,4695.66,2815
13-05-2026 16:15,4695.65,4696.67,4693.64,4694.13,2636
13-05-2026 16:30,4694.37,4699.12,4691.46,4699.00,3048
13-05-2026 16:45,4699.03,4700.52,4695.81,4698.39,3000
13-05-2026 17:00,4698.44,4705.32,4698.12,4703.30,3038
13-05-2026 17:15,4703.28,4705.38,4697.33,4697.35,2861
13-05-2026 17:30,4696.90,4701.30,4693.58,4693.88,3141
13-05-2026 17:45,4693.89,4694.13,4683.22,4684.72,3532
13-05-2026 18:00,4686.24,4686.97,4676.23,4682.85,4023
13-05-2026 18:15,4683.32,4685.37,4677.53,4683.76,3730
13-05-2026 18:30,4683.71,4691.02,4683.71,4689.85,3691
13-05-2026 18:45,4689.81,4694.66,4686.41,4688.71,3449
13-05-2026 19:00,4688.57,4690.79,4673.05,4678.73,4132
13-05-2026 19:15,4678.69,4683.22,4669.45,4679.36,4091
13-05-2026 19:30,4679.33,4683.17,4672.83,4681.28,4065
13-05-2026 19:45,4681.27,4685.38,4673.51,4684.15,3932
13-05-2026 20:00,4684.04,4690.95,4683.07,4683.74,3829
13-05-2026 20:15,4683.85,4684.95,4677.29,4679.69,3906
13-05-2026 20:30,4679.67,4690.74,4678.85,4687.50,3729
13-05-2026 20:45,4687.45,4691.72,4685.19,4691.15,3568
13-05-2026 21:00,4691.14,4700.02,4686.91,4699.29,3584
13-05-2026 21:15,4699.31,4699.50,4694.57,4695.45,3341
13-05-2026 21:30,4695.46,4702.87,4695.15,4702.02,3334
13-05-2026 21:45,4702.03,4709.80,4698.64,4706.83,3506
13-05-2026 22:00,4706.90,4707.64,4699.78,4700.00,3373
13-05-2026 22:15,4699.96,4701.50,4694.93,4695.59,3133
13-05-2026 22:30,4695.72,4700.95,4695.66,4699.58,2945
13-05-2026 22:45,4699.53,4701.22,4696.52,4698.31,2893
13-05-2026 23:00,4698.38,4698.38,4690.05,4691.06,3170
13-05-2026 23:15,4691.30,4694.32,4684.52,4685.51,3036
13-05-2026 23:30,4685.50,4692.50,4684.30,4692.34,2760
13-05-2026 23:45,4692.33,4693.90,4688.69,4691.90,2812
14-05-2026 00:00,4691.78,4692.67,4685.64,4686.07,2585
14-05-2026 00:15,4686.08,4687.50,4677.57,4684.87,3226
14-05-2026 00:30,4684.90,4689.11,4683.27,4689.03,2453
14-05-2026 00:45,4689.04,4690.40,4686.50,4687.07,2639
14-05-2026 01:00,4687.10,4689.02,4684.40,4688.40,2572
14-05-2026 01:15,4688.38,4689.30,4683.73,4688.16,2980
14-05-2026 01:30,4688.12,4690.95,4685.93,4690.85,1835
14-05-2026 01:45,4690.89,4693.36,4690.19,4691.23,1481
14-05-2026 02:00,4691.24,4692.83,4689.15,4690.61,1448
14-05-2026 02:15,4690.56,4691.01,4687.43,4688.43,1260
14-05-2026 03:30,4692.64,4693.66,4688.52,4690.76,1260
14-05-2026 03:45,4690.79,4696.87,4690.55,4696.60,1655
14-05-2026 04:00,4696.57,4700.16,4695.35,4698.89,1540
14-05-2026 04:15,4698.90,4700.42,4696.46,4699.87,1494
14-05-2026 04:30,4699.72,4702.07,4699.10,4701.20,1560
14-05-2026 04:45,4701.21,4701.30,4696.69,4697.29,1325
14-05-2026 05:00,4696.81,4697.49,4694.29,4694.72,1651
14-05-2026 05:15,4694.75,4696.80,4693.15,4696.57,1904
14-05-2026 05:30,4696.54,4699.39,4689.42,4697.58,2882
14-05-2026 05:45,4697.55,4705.34,4697.43,4701.01,3224
14-05-2026 06:00,4700.97,4703.22,4692.91,4700.12,2916
14-05-2026 06:15,4700.06,4706.70,4699.40,4704.94,2987
14-05-2026 06:30,4704.78,4706.95,4684.37,4688.82,4048
14-05-2026 06:45,4688.87,4695.23,4687.40,4692.70,3650
14-05-2026 07:00,4692.58,4694.61,4683.72,4688.53,3742
14-05-2026 07:15,4688.75,4695.02,4683.50,4688.60,3662
14-05-2026 07:30,4688.64,4694.03,4686.54,4688.09,3553
14-05-2026 07:45,4688.21,4694.10,4687.00,4693.42,2583
14-05-2026 08:00,4693.47,4699.58,4689.37,4691.68,3447
14-05-2026 08:15,4691.71,4693.23,4679.95,4686.19,3607
14-05-2026 08:30,4686.39,4690.09,4681.40,4682.88,3518
14-05-2026 08:45,4682.98,4693.31,4681.46,4691.26,3272
14-05-2026 09:00,4691.25,4691.25,4675.75,4676.27,2958
14-05-2026 09:15,4676.30,4677.87,4673.95,4674.87,2663
14-05-2026 09:30,4674.85,4682.47,4668.64,4682.10,3029
14-05-2026 09:45,4682.13,4707.42,4681.80,4702.29,2893
14-05-2026 10:00,4702.31,4712.92,4701.42,4704.87,2823
14-05-2026 10:15,4704.85,4706.80,4702.37,4702.37,2524
14-05-2026 10:30,4702.52,4704.19,4699.78,4699.91,2797
14-05-2026 10:45,4699.92,4700.21,4693.25,4693.61,2671
14-05-2026 11:00,4693.46,4701.45,4693.34,4697.29,3575
14-05-2026 11:15,4697.30,4703.26,4689.19,4689.76,3537
14-05-2026 11:30,4689.75,4694.61,4685.99,4687.77,3517
14-05-2026 11:45,4687.76,4692.94,4686.29,4691.22,3253
14-05-2026 12:00,4691.26,4699.66,4690.55,4699.01,3097
14-05-2026 12:15,4698.79,4702.33,4694.79,4700.18,3548
14-05-2026 12:30,4699.71,4702.24,4694.45,4695.24,3208
14-05-2026 12:45,4695.29,4706.95,4694.90,4705.41,3068
14-05-2026 13:00,4705.40,4718.72,4702.96,4708.91,3211
14-05-2026 13:15,4708.90,4709.40,4690.72,4693.00,3232
14-05-2026 13:30,4693.00,4700.83,4692.16,4698.81,3269
14-05-2026 13:45,4699.02,4704.70,4697.76,4702.96,3171
14-05-2026 14:00,4702.97,4706.49,4695.59,4696.95,3230
14-05-2026 14:15,4696.92,4697.51,4692.97,4693.24,2979
14-05-2026 14:30,4693.31,4698.05,4690.22,4694.45,2848
14-05-2026 14:45,4694.37,4696.62,4690.63,4690.63,2606
14-05-2026 15:00,4690.67,4697.20,4688.38,4695.45,2987
14-05-2026 15:15,4695.49,4702.45,4695.49,4699.47,3025
14-05-2026 15:30,4699.52,4705.13,4695.90,4697.15,2877
14-05-2026 15:45,4697.24,4698.27,4693.68,4697.44,3045
14-05-2026 16:00,4697.49,4697.93,4692.14,4693.47,2718
14-05-2026 16:15,4693.93,4697.66,4691.12,4696.95,3009
14-05-2026 16:30,4696.99,4698.79,4692.84,4697.34,2893
14-05-2026 16:45,4697.34,4697.62,4689.38,4691.86,2658
14-05-2026 17:00,4691.91,4697.29,4690.67,4695.31,2751
14-05-2026 17:15,4695.30,4704.75,4694.20,4694.22,3230
14-05-2026 17:30,4693.56,4703.77,4692.21,4703.77,3318
14-05-2026 17:45,4703.76,4707.50,4698.78,4702.27,3038
14-05-2026 18:00,4702.18,4709.69,4697.74,4697.97,3562
14-05-2026 18:15,4697.86,4706.26,4695.88,4704.74,3339
14-05-2026 18:30,4704.82,4707.71,4695.99,4704.06,3709
14-05-2026 18:45,4704.12,4704.33,4688.05,4688.18,3750
14-05-2026 19:00,4688.18,4689.38,4666.35,4676.75,4152
14-05-2026 19:15,4676.73,4690.77,4675.75,4679.49,4107
14-05-2026 19:30,4679.53,4690.27,4677.66,4687.72,4043
14-05-2026 19:45,4687.67,4700.92,4686.85,4691.50,3888
14-05-2026 20:00,4691.48,4692.30,4686.04,4686.83,3760
14-05-2026 20:15,4686.86,4690.47,4679.27,4679.51,3871
14-05-2026 20:30,4679.53,4686.52,4676.89,4684.83,3785
14-05-2026 20:45,4684.84,4689.30,4684.07,4685.77,3443
14-05-2026 21:00,4685.82,4688.90,4680.91,4682.57,3408
14-05-2026 21:15,4682.54,4686.60,4680.96,4685.83,3318
14-05-2026 21:30,4685.66,4686.88,4674.07,4678.49,3349
14-05-2026 21:45,4678.50,4681.16,4675.25,4677.20,3223
14-05-2026 22:00,4677.21,4678.29,4670.26,4675.34,3424
14-05-2026 22:15,4675.33,4678.92,4672.67,4678.44,3085
14-05-2026 22:30,4678.52,4682.40,4678.34,4678.60,3275
14-05-2026 22:45,4678.61,4682.91,4676.77,4677.25,3282
14-05-2026 23:00,4677.29,4681.44,4676.32,4681.29,3060
14-05-2026 23:15,4681.27,4681.73,4677.67,4678.06,2549
14-05-2026 23:30,4678.15,4678.31,4668.72,4674.57,3390
14-05-2026 23:45,4674.56,4676.41,4672.92,4673.40,2815
15-05-2026 00:00,4673.95,4674.81,4668.43,4668.54,2466
15-05-2026 00:15,4668.54,4671.66,4666.74,4671.59,2488
15-05-2026 00:30,4671.72,4671.77,4666.74,4667.43,2345
15-05-2026 00:45,4667.45,4669.09,4663.15,4663.22,2327
15-05-2026 01:00,4663.33,4665.33,4655.62,4656.53,2991
15-05-2026 01:15,4656.51,4658.91,4653.02,4654.15,3362
15-05-2026 01:30,4654.16,4657.19,4649.12,4649.67,2276
15-05-2026 01:45,4649.63,4650.93,4646.81,4648.11,1659
15-05-2026 02:00,4648.08,4652.78,4644.31,4650.66,1822
15-05-2026 02:15,4650.84,4652.04,4649.00,4651.94,1473
15-05-2026 03:30,4646.83,4657.63,4645.81,4654.85,1504
15-05-2026 03:45,4654.85,4658.92,4654.78,4658.48,1778
15-05-2026 04:00,4658.49,4662.23,4658.49,4661.64,1729
15-05-2026 04:15,4661.65,4662.54,4659.93,4662.21,1424
15-05-2026 04:30,4662.19,4663.27,4658.82,4659.13,1665
15-05-2026 04:45,4659.17,4664.30,4655.66,4663.81,2173
15-05-2026 05:00,4663.96,4665.36,4646.75,4657.34,2690
15-05-2026 05:15,4657.43,4657.54,4648.14,4652.13,2920
15-05-2026 05:30,4652.31,4653.68,4642.37,4650.50,3518
15-05-2026 05:45,4650.49,4658.02,4629.53,4629.78,3638
15-05-2026 06:00,4630.24,4630.45,4613.54,4618.55,3722
15-05-2026 06:15,4619.10,4630.82,4617.24,4630.36,3706
15-05-2026 06:30,4630.34,4631.62,4607.55,4614.43,4178
15-05-2026 06:45,4614.41,4625.56,4608.24,4608.86,4059
15-05-2026 07:00,4608.79,4622.88,4607.55,4622.88,4005
15-05-2026 07:15,4622.87,4624.20,4607.09,4613.76,3941
15-05-2026 07:30,4613.77,4619.07,4609.60,4613.11,3866
15-05-2026 07:45,4612.97,4616.52,4609.30,4612.44,3409
15-05-2026 08:00,4612.43,4617.88,4609.39,4617.76,3657
15-05-2026 08:15,4617.83,4623.38,4611.55,4617.98,3687
15-05-2026 08:30,4617.78,4622.25,4614.62,4617.32,3410
15-05-2026 08:45,4617.30,4618.26,4609.82,4612.75,3373
15-05-2026 09:00,4612.74,4617.30,4607.38,4613.33,3009
15-05-2026 09:15,4613.35,4617.19,4610.45,4615.35,2689
15-05-2026 09:30,4615.36,4621.44,4612.77,4619.98,2855
15-05-2026 09:45,4619.99,4620.56,4607.34,4610.84,2639
15-05-2026 10:00,4610.85,4614.89,4604.37,4605.67,2716
15-05-2026 10:15,4605.68,4612.39,4604.84,4605.96,2876
15-05-2026 10:30,4606.18,4606.35,4588.63,4591.92,3643
15-05-2026 10:45,4591.94,4595.19,4580.80,4588.76,3594
15-05-2026 11:00,4588.76,4589.77,4563.62,4568.73,4148
15-05-2026 11:15,4568.81,4573.25,4558.74,4558.83,4051
15-05-2026 11:30,4558.62,4573.30,4556.28,4570.96,4043
15-05-2026 11:45,4570.85,4578.19,4570.20,4575.06,3907
15-05-2026 12:00,4575.09,4580.41,4566.91,4567.59,3764
15-05-2026 12:15,4567.62,4574.18,4564.24,4569.91,3720
15-05-2026 12:30,4569.81,4586.07,4565.87,4585.75,3818
15-05-2026 12:45,4585.74,4588.57,4579.08,4581.71,3606
15-05-2026 13:00,4581.71,4582.38,4574.65,4577.56,3332
15-05-2026 13:15,4577.47,4578.47,4568.29,4570.66,3145
15-05-2026 13:30,4571.29,4571.83,4557.15,4565.13,3673
15-05-2026 13:45,4565.12,4565.61,4552.68,4558.19,3769
15-05-2026 14:00,4558.02,4562.46,4550.07,4562.20,3722
15-05-2026 14:15,4562.38,4563.43,4552.58,4554.23,3184
15-05-2026 14:30,4554.29,4563.63,4546.01,4547.12,3751
15-05-2026 14:45,4547.08,4554.48,4539.27,4553.44,3626
15-05-2026 15:00,4553.15,4555.56,4542.73,4543.54,3601
15-05-2026 15:15,4543.22,4547.04,4531.91,4545.73,3768
15-05-2026 15:30,4545.72,4562.67,4544.13,4561.02,3677
15-05-2026 15:45,4561.15,4563.23,4551.60,4551.69,3513
15-05-2026 16:00,4551.69,4556.79,4549.61,4555.09,3421
15-05-2026 16:15,4555.16,4572.48,4554.15,4566.02,3940
15-05-2026 16:30,4565.98,4570.22,4560.80,4566.25,3737
15-05-2026 16:45,4566.28,4568.60,4558.94,4562.26,3148
15-05-2026 17:00,4562.15,4562.48,4550.88,4551.42,3311
15-05-2026 17:15,4551.22,4558.65,4549.85,4551.89,3431
15-05-2026 17:30,4551.83,4555.12,4545.12,4545.65,3654
15-05-2026 17:45,4545.52,4558.63,4544.84,4554.97,3660
15-05-2026 18:00,4554.90,4554.90,4543.59,4545.52,3812
15-05-2026 18:15,4545.56,4555.54,4543.56,4545.78,3611
15-05-2026 18:30,4545.75,4549.66,4536.18,4546.58,3949
15-05-2026 18:45,4546.59,4557.56,4540.64,4548.84,3880
15-05-2026 19:00,4548.52,4551.11,4519.95,4519.95,4240
15-05-2026 19:15,4519.98,4541.81,4511.88,4533.40,4247
15-05-2026 19:30,4533.21,4550.30,4525.35,4543.19,4190
15-05-2026 19:45,4543.21,4562.61,4540.43,4555.47,4225
15-05-2026 20:00,4555.55,4560.25,4550.65,4556.87,4113
15-05-2026 20:15,4556.84,4566.36,4545.97,4562.72,4130
15-05-2026 20:30,4562.67,4563.58,4550.67,4552.40,4108
15-05-2026 20:45,4552.32,4553.86,4542.83,4546.91,3977
15-05-2026 21:00,4547.26,4550.31,4539.90,4541.34,4054
15-05-2026 21:15,4541.36,4543.33,4533.79,4539.77,3954
15-05-2026 21:30,4539.85,4542.31,4529.37,4532.62,3724
15-05-2026 21:45,4532.57,4542.33,4531.31,4540.78,3609
15-05-2026 22:00,4540.84,4547.40,4540.00,4547.15,3679
15-05-2026 22:15,4547.12,4548.01,4541.86,4544.30,3544
15-05-2026 22:30,4544.26,4558.02,4543.08,4557.07,3676
15-05-2026 22:45,4557.13,4564.39,4554.52,4557.73,3573
15-05-2026 23:00,4557.71,4563.60,4557.71,4560.80,3410
15-05-2026 23:15,4560.91,4562.61,4557.22,4559.51,3216
15-05-2026 23:30,4559.55,4561.90,4556.08,4561.68,3290
15-05-2026 23:45,4561.64,4563.02,4553.04,4558.09,3562
16-05-2026 00:00,4558.65,4558.88,4552.28,4557.60,3451
16-05-2026 00:15,4557.61,4562.77,4556.59,4559.22,3082
16-05-2026 00:30,4559.23,4560.14,4549.46,4550.36,3307
16-05-2026 00:45,4550.40,4552.66,4548.49,4550.18,3050
16-05-2026 01:00,4550.16,4554.89,4549.26,4553.12,3104
16-05-2026 01:15,4553.11,4554.02,4544.59,4545.44,3462
16-05-2026 01:30,4545.46,4546.01,4535.78,4537.97,2923
16-05-2026 01:45,4537.89,4538.69,4532.81,4538.65,2479
16-05-2026 02:00,4538.74,4543.57,4538.70,4539.89,2146
16-05-2026 02:15,4539.93,4540.72,4535.80,4539.37,1720
18-05-2026 03:30,4534.45,4554.71,4527.25,4548.14,1860
18-05-2026 03:45,4548.24,4549.91,4537.73,4540.66,1914
18-05-2026 04:00,4540.61,4553.59,4540.61,4549.80,2744
18-05-2026 04:15,4549.55,4554.46,4543.59,4546.01,2472
18-05-2026 04:30,4546.06,4548.05,4539.47,4541.57,2755
18-05-2026 04:45,4541.58,4544.32,4537.85,4537.92,2736
18-05-2026 05:00,4537.93,4541.28,4532.47,4539.10,3097
18-05-2026 05:15,4539.17,4544.09,4531.85,4537.12,3424
18-05-2026 05:30,4537.12,4542.61,4523.00,4526.23,4060
18-05-2026 05:45,4526.28,4533.56,4514.45,4515.79,3843
18-05-2026 06:00,4515.72,4519.09,4480.33,4481.54,4075
18-05-2026 06:15,4481.37,4516.63,4480.24,4515.89,4021
18-05-2026 06:30,4514.67,4515.88,4489.51,4495.93,4262
18-05-2026 06:45,4495.92,4509.95,4492.84,4503.95,4176
18-05-2026 07:00,4504.33,4513.44,4499.74,4512.49,4118
18-05-2026 07:15,4512.45,4535.79,4510.87,4525.38,4092
18-05-2026 07:30,4525.40,4538.52,4522.01,4536.65,3874
18-05-2026 07:45,4536.62,4540.63,4531.85,4533.61,3380
18-05-2026 08:00,4533.47,4541.12,4529.50,4536.18,3633
18-05-2026 08:15,4536.00,4542.78,4530.40,4533.66,3614
18-05-2026 08:30,4533.63,4535.74,4526.67,4529.43,3471
18-05-2026 08:45,4529.49,4538.32,4528.23,4535.94,3448
18-05-2026 09:00,4535.82,4547.63,4525.17,4545.67,3770
18-05-2026 09:15,4545.68,4547.76,4539.32,4541.14,3260
18-05-2026 09:30,4541.13,4549.78,4541.04,4544.32,3186
18-05-2026 09:45,4544.30,4547.15,4529.97,4532.60,3221
18-05-2026 10:00,4532.59,4544.23,4532.10,4541.64,3188
18-05-2026 10:15,4541.65,4545.58,4535.14,4540.59,3083
18-05-2026 10:30,4540.62,4542.79,4532.84,4538.15,3259
18-05-2026 10:45,4538.17,4550.60,4534.84,4548.71,3463
18-05-2026 11:00,4548.98,4551.99,4538.36,4539.52,3796
18-05-2026 11:15,4539.49,4542.92,4529.67,4530.79,3460
18-05-2026 11:30,4530.79,4540.42,4529.64,4537.30,3636
18-05-2026 11:45,4537.07,4548.08,4534.41,4537.44,3621
18-05-2026 12:00,4537.49,4546.93,4534.46,4540.64,3618
18-05-2026 12:15,4540.65,4547.48,4538.46,4546.74,3445
18-05-2026 12:30,4546.85,4549.37,4541.95,4543.53,3376
18-05-2026 12:45,4543.35,4551.21,4538.22,4550.50,3333
18-05-2026 13:00,4550.46,4559.79,4547.75,4548.96,3662
18-05-2026 13:15,4549.01,4551.69,4539.98,4546.20,3395
18-05-2026 13:30,4546.19,4548.80,4542.71,4546.57,3375
18-05-2026 13:45,4546.48,4551.42,4543.08,4547.87,3063
18-05-2026 14:00,4547.94,4552.89,4546.10,4547.96,3274
18-05-2026 14:15,4547.95,4556.89,4547.95,4549.92,3125
18-05-2026 14:30,4549.81,4551.90,4541.23,4546.23,3051
18-05-2026 14:45,4546.24,4548.89,4544.56,4544.93,2785
18-05-2026 15:00,4545.03,4546.36,4540.78,4542.84,3177
18-05-2026 15:15,4542.90,4544.59,4540.03,4542.93,2879
18-05-2026 15:30,4542.89,4544.95,4535.67,4539.14,3175
18-05-2026 15:45,4539.00,4542.34,4538.03,4539.63,2814
18-05-2026 16:00,4539.59,4544.02,4531.71,4543.81,3225
18-05-2026 16:15,4543.75,4547.71,4536.69,4540.17,3019
18-05-2026 16:30,4540.12,4541.70,4529.59,4539.42,3411
18-05-2026 16:45,4539.43,4540.15,4531.79,4536.21,3054
18-05-2026 17:00,4535.77,4567.00,4535.39,4562.05,3898
18-05-2026 17:15,4562.23,4564.32,4549.43,4550.55,3821
18-05-2026 17:30,4550.41,4556.40,4547.15,4553.35,3508
18-05-2026 17:45,4553.36,4555.14,4545.38,4550.55,3594
18-05-2026 18:00,4550.51,4570.00,4550.12,4569.92,3874
18-05-2026 18:15,4569.73,4574.91,4562.47,4571.12,3882
18-05-2026 18:30,4571.13,4576.81,4561.81,4567.60,3892
18-05-2026 18:45,4567.58,4576.11,4563.87,4571.83,3606
18-05-2026 19:00,4572.35,4579.81,4564.68,4566.14,4149
18-05-2026 19:15,4566.24,4584.17,4563.54,4575.87,4127
18-05-2026 19:30,4575.20,4575.55,4559.37,4564.13,4115
18-05-2026 19:45,4564.12,4568.73,4554.62,4561.58,4052
18-05-2026 20:00,4561.42,4562.91,4538.31,4547.60,4193
18-05-2026 20:15,4547.51,4548.44,4537.92,4546.44,4025
18-05-2026 20:30,4546.39,4547.89,4531.77,4540.51,4125
18-05-2026 20:45,4540.36,4542.78,4534.39,4534.63,3927
18-05-2026 21:00,4534.53,4544.27,4533.91,4538.45,3851
18-05-2026 21:15,4538.47,4546.87,4537.96,4543.51,3753
18-05-2026 21:30,4543.51,4548.90,4540.08,4548.56,3534
18-05-2026 21:45,4548.56,4550.64,4533.90,4537.00,3626
18-05-2026 22:00,4537.02,4544.94,4534.00,4543.30,3639
18-05-2026 22:15,4543.31,4554.26,4542.82,4550.13,3528
18-05-2026 22:30,4549.82,4558.24,4547.96,4553.18,3493
18-05-2026 22:45,4553.19,4555.46,4551.73,4553.86,3230
18-05-2026 23:00,4553.71,4554.13,4547.17,4548.18,3348
18-05-2026 23:15,4548.21,4549.59,4545.57,4546.92,3058
18-05-2026 23:30,4546.93,4547.72,4543.68,4545.14,3295
18-05-2026 23:45,4545.15,4545.32,4536.51,4541.92,3522
19-05-2026 00:00,4541.91,4543.98,4538.97,4541.44,3153
19-05-2026 00:15,4541.43,4543.20,4534.17,4535.68,3094
19-05-2026 00:30,4535.82,4564.96,4535.30,4554.36,4133
19-05-2026 00:45,4554.37,4555.77,4546.38,4551.52,3701
19-05-2026 01:00,4551.60,4561.22,4550.10,4558.08,3623
19-05-2026 01:15,4557.99,4562.92,4557.56,4558.54,3456
19-05-2026 01:30,4558.34,4562.84,4557.76,4562.14,1979
19-05-2026 01:45,4562.08,4566.63,4562.08,4563.14,1865
19-05-2026 02:00,4563.12,4564.88,4561.51,4564.45,1578
19-05-2026 02:15,4564.55,4566.20,4562.02,4565.67,1243
19-05-2026 03:30,4568.33,4572.87,4566.95,4572.87,1155
19-05-2026 03:45,4572.85,4574.19,4570.72,4572.40,1863
19-05-2026 04:00,4572.53,4578.08,4571.38,4576.38,1800
19-05-2026 04:15,4576.39,4576.70,4572.33,4573.71,1538
19-05-2026 04:30,4573.68,4586.63,4573.54,4585.53,2311
19-05-2026 04:45,4585.54,4588.94,4583.28,4585.49,1957
19-05-2026 05:00,4585.49,4587.98,4582.66,4585.40,1966
19-05-2026 05:15,4585.35,4586.64,4579.18,4581.75,2073
19-05-2026 05:30,4582.19,4589.02,4576.76,4578.82,3678
19-05-2026 05:45,4578.83,4585.48,4568.90,4573.56,3521
19-05-2026 06:00,4573.71,4576.03,4568.10,4570.79,3326
19-05-2026 06:15,4570.53,4572.51,4561.20,4563.38,3282
19-05-2026 06:30,4563.18,4569.22,4557.40,4565.61,3887
19-05-2026 06:45,4565.69,4568.35,4554.15,4559.11,3694
19-05-2026 07:00,4559.13,4572.24,4555.22,4570.62,3674
19-05-2026 07:15,4570.78,4571.77,4561.39,4563.81,3602
19-05-2026 07:30,4563.73,4563.73,4552.92,4554.45,3741
19-05-2026 07:45,4554.41,4562.04,4551.49,4559.60,3183
19-05-2026 08:00,4559.66,4559.66,4551.01,4556.16,3538
19-05-2026 08:15,4556.31,4557.89,4546.15,4547.13,3375
19-05-2026 08:30,4547.13,4552.66,4543.45,4551.76,3297
19-05-2026 08:45,4551.75,4552.96,4546.66,4549.13,3134
19-05-2026 09:00,4549.10,4555.06,4546.98,4547.76,2845
19-05-2026 09:15,4547.74,4549.37,4544.26,4544.93,2775
19-05-2026 09:30,4544.95,4545.64,4538.61,4540.16,3000
19-05-2026 09:45,4540.24,4543.09,4538.20,4540.26,2713
19-05-2026 10:00,4540.23,4542.14,4538.04,4539.72,2605
19-05-2026 10:15,4539.70,4543.72,4539.70,4542.37,2493
19-05-2026 10:30,4542.41,4546.53,4540.32,4544.78,2805
19-05-2026 10:45,4544.75,4545.28,4530.94,4538.46,3146
19-05-2026 11:00,4538.43,4544.10,4533.10,4538.41,3603
19-05-2026 11:15,4538.42,4543.36,4533.11,4540.83,3578
19-05-2026 11:30,4541.18,4545.79,4533.37,4541.95,3699
19-05-2026 11:45,4541.97,4553.84,4540.86,4547.83,3620
19-05-2026 12:00,4547.69,4552.76,4544.81,4552.10,3292
19-05-2026 12:15,4552.09,4552.53,4543.07,4548.09,3177
19-05-2026 12:30,4547.73,4555.19,4544.12,4548.60,3350
19-05-2026 12:45,4548.61,4550.01,4543.03,4548.23,3057
19-05-2026 13:00,4548.21,4549.05,4541.24,4542.05,3181
19-05-2026 13:15,4542.12,4559.20,4541.95,4557.14,3435
19-05-2026 13:30,4557.58,4559.19,4542.53,4546.31,3415
19-05-2026 13:45,4546.37,4547.99,4536.25,4538.25,3348
19-05-2026 14:00,4538.20,4544.89,4536.85,4543.20,2984
19-05-2026 14:15,4543.07,4548.56,4538.32,4542.68,2748
19-05-2026 14:30,4542.70,4542.70,4536.87,4539.51,3011
19-05-2026 14:45,4539.34,4546.73,4536.03,4540.60,3157
19-05-2026 15:00,4540.57,4543.03,4536.65,4539.33,3516
19-05-2026 15:15,4539.31,4544.65,4538.27,4541.77,3120
19-05-2026 15:30,4541.70,4542.19,4535.93,4541.39,2948
19-05-2026 15:45,4541.45,4541.81,4538.31,4539.87,2673
19-05-2026 16:00,4539.95,4542.87,4525.26,4528.86,3290
19-05-2026 16:15,4528.57,4544.59,4527.31,4544.59,3572
19-05-2026 16:30,4544.62,4547.92,4535.87,4536.66,3295
19-05-2026 16:45,4536.60,4542.11,4535.70,4539.25,2997
19-05-2026 17:00,4539.23,4543.07,4536.79,4542.25,3161
19-05-2026 17:15,4541.79,4542.20,4529.84,4530.64,3295
19-05-2026 17:30,4530.16,4546.60,4527.39,4542.18,3480
19-05-2026 17:45,4542.18,4544.23,4536.63,4543.44,3212
19-05-2026 18:00,4543.27,4547.08,4536.69,4537.31,3438
19-05-2026 18:15,4537.33,4541.52,4535.59,4537.16,3215
19-05-2026 18:30,4537.05,4537.42,4514.67,4524.41,3942
19-05-2026 18:45,4524.37,4526.16,4490.92,4492.01,4025
19-05-2026 19:00,4492.75,4495.51,4464.72,4476.07,4315
19-05-2026 19:15,4476.38,4510.95,4474.12,4503.68,4171
19-05-2026 19:30,4503.74,4514.21,4492.24,4492.62,4212
19-05-2026 19:45,4492.69,4500.94,4484.39,4490.07,4196
19-05-2026 20:00,4490.31,4498.65,4487.52,4494.55,4177
19-05-2026 20:15,4494.62,4496.62,4486.20,4494.03,4116
19-05-2026 20:30,4494.05,4499.73,4489.79,4498.90,4054
19-05-2026 20:45,4498.95,4504.98,4493.84,4498.80,3973
19-05-2026 21:00,4498.05,4507.62,4497.88,4502.07,3987
19-05-2026 21:15,4502.05,4509.13,4500.12,4508.36,3791
19-05-2026 21:30,4508.85,4510.23,4496.07,4500.82,3560
19-05-2026 21:45,4500.80,4511.90,4498.67,4508.50,3431
19-05-2026 22:00,4508.25,4512.28,4505.54,4505.86,3472
19-05-2026 22:15,4505.84,4509.22,4504.53,4507.65,3346
19-05-2026 22:30,4507.63,4510.73,4505.78,4510.28,3358
19-05-2026 22:45,4510.34,4510.99,4503.33,4506.91,3335
19-05-2026 23:00,4506.92,4508.27,4502.76,4504.40,3337
19-05-2026 23:15,4504.42,4504.79,4499.03,4500.74,3362
19-05-2026 23:30,4500.78,4503.66,4499.67,4500.92,3114
19-05-2026 23:45,4500.84,4501.88,4495.43,4495.96,3399
20-05-2026 00:00,4495.93,4500.80,4493.17,4499.01,3265
20-05-2026 00:15,4499.03,4500.00,4490.16,4493.59,3259
20-05-2026 00:30,4493.46,4497.52,4493.01,4496.92,3190
20-05-2026 00:45,4496.95,4497.25,4485.46,4486.89,3200
20-05-2026 01:00,4487.24,4489.84,4485.84,4488.29,3226
20-05-2026 01:15,4488.23,4488.78,4481.20,4483.37,3362
20-05-2026 01:30,4483.39,4486.94,4480.89,4485.41,2135
20-05-2026 01:45,4485.41,4488.08,4483.34,4486.12,1653
20-05-2026 02:00,4486.11,4486.25,4481.91,4483.37,1551
20-05-2026 02:15,4483.36,4484.09,4481.18,4481.53,1318
20-05-2026 03:30,4481.19,4485.13,4480.91,4482.37,791
20-05-2026 03:45,4482.36,4482.38,4477.58,4478.93,1594
20-05-2026 04:00,4478.94,4485.59,4477.16,4481.75,2250
20-05-2026 04:15,4481.74,4484.34,4479.10,4484.10,2251
20-05-2026 04:30,4484.01,4486.65,4479.77,4486.23,1852
20-05-2026 04:45,4485.87,4488.74,4483.23,4486.15,2015
20-05-2026 05:00,4486.13,4496.34,4485.63,4492.27,2514
20-05-2026 05:15,4492.26,4495.21,4488.13,4489.21,2457
20-05-2026 05:30,4489.22,4490.44,4479.56,4488.60,3563
20-05-2026 05:45,4488.59,4502.07,4481.24,4501.95,3828
20-05-2026 06:00,4501.87,4507.10,4499.71,4505.15,3811
20-05-2026 06:15,4505.14,4508.60,4497.88,4500.93,3619
20-05-2026 06:30,4500.92,4506.03,4487.96,4492.39,3910
20-05-2026 06:45,4492.63,4496.44,4472.59,4473.46,3846
20-05-2026 07:00,4473.46,4476.89,4456.24,4466.66,4094
20-05-2026 07:15,4466.67,4488.45,4463.02,4481.21,4034
20-05-2026 07:30,4481.18,4486.94,4476.11,4481.22,3860
20-05-2026 07:45,4481.25,4486.99,4476.41,4481.51,3600
20-05-2026 08:00,4481.44,4483.52,4460.59,4460.59,4002
20-05-2026 08:15,4460.60,4466.05,4458.54,4465.27,3682
20-05-2026 08:30,4465.18,4467.16,4453.56,4457.89,3654
20-05-2026 08:45,4457.90,4464.36,4457.38,4460.97,3328
20-05-2026 09:00,4460.67,4466.02,4457.50,4460.55,3442
20-05-2026 09:15,4460.53,4465.12,4458.13,4463.64,2886
20-05-2026 09:30,4463.65,4470.06,4463.28,4469.17,3120
20-05-2026 09:45,4469.25,4470.61,4462.39,4465.13,3003
20-05-2026 10:00,4465.12,4465.85,4460.52,4463.03,3025
20-05-2026 10:15,4462.97,4463.12,4456.62,4462.02,2809
20-05-2026 10:30,4461.90,4472.95,4461.58,4469.38,3131
20-05-2026 10:45,4469.37,4475.16,4467.12,4468.26,3059
20-05-2026 11:00,4468.33,4479.06,4468.25,4472.23,3717
20-05-2026 11:15,4472.22,4475.28,4463.19,4472.51,3460
20-05-2026 11:30,4472.57,4477.40,4467.42,4471.65,3699
20-05-2026 11:45,4472.16,4478.31,4467.79,4471.79,3788
20-05-2026 12:00,4471.82,4472.44,4461.33,4466.97,3707
20-05-2026 12:15,4466.94,4478.41,4465.30,4474.23,3608
20-05-2026 12:30,4473.50,4485.18,4471.77,4481.16,3718
20-05-2026 12:45,4481.18,4484.04,4476.31,4482.59,3466
20-05-2026 13:00,4482.61,4485.89,4475.93,4481.25,3401
20-05-2026 13:15,4481.30,4481.93,4475.00,4478.51,3186
20-05-2026 13:30,4478.64,4483.94,4476.64,4482.33,3521
20-05-2026 13:45,4482.30,4486.47,4478.24,4485.98,3516
20-05-2026 14:00,4486.61,4489.36,4476.71,4479.17,3548
20-05-2026 14:15,4479.21,4490.08,4479.12,4484.07,3452
20-05-2026 14:30,4484.06,4486.05,4479.68,4480.19,3248
20-05-2026 14:45,4480.20,4483.59,4472.71,4474.11,3227
20-05-2026 15:00,4473.99,4484.78,4472.83,4483.16,3252
20-05-2026 15:15,4483.31,4490.82,4481.75,4484.86,2876
20-05-2026 15:30,4484.74,4492.32,4484.66,4487.92,2755
20-05-2026 15:45,4488.01,4492.45,4487.20,4488.92,2610
20-05-2026 16:00,4489.07,4497.10,4488.47,4494.18,3052
20-05-2026 16:15,4494.19,4495.81,4490.33,4494.54,2830
20-05-2026 16:30,4494.74,4496.66,4492.69,4493.00,2912
20-05-2026 16:45,4492.95,4501.04,4491.06,4499.94,2773
20-05-2026 17:00,4499.95,4500.37,4493.34,4495.16,3029
20-05-2026 17:15,4495.14,4499.46,4490.80,4499.09,3177
20-05-2026 17:30,4498.96,4501.12,4495.73,4496.49,3145
20-05-2026 17:45,4496.49,4499.44,4492.96,4499.44,3377
20-05-2026 18:00,4499.63,4504.55,4499.25,4502.85,3475
20-05-2026 18:15,4502.96,4505.28,4493.84,4496.15,3188
20-05-2026 18:30,4496.11,4506.13,4493.86,4505.13,3859
20-05-2026 18:45,4505.14,4505.21,4489.49,4489.53,3740
20-05-2026 19:00,4489.59,4492.96,4482.83,4489.87,4090
20-05-2026 19:15,4489.85,4491.98,4481.94,4483.00,4076
20-05-2026 19:30,4482.99,4485.12,4466.98,4476.81,4055
20-05-2026 19:45,4477.35,4511.05,4476.44,4506.89,4303
20-05-2026 20:00,4506.89,4528.78,4506.89,4520.42,4249
20-05-2026 20:15,4521.55,4537.11,4516.69,4531.24,4107
20-05-2026 20:30,4531.48,4535.72,4523.09,4524.45,3979
20-05-2026 20:45,4524.46,4552.89,4524.46,4529.34,4216
20-05-2026 21:00,4529.35,4539.31,4527.72,4536.79,3941
20-05-2026 21:15,4536.80,4537.66,4527.14,4528.99,3806
20-05-2026 21:30,4529.13,4535.14,4528.23,4533.64,3445
20-05-2026 21:45,4533.61,4533.66,4524.03,4525.82,3663
20-05-2026 22:00,4526.28,4533.70,4524.09,4533.68,3553
20-05-2026 22:15,4533.76,4535.40,4530.07,4534.44,3473
20-05-2026 22:30,4534.59,4538.15,4531.11,4534.27,3474
20-05-2026 22:45,4534.27,4536.75,4530.77,4532.29,3457
20-05-2026 23:00,4532.30,4536.40,4529.74,4532.93,3339
20-05-2026 23:15,4532.95,4535.17,4530.14,4531.32,2812
20-05-2026 23:30,4531.38,4533.93,4529.21,4532.82,3102
20-05-2026 23:45,4532.72,4536.53,4531.85,4534.93,3204
21-05-2026 00:00,4534.91,4543.41,4534.91,4536.84,3002
21-05-2026 00:15,4537.13,4544.96,4536.75,4542.27,2977
21-05-2026 00:30,4542.29,4545.16,4541.73,4543.74,2742
21-05-2026 00:45,4543.79,4545.96,4543.27,4545.03,2632
21-05-2026 01:00,4544.96,4550.15,4544.96,4546.33,2795
21-05-2026 01:15,4546.73,4548.52,4545.33,4545.66,3011
21-05-2026 01:30,4545.62,4550.34,4545.28,4546.63,2031
21-05-2026 01:45,4546.64,4548.27,4543.13,4545.67,2777
21-05-2026 02:00,4545.73,4546.27,4542.66,4543.40,2064
21-05-2026 02:15,4543.26,4544.22,4541.67,4543.27,1585
21-05-2026 03:30,4546.70,4546.70,4538.38,4539.69,1726
21-05-2026 03:45,4539.72,4540.12,4534.98,4538.55,1969
21-05-2026 04:00,4538.57,4543.26,4538.57,4542.10,1861
21-05-2026 04:15,4541.99,4544.49,4537.16,4539.63,2076
21-05-2026 04:30,4539.70,4543.08,4537.94,4539.98,1856
21-05-2026 04:45,4539.97,4540.59,4534.55,4538.41,1977
21-05-2026 05:00,4538.40,4545.36,4537.92,4542.89,1928
21-05-2026 05:15,4542.87,4546.93,4541.77,4546.48,2124
21-05-2026 05:30,4546.49,4548.54,4540.10,4544.77,3510
21-05-2026 05:45,4544.75,4553.22,4537.39,4543.60,3364
21-05-2026 06:00,4543.71,4545.13,4539.65,4543.67,2855
21-05-2026 06:15,4543.65,4548.69,4542.02,4545.23,2754
21-05-2026 06:30,4545.24,4560.24,4539.93,4559.77,3859
21-05-2026 06:45,4559.89,4567.56,4557.18,4566.92,3544
21-05-2026 07:00,4566.93,4570.79,4561.51,4567.67,3661
21-05-2026 07:15,4567.65,4568.20,4559.05,4560.92,3545
21-05-2026 07:30,4561.17,4564.82,4550.65,4551.68,3535
21-05-2026 07:45,4551.60,4553.11,4539.36,4540.04,3218
21-05-2026 08:00,4540.03,4542.12,4534.04,4536.22,3612
21-05-2026 08:15,4536.24,4537.23,4531.48,4533.17,3340
21-05-2026 08:30,4532.99,4538.95,4531.55,4537.78,3110
21-05-2026 08:45,4537.90,4540.21,4532.93,4535.68,3049
21-05-2026 09:00,4535.70,4537.22,4531.77,4533.97,2504
21-05-2026 09:15,4533.96,4534.33,4527.24,4528.20,2515
21-05-2026 09:30,4528.19,4536.47,4527.31,4535.93,2576
21-05-2026 09:45,4535.95,4540.05,4534.37,4539.75,2248
21-05-2026 10:00,4539.78,4540.28,4533.75,4537.14,2206
21-05-2026 10:15,4537.15,4539.27,4535.41,4538.38,2103
21-05-2026 10:30,4538.36,4540.18,4529.73,4530.69,2892
21-05-2026 10:45,4530.75,4531.09,4521.55,4522.80,2967
21-05-2026 11:00,4522.99,4527.20,4518.45,4525.90,3580
21-05-2026 11:15,4525.92,4529.87,4518.51,4527.90,3407
21-05-2026 11:30,4527.49,4535.37,4526.56,4531.55,3381
21-05-2026 11:45,4531.53,4539.63,4528.57,4532.98,3479
21-05-2026 12:00,4533.00,4535.01,4522.86,4524.86,3401
21-05-2026 12:15,4524.85,4526.27,4518.78,4521.53,3472
21-05-2026 12:30,4521.57,4524.44,4518.21,4520.51,3162
21-05-2026 12:45,4520.52,4523.47,4511.75,4512.78,3227
21-05-2026 13:00,4512.97,4517.34,4512.07,4516.31,2886
21-05-2026 13:15,4516.33,4523.27,4514.14,4519.59,2603
21-05-2026 13:30,4519.61,4535.56,4518.27,4534.16,3503
21-05-2026 13:45,4534.38,4536.69,4529.16,4535.58,3508
21-05-2026 14:00,4535.32,4535.56,4526.46,4529.11,3387
21-05-2026 14:15,4529.30,4534.51,4528.25,4532.46,3419
21-05-2026 14:30,4532.44,4540.50,4531.72,4537.66,3448
21-05-2026 14:45,4537.67,4542.46,4535.49,4536.87,3277
21-05-2026 15:00,4536.73,4542.78,4529.46,4529.78,3254
21-05-2026 15:15,4529.79,4532.98,4527.79,4530.59,2839
21-05-2026 15:30,4530.49,4535.22,4529.98,4532.62,3078
21-05-2026 15:45,4532.58,4534.66,4510.55,4517.88,3375
21-05-2026 16:00,4518.04,4518.19,4504.92,4516.74,4062
21-05-2026 16:15,4516.90,4517.77,4510.77,4511.44,3793
21-05-2026 16:30,4511.55,4519.77,4510.74,4516.26,3736
21-05-2026 16:45,4516.29,4521.28,4512.52,4514.01,3456
21-05-2026 17:00,4514.11,4515.88,4508.04,4512.41,3285
21-05-2026 17:15,4512.40,4517.23,4510.89,4514.03,3206
21-05-2026 17:30,4514.46,4519.18,4513.63,4514.61,3471
21-05-2026 17:45,4514.65,4514.74,4504.37,4506.86,3484
21-05-2026 18:00,4506.86,4517.68,4505.32,4515.09,3814
21-05-2026 18:15,4514.97,4518.09,4502.46,4504.00,3714
21-05-2026 18:30,4503.63,4512.64,4499.57,4502.25,4030
21-05-2026 18:45,4502.24,4505.43,4495.41,4500.64,3928
21-05-2026 19:00,4500.89,4502.68,4488.55,4497.74,4113
21-05-2026 19:15,4497.60,4521.10,4495.00,4513.12,4166
21-05-2026 19:30,4513.20,4515.30,4502.68,4508.20,4088
21-05-2026 19:45,4507.91,4509.22,4498.12,4507.33,4104
21-05-2026 20:00,4507.31,4511.18,4502.41,4504.69,3953
21-05-2026 20:15,4504.66,4510.27,4501.70,4508.85,4004
21-05-2026 20:30,4508.71,4515.48,4496.61,4509.89,4129
21-05-2026 20:45,4509.90,4511.53,4502.24,4503.23,3989
21-05-2026 21:00,4503.36,4509.74,4502.52,4506.92,3656
21-05-2026 21:15,4506.92,4512.66,4506.58,4511.85,3464
21-05-2026 21:30,4511.88,4520.61,4511.88,4517.10,3818
21-05-2026 21:45,4517.09,4518.73,4514.49,4516.44,3661
21-05-2026 22:00,4516.43,4519.30,4515.49,4518.02,3321
21-05-2026 22:15,4518.06,4520.20,4516.20,4519.40,3156
21-05-2026 22:30,4519.45,4531.76,4514.10,4526.07,3683
21-05-2026 22:45,4526.30,4546.26,4526.10,4541.72,4169
21-05-2026 23:00,4541.49,4548.97,4538.62,4548.14,3943
21-05-2026 23:15,4548.13,4559.19,4544.90,4551.43,3996
21-05-2026 23:30,4551.48,4556.07,4542.96,4545.97,4013
21-05-2026 23:45,4546.14,4550.63,4544.31,4548.17,3792
22-05-2026 00:00,4548.44,4549.41,4542.48,4545.20,3474
22-05-2026 00:15,4545.18,4546.01,4527.34,4531.88,3988
22-05-2026 00:30,4531.90,4537.76,4529.75,4537.73,3764
22-05-2026 00:45,4537.70,4542.06,4537.66,4538.81,3206
22-05-2026 01:00,4538.58,4543.21,4538.58,4539.29,2943
22-05-2026 01:15,4539.27,4543.70,4534.67,4542.80,3406
22-05-2026 01:30,4543.04,4544.69,4541.10,4542.49,2301
22-05-2026 01:45,4542.07,4542.66,4540.16,4541.25,1591
22-05-2026 02:00,4541.26,4542.16,4540.28,4540.67,1164
22-05-2026 02:15,4540.66,4542.81,4539.41,4542.77,1125
22-05-2026 03:30,4541.81,4545.29,4539.40,4541.52,1146
22-05-2026 03:45,4541.51,4542.84,4539.73,4540.78,1327
22-05-2026 04:00,4541.10,4543.56,4539.60,4542.51,1191
22-05-2026 04:15,4542.34,4543.22,4540.68,4543.20,1226
22-05-2026 04:30,4543.12,4545.13,4542.66,4543.75,1369
22-05-2026 04:45,4543.78,4544.42,4538.19,4540.49,1421
22-05-2026 05:00,4540.44,4540.48,4532.58,4532.58,1728
22-05-2026 05:15,4532.62,4536.49,4532.50,4535.40,2122
22-05-2026 05:30,4535.39,4536.85,4530.86,4531.37,3169
22-05-2026 05:45,4531.36,4537.30,4530.24,4536.24,2810
22-05-2026 06:00,4536.27,4541.00,4535.79,4537.88,2690
22-05-2026 06:15,4537.99,4538.79,4525.59,4526.72,2731
22-05-2026 06:30,4526.72,4536.25,4523.27,4529.62,3619
22-05-2026 06:45,4529.39,4533.36,4526.26,4529.00,3172
22-05-2026 07:00,4528.99,4529.69,4520.94,4524.98,3442
22-05-2026 07:15,4524.99,4531.90,4524.66,4526.25,3433
22-05-2026 07:30,4526.21,4529.35,4521.42,4527.57,3135
22-05-2026 07:45,4527.67,4528.99,4522.67,4524.55,2570
22-05-2026 08:00,4524.53,4524.53,4518.48,4522.54,2985
22-05-2026 08:15,4522.56,4526.97,4519.39,4523.03,2837
22-05-2026 08:30,4522.99,4525.07,4520.59,4521.04,2783
22-05-2026 08:45,4521.12,4522.87,4519.13,4521.67,2518
22-05-2026 09:00,4521.68,4527.55,4521.68,4526.81,2171
22-05-2026 09:15,4526.78,4529.85,4526.35,4529.43,1871
22-05-2026 09:30,4529.51,4530.15,4527.77,4529.12,1995
22-05-2026 09:45,4529.22,4532.87,4527.57,4532.08,2105
22-05-2026 10:00,4532.05,4532.68,4525.42,4529.02,2155
22-05-2026 10:15,4528.99,4530.09,4527.05,4527.22,1725
22-05-2026 10:30,4527.14,4529.60,4523.72,4525.39,2112
22-05-2026 10:45,4525.36,4529.01,4523.35,4526.05,2118
22-05-2026 11:00,4526.10,4534.10,4525.10,4534.04,3323
22-05-2026 11:15,4534.11,4534.23,4507.36,4511.04,3226
22-05-2026 11:30,4511.07,4524.26,4509.98,4521.57,3668
22-05-2026 11:45,4521.53,4526.06,4516.44,4525.22,3435
22-05-2026 12:00,4525.11,4527.38,4521.60,4526.57,3249
22-05-2026 12:15,4526.62,4528.82,4523.84,4526.82,3102
22-05-2026 12:30,4526.80,4527.08,4521.43,4522.41,3156
22-05-2026 12:45,4522.46,4527.39,4522.08,4525.79,2874
22-05-2026 13:00,4525.84,4525.85,4516.12,4519.88,3130
22-05-2026 13:15,4519.86,4523.23,4517.52,4521.88,2759
22-05-2026 13:30,4522.11,4530.06,4521.48,4524.75,3060
22-05-2026 13:45,4524.76,4531.09,4523.82,4526.89,3440
22-05-2026 14:00,4526.91,4527.11,4516.92,4522.39,3359
22-05-2026 14:15,4522.41,4524.75,4521.46,4521.80,2892
22-05-2026 14:30,4521.79,4525.47,4517.04,4517.22,2925
22-05-2026 14:45,4517.19,4520.49,4515.04,4517.71,3036
22-05-2026 15:00,4517.70,4525.95,4514.80,4525.11,2872
22-05-2026 15:15,4525.24,4536.10,4524.62,4532.20,2816
22-05-2026 15:30,4532.32,4536.76,4529.53,4533.88,2734
22-05-2026 15:45,4533.85,4534.16,4524.52,4524.77,2634
22-05-2026 16:00,4524.68,4525.39,4512.18,4512.44,3166
22-05-2026 16:15,4512.31,4515.01,4510.31,4514.47,2902
22-05-2026 16:30,4514.29,4517.22,4513.77,4515.91,2799
22-05-2026 16:45,4515.90,4515.91,4511.80,4511.99,2596
22-05-2026 17:00,4511.96,4523.00,4511.39,4521.63,2836
22-05-2026 17:15,4521.81,4525.05,4520.06,4520.60,3031
22-05-2026 17:30,4520.56,4530.08,4519.04,4529.20,3300
22-05-2026 17:45,4529.21,4535.74,4521.08,4521.69,3752
22-05-2026 18:00,4521.61,4523.54,4515.00,4518.63,3491
22-05-2026 18:15,4518.55,4528.34,4517.42,4528.19,3344
22-05-2026 18:30,4528.06,4534.25,4520.75,4528.13,3881
22-05-2026 18:45,4528.13,4529.66,4521.36,4521.98,3609
22-05-2026 19:00,4521.97,4527.05,4511.28,4517.62,4041
22-05-2026 19:15,4517.68,4518.90,4510.16,4513.68,3915
22-05-2026 19:30,4513.78,4513.78,4492.90,4497.53,4117
22-05-2026 19:45,4497.58,4500.48,4491.78,4498.97,4144
22-05-2026 20:00,4499.04,4505.95,4497.22,4504.42,3829
22-05-2026 20:15,4504.38,4507.22,4500.35,4500.57,3511
22-05-2026 20:30,4500.56,4511.89,4500.21,4511.12,3678
22-05-2026 20:45,4511.42,4519.25,4511.00,4519.21,3432
22-05-2026 21:00,4519.45,4522.29,4517.27,4518.13,3531
22-05-2026 21:15,4518.16,4521.92,4514.62,4519.97,3374
22-05-2026 21:30,4520.07,4520.34,4516.84,4519.51,3171
22-05-2026 21:45,4519.35,4524.17,4516.80,4523.66,3057
22-05-2026 22:00,4523.67,4526.74,4513.46,4514.92,3311
22-05-2026 22:15,4514.85,4517.98,4512.30,4514.86,3235
22-05-2026 22:30,4514.93,4520.98,4514.77,4519.34,3104
22-05-2026 22:45,4519.27,4525.87,4513.00,4525.37,3491
22-05-2026 23:00,4525.29,4527.83,4519.34,4522.16,3564
22-05-2026 23:15,4522.14,4522.75,4518.55,4519.13,3225
22-05-2026 23:30,4519.24,4519.39,4511.88,4513.77,3136
22-05-2026 23:45,4513.76,4517.77,4512.43,4515.31,2855
23-05-2026 00:00,4514.99,4520.23,4513.81,4515.13,2588
23-05-2026 00:15,4515.17,4515.94,4512.84,4515.09,2659
23-05-2026 00:30,4515.12,4515.80,4507.00,4507.24,3159
23-05-2026 00:45,4507.24,4508.97,4506.27,4507.07,2594
23-05-2026 01:00,4507.00,4510.37,4503.86,4509.23,2711
23-05-2026 01:15,4509.24,4509.52,4506.24,4507.93,2805
23-05-2026 01:30,4507.86,4508.85,4504.42,4507.53,1539
23-05-2026 01:45,4507.58,4510.09,4506.44,4509.84,1239
23-05-2026 02:00,4509.80,4510.10,4504.09,4504.26,1813
23-05-2026 02:15,4504.22,4509.09,4503.47,4508.64,1457
25-05-2026 03:30,4530.45,4557.34,4526.93,4554.88,2764
25-05-2026 03:45,4555.06,4556.10,4548.49,4551.63,2733
25-05-2026 04:00,4551.38,4560.64,4551.20,4558.10,2483
25-05-2026 04:15,4558.25,4565.27,4557.80,4564.79,2224
25-05-2026 04:30,4564.77,4576.39,4564.77,4574.43,2503
25-05-2026 04:45,4574.44,4578.25,4573.54,4574.93,2052
25-05-2026 05:00,4574.96,4579.81,4574.90,4577.22,2177
25-05-2026 05:15,4577.14,4578.20,4565.76,4567.05,2557
25-05-2026 05:30,4566.90,4575.75,4566.10,4572.58,3129
25-05-2026 05:45,4572.60,4575.40,4569.90,4572.24,2875
25-05-2026 06:00,4572.98,4575.49,4570.84,4571.46,2556
25-05-2026 06:15,4571.55,4579.43,4566.13,4569.35,3159
25-05-2026 06:30,4569.33,4576.24,4560.37,4565.60,3942
25-05-2026 06:45,4565.48,4575.30,4562.19,4573.36,3445
25-05-2026 07:00,4573.43,4574.75,4563.19,4563.34,3245
25-05-2026 07:15,4563.26,4567.16,4560.15,4562.75,3113
25-05-2026 07:30,4562.70,4568.25,4561.24,4561.83,3174
25-05-2026 07:45,4562.04,4563.33,4558.92,4562.84,2507
25-05-2026 08:00,4563.28,4569.42,4561.58,4569.39,2939
25-05-2026 08:15,4569.56,4570.12,4559.43,4561.24,2772
25-05-2026 08:30,4561.31,4564.33,4560.37,4563.09,2876
25-05-2026 08:45,4563.13,4564.44,4560.13,4560.59,2613
25-05-2026 09:00,4560.73,4564.10,4558.08,4558.50,2421
25-05-2026 09:15,4558.48,4561.20,4556.88,4559.72,2264
25-05-2026 09:30,4559.66,4562.57,4559.34,4560.94,1883
25-05-2026 09:45,4560.71,4565.86,4559.97,4565.11,1938
25-05-2026 10:00,4565.12,4565.48,4559.69,4562.26,1965
25-05-2026 10:15,4562.30,4565.64,4562.18,4564.77,1452
25-05-2026 10:30,4564.78,4565.93,4562.92,4563.57,1675
25-05-2026 10:45,4563.47,4563.64,4554.01,4554.14,2090
25-05-2026 11:00,4554.13,4560.89,4552.71,4556.89,2815
25-05-2026 11:15,4556.88,4557.80,4551.89,4553.30,2729
25-05-2026 11:30,4553.13,4555.75,4550.38,4553.83,2975
25-05-2026 11:45,4553.85,4557.23,4552.14,4554.12,2879
25-05-2026 12:00,4554.13,4557.31,4553.48,4556.30,2672
25-05-2026 12:15,4556.20,4563.16,4556.02,4562.36,2946
25-05-2026 12:30,4562.64,4564.71,4560.68,4560.74,2867
25-05-2026 12:45,4560.75,4561.13,4552.62,4554.44,3196
25-05-2026 13:00,4554.42,4561.75,4554.16,4559.83,2739
25-05-2026 13:15,4559.82,4565.05,4558.63,4564.72,2325
25-05-2026 13:30,4564.71,4564.93,4559.59,4561.02,2241
25-05-2026 13:45,4561.02,4561.31,4553.72,4554.87,2321
25-05-2026 14:00,4555.10,4557.96,4553.59,4554.53,2227
25-05-2026 14:15,4554.54,4556.53,4553.35,4556.07,1810
25-05-2026 14:30,4556.06,4558.66,4554.95,4555.40,1746
25-05-2026 14:45,4555.38,4558.90,4555.38,4558.80,1577
25-05-2026 15:00,4558.79,4565.99,4558.31,4565.69,2406
25-05-2026 15:15,4565.68,4569.05,4564.51,4567.56,2142
25-05-2026 15:30,4567.61,4572.44,4567.54,4571.87,2314
25-05-2026 15:45,4571.86,4573.66,4569.83,4570.89,2312
25-05-2026 16:00,4570.92,4573.10,4568.45,4569.98,2233
25-05-2026 16:15,4569.94,4572.28,4568.51,4568.57,1628
25-05-2026 16:30,4568.66,4572.38,4567.55,4572.04,1616
25-05-2026 16:45,4572.02,4575.24,4569.47,4571.59,2190
25-05-2026 17:00,4571.58,4576.09,4571.50,4574.46,2353
25-05-2026 17:15,4574.47,4576.89,4569.37,4569.46,2279
25-05-2026 17:30,4569.32,4569.49,4556.09,4556.27,3077
25-05-2026 17:45,4556.20,4560.89,4552.78,4560.29,2766
25-05-2026 18:00,4560.32,4570.09,4559.82,4566.44,2741
25-05-2026 18:15,4566.44,4568.71,4564.10,4567.64,2581
25-05-2026 18:30,4567.61,4571.23,4561.59,4564.31,3332
25-05-2026 18:45,4564.33,4564.53,4560.50,4561.79,2821
25-05-2026 19:00,4561.78,4565.50,4561.46,4564.99,2889
25-05-2026 19:15,4564.98,4565.25,4560.05,4563.03,2812
25-05-2026 19:30,4563.08,4569.85,4562.34,4567.61,2802
25-05-2026 19:45,4567.62,4570.46,4567.29,4567.82,2564
25-05-2026 20:00,4567.80,4568.45,4565.03,4566.95,2521
25-05-2026 20:15,4566.96,4568.89,4565.31,4566.75,2717
25-05-2026 20:30,4566.72,4573.44,4565.58,4570.06,2934
25-05-2026 20:45,4570.04,4574.56,4567.91,4573.26,2953
25-05-2026 21:00,4573.33,4573.40,4566.66,4568.95,2266
25-05-2026 21:15,4568.93,4572.69,4568.71,4570.82,1723
25-05-2026 21:30,4570.86,4570.95,4568.56,4570.51,1731
25-05-2026 21:45,4570.52,4570.57,4568.06,4568.16,1463
25-05-2026 22:00,4568.14,4572.33,4567.92,4572.08,1908
25-05-2026 22:15,4572.09,4574.57,4570.67,4573.52,1995
25-05-2026 22:30,4573.38,4577.73,4573.37,4574.09,2065
25-05-2026 22:45,4574.08,4574.52,4570.33,4571.37,1535
25-05-2026 23:00,4571.30,4571.43,4566.36,4566.77,1324
25-05-2026 23:15,4566.76,4566.78,4563.38,4565.04,1485
25-05-2026 23:30,4565.02,4571.35,4564.34,4569.04,1373
25-05-2026 23:45,4569.05,4570.61,4567.29,4569.69,923
26-05-2026 03:30,4571.70,4573.76,4569.92,4573.00,1279
26-05-2026 03:45,4573.02,4575.05,4572.45,4572.76,1560
26-05-2026 04:00,4572.77,4574.96,4569.42,4573.81,1964
26-05-2026 04:15,4573.80,4576.42,4573.24,4574.68,1732
26-05-2026 04:30,4574.58,4579.06,4573.69,4579.04,1908
26-05-2026 04:45,4579.03,4580.51,4567.10,4568.22,2060
26-05-2026 05:00,4568.23,4568.46,4555.02,4556.42,2836
26-05-2026 05:15,4556.51,4562.79,4556.51,4559.56,2372
26-05-2026 05:30,4559.60,4559.60,4548.24,4552.13,3484
26-05-2026 05:45,4552.17,4553.30,4541.40,4549.20,3329
26-05-2026 06:00,4549.28,4552.90,4543.58,4548.15,3070
26-05-2026 06:15,4548.13,4551.60,4539.34,4549.51,3184
26-05-2026 06:30,4549.54,4550.00,4542.37,4548.56,3739
26-05-2026 06:45,4548.45,4549.01,4541.78,4543.66,3426
26-05-2026 07:00,4543.65,4544.09,4527.53,4532.16,3766
26-05-2026 07:15,4532.14,4537.27,4531.32,4536.92,3277
26-05-2026 07:30,4536.90,4539.49,4535.38,4538.41,2840
26-05-2026 07:45,4538.65,4538.92,4536.29,4536.75,2248
26-05-2026 08:00,4536.74,4538.45,4533.52,4533.92,2825
26-05-2026 08:15,4533.91,4534.66,4530.09,4532.11,2655
26-05-2026 08:30,4532.10,4538.18,4531.95,4536.86,2463
26-05-2026 08:45,4536.83,4543.66,4536.69,4542.15,2540
26-05-2026 09:00,4542.14,4545.35,4540.93,4541.38,1940
26-05-2026 09:15,4541.24,4543.72,4540.71,4542.27,1455
26-05-2026 09:30,4542.29,4543.14,4536.15,4537.48,1667
26-05-2026 09:45,4537.48,4539.38,4532.45,4532.50,1682
26-05-2026 10:00,4532.48,4533.15,4525.21,4526.13,2213
26-05-2026 10:15,4526.15,4528.98,4523.49,4525.35,2354
26-05-2026 10:30,4525.29,4531.37,4522.91,4529.18,2518
26-05-2026 10:45,4529.03,4531.35,4528.75,4531.21,1881
26-05-2026 11:00,4530.98,4535.04,4527.91,4529.71,3181
26-05-2026 11:15,4529.70,4529.87,4523.51,4527.16,3079
26-05-2026 11:30,4527.21,4532.76,4526.95,4531.61,3048
26-05-2026 11:45,4531.64,4536.10,4528.26,4530.41,2756
26-05-2026 12:00,4530.42,4533.92,4528.63,4533.72,2889
26-05-2026 12:15,4533.75,4533.97,4528.42,4530.88,2754
26-05-2026 12:30,4530.92,4533.82,4525.82,4528.54,3378
26-05-2026 12:45,4528.56,4531.10,4522.02,4529.54,3124
26-05-2026 13:00,4529.59,4529.80,4521.63,4526.66,3235
26-05-2026 13:15,4526.67,4538.86,4525.22,4538.15,3173
26-05-2026 13:30,4538.16,4538.82,4527.06,4527.52,3113
26-05-2026 13:45,4527.66,4529.90,4520.53,4522.39,2888
26-05-2026 14:00,4522.17,4526.29,4520.12,4525.36,3028
26-05-2026 14:15,4525.34,4527.33,4520.23,4523.64,2775
26-05-2026 14:30,4524.11,4524.94,4519.29,4520.45,2645
26-05-2026 14:45,4520.47,4526.38,4518.14,4524.80,3102
26-05-2026 15:00,4524.82,4525.23,4512.04,4513.17,3108
26-05-2026 15:15,4513.13,4523.40,4513.00,4522.63,2877
26-05-2026 15:30,4522.69,4532.07,4519.35,4529.34,3076
26-05-2026 15:45,4529.30,4535.30,4527.49,4533.38,2874
26-05-2026 16:00,4533.42,4538.67,4531.39,4533.02,3176
26-05-2026 16:15,4533.11,4540.46,4533.04,4534.43,2977
26-05-2026 16:30,4534.60,4536.30,4531.64,4531.64,2630
26-05-2026 16:45,4531.71,4532.63,4522.74,4523.70,2945
26-05-2026 17:00,4523.50,4523.72,4504.55,4510.01,3747
26-05-2026 17:15,4509.98,4515.52,4503.51,4507.12,3403
26-05-2026 17:30,4507.17,4512.17,4504.62,4510.16,3493
26-05-2026 17:45,4510.18,4515.88,4503.67,4506.08,3266
26-05-2026 18:00,4506.12,4511.96,4500.65,4511.96,3426
26-05-2026 18:15,4511.94,4523.58,4510.49,4520.35,3457
26-05-2026 18:30,4520.29,4526.39,4516.47,4518.37,3473
26-05-2026 18:45,4518.36,4527.51,4518.11,4522.42,3442
26-05-2026 19:00,4522.52,4531.12,4521.23,4527.21,3972
26-05-2026 19:15,4527.52,4529.22,4512.23,4513.75,3952
26-05-2026 19:30,4513.87,4520.31,4507.79,4511.05,3907
26-05-2026 19:45,4510.87,4517.87,4508.63,4517.56,3600
26-05-2026 20:00,4517.55,4524.89,4516.83,4521.33,3631
26-05-2026 20:15,4521.24,4522.09,4512.64,4515.21,3552
26-05-2026 20:30,4515.51,4515.51,4508.01,4509.41,3662
26-05-2026 20:45,4509.39,4510.39,4504.82,4505.93,3499
26-05-2026 21:00,4505.99,4508.91,4502.22,4508.24,3577
26-05-2026 21:15,4508.15,4510.72,4505.93,4506.40,3359
26-05-2026 21:30,4506.95,4508.44,4500.44,4501.49,3068
26-05-2026 21:45,4501.46,4508.80,4499.40,4507.91,3006
26-05-2026 22:00,4507.90,4511.14,4506.06,4506.43,3022
26-05-2026 22:15,4506.44,4507.85,4502.99,4504.81,2946
26-05-2026 22:30,4504.82,4507.35,4503.16,4503.71,2877
26-05-2026 22:45,4503.65,4507.43,4500.38,4501.48,3079
26-05-2026 23:00,4501.31,4501.56,4496.93,4498.48,3228
26-05-2026 23:15,4498.46,4501.19,4490.00,4490.84,2917
26-05-2026 23:30,4490.74,4493.18,4482.33,4487.27,3161
26-05-2026 23:45,4487.20,4496.15,4486.40,4495.20,2736
27-05-2026 00:00,4495.17,4498.39,4494.12,4496.07,2410
27-05-2026 00:15,4496.05,4499.60,4496.05,4499.24,2444
27-05-2026 00:30,4499.30,4501.11,4497.64,4499.36,2338
27-05-2026 00:45,4499.39,4504.67,4499.32,4502.05,2384
27-05-2026 01:00,4502.02,4505.86,4500.77,4504.79,2386
27-05-2026 01:15,4504.81,4509.90,4504.10,4508.93,2742
27-05-2026 01:30,4508.89,4510.97,4506.14,4507.83,1573
27-05-2026 01:45,4507.90,4509.87,4506.25,4506.52,1079
27-05-2026 02:00,4506.53,4509.78,4505.95,4508.78,828
27-05-2026 02:15,4508.82,4509.85,4503.71,4507.04,1260
27-05-2026 03:30,4502.10,4509.61,4492.70,4504.32,1747
27-05-2026 03:45,4504.36,4509.77,4502.24,4503.97,1964
27-05-2026 04:00,4503.98,4505.78,4497.80,4500.34,1998
27-05-2026 04:15,4500.39,4512.27,4499.28,4510.76,1826
27-05-2026 04:30,4510.78,4513.59,4507.53,4508.74,1852
27-05-2026 04:45,4508.68,4512.15,4504.42,4512.15,1979
27-05-2026 05:00,4512.16,4527.01,4511.04,4526.82,2416
27-05-2026 05:15,4526.94,4527.64,4518.57,4519.69,2445
27-05-2026 05:30,4519.42,4525.72,4517.29,4522.03,2874
27-05-2026 05:45,4521.98,4522.50,4513.99,4517.88,2718
27-05-2026 06:00,4517.92,4520.82,4516.82,4518.65,2353
27-05-2026 06:15,4518.62,4522.16,4514.64,4515.08,2479
27-05-2026 06:30,4515.09,4520.85,4512.58,4519.43,3468
27-05-2026 06:45,4519.41,4521.08,4514.40,4515.88,2734
27-05-2026 07:00,4516.09,4517.05,4509.33,4509.99,2823
27-05-2026 07:15,4510.03,4510.51,4506.84,4507.84,2580
27-05-2026 07:30,4507.93,4509.43,4502.13,4504.12,3000
27-05-2026 07:45,4504.10,4505.72,4499.03,4505.47,2348
27-05-2026 08:00,4505.46,4506.00,4498.64,4499.89,2523
27-05-2026 08:15,4499.82,4506.84,4498.02,4505.70,2252
27-05-2026 08:30,4505.68,4510.22,4504.97,4509.09,2274
27-05-2026 08:45,4509.11,4511.86,4505.52,4507.04,2265
27-05-2026 09:00,4507.05,4507.18,4501.64,4504.08,1790
27-05-2026 09:15,4504.10,4505.42,4496.57,4497.05,1753
27-05-2026 09:30,4497.03,4503.13,4495.83,4502.97,1871
27-05-2026 09:45,4502.98,4503.29,4499.51,4499.51,1823
27-05-2026 10:00,4499.47,4508.37,4497.74,4508.36,2139
27-05-2026 10:15,4508.33,4517.23,4508.33,4510.10,2522
27-05-2026 10:30,4510.13,4513.86,4508.31,4509.04,2365
27-05-2026 10:45,4509.06,4509.06,4504.07,4507.19,2341
27-05-2026 11:00,4507.15,4508.79,4491.73,4493.43,3717
27-05-2026 11:15,4493.40,4502.29,4491.88,4497.46,3537
27-05-2026 11:30,4497.39,4499.14,4493.76,4494.03,3496
27-05-2026 11:45,4494.01,4495.86,4483.47,4486.18,3525
27-05-2026 12:00,4486.26,4487.51,4479.57,4487.44,3368
27-05-2026 12:15,4487.43,4490.16,4483.47,4485.16,2991
27-05-2026 12:30,4485.64,4488.50,4480.13,4480.19,3069
27-05-2026 12:45,4480.27,4489.09,4480.27,4486.18,2934
27-05-2026 13:00,4486.16,4488.48,4481.15,4482.69,2876
27-05-2026 13:15,4482.64,4483.94,4475.67,4481.93,2868
27-05-2026 13:30,4481.49,4489.16,4481.49,4486.16,3141
27-05-2026 13:45,4486.26,4492.65,4485.97,4489.04,2813
27-05-2026 14:00,4489.05,4496.63,4486.07,4496.08,2700
27-05-2026 14:15,4496.01,4498.68,4492.51,4497.78,2652
27-05-2026 14:30,4497.79,4497.79,4488.61,4491.67,2641
27-05-2026 14:45,4491.69,4495.18,4489.31,4489.99,2274
27-05-2026 15:00,4490.01,4492.16,4486.97,4488.58,2175
27-05-2026 15:15,4488.55,4493.17,4488.14,4490.13,1890
27-05-2026 15:30,4490.07,4490.54,4484.23,4485.43,2276
27-05-2026 15:45,4485.37,4486.32,4476.37,4476.97,2624
27-05-2026 16:00,4476.96,4477.05,4461.86,4465.75,3372
27-05-2026 16:15,4465.57,4466.93,4442.64,4445.68,3829
27-05-2026 16:30,4446.12,4453.17,4443.56,4451.21,3435
27-05-2026 16:45,4451.05,4452.23,4439.64,4440.85,3400
27-05-2026 17:00,4440.81,4444.14,4432.31,4443.08,3432
27-05-2026 17:15,4443.02,4444.67,4424.83,4428.21,3312
27-05-2026 17:30,4428.25,4437.67,4428.13,4430.39,3495
27-05-2026 17:45,4430.16,4466.36,4427.26,4454.62,4038
27-05-2026 18:00,4454.93,4460.04,4444.74,4446.99,3924
27-05-2026 18:15,4447.04,4448.12,4437.52,4438.81,3533
27-05-2026 18:30,4438.39,4438.99,4411.09,4416.69,4095
27-05-2026 18:45,4416.61,4421.26,4401.44,4405.12,3997
27-05-2026 19:00,4404.80,4425.66,4404.22,4419.39,4170
27-05-2026 19:15,4419.22,4434.02,4418.37,4427.41,4032
27-05-2026 19:30,4427.72,4455.44,4425.98,4447.98,4026
27-05-2026 19:45,4447.89,4455.08,4440.08,4445.49,3973
27-05-2026 20:00,4445.48,4449.07,4435.53,4443.06,3897
27-05-2026 20:15,4443.03,4446.19,4433.13,4433.89,3690
27-05-2026 20:30,4433.72,4438.37,4428.07,4431.90,3599
27-05-2026 20:45,4431.85,4435.81,4429.64,4435.73,3267
27-05-2026 21:00,4436.63,4441.46,4432.98,4434.00,3329
27-05-2026 21:15,4434.02,4438.71,4430.91,4436.41,3197
27-05-2026 21:30,4436.43,4441.83,4434.09,4440.12,3036
27-05-2026 21:45,4440.17,4447.65,4439.82,4446.74,2752
27-05-2026 22:00,4446.71,4453.14,4445.21,4450.75,2703
27-05-2026 22:15,4450.76,4453.21,4449.31,4450.77,2682
27-05-2026 22:30,4450.79,4451.55,4441.39,4444.04,3209
27-05-2026 22:45,4444.03,4451.22,4443.24,4449.77,2934
27-05-2026 23:00,4450.14,4454.23,4450.03,4450.60,2659
27-05-2026 23:15,4450.57,4453.98,4449.99,4450.28,2449
27-05-2026 23:30,4450.09,4452.06,4447.62,4450.03,2433
27-05-2026 23:45,4450.06,4458.51,4449.82,4455.45,2476
28-05-2026 00:00,4455.47,4456.36,4451.27,4453.31,2008
28-05-2026 00:15,4453.16,4454.92,4452.28,4454.28,1905
28-05-2026 00:30,4454.27,4454.73,4450.50,4451.74,1996
28-05-2026 00:45,4451.70,4453.98,4449.69,4450.98,2155
28-05-2026 01:00,4450.98,4454.67,4449.69,4453.60,2055
28-05-2026 01:15,4453.66,4453.68,4448.89,4450.90,2151
28-05-2026 01:30,4450.78,4455.12,4450.12,4455.09,1270
28-05-2026 01:45,4455.13,4458.77,4454.63,4454.95,1321
28-05-2026 02:00,4454.96,4455.58,4451.50,4453.56,1047
28-05-2026 02:15,4453.54,4456.02,4452.24,4455.94,816
28-05-2026 03:30,4463.01,4464.70,4454.93,4457.59,1152
28-05-2026 03:45,4457.60,4461.61,4456.26,4459.54,1490
28-05-2026 04:00,4459.50,4462.21,4455.05,4458.32,1747
28-05-2026 04:15,4458.31,4458.67,4455.50,4457.15,1370
28-05-2026 04:30,4457.16,4457.66,4451.66,4453.44,1879
28-05-2026 04:45,4453.45,4454.88,4449.30,4450.69,2249
28-05-2026 05:00,4450.70,4453.97,4449.29,4450.70,1933
28-05-2026 05:15,4450.71,4450.71,4444.08,4447.04,2477
28-05-2026 05:30,4447.07,4452.47,4444.43,4444.55,2976
28-05-2026 05:45,4444.53,4453.86,4443.94,4446.19,3057
28-05-2026 06:00,4446.21,4453.13,4443.86,4451.92,2741
28-05-2026 06:15,4452.20,4457.77,4450.59,4457.02,2554
28-05-2026 06:30,4457.37,4458.64,4437.79,4438.16,3636
28-05-2026 06:45,4438.14,4440.45,4417.30,4419.13,3598
28-05-2026 07:00,4419.13,4426.39,4415.83,4417.52,3707
28-05-2026 07:15,4417.62,4420.35,4406.91,4409.94,3751
28-05-2026 07:30,4409.92,4412.43,4396.56,4402.63,3662
28-05-2026 07:45,4402.67,4408.08,4399.56,4406.07,2967
28-05-2026 08:00,4406.03,4410.39,4400.69,4402.01,3284
28-05-2026 08:15,4402.00,4402.28,4392.54,4394.27,3314
28-05-2026 08:30,4394.31,4397.80,4390.17,4394.11,3364
28-05-2026 08:45,4394.09,4394.36,4382.36,4387.67,3532
28-05-2026 09:00,4387.53,4387.87,4370.78,4376.65,3668
28-05-2026 09:15,4376.28,4379.03,4368.36,4374.78,3386
28-05-2026 09:30,4374.76,4381.91,4369.73,4376.34,3250
28-05-2026 09:45,4376.41,4376.94,4366.52,4368.32,3253
28-05-2026 10:00,4368.34,4374.95,4368.28,4373.98,3076
28-05-2026 10:15,4373.99,4375.09,4368.24,4372.94,2945
28-05-2026 10:30,4373.09,4377.17,4367.10,4375.30,2950
28-05-2026 10:45,4375.24,4379.93,4371.63,4378.58,2851
28-05-2026 11:00,4378.95,4393.58,4374.98,4389.42,3666
28-05-2026 11:15,4389.45,4395.75,4387.62,4387.97,3292
28-05-2026 11:30,4388.07,4390.58,4374.72,4375.85,3281
28-05-2026 11:45,4375.86,4384.74,4374.19,4380.48,3204
28-05-2026 12:00,4380.43,4385.25,4376.83,4380.43,3037
28-05-2026 12:15,4380.42,4384.59,4379.15,4383.43,3050
28-05-2026 12:30,4383.47,4392.36,4383.47,4388.75,3139
28-05-2026 12:45,4389.17,4396.20,4386.26,4392.60,2980
28-05-2026 13:00,4392.52,4393.64,4385.43,4389.33,2921
28-05-2026 13:15,4389.27,4390.89,4382.80,4387.48,3055
28-05-2026 13:30,4387.59,4394.84,4386.33,4393.24,3220
28-05-2026 13:45,4393.17,4394.52,4387.38,4389.60,3109
28-05-2026 14:00,4389.61,4394.91,4386.14,4389.88,2927
28-05-2026 14:15,4389.97,4391.76,4385.80,4386.82,2580
28-05-2026 14:30,4386.70,4390.99,4386.35,4389.29,2777
28-05-2026 14:45,4389.19,4398.77,4388.57,4396.42,2879
28-05-2026 15:00,4396.07,4396.80,4390.11,4391.05,3080
28-05-2026 15:15,4391.10,4396.25,4389.75,4393.51,2855
28-05-2026 15:30,4393.52,4404.00,4391.47,4399.23,2845
28-05-2026 15:45,4399.69,4402.39,4393.59,4401.08,2757
28-05-2026 16:00,4401.07,4402.45,4388.07,4389.03,2955
28-05-2026 16:15,4388.87,4388.93,4375.32,4382.94,3531
28-05-2026 16:30,4382.49,4389.23,4381.54,4386.89,3148
28-05-2026 16:45,4386.76,4390.41,4384.26,4384.78,2820
28-05-2026 17:00,4384.81,4390.25,4381.25,4385.70,3030
28-05-2026 17:15,4385.72,4388.36,4381.00,4387.90,3114
28-05-2026 17:30,4387.88,4392.93,4387.88,4392.60,2951
28-05-2026 17:45,4392.57,4392.80,4379.58,4384.94,3025
28-05-2026 18:00,4384.96,4402.78,4383.69,4402.02,3776
28-05-2026 18:15,4402.33,4433.85,4401.52,4432.15,3791
28-05-2026 18:30,4432.23,4438.86,4425.04,4426.67,3973
28-05-2026 18:45,4426.95,4434.26,4425.69,4428.66,3584
28-05-2026 19:00,4428.92,4430.83,4418.14,4421.91,4068
28-05-2026 19:15,4421.65,4434.19,4421.62,4430.46,3857
28-05-2026 19:30,4430.02,4467.10,4420.79,4464.32,4060
28-05-2026 19:45,4464.34,4473.36,4451.52,4460.98,4223
28-05-2026 20:00,4460.90,4471.45,4452.85,4468.73,4129
28-05-2026 20:15,4468.83,4480.32,4461.98,4469.25,4120
28-05-2026 20:30,4469.75,4480.74,4468.68,4471.32,3946
28-05-2026 20:45,4471.39,4482.04,4469.28,4476.69,3700
28-05-2026 21:00,4477.19,4484.87,4477.19,4479.33,3625
28-05-2026 21:15,4479.30,4482.33,4478.55,4482.23,3148
28-05-2026 21:30,4482.25,4485.90,4477.89,4484.26,3254
28-05-2026 21:45,4484.33,4502.76,4484.10,4500.39,3817
28-05-2026 22:00,4500.61,4506.12,4497.63,4504.27,3373
28-05-2026 22:15,4504.25,4510.91,4504.25,4510.90,3324
28-05-2026 22:30,4511.02,4514.49,4503.51,4503.85,3367
28-05-2026 22:45,4503.85,4506.77,4501.15,4501.97,3334
28-05-2026 23:00,4502.44,4507.15,4502.40,4505.00,2795
28-05-2026 23:15,4505.01,4509.89,4504.63,4508.84,2762
28-05-2026 23:30,4508.88,4516.51,4506.20,4507.59,3235
28-05-2026 23:45,4507.62,4512.72,4505.40,4506.22,3241
29-05-2026 00:00,4506.23,4506.39,4500.85,4501.69,2919
29-05-2026 00:15,4501.70,4503.55,4498.50,4500.99,2820
29-05-2026 00:30,4501.39,4503.67,4498.58,4499.51,2525
29-05-2026 00:45,4499.57,4502.92,4499.57,4499.71,2233
29-05-2026 01:00,4499.78,4501.84,4498.95,4499.20,2265
29-05-2026 01:15,4499.64,4500.44,4497.05,4497.97,2677
29-05-2026 01:30,4497.78,4498.56,4494.85,4497.06,1895
29-05-2026 01:45,4497.08,4500.55,4496.35,4499.30,1456
29-05-2026 02:00,4499.32,4500.69,4494.92,4495.51,1490
29-05-2026 02:15,4495.55,4496.19,4494.53,4495.31,1096
29-05-2026 03:30,4498.97,4498.97,4491.18,4493.36,1039
29-05-2026 03:45,4493.32,4496.14,4492.50,4495.47,1131
29-05-2026 04:00,4495.48,4496.37,4493.00,4495.41,1545
29-05-2026 04:15,4495.41,4495.98,4490.76,4490.88,1383
29-05-2026 04:30,4490.89,4495.61,4490.89,4494.61,1560
29-05-2026 04:45,4494.64,4496.93,4491.73,4492.19,1392
29-05-2026 05:00,4492.18,4494.57,4489.15,4489.93,1977
29-05-2026 05:15,4489.95,4496.31,4488.99,4495.09,2134
29-05-2026 05:30,4495.19,4498.16,4492.16,4497.35,3131
29-05-2026 05:45,4497.15,4500.44,4495.86,4499.99,2684
29-05-2026 06:00,4499.86,4500.26,4493.34,4498.24,2481
29-05-2026 06:15,4498.22,4498.22,4493.25,4496.06,2449
29-05-2026 06:30,4496.25,4515.21,4492.36,4514.87,3830
29-05-2026 06:45,4514.87,4520.51,4505.23,4505.41,3528
29-05-2026 07:00,4505.39,4508.39,4502.43,4506.41,3374
29-05-2026 07:15,4506.39,4507.37,4501.05,4506.47,3158
29-05-2026 07:30,4506.41,4511.13,4504.07,4506.79,3075
29-05-2026 07:45,4506.83,4508.86,4501.86,4503.01,2364
29-05-2026 08:00,4503.02,4507.87,4498.37,4505.08,2879
29-05-2026 08:15,4505.09,4508.11,4501.26,4501.73,2820
29-05-2026 08:30,4501.52,4502.02,4494.97,4496.34,3092
29-05-2026 08:45,4496.39,4499.17,4495.21,4496.82,2866
29-05-2026 09:00,4496.82,4499.14,4494.83,4498.04,2192
29-05-2026 09:15,4498.03,4501.49,4496.32,4501.24,2104
29-05-2026 09:30,4501.13,4505.29,4500.99,4502.35,2197
29-05-2026 09:45,4502.26,4511.70,4501.95,4509.16,2422
29-05-2026 10:00,4509.13,4510.80,4508.41,4510.56,2051
29-05-2026 10:15,4510.57,4514.62,4508.15,4514.14,1858
29-05-2026 10:30,4514.07,4515.40,4508.88,4511.93,1838
29-05-2026 10:45,4511.91,4512.19,4509.38,4509.87,1748
29-05-2026 11:00,4509.86,4512.72,4502.62,4506.70,3004
29-05-2026 11:15,4506.71,4515.57,4504.01,4514.87,2761
29-05-2026 11:30,4514.98,4522.37,4511.02,4515.72,3252
29-05-2026 11:45,4515.74,4521.45,4509.99,4516.49,3119
29-05-2026 12:00,4516.50,4520.63,4511.25,4516.64,3152
29-05-2026 12:15,4516.59,4524.00,4515.18,4523.62,2837
29-05-2026 12:30,4523.23,4523.84,4515.96,4516.27,3132
29-05-2026 12:45,4516.19,4516.95,4510.68,4514.12,3113
29-05-2026 13:00,4514.13,4525.95,4512.80,4525.28,3244
29-05-2026 13:15,4525.25,4526.13,4522.00,4524.58,2493
29-05-2026 13:30,4524.10,4524.64,4514.12,4515.10,3105
29-05-2026 13:45,4515.09,4517.92,4512.49,4516.99,2970
29-05-2026 14:00,4516.93,4518.23,4513.72,4514.98,2297
29-05-2026 14:15,4514.89,4515.81,4509.86,4514.76,2526
29-05-2026 14:30,4514.85,4530.17,4512.90,4528.93,3017
29-05-2026 14:45,4529.21,4532.17,4522.10,4528.87,2994
29-05-2026 15:00,4528.89,4532.46,4524.77,4532.40,2939
29-05-2026 15:15,4532.39,4539.43,4529.58,4531.14,2965
29-05-2026 15:30,4530.79,4530.87,4525.50,4528.48,2737
29-05-2026 15:45,4528.45,4530.87,4525.62,4530.35,2754
29-05-2026 16:00,4530.36,4543.36,4530.27,4537.95,2980
29-05-2026 16:15,4537.98,4540.93,4535.29,4538.52,2765
29-05-2026 16:30,4538.53,4540.36,4530.81,4532.26,2843
29-05-2026 16:45,4532.24,4534.34,4526.82,4527.94,2913
29-05-2026 17:00,4527.95,4531.44,4525.89,4531.04,2560
29-05-2026 17:15,4531.19,4538.85,4527.32,4538.36,2788
29-05-2026 17:30,4538.50,4538.50,4526.90,4528.30,3172
29-05-2026 17:45,4528.31,4531.76,4519.98,4522.27,3156
29-05-2026 18:00,4522.36,4523.40,4512.72,4514.30,3439
29-05-2026 18:15,4514.08,4523.74,4512.64,4522.89,3318
29-05-2026 18:30,4523.00,4526.91,4517.03,4522.67,3656
29-05-2026 18:45,4522.80,4529.11,4521.23,4527.99,3355
29-05-2026 19:00,4527.78,4535.41,4522.36,4532.70,3920
29-05-2026 19:15,4532.58,4540.66,4529.47,4536.72,3814
29-05-2026 19:30,4536.71,4552.51,4535.13,4543.74,3999
29-05-2026 19:45,4543.78,4544.94,4526.14,4529.77,4010
29-05-2026 20:00,4529.42,4541.64,4525.31,4540.29,4004
29-05-2026 20:15,4540.28,4570.47,4536.82,4564.14,4076
29-05-2026 20:30,4564.20,4595.11,4564.20,4589.92,4204
29-05-2026 20:45,4589.92,4591.46,4578.24,4578.28,3948
29-05-2026 21:00,4578.21,4583.22,4561.44,4566.45,3927
29-05-2026 21:15,4566.55,4571.44,4557.69,4571.00,3710
29-05-2026 21:30,4571.08,4572.15,4559.95,4563.50,3427
29-05-2026 21:45,4563.44,4567.58,4560.38,4562.97,3193
29-05-2026 22:00,4562.99,4573.44,4561.86,4569.50,3488
29-05-2026 22:15,4569.27,4569.27,4560.80,4566.83,3221
29-05-2026 22:30,4566.88,4568.53,4563.29,4564.21,3047
29-05-2026 22:45,4564.08,4566.82,4560.97,4561.79,3357
29-05-2026 23:00,4561.80,4562.07,4553.37,4554.11,3198
29-05-2026 23:15,4554.09,4557.62,4551.57,4553.37,3286
29-05-2026 23:30,4553.39,4558.72,4552.52,4558.08,3126
29-05-2026 23:45,4558.06,4560.38,4555.62,4559.30,2980
30-05-2026 00:00,4559.32,4561.66,4557.51,4557.94,2599
30-05-2026 00:15,4557.95,4557.95,4550.69,4553.32,3207
30-05-2026 00:30,4553.35,4560.10,4552.32,4558.42,2695
30-05-2026 00:45,4558.33,4559.08,4554.57,4555.24,2408
30-05-2026 01:00,4555.15,4555.96,4550.83,4551.12,2656
30-05-2026 01:15,4551.12,4551.24,4542.56,4545.13,3242
30-05-2026 01:30,4545.05,4548.71,4542.33,4548.38,2068
30-05-2026 01:45,4548.36,4548.45,4541.80,4542.24,1426
30-05-2026 02:00,4542.21,4543.70,4540.90,4543.29,1369
30-05-2026 02:15,4543.11,4543.11,4538.95,4539.84,1264
01-06-2026 03:30,4533.40,4538.30,4516.21,4534.28,2127
01-06-2026 03:45,4534.29,4536.26,4530.95,4532.76,2408
01-06-2026 04:00,4532.37,4536.41,4530.90,4535.40,2336
01-06-2026 04:15,4535.42,4540.17,4534.62,4535.09,2093
01-06-2026 04:30,4535.12,4543.18,4535.04,4542.42,1944
01-06-2026 04:45,4542.44,4545.02,4540.10,4544.82,1864
01-06-2026 05:00,4544.91,4545.68,4538.50,4541.89,2188
01-06-2026 05:15,4541.89,4544.75,4538.49,4539.53,2719
01-06-2026 05:30,4539.48,4546.06,4537.45,4540.73,2935
01-06-2026 05:45,4540.55,4544.41,4537.71,4543.12,2836
01-06-2026 06:00,4543.09,4544.84,4535.22,4535.93,2718
01-06-2026 06:15,4535.92,4542.70,4535.92,4540.56,2678
01-06-2026 06:30,4540.70,4541.22,4526.27,4533.93,3639
01-06-2026 06:45,4533.98,4536.59,4527.83,4528.68,3296
01-06-2026 07:00,4528.76,4533.85,4526.95,4533.13,3354
01-06-2026 07:15,4533.06,4533.67,4523.68,4525.42,3186
01-06-2026 07:30,4525.41,4533.99,4524.30,4532.03,3162
01-06-2026 07:45,4532.05,4534.35,4529.32,4530.29,2120
01-06-2026 08:00,4530.35,4531.04,4522.49,4522.85,3102
01-06-2026 08:15,4522.85,4524.97,4521.11,4521.36,2997
01-06-2026 08:30,4521.35,4525.48,4515.54,4518.84,2891
01-06-2026 08:45,4518.86,4521.29,4513.68,4520.37,2909
01-06-2026 09:00,4520.21,4524.01,4509.78,4510.60,2485
01-06-2026 09:15,4510.59,4516.21,4509.81,4516.19,2161
01-06-2026 09:30,4516.18,4519.59,4512.40,4514.55,1857
01-06-2026 09:45,4514.53,4518.39,4514.52,4515.78,1603
01-06-2026 10:00,4515.80,4517.19,4513.52,4514.53,1859
01-06-2026 10:15,4514.60,4515.17,4508.65,4514.42,2009
01-06-2026 10:30,4514.38,4519.22,4513.51,4518.06,2262
01-06-2026 10:45,4518.18,4523.51,4517.47,4520.39,2014
01-06-2026 11:00,4520.43,4521.97,4512.65,4519.76,3244
01-06-2026 11:15,4519.73,4525.11,4517.05,4518.22,3027
01-06-2026 11:30,4518.11,4518.73,4512.69,4514.07,3168
01-06-2026 11:45,4513.96,4515.70,4504.53,4513.99,3097
01-06-2026 12:00,4514.42,4514.71,4501.68,4504.48,3113
01-06-2026 12:15,4504.50,4504.78,4500.19,4501.63,3124
01-06-2026 12:30,4501.60,4509.90,4500.65,4507.22,3201
01-06-2026 12:45,4507.22,4508.32,4503.30,4503.91,2922
01-06-2026 13:00,4503.90,4507.63,4497.83,4498.09,3011
01-06-2026 13:15,4498.04,4503.05,4492.49,4503.03,3122
01-06-2026 13:30,4502.93,4504.42,4493.52,4495.59,3266
01-06-2026 13:45,4495.51,4496.66,4490.50,4495.89,2931
01-06-2026 14:00,4495.81,4500.35,4492.50,4500.02,2526
01-06-2026 14:15,4500.08,4502.44,4495.57,4498.03,2779
01-06-2026 14:30,4498.05,4500.74,4497.65,4499.47,2639
01-06-2026 14:45,4499.59,4506.16,4496.33,4496.33,2920
01-06-2026 15:00,4496.34,4499.20,4489.26,4498.28,3130
01-06-2026 15:15,4498.28,4498.47,4493.91,4495.93,2878
01-06-2026 15:30,4495.95,4502.06,4495.95,4501.44,2547
01-06-2026 15:45,4501.43,4503.34,4496.11,4500.88,2358
01-06-2026 16:00,4500.88,4507.19,4500.50,4505.76,2714
01-06-2026 16:15,4505.87,4510.88,4502.57,4503.88,2798
01-06-2026 16:30,4503.84,4506.64,4499.76,4504.95,2868
01-06-2026 16:45,4505.03,4512.83,4504.11,4510.59,2684
01-06-2026 17:00,4510.60,4512.26,4506.13,4507.09,2557
01-06-2026 17:15,4507.10,4509.71,4505.36,4505.75,2552
01-06-2026 17:30,4505.78,4509.58,4503.03,4503.22,2784
01-06-2026 17:45,4503.21,4507.67,4497.35,4505.35,3115
01-06-2026 18:00,4505.48,4508.22,4497.65,4507.57,3248
01-06-2026 18:15,4507.32,4510.37,4498.52,4502.17,3287
01-06-2026 18:30,4502.81,4503.81,4472.40,4484.06,3850
01-06-2026 18:45,4484.24,4489.77,4462.37,4464.97,4195
01-06-2026 19:00,4464.64,4478.51,4458.80,4467.21,4230
01-06-2026 19:15,4466.89,4469.46,4448.85,4450.11,4109
01-06-2026 19:30,4450.25,4462.07,4447.62,4461.25,4099
01-06-2026 19:45,4461.24,4464.91,4449.67,4456.15,3994
01-06-2026 20:00,4455.93,4461.48,4453.73,4459.91,3832
01-06-2026 20:15,4459.90,4461.24,4452.25,4458.64,3729
01-06-2026 20:30,4458.93,4465.32,4455.46,4464.14,3731
01-06-2026 20:45,4464.26,4470.25,4463.21,4468.35,3477
01-06-2026 21:00,4468.31,4479.98,4468.14,4472.26,3852
01-06-2026 21:15,4472.21,4475.38,4468.62,4474.08,3242
01-06-2026 21:30,4474.09,4478.24,4465.14,4467.27,3136
01-06-2026 21:45,4467.10,4469.18,4463.05,4467.94,3097
01-06-2026 22:00,4467.90,4471.85,4467.71,4468.05,3076
01-06-2026 22:15,4468.04,4482.08,4467.37,4480.00,3428
01-06-2026 22:30,4480.11,4480.85,4471.33,4474.94,3288
01-06-2026 22:45,4474.93,4482.82,4472.28,4482.70,2939
01-06-2026 23:00,4482.80,4491.51,4480.43,4491.50,3758
01-06-2026 23:15,4491.46,4495.39,4487.40,4487.48,3292
01-06-2026 23:30,4487.54,4490.15,4486.27,4488.57,2576
01-06-2026 23:45,4488.58,4490.05,4486.43,4486.63,2397
02-06-2026 00:00,4486.88,4488.07,4484.81,4487.87,1951
02-06-2026 00:15,4487.88,4488.56,4486.49,4486.65,2021
02-06-2026 00:30,4486.63,4488.17,4484.74,4485.35,2257
02-06-2026 00:45,4485.48,4486.46,4484.30,4484.65,2100
02-06-2026 01:00,4484.59,4485.72,4483.04,4483.44,2301
02-06-2026 01:15,4483.32,4484.27,4479.09,4481.11,2890
02-06-2026 01:30,4481.12,4484.22,4480.08,4483.37,1580
02-06-2026 01:45,4483.43,4484.25,4482.07,4483.11,1056
02-06-2026 02:00,4483.08,4484.67,4482.08,4482.51,1223
02-06-2026 02:15,4482.33,4485.43,4480.90,4484.34,1084
02-06-2026 03:30,4485.88,4485.88,4481.27,4484.34,997
02-06-2026 03:45,4484.25,4484.92,4481.04,4481.13,1494
02-06-2026 04:00,4481.13,4483.35,4479.58,4481.45,1016
02-06-2026 04:15,4481.42,4486.39,4481.42,4485.63,1057
02-06-2026 04:30,4485.45,4487.75,4481.67,4486.13,1184
02-06-2026 04:45,4486.11,4488.21,4485.42,4487.23,924
02-06-2026 05:00,4487.24,4487.49,4480.56,4483.41,1799
02-06-2026 05:15,4483.30,4485.85,4479.37,4484.38,1996
02-06-2026 05:30,4484.74,4485.17,4476.44,4481.16,3274
02-06-2026 05:45,4481.13,4493.70,4480.94,4493.67,3115
02-06-2026 06:00,4493.59,4497.04,4485.43,4487.09,2846
02-06-2026 06:15,4487.06,4487.77,4480.70,4481.31,3009
02-06-2026 06:30,4480.86,4491.95,4473.86,4489.83,3889
02-06-2026 06:45,4489.87,4492.19,4480.89,4486.21,3718
02-06-2026 07:00,4486.34,4489.42,4479.45,4479.82,3496
02-06-2026 07:15,4479.81,4482.21,4462.84,4474.12,3701
02-06-2026 07:30,4474.06,4480.98,4472.27,4480.48,3464
02-06-2026 07:45,4480.49,4484.83,4478.71,4481.88,2800
02-06-2026 08:00,4481.85,4485.69,4474.36,4476.43,2992
02-06-2026 08:15,4476.41,4486.43,4473.55,4485.85,2722
02-06-2026 08:30,4485.89,4492.60,4485.66,4488.20,2988
02-06-2026 08:45,4488.16,4497.27,4485.65,4495.12,2955
02-06-2026 09:00,4495.11,4499.27,4493.01,4497.12,2668
02-06-2026 09:15,4497.13,4499.43,4495.32,4499.25,1941
02-06-2026 09:30,4499.25,4505.44,4497.70,4504.62,2135
02-06-2026 09:45,4504.56,4510.24,4504.10,4504.46,2269
02-06-2026 10:00,4504.44,4510.92,4503.43,4510.13,2104
02-06-2026 10:15,4510.06,4518.14,4509.77,4517.30,2059
02-06-2026 10:30,4517.32,4518.60,4515.16,4518.43,2194
02-06-2026 10:45,4518.47,4521.73,4516.68,4519.69,2432
02-06-2026 11:00,4519.75,4528.17,4519.68,4524.36,3418
02-06-2026 11:15,4525.10,4526.12,4516.13,4516.95,2900
02-06-2026 11:30,4517.04,4524.92,4516.85,4518.93,3002
02-06-2026 11:45,4518.94,4533.84,4517.98,4533.06,3186
02-06-2026 12:00,4533.05,4538.17,4531.64,4532.61,2972
02-06-2026 12:15,4532.67,4536.74,4531.87,4535.80,2458
02-06-2026 12:30,4535.65,4541.38,4533.14,4539.95,2887
02-06-2026 12:45,4539.78,4540.45,4533.26,4533.98,2747
02-06-2026 13:00,4533.91,4535.24,4531.11,4531.82,2530
02-06-2026 13:15,4531.79,4535.43,4527.91,4535.02,2706
02-06-2026 13:30,4535.39,4539.04,4533.04,4534.72,2991
02-06-2026 13:45,4534.87,4535.40,4529.96,4531.10,2893
02-06-2026 14:00,4530.82,4533.31,4528.20,4528.71,2644
02-06-2026 14:15,4528.48,4529.96,4525.88,4526.60,2548
02-06-2026 14:30,4526.62,4534.17,4525.22,4533.89,2675
02-06-2026 14:45,4533.87,4535.64,4525.38,4526.73,2776
02-06-2026 15:00,4527.06,4527.22,4521.52,4525.52,2827
02-06-2026 15:15,4525.38,4531.45,4524.98,4529.91,2270
02-06-2026 15:30,4529.74,4531.64,4527.58,4528.86,2232
02-06-2026 15:45,4528.63,4529.55,4524.57,4528.33,2169
02-06-2026 16:00,4528.31,4528.72,4525.38,4528.72,1914
02-06-2026 16:15,4528.73,4533.91,4528.72,4533.10,2223
02-06-2026 16:30,4533.14,4534.59,4528.68,4528.80,2401
02-06-2026 16:45,4528.75,4529.59,4526.52,4529.48,2220
02-06-2026 17:00,4530.05,4530.69,4526.12,4526.83,2395
02-06-2026 17:15,4526.83,4530.48,4525.50,4527.43,2342
02-06-2026 17:30,4527.63,4528.57,4524.83,4526.22,2632
02-06-2026 17:45,4526.21,4533.88,4523.96,4529.22,3013
02-06-2026 18:00,4529.22,4533.58,4521.89,4524.99,3202
02-06-2026 18:15,4525.10,4525.88,4513.43,4514.56,3205
02-06-2026 18:30,4514.47,4524.71,4511.90,4514.05,3707
02-06-2026 18:45,4514.04,4517.00,4509.88,4510.73,3521
02-06-2026 19:00,4510.61,4514.35,4506.16,4508.37,4061
02-06-2026 19:15,4508.35,4513.61,4502.58,4502.58,3812
02-06-2026 19:30,4502.40,4506.96,4498.31,4504.10,3879
02-06-2026 19:45,4504.11,4504.97,4490.21,4495.53,3955
02-06-2026 20:00,4495.84,4505.30,4495.54,4504.39,3559
02-06-2026 20:15,4504.40,4506.30,4500.79,4504.06,3467
02-06-2026 20:30,4504.10,4508.06,4501.50,4503.41,3435
02-06-2026 20:45,4503.37,4506.17,4501.47,4505.34,3237
02-06-2026 21:00,4505.34,4508.48,4500.07,4502.42,3292
02-06-2026 21:15,4502.40,4506.99,4501.18,4502.02,2925
02-06-2026 21:30,4502.00,4502.84,4498.05,4498.12,3218
02-06-2026 21:45,4498.12,4498.37,4490.25,4490.25,3198
02-06-2026 22:00,4490.27,4491.40,4486.32,4489.73,3060
02-06-2026 22:15,4489.69,4491.90,4489.08,4491.90,2575
02-06-2026 22:30,4491.82,4492.92,4486.72,4489.52,3028
02-06-2026 22:45,4489.53,4491.54,4486.36,4491.19,3129
02-06-2026 23:00,4491.00,4491.66,4481.99,4484.52,3184
02-06-2026 23:15,4484.50,4486.55,4482.45,4484.56,2775
02-06-2026 23:30,4484.61,4488.51,4484.30,4485.09,2754
02-06-2026 23:45,4485.06,4490.89,4484.05,4488.29,2887
03-06-2026 00:00,4488.36,4489.30,4478.66,4480.49,2911
03-06-2026 00:15,4480.46,4490.43,4480.18,4487.31,2523
03-06-2026 00:30,4487.47,4489.09,4487.14,4487.23,2206
03-06-2026 00:45,4487.19,4489.62,4485.63,4489.51,2255
03-06-2026 01:00,4489.39,4490.28,4483.37,4487.24,2376
03-06-2026 01:15,4487.29,4488.51,4485.57,4488.01,2726
03-06-2026 01:30,4487.90,4489.84,4486.12,4489.82,1429
03-06-2026 01:45,4489.79,4491.00,4488.46,4489.70,1014
03-06-2026 02:00,4489.73,4490.89,4488.80,4488.93,1013
03-06-2026 02:15,4488.93,4489.52,4486.37,4487.56,1097
03-06-2026 03:30,4491.56,4492.47,4487.50,4489.00,1214
03-06-2026 03:45,4488.98,4491.25,4487.15,4489.73,1500
03-06-2026 04:00,4489.46,4491.04,4487.02,4488.76,1407
03-06-2026 04:15,4488.72,4492.00,4484.03,4484.60,2160
03-06-2026 04:30,4484.70,4488.66,4474.48,4477.32,2630
03-06-2026 04:45,4477.39,4477.39,4462.18,4467.45,3208
03-06-2026 05:00,4467.49,4474.84,4462.47,4474.79,3041
03-06-2026 05:15,4474.80,4475.15,4468.89,4474.34,2664
03-06-2026 05:30,4474.33,4479.77,4473.75,4475.77,2660
03-06-2026 05:45,4475.78,4483.20,4474.26,4483.03,2371
03-06-2026 06:00,4483.04,4496.71,4481.15,4495.79,2479
03-06-2026 06:15,4495.80,4495.94,4485.89,4486.09,2401
03-06-2026 06:30,4485.88,4487.66,4467.11,4471.39,3799
03-06-2026 06:45,4471.39,4472.63,4463.27,4467.09,3391
03-06-2026 07:00,4467.11,4472.89,4464.83,4470.39,3265
03-06-2026 07:15,4470.13,4477.08,4469.99,4475.67,2882
03-06-2026 07:30,4475.70,4481.35,4472.69,4480.52,2776
03-06-2026 07:45,4480.52,4480.94,4474.08,4478.77,2366
03-06-2026 08:00,4478.85,4485.08,4474.78,4479.19,2820
03-06-2026 08:15,4479.17,4481.94,4472.96,4481.91,2878
03-06-2026 08:30,4481.85,4487.60,4481.85,4485.34,2692
03-06-2026 08:45,4485.40,4487.16,4483.07,4483.36,2395
03-06-2026 09:00,4483.45,4485.67,4483.10,4484.38,1679
03-06-2026 09:15,4484.35,4486.17,4482.44,4484.31,1419
03-06-2026 09:30,4484.44,4486.92,4484.01,4486.72,1652
03-06-2026 09:45,4486.79,4488.08,4477.03,4477.03,1617
03-06-2026 10:00,4476.74,4477.27,4470.78,4473.38,1860
03-06-2026 10:15,4473.37,4474.01,4468.32,4469.29,1630
03-06-2026 10:30,4469.28,4473.52,4467.09,4473.16,2444
03-06-2026 10:45,4473.18,4474.19,4466.36,4468.50,2171
03-06-2026 11:00,4468.59,4468.86,4459.00,4461.94,3199
03-06-2026 11:15,4461.85,4468.13,4456.57,4456.88,2820
03-06-2026 11:30,4456.92,4467.23,4456.82,4466.01,3345
03-06-2026 11:45,4466.02,4470.80,4458.87,4462.38,3255
03-06-2026 12:00,4462.20,4464.92,4457.09,4460.46,3385
03-06-2026 12:15,4460.37,4462.90,4455.14,4462.89,2999
03-06-2026 12:30,4462.83,4472.11,4459.82,4469.53,3217
03-06-2026 12:45,4469.56,4469.90,4456.17,4456.17,3051
03-06-2026 13:00,4456.15,4463.18,4454.26,4458.71,3220
03-06-2026 13:15,4459.03,4463.86,4452.81,4453.22,2853
03-06-2026 13:30,4453.33,4459.07,4450.95,4455.36,3091
03-06-2026 13:45,4455.83,4457.57,4450.63,4457.43,3055
03-06-2026 14:00,4457.39,4458.96,4454.34,4456.41,2776
03-06-2026 14:15,4456.39,4457.66,4440.18,4443.92,3102
03-06-2026 14:30,4443.72,4458.88,4441.88,4451.22,3106
03-06-2026 14:45,4450.94,4451.87,4439.32,4439.81,3102
03-06-2026 15:00,4439.79,4448.30,4438.92,4446.60,2942
03-06-2026 15:15,4446.38,4447.87,4440.83,4442.95,2767
03-06-2026 15:30,4442.91,4466.64,4440.86,4462.94,3681
03-06-2026 15:45,4462.92,4464.23,4453.52,4459.81,3348
03-06-2026 16:00,4459.91,4462.53,4453.24,4454.02,2869
03-06-2026 16:15,4454.03,4461.13,4453.77,4458.90,2688
03-06-2026 16:30,4458.89,4467.97,4458.89,4461.90,3111
03-06-2026 16:45,4461.96,4465.56,4459.08,4464.46,2812
03-06-2026 17:00,4464.42,4467.03,4459.41,4460.20,2695
03-06-2026 17:15,4460.31,4464.79,4458.40,4462.33,2883
03-06-2026 17:30,4462.70,4464.45,4457.04,4459.05,3144
03-06-2026 17:45,4459.06,4462.29,4451.92,4452.66,3290
03-06-2026 18:00,4453.06,4460.47,4448.11,4458.99,3515
03-06-2026 18:15,4458.76,4467.13,4455.37,4460.29,3514
03-06-2026 18:30,4460.24,4465.92,4457.94,4462.18,3702
03-06-2026 18:45,4462.27,4463.18,4445.77,4448.48,3552
03-06-2026 19:00,4448.50,4453.12,4427.43,4427.53,3998
03-06-2026 19:15,4427.19,4450.05,4426.29,4445.78,4013
03-06-2026 19:30,4446.00,4456.66,4442.33,4454.51,4053
03-06-2026 19:45,4454.52,4458.25,4445.75,4451.96,4022
03-06-2026 20:00,4451.46,4453.39,4447.10,4448.17,3867
03-06-2026 20:15,4448.16,4459.52,4447.92,4457.16,3742
03-06-2026 20:30,4457.09,4458.29,4445.03,4445.85,3794
03-06-2026 20:45,4445.78,4450.90,4439.54,4445.24,3922
03-06-2026 21:00,4444.52,4445.50,4436.84,4440.03,3639
03-06-2026 21:15,4439.99,4443.91,4437.97,4442.17,3262
03-06-2026 21:30,4442.10,4443.66,4437.22,4439.12,3371
03-06-2026 21:45,4439.32,4441.25,4433.86,4437.52,3391
03-06-2026 22:00,4437.48,4440.68,4435.31,4438.93,3258
03-06-2026 22:15,4438.70,4442.79,4436.92,4441.77,3130
03-06-2026 22:30,4442.33,4448.32,4441.52,4441.77,3352
03-06-2026 22:45,4441.79,4443.37,4437.78,4438.91,3168
03-06-2026 23:00,4438.89,4442.18,4435.49,4440.52,2960
03-06-2026 23:15,4440.55,4440.77,4436.99,4438.95,2787
03-06-2026 23:30,4438.93,4440.52,4435.43,4436.82,2902
03-06-2026 23:45,4436.81,4440.62,4434.45,4440.11,2717
04-06-2026 00:00,4440.21,4442.49,4436.80,4439.90,2739
04-06-2026 00:15,4439.87,4442.83,4439.58,4442.02,2507
04-06-2026 00:30,4441.97,4449.90,4441.36,4449.66,2919
04-06-2026 00:45,4449.71,4452.16,4446.45,4447.91,2827
04-06-2026 01:00,4448.02,4449.57,4446.61,4446.81,2485
04-06-2026 01:15,4446.83,4447.24,4442.99,4443.80,2827
04-06-2026 01:30,4443.86,4445.32,4438.51,4439.98,2053
04-06-2026 01:45,4440.08,4440.23,4437.34,4438.99,1988
04-06-2026 02:00,4438.95,4439.51,4432.32,4433.39,2034
04-06-2026 02:15,4433.32,4434.58,4430.11,4433.98,1603
04-06-2026 03:30,4436.49,4439.47,4428.98,4431.42,1711
04-06-2026 03:45,4431.53,4435.10,4423.62,4433.57,2663
04-06-2026 04:00,4433.56,4440.18,4433.52,4436.60,2495
04-06-2026 04:15,4436.55,4452.45,4436.47,4448.83,2683
04-06-2026 04:30,4448.84,4450.32,4445.31,4447.79,2505
04-06-2026 04:45,4447.78,4451.44,4447.24,4450.76,2358
04-06-2026 05:00,4450.75,4453.93,4446.24,4453.57,2539
04-06-2026 05:15,4453.51,4464.59,4453.51,4457.22,3279
04-06-2026 05:30,4457.21,4465.12,4453.02,4453.40,3675
04-06-2026 05:45,4453.41,4456.52,4447.62,4450.66,3421
04-06-2026 06:00,4450.69,4452.86,4444.05,4448.27,3407
04-06-2026 06:15,4448.38,4452.86,4445.03,4448.37,3344
04-06-2026 06:30,4448.36,4467.17,4443.35,4464.23,3940
04-06-2026 06:45,4464.22,4473.49,4459.55,4465.99,3634
04-06-2026 07:00,4465.98,4470.04,4458.67,4459.14,3753
04-06-2026 07:15,4459.19,4467.14,4456.82,4465.72,3770
04-06-2026 07:30,4465.73,4467.22,4455.51,4462.82,3587
04-06-2026 07:45,4462.93,4463.42,4458.58,4460.65,3121
04-06-2026 08:00,4460.64,4464.72,4457.92,4462.37,3395
04-06-2026 08:15,4462.36,4476.40,4462.36,4475.01,3540
04-06-2026 08:30,4474.97,4477.21,4470.27,4471.80,3271
04-06-2026 08:45,4471.79,4472.33,4465.93,4469.35,2955
04-06-2026 09:00,4469.25,4470.80,4460.79,4460.79,2845
04-06-2026 09:15,4460.52,4464.82,4458.28,4463.72,2692
04-06-2026 09:30,4463.75,4471.18,4462.31,4470.98,2469
04-06-2026 09:45,4471.02,4476.20,4469.92,4474.64,2423
04-06-2026 10:00,4474.54,4484.03,4474.53,4482.80,2916
04-06-2026 10:15,4482.79,4483.48,4478.62,4480.97,2172
04-06-2026 10:30,4481.03,4482.34,4471.48,4477.07,2647
04-06-2026 10:45,4477.23,4477.54,4470.93,4473.24,2461
04-06-2026 11:00,4473.22,4475.75,4470.71,4474.54,3211
04-06-2026 11:15,4474.52,4474.76,4466.84,4469.13,3303
04-06-2026 11:30,4469.12,4477.12,4468.01,4473.62,3272
04-06-2026 11:45,4473.61,4474.14,4466.61,4472.08,3289
04-06-2026 12:00,4472.04,4476.84,4468.99,4469.20,3320
04-06-2026 12:15,4469.19,4470.36,4462.94,4467.57,3174
04-06-2026 12:30,4467.70,4470.77,4462.35,4464.02,3293
04-06-2026 12:45,4464.01,4470.38,4461.78,4465.14,3077
04-06-2026 13:00,4465.03,4467.90,4460.07,4461.34,2924
04-06-2026 13:15,4461.30,4462.28,4459.73,4461.60,2848
04-06-2026 13:30,4461.48,4467.98,4459.66,4460.55,3344
04-06-2026 13:45,4460.33,4465.56,4458.62,4463.27,3473
04-06-2026 14:00,4463.91,4469.33,4460.01,4463.29,3390
04-06-2026 14:15,4463.34,4465.91,4459.82,4463.28,3062
04-06-2026 14:30,4463.27,4469.36,4461.00,4463.39,3269
04-06-2026 14:45,4463.40,4467.47,4462.85,4464.69,3234
04-06-2026 15:00,4464.64,4469.11,4461.70,4467.87,3160
04-06-2026 15:15,4467.99,4475.61,4467.39,4470.33,3102
04-06-2026 15:30,4470.35,4472.04,4468.26,4471.14,2894
04-06-2026 15:45,4471.25,4471.46,4464.20,4467.47,2658
04-06-2026 16:00,4467.44,4472.72,4466.32,4471.20,2557
04-06-2026 16:15,4471.77,4473.73,4468.40,4473.55,2994
04-06-2026 16:30,4473.58,4478.67,4468.76,4473.52,2973
04-06-2026 16:45,4473.51,4491.06,4473.42,4489.45,3401
04-06-2026 17:00,4489.48,4492.22,4482.18,4491.36,3683
04-06-2026 17:15,4491.49,4514.66,4491.46,4511.68,3786
04-06-2026 17:30,4511.47,4513.83,4491.54,4493.76,3822
04-06-2026 17:45,4493.78,4499.90,4491.18,4498.49,3280
04-06-2026 18:00,4498.46,4502.07,4496.97,4502.05,3190
04-06-2026 18:15,4502.04,4510.82,4498.99,4504.08,3467
04-06-2026 18:30,4504.03,4509.92,4500.27,4503.17,3627
04-06-2026 18:45,4503.18,4509.16,4501.70,4504.51,3427
04-06-2026 19:00,4504.69,4514.79,4502.15,4514.69,4119
04-06-2026 19:15,4514.51,4515.29,4495.36,4495.79,4137
04-06-2026 19:30,4495.67,4499.85,4486.02,4487.63,4094
04-06-2026 19:45,4487.64,4493.71,4483.95,4486.15,3928
04-06-2026 20:00,4486.08,4486.82,4472.37,4474.51,3827
04-06-2026 20:15,4474.82,4475.40,4456.98,4465.74,4030
04-06-2026 20:30,4465.92,4474.57,4463.77,4471.85,3707
04-06-2026 20:45,4471.83,4473.80,4469.06,4470.87,3279
04-06-2026 21:00,4470.83,4477.20,4469.60,4472.60,3058
04-06-2026 21:15,4472.55,4478.90,4469.90,4477.37,3242
04-06-2026 21:30,4477.37,4484.13,4475.32,4479.06,3355
04-06-2026 21:45,4479.11,4485.03,4479.11,4483.53,2979
04-06-2026 22:00,4483.52,4483.99,4479.65,4481.45,3274
04-06-2026 22:15,4481.43,4483.89,4480.28,4482.77,3000
04-06-2026 22:30,4482.67,4482.67,4475.97,4475.97,2766
04-06-2026 22:45,4476.03,4479.29,4473.97,4476.82,2911
04-06-2026 23:00,4476.76,4481.53,4476.03,4476.66,2980
04-06-2026 23:15,4476.67,4480.30,4476.64,4478.10,2693
04-06-2026 23:30,4478.15,4479.96,4476.26,4478.98,2528
04-06-2026 23:45,4478.95,4480.96,4477.28,4478.08,2552
05-06-2026 00:00,4477.53,4477.82,4472.66,4474.01,2638
05-06-2026 00:15,4474.05,4479.43,4473.77,4478.03,2505
05-06-2026 00:30,4478.06,4483.30,4476.09,4478.06,2616
05-06-2026 00:45,4478.08,4480.14,4477.64,4480.03,2307
05-06-2026 01:00,4480.08,4480.31,4477.30,4477.93,2301
05-06-2026 01:15,4477.76,4482.34,4476.75,4480.71,2817
05-06-2026 01:30,4480.70,4481.60,4477.75,4477.75,1677
05-06-2026 01:45,4477.68,4479.03,4476.56,4477.64,1270
05-06-2026 02:00,4477.55,4477.55,4475.08,4475.10,1287
05-06-2026 02:15,4475.11,4475.48,4474.01,4474.89,1041
05-06-2026 03:30,4474.11,4475.76,4472.40,4474.85,1069
05-06-2026 03:45,4474.88,4480.42,4474.13,4478.50,1777
05-06-2026 04:00,4478.46,4481.35,4475.02,4475.02,1916
05-06-2026 04:15,4475.02,4475.98,4468.62,4469.52,2034
05-06-2026 04:30,4469.63,4474.03,4464.27,4470.92,2526
05-06-2026 04:45,4470.91,4473.31,4466.60,4469.19,2194
05-06-2026 05:00,4469.18,4469.55,4461.93,4463.20,2008
05-06-2026 05:15,4463.19,4465.97,4460.41,4461.66,2668
05-06-2026 05:30,4461.51,4464.96,4454.54,4455.20,3576
05-06-2026 05:45,4455.25,4457.60,4450.55,4457.45,3533
05-06-2026 06:00,4457.50,4466.87,4456.14,4463.10,3138
05-06-2026 06:15,4463.36,4466.49,4458.47,4459.37,3194
05-06-2026 06:30,4459.12,4470.01,4452.85,4460.24,4030
05-06-2026 06:45,4459.98,4464.90,4449.32,4458.60,3936
05-06-2026 07:00,4458.78,4459.68,4445.29,4445.92,3798
05-06-2026 07:15,4445.93,4450.72,4444.00,4446.66,3508
05-06-2026 07:30,4446.72,4450.93,4442.42,4449.30,3563
05-06-2026 07:45,4449.31,4454.94,4445.82,4451.10,2872
05-06-2026 08:00,4451.08,4451.73,4438.45,4442.89,3623
05-06-2026 08:15,4442.90,4449.90,4439.95,4440.49,3501
05-06-2026 08:30,4440.49,4441.20,4436.65,4440.76,3458
05-06-2026 08:45,4440.77,4443.80,4435.20,4436.70,3328
05-06-2026 09:00,4436.73,4442.31,4436.28,4440.86,2796
05-06-2026 09:15,4440.86,4443.26,4439.13,4442.28,2470
05-06-2026 09:30,4442.29,4444.60,4438.29,4441.58,2740
05-06-2026 09:45,4441.70,4443.76,4438.88,4439.56,2536
05-06-2026 10:00,4439.57,4444.07,4437.33,4440.78,2642
05-06-2026 10:15,4440.79,4446.26,4439.59,4444.90,2566
05-06-2026 10:30,4444.91,4449.85,4443.18,4448.87,2924
05-06-2026 10:45,4448.84,4449.03,4442.16,4444.63,2540
05-06-2026 11:00,4444.41,4447.98,4439.50,4443.65,3572
05-06-2026 11:15,4443.66,4448.13,4438.53,4439.92,3083
05-06-2026 11:30,4439.91,4442.54,4435.26,4436.34,3637
05-06-2026 11:45,4436.24,4446.35,4428.94,4442.42,3714
05-06-2026 12:00,4442.57,4450.02,4442.31,4448.49,3410
05-06-2026 12:15,4448.53,4456.14,4446.83,4452.93,3260
05-06-2026 12:30,4452.87,4463.19,4451.82,4458.41,3272
05-06-2026 12:45,4458.44,4467.50,4458.33,4467.33,3360
05-06-2026 13:00,4467.30,4467.30,4459.51,4462.04,3045
05-06-2026 13:15,4462.03,4465.07,4460.66,4460.82,2699
05-06-2026 13:30,4460.83,4463.31,4458.59,4461.08,3168
05-06-2026 13:45,4461.06,4466.55,4459.85,4466.55,3127
05-06-2026 14:00,4466.71,4468.10,4460.93,4461.73,2723
05-06-2026 14:15,4461.72,4464.44,4461.42,4462.70,2386
05-06-2026 14:30,4462.48,4469.01,4458.86,4465.88,2684
05-06-2026 14:45,4466.13,4469.13,4462.02,4462.85,3429
05-06-2026 15:00,4462.89,4466.14,4459.24,4465.82,2862
05-06-2026 15:15,4465.86,4469.16,4462.58,4464.79,2506
05-06-2026 15:30,4464.77,4465.18,4463.10,4465.18,2157
05-06-2026 15:45,4465.12,4467.98,4464.48,4465.98,2257
05-06-2026 16:00,4466.01,4466.86,4461.80,4464.47,2283
05-06-2026 16:15,4464.49,4467.77,4464.35,4466.83,2251
05-06-2026 16:30,4466.35,4466.87,4461.09,4461.32,2588
05-06-2026 16:45,4461.26,4466.04,4458.56,4465.99,2782
05-06-2026 17:00,4465.97,4467.10,4463.08,4464.84,2718
05-06-2026 17:15,4464.81,4475.12,4464.00,4470.15,2960
05-06-2026 17:30,4470.53,4471.03,4464.06,4469.35,2999
05-06-2026 17:45,4469.29,4475.69,4461.62,4464.81,3227
05-06-2026 18:00,4465.54,4465.77,4439.66,4446.03,4071
05-06-2026 18:15,4446.07,4448.98,4404.90,4406.42,4052
05-06-2026 18:30,4406.33,4420.54,4399.62,4418.47,4179
05-06-2026 18:45,4418.45,4420.87,4403.76,4404.57,3996
05-06-2026 19:00,4405.28,4409.42,4385.97,4389.46,4282
05-06-2026 19:15,4389.41,4391.04,4365.74,4366.16,4234
05-06-2026 19:30,4366.00,4379.06,4363.59,4366.16,4292
05-06-2026 19:45,4366.32,4370.27,4353.14,4360.95,4216
05-06-2026 20:00,4361.03,4363.99,4344.67,4349.21,4181
05-06-2026 20:15,4349.23,4370.07,4348.25,4369.60,4095
05-06-2026 20:30,4369.78,4372.51,4353.05,4353.05,4080
05-06-2026 20:45,4352.90,4357.56,4348.03,4352.05,4044
05-06-2026 21:00,4352.01,4354.81,4335.33,4338.60,3905
05-06-2026 21:15,4338.62,4341.83,4333.93,4335.45,3869
05-06-2026 21:30,4335.59,4338.91,4328.91,4333.52,3977
05-06-2026 21:45,4333.00,4333.78,4325.33,4329.60,3954
05-06-2026 22:00,4329.62,4332.21,4323.42,4327.81,3899
05-06-2026 22:15,4327.70,4344.82,4325.08,4344.54,3988
05-06-2026 22:30,4345.20,4346.79,4336.54,4339.53,3921
05-06-2026 22:45,4339.59,4342.97,4336.04,4342.33,3977
05-06-2026 23:00,4342.70,4347.47,4339.61,4341.16,3751
05-06-2026 23:15,4341.08,4343.64,4337.61,4341.70,3670
05-06-2026 23:30,4341.73,4342.09,4322.77,4322.77,3743
05-06-2026 23:45,4322.79,4330.20,4321.51,4325.72,3980
06-06-2026 00:00,4325.73,4326.99,4315.23,4318.08,3797
06-06-2026 00:15,4318.06,4326.78,4316.03,4322.28,3942
06-06-2026 00:30,4322.36,4323.75,4315.27,4315.34,3929
06-06-2026 00:45,4315.21,4324.26,4313.86,4323.83,3978
06-06-2026 01:00,4323.75,4324.67,4313.66,4318.38,3996
06-06-2026 01:15,4318.26,4323.40,4316.56,4318.24,4017
06-06-2026 01:30,4318.20,4318.51,4311.31,4315.15,3453
06-06-2026 01:45,4315.31,4326.03,4313.53,4322.27,2868
06-06-2026 02:00,4322.29,4324.81,4320.66,4323.75,2780
06-06-2026 02:15,4323.83,4330.57,4323.62,4327.45,2356
08-06-2026 03:30,4328.89,4334.20,4309.63,4329.55,2912
08-06-2026 03:45,4330.02,4330.20,4315.77,4316.33,3312
08-06-2026 04:00,4316.35,4328.79,4315.01,4325.78,2970
08-06-2026 04:15,4325.70,4326.47,4315.54,4317.07,3064
08-06-2026 04:30,4317.31,4334.08,4317.20,4330.74,3118
08-06-2026 04:45,4330.68,4334.54,4328.70,4333.96,2774
08-06-2026 05:00,4333.80,4340.56,4332.97,4338.95,2825
08-06-2026 05:15,4338.96,4346.87,4335.26,4343.96,3189
08-06-2026 05:30,4343.95,4346.74,4340.78,4343.62,3394
08-06-2026 05:45,4343.70,4353.35,4341.61,4351.46,3230
08-06-2026 06:00,4351.39,4352.41,4342.03,4345.36,3382
08-06-2026 06:15,4345.34,4345.87,4339.73,4342.19,3605
08-06-2026 06:30,4342.12,4345.74,4326.62,4326.97,4070
08-06-2026 06:45,4327.21,4327.40,4311.23,4314.55,4161
08-06-2026 07:00,4314.81,4327.43,4299.66,4326.23,4218
08-06-2026 07:15,4326.18,4329.86,4319.28,4325.41,4061
08-06-2026 07:30,4325.38,4330.79,4314.64,4316.72,3936
08-06-2026 07:45,4316.73,4319.69,4311.30,4314.88,3561
08-06-2026 08:00,4314.93,4317.71,4307.22,4315.90,3836
08-06-2026 08:15,4315.87,4320.85,4309.24,4310.55,3828
08-06-2026 08:30,4310.52,4314.19,4304.31,4304.80,3651
08-06-2026 08:45,4304.81,4311.99,4303.49,4307.15,3279
08-06-2026 09:00,4307.17,4309.97,4304.90,4309.86,3060
08-06-2026 09:15,4309.88,4317.21,4309.45,4316.92,2818
08-06-2026 09:30,4316.94,4320.34,4313.42,4318.69,3045
08-06-2026 09:45,4318.69,4321.74,4315.83,4319.94,2911
08-06-2026 10:00,4319.96,4320.31,4307.57,4307.61,3279
08-06-2026 10:15,4307.62,4313.95,4307.60,4312.57,3086
08-06-2026 10:30,4312.60,4316.08,4304.78,4304.78,3253
08-06-2026 10:45,4304.55,4313.98,4304.39,4311.70,3312
08-06-2026 11:00,4311.82,4312.39,4268.43,4288.01,4159
08-06-2026 11:15,4287.97,4295.82,4285.04,4291.95,3968
08-06-2026 11:30,4292.02,4308.01,4291.95,4303.52,3973
08-06-2026 11:45,4303.75,4311.38,4299.60,4305.82,3808
08-06-2026 12:00,4305.85,4306.34,4293.98,4298.26,3817
08-06-2026 12:15,4298.28,4300.76,4293.15,4299.76,3603
08-06-2026 12:30,4299.78,4308.18,4294.76,4305.09,3810
08-06-2026 12:45,4305.12,4317.00,4300.43,4306.06,3674
08-06-2026 13:00,4306.14,4311.38,4301.32,4301.77,3593
08-06-2026 13:15,4301.80,4302.60,4294.31,4294.33,3594
08-06-2026 13:30,4294.24,4296.98,4289.62,4291.67,3581
08-06-2026 13:45,4291.65,4293.56,4285.32,4288.18,3515
08-06-2026 14:00,4288.51,4291.97,4286.43,4290.66,3420
08-06-2026 14:15,4290.37,4293.80,4285.42,4288.76,3500
08-06-2026 14:30,4288.67,4292.18,4284.00,4288.98,3245
08-06-2026 14:45,4288.61,4290.87,4279.40,4279.70,2978
08-06-2026 15:00,4279.65,4296.40,4272.94,4293.97,3784
08-06-2026 15:15,4293.78,4301.70,4291.03,4294.26,3515
08-06-2026 15:30,4294.48,4297.50,4286.48,4294.55,3305
08-06-2026 15:45,4294.49,4295.91,4289.71,4293.59,3179
08-06-2026 16:00,4293.63,4305.52,4292.19,4304.79,3435
08-06-2026 16:15,4304.81,4304.95,4296.79,4301.95,3238
08-06-2026 16:30,4301.92,4318.39,4297.11,4318.39,3340
08-06-2026 16:45,4318.34,4330.94,4312.61,4325.21,3876
08-06-2026 17:00,4325.17,4333.20,4322.20,4324.00,3708
08-06-2026 17:15,4324.06,4332.63,4321.27,4331.14,3493
08-06-2026 17:30,4331.16,4334.67,4322.56,4322.83,3722
08-06-2026 17:45,4322.20,4331.83,4320.19,4330.09,3538
08-06-2026 18:00,4329.75,4339.39,4327.56,4335.68,3660
08-06-2026 18:15,4335.75,4337.83,4326.99,4332.98,3694
08-06-2026 18:30,4332.93,4334.82,4323.16,4323.87,3936
08-06-2026 18:45,4324.00,4336.05,4321.44,4331.22,3854
08-06-2026 19:00,4331.32,4346.44,4331.06,4336.31,4235
08-06-2026 19:15,4336.45,4339.19,4326.12,4326.69,4185
08-06-2026 19:30,4326.85,4330.72,4316.64,4319.41,4160
08-06-2026 19:45,4319.46,4324.23,4315.83,4319.96,4127
08-06-2026 20:00,4320.04,4324.12,4315.12,4322.85,4052
08-06-2026 20:15,4322.89,4331.38,4317.07,4330.72,4011
08-06-2026 20:30,4331.10,4336.33,4325.10,4325.32,3846
08-06-2026 20:45,4325.29,4335.96,4322.45,4330.84,3957
08-06-2026 21:00,4330.81,4339.49,4328.53,4339.24,3835
08-06-2026 21:15,4339.07,4345.68,4334.43,4341.72,3787
08-06-2026 21:30,4341.65,4343.83,4338.06,4340.99,3751
08-06-2026 21:45,4341.00,4343.86,4339.68,4340.86,3504
08-06-2026 22:00,4341.04,4346.37,4340.61,4344.04,3608
08-06-2026 22:15,4344.07,4346.06,4337.86,4340.64,3470
08-06-2026 22:30,4340.69,4342.43,4336.29,4338.75,3702
08-06-2026 22:45,4338.73,4340.46,4334.01,4339.14,3727
08-06-2026 23:00,4339.16,4339.57,4332.00,4334.04,3727
08-06-2026 23:15,4334.02,4339.30,4334.01,4339.18,3511
08-06-2026 23:30,4339.00,4345.31,4338.55,4341.25,3500
08-06-2026 23:45,4341.25,4345.83,4341.25,4342.53,3318
09-06-2026 00:00,4342.52,4344.78,4336.29,4336.64,3154
09-06-2026 00:15,4336.65,4336.97,4333.00,4334.56,3045
09-06-2026 00:30,4334.59,4338.13,4329.58,4329.84,3160
09-06-2026 00:45,4329.82,4331.60,4326.06,4327.67,3378
09-06-2026 01:00,4327.66,4330.44,4324.22,4325.08,3381
09-06-2026 01:15,4325.06,4329.95,4323.26,4326.58,3396
09-06-2026 01:30,4326.58,4329.85,4326.37,4328.19,1896
09-06-2026 01:45,4328.18,4328.23,4324.47,4326.45,1742
09-06-2026 02:00,4326.48,4328.46,4325.42,4326.27,1427
09-06-2026 02:15,4326.25,4330.02,4325.22,4329.46,1161
09-06-2026 03:30,4329.95,4330.14,4324.07,4324.88,1113
09-06-2026 03:45,4324.81,4326.83,4322.37,4324.79,1821
09-06-2026 04:00,4324.68,4327.37,4324.53,4327.30,1690
09-06-2026 04:15,4327.32,4328.76,4325.99,4327.72,1263
09-06-2026 04:30,4327.73,4328.85,4325.39,4327.60,1452
09-06-2026 04:45,4327.61,4328.42,4320.60,4320.83,1762
09-06-2026 05:00,4320.84,4322.38,4315.53,4319.64,2200
09-06-2026 05:15,4319.63,4320.07,4312.86,4317.78,2805
09-06-2026 05:30,4317.73,4323.73,4315.41,4322.49,3728
09-06-2026 05:45,4322.41,4323.39,4316.68,4316.76,3357
09-06-2026 06:00,4316.75,4322.90,4315.12,4318.58,3115
09-06-2026 06:15,4318.51,4321.14,4314.98,4319.83,2993
09-06-2026 06:30,4319.78,4327.84,4318.57,4323.91,3797
09-06-2026 06:45,4323.92,4338.12,4322.33,4335.29,3787
09-06-2026 07:00,4335.34,4338.72,4332.80,4335.75,3502
09-06-2026 07:15,4335.78,4338.18,4333.10,4336.43,3506
09-06-2026 07:30,4336.46,4336.76,4328.17,4332.78,3275
09-06-2026 07:45,4332.79,4336.06,4330.04,4335.43,3138
09-06-2026 08:00,4335.45,4339.60,4330.99,4338.60,3253
09-06-2026 08:15,4338.40,4340.90,4334.85,4335.96,3208
09-06-2026 08:30,4335.95,4341.62,4331.11,4338.69,3222
09-06-2026 08:45,4338.65,4342.13,4333.36,4336.64,3025
09-06-2026 09:00,4336.57,4338.21,4333.33,4337.63,2550
09-06-2026 09:15,4337.64,4341.86,4334.48,4336.58,2242
09-06-2026 09:30,4336.59,4339.34,4332.18,4332.24,2270
09-06-2026 09:45,4332.21,4332.81,4328.68,4330.40,2048
09-06-2026 10:00,4330.39,4330.52,4324.11,4328.12,2458
09-06-2026 10:15,4327.95,4332.79,4326.22,4332.23,2096
09-06-2026 10:30,4332.58,4337.07,4330.89,4331.33,2436
09-06-2026 10:45,4331.34,4335.41,4330.88,4332.50,2576
09-06-2026 11:00,4332.52,4351.35,4331.82,4348.36,3710
09-06-2026 11:15,4348.43,4348.97,4341.61,4343.38,3282
09-06-2026 11:30,4343.54,4348.66,4340.05,4341.31,3413
09-06-2026 11:45,4341.30,4345.79,4338.17,4338.76,3245
09-06-2026 12:00,4339.04,4339.36,4331.74,4336.62,3157
09-06-2026 12:15,4336.61,4340.18,4330.32,4330.59,3110
09-06-2026 12:30,4330.53,4334.64,4326.85,4326.85,3529
09-06-2026 12:45,4326.58,4332.12,4322.92,4331.02,3455
09-06-2026 13:00,4331.01,4331.24,4322.14,4328.37,3264
09-06-2026 13:15,4328.34,4330.16,4325.15,4326.53,2853
09-06-2026 13:30,4326.29,4336.12,4321.20,4331.61,3521
09-06-2026 13:45,4331.60,4335.48,4331.40,4334.34,3403
09-06-2026 14:00,4334.44,4336.72,4330.30,4334.99,2942
09-06-2026 14:15,4334.93,4335.32,4325.81,4326.48,2808
09-06-2026 14:30,4326.57,4330.91,4325.10,4328.24,2919
09-06-2026 14:45,4328.25,4336.01,4324.08,4326.80,2959
09-06-2026 15:00,4326.58,4330.98,4325.03,4327.09,2905
09-06-2026 15:15,4327.10,4333.52,4326.65,4332.12,2459
09-06-2026 15:30,4331.93,4335.64,4325.42,4335.10,3040
09-06-2026 15:45,4335.24,4336.40,4331.25,4333.75,2718
09-06-2026 16:00,4333.80,4335.00,4329.69,4332.47,2285
09-06-2026 16:15,4332.48,4340.54,4330.23,4339.06,2558
09-06-2026 16:30,4338.93,4340.32,4335.58,4337.77,2747
09-06-2026 16:45,4337.80,4340.43,4336.12,4338.55,2629
09-06-2026 17:00,4338.61,4339.95,4336.73,4338.82,2430
09-06-2026 17:15,4339.00,4343.63,4337.18,4339.79,2798
09-06-2026 17:30,4339.81,4343.97,4339.64,4341.03,2714
09-06-2026 17:45,4341.09,4342.86,4335.16,4335.91,2995
09-06-2026 18:00,4335.80,4341.85,4334.70,4340.71,3134
09-06-2026 18:15,4340.62,4344.22,4336.63,4341.27,3031
09-06-2026 18:30,4341.69,4345.34,4338.02,4340.88,3634
09-06-2026 18:45,4341.06,4341.92,4330.16,4330.77,3609
09-06-2026 19:00,4331.16,4334.32,4325.12,4330.14,4045
09-06-2026 19:15,4329.91,4363.45,4326.45,4328.82,4107
09-06-2026 19:30,4328.58,4335.83,4319.65,4321.17,4177
09-06-2026 19:45,4321.17,4323.65,4305.86,4318.34,4240
09-06-2026 20:00,4317.89,4321.22,4284.96,4284.96,4229
09-06-2026 20:15,4284.91,4300.74,4278.32,4300.53,4250
09-06-2026 20:30,4300.80,4301.99,4289.71,4294.86,4176
09-06-2026 20:45,4294.83,4296.87,4276.87,4278.75,4167
09-06-2026 21:00,4278.62,4281.82,4263.03,4279.65,4292
09-06-2026 21:15,4280.02,4285.67,4272.18,4272.18,4182
09-06-2026 21:30,4272.22,4280.94,4258.25,4259.65,4211
09-06-2026 21:45,4259.65,4266.33,4252.92,4263.43,4265
09-06-2026 22:00,4263.32,4267.59,4236.47,4244.88,4293
09-06-2026 22:15,4244.66,4254.35,4238.99,4252.11,4237
09-06-2026 22:30,4252.12,4264.39,4250.94,4261.34,4221
09-06-2026 22:45,4261.07,4267.88,4258.50,4263.02,4155
09-06-2026 23:00,4263.00,4268.04,4260.93,4264.71,4033
09-06-2026 23:15,4264.80,4266.69,4255.90,4263.03,4015
09-06-2026 23:30,4263.12,4266.84,4259.55,4265.31,3974
09-06-2026 23:45,4265.26,4274.16,4262.83,4270.82,3977
10-06-2026 00:00,4270.61,4273.94,4263.61,4264.29,3845
10-06-2026 00:15,4264.35,4271.53,4262.14,4269.81,3572
10-06-2026 00:30,4269.89,4271.60,4257.90,4258.65,3722
10-06-2026 00:45,4258.68,4258.85,4252.75,4257.33,3914
10-06-2026 01:00,4257.29,4260.14,4250.12,4250.93,3917
10-06-2026 01:15,4250.99,4259.66,4249.87,4258.41,3943
10-06-2026 01:30,4258.76,4261.07,4255.63,4258.40,2622
10-06-2026 01:45,4258.40,4260.36,4257.82,4258.99,1618
10-06-2026 02:00,4258.91,4261.93,4257.67,4261.36,1415
10-06-2026 02:15,4261.46,4261.71,4258.87,4259.00,1182
10-06-2026 03:30,4254.96,4256.20,4250.36,4254.86,1424
10-06-2026 03:45,4254.90,4256.26,4252.63,4256.23,1723
10-06-2026 04:00,4256.24,4257.06,4247.58,4248.95,2541
10-06-2026 04:15,4249.00,4249.75,4232.18,4237.06,3012
10-06-2026 04:30,4236.97,4247.23,4235.55,4235.99,2728
10-06-2026 04:45,4236.00,4236.46,4223.03,4224.15,2990
10-06-2026 05:00,4224.20,4229.82,4216.38,4218.44,2895
10-06-2026 05:15,4218.45,4224.59,4210.44,4221.86,3635
10-06-2026 05:30,4222.01,4226.62,4216.57,4224.98,3803
10-06-2026 05:45,4224.77,4228.31,4217.98,4217.98,3609
10-06-2026 06:00,4218.30,4219.04,4198.88,4204.21,3895
10-06-2026 06:15,4204.75,4220.62,4199.80,4218.07,3874
10-06-2026 06:30,4218.08,4218.67,4187.33,4203.32,4070
10-06-2026 06:45,4203.14,4216.44,4197.37,4201.85,3860
10-06-2026 07:00,4201.84,4207.01,4184.51,4187.00,4035
10-06-2026 07:15,4186.98,4195.41,4183.69,4188.61,3905
10-06-2026 07:30,4188.60,4191.66,4179.52,4182.74,3842
10-06-2026 07:45,4182.86,4188.26,4178.17,4187.94,3565
10-06-2026 08:00,4188.40,4192.57,4174.07,4184.22,3871
10-06-2026 08:15,4184.31,4190.52,4173.19,4174.00,3852
10-06-2026 08:30,4173.93,4180.69,4172.88,4178.19,3573
10-06-2026 08:45,4178.23,4181.12,4173.70,4177.15,3318
10-06-2026 09:00,4177.16,4183.27,4176.21,4179.76,3223
10-06-2026 09:15,4179.73,4186.44,4179.53,4184.80,3309
10-06-2026 09:30,4184.81,4187.12,4180.60,4181.22,2927
10-06-2026 09:45,4181.17,4182.95,4173.61,4174.39,3075
10-06-2026 10:00,4174.38,4175.28,4172.96,4173.42,2989
10-06-2026 10:15,4173.62,4175.87,4172.27,4174.80,2860
10-06-2026 10:30,4174.88,4180.58,4173.33,4179.62,3212
10-06-2026 10:45,4179.72,4187.13,4175.49,4187.08,3163
10-06-2026 11:00,4187.03,4198.85,4181.66,4198.12,3938
10-06-2026 11:15,4198.03,4208.95,4197.37,4205.13,3711
10-06-2026 11:30,4205.11,4221.83,4205.11,4212.83,3842
10-06-2026 11:45,4212.88,4216.63,4208.24,4211.79,3512
10-06-2026 12:00,4211.63,4213.47,4204.96,4207.41,3402
10-06-2026 12:15,4207.40,4209.70,4201.67,4203.79,3435
10-06-2026 12:30,4203.80,4207.92,4197.28,4200.23,3548
10-06-2026 12:45,4200.22,4203.51,4193.53,4194.80,3349
10-06-2026 13:00,4194.84,4197.16,4187.83,4189.61,3450
10-06-2026 13:15,4189.60,4192.80,4181.55,4186.10,3507
10-06-2026 13:30,4186.09,4187.37,4161.33,4166.33,3945
10-06-2026 13:45,4166.79,4178.90,4166.06,4172.23,3744
10-06-2026 14:00,4172.02,4179.19,4166.40,4170.43,3606
10-06-2026 14:15,4170.22,4176.38,4166.42,4168.94,3771
10-06-2026 14:30,4168.93,4174.08,4164.71,4165.08,3654
10-06-2026 14:45,4165.04,4174.93,4164.22,4166.11,3563
10-06-2026 15:00,4165.90,4179.49,4165.76,4171.25,3718
10-06-2026 15:15,4171.42,4174.87,4163.03,4168.67,3547
10-06-2026 15:30,4168.71,4171.08,4155.66,4160.98,3414
10-06-2026 15:45,4160.92,4169.81,4159.56,4165.07,3412
10-06-2026 16:00,4164.90,4171.39,4164.03,4171.39,3383
10-06-2026 16:15,4171.42,4178.56,4169.72,4174.61,3423
10-06-2026 16:30,4174.83,4176.03,4153.47,4168.47,3989
10-06-2026 16:45,4168.45,4171.64,4156.78,4166.45,3956
10-06-2026 17:00,4166.42,4167.85,4154.22,4154.41,3935
10-06-2026 17:15,4154.43,4163.29,4145.73,4147.43,3905
10-06-2026 17:30,4147.49,4152.44,4134.47,4136.18,3949
10-06-2026 17:45,4136.18,4142.80,4130.71,4140.74,3800
10-06-2026 18:00,4141.30,4173.67,4139.39,4160.30,4286
10-06-2026 18:15,4160.31,4169.41,4142.15,4146.92,4151
10-06-2026 18:30,4147.15,4157.88,4144.92,4151.30,4154
10-06-2026 18:45,4151.28,4151.28,4132.93,4149.62,4074
10-06-2026 19:00,4147.59,4177.91,4141.90,4177.91,4305
10-06-2026 19:15,4179.33,4186.15,4173.73,4179.45,4285
10-06-2026 19:30,4179.72,4180.96,4170.21,4174.20,4254
10-06-2026 19:45,4174.59,4175.21,4159.31,4161.13,4183
10-06-2026 20:00,4161.11,4163.25,4149.72,4149.79,4157
10-06-2026 20:15,4149.69,4151.53,4118.18,4124.48,4211
10-06-2026 20:30,4124.61,4135.99,4118.80,4122.88,4244
10-06-2026 20:45,4122.85,4136.85,4112.87,4127.73,4249
10-06-2026 21:00,4127.75,4131.17,4121.94,4128.62,4211
10-06-2026 21:15,4128.65,4131.06,4106.76,4128.77,4282
10-06-2026 21:30,4128.85,4132.91,4122.68,4129.22,4115
10-06-2026 21:45,4129.25,4134.78,4125.96,4127.48,3993
10-06-2026 22:00,4127.55,4132.08,4120.43,4122.19,4053
10-06-2026 22:15,4122.10,4123.04,4115.91,4121.94,3950
10-06-2026 22:30,4121.86,4134.93,4114.73,4117.91,3942
10-06-2026 22:45,4117.89,4120.10,4109.16,4110.94,3982
10-06-2026 23:00,4110.92,4112.44,4101.89,4102.18,3926
10-06-2026 23:15,4102.28,4113.46,4100.83,4111.57,4069
10-06-2026 23:30,4111.73,4120.43,4111.73,4115.82,3863
10-06-2026 23:45,4115.79,4118.03,4109.55,4112.27,3800
11-06-2026 00:00,4112.56,4112.56,4104.61,4104.89,3786
11-06-2026 00:15,4105.00,4107.64,4096.74,4101.48,3756
11-06-2026 00:30,4101.53,4102.02,4087.15,4088.85,3728
11-06-2026 00:45,4088.96,4091.96,4081.48,4084.63,3744
11-06-2026 01:00,4084.65,4091.88,4082.16,4091.47,3866
11-06-2026 01:15,4091.50,4092.51,4081.58,4082.67,3874
11-06-2026 01:30,4082.59,4082.94,4069.20,4072.15,3105
11-06-2026 01:45,4072.14,4079.97,4071.12,4078.32,2370
11-06-2026 02:00,4078.30,4078.30,4071.35,4072.75,1985
11-06-2026 02:15,4072.73,4072.73,4066.72,4070.94,1969
11-06-2026 03:30,4069.54,4070.93,4049.90,4055.78,2321
11-06-2026 03:45,4056.03,4056.74,4035.80,4044.50,3321
11-06-2026 04:00,4044.25,4068.73,4044.25,4062.56,3115
11-06-2026 04:15,4062.52,4066.45,4045.35,4046.06,3402
11-06-2026 04:30,4046.23,4053.79,4023.74,4029.78,3357
11-06-2026 04:45,4029.79,4064.50,4024.87,4061.53,3896
11-06-2026 05:00,4061.53,4064.32,4054.70,4056.17,3201
11-06-2026 05:15,4056.13,4057.31,4044.37,4047.08,3524
11-06-2026 05:30,4047.46,4059.55,4036.13,4052.25,4121
11-06-2026 05:45,4052.17,4072.64,4049.88,4067.61,4110
11-06-2026 06:00,4067.16,4076.74,4059.14,4063.37,3861
11-06-2026 06:15,4063.40,4078.05,4063.26,4075.75,3823
11-06-2026 06:30,4075.74,4089.90,4066.26,4086.69,4206
11-06-2026 06:45,4086.74,4108.72,4085.56,4104.48,4091
11-06-2026 07:00,4104.45,4117.90,4104.01,4113.60,3945
11-06-2026 07:15,4113.70,4117.09,4098.04,4101.98,3786
11-06-2026 07:30,4102.11,4102.60,4089.28,4089.59,3899
11-06-2026 07:45,4089.61,4095.80,4081.71,4082.49,3723
11-06-2026 08:00,4082.51,4085.12,4055.17,4059.51,4092
11-06-2026 08:15,4059.01,4073.30,4052.62,4067.89,3941
11-06-2026 08:30,4067.90,4078.52,4064.41,4065.44,3920
11-06-2026 08:45,4065.43,4071.37,4056.95,4063.17,3891
11-06-2026 09:00,4063.13,4071.80,4062.51,4067.41,3418
11-06-2026 09:15,4067.42,4075.57,4064.90,4072.75,3173
11-06-2026 09:30,4072.75,4083.05,4070.05,4082.74,3372
11-06-2026 09:45,4082.71,4085.29,4076.22,4077.55,3245
11-06-2026 10:00,4077.53,4083.92,4074.78,4082.03,3032
11-06-2026 10:15,4082.10,4085.77,4079.59,4082.56,2995
11-06-2026 10:30,4082.60,4083.03,4075.28,4077.16,3300
11-06-2026 10:45,4077.13,4081.19,4072.53,4075.00,3527
11-06-2026 11:00,4074.99,4099.51,4074.45,4099.40,3884
11-06-2026 11:15,4099.32,4106.20,4093.42,4094.23,3633
11-06-2026 11:30,4094.09,4094.67,4076.26,4084.22,3892
11-06-2026 11:45,4084.18,4092.89,4081.64,4086.61,3643
11-06-2026 12:00,4086.60,4092.76,4082.95,4092.70,3407
11-06-2026 12:15,4092.69,4097.50,4090.99,4094.27,3353
11-06-2026 12:30,4094.43,4098.33,4091.60,4096.72,3763
11-06-2026 12:45,4096.71,4110.15,4096.28,4107.45,3674
11-06-2026 13:00,4107.57,4110.51,4101.62,4107.50,3367
11-06-2026 13:15,4107.48,4107.99,4099.01,4104.85,3312
11-06-2026 13:30,4104.79,4112.54,4104.04,4106.11,3695
11-06-2026 13:45,4106.10,4108.45,4097.08,4097.53,3538
11-06-2026 14:00,4097.39,4099.46,4090.27,4090.59,3410
11-06-2026 14:15,4090.46,4092.05,4084.46,4084.46,3415
11-06-2026 14:30,4084.45,4087.39,4080.68,4086.06,3340
11-06-2026 14:45,4086.04,4088.79,4078.94,4079.38,3387
11-06-2026 15:00,4079.35,4091.82,4077.33,4091.66,3212
11-06-2026 15:15,4091.64,4096.39,4089.77,4091.52,3071
11-06-2026 15:30,4091.51,4094.16,4088.15,4092.02,3165
11-06-2026 15:45,4092.03,4094.45,4086.72,4087.59,3104
11-06-2026 16:00,4087.62,4092.90,4086.45,4090.41,3010
11-06-2026 16:15,4090.42,4092.87,4087.46,4089.78,2707
11-06-2026 16:30,4089.80,4093.06,4086.14,4086.14,3391
11-06-2026 16:45,4086.03,4091.14,4083.28,4090.19,3414
11-06-2026 17:00,4090.15,4095.78,4081.58,4084.83,3606
11-06-2026 17:15,4084.71,4087.61,4079.71,4080.24,3229
11-06-2026 17:30,4080.60,4087.08,4072.91,4076.35,3443
11-06-2026 17:45,4076.28,4081.94,4061.39,4068.95,3968
11-06-2026 18:00,4068.90,4077.08,4057.51,4073.32,4147
11-06-2026 18:15,4073.21,4085.21,4069.86,4081.90,4032
11-06-2026 18:30,4082.31,4086.11,4072.05,4073.08,4092
11-06-2026 18:45,4073.11,4081.78,4072.14,4075.29,3933
11-06-2026 19:00,4075.42,4082.54,4067.08,4076.04,4298
11-06-2026 19:15,4076.52,4092.48,4073.36,4083.20,4300
11-06-2026 19:30,4083.18,4085.30,4052.90,4060.83,4271
11-06-2026 19:45,4061.06,4084.86,4055.99,4074.74,4281
11-06-2026 20:00,4074.84,4083.49,4070.53,4076.22,4233
11-06-2026 20:15,4076.24,4080.94,4072.11,4073.41,4195
11-06-2026 20:30,4073.28,4087.91,4070.21,4080.52,4233
11-06-2026 20:45,4080.52,4089.18,4074.71,4081.60,4112
11-06-2026 21:00,4081.54,4090.31,4077.33,4088.09,4126
11-06-2026 21:15,4088.24,4095.31,4085.67,4088.69,3965
11-06-2026 21:30,4089.03,4103.24,4086.67,4102.57,4029
11-06-2026 21:45,4102.56,4107.56,4079.14,4079.29,4034
11-06-2026 22:00,4079.04,4087.91,4078.29,4081.87,3940
11-06-2026 22:15,4081.75,4084.09,4077.95,4080.15,3835
11-06-2026 22:30,4080.14,4080.80,4071.87,4075.96,3949
11-06-2026 22:45,4075.94,4102.09,4074.35,4101.92,3988
11-06-2026 23:00,4101.57,4169.91,4101.57,4166.45,4404
11-06-2026 23:15,4166.45,4166.45,4146.64,4151.77,4257
11-06-2026 23:30,4152.09,4155.53,4131.28,4146.76,2565
11-06-2026 23:45,4146.50,4162.82,4145.18,4152.89,4240
12-06-2026 00:00,4152.87,4165.21,4149.19,4164.77,4058
12-06-2026 00:15,4164.71,4171.61,4160.33,4161.79,3916
12-06-2026 00:30,4162.09,4189.16,4162.09,4188.20,4105
12-06-2026 00:45,4188.23,4198.26,4186.12,4195.52,4087
12-06-2026 01:00,4195.93,4219.83,4195.93,4210.16,4165
12-06-2026 01:15,4210.19,4215.41,4207.28,4208.79,3955
12-06-2026 01:30,4209.31,4218.45,4208.04,4213.76,2988
12-06-2026 01:45,4213.73,4216.31,4212.12,4213.98,2451
12-06-2026 02:00,4214.00,4216.24,4209.60,4209.64,2575
12-06-2026 02:15,4209.58,4212.62,4208.68,4210.37,1738
12-06-2026 03:30,4218.05,4218.38,4205.20,4209.26,1660
12-06-2026 03:45,4209.30,4215.50,4205.31,4214.61,2334
12-06-2026 04:00,4214.59,4228.05,4211.19,4225.63,2780
12-06-2026 04:15,4225.46,4246.14,4224.51,4243.04,3394
12-06-2026 04:30,4243.11,4245.71,4221.50,4223.64,3123
12-06-2026 04:45,4223.81,4226.44,4214.20,4216.43,2822
12-06-2026 05:00,4216.16,4223.52,4214.48,4219.36,2971
12-06-2026 05:15,4219.40,4224.50,4215.19,4219.92,3324
12-06-2026 05:30,4219.73,4225.71,4212.63,4216.85,3761
12-06-2026 05:45,4216.82,4230.44,4207.34,4220.33,3713
12-06-2026 06:00,4220.32,4228.51,4202.70,4203.93,3552
12-06-2026 06:15,4203.94,4208.28,4200.68,4208.28,3651
12-06-2026 06:30,4208.28,4210.68,4182.93,4187.04,4082
12-06-2026 06:45,4187.03,4193.75,4179.64,4181.04,3863
12-06-2026 07:00,4180.81,4186.80,4171.37,4179.37,3946
12-06-2026 07:15,4179.27,4191.36,4179.27,4186.74,3755
12-06-2026 07:30,4186.72,4200.00,4183.71,4193.86,3720
12-06-2026 07:45,4193.87,4194.44,4186.53,4188.47,3306
12-06-2026 08:00,4188.48,4193.14,4182.64,4186.10,3623
12-06-2026 08:15,4186.12,4193.47,4183.58,4191.51,3460
12-06-2026 08:30,4191.51,4196.08,4189.44,4193.87,3431
12-06-2026 08:45,4193.75,4203.50,4192.97,4203.42,3596
12-06-2026 09:00,4203.38,4204.84,4198.72,4199.25,3264
12-06-2026 09:15,4198.88,4201.32,4195.41,4197.05,2943
12-06-2026 09:30,4197.02,4200.97,4191.93,4194.32,2952
12-06-2026 09:45,4194.29,4195.51,4190.27,4192.62,2592
12-06-2026 10:00,4192.64,4198.07,4191.79,4193.38,2587
12-06-2026 10:15,4193.38,4194.21,4189.53,4189.94,2779
12-06-2026 10:30,4189.94,4192.90,4181.90,4188.60,3238
12-06-2026 10:45,4188.79,4189.52,4184.90,4186.97,3009
12-06-2026 11:00,4187.07,4187.65,4172.48,4180.45,3928
12-06-2026 11:15,4180.47,4180.94,4170.55,4173.14,3788
12-06-2026 11:30,4173.12,4185.54,4173.06,4182.81,3696
12-06-2026 11:45,4182.99,4183.13,4178.84,4181.98,3508
12-06-2026 12:00,4182.00,4182.44,4172.35,4176.49,3576
12-06-2026 12:15,4176.49,4184.77,4174.17,4184.11,3381
12-06-2026 12:30,4184.48,4184.81,4175.98,4178.16,3536
12-06-2026 12:45,4178.14,4180.00,4173.79,4174.11,3221
12-06-2026 13:00,4174.08,4184.38,4170.06,4182.99,3381
12-06-2026 13:15,4182.97,4194.14,4173.80,4194.14,3341
12-06-2026 13:30,4194.62,4204.86,4191.93,4203.69,3925
12-06-2026 13:45,4203.77,4220.48,4199.34,4212.98,4031
12-06-2026 14:00,4213.21,4222.38,4211.78,4218.26,3802
12-06-2026 14:15,4218.66,4225.91,4214.62,4219.56,3559
12-06-2026 14:30,4219.58,4225.09,4217.34,4224.04,3481
12-06-2026 14:45,4224.05,4226.72,4219.00,4220.81,3628
12-06-2026 15:00,4220.79,4227.78,4219.17,4225.22,3484
12-06-2026 15:15,4225.19,4227.89,4221.29,4221.79,3443
12-06-2026 15:30,4221.75,4225.56,4218.98,4221.34,3156
12-06-2026 15:45,4221.30,4222.09,4202.77,4206.72,3546
12-06-2026 16:00,4206.95,4218.65,4206.41,4215.28,3373
12-06-2026 16:15,4215.15,4218.62,4209.24,4210.73,3212
12-06-2026 16:30,4211.00,4211.94,4205.09,4207.35,3406
12-06-2026 16:45,4207.33,4210.19,4202.10,4202.50,3318
12-06-2026 17:00,4202.51,4210.33,4197.50,4209.69,3344
12-06-2026 17:15,4209.70,4215.28,4206.47,4206.80,3345
12-06-2026 17:30,4206.81,4214.21,4202.84,4214.21,3623
12-06-2026 17:45,4214.21,4215.30,4200.27,4200.95,3532
12-06-2026 18:00,4201.00,4201.69,4191.78,4196.74,3662
12-06-2026 18:15,4196.70,4200.70,4188.49,4191.68,3673
12-06-2026 18:30,4191.62,4201.06,4186.45,4198.26,3820
12-06-2026 18:45,4198.10,4206.64,4197.23,4202.80,3601
12-06-2026 19:00,4202.71,4210.11,4182.95,4190.91,4261
12-06-2026 19:15,4190.74,4193.72,4183.34,4186.37,4218
12-06-2026 19:30,4186.62,4198.45,4184.70,4193.03,4146
12-06-2026 19:45,4192.89,4199.34,4182.64,4188.54,4138
12-06-2026 20:00,4188.01,4193.18,4181.00,4184.40,4126
12-06-2026 20:15,4184.32,4208.27,4177.18,4203.90,4242
12-06-2026 20:30,4204.28,4215.10,4200.17,4213.95,4168
12-06-2026 20:45,4213.92,4235.51,4212.56,4225.72,4074
12-06-2026 21:00,4225.68,4228.34,4210.36,4211.03,4062
12-06-2026 21:15,4211.34,4218.84,4206.87,4211.79,4072
12-06-2026 21:30,4211.82,4224.74,4207.95,4221.62,3307
12-06-2026 21:45,4221.63,4232.83,4215.62,4216.99,3979
12-06-2026 22:00,4216.98,4220.35,4211.67,4213.24,3836
12-06-2026 22:15,4213.35,4218.05,4211.26,4215.98,3724
12-06-2026 22:30,4215.93,4226.24,4214.95,4218.34,3778
12-06-2026 22:45,4218.66,4223.67,4213.86,4218.82,3356
12-06-2026 23:00,4219.16,4223.56,4213.96,4222.40,3457
12-06-2026 23:15,4222.39,4225.03,4219.50,4221.29,3487
12-06-2026 23:30,4221.39,4228.51,4218.12,4226.97,3483
12-06-2026 23:45,4227.02,4235.36,4224.44,4226.48,3426
13-06-2026 00:00,4226.62,4229.96,4224.38,4229.19,2967
13-06-2026 00:15,4229.22,4229.22,4214.15,4215.53,3045
13-06-2026 00:30,4215.45,4219.35,4214.37,4217.50,2909
13-06-2026 00:45,4217.51,4217.51,4207.81,4208.48,3153
13-06-2026 01:00,4208.54,4209.84,4201.43,4204.80,3550
13-06-2026 01:15,4204.64,4210.79,4203.32,4210.34,3355
13-06-2026 01:30,4210.24,4213.20,4209.05,4212.14,2126
13-06-2026 01:45,4212.48,4216.52,4211.95,4214.01,1275
13-06-2026 02:00,4214.16,4214.16,4212.13,4213.31,1263
13-06-2026 02:15,4213.39,4218.50,4211.87,4218.14,1112
15-06-2026 03:30,4267.19,4308.19,4260.88,4299.76,2609
15-06-2026 03:45,4299.58,4306.08,4283.56,4286.57,3266
15-06-2026 04:00,4286.49,4288.39,4280.17,4285.17,2868
15-06-2026 04:15,4285.05,4291.69,4284.66,4285.44,2262
15-06-2026 04:30,4285.49,4288.29,4282.22,4283.03,2612
15-06-2026 04:45,4283.02,4284.61,4281.08,4283.30,2272
15-06-2026 05:00,4283.31,4286.16,4281.57,4284.99,1886
15-06-2026 05:15,4285.02,4295.06,4284.19,4294.01,2850
15-06-2026 05:30,4293.96,4301.05,4293.39,4299.88,3158
15-06-2026 05:45,4299.96,4308.06,4299.69,4300.88,3191
15-06-2026 06:00,4300.85,4305.54,4295.61,4297.65,2847
15-06-2026 06:15,4297.85,4299.95,4291.65,4292.57,2911
15-06-2026 06:30,4292.56,4300.34,4285.50,4296.15,4073
15-06-2026 06:45,4296.20,4306.40,4289.34,4303.42,3832
15-06-2026 07:00,4303.46,4319.54,4301.24,4317.75,3818
15-06-2026 07:15,4317.70,4319.00,4313.16,4316.71,3520
15-06-2026 07:30,4316.71,4326.58,4315.98,4326.43,3473
15-06-2026 07:45,4326.45,4331.02,4324.27,4328.04,2652
15-06-2026 08:00,4328.05,4334.18,4327.76,4330.08,3295
15-06-2026 08:15,4330.15,4335.37,4327.73,4329.44,3019
15-06-2026 08:30,4329.44,4331.11,4321.86,4325.27,3178
15-06-2026 08:45,4325.26,4329.00,4321.37,4323.93,3013
15-06-2026 09:00,4324.10,4327.27,4321.20,4323.30,2391
15-06-2026 09:15,4323.25,4327.23,4322.85,4324.88,1817
15-06-2026 09:30,4324.89,4327.46,4322.70,4326.34,1944
15-06-2026 09:45,4326.33,4327.59,4320.76,4326.98,2348
15-06-2026 10:00,4327.00,4330.15,4325.27,4327.81,1811
15-06-2026 10:15,4327.80,4329.22,4326.47,4328.14,1900
15-06-2026 10:30,4328.00,4330.84,4323.96,4328.70,2471
15-06-2026 10:45,4328.71,4332.91,4325.90,4330.19,2395
15-06-2026 11:00,4330.17,4332.71,4312.62,4312.64,3332
15-06-2026 11:15,4312.69,4316.19,4307.49,4309.93,3079
15-06-2026 11:30,4310.00,4313.32,4302.74,4308.75,3507
15-06-2026 11:45,4308.76,4309.30,4302.89,4304.91,3324
15-06-2026 12:00,4304.92,4307.03,4300.88,4306.38,3474
15-06-2026 12:15,4306.33,4309.72,4304.12,4308.08,2921
15-06-2026 12:30,4308.05,4314.15,4305.23,4313.46,3204
15-06-2026 12:45,4313.51,4318.70,4313.10,4316.63,3085
15-06-2026 13:00,4316.65,4317.27,4311.91,4316.60,3222
15-06-2026 13:15,4316.59,4325.15,4312.58,4323.13,3174
15-06-2026 13:30,4322.92,4329.31,4321.64,4328.82,3172
15-06-2026 13:45,4328.81,4332.65,4327.28,4328.39,3228
15-06-2026 14:00,4328.59,4345.47,4327.83,4340.90,3238
15-06-2026 14:15,4340.91,4342.91,4334.05,4334.16,2866
15-06-2026 14:30,4334.17,4343.06,4334.17,4340.04,3116
15-06-2026 14:45,4340.03,4343.16,4336.41,4338.90,3254
15-06-2026 15:00,4338.91,4340.97,4334.65,4335.60,3008
15-06-2026 15:15,4335.50,4340.78,4335.02,4336.53,2731
15-06-2026 15:30,4336.57,4340.27,4335.70,4337.76,2699
15-06-2026 15:45,4337.77,4339.34,4336.01,4338.44,2601
15-06-2026 16:00,4338.42,4340.24,4335.23,4337.70,2526
15-06-2026 16:15,4337.71,4341.35,4336.31,4338.04,2613
15-06-2026 16:30,4338.10,4339.81,4336.13,4337.90,2803
15-06-2026 16:45,4337.89,4341.36,4335.99,4340.88,2886
15-06-2026 17:00,4341.21,4347.46,4337.89,4338.35,3156
15-06-2026 17:15,4338.35,4338.51,4331.82,4335.17,3371
15-06-2026 17:30,4335.19,4338.65,4330.36,4331.00,3244
15-06-2026 17:45,4330.97,4338.20,4324.45,4337.00,3503
15-06-2026 18:00,4337.11,4346.62,4335.13,4344.87,3378
15-06-2026 18:15,4345.12,4349.33,4343.25,4348.86,3221
15-06-2026 18:30,4348.97,4350.28,4341.25,4349.47,3589
15-06-2026 18:45,4349.43,4355.78,4349.28,4353.16,3521
15-06-2026 19:00,4353.26,4368.73,4352.14,4363.52,4115
15-06-2026 19:15,4363.11,4364.54,4354.24,4355.07,3918
15-06-2026 19:30,4355.12,4369.18,4353.99,4357.32,3983
15-06-2026 19:45,4357.38,4364.13,4353.97,4363.63,3910
15-06-2026 20:00,4363.63,4365.00,4353.82,4356.96,3834
15-06-2026 20:15,4356.95,4363.58,4355.36,4356.65,3749
15-06-2026 20:30,4356.63,4359.31,4349.52,4350.95,3786
15-06-2026 20:45,4350.96,4358.09,4350.09,4353.96,3458
15-06-2026 21:00,4353.88,4359.73,4349.69,4357.44,3582
15-06-2026 21:15,4357.37,4360.68,4354.82,4356.14,3364
15-06-2026 21:30,4356.10,4358.62,4349.12,4351.61,3137
15-06-2026 21:45,4351.62,4352.49,4339.22,4342.86,3519
15-06-2026 22:00,4342.80,4343.01,4336.14,4336.16,3147
15-06-2026 22:15,4336.07,4339.76,4334.49,4339.21,3212
15-06-2026 22:30,4339.19,4339.19,4330.63,4334.11,3467
15-06-2026 22:45,4334.24,4334.77,4328.90,4329.76,3271
15-06-2026 23:00,4329.71,4329.84,4321.07,4321.99,3242
15-06-2026 23:15,4321.98,4325.24,4320.60,4324.69,3267
15-06-2026 23:30,4324.75,4324.96,4317.98,4324.13,3403
15-06-2026 23:45,4324.16,4327.96,4322.74,4324.66,3084
16-06-2026 00:00,4324.67,4326.22,4321.76,4324.90,3143
16-06-2026 00:15,4324.88,4327.19,4323.97,4325.60,2893
16-06-2026 00:30,4325.58,4326.65,4320.77,4322.43,3167
16-06-2026 00:45,4322.47,4324.55,4320.79,4321.34,2847
16-06-2026 01:00,4321.34,4323.67,4318.09,4319.03,2980
16-06-2026 01:15,4319.01,4320.82,4316.54,4320.82,3209
16-06-2026 01:30,4320.72,4321.96,4315.65,4315.92,1907
16-06-2026 01:45,4315.94,4318.52,4310.62,4312.61,1691
16-06-2026 02:00,4312.62,4312.97,4308.22,4309.61,1384
16-06-2026 02:15,4309.48,4310.15,4305.98,4308.72,1172
16-06-2026 03:30,4310.71,4314.60,4308.48,4309.51,1033
16-06-2026 03:45,4309.62,4312.91,4305.47,4308.04,1581
16-06-2026 04:00,4308.03,4314.28,4306.56,4312.16,1605
16-06-2026 04:15,4312.12,4314.06,4310.32,4311.74,1635
16-06-2026 04:30,4311.74,4316.36,4311.74,4313.31,1706
16-06-2026 04:45,4313.30,4315.53,4311.41,4315.45,1671
16-06-2026 05:00,4315.42,4319.15,4313.27,4318.11,1734
16-06-2026 05:15,4318.12,4319.00,4313.10,4315.54,2010
16-06-2026 05:30,4315.50,4318.23,4313.18,4313.42,2314
16-06-2026 05:45,4313.39,4315.73,4306.78,4308.18,2766
16-06-2026 06:00,4308.15,4313.65,4307.81,4310.96,2843
16-06-2026 06:15,4310.96,4320.64,4310.61,4319.11,2776
16-06-2026 06:30,4319.12,4325.81,4315.55,4319.77,3743
16-06-2026 06:45,4319.69,4323.92,4316.32,4319.25,3344
16-06-2026 07:00,4319.33,4320.36,4313.27,4314.95,3454
16-06-2026 07:15,4314.94,4319.30,4312.07,4313.51,3188
16-06-2026 07:30,4313.49,4314.07,4307.53,4309.53,3020
16-06-2026 07:45,4309.49,4312.91,4308.21,4312.56,2074
16-06-2026 08:00,4312.57,4318.22,4309.56,4312.00,3031
16-06-2026 08:15,4312.15,4320.78,4311.13,4318.64,2882
16-06-2026 08:30,4318.46,4320.88,4317.10,4318.57,2703
16-06-2026 08:45,4318.54,4322.56,4315.32,4321.15,2541
16-06-2026 09:00,4321.16,4332.79,4319.73,4331.85,2565
16-06-2026 09:15,4331.86,4333.09,4328.92,4330.38,2217
16-06-2026 09:30,4330.34,4332.08,4325.59,4326.92,2130
16-06-2026 09:45,4326.93,4327.72,4322.11,4322.78,1854
16-06-2026 10:00,4322.85,4325.21,4321.77,4323.04,2097
16-06-2026 10:15,4323.14,4323.63,4321.11,4322.44,2156
16-06-2026 10:30,4322.43,4329.02,4322.11,4326.24,2272
16-06-2026 10:45,4326.20,4327.88,4324.47,4327.18,1925
16-06-2026 11:00,4327.07,4330.74,4315.88,4317.61,3463
16-06-2026 11:15,4317.64,4321.00,4314.25,4315.85,2952
16-06-2026 11:30,4315.82,4319.56,4313.52,4318.54,3120
16-06-2026 11:45,4318.56,4318.58,4314.28,4316.44,2871
16-06-2026 12:00,4316.49,4320.12,4314.04,4316.25,2970
16-06-2026 12:15,4316.22,4324.44,4316.03,4323.81,3030
16-06-2026 12:30,4324.14,4328.39,4322.52,4326.02,2895
16-06-2026 12:45,4326.03,4329.47,4324.14,4328.52,2683
16-06-2026 13:00,4328.49,4332.48,4326.07,4327.51,2944
16-06-2026 13:15,4327.52,4335.56,4326.47,4335.02,2957
16-06-2026 13:30,4334.98,4340.14,4332.70,4337.84,2997
16-06-2026 13:45,4337.76,4343.43,4337.59,4341.10,2980
16-06-2026 14:00,4341.18,4345.00,4339.07,4343.32,2901
16-06-2026 14:15,4343.34,4347.91,4340.80,4346.82,2912
16-06-2026 14:30,4346.87,4348.17,4343.94,4346.05,2824
16-06-2026 14:45,4346.13,4346.50,4338.32,4339.84,2601
16-06-2026 15:00,4339.79,4346.26,4339.36,4342.01,2618
16-06-2026 15:15,4342.10,4348.24,4340.21,4345.14,2377
16-06-2026 15:30,4345.16,4346.48,4342.98,4345.90,2194
16-06-2026 15:45,4345.89,4346.61,4343.62,4344.17,2261
16-06-2026 16:00,4344.15,4346.66,4342.11,4346.61,2240
16-06-2026 16:15,4346.58,4348.83,4346.41,4348.81,2368
16-06-2026 16:30,4348.89,4349.33,4339.44,4341.52,2827
16-06-2026 16:45,4341.39,4343.32,4338.62,4341.94,2623
16-06-2026 17:00,4341.92,4342.21,4335.03,4338.71,3055
16-06-2026 17:15,4338.70,4341.54,4336.78,4340.92,2620
16-06-2026 17:30,4340.91,4345.49,4338.06,4344.59,3122
16-06-2026 17:45,4344.58,4345.04,4337.29,4343.69,3182
16-06-2026 18:00,4343.71,4349.61,4341.49,4349.43,3368
16-06-2026 18:15,4349.50,4354.94,4348.49,4354.61,3242
16-06-2026 18:30,4354.42,4354.81,4342.06,4343.73,3774
16-06-2026 18:45,4343.75,4344.95,4333.18,4335.02,3715
16-06-2026 19:00,4335.03,4340.23,4333.69,4338.88,3948
16-06-2026 19:15,4338.83,4340.40,4331.53,4331.65,3816
16-06-2026 19:30,4331.72,4338.89,4331.43,4335.43,3748
16-06-2026 19:45,4335.24,4335.24,4317.61,4319.61,4045
16-06-2026 20:00,4319.64,4328.29,4313.24,4324.23,3936
16-06-2026 20:15,4324.26,4327.26,4321.52,4323.95,3865
16-06-2026 20:30,4324.19,4326.93,4322.31,4324.47,3691
16-06-2026 20:45,4324.51,4328.57,4321.10,4325.75,3613
16-06-2026 21:00,4325.76,4328.68,4322.93,4326.59,3590
16-06-2026 21:15,4326.54,4343.41,4321.95,4335.18,3893
16-06-2026 21:30,4335.06,4346.79,4334.81,4345.76,3775
16-06-2026 21:45,4345.79,4346.70,4341.72,4344.48,3531
16-06-2026 22:00,4344.42,4345.13,4340.01,4343.98,3386
16-06-2026 22:15,4343.79,4346.31,4339.97,4340.58,3247
16-06-2026 22:30,4340.59,4341.07,4334.17,4335.57,3169
16-06-2026 22:45,4335.56,4335.94,4325.24,4334.63,3485
16-06-2026 23:00,4335.18,4340.05,4334.13,4338.44,3361
16-06-2026 23:15,4338.38,4340.52,4335.74,4340.27,2902
16-06-2026 23:30,4340.24,4342.66,4339.08,4341.71,3128
16-06-2026 23:45,4341.70,4342.25,4338.94,4341.22,2945
17-06-2026 00:00,4341.12,4342.68,4338.25,4338.78,2759
17-06-2026 00:15,4338.83,4340.01,4336.10,4338.41,2358
17-06-2026 00:30,4338.46,4342.81,4337.72,4339.09,2922
17-06-2026 00:45,4339.13,4341.11,4336.43,4339.54,2913
17-06-2026 01:00,4339.56,4340.01,4336.89,4338.51,2831
17-06-2026 01:15,4338.67,4339.67,4330.60,4334.16,3259
17-06-2026 01:30,4333.86,4334.04,4330.94,4330.99,1801
17-06-2026 01:45,4330.92,4333.99,4330.78,4332.73,1223
17-06-2026 02:00,4332.75,4334.75,4331.39,4333.45,1277
17-06-2026 02:15,4333.36,4333.39,4329.10,4330.76,1267
17-06-2026 03:30,4333.46,4334.42,4330.19,4331.96,462
17-06-2026 03:45,4331.88,4332.61,4328.50,4329.69,841
17-06-2026 04:00,4329.89,4333.00,4329.89,4332.52,729
17-06-2026 04:15,4332.53,4335.61,4331.90,4335.26,713
17-06-2026 04:30,4335.21,4338.15,4333.88,4336.59,745
17-06-2026 04:45,4336.58,4336.96,4335.64,4336.11,478
17-06-2026 05:00,4336.08,4336.51,4332.97,4334.57,741
17-06-2026 05:15,4334.59,4334.99,4329.51,4330.91,1117
17-06-2026 05:30,4330.90,4340.01,4328.49,4337.51,2391
17-06-2026 05:45,4337.52,4341.52,4336.58,4337.24,2010
17-06-2026 06:00,4337.23,4338.86,4334.63,4335.40,1426
17-06-2026 06:15,4335.41,4337.83,4332.17,4337.02,2235
17-06-2026 06:30,4336.73,4349.74,4334.30,4347.50,3590
17-06-2026 06:45,4347.68,4347.73,4339.09,4343.24,3170
17-06-2026 07:00,4343.12,4344.11,4337.82,4339.47,3011
17-06-2026 07:15,4339.44,4343.40,4336.78,4340.85,2969
17-06-2026 07:30,4340.82,4344.19,4339.89,4342.06,2747
17-06-2026 07:45,4342.10,4344.40,4339.57,4340.54,2001
17-06-2026 08:00,4340.53,4343.66,4337.70,4338.71,2953
17-06-2026 08:15,4338.70,4338.78,4329.67,4331.57,3012
17-06-2026 08:30,4331.45,4334.03,4329.39,4330.44,2647
17-06-2026 08:45,4330.18,4332.32,4328.50,4331.52,2791
17-06-2026 09:00,4331.60,4333.43,4330.08,4333.16,1965
17-06-2026 09:15,4333.14,4333.70,4330.45,4332.21,1887
17-06-2026 09:30,4332.07,4332.27,4328.43,4330.72,1837
17-06-2026 09:45,4330.66,4334.06,4324.09,4324.49,2270
17-06-2026 10:00,4324.40,4325.60,4317.47,4323.06,2336
17-06-2026 10:15,4323.05,4326.66,4322.24,4326.66,1738
17-06-2026 10:30,4326.71,4327.73,4321.29,4322.49,2021
17-06-2026 10:45,4322.44,4327.57,4321.09,4327.18,2242
17-06-2026 11:00,4327.15,4333.09,4326.83,4329.64,3080
17-06-2026 11:15,4329.66,4333.99,4324.38,4326.53,2992
17-06-2026 11:30,4327.20,4329.91,4324.33,4329.44,2939
17-06-2026 11:45,4328.91,4329.38,4320.59,4324.24,2992
17-06-2026 12:00,4324.23,4329.11,4322.46,4327.65,3043
17-06-2026 12:15,4327.60,4331.73,4326.61,4331.56,2605
17-06-2026 12:30,4331.58,4332.86,4326.98,4327.17,2833
17-06-2026 12:45,4327.15,4332.70,4326.58,4329.04,2768
17-06-2026 13:00,4329.02,4331.69,4325.38,4328.84,2613
17-06-2026 13:15,4328.79,4329.43,4324.64,4325.20,2543
17-06-2026 13:30,4325.05,4327.82,4322.11,4322.80,3014
17-06-2026 13:45,4322.79,4324.85,4319.59,4323.59,3124
17-06-2026 14:00,4323.59,4324.35,4319.19,4320.07,2818
17-06-2026 14:15,4319.91,4325.45,4317.36,4324.71,2721
17-06-2026 14:30,4324.68,4325.83,4321.21,4325.23,2460
17-06-2026 14:45,4325.25,4333.08,4325.21,4331.91,2773
17-06-2026 15:00,4332.04,4335.53,4328.12,4328.41,2598
17-06-2026 15:15,4328.42,4329.66,4325.57,4329.47,2359
17-06-2026 15:30,4329.46,4330.94,4327.73,4330.82,2678
17-06-2026 15:45,4330.82,4330.92,4326.76,4328.94,2423
17-06-2026 16:00,4329.00,4331.20,4327.12,4330.87,2259
17-06-2026 16:15,4330.85,4335.08,4330.72,4331.34,2489
17-06-2026 16:30,4331.36,4331.92,4327.73,4329.05,2865
17-06-2026 16:45,4329.03,4331.70,4327.93,4328.74,2690
17-06-2026 17:00,4328.78,4328.90,4324.28,4325.83,2805
17-06-2026 17:15,4325.80,4327.11,4320.87,4323.06,2686
17-06-2026 17:30,4323.17,4324.84,4319.75,4323.40,2848
17-06-2026 17:45,4323.35,4327.63,4321.72,4325.04,2597
17-06-2026 18:00,4324.72,4332.07,4323.61,4331.59,2851
17-06-2026 18:15,4331.85,4335.19,4331.02,4333.55,2549
17-06-2026 18:30,4333.54,4334.23,4324.02,4331.82,3474
17-06-2026 18:45,4331.82,4338.30,4330.83,4335.34,3165
17-06-2026 19:00,4335.42,4341.83,4332.52,4341.72,3881
17-06-2026 19:15,4341.52,4345.24,4339.29,4339.84,3741
17-06-2026 19:30,4339.73,4345.93,4335.63,4342.45,3820
17-06-2026 19:45,4342.44,4362.06,4340.98,4360.32,3805
17-06-2026 20:00,4360.06,4364.08,4347.34,4351.92,3891
17-06-2026 20:15,4351.94,4355.29,4330.74,4344.48,4037
17-06-2026 20:30,4344.23,4348.43,4343.80,4348.01,3901
17-06-2026 20:45,4347.81,4359.92,4347.15,4355.42,3744
17-06-2026 21:00,4355.20,4361.09,4354.57,4358.19,3278
17-06-2026 21:15,4358.37,4364.75,4357.32,4363.49,3128
17-06-2026 21:30,4363.47,4365.62,4360.55,4362.15,3211
17-06-2026 21:45,4362.18,4366.41,4360.65,4365.20,2943
17-06-2026 22:00,4365.10,4365.20,4355.01,4357.52,2997
17-06-2026 22:15,4357.51,4359.53,4356.05,4359.37,2783
17-06-2026 22:30,4359.39,4361.04,4355.33,4358.84,3234
17-06-2026 22:45,4358.82,4363.94,4357.77,4361.20,3200
17-06-2026 23:00,4361.13,4382.47,4360.78,4375.95,3518
17-06-2026 23:15,4375.98,4381.73,4373.62,4379.66,3222
17-06-2026 23:30,4379.54,4379.54,4276.96,4283.96,4371
17-06-2026 23:45,4284.19,4307.81,4282.86,4292.48,4313
18-06-2026 00:00,4292.59,4327.03,4269.46,4323.79,4411
18-06-2026 00:15,4324.23,4332.13,4278.71,4285.76,4355
18-06-2026 00:30,4286.15,4295.11,4260.51,4264.66,4368
18-06-2026 00:45,4264.65,4265.24,4226.59,4227.01,4314
18-06-2026 01:00,4226.79,4235.92,4218.94,4229.62,4334
18-06-2026 01:15,4230.62,4246.86,4229.68,4235.70,4262
18-06-2026 01:30,4235.17,4260.01,4235.06,4257.49,3816
18-06-2026 01:45,4257.58,4269.72,4254.08,4258.28,3384
18-06-2026 02:00,4258.29,4265.47,4258.26,4260.04,2901
18-06-2026 02:15,4260.24,4262.06,4255.76,4257.26,2117
18-06-2026 03:30,4256.17,4267.48,4253.99,4265.15,1442
18-06-2026 03:45,4265.52,4270.88,4264.51,4266.71,1508
18-06-2026 04:00,4266.60,4268.71,4263.25,4263.79,1556
18-06-2026 04:15,4263.78,4270.72,4260.29,4266.54,2012
18-06-2026 04:30,4266.57,4282.06,4264.15,4281.70,2362
18-06-2026 04:45,4281.71,4283.84,4275.51,4280.02,2732
18-06-2026 05:00,4280.03,4282.66,4267.91,4276.12,2491
18-06-2026 05:15,4276.13,4279.37,4272.28,4277.90,2528
18-06-2026 05:30,4277.94,4299.12,4276.46,4297.33,3632
18-06-2026 05:45,4297.45,4301.11,4294.61,4300.53,3486
18-06-2026 06:00,4300.39,4311.55,4299.75,4310.92,3366
18-06-2026 06:15,4310.89,4315.23,4308.16,4308.55,3379
18-06-2026 06:30,4308.41,4328.44,4307.09,4322.89,3877
18-06-2026 06:45,4322.90,4323.55,4315.08,4319.06,3588
18-06-2026 07:00,4319.10,4325.07,4316.95,4322.40,3591
18-06-2026 07:15,4322.35,4325.92,4317.29,4317.77,3388
18-06-2026 07:30,4317.77,4329.69,4316.26,4327.00,3293
18-06-2026 07:45,4327.02,4329.62,4323.23,4324.33,2700
18-06-2026 08:00,4324.28,4325.36,4316.10,4316.40,3371
18-06-2026 08:15,4316.47,4318.80,4310.40,4310.86,3304
18-06-2026 08:30,4310.86,4316.32,4309.01,4311.58,3134
18-06-2026 08:45,4311.59,4316.77,4310.67,4314.66,3058
18-06-2026 09:00,4314.72,4322.54,4313.69,4318.84,2609
18-06-2026 09:15,4318.81,4320.59,4316.65,4319.63,2067
18-06-2026 09:30,4319.78,4323.92,4314.61,4317.30,2259
18-06-2026 09:45,4317.33,4318.98,4311.57,4313.59,2251
18-06-2026 10:00,4313.56,4318.20,4309.75,4310.04,2554
18-06-2026 10:15,4310.06,4317.18,4309.69,4315.96,2404
18-06-2026 10:30,4315.73,4318.23,4312.27,4315.91,2508
18-06-2026 10:45,4315.86,4323.15,4315.50,4323.06,2546
18-06-2026 11:00,4322.86,4324.51,4309.48,4310.47,3374
18-06-2026 11:15,4310.49,4311.66,4301.25,4308.01,3596
18-06-2026 11:30,4308.16,4309.87,4296.27,4298.79,3696
18-06-2026 11:45,4298.73,4305.26,4296.35,4305.02,3531
18-06-2026 12:00,4304.78,4305.34,4299.07,4301.42,3333
18-06-2026 12:15,4301.44,4307.51,4301.16,4306.40,3353
18-06-2026 12:30,4306.75,4309.08,4300.27,4307.04,3318
18-06-2026 12:45,4306.97,4309.31,4303.88,4307.67,3094
18-06-2026 13:00,4307.68,4307.68,4293.38,4297.55,3266
18-06-2026 13:15,4297.54,4298.64,4287.38,4288.64,3269
18-06-2026 13:30,4288.95,4292.98,4284.09,4286.97,3263
18-06-2026 13:45,4287.00,4289.91,4283.87,4284.55,3016
18-06-2026 14:00,4284.65,4289.70,4280.85,4281.39,3159
18-06-2026 14:15,4281.63,4281.63,4265.42,4266.68,3498
18-06-2026 14:30,4267.01,4269.29,4259.54,4267.65,3403
18-06-2026 14:45,4267.65,4273.10,4265.37,4266.32,3106
18-06-2026 15:00,4266.30,4268.82,4263.40,4268.48,3140
18-06-2026 15:15,4268.46,4273.26,4267.27,4268.65,2877
18-06-2026 15:30,4268.43,4269.69,4261.82,4268.01,3161
18-06-2026 15:45,4268.14,4272.67,4263.56,4269.29,3002
18-06-2026 16:00,4269.41,4270.55,4263.76,4264.09,2909
18-06-2026 16:15,4264.08,4266.43,4254.64,4255.48,3032
18-06-2026 16:30,4255.66,4255.69,4240.41,4247.31,3552
18-06-2026 16:45,4247.10,4249.52,4243.53,4249.07,3392
18-06-2026 17:00,4249.05,4250.07,4241.86,4243.32,3516
18-06-2026 17:15,4243.30,4245.86,4239.85,4241.90,3345
18-06-2026 17:30,4241.96,4258.06,4240.37,4256.24,3650
18-06-2026 17:45,4256.24,4269.06,4254.10,4255.52,3648
18-06-2026 18:00,4255.30,4258.52,4241.34,4243.03,3809
18-06-2026 18:15,4243.10,4247.95,4240.95,4246.56,3686
18-06-2026 18:30,4246.53,4259.30,4244.89,4259.25,3737
18-06-2026 18:45,4259.27,4263.30,4252.77,4263.16,3642
18-06-2026 19:00,4263.03,4276.58,4263.03,4264.34,4158
18-06-2026 19:15,4264.46,4265.34,4250.52,4256.44,4119
18-06-2026 19:30,4256.50,4257.80,4238.65,4241.58,4127
18-06-2026 19:45,4241.57,4255.88,4237.13,4244.15,4045
18-06-2026 20:00,4244.05,4252.16,4241.11,4244.57,4074
18-06-2026 20:15,4244.43,4254.21,4240.10,4252.21,3913
18-06-2026 20:30,4252.20,4254.61,4246.36,4246.53,4002
18-06-2026 20:45,4246.58,4249.31,4234.41,4235.68,3937
18-06-2026 21:00,4235.61,4236.74,4223.96,4231.73,3945
18-06-2026 21:15,4231.72,4231.75,4223.06,4226.60,3632
18-06-2026 21:30,4226.65,4233.23,4225.72,4227.30,3726
18-06-2026 21:45,4227.31,4228.53,4221.81,4224.88,3671
18-06-2026 22:00,4224.87,4229.29,4215.11,4221.85,3794
18-06-2026 22:15,4221.82,4222.26,4213.90,4219.40,3739
18-06-2026 22:30,4219.39,4228.52,4218.37,4227.81,3457
18-06-2026 22:45,4227.86,4231.56,4225.53,4226.04,3609
18-06-2026 23:00,4226.03,4230.22,4222.37,4229.72,3324
18-06-2026 23:15,4229.73,4233.07,4227.24,4230.27,3045
18-06-2026 23:30,4230.36,4233.06,4227.31,4228.46,3323
18-06-2026 23:45,4228.26,4229.77,4225.40,4226.27,3305
19-06-2026 00:00,4226.23,4226.23,4220.41,4224.79,3127
19-06-2026 00:15,4224.74,4225.20,4218.14,4218.23,3139
19-06-2026 00:30,4218.57,4218.95,4203.86,4207.30,3680
19-06-2026 00:45,4207.30,4208.59,4201.93,4204.99,3518
19-06-2026 01:00,4205.01,4214.48,4201.44,4214.03,3430
19-06-2026 01:15,4214.05,4218.40,4213.19,4216.78,3450
19-06-2026 01:30,4216.90,4217.99,4214.85,4217.14,2096
19-06-2026 01:45,4217.08,4219.49,4214.91,4218.91,1587
19-06-2026 02:00,4218.92,4218.92,4212.87,4212.87,1742
19-06-2026 02:15,4212.86,4212.99,4207.45,4208.63,1476
19-06-2026 03:30,4211.72,4212.23,4202.94,4207.66,618
19-06-2026 03:45,4208.15,4209.79,4202.26,4203.64,1457
19-06-2026 04:00,4203.56,4205.58,4202.86,4204.78,1585
19-06-2026 04:15,4204.80,4210.44,4203.98,4207.29,1726
19-06-2026 04:30,4207.31,4208.32,4193.75,4195.56,2287
19-06-2026 04:45,4195.79,4199.36,4193.76,4197.18,1946
19-06-2026 05:00,4197.24,4199.11,4193.86,4194.26,2084
19-06-2026 05:15,4194.27,4194.30,4186.78,4188.41,2751
19-06-2026 05:30,4188.13,4198.08,4184.20,4185.47,3484
19-06-2026 05:45,4185.46,4188.66,4184.21,4185.06,2905
19-06-2026 06:00,4185.07,4191.31,4184.38,4188.50,2715
19-06-2026 06:15,4188.41,4192.26,4187.54,4190.33,2546
19-06-2026 06:30,4190.85,4194.44,4184.27,4186.37,2902
19-06-2026 06:45,4186.38,4191.58,4183.94,4190.67,2446
19-06-2026 07:00,4190.85,4190.85,4184.41,4185.61,2680
19-06-2026 07:15,4185.53,4187.32,4183.90,4184.87,2094
19-06-2026 07:30,4184.86,4186.21,4178.26,4179.78,2655
19-06-2026 07:45,4179.79,4179.93,4175.12,4179.43,2516
19-06-2026 08:00,4179.44,4183.60,4177.04,4179.91,2102
19-06-2026 08:15,4179.90,4180.69,4171.83,4176.28,2384
19-06-2026 08:30,4176.26,4177.23,4166.00,4166.02,2693
19-06-2026 08:45,4166.01,4170.71,4165.10,4167.33,2830
19-06-2026 09:00,4167.48,4167.75,4157.71,4161.91,3177
19-06-2026 09:15,4161.91,4162.08,4146.76,4153.23,2981
19-06-2026 09:30,4153.30,4155.07,4143.09,4145.41,3231
19-06-2026 09:45,4145.47,4149.85,4141.42,4146.61,3037
19-06-2026 10:00,4146.52,4147.37,4133.40,4135.26,3208
19-06-2026 10:15,4135.27,4136.71,4125.03,4125.71,3185
19-06-2026 10:30,4126.00,4131.42,4121.59,4130.37,2997
19-06-2026 10:45,4130.35,4134.47,4125.71,4133.56,3137
19-06-2026 11:00,4133.57,4139.37,4130.52,4134.92,3008
19-06-2026 11:15,4134.91,4141.80,4132.82,4139.63,3013
19-06-2026 11:30,4139.64,4148.01,4133.57,4147.12,3411
19-06-2026 11:45,4147.12,4147.31,4139.19,4141.77,3205
19-06-2026 12:00,4141.91,4145.38,4132.72,4136.01,3168
19-06-2026 12:15,4136.00,4150.48,4134.51,4147.60,2926
19-06-2026 12:30,4147.59,4159.55,4147.59,4157.13,3369
19-06-2026 12:45,4157.05,4160.21,4151.91,4152.44,3282
19-06-2026 13:00,4152.46,4157.44,4151.16,4154.00,3138
19-06-2026 13:15,4153.97,4163.21,4151.51,4158.01,3057
19-06-2026 13:30,4158.09,4167.21,4155.36,4165.68,3352
19-06-2026 13:45,4165.61,4177.55,4165.25,4175.81,3387
19-06-2026 14:00,4176.31,4178.43,4166.68,4168.88,3189
19-06-2026 14:15,4168.86,4169.40,4164.50,4169.06,2943
19-06-2026 14:30,4169.06,4170.91,4163.52,4163.98,3172
19-06-2026 14:45,4163.89,4168.14,4162.03,4162.58,3067
19-06-2026 15:00,4162.66,4165.99,4162.46,4162.84,2644
19-06-2026 15:15,4162.88,4167.18,4160.85,4162.77,2707
19-06-2026 15:30,4162.88,4162.99,4152.90,4155.33,3045
19-06-2026 15:45,4155.18,4158.12,4152.59,4153.75,2942
19-06-2026 16:00,4153.76,4154.59,4150.11,4151.19,2748
19-06-2026 16:15,4151.10,4154.56,4147.97,4149.71,2975
19-06-2026 16:30,4149.60,4150.20,4142.51,4146.73,3196
19-06-2026 16:45,4146.68,4148.82,4143.23,4144.07,2817
19-06-2026 17:00,4144.01,4150.42,4141.79,4149.90,2780
19-06-2026 17:15,4149.92,4154.94,4148.45,4152.51,2869
19-06-2026 17:30,4152.45,4160.30,4152.27,4155.62,3135
19-06-2026 17:45,4155.69,4156.02,4151.16,4151.59,2863
19-06-2026 18:00,4151.68,4154.59,4148.30,4152.23,3092
19-06-2026 18:15,4152.22,4180.00,4147.47,4179.03,3681
19-06-2026 18:30,4179.30,4182.86,4164.57,4169.87,3836
19-06-2026 18:45,4170.16,4172.07,4161.78,4163.94,3412
19-06-2026 19:00,4163.92,4168.00,4157.73,4158.52,3544
19-06-2026 19:15,4158.47,4160.87,4150.50,4151.42,3386
19-06-2026 19:30,4151.36,4154.49,4147.76,4149.21,3298
19-06-2026 19:45,4149.23,4150.05,4143.62,4149.10,3240
19-06-2026 20:00,4149.12,4150.50,4142.88,4144.33,3210
19-06-2026 20:15,4144.39,4151.19,4142.33,4149.17,3207
19-06-2026 20:30,4149.18,4153.23,4148.01,4151.28,3221
19-06-2026 20:45,4151.26,4153.93,4149.75,4151.27,2584
19-06-2026 21:00,4151.36,4152.75,4147.21,4147.61,2410
19-06-2026 21:15,4147.62,4153.12,4147.62,4150.61,1817
19-06-2026 21:30,4150.62,4150.68,4144.17,4144.88,1790
19-06-2026 21:45,4144.89,4148.46,4143.87,4146.64,1353
19-06-2026 22:00,4146.66,4153.41,4146.47,4150.96,1756
19-06-2026 22:15,4151.10,4157.19,4150.42,4153.71,1987
22-06-2026 03:30,4143.13,4158.75,4139.02,4151.02,1825
22-06-2026 03:45,4150.98,4154.15,4147.51,4151.76,2392
22-06-2026 04:00,4151.82,4154.94,4149.99,4153.75,2092
22-06-2026 04:15,4153.69,4156.75,4152.19,4156.18,1726
22-06-2026 04:30,4156.02,4164.64,4155.37,4158.45,2648
22-06-2026 04:45,4158.35,4159.07,4153.78,4156.76,2386
22-06-2026 05:00,4156.76,4156.84,4141.90,4145.59,2818
22-06-2026 05:15,4145.53,4146.93,4136.56,4140.25,3236
22-06-2026 05:30,4140.65,4162.57,4139.99,4161.03,3818
22-06-2026 05:45,4161.07,4170.30,4160.89,4166.81,3535
22-06-2026 06:00,4167.11,4176.27,4165.69,4175.59,3080
22-06-2026 06:15,4175.96,4200.97,4175.46,4200.77,3493
22-06-2026 06:30,4200.93,4220.40,4200.93,4211.62,4121
22-06-2026 06:45,4211.62,4214.82,4205.05,4207.30,3911
22-06-2026 07:00,4207.11,4207.16,4194.90,4200.78,3868
22-06-2026 07:15,4201.03,4201.77,4189.52,4190.87,3708
22-06-2026 07:30,4190.89,4194.98,4183.67,4184.21,3764
22-06-2026 07:45,4184.20,4190.13,4183.44,4188.77,2947
22-06-2026 08:00,4188.29,4200.23,4186.98,4191.66,3610
22-06-2026 08:15,4191.20,4192.34,4187.47,4188.40,3391
22-06-2026 08:30,4188.37,4189.87,4178.33,4178.33,3460
22-06-2026 08:45,4178.29,4180.97,4173.58,4179.98,3250
22-06-2026 09:00,4180.09,4180.64,4175.00,4175.53,2209
22-06-2026 09:15,4175.54,4178.70,4170.69,4171.60,2471
22-06-2026 09:30,4171.58,4178.25,4170.57,4176.23,2473
22-06-2026 09:45,4176.26,4178.82,4174.29,4176.29,2571
22-06-2026 10:00,4176.32,4178.82,4174.59,4176.69,2305
22-06-2026 10:15,4176.68,4182.11,4176.12,4181.65,2302
22-06-2026 10:30,4181.64,4186.27,4179.33,4185.33,2865
22-06-2026 10:45,4185.29,4194.14,4184.49,4193.89,2674
22-06-2026 11:00,4193.97,4198.63,4189.36,4193.12,3727
22-06-2026 11:15,4193.08,4196.98,4190.23,4193.71,3327
22-06-2026 11:30,4193.69,4198.39,4191.12,4194.47,3461
22-06-2026 11:45,4194.34,4200.77,4193.77,4196.58,3340
22-06-2026 12:00,4196.43,4202.47,4194.79,4202.14,3178
22-06-2026 12:15,4202.12,4207.25,4197.08,4197.61,3228
22-06-2026 12:30,4197.83,4201.19,4197.20,4199.38,3206
22-06-2026 12:45,4199.19,4201.65,4196.86,4197.51,3080
22-06-2026 13:00,4197.55,4199.63,4192.21,4194.28,2890
22-06-2026 13:15,4194.36,4196.05,4188.81,4190.34,2933
22-06-2026 13:30,4190.33,4194.62,4188.57,4189.94,3234
22-06-2026 13:45,4189.88,4195.23,4189.11,4191.58,3298
22-06-2026 14:00,4191.64,4194.21,4189.06,4193.54,3062
22-06-2026 14:15,4193.44,4197.61,4192.13,4197.27,2841
22-06-2026 14:30,4197.41,4209.39,4195.95,4205.18,3213
22-06-2026 14:45,4205.16,4209.05,4202.95,4203.95,2973
22-06-2026 15:00,4203.96,4210.16,4201.27,4206.78,2894
22-06-2026 15:15,4206.87,4210.06,4204.29,4208.13,2480
22-06-2026 15:30,4208.11,4214.08,4207.82,4212.79,2908
22-06-2026 15:45,4212.38,4214.08,4208.10,4209.98,2742
22-06-2026 16:00,4209.97,4211.64,4208.20,4208.51,2562
22-06-2026 16:15,4208.55,4209.38,4203.55,4204.61,2568
22-06-2026 16:30,4204.63,4215.20,4204.50,4207.91,3477
22-06-2026 16:45,4207.90,4209.60,4203.30,4203.94,2778
22-06-2026 17:00,4203.77,4208.08,4202.12,4206.53,2860
22-06-2026 17:15,4206.52,4207.58,4201.35,4207.34,2761
22-06-2026 17:30,4207.34,4211.05,4205.28,4207.28,3193
22-06-2026 17:45,4207.23,4211.61,4206.05,4208.40,3141
22-06-2026 18:00,4208.41,4208.76,4200.75,4203.77,3193
22-06-2026 18:15,4203.82,4204.83,4192.12,4193.27,3213
22-06-2026 18:30,4193.32,4196.97,4188.59,4194.23,3850
22-06-2026 18:45,4194.15,4196.96,4185.33,4186.91,3678
22-06-2026 19:00,4186.88,4194.50,4182.86,4190.96,4077
22-06-2026 19:15,4190.92,4205.68,4187.50,4199.77,4020
22-06-2026 19:30,4199.78,4210.58,4193.77,4205.15,3988
22-06-2026 19:45,4205.10,4206.06,4191.07,4191.81,4021
22-06-2026 20:00,4191.63,4197.33,4186.44,4192.88,4023
22-06-2026 20:15,4192.93,4206.05,4192.88,4198.22,4107
22-06-2026 20:30,4198.24,4201.22,4194.66,4197.73,3965
22-06-2026 20:45,4197.74,4197.83,4188.20,4189.01,3946
22-06-2026 21:00,4188.96,4190.36,4180.30,4180.89,3785
22-06-2026 21:15,4180.87,4184.94,4169.65,4182.80,3788
22-06-2026 21:30,4182.60,4184.70,4174.31,4177.50,3855
22-06-2026 21:45,4177.22,4182.83,4176.11,4182.63,3628
22-06-2026 22:00,4182.59,4186.18,4181.16,4181.79,3349
22-06-2026 22:15,4181.73,4192.53,4180.75,4189.75,3222
22-06-2026 22:30,4189.87,4191.15,4185.97,4186.62,3187
22-06-2026 22:45,4186.65,4191.53,4183.20,4184.04,3252
22-06-2026 23:00,4184.16,4184.67,4177.02,4181.56,3381
22-06-2026 23:15,4181.47,4183.64,4179.97,4182.85,3069
22-06-2026 23:30,4183.11,4186.21,4182.44,4183.83,3037
22-06-2026 23:45,4183.88,4189.69,4183.87,4188.00,3071
23-06-2026 00:00,4187.99,4189.89,4186.02,4189.75,2793
23-06-2026 00:15,4189.78,4192.84,4189.57,4191.22,2966
23-06-2026 00:30,4191.53,4193.28,4190.89,4191.28,2820
23-06-2026 00:45,4191.32,4192.13,4187.27,4187.39,3053
23-06-2026 01:00,4187.32,4190.15,4184.22,4184.40,2971
23-06-2026 01:15,4184.43,4191.51,4184.08,4190.48,3213
23-06-2026 01:30,4190.62,4193.65,4189.96,4190.78,1595
23-06-2026 01:45,4190.80,4191.50,4188.64,4190.27,1110
23-06-2026 02:00,4190.23,4193.53,4189.44,4192.75,1237
23-06-2026 02:15,4192.73,4192.92,4190.38,4190.91,1012
23-06-2026 03:30,4191.18,4193.70,4190.93,4191.98,597
23-06-2026 03:45,4191.99,4192.83,4190.75,4192.46,693
23-06-2026 04:00,4192.46,4194.36,4189.35,4189.78,1811
23-06-2026 04:15,4189.76,4190.49,4188.23,4189.76,1612
23-06-2026 04:30,4189.71,4192.90,4189.46,4190.91,1544
23-06-2026 04:45,4190.89,4191.88,4190.21,4191.02,1323
23-06-2026 05:00,4191.00,4195.25,4190.70,4194.92,1434
23-06-2026 05:15,4194.77,4194.90,4186.58,4187.49,2300
23-06-2026 05:30,4187.46,4192.18,4178.26,4178.78,3228
23-06-2026 05:45,4178.75,4185.95,4178.71,4183.99,3085
23-06-2026 06:00,4183.99,4193.44,4182.50,4192.64,3419
23-06-2026 06:15,4192.63,4194.63,4190.04,4193.31,3458
23-06-2026 06:30,4193.26,4198.18,4184.83,4185.22,3768
23-06-2026 06:45,4185.26,4185.82,4170.99,4178.15,3742
23-06-2026 07:00,4178.16,4178.64,4153.46,4154.34,3970
23-06-2026 07:15,4154.04,4162.90,4150.00,4161.20,3875
23-06-2026 07:30,4161.36,4163.13,4148.84,4153.56,3784
23-06-2026 07:45,4153.66,4163.39,4153.37,4161.80,2961
23-06-2026 08:00,4161.88,4162.34,4152.31,4154.87,3629
23-06-2026 08:15,4154.88,4156.77,4146.54,4146.90,3492
23-06-2026 08:30,4146.89,4149.56,4138.73,4141.96,3708
23-06-2026 08:45,4141.94,4143.97,4130.71,4140.63,3638
23-06-2026 09:00,4140.51,4141.05,4133.54,4138.73,3198
23-06-2026 09:15,4138.76,4144.96,4136.48,4144.02,2895
23-06-2026 09:30,4144.30,4146.89,4141.81,4143.20,2654
23-06-2026 09:45,4143.17,4143.18,4137.22,4139.91,2607
23-06-2026 10:00,4139.85,4140.24,4134.94,4138.66,2764
23-06-2026 10:15,4138.71,4140.18,4114.85,4118.09,2772
23-06-2026 10:30,4118.41,4137.36,4115.34,4129.73,3361
23-06-2026 10:45,4129.63,4130.70,4123.52,4125.05,2982
23-06-2026 11:00,4125.38,4133.42,4117.10,4127.57,3940
23-06-2026 11:15,4127.30,4127.68,4116.89,4121.13,3710
23-06-2026 11:30,4121.00,4126.79,4111.15,4122.50,3911
23-06-2026 11:45,4122.62,4126.76,4114.59,4116.38,3729
23-06-2026 12:00,4116.14,4120.98,4110.78,4113.39,3773
23-06-2026 12:15,4113.39,4120.27,4110.31,4114.33,3590
23-06-2026 12:30,4114.29,4124.75,4110.37,4115.58,3768
23-06-2026 12:45,4115.49,4122.79,4113.61,4118.19,3359
23-06-2026 13:00,4118.24,4119.36,4103.81,4104.88,3753
23-06-2026 13:15,4104.87,4108.08,4096.61,4098.74,3723
23-06-2026 13:30,4098.23,4099.98,4090.82,4093.93,3923
23-06-2026 13:45,4093.84,4099.91,4092.44,4098.18,3752
23-06-2026 14:00,4097.97,4110.89,4096.72,4109.42,3667
23-06-2026 14:15,4109.44,4109.58,4101.76,4105.21,3539
23-06-2026 14:30,4105.19,4113.57,4103.94,4111.00,3426
23-06-2026 14:45,4111.18,4116.96,4108.85,4112.63,3270
23-06-2026 15:00,4112.55,4120.01,4112.16,4117.09,3126
23-06-2026 15:15,4117.10,4122.19,4115.29,4122.18,3053
23-06-2026 15:30,4122.58,4133.18,4122.58,4129.71,3329
23-06-2026 15:45,4129.77,4133.05,4126.75,4130.19,3159
23-06-2026 16:00,4130.21,4132.14,4124.35,4126.53,3425
23-06-2026 16:15,4126.52,4126.73,4119.53,4119.69,3335
23-06-2026 16:30,4119.63,4129.58,4117.35,4129.08,3441
23-06-2026 16:45,4128.86,4131.71,4124.31,4127.24,3359
23-06-2026 17:00,4127.23,4128.77,4118.52,4121.12,3453
23-06-2026 17:15,4121.14,4126.11,4118.45,4123.15,3343
23-06-2026 17:30,4123.07,4127.32,4112.80,4114.00,3423
23-06-2026 17:45,4113.98,4120.03,4111.64,4114.98,3550
23-06-2026 18:00,4114.99,4122.55,4114.15,4117.54,3545
23-06-2026 18:15,4117.50,4121.77,4112.42,4113.16,3393
23-06-2026 18:30,4113.18,4119.35,4107.91,4113.36,3936
23-06-2026 18:45,4113.45,4119.24,4105.23,4115.88,3804
23-06-2026 19:00,4115.83,4128.66,4109.91,4126.35,4206
23-06-2026 19:15,4126.33,4140.37,4124.59,4135.58,4152
23-06-2026 19:30,4135.36,4145.00,4133.10,4137.54,4138
23-06-2026 19:45,4137.42,4142.87,4128.64,4132.57,4062
23-06-2026 20:00,4132.52,4133.01,4122.57,4126.17,4086
23-06-2026 20:15,4126.16,4130.25,4123.68,4130.11,4041
23-06-2026 20:30,4130.09,4135.40,4123.38,4128.13,3969
23-06-2026 20:45,4128.15,4130.54,4123.71,4127.12,3750
23-06-2026 21:00,4126.59,4141.50,4126.53,4138.55,3861
23-06-2026 21:15,4138.76,4139.62,4133.79,4138.56,3706
23-06-2026 21:30,4139.09,4139.80,4133.67,4135.20,3311
23-06-2026 21:45,4135.26,4138.18,4132.86,4136.34,3305
23-06-2026 22:00,4135.98,4143.61,4134.99,4143.25,3240
23-06-2026 22:15,4143.29,4143.78,4131.50,4134.27,3364
23-06-2026 22:30,4134.12,4139.66,4129.98,4138.41,3393
23-06-2026 22:45,4138.40,4138.49,4129.92,4130.98,3329
23-06-2026 23:00,4131.24,4132.27,4127.72,4132.20,3162
23-06-2026 23:15,4131.95,4133.03,4127.76,4127.92,3298
23-06-2026 23:30,4127.93,4130.99,4123.89,4124.25,3228
23-06-2026 23:45,4124.27,4125.55,4120.51,4120.98,3119
24-06-2026 00:00,4120.65,4122.67,4115.93,4115.96,3009
24-06-2026 00:15,4116.01,4118.02,4112.84,4117.65,3443
24-06-2026 00:30,4117.64,4125.77,4116.77,4121.18,3635
24-06-2026 00:45,4121.17,4122.30,4117.40,4121.69,3412
24-06-2026 01:00,4121.70,4124.25,4120.49,4120.85,3406
24-06-2026 01:15,4120.90,4121.15,4111.71,4111.71,3580
24-06-2026 01:30,4112.24,4112.87,4108.60,4110.01,2132
24-06-2026 01:45,4110.09,4111.20,4107.39,4110.75,1708
24-06-2026 02:00,4110.80,4111.60,4108.95,4110.57,1398
24-06-2026 02:15,4110.39,4111.08,4108.33,4109.59,1200
24-06-2026 03:30,4112.31,4113.58,4110.42,4113.42,948
24-06-2026 03:45,4113.42,4114.58,4104.31,4105.51,2306
24-06-2026 04:00,4105.96,4108.19,4096.62,4103.99,2777
24-06-2026 04:15,4103.83,4108.90,4103.39,4104.09,2492
24-06-2026 04:30,4104.10,4104.32,4094.88,4099.69,2657
24-06-2026 04:45,4099.72,4100.81,4097.06,4097.46,2045
24-06-2026 05:00,4097.60,4098.18,4080.73,4086.34,3132
24-06-2026 05:15,4086.33,4100.35,4085.90,4099.14,3309
24-06-2026 05:30,4099.18,4112.00,4094.53,4107.16,3894
24-06-2026 05:45,4107.17,4109.39,4093.68,4099.69,3664
24-06-2026 06:00,4099.65,4100.29,4093.67,4095.10,3527
24-06-2026 06:15,4095.04,4099.87,4094.19,4097.17,3681
24-06-2026 06:30,4097.16,4097.89,4068.41,4089.62,4177
24-06-2026 06:45,4089.62,4100.76,4083.53,4098.25,4017
24-06-2026 07:00,4097.88,4102.16,4091.79,4092.70,4021
24-06-2026 07:15,4092.75,4093.01,4082.37,4089.04,3818
24-06-2026 07:30,4088.82,4095.80,4079.74,4080.07,3776
24-06-2026 07:45,4080.06,4081.05,4071.27,4073.55,3196
24-06-2026 08:00,4073.54,4076.74,4052.05,4057.32,3850
24-06-2026 08:15,4057.25,4069.50,4054.79,4061.09,3713
24-06-2026 08:30,4061.30,4065.42,4052.68,4057.65,3825
24-06-2026 08:45,4057.60,4058.86,4050.26,4056.70,3674
24-06-2026 09:00,4056.52,4069.75,4055.56,4068.41,3466
24-06-2026 09:15,4068.59,4070.59,4061.92,4062.72,3157
24-06-2026 09:30,4062.81,4063.71,4055.75,4058.74,3067
24-06-2026 09:45,4058.58,4067.13,4054.89,4063.15,3195
24-06-2026 10:00,4063.16,4066.66,4062.57,4063.62,3075
24-06-2026 10:15,4063.51,4066.89,4061.87,4064.44,2648
24-06-2026 10:30,4064.70,4069.95,4060.74,4067.63,3126
24-06-2026 10:45,4067.52,4074.35,4065.52,4073.42,3104
24-06-2026 11:00,4073.43,4086.19,4072.09,4077.22,3708
24-06-2026 11:15,4077.19,4079.98,4071.31,4075.83,3378
24-06-2026 11:30,4075.77,4097.09,4075.77,4095.83,3916
24-06-2026 11:45,4096.17,4097.46,4083.35,4087.54,3607
24-06-2026 12:00,4087.34,4093.90,4084.42,4091.77,3459
24-06-2026 12:15,4091.76,4094.51,4084.49,4087.03,3445
24-06-2026 12:30,4086.50,4090.66,4085.25,4086.04,3415
24-06-2026 12:45,4086.00,4087.69,4083.14,4084.32,3057
24-06-2026 13:00,4084.29,4085.28,4075.97,4082.39,3401
24-06-2026 13:15,4082.40,4086.08,4073.58,4074.71,3235
24-06-2026 13:30,4074.39,4078.14,4072.98,4073.95,3524
24-06-2026 13:45,4073.90,4080.62,4073.15,4080.47,3362
24-06-2026 14:00,4080.22,4087.50,4079.20,4083.01,3453
24-06-2026 14:15,4083.11,4083.37,4075.44,4076.17,3191
24-06-2026 14:30,4076.17,4078.31,4069.67,4076.21,3326
24-06-2026 14:45,4076.20,4079.04,4068.28,4069.26,2990
24-06-2026 15:00,4069.58,4072.24,4065.39,4068.27,3077
24-06-2026 15:15,4068.29,4071.02,4064.02,4064.49,2951
24-06-2026 15:30,4064.72,4066.22,4058.92,4060.96,3212
24-06-2026 15:45,4060.99,4060.99,4055.11,4060.77,3166
24-06-2026 16:00,4060.81,4066.78,4056.57,4064.84,3150
24-06-2026 16:15,4064.86,4065.63,4054.70,4055.53,3128
24-06-2026 16:30,4055.44,4058.43,4044.74,4045.71,3551
24-06-2026 16:45,4045.80,4046.74,4037.51,4044.15,3718
24-06-2026 17:00,4044.02,4051.41,4043.38,4045.92,3653
24-06-2026 17:15,4045.82,4056.07,4039.15,4046.60,3939
24-06-2026 17:30,4046.53,4048.66,4035.17,4038.08,3830
24-06-2026 17:45,4038.06,4041.91,4006.07,4015.01,3956
24-06-2026 18:00,4015.78,4020.67,4006.98,4013.36,3954
24-06-2026 18:15,4013.48,4017.55,3987.53,3987.62,4031
24-06-2026 18:30,3987.76,3995.73,3966.96,3971.72,4267
24-06-2026 18:45,3971.17,3977.12,3964.47,3975.40,4183
24-06-2026 19:00,3975.05,4017.94,3974.25,4015.35,4259
24-06-2026 19:15,4015.27,4041.78,4009.22,4038.33,4264
24-06-2026 19:30,4038.24,4041.05,4018.91,4019.89,4241
24-06-2026 19:45,4019.84,4027.92,4014.28,4023.63,4162
24-06-2026 20:00,4023.73,4034.20,4011.00,4015.67,4115
24-06-2026 20:15,4015.72,4015.72,4002.87,4007.93,4011
24-06-2026 20:30,4008.28,4009.99,3997.23,4001.78,4075
24-06-2026 20:45,4001.75,4014.71,3999.52,4014.68,4039
24-06-2026 21:00,4014.78,4015.29,4001.22,4006.24,3889
24-06-2026 21:15,4006.17,4016.88,4000.01,4002.34,3929
24-06-2026 21:30,4002.78,4006.46,3995.60,4002.66,3800
24-06-2026 21:45,4002.84,4016.92,4001.48,4015.92,3761
24-06-2026 22:00,4015.95,4022.14,4009.43,4011.45,3897
24-06-2026 22:15,4011.53,4012.16,4006.10,4006.57,3655
24-06-2026 22:30,4006.59,4011.16,4004.42,4005.70,3776
24-06-2026 22:45,4005.73,4006.92,3990.03,3990.49,4016
24-06-2026 23:00,3990.55,3990.81,3982.84,3984.33,4019
24-06-2026 23:15,3984.32,3986.78,3972.66,3972.67,4046
24-06-2026 23:30,3972.69,3992.61,3958.85,3988.91,4181
24-06-2026 23:45,3988.90,3992.40,3979.28,3989.94,3971
25-06-2026 00:00,3990.15,3994.08,3981.36,3983.44,3853
25-06-2026 00:15,3983.35,3984.16,3976.90,3981.32,3823
25-06-2026 00:30,3981.30,3984.95,3973.23,3976.38,3845
25-06-2026 00:45,3976.40,3984.27,3973.87,3983.94,3590
25-06-2026 01:00,3983.94,3988.61,3979.38,3982.66,3637
25-06-2026 01:15,3982.68,3990.78,3980.94,3988.08,3776
25-06-2026 01:30,3988.16,4002.68,3984.58,3995.17,3544
25-06-2026 01:45,3995.23,4000.96,3992.17,4000.04,2835
25-06-2026 02:00,4000.02,4001.22,3995.65,3998.75,2425
25-06-2026 02:15,3998.76,4000.86,3996.06,3998.69,1898
25-06-2026 03:30,4006.28,4008.11,4000.38,4001.20,1474
25-06-2026 03:45,4001.18,4002.45,3999.94,4001.63,1575
25-06-2026 04:00,4001.97,4006.48,3999.31,4002.00,2248
25-06-2026 04:15,4002.03,4002.23,3992.69,3996.14,2045
25-06-2026 04:30,3996.22,3998.45,3990.79,3994.97,2503
25-06-2026 04:45,3995.00,4000.53,3994.91,3998.06,1998
25-06-2026 05:00,3998.09,4018.59,3997.97,4014.33,2629
25-06-2026 05:15,4014.35,4017.63,4009.44,4012.38,2792
25-06-2026 05:30,4013.24,4016.31,4003.88,4005.43,3611
25-06-2026 05:45,4005.60,4006.18,3995.09,3996.36,3614
25-06-2026 06:00,3996.22,3996.22,3981.36,3985.41,3415
25-06-2026 06:15,3985.37,4001.11,3978.46,3991.39,3679
25-06-2026 06:30,3991.30,4005.84,3982.34,3986.82,4181
25-06-2026 06:45,3986.96,4000.05,3983.83,3990.82,4030
25-06-2026 07:00,3990.81,3995.74,3976.87,3981.77,3996
25-06-2026 07:15,3981.65,3988.46,3972.30,3976.68,3872
25-06-2026 07:30,3976.72,3981.74,3963.61,3967.74,4028
25-06-2026 07:45,3967.75,3991.06,3967.34,3986.38,3615
25-06-2026 08:00,3986.61,3988.16,3974.58,3978.44,3819
25-06-2026 08:15,3978.46,3984.44,3975.64,3982.85,3673
25-06-2026 08:30,3982.97,3989.19,3966.25,3970.59,3743
25-06-2026 08:45,3970.52,3983.05,3967.52,3976.25,3631
25-06-2026 09:00,3976.24,3977.07,3968.93,3975.13,3151
25-06-2026 09:15,3975.15,4001.03,3974.48,3995.47,3294
25-06-2026 09:30,3995.83,3997.57,3989.40,3989.43,3091
25-06-2026 09:45,3989.29,3997.54,3987.58,3994.44,2983
25-06-2026 10:00,3994.43,3995.80,3983.51,3991.96,2702
25-06-2026 10:15,3991.91,3997.21,3991.29,3995.96,2655
25-06-2026 10:30,3996.00,4000.04,3992.15,3998.23,3065
25-06-2026 10:45,3998.29,3998.92,3989.14,3994.27,3137
25-06-2026 11:00,3994.15,3997.34,3981.63,3983.16,3728
25-06-2026 11:15,3983.05,3991.62,3980.35,3986.38,3512
25-06-2026 11:30,3986.23,3989.10,3979.89,3980.12,3505
25-06-2026 11:45,3979.99,3986.86,3973.77,3984.22,3625
25-06-2026 12:00,3984.21,3985.15,3976.58,3982.16,3645
25-06-2026 12:15,3982.17,3984.32,3975.96,3977.32,3379
25-06-2026 12:30,3977.31,3986.08,3973.39,3979.95,3418
25-06-2026 12:45,3979.94,3989.75,3977.51,3985.10,3275
25-06-2026 13:00,3985.13,3989.40,3973.52,3974.67,3337
25-06-2026 13:15,3974.63,3988.89,3971.43,3987.80,3188
25-06-2026 13:30,3987.73,3995.32,3984.17,3986.84,3530
25-06-2026 13:45,3986.78,4001.15,3986.11,3993.81,3517
25-06-2026 14:00,3993.61,4001.93,3993.61,3999.57,3216
25-06-2026 14:15,3999.58,3999.77,3988.51,3989.06,3051
25-06-2026 14:30,3989.05,3996.46,3989.05,3990.92,3221
25-06-2026 14:45,3990.98,3995.34,3989.24,3993.90,2966
25-06-2026 15:00,3993.91,3997.55,3985.82,3988.35,3156
25-06-2026 15:15,3988.19,3993.34,3987.52,3988.09,2519
25-06-2026 15:30,3988.15,3989.20,3983.55,3984.35,2727
25-06-2026 15:45,3984.36,3989.24,3983.20,3989.14,2542
25-06-2026 16:00,3989.17,3989.34,3984.56,3985.48,2577
25-06-2026 16:15,3985.40,3985.61,3981.24,3984.28,2474
25-06-2026 16:30,3984.26,3986.06,3981.91,3983.22,2766
25-06-2026 16:45,3983.10,3983.10,3976.09,3977.14,3006
25-06-2026 17:00,3977.18,3986.17,3973.67,3984.71,3076
25-06-2026 17:15,3984.69,3987.71,3979.37,3979.94,3022
25-06-2026 17:30,3979.94,3984.54,3979.75,3982.61,3254
25-06-2026 17:45,3982.33,3986.04,3978.90,3983.92,3176
25-06-2026 18:00,3983.77,4011.63,3983.47,4005.22,4232
25-06-2026 18:15,4005.40,4019.00,4003.56,4012.31,4057
25-06-2026 18:30,4012.52,4034.01,4011.98,4030.86,4161
25-06-2026 18:45,4030.88,4031.37,4018.70,4022.04,3994
25-06-2026 19:00,4022.36,4028.39,4010.91,4011.74,4203
25-06-2026 19:15,4012.11,4018.83,4000.92,4002.12,4291
25-06-2026 19:30,4002.28,4021.71,3999.00,4016.40,4246
25-06-2026 19:45,4016.39,4028.34,4012.70,4026.58,4215
25-06-2026 20:00,4026.12,4028.27,4015.74,4019.77,4115
25-06-2026 20:15,4019.79,4020.51,4011.19,4011.84,4032
25-06-2026 20:30,4011.84,4020.38,4004.99,4007.93,3991
25-06-2026 20:45,4007.72,4040.51,4005.85,4026.98,4138
25-06-2026 21:00,4026.80,4030.77,4021.84,4027.66,3979
25-06-2026 21:15,4027.62,4042.56,4026.72,4040.99,3986
25-06-2026 21:30,4041.57,4042.73,4033.61,4036.98,3959
25-06-2026 21:45,4036.97,4043.96,4036.97,4040.22,3866
25-06-2026 22:00,4040.38,4040.64,4030.80,4031.30,3667
25-06-2026 22:15,4031.30,4033.29,4023.77,4028.61,3684
25-06-2026 22:30,4028.72,4032.35,4026.78,4029.43,3564
25-06-2026 22:45,4029.40,4035.83,4027.83,4032.40,3717
25-06-2026 23:00,4032.70,4035.91,4030.94,4034.02,3336
25-06-2026 23:15,4034.05,4036.67,4029.62,4034.59,3210
25-06-2026 23:30,4034.60,4035.25,4025.87,4032.57,3879
25-06-2026 23:45,4032.55,4044.20,4032.09,4044.05,3586
26-06-2026 00:00,4044.14,4044.14,4031.85,4032.72,3622
26-06-2026 00:15,4032.70,4036.17,4029.71,4034.68,3116
26-06-2026 00:30,4034.62,4040.41,4032.47,4040.09,3253
26-06-2026 00:45,4040.06,4043.67,4035.35,4035.95,3335
26-06-2026 01:00,4035.96,4037.73,4031.89,4034.42,3180
26-06-2026 01:15,4034.44,4034.45,4021.89,4026.63,3572
26-06-2026 01:30,4026.83,4034.86,4025.78,4028.00,2365
26-06-2026 01:45,4028.04,4030.69,4026.51,4030.66,1898
26-06-2026 02:00,4030.67,4030.71,4024.76,4026.36,1617
26-06-2026 02:15,4026.32,4026.58,4023.99,4026.26,1302
26-06-2026 03:30,4028.52,4030.93,4021.55,4022.46,1269
26-06-2026 03:45,4022.73,4026.03,4019.46,4024.15,1956
26-06-2026 04:00,4024.75,4036.36,4024.39,4028.39,2566
26-06-2026 04:15,4028.42,4030.07,4021.65,4026.15,2453
26-06-2026 04:30,4025.98,4027.03,4021.43,4023.48,1912
26-06-2026 04:45,4023.41,4030.11,4022.43,4029.64,2491
26-06-2026 05:00,4029.61,4030.31,4020.94,4024.23,2263
26-06-2026 05:15,4024.24,4024.24,4012.42,4014.56,3070
26-06-2026 05:30,4014.42,4019.69,4011.35,4019.52,3628
26-06-2026 05:45,4019.51,4023.39,4012.37,4015.39,3502
26-06-2026 06:00,4015.38,4019.67,4012.28,4019.03,3638
26-06-2026 06:15,4019.01,4024.35,4015.48,4020.22,3372
26-06-2026 06:30,4020.55,4029.46,4014.19,4019.68,3843
26-06-2026 06:45,4019.67,4026.48,4017.61,4022.61,3629
26-06-2026 07:00,4022.68,4025.61,4016.12,4020.49,3767
26-06-2026 07:15,4020.41,4022.92,4014.38,4020.82,3805
26-06-2026 07:30,4021.62,4023.26,4013.38,4015.12,3700
26-06-2026 07:45,4015.10,4016.67,4003.89,4007.38,3294
26-06-2026 08:00,4007.39,4009.31,3991.11,3992.22,3748
26-06-2026 08:15,3992.19,3995.34,3983.00,3990.63,3796
26-06-2026 08:30,3990.59,3999.71,3986.58,3997.64,3696
26-06-2026 08:45,3997.59,3999.88,3992.65,3995.23,3423
26-06-2026 09:00,3995.24,4001.19,3993.05,4000.18,3241
26-06-2026 09:15,4000.11,4006.54,3997.31,4004.17,3412
26-06-2026 09:30,4004.24,4009.34,3998.65,4008.42,2982
26-06-2026 09:45,4008.43,4011.94,4005.92,4007.38,3069
26-06-2026 10:00,4007.37,4008.28,4001.62,4008.18,2980
26-06-2026 10:15,4008.19,4015.27,4007.05,4011.25,3022
26-06-2026 10:30,4011.59,4015.18,4006.36,4015.15,3121
26-06-2026 10:45,4015.31,4019.16,4011.76,4016.65,3016
26-06-2026 11:00,4016.59,4021.56,4010.85,4011.26,3752
26-06-2026 11:15,4011.25,4015.44,4005.65,4007.88,3622
26-06-2026 11:30,4007.99,4011.65,4006.74,4009.42,3614
26-06-2026 11:45,4009.42,4024.86,4008.31,4024.19,3845
26-06-2026 12:00,4024.18,4027.33,4020.83,4025.16,3682
26-06-2026 12:15,4025.05,4033.09,4021.87,4031.95,3608
26-06-2026 12:30,4031.93,4033.67,4026.70,4027.40,3376
26-06-2026 12:45,4027.38,4039.63,4026.90,4037.76,3197
26-06-2026 13:00,4037.84,4038.79,4030.89,4031.39,3032
26-06-2026 13:15,4031.43,4032.11,4027.84,4030.50,2834
26-06-2026 13:30,4030.53,4033.03,4025.72,4030.98,3322
26-06-2026 13:45,4031.05,4035.77,4029.76,4035.65,3150
26-06-2026 14:00,4035.34,4036.00,4032.31,4035.57,2983
26-06-2026 14:15,4035.58,4037.62,4029.62,4030.87,2968
26-06-2026 14:30,4030.86,4041.58,4029.53,4039.36,3070
26-06-2026 14:45,4039.34,4050.55,4034.37,4048.05,3326
26-06-2026 15:00,4048.06,4054.02,4045.17,4047.96,3199
26-06-2026 15:15,4047.92,4053.94,4045.38,4047.09,3222
26-06-2026 15:30,4047.10,4052.15,4044.46,4050.92,3143
26-06-2026 15:45,4050.84,4051.46,4042.21,4048.03,2772
26-06-2026 16:00,4048.19,4054.40,4046.78,4048.48,3031
26-06-2026 16:15,4048.47,4054.78,4047.89,4054.69,2797
26-06-2026 16:30,4054.99,4055.50,4047.08,4047.26,3070
26-06-2026 16:45,4047.17,4053.71,4046.07,4052.58,2825
26-06-2026 17:00,4052.72,4055.09,4046.06,4046.67,2833
26-06-2026 17:15,4046.64,4048.49,4042.52,4045.86,3143
26-06-2026 17:30,4046.06,4050.82,4043.65,4049.08,3112
26-06-2026 17:45,4049.09,4051.50,4041.98,4046.57,3289
26-06-2026 18:00,4046.36,4049.24,4035.73,4040.22,3473
26-06-2026 18:15,4040.21,4061.38,4039.15,4058.90,3636
26-06-2026 18:30,4059.78,4065.88,4043.26,4050.53,4039
26-06-2026 18:45,4050.40,4058.67,4043.17,4057.01,3993
26-06-2026 19:00,4056.96,4062.26,4044.96,4062.26,4175
26-06-2026 19:15,4062.68,4077.85,4058.56,4073.56,4117
26-06-2026 19:30,4073.57,4084.99,4067.64,4082.08,4122
26-06-2026 19:45,4082.10,4092.98,4081.09,4084.14,4133
26-06-2026 20:00,4084.26,4084.78,4076.32,4082.64,3912
26-06-2026 20:15,4082.56,4091.73,4080.41,4080.52,4092
26-06-2026 20:30,4080.50,4083.23,4075.71,4079.46,3851
26-06-2026 20:45,4079.52,4084.43,4077.90,4084.20,3815
26-06-2026 21:00,4084.21,4095.44,4081.67,4094.99,3785
26-06-2026 21:15,4094.95,4095.89,4083.23,4090.44,3742
26-06-2026 21:30,4090.54,4092.85,4088.36,4091.23,3492
26-06-2026 21:45,4091.24,4093.53,4083.16,4086.71,3434
26-06-2026 22:00,4086.72,4092.93,4082.14,4084.47,3336
26-06-2026 22:15,4084.66,4086.67,4082.71,4085.00,2964
26-06-2026 22:30,4085.02,4088.10,4082.41,4083.35,2822
26-06-2026 22:45,4083.38,4085.04,4080.21,4081.45,2986
26-06-2026 23:00,4081.61,4083.23,4074.08,4076.65,3421
26-06-2026 23:15,4076.65,4077.73,4073.56,4074.65,3071
26-06-2026 23:30,4074.72,4078.75,4072.27,4076.70,2926
26-06-2026 23:45,4076.72,4076.89,4071.47,4073.46,2780
27-06-2026 00:00,4073.55,4075.39,4071.76,4072.56,2367
27-06-2026 00:15,4072.56,4072.56,4067.01,4067.25,2804
27-06-2026 00:30,4067.32,4069.94,4064.45,4069.41,2915
27-06-2026 00:45,4069.33,4069.56,4064.51,4066.34,2466
27-06-2026 01:00,4066.33,4070.37,4065.29,4068.21,2599
27-06-2026 01:15,4068.20,4074.21,4066.55,4071.02,3050
27-06-2026 01:30,4071.17,4072.31,4064.25,4067.48,2494
27-06-2026 01:45,4067.50,4072.56,4065.83,4071.61,2053
27-06-2026 02:00,4071.57,4071.62,4066.56,4070.37,2501
27-06-2026 02:15,4070.31,4089.76,4069.56,4089.49,2079
29-06-2026 03:30,4086.79,4086.79,4069.96,4069.96,1975
29-06-2026 03:45,4070.20,4070.23,4052.87,4057.03,2105
29-06-2026 04:00,4057.00,4065.26,4055.85,4063.26,1635
29-06-2026 04:15,4063.24,4069.39,4062.23,4066.16,1615
29-06-2026 04:30,4066.25,4070.49,4065.34,4065.64,2625
29-06-2026 04:45,4065.68,4065.73,4055.34,4056.99,2472
29-06-2026 05:00,4056.96,4062.75,4051.91,4062.75,2490
29-06-2026 05:15,4062.68,4066.19,4061.20,4062.67,2850
29-06-2026 05:30,4062.56,4064.73,4053.61,4058.82,3932
29-06-2026 05:45,4058.84,4062.11,4048.17,4048.21,3773
29-06-2026 06:00,4048.57,4069.88,4048.57,4069.48,3627
29-06-2026 06:15,4069.16,4074.08,4063.00,4069.49,3652
29-06-2026 06:30,4069.50,4074.50,4053.81,4054.75,4038
29-06-2026 06:45,4054.78,4066.00,4054.61,4059.28,3925
29-06-2026 07:00,4059.34,4066.64,4055.63,4063.52,3877
29-06-2026 07:15,4063.54,4063.84,4054.87,4061.42,3797
29-06-2026 07:30,4061.23,4070.44,4059.41,4060.92,3926
29-06-2026 07:45,4060.90,4070.68,4060.33,4068.84,3427
29-06-2026 08:00,4068.78,4071.71,4058.41,4060.38,3674
29-06-2026 08:15,4060.56,4069.40,4058.95,4066.31,3551
29-06-2026 08:30,4066.30,4071.11,4064.92,4069.06,3409
29-06-2026 08:45,4069.07,4075.53,4067.27,4072.32,3283
29-06-2026 09:00,4072.31,4073.32,4065.60,4067.78,3103
29-06-2026 09:15,4067.88,4071.90,4066.17,4068.88,2811
29-06-2026 09:30,4068.84,4068.96,4064.12,4065.56,2532
29-06-2026 09:45,4065.59,4066.53,4062.13,4064.99,2417
29-06-2026 10:00,4064.95,4065.35,4052.71,4057.06,2726
29-06-2026 10:15,4057.37,4057.65,4049.55,4052.27,2659
29-06-2026 10:30,4051.58,4057.33,4047.31,4055.97,3169
29-06-2026 10:45,4055.91,4057.41,4047.97,4049.29,2943
29-06-2026 11:00,4049.27,4051.51,4039.31,4050.45,3745
29-06-2026 11:15,4050.49,4056.85,4047.16,4054.31,3595
29-06-2026 11:30,4054.74,4064.07,4053.60,4059.67,3720
29-06-2026 11:45,4059.69,4063.07,4055.95,4060.78,3317
29-06-2026 12:00,4060.82,4061.84,4054.99,4061.17,3239
29-06-2026 12:15,4061.15,4064.68,4059.76,4062.04,3070
29-06-2026 12:30,4062.23,4062.48,4055.76,4058.90,3187
29-06-2026 12:45,4058.89,4066.26,4057.95,4065.97,3041
29-06-2026 13:00,4066.03,4066.23,4060.92,4062.47,2965
29-06-2026 13:15,4062.56,4068.28,4060.68,4061.54,2982
29-06-2026 13:30,4061.76,4066.05,4060.45,4063.91,3267
29-06-2026 13:45,4063.89,4065.44,4060.56,4061.12,3002
29-06-2026 14:00,4061.07,4066.57,4054.66,4055.56,3031
29-06-2026 14:15,4055.40,4057.18,4043.59,4046.91,3159
29-06-2026 14:30,4046.93,4055.24,4045.26,4050.05,3106
29-06-2026 14:45,4049.95,4053.34,4045.18,4047.34,3094
29-06-2026 15:00,4047.46,4050.45,4040.60,4043.56,3267
29-06-2026 15:15,4043.50,4044.10,4025.02,4031.40,3468
29-06-2026 15:30,4031.46,4039.62,4027.43,4038.34,3249
29-06-2026 15:45,4038.27,4038.61,4032.71,4037.31,2860
29-06-2026 16:00,4037.27,4038.67,4031.83,4034.54,2865
29-06-2026 16:15,4034.37,4038.26,4032.56,4036.73,2680
29-06-2026 16:30,4037.29,4038.54,4032.34,4034.26,2946
29-06-2026 16:45,4034.23,4035.85,4027.39,4031.91,2936
29-06-2026 17:00,4031.86,4038.50,4029.83,4035.21,3063
29-06-2026 17:15,4035.20,4042.28,4034.80,4039.14,3024
29-06-2026 17:30,4039.08,4052.17,4037.85,4047.49,3327
29-06-2026 17:45,4047.54,4049.65,4037.69,4038.37,3345
29-06-2026 18:00,4038.29,4047.07,4037.58,4044.80,3312
29-06-2026 18:15,4044.79,4047.77,4042.40,4043.58,3068
29-06-2026 18:30,4043.73,4051.69,4043.44,4047.18,3660
29-06-2026 18:45,4047.12,4049.74,4038.01,4038.01,3559
29-06-2026 19:00,4038.21,4044.39,4033.95,4038.54,4140
29-06-2026 19:15,4038.47,4040.46,4028.28,4032.25,4050
29-06-2026 19:30,4032.33,4035.50,4007.90,4008.87,4196
29-06-2026 19:45,4008.52,4028.32,4000.24,4024.84,4122
29-06-2026 20:00,4024.80,4028.16,4020.02,4020.99,4015
29-06-2026 20:15,4021.12,4030.36,4017.90,4025.78,3988
29-06-2026 20:30,4025.77,4026.46,4019.38,4022.04,3836
29-06-2026 20:45,4022.14,4027.77,4016.82,4024.39,3754
29-06-2026 21:00,4024.33,4026.44,4017.62,4022.75,3570
29-06-2026 21:15,4022.71,4030.33,4021.92,4026.74,3337
29-06-2026 21:30,4026.85,4028.62,4023.53,4023.60,3068
29-06-2026 21:45,4023.62,4026.49,4021.83,4023.63,2672
29-06-2026 22:00,4023.86,4024.28,4018.73,4021.40,2883
29-06-2026 22:15,4021.39,4028.09,4020.64,4023.79,2828
29-06-2026 22:30,4023.87,4032.02,4023.23,4028.93,3000
29-06-2026 22:45,4028.91,4030.66,4022.35,4023.96,2720
29-06-2026 23:00,4023.86,4024.56,4020.74,4021.77,2683
29-06-2026 23:15,4021.87,4022.51,4019.22,4020.88,2681
29-06-2026 23:30,4020.88,4024.29,4020.47,4023.94,2699
29-06-2026 23:45,4023.98,4025.20,4020.23,4020.99,2462
30-06-2026 00:00,4020.91,4021.54,4019.48,4020.72,1941
30-06-2026 00:15,4020.76,4020.97,4011.87,4013.27,2416
30-06-2026 00:30,4013.30,4014.58,4008.01,4008.15,2860
30-06-2026 00:45,4008.00,4017.18,4005.24,4017.11,2566
30-06-2026 01:00,4017.11,4019.69,4016.37,4017.94,2449
30-06-2026 01:15,4017.92,4018.42,4012.54,4015.88,2854
30-06-2026 01:30,4015.84,4016.02,4012.78,4014.36,1404
30-06-2026 01:45,4014.35,4017.89,4014.32,4017.67,975
30-06-2026 02:00,4017.69,4017.76,4014.45,4015.63,857
30-06-2026 02:15,4015.60,4016.85,4014.14,4016.14,977
30-06-2026 03:30,4017.76,4021.68,4016.23,4018.13,1171
30-06-2026 03:45,4018.22,4020.20,4014.96,4015.57,1522
30-06-2026 04:00,4015.32,4015.53,4010.10,4010.10,1753
30-06-2026 04:15,4010.19,4016.77,4009.45,4013.93,2021
30-06-2026 04:30,4014.47,4021.34,4014.11,4020.72,1831
30-06-2026 04:45,4020.74,4022.36,4015.87,4016.63,1736
30-06-2026 05:00,4016.64,4021.61,4013.32,4015.10,1820
30-06-2026 05:15,4015.11,4017.98,4013.43,4014.87,2293
30-06-2026 05:30,4014.86,4015.07,4003.20,4010.17,3594
30-06-2026 05:45,4010.20,4011.55,4003.99,4006.20,3104
30-06-2026 06:00,4006.22,4006.75,3990.98,3991.78,3376
30-06-2026 06:15,3991.77,3994.00,3979.93,3987.06,3701
30-06-2026 06:30,3987.00,3987.00,3942.61,3957.85,4132
30-06-2026 06:45,3957.84,3980.78,3950.00,3978.98,3965
30-06-2026 07:00,3979.00,3979.44,3966.27,3968.95,3909
30-06-2026 07:15,3968.90,3973.52,3961.41,3969.34,3787
30-06-2026 07:30,3969.64,3973.21,3952.40,3957.43,3702
30-06-2026 07:45,3957.38,3965.27,3955.90,3961.82,3071
30-06-2026 08:00,3961.78,3964.07,3954.22,3959.56,3540
30-06-2026 08:15,3959.55,3970.55,3959.17,3962.82,3630
30-06-2026 08:30,3962.70,3969.64,3962.43,3966.25,3248
30-06-2026 08:45,3966.24,3971.05,3963.18,3965.49,3395
30-06-2026 09:00,3965.54,3966.91,3960.09,3963.19,2835
30-06-2026 09:15,3963.16,3971.00,3963.08,3969.79,2795
30-06-2026 09:30,3969.82,3975.09,3968.09,3972.50,2731
30-06-2026 09:45,3972.51,3983.35,3971.96,3982.79,2331
30-06-2026 10:00,3982.55,3997.92,3982.35,3988.52,3182
30-06-2026 10:15,3988.50,3991.23,3983.50,3985.51,2913
30-06-2026 10:30,3985.48,3990.74,3983.82,3984.70,2772
30-06-2026 10:45,3984.69,3987.54,3979.50,3982.75,2819
30-06-2026 11:00,3982.75,3984.97,3975.12,3979.36,3710
30-06-2026 11:15,3979.31,3981.69,3976.21,3977.87,3376
30-06-2026 11:30,3977.82,3989.43,3977.82,3987.71,3574
30-06-2026 11:45,3987.70,4013.20,3983.98,4011.98,3763
30-06-2026 12:00,4011.90,4034.06,4011.06,4024.94,4019
30-06-2026 12:15,4024.15,4033.15,4024.15,4029.52,3732
30-06-2026 12:30,4029.51,4029.96,4023.85,4025.87,3506
30-06-2026 12:45,4025.83,4034.66,4025.44,4028.50,3107
30-06-2026 13:00,4028.52,4031.82,4026.05,4028.69,3030
30-06-2026 13:15,4028.48,4032.72,4025.51,4032.09,2722
30-06-2026 13:30,4032.06,4037.60,4021.92,4024.22,3485
30-06-2026 13:45,4024.24,4026.33,4020.15,4026.01,3148
30-06-2026 14:00,4026.03,4026.96,4015.19,4017.83,3088
30-06-2026 14:15,4017.95,4019.49,4013.61,4015.42,3087
30-06-2026 14:30,4015.20,4021.64,4014.49,4018.27,2772
30-06-2026 14:45,4018.24,4022.77,4016.11,4017.27,2828
30-06-2026 15:00,4017.28,4018.68,4012.26,4018.51,2884
30-06-2026 15:15,4018.54,4023.76,4018.14,4023.76,2665
30-06-2026 15:30,4023.74,4026.49,4021.42,4025.64,2706
30-06-2026 15:45,4025.69,4028.63,4023.71,4028.43,2524
30-06-2026 16:00,4028.40,4029.83,4025.15,4027.93,2514
30-06-2026 16:15,4028.00,4031.24,4026.26,4029.72,2417
30-06-2026 16:30,4029.75,4033.63,4025.35,4033.34,2945
30-06-2026 16:45,4033.40,4034.21,4029.73,4031.73,2877
30-06-2026 17:00,4031.75,4035.11,4028.41,4034.49,2937
30-06-2026 17:15,4034.59,4037.13,4030.23,4033.84,2809
30-06-2026 17:30,4033.89,4034.41,4025.97,4026.63,3018
30-06-2026 17:45,4026.47,4028.66,4014.77,4016.80,3377
30-06-2026 18:00,4016.79,4021.87,4012.65,4018.74,3569
30-06-2026 18:15,4018.24,4018.39,4008.56,4010.16,3306
30-06-2026 18:30,4009.84,4025.84,4009.33,4023.50,3909
30-06-2026 18:45,4023.49,4033.15,4019.12,4023.64,3718
30-06-2026 19:00,4023.82,4027.54,4013.05,4025.08,3983
30-06-2026 19:15,4025.05,4032.76,4021.98,4029.39,3913
30-06-2026 19:30,4029.61,4048.47,4025.21,4043.55,4076
30-06-2026 19:45,4043.46,4063.29,4043.01,4054.14,4028
30-06-2026 20:00,4053.94,4058.56,4044.75,4051.01,3932
30-06-2026 20:15,4050.97,4050.97,4037.28,4037.32,3923
30-06-2026 20:30,4037.35,4039.35,4032.20,4035.89,3903
30-06-2026 20:45,4035.56,4035.80,4022.31,4028.47,3737
30-06-2026 21:00,4028.56,4031.25,4026.74,4029.45,3410
30-06-2026 21:15,4029.44,4034.77,4028.88,4029.31,3446
30-06-2026 21:30,4029.32,4030.25,4025.82,4029.88,3122
30-06-2026 21:45,4029.92,4031.44,4027.77,4029.56,3014
30-06-2026 22:00,4029.55,4032.07,4027.25,4031.26,2944
30-06-2026 22:15,4031.25,4033.71,4025.82,4026.02,2830
30-06-2026 22:30,4026.01,4027.84,4020.66,4023.09,3146
30-06-2026 22:45,4023.12,4027.98,4021.51,4025.36,3131
30-06-2026 23:00,4025.40,4029.72,4025.40,4029.35,2574
30-06-2026 23:15,4029.28,4032.10,4029.05,4030.72,2482
30-06-2026 23:30,4030.74,4033.71,4030.73,4032.29,2367
30-06-2026 23:45,4032.31,4032.89,4030.45,4031.30,2013
01-07-2026 00:00,4031.50,4031.50,4028.16,4030.76,2144
01-07-2026 00:15,4030.82,4032.41,4028.38,4028.45,2330
01-07-2026 00:30,4028.45,4029.40,4023.44,4023.96,2500
01-07-2026 00:45,4023.99,4025.04,4021.07,4021.07,2609
01-07-2026 01:00,4021.11,4023.13,4020.68,4022.04,2562
01-07-2026 01:15,4022.07,4022.58,4014.60,4016.06,3209
01-07-2026 01:30,4015.95,4020.62,4013.77,4019.81,1919
01-07-2026 01:45,4019.83,4021.02,4012.37,4012.95,1754
01-07-2026 02:00,4012.98,4013.54,4010.20,4011.15,1385
01-07-2026 02:15,4011.22,4011.38,4006.16,4007.30,1260
01-07-2026 03:30,4011.25,4017.12,4011.06,4014.21,1345
01-07-2026 03:45,4014.23,4016.06,4011.76,4013.24,1963
01-07-2026 04:00,4013.18,4017.60,4012.87,4013.93,1565
01-07-2026 04:15,4013.82,4015.92,4010.89,4012.91,1709
01-07-2026 04:30,4012.95,4018.44,4010.95,4014.20,2334
01-07-2026 04:45,4014.19,4015.39,4008.10,4010.94,1930
01-07-2026 05:00,4010.99,4012.48,4008.71,4009.33,1890
01-07-2026 05:15,4009.32,4010.11,4005.33,4005.71,2346
01-07-2026 05:30,4005.72,4009.78,4005.51,4008.40,2885
01-07-2026 05:45,4008.38,4009.08,4001.25,4001.81,3138
01-07-2026 06:00,4001.93,4005.72,3996.15,3996.25,3010
01-07-2026 06:15,3996.26,3999.44,3992.97,3996.66,3046
01-07-2026 06:30,3996.67,3999.66,3978.83,3984.48,3963
01-07-2026 06:45,3984.69,3985.97,3975.65,3985.72,3718
01-07-2026 07:00,3985.76,3988.54,3975.34,3978.82,3600
01-07-2026 07:15,3978.84,3981.98,3973.77,3977.71,3548
01-07-2026 07:30,3977.73,3979.70,3970.09,3976.28,3689
01-07-2026 07:45,3976.17,3982.36,3975.70,3980.75,2779
01-07-2026 08:00,3980.36,3985.99,3978.71,3983.02,3286
01-07-2026 08:15,3983.05,3985.29,3978.34,3979.11,3166
01-07-2026 08:30,3979.15,3985.48,3978.44,3983.36,2969
01-07-2026 08:45,3983.35,3987.00,3980.12,3981.31,2831
01-07-2026 09:00,3981.33,3982.16,3976.59,3977.46,2548
01-07-2026 09:15,3977.44,3980.45,3976.62,3980.40,1938
01-07-2026 09:30,3980.64,3980.99,3974.04,3976.25,2332
01-07-2026 09:45,3976.24,3977.94,3974.29,3977.50,1979
01-07-2026 10:00,3977.49,3980.68,3972.40,3974.53,2171
01-07-2026 10:15,3974.52,3982.69,3974.27,3976.58,2274
01-07-2026 10:30,3976.49,3977.08,3969.70,3971.83,2667
01-07-2026 10:45,3971.84,3975.29,3970.04,3972.68,2435
01-07-2026 11:00,3972.76,3978.85,3970.29,3974.58,3512
01-07-2026 11:15,3974.61,3978.84,3973.53,3973.97,3169
01-07-2026 11:30,3973.97,3977.46,3963.56,3965.13,3604
01-07-2026 11:45,3965.15,3969.81,3963.12,3967.49,3323
01-07-2026 12:00,3967.54,3973.62,3963.24,3971.73,2941
01-07-2026 12:15,3971.72,3973.71,3969.01,3971.80,2791
01-07-2026 12:30,3971.58,3973.74,3960.27,3961.45,3289
01-07-2026 12:45,3961.46,3971.91,3960.07,3964.27,3159
01-07-2026 13:00,3964.25,3971.18,3960.82,3970.95,3122
01-07-2026 13:15,3970.97,3978.23,3968.96,3975.94,3125
01-07-2026 13:30,3976.03,3976.26,3969.39,3974.18,2944
01-07-2026 13:45,3974.18,3984.41,3974.16,3978.72,2988
01-07-2026 14:00,3978.73,3979.63,3972.38,3977.03,2878
01-07-2026 14:15,3977.03,3977.42,3971.13,3974.42,2676
01-07-2026 14:30,3974.39,3977.43,3972.71,3975.69,2894
01-07-2026 14:45,3975.68,3980.35,3975.45,3978.69,2499
01-07-2026 15:00,3978.54,3982.50,3977.54,3981.66,2621
01-07-2026 15:15,3981.67,3985.91,3981.67,3984.37,2685
01-07-2026 15:30,3984.39,3989.56,3982.88,3984.14,2686
01-07-2026 15:45,3984.20,3987.37,3981.30,3987.08,2424
01-07-2026 16:00,3987.04,3994.24,3986.35,3987.06,2681
01-07-2026 16:15,3987.08,3998.80,3986.69,3998.31,2366
01-07-2026 16:30,3998.23,4019.45,3997.85,4015.84,3219
01-07-2026 16:45,4016.12,4027.93,4015.03,4026.65,3559
01-07-2026 17:00,4026.73,4031.81,4023.04,4029.15,3111
01-07-2026 17:15,4029.09,4035.43,4028.65,4030.36,3242
01-07-2026 17:30,4030.66,4033.90,4019.54,4021.51,3420
01-07-2026 17:45,4021.52,4030.43,4021.52,4025.74,3411
01-07-2026 18:00,4025.56,4033.05,4023.24,4025.96,3699
01-07-2026 18:15,4025.98,4028.65,4022.30,4022.41,3366
01-07-2026 18:30,4022.41,4024.62,4012.80,4021.29,4023
01-07-2026 18:45,4021.22,4047.18,4021.22,4047.05,4168
01-07-2026 19:00,4046.77,4099.64,4041.63,4098.05,4315
01-07-2026 19:15,4097.91,4107.94,4084.90,4089.34,4130
01-07-2026 19:30,4089.62,4101.47,4082.86,4092.90,4108
01-07-2026 19:45,4092.83,4106.70,4089.41,4100.51,4048
01-07-2026 20:00,4100.73,4115.68,4091.86,4092.91,4113
01-07-2026 20:15,4092.92,4095.04,4086.35,4093.36,3858
01-07-2026 20:30,4093.27,4094.47,4081.85,4085.06,3778
01-07-2026 20:45,4085.04,4091.94,4078.40,4083.73,3712
01-07-2026 21:00,4083.73,4083.95,4076.72,4082.39,3742
01-07-2026 21:15,4082.38,4087.85,4079.49,4081.10,3562
01-07-2026 21:30,4081.06,4088.39,4081.06,4082.46,3337
01-07-2026 21:45,4082.39,4085.18,4080.47,4081.36,3279
01-07-2026 22:00,4081.37,4083.26,4072.56,4074.27,3222
01-07-2026 22:15,4074.76,4076.35,4070.48,4071.03,3516
01-07-2026 22:30,4071.04,4073.49,4067.60,4071.23,3315
01-07-2026 22:45,4071.22,4072.04,4067.73,4067.98,3101
01-07-2026 23:00,4068.14,4073.16,4067.95,4070.88,3019
01-07-2026 23:15,4070.86,4072.39,4067.19,4068.13,2994
01-07-2026 23:30,4068.16,4070.67,4067.17,4069.13,2905
01-07-2026 23:45,4068.80,4069.12,4060.94,4061.24,3134
02-07-2026 00:00,4061.67,4065.99,4061.37,4062.95,2895
02-07-2026 00:15,4062.94,4063.10,4057.73,4062.10,2911
02-07-2026 00:30,4062.11,4068.27,4061.80,4065.40,3029
02-07-2026 00:45,4065.42,4066.19,4056.55,4058.81,2859
02-07-2026 01:00,4058.80,4059.63,4052.90,4053.76,2789
02-07-2026 01:15,4053.78,4054.18,4034.39,4038.70,3440
02-07-2026 01:30,4038.97,4039.63,4028.51,4035.50,2791
02-07-2026 01:45,4035.53,4039.14,4034.47,4038.37,1794
02-07-2026 02:00,4038.41,4039.02,4033.29,4033.94,1780
02-07-2026 02:15,4033.97,4035.62,4029.89,4030.77,1572
02-07-2026 03:30,4033.30,4040.33,4033.26,4036.27,1381
02-07-2026 03:45,4036.29,4038.79,4034.37,4037.89,1690
02-07-2026 04:00,4037.87,4040.57,4036.84,4039.73,1723
02-07-2026 04:15,4039.76,4045.03,4039.71,4044.85,1551
02-07-2026 04:30,4044.58,4045.02,4037.45,4037.59,1673
02-07-2026 04:45,4038.04,4039.38,4033.80,4037.11,1802
02-07-2026 05:00,4037.10,4040.42,4034.48,4035.68,1694
02-07-2026 05:15,4035.67,4036.96,4033.36,4034.99,2615
02-07-2026 05:30,4034.96,4046.21,4030.64,4044.79,3706
02-07-2026 05:45,4044.78,4048.49,4040.14,4046.34,2965
02-07-2026 06:00,4046.62,4046.62,4037.99,4039.21,2892
02-07-2026 06:15,4039.21,4052.52,4039.21,4051.79,3193
02-07-2026 06:30,4051.86,4068.46,4050.62,4064.93,3923
02-07-2026 06:45,4064.82,4065.58,4050.05,4053.18,3627
02-07-2026 07:00,4053.17,4055.42,4046.22,4047.69,3700
02-07-2026 07:15,4047.67,4056.35,4045.18,4050.22,3476
02-07-2026 07:30,4050.01,4051.05,4041.05,4048.04,3530
02-07-2026 07:45,4048.04,4055.04,4047.87,4051.48,2876
02-07-2026 08:00,4051.51,4057.01,4047.69,4056.18,3421
02-07-2026 08:15,4056.09,4060.87,4054.23,4057.26,3384
02-07-2026 08:30,4057.00,4059.71,4055.24,4057.39,3057
02-07-2026 08:45,4057.33,4067.15,4057.33,4065.29,3163
02-07-2026 09:00,4065.32,4067.80,4061.98,4065.33,2711
02-07-2026 09:15,4065.23,4074.05,4062.70,4069.90,2875
02-07-2026 09:30,4069.91,4072.98,4068.14,4070.01,2527
02-07-2026 09:45,4070.05,4070.37,4064.02,4065.46,2245
02-07-2026 10:00,4065.47,4066.56,4061.42,4063.27,2402
02-07-2026 10:15,4063.25,4065.07,4060.60,4060.65,2180
02-07-2026 10:30,4060.66,4061.14,4054.36,4055.65,2750
02-07-2026 10:45,4055.58,4062.36,4054.63,4057.24,2924
02-07-2026 11:00,4057.29,4066.31,4053.09,4061.75,3792
02-07-2026 11:15,4061.63,4067.62,4059.89,4066.01,3358
02-07-2026 11:30,4066.10,4076.00,4065.76,4068.38,3556
02-07-2026 11:45,4068.41,4079.72,4067.19,4074.12,3442
02-07-2026 12:00,4074.22,4076.72,4065.97,4068.10,3286
02-07-2026 12:15,4068.09,4076.45,4066.71,4072.88,3622
02-07-2026 12:30,4073.00,4074.10,4067.12,4067.73,3513
02-07-2026 12:45,4067.78,4068.35,4060.58,4062.31,3349
02-07-2026 13:00,4062.30,4075.46,4060.76,4074.39,3276
02-07-2026 13:15,4074.41,4074.88,4063.52,4064.62,3327
02-07-2026 13:30,4064.16,4074.31,4061.20,4070.06,3536
02-07-2026 13:45,4070.02,4077.88,4068.94,4074.97,3369
02-07-2026 14:00,4075.02,4077.75,4072.05,4075.29,3343
02-07-2026 14:15,4075.24,4080.05,4073.11,4075.95,3057
02-07-2026 14:30,4075.93,4076.89,4069.38,4072.21,3236
02-07-2026 14:45,4072.20,4073.61,4066.13,4067.68,2844
02-07-2026 15:00,4068.01,4072.15,4063.93,4069.26,3204
02-07-2026 15:15,4069.22,4072.28,4064.35,4065.24,2965
02-07-2026 15:30,4065.23,4066.52,4062.40,4063.23,2942
02-07-2026 15:45,4063.18,4068.08,4061.89,4066.09,2815
02-07-2026 16:00,4066.11,4068.64,4063.12,4064.63,2778
02-07-2026 16:15,4064.62,4068.10,4061.44,4066.35,2749
02-07-2026 16:30,4066.81,4067.04,4057.37,4063.20,3255
02-07-2026 16:45,4063.22,4067.21,4062.69,4065.47,2884
02-07-2026 17:00,4065.75,4071.65,4063.27,4071.08,3002
02-07-2026 17:15,4071.21,4072.21,4065.19,4065.19,2941
02-07-2026 17:30,4065.21,4073.42,4060.99,4064.12,3310
02-07-2026 17:45,4064.11,4069.43,4061.59,4064.71,3442
02-07-2026 18:00,4065.52,4140.30,4064.74,4132.35,4301
02-07-2026 18:15,4132.25,4134.01,4112.02,4117.52,4194
02-07-2026 18:30,4117.50,4129.87,4115.48,4124.33,4222
02-07-2026 18:45,4124.45,4124.51,4109.22,4113.01,4058
02-07-2026 19:00,4113.39,4138.26,4110.03,4134.64,4285
02-07-2026 19:15,4134.74,4143.94,4132.25,4136.91,4102
02-07-2026 19:30,4136.84,4138.22,4124.00,4128.54,4094
02-07-2026 19:45,4128.51,4136.20,4114.38,4116.28,4155
02-07-2026 20:00,4116.23,4125.48,4114.61,4118.64,4218
02-07-2026 20:15,4118.94,4129.70,4115.74,4128.46,4126
02-07-2026 20:30,4128.83,4131.36,4114.60,4126.40,4084
02-07-2026 20:45,4126.39,4131.40,4120.51,4122.49,3977
02-07-2026 21:00,4122.34,4130.99,4122.34,4125.36,3879
02-07-2026 21:15,4125.35,4129.95,4124.05,4128.38,3719
02-07-2026 21:30,4128.38,4130.11,4121.81,4123.29,3734
02-07-2026 21:45,4123.30,4123.76,4115.39,4116.24,3781
02-07-2026 22:00,4116.25,4116.80,4100.23,4114.62,3996
02-07-2026 22:15,4114.57,4120.34,4113.79,4118.05,3647
02-07-2026 22:30,4117.95,4119.82,4113.42,4117.89,3822
02-07-2026 22:45,4118.09,4119.70,4111.41,4112.45,3525
02-07-2026 23:00,4112.42,4114.43,4105.84,4107.31,3690
02-07-2026 23:15,4107.33,4110.21,4105.67,4106.71,3365
02-07-2026 23:30,4106.73,4123.69,4105.87,4119.10,3795
02-07-2026 23:45,4119.13,4123.08,4115.54,4123.02,3433
03-07-2026 00:00,4122.84,4126.73,4121.16,4121.16,3316
03-07-2026 00:15,4121.19,4124.39,4119.84,4122.55,3062
03-07-2026 00:30,4122.54,4124.31,4113.16,4114.38,3529
03-07-2026 00:45,4114.43,4114.85,4108.12,4112.57,3226
03-07-2026 01:00,4112.51,4114.72,4110.85,4113.36,3279
03-07-2026 01:15,4113.58,4123.98,4112.66,4121.28,3414
03-07-2026 01:30,4121.24,4122.41,4116.29,4119.71,2027
03-07-2026 01:45,4119.70,4125.04,4118.91,4123.49,1616
03-07-2026 02:00,4123.42,4124.92,4120.70,4120.70,1156
03-07-2026 02:15,4120.77,4123.88,4118.16,4123.44,1232
03-07-2026 03:30,4125.68,4127.58,4123.81,4124.08,826
03-07-2026 03:45,4124.07,4124.92,4122.25,4123.94,1224
03-07-2026 04:00,4123.92,4126.17,4122.42,4123.01,1424
03-07-2026 04:15,4123.01,4126.45,4122.68,4124.44,1174
03-07-2026 04:30,4124.45,4127.22,4124.26,4125.33,1488
03-07-2026 04:45,4125.37,4130.33,4124.21,4129.76,1903
03-07-2026 05:00,4129.75,4133.20,4121.04,4124.73,2434
03-07-2026 05:15,4124.74,4131.71,4124.43,4125.88,2818
03-07-2026 05:30,4125.71,4136.75,4122.57,4134.94,3651
03-07-2026 05:45,4134.95,4140.84,4131.74,4137.22,3436
03-07-2026 06:00,4137.11,4139.57,4132.97,4136.25,3309
03-07-2026 06:15,4136.16,4150.89,4135.33,4147.03,3315
03-07-2026 06:30,4147.04,4179.27,4146.59,4176.18,4103
03-07-2026 06:45,4176.29,4194.28,4174.01,4187.59,3919
03-07-2026 07:00,4187.60,4195.39,4179.16,4179.71,3861
03-07-2026 07:15,4179.69,4183.95,4174.70,4182.27,3423
03-07-2026 07:30,4182.04,4184.17,4177.03,4179.36,3445
03-07-2026 07:45,4179.35,4180.99,4176.45,4179.10,2525
03-07-2026 08:00,4179.26,4186.78,4178.01,4183.19,3259
03-07-2026 08:15,4183.20,4186.72,4178.74,4183.41,3083
03-07-2026 08:30,4183.21,4184.47,4179.64,4182.63,2936
03-07-2026 08:45,4182.67,4183.56,4179.20,4181.29,2465
03-07-2026 09:00,4181.31,4183.11,4177.24,4177.32,2396
03-07-2026 09:15,4177.31,4179.27,4175.18,4175.96,2002
03-07-2026 09:30,4175.97,4178.72,4172.99,4177.70,2056
03-07-2026 09:45,4177.66,4182.73,4176.58,4178.46,1887
03-07-2026 10:00,4178.49,4178.63,4175.30,4177.18,1580
03-07-2026 10:15,4177.19,4178.81,4174.52,4178.77,1587
03-07-2026 10:30,4178.73,4181.14,4176.93,4178.26,2295
03-07-2026 10:45,4178.24,4179.19,4173.02,4176.00,2137
03-07-2026 11:00,4176.00,4181.85,4173.10,4175.04,3170
03-07-2026 11:15,4175.18,4176.40,4169.20,4171.12,2787
03-07-2026 11:30,4171.12,4171.66,4162.02,4162.22,3320
03-07-2026 11:45,4162.29,4167.12,4160.42,4164.75,3143
03-07-2026 12:00,4164.75,4173.55,4164.33,4171.02,3004
03-07-2026 12:15,4171.00,4174.40,4170.16,4172.97,2834
03-07-2026 12:30,4172.99,4181.10,4171.09,4174.00,2976
03-07-2026 12:45,4173.94,4175.93,4169.16,4175.37,2806
03-07-2026 13:00,4175.37,4179.65,4173.75,4179.40,2718
03-07-2026 13:15,4179.44,4181.63,4174.84,4177.06,2783
03-07-2026 13:30,4177.63,4185.76,4177.63,4183.88,2858
03-07-2026 13:45,4183.89,4185.37,4181.16,4182.93,2681
03-07-2026 14:00,4182.84,4186.44,4180.57,4184.24,2597
03-07-2026 14:15,4184.28,4185.33,4176.93,4180.96,2456
03-07-2026 14:30,4180.98,4181.82,4175.93,4180.34,2431
03-07-2026 14:45,4180.30,4180.44,4171.13,4171.85,2563
03-07-2026 15:00,4171.76,4172.92,4168.58,4172.21,2602
03-07-2026 15:15,4172.19,4175.10,4171.63,4172.00,2220
03-07-2026 15:30,4171.95,4180.67,4170.71,4179.75,2257
03-07-2026 15:45,4179.68,4181.08,4177.90,4178.42,2047
03-07-2026 16:00,4178.41,4178.92,4175.51,4177.60,1848
03-07-2026 16:15,4177.67,4178.69,4174.60,4177.04,1803
03-07-2026 16:30,4176.97,4183.75,4175.48,4183.28,2308
03-07-2026 16:45,4183.30,4186.04,4182.60,4183.05,2059
03-07-2026 17:00,4183.06,4185.93,4182.58,4185.29,2066
03-07-2026 17:15,4185.28,4186.22,4178.51,4181.05,2135
03-07-2026 17:30,4181.13,4183.11,4177.81,4177.91,2556
03-07-2026 17:45,4177.90,4178.20,4172.32,4174.86,2353
03-07-2026 18:00,4174.87,4177.59,4173.02,4174.85,2583
03-07-2026 18:15,4174.41,4177.50,4172.23,4176.79,2065
03-07-2026 18:30,4177.15,4179.22,4164.50,4166.70,3475
03-07-2026 18:45,4166.66,4172.20,4166.60,4171.49,3131
03-07-2026 19:00,4171.63,4171.71,4164.99,4167.05,3183
03-07-2026 19:15,4167.13,4168.80,4163.39,4164.63,2975
03-07-2026 19:30,4164.58,4167.10,4155.31,4162.12,3385
03-07-2026 19:45,4162.19,4166.71,4161.23,4166.13,3012
03-07-2026 20:00,4166.14,4167.21,4163.34,4163.84,2687
03-07-2026 20:15,4163.70,4171.10,4163.53,4169.75,2415
03-07-2026 20:30,4169.76,4173.87,4168.57,4171.80,2557
03-07-2026 20:45,4171.80,4174.00,4166.71,4167.20,2227
03-07-2026 21:00,4167.00,4168.44,4165.57,4167.27,1830
03-07-2026 21:15,4167.28,4168.51,4164.05,4164.49,1724
03-07-2026 21:30,4164.46,4165.14,4162.48,4163.62,1965
03-07-2026 21:45,4163.58,4167.02,4162.22,4166.16,1727
03-07-2026 22:00,4166.14,4170.02,4166.13,4169.79,1674
03-07-2026 22:15,4169.79,4175.55,4169.23,4174.61,1743
06-07-2026 03:30,4174.65,4185.49,4172.42,4180.75,2055
06-07-2026 03:45,4180.78,4185.46,4177.01,4184.58,2306
06-07-2026 04:00,4184.50,4191.34,4182.76,4188.59,2408
06-07-2026 04:15,4188.50,4189.69,4183.02,4188.03,2210
06-07-2026 04:30,4188.03,4191.43,4186.77,4187.39,2128
06-07-2026 04:45,4187.40,4201.56,4186.55,4200.32,1862
06-07-2026 05:00,4200.30,4201.40,4193.31,4196.40,2371
06-07-2026 05:15,4196.39,4197.26,4177.70,4183.04,3109
06-07-2026 05:30,4183.10,4185.37,4170.36,4174.80,3720
06-07-2026 05:45,4174.69,4181.42,4171.04,4174.47,3366
06-07-2026 06:00,4174.57,4187.44,4174.08,4185.81,3451
06-07-2026 06:15,4185.82,4188.88,4174.77,4179.80,3248
06-07-2026 06:30,4179.50,4192.54,4172.45,4188.74,3938
06-07-2026 06:45,4188.78,4192.80,4180.55,4189.47,3805
06-07-2026 07:00,4189.44,4200.54,4187.28,4198.12,3868
06-07-2026 07:15,4198.11,4203.10,4184.86,4185.91,3801
06-07-2026 07:30,4185.93,4187.75,4176.96,4181.01,3672
06-07-2026 07:45,4180.99,4186.05,4175.58,4177.51,3297
06-07-2026 08:00,4177.73,4178.61,4168.49,4172.35,3743
06-07-2026 08:15,4172.31,4175.89,4170.04,4174.08,3373
06-07-2026 08:30,4174.09,4176.38,4165.30,4166.50,3390
06-07-2026 08:45,4166.48,4167.82,4162.47,4165.64,3017
06-07-2026 09:00,4165.67,4169.15,4161.56,4162.79,2814
06-07-2026 09:15,4162.77,4166.74,4161.02,4165.15,2556
06-07-2026 09:30,4165.11,4166.56,4161.03,4163.36,2348
06-07-2026 09:45,4163.35,4164.50,4160.18,4160.95,1976
06-07-2026 10:00,4161.07,4162.14,4157.45,4160.11,2446
06-07-2026 10:15,4160.13,4161.07,4157.79,4159.32,1989
06-07-2026 10:30,4159.45,4160.78,4151.11,4152.12,2679
06-07-2026 10:45,4152.09,4154.35,4150.46,4152.76,2373
06-07-2026 11:00,4152.66,4160.41,4149.31,4155.33,3585
06-07-2026 11:15,4155.32,4156.80,4144.73,4147.95,3322
06-07-2026 11:30,4147.89,4152.15,4145.64,4151.91,3531
06-07-2026 11:45,4151.89,4156.65,4147.81,4156.46,2948
06-07-2026 12:00,4156.44,4159.64,4153.40,4155.92,3077
06-07-2026 12:15,4155.86,4156.89,4148.84,4150.29,2816
06-07-2026 12:30,4150.31,4153.42,4146.99,4150.92,3055
06-07-2026 12:45,4150.92,4155.58,4150.22,4152.86,3029
06-07-2026 13:00,4152.84,4164.30,4151.11,4163.52,2731
06-07-2026 13:15,4163.60,4166.26,4162.02,4164.35,2817
06-07-2026 13:30,4164.66,4165.97,4157.09,4157.96,2989
06-07-2026 13:45,4157.97,4158.51,4153.46,4155.36,2716
06-07-2026 14:00,4155.35,4156.09,4148.42,4148.99,2601
06-07-2026 14:15,4149.02,4152.82,4147.03,4150.37,2561
06-07-2026 14:30,4150.38,4151.21,4147.88,4149.64,2350
06-07-2026 14:45,4149.49,4149.77,4141.45,4143.56,2644
06-07-2026 15:00,4143.52,4143.52,4136.28,4139.54,2939
06-07-2026 15:15,4139.23,4144.95,4139.19,4143.14,2509
06-07-2026 15:30,4143.15,4148.56,4142.05,4148.32,2298
06-07-2026 15:45,4148.24,4150.83,4147.45,4148.85,2350
06-07-2026 16:00,4148.81,4155.56,4148.63,4154.33,2599
06-07-2026 16:15,4154.32,4155.69,4152.30,4154.94,2639
06-07-2026 16:30,4155.21,4156.15,4151.37,4154.78,2926
06-07-2026 16:45,4154.79,4159.50,4153.51,4154.89,2746
06-07-2026 17:00,4154.85,4158.62,4152.51,4153.48,2530
06-07-2026 17:15,4153.68,4155.82,4151.90,4155.18,2595
06-07-2026 17:30,4155.50,4158.44,4153.61,4155.99,3024
06-07-2026 17:45,4156.03,4157.45,4145.14,4145.60,3189
06-07-2026 18:00,4145.70,4146.20,4131.37,4133.52,3382
06-07-2026 18:15,4133.49,4142.70,4133.25,4139.56,3278
06-07-2026 18:30,4139.54,4148.49,4136.95,4140.95,3645
06-07-2026 18:45,4140.93,4148.66,4138.37,4142.28,3591
06-07-2026 19:00,4142.19,4150.43,4141.83,4149.11,4027
06-07-2026 19:15,4149.20,4149.47,4137.34,4140.72,3909
06-07-2026 19:30,4140.73,4146.97,4133.54,4140.53,3973
06-07-2026 19:45,4140.47,4140.73,4132.42,4137.08,3835
06-07-2026 20:00,4137.08,4141.68,4128.38,4130.06,3739
06-07-2026 20:15,4130.04,4138.14,4128.94,4138.10,3712
06-07-2026 20:30,4138.12,4146.45,4137.45,4139.62,3398
06-07-2026 20:45,4139.61,4150.90,4138.66,4150.53,3593
06-07-2026 21:00,4150.59,4151.88,4146.93,4149.88,3451
06-07-2026 21:15,4149.98,4150.45,4144.75,4148.26,2838
06-07-2026 21:30,4148.02,4148.39,4140.37,4140.48,2912
06-07-2026 21:45,4140.60,4146.34,4140.20,4145.47,2768
06-07-2026 22:00,4145.46,4150.23,4145.19,4149.27,2927
06-07-2026 22:15,4149.28,4156.16,4148.67,4154.95,2865
06-07-2026 22:30,4155.02,4156.16,4152.25,4153.42,2959
06-07-2026 22:45,4153.43,4159.56,4150.05,4155.42,2888
06-07-2026 23:00,4155.56,4159.15,4154.75,4156.66,2772
06-07-2026 23:15,4156.57,4161.48,4156.21,4161.23,2729
06-07-2026 23:30,4161.14,4162.02,4155.10,4158.07,2746
06-07-2026 23:45,4158.11,4163.23,4158.11,4161.83,2430
07-07-2026 00:00,4161.53,4167.43,4159.65,4164.07,2612
07-07-2026 00:15,4164.11,4165.16,4162.08,4163.80,2484
07-07-2026 00:30,4163.93,4165.32,4159.02,4159.40,2340
07-07-2026 00:45,4159.42,4163.34,4158.88,4162.81,2336
07-07-2026 01:00,4162.94,4163.00,4159.64,4161.11,2539
07-07-2026 01:15,4161.13,4165.05,4161.10,4163.69,2740
07-07-2026 01:30,4163.64,4164.38,4160.93,4160.99,1281
07-07-2026 01:45,4160.98,4163.42,4160.49,4163.06,782
07-07-2026 02:00,4163.07,4164.83,4162.69,4162.98,833
07-07-2026 02:15,4162.92,4164.62,4162.56,4164.61,940
07-07-2026 03:30,4165.81,4166.97,4162.98,4165.62,871
07-07-2026 03:45,4165.61,4167.03,4164.74,4165.71,933
07-07-2026 04:00,4165.68,4168.25,4165.68,4167.03,1311
07-07-2026 04:15,4167.00,4167.53,4163.89,4164.04,1338
07-07-2026 04:30,4164.02,4165.47,4162.83,4165.28,1382
07-07-2026 04:45,4165.19,4165.41,4162.86,4163.06,1250
07-07-2026 05:00,4163.07,4165.22,4160.84,4161.92,1343
07-07-2026 05:15,4161.90,4163.67,4156.85,4157.24,2251
07-07-2026 05:30,4157.21,4158.47,4152.67,4155.99,3200
07-07-2026 05:45,4156.14,4160.57,4151.95,4159.71,3069
07-07-2026 06:00,4159.91,4162.67,4148.30,4149.51,3034
07-07-2026 06:15,4149.61,4153.75,4145.31,4145.93,3156
07-07-2026 06:30,4145.80,4147.86,4137.53,4141.56,3823
07-07-2026 06:45,4141.57,4142.89,4126.06,4132.60,3658
07-07-2026 07:00,4132.55,4142.13,4132.15,4141.99,3483
07-07-2026 07:15,4142.03,4146.43,4140.34,4141.57,3296
07-07-2026 07:30,4141.58,4144.31,4137.56,4142.40,3141
07-07-2026 07:45,4142.37,4145.17,4138.06,4140.51,2460
07-07-2026 08:00,4140.39,4144.15,4136.10,4139.43,2969
07-07-2026 08:15,4139.44,4139.57,4131.10,4136.55,3115
07-07-2026 08:30,4136.82,4140.16,4135.06,4136.63,2928
07-07-2026 08:45,4136.45,4137.55,4129.17,4132.12,3032
07-07-2026 09:00,4131.86,4134.82,4127.05,4129.56,2657
07-07-2026 09:15,4129.56,4131.49,4124.34,4131.07,2348
07-07-2026 09:30,4131.06,4141.23,4130.34,4136.06,2502
07-07-2026 09:45,4136.14,4137.01,4130.99,4131.94,2367
07-07-2026 10:00,4131.88,4132.09,4128.67,4128.68,2300
07-07-2026 10:15,4128.69,4131.19,4125.85,4126.62,2115
07-07-2026 10:30,4126.63,4131.26,4122.00,4122.34,2679
07-07-2026 10:45,4122.42,4128.52,4120.88,4128.24,3000
07-07-2026 11:00,4128.28,4128.55,4116.58,4122.52,3831
07-07-2026 11:15,4122.53,4127.15,4120.29,4123.72,3259
07-07-2026 11:30,4123.71,4129.47,4121.44,4123.48,3374
07-07-2026 11:45,4123.50,4129.60,4123.27,4126.68,3096
07-07-2026 12:00,4126.50,4132.40,4124.81,4132.40,2992
07-07-2026 12:15,4132.41,4132.92,4128.40,4130.35,2933
07-07-2026 12:30,4130.38,4131.22,4124.25,4129.52,2957
07-07-2026 12:45,4129.30,4132.07,4125.98,4126.57,2913
07-07-2026 13:00,4126.55,4131.27,4125.72,4129.91,2632
07-07-2026 13:15,4130.22,4133.65,4124.41,4124.66,3020
07-07-2026 13:30,4124.22,4139.22,4124.22,4136.97,3312
07-07-2026 13:45,4136.92,4138.63,4133.96,4138.52,3098
07-07-2026 14:00,4138.56,4139.09,4128.78,4130.97,2728
07-07-2026 14:15,4130.97,4130.97,4121.81,4125.89,3119
07-07-2026 14:30,4125.87,4128.94,4124.42,4127.49,2932
07-07-2026 14:45,4127.48,4130.90,4119.64,4121.52,2735
07-07-2026 15:00,4121.53,4133.71,4121.53,4132.89,2727
07-07-2026 15:15,4132.88,4133.11,4124.94,4131.18,2882
07-07-2026 15:30,4131.14,4135.04,4131.08,4132.40,2742
07-07-2026 15:45,4132.49,4138.75,4132.03,4137.29,2514
07-07-2026 16:00,4137.26,4137.46,4134.54,4135.51,2590
07-07-2026 16:15,4135.53,4137.06,4133.46,4135.61,2494
07-07-2026 16:30,4135.66,4136.17,4131.79,4133.18,2791
07-07-2026 16:45,4133.22,4144.84,4133.02,4143.07,2967
07-07-2026 17:00,4142.97,4148.97,4139.49,4148.32,2832
07-07-2026 17:15,4148.26,4158.13,4147.05,4156.71,3107
07-07-2026 17:30,4156.94,4174.56,4154.47,4173.16,3622
07-07-2026 17:45,4173.39,4175.00,4163.01,4165.68,3642
07-07-2026 18:00,4165.67,4168.13,4161.57,4166.35,3429
07-07-2026 18:15,4166.37,4172.66,4164.18,4172.17,3262
07-07-2026 18:30,4172.16,4178.32,4160.05,4171.33,3860
07-07-2026 18:45,4171.35,4172.38,4164.17,4166.16,3552
07-07-2026 19:00,4166.26,4180.41,4163.54,4177.39,4159
07-07-2026 19:15,4177.47,4179.92,4155.98,4158.35,4032
07-07-2026 19:30,4158.38,4163.50,4150.95,4152.31,4157
07-07-2026 19:45,4152.26,4159.69,4151.16,4158.08,4015
07-07-2026 20:00,4158.09,4159.18,4143.55,4152.32,3972
07-07-2026 20:15,4152.23,4157.63,4151.85,4154.17,3861
07-07-2026 20:30,4154.07,4155.55,4148.17,4148.69,3784
07-07-2026 20:45,4148.55,4148.90,4141.62,4142.94,3664
07-07-2026 21:00,4142.97,4148.32,4142.14,4146.52,3464
07-07-2026 21:15,4146.53,4147.95,4135.75,4138.96,3426
07-07-2026 21:30,4139.34,4143.56,4136.97,4141.04,3374
07-07-2026 21:45,4140.91,4147.16,4140.77,4146.03,3089
07-07-2026 22:00,4145.90,4146.49,4142.41,4143.18,3202
07-07-2026 22:15,4143.25,4146.58,4140.93,4144.99,2994
07-07-2026 22:30,4144.96,4146.80,4142.12,4142.97,2894
07-07-2026 22:45,4142.93,4146.63,4140.57,4145.99,3256
07-07-2026 23:00,4145.80,4148.06,4144.50,4147.02,2733
07-07-2026 23:15,4147.01,4147.29,4142.98,4144.45,2783
07-07-2026 23:30,4144.62,4145.16,4140.86,4142.27,3001
07-07-2026 23:45,4142.26,4144.15,4140.14,4141.59,3026
08-07-2026 00:00,4141.39,4142.37,4136.14,4141.90,2846
08-07-2026 00:15,4141.92,4142.55,4125.02,4126.93,3669
08-07-2026 00:30,4126.81,4127.62,4103.12,4105.65,4017
08-07-2026 00:45,4105.64,4106.73,4092.11,4103.48,3848
08-07-2026 01:00,4103.46,4114.96,4103.40,4109.18,3627
08-07-2026 01:15,4109.23,4117.54,4108.07,4114.12,3487
08-07-2026 01:30,4114.13,4115.84,4112.21,4112.98,2080
08-07-2026 01:45,4112.92,4113.19,4106.44,4110.99,1746
08-07-2026 02:00,4111.00,4111.34,4104.27,4105.76,1479
08-07-2026 02:15,4105.80,4106.44,4102.89,4105.18,1478
08-07-2026 03:30,4094.30,4105.87,4093.51,4103.69,1318
08-07-2026 03:45,4103.67,4103.74,4099.42,4099.47,1188
08-07-2026 04:00,4099.59,4102.47,4098.38,4100.91,1759
08-07-2026 04:15,4100.95,4100.95,4095.45,4098.15,2088
08-07-2026 04:30,4098.14,4108.05,4096.30,4105.87,2579
08-07-2026 04:45,4105.85,4106.57,4101.09,4104.88,2090
08-07-2026 05:00,4104.84,4105.36,4097.29,4098.30,1936
08-07-2026 05:15,4098.29,4101.09,4095.82,4098.51,2823
08-07-2026 05:30,4098.44,4104.02,4096.87,4100.11,3691
08-07-2026 05:45,4100.20,4107.97,4098.76,4105.44,3476
08-07-2026 06:00,4105.48,4126.46,4103.83,4123.24,3614
08-07-2026 06:15,4123.26,4125.15,4111.26,4111.52,3520
08-07-2026 06:30,4111.50,4117.87,4098.26,4108.32,3991
08-07-2026 06:45,4108.33,4110.23,4102.16,4102.69,3587
08-07-2026 07:00,4102.57,4105.82,4096.38,4103.25,3773
08-07-2026 07:15,4103.08,4112.79,4102.21,4111.18,3662
08-07-2026 07:30,4111.33,4117.99,4105.98,4112.17,3634
08-07-2026 07:45,4112.15,4124.80,4111.93,4118.86,3118
08-07-2026 08:00,4118.79,4121.03,4116.19,4120.12,3267
08-07-2026 08:15,4120.14,4120.71,4113.37,4114.53,3124
08-07-2026 08:30,4114.71,4130.95,4114.62,4128.05,3636
08-07-2026 08:45,4128.13,4130.70,4124.56,4129.85,3062
08-07-2026 09:00,4129.77,4131.12,4125.42,4126.77,2612
08-07-2026 09:15,4126.70,4129.09,4122.64,4123.37,2478
08-07-2026 09:30,4123.35,4128.76,4121.59,4124.26,2578
08-07-2026 09:45,4124.25,4127.33,4120.51,4125.92,2580
08-07-2026 10:00,4125.91,4128.23,4122.09,4125.12,2747
08-07-2026 10:15,4125.10,4127.07,4124.02,4125.28,2585
08-07-2026 10:30,4125.27,4133.88,4125.02,4125.75,3161
08-07-2026 10:45,4125.62,4129.33,4121.93,4121.99,2928
08-07-2026 11:00,4121.86,4131.69,4121.28,4128.21,3711
08-07-2026 11:15,4128.22,4129.93,4124.79,4127.74,3402
08-07-2026 11:30,4127.70,4131.73,4122.31,4131.52,3529
08-07-2026 11:45,4131.49,4133.37,4128.74,4129.63,3327
08-07-2026 12:00,4129.46,4129.76,4124.62,4126.48,3174
08-07-2026 12:15,4126.46,4127.07,4123.39,4123.54,3326
08-07-2026 12:30,4123.48,4125.03,4116.48,4118.09,3422
08-07-2026 12:45,4118.06,4121.19,4114.69,4120.32,3341
08-07-2026 13:00,4120.24,4127.08,4118.07,4127.08,3139
08-07-2026 13:15,4127.08,4127.08,4118.95,4121.17,2972
08-07-2026 13:30,4121.03,4121.15,4116.47,4117.64,3046
08-07-2026 13:45,4117.65,4120.87,4080.61,4088.85,4186
08-07-2026 14:00,4088.67,4092.12,4060.70,4065.60,4213
08-07-2026 14:15,4065.67,4075.88,4052.22,4056.62,4114
08-07-2026 14:30,4056.75,4056.78,4050.25,4055.86,3989
08-07-2026 14:45,4055.68,4060.87,4053.61,4056.61,3813
08-07-2026 15:00,4056.56,4058.49,4044.70,4048.27,3868
08-07-2026 15:15,4048.34,4052.74,4041.52,4043.25,3615
08-07-2026 15:30,4043.33,4048.49,4040.66,4044.34,3439
08-07-2026 15:45,4044.49,4055.68,4043.39,4050.70,3448
08-07-2026 16:00,4050.61,4058.33,4050.06,4057.21,3505
08-07-2026 16:15,4057.16,4058.15,4052.84,4052.84,3234
08-07-2026 16:30,4052.85,4057.07,4048.07,4050.69,3262
08-07-2026 16:45,4050.51,4054.43,4047.72,4050.12,3328
08-07-2026 17:00,4050.01,4065.70,4041.46,4064.29,3478
08-07-2026 17:15,4064.42,4072.51,4059.25,4062.11,3910
08-07-2026 17:30,4062.01,4073.82,4058.64,4071.95,3816
08-07-2026 17:45,4071.88,4077.69,4065.94,4070.85,3707
08-07-2026 18:00,4070.69,4078.17,4068.03,4078.02,3768
08-07-2026 18:15,4078.09,4086.34,4070.55,4071.87,3747
08-07-2026 18:30,4071.97,4083.06,4069.81,4072.28,4134
08-07-2026 18:45,4072.06,4075.84,4065.27,4066.64,3914
08-07-2026 19:00,4067.19,4080.22,4066.98,4073.13,4221
08-07-2026 19:15,4073.19,4079.10,4068.17,4070.70,4160
08-07-2026 19:30,4070.62,4071.38,4056.62,4057.10,4113
08-07-2026 19:45,4057.16,4065.32,4051.39,4060.16,4110
08-07-2026 20:00,4060.14,4061.19,4035.19,4036.33,4165
08-07-2026 20:15,4036.33,4046.23,4033.85,4040.78,4099
08-07-2026 20:30,4040.82,4043.69,4033.54,4033.59,4083
08-07-2026 20:45,4033.70,4035.95,4026.21,4030.77,4037
08-07-2026 21:00,4030.93,4033.17,4021.73,4032.82,4012
08-07-2026 21:15,4032.78,4038.13,4029.78,4034.26,3849
08-07-2026 21:30,4034.21,4042.60,4033.15,4039.12,3850
08-07-2026 21:45,4039.13,4044.72,4037.49,4043.61,3646
08-07-2026 22:00,4043.17,4057.38,4039.43,4056.50,3908
08-07-2026 22:15,4056.52,4064.42,4053.45,4063.59,3754
08-07-2026 22:30,4063.73,4070.31,4059.60,4064.78,3671
08-07-2026 22:45,4065.12,4073.77,4063.51,4072.98,3677
08-07-2026 23:00,4073.01,4076.34,4068.83,4069.83,3336
08-07-2026 23:15,4069.84,4070.29,4064.34,4065.68,3286
08-07-2026 23:30,4065.48,4075.71,4063.59,4075.25,3794
08-07-2026 23:45,4075.29,4075.32,4067.39,4069.52,3622
09-07-2026 00:00,4069.51,4079.47,4066.99,4079.42,3541
09-07-2026 00:15,4079.38,4091.47,4078.82,4084.10,3456
09-07-2026 00:30,4084.03,4090.90,4084.03,4087.64,3461
09-07-2026 00:45,4087.26,4088.63,4084.79,4088.25,3048
09-07-2026 01:00,4088.50,4091.38,4083.29,4084.10,3224
09-07-2026 01:15,4084.04,4084.29,4078.10,4079.78,3473
09-07-2026 01:30,4079.71,4083.45,4076.09,4078.90,2320
09-07-2026 01:45,4078.94,4079.63,4074.22,4076.83,1954
09-07-2026 02:00,4076.73,4078.51,4071.51,4074.91,1884
09-07-2026 02:15,4074.97,4079.47,4073.91,4077.00,1427
09-07-2026 03:30,4077.15,4079.32,4072.28,4076.76,1167
09-07-2026 03:45,4076.79,4078.55,4072.97,4073.80,1875
09-07-2026 04:00,4073.82,4078.91,4073.20,4075.95,1856
09-07-2026 04:15,4075.92,4079.44,4075.75,4076.16,1519
09-07-2026 04:30,4076.17,4077.33,4073.57,4076.81,1688
09-07-2026 04:45,4076.80,4077.65,4075.23,4077.48,1376
09-07-2026 05:00,4077.47,4077.47,4073.68,4074.95,1761
09-07-2026 05:15,4074.96,4077.34,4071.69,4075.89,2352
09-07-2026 05:30,4075.84,4087.45,4075.84,4087.43,3341
09-07-2026 05:45,4087.42,4089.90,4073.92,4077.65,2927
09-07-2026 06:00,4078.35,4081.79,4075.65,4077.19,2637
09-07-2026 06:15,4077.13,4079.19,4070.47,4073.96,2945
09-07-2026 06:30,4073.67,4078.65,4065.14,4074.13,3862
09-07-2026 06:45,4074.14,4076.62,4066.62,4066.62,3413
09-07-2026 07:00,4066.90,4075.01,4062.23,4073.26,3404
09-07-2026 07:15,4073.36,4076.01,4068.76,4072.63,3071
09-07-2026 07:30,4072.63,4079.37,4071.87,4078.43,3266
09-07-2026 07:45,4078.46,4082.58,4076.71,4080.60,2510
09-07-2026 08:00,4080.67,4081.82,4069.60,4070.56,3042
09-07-2026 08:15,4070.54,4071.79,4064.36,4064.98,3176
09-07-2026 08:30,4064.72,4067.80,4055.44,4058.93,3308
09-07-2026 08:45,4058.77,4061.04,4054.20,4058.22,3187
09-07-2026 09:00,4058.15,4063.34,4056.35,4061.79,2637
09-07-2026 09:15,4062.00,4064.06,4061.10,4064.06,2131
09-07-2026 09:30,4064.19,4064.45,4058.76,4060.48,2096
09-07-2026 09:45,4060.46,4060.92,4057.24,4058.82,2053
09-07-2026 10:00,4058.80,4064.37,4056.42,4057.85,2155
09-07-2026 10:15,4057.84,4064.44,4056.42,4064.22,1893
09-07-2026 10:30,4064.55,4075.89,4063.62,4073.52,3083
09-07-2026 10:45,4073.51,4073.66,4066.73,4072.19,2862
09-07-2026 11:00,4072.64,4077.03,4064.73,4075.45,3443
09-07-2026 11:15,4075.47,4084.11,4073.74,4081.95,3258
09-07-2026 11:30,4081.92,4099.75,4081.38,4092.06,3670
09-07-2026 11:45,4091.86,4103.10,4091.37,4102.24,3582
09-07-2026 12:00,4102.29,4106.69,4095.97,4102.77,3456
09-07-2026 12:15,4102.80,4107.83,4102.25,4107.72,2916
09-07-2026 12:30,4107.87,4110.15,4101.44,4101.45,3225
09-07-2026 12:45,4101.49,4109.85,4101.46,4108.84,2979
09-07-2026 13:00,4108.89,4111.04,4103.65,4108.99,2835
09-07-2026 13:15,4108.99,4111.11,4104.59,4107.84,2687
09-07-2026 13:30,4108.23,4110.49,4105.19,4108.07,3168
09-07-2026 13:45,4108.06,4117.63,4107.67,4114.79,3102
09-07-2026 14:00,4114.70,4116.51,4110.02,4113.47,2789
09-07-2026 14:15,4113.49,4113.72,4107.71,4108.22,2753
09-07-2026 14:30,4108.20,4109.67,4105.84,4108.78,2713
09-07-2026 14:45,4108.76,4112.47,4107.35,4108.18,2641
09-07-2026 15:00,4107.97,4109.94,4103.26,4103.93,2938
09-07-2026 15:15,4103.86,4107.33,4103.26,4106.09,2318
09-07-2026 15:30,4106.01,4109.78,4103.86,4105.02,2573
09-07-2026 15:45,4105.02,4106.49,4104.04,4104.37,2044
09-07-2026 16:00,4104.22,4105.52,4102.52,4103.50,2183
09-07-2026 16:15,4103.51,4104.38,4093.60,4098.99,3120
09-07-2026 16:30,4099.29,4104.98,4097.76,4104.85,3017
09-07-2026 16:45,4104.87,4107.15,4099.10,4100.49,2663
09-07-2026 17:00,4100.38,4109.38,4098.84,4106.19,2781
09-07-2026 17:15,4106.24,4110.57,4104.57,4108.35,2742
09-07-2026 17:30,4108.42,4119.92,4105.73,4112.64,3325
09-07-2026 17:45,4112.61,4113.47,4105.04,4107.14,3245
09-07-2026 18:00,4107.16,4122.53,4107.08,4113.10,3472
09-07-2026 18:15,4113.11,4114.53,4107.51,4107.73,3302
09-07-2026 18:30,4107.63,4120.87,4106.96,4120.57,3804
09-07-2026 18:45,4120.64,4127.04,4118.68,4125.95,3713
09-07-2026 19:00,4126.16,4129.21,4119.53,4127.20,4007
09-07-2026 19:15,4127.25,4127.25,4117.66,4121.70,3921
09-07-2026 19:30,4121.44,4136.16,4120.41,4122.37,4059
09-07-2026 19:45,4122.46,4125.49,4114.17,4124.74,3988
09-07-2026 20:00,4124.80,4126.67,4120.59,4123.98,3759
09-07-2026 20:15,4124.04,4127.96,4118.03,4127.73,3574
09-07-2026 20:30,4127.65,4130.77,4124.72,4124.94,3507
09-07-2026 20:45,4124.98,4130.56,4124.83,4127.87,3370
09-07-2026 21:00,4127.92,4131.31,4126.20,4130.08,3230
09-07-2026 21:15,4130.22,4132.66,4126.28,4126.81,3139
09-07-2026 21:30,4126.71,4131.34,4125.62,4130.18,2884
09-07-2026 21:45,4130.20,4133.06,4128.59,4132.45,2955
09-07-2026 22:00,4132.40,4138.07,4131.75,4133.15,3020
09-07-2026 22:15,4133.28,4134.33,4127.79,4127.79,2391
09-07-2026 22:30,4127.77,4128.81,4125.70,4127.34,2706
09-07-2026 22:45,4127.44,4131.99,4124.98,4131.79,3007
09-07-2026 23:00,4131.72,4134.03,4129.14,4131.93,2904
09-07-2026 23:15,4131.94,4138.22,4131.70,4136.07,2484
09-07-2026 23:30,4136.06,4136.26,4127.36,4128.59,2649
09-07-2026 23:45,4128.60,4128.68,4123.04,4123.68,2633
10-07-2026 00:00,4123.64,4125.44,4121.53,4125.38,2461
10-07-2026 00:15,4125.50,4125.54,4122.46,4124.39,2224
10-07-2026 00:30,4124.31,4126.88,4122.88,4124.30,2569
10-07-2026 00:45,4124.28,4125.48,4120.61,4120.86,2106
10-07-2026 01:00,4120.88,4122.67,4118.76,4120.20,2397
10-07-2026 01:15,4120.17,4123.45,4119.94,4122.37,2744
10-07-2026 01:30,4122.39,4124.01,4120.68,4121.30,1298
10-07-2026 01:45,4121.29,4122.50,4120.51,4121.04,925
10-07-2026 02:00,4121.01,4125.59,4120.79,4124.46,867
10-07-2026 02:15,4124.43,4124.43,4122.74,4123.30,910
10-07-2026 03:30,4124.17,4126.73,4121.87,4123.17,1050
10-07-2026 03:45,4123.15,4124.38,4122.00,4122.75,1177
10-07-2026 04:00,4122.78,4124.50,4122.08,4123.36,1209
10-07-2026 04:15,4123.36,4123.97,4121.31,4121.50,1105
10-07-2026 04:30,4121.58,4124.42,4121.41,4123.66,1243
10-07-2026 04:45,4123.67,4125.03,4121.30,4122.24,1172
10-07-2026 05:00,4122.36,4123.10,4121.04,4122.80,988
10-07-2026 05:15,4122.84,4124.34,4121.68,4123.13,1518
10-07-2026 05:30,4122.96,4125.48,4119.53,4122.21,2590
10-07-2026 05:45,4122.31,4123.69,4116.89,4119.43,2327
10-07-2026 06:00,4119.46,4124.13,4114.28,4123.10,2667
10-07-2026 06:15,4123.12,4128.20,4121.08,4126.14,2828
10-07-2026 06:30,4126.17,4130.95,4118.89,4125.00,3730
10-07-2026 06:45,4125.03,4127.41,4120.18,4121.62,3322
10-07-2026 07:00,4121.51,4123.40,4108.83,4111.62,3354
10-07-2026 07:15,4111.63,4121.25,4108.62,4116.78,3373
10-07-2026 07:30,4116.99,4128.64,4116.05,4124.57,3228
10-07-2026 07:45,4124.71,4127.75,4121.48,4125.53,2656
10-07-2026 08:00,4125.55,4128.39,4122.02,4125.67,2954
10-07-2026 08:15,4125.65,4129.09,4123.32,4127.68,2726
10-07-2026 08:30,4127.64,4134.71,4125.78,4126.45,2926
10-07-2026 08:45,4126.47,4128.22,4120.42,4125.37,2534
10-07-2026 09:00,4125.36,4127.91,4121.14,4121.54,2117
10-07-2026 09:15,4121.52,4122.40,4119.35,4120.14,1893
10-07-2026 09:30,4120.15,4120.96,4116.70,4120.90,1837
10-07-2026 09:45,4120.79,4121.02,4111.86,4117.61,2270
10-07-2026 10:00,4117.41,4119.51,4116.71,4118.99,1709
10-07-2026 10:15,4118.90,4119.09,4114.87,4115.11,1789
10-07-2026 10:30,4115.02,4116.31,4112.98,4113.98,2142
10-07-2026 10:45,4113.97,4117.10,4112.92,4114.35,2068
10-07-2026 11:00,4114.03,4115.30,4109.15,4114.02,3175
10-07-2026 11:15,4114.00,4117.07,4108.14,4116.77,3000
10-07-2026 11:30,4116.75,4119.03,4114.73,4115.02,2994
10-07-2026 11:45,4115.06,4120.05,4113.80,4114.53,2972
10-07-2026 12:00,4114.49,4116.06,4111.07,4111.51,2939
10-07-2026 12:15,4111.48,4114.39,4111.25,4111.73,2509
10-07-2026 12:30,4111.61,4113.67,4108.97,4111.08,2625
10-07-2026 12:45,4111.32,4115.29,4108.41,4112.40,2577
10-07-2026 13:00,4112.41,4114.52,4105.34,4106.36,2371
10-07-2026 13:15,4106.97,4109.84,4104.29,4108.91,2699
10-07-2026 13:30,4109.01,4109.49,4103.83,4107.21,2887
10-07-2026 13:45,4107.13,4108.68,4103.11,4104.28,2702
10-07-2026 14:00,4104.29,4105.59,4099.46,4101.71,2716
10-07-2026 14:15,4101.69,4101.72,4094.75,4097.86,2561
10-07-2026 14:30,4097.84,4100.74,4094.28,4100.74,2635
10-07-2026 14:45,4100.63,4103.40,4099.90,4102.62,2285
10-07-2026 15:00,4102.35,4103.94,4098.29,4102.81,2204
10-07-2026 15:15,4102.82,4105.41,4102.18,4104.27,2169
10-07-2026 15:30,4104.36,4108.41,4104.15,4106.04,2121
10-07-2026 15:45,4106.05,4112.57,4106.05,4109.36,2269
10-07-2026 16:00,4109.37,4110.44,4106.20,4108.97,1975
10-07-2026 16:15,4108.98,4108.98,4104.50,4104.74,2066
10-07-2026 16:30,4104.68,4107.98,4104.39,4106.24,2246
10-07-2026 16:45,4106.23,4108.12,4099.98,4100.11,2164
10-07-2026 17:00,4100.07,4107.38,4096.00,4106.59,2751
10-07-2026 17:15,4106.68,4107.93,4102.00,4102.23,2524
10-07-2026 17:30,4102.24,4117.35,4100.94,4115.09,3083
10-07-2026 17:45,4114.90,4116.33,4103.37,4105.90,3355
10-07-2026 18:00,4105.88,4106.96,4097.51,4098.30,3436
10-07-2026 18:15,4098.04,4104.87,4097.82,4100.67,2776
10-07-2026 18:30,4100.66,4106.17,4098.65,4104.26,3417
10-07-2026 18:45,4104.30,4106.60,4085.46,4087.24,3337
10-07-2026 19:00,4087.27,4102.58,4086.88,4098.34,3997
10-07-2026 19:15,4098.47,4105.49,4097.26,4099.82,3743
10-07-2026 19:30,4099.84,4103.49,4097.54,4100.05,3718
10-07-2026 19:45,4100.08,4109.16,4097.52,4105.55,3711
10-07-2026 20:00,4105.56,4108.00,4072.75,4099.11,4111
10-07-2026 20:15,4098.99,4107.49,4091.51,4092.69,3877
10-07-2026 20:30,4093.16,4100.91,4091.22,4097.43,3729
10-07-2026 20:45,4097.46,4107.47,4097.36,4101.94,3601
10-07-2026 21:00,4102.12,4106.80,4101.35,4106.23,3728
10-07-2026 21:15,4106.35,4113.44,4105.54,4112.93,3207
10-07-2026 21:30,4113.06,4114.86,4108.08,4110.06,3101
10-07-2026 21:45,4110.25,4114.45,4107.27,4114.34,2894
10-07-2026 22:00,4114.34,4115.36,4108.94,4109.02,2479
10-07-2026 22:15,4109.06,4109.65,4104.30,4104.42,2788
10-07-2026 22:30,4104.34,4105.45,4102.21,4103.82,2981
10-07-2026 22:45,4103.80,4106.76,4103.68,4105.48,2759
10-07-2026 23:00,4105.51,4106.74,4103.22,4103.80,2412
10-07-2026 23:15,4103.95,4105.17,4100.40,4100.70,2201
10-07-2026 23:30,4100.66,4105.03,4100.00,4104.71,2376
10-07-2026 23:45,4104.72,4105.41,4102.11,4102.92,2204
11-07-2026 00:00,4103.13,4103.78,4098.59,4098.90,2250
11-07-2026 00:15,4098.89,4101.78,4097.86,4101.21,1989
11-07-2026 00:30,4101.16,4102.41,4097.77,4101.59,2178
11-07-2026 00:45,4101.57,4103.31,4101.22,4101.78,1664
11-07-2026 01:00,4101.78,4103.28,4100.16,4102.22,1933
11-07-2026 01:15,4102.21,4108.63,4102.05,4108.12,2277
11-07-2026 01:30,4107.98,4114.78,4107.97,4111.86,1309
11-07-2026 01:45,4111.74,4112.47,4110.30,4111.01,1045
11-07-2026 02:00,4111.03,4112.24,4109.97,4111.48,1097
11-07-2026 02:15,4111.50,4120.53,4110.91,4118.71,1286
13-07-2026 03:30,4097.39,4101.74,4080.38,4081.01,2721
13-07-2026 03:45,4081.11,4087.74,4079.89,4084.12,2877
13-07-2026 04:00,4084.10,4086.48,4077.86,4078.31,2524
13-07-2026 04:15,4078.31,4080.63,4069.84,4076.38,2643
13-07-2026 04:30,4076.37,4076.58,4068.42,4070.20,2782
13-07-2026 04:45,4070.19,4075.28,4068.68,4074.62,2149
13-07-2026 05:00,4074.63,4079.30,4071.62,4077.79,2175
13-07-2026 05:15,4077.81,4084.71,4075.71,4084.52,3401
13-07-2026 05:30,4085.20,4091.01,4080.80,4086.79,3701
13-07-2026 05:45,4086.76,4087.84,4074.24,4074.57,3460
13-07-2026 06:00,4074.54,4075.23,4061.11,4073.12,3543
13-07-2026 06:15,4073.17,4077.32,4068.54,4073.96,3497
13-07-2026 06:30,4074.09,4081.00,4065.33,4079.43,3969
13-07-2026 06:45,4079.44,4081.90,4071.02,4079.72,3984
13-07-2026 07:00,4079.78,4089.64,4077.62,4084.44,3786
13-07-2026 07:15,4084.47,4087.96,4067.68,4072.16,3855
13-07-2026 07:30,4072.56,4074.87,4069.94,4072.21,3863
13-07-2026 07:45,4072.09,4074.27,4066.50,4067.13,3353
13-07-2026 08:00,4067.12,4077.41,4064.76,4072.68,3569
13-07-2026 08:15,4072.64,4072.93,4068.32,4068.61,3426
13-07-2026 08:30,4068.55,4069.32,4052.94,4058.01,3548
13-07-2026 08:45,4058.07,4062.59,4057.95,4062.00,3248
13-07-2026 09:00,4061.98,4062.52,4057.19,4057.98,2806
13-07-2026 09:15,4058.03,4061.18,4057.66,4060.43,2381
13-07-2026 09:30,4060.39,4060.41,4052.37,4054.54,2814
13-07-2026 09:45,4054.53,4058.08,4050.22,4055.43,2731
13-07-2026 10:00,4055.44,4057.67,4053.08,4054.07,2455
13-07-2026 10:15,4054.08,4059.13,4052.61,4058.79,2302
13-07-2026 10:30,4058.82,4072.99,4054.78,4069.46,3368
13-07-2026 10:45,4069.45,4069.48,4057.25,4057.83,3157
13-07-2026 11:00,4057.92,4065.53,4052.22,4063.49,3746
13-07-2026 11:15,4063.50,4064.11,4052.65,4053.58,3539
13-07-2026 11:30,4053.51,4056.13,4043.72,4050.70,3748
13-07-2026 11:45,4050.73,4061.20,4050.56,4061.08,3551
13-07-2026 12:00,4061.10,4063.53,4058.59,4060.16,3468
13-07-2026 12:15,4060.17,4060.49,4052.02,4055.54,3256
13-07-2026 12:30,4055.81,4061.17,4048.83,4055.44,3605
13-07-2026 12:45,4055.46,4059.19,4055.46,4058.80,3172
13-07-2026 13:00,4058.79,4062.98,4056.13,4057.28,3175
13-07-2026 13:15,4057.30,4065.02,4055.76,4064.35,3081
13-07-2026 13:30,4064.65,4074.96,4062.86,4073.88,3737
13-07-2026 13:45,4073.90,4080.67,4073.58,4074.04,3606
13-07-2026 14:00,4074.04,4076.18,4071.62,4075.44,3204
13-07-2026 14:15,4075.41,4078.43,4072.21,4074.51,3078
13-07-2026 14:30,4074.52,4076.13,4072.63,4074.50,2874
13-07-2026 14:45,4074.45,4076.58,4071.35,4072.62,2882
13-07-2026 15:00,4072.58,4073.82,4069.36,4072.60,3025
13-07-2026 15:15,4072.57,4073.54,4068.15,4068.19,2728
13-07-2026 15:30,4068.22,4070.51,4066.59,4067.58,2918
13-07-2026 15:45,4067.42,4069.49,4064.35,4065.12,2728
13-07-2026 16:00,4065.08,4068.21,4046.88,4052.06,2992
13-07-2026 16:15,4051.69,4061.45,4048.05,4060.52,3342
13-07-2026 16:30,4060.49,4068.01,4058.09,4064.04,3431
13-07-2026 16:45,4064.02,4065.09,4058.20,4062.83,3102
13-07-2026 17:00,4062.47,4068.25,4062.02,4065.24,3233
13-07-2026 17:15,4065.44,4065.72,4054.95,4056.36,3223
13-07-2026 17:30,4056.36,4060.37,4053.56,4056.25,3429
13-07-2026 17:45,4056.19,4063.71,4055.35,4059.12,3423
13-07-2026 18:00,4058.94,4063.99,4058.82,4062.74,3372
13-07-2026 18:15,4062.91,4067.36,4062.76,4067.29,3370
13-07-2026 18:30,4067.35,4067.59,4059.21,4061.78,3783
13-07-2026 18:45,4061.74,4065.90,4058.53,4062.19,3644
13-07-2026 19:00,4062.19,4063.92,4051.52,4054.82,4135
13-07-2026 19:15,4054.81,4058.19,4042.04,4043.20,4154
13-07-2026 19:30,4043.15,4046.85,4029.82,4035.84,4103
13-07-2026 19:45,4035.82,4037.19,4002.53,4016.83,4228
13-07-2026 20:00,4016.47,4016.71,4000.27,4005.47,4126
13-07-2026 20:15,4005.37,4015.29,4002.19,4015.29,3986
13-07-2026 20:30,4015.21,4017.64,4010.72,4014.74,3891
13-07-2026 20:45,4014.83,4020.09,4013.12,4016.48,3822
13-07-2026 21:00,4016.66,4017.67,4012.24,4013.35,3689
13-07-2026 21:15,4013.32,4016.00,4010.15,4016.00,3684
13-07-2026 21:30,4016.02,4017.90,4012.53,4013.92,3526
13-07-2026 21:45,4013.86,4013.92,4000.47,4003.77,3714
13-07-2026 22:00,4003.76,4004.52,3990.76,4000.85,4092
13-07-2026 22:15,4000.82,4002.79,3986.54,3993.22,3923
13-07-2026 22:30,3993.20,3998.95,3992.05,3997.50,3672
13-07-2026 22:45,3997.47,4001.80,3996.68,3998.82,3570
13-07-2026 23:00,3998.85,4000.81,3996.11,3996.89,3584
13-07-2026 23:15,3996.85,3999.30,3992.05,3993.14,3544
13-07-2026 23:30,3993.17,3995.08,3989.89,3993.75,3664
13-07-2026 23:45,3993.74,3996.78,3986.54,3995.23,3610
14-07-2026 00:00,3995.18,4000.66,3993.97,4000.08,3474
14-07-2026 00:15,4000.09,4005.04,3998.18,4001.41,3365
14-07-2026 00:30,4001.81,4004.48,3997.80,3997.97,3507
14-07-2026 00:45,3998.00,4000.80,3996.78,3998.27,3264
14-07-2026 01:00,3998.25,4001.00,3993.45,3999.11,3429
14-07-2026 01:15,3998.95,4002.27,3996.85,4001.94,3382
14-07-2026 01:30,4002.00,4006.11,3998.42,3998.75,2173
14-07-2026 01:45,3998.72,4000.19,3996.75,3999.79,1779
14-07-2026 02:00,3999.78,4000.41,3997.30,4000.05,1660
14-07-2026 02:15,4000.00,4001.79,3997.63,4000.61,1634
14-07-2026 03:30,4005.41,4005.41,4000.93,4003.60,1099
14-07-2026 03:45,4003.64,4005.55,4003.64,4004.02,1246
14-07-2026 04:00,4003.96,4005.38,4002.72,4003.68,1500
14-07-2026 04:15,4003.70,4004.90,4000.78,4000.85,1804
14-07-2026 04:30,4000.88,4003.18,3999.63,4000.28,1999
14-07-2026 04:45,4000.28,4000.59,3996.87,3997.39,1866
14-07-2026 05:00,3997.32,3997.39,3993.59,3995.38,2302
14-07-2026 05:15,3995.31,4001.85,3992.50,4001.04,2905
14-07-2026 05:30,4001.07,4004.73,3983.82,3995.42,3987
14-07-2026 05:45,3995.02,3996.75,3985.44,3995.11,3851
14-07-2026 06:00,3995.56,4007.04,3994.18,4002.98,3797
14-07-2026 06:15,4002.95,4007.24,4000.61,4004.09,3783
14-07-2026 06:30,4004.11,4004.11,3992.20,3994.98,4113
14-07-2026 06:45,3995.01,4004.67,3994.85,3997.84,3777
14-07-2026 07:00,3997.82,4004.04,3992.91,4001.97,3769
14-07-2026 07:15,4002.01,4012.01,3998.77,4010.50,3716
14-07-2026 07:30,4010.55,4017.79,4005.85,4016.56,3676
14-07-2026 07:45,4016.60,4018.93,4013.88,4017.77,3275
14-07-2026 08:00,4017.76,4018.97,4010.62,4010.90,3401
14-07-2026 08:15,4010.91,4013.53,4009.00,4011.98,3276
14-07-2026 08:30,4011.95,4016.38,4011.79,4013.80,3210
14-07-2026 08:45,4013.81,4018.88,4010.99,4017.88,3260
14-07-2026 09:00,4017.94,4018.98,4013.73,4015.31,3083
14-07-2026 09:15,4015.30,4018.05,4014.49,4016.87,2401
14-07-2026 09:30,4016.88,4018.76,4013.47,4015.60,2572
14-07-2026 09:45,4015.61,4017.27,4013.93,4015.62,2328
14-07-2026 10:00,4015.64,4023.57,4015.64,4020.42,2433
14-07-2026 10:15,4020.41,4021.23,4015.98,4020.26,2338
14-07-2026 10:30,4020.54,4024.07,4019.43,4023.02,2470
14-07-2026 10:45,4023.18,4024.05,4019.91,4022.73,2643
14-07-2026 11:00,4022.85,4034.07,4022.36,4032.06,3491
14-07-2026 11:15,4032.07,4032.48,4029.07,4031.26,3201
14-07-2026 11:30,4031.34,4033.13,4028.69,4030.87,3172
14-07-2026 11:45,4030.89,4031.06,4022.90,4022.90,2999
14-07-2026 12:00,4022.98,4026.30,4021.54,4025.15,3026
14-07-2026 12:15,4025.25,4026.65,4022.94,4023.85,2975
14-07-2026 12:30,4023.80,4028.94,4020.71,4024.76,3289
14-07-2026 12:45,4024.75,4029.80,4024.39,4026.30,3162
14-07-2026 13:00,4026.27,4029.53,4022.87,4023.56,3246
14-07-2026 13:15,4023.57,4026.05,4019.93,4020.64,3399
14-07-2026 13:30,4020.48,4022.41,4014.56,4017.23,3479
14-07-2026 13:45,4017.25,4022.99,4017.25,4021.63,3128
14-07-2026 14:00,4021.70,4023.80,4018.71,4019.44,3140
14-07-2026 14:15,4019.36,4020.86,4015.93,4015.97,3000
14-07-2026 14:30,4015.97,4024.45,4013.70,4020.53,3178
14-07-2026 14:45,4020.55,4021.75,4015.09,4015.77,3071
14-07-2026 15:00,4015.71,4018.33,4013.72,4017.38,2966
14-07-2026 15:15,4017.35,4023.85,4016.59,4021.62,3095
14-07-2026 15:30,4021.64,4022.15,4016.83,4018.17,2777
14-07-2026 15:45,4018.16,4019.99,4015.64,4017.71,2689
14-07-2026 16:00,4017.75,4020.06,4015.05,4018.98,3025
14-07-2026 16:15,4019.00,4022.59,4017.95,4021.34,2799
14-07-2026 16:30,4021.36,4023.94,4015.24,4022.95,3402
14-07-2026 16:45,4022.77,4028.31,4020.51,4024.89,3191
14-07-2026 17:00,4024.92,4030.26,4024.57,4027.97,3094
14-07-2026 17:15,4028.02,4031.84,4025.73,4031.13,3053
14-07-2026 17:30,4031.06,4035.78,4025.22,4025.88,3348
14-07-2026 17:45,4025.87,4030.84,4023.20,4029.85,3427
14-07-2026 18:00,4029.88,4102.90,4029.88,4092.62,4235
14-07-2026 18:15,4092.84,4095.21,4068.97,4076.18,4140
14-07-2026 18:30,4076.06,4083.33,4070.79,4075.00,4159
14-07-2026 18:45,4074.99,4086.22,4072.03,4081.36,4003
14-07-2026 19:00,4081.37,4088.50,4075.77,4087.49,4205
14-07-2026 19:15,4087.43,4087.43,4074.19,4076.47,4110
14-07-2026 19:30,4076.32,4085.14,4072.51,4082.18,4101
14-07-2026 19:45,4082.16,4085.02,4070.69,4076.83,4139
14-07-2026 20:00,4076.77,4090.31,4073.10,4079.98,4129
14-07-2026 20:15,4079.92,4087.48,4077.47,4085.13,3951
14-07-2026 20:30,4085.05,4100.54,4078.55,4090.05,4088
14-07-2026 20:45,4089.77,4090.95,4082.49,4084.81,3735
14-07-2026 21:00,4084.70,4086.84,4066.66,4074.08,3961
14-07-2026 21:15,4074.11,4076.55,4064.42,4066.14,3957
14-07-2026 21:30,4066.32,4066.85,4057.86,4062.96,3816
14-07-2026 21:45,4062.91,4064.96,4057.73,4059.35,3450
14-07-2026 22:00,4059.34,4062.73,4057.65,4060.91,3423
14-07-2026 22:15,4060.80,4062.16,4057.68,4061.46,3087
14-07-2026 22:30,4061.48,4064.55,4055.36,4056.60,3279
14-07-2026 22:45,4056.58,4064.00,4054.38,4062.82,3243
14-07-2026 23:00,4062.80,4064.99,4059.47,4059.71,2891
14-07-2026 23:15,4059.73,4063.76,4058.27,4062.73,2538
14-07-2026 23:30,4062.74,4062.80,4059.58,4061.58,2744
14-07-2026 23:45,4061.59,4063.04,4056.52,4058.44,2776
15-07-2026 00:00,4058.47,4059.47,4042.78,4046.44,3138
15-07-2026 00:15,4046.50,4054.72,4044.70,4054.07,3250
15-07-2026 00:30,4054.10,4057.21,4052.31,4056.54,2945
15-07-2026 00:45,4056.53,4056.94,4051.30,4051.58,2714
15-07-2026 01:00,4051.59,4052.85,4047.50,4052.48,2980
15-07-2026 01:15,4052.38,4056.84,4051.62,4055.67,2898
15-07-2026 01:30,4055.83,4056.54,4053.81,4053.83,1382
15-07-2026 01:45,4053.81,4054.54,4052.28,4052.98,1047
15-07-2026 02:00,4053.19,4053.56,4049.72,4050.57,1105
15-07-2026 02:15,4050.34,4052.65,4048.89,4052.44,1230
15-07-2026 03:30,4051.55,4052.75,4048.55,4050.32,1100
15-07-2026 03:45,4050.33,4051.66,4048.78,4051.28,1725
15-07-2026 04:00,4051.27,4052.59,4048.77,4050.36,1677
15-07-2026 04:15,4050.35,4050.55,4048.33,4048.74,1267
15-07-2026 04:30,4048.75,4050.17,4046.79,4047.53,1611
15-07-2026 04:45,4047.51,4053.87,4046.62,4053.82,1718
15-07-2026 05:00,4053.76,4056.12,4051.42,4054.59,2138
15-07-2026 05:15,4054.64,4054.95,4051.88,4052.88,2060
15-07-2026 05:30,4052.87,4056.01,4050.93,4051.16,3468
15-07-2026 05:45,4051.15,4058.12,4051.00,4058.11,3141
15-07-2026 06:00,4058.28,4058.49,4052.25,4054.62,2805
15-07-2026 06:15,4054.63,4060.79,4054.21,4058.96,2863
15-07-2026 06:30,4058.95,4062.11,4055.06,4055.62,3724
15-07-2026 06:45,4055.48,4057.21,4052.45,4054.39,3628
15-07-2026 07:00,4054.35,4054.66,4036.50,4038.76,3818
15-07-2026 07:15,4038.96,4042.46,4035.54,4037.27,3606
15-07-2026 07:30,4037.29,4042.24,4033.93,4036.59,3478
15-07-2026 07:45,4036.60,4036.84,4029.14,4033.04,2979
15-07-2026 08:00,4032.88,4041.82,4032.63,4041.61,3170
15-07-2026 08:15,4041.66,4041.91,4034.17,4035.23,2929
15-07-2026 08:30,4035.24,4040.34,4032.93,4034.05,3120
15-07-2026 08:45,4034.08,4035.46,4030.02,4030.95,3029
15-07-2026 09:00,4030.90,4035.69,4027.96,4029.29,2572
15-07-2026 09:15,4029.23,4033.45,4029.18,4031.11,2054
15-07-2026 09:30,4031.15,4033.17,4030.02,4031.47,2039
15-07-2026 09:45,4031.43,4035.05,4030.86,4033.59,1986
15-07-2026 10:00,4033.58,4035.01,4028.16,4030.17,2195
15-07-2026 10:15,4030.22,4034.28,4030.22,4033.08,1680
15-07-2026 10:30,4033.22,4035.97,4025.09,4026.04,2973
15-07-2026 10:45,4025.97,4028.50,4024.70,4025.01,2513
15-07-2026 11:00,4024.95,4036.47,4022.06,4029.64,3424
15-07-2026 11:15,4029.80,4034.65,4027.34,4034.65,3078
15-07-2026 11:30,4034.67,4035.46,4027.10,4027.57,3251
15-07-2026 11:45,4027.52,4028.57,4021.17,4026.38,3307
15-07-2026 12:00,4026.38,4033.07,4022.82,4032.46,3077
15-07-2026 12:15,4032.45,4033.69,4029.63,4032.03,3254
15-07-2026 12:30,4032.06,4034.27,4028.07,4029.28,3223
15-07-2026 12:45,4029.29,4029.87,4019.93,4024.45,3308
15-07-2026 13:00,4023.95,4027.10,4019.54,4022.78,3314
15-07-2026 13:15,4022.73,4026.65,4021.26,4024.38,2959
15-07-2026 13:30,4024.47,4025.94,4017.32,4017.76,3275
15-07-2026 13:45,4017.78,4026.70,4017.78,4026.61,3317
15-07-2026 14:00,4026.62,4029.14,4024.52,4028.47,3114
15-07-2026 14:15,4028.45,4033.07,4027.59,4031.03,2821
15-07-2026 14:30,4031.31,4034.15,4029.47,4030.27,3136
15-07-2026 14:45,4030.28,4032.82,4026.94,4027.36,2737
15-07-2026 15:00,4027.33,4029.48,4025.47,4027.26,2823
15-07-2026 15:15,4027.27,4030.32,4026.08,4030.16,2814
15-07-2026 15:30,4030.25,4036.13,4028.65,4033.72,2974
15-07-2026 15:45,4033.63,4035.41,4026.50,4028.79,3062
15-07-2026 16:00,4028.77,4033.99,4028.32,4031.15,2737
15-07-2026 16:15,4031.06,4031.18,4027.02,4028.07,2729
15-07-2026 16:30,4028.02,4032.81,4027.74,4030.29,3008
15-07-2026 16:45,4030.25,4031.19,4027.58,4030.69,2995
15-07-2026 17:00,4030.70,4039.49,4029.22,4037.36,2998
15-07-2026 17:15,4037.43,4040.17,4035.50,4038.29,3182
15-07-2026 17:30,4038.33,4042.51,4035.90,4037.86,3434
15-07-2026 17:45,4037.95,4040.86,4037.50,4039.69,3623
15-07-2026 18:00,4039.48,4066.11,4039.36,4063.06,4062
15-07-2026 18:15,4062.99,4071.43,4061.00,4067.77,3774
15-07-2026 18:30,4068.18,4074.11,4061.65,4061.74,3996
15-07-2026 18:45,4061.55,4066.53,4054.21,4055.90,3626
15-07-2026 19:00,4055.84,4063.23,4055.66,4061.17,3953
15-07-2026 19:15,4061.16,4066.25,4054.81,4061.52,4025
15-07-2026 19:30,4061.56,4065.50,4059.93,4064.16,3938
15-07-2026 19:45,4064.28,4065.86,4055.41,4058.17,3978
15-07-2026 20:00,4058.36,4063.92,4056.92,4057.18,3997
15-07-2026 20:15,4057.15,4060.90,4053.15,4060.33,3976
15-07-2026 20:30,4060.58,4062.75,4043.07,4044.04,3981
15-07-2026 20:45,4043.99,4049.73,4039.56,4048.95,4059
15-07-2026 21:00,4049.40,4050.42,4044.73,4049.49,3881
15-07-2026 21:15,4049.47,4050.73,4046.28,4046.77,3624
15-07-2026 21:30,4046.79,4047.78,4037.27,4038.27,3800
15-07-2026 21:45,4038.26,4040.62,4032.90,4034.70,3947
15-07-2026 22:00,4034.68,4036.88,4026.77,4028.59,3885
15-07-2026 22:15,4028.60,4037.96,4027.64,4033.64,3862
15-07-2026 22:30,4033.93,4039.09,4032.90,4035.85,3527
15-07-2026 22:45,4035.66,4048.12,4033.10,4047.45,3366
15-07-2026 23:00,4047.44,4062.95,4047.04,4062.21,3762
15-07-2026 23:15,4062.24,4065.99,4060.25,4062.13,3612
15-07-2026 23:30,4062.17,4070.45,4061.69,4067.81,3574
15-07-2026 23:45,4067.78,4075.31,4066.63,4074.10,3606
16-07-2026 00:00,4074.33,4081.04,4067.60,4067.60,3513
16-07-2026 00:15,4067.57,4068.51,4057.72,4059.09,3508
16-07-2026 00:30,4058.98,4062.82,4057.22,4060.86,3367
16-07-2026 00:45,4060.84,4061.33,4052.82,4055.98,3145
16-07-2026 01:00,4056.22,4057.50,4047.70,4050.99,3597
16-07-2026 01:15,4050.95,4057.05,4050.58,4056.85,3313
16-07-2026 01:30,4056.79,4058.31,4055.09,4057.39,1843
16-07-2026 01:45,4057.46,4062.03,4057.19,4061.22,1308
16-07-2026 02:00,4061.37,4063.04,4060.25,4061.45,1166
16-07-2026 02:15,4061.21,4062.31,4059.24,4059.86,1116
16-07-2026 03:30,4063.84,4064.62,4060.39,4063.18,1132
16-07-2026 03:45,4063.11,4063.74,4060.96,4061.78,1458
16-07-2026 04:00,4061.82,4062.14,4058.89,4059.88,1469
16-07-2026 04:15,4059.86,4061.20,4058.06,4059.43,1414
16-07-2026 04:30,4059.32,4062.02,4058.84,4060.25,1708
16-07-2026 04:45,4060.21,4060.34,4056.94,4057.61,1644
16-07-2026 05:00,4057.62,4059.48,4055.82,4057.87,1697
16-07-2026 05:15,4057.88,4061.01,4056.30,4058.01,2448
16-07-2026 05:30,4058.27,4059.61,4054.78,4056.28,3102
16-07-2026 05:45,4056.25,4060.28,4054.95,4058.27,2891
16-07-2026 06:00,4058.25,4060.91,4053.81,4054.98,2794
16-07-2026 06:15,4054.99,4061.04,4043.57,4044.49,3286
16-07-2026 06:30,4044.18,4050.36,4040.94,4045.11,3853
16-07-2026 06:45,4045.11,4045.24,4033.67,4036.72,3742
16-07-2026 07:00,4036.69,4045.91,4036.52,4041.85,3589
16-07-2026 07:15,4041.78,4043.48,4037.16,4038.99,3546
16-07-2026 07:30,4039.00,4040.05,4031.23,4032.49,3271
16-07-2026 07:45,4032.49,4034.93,4028.95,4034.54,2903
16-07-2026 08:00,4034.53,4035.70,4024.12,4027.85,3514
16-07-2026 08:15,4027.87,4032.54,4024.87,4031.40,3177
16-07-2026 08:30,4031.55,4033.02,4029.16,4029.76,3037
16-07-2026 08:45,4029.75,4033.94,4027.58,4033.86,3073
16-07-2026 09:00,4033.87,4036.20,4032.49,4035.32,2620
16-07-2026 09:15,4035.37,4036.63,4034.08,4036.17,2143
16-07-2026 09:30,4036.26,4038.00,4031.88,4036.86,2259
16-07-2026 09:45,4036.85,4036.88,4031.86,4033.86,1847
16-07-2026 10:00,4033.85,4035.33,4031.90,4032.54,1842
16-07-2026 10:15,4032.55,4035.25,4032.27,4033.16,1911
16-07-2026 10:30,4033.16,4033.94,4029.31,4030.80,2344
16-07-2026 10:45,4030.79,4032.97,4026.71,4027.71,2493
16-07-2026 11:00,4027.72,4033.10,4025.17,4032.42,3649
16-07-2026 11:15,4032.41,4032.84,4025.51,4027.25,3468
16-07-2026 11:30,4027.29,4036.50,4027.01,4032.11,3514
16-07-2026 11:45,4032.13,4032.82,4027.87,4030.39,3101
16-07-2026 12:00,4030.38,4030.69,4022.90,4026.90,3380
16-07-2026 12:15,4026.91,4031.42,4026.36,4030.60,3059
16-07-2026 12:30,4030.46,4030.65,4025.67,4026.32,3046
16-07-2026 12:45,4026.12,4026.90,4023.68,4024.46,3127
16-07-2026 13:00,4024.25,4028.32,4023.02,4026.07,2949
16-07-2026 13:15,4026.06,4031.82,4025.87,4030.72,3125
16-07-2026 13:30,4030.63,4034.02,4025.39,4025.75,3350
16-07-2026 13:45,4025.94,4033.63,4025.24,4032.25,3001
16-07-2026 14:00,4032.43,4035.59,4032.05,4033.56,2925
16-07-2026 14:15,4033.57,4036.46,4033.07,4035.24,2731
16-07-2026 14:30,4035.32,4037.42,4035.23,4036.90,2580
16-07-2026 14:45,4036.95,4037.69,4030.87,4033.24,2629
16-07-2026 15:00,4033.25,4034.98,4030.61,4034.28,2755
16-07-2026 15:15,4034.31,4036.19,4031.52,4031.65,2510
16-07-2026 15:30,4031.79,4032.75,4029.64,4031.76,2459
16-07-2026 15:45,4031.77,4034.70,4031.54,4033.23,2476
16-07-2026 16:00,4033.25,4034.52,4031.31,4033.00,2802
16-07-2026 16:15,4032.99,4033.40,4028.61,4029.49,2646
16-07-2026 16:30,4029.46,4030.24,4026.38,4027.97,2725
16-07-2026 16:45,4027.79,4027.85,4021.04,4024.37,2810
16-07-2026 17:00,4024.36,4035.97,4023.51,4034.88,3085
16-07-2026 17:15,4034.81,4042.27,4027.89,4038.33,3568
16-07-2026 17:30,4038.32,4043.38,4027.61,4031.75,3610
16-07-2026 17:45,4031.74,4032.18,4012.67,4024.98,3816
16-07-2026 18:00,4025.02,4029.66,4000.59,4002.71,3955
16-07-2026 18:15,4002.61,4008.74,3990.42,3992.28,3996
16-07-2026 18:30,3992.23,3996.92,3973.79,3992.18,4170
16-07-2026 18:45,3992.23,4006.16,3991.02,4005.49,3867
16-07-2026 19:00,4005.57,4008.38,3981.73,3986.28,4213
16-07-2026 19:15,3986.06,3996.99,3986.06,3990.11,4108
16-07-2026 19:30,3989.71,3997.32,3987.11,3989.00,4085
16-07-2026 19:45,3989.08,4000.60,3987.52,3999.34,4063
16-07-2026 20:00,3999.25,4004.82,3995.56,4004.71,3950
16-07-2026 20:15,4004.87,4006.65,3992.44,3997.76,3960
16-07-2026 20:30,3997.79,3998.60,3989.26,3992.79,3907
16-07-2026 20:45,3992.78,4016.85,3992.58,4011.28,3969
16-07-2026 21:00,4011.30,4016.19,4007.57,4010.30,3748
16-07-2026 21:15,4010.33,4013.06,4005.44,4006.97,3553
16-07-2026 21:30,4006.98,4007.62,3989.93,3989.93,3724
16-07-2026 21:45,3989.63,3991.58,3982.33,3987.48,3951
16-07-2026 22:00,3987.20,3992.32,3986.95,3991.75,3545
16-07-2026 22:15,3991.72,3996.91,3989.07,3992.08,3557
16-07-2026 22:30,3992.07,3992.96,3984.32,3985.72,3509
16-07-2026 22:45,3985.70,3988.59,3982.62,3987.56,3636
16-07-2026 23:00,3987.33,3988.66,3979.95,3981.49,3562
16-07-2026 23:15,3981.56,3987.58,3981.00,3984.50,3253
16-07-2026 23:30,3984.62,3989.28,3983.42,3985.18,3404
16-07-2026 23:45,3985.17,3990.46,3984.34,3986.38,3354
17-07-2026 00:00,3986.22,3986.35,3976.28,3983.03,3632
17-07-2026 00:15,3983.00,3984.81,3979.40,3980.27,3082
17-07-2026 00:30,3980.28,3985.98,3979.01,3980.41,3211
17-07-2026 00:45,3980.40,3984.01,3978.53,3978.79,2993
17-07-2026 01:00,3978.76,3979.51,3969.30,3975.68,3501
17-07-2026 01:15,3975.60,3982.32,3972.86,3979.95,3510
17-07-2026 01:30,3979.89,3980.02,3974.42,3974.98,1775
17-07-2026 01:45,3974.86,3975.33,3971.99,3974.86,1263
17-07-2026 02:00,3975.03,3976.34,3973.53,3974.47,1316
17-07-2026 02:15,3974.43,3976.29,3973.84,3976.06,1277
17-07-2026 03:30,3977.03,3979.38,3975.70,3976.06,1127
17-07-2026 03:45,3976.07,3977.38,3974.44,3976.19,1302
17-07-2026 04:00,3976.18,3976.72,3973.33,3973.50,1476
17-07-2026 04:15,3973.55,3978.21,3973.02,3978.07,1430
17-07-2026 04:30,3978.04,3980.24,3975.13,3980.04,1706
17-07-2026 04:45,3980.05,3980.65,3977.63,3978.43,1502
17-07-2026 05:00,3978.42,3981.64,3975.36,3981.25,1738
17-07-2026 05:15,3981.23,3986.39,3976.53,3985.92,2939
17-07-2026 05:30,3986.12,3987.28,3983.16,3984.00,3399
17-07-2026 05:45,3983.84,3990.94,3983.82,3984.72,3251
17-07-2026 06:00,3984.73,3985.00,3980.60,3981.95,2908
17-07-2026 06:15,3981.92,3992.02,3981.52,3991.83,3297
17-07-2026 06:30,3991.94,3995.00,3987.23,3992.01,3914
17-07-2026 06:45,3992.02,3996.07,3987.94,3990.91,3591
17-07-2026 07:00,3990.94,3995.27,3988.86,3991.35,3664
17-07-2026 07:15,3991.23,3992.62,3979.14,3983.10,3728
17-07-2026 07:30,3983.14,3987.26,3979.69,3980.81,3520
17-07-2026 07:45,3980.83,3984.37,3980.27,3983.02,2829
17-07-2026 08:00,3982.76,3984.08,3970.48,3974.77,3691
17-07-2026 08:15,3974.86,3980.06,3974.30,3979.08,3541
17-07-2026 08:30,3978.81,3992.46,3978.69,3988.66,3624
17-07-2026 08:45,3988.68,4008.75,3988.58,4001.04,3630
17-07-2026 09:00,4001.07,4001.42,3995.91,3997.49,2825
17-07-2026 09:15,3997.48,3998.54,3990.56,3991.29,2653
17-07-2026 09:30,3991.06,3991.64,3987.27,3988.80,2702
17-07-2026 09:45,3988.84,3990.16,3985.18,3986.25,2631
17-07-2026 10:00,3986.22,3988.13,3979.93,3981.85,2917
17-07-2026 10:15,3981.90,3984.53,3980.22,3981.74,2449
17-07-2026 10:30,3981.55,3982.74,3977.06,3979.54,2985
17-07-2026 10:45,3979.23,3981.66,3975.10,3979.71,3045
17-07-2026 11:00,3979.75,3990.39,3978.38,3986.68,3856
17-07-2026 11:15,3986.65,3991.35,3981.77,3985.11,3612
17-07-2026 11:30,3985.10,4000.75,3985.10,3999.65,3805
17-07-2026 11:45,3999.65,4005.96,3997.80,4003.65,3570
17-07-2026 12:00,4003.74,4007.05,3995.63,3996.16,3490
17-07-2026 12:15,3996.15,4001.52,3995.92,3999.23,3192
17-07-2026 12:30,3999.22,4002.45,3993.22,3996.43,3529
17-07-2026 12:45,3996.46,3999.21,3993.97,3996.32,3239
17-07-2026 13:00,3996.30,3998.61,3994.05,3998.59,3247
17-07-2026 13:15,3998.36,3998.65,3992.64,3992.70,3049
17-07-2026 13:30,3992.64,3999.77,3991.39,3993.19,3483
17-07-2026 13:45,3993.17,3994.99,3988.08,3992.38,3629
17-07-2026 14:00,3992.37,3993.38,3987.79,3993.33,3217
17-07-2026 14:15,3993.34,3999.35,3991.63,3994.15,3032
17-07-2026 14:30,3994.09,3998.48,3992.74,3997.85,3455
17-07-2026 14:45,3997.85,4002.42,3995.53,3999.01,3119
17-07-2026 15:00,3999.08,3999.62,3995.18,3995.66,2977
17-07-2026 15:15,3995.83,3998.58,3994.64,3997.98,2745
17-07-2026 15:30,3998.00,3998.69,3994.78,3997.22,3143
17-07-2026 15:45,3997.21,3999.02,3994.30,3996.06,2850
17-07-2026 16:00,3995.94,3997.42,3993.89,3996.29,2624
17-07-2026 16:15,3996.34,3997.23,3990.46,3990.77,2539
17-07-2026 16:30,3990.74,3994.24,3990.24,3991.65,2899
17-07-2026 16:45,3991.46,3995.91,3989.89,3995.56,2972
17-07-2026 17:00,3995.63,3996.57,3991.37,3991.96,2816
17-07-2026 17:15,3991.97,3998.72,3991.36,3993.98,2876
17-07-2026 17:30,3994.01,3995.44,3988.29,3989.89,3155
17-07-2026 17:45,3990.15,3992.25,3984.24,3987.32,3056
17-07-2026 18:00,3987.29,3988.22,3965.41,3969.60,3345
17-07-2026 18:15,3969.58,3973.32,3964.13,3966.03,3665
17-07-2026 18:30,3966.06,3975.83,3959.51,3969.97,3983
17-07-2026 18:45,3969.06,3974.89,3967.07,3968.14,3891
17-07-2026 19:00,3968.32,4003.81,3963.62,3984.98,4219
17-07-2026 19:15,3985.13,3997.32,3981.27,3997.05,4107
17-07-2026 19:30,3997.15,4000.62,3990.15,3994.55,4179
17-07-2026 19:45,3995.20,4004.40,3993.65,3998.56,4137
17-07-2026 20:00,3998.50,3999.51,3992.07,3997.63,4004
17-07-2026 20:15,3997.61,4001.30,3992.85,4001.15,3922
17-07-2026 20:30,4001.19,4013.92,3997.83,4005.89,4021
17-07-2026 20:45,4005.88,4013.01,4004.55,4012.99,3966
17-07-2026 21:00,4013.20,4016.25,4008.97,4015.22,3883
17-07-2026 21:15,4015.27,4021.11,4013.70,4018.98,3721
17-07-2026 21:30,4019.32,4020.33,4010.82,4017.93,3888
17-07-2026 21:45,4017.75,4023.72,4016.61,4018.59,3615
17-07-2026 22:00,4018.61,4019.19,4012.70,4017.35,3387
17-07-2026 22:15,4017.38,4020.52,4014.48,4014.79,3165
17-07-2026 22:30,4014.89,4019.15,4013.23,4013.32,3221
17-07-2026 22:45,4013.23,4015.85,4012.40,4013.78,3128
17-07-2026 23:00,4013.61,4014.44,4009.59,4010.88,3077
17-07-2026 23:15,4010.89,4013.16,4008.33,4009.94,3074
17-07-2026 23:30,4010.08,4012.84,4007.57,4010.32,3248
17-07-2026 23:45,4010.32,4016.03,4008.88,4015.33,3331
18-07-2026 00:00,4015.13,4016.06,4007.14,4008.10,3057
18-07-2026 00:15,4008.09,4012.18,4006.52,4011.23,2811
18-07-2026 00:30,4011.20,4011.38,4004.32,4005.84,2879
18-07-2026 00:45,4005.72,4006.51,4002.30,4005.23,2940
18-07-2026 01:00,4005.25,4009.66,4004.55,4009.50,3054
18-07-2026 01:15,4009.59,4016.04,4008.93,4014.93,3284
18-07-2026 01:30,4015.03,4015.39,4011.61,4011.68,1827
18-07-2026 01:45,4011.67,4012.12,4008.47,4010.54,1307
18-07-2026 02:00,4010.54,4013.37,4008.27,4013.00,1366
18-07-2026 02:15,4013.02,4018.07,4012.59,4016.47,1615
20-07-2026 03:30,4000.36,4009.80,3994.43,3996.22,2443
20-07-2026 03:45,3996.23,4000.03,3994.43,3994.61,2521
20-07-2026 04:00,3994.53,3999.11,3993.24,3996.71,2508
20-07-2026 04:15,3996.72,3998.28,3994.51,3994.66,1956
20-07-2026 04:30,3994.79,3995.51,3990.69,3991.02,2417
20-07-2026 04:45,3991.02,3993.86,3990.33,3993.12,1957
20-07-2026 05:00,3993.10,3994.49,3989.74,3992.33,2124
20-07-2026 05:15,3992.34,3996.09,3989.29,3995.42,2900
20-07-2026 05:30,3995.41,3998.76,3982.53,3996.01,3529
20-07-2026 05:45,3995.95,4005.47,3993.75,4003.73,3575
20-07-2026 06:00,4003.71,4007.19,3998.42,3998.64,3349
20-07-2026 06:15,3998.62,4010.08,3998.48,4008.48,3195
20-07-2026 06:30,4008.50,4021.00,4005.73,4010.06,4000
20-07-2026 06:45,4010.02,4010.27,3999.68,4003.02,3834
20-07-2026 07:00,4002.97,4005.67,3995.57,3996.94,3778
20-07-2026 07:15,3997.19,4004.31,3996.93,4002.09,3643
20-07-2026 07:30,4002.06,4009.86,4001.23,4006.19,3788
20-07-2026 07:45,4006.20,4008.68,4003.98,4006.76,3066
20-07-2026 08:00,4006.77,4016.11,4005.94,4014.75,3766
20-07-2026 08:15,4014.84,4028.55,4013.91,4021.78,3645
20-07-2026 08:30,4021.77,4024.41,4018.48,4024.00,3551
20-07-2026 08:45,4023.84,4026.78,4021.49,4022.06,3493
20-07-2026 09:00,4022.10,4027.86,4018.63,4027.02,2882
20-07-2026 09:15,4027.14,4027.72,4022.67,4024.01,2597
20-07-2026 09:30,4024.02,4026.66,4021.35,4021.44,2442
20-07-2026 09:45,4021.41,4025.35,4021.31,4025.23,2287
20-07-2026 10:00,4025.22,4025.31,4022.12,4022.94,2411
20-07-2026 10:15,4022.95,4022.95,4018.45,4018.79,2369
20-07-2026 10:30,4018.91,4021.06,4011.74,4013.86,2628
20-07-2026 10:45,4013.71,4014.77,4009.89,4010.87,2690
20-07-2026 11:00,4010.47,4014.45,4007.92,4009.83,3625
20-07-2026 11:15,4009.84,4010.72,4005.32,4008.63,3390
20-07-2026 11:30,4008.64,4011.74,4006.78,4007.39,3296
20-07-2026 11:45,4007.38,4009.48,4003.67,4004.75,3301
20-07-2026 12:00,4004.76,4006.47,4002.88,4004.82,3289
20-07-2026 12:15,4004.81,4007.51,4003.20,4003.81,2973
20-07-2026 12:30,4004.08,4006.82,4002.11,4004.23,2977
20-07-2026 12:45,4004.20,4008.69,4002.27,4006.70,3125
20-07-2026 13:00,4006.62,4020.99,4006.50,4020.97,3692
20-07-2026 13:15,4020.96,4021.79,4015.72,4017.20,3233
20-07-2026 13:30,4017.19,4025.45,4017.19,4023.92,3197
20-07-2026 13:45,4023.93,4030.53,4021.73,4021.83,3228
20-07-2026 14:00,4021.80,4024.81,4018.94,4021.75,2896
20-07-2026 14:15,4021.75,4022.68,4017.48,4018.92,2766
20-07-2026 14:30,4018.68,4020.98,4015.20,4019.31,2802
20-07-2026 14:45,4019.31,4022.02,4015.52,4016.33,2907
20-07-2026 15:00,4016.36,4020.87,4014.87,4019.12,2735
20-07-2026 15:15,4019.12,4023.19,4017.41,4021.12,2633
20-07-2026 15:30,4021.27,4021.69,4018.12,4020.67,2413
20-07-2026 15:45,4020.68,4023.32,4018.75,4021.80,2375
20-07-2026 16:00,4021.78,4024.13,4021.08,4022.12,2312
20-07-2026 16:15,4022.11,4025.54,4020.84,4024.05,2439
20-07-2026 16:30,4024.05,4027.46,4019.74,4021.99,2980
20-07-2026 16:45,4021.98,4023.90,4019.87,4022.14,2635
20-07-2026 17:00,4022.17,4040.62,4021.45,4032.42,3928
20-07-2026 17:15,4032.42,4032.42,4024.98,4025.15,3349
20-07-2026 17:30,4025.12,4025.12,4011.42,4012.72,3691
20-07-2026 17:45,4012.59,4014.67,4006.79,4012.82,3445
20-07-2026 18:00,4012.81,4014.66,4006.39,4010.09,3296
20-07-2026 18:15,4010.06,4015.60,4007.95,4008.14,3306
20-07-2026 18:30,4007.98,4013.77,4007.62,4008.71,3465
20-07-2026 18:45,4008.63,4012.55,4006.96,4008.54,3401
20-07-2026 19:00,4008.72,4017.33,4008.17,4012.95,3856
20-07-2026 19:15,4012.95,4013.35,4005.53,4005.70,3781
20-07-2026 19:30,4005.51,4007.77,3998.21,3998.74,3801
20-07-2026 19:45,3998.79,4006.70,3998.29,4006.62,3573
20-07-2026 20:00,4006.67,4010.84,4005.97,4007.24,3431
20-07-2026 20:15,4007.26,4013.29,4004.95,4006.08,3498
20-07-2026 20:30,4006.08,4019.36,4004.38,4014.29,3700
20-07-2026 20:45,4014.17,4016.52,4010.96,4016.34,3354
20-07-2026 21:00,4016.34,4016.68,4010.18,4012.60,3346
20-07-2026 21:15,4012.66,4016.35,4011.75,4011.82,3127
20-07-2026 21:30,4011.76,4018.28,4011.16,4013.64,3069
20-07-2026 21:45,4013.63,4014.30,4010.69,4012.45,2854
20-07-2026 22:00,4012.50,4012.64,4001.44,4009.52,3194
20-07-2026 22:15,4009.50,4010.45,4007.05,4009.73,3066
20-07-2026 22:30,4009.73,4012.24,4009.46,4009.93,2731
20-07-2026 22:45,4009.99,4012.95,4008.63,4012.01,2887
20-07-2026 23:00,4012.05,4012.91,4007.63,4007.93,2679
20-07-2026 23:15,4007.92,4007.93,4003.67,4005.12,2861
20-07-2026 23:30,4005.18,4010.70,4005.18,4008.68,2686
20-07-2026 23:45,4008.69,4011.71,4003.25,4006.63,2945
21-07-2026 00:00,4006.59,4007.42,4004.19,4006.39,2773
21-07-2026 00:15,4006.28,4008.65,4005.30,4007.27,2735
21-07-2026 00:30,4007.28,4007.99,4004.31,4004.55,2708
21-07-2026 00:45,4004.55,4012.80,4004.24,4012.80,2653
21-07-2026 01:00,4012.78,4017.63,4005.19,4005.69,3110
21-07-2026 01:15,4005.66,4009.84,4005.54,4006.85,2798
21-07-2026 01:30,4006.86,4009.30,4005.71,4007.67,1684
21-07-2026 01:45,4007.67,4009.09,4007.09,4008.18,1038
21-07-2026 02:00,4008.17,4009.52,4007.37,4008.75,1096
21-07-2026 02:15,4008.71,4008.71,4006.85,4007.25,1083
21-07-2026 03:30,4009.00,4009.18,4005.19,4006.53,1361
21-07-2026 03:45,4006.53,4010.14,4004.65,4009.37,1799
21-07-2026 04:00,4009.37,4009.40,4002.73,4004.02,1889
21-07-2026 04:15,4003.99,4008.20,3999.46,4000.25,2309
21-07-2026 04:30,4000.43,4009.70,4000.31,4003.13,2406
21-07-2026 04:45,4003.13,4007.19,4003.05,4003.51,1913
21-07-2026 05:00,4003.36,4008.43,4003.31,4007.54,1664
21-07-2026 05:15,4007.54,4010.39,4004.13,4009.83,2356
21-07-2026 05:30,4009.83,4012.65,4003.72,4010.53,3448
21-07-2026 05:45,4010.53,4018.53,4007.77,4014.99,3219
21-07-2026 06:00,4014.90,4023.73,4014.24,4022.32,2958
21-07-2026 06:15,4022.30,4027.05,4021.85,4024.75,3094
21-07-2026 06:30,4024.87,4029.91,4018.47,4028.78,3527
21-07-2026 06:45,4028.85,4035.74,4026.19,4028.08,3454
21-07-2026 07:00,4028.08,4030.77,4023.10,4024.37,3315
21-07-2026 07:15,4024.39,4028.17,4021.40,4023.12,3236
21-07-2026 07:30,4023.14,4026.62,4021.99,4024.42,3033
21-07-2026 07:45,4024.37,4029.78,4021.95,4028.72,2746
21-07-2026 08:00,4028.72,4045.29,4027.96,4035.80,3518
21-07-2026 08:15,4035.79,4038.27,4031.01,4037.91,3110
21-07-2026 08:30,4037.84,4042.20,4037.57,4038.05,3096
21-07-2026 08:45,4038.01,4050.89,4036.67,4047.40,3146
21-07-2026 09:00,4047.40,4049.54,4041.74,4041.76,2497
21-07-2026 09:15,4041.75,4047.38,4041.75,4046.89,2431
21-07-2026 09:30,4046.93,4051.77,4045.65,4045.88,2604
21-07-2026 09:45,4045.92,4046.84,4043.65,4044.57,2016
21-07-2026 10:00,4044.62,4047.67,4044.25,4047.02,2104
21-07-2026 10:15,4047.08,4049.50,4045.35,4049.46,1976
21-07-2026 10:30,4049.46,4051.73,4046.39,4051.46,2445
21-07-2026 10:45,4051.49,4056.34,4048.09,4054.44,2554
21-07-2026 11:00,4054.44,4066.37,4054.44,4065.85,3293
21-07-2026 11:15,4066.17,4067.79,4061.15,4061.33,3071
21-07-2026 11:30,4061.26,4072.39,4061.26,4071.32,3203
21-07-2026 11:45,4071.33,4074.56,4068.24,4072.36,3191
21-07-2026 12:00,4072.80,4080.77,4071.80,4077.04,3289
21-07-2026 12:15,4077.04,4084.12,4077.04,4078.45,3211
21-07-2026 12:30,4078.56,4080.13,4071.70,4072.09,3483
21-07-2026 12:45,4072.08,4073.33,4068.15,4069.52,2668
21-07-2026 13:00,4069.50,4075.32,4067.62,4071.39,2691
21-07-2026 13:15,4071.43,4072.50,4069.74,4071.25,2544
21-07-2026 13:30,4071.47,4072.47,4065.52,4067.92,2970
21-07-2026 13:45,4067.91,4068.56,4062.94,4063.33,2827
21-07-2026 14:00,4063.57,4065.03,4060.88,4062.20,2748
21-07-2026 14:15,4062.28,4063.72,4059.12,4062.79,2518
21-07-2026 14:30,4062.82,4066.68,4062.82,4065.08,2476
21-07-2026 14:45,4065.09,4068.55,4062.63,4062.81,2751
21-07-2026 15:00,4062.78,4065.52,4061.02,4062.33,2541
21-07-2026 15:15,4062.33,4069.56,4062.08,4065.91,2596
21-07-2026 15:30,4065.90,4068.42,4060.79,4066.29,2867
21-07-2026 15:45,4066.30,4069.30,4064.93,4066.71,2865
21-07-2026 16:00,4066.71,4070.10,4066.54,4067.05,2649
21-07-2026 16:15,4067.07,4068.48,4062.34,4062.86,2669
21-07-2026 16:30,4062.93,4063.68,4055.46,4058.50,3001
21-07-2026 16:45,4058.50,4059.89,4056.21,4057.95,2591
21-07-2026 17:00,4058.08,4061.05,4055.26,4055.97,2605
21-07-2026 17:15,4055.84,4058.46,4054.17,4055.90,2393
21-07-2026 17:30,4056.04,4060.93,4055.84,4059.37,2949
21-07-2026 17:45,4059.36,4065.62,4055.72,4061.49,3116
21-07-2026 18:00,4061.70,4063.68,4051.09,4053.87,3248
21-07-2026 18:15,4053.86,4062.05,4052.75,4054.02,3174
21-07-2026 18:30,4053.94,4060.35,4053.94,4059.68,3506
21-07-2026 18:45,4059.69,4061.62,4050.25,4050.99,3464
21-07-2026 19:00,4050.89,4057.30,4044.76,4046.42,3902
21-07-2026 19:15,4046.35,4053.44,4044.39,4052.99,3756
21-07-2026 19:30,4053.05,4065.81,4051.75,4065.78,3769
21-07-2026 19:45,4065.80,4069.30,4061.04,4069.30,3560
21-07-2026 20:00,4069.31,4073.66,4062.16,4067.42,3495
21-07-2026 20:15,4067.45,4070.64,4066.07,4068.32,3481
21-07-2026 20:30,4068.31,4073.78,4065.60,4073.22,3411
21-07-2026 20:45,4073.20,4079.02,4073.16,4076.76,3439
21-07-2026 21:00,4076.76,4083.34,4075.43,4075.84,3331
21-07-2026 21:15,4075.84,4078.18,4072.30,4074.06,2849
21-07-2026 21:30,4074.02,4079.05,4073.47,4078.37,2813
21-07-2026 21:45,4078.35,4078.47,4073.93,4075.59,2412
21-07-2026 22:00,4075.67,4076.41,4071.12,4071.90,2438
21-07-2026 22:15,4071.89,4073.25,4069.86,4071.59,2507
21-07-2026 22:30,4071.66,4072.47,4069.31,4070.41,2543
21-07-2026 22:45,4070.45,4072.73,4068.79,4072.14,2512
21-07-2026 23:00,4072.13,4072.19,4066.65,4068.05,2154
21-07-2026 23:15,4068.05,4068.49,4066.73,4068.49,1872
21-07-2026 23:30,4068.54,4072.18,4067.57,4071.39,2503
21-07-2026 23:45,4071.43,4087.42,4071.11,4083.78,2895
22-07-2026 00:00,4083.76,4085.71,4081.15,4082.37,2619
22-07-2026 00:15,4082.29,4083.31,4079.16,4082.17,2057
22-07-2026 00:30,4082.33,4085.41,4079.92,4080.75,2581
22-07-2026 00:45,4080.77,4085.17,4080.77,4083.98,2343
22-07-2026 01:00,4084.39,4085.17,4081.80,4083.28,2084
22-07-2026 01:15,4083.28,4085.45,4082.77,4084.39,2374
22-07-2026 01:30,4084.40,4086.39,4083.21,4084.25,1364
22-07-2026 01:45,4084.27,4084.48,4081.46,4082.63,815
22-07-2026 02:00,4082.63,4085.30,4080.39,4080.94,1207
22-07-2026 02:15,4080.83,4080.99,4076.19,4077.29,1345
22-07-2026 03:30,4079.65,4079.65,4076.38,4078.61,1228
22-07-2026 03:45,4078.60,4082.57,4077.81,4082.26,1679
22-07-2026 04:00,4082.44,4084.87,4082.39,4083.86,1582
22-07-2026 04:15,4083.81,4084.25,4078.02,4080.25,1889
22-07-2026 04:30,4080.25,4081.87,4079.42,4081.24,1368
22-07-2026 04:45,4081.25,4082.44,4080.86,4081.10,1145
22-07-2026 05:00,4081.10,4082.26,4079.22,4080.36,1345
22-07-2026 05:15,4080.37,4083.01,4079.17,4080.78,1805
22-07-2026 05:30,4080.56,4092.80,4076.78,4092.11,3311
22-07-2026 05:45,4092.14,4098.72,4092.13,4097.91,3173
22-07-2026 06:00,4097.96,4102.52,4089.65,4092.73,3124
22-07-2026 06:15,4092.70,4099.14,4091.52,4097.45,3162
22-07-2026 06:30,4097.66,4121.24,4096.72,4121.07,3871
22-07-2026 06:45,4121.17,4121.73,4111.63,4115.64,3505
22-07-2026 07:00,4115.64,4122.73,4112.86,4121.56,3611
22-07-2026 07:15,4121.55,4123.60,4117.33,4122.00,3364
22-07-2026 07:30,4122.01,4123.12,4118.85,4121.80,3252
22-07-2026 07:45,4121.80,4125.95,4119.86,4124.15,2915
22-07-2026 08:00,4124.17,4130.33,4122.18,4128.21,3404
22-07-2026 08:15,4128.18,4130.84,4126.16,4130.46,3163
22-07-2026 08:30,4130.60,4140.59,4129.24,4137.23,3224
22-07-2026 08:45,4137.20,4141.61,4136.69,4138.10,2959
22-07-2026 09:00,4138.13,4138.17,4132.32,4133.46,2510
22-07-2026 09:15,4133.46,4134.54,4130.02,4130.91,2466
22-07-2026 09:30,4130.90,4131.40,4126.20,4126.90,2500
22-07-2026 09:45,4126.90,4129.48,4126.87,4128.70,2118
22-07-2026 10:00,4128.70,4128.93,4124.70,4127.23,2255
22-07-2026 10:15,4127.31,4127.58,4125.15,4126.94,2158
22-07-2026 10:30,4126.98,4129.91,4125.86,4128.51,2431
22-07-2026 10:45,4128.47,4128.63,4122.97,4123.67,2531
22-07-2026 11:00,4123.65,4133.96,4122.91,4132.49,3414
22-07-2026 11:15,4132.43,4133.12,4127.94,4130.87,3040
22-07-2026 11:30,4130.84,4135.18,4129.36,4129.79,3077
22-07-2026 11:45,4129.79,4131.86,4113.97,4117.36,3251
22-07-2026 12:00,4117.61,4120.28,4114.80,4118.62,3177
22-07-2026 12:15,4118.72,4120.58,4113.39,4116.36,3130
22-07-2026 12:30,4116.45,4117.23,4111.89,4116.38,3185
22-07-2026 12:45,4116.38,4122.46,4115.93,4119.68,2910
22-07-2026 13:00,4119.52,4122.99,4110.82,4112.25,3152
22-07-2026 13:15,4112.25,4114.27,4109.22,4110.51,3253
22-07-2026 13:30,4111.30,4115.95,4110.47,4114.65,3280
22-07-2026 13:45,4114.73,4117.77,4113.42,4117.19,3113
22-07-2026 14:00,4117.29,4119.03,4114.14,4114.48,3014
22-07-2026 14:15,4114.63,4120.13,4113.25,4118.30,2927
22-07-2026 14:30,4118.51,4122.20,4117.68,4121.64,2840
22-07-2026 14:45,4121.64,4122.33,4117.70,4118.63,3019
22-07-2026 15:00,4118.63,4121.64,4114.16,4115.97,3097
22-07-2026 15:15,4115.97,4117.80,4113.20,4114.95,2865
22-07-2026 15:30,4114.96,4119.92,4114.67,4117.39,2796
22-07-2026 15:45,4117.38,4121.73,4116.46,4119.23,2771
22-07-2026 16:00,4119.24,4119.86,4115.84,4117.01,2536
22-07-2026 16:15,4116.98,4120.18,4116.11,4117.45,2540
22-07-2026 16:30,4117.44,4120.91,4115.16,4119.10,2621
22-07-2026 16:45,4119.10,4122.91,4117.44,4118.59,2496
22-07-2026 17:00,4118.57,4120.44,4112.52,4115.09,3017
22-07-2026 17:15,4115.10,4122.94,4114.65,4122.47,2911
22-07-2026 17:30,4122.68,4127.34,4121.69,4126.93,3138
22-07-2026 17:45,4126.98,4133.07,4124.77,4132.57,3298
22-07-2026 18:00,4132.53,4134.31,4124.66,4127.14,3262
22-07-2026 18:15,4127.12,4127.65,4106.51,4112.78,3367
22-07-2026 18:30,4112.89,4125.80,4112.81,4125.65,3439
22-07-2026 18:45,4125.65,4135.05,4124.90,4131.65,3354
22-07-2026 19:00,4131.75,4146.89,4131.75,4142.63,4034
22-07-2026 19:15,4142.64,4155.86,4142.38,4154.50,3902
22-07-2026 19:30,4154.50,4163.33,4153.36,4156.45,3874
22-07-2026 19:45,4156.47,4156.47,4144.63,4146.24,3821
22-07-2026 20:00,4146.38,4152.89,4146.18,4150.77,3915
22-07-2026 20:15,4150.77,4152.80,4144.03,4148.42,3680
22-07-2026 20:30,4148.39,4158.39,4148.39,4157.41,3610
22-07-2026 20:45,4157.42,4161.27,4153.25,4157.10,3251
22-07-2026 21:00,4157.10,4160.86,4155.42,4159.83,3229
22-07-2026 21:15,4159.89,4165.96,4158.32,4159.27,3304
22-07-2026 21:30,4159.27,4159.41,4153.15,4154.32,3154
22-07-2026 21:45,4154.37,4155.53,4147.83,4149.12,2968
22-07-2026 22:00,4149.13,4151.25,4144.36,4147.02,3110
22-07-2026 22:15,4147.01,4148.92,4144.57,4146.82,3006
22-07-2026 22:30,4146.79,4147.84,4143.10,4145.35,3067
22-07-2026 22:45,4145.15,4147.05,4142.64,4145.98,3018
22-07-2026 23:00,4145.83,4147.41,4138.31,4140.50,3024
22-07-2026 23:15,4140.51,4143.71,4140.32,4142.54,2508
22-07-2026 23:30,4142.51,4142.75,4136.66,4138.01,3107
22-07-2026 23:45,4137.99,4139.54,4134.84,4135.20,2992
23-07-2026 00:00,4135.21,4136.15,4131.86,4135.77,2929
23-07-2026 00:15,4135.77,4138.79,4135.28,4136.07,2567
23-07-2026 00:30,4136.06,4137.09,4132.96,4134.05,2493
23-07-2026 00:45,4134.00,4135.31,4131.67,4134.36,2409
23-07-2026 01:00,4134.27,4136.10,4132.52,4133.81,2383
23-07-2026 01:15,4133.83,4135.24,4128.90,4131.75,2757
23-07-2026 01:30,4131.51,4135.54,4130.36,4134.51,2505
23-07-2026 01:45,4134.53,4137.70,4133.82,4136.49,1643
23-07-2026 02:00,4136.43,4137.49,4130.82,4130.85,1736
23-07-2026 02:15,4130.89,4131.10,4127.93,4129.57,1929
23-07-2026 03:30,4116.66,4124.91,4116.57,4123.26,2021
23-07-2026 03:45,4123.73,4128.50,4120.33,4128.30,2314
23-07-2026 04:00,4128.33,4129.60,4119.75,4121.38,2375
23-07-2026 04:15,4121.36,4126.55,4120.46,4121.53,2503
23-07-2026 04:30,4121.82,4124.70,4116.50,4123.86,2795
23-07-2026 04:45,4123.86,4124.01,4119.12,4119.92,2041
23-07-2026 05:00,4119.97,4124.54,4119.05,4123.61,2106
23-07-2026 05:15,4123.59,4134.05,4123.02,4133.16,2999
23-07-2026 05:30,4133.31,4134.48,4125.95,4126.75,2874
23-07-2026 05:45,4126.62,4134.60,4126.62,4129.12,2758
23-07-2026 06:00,4129.12,4132.11,4127.09,4127.91,2697
23-07-2026 06:15,4127.68,4133.21,4125.06,4132.09,2788
23-07-2026 06:30,4131.99,4139.06,4129.83,4134.36,3670
23-07-2026 06:45,4134.36,4140.96,4133.59,4137.33,3229
23-07-2026 07:00,4137.50,4139.14,4121.71,4121.71,3719
23-07-2026 07:15,4121.61,4123.61,4114.28,4117.77,3533
23-07-2026 07:30,4117.78,4118.86,4112.02,4117.66,3299
23-07-2026 07:45,4117.67,4118.24,4113.33,4116.17,2845
23-07-2026 08:00,4116.21,4122.43,4113.79,4122.16,3328
23-07-2026 08:15,4122.14,4128.63,4121.37,4127.90,3223
23-07-2026 08:30,4128.02,4128.92,4124.02,4127.12,3136
23-07-2026 08:45,4127.14,4132.87,4126.47,4130.44,2970
23-07-2026 09:00,4130.45,4131.23,4125.94,4128.74,2700
23-07-2026 09:15,4128.83,4128.83,4124.08,4124.65,2355
23-07-2026 09:30,4124.60,4127.61,4122.49,4127.61,2433
23-07-2026 09:45,4127.61,4129.74,4124.97,4129.54,2405
23-07-2026 10:00,4129.41,4130.27,4123.05,4123.10,2320
23-07-2026 10:15,4123.13,4124.20,4119.88,4121.12,2342
23-07-2026 10:30,4121.11,4124.91,4119.35,4124.31,2581
23-07-2026 10:45,4124.33,4125.34,4119.90,4125.24,2618
23-07-2026 11:00,4125.24,4128.46,4123.37,4127.60,3261
23-07-2026 11:15,4127.59,4130.46,4120.69,4123.90,3232
23-07-2026 11:30,4123.93,4128.15,4121.16,4123.13,3323
23-07-2026 11:45,4123.15,4127.58,4121.20,4122.11,3054
23-07-2026 12:00,4122.13,4123.78,4116.89,4120.03,3157
23-07-2026 12:15,4119.91,4122.30,4117.83,4118.48,2877
23-07-2026 12:30,4118.46,4119.37,4101.91,4106.68,3551
23-07-2026 12:45,4106.66,4111.91,4105.46,4108.35,3301
23-07-2026 13:00,4108.37,4108.92,4091.32,4095.45,3395
23-07-2026 13:15,4095.48,4096.79,4090.20,4095.16,3509
23-07-2026 13:30,4095.13,4097.73,4090.13,4091.39,3339
23-07-2026 13:45,4091.39,4092.48,4088.53,4091.88,3114
23-07-2026 14:00,4091.54,4093.55,4088.64,4092.34,3120
23-07-2026 14:15,4092.36,4094.79,4086.96,4093.33,2918
23-07-2026 14:30,4093.34,4099.18,4092.56,4094.79,3231
23-07-2026 14:45,4094.74,4096.97,4089.49,4091.37,2855
23-07-2026 15:00,4091.37,4092.94,4088.60,4091.78,2828
23-07-2026 15:15,4091.78,4094.17,4088.36,4089.79,2839
23-07-2026 15:30,4089.86,4091.60,4087.87,4090.82,2896
23-07-2026 15:45,4090.77,4092.34,4085.98,4089.74,2913
23-07-2026 16:00,4089.75,4092.77,4086.52,4089.26,2962
23-07-2026 16:15,4089.24,4095.19,4087.17,4093.07,2833
23-07-2026 16:30,4093.21,4093.75,4086.82,4087.64,3025
23-07-2026 16:45,4087.60,4089.37,4080.84,4084.28,3372
23-07-2026 17:00,4084.28,4084.28,4072.93,4078.73,3701
23-07-2026 17:15,4078.59,4088.98,4077.85,4085.63,3690
23-07-2026 17:30,4085.52,4085.91,4081.07,4081.41,2987
23-07-2026 17:45,4081.41,4082.96,4070.16,4074.94,3663
23-07-2026 18:00,4075.14,4075.14,4064.12,4068.88,3782
23-07-2026 18:15,4069.09,4069.42,4060.96,4061.75,3763
23-07-2026 18:30,4061.68,4063.61,4040.55,4040.83,4161
23-07-2026 18:45,4040.81,4059.04,4040.68,4058.68,3930
23-07-2026 19:00,4058.65,4067.41,4055.46,4056.21,4059
23-07-2026 19:15,4056.38,4058.86,4042.64,4043.26,3984
23-07-2026 19:30,4043.70,4051.33,4040.05,4047.95,4027
23-07-2026 19:45,4047.90,4056.78,4042.19,4056.25,3894
23-07-2026 20:00,4056.25,4060.78,4051.46,4057.00,3889
23-07-2026 20:15,4057.05,4061.67,4055.98,4057.68,3652
23-07-2026 20:30,4057.86,4059.35,4049.38,4051.36,3726
23-07-2026 20:45,4051.35,4056.96,4045.60,4046.94,3780
23-07-2026 21:00,4046.96,4053.02,4042.31,4047.96,3838
23-07-2026 21:15,4047.98,4051.00,4046.64,4048.63,3353
23-07-2026 21:30,4049.19,4050.75,4047.23,4050.11,3229
23-07-2026 21:45,4050.09,4051.57,4045.81,4050.01,3091
23-07-2026 22:00,4050.00,4050.85,4046.99,4049.58,2946
23-07-2026 22:15,4049.56,4051.74,4047.95,4051.38,2857
23-07-2026 22:30,4051.38,4054.45,4046.66,4047.15,3257
23-07-2026 22:45,4047.16,4050.46,4046.08,4047.20,3191
23-07-2026 23:00,4047.18,4049.12,4041.61,4042.80,3233
23-07-2026 23:15,4042.80,4044.26,4041.57,4041.70,3019
23-07-2026 23:30,4041.73,4044.13,4040.68,4041.80,3228
23-07-2026 23:45,4041.80,4045.08,4040.70,4044.50,3177
24-07-2026 00:00,4044.47,4048.03,4044.18,4046.41,2952
24-07-2026 00:15,4046.41,4048.30,4044.63,4046.09,2758
24-07-2026 00:30,4046.08,4048.63,4042.90,4043.19,2500
24-07-2026 00:45,4043.17,4049.12,4043.05,4048.11,2600
24-07-2026 01:00,4048.16,4050.89,4045.72,4045.80,2629
24-07-2026 01:15,4045.78,4051.03,4044.82,4049.49,2707
24-07-2026 01:30,4049.71,4051.37,4048.19,4049.50,1845
24-07-2026 01:45,4049.52,4050.49,4047.38,4050.12,1387
24-07-2026 02:00,4050.21,4050.63,4048.71,4049.85,1227
24-07-2026 02:15,4049.70,4049.99,4047.04,4049.04,1155
24-07-2026 03:30,4049.05,4049.61,4047.90,4048.51,979
24-07-2026 03:45,4048.82,4049.85,4048.78,4049.52,1049
24-07-2026 04:00,4049.55,4050.24,4048.60,4049.17,1187
24-07-2026 04:15,4049.18,4050.35,4048.28,4049.37,1043
24-07-2026 04:30,4049.34,4049.94,4047.27,4048.40,1502
24-07-2026 04:45,4048.41,4049.88,4047.10,4049.23,1537
24-07-2026 05:00,4049.14,4050.61,4046.99,4048.20,1846
24-07-2026 05:15,4048.20,4049.60,4046.58,4046.94,2173
24-07-2026 05:30,4047.17,4049.94,4041.17,4041.51,3163
24-07-2026 05:45,4041.50,4047.98,4041.23,4046.58,2878
24-07-2026 06:00,4046.60,4050.11,4044.70,4049.14,2671
24-07-2026 06:15,4049.14,4050.82,4048.38,4049.83,2471
24-07-2026 06:30,4049.86,4050.13,4039.85,4042.34,3505
24-07-2026 06:45,4042.37,4045.93,4041.45,4042.76,3092
24-07-2026 07:00,4042.76,4050.41,4041.51,4049.96,3166
24-07-2026 07:15,4050.04,4050.06,4041.39,4043.54,3119
24-07-2026 07:30,4043.54,4045.80,4040.98,4045.67,2984
24-07-2026 07:45,4045.67,4048.32,4042.56,4046.50,2453
24-07-2026 08:00,4046.51,4048.23,4041.29,4041.43,2933
24-07-2026 08:15,4041.48,4041.81,4023.05,4024.52,3623
24-07-2026 08:30,4024.79,4032.20,4023.10,4031.65,3146
24-07-2026 08:45,4031.67,4033.57,4028.00,4030.24,3011
24-07-2026 09:00,4030.24,4033.28,4030.24,4031.51,2584
24-07-2026 09:15,4031.51,4032.24,4028.36,4029.28,2140
24-07-2026 09:30,4029.05,4030.28,4026.98,4027.89,2280
24-07-2026 09:45,4028.02,4030.27,4027.57,4029.74,2147
24-07-2026 10:00,4029.75,4030.29,4025.89,4026.76,2055
24-07-2026 10:15,4026.75,4028.63,4025.51,4026.99,2113
24-07-2026 10:30,4027.00,4032.08,4025.18,4027.55,2512
24-07-2026 10:45,4027.33,4029.81,4022.27,4026.16,2524
24-07-2026 11:00,4026.04,4031.38,4024.04,4024.74,3240
24-07-2026 11:15,4024.69,4029.20,4021.94,4023.01,2922
24-07-2026 11:30,4023.01,4031.25,4022.72,4030.89,3031
24-07-2026 11:45,4030.91,4038.92,4029.22,4036.55,3000
24-07-2026 12:00,4036.46,4037.08,4033.17,4033.84,2879
24-07-2026 12:15,4033.81,4038.54,4031.64,4035.63,2949
24-07-2026 12:30,4035.67,4047.52,4035.00,4045.39,3247
24-07-2026 12:45,4045.42,4050.85,4043.98,4048.71,3039
24-07-2026 13:00,4048.72,4053.56,4045.76,4048.39,3004
24-07-2026 13:15,4048.38,4049.59,4045.96,4048.27,2612
24-07-2026 13:30,4048.34,4049.06,4045.14,4046.79,2905
24-07-2026 13:45,4046.79,4052.34,4044.90,4052.28,2827
24-07-2026 14:00,4052.40,4055.45,4048.73,4054.65,2901
24-07-2026 14:15,4054.59,4058.61,4052.25,4057.45,2524
24-07-2026 14:30,4057.46,4060.75,4053.11,4054.05,2709
24-07-2026 14:45,4054.05,4056.52,4052.54,4053.01,2468
24-07-2026 15:00,4053.03,4056.26,4051.47,4055.56,2206
24-07-2026 15:15,4055.66,4059.78,4054.57,4059.70,2140
24-07-2026 15:30,4059.75,4061.49,4057.56,4058.06,2365
24-07-2026 15:45,4058.10,4063.62,4057.41,4061.95,2287
24-07-2026 16:00,4061.94,4063.86,4058.11,4058.33,2175
24-07-2026 16:15,4058.33,4060.24,4057.20,4060.07,2107
24-07-2026 16:30,4060.19,4063.37,4058.43,4061.20,2172
24-07-2026 16:45,4061.27,4061.94,4059.11,4059.11,1831
24-07-2026 17:00,4059.10,4060.34,4055.16,4055.29,2371
24-07-2026 17:15,4055.30,4061.42,4051.20,4057.70,2468
24-07-2026 17:30,4057.69,4058.53,4052.34,4056.55,3013
24-07-2026 17:45,4056.53,4060.06,4054.73,4059.51,2762
24-07-2026 18:00,4059.52,4059.54,4051.98,4055.07,3009
24-07-2026 18:15,4055.07,4056.26,4051.62,4055.90,2697
24-07-2026 18:30,4056.29,4058.42,4044.82,4048.05,3420
24-07-2026 18:45,4048.05,4049.27,4044.57,4046.42,3156
24-07-2026 19:00,4046.32,4056.53,4044.76,4052.26,3727
24-07-2026 19:15,4051.00,4068.55,4048.45,4067.46,3779
24-07-2026 19:30,4067.41,4069.76,4057.22,4058.76,3805
24-07-2026 19:45,4058.82,4069.18,4055.89,4065.90,3782
24-07-2026 20:00,4065.94,4067.97,4059.21,4060.29,3600
24-07-2026 20:15,4060.26,4066.40,4058.50,4063.19,3599
24-07-2026 20:30,4063.28,4076.62,4061.78,4074.67,3643
24-07-2026 20:45,4074.61,4081.98,4071.84,4074.98,3624
24-07-2026 21:00,4075.03,4079.51,4071.78,4071.91,3543
24-07-2026 21:15,4072.15,4077.74,4070.96,4077.24,3182
24-07-2026 21:30,4077.27,4077.44,4074.41,4074.80,2689
24-07-2026 21:45,4074.80,4078.07,4073.68,4073.69,2611
24-07-2026 22:00,4073.67,4073.97,4066.51,4067.62,3009
24-07-2026 22:15,4067.56,4067.66,4064.11,4066.98,2639
24-07-2026 22:30,4067.08,4068.30,4063.04,4064.07,2886
24-07-2026 22:45,4064.06,4069.85,4063.57,4068.31,2770
24-07-2026 23:00,4068.10,4069.72,4065.99,4066.46,2251
24-07-2026 23:15,4066.47,4067.23,4062.97,4063.16,2217
24-07-2026 23:30,4063.22,4064.47,4061.18,4061.52,2477
24-07-2026 23:45,4061.52,4062.90,4054.99,4055.22,2805
25-07-2026 00:00,4055.25,4056.89,4051.07,4052.10,2780
25-07-2026 00:15,4052.08,4055.82,4051.75,4054.38,2464
25-07-2026 00:30,4054.52,4056.34,4052.12,4052.28,2732
25-07-2026 00:45,4052.29,4052.33,4049.16,4051.46,2510
25-07-2026 01:00,4051.41,4057.51,4050.89,4056.52,2749
25-07-2026 01:15,4056.50,4057.02,4052.35,4053.27,2506
25-07-2026 01:30,4053.05,4054.93,4051.81,4052.10,1360
25-07-2026 01:45,4052.13,4054.31,4051.67,4053.23,1295
25-07-2026 02:00,4053.22,4055.65,4051.27,4055.03,1307
25-07-2026 02:15,4055.04,4055.50,4051.56,4052.22,1297
27-07-2026 03:30,4091.42,4096.20,4086.07,4087.52,2443
27-07-2026 03:45,4087.57,4089.60,4083.48,4086.05,1744
27-07-2026 04:00,4085.70,4092.79,4085.35,4090.94,1684
27-07-2026 04:15,4090.90,4093.43,4088.59,4089.32,1301
27-07-2026 04:30,4089.32,4091.12,4084.38,4084.71,1529
27-07-2026 04:45,4084.74,4086.24,4083.50,4084.75,2025
27-07-2026 05:00,4084.75,4089.16,4084.58,4088.70,1885
27-07-2026 05:15,4088.73,4096.27,4088.11,4094.02,3200
27-07-2026 05:30,4094.01,4116.06,4093.90,4115.55,3687
27-07-2026 05:45,4115.55,4115.59,4090.69,4094.32,3587
27-07-2026 06:00,4094.33,4102.40,4093.70,4099.85,3325
27-07-2026 06:15,4099.75,4109.18,4099.04,4100.92,3465
27-07-2026 06:30,4100.88,4112.39,4100.64,4107.06,3879
27-07-2026 06:45,4107.22,4109.08,4096.90,4099.88,3575
27-07-2026 07:00,4099.98,4104.21,4097.86,4102.59,3535
27-07-2026 07:15,4102.59,4110.09,4102.51,4110.05,3382
27-07-2026 07:30,4110.05,4110.89,4103.33,4105.51,3276
27-07-2026 07:45,4105.48,4105.85,4101.98,4102.97,2583
27-07-2026 08:00,4103.05,4103.10,4095.56,4096.47,3256
27-07-2026 08:15,4096.46,4097.56,4093.58,4093.59,2740
27-07-2026 08:30,4093.58,4095.82,4089.01,4091.88,2984
27-07-2026 08:45,4091.87,4093.47,4085.29,4085.53,2883
27-07-2026 09:00,4085.53,4090.72,4085.09,4089.73,2540
27-07-2026 09:15,4089.66,4091.08,4088.41,4090.92,1918
27-07-2026 09:30,4090.95,4092.75,4088.59,4090.04,2314
27-07-2026 09:45,4090.01,4090.39,4086.96,4088.99,2243
27-07-2026 10:00,4089.03,4092.27,4089.03,4090.38,2219
27-07-2026 10:15,4090.38,4091.10,4089.21,4090.21,1981
27-07-2026 10:30,4090.24,4094.79,4088.58,4094.68,2541
27-07-2026 10:45,4094.67,4094.67,4086.20,4086.99,2377
27-07-2026 11:00,4086.99,4090.37,4085.65,4088.00,3203
27-07-2026 11:15,4088.00,4093.53,4084.35,4093.00,3149
27-07-2026 11:30,4093.03,4096.26,4091.56,4094.28,3303
27-07-2026 11:45,4094.26,4096.47,4091.19,4095.98,2943
27-07-2026 12:00,4096.00,4099.34,4094.22,4098.49,2899
27-07-2026 12:15,4098.49,4098.95,4094.99,4096.06,2929
27-07-2026 12:30,4095.79,4101.98,4095.79,4101.98,3260
27-07-2026 12:45,4101.98,4105.94,4099.80,4103.08,3114
27-07-2026 13:00,4103.07,4103.81,4095.80,4097.19,2932
27-07-2026 13:15,4097.14,4099.15,4088.56,4088.77,2783
27-07-2026 13:30,4088.74,4093.04,4087.12,4091.20,3315
27-07-2026 13:45,4091.20,4092.53,4088.94,4090.81,3003
27-07-2026 14:00,4090.84,4092.75,4087.24,4091.21,2935
27-07-2026 14:15,4091.33,4096.77,4090.79,4095.15,2672
27-07-2026 14:30,4095.05,4098.49,4093.04,4093.88,2626
27-07-2026 14:45,4093.88,4095.75,4091.11,4091.46,2782
27-07-2026 15:00,4091.25,4094.60,4090.48,4094.11,2742
27-07-2026 15:15,4094.14,4100.32,4093.75,4096.12,2745
27-07-2026 15:30,4095.95,4096.43,4086.42,4090.77,2901
27-07-2026 15:45,4090.76,4093.81,4089.14,4093.03,2603
27-07-2026 16:00,4093.03,4101.85,4092.98,4100.26,2700
27-07-2026 16:15,4100.30,4102.30,4098.72,4099.46,2490
27-07-2026 16:30,4099.44,4104.01,4096.92,4101.85,2789
27-07-2026 16:45,4101.90,4103.46,4096.92,4096.92,2540
27-07-2026 17:00,4096.91,4099.91,4094.64,4095.57,3112
27-07-2026 17:15,4095.60,4097.19,4093.67,4093.78,2770
27-07-2026 17:30,4093.79,4097.71,4086.27,4087.43,3176
27-07-2026 17:45,4087.58,4089.03,4081.59,4086.69,3374
27-07-2026 18:00,4086.77,4088.60,4083.16,4086.58,3043
27-07-2026 18:15,4086.55,4088.97,4081.59,4083.67,3278
27-07-2026 18:30,4083.63,4088.78,4080.93,4084.73,3727
27-07-2026 18:45,4084.85,4087.11,4075.77,4076.24,3605
27-07-2026 19:00,4076.36,4089.08,4075.46,4086.64,4061
27-07-2026 19:15,4086.72,4089.44,4070.50,4074.12,3883
27-07-2026 19:30,4074.13,4079.00,4071.11,4076.89,3958
27-07-2026 19:45,4076.89,4078.51,4067.12,4068.25,3908
27-07-2026 20:00,4068.23,4070.53,4065.28,4068.73,4017
27-07-2026 20:15,4068.74,4077.09,4068.74,4075.98,3699
27-07-2026 20:30,4076.00,4076.28,4071.91,4075.95,3705
27-07-2026 20:45,4075.88,4079.29,4074.48,4076.41,3638
27-07-2026 21:00,4076.35,4077.88,4072.59,4076.05,3397
27-07-2026 21:15,4076.05,4079.69,4074.51,4078.36,3319
27-07-2026 21:30,4078.58,4084.72,4077.67,4081.37,3282
27-07-2026 21:45,4081.35,4088.59,4079.60,4085.05,3355
27-07-2026 22:00,4085.05,4093.81,4084.97,4088.21,3394
27-07-2026 22:15,4088.22,4088.39,4080.68,4082.28,3243
27-07-2026 22:30,4082.13,4082.45,4070.58,4073.42,3299
27-07-2026 22:45,4073.47,4076.74,4072.23,4074.68,3091
27-07-2026 23:00,4074.67,4076.01,4072.10,4074.42,2870
27-07-2026 23:15,4074.42,4077.05,4073.23,4076.32,2774
27-07-2026 23:30,4076.35,4079.05,4076.01,4076.64,2940
27-07-2026 23:45,4076.65,4076.92,4073.94,4076.74,2889
28-07-2026 00:00,4076.75,4079.28,4072.90,4076.23,2970
28-07-2026 00:15,4076.24,4079.32,4074.99,4077.82,2989
28-07-2026 00:30,4077.82,4081.85,4076.04,4080.14,2952
28-07-2026 00:45,4080.17,4088.48,4079.31,4085.68,2745
28-07-2026 01:00,4085.68,4087.16,4083.63,4086.86,2783
28-07-2026 01:15,4086.88,4089.15,4082.36,4083.28,2984
28-07-2026 01:30,4083.30,4083.98,4081.32,4082.10,1469
28-07-2026 01:45,4082.10,4082.11,4078.18,4078.64,1129
28-07-2026 02:00,4078.62,4079.07,4075.69,4077.04,1311
28-07-2026 02:15,4077.06,4077.12,4074.93,4076.28,999
28-07-2026 03:30,4080.85,4081.09,4076.24,4076.37,1111
28-07-2026 03:45,4076.64,4076.64,4070.53,4071.88,1555
28-07-2026 04:00,4072.00,4074.77,4071.94,4074.63,1568
28-07-2026 04:15,4074.64,4074.83,4073.37,4073.90,1482
28-07-2026 04:30,4073.98,4074.92,4071.73,4074.02,1766
28-07-2026 04:45,4074.02,4074.54,4071.84,4072.92,1622
28-07-2026 05:00,4072.78,4073.39,4071.50,4071.89,1305
28-07-2026 05:15,4071.93,4073.30,4069.85,4073.23,2771
28-07-2026 05:30,4073.07,4074.11,4061.85,4067.03,3334
28-07-2026 05:45,4066.88,4067.21,4059.14,4061.96,3080
28-07-2026 06:00,4061.98,4066.10,4060.38,4065.45,3236
28-07-2026 06:15,4065.44,4065.44,4057.68,4057.74,3120
28-07-2026 06:30,4057.56,4060.23,4053.65,4057.99,3701
28-07-2026 06:45,4057.87,4059.11,4046.23,4047.26,3610
28-07-2026 07:00,4047.26,4050.47,4043.49,4048.84,3827
28-07-2026 07:15,4048.84,4048.92,4042.36,4045.10,3329
28-07-2026 07:30,4045.11,4047.46,4042.39,4046.44,3326
28-07-2026 07:45,4046.39,4048.97,4045.29,4046.10,2960
28-07-2026 08:00,4046.10,4047.78,4041.50,4044.16,3275
28-07-2026 08:15,4044.16,4045.38,4040.72,4041.97,3041
28-07-2026 08:30,4041.90,4047.20,4040.24,4045.75,2900
28-07-2026 08:45,4045.78,4049.19,4045.23,4047.66,2796
28-07-2026 09:00,4047.65,4051.00,4047.25,4048.29,2913
28-07-2026 09:15,4048.27,4050.65,4047.96,4049.33,2530
28-07-2026 09:30,4049.32,4049.55,4043.44,4043.94,2565
28-07-2026 09:45,4043.94,4047.87,4043.53,4045.53,2575
28-07-2026 10:00,4045.57,4047.70,4043.87,4047.53,2233
28-07-2026 10:15,4047.55,4047.84,4041.50,4042.11,2370
28-07-2026 10:30,4042.11,4043.89,4039.80,4042.24,2778
28-07-2026 10:45,4042.21,4043.70,4040.78,4043.19,2778
28-07-2026 11:00,4043.03,4045.60,4034.79,4041.50,3444
28-07-2026 11:15,4041.52,4046.41,4039.79,4045.16,2991
28-07-2026 11:30,4045.15,4047.64,4042.87,4044.08,3217
28-07-2026 11:45,4044.09,4048.78,4043.95,4047.65,3092
28-07-2026 12:00,4047.76,4052.31,4046.84,4049.70,2994
28-07-2026 12:15,4049.74,4051.41,4047.81,4048.25,2958
28-07-2026 12:30,4048.24,4051.12,4047.41,4048.80,2799
28-07-2026 12:45,4048.77,4052.40,4048.52,4050.08,2620
28-07-2026 13:00,4050.08,4050.95,4048.45,4049.34,2650
28-07-2026 13:15,4049.29,4049.67,4046.07,4047.23,2885
28-07-2026 13:30,4047.21,4055.11,4043.01,4044.32,3427
28-07-2026 13:45,4044.29,4051.16,4043.90,4049.46,3471
28-07-2026 14:00,4049.46,4049.67,4041.81,4043.07,3206
28-07-2026 14:15,4043.07,4046.09,4041.62,4045.41,2824
28-07-2026 14:30,4045.41,4045.91,4040.44,4040.82,2634
28-07-2026 14:45,4040.82,4044.09,4038.87,4040.15,2859
28-07-2026 15:00,4040.13,4040.20,4029.58,4033.23,3131
28-07-2026 15:15,4033.24,4034.14,4019.19,4023.37,3108
28-07-2026 15:30,4022.94,4027.12,4020.50,4024.17,3252
28-07-2026 15:45,4023.84,4025.73,4016.85,4017.46,3056
28-07-2026 16:00,4017.46,4023.56,4017.05,4022.35,2900
28-07-2026 16:15,4022.41,4028.50,4022.01,4026.52,3124
28-07-2026 16:30,4026.47,4028.73,4023.16,4023.83,3171
28-07-2026 16:45,4023.76,4032.34,4023.75,4027.49,3122
28-07-2026 17:00,4027.36,4031.35,4026.43,4027.12,2850
28-07-2026 17:15,4027.04,4028.26,4023.92,4028.05,2950
28-07-2026 17:30,4028.06,4028.73,4022.83,4027.83,3289
28-07-2026 17:45,4027.83,4034.86,4026.00,4034.39,3126
28-07-2026 18:00,4034.50,4034.89,4026.43,4033.50,3298
28-07-2026 18:15,4033.53,4038.03,4028.58,4029.41,3265
28-07-2026 18:30,4029.37,4035.40,4029.31,4032.77,3492
28-07-2026 18:45,4032.78,4035.99,4028.44,4028.97,3317
28-07-2026 19:00,4028.92,4032.77,4020.25,4025.14,3936
28-07-2026 19:15,4025.09,4028.84,4021.61,4022.16,3916
28-07-2026 19:30,4022.26,4033.46,4021.99,4025.82,3867
28-07-2026 19:45,4025.80,4026.55,4011.60,4022.22,3969
28-07-2026 20:00,4022.19,4025.20,4018.77,4022.58,3871
28-07-2026 20:15,4022.57,4029.43,4021.09,4024.21,3619
28-07-2026 20:30,4024.33,4036.37,4022.10,4033.60,3812
28-07-2026 20:45,4033.70,4040.93,4031.59,4035.45,3909
28-07-2026 21:00,4035.69,4042.22,4032.16,4041.31,3622
28-07-2026 21:15,4041.33,4047.02,4041.04,4046.08,3344
28-07-2026 21:30,4046.08,4046.55,4042.23,4044.73,3059
28-07-2026 21:45,4044.60,4045.90,4041.97,4042.07,2906
28-07-2026 22:00,4042.08,4043.74,4040.20,4040.45,2979
28-07-2026 22:15,4040.39,4041.11,4036.57,4037.46,2901
28-07-2026 22:30,4037.56,4040.94,4035.49,4036.90,3014
28-07-2026 22:45,4036.86,4041.67,4035.15,4037.36,3195
28-07-2026 23:00,4037.70,4037.73,4027.47,4028.28,2994
28-07-2026 23:15,4028.19,4029.39,4025.78,4027.78,2965
28-07-2026 23:30,4028.01,4030.34,4027.05,4028.21,3104
28-07-2026 23:45,4028.20,4029.96,4025.83,4027.09,3086
29-07-2026 00:00,4027.09,4027.44,4023.05,4024.31,2889
29-07-2026 00:15,4024.27,4025.98,4021.61,4022.90,2805
29-07-2026 00:30,4022.91,4025.71,4022.22,4024.01,2703
29-07-2026 00:45,4024.01,4025.01,4021.86,4023.20,2165
29-07-2026 01:00,4023.30,4027.63,4022.89,4025.97,2618
29-07-2026 01:15,4025.99,4027.94,4025.25,4026.36,2555
29-07-2026 01:30,4026.31,4026.41,4022.52,4023.68,1827
29-07-2026 01:45,4023.67,4027.67,4023.54,4027.39,1269
29-07-2026 02:00,4027.39,4030.10,4027.29,4029.87,1561
29-07-2026 02:15,4029.86,4030.02,4026.16,4028.12,1296
29-07-2026 03:30,4027.59,4027.89,4024.03,4024.06,1022
29-07-2026 03:45,4024.35,4024.86,4016.98,4020.49,1543
29-07-2026 04:00,4020.50,4021.00,4013.82,4018.12,2058
29-07-2026 04:15,4018.02,4019.48,4015.17,4018.08,2507
29-07-2026 04:30,4018.09,4022.96,4016.31,4021.97,2459
29-07-2026 04:45,4021.96,4022.03,4014.97,4018.41,2509
29-07-2026 05:00,4018.42,4023.40,4017.34,4022.99,2104
29-07-2026 05:15,4023.27,4026.19,4018.99,4024.87,3149
29-07-2026 05:30,4024.92,4025.58,4017.60,4020.58,3395
29-07-2026 05:45,4020.54,4029.79,4020.51,4022.47,3136
29-07-2026 06:00,4022.43,4027.65,4021.35,4025.91,2995
29-07-2026 06:15,4025.88,4025.97,4020.39,4021.80,3225
29-07-2026 06:30,4021.63,4021.70,4009.85,4012.94,3686
29-07-2026 06:45,4012.97,4020.04,4011.55,4018.30,3551
29-07-2026 07:00,4018.30,4030.46,4014.90,4027.49,3692
29-07-2026 07:15,4027.51,4028.16,4021.82,4025.84,3326
29-07-2026 07:30,4025.82,4029.18,4022.97,4028.22,3503
29-07-2026 07:45,4028.20,4035.35,4026.21,4032.97,3087
29-07-2026 08:00,4032.95,4037.76,4030.45,4034.91,3418
29-07-2026 08:15,4034.91,4035.19,4029.23,4029.48,3049
29-07-2026 08:30,4029.25,4032.65,4027.24,4027.71,3153
29-07-2026 08:45,4027.69,4028.70,4025.40,4026.88,2916
29-07-2026 09:00,4026.89,4029.47,4024.48,4025.97,2625
29-07-2026 09:15,4025.97,4026.83,4023.09,4023.51,2275
29-07-2026 09:30,4023.56,4024.90,4021.19,4021.71,2444
29-07-2026 09:45,4021.87,4025.48,4020.52,4023.41,2541
29-07-2026 10:00,4023.41,4027.27,4023.30,4027.05,2601
29-07-2026 10:15,4026.88,4027.57,4023.50,4027.21,2821
29-07-2026 10:30,4027.21,4031.60,4026.59,4030.34,2764
29-07-2026 10:45,4030.35,4031.14,4026.96,4030.39,2500
29-07-2026 11:00,4030.40,4039.60,4029.72,4039.05,3424
29-07-2026 11:15,4039.03,4040.07,4031.53,4033.04,3249
29-07-2026 11:30,4033.01,4038.03,4032.95,4037.30,3046
29-07-2026 11:45,4037.30,4042.91,4035.87,4040.94,2909
29-07-2026 12:00,4040.88,4044.69,4040.50,4042.75,2865
29-07-2026 12:15,4042.73,4042.93,4039.72,4041.08,2861
29-07-2026 12:30,4041.13,4046.38,4041.05,4045.27,2883
29-07-2026 12:45,4045.28,4047.83,4044.14,4045.89,2534
29-07-2026 13:00,4046.10,4047.44,4044.73,4045.94,2568
29-07-2026 13:15,4045.93,4046.84,4042.60,4043.70,2427
29-07-2026 13:30,4043.66,4044.31,4039.04,4039.04,2676
29-07-2026 13:45,4039.07,4041.95,4035.60,4037.20,2514
29-07-2026 14:00,4037.21,4039.10,4035.66,4038.13,2336
29-07-2026 14:15,4038.13,4040.10,4036.94,4037.48,2430
29-07-2026 14:30,4037.47,4038.24,4035.61,4036.23,2492
29-07-2026 14:45,4036.21,4037.42,4033.29,4033.65,2556
29-07-2026 15:00,4033.66,4034.90,4031.35,4034.22,2516
29-07-2026 15:15,4034.23,4036.26,4031.85,4032.49,2273
29-07-2026 15:30,4032.58,4033.98,4030.85,4031.87,2631
29-07-2026 15:45,4031.88,4033.34,4030.18,4033.01,2281
29-07-2026 16:00,4032.84,4034.28,4026.21,4027.33,2398
29-07-2026 16:15,4027.34,4028.58,4025.91,4027.35,2166
29-07-2026 16:30,4027.33,4029.58,4024.87,4029.57,2603
29-07-2026 16:45,4029.57,4033.57,4028.34,4032.71,2238
29-07-2026 17:00,4032.73,4032.87,4029.94,4030.86,2172
29-07-2026 17:15,4030.87,4036.04,4030.43,4032.67,2573
29-07-2026 17:30,4032.68,4033.35,4026.03,4026.93,2552
29-07-2026 17:45,4026.95,4027.42,4012.81,4013.28,3724
29-07-2026 18:00,4013.12,4022.21,4009.12,4020.92,3307
29-07-2026 18:15,4020.92,4023.63,4018.88,4022.57,2986
29-07-2026 18:30,4022.56,4026.31,4015.00,4015.71,3534
29-07-2026 18:45,4015.72,4023.08,4013.73,4014.46,3360
29-07-2026 19:00,4014.41,4017.89,4010.21,4013.65,3889
29-07-2026 19:15,4013.64,4016.16,4002.43,4007.04,3848
29-07-2026 19:30,4007.08,4008.41,3995.82,3999.00,3859
29-07-2026 19:45,3999.10,4009.99,3998.80,4005.35,3808
29-07-2026 20:00,4005.38,4009.12,3999.10,4001.09,3738
29-07-2026 20:15,4001.09,4005.76,3998.22,4004.79,3778
29-07-2026 20:30,4004.99,4009.80,4003.15,4006.80,3552
29-07-2026 20:45,4006.82,4011.18,4003.71,4010.53,3396
29-07-2026 21:00,4010.62,4013.65,4007.02,4010.49,3395
29-07-2026 21:15,4010.49,4013.76,4008.23,4009.77,3148
29-07-2026 21:30,4009.78,4015.55,4007.57,4009.62,2988
29-07-2026 21:45,4009.62,4017.45,4007.80,4016.49,2847
29-07-2026 22:00,4016.28,4019.02,4014.77,4016.91,3017
29-07-2026 22:15,4016.92,4032.62,4015.11,4027.22,3400
29-07-2026 22:30,4027.48,4050.56,4027.26,4042.08,3663
29-07-2026 22:45,4042.01,4050.40,4037.04,4039.25,3707
29-07-2026 23:00,4039.10,4047.09,4036.25,4045.61,3429
29-07-2026 23:15,4045.63,4047.95,4041.38,4044.51,3342
29-07-2026 23:30,4044.35,4085.78,4043.49,4080.96,4225
29-07-2026 23:45,4080.94,4083.74,4063.72,4067.59,3977
30-07-2026 00:00,4067.54,4087.05,4052.16,4083.23,4274
30-07-2026 00:15,4083.20,4109.46,4081.93,4106.94,4228
30-07-2026 00:30,4106.72,4116.41,4089.83,4099.61,4225
30-07-2026 00:45,4099.51,4104.48,4080.89,4083.84,4166
30-07-2026 01:00,4084.12,4088.23,4065.09,4069.33,4131
30-07-2026 01:15,4069.34,4071.88,4044.26,4044.71,4076
30-07-2026 01:30,4044.99,4055.86,4042.61,4051.88,3698
30-07-2026 01:45,4051.96,4057.30,4043.87,4055.63,3143
30-07-2026 02:00,4055.63,4068.94,4053.88,4067.02,2725
30-07-2026 02:15,4066.95,4069.65,4063.03,4065.86,2534
30-07-2026 03:30,4070.79,4077.18,4064.21,4076.02,1949
30-07-2026 03:45,4075.94,4077.03,4072.13,4074.57,2189
30-07-2026 04:00,4074.57,4081.11,4072.69,4081.11,2443
30-07-2026 04:15,4081.36,4090.35,4079.65,4088.28,2496
30-07-2026 04:30,4088.28,4100.35,4088.07,4091.50,2847
30-07-2026 04:45,4091.53,4094.96,4090.37,4093.47,2485
30-07-2026 05:00,4093.47,4094.55,4089.39,4090.09,2619
30-07-2026 05:15,4090.22,4093.12,4084.35,4084.55,3713
30-07-2026 05:30,4084.57,4086.51,4078.90,4081.25,3817
30-07-2026 05:45,4081.32,4083.56,4072.76,4075.23,3803
30-07-2026 06:00,4075.34,4076.76,4065.13,4066.09,3542
30-07-2026 06:15,4066.05,4072.87,4064.82,4072.12,3368
30-07-2026 06:30,4072.13,4092.80,4070.68,4075.78,3958
30-07-2026 06:45,4075.60,4084.62,4073.27,4081.12,3865
30-07-2026 07:00,4081.15,4089.53,4080.59,4086.58,3640
30-07-2026 07:15,4086.57,4090.75,4083.75,4084.51,3471
30-07-2026 07:30,4084.52,4090.27,4082.31,4082.47,3418
30-07-2026 07:45,4082.51,4083.65,4079.89,4082.63,3045
30-07-2026 08:00,4082.62,4082.76,4073.57,4076.75,3696
30-07-2026 08:15,4076.81,4076.96,4063.47,4063.66,3408
30-07-2026 08:30,4063.62,4070.01,4060.39,4062.82,3306
30-07-2026 08:45,4062.82,4063.78,4052.46,4053.78,3453
30-07-2026 09:00,4053.74,4055.88,4050.65,4052.35,3346
30-07-2026 09:15,4052.35,4059.66,4052.20,4058.80,3014
30-07-2026 09:30,4058.85,4060.09,4052.57,4053.26,2970
30-07-2026 09:45,4053.25,4055.17,4050.83,4053.94,2641
30-07-2026 10:00,4053.88,4054.01,4047.50,4048.60,2797
30-07-2026 10:15,4048.54,4051.98,4044.55,4045.99,3097
30-07-2026 10:30,4045.99,4046.19,4041.64,4045.86,3264
30-07-2026 10:45,4045.88,4047.17,4037.53,4046.81,3261
30-07-2026 11:00,4046.81,4051.15,4028.38,4033.30,3811
30-07-2026 11:15,4033.33,4038.34,4030.02,4033.61,3502
30-07-2026 11:30,4033.65,4039.43,4031.18,4032.26,3676
30-07-2026 11:45,4032.24,4039.20,4029.29,4033.06,3542
30-07-2026 12:00,4033.05,4038.19,4031.09,4035.51,3290
30-07-2026 12:15,4035.49,4040.42,4034.15,4036.60,3170
30-07-2026 12:30,4036.60,4047.76,4035.47,4046.64,3704
30-07-2026 12:45,4046.68,4051.22,4042.90,4045.78,3360
30-07-2026 13:00,4045.77,4047.16,4036.08,4045.80,3420
30-07-2026 13:15,4045.81,4046.47,4037.93,4038.81,3231
30-07-2026 13:30,4038.81,4056.22,4036.69,4053.19,3630
30-07-2026 13:45,4053.14,4068.36,4052.13,4064.46,3572
30-07-2026 14:00,4064.36,4072.87,4062.86,4065.68,3620
30-07-2026 14:15,4065.74,4070.81,4059.37,4061.32,3224
30-07-2026 14:30,4061.33,4069.18,4060.28,4065.92,3243
30-07-2026 14:45,4065.95,4072.30,4064.39,4067.48,3443
30-07-2026 15:00,4067.51,4069.18,4060.67,4065.49,3229
30-07-2026 15:15,4065.47,4073.00,4062.28,4063.26,3062
30-07-2026 15:30,4063.26,4074.78,4062.93,4068.25,3372
30-07-2026 15:45,4068.34,4077.55,4067.50,4076.24,3425
30-07-2026 16:00,4076.39,4082.62,4075.24,4081.16,3386
30-07-2026 16:15,4081.12,4082.94,4077.94,4078.17,3135
30-07-2026 16:30,4077.90,4082.68,4077.52,4079.67,3172
30-07-2026 16:45,4079.60,4081.89,4076.52,4077.34,3109
30-07-2026 17:00,4078.04,4079.32,4076.16,4077.41,3010
30-07-2026 17:15,4077.37,4080.55,4075.62,4077.87,2949
30-07-2026 17:30,4077.88,4082.61,4074.59,4078.72,3300
30-07-2026 17:45,4078.72,4081.18,4071.62,4076.59,3295
30-07-2026 18:00,4076.81,4086.24,4071.61,4077.15,3863
30-07-2026 18:15,4077.09,4079.26,4067.09,4068.92,3758
30-07-2026 18:30,4069.34,4076.55,4064.95,4076.33,3922
30-07-2026 18:45,4076.28,4083.91,4071.96,4080.19,3726
30-07-2026 19:00,4079.86,4098.49,4074.92,4088.99,4244
30-07-2026 19:15,4089.11,4112.42,4085.71,4112.01,4183
30-07-2026 19:30,4111.98,4120.04,4093.96,4098.03,4141
30-07-2026 19:45,4098.02,4100.06,4087.07,4096.03,4016
30-07-2026 20:00,4096.01,4111.24,4094.69,4110.73,3865
30-07-2026 20:15,4110.64,4113.12,4096.53,4099.92,3889
30-07-2026 20:30,4099.93,4100.19,4083.03,4085.48,4034
30-07-2026 20:45,4085.43,4097.09,4084.74,4095.94,3778
30-07-2026 21:00,4095.92,4106.86,4092.51,4105.29,3593
30-07-2026 21:15,4105.30,4109.89,4103.50,4108.02,3502
30-07-2026 21:30,4108.03,4115.84,4107.70,4114.12,3431
30-07-2026 21:45,4114.09,4119.13,4113.56,4115.80,3210
30-07-2026 22:00,4115.80,4116.35,4108.23,4108.53,3205
30-07-2026 22:15,4108.55,4110.62,4106.54,4110.62,3027
30-07-2026 22:30,4110.65,4111.24,4104.81,4104.82,3028
30-07-2026 22:45,4104.78,4108.13,4098.52,4101.70,3034
30-07-2026 23:00,4101.67,4107.93,4100.00,4105.94,3498
30-07-2026 23:15,4105.94,4108.32,4101.17,4102.59,3032
30-07-2026 23:30,4102.58,4106.71,4102.58,4106.44,3035
30-07-2026 23:45,4106.38,4106.63,4100.78,4103.37,2946
31-07-2026 00:00,4103.43,4107.74,4102.91,4104.80,2877
31-07-2026 00:15,4104.79,4105.15,4098.66,4099.72,2707
31-07-2026 00:30,4099.50,4105.57,4098.65,4104.62,2823
31-07-2026 00:45,4104.60,4114.85,4102.96,4112.76,2965
31-07-2026 01:00,4112.59,4115.17,4111.50,4112.19,2797
31-07-2026 01:15,4112.16,4113.04,4109.20,4111.97,2725
31-07-2026 01:30,4111.94,4117.18,4109.90,4113.86,2492
31-07-2026 01:45,4113.84,4114.86,4111.62,4111.86,1879
31-07-2026 02:00,4112.44,4112.44,4102.35,4102.73,2503
31-07-2026 02:15,4102.76,4103.62,4098.85,4103.32,2046
31-07-2026 03:30,4105.51,4107.28,4101.94,4106.30,1409
31-07-2026 03:45,4106.30,4108.09,4106.00,4107.29,1729
31-07-2026 04:00,4107.29,4110.35,4106.79,4110.14,1956
31-07-2026 04:15,4110.14,4111.00,4108.83,4109.01,1671
31-07-2026 04:30,4109.01,4111.64,4106.41,4107.24,2038
31-07-2026 04:45,4107.25,4107.38,4104.05,4104.06,1997
31-07-2026 05:00,4104.06,4107.24,4102.21,4105.95,2150
31-07-2026 05:15,4105.96,4109.98,4105.34,4105.80,2420
31-07-2026 05:30,4105.82,4107.01,4100.58,4101.37,3278
31-07-2026 05:45,4101.35,4103.72,4095.96,4096.29,3080
31-07-2026 06:00,4096.26,4097.43,4090.41,4093.26,3070
31-07-2026 06:15,4092.88,4096.05,4090.49,4094.67,3170
31-07-2026 06:30,4094.65,4101.55,4088.57,4088.62,3603
31-07-2026 06:45,4088.83,4094.99,4086.62,4091.89,3230
31-07-2026 07:00,4091.90,4091.99,4083.75,4085.64,3291
31-07-2026 07:15,4085.64,4089.41,4081.97,4084.26,3225
31-07-2026 07:30,4084.26,4090.38,4081.54,4085.55,3167
31-07-2026 07:45,4085.57,4085.58,4081.45,4082.05,2729
31-07-2026 08:00,4082.05,4084.31,4075.46,4075.46,3119
31-07-2026 08:15,4075.42,4078.24,4074.28,4076.24,3036
31-07-2026 08:30,4076.17,4076.17,4072.01,4073.36,2988
31-07-2026 08:45,4073.33,4076.01,4072.21,4075.10,2821
31-07-2026 09:00,4075.17,4079.29,4074.96,4076.40,2677
31-07-2026 09:15,4076.41,4077.57,4074.21,4075.08,2497
31-07-2026 09:30,4075.04,4076.85,4073.36,4076.67,2262
31-07-2026 09:45,4076.58,4080.13,4074.44,4079.89,2080
31-07-2026 10:00,4079.89,4081.30,4079.07,4079.14,1718
31-07-2026 10:15,4079.10,4079.96,4074.71,4079.89,2042
31-07-2026 10:30,4079.87,4083.20,4079.66,4079.76,2137
31-07-2026 10:45,4079.77,4082.60,4079.41,4080.77,1656
31-07-2026 11:00,4080.95,4081.44,4075.71,4076.35,2851
31-07-2026 11:15,4076.35,4076.37,4073.28,4074.29,2590
31-07-2026 11:30,4074.31,4082.76,4072.67,4082.26,2887
31-07-2026 11:45,4082.26,4087.38,4080.93,4084.82,2861
31-07-2026 12:00,4084.82,4084.97,4077.25,4078.01,3213
31-07-2026 12:15,4078.01,4081.48,4076.27,4077.57,3117
31-07-2026 12:30,4077.54,4078.99,4075.31,4077.42,2918
31-07-2026 12:45,4077.41,4079.00,4071.77,4072.51,2889
31-07-2026 13:00,4072.50,4073.69,4068.06,4072.05,2766
31-07-2026 13:15,4072.24,4074.29,4067.34,4067.66,2848
31-07-2026 13:30,4067.65,4067.65,4061.04,4062.05,3135
31-07-2026 13:45,4062.06,4067.06,4057.89,4058.49,3012
31-07-2026 14:00,4058.52,4061.39,4054.18,4059.15,2951
31-07-2026 14:15,4059.14,4064.29,4057.62,4061.05,2998
31-07-2026 14:30,4061.09,4063.87,4055.02,4056.65,3475
31-07-2026 14:45,4056.70,4057.28,4051.21,4052.15,3139
31-07-2026 15:00,4052.24,4054.46,4050.24,4053.01,2923
31-07-2026 15:15,4053.00,4056.97,4052.34,4055.00,2573
31-07-2026 15:30,4055.12,4058.41,4053.13,4055.79,2627
31-07-2026 15:45,4055.78,4055.94,4051.99,4053.17,2502
31-07-2026 16:00,4053.12,4056.38,4052.74,4054.77,2574
31-07-2026 16:15,4054.71,4057.03,4053.64,4054.40,2403
31-07-2026 16:30,4054.27,4059.29,4052.12,4056.92,2700
31-07-2026 16:45,4056.96,4060.91,4054.18,4058.74,3121
31-07-2026 17:00,4058.76,4058.76,4050.61,4051.99,2941
31-07-2026 17:15,4052.00,4055.34,4051.20,4053.60,2654
31-07-2026 17:30,4053.88,4059.26,4052.41,4058.98,2935
31-07-2026 17:45,4059.00,4059.23,4047.09,4047.10,3007
31-07-2026 18:00,4047.21,4051.51,4042.36,4044.50,3348
31-07-2026 18:15,4044.49,4046.33,4040.43,4040.68,3142
31-07-2026 18:30,4040.68,4042.65,4034.58,4036.10,3687
31-07-2026 18:45,4036.10,4046.85,4035.48,4042.53,3640
31-07-2026 19:00,4042.52,4043.67,4022.47,4024.95,4091
31-07-2026 19:15,4024.96,4032.10,4021.87,4025.50,4039
31-07-2026 19:30,4025.30,4032.55,4020.92,4031.94,4025
31-07-2026 19:45,4031.91,4040.00,4029.90,4038.69,3813
31-07-2026 20:00,4038.67,4042.94,4036.52,4041.31,3622
31-07-2026 20:15,4041.33,4050.20,4040.86,4048.92,3657
31-07-2026 20:30,4048.98,4050.55,4042.73,4046.94,3715
31-07-2026 20:45,4046.94,4052.62,4040.17,4041.11,3651
31-07-2026 21:00,4040.91,4043.44,4036.51,4042.08,3461
31-07-2026 21:15,4042.11,4046.65,4039.72,4045.43,3382
31-07-2026 21:30,4045.42,4046.81,4041.07,4046.21,3157
31-07-2026 21:45,4046.24,4048.32,4042.93,4047.32,3071
31-07-2026 22:00,4047.33,4049.77,4041.10,4042.41,2885
31-07-2026 22:15,4042.43,4044.94,4042.08,4043.29,2634
31-07-2026 22:30,4043.23,4046.28,4041.50,4045.49,2623
31-07-2026 22:45,4045.54,4053.26,4044.72,4050.33,2816
31-07-2026 23:00,4050.30,4052.99,4047.66,4051.87,3071
31-07-2026 23:15,4051.88,4054.66,4050.17,4053.66,3214
31-07-2026 23:30,4053.53,4054.94,4047.02,4047.95,3181
31-07-2026 23:45,4048.01,4051.64,4047.58,4051.01,2698
01-08-2026 00:00,4050.84,4051.57,4047.94,4049.61,2133
01-08-2026 00:15,4049.61,4051.54,4048.09,4050.69,2181
01-08-2026 00:30,4050.70,4052.85,4046.70,4047.97,2142
01-08-2026 00:45,4047.97,4050.48,4047.04,4050.47,2236
01-08-2026 01:00,4050.49,4054.18,4048.53,4053.68,2374
01-08-2026 01:15,4053.68,4055.13,4049.55,4050.67,3082
01-08-2026 01:30,4050.62,4051.42,4044.81,4047.35,2256
01-08-2026 01:45,4047.52,4048.46,4046.03,4047.65,2131
01-08-2026 02:00,4047.64,4052.59,4046.79,4050.78,2185
01-08-2026 02:15,4050.78,4051.59,4042.43,4043.84,2672
03-08-2026 03:30,4080.10,4081.99,4067.86,4076.11,2551
03-08-2026 03:45,4076.09,4076.89,4063.63,4065.64,2586
03-08-2026 04:00,4065.64,4068.20,4063.88,4066.64,2315
03-08-2026 04:15,4066.64,4066.91,4063.23,4063.55,2064
03-08-2026 04:30,4063.57,4067.01,4063.15,4066.44,2300
03-08-2026 04:45,4066.45,4072.45,4066.24,4071.93,2307
03-08-2026 05:00,4071.95,4072.27,4067.83,4069.47,1772
03-08-2026 05:15,4069.51,4074.96,4068.20,4074.84,2778
03-08-2026 05:30,4074.91,4078.89,4069.87,4071.98,3422
03-08-2026 05:45,4071.82,4072.83,4061.17,4064.25,3241
03-08-2026 06:00,4064.25,4069.92,4056.89,4058.15,3536
03-08-2026 06:15,4058.19,4060.61,4055.61,4057.05,3371
03-08-2026 06:30,4057.04,4063.11,4051.55,4052.28,3870
03-08-2026 06:45,4052.30,4055.05,4047.39,4052.93,3377
03-08-2026 07:00,4052.93,4056.97,4047.59,4051.03,3513
03-08-2026 07:15,4051.04,4057.25,4049.95,4056.45,3225
03-08-2026 07:30,4056.45,4060.93,4053.26,4055.68,3205
03-08-2026 07:45,4055.69,4060.70,4052.24,4058.04,2648
03-08-2026 08:00,4058.03,4060.62,4052.42,4059.55,3305
03-08-2026 08:15,4059.56,4066.80,4058.40,4062.35,3157
03-08-2026 08:30,4062.18,4065.41,4060.86,4064.14,2956
03-08-2026 08:45,4064.14,4067.82,4061.57,4063.79,2840
03-08-2026 09:00,4063.71,4064.85,4060.52,4060.56,2506
03-08-2026 09:15,4060.58,4066.71,4059.23,4065.04,2300
03-08-2026 09:30,4064.98,4068.15,4064.26,4066.57,2236
03-08-2026 09:45,4066.56,4070.91,4066.09,4068.14,2206
03-08-2026 10:00,4068.16,4071.24,4068.16,4070.46,2239
03-08-2026 10:15,4070.49,4071.84,4063.83,4063.90,2248
03-08-2026 10:30,4063.51,4065.19,4056.69,4057.36,2608
03-08-2026 10:45,4057.37,4062.54,4053.95,4060.30,2425
03-08-2026 11:00,4060.28,4064.59,4055.18,4063.37,3204
03-08-2026 11:15,4063.38,4069.81,4058.85,4068.82,2803
03-08-2026 11:30,4068.91,4071.09,4065.98,4066.00,3065
03-08-2026 11:45,4066.00,4071.83,4065.38,4068.41,3046
03-08-2026 12:00,4068.64,4068.85,4060.57,4065.43,2970
03-08-2026 12:15,4065.31,4066.89,4062.69,4063.84,2694
03-08-2026 12:30,4063.71,4065.16,4059.59,4061.49,3156
03-08-2026 12:45,4061.50,4062.10,4051.98,4057.96,3273
03-08-2026 13:00,4057.98,4061.02,4056.48,4059.52,2833
03-08-2026 13:15,4059.50,4063.14,4058.32,4060.94,2796
03-08-2026 13:30,4060.94,4062.11,4058.36,4061.68,2807
03-08-2026 13:45,4061.68,4062.37,4054.26,4055.99,2771
03-08-2026 14:00,4055.93,4060.57,4054.81,4058.33,2837
03-08-2026 14:15,4058.33,4060.97,4057.59,4059.43,2563
03-08-2026 14:30,4059.43,4062.09,4057.21,4061.37,2415
03-08-2026 14:45,4061.37,4061.37,4051.97,4052.54,2821
03-08-2026 15:00,4052.54,4054.71,4046.55,4053.44,3139
03-08-2026 15:15,4053.33,4057.97,4053.33,4055.24,2574
03-08-2026 15:30,4055.36,4057.04,4053.00,4056.03,2613
03-08-2026 15:45,4056.00,4056.88,4051.83,4053.35,2701
03-08-2026 16:00,4053.37,4053.58,4048.68,4049.15,2490
03-08-2026 16:15,4049.15,4050.49,4046.12,4049.29,2429
03-08-2026 16:30,4049.30,4052.78,4047.74,4049.70,2717
03-08-2026 16:45,4049.66,4049.84,4045.45,4048.31,2711
03-08-2026 17:00,4048.39,4054.82,4047.92,4053.44,2547
03-08-2026 17:15,4053.44,4063.03,4052.53,4062.36,2864
03-08-2026 17:30,4062.38,4064.41,4054.70,4055.84,2988
03-08-2026 17:45,4055.84,4056.42,4048.52,4050.78,3100
03-08-2026 18:00,4051.01,4052.81,4042.29,4044.83,3230
03-08-2026 18:15,4044.84,4048.83,4043.14,4047.56,3057
03-08-2026 18:30,4047.56,4053.68,4038.73,4038.77,3767
03-08-2026 18:45,4038.76,4040.37,4031.43,4034.12,3603
03-08-2026 19:00,4034.06,4035.48,4019.00,4031.87,4032
03-08-2026 19:15,4031.90,4035.36,4028.25,4032.12,3770
03-08-2026 19:30,4032.12,4036.22,4026.61,4033.12,3763
03-08-2026 19:45,4033.13,4035.88,4029.86,4032.45,3413
03-08-2026 20:00,4032.50,4038.01,4031.85,4036.31,3231
03-08-2026 20:15,4036.33,4039.09,4033.66,4036.18,3251
03-08-2026 20:30,4036.19,4036.82,4030.24,4033.28,3299
03-08-2026 20:45,4033.27,4038.31,4030.70,4032.66,3213
03-08-2026 21:00,4032.67,4038.65,4030.91,4036.63,3090
03-08-2026 21:15,4036.67,4040.99,4035.31,4035.95,2729
03-08-2026 21:30,4035.98,4037.56,4034.64,4036.45,2480
03-08-2026 21:45,4036.52,4038.36,4034.77,4036.90,2486
03-08-2026 22:00,4036.90,4039.19,4035.50,4038.55,2436
03-08-2026 22:15,4038.65,4038.70,4035.68,4036.90,2253
03-08-2026 22:30,4036.90,4037.60,4033.22,4034.25,2241
03-08-2026 22:45,4034.26,4037.69,4033.86,4034.30,2573
03-08-2026 23:00,4034.29,4036.88,4034.02,4036.02,2117
03-08-2026 23:15,4036.03,4036.34,4030.16,4030.42,2039
03-08-2026 23:30,4030.50,4038.45,4029.62,4034.79,2555
03-08-2026 23:45,4034.80,4038.87,4034.80,4037.78,2360
04-08-2026 00:00,4037.75,4041.37,4036.45,4041.33,2280
04-08-2026 00:15,4041.17,4044.89,4040.37,4043.39,2488
04-08-2026 00:30,4043.40,4049.37,4043.40,4046.18,2678
04-08-2026 00:45,4046.19,4054.20,4046.11,4052.84,2617
04-08-2026 01:00,4052.98,4055.67,4051.93,4053.91,2356
04-08-2026 01:15,4053.92,4055.54,4051.55,4051.95,2424
04-08-2026 01:30,4051.88,4052.81,4050.02,4052.49,1452
04-08-2026 01:45,4052.48,4055.85,4051.39,4054.18,1129
04-08-2026 02:00,4054.33,4057.98,4053.76,4056.22,1362
04-08-2026 02:15,4056.34,4056.76,4053.88,4054.73,1056
04-08-2026 03:30,4053.58,4053.66,4048.58,4050.97,1360
04-08-2026 03:45,4050.94,4052.14,4050.39,4051.69,1343
04-08-2026 04:00,4051.64,4053.33,4051.33,4052.71,1278
04-08-2026 04:15,4052.71,4053.26,4051.08,4052.65,1462
04-08-2026 04:30,4052.60,4054.99,4050.11,4051.39,1709
04-08-2026 04:45,4051.40,4054.60,4050.52,4051.62,1802
04-08-2026 05:00,4051.62,4052.82,4050.95,4052.28,1485
04-08-2026 05:15,4052.30,4053.81,4051.19,4053.79,1979
04-08-2026 05:30,4053.79,4069.28,4053.21,4063.69,3148
04-08-2026 05:45,4063.58,4064.42,4058.20,4059.00,2561
04-08-2026 06:00,4059.00,4060.64,4055.62,4056.30,2351
04-08-2026 06:15,4056.31,4058.01,4048.58,4049.41,2839
04-08-2026 06:30,4049.24,4050.63,4042.48,4046.93,3424
04-08-2026 06:45,4046.95,4052.22,4046.84,4049.13,2922
04-08-2026 07:00,4049.17,4060.13,4048.25,4059.11,3322
04-08-2026 07:15,4059.07,4061.80,4056.62,4058.62,3077
04-08-2026 07:30,4058.73,4061.04,4055.51,4058.13,3031
04-08-2026 07:45,4058.13,4059.76,4055.63,4056.70,2499
04-08-2026 08:00,4056.70,4065.00,4055.60,4061.73,2966
04-08-2026 08:15,4061.71,4062.29,4058.05,4058.77,2621
04-08-2026 08:30,4058.68,4060.53,4056.47,4058.04,2471
04-08-2026 08:45,4058.06,4061.60,4057.74,4057.97,2507
04-08-2026 09:00,4057.95,4058.77,4052.62,4052.80,2323
04-08-2026 09:15,4052.81,4055.42,4052.03,4052.42,1737
04-08-2026 09:30,4052.42,4056.83,4051.07,4056.69,1793
04-08-2026 09:45,4056.68,4061.60,4055.71,4061.38,1984
04-08-2026 10:00,4061.40,4064.16,4060.50,4062.69,1690
04-08-2026 10:15,4062.68,4065.99,4062.27,4063.68,1910
04-08-2026 10:30,4063.96,4064.46,4057.25,4057.92,1936
04-08-2026 10:45,4057.92,4063.96,4057.34,4063.20,1808
04-08-2026 11:00,4063.20,4067.67,4059.17,4062.81,2727
04-08-2026 11:15,4062.98,4064.22,4058.60,4061.75,2662
04-08-2026 11:30,4061.65,4066.09,4061.65,4064.20,2751
04-08-2026 11:45,4063.87,4064.83,4059.45,4059.74,2527
04-08-2026 12:00,4059.76,4060.02,4055.60,4059.93,2463
04-08-2026 12:15,4059.98,4063.69,4058.86,4063.28,2497
04-08-2026 12:30,4063.28,4065.75,4060.76,4060.92,2629
04-08-2026 12:45,4060.91,4065.49,4060.84,4062.89,2493
04-08-2026 13:00,4062.93,4066.66,4061.39,4062.80,2583
04-08-2026 13:15,4062.79,4066.07,4062.18,4065.41,2064
04-08-2026 13:30,4065.41,4072.82,4064.41,4068.12,2926
04-08-2026 13:45,4068.12,4068.61,4060.27,4063.31,2475
04-08-2026 14:00,4063.31,4064.47,4058.43,4059.37,2722
04-08-2026 14:15,4059.40,4059.57,4054.60,4054.99,2646
04-08-2026 14:30,4055.00,4055.29,4048.53,4050.64,2738
04-08-2026 14:45,4050.45,4052.08,4048.53,4050.26,2708
04-08-2026 15:00,4050.27,4051.33,4046.20,4050.23,2425
04-08-2026 15:15,4050.23,4050.85,4047.46,4049.68,2168
04-08-2026 15:30,4049.69,4049.83,4046.86,4048.94,2164
04-08-2026 15:45,4048.90,4049.87,4045.52,4048.95,1907
04-08-2026 16:00,4048.98,4053.96,4046.47,4052.66,2378
04-08-2026 16:15,4052.59,4060.50,4052.44,4053.72,3526
04-08-2026 16:30,4053.74,4058.86,4052.31,4056.61,3016
04-08-2026 16:45,4056.65,4060.92,4055.39,4060.70,2677
04-08-2026 17:00,4060.80,4070.27,4059.81,4069.48,3206
04-08-2026 17:15,4069.39,4084.09,4066.74,4075.10,3934
04-08-2026 17:30,4075.03,4075.78,4061.01,4062.00,3552
04-08-2026 17:45,4062.11,4070.26,4060.98,4067.97,3036
04-08-2026 18:00,4067.97,4084.29,4067.97,4077.83,3401
04-08-2026 18:15,4077.96,4079.14,4069.37,4070.81,3290
04-08-2026 18:30,4070.81,4071.72,4061.09,4063.84,3505
04-08-2026 18:45,4063.80,4091.20,4062.31,4078.42,3644
04-08-2026 19:00,4078.41,4091.38,4075.91,4083.29,4042
04-08-2026 19:15,4083.17,4093.62,4081.72,4084.14,3757
04-08-2026 19:30,4084.02,4091.34,4083.03,4089.99,3676
04-08-2026 19:45,4090.06,4091.79,4080.60,4083.95,3683
04-08-2026 20:00,4083.83,4086.46,4074.30,4079.61,3817
04-08-2026 20:15,4079.74,4084.57,4077.80,4083.46,3404
04-08-2026 20:30,4083.44,4085.57,4079.55,4083.94,3172
04-08-2026 20:45,4083.97,4084.24,4074.73,4078.37,3359
04-08-2026 21:00,4078.27,4087.26,4076.50,4083.89,3295
04-08-2026 21:15,4083.98,4088.79,4082.71,4087.11,3065
04-08-2026 21:30,4087.11,4088.31,4084.29,4085.01,3021
04-08-2026 21:45,4085.01,4089.84,4083.03,4087.54,2671
04-08-2026 22:00,4087.53,4089.31,4084.95,4089.01,2559
04-08-2026 22:15,4089.01,4093.60,4088.59,4093.26,2616
04-08-2026 22:30,4093.09,4106.32,4092.39,4099.94,3295
04-08-2026 22:45,4100.04,4101.16,4094.25,4094.68,3007
04-08-2026 23:00,4094.56,4096.06,4091.62,4095.26,2412
04-08-2026 23:15,4095.30,4096.51,4086.02,4086.02,2745
04-08-2026 23:30,4086.02,4088.81,4084.87,4088.52,2951
04-08-2026 23:45,4088.40,4088.80,4084.43,4084.61,2600
05-08-2026 00:00,4084.63,4085.69,4076.23,4076.53,2839
05-08-2026 00:15,4076.53,4081.11,4075.11,4079.79,2445
05-08-2026 00:30,4079.72,4084.15,4078.66,4081.67,2363
05-08-2026 00:45,4081.69,4084.81,4079.34,4080.22,2305
05-08-2026 01:00,4080.09,4082.42,4078.87,4081.28,2385
05-08-2026 01:15,4081.28,4082.15,4076.25,4078.44,2628
05-08-2026 01:30,4078.39,4080.23,4078.21,4078.95,2001
05-08-2026 01:45,4078.38,4078.79,4074.58,4075.31,2082
05-08-2026 02:00,4075.20,4078.43,4075.16,4077.57,1801
05-08-2026 02:15,4077.49,4077.84,4075.68,4076.96,1463
05-08-2026 03:30,4077.76,4078.14,4075.98,4076.48,1219
05-08-2026 03:45,4076.43,4079.54,4075.33,4079.28,1839
05-08-2026 04:00,4079.28,4085.62,4078.94,4083.75,1804
05-08-2026 04:15,4083.78,4084.26,4075.49,4075.49,2043
05-08-2026 04:30,4075.66,4077.10,4068.36,4073.39,2527
05-08-2026 04:45,4073.39,4074.61,4065.27,4067.11,2078
05-08-2026 05:00,4067.11,4069.95,4065.90,4069.13,1692
05-08-2026 05:15,4069.13,4073.51,4069.00,4072.40,2298
05-08-2026 05:30,4072.55,4074.07,4070.34,4071.70,2710
05-08-2026 05:45,4071.72,4078.87,4071.28,4078.58,2644
05-08-2026 06:00,4078.62,4082.99,4077.96,4078.17,2385
05-08-2026 06:15,4078.19,4083.41,4077.68,4082.33,2709
05-08-2026 06:30,4082.33,4086.81,4077.51,4085.79,3541
05-08-2026 06:45,4085.83,4088.53,4082.59,4084.56,3251
05-08-2026 07:00,4084.46,4093.06,4080.12,4093.01,3166
05-08-2026 07:15,4092.93,4102.52,4092.53,4101.37,3050
05-08-2026 07:30,4101.34,4102.83,4096.40,4099.65,3023
05-08-2026 07:45,4099.65,4108.48,4095.51,4103.43,2878
05-08-2026 08:00,4103.48,4128.86,4101.36,4128.03,3848
05-08-2026 08:15,4127.96,4135.37,4124.74,4129.20,3745
05-08-2026 08:30,4129.11,4135.97,4126.87,4135.76,3310
05-08-2026 08:45,4135.87,4136.52,4129.80,4130.29,2930
05-08-2026 09:00,4130.48,4130.83,4127.35,4128.55,2556
05-08-2026 09:15,4128.52,4130.19,4127.46,4128.25,1947
05-08-2026 09:30,4128.16,4141.41,4128.16,4138.54,2896
05-08-2026 09:45,4138.54,4141.08,4137.75,4138.55,2186
05-08-2026 10:00,4138.55,4138.76,4133.38,4134.55,2025
05-08-2026 10:15,4134.42,4135.97,4132.25,4135.45,1944
05-08-2026 10:30,4135.45,4138.14,4134.66,4137.20,2171
05-08-2026 10:45,4137.19,4142.06,4135.57,4139.45,2244
05-08-2026 11:00,4139.46,4159.55,4139.46,4156.99,3745
05-08-2026 11:15,4157.52,4172.92,4157.09,4161.37,3788
05-08-2026 11:30,4161.64,4174.05,4160.17,4172.99,3588
05-08-2026 11:45,4173.03,4173.33,4160.96,4168.60,3160
05-08-2026 12:00,4168.72,4178.18,4167.05,4175.75,3295
05-08-2026 12:15,4175.60,4178.27,4172.09,4177.43,3135
05-08-2026 12:30,4177.47,4179.52,4166.13,4166.15,3314
05-08-2026 12:45,4166.19,4169.23,4163.10,4164.27,3201
05-08-2026 13:00,4164.32,4166.74,4162.25,4166.58,3032
05-08-2026 13:15,4166.57,4172.00,4164.19,4170.69,2765
05-08-2026 13:30,4170.70,4172.58,4164.81,4165.40,2875
05-08-2026 13:45,4165.38,4168.04,4162.13,4164.39,2930
05-08-2026 14:00,4164.37,4166.83,4161.47,4165.99,3129
05-08-2026 14:15,4166.01,4166.09,4158.84,4160.47,3228
05-08-2026 14:30,4160.66,4167.03,4160.46,4162.76,3203
05-08-2026 14:45,4162.76,4162.87,4155.15,4157.56,2970
05-08-2026 15:00,4157.56,4159.00,4154.24,4158.01,3057
05-08-2026 15:15,4158.01,4159.08,4153.03,4157.99,2415
05-08-2026 15:30,4157.95,4157.98,4150.19,4150.99,2706
05-08-2026 15:45,4151.01,4158.42,4150.03,4156.56,2605
05-08-2026 16:00,4156.57,4157.75,4153.82,4155.05,2200
05-08-2026 16:15,4155.38,4161.38,4153.90,4161.25,2577
05-08-2026 16:30,4161.25,4170.93,4160.74,4170.88,2949
05-08-2026 16:45,4170.77,4180.55,4169.25,4175.81,3083
05-08-2026 17:00,4175.96,4188.29,4174.04,4184.81,3581
05-08-2026 17:15,4184.79,4192.54,4182.77,4188.87,3287
05-08-2026 17:30,4188.97,4199.92,4188.93,4197.71,3394
05-08-2026 17:45,4197.88,4213.38,4197.88,4205.30,3641
05-08-2026 18:00,4205.38,4208.87,4192.67,4194.53,3440
05-08-2026 18:15,4194.57,4195.56,4183.14,4183.84,3392
05-08-2026 18:30,4183.79,4197.09,4183.79,4187.80,3705
05-08-2026 18:45,4187.84,4197.92,4185.61,4196.85,3484
05-08-2026 19:00,4197.01,4204.56,4192.48,4197.57,4100
05-08-2026 19:15,4197.54,4206.90,4189.55,4205.73,4027
05-08-2026 19:30,4205.82,4234.95,4203.63,4229.74,4130
05-08-2026 19:45,4229.73,4238.93,4226.60,4237.66,3403
05-08-2026 20:00,4237.57,4243.34,4228.73,4243.11,3496
05-08-2026 20:15,4243.11,4247.57,4233.24,4244.10,3989
05-08-2026 20:30,4244.09,4260.92,4242.61,4257.86,3891
05-08-2026 20:45,4257.86,4264.96,4250.13,4257.42,3731
05-08-2026 21:00,4257.36,4259.70,4252.39,4255.87,3581
05-08-2026 21:15,4255.78,4255.84,4232.29,4232.69,3793
05-08-2026 21:30,4232.81,4236.10,4224.66,4234.20,3758
05-08-2026 21:45,4234.20,4241.59,4232.62,4241.23,3452
05-08-2026 22:00,4241.28,4246.83,4238.94,4244.54,3194
05-08-2026 22:15,4244.54,4247.08,4238.15,4242.18,3312
05-08-2026 22:30,4242.19,4244.14,4239.20,4241.94,3156
05-08-2026 22:45,4241.89,4246.40,4236.79,4244.45,3263
05-08-2026 23:00,4244.59,4250.66,4240.74,4248.07,3196
05-08-2026 23:15,4248.00,4252.34,4247.42,4250.12,2825
05-08-2026 23:30,4249.68,4257.47,4249.10,4253.13,3129
05-08-2026 23:45,4253.13,4267.64,4252.91,4262.98,3142
06-08-2026 00:00,4263.00,4263.56,4254.45,4259.25,2980
06-08-2026 00:15,4259.24,4263.61,4257.91,4260.77,2882
06-08-2026 00:30,4260.85,4262.06,4256.08,4257.95,3006
06-08-2026 00:45,4258.07,4258.09,4250.49,4252.83,2893
06-08-2026 01:00,4252.85,4253.99,4248.38,4253.08,2982
06-08-2026 01:15,4253.03,4253.17,4246.32,4246.87,3055
06-08-2026 01:30,4246.84,4249.56,4246.53,4249.11,1991
06-08-2026 01:45,4249.20,4249.64,4245.39,4246.24,1499
06-08-2026 02:00,4246.25,4249.43,4244.94,4245.32,1320
06-08-2026 02:15,4245.32,4246.58,4242.59,4246.50,1455
06-08-2026 03:30,4249.05,4253.23,4245.01,4247.12,1519
06-08-2026 03:45,4246.97,4248.36,4246.49,4247.53,1184
06-08-2026 04:00,4247.53,4250.15,4247.35,4248.09,1493
06-08-2026 04:15,4248.12,4250.23,4247.64,4249.93,1397
06-08-2026 04:30,4249.91,4258.15,4249.10,4256.13,1797
06-08-2026 04:45,4256.07,4264.15,4255.90,4263.41,2059
06-08-2026 05:00,4263.42,4281.81,4260.80,4280.56,2689
06-08-2026 05:15,4280.56,4280.61,4272.06,4278.04,2755
06-08-2026 05:30,4278.08,4278.08,4264.44,4270.53,3411
06-08-2026 05:45,4270.68,4284.60,4270.67,4274.06,3345
06-08-2026 06:00,4273.91,4291.11,4273.91,4286.38,3191
06-08-2026 06:15,4286.35,4300.26,4286.04,4294.75,3351
06-08-2026 06:30,4294.72,4302.70,4280.14,4284.71,3908
06-08-2026 06:45,4284.71,4287.86,4272.99,4275.95,3722
06-08-2026 07:00,4276.05,4297.17,4275.76,4287.73,3678
06-08-2026 07:15,4287.66,4297.34,4282.96,4286.54,3477
06-08-2026 07:30,4286.43,4304.03,4283.56,4295.06,3483
06-08-2026 07:45,4295.07,4300.01,4291.69,4292.26,2639
06-08-2026 08:00,4292.20,4292.26,4280.81,4285.71,3379
06-08-2026 08:15,4285.72,4286.98,4274.93,4278.49,3177
06-08-2026 08:30,4278.50,4280.83,4273.81,4274.10,3177
06-08-2026 08:45,4273.96,4274.05,4260.91,4266.11,3430
06-08-2026 09:00,4266.16,4266.72,4261.43,4262.70,2723
06-08-2026 09:15,4262.72,4265.72,4260.39,4265.54,2615
06-08-2026 09:30,4265.64,4267.26,4262.14,4263.29,2506
06-08-2026 09:45,4263.29,4263.83,4252.89,4255.15,2614
06-08-2026 10:00,4255.39,4261.05,4255.28,4258.94,2467
06-08-2026 10:15,4258.95,4262.81,4258.26,4262.09,2237
06-08-2026 10:30,4262.10,4265.07,4256.43,4259.38,2843
06-08-2026 10:45,4259.43,4259.49,4253.13,4253.77,2798
06-08-2026 11:00,4253.82,4265.89,4247.20,4263.33,3503
06-08-2026 11:15,4263.33,4268.40,4261.98,4267.06,2935
06-08-2026 11:30,4267.06,4268.44,4256.58,4260.44,3116
06-08-2026 11:45,4260.29,4261.14,4254.50,4257.47,2978
06-08-2026 12:00,4257.49,4257.87,4249.39,4256.65,2858
06-08-2026 12:15,4256.35,4258.20,4251.06,4256.01,2869
06-08-2026 12:30,4256.01,4263.59,4253.18,4263.14,2994
06-08-2026 12:45,4263.16,4265.14,4258.24,4261.71,2736
06-08-2026 13:00,4261.73,4261.96,4254.74,4254.91,2597
06-08-2026 13:15,4254.91,4262.78,4252.39,4262.59,2906
06-08-2026 13:30,4262.60,4269.30,4260.06,4268.80,2950
06-08-2026 13:45,4268.82,4270.34,4263.53,4267.63,2832
06-08-2026 14:00,4267.66,4274.86,4266.37,4273.04,2859
06-08-2026 14:15,4273.05,4278.74,4270.33,4278.18,3126
06-08-2026 14:30,4278.32,4283.47,4275.89,4279.63,3214
06-08-2026 14:45,4279.67,4284.71,4278.47,4283.16,2923
06-08-2026 15:00,4283.20,4284.12,4271.77,4271.78,2869
06-08-2026 15:15,4271.78,4276.12,4271.26,4272.97,2435
06-08-2026 15:30,4272.97,4273.66,4268.49,4269.50,2792
06-08-2026 15:45,4269.47,4270.93,4267.22,4269.20,2599
06-08-2026 16:00,4269.20,4269.72,4264.56,4265.48,2572
06-08-2026 16:15,4265.34,4271.63,4264.73,4270.93,2537
06-08-2026 16:30,4270.94,4273.33,4266.46,4268.94,2959
06-08-2026 16:45,4268.90,4271.42,4260.58,4264.17,2852
06-08-2026 17:00,4264.29,4266.96,4259.71,4260.55,2726
06-08-2026 17:15,4260.59,4263.42,4254.06,4263.03,3142
06-08-2026 17:30,4263.14,4265.75,4255.44,4256.18,3096
06-08-2026 17:45,4256.18,4262.85,4253.18,4261.33,3107
06-08-2026 18:00,4261.36,4270.69,4258.00,4266.99,3181
06-08-2026 18:15,4266.90,4267.48,4249.01,4250.21,3437
06-08-2026 18:30,4250.11,4255.64,4230.57,4238.29,3887
06-08-2026 18:45,4238.34,4248.17,4235.89,4247.51,3475
06-08-2026 19:00,4247.54,4274.21,4245.85,4270.06,3983
06-08-2026 19:15,4270.13,4270.38,4262.25,4267.08,3847
06-08-2026 19:30,4267.10,4275.21,4264.07,4268.23,3871
06-08-2026 19:45,4268.23,4268.90,4260.08,4265.23,3817
06-08-2026 20:00,4265.31,4274.92,4265.31,4273.51,3794
06-08-2026 20:15,4273.54,4274.82,4262.80,4272.95,3743
06-08-2026 20:30,4272.95,4274.30,4261.99,4263.65,3638
06-08-2026 20:45,4263.79,4263.88,4250.59,4254.73,3776
06-08-2026 21:00,4254.75,4255.49,4246.42,4251.42,3560
06-08-2026 21:15,4251.43,4251.69,4229.53,4233.52,3915
06-08-2026 21:30,4233.93,4243.12,4230.90,4232.69,3790
06-08-2026 21:45,4232.68,4232.91,4223.17,4230.01,3747
06-08-2026 22:00,4229.97,4235.98,4229.97,4233.42,3330
06-08-2026 22:15,4233.43,4242.44,4231.65,4241.37,3036
06-08-2026 22:30,4241.62,4244.63,4239.33,4240.94,3141
06-08-2026 22:45,4240.96,4242.67,4238.29,4241.68,3043
06-08-2026 23:00,4241.66,4243.49,4238.41,4241.93,2891
06-08-2026 23:15,4241.98,4248.06,4240.39,4247.11,2815
06-08-2026 23:30,4247.37,4248.97,4244.05,4246.63,2817
06-08-2026 23:45,4246.68,4249.48,4246.07,4246.64,2776
07-08-2026 00:00,4246.64,4247.62,4240.64,4241.71,2438
07-08-2026 00:15,4241.71,4245.67,4240.65,4243.36,2428
07-08-2026 00:30,4243.45,4251.25,4242.90,4247.29,2693
07-08-2026 00:45,4247.35,4248.46,4235.24,4237.27,2828
07-08-2026 01:00,4237.25,4239.56,4232.99,4234.57,3091
07-08-2026 01:15,4234.62,4250.61,4234.62,4248.88,3255
07-08-2026 01:30,4248.88,4250.18,4242.69,4244.46,2001
07-08-2026 01:45,4244.79,4245.55,4239.79,4241.84,1694
07-08-2026 02:00,4241.88,4242.41,4235.07,4235.31,1745
07-08-2026 02:15,4235.33,4241.65,4234.29,4240.17,1619
07-08-2026 03:30,4238.32,4239.65,4235.38,4238.39,1115
07-08-2026 03:45,4238.37,4243.11,4238.34,4241.97,1528
07-08-2026 04:00,4241.97,4243.08,4238.74,4239.23,1446
07-08-2026 04:15,4239.21,4242.65,4238.67,4240.60,1321
07-08-2026 04:30,4240.25,4245.68,4240.19,4245.39,1569
07-08-2026 04:45,4245.28,4246.30,4243.06,4245.04,1244
07-08-2026 05:00,4245.04,4248.67,4244.90,4246.67,1613
07-08-2026 05:15,4246.69,4253.18,4245.80,4252.29,2637
07-08-2026 05:30,4251.81,4252.93,4243.35,4244.77,2966
07-08-2026 05:45,4244.77,4246.12,4239.06,4243.70,3047
07-08-2026 06:00,4243.71,4243.87,4230.16,4234.69,3223
07-08-2026 06:15,4234.69,4236.88,4229.61,4232.49,3299
07-08-2026 06:30,4232.51,4246.58,4231.61,4244.11,3742
07-08-2026 06:45,4244.24,4250.14,4240.08,4243.29,3515
07-08-2026 07:00,4243.30,4258.61,4239.05,4256.55,3620
07-08-2026 07:15,4256.59,4259.28,4252.03,4256.59,3435
07-08-2026 07:30,4256.71,4261.60,4256.06,4258.60,3167
07-08-2026 07:45,4258.60,4261.08,4257.42,4260.63,2153
07-08-2026 08:00,4260.73,4261.55,4249.57,4249.57,3312
07-08-2026 08:15,4249.62,4255.99,4247.06,4250.21,3145
07-08-2026 08:30,4250.26,4259.27,4249.55,4254.72,2970
07-08-2026 08:45,4254.65,4258.74,4252.04,4258.59,2854
07-08-2026 09:00,4258.41,4261.26,4257.63,4260.68,2124
07-08-2026 09:15,4260.67,4266.29,4259.17,4266.11,2185
07-08-2026 09:30,4266.08,4269.02,4262.07,4265.85,2839
07-08-2026 09:45,4265.84,4268.28,4261.86,4264.96,2823
07-08-2026 10:00,4264.96,4268.37,4260.69,4263.82,2687
07-08-2026 10:15,4263.80,4267.13,4262.14,4264.82,1884
07-08-2026 10:30,4264.82,4270.86,4261.75,4269.65,2687
