datetime,open,high,low,close,volume
16-10-2025 00:30,111442.61,111569.03,111085.70,111263.61,8905
16-10-2025 01:30,111263.36,111573.07,110528.29,111118.42,11214
16-10-2025 02:30,111118.42,111428.94,110495.20,110842.43,8741
16-10-2025 03:30,110844.65,111398.94,110658.37,110665.59,9966
16-10-2025 04:30,110665.59,111025.58,110576.50,110759.80,9448
16-10-2025 05:30,110759.80,110862.53,110365.84,110442.87,12349
16-10-2025 06:30,110442.87,111344.95,110428.62,111309.11,13706
16-10-2025 07:30,111309.11,111560.73,111018.30,111522.83,12752
16-10-2025 08:30,111523.01,111876.38,111266.78,111339.23,8450
16-10-2025 09:30,111340.52,111686.18,110811.23,110978.61,8889
16-10-2025 10:30,110980.19,111470.45,110742.35,110959.29,10320
16-10-2025 11:30,110959.27,111721.08,110913.06,111662.58,13004
16-10-2025 12:30,111662.58,111778.15,110515.19,110545.88,13656
16-10-2025 13:30,110541.28,110896.65,110362.68,110804.40,11022
16-10-2025 14:30,110804.40,111646.71,109606.27,111143.02,13325
16-10-2025 15:30,111143.52,111698.05,111017.61,111463.33,10364
16-10-2025 16:30,111464.95,111563.85,110992.13,111402.42,10015
16-10-2025 17:30,111402.42,111973.22,111324.93,111517.83,8660
16-10-2025 18:30,111515.38,111555.36,110674.18,110854.76,12677
16-10-2025 19:30,110852.17,111429.33,109729.04,110531.75,14950
16-10-2025 20:30,110531.25,110741.71,108353.99,108544.03,15526
16-10-2025 21:30,108541.55,109276.78,107567.43,109247.31,15187
16-10-2025 22:30,109246.46,109256.70,108206.69,108274.67,16035
16-10-2025 23:30,108274.67,108672.01,107676.88,108660.30,16234
17-10-2025 00:30,108660.30,108764.51,107678.99,108207.20,18941
17-10-2025 01:30,108207.70,108436.11,107433.97,107831.35,14588
17-10-2025 02:30,107832.57,108449.49,107572.74,108418.16,9344
17-10-2025 03:30,108418.82,108500.80,107748.82,107772.82,13255
17-10-2025 04:30,107772.82,108412.65,107711.18,108169.21,12021
17-10-2025 05:30,108169.21,108807.84,107887.14,108767.98,13244
17-10-2025 06:30,108773.98,109101.68,108482.07,108816.01,13835
17-10-2025 07:30,108825.15,109055.26,108365.11,108962.41,9300
17-10-2025 08:30,108962.41,109218.41,108879.03,109163.45,13505
17-10-2025 09:30,109163.45,109227.22,108751.82,108761.25,9906
17-10-2025 10:30,108760.55,108898.25,108270.85,108357.37,12765
17-10-2025 11:30,108357.96,108492.59,106646.58,106716.29,14395
17-10-2025 12:30,106716.29,106871.94,105480.96,105581.00,14337
17-10-2025 13:30,105581.75,105671.01,104449.03,104838.43,14274
17-10-2025 14:30,104838.43,105590.25,104477.16,104489.16,12980
17-10-2025 15:30,104489.16,104858.18,103486.56,104700.09,13274
17-10-2025 16:30,104698.09,106514.05,104622.88,105636.69,14646
17-10-2025 17:30,105635.93,106028.19,105190.21,105309.36,12013
17-10-2025 18:30,105308.86,106144.50,104859.10,105813.36,13780
17-10-2025 19:30,105813.37,105973.60,104510.62,105133.93,14460
17-10-2025 20:30,105133.93,106816.80,105059.42,106757.28,13132
17-10-2025 21:30,106757.28,107491.09,106204.95,106347.43,13187
17-10-2025 22:30,106347.43,106704.70,106044.08,106424.34,12907
17-10-2025 23:30,106424.34,107078.35,106419.44,106630.23,12028
18-10-2025 00:30,106630.23,106873.31,106206.37,106436.40,11615
18-10-2025 01:30,106436.40,107161.12,106315.59,106989.77,8116
18-10-2025 02:30,106991.17,107441.50,106989.31,107289.10,7136
18-10-2025 03:30,107289.10,107417.52,106815.79,106981.19,6187
18-10-2025 04:30,106981.19,106989.88,106381.15,106425.55,7110
18-10-2025 05:30,106424.95,106839.99,106312.18,106837.57,8584
18-10-2025 06:30,106839.24,107301.99,106810.65,107142.97,7771
18-10-2025 07:30,107142.97,107297.09,106494.88,106589.98,5380
18-10-2025 08:30,106589.98,107128.13,106570.71,107076.60,6449
18-10-2025 09:30,107076.60,107083.14,106442.91,106468.33,5007
18-10-2025 10:30,106468.33,106851.89,106468.33,106812.68,5523
18-10-2025 11:30,106812.68,106955.56,106712.84,106846.79,3758
18-10-2025 12:30,106846.79,107494.41,106846.74,107205.60,4895
18-10-2025 15:30,106959.70,106978.20,106785.45,106921.57,765
18-10-2025 16:30,106919.69,107227.59,106768.90,107213.59,6407
18-10-2025 17:30,107213.59,107296.07,106958.21,107065.75,4668
18-10-2025 18:30,107065.75,107103.33,106803.53,106889.66,7451
18-10-2025 19:30,106889.66,107121.13,106727.06,107037.16,6552
18-10-2025 20:30,107036.66,107153.54,106814.44,106947.15,6948
18-10-2025 21:30,106947.15,107060.83,106468.91,106649.09,6588
18-10-2025 22:30,106649.09,106955.39,106557.49,106863.74,7578
18-10-2025 23:30,106863.74,106912.39,106711.20,106846.28,4640
19-10-2025 00:30,106846.28,107095.12,106767.07,107075.54,5354
19-10-2025 01:30,107075.54,107338.92,106983.96,107002.63,5787
19-10-2025 02:30,107002.70,107227.82,106829.27,107162.50,4923
19-10-2025 03:30,107161.61,107290.78,107060.30,107115.65,5349
19-10-2025 04:30,107111.18,107197.73,107003.17,107166.04,3304
19-10-2025 05:30,107166.04,107256.66,106739.21,106891.33,5781
19-10-2025 06:30,106891.33,106985.35,106747.41,106965.41,3845
19-10-2025 07:30,106965.36,106990.62,106806.83,106836.66,5269
19-10-2025 08:30,106837.26,107363.55,106785.30,107261.60,8115
19-10-2025 09:30,107261.60,107279.59,106977.60,107036.61,6073
19-10-2025 10:30,107044.44,107177.77,106805.63,106873.00,5200
19-10-2025 11:30,106873.00,106906.23,106550.85,106763.81,6191
19-10-2025 12:30,106763.81,106909.57,106677.03,106769.76,6000
19-10-2025 13:30,106769.76,107183.47,106259.83,106421.25,11204
19-10-2025 14:30,106421.25,108181.29,106085.50,107384.94,11916
19-10-2025 15:30,107387.63,107877.33,106979.94,107875.41,12708
19-10-2025 16:30,107876.33,108233.61,107627.08,107774.86,7767
19-10-2025 17:30,107774.86,107852.86,107433.06,107579.44,6792
19-10-2025 18:30,107604.52,108220.66,107358.51,108083.27,8527
19-10-2025 19:30,108083.60,108504.22,107882.51,108401.28,15661
19-10-2025 20:30,108400.48,108625.50,108315.07,108488.47,10191
19-10-2025 21:30,108486.14,108955.43,108234.85,108620.93,8115
19-10-2025 22:30,108616.95,109441.74,108607.27,109117.99,11789
19-10-2025 23:30,109116.16,109457.05,109039.07,109389.88,7902
20-10-2025 00:30,109389.88,109389.88,108797.33,108907.39,9166
20-10-2025 01:30,108907.40,109000.00,108806.44,108844.15,8620
20-10-2025 02:30,108844.27,108877.13,108608.53,108754.02,5811
20-10-2025 03:30,108754.02,109374.43,108754.02,109145.64,10574
20-10-2025 04:30,109145.03,109147.49,108461.08,108641.31,9431
20-10-2025 05:30,108634.37,108643.16,107413.01,108054.91,11658
20-10-2025 06:30,108055.25,108281.86,107894.92,108050.75,13765
20-10-2025 07:30,108051.04,108971.77,107840.97,108765.12,14167
20-10-2025 08:30,108765.12,110415.59,108551.91,110137.71,13220
20-10-2025 09:30,110136.50,110517.07,109928.52,110420.77,15251
20-10-2025 10:30,110420.77,111111.64,110274.37,111016.49,13719
20-10-2025 11:30,111019.01,111374.45,110990.46,111288.71,15008
20-10-2025 12:30,111288.71,111405.50,111054.61,111185.02,10059
20-10-2025 13:30,111188.39,111653.07,110944.51,111082.13,7364
20-10-2025 14:30,111083.71,111184.00,110694.78,110960.84,6427
20-10-2025 15:30,110960.84,111098.37,110647.54,110733.46,8101
20-10-2025 16:30,110733.46,111026.21,110612.80,111014.36,8550
20-10-2025 17:30,111011.47,111197.50,110759.81,110835.36,8837
20-10-2025 18:30,110834.85,111193.05,110566.64,111155.02,12410
20-10-2025 19:30,111153.98,111368.03,110690.14,111202.99,14405
20-10-2025 20:30,111202.99,111703.34,111001.07,111141.51,14013
20-10-2025 21:30,111137.04,111307.04,110124.93,110686.65,13573
20-10-2025 22:30,110685.51,111082.08,109839.52,110281.36,10710
20-10-2025 23:30,110281.36,110958.57,110209.12,110912.73,10521
21-10-2025 00:30,110912.73,111056.58,110521.77,110804.07,8412
21-10-2025 01:30,110797.65,111247.04,110643.94,111088.41,7509
21-10-2025 02:30,111088.41,111252.43,110455.78,110549.24,6393
21-10-2025 03:30,110549.24,110869.14,110398.31,110794.16,5788
21-10-2025 04:30,110794.16,110823.72,110508.66,110534.20,8027
21-10-2025 05:30,110531.44,110543.20,110151.34,110436.29,9787
21-10-2025 06:30,110434.79,110484.31,109613.03,109850.54,7840
21-10-2025 07:30,109852.51,109913.51,109303.75,109509.67,7871
21-10-2025 08:30,109509.67,109616.68,109056.35,109057.88,7728
21-10-2025 09:30,109057.88,109057.88,107642.45,107778.00,12407
21-10-2025 10:30,107777.88,107975.29,107455.64,107537.90,12620
21-10-2025 11:30,107537.97,108192.02,107488.69,107908.20,11352
21-10-2025 12:30,107902.13,108190.51,107636.64,108056.74,8454
21-10-2025 13:30,108055.31,108087.25,107466.70,107687.14,11269
21-10-2025 14:30,107688.17,107862.85,107527.67,107741.29,8399
21-10-2025 15:30,107741.29,108812.46,107558.99,108485.06,9411
21-10-2025 16:30,108485.07,108624.00,108141.51,108566.46,8926
21-10-2025 17:30,108566.46,109467.88,108453.37,108777.01,12473
21-10-2025 18:30,108775.13,108890.33,107927.24,108425.61,15765
21-10-2025 19:30,108430.15,112311.89,108404.60,112194.81,14797
21-10-2025 20:30,112194.81,113565.82,111737.26,113439.77,14579
21-10-2025 21:30,113443.30,114024.24,112476.47,112549.98,12416
21-10-2025 22:30,112562.28,113005.92,111819.50,112020.73,13502
21-10-2025 23:30,112020.73,112315.56,111366.09,112000.88,11889
22-10-2025 00:30,112000.88,112227.61,111573.22,111801.06,9127
22-10-2025 01:30,111801.06,111817.25,110596.19,110809.15,12630
22-10-2025 02:30,110813.02,111132.68,110147.43,110838.35,10930
22-10-2025 03:30,110838.35,110838.35,108410.12,109072.99,12638
22-10-2025 04:30,109073.97,109449.70,108073.93,108308.15,13838
22-10-2025 05:30,108308.80,108640.54,107851.79,107990.78,11558
22-10-2025 06:30,107990.78,108479.04,107990.78,108365.78,10812
22-10-2025 07:30,108365.73,108690.98,108214.95,108215.53,10555
22-10-2025 08:30,108215.82,108237.69,107874.80,108234.68,8784
22-10-2025 09:30,108234.71,108651.15,108172.41,108634.48,9355
22-10-2025 10:30,108632.08,108662.01,107898.42,108194.70,9580
22-10-2025 11:30,108194.70,108362.14,107959.43,107996.78,6670
22-10-2025 12:30,107996.78,108342.67,107617.52,108342.40,11014
22-10-2025 13:30,108342.40,108376.13,108091.61,108246.80,8925
22-10-2025 14:30,108246.80,108292.18,107775.41,107971.34,10519
22-10-2025 15:30,107971.34,108129.23,107632.31,107653.78,9512
22-10-2025 16:30,107658.40,108218.72,106758.02,107554.95,13016
22-10-2025 17:30,107554.95,108402.69,107447.96,108048.36,9720
22-10-2025 18:30,108048.36,109029.41,107635.38,108797.94,12801
22-10-2025 19:30,108796.44,108983.92,107499.40,108912.93,14411
22-10-2025 20:30,108917.23,109134.14,107720.89,108383.07,12890
22-10-2025 21:30,108381.62,108770.30,107824.80,108186.72,12113
22-10-2025 22:30,108186.72,108304.41,107537.34,107746.72,9593
22-10-2025 23:30,107746.60,108179.39,107418.96,107994.04,9015
23-10-2025 00:30,107994.02,108372.61,107705.85,107811.33,7983
23-10-2025 01:30,107814.84,108028.33,107467.45,107658.20,7129
23-10-2025 02:30,107658.20,107720.89,106666.80,107171.13,10723
23-10-2025 03:30,107171.13,107650.44,106887.29,107161.07,10700
23-10-2025 04:30,107161.07,107915.84,107127.40,107542.46,7347
23-10-2025 05:30,107542.46,107948.29,107468.46,107832.22,8628
23-10-2025 06:30,107832.85,108469.93,107782.09,108142.61,9876
23-10-2025 07:30,108142.61,108392.64,108047.25,108392.64,7163
23-10-2025 08:30,108392.64,108704.37,108304.78,108352.68,6873
23-10-2025 09:30,108352.68,108926.10,108335.12,108626.92,4410
23-10-2025 10:30,108626.94,108974.98,108603.80,108942.54,3840
23-10-2025 11:30,108940.90,110299.70,108841.16,110247.33,12947
23-10-2025 12:30,110247.97,110277.23,109202.82,109248.44,9454
23-10-2025 13:30,109248.44,109893.03,109225.73,109494.98,7306
23-10-2025 14:30,109494.98,109534.23,109104.05,109412.27,5802
23-10-2025 15:30,109416.83,109697.92,109367.18,109422.21,6768
23-10-2025 16:30,109422.21,109648.12,109099.81,109241.65,7492
23-10-2025 17:30,109241.28,109241.28,108672.00,109154.33,10618
23-10-2025 18:30,109154.33,109610.52,108778.96,109492.04,9005
23-10-2025 19:30,109494.78,109814.60,108715.47,109587.76,13346
23-10-2025 20:30,109587.76,110105.44,109479.08,109899.70,11410
23-10-2025 21:30,109899.70,110562.28,109635.24,110253.38,7852
23-10-2025 22:30,110254.38,111297.29,109648.09,111234.73,10132
23-10-2025 23:30,111240.48,111294.72,110254.47,110569.15,9695
24-10-2025 00:30,110569.15,110634.25,110098.43,110202.39,7492
24-10-2025 01:30,110202.39,110208.39,109371.18,109520.17,6830
24-10-2025 02:30,109520.17,109723.70,109353.61,109538.87,5710
24-10-2025 03:30,109538.87,110155.16,109517.67,109941.40,4303
24-10-2025 04:30,109941.94,110105.95,109833.01,110071.98,4550
24-10-2025 05:30,110071.98,110697.24,109986.52,110500.31,7905
24-10-2025 06:30,110501.25,110674.02,110133.42,110575.28,7558
24-10-2025 07:30,110575.28,110805.18,110335.82,110560.72,5503
24-10-2025 08:30,110562.29,110633.72,110260.26,110443.76,6007
24-10-2025 09:30,110443.76,111463.42,110329.85,111164.01,7296
24-10-2025 10:30,111164.01,111309.55,110930.43,111245.49,4993
24-10-2025 11:30,111245.49,111496.24,111120.49,111455.02,5252
24-10-2025 12:30,111455.02,111527.69,110768.62,111050.73,6098
24-10-2025 13:30,111050.73,111214.03,110678.02,111075.53,7476
24-10-2025 14:30,111075.53,111488.10,110978.46,111325.95,6312
24-10-2025 15:30,111325.95,111325.96,111049.57,111113.03,4366
24-10-2025 16:30,111113.03,111264.59,110585.61,111056.21,8001
24-10-2025 17:30,111053.61,112051.71,110857.64,111288.28,10737
24-10-2025 18:30,111288.28,111426.96,110375.80,110928.43,12345
24-10-2025 19:30,110927.66,110928.43,109696.58,110172.44,12754
24-10-2025 20:30,110172.44,110597.24,109867.21,110026.06,10126
24-10-2025 21:30,110026.06,110367.10,109768.03,110242.82,10314
24-10-2025 22:30,110242.82,110556.77,110155.86,110189.90,9369
24-10-2025 23:30,110189.90,110616.86,110121.77,110577.32,8695
25-10-2025 00:30,110577.32,110917.31,110476.31,110579.75,9284
25-10-2025 01:30,110579.75,110996.30,110441.19,110871.62,6876
25-10-2025 02:30,110922.93,111098.04,110610.81,111070.70,7030
25-10-2025 03:30,111068.91,111126.55,110898.15,110999.99,6407
25-10-2025 04:30,110999.99,111111.29,110863.63,110997.74,4070
25-10-2025 05:30,110997.74,111035.98,110652.64,110753.92,4882
25-10-2025 06:30,110753.92,111217.22,110731.76,111059.95,5818
25-10-2025 07:30,111059.95,111119.81,110934.83,111017.76,3509
25-10-2025 08:30,111017.76,111119.27,110978.48,111005.33,3682
25-10-2025 09:30,111005.33,111434.41,111005.33,111206.99,4200
25-10-2025 10:30,111206.99,111406.93,111062.61,111362.93,3611
25-10-2025 11:30,111362.93,111468.89,111234.96,111341.61,2872
25-10-2025 12:30,111341.61,111787.82,111341.61,111472.34,4627
25-10-2025 13:30,111472.34,111772.66,111461.20,111747.54,4759
25-10-2025 14:30,111747.54,111819.25,111465.73,111500.40,4923
25-10-2025 15:30,111500.40,111706.18,111355.74,111532.95,5496
25-10-2025 16:30,111532.88,111656.57,111455.11,111554.47,5060
25-10-2025 17:30,111554.47,111921.45,111508.86,111876.47,4832
25-10-2025 18:30,111876.47,111909.21,111494.64,111662.82,6170
25-10-2025 19:30,111662.82,111743.45,111500.75,111567.55,3930
25-10-2025 20:30,111567.55,111568.19,111305.15,111360.73,6673
25-10-2025 21:30,111360.73,111456.72,111109.95,111361.30,9273
25-10-2025 22:30,111361.85,111440.86,111269.36,111358.60,8579
25-10-2025 23:30,111358.60,111717.61,111295.72,111695.10,9260
26-10-2025 00:30,111694.83,111699.83,111553.47,111599.50,8779
26-10-2025 01:30,111599.55,111637.59,111333.35,111409.08,5899
26-10-2025 02:30,111409.37,111456.56,111318.64,111455.40,4876
26-10-2025 03:30,111455.40,111669.82,111379.41,111597.86,6770
26-10-2025 04:30,111597.86,111659.76,111502.18,111621.56,6747
26-10-2025 05:30,111621.70,111890.24,111515.67,111698.68,9802
26-10-2025 06:30,111698.26,111824.23,111507.84,111613.55,6919
26-10-2025 07:30,111613.55,111666.33,111385.39,111431.45,7106
26-10-2025 08:30,111431.45,111486.30,111222.35,111244.62,8569
26-10-2025 09:30,111244.63,111467.02,111222.77,111407.51,6178
26-10-2025 10:30,111407.51,111619.47,111337.75,111576.64,6077
26-10-2025 11:30,111576.64,111651.33,111506.44,111596.68,5100
26-10-2025 12:30,111596.68,111705.28,111581.69,111705.20,4440
26-10-2025 13:30,111705.18,111821.59,111704.63,111748.78,6055
26-10-2025 14:30,111748.78,112757.22,111685.79,112507.59,8792
26-10-2025 15:30,112510.70,112557.16,112151.85,112455.00,7297
26-10-2025 16:30,112455.00,113438.16,112399.51,113257.23,10634
26-10-2025 17:30,113257.23,113789.63,113243.19,113543.49,11534
26-10-2025 18:30,113543.49,113971.04,113229.43,113677.25,12612
26-10-2025 19:30,113675.63,113852.67,113496.52,113507.54,15681
26-10-2025 20:30,113507.54,113687.03,113372.35,113648.02,11649
26-10-2025 21:30,113648.02,113714.04,113240.17,113490.58,6915
26-10-2025 22:30,113476.08,113712.49,113405.43,113407.15,4472
26-10-2025 23:30,113407.85,113728.32,113405.94,113550.67,5728
27-10-2025 00:30,113550.54,113674.57,113467.06,113559.57,5678
27-10-2025 01:30,113559.57,113559.57,113278.15,113286.65,7040
27-10-2025 02:30,113288.36,113555.07,112871.18,113451.28,6738
27-10-2025 03:30,113451.41,115427.40,113451.28,114643.62,13016
27-10-2025 04:30,114643.62,114935.69,114342.21,114515.68,11045
27-10-2025 05:30,114516.03,115133.31,114324.71,114719.59,12419
27-10-2025 06:30,114719.30,115347.88,114661.43,115239.21,9494
27-10-2025 07:30,115239.21,115426.45,114786.06,114847.04,8784
27-10-2025 08:30,114851.69,115225.33,114800.61,114939.50,8305
27-10-2025 09:30,114939.50,115264.00,114897.56,115223.64,5833
27-10-2025 10:30,115223.64,115604.24,115223.47,115514.27,7495
27-10-2025 11:30,115514.27,116073.08,115313.84,116015.12,9407
27-10-2025 12:30,116015.12,116343.23,115455.59,115519.66,9618
27-10-2025 13:30,115519.67,115577.33,114854.79,114978.09,8356
27-10-2025 14:30,114977.57,115315.97,114777.29,115204.89,8666
27-10-2025 15:30,115204.89,115506.28,115071.26,115415.82,7327
27-10-2025 16:30,115415.84,115486.65,115087.93,115310.85,7672
27-10-2025 17:30,115308.81,115388.38,114937.47,115017.97,7406
27-10-2025 18:30,115017.97,115361.33,114531.37,115207.90,9785
27-10-2025 19:30,115207.90,115310.15,114449.24,114763.72,9822
27-10-2025 20:30,114763.72,115178.97,114735.22,114915.06,8648
27-10-2025 21:30,114915.06,115599.41,114824.52,115452.69,8789
27-10-2025 22:30,115452.56,115681.33,115262.08,115667.72,8769
27-10-2025 23:30,115667.72,115762.63,115285.01,115311.88,8383
28-10-2025 00:30,115313.36,115315.17,114744.97,114902.19,4864
28-10-2025 01:30,114898.07,114898.07,114377.84,114407.99,3936
28-10-2025 02:30,114407.87,114577.65,114091.88,114257.89,4509
28-10-2025 03:30,114256.09,114543.66,114017.36,114078.48,5662
28-10-2025 04:30,114078.48,114172.32,113794.00,114056.37,7652
28-10-2025 05:30,114056.37,114325.75,113744.96,113918.92,7700
28-10-2025 06:30,113918.92,114496.70,113918.92,114390.13,6660
28-10-2025 07:30,114388.90,114428.21,113550.32,113895.21,6165
28-10-2025 08:30,113895.09,114072.36,113687.99,113866.48,8181
28-10-2025 09:30,113866.48,114034.90,113718.08,113917.19,7119
28-10-2025 10:30,113917.19,113949.92,113443.77,113561.05,8500
28-10-2025 11:30,113561.05,114146.01,113561.05,114070.96,8771
28-10-2025 12:30,114070.96,114318.26,114050.85,114137.06,6787
28-10-2025 13:30,114137.06,114433.24,114062.36,114371.72,5926
28-10-2025 14:30,114371.72,114586.66,114146.54,114478.56,5654
28-10-2025 15:30,114478.56,114569.70,114380.89,114554.23,3416
28-10-2025 16:30,114554.23,114620.65,114239.98,114294.27,4373
28-10-2025 17:30,114294.27,114479.69,114086.43,114410.12,5576
28-10-2025 18:30,114410.22,115493.28,114409.98,115492.78,13825
28-10-2025 19:30,115492.78,116061.08,114190.76,115023.15,9557
28-10-2025 20:30,115023.15,115367.82,114467.19,114595.13,9218
28-10-2025 21:30,114595.13,115457.95,114485.67,115303.95,9704
28-10-2025 22:30,115304.02,115552.53,115188.89,115260.01,6114
28-10-2025 23:30,115260.01,115324.35,114592.55,114979.54,7279
29-10-2025 00:30,114979.54,115024.49,113508.72,113647.17,10596
29-10-2025 01:30,113642.03,113659.02,112288.06,112772.73,11336
29-10-2025 02:30,112772.73,113200.21,112174.58,112969.79,8733
29-10-2025 03:30,112970.20,113271.77,112793.98,113199.20,7910
29-10-2025 04:30,113199.20,113201.20,112744.88,112867.01,7723
29-10-2025 05:30,112867.01,112869.33,112403.99,112404.49,7843
29-10-2025 06:30,112404.49,112929.55,112056.15,112462.74,9485
29-10-2025 07:30,112463.43,112755.91,112378.08,112636.53,7823
29-10-2025 08:30,112636.63,112636.63,112300.70,112490.13,6172
29-10-2025 09:30,112490.99,112850.34,112465.16,112782.75,6385
29-10-2025 10:30,112782.74,113331.18,112773.38,113009.08,6426
29-10-2025 11:30,113009.21,113322.41,112937.96,113249.26,7271
29-10-2025 12:30,113249.26,113553.10,113198.64,113553.10,7856
29-10-2025 13:30,113551.85,113610.15,112921.63,113042.69,8201
29-10-2025 14:30,113040.26,113078.25,112738.04,112952.78,6690
29-10-2025 15:30,112952.78,113168.71,112705.10,112845.34,7024
29-10-2025 16:30,112845.27,113217.20,112714.90,113106.76,7816
29-10-2025 17:30,113106.76,113306.69,113034.82,113127.02,3470
29-10-2025 18:30,113127.02,113634.02,112673.88,112837.57,7129
29-10-2025 19:30,112837.57,112880.74,112205.10,112444.28,11373
29-10-2025 20:30,112442.49,112506.20,111355.44,111462.08,10689
29-10-2025 21:30,111464.58,111466.98,110903.22,111057.62,8237
29-10-2025 22:30,111057.62,111875.76,110957.08,111837.13,5973
29-10-2025 23:30,111838.75,111950.73,109221.00,110781.66,14695
30-10-2025 00:30,110781.66,111413.42,110121.38,110601.38,12495
30-10-2025 01:30,110605.60,111508.62,110370.79,111410.44,10683
30-10-2025 02:30,111408.39,111782.43,111346.81,111593.00,5640
30-10-2025 03:30,111593.00,111597.47,110924.08,110996.53,6837
30-10-2025 04:30,110996.53,111045.56,109707.06,109991.14,8483
30-10-2025 05:30,109991.02,110550.24,109691.13,110517.77,13142
30-10-2025 06:30,110517.55,110690.45,110214.71,110415.18,9148
30-10-2025 07:30,110415.17,110965.30,110296.84,110938.32,11275
30-10-2025 08:30,110938.33,110951.42,110490.33,110719.64,9723
30-10-2025 09:30,110719.64,110726.70,107912.74,108528.58,13349
30-10-2025 10:30,108525.53,110406.32,108381.52,110220.61,14911
30-10-2025 11:30,110220.61,110931.63,109946.04,110726.66,11754
30-10-2025 12:30,110726.66,111568.06,110611.92,111330.30,8978
30-10-2025 13:30,111330.30,111387.82,110634.72,110669.71,9477
30-10-2025 14:30,110669.71,110772.71,110080.72,110133.83,5033
30-10-2025 15:30,110133.83,110193.06,109794.95,110063.02,5947
30-10-2025 16:30,110063.02,110103.90,109645.97,109666.57,9591
30-10-2025 17:30,109666.57,109737.66,108231.95,108341.69,13289
30-10-2025 18:30,108341.11,108702.51,107362.01,107580.95,13413
30-10-2025 19:30,107580.95,108294.68,107567.88,108211.58,13581
30-10-2025 20:30,108211.58,108285.35,107285.06,107663.27,11861
30-10-2025 21:30,107661.61,108169.98,107506.97,108099.21,9384
30-10-2025 22:30,108099.21,108107.60,106762.54,107430.62,10812
30-10-2025 23:30,107430.62,107506.72,106729.57,106778.29,11390
31-10-2025 00:30,106778.29,107092.66,106266.42,106458.65,14625
31-10-2025 01:30,106445.68,107588.96,106256.05,107448.97,9695
31-10-2025 02:30,107448.97,107900.34,107333.92,107857.02,5582
31-10-2025 03:30,107858.60,107894.62,107407.73,107856.85,4508
31-10-2025 04:30,107856.85,108298.74,107538.20,108264.69,5361
31-10-2025 05:30,108264.69,109535.21,108222.78,109245.78,8126
31-10-2025 06:30,109256.28,109966.50,109114.20,109560.78,9588
31-10-2025 07:30,109560.78,109632.66,108492.32,108786.81,6165
31-10-2025 08:30,108786.81,109264.30,108552.65,109158.30,4938
31-10-2025 09:30,109158.30,110141.40,109039.05,110019.18,5985
31-10-2025 10:30,110019.18,110019.18,109620.02,109822.06,3379
31-10-2025 11:30,109822.06,109894.04,109439.73,109569.20,3099
31-10-2025 12:30,109569.20,109740.54,109165.78,109339.49,4394
31-10-2025 13:30,109339.49,110032.75,109110.11,109984.23,3954
31-10-2025 14:30,109984.23,110382.78,109734.01,109780.44,4772
31-10-2025 15:30,109780.44,110032.27,109626.99,109735.77,5438
31-10-2025 16:30,109734.08,110427.82,109388.93,110327.84,7582
31-10-2025 17:30,110327.84,110607.27,109526.27,109572.88,12796
31-10-2025 18:30,109572.88,110157.46,109283.82,110071.54,13462
31-10-2025 19:30,110070.85,110919.13,109470.60,110653.95,16869
31-10-2025 20:30,110651.39,111009.69,110011.81,110091.94,11466
31-10-2025 21:30,110091.94,110201.40,108558.34,108731.37,11662
31-10-2025 22:30,108730.59,109316.01,108533.28,109195.82,12910
31-10-2025 23:30,109197.35,109694.68,108860.20,109334.22,13265
01-11-2025 00:30,109331.91,110140.92,109001.82,109714.65,12521
01-11-2025 01:30,109712.10,109723.60,109322.85,109363.46,7861
01-11-2025 02:30,109383.72,109657.98,109226.27,109470.69,5710
01-11-2025 03:30,109470.69,109704.10,109378.46,109483.55,8176
01-11-2025 04:30,109483.06,109597.87,109415.54,109509.70,3850
01-11-2025 05:30,109509.70,109665.11,109304.10,109634.37,6906
01-11-2025 06:30,109631.57,109948.25,109601.61,109626.52,4963
01-11-2025 07:30,109626.52,109768.50,109371.42,109679.10,5204
01-11-2025 08:30,109676.31,110202.43,109673.60,110130.01,4598
01-11-2025 09:30,110130.01,110458.96,110014.44,110177.51,4451
01-11-2025 10:30,110177.51,110283.80,109931.60,110029.59,3814
01-11-2025 11:30,110029.59,110075.44,109838.12,109898.37,3831
01-11-2025 12:30,109898.37,110164.99,109883.47,109972.67,3563
01-11-2025 13:30,109972.67,110166.84,109972.67,110142.18,3402
01-11-2025 14:30,110142.18,110160.46,109872.33,109906.51,3989
01-11-2025 15:30,109906.51,110063.64,109725.33,110045.46,3456
01-11-2025 16:30,110045.46,110121.18,109883.81,110021.34,2356
01-11-2025 17:30,110021.34,110090.02,109883.45,109909.02,2748
01-11-2025 18:30,109909.02,109951.30,109608.58,109847.28,2476
01-11-2025 19:30,109847.28,109901.19,109625.06,109837.12,2889
01-11-2025 20:30,109837.12,110253.57,109806.98,110212.83,8279
01-11-2025 21:30,110212.83,110447.56,110098.94,110376.20,9066
01-11-2025 22:30,110376.20,110409.04,110073.24,110115.22,7101
01-11-2025 23:30,110115.22,110283.24,110100.39,110242.05,6420
02-11-2025 00:30,110242.05,110242.05,110127.60,110208.42,3871
02-11-2025 01:30,110208.42,110428.02,110205.90,110320.28,5829
02-11-2025 02:30,110320.84,110350.36,109760.32,109770.96,3630
02-11-2025 03:30,109770.96,110015.17,109770.96,110007.00,4608
02-11-2025 04:30,110007.00,110055.96,109860.76,110008.22,3571
02-11-2025 05:30,110008.22,110041.32,109802.66,109878.03,3321
02-11-2025 06:30,109878.03,110021.49,109826.05,109884.51,2001
02-11-2025 07:30,109884.51,110184.57,109793.72,109941.21,2690
02-11-2025 08:30,109940.68,110001.75,109872.03,109964.70,1746
02-11-2025 09:30,109964.56,110690.82,109939.64,110587.72,4155
02-11-2025 10:30,110587.72,110626.34,110198.95,110409.77,6723
02-11-2025 11:30,110409.77,110642.16,110219.99,110584.86,5951
02-11-2025 12:30,110584.86,110953.12,110354.05,110823.78,5647
02-11-2025 13:30,110823.78,110931.64,110627.74,110755.67,4886
02-11-2025 14:30,110755.67,110954.61,110444.39,110636.72,4606
02-11-2025 15:30,110636.72,110789.52,110268.25,110417.83,4814
02-11-2025 16:30,110419.27,111143.20,110404.03,111109.53,2975
02-11-2025 17:30,111106.56,111170.51,110611.72,110666.22,5520
02-11-2025 18:30,110666.22,110692.70,110104.65,110497.30,5159
02-11-2025 19:30,110497.30,110602.24,110079.56,110322.91,10266
02-11-2025 20:30,110337.98,110502.27,110027.15,110048.45,14372
02-11-2025 21:30,110047.12,110079.42,109684.89,110053.38,15152
02-11-2025 22:30,110053.38,110208.80,109966.00,110141.93,8620
02-11-2025 23:30,110141.93,110286.38,110112.91,110286.37,4668
03-11-2025 00:30,110286.87,110286.87,109909.37,110131.44,4782
03-11-2025 01:30,110131.44,110164.91,109830.57,110039.96,3863
03-11-2025 02:30,110039.96,110080.95,109909.33,109938.12,3430
03-11-2025 03:30,109934.95,109965.50,109430.19,109855.04,4378
03-11-2025 04:30,109855.04,110685.13,109855.04,110487.79,9066
03-11-2025 05:30,110490.49,110701.71,109700.34,109700.34,7795
03-11-2025 06:30,109700.34,109862.54,109337.73,109620.42,8928
03-11-2025 07:30,109620.63,109720.11,108631.01,108990.41,9894
03-11-2025 08:30,108990.39,109110.84,107868.73,107890.83,10626
03-11-2025 09:30,107890.83,107958.31,107435.49,107847.46,9978
03-11-2025 10:30,107847.46,107980.81,107350.59,107545.58,5799
03-11-2025 11:30,107545.58,107655.95,106959.17,107433.59,7090
03-11-2025 12:30,107433.01,107763.48,107211.49,107401.02,7266
03-11-2025 13:30,107401.02,107652.04,106921.68,107520.87,7765
03-11-2025 14:30,107520.87,107853.49,107014.11,107140.12,8590
03-11-2025 15:30,107140.12,107561.46,106702.58,106895.24,8046
03-11-2025 16:30,106895.24,107863.29,106895.24,107737.33,8906
03-11-2025 17:30,107737.33,108202.70,107651.64,107701.72,7337
03-11-2025 18:30,107701.72,108007.81,107517.47,107846.86,8355
03-11-2025 19:30,107846.86,108266.46,107306.48,107990.78,10832
03-11-2025 20:30,107990.78,108085.03,105441.23,105679.71,14064
03-11-2025 21:30,105679.71,106726.19,105242.87,106611.97,13026
03-11-2025 22:30,106611.97,107663.10,106462.47,107404.30,11474
03-11-2025 23:30,107404.30,107526.97,106732.55,106897.78,10936
04-11-2025 00:30,106897.23,107326.80,106384.36,107015.26,11767
04-11-2025 01:30,107012.04,107098.91,106241.96,106585.94,11227
04-11-2025 02:30,106585.67,107021.17,106018.56,106829.55,10432
04-11-2025 03:30,106829.55,106829.55,105754.17,106421.48,10071
04-11-2025 04:30,106421.65,106694.34,105963.39,106515.36,8617
04-11-2025 05:30,106515.36,106740.38,105781.67,106397.28,9071
04-11-2025 06:30,106398.25,107222.56,106198.10,106966.72,8497
04-11-2025 07:30,106966.72,107169.62,106390.70,106410.36,10801
04-11-2025 08:30,106409.35,107170.97,106139.64,107087.65,13166
04-11-2025 09:30,107087.65,107230.59,106644.85,106671.36,9024
04-11-2025 10:30,106671.36,106671.36,104114.82,104139.59,13852
04-11-2025 11:30,104133.31,105134.53,104108.32,104690.43,15960
04-11-2025 12:30,104686.64,104891.56,104246.67,104403.69,12639
04-11-2025 13:30,104402.50,104537.31,103670.91,103960.43,11683
04-11-2025 14:30,103961.39,104047.40,103529.80,103766.30,11435
04-11-2025 15:30,103764.41,104003.91,103513.57,103723.91,12802
04-11-2025 16:30,103726.67,104619.63,103684.00,104506.92,11407
04-11-2025 17:30,104506.66,104559.82,103738.50,103874.43,7226
04-11-2025 18:30,103874.43,104168.80,103487.19,103830.76,8295
04-11-2025 19:30,103830.78,104615.14,102822.85,104416.95,13809
04-11-2025 20:30,104418.21,104763.96,103097.29,103113.01,14404
04-11-2025 21:30,103113.19,103415.67,102083.87,102158.41,12329
04-11-2025 22:30,102154.16,102154.16,100709.66,100998.57,14666
04-11-2025 23:30,100998.57,101395.43,99896.45,101274.46,14541
05-11-2025 00:30,101274.46,101623.85,100295.25,100425.15,15697
05-11-2025 01:30,100424.70,101011.62,99498.35,100658.22,14656
05-11-2025 02:30,100655.22,100729.71,98854.62,100219.89,14831
05-11-2025 03:30,100219.89,101812.26,99992.95,101214.01,12038
05-11-2025 04:30,101232.01,101668.36,100841.62,101427.88,9993
05-11-2025 05:30,101427.88,101695.45,100287.86,100502.45,10635
05-11-2025 06:30,100499.79,100953.93,98910.41,100685.72,13556
05-11-2025 07:30,100695.72,101872.82,100695.72,101635.33,11880
05-11-2025 08:30,101635.33,102220.57,101412.43,102089.14,11972
05-11-2025 09:30,102089.14,102190.53,101465.24,101943.20,9628
05-11-2025 10:30,101943.20,102299.58,101546.10,101769.41,7252
05-11-2025 11:30,101769.41,102099.15,101439.04,102070.20,7607
05-11-2025 12:30,102069.68,102101.23,101553.35,101942.95,7316
05-11-2025 13:30,101942.95,101947.05,101134.58,101648.24,9727
05-11-2025 14:30,101648.24,102151.13,101554.09,101938.67,9271
05-11-2025 15:30,101937.21,101942.89,101239.94,101341.00,7643
05-11-2025 16:30,101340.11,102064.15,101323.45,102025.19,7268
05-11-2025 17:30,102026.37,102705.04,101869.80,102616.42,11018
05-11-2025 18:30,102616.42,103200.38,102231.76,102926.83,13960
05-11-2025 19:30,102926.23,103403.13,102125.61,103144.79,15460
05-11-2025 20:30,103144.80,103745.51,102758.86,103673.51,14242
05-11-2025 21:30,103673.51,103988.17,103026.07,103868.43,10101
05-11-2025 22:30,103868.43,103960.41,103318.65,103859.43,9734
05-11-2025 23:30,103859.43,104398.22,103715.27,104318.75,8232
06-11-2025 00:30,104319.25,104497.22,103926.94,103964.87,11488
06-11-2025 01:30,103964.86,104495.46,103583.58,103792.41,8892
06-11-2025 02:30,103793.95,103793.95,103472.10,103616.22,11027
06-11-2025 03:30,103616.25,103748.55,103245.47,103653.98,8222
06-11-2025 04:30,103655.23,104051.36,103607.01,103835.99,8296
06-11-2025 05:30,103833.42,103843.96,103273.73,103627.80,8460
06-11-2025 06:30,103627.80,103627.80,102677.39,103306.83,11383
06-11-2025 07:30,103307.15,103519.57,102801.06,103267.39,12685
06-11-2025 08:30,103269.99,103886.93,103268.66,103594.54,11410
06-11-2025 09:30,103594.54,104149.53,103522.79,103989.38,9532
06-11-2025 10:30,103989.38,103989.38,103032.65,103094.35,10806
06-11-2025 11:30,103094.35,103545.57,102961.73,103254.28,10266
06-11-2025 12:30,103257.99,103515.64,102857.18,103137.72,9739
06-11-2025 13:30,103137.72,103389.63,102920.65,103143.67,11055
06-11-2025 14:30,103143.44,103213.20,102761.35,102761.35,7216
06-11-2025 15:30,102759.85,103233.39,102596.92,103064.25,7356
06-11-2025 16:30,103064.25,103238.39,102674.30,103165.22,7808
06-11-2025 17:30,103165.22,103268.69,102316.03,102478.48,11002
06-11-2025 18:30,102478.48,103534.63,102478.48,103235.54,11629
06-11-2025 19:30,103233.56,103500.52,101957.87,102036.52,14528
06-11-2025 20:30,102036.95,102830.91,101534.35,101920.24,13429
06-11-2025 21:30,101924.05,102298.15,100198.13,100767.36,14122
06-11-2025 22:30,100767.36,101845.19,100664.89,101701.28,13358
06-11-2025 23:30,101701.28,102250.10,100815.60,101634.59,8735
07-11-2025 00:30,101634.59,101930.33,101120.01,101305.95,6946
07-11-2025 01:30,101305.95,101556.38,100570.72,100826.65,6674
07-11-2025 02:30,100829.65,101126.47,100450.59,101018.58,5307
07-11-2025 03:30,101018.58,101398.09,100912.14,101314.96,4844
07-11-2025 04:30,101314.96,101444.38,101032.29,101260.47,10289
07-11-2025 05:30,101260.47,101553.36,100654.17,101390.43,13950
07-11-2025 06:30,101390.43,101791.77,100814.11,101447.75,14562
07-11-2025 07:30,101447.33,101830.10,101148.17,101810.46,13536
07-11-2025 08:30,101810.46,102250.33,101780.70,101818.68,13617
07-11-2025 09:30,101818.42,101981.69,101474.44,101926.08,13175
07-11-2025 10:30,101926.08,102429.35,101916.82,102360.04,12469
07-11-2025 11:30,102362.04,102411.34,101724.42,101725.26,7382
07-11-2025 12:30,101725.26,101930.17,101539.31,101920.46,7669
07-11-2025 13:30,101920.51,101961.93,101348.40,101401.50,8796
07-11-2025 14:30,101399.27,101419.56,100703.67,100914.13,9557
07-11-2025 15:30,100913.53,101167.45,100470.19,100672.76,5818
07-11-2025 16:30,100672.76,100699.14,99714.73,100313.15,12033
07-11-2025 17:30,100313.15,100526.97,99161.94,99533.77,12162
07-11-2025 18:30,99533.77,100471.78,99342.17,100232.79,12116
07-11-2025 19:30,100232.79,100801.22,99413.55,100678.71,12828
07-11-2025 20:30,100703.07,101144.54,100242.16,100682.36,14959
07-11-2025 21:30,100682.36,101509.77,100385.67,101052.48,11617
07-11-2025 22:30,101052.48,102605.85,100830.86,102292.60,13546
07-11-2025 23:30,102293.68,102759.65,102177.91,102507.03,14398
08-11-2025 00:30,102507.18,103308.65,102375.41,103308.65,13442
08-11-2025 01:30,103308.65,103824.46,102853.20,103712.99,13548
08-11-2025 02:30,103710.09,103804.46,103254.67,103804.46,8560
08-11-2025 03:30,103861.46,104011.07,103509.93,103543.36,3529
08-11-2025 04:30,103543.36,103686.21,103227.95,103242.96,4384
08-11-2025 05:30,103240.72,103308.66,102443.67,102596.96,7786
08-11-2025 06:30,102596.96,103124.48,102540.82,102888.92,6247
08-11-2025 07:30,102888.92,103245.36,102666.08,102757.06,5474
08-11-2025 08:30,102757.06,103209.20,102486.02,102489.48,7034
08-11-2025 09:30,102489.48,102739.78,102304.92,102467.27,9359
08-11-2025 10:30,102466.29,102644.92,102180.12,102206.70,6227
08-11-2025 11:30,102206.70,102433.81,102001.17,102138.13,7013
08-11-2025 12:30,102138.13,102312.61,101813.03,102257.58,7894
08-11-2025 13:30,102257.58,102583.96,102061.65,102337.27,8240
08-11-2025 14:30,102338.68,102522.96,102129.73,102300.76,8219
08-11-2025 15:30,102300.29,102489.00,102205.10,102386.59,5951
08-11-2025 16:30,102386.59,102551.88,101638.38,101771.11,8874
08-11-2025 17:30,101772.33,102022.76,101642.31,101972.19,9219
08-11-2025 18:30,101972.19,102113.55,101642.52,101720.66,9205
08-11-2025 19:30,101720.46,102007.79,101390.41,101759.62,10147
08-11-2025 20:30,101759.62,101887.23,101425.41,101644.82,7343
08-11-2025 21:30,101644.82,101903.71,101456.40,101783.28,8709
08-11-2025 22:30,101783.28,101949.21,101511.35,101933.31,5512
08-11-2025 23:30,101933.22,102156.12,101766.27,102068.50,7007
09-11-2025 00:30,102068.62,102124.13,101446.79,101920.03,8543
09-11-2025 01:30,101917.49,102111.14,101884.11,102005.18,7479
09-11-2025 02:30,102005.18,102309.06,101961.04,102209.13,8428
09-11-2025 03:30,102209.13,102363.03,102101.40,102306.15,5541
09-11-2025 04:30,102306.15,102428.07,102208.29,102245.10,5609
09-11-2025 05:30,102244.66,102274.23,101558.34,101722.85,7366
09-11-2025 06:30,101722.85,102039.69,101617.32,101979.19,7210
09-11-2025 07:30,101979.19,101979.19,101517.42,101573.35,6055
09-11-2025 08:30,101573.35,101756.29,101359.90,101600.58,7946
09-11-2025 09:30,101600.84,102066.15,101570.66,101657.35,5820
09-11-2025 10:30,101657.35,101955.20,101615.86,101860.80,5597
09-11-2025 11:30,101860.80,101898.22,101634.14,101687.93,3903
09-11-2025 12:30,101687.93,101916.73,101612.56,101881.08,6054
09-11-2025 13:30,101882.86,101992.26,101759.50,101925.63,10154
09-11-2025 14:30,101925.63,102081.99,101563.35,101594.51,6442
09-11-2025 15:30,101594.51,101866.53,101446.08,101824.15,6857
09-11-2025 16:30,101824.15,102260.09,101824.15,102183.14,6273
09-11-2025 17:30,102183.14,102374.04,101998.18,102031.37,6968
09-11-2025 18:30,102031.37,102944.14,102017.64,102859.44,9377
09-11-2025 19:30,102859.19,103981.77,102703.83,102983.00,15126
09-11-2025 20:30,102982.12,104105.65,102917.68,103698.63,15514
09-11-2025 21:30,103698.63,103841.32,103264.48,103783.51,14523
09-11-2025 22:30,103782.60,103902.65,103260.21,103584.56,10848
09-11-2025 23:30,103580.08,104517.20,103454.94,104452.09,7239
10-11-2025 00:30,104452.09,104754.58,104090.94,104753.08,9768
10-11-2025 01:30,104753.08,105003.98,104349.27,104568.18,9591
10-11-2025 02:30,104568.18,104792.10,104252.26,104472.81,7941
10-11-2025 03:30,104472.82,104757.25,104011.62,104668.81,8547
10-11-2025 04:30,104671.12,105409.33,104463.46,104652.37,11032
10-11-2025 05:30,104652.37,106453.71,104207.09,106236.85,15143
10-11-2025 06:30,106229.08,106604.60,105647.72,105647.72,11755
10-11-2025 07:30,105647.72,105994.33,105521.27,105934.58,9922
10-11-2025 08:30,105934.58,106230.00,105773.96,105973.59,6843
10-11-2025 09:30,105973.59,106247.26,105784.11,106102.61,5783
10-11-2025 10:30,106102.47,106417.13,105934.74,106036.57,6943
10-11-2025 11:30,106038.47,106253.98,105896.29,106158.31,6233
10-11-2025 12:30,106158.31,106479.89,106097.52,106397.72,6584
10-11-2025 13:30,106397.72,106505.47,105844.64,105904.96,8086
10-11-2025 14:30,105905.00,106548.88,105782.66,106389.42,8581
10-11-2025 15:30,106389.42,106400.42,105895.01,105933.79,5726
10-11-2025 16:30,105933.94,106263.48,105889.57,106121.53,6175
10-11-2025 17:30,106121.53,106164.52,105818.40,105881.63,6673
10-11-2025 18:30,105881.63,106530.42,105859.63,106477.38,9949
10-11-2025 19:30,106477.38,106477.38,104617.11,104822.61,12395
10-11-2025 20:30,104823.71,105564.80,104608.13,105012.04,14416
10-11-2025 21:30,105020.99,105294.87,104714.09,105161.94,13487
10-11-2025 22:30,105157.91,105913.63,105100.77,105881.63,11463
10-11-2025 23:30,105881.63,106000.28,105390.79,105398.54,11345
11-11-2025 00:30,105398.53,105981.60,105324.42,105753.69,8649
11-11-2025 01:30,105753.68,106216.00,105734.68,105938.59,10283
11-11-2025 02:30,105940.09,105953.86,105193.89,105552.76,10579
11-11-2025 03:30,105556.02,106069.57,105296.86,105983.55,6578
11-11-2025 04:30,105983.55,106206.50,105807.67,105936.99,8271
11-11-2025 05:30,105937.60,106076.84,105433.76,106066.18,11048
11-11-2025 06:30,106066.18,107427.54,105952.66,106025.94,12713
11-11-2025 07:30,106033.91,107061.93,105529.06,106573.46,15801
11-11-2025 08:30,106573.46,107030.17,106287.07,106388.09,12750
11-11-2025 09:30,106388.09,106481.41,105635.72,105679.37,10358
11-11-2025 10:30,105679.37,105688.70,105090.44,105183.91,9941
11-11-2025 11:30,105183.91,105276.87,104820.04,105195.90,6220
11-11-2025 12:30,105195.90,105266.38,104671.89,104721.42,6152
11-11-2025 13:30,104721.94,105210.90,104700.10,105092.05,10442
11-11-2025 14:30,105092.05,105422.84,104850.22,104914.01,8180
11-11-2025 15:30,104914.01,105183.41,104860.06,105118.76,9533
11-11-2025 16:30,105118.56,105451.31,105078.13,105255.32,8380
11-11-2025 17:30,105253.88,105450.80,104338.22,104492.20,10782
11-11-2025 18:30,104492.20,104658.37,104161.77,104355.85,9431
11-11-2025 19:30,104355.85,104612.74,103785.37,104526.16,11754
11-11-2025 20:30,104526.66,104526.66,103124.73,103406.37,12924
11-11-2025 21:30,103406.37,103677.51,103145.51,103348.89,12688
11-11-2025 22:30,103348.89,103577.51,102787.85,103266.45,12867
11-11-2025 23:30,103264.79,103500.60,102999.17,103333.00,10878
12-11-2025 00:30,103335.64,103396.63,102826.81,103063.75,10641
12-11-2025 01:30,103063.75,103166.76,102590.90,102726.89,9099
12-11-2025 02:30,102730.25,103008.79,102402.50,102556.95,7500
12-11-2025 03:30,102551.97,103069.76,102416.68,102917.60,6873
12-11-2025 04:30,102917.60,103135.74,102716.05,102974.00,9767
12-11-2025 05:30,102976.01,103246.23,102741.85,102802.85,10316
12-11-2025 06:30,102803.25,103306.07,102595.92,103177.71,10779
12-11-2025 07:30,103172.00,103337.65,102851.82,103074.75,10081
12-11-2025 08:30,103074.88,103380.60,103017.91,103241.31,8971
12-11-2025 09:30,103241.31,103390.40,102958.76,103182.70,7031
12-11-2025 10:30,103182.70,103412.76,103161.64,103331.71,5455
12-11-2025 11:30,103331.71,103608.56,103298.66,103307.36,4608
12-11-2025 12:30,103309.32,103497.54,103008.76,103070.40,8159
12-11-2025 13:30,103070.40,104182.31,103070.40,104099.84,10903
12-11-2025 14:30,104099.84,105031.99,104095.34,104468.36,8648
12-11-2025 15:30,104467.80,104991.00,104459.71,104843.11,10275
12-11-2025 16:30,104843.07,105150.93,104689.10,104973.59,7602
12-11-2025 17:30,104973.59,105275.37,104769.16,104944.42,7205
12-11-2025 18:30,104942.95,105131.93,104571.14,104990.98,9087
12-11-2025 19:30,104989.98,104989.98,103573.56,103939.19,11106
12-11-2025 20:30,103939.41,104252.21,101925.16,102116.85,14214
12-11-2025 21:30,102117.06,102229.34,101288.44,101379.41,15709
12-11-2025 22:30,101379.41,102105.79,101347.87,101692.30,12877
12-11-2025 23:30,101692.30,101895.21,101362.04,101485.02,11202
13-11-2025 00:30,101485.31,101516.88,100764.64,101229.49,12210
13-11-2025 01:30,101229.49,101791.27,101074.42,101479.38,11011
13-11-2025 02:30,101480.39,101869.97,101448.95,101858.65,6970
13-11-2025 03:30,101858.65,101939.21,101386.92,101915.66,6230
13-11-2025 04:30,101916.17,101949.62,101411.89,101598.34,9500
13-11-2025 05:30,101598.34,101986.21,101403.79,101813.25,7460
13-11-2025 06:30,101813.25,102565.46,101788.71,101949.04,10490
13-11-2025 07:30,101949.17,102295.08,101913.92,102007.64,10121
13-11-2025 08:30,102010.20,102504.02,100858.59,102065.27,13128
13-11-2025 09:30,102065.27,102357.09,101599.43,102058.31,12444
13-11-2025 10:30,102056.50,103329.40,101719.77,103069.49,12263
13-11-2025 11:30,103075.37,103626.55,102852.25,103532.58,12445
13-11-2025 12:30,103532.58,104000.47,103255.30,103408.49,12559
13-11-2025 13:30,103408.49,103747.97,103217.48,103597.46,9292
13-11-2025 14:30,103597.46,103682.84,102492.12,102767.36,9866
13-11-2025 15:30,102767.36,103223.35,102711.69,102925.44,8250
13-11-2025 16:30,102925.32,103107.76,102628.53,102865.36,8545
13-11-2025 17:30,102865.36,103215.71,102663.08,103082.69,10212
13-11-2025 18:30,103081.15,103100.75,102081.31,102258.85,11321
13-11-2025 19:30,102258.85,103397.68,101680.19,102809.82,14586
13-11-2025 20:30,102809.82,102926.23,101114.72,101318.03,16148
13-11-2025 21:30,101318.03,101471.41,100471.39,100550.59,12935
13-11-2025 22:30,100542.24,100725.42,99525.28,99559.50,14586
13-11-2025 23:30,99558.86,99824.99,98045.42,98489.79,18029
14-11-2025 00:30,98489.79,99199.26,98238.11,98589.53,17382
14-11-2025 01:30,98593.38,98893.68,97890.80,98040.02,17677
14-11-2025 02:30,98044.79,98798.28,97893.85,98698.62,13362
14-11-2025 03:30,98699.62,99845.38,98596.44,99758.02,14869
14-11-2025 04:30,99757.62,100404.12,99469.29,99574.68,12345
14-11-2025 05:30,99572.56,99697.11,98650.22,98895.64,17572
14-11-2025 06:30,98894.06,99482.04,98624.27,99177.15,16458
14-11-2025 07:30,99177.14,99786.10,99162.06,99541.85,12250
14-11-2025 08:30,99541.85,99578.32,98732.34,99064.74,9913
14-11-2025 09:30,99064.74,99105.68,96647.13,97752.30,14685
14-11-2025 10:30,97749.50,97961.17,96957.85,97449.66,14305
14-11-2025 11:30,97449.76,97519.12,95867.38,97475.49,15486
14-11-2025 12:30,97475.49,97652.89,96692.12,97059.23,16537
14-11-2025 13:30,97059.23,97353.50,96692.75,97280.60,11670
14-11-2025 14:30,97281.28,97452.45,96581.83,96757.72,10853
14-11-2025 15:30,96757.72,97211.34,96592.15,96671.84,11177
14-11-2025 16:30,96671.84,96870.28,95639.18,96091.35,14382
14-11-2025 17:30,96091.35,96091.35,94446.29,95246.20,18376
14-11-2025 18:30,95246.25,95581.88,94448.79,95111.10,20400
14-11-2025 19:30,95111.11,96682.47,94816.00,96424.45,20262
14-11-2025 20:30,96423.65,97190.59,95746.37,96685.33,21513
14-11-2025 21:30,96685.33,97297.81,96159.37,96915.66,17467
14-11-2025 22:30,96915.66,97043.70,95519.91,95755.23,13820
14-11-2025 23:30,95741.68,96230.50,94878.97,94969.25,14672
15-11-2025 00:30,94970.04,95809.60,94686.45,95666.71,13759
15-11-2025 01:30,95666.72,95828.31,94089.10,94252.06,14683
15-11-2025 02:30,94251.96,95017.26,94121.79,94928.21,13126
15-11-2025 03:30,94931.99,95362.05,94574.25,95057.97,11500
15-11-2025 04:30,95057.97,95057.97,93940.46,94466.15,12353
15-11-2025 05:30,94466.16,95311.61,94442.89,95031.76,14801
15-11-2025 06:30,95031.65,95671.22,94627.76,95536.30,13129
15-11-2025 07:30,95537.02,96372.30,95284.87,96358.37,12361
15-11-2025 08:30,96358.37,96708.26,96024.68,96307.44,12930
15-11-2025 09:30,96309.23,96420.46,95833.44,96009.58,8351
15-11-2025 10:30,96009.58,96331.87,95873.04,96248.74,8479
15-11-2025 11:30,96248.74,96490.54,95875.90,96021.32,6979
15-11-2025 12:30,96013.72,96274.45,95857.20,96229.05,6900
15-11-2025 13:30,96229.04,96252.39,95522.88,95796.55,9221
15-11-2025 14:30,95792.17,96039.61,95557.35,95697.41,8210
15-11-2025 15:30,95697.41,95962.27,95575.01,95840.87,6479
15-11-2025 16:30,95840.87,95874.61,95514.11,95588.25,5833
15-11-2025 17:30,95588.15,95770.74,95467.78,95713.03,7484
15-11-2025 18:30,95713.03,96282.86,95614.77,96281.93,10353
15-11-2025 19:30,96279.60,96395.83,95942.03,96152.08,9682
15-11-2025 20:30,96152.08,96338.86,96010.28,96170.12,10895
15-11-2025 21:30,96169.02,96248.86,95621.23,96054.65,11642
15-11-2025 22:30,96054.65,96292.04,95735.63,96132.55,11480
15-11-2025 23:30,96131.33,96241.55,95853.02,95951.61,8816
16-11-2025 00:30,95951.61,96047.67,95818.26,95907.65,5146
16-11-2025 01:30,95907.65,95922.62,95023.76,95173.32,7298
16-11-2025 02:30,95173.27,95577.49,95020.71,95187.00,8735
16-11-2025 03:30,95187.00,95561.08,95124.41,95518.46,8132
16-11-2025 04:30,95518.46,95594.45,95379.98,95506.75,6988
16-11-2025 05:30,95506.72,95611.85,95106.32,95268.11,8337
16-11-2025 06:30,95265.85,95406.03,94755.75,95177.58,10888
16-11-2025 07:30,95177.58,95866.52,94999.98,95866.52,8991
16-11-2025 08:30,95866.52,95875.64,95513.57,95711.42,7787
16-11-2025 09:30,95711.42,95821.63,95538.85,95717.16,8302
16-11-2025 10:30,95717.16,96081.54,95705.54,95773.68,6595
16-11-2025 11:30,95773.68,95935.80,95644.33,95694.95,7109
16-11-2025 12:30,95694.95,95997.75,95625.82,95979.95,5949
16-11-2025 13:30,95979.70,96131.37,95744.45,96004.40,6244
16-11-2025 14:30,96004.40,96521.85,95817.63,96512.53,6685
16-11-2025 15:30,96512.53,96512.53,96258.33,96328.08,6123
16-11-2025 16:30,96328.08,96342.70,95401.62,95531.28,6561
16-11-2025 17:30,95531.28,95801.27,95343.22,95642.88,5583
16-11-2025 18:30,95642.88,95750.12,95021.96,95329.86,8256
16-11-2025 19:30,95329.86,95579.66,95209.91,95438.87,9581
16-11-2025 20:30,95438.87,95453.75,94285.36,94464.54,13884
16-11-2025 21:30,94465.12,94846.76,93924.58,94126.44,21302
16-11-2025 22:30,94126.44,94426.90,93703.57,94264.61,17883
16-11-2025 23:30,94265.50,95464.86,93699.74,93950.42,13901
17-11-2025 00:30,93950.42,94502.19,93852.83,93933.59,10529
17-11-2025 01:30,93937.60,94649.89,93868.47,93998.32,10036
17-11-2025 02:30,93998.32,94109.40,93283.84,93398.61,11304
17-11-2025 03:30,93398.61,94410.89,92921.68,94075.49,12132
17-11-2025 04:30,94077.81,94441.92,92894.97,94146.29,14678
17-11-2025 05:30,94145.45,95281.89,93657.17,95205.37,13074
17-11-2025 06:30,95205.37,95407.07,94620.50,94666.85,9777
17-11-2025 07:30,94666.85,95305.19,94605.06,94866.65,8708
17-11-2025 08:30,94866.65,95446.82,94857.29,95395.84,9397
17-11-2025 09:30,95395.84,95472.88,94773.58,95002.88,9727
17-11-2025 10:30,95002.88,95163.52,94799.83,95019.97,6341
17-11-2025 11:30,95019.97,95226.47,94787.34,95166.03,6652
17-11-2025 12:30,95166.03,95765.03,95087.93,95531.24,9653
17-11-2025 13:30,95531.24,95907.14,95415.15,95511.79,6145
17-11-2025 14:30,95511.79,95754.32,95196.68,95538.32,6954
17-11-2025 15:30,95538.32,95773.23,95425.41,95539.01,4995
17-11-2025 16:30,95539.01,95819.82,95261.85,95452.25,4511
17-11-2025 17:30,95452.25,95461.91,95156.03,95206.19,5328
17-11-2025 18:30,95206.19,95268.35,93462.77,93831.95,12312
17-11-2025 19:30,93829.97,95900.26,93657.95,94643.82,15566
17-11-2025 20:30,94645.48,94892.02,93698.68,93834.46,15746
17-11-2025 21:30,93834.46,94293.06,92937.51,94182.55,15148
17-11-2025 22:30,94181.93,94278.42,92534.24,92635.13,15657
17-11-2025 23:30,92635.40,93066.76,92291.78,92398.54,13814
18-11-2025 00:30,92400.54,92521.36,91434.70,91521.36,15503
18-11-2025 01:30,91521.07,92070.67,91137.75,91798.40,15373
18-11-2025 02:30,91774.20,92103.81,91368.80,91799.73,10085
18-11-2025 03:30,91799.73,92258.06,91658.61,92103.14,8884
18-11-2025 04:30,92103.14,92136.63,91642.57,92063.75,9822
18-11-2025 05:30,92063.75,92205.10,91060.62,92020.99,10982
18-11-2025 06:30,92017.18,92063.16,91468.00,91593.40,14273
18-11-2025 07:30,91577.43,91601.58,90556.07,90713.74,15045
18-11-2025 08:30,90713.74,90779.04,89562.92,90700.21,16477
18-11-2025 09:30,90695.70,90718.74,89164.63,89942.35,15460
18-11-2025 10:30,89939.62,90336.52,89572.03,90069.93,12811
18-11-2025 11:30,90071.80,90083.67,89225.27,89501.98,13069
18-11-2025 12:30,89501.98,90403.77,89226.17,90358.30,12913
18-11-2025 13:30,90358.30,91303.96,90355.82,91087.15,13938
18-11-2025 14:30,91084.09,91332.07,90749.68,91252.78,10335
18-11-2025 15:30,91252.78,91469.11,91109.86,91436.26,9946
18-11-2025 16:30,91436.26,91471.40,91096.91,91375.08,9597
18-11-2025 17:30,91378.39,91736.41,90963.60,91379.44,9998
18-11-2025 18:30,91374.94,91522.25,90778.72,91348.55,11194
18-11-2025 19:30,91348.55,92314.24,91070.55,91225.50,13834
18-11-2025 20:30,91213.47,92913.45,90891.60,92799.46,17307
18-11-2025 21:30,92799.46,93740.32,92465.93,93414.98,15389
18-11-2025 22:30,93414.98,93576.25,92731.43,93176.81,12336
18-11-2025 23:30,93176.81,93677.97,93058.23,93237.52,11422
19-11-2025 00:30,93237.52,93534.08,92888.80,93095.80,13502
19-11-2025 01:30,93095.80,93217.40,92571.29,92718.48,12277
19-11-2025 02:30,92721.08,92956.51,92384.05,92414.71,9563
19-11-2025 03:30,92414.71,93341.75,92404.20,93075.70,7653
19-11-2025 04:30,93075.70,93089.38,92649.00,92877.27,8256
19-11-2025 05:30,92877.27,92908.01,91884.53,92318.34,13114
19-11-2025 06:30,92317.61,92568.17,91843.25,92356.10,14068
19-11-2025 07:30,92353.77,92773.17,92178.95,92478.89,12706
19-11-2025 08:30,92478.89,92545.72,91579.57,91779.64,15827
19-11-2025 09:30,91777.94,91885.33,91063.91,91064.42,15093
19-11-2025 10:30,91063.32,91169.01,89924.27,90351.92,13100
19-11-2025 11:30,90351.77,91005.40,90172.95,90884.16,13056
19-11-2025 12:30,90884.16,91937.22,90847.90,91767.42,11937
19-11-2025 13:30,91767.42,91871.39,91242.50,91379.03,9556
19-11-2025 14:30,91378.79,91433.96,90981.54,91428.83,9992
19-11-2025 15:30,91428.83,91607.45,91131.63,91204.83,7510
19-11-2025 16:30,91204.83,91662.81,91200.17,91302.48,8104
19-11-2025 17:30,91300.26,91772.54,91102.34,91681.87,7299
19-11-2025 18:30,91679.70,91800.19,91158.31,91304.13,10612
19-11-2025 19:30,91304.13,91770.71,90947.14,91629.23,13915
19-11-2025 20:30,91629.23,92304.24,89779.23,89834.68,15105
19-11-2025 21:30,89833.75,90127.18,89344.71,89791.53,15440
19-11-2025 22:30,89796.35,90017.80,88768.59,89386.32,14650
19-11-2025 23:30,89386.33,89599.61,88662.51,89097.89,12380
20-11-2025 00:30,89097.89,89238.29,88487.31,88747.43,12406
20-11-2025 01:30,88747.43,89552.49,88466.08,89408.81,13085
20-11-2025 02:30,89381.87,90696.80,89306.16,90467.67,12542
20-11-2025 03:30,90467.69,90508.66,89969.08,90348.68,8376
20-11-2025 04:30,90348.68,91470.25,90348.68,91430.98,10549
20-11-2025 05:30,91429.78,92187.08,91064.07,91765.28,12223
20-11-2025 06:30,91765.28,92589.57,91698.18,92476.54,8584
20-11-2025 07:30,92476.54,92693.07,92203.58,92474.77,10252
20-11-2025 08:30,92474.77,92606.45,92253.05,92318.61,7475
20-11-2025 09:30,92319.03,92871.16,92012.53,92841.79,7187
20-11-2025 10:30,92841.79,93041.64,92455.18,92498.26,4728
20-11-2025 11:30,92498.26,92735.51,91565.25,91855.29,6188
20-11-2025 12:30,91855.29,92311.20,91678.03,92190.16,8045
20-11-2025 13:30,92189.89,92279.16,91913.21,92003.18,8181
20-11-2025 14:30,92003.18,92016.60,91318.35,91773.27,6134
20-11-2025 15:30,91773.27,91929.62,91469.63,91673.33,5680
20-11-2025 16:30,91673.33,91903.15,91350.54,91795.92,6203
20-11-2025 17:30,91795.92,91872.99,91556.45,91710.91,7159
20-11-2025 18:30,91710.91,92385.73,91365.72,91400.36,13430
20-11-2025 19:30,91400.36,91538.20,90354.29,90968.67,17578
20-11-2025 20:30,90970.03,91044.62,89681.99,89722.75,16142
20-11-2025 21:30,89724.80,89765.64,87371.28,87739.67,18093
20-11-2025 22:30,87732.28,88015.04,86272.21,87101.70,19763
20-11-2025 23:30,87101.70,87636.99,86191.75,86345.09,18242
21-11-2025 00:30,86342.12,87006.15,85948.60,86762.29,17511
21-11-2025 01:30,86762.29,86970.33,86177.31,86298.37,14214
21-11-2025 02:30,86299.45,87535.60,86272.49,87155.73,10095
21-11-2025 03:30,87152.11,88114.96,87065.24,87931.97,9272
21-11-2025 04:30,87934.35,88032.16,86422.58,86499.38,12138
21-11-2025 05:30,86497.29,87360.94,86445.99,87142.52,14090
21-11-2025 06:30,87142.52,87325.05,86686.19,86906.71,9578
21-11-2025 07:30,86906.71,86932.43,85234.98,85312.65,14366
21-11-2025 08:30,85305.41,85995.58,85300.06,85683.73,13885
21-11-2025 09:30,85683.73,85979.79,85261.31,85911.83,14833
21-11-2025 10:30,85911.83,86213.94,85696.45,86050.20,11805
21-11-2025 11:30,86050.41,86113.84,85397.41,85431.79,10668
21-11-2025 12:30,85431.79,85621.09,81642.02,83880.67,16109
21-11-2025 13:30,83880.61,84551.00,83446.60,83499.20,15994
21-11-2025 14:30,83495.07,83847.14,81970.51,82064.46,16245
21-11-2025 15:30,82064.46,82762.19,81518.51,82558.98,16097
21-11-2025 16:30,82558.98,83187.47,82056.23,82171.11,16613
21-11-2025 17:30,82167.61,83462.26,80495.26,83142.74,19342
21-11-2025 18:30,83141.38,84301.29,82990.62,83975.86,18893
21-11-2025 19:30,83980.75,85380.26,83423.24,84724.40,18312
21-11-2025 20:30,84735.25,84981.00,82628.41,82808.41,18656
21-11-2025 21:30,82808.03,84796.77,82207.10,84789.70,17685
21-11-2025 22:30,84791.58,85452.78,84473.69,84767.63,18279
21-11-2025 23:30,84769.83,84968.02,83214.66,84481.89,16858
22-11-2025 00:30,84478.08,84927.05,83979.22,84106.14,15183
22-11-2025 01:30,84104.59,84553.95,83364.98,84478.68,14910
22-11-2025 02:30,84478.68,85321.26,84259.85,85088.55,9929
22-11-2025 03:30,85102.77,85310.82,84172.16,84191.05,9095
22-11-2025 04:30,84191.05,85265.03,84018.38,85039.58,9910
22-11-2025 05:30,85039.58,85522.30,84474.92,84640.26,13452
22-11-2025 06:30,84640.26,85116.74,84490.19,85070.80,12204
22-11-2025 07:30,85071.07,85107.30,84185.37,84430.20,9717
22-11-2025 08:30,84430.20,84506.28,84107.45,84345.50,9151
22-11-2025 09:30,84345.50,84448.44,83731.09,84143.99,10703
22-11-2025 10:30,84143.99,84221.49,83769.54,84182.27,9209
22-11-2025 11:30,84182.27,84704.61,83978.95,84540.60,9429
22-11-2025 12:30,84540.60,84572.52,84300.43,84491.33,9245
22-11-2025 13:30,84491.33,84496.03,83842.03,83925.59,11128
22-11-2025 14:30,83925.01,84255.78,83758.02,83837.66,10157
22-11-2025 15:30,83837.66,84124.69,83413.45,83603.12,8875
22-11-2025 16:30,83603.39,84248.65,83496.60,83999.98,10197
22-11-2025 17:30,83999.98,84069.75,83536.02,83798.43,8085
22-11-2025 18:30,83798.43,84049.89,83562.62,83863.13,11687
22-11-2025 19:30,83862.05,84669.22,83848.47,84402.25,12863
22-11-2025 20:30,84402.25,84481.44,83924.42,84194.45,10616
22-11-2025 21:30,84194.45,84810.38,84125.93,84610.15,11242
22-11-2025 22:30,84610.16,84642.11,84325.29,84461.04,8964
22-11-2025 23:30,84463.00,84601.64,84388.22,84577.83,9207
23-11-2025 00:30,84577.26,84721.70,84416.46,84518.58,8112
23-11-2025 01:30,84518.58,84722.70,84150.61,84382.85,7581
23-11-2025 02:30,84382.85,84426.22,84150.38,84324.40,7288
23-11-2025 03:30,84324.40,85171.64,84184.71,84978.52,8358
23-11-2025 04:30,84978.52,85097.93,84575.94,84650.12,7977
23-11-2025 05:30,84650.12,85228.98,84582.37,84885.09,11027
23-11-2025 06:30,84883.06,86049.89,84860.52,85793.54,12925
23-11-2025 07:30,85793.54,86271.09,85608.18,85921.97,11593
23-11-2025 08:30,85921.96,86234.69,85732.27,86232.52,12464
23-11-2025 09:30,86230.54,86781.08,86062.54,86471.95,12889
23-11-2025 10:30,86471.95,86516.85,85924.44,86282.97,10944
23-11-2025 11:30,86282.97,86430.05,85778.52,85779.52,9914
23-11-2025 12:30,85779.52,85838.99,85331.71,85699.02,12335
23-11-2025 13:30,85690.52,86117.47,85686.40,86062.66,11455
23-11-2025 14:30,86062.05,86391.85,85996.32,86325.47,9174
23-11-2025 15:30,86325.47,86385.03,85972.07,85990.59,9789
23-11-2025 16:30,85990.59,86346.74,85751.02,86260.68,7696
23-11-2025 17:30,86260.68,86816.08,86195.97,86452.79,9649
23-11-2025 18:30,86452.98,86860.34,86243.01,86860.29,9883
23-11-2025 19:30,86860.29,87131.93,86415.83,86484.37,11708
23-11-2025 20:30,86484.05,87176.90,86384.87,87021.82,13441
23-11-2025 21:30,87021.82,87434.99,86605.36,86618.93,13547
23-11-2025 22:30,86620.53,86892.84,86436.97,86676.49,11470
23-11-2025 23:30,86677.89,87190.45,86646.78,86932.03,9575
24-11-2025 00:30,86933.51,87614.88,86868.00,87255.49,10028
24-11-2025 01:30,87260.92,87638.70,87171.00,87424.96,9760
24-11-2025 02:30,87424.96,87939.65,87113.01,87934.82,9568
24-11-2025 03:30,87934.82,88066.90,87497.85,87945.31,9830
24-11-2025 04:30,87945.31,88034.82,86677.26,86774.83,13880
24-11-2025 05:30,86774.83,87143.97,85876.36,86671.95,16106
24-11-2025 06:30,86670.93,87016.04,86323.15,86999.11,15041
24-11-2025 07:30,86999.11,87981.95,86951.20,87451.03,13696
24-11-2025 08:30,87451.03,87726.10,87123.22,87375.76,10899
24-11-2025 09:30,87376.55,87528.65,86374.76,86655.42,11281
24-11-2025 10:30,86655.42,87762.53,86604.63,87386.09,10030
24-11-2025 11:30,87386.09,87436.13,86741.84,86832.81,7929
24-11-2025 12:30,86830.15,87277.95,86612.98,86974.78,10294
24-11-2025 13:30,86974.52,86974.52,86639.65,86880.15,11233
24-11-2025 14:30,86880.15,86880.15,85743.95,85860.68,11371
24-11-2025 15:30,85860.68,86108.91,85605.85,85961.57,9658
24-11-2025 16:30,85961.57,86348.70,85754.16,86182.01,9763
24-11-2025 17:30,86179.56,86229.38,85795.66,85914.99,8775
24-11-2025 18:30,85913.12,86490.54,85865.76,86061.55,6819
24-11-2025 19:30,86061.56,86566.02,85191.25,86072.34,12278
24-11-2025 20:30,86072.34,86660.45,85825.09,86531.02,15317
24-11-2025 21:30,86531.02,87621.28,86530.12,87096.94,13194
24-11-2025 22:30,87096.94,88399.13,86875.65,88310.28,14300
24-11-2025 23:30,88311.67,88665.32,88135.09,88660.07,9572
25-11-2025 00:30,88660.00,88789.02,88083.44,88273.09,10435
25-11-2025 01:30,88273.09,89185.99,88273.09,89040.48,10504
25-11-2025 02:30,89039.86,89102.92,88675.80,88717.53,7299
25-11-2025 03:30,88717.60,89044.91,88531.99,88572.48,7121
25-11-2025 04:30,88574.17,88637.08,88189.65,88232.17,6327
25-11-2025 05:30,88232.16,88232.16,87807.11,88044.82,9655
25-11-2025 06:30,88044.82,88142.76,87652.15,87675.81,10082
25-11-2025 07:30,87674.70,87888.37,87392.99,87851.37,10034
25-11-2025 08:30,87851.45,87985.44,87484.25,87750.92,11846
25-11-2025 09:30,87750.92,88452.86,87723.20,88276.12,8063
25-11-2025 10:30,88276.12,88278.65,87870.31,88059.37,4934
25-11-2025 11:30,88058.17,88096.24,87742.97,87945.94,4888
25-11-2025 12:30,87947.65,88009.63,87287.45,87340.40,7237
25-11-2025 13:30,87340.40,87555.67,86932.65,86951.01,8816
25-11-2025 14:30,86952.53,87193.46,86622.22,87179.35,14883
25-11-2025 15:30,87179.64,87382.81,86887.29,87355.44,11889
25-11-2025 16:30,87352.83,87485.92,87250.54,87306.93,10359
25-11-2025 17:30,87306.59,87721.91,87303.61,87453.58,14248
25-11-2025 18:30,87451.39,87670.22,86807.21,87016.28,15242
25-11-2025 19:30,87016.28,87231.53,86039.05,86669.35,12545
25-11-2025 20:30,86669.35,87239.85,86120.78,86919.74,16691
25-11-2025 21:30,86919.73,87207.47,86620.23,87036.24,13400
25-11-2025 22:30,87036.24,88072.91,86953.05,87542.51,12192
25-11-2025 23:30,87542.92,87755.38,87144.42,87148.88,12967
26-11-2025 00:30,87148.88,87255.41,86098.40,86799.69,12246
26-11-2025 01:30,86799.69,87387.56,86627.67,87323.87,10870
26-11-2025 02:30,87322.89,87371.99,86907.24,86961.21,8322
26-11-2025 03:30,86961.28,87646.94,86510.39,87561.27,9210
26-11-2025 04:30,87561.27,87820.04,87248.70,87290.07,10032
26-11-2025 05:30,87290.07,87699.55,87270.01,87503.58,9205
26-11-2025 06:30,87503.58,88150.66,87265.08,87848.88,7385
26-11-2025 07:30,87848.88,88019.88,87582.93,87642.93,6241
26-11-2025 08:30,87642.93,87822.58,86993.58,87050.81,7332
26-11-2025 09:30,87050.24,87300.52,86820.30,87157.26,6466
26-11-2025 10:30,87157.26,87679.04,87148.72,87449.30,5547
26-11-2025 11:30,87449.30,87816.35,87377.51,87725.65,5403
26-11-2025 12:30,87725.65,87902.52,87623.83,87867.53,5743
26-11-2025 13:30,87867.53,87875.78,87335.06,87346.66,4744
26-11-2025 14:30,87343.97,87376.51,86673.12,86760.81,10231
26-11-2025 15:30,86760.81,86989.47,86595.84,86878.71,7646
26-11-2025 16:30,86878.71,87046.33,86761.45,87039.87,5866
26-11-2025 17:30,87039.87,87114.14,86238.47,86591.35,8134
26-11-2025 18:30,86591.35,87070.12,86499.34,87063.15,12556
26-11-2025 19:30,87063.15,87635.70,86755.28,86837.35,14087
26-11-2025 20:30,86837.35,87295.37,86622.23,86910.36,14509
26-11-2025 21:30,86910.35,87876.06,86899.22,87762.75,12036
26-11-2025 22:30,87762.75,89928.72,87652.90,89792.59,14006
26-11-2025 23:30,89792.59,90375.64,89619.01,90102.13,13326
27-11-2025 00:30,90105.32,90161.10,89696.27,89922.86,11210
27-11-2025 01:30,89922.86,90070.21,89464.01,89829.64,9637
27-11-2025 02:30,89829.64,90430.50,89762.07,90157.52,4020
27-11-2025 03:30,90157.52,90596.80,90089.29,90349.19,4241
27-11-2025 04:30,90347.63,90560.07,90271.72,90433.39,6640
27-11-2025 05:30,90435.64,90538.97,90042.77,90438.71,7594
27-11-2025 06:30,90438.71,91199.98,90345.55,91102.05,6151
27-11-2025 07:30,91097.75,91852.17,90837.56,91341.11,11420
27-11-2025 08:30,91340.35,91563.38,90994.58,91044.11,9178
27-11-2025 09:30,91036.47,91309.61,91007.48,91245.26,9069
27-11-2025 10:30,91245.26,91505.36,90843.69,90926.31,10398
27-11-2025 11:30,90926.31,91403.27,90926.31,91188.91,8511
27-11-2025 12:30,91188.91,91465.37,91081.55,91359.94,10864
27-11-2025 13:30,91370.46,91487.49,91174.67,91450.25,10939
27-11-2025 14:30,91450.78,91888.29,91430.92,91526.22,10493
27-11-2025 15:30,91526.22,91716.41,91301.09,91566.74,10902
27-11-2025 16:30,91566.74,91579.96,91259.23,91329.27,8763
27-11-2025 17:30,91329.27,91413.16,90896.94,90929.61,9144
27-11-2025 18:30,90929.61,91027.26,90405.44,90811.35,11582
27-11-2025 19:30,90811.35,90942.41,90525.49,90738.66,9226
27-11-2025 20:30,90738.80,90938.61,90575.95,90912.67,7935
27-11-2025 21:30,90912.67,91513.78,90802.66,91411.43,6204
27-11-2025 22:30,91411.43,91591.25,91260.27,91431.71,6553
27-11-2025 23:30,91431.71,91800.56,91299.10,91740.17,7835
28-11-2025 00:30,91740.17,91740.17,91463.94,91484.37,4994
28-11-2025 01:30,91484.37,91557.19,91353.98,91389.64,5654
28-11-2025 02:30,91389.64,91549.89,91172.31,91366.39,7102
28-11-2025 03:30,91376.26,91549.72,91059.36,91278.06,5077
28-11-2025 04:30,91278.06,91513.96,91165.49,91283.43,4999
28-11-2025 05:30,91283.44,91371.69,91019.84,91158.89,6577
28-11-2025 06:30,91158.89,91164.57,90742.39,90745.15,8387
28-11-2025 07:30,90745.15,91081.81,90600.92,91025.85,8305
28-11-2025 08:30,91025.69,91254.29,90941.63,91152.79,7959
28-11-2025 09:30,91152.79,91438.57,91063.56,91374.66,6470
28-11-2025 10:30,91374.53,91663.13,91249.23,91562.10,6803
28-11-2025 11:30,91562.39,91563.01,91106.35,91249.38,5722
28-11-2025 12:30,91249.43,91516.63,90804.66,90851.04,5457
28-11-2025 13:30,90851.04,91653.34,90848.59,91638.34,8343
28-11-2025 14:30,91638.35,91794.08,91387.21,91557.11,7728
28-11-2025 15:30,91557.11,91818.27,91435.21,91796.99,6961
28-11-2025 16:30,91798.46,91937.89,91013.20,91378.93,11611
28-11-2025 17:30,91379.07,91631.52,91342.74,91463.63,12493
28-11-2025 18:30,91463.63,92469.54,91322.36,92327.56,16606
28-11-2025 19:30,92326.97,93009.84,91786.73,92217.36,19300
28-11-2025 20:30,92217.36,92766.27,91958.27,92332.74,18781
28-11-2025 21:30,92332.74,92357.60,90849.93,90904.97,18726
28-11-2025 22:30,90906.25,91181.08,90195.41,90596.25,19604
28-11-2025 23:30,90596.96,90935.81,90394.74,90809.55,16266
29-11-2025 00:30,90809.90,91181.26,90803.25,91126.58,13855
29-11-2025 01:30,91126.44,91208.12,90839.29,91184.88,13744
29-11-2025 02:30,91184.88,91235.00,90866.87,90868.71,10994
29-11-2025 03:30,90893.79,91147.04,90692.35,91094.89,9101
29-11-2025 04:30,91101.46,91188.42,90863.13,90870.67,8945
29-11-2025 05:30,90870.10,90953.47,90748.10,90866.73,9743
29-11-2025 06:30,90866.73,91106.87,90773.92,90861.06,10544
29-11-2025 07:30,90861.06,90918.27,90520.45,90779.88,9197
29-11-2025 08:30,90779.88,90852.68,90634.98,90649.01,8514
29-11-2025 09:30,90651.79,90893.28,90523.60,90876.87,9057
29-11-2025 10:30,90879.60,90903.04,90697.21,90726.54,7852
29-11-2025 11:30,90728.05,90808.68,90326.02,90535.72,12238
29-11-2025 12:30,90535.72,90647.46,90341.70,90548.65,10904
29-11-2025 13:30,90548.65,90718.66,90457.86,90615.54,10550
29-11-2025 14:30,90616.19,90656.23,90486.02,90548.34,12202
29-11-2025 15:30,90548.35,90643.67,90375.40,90540.62,12812
29-11-2025 16:30,90540.62,90668.70,90441.05,90660.97,10265
29-11-2025 17:30,90660.92,90799.70,90515.05,90601.51,10642
29-11-2025 18:30,90604.88,90806.33,90564.90,90772.91,8810
29-11-2025 19:30,90772.91,90777.51,90593.95,90611.57,9241
29-11-2025 20:30,90614.16,91109.03,90611.57,91066.44,12615
29-11-2025 21:30,91066.45,91159.37,90854.80,90995.87,11857
29-11-2025 22:30,90995.92,91017.66,90416.88,90422.37,11632
29-11-2025 23:30,90421.02,90717.18,90160.40,90686.90,14249
30-11-2025 00:30,90686.91,90845.91,90584.89,90633.03,11558
30-11-2025 01:30,90632.30,91028.36,90356.75,90949.56,13471
30-11-2025 02:30,90951.55,91044.71,90791.07,90998.22,11501
30-11-2025 03:30,90998.22,90998.22,90687.35,90736.46,9107
30-11-2025 04:30,90736.46,90885.83,90673.07,90787.86,9672
30-11-2025 05:30,90788.00,90928.71,90743.61,90872.56,10841
30-11-2025 06:30,90873.09,91046.44,90848.61,90892.10,10166
30-11-2025 07:30,90892.26,91019.39,90728.89,90773.59,9139
30-11-2025 08:30,90773.59,90910.23,90442.72,90895.56,12316
30-11-2025 09:30,90895.56,90954.89,90775.06,90830.01,10562
30-11-2025 10:30,90829.72,90833.88,90647.03,90766.32,10778
30-11-2025 11:30,90766.32,90924.18,90697.56,90867.48,10585
30-11-2025 12:30,90867.48,91025.94,90832.48,90947.17,10268
30-11-2025 13:30,90947.17,91384.54,90908.49,91157.54,12869
30-11-2025 14:30,91157.10,91596.84,91104.78,91379.09,12288
30-11-2025 15:30,91378.03,91436.77,91167.56,91205.48,10860
30-11-2025 16:30,91205.46,91370.61,90961.80,91021.14,10438
30-11-2025 17:30,91021.14,91503.57,90975.19,91444.57,12422
30-11-2025 18:30,91444.78,91948.91,91370.02,91745.17,6299
30-11-2025 19:30,91745.17,91760.33,91385.46,91385.49,1567
30-11-2025 20:30,91509.25,91509.25,91392.50,91403.57,1604
30-11-2025 21:30,91403.57,91835.85,91367.35,91798.10,11726
30-11-2025 22:30,91798.10,91800.05,91290.07,91456.94,13691
30-11-2025 23:30,91456.90,91457.09,91140.58,91421.88,8978
01-12-2025 00:30,91422.70,91459.95,91253.21,91420.83,8415
01-12-2025 01:30,91420.83,91590.47,91151.84,91275.89,10409
01-12-2025 02:30,91279.22,91297.17,90872.96,91144.08,11041
01-12-2025 03:30,91142.91,91312.34,91006.15,91187.45,8985
01-12-2025 04:30,91188.08,91223.21,90309.89,90325.80,16900
01-12-2025 05:30,90325.17,90393.54,86952.81,86974.40,24765
01-12-2025 06:30,86974.40,87724.72,86954.22,87143.81,21483
01-12-2025 07:30,87144.59,87477.79,86463.13,86694.54,18080
01-12-2025 08:30,86694.38,86782.88,86127.53,86313.69,18628
01-12-2025 09:30,86312.43,86312.43,85647.07,85756.17,18142
01-12-2025 10:30,85755.72,85978.19,85565.72,85968.38,16970
01-12-2025 11:30,85968.42,86320.14,85942.06,86200.72,16254
01-12-2025 12:30,86200.27,86548.13,86015.51,86509.81,17245
01-12-2025 13:30,86505.18,86845.64,86350.15,86833.38,16738
01-12-2025 14:30,86826.25,86881.52,86474.86,86668.18,16577
01-12-2025 15:30,86666.56,86776.15,86501.77,86599.48,14881
01-12-2025 16:30,86599.48,86657.27,86080.32,86087.44,16357
01-12-2025 17:30,86088.25,86177.60,84751.32,85374.66,19887
01-12-2025 18:30,85374.45,86139.54,85287.03,85936.44,19468
01-12-2025 19:30,85938.44,86578.74,85855.09,86018.93,20397
01-12-2025 20:30,86017.42,86073.42,83779.75,84635.71,22236
01-12-2025 21:30,84635.71,85369.97,83994.24,84511.81,21599
01-12-2025 22:30,84514.85,85225.49,84413.97,84905.14,19375
01-12-2025 23:30,84912.54,85509.06,84673.66,85160.04,18281
02-12-2025 00:30,85160.00,85258.87,84559.75,84982.95,19951
02-12-2025 01:30,84979.99,85800.40,84963.81,85425.02,20367
02-12-2025 02:30,85427.00,86459.31,85427.00,86411.79,16374
02-12-2025 03:30,86407.86,86842.67,86267.88,86551.18,14909
02-12-2025 04:30,86551.18,86802.68,86215.70,86246.49,13389
02-12-2025 05:30,86246.55,86638.91,86151.65,86478.83,16054
02-12-2025 06:30,86478.83,87238.12,86348.66,86414.75,18951
02-12-2025 07:30,86414.75,86820.39,86228.34,86497.51,16867
02-12-2025 08:30,86497.51,87055.86,86172.59,86945.94,15576
02-12-2025 09:30,86943.26,87242.65,86863.87,86934.80,16004
02-12-2025 10:30,86934.80,87083.84,86778.61,86968.08,14490
02-12-2025 11:30,86967.75,87144.66,86814.74,87052.03,15118
02-12-2025 12:30,87052.03,87084.48,86849.00,86977.59,14278
02-12-2025 13:30,86977.61,87023.93,86325.29,86423.06,15926
02-12-2025 14:30,86428.73,86959.48,86413.93,86724.36,15733
02-12-2025 15:30,86724.36,87554.99,86714.21,87240.19,15002
02-12-2025 16:30,87237.44,87583.96,86961.06,87335.56,16306
02-12-2025 17:30,87336.52,87536.45,87179.11,87243.42,14871
02-12-2025 18:30,87244.03,87852.28,87010.50,87698.72,18158
02-12-2025 19:30,87699.06,89253.92,87568.60,89250.91,23668
02-12-2025 20:30,89251.66,91107.92,89244.66,90822.52,24611
02-12-2025 21:30,90823.16,91196.85,90174.12,90732.24,23862
02-12-2025 22:30,90735.28,91954.84,90717.46,91444.41,21225
02-12-2025 23:30,91444.64,92204.39,91408.04,91936.34,21338
03-12-2025 00:30,91936.34,92300.32,91839.05,91879.84,19043
03-12-2025 01:30,91880.80,91926.55,90726.45,91042.31,19856
03-12-2025 02:30,91043.98,91643.00,90966.62,91564.91,15045
03-12-2025 03:30,91563.42,91997.69,91507.06,91979.36,14209
03-12-2025 04:30,91979.71,91987.20,91261.50,91276.07,15229
03-12-2025 05:30,91276.07,91745.08,90982.42,91657.26,18841
03-12-2025 06:30,91657.26,92448.39,91450.80,92236.08,18855
03-12-2025 07:30,92239.15,93013.47,92135.91,92784.85,20636
03-12-2025 08:30,92785.35,93038.84,92553.22,92604.76,17472
03-12-2025 09:30,92604.71,93429.13,92596.54,93338.53,18216
03-12-2025 10:30,93336.54,93645.00,93084.57,93622.63,17992
03-12-2025 11:30,93622.63,93941.26,93125.43,93423.63,19835
03-12-2025 12:30,93422.61,93454.34,92840.11,92984.92,18019
03-12-2025 13:30,92983.51,93166.94,92664.90,92751.02,17272
03-12-2025 14:30,92751.02,93204.05,92684.19,93162.44,15805
03-12-2025 15:30,93159.36,93372.20,92843.23,92931.20,15565
03-12-2025 16:30,92929.62,93047.74,92657.67,92987.85,15986
03-12-2025 17:30,92987.85,93095.89,92673.17,92920.19,15960
03-12-2025 18:30,92920.24,93255.72,92863.12,93121.79,16953
03-12-2025 19:30,93121.79,93549.50,91772.13,92337.52,24828
03-12-2025 20:30,92355.27,92953.31,91935.78,92357.26,23824
03-12-2025 21:30,92358.60,92731.26,91759.84,92228.29,22396
03-12-2025 22:30,92228.29,93032.27,92175.17,92948.37,20271
03-12-2025 23:30,92947.21,93503.99,92345.32,92596.22,17143
04-12-2025 00:30,92594.30,93084.86,92507.02,93016.13,14361
04-12-2025 01:30,93020.25,93371.65,92817.61,92955.40,15949
04-12-2025 02:30,92955.40,93753.16,92821.86,93688.44,15834
04-12-2025 03:30,93684.27,94092.42,93288.01,93758.03,17811
04-12-2025 04:30,93759.37,94058.16,93365.07,93414.28,18912
04-12-2025 05:30,93414.36,93469.73,92653.99,93033.89,17009
04-12-2025 06:30,93033.89,93732.92,92954.33,93175.14,17074
04-12-2025 07:30,93174.82,94032.09,93096.29,93913.95,17102
04-12-2025 08:30,93913.26,94044.28,93371.15,93513.42,15851
04-12-2025 09:30,93513.16,93564.51,93193.52,93334.87,14215
04-12-2025 10:30,93334.40,93352.53,92746.49,92952.12,13865
04-12-2025 11:30,92951.13,93348.97,92810.73,93120.68,14879
04-12-2025 12:30,93117.63,93402.52,92854.23,93372.82,13028
04-12-2025 13:30,93372.82,93583.89,93018.75,93240.50,13928
04-12-2025 14:30,93238.58,93597.23,93209.56,93428.22,15798
04-12-2025 15:30,93428.22,93545.45,93124.12,93237.93,13758
04-12-2025 16:30,93240.73,93292.96,92710.71,92915.69,14293
04-12-2025 17:30,92915.39,93169.96,92744.79,92963.96,14136
04-12-2025 18:30,92963.48,93036.47,92397.26,92487.44,18724
04-12-2025 19:30,92488.89,92819.22,91780.21,91872.50,20781
04-12-2025 20:30,91872.39,93224.22,91851.29,92960.59,23705
04-12-2025 21:30,92957.33,93155.46,92248.20,92423.55,20944
04-12-2025 22:30,92424.01,92536.15,91753.83,92415.43,19946
04-12-2025 23:30,92415.15,92557.62,91933.05,92128.61,18197
05-12-2025 00:30,92128.61,92175.17,90861.55,91962.16,22289
05-12-2025 01:30,91960.73,92534.98,91666.50,92497.53,19170
05-12-2025 02:30,92484.96,92697.91,92066.52,92141.84,16035
05-12-2025 03:30,92140.57,92486.62,92131.47,92322.39,12799
05-12-2025 04:30,92322.39,92445.67,92048.32,92060.88,13967
05-12-2025 05:30,92060.87,92460.27,92043.80,92283.38,14266
05-12-2025 06:30,92283.26,92588.69,92207.79,92340.73,14756
05-12-2025 07:30,92340.73,92684.02,92229.77,92501.14,14158
05-12-2025 08:30,92500.76,92658.64,91953.47,92131.65,14295
05-12-2025 09:30,92131.65,92381.55,91784.82,92015.57,14943
05-12-2025 10:30,92015.92,92193.66,91848.24,91924.78,12783
05-12-2025 11:30,91924.67,92273.33,91873.39,92263.87,12476
05-12-2025 12:30,92262.75,92493.60,92176.74,92254.01,14716
05-12-2025 13:30,92252.27,92253.79,91899.25,92096.52,13994
05-12-2025 14:30,92096.52,92106.99,90969.88,91110.77,18296
05-12-2025 15:30,91107.82,91485.80,91065.05,91272.82,15622
05-12-2025 16:30,91272.91,91605.01,91115.87,91335.90,15116
05-12-2025 17:30,91335.90,91423.04,91062.71,91225.89,14645
05-12-2025 18:30,91225.86,91345.48,90224.07,90459.59,20974
05-12-2025 19:30,90459.68,90740.27,89950.85,90274.81,22986
05-12-2025 20:30,90274.81,91396.19,89574.50,90436.52,24670
05-12-2025 21:30,90436.52,90480.97,88102.27,88803.82,25229
05-12-2025 22:30,88804.86,89490.98,88610.23,89327.81,23140
05-12-2025 23:30,89324.95,89802.72,88904.71,88935.88,21637
06-12-2025 00:30,88937.25,89810.20,88802.72,89630.80,19994
06-12-2025 01:30,89630.80,89747.66,89129.81,89288.10,18399
06-12-2025 02:30,89293.68,89480.52,89066.73,89156.68,16108
06-12-2025 03:30,89167.49,89367.25,88896.01,89243.33,13233
06-12-2025 04:30,89243.33,89366.94,88927.40,89309.48,12577
06-12-2025 05:30,89309.48,89452.27,89006.78,89394.31,11410
06-12-2025 06:30,89394.31,89471.31,89176.34,89308.76,11311
06-12-2025 07:30,89307.86,89385.46,89142.96,89367.91,10347
06-12-2025 08:30,89367.91,89775.20,89360.85,89662.51,13676
06-12-2025 09:30,89662.86,89696.49,89492.03,89632.93,11798
06-12-2025 10:30,89632.99,89717.54,89502.39,89580.70,10587
06-12-2025 11:30,89580.70,89745.40,89494.55,89671.78,12231
06-12-2025 12:30,89671.78,89703.85,89439.86,89575.66,13289
06-12-2025 13:30,89576.40,89625.84,89146.15,89259.79,16495
06-12-2025 14:30,89259.78,89653.45,89242.33,89555.31,15109
06-12-2025 15:30,89555.31,89670.83,89433.79,89480.25,13455
06-12-2025 16:30,89480.38,89707.49,89465.37,89607.29,13303
06-12-2025 17:30,89607.29,89636.19,89536.76,89557.34,12120
06-12-2025 18:30,89557.34,89933.21,89554.52,89643.41,12497
06-12-2025 19:30,89643.24,90264.59,89626.77,89984.48,14684
06-12-2025 20:30,89986.90,90024.49,89467.47,89744.30,16824
06-12-2025 21:30,89744.47,89969.84,89654.67,89697.78,15703
06-12-2025 22:30,89697.65,89827.54,89589.47,89697.90,15843
06-12-2025 23:30,89697.90,89787.10,89510.98,89637.72,12873
07-12-2025 00:30,89639.54,89744.88,89213.09,89393.64,13265
07-12-2025 01:30,89394.11,89550.25,89295.90,89527.04,12550
07-12-2025 02:30,89527.04,89608.58,89373.64,89402.21,14241
07-12-2025 03:30,89402.21,89518.45,89234.07,89272.13,9388
07-12-2025 04:30,89272.17,89445.63,88896.81,89229.21,14121
07-12-2025 05:30,89228.55,89549.49,89093.28,89375.00,13948
07-12-2025 06:30,89375.00,89574.84,89269.03,89269.12,12156
07-12-2025 07:30,89269.12,89674.03,89267.70,89596.16,9911
07-12-2025 08:30,89595.79,89735.43,89522.52,89709.64,10690
07-12-2025 09:30,89709.57,89781.75,89466.43,89517.11,11722
07-12-2025 10:30,89517.11,89546.78,89399.59,89485.24,8921
07-12-2025 11:30,89485.24,89689.25,89464.46,89682.81,9845
07-12-2025 12:30,89682.62,89715.07,89176.50,89351.79,11470
07-12-2025 13:30,89351.73,89518.69,89166.94,89285.71,11729
07-12-2025 14:30,89286.15,89383.57,89026.79,89083.32,11561
07-12-2025 15:30,89083.32,89376.47,89076.73,89216.71,13743
07-12-2025 16:30,89216.71,89258.53,89117.46,89130.08,12032
07-12-2025 17:30,89130.98,89581.13,89091.43,89449.79,12611
07-12-2025 18:30,89449.79,89498.52,88693.41,89032.36,15689
07-12-2025 19:30,89033.31,89092.78,87699.19,88199.70,19088
07-12-2025 20:30,88199.70,89683.40,88134.71,89518.77,18408
07-12-2025 21:30,89516.53,89727.29,89081.65,89703.53,17218
07-12-2025 22:30,89703.53,91249.99,89581.41,90926.17,20599
07-12-2025 23:30,90926.11,91740.91,90925.08,91338.63,19376
08-12-2025 00:30,91338.50,91528.15,91184.92,91395.95,15430
08-12-2025 01:30,91395.94,91492.99,91275.73,91401.65,14603
08-12-2025 02:30,91402.12,91411.49,89835.63,90195.62,16722
08-12-2025 03:30,90197.86,90198.28,89023.17,89573.24,20626
08-12-2025 04:30,89573.14,90458.03,89489.45,90364.82,20214
08-12-2025 05:30,90366.43,90578.30,89833.88,90325.79,25615
08-12-2025 06:30,90326.81,91675.44,90272.72,90885.74,25718
08-12-2025 07:30,90884.88,91501.19,90777.13,91336.34,24827
08-12-2025 08:30,91336.69,91402.50,90942.53,91043.99,24156
08-12-2025 09:30,91044.96,91455.90,90992.36,91258.46,24499
08-12-2025 10:30,91261.50,91413.69,90874.39,91294.26,24078
08-12-2025 11:30,91297.10,91625.04,91205.33,91429.85,24108
08-12-2025 12:30,91431.71,91839.25,91317.53,91534.45,23925
08-12-2025 13:30,91534.64,91921.88,91446.98,91800.95,24382
08-12-2025 14:30,91805.73,92263.48,91764.89,91883.53,24284
08-12-2025 15:30,91884.98,92198.15,91792.04,92102.64,24169
08-12-2025 16:30,92102.34,92164.29,91823.52,91943.37,24239
08-12-2025 17:30,91942.66,91971.28,91639.65,91740.21,24239
08-12-2025 18:30,91740.69,92095.08,91310.71,91417.11,25500
08-12-2025 19:30,91421.41,91734.46,90750.48,90805.15,26370
08-12-2025 20:30,90808.94,90962.10,89573.13,89933.63,27185
08-12-2025 21:30,89935.24,90457.79,89651.79,89941.82,26417
08-12-2025 22:30,89946.59,90315.37,89662.85,90228.41,26436
08-12-2025 23:30,90228.82,90496.67,89688.40,89866.61,26673
09-12-2025 00:30,89890.35,90343.13,89828.63,90095.76,26528
09-12-2025 01:30,90096.11,90903.58,90095.41,90773.90,26085
09-12-2025 02:30,90777.52,91360.11,90647.05,91286.12,25656
09-12-2025 03:30,91289.78,91358.50,90696.06,90803.16,24366
09-12-2025 04:30,90804.01,91004.11,90470.37,90618.83,25192
09-12-2025 05:30,90619.59,90835.08,90326.04,90365.90,25744
09-12-2025 06:30,90366.42,90558.69,89945.24,90041.54,26045
09-12-2025 07:30,90040.07,90357.50,89953.47,90040.97,25371
09-12-2025 08:30,90045.39,90434.02,89784.61,90391.38,25511
09-12-2025 09:30,90390.13,90494.57,89697.15,89894.06,24853
09-12-2025 10:30,89894.26,90209.42,89530.45,89878.28,25039
09-12-2025 11:30,89877.60,90206.85,89744.03,90137.01,24935
09-12-2025 12:30,90136.12,90498.97,90049.13,90461.48,25212
09-12-2025 13:30,90465.65,90581.21,90335.17,90462.45,24845
09-12-2025 14:30,90463.79,90471.46,90100.81,90111.71,24916
09-12-2025 15:30,90111.53,90318.25,89891.10,90269.72,24689
09-12-2025 16:30,90266.14,90376.93,90101.55,90361.59,24867
09-12-2025 17:30,90357.85,90654.06,90297.83,90551.45,25292
09-12-2025 18:30,90552.76,90821.36,90128.03,90397.33,25167
09-12-2025 19:30,90395.17,90600.99,89974.39,90327.17,26294
09-12-2025 20:30,90326.75,92847.87,90250.30,92661.30,27608
09-12-2025 21:30,92679.78,94461.14,92643.24,94213.23,27727
09-12-2025 22:30,94167.10,94580.40,93511.76,93905.01,27039
09-12-2025 23:30,93903.34,94170.99,93640.38,93908.22,26535
10-12-2025 00:30,93908.44,94196.98,93635.94,93787.11,25947
10-12-2025 01:30,93787.96,93837.55,92750.64,93094.35,26131
10-12-2025 02:30,93097.13,93222.72,92236.09,92640.22,25289
10-12-2025 03:30,92630.02,93012.59,92471.89,92847.20,23917
10-12-2025 04:30,92848.42,92963.65,92514.61,92652.92,22198
10-12-2025 05:30,92655.49,92755.46,92056.70,92108.38,23470
10-12-2025 06:30,92107.08,92386.00,91942.98,92293.13,24882
10-12-2025 07:30,92288.81,92560.36,91995.45,92483.11,24704
10-12-2025 08:30,92483.00,92549.19,92319.27,92389.57,23820
10-12-2025 09:30,92392.47,92649.73,92365.19,92536.02,24009
10-12-2025 10:30,92531.24,92716.02,92496.21,92534.19,23376
10-12-2025 11:30,92532.87,92745.25,92379.58,92674.41,23181
10-12-2025 12:30,92677.11,92819.37,92466.56,92819.37,22571
10-12-2025 13:30,92766.89,92779.34,92518.05,92574.29,23376
10-12-2025 14:30,92577.78,92930.21,92409.02,92899.38,23714
10-12-2025 15:30,92895.67,93182.18,92098.20,92236.36,25428
10-12-2025 16:30,92240.53,92409.44,91735.76,92097.01,23679
10-12-2025 17:30,92091.15,92188.68,91795.07,91959.55,23640
10-12-2025 18:30,91960.59,92200.06,91911.85,92061.46,23481
10-12-2025 19:30,92059.12,92093.35,91563.75,91798.67,25645
10-12-2025 20:30,91798.75,92121.09,91544.64,92035.81,26815
10-12-2025 21:30,92036.89,92555.51,91854.99,92138.09,26317
10-12-2025 22:30,92135.49,92487.32,92053.23,92360.70,25443
10-12-2025 23:30,92359.91,93009.96,91963.54,92467.75,26692
11-12-2025 00:30,92465.63,93246.81,91878.06,92953.92,27441
11-12-2025 01:30,92955.43,94454.78,92288.22,92482.75,27577
11-12-2025 02:30,92461.34,92782.44,91859.18,92360.48,26632
11-12-2025 03:30,92362.24,92699.93,91963.20,92489.46,24633
11-12-2025 04:30,92491.05,92584.51,91919.21,91995.95,24835
11-12-2025 05:30,91994.71,92064.49,91034.00,91376.60,26356
11-12-2025 06:30,91376.43,91400.42,90636.02,90662.73,26600
11-12-2025 07:30,90659.42,90662.56,89853.99,90062.78,27227
11-12-2025 08:30,90065.71,90067.80,89385.54,89863.39,26599
11-12-2025 09:30,89862.27,90475.36,89668.80,90420.73,25645
11-12-2025 10:30,90420.21,90422.63,90051.45,90294.23,25126
11-12-2025 11:30,90293.62,90438.83,89944.48,90268.00,25221
11-12-2025 12:30,90267.48,90311.02,90062.10,90256.83,24954
11-12-2025 13:30,90250.89,90257.19,89959.26,90171.68,25273
11-12-2025 14:30,90170.81,90492.59,90118.70,90221.95,23505
11-12-2025 15:30,90220.90,90499.15,90143.52,90301.60,22828
11-12-2025 16:30,90299.56,90410.20,90147.03,90219.69,22906
11-12-2025 17:30,90216.69,90365.56,89972.02,90003.04,23536
11-12-2025 18:30,90002.40,90142.50,89835.04,90068.06,24110
11-12-2025 19:30,90062.97,90454.02,89236.19,89519.47,25976
11-12-2025 20:30,89502.04,90614.31,89363.37,89847.51,27345
11-12-2025 21:30,89838.70,90155.03,89302.72,89709.28,27238
11-12-2025 22:30,89705.29,90237.18,89592.70,89951.57,25977
11-12-2025 23:30,89943.82,91171.44,89845.38,90681.84,26284
12-12-2025 00:30,90677.41,91532.40,90566.01,90808.73,26543
12-12-2025 01:30,90815.15,91819.01,90777.76,91768.88,26443
12-12-2025 02:30,91770.61,93553.62,91681.64,92849.97,26653
12-12-2025 03:30,92846.84,93142.31,92075.05,92341.08,25834
12-12-2025 04:30,92341.14,92795.82,92317.05,92509.18,25443
12-12-2025 05:30,92503.13,92648.95,91443.36,91512.74,24908
12-12-2025 06:30,91553.56,92298.73,91513.33,92149.94,26005
12-12-2025 07:30,92150.48,92725.11,91909.65,92574.82,25564
12-12-2025 08:30,92575.70,92750.77,92157.76,92265.52,24818
12-12-2025 09:30,92267.56,92448.64,92114.48,92377.03,23096
12-12-2025 10:30,92379.18,92489.25,92052.14,92420.45,23624
12-12-2025 11:30,92421.66,92706.71,92376.15,92486.08,24266
12-12-2025 12:30,92489.01,92628.50,92232.34,92416.08,23890
12-12-2025 13:30,92417.97,92467.21,92064.25,92334.54,24244
12-12-2025 14:30,92344.24,92537.91,92059.15,92503.76,24500
12-12-2025 15:30,92501.18,92622.53,92386.56,92471.03,23131
12-12-2025 16:30,92468.79,92473.44,92251.26,92396.62,24557
12-12-2025 17:30,92398.15,92415.37,92050.06,92408.47,24713
12-12-2025 18:30,92408.47,92498.03,92218.84,92288.22,24903
12-12-2025 19:30,92292.66,92653.81,91875.56,92433.40,26430
12-12-2025 20:30,92426.95,92426.95,89754.85,89839.58,27699
12-12-2025 21:30,89890.11,90407.62,89463.79,90027.91,27236
12-12-2025 22:30,90026.43,90614.40,89806.85,90069.85,26786
12-12-2025 23:30,90066.38,90652.38,90025.09,90361.75,27315
13-12-2025 00:30,90359.32,90393.36,89972.85,90167.05,27140
13-12-2025 01:30,90166.42,90325.65,89849.43,90177.45,26411
13-12-2025 02:30,90181.91,90318.46,90073.41,90155.55,23349
13-12-2025 03:30,90157.72,90368.66,90145.50,90321.99,21871
13-12-2025 04:30,90321.03,90368.73,90199.02,90238.73,22564
13-12-2025 05:30,90236.04,90406.33,90176.59,90287.92,23343
13-12-2025 06:30,90285.88,90329.49,90074.43,90194.70,23065
13-12-2025 07:30,90186.38,90291.26,90167.53,90188.79,22917
13-12-2025 08:30,90188.79,90435.95,90146.19,90312.60,23180
13-12-2025 09:30,90311.21,90389.49,90233.57,90343.07,22997
13-12-2025 10:30,90345.05,90368.07,90223.53,90305.93,23527
13-12-2025 11:30,90313.32,90351.16,90228.65,90321.15,22842
13-12-2025 12:30,90325.26,90377.38,90282.36,90302.15,23624
13-12-2025 13:30,90306.36,90549.13,90284.98,90427.77,24797
13-12-2025 14:30,90431.52,90491.55,90343.26,90399.54,23346
13-12-2025 15:30,90400.73,90613.34,90385.39,90564.96,24564
13-12-2025 16:30,90569.05,90588.57,90264.58,90317.13,24160
13-12-2025 17:30,90323.26,90463.34,90263.88,90320.47,13751
13-12-2025 18:30,90325.14,90439.82,90160.63,90230.04,23769
13-12-2025 19:30,90234.20,90323.80,89878.97,90053.35,24626
13-12-2025 20:30,90055.65,90271.25,90000.83,90068.24,24590
13-12-2025 21:30,90072.27,90255.67,90000.68,90070.77,23882
13-12-2025 22:30,90072.01,90087.83,89932.82,90031.63,23623
13-12-2025 23:30,90036.65,90168.43,90017.93,90093.43,22973
14-12-2025 00:30,90095.79,90218.13,90075.85,90161.76,23798
14-12-2025 01:30,90164.80,90196.84,90018.07,90066.82,24179
14-12-2025 02:30,90069.41,90163.33,89737.47,90144.03,23733
14-12-2025 03:30,90148.77,90238.06,89976.08,90116.33,22829
14-12-2025 04:30,90118.43,90267.46,90035.66,90210.13,24196
14-12-2025 05:30,90214.08,90460.03,90088.33,90316.68,23762
14-12-2025 06:30,90319.89,90430.47,90173.60,90274.85,23594
14-12-2025 07:30,90276.41,90377.75,90218.89,90274.89,22512
14-12-2025 08:30,90278.11,90291.64,90209.17,90233.97,22757
14-12-2025 09:30,90233.87,90311.93,90093.48,90179.91,23270
14-12-2025 10:30,90177.82,90220.70,90022.41,90180.29,23738
14-12-2025 11:30,90180.13,90228.71,90064.51,90126.28,21548
14-12-2025 12:30,90130.62,90263.03,90059.27,90228.44,23062
14-12-2025 13:30,90225.49,90273.48,90082.90,90100.21,22376
14-12-2025 14:30,90096.03,90157.10,89983.27,90010.20,23314
14-12-2025 15:30,90004.73,90115.17,89756.93,89833.29,24076
14-12-2025 16:30,89831.02,89850.85,88676.09,89342.81,25611
14-12-2025 17:30,89341.47,89651.51,89071.84,89407.64,25063
14-12-2025 18:30,89408.20,89472.96,89065.82,89459.29,24733
14-12-2025 19:30,89466.97,89538.59,88860.31,89087.34,24681
14-12-2025 20:30,89089.59,89153.87,88846.07,88997.90,25235
14-12-2025 21:30,88998.92,89382.10,88503.81,88805.55,25606
14-12-2025 22:30,88808.15,89023.94,88576.35,88788.41,25878
14-12-2025 23:30,88789.74,89049.97,88685.85,88975.33,24291
15-12-2025 00:30,88977.35,88977.98,88466.47,88609.10,24617
15-12-2025 01:30,88616.91,88798.28,88325.87,88533.95,25247
15-12-2025 02:30,88539.58,88696.33,88317.64,88412.79,24491
15-12-2025 03:30,88420.55,88576.43,87669.27,88370.29,24329
15-12-2025 04:30,88382.18,88572.75,87533.28,88126.73,26397
15-12-2025 05:30,88132.12,88654.55,88022.56,88428.12,27141
15-12-2025 06:30,88429.03,89319.32,88382.61,89217.73,26870
15-12-2025 07:30,89223.41,89997.11,89201.52,89286.49,27236
15-12-2025 08:30,89294.53,89527.61,89186.29,89248.64,26447
15-12-2025 09:30,89256.85,89760.06,89230.85,89639.06,26171
15-12-2025 10:30,89636.35,89727.39,89448.81,89583.01,25292
15-12-2025 11:30,89588.15,89966.05,89432.14,89716.23,25275
15-12-2025 12:30,89711.33,89808.43,89482.33,89714.35,25820
15-12-2025 13:30,89712.52,89954.93,89611.43,89737.62,25768
15-12-2025 14:30,89740.08,89970.22,89728.40,89837.96,25818
15-12-2025 15:30,89837.90,89975.82,89686.34,89837.02,26003
15-12-2025 16:30,89836.34,89884.61,89536.71,89619.96,25040
15-12-2025 17:30,89621.33,89736.94,89393.81,89669.84,25698
15-12-2025 18:30,89668.53,89717.71,89248.41,89392.78,26216
15-12-2025 19:30,89394.28,89720.44,87956.79,88098.72,27164
15-12-2025 20:30,88098.72,88145.17,86575.70,86999.38,26689
15-12-2025 21:30,86999.48,87178.34,85993.41,86347.27,27307
15-12-2025 22:30,86347.72,86442.52,85531.18,85709.10,27819
15-12-2025 23:30,85714.45,86229.29,85114.38,86143.31,27761
16-12-2025 00:30,86144.12,86519.23,85815.64,86091.52,27938
16-12-2025 01:30,86093.35,86138.83,85545.12,85776.78,27645
16-12-2025 02:30,85753.04,86402.01,85360.24,86150.55,25715
16-12-2025 03:30,86162.17,86218.46,85752.42,86205.60,23871
16-12-2025 04:30,86208.14,86422.27,86058.72,86377.77,25170
16-12-2025 05:30,86380.78,86474.09,85781.58,85814.75,26265
16-12-2025 06:30,85814.46,86122.40,85621.73,85838.58,27046
16-12-2025 07:30,85839.57,86180.61,85734.07,85888.19,27050
16-12-2025 08:30,85890.43,85968.23,85321.90,85820.06,27037
16-12-2025 09:30,85821.72,85875.07,85214.69,85777.86,26419
16-12-2025 10:30,85777.15,86166.25,85747.83,85976.00,26804
16-12-2025 11:30,85976.24,86564.15,85976.00,86454.16,25963
16-12-2025 12:30,86454.78,86560.05,85768.53,85956.51,26601
16-12-2025 13:30,85962.94,86329.32,85870.15,86222.99,26437
16-12-2025 14:30,86223.89,86377.85,86137.55,86299.44,25337
16-12-2025 15:30,86295.45,87274.57,86214.94,86925.86,26208
16-12-2025 16:30,86924.47,87306.31,86756.87,87209.73,26113
16-12-2025 17:30,87213.64,87426.84,87023.09,87158.27,26099
16-12-2025 18:30,87161.25,87730.57,86430.69,86483.80,27236
16-12-2025 19:30,86441.43,87667.77,86103.10,87244.65,27031
16-12-2025 20:30,87246.55,88100.82,86864.13,87913.92,27380
16-12-2025 21:30,87914.55,88002.36,87344.81,87534.47,27636
16-12-2025 22:30,87536.37,87796.60,87033.36,87075.52,27311
16-12-2025 23:30,87077.05,87966.86,87000.02,87733.30,27263
17-12-2025 00:30,87733.03,87746.54,87222.63,87526.59,27351
17-12-2025 01:30,87528.84,87790.83,87274.86,87537.17,27202
17-12-2025 02:30,87528.71,87864.92,87437.58,87725.67,25297
17-12-2025 03:30,87725.67,87883.66,87574.03,87743.19,23284
17-12-2025 04:30,87746.18,87838.20,87546.99,87817.57,24843
17-12-2025 05:30,87820.46,87820.47,87360.93,87477.81,25871
17-12-2025 06:30,87483.82,87906.25,87419.56,87499.93,26275
17-12-2025 07:30,87497.48,87542.51,87127.89,87429.09,26301
17-12-2025 08:30,87436.41,87566.76,87085.06,87151.56,25547
17-12-2025 09:30,87154.66,87347.16,86658.42,86691.01,25985
17-12-2025 10:30,86708.63,86711.16,86143.17,86564.71,26403
17-12-2025 11:30,86579.96,87000.24,86525.33,86712.79,25864
17-12-2025 12:30,86727.72,87099.73,86521.26,86983.87,25650
17-12-2025 13:30,86996.95,86998.65,86087.42,86328.50,26080
17-12-2025 14:30,86337.46,86553.95,86190.34,86354.50,25850
17-12-2025 15:30,86364.18,86804.93,86170.82,86560.55,26155
17-12-2025 16:30,86559.62,87084.05,86498.29,86925.21,25524
17-12-2025 17:30,86926.62,87166.04,86746.00,86960.16,26085
17-12-2025 18:30,86967.25,87790.01,86740.73,87565.69,26896
17-12-2025 19:30,87564.61,89634.20,87153.16,89624.54,27133
17-12-2025 20:30,89622.80,90275.40,87106.50,87219.41,27030
17-12-2025 21:30,87193.23,87622.56,86087.39,86943.01,27159
17-12-2025 22:30,86933.33,87041.47,86188.96,86351.68,27593
17-12-2025 23:30,86355.64,86783.98,85576.39,85741.56,27296
18-12-2025 00:30,85741.15,86115.62,85229.98,85940.40,27420
18-12-2025 01:30,85942.12,86180.22,85564.04,85809.04,27513
18-12-2025 02:30,85815.60,85982.89,85618.85,85898.00,26002
18-12-2025 03:30,85903.75,86388.36,85794.92,86281.00,24347
18-12-2025 04:30,86276.79,86285.62,85752.46,86168.51,24620
18-12-2025 05:30,86169.31,86243.69,85976.48,86152.22,26331
18-12-2025 06:30,86155.85,86172.21,85785.13,86048.90,26705
18-12-2025 07:30,86051.23,86811.93,85933.79,86613.95,26815
18-12-2025 08:30,86618.54,86626.38,86162.43,86537.98,26730
18-12-2025 09:30,86533.86,86832.74,86512.32,86691.26,26197
18-12-2025 10:30,86690.87,86702.01,86290.61,86365.51,25804
18-12-2025 11:30,86366.97,86594.89,86333.38,86572.53,25720
18-12-2025 12:30,86575.04,86837.38,86424.57,86760.29,25391
18-12-2025 13:30,86763.09,87052.01,86609.25,86905.14,26669
18-12-2025 14:30,86904.93,87331.10,86729.12,87203.60,26504
18-12-2025 15:30,87204.22,87393.42,87133.65,87284.01,25985
18-12-2025 16:30,87277.45,87287.79,86979.46,87201.32,25976
18-12-2025 17:30,87203.57,87358.27,87031.29,87177.95,25918
18-12-2025 18:30,87178.68,89132.74,87177.79,88769.81,27139
18-12-2025 19:30,88772.92,89401.34,87691.99,88264.88,27195
18-12-2025 20:30,88264.48,89278.82,87762.90,88418.00,27492
18-12-2025 21:30,88420.24,88448.82,87748.80,87913.22,27559
18-12-2025 22:30,87920.33,87937.56,85348.15,86392.39,27155
18-12-2025 23:30,86394.26,86814.41,85609.20,85888.44,27552
19-12-2025 00:30,85897.53,85939.19,84357.53,84396.59,27350
19-12-2025 01:30,84402.80,85189.15,84371.26,84720.77,27700
19-12-2025 02:30,84616.65,85751.39,84492.76,85540.17,27554
19-12-2025 03:30,85539.63,85671.79,85184.62,85488.82,23070
19-12-2025 04:30,85492.89,85553.71,85221.37,85418.12,25173
19-12-2025 05:30,85438.00,85525.87,85198.80,85519.79,26179
19-12-2025 06:30,85533.57,85533.86,84983.11,85233.61,26203
19-12-2025 07:30,85248.97,85846.17,85039.67,85552.83,26567
19-12-2025 08:30,85569.39,87449.80,85519.32,86769.85,27160
19-12-2025 09:30,86796.08,87299.88,86742.59,87012.71,26110
19-12-2025 10:30,87009.28,87170.87,86584.92,87052.66,26246
19-12-2025 11:30,87044.85,87397.65,86809.65,87388.58,25627
19-12-2025 12:30,87390.76,88305.69,87374.31,87853.66,26966
19-12-2025 13:30,87855.09,88124.34,87626.16,88012.83,25871
19-12-2025 14:30,88006.74,88096.83,87795.01,88017.67,25036
19-12-2025 15:30,88016.75,88341.05,87824.97,88186.98,24578
19-12-2025 16:30,88189.35,88311.96,88037.61,88100.04,25460
19-12-2025 17:30,88120.36,88240.26,87722.12,87761.23,26054
19-12-2025 18:30,87783.56,88162.78,87717.69,87904.46,25444
19-12-2025 19:30,87927.94,88396.44,87449.34,88081.74,26771
19-12-2025 20:30,88090.04,89306.39,87611.96,87860.42,27172
19-12-2025 21:30,87861.65,88802.85,87765.27,87878.61,27156
19-12-2025 22:30,87882.79,88257.09,86769.13,86839.78,27069
19-12-2025 23:30,86852.36,87384.32,86742.58,87048.44,26108
20-12-2025 00:30,87054.00,88085.58,87005.18,87736.21,26318
20-12-2025 01:30,87743.85,88296.79,87410.80,87929.53,25875
20-12-2025 02:30,87962.00,88005.86,87690.92,87731.49,24901
20-12-2025 03:30,87754.12,88336.37,87748.45,88260.41,23265
20-12-2025 04:30,88255.59,88273.88,88042.18,88061.01,24146
20-12-2025 05:30,88059.68,88112.24,87878.87,87931.25,24517
20-12-2025 06:30,87931.50,88096.85,87925.49,88004.73,24569
20-12-2025 07:30,88005.80,88246.28,87884.81,88122.70,23642
20-12-2025 08:30,88122.70,88265.23,88094.06,88129.96,23225
20-12-2025 09:30,88129.90,88259.66,88035.54,88211.92,24843
20-12-2025 10:30,88216.72,88496.07,88188.61,88216.36,24083
20-12-2025 11:30,88218.43,88375.99,88197.68,88226.62,23467
20-12-2025 12:30,88229.73,88267.66,88108.96,88206.98,23778
20-12-2025 13:30,88205.24,88363.69,88174.48,88175.67,23576
20-12-2025 14:30,88175.36,88280.17,88137.89,88151.22,23323
20-12-2025 15:30,88149.94,88208.33,88050.20,88089.55,23933
20-12-2025 16:30,88088.75,88260.83,87996.24,88199.91,22405
20-12-2025 17:30,88201.13,88264.68,88104.42,88167.85,9572
20-12-2025 18:30,88167.70,88287.34,87754.93,88186.88,24323
20-12-2025 19:30,88190.07,88197.98,87922.26,88165.64,23564
20-12-2025 20:30,88168.28,88187.63,87936.99,88098.56,23052
20-12-2025 21:30,88098.30,88169.74,88047.75,88086.76,22765
20-12-2025 22:30,88083.58,88181.34,88020.50,88109.97,23194
20-12-2025 23:30,88110.98,88359.45,88069.10,88235.27,23193
21-12-2025 00:30,88237.25,88257.71,88116.79,88157.09,23551
21-12-2025 01:30,88158.37,88255.15,88137.41,88214.73,23559
21-12-2025 02:30,88217.27,88377.29,88101.05,88142.25,22773
21-12-2025 03:30,88143.63,88278.43,88074.64,88208.54,22532
21-12-2025 04:30,88209.94,88362.81,88144.99,88287.17,23231
21-12-2025 05:30,88284.61,88365.71,88217.52,88321.43,23977
21-12-2025 06:30,88321.87,88326.69,87944.43,87956.36,23803
21-12-2025 07:30,87954.70,88090.11,87794.66,87892.50,22334
21-12-2025 08:30,87891.39,88106.51,87870.68,88016.55,23329
21-12-2025 09:30,88016.36,88100.07,87982.25,88014.41,23654
21-12-2025 10:30,88015.17,88100.72,87991.35,88069.99,22288
21-12-2025 11:30,88071.12,88151.66,88007.44,88029.72,23161
21-12-2025 12:30,88030.19,88120.59,87934.68,88114.18,22599
21-12-2025 13:30,88113.46,88648.43,88076.32,88467.56,23859
21-12-2025 14:30,88466.52,89002.24,88415.44,88833.26,25554
21-12-2025 15:30,88829.53,88908.44,88497.48,88601.14,25167
21-12-2025 16:30,88603.39,88693.32,88506.53,88535.80,25207
21-12-2025 17:30,88531.88,88860.38,88402.12,88564.33,25167
21-12-2025 18:30,88564.95,88643.80,87532.08,87613.86,26136
21-12-2025 19:30,87609.66,88091.84,87549.86,87989.88,25005
21-12-2025 20:30,87991.45,88190.51,87729.27,88003.97,24640
21-12-2025 21:30,88004.18,88317.95,87911.45,88284.11,25277
21-12-2025 22:30,88285.54,88438.87,88211.13,88255.40,24288
21-12-2025 23:30,88256.99,88388.76,87883.00,88378.64,23303
22-12-2025 00:30,88381.48,88569.08,88134.66,88426.90,24104
22-12-2025 01:30,88425.64,88450.60,88172.26,88178.91,23598
22-12-2025 02:30,88178.64,88320.61,88036.89,88104.29,23126
22-12-2025 03:30,88104.50,88439.58,88058.37,88421.91,22953
22-12-2025 04:30,88421.30,88750.18,88286.88,88594.09,24615
22-12-2025 05:30,88587.05,89563.23,88563.62,88564.22,26750
22-12-2025 06:30,88561.70,89227.81,88459.44,88561.00,26192
22-12-2025 07:30,88562.75,88598.05,87841.52,88397.26,26238
22-12-2025 08:30,88404.79,88789.55,88213.07,88706.54,25742
22-12-2025 09:30,88713.89,89003.70,88647.11,88843.69,25490
22-12-2025 10:30,88850.02,88944.52,88690.60,88766.03,25375
22-12-2025 11:30,88773.36,88950.39,88667.94,88839.35,24895
22-12-2025 12:30,88845.73,89144.25,88811.17,89100.50,25098
22-12-2025 13:30,89105.55,89832.61,89006.47,89261.86,26308
22-12-2025 14:30,89262.45,89772.53,89209.21,89754.47,25416
22-12-2025 15:30,89761.53,89807.28,89527.34,89710.45,25265
22-12-2025 16:30,89717.64,90077.28,89578.07,89863.68,25500
22-12-2025 17:30,89881.41,90507.66,89781.58,90141.07,26271
22-12-2025 18:30,90138.63,90269.11,89645.51,89842.80,26321
22-12-2025 19:30,89856.65,90244.27,89361.91,90059.32,26958
22-12-2025 20:30,90071.18,90372.47,89112.62,89652.63,27978
22-12-2025 21:30,89661.00,90060.84,89439.31,89461.69,26755
22-12-2025 22:30,89470.38,89508.63,88990.33,89224.93,26321
22-12-2025 23:30,89231.62,89452.27,89047.48,89050.69,25543
23-12-2025 00:30,89058.33,89066.54,87872.20,87958.28,26217
23-12-2025 01:30,87965.25,88426.83,87823.36,88260.90,26839
23-12-2025 02:30,88265.72,88543.63,88139.32,88181.82,25269
23-12-2025 03:30,88188.31,88756.01,88048.04,88563.12,22099
23-12-2025 04:30,88571.42,88609.26,88316.89,88517.14,23128
23-12-2025 05:30,88527.29,88893.10,88399.57,88674.40,24512
23-12-2025 06:30,88680.75,88824.45,88320.80,88418.74,24507
23-12-2025 07:30,88427.98,88679.10,88016.08,88114.58,25587
23-12-2025 08:30,88118.49,88274.90,87707.72,88089.26,25815
23-12-2025 09:30,88096.12,88285.03,87819.72,87829.33,24614
23-12-2025 10:30,87835.52,87979.43,87505.47,87650.98,23469
23-12-2025 11:30,87660.33,87685.54,86955.33,87295.69,26080
23-12-2025 12:30,87301.57,87600.00,87263.88,87462.20,25069
23-12-2025 13:30,87469.48,87602.89,87326.12,87372.81,24259
23-12-2025 14:30,87378.47,87534.95,87197.01,87432.88,24190
23-12-2025 15:30,87438.33,87573.25,87402.13,87511.86,23459
23-12-2025 16:30,87515.07,87802.53,87457.37,87772.47,23741
23-12-2025 17:30,87774.47,87886.09,87504.68,87696.39,24401
23-12-2025 18:30,87700.93,87832.13,87322.45,87527.97,25771
23-12-2025 19:30,87531.22,87756.71,86489.34,86772.26,27044
23-12-2025 20:30,86777.50,87464.36,86601.69,87350.87,27287
23-12-2025 21:30,87354.78,88144.35,87234.17,87908.36,26814
23-12-2025 22:30,87914.31,88196.98,87072.45,87075.13,26260
23-12-2025 23:30,87084.35,88154.79,87065.84,87871.89,25696
24-12-2025 00:30,87886.00,87955.51,87529.09,87642.27,24563
24-12-2025 01:30,87660.27,88284.73,87408.43,87579.78,25401
24-12-2025 02:30,87583.83,87802.39,87407.27,87627.36,23747
24-12-2025 03:30,87629.50,87686.55,87144.71,87305.19,24310
24-12-2025 04:30,87324.30,87436.06,87073.44,87386.06,24231
24-12-2025 05:30,87389.25,87590.09,87151.82,87552.57,23538
24-12-2025 06:30,87565.86,87759.43,87395.22,87537.19,24098
24-12-2025 07:30,87551.55,87580.15,86833.70,87034.71,25406
24-12-2025 08:30,87050.05,87307.89,86757.09,87242.87,24653
24-12-2025 09:30,87246.69,87382.65,86983.38,87044.95,24055
24-12-2025 10:30,87044.18,87176.01,86682.62,86858.11,24945
24-12-2025 11:30,86859.42,86984.85,86679.28,86911.60,24177
24-12-2025 12:30,86914.34,87093.95,86796.13,86808.63,24037
24-12-2025 13:30,86821.52,86988.40,86652.84,86683.92,24273
24-12-2025 14:30,86700.27,86805.20,86600.50,86691.34,24214
24-12-2025 15:30,86710.37,87118.43,86681.00,86990.03,23741
24-12-2025 16:30,87003.04,87274.69,86979.35,87098.23,24002
24-12-2025 17:30,87106.38,87418.19,87032.92,87345.43,23371
24-12-2025 18:30,87353.86,87363.84,86943.55,87194.60,23983
24-12-2025 19:30,87206.37,87361.74,86321.72,86887.01,26049
24-12-2025 20:30,86906.61,87143.63,86466.96,86937.52,26824
24-12-2025 21:30,86950.31,87573.18,86812.48,87170.27,26171
24-12-2025 22:30,87182.59,87488.93,87128.42,87220.34,25448
24-12-2025 23:30,87222.65,87453.15,87121.06,87357.77,24536
25-12-2025 00:30,87369.97,87481.96,87243.82,87440.86,23640
25-12-2025 01:30,87456.43,87583.13,87419.39,87456.18,24112
25-12-2025 02:30,87463.08,87695.45,87456.04,87580.96,23526
25-12-2025 03:30,87591.97,87958.26,87576.84,87907.85,23352
25-12-2025 04:30,87912.79,87932.78,87490.75,87570.68,23450
25-12-2025 05:30,87543.85,87657.70,87422.23,87468.58,23190
25-12-2025 06:30,87472.38,87659.87,87466.38,87603.34,23689
25-12-2025 07:30,87609.96,87878.38,87474.35,87790.35,23737
25-12-2025 08:30,87796.63,87847.24,87671.01,87747.67,22758
25-12-2025 09:30,87755.87,87760.27,87642.53,87675.01,23178
25-12-2025 10:30,87688.58,87704.79,87560.09,87649.62,22942
25-12-2025 11:30,87659.97,87759.87,87588.03,87740.41,23381
25-12-2025 12:30,87748.20,87783.00,87658.17,87737.38,22509
25-12-2025 13:30,87749.53,87807.69,87257.78,87498.90,23897
25-12-2025 14:30,87500.69,87516.19,87344.99,87431.63,22719
25-12-2025 15:30,87432.12,87442.93,87171.21,87334.10,23292
25-12-2025 16:30,87341.39,87502.87,87317.54,87435.70,23263
25-12-2025 17:30,87436.98,87517.01,87395.33,87486.74,22706
25-12-2025 18:30,87490.57,87614.70,87314.58,87542.33,23098
25-12-2025 19:30,87548.27,87684.87,87467.85,87633.87,23679
25-12-2025 20:30,87643.08,88502.80,87627.11,88278.60,25073
25-12-2025 21:30,88281.40,88389.31,87891.77,87970.97,25028
25-12-2025 22:30,87984.18,88115.52,87895.70,88027.36,24599
25-12-2025 23:30,88038.81,88224.00,88025.87,88141.99,23905
26-12-2025 00:30,88147.46,88157.68,87967.33,88059.20,23896
26-12-2025 01:30,88062.05,88086.30,87552.66,87794.08,24451
26-12-2025 02:30,87797.52,87898.88,87715.37,87792.68,22382
26-12-2025 03:30,87808.34,87834.33,87223.19,87567.27,22914
26-12-2025 04:30,87572.76,87691.02,86870.02,87138.59,25671
26-12-2025 05:30,87143.83,87248.98,86796.82,87030.62,25303
26-12-2025 06:30,87039.91,87415.57,87024.06,87329.78,24496
26-12-2025 07:30,87339.51,89337.77,87321.22,89069.38,27040
26-12-2025 08:30,89082.18,89174.74,88580.18,88714.92,25282
26-12-2025 09:30,88735.33,89059.80,88389.72,88852.23,24673
26-12-2025 10:30,88854.76,88935.87,88694.42,88880.65,24234
26-12-2025 11:30,88883.75,89137.43,88880.64,89021.53,24361
26-12-2025 12:30,89020.80,89474.62,88235.99,88357.97,25666
26-12-2025 13:30,88387.69,88819.15,88297.67,88629.29,25294
26-12-2025 14:30,88631.61,88841.60,88543.14,88717.09,24202
26-12-2025 15:30,88736.44,88806.46,88581.41,88655.62,23550
26-12-2025 16:30,88678.95,88687.55,88421.35,88434.29,23392
26-12-2025 17:30,88460.69,88688.06,88432.07,88584.29,23080
26-12-2025 18:30,88583.52,88984.02,88507.61,88897.02,24301
26-12-2025 19:30,88928.64,88985.16,87116.51,87241.66,26196
26-12-2025 20:30,87267.28,87278.25,86538.43,87014.41,26908
26-12-2025 21:30,87035.51,87297.37,86709.89,86734.41,26183
26-12-2025 22:30,86757.54,87347.29,86677.52,87207.69,25409
26-12-2025 23:30,87213.29,87268.80,86954.99,87161.40,23561
27-12-2025 00:30,87162.31,87474.75,87108.50,87374.15,23200
27-12-2025 01:30,87380.91,87695.81,87269.46,87467.34,24151
27-12-2025 02:30,87471.27,87593.86,87330.17,87350.29,22944
27-12-2025 03:30,87351.97,87480.59,87195.47,87427.46,21822
27-12-2025 04:30,87435.46,87444.42,87219.30,87267.15,22360
27-12-2025 05:30,87265.73,87314.85,87130.66,87294.71,22375
27-12-2025 06:30,87295.84,87412.64,87157.09,87374.30,22287
27-12-2025 07:30,87377.13,87401.45,87259.78,87347.89,22677
27-12-2025 08:30,87347.89,87441.06,87272.45,87408.66,22536
27-12-2025 09:30,87412.67,87420.43,87349.95,87371.28,22300
27-12-2025 10:30,87377.30,87425.43,87335.87,87404.59,22424
27-12-2025 11:30,87410.18,87471.17,87309.44,87366.37,22928
27-12-2025 12:30,87369.31,87612.65,87364.24,87424.89,22385
27-12-2025 13:30,87431.65,87583.88,87424.89,87489.00,22246
27-12-2025 14:30,87492.03,87593.36,87439.19,87519.70,22088
27-12-2025 15:30,87524.34,87539.74,87264.27,87404.22,22687
27-12-2025 16:30,87408.66,87467.34,87341.44,87382.64,22852
27-12-2025 17:30,87383.88,87437.81,87323.26,87380.29,7188
27-12-2025 18:30,87381.38,87388.61,87219.86,87353.91,19678
27-12-2025 19:30,87356.12,87468.19,87303.12,87442.90,22470
27-12-2025 20:30,87447.46,87507.16,87384.04,87474.71,22593
27-12-2025 21:30,87468.64,87502.75,87347.45,87408.95,23130
27-12-2025 22:30,87410.42,87476.39,87360.15,87461.94,22700
27-12-2025 23:30,87465.27,87485.35,87363.62,87404.69,22354
28-12-2025 00:30,87404.67,87486.68,87384.87,87474.20,21731
28-12-2025 01:30,87478.90,87541.70,87422.09,87454.55,21562
28-12-2025 02:30,87463.05,87573.07,87454.50,87568.21,21914
28-12-2025 03:30,87567.78,87846.43,87384.64,87449.27,23005
28-12-2025 04:30,87457.78,87876.38,87445.96,87765.92,23040
28-12-2025 05:30,87770.16,87855.36,87591.49,87736.63,23468
28-12-2025 06:30,87741.46,87841.67,87625.44,87678.26,22770
28-12-2025 07:30,87682.77,87771.49,87638.22,87696.50,20536
28-12-2025 08:30,87699.67,87733.00,87619.31,87621.05,22884
28-12-2025 09:30,87625.73,87728.60,87579.64,87619.33,22657
28-12-2025 10:30,87617.43,87619.25,87495.13,87538.88,22440
28-12-2025 11:30,87547.49,87684.14,87526.76,87608.91,22180
28-12-2025 12:30,87615.52,87629.88,87547.85,87619.59,22938
28-12-2025 13:30,87630.91,87874.58,87617.26,87691.31,23458
28-12-2025 14:30,87695.59,87796.46,87600.86,87698.14,23731
28-12-2025 15:30,87699.58,87904.11,87690.99,87752.91,23790
28-12-2025 16:30,87755.80,87825.90,87695.73,87777.33,23007
28-12-2025 17:30,87780.41,87788.58,87685.92,87739.19,23069
28-12-2025 18:30,87737.74,87846.89,87691.08,87784.24,22909
28-12-2025 19:30,87785.01,87971.16,87777.11,87805.24,22624
28-12-2025 20:30,87809.42,87901.15,87715.79,87730.94,22762
28-12-2025 21:30,87733.16,87797.58,87620.21,87708.95,22932
28-12-2025 22:30,87711.59,87830.25,87639.32,87646.73,22932
28-12-2025 23:30,87639.60,87658.29,87393.46,87489.11,22716
29-12-2025 00:30,87492.07,87592.97,87397.80,87415.03,22547
29-12-2025 01:30,87418.94,87551.32,87320.26,87409.22,22780
29-12-2025 02:30,87407.37,87493.22,87327.39,87485.58,23325
29-12-2025 03:30,87473.16,87882.96,87367.99,87793.44,22111
29-12-2025 04:30,87792.80,87939.35,87515.90,87835.84,24150
29-12-2025 05:30,87840.59,88319.62,87690.07,88182.72,25251
29-12-2025 06:30,88183.59,88369.16,87735.78,88269.67,24996
29-12-2025 07:30,88299.08,89065.89,88137.36,88744.93,23959
29-12-2025 08:30,88890.92,89881.12,88230.82,89686.78,22917
29-12-2025 09:30,89830.01,90243.97,89507.29,89982.81,22849
29-12-2025 10:30,90002.67,90166.00,89759.61,89843.96,23563
29-12-2025 11:30,89850.55,90004.39,89605.27,89634.80,24286
29-12-2025 12:30,89636.43,89724.46,89350.21,89460.36,25205
29-12-2025 13:30,89463.90,89687.10,89275.17,89409.11,24824
29-12-2025 14:30,89414.06,89469.09,87629.50,87964.03,26273
29-12-2025 15:30,87979.67,88284.18,87501.32,87642.21,25222
29-12-2025 16:30,87653.84,87668.84,87403.71,87421.60,24348
29-12-2025 17:30,87435.85,87493.45,86644.46,87221.13,25718
29-12-2025 18:30,87232.74,87389.06,86994.35,87227.55,23727
29-12-2025 19:30,87241.07,88066.31,87093.37,87272.74,26582
29-12-2025 20:30,87293.22,87781.86,87048.37,87544.08,26425
29-12-2025 21:30,87546.25,87715.77,87292.86,87495.98,25639
29-12-2025 22:30,87495.62,87723.44,87187.79,87710.69,25320
29-12-2025 23:30,87717.09,87865.94,87200.15,87319.50,24473
30-12-2025 00:30,87324.26,87744.22,87166.76,87209.41,24257
30-12-2025 01:30,87213.45,87454.11,86898.39,87048.27,23791
30-12-2025 02:30,87056.64,87222.75,86997.60,87167.07,22036
30-12-2025 03:30,87184.10,87270.34,86924.48,87188.84,22611
30-12-2025 04:30,87206.46,87268.93,87022.78,87067.54,23492
30-12-2025 05:30,87092.24,87218.25,86951.48,87100.08,23928
30-12-2025 06:30,87112.83,87227.32,86971.18,87158.56,24445
30-12-2025 07:30,87176.69,87208.52,86829.46,86955.60,23944
30-12-2025 08:30,86960.08,87289.44,86676.27,87226.02,24770
30-12-2025 09:30,87235.98,87358.04,87133.29,87154.56,23756
30-12-2025 10:30,87168.80,87419.27,86986.34,87096.50,23142
30-12-2025 11:30,87114.12,87400.45,87068.81,87290.07,23143
30-12-2025 12:30,87308.82,87467.80,87216.89,87341.08,23521
30-12-2025 13:30,87353.68,88079.68,87335.02,87712.57,26134
30-12-2025 14:30,87718.46,87892.87,87494.08,87844.20,24061
30-12-2025 15:30,87848.50,88047.44,87736.88,87793.09,24036
30-12-2025 16:30,87802.42,87890.60,87598.27,87760.48,23366
30-12-2025 17:30,87765.19,87954.63,87745.22,87879.24,23730
30-12-2025 18:30,87887.74,88004.38,87761.51,87957.15,25020
30-12-2025 19:30,87968.15,88884.31,87676.65,88738.15,26824
30-12-2025 20:30,88746.68,89033.66,88013.26,88883.84,27286
30-12-2025 21:30,88892.04,89306.74,88449.30,88627.73,26673
30-12-2025 22:30,88625.33,88793.26,88025.86,88264.79,24089
30-12-2025 23:30,88262.98,88398.19,88015.29,88177.68,23050
31-12-2025 00:30,88184.65,88326.54,87844.10,88099.82,24224
31-12-2025 01:30,88104.16,88107.52,87750.01,87822.40,23767
31-12-2025 02:30,87814.86,88223.30,87752.01,88159.92,22883
31-12-2025 03:30,88160.59,88363.59,88150.92,88293.05,22061
31-12-2025 04:30,88296.30,88467.19,88225.77,88359.54,23906
31-12-2025 05:30,88315.94,88341.70,88107.95,88112.25,24098
31-12-2025 06:30,88115.82,88660.59,88025.76,88509.64,24643
31-12-2025 07:30,88511.11,88624.27,88356.60,88532.47,25887
31-12-2025 08:30,88533.45,88683.55,88216.75,88305.68,25314
31-12-2025 09:30,88306.57,88407.81,88171.41,88185.87,23411
31-12-2025 10:30,88185.76,88382.35,88185.13,88306.96,23417
31-12-2025 11:30,88309.99,88423.38,88306.96,88358.69,23528
31-12-2025 12:30,88360.84,88486.86,88272.47,88459.58,24279
31-12-2025 13:30,88461.08,88593.91,88226.35,88280.72,23619
31-12-2025 14:30,88288.50,88572.99,88277.49,88510.92,23555
31-12-2025 15:30,88509.92,88756.44,88506.98,88687.12,24244
31-12-2025 16:30,88695.20,88906.78,88646.09,88863.18,24125
31-12-2025 17:30,88872.68,88908.54,88589.44,88618.55,24473
31-12-2025 18:30,88626.49,88906.60,88587.48,88831.39,24144
31-12-2025 19:30,88838.45,89063.76,88114.73,88328.80,26318
31-12-2025 20:30,88335.20,88339.21,87616.44,87791.47,26433
31-12-2025 21:30,87801.57,87896.73,87236.07,87488.90,26426
31-12-2025 22:30,87497.53,87587.77,87316.96,87446.20,24393
31-12-2025 23:30,87451.09,87825.32,87392.28,87513.35,24080
01-01-2026 00:30,87519.79,87709.54,87331.03,87355.32,23387
01-01-2026 01:30,87360.63,87531.58,87054.66,87483.31,24674
01-01-2026 02:30,87479.93,87705.96,87479.93,87611.66,22094
01-01-2026 03:30,87618.93,87716.45,87084.48,87544.12,22249
01-01-2026 04:30,87568.90,87568.90,87423.52,87429.14,21350
01-01-2026 05:30,87461.28,87655.83,87426.33,87594.94,20633
01-01-2026 06:30,87617.83,87867.26,87594.94,87739.28,21745
01-01-2026 07:30,87766.10,87909.87,87480.51,87544.04,21268
01-01-2026 08:30,87651.20,87688.05,86836.40,87489.25,18084
01-01-2026 09:30,87581.99,87590.80,86841.97,87264.22,21210
01-01-2026 10:30,87342.36,87570.22,87264.03,87483.10,20913
01-01-2026 11:30,87519.96,87522.31,87432.20,87461.42,20599
01-01-2026 12:30,87484.65,87508.03,87376.31,87413.02,20635
01-01-2026 13:30,87437.98,87705.13,87403.59,87589.26,20633
01-01-2026 14:30,87603.48,87791.28,87565.91,87685.91,20355
01-01-2026 15:30,87701.16,87713.73,87605.20,87680.81,20273
01-01-2026 16:30,87694.76,87863.39,87669.53,87843.26,20892
01-01-2026 17:30,87858.20,87875.29,87748.41,87766.69,20726
01-01-2026 18:30,87789.47,87881.94,87694.24,87746.23,21036
01-01-2026 19:30,87749.98,87833.39,87642.65,87799.13,21394
01-01-2026 20:30,87818.59,87968.91,87762.84,87877.86,21460
01-01-2026 21:30,87881.29,87904.12,87718.13,87833.97,20802
01-01-2026 22:30,87844.01,88354.51,87799.52,88152.92,22264
01-01-2026 23:30,88159.17,88207.97,87933.28,88029.16,21767
02-01-2026 00:30,88035.77,88273.68,87909.55,88238.16,21576
02-01-2026 01:30,88237.66,88238.17,88088.19,88099.94,21281
02-01-2026 02:30,88103.56,88293.90,88088.44,88239.81,21296
02-01-2026 03:30,88237.55,88536.38,88234.10,88485.18,22040
02-01-2026 04:30,88488.73,88768.52,88304.47,88702.98,23139
02-01-2026 05:30,88702.27,88741.38,88431.62,88689.10,23161
02-01-2026 06:30,88693.13,88745.77,88368.24,88495.17,21949
02-01-2026 07:30,88502.75,88551.32,88233.13,88503.62,22276
02-01-2026 08:30,88503.52,88975.97,88425.11,88797.32,23620
02-01-2026 09:30,88802.14,88851.84,88475.48,88483.42,22133
02-01-2026 10:30,88494.43,88656.81,88414.93,88612.72,21533
02-01-2026 11:30,88626.18,88951.22,88577.91,88795.73,21310
02-01-2026 12:30,88805.52,88936.10,88678.40,88718.28,21467
02-01-2026 13:30,88730.69,89054.75,88647.30,89011.02,22309
02-01-2026 14:30,89037.60,89340.27,88941.69,89318.55,23365
02-01-2026 15:30,89339.97,89831.19,89289.75,89521.07,23500
02-01-2026 16:30,89533.37,89552.92,89216.57,89368.85,22384
02-01-2026 17:30,89373.21,89464.07,89246.25,89266.62,22316
02-01-2026 18:30,89273.47,89590.97,89195.78,89235.74,22179
02-01-2026 19:30,89242.06,90068.71,88344.42,89494.37,26197
02-01-2026 20:30,89497.22,89813.08,88672.94,89312.95,27351
02-01-2026 21:30,89315.61,90757.79,89104.46,90298.55,27317
02-01-2026 22:30,90298.61,90901.06,90107.04,90320.07,26237
02-01-2026 23:30,90306.59,90518.44,89465.05,89690.28,25301
03-01-2026 00:30,89688.54,90088.99,89564.01,89818.01,25277
03-01-2026 01:30,89815.56,90012.59,89532.41,89661.21,24738
03-01-2026 02:30,89670.17,90104.24,89647.51,89985.62,22694
03-01-2026 03:30,89983.86,90345.41,89943.17,90132.56,23312
03-01-2026 04:30,90128.43,90140.02,89827.48,89921.96,21794
03-01-2026 05:30,89923.41,90130.06,89883.88,90084.01,21781
03-01-2026 06:30,90085.93,90215.14,89999.90,90212.01,21303
03-01-2026 07:30,90208.15,90334.60,90054.90,90258.33,21415
03-01-2026 08:30,90258.33,90308.28,90098.39,90253.40,21105
03-01-2026 09:30,90254.12,90422.08,89955.05,90091.76,21569
03-01-2026 10:30,90094.65,90135.85,89848.16,89962.58,21522
03-01-2026 11:30,89964.29,90066.97,89784.84,89803.09,21258
03-01-2026 12:30,89802.27,89890.60,89247.74,89508.59,23527
03-01-2026 13:30,89508.82,89770.05,89348.06,89597.88,22535
03-01-2026 14:30,89602.52,89917.56,89562.85,89722.43,22006
03-01-2026 15:30,89724.34,89806.87,89642.74,89676.31,21083
03-01-2026 16:30,89678.66,89707.07,89590.40,89660.48,20748
03-01-2026 17:30,89660.29,89953.23,89577.45,89945.51,6861
03-01-2026 18:30,89945.72,89969.59,89838.99,89917.05,20959
03-01-2026 19:30,89917.58,90155.94,89861.68,90039.11,21518
03-01-2026 20:30,90039.79,90041.00,89872.83,89889.04,21251
03-01-2026 21:30,89888.73,90130.99,89827.25,90020.87,21811
03-01-2026 22:30,90021.99,90049.97,89937.81,90011.41,21011
03-01-2026 23:30,90014.30,90127.84,89947.62,90063.97,21051
04-01-2026 00:30,90063.52,90075.69,89971.01,90049.40,20430
04-01-2026 01:30,90046.71,90291.00,89948.16,90274.88,21088
04-01-2026 02:30,90281.63,90658.86,90240.18,90487.79,21655
04-01-2026 03:30,90491.96,90652.67,90410.34,90517.98,21923
04-01-2026 04:30,90516.80,90624.56,90382.97,90556.70,21449
04-01-2026 05:30,90559.60,91517.85,90556.70,91258.38,24822
04-01-2026 06:30,91260.05,91408.39,90931.50,91152.62,22926
04-01-2026 07:30,91155.49,91224.90,91002.42,91062.62,19987
04-01-2026 08:30,91064.36,91287.01,91006.47,91152.17,22126
04-01-2026 09:30,91156.47,91510.06,91108.09,91313.46,21839
04-01-2026 10:30,91320.68,91420.85,91279.65,91395.67,20877
04-01-2026 11:30,91400.82,91733.64,91160.51,91163.53,21955
04-01-2026 12:30,91163.03,91472.00,91138.22,91452.49,22003
04-01-2026 13:30,91454.07,91469.12,91022.36,91297.93,22230
04-01-2026 14:30,91298.88,91410.46,91171.15,91377.72,22128
04-01-2026 15:30,91383.37,91549.83,91334.74,91519.10,21910
04-01-2026 16:30,91521.76,91521.76,91166.19,91231.22,21336
04-01-2026 17:30,91232.61,91295.10,91014.83,91072.14,21687
04-01-2026 18:30,91071.39,91214.24,90958.22,91197.81,21821
04-01-2026 19:30,91192.36,91348.17,91071.04,91259.69,21689
04-01-2026 20:30,91257.99,91306.32,91017.00,91253.08,21455
04-01-2026 21:30,91254.53,91388.78,91168.97,91240.72,22012
04-01-2026 22:30,91243.55,91369.47,91222.60,91269.75,21511
04-01-2026 23:30,91267.83,91273.87,90908.41,91131.13,21066
05-01-2026 00:30,91132.90,91149.53,90794.20,91073.01,21698
05-01-2026 01:30,91068.83,91278.03,91053.70,91237.09,4333
05-01-2026 02:30,91237.09,91367.15,91103.33,91205.26,2858
05-01-2026 03:30,91205.26,91327.61,91070.43,91137.36,17268
05-01-2026 04:30,91137.12,91521.86,91137.12,91457.14,23511
05-01-2026 05:30,91457.19,92356.64,91436.52,92335.23,25548
05-01-2026 06:30,92336.94,93318.33,92207.28,92885.31,25654
05-01-2026 07:30,92891.04,93095.73,92652.55,92962.75,24369
05-01-2026 08:30,92967.05,93139.66,92794.04,92801.65,22646
05-01-2026 09:30,92806.93,92889.00,92253.62,92529.95,23317
05-01-2026 10:30,92530.14,92655.38,92259.74,92276.04,22408
05-01-2026 11:30,92279.66,92429.37,92067.09,92412.40,22436
05-01-2026 12:30,92412.43,92566.98,92395.49,92443.14,21106
05-01-2026 13:30,92447.75,92696.64,92377.75,92386.53,22005
05-01-2026 14:30,92393.43,92774.54,92242.50,92606.77,22534
05-01-2026 15:30,92614.51,93085.92,92585.95,92999.48,22348
05-01-2026 16:30,93011.11,93081.62,92801.57,93056.28,22190
05-01-2026 17:30,93066.18,93146.48,92663.45,92784.62,22968
05-01-2026 18:30,92798.67,92945.18,92422.50,92663.38,23682
05-01-2026 19:30,92672.54,93604.57,92307.03,93370.48,25580
05-01-2026 20:30,93372.66,93952.84,93093.36,93899.73,26224
05-01-2026 21:30,93910.84,94033.65,93539.88,93659.54,24199
05-01-2026 22:30,93659.75,94425.58,93207.78,94299.27,23665
05-01-2026 23:30,94289.11,94470.35,93863.12,94412.35,24180
06-01-2026 00:30,94412.41,94478.08,94090.40,94253.95,23951
06-01-2026 01:30,94258.52,94764.06,94015.48,94145.57,24929
06-01-2026 02:30,94151.00,94202.72,93774.24,94061.10,22711
06-01-2026 03:30,94067.68,94382.02,93985.96,94145.31,22660
06-01-2026 04:30,94143.89,94170.44,93827.20,93835.45,22239
06-01-2026 05:30,93828.88,93960.35,93517.86,93799.50,22506
06-01-2026 06:30,93788.64,94146.94,93709.47,93744.33,22662
06-01-2026 07:30,93741.05,93846.04,93488.77,93589.09,22007
06-01-2026 08:30,93586.62,93910.91,93565.59,93728.96,21363
06-01-2026 09:30,93729.57,93962.73,93691.22,93758.42,21205
06-01-2026 10:30,93757.87,93778.83,93516.37,93548.06,21593
06-01-2026 11:30,93547.61,93903.09,93495.92,93726.82,22546
06-01-2026 12:30,93723.20,93736.48,93075.13,93178.72,21806
06-01-2026 13:30,93180.36,93363.69,93100.98,93170.47,21720
06-01-2026 14:30,93167.34,93503.75,93156.66,93394.63,21264
06-01-2026 15:30,93389.22,93601.94,93336.64,93522.59,20928
06-01-2026 16:30,93520.43,93848.84,93508.32,93790.49,20994
06-01-2026 17:30,93786.23,93942.42,93719.98,93798.86,20792
06-01-2026 18:30,93800.56,93814.06,93575.08,93656.54,21983
06-01-2026 19:30,93658.81,94409.31,93461.77,93764.22,26018
06-01-2026 20:30,93770.21,94257.84,93264.86,93575.13,25844
06-01-2026 21:30,93575.64,93712.85,92242.46,92604.63,25226
06-01-2026 22:30,92606.58,92689.03,91438.07,91489.07,25146
06-01-2026 23:30,91491.55,92128.83,91168.65,91937.19,24617
07-01-2026 00:30,91942.64,92235.39,91798.08,92003.13,23194
07-01-2026 01:30,92006.91,92609.55,91995.78,92420.57,23263
07-01-2026 02:30,92416.25,93755.15,92286.56,93182.74,24597
07-01-2026 03:30,93181.82,93457.82,92880.57,93290.41,23297
07-01-2026 04:30,93293.37,93724.68,93264.01,93681.82,22873
07-01-2026 05:30,93682.54,93682.88,92520.86,92611.80,23282
07-01-2026 06:30,92623.59,92809.47,92246.99,92348.96,23826
07-01-2026 07:30,92352.35,92962.82,92159.26,92879.94,23403
07-01-2026 08:30,92869.38,93024.03,92654.52,92717.37,22331
07-01-2026 09:30,92722.18,92831.12,92497.34,92571.65,22054
07-01-2026 10:30,92577.17,92768.12,92402.18,92439.32,21507
07-01-2026 11:30,92442.64,92809.51,92420.88,92514.40,21423
07-01-2026 12:30,92526.76,92798.59,92514.40,92783.91,20477
07-01-2026 13:30,92785.94,92878.27,92580.07,92607.64,20726
07-01-2026 14:30,92617.57,92618.31,91490.26,91588.34,22448
07-01-2026 15:30,91598.46,91883.92,91488.67,91844.96,21216
07-01-2026 16:30,91853.15,92145.91,91801.37,91986.83,21758
07-01-2026 17:30,91989.60,92066.55,91861.56,91885.05,21992
07-01-2026 18:30,91881.91,92174.89,91741.53,91929.92,22503
07-01-2026 19:30,91931.86,92042.70,91256.34,91861.08,25153
07-01-2026 20:30,91858.13,91894.89,90920.58,91228.32,26083
07-01-2026 21:30,91227.30,91684.16,91019.77,91143.07,25374
07-01-2026 22:30,91140.36,91571.00,90895.23,91115.86,23981
07-01-2026 23:30,91121.36,91317.57,90603.21,90765.09,23815
08-01-2026 00:30,90769.98,91142.11,90540.26,91038.56,24171
08-01-2026 01:30,91041.91,91163.14,90639.51,90895.61,22928
08-01-2026 02:30,90899.99,91103.10,90880.42,90978.06,21865
08-01-2026 03:30,90963.54,91198.07,90743.09,91047.68,22768
08-01-2026 04:30,91050.71,91353.38,90873.30,91239.10,23257
08-01-2026 05:30,91240.23,91396.34,90936.59,91252.27,23153
08-01-2026 06:30,91257.60,91608.53,91157.28,91278.08,21780
08-01-2026 07:30,91282.20,91340.41,90608.02,90811.12,23723
08-01-2026 08:30,90813.31,90975.24,90464.28,90655.24,22831
08-01-2026 09:30,90660.43,91009.31,90539.92,90875.30,22506
08-01-2026 10:30,90877.56,91038.03,90624.27,90672.23,21810
08-01-2026 11:30,90676.02,90721.31,89731.38,89731.38,23031
08-01-2026 12:30,89735.91,90418.59,89439.83,90375.25,23481
08-01-2026 13:30,90380.69,90583.38,89852.68,90068.62,22547
08-01-2026 14:30,90068.58,90215.15,89789.14,89847.98,22563
08-01-2026 15:30,89861.48,90338.46,89607.02,90244.19,22506
08-01-2026 16:30,90262.63,90338.11,89851.90,90055.67,22760
08-01-2026 17:30,90071.10,90082.78,89608.50,89822.15,23463
08-01-2026 18:30,89838.30,89962.36,89698.25,89792.83,22461
08-01-2026 19:30,89808.91,90028.44,89164.31,89877.15,24927
08-01-2026 20:30,89887.34,90714.36,89661.45,90658.45,26554
08-01-2026 21:30,90653.77,90810.44,90163.57,90806.66,24796
08-01-2026 22:30,90809.98,91324.40,90730.12,91256.00,24745
08-01-2026 23:30,91261.26,91364.96,90749.64,91007.92,23690
09-01-2026 00:30,91011.07,91223.34,90685.03,90816.62,23354
09-01-2026 01:30,90820.34,90881.62,90423.67,90808.78,24366
09-01-2026 02:30,90806.92,91232.20,90790.07,91155.85,22707
09-01-2026 03:30,91168.40,91378.01,90918.28,91127.11,22458
09-01-2026 04:30,91127.23,91235.89,90931.43,90987.57,22003
09-01-2026 05:30,90991.95,91197.21,90946.00,91168.26,21821
09-01-2026 06:30,91175.50,91514.20,90721.18,90923.09,23121
09-01-2026 07:30,90927.74,91366.59,90889.15,90915.87,22740
09-01-2026 08:30,90919.51,91144.34,90827.96,91080.92,22365
09-01-2026 09:30,91091.38,91099.10,90788.92,90872.64,20840
09-01-2026 10:30,90896.31,91006.26,90771.34,90946.18,21860
09-01-2026 11:30,90946.94,91039.11,90832.95,90985.71,21286
09-01-2026 12:30,90985.81,90993.77,90580.66,90596.06,22303
09-01-2026 13:30,90595.55,90697.84,89555.00,89863.20,23597
09-01-2026 14:30,89871.22,90349.09,89840.31,90194.50,22454
09-01-2026 15:30,90191.08,90415.61,90134.22,90346.79,21024
09-01-2026 16:30,90345.01,90564.18,90265.57,90301.76,21962
09-01-2026 17:30,90325.69,90478.27,90089.99,90297.58,22160
09-01-2026 18:30,90317.34,90786.66,90269.28,90460.70,24199
09-01-2026 19:30,90468.27,90545.59,89804.06,90011.06,25677
09-01-2026 20:30,90021.93,91892.24,89697.14,91049.24,26910
09-01-2026 21:30,91057.27,91671.69,91029.72,91502.81,25971
09-01-2026 22:30,91506.13,91559.75,90844.90,91290.83,25155
09-01-2026 23:30,91296.04,91382.59,90193.70,90677.44,24881
10-01-2026 00:30,90686.37,90686.37,90034.60,90185.80,24185
10-01-2026 01:30,90186.26,90454.41,90083.18,90163.05,23695
10-01-2026 02:30,90164.62,90483.14,89986.87,90383.23,22109
10-01-2026 03:30,90363.01,90544.80,90182.36,90458.67,21627
10-01-2026 04:30,90462.42,90560.38,90432.84,90475.44,21442
10-01-2026 05:30,90477.01,90525.52,90344.74,90423.80,21748
10-01-2026 06:30,90428.33,90557.76,90408.49,90512.25,20627
10-01-2026 07:30,90518.54,90619.04,90432.10,90521.48,21009
10-01-2026 08:30,90521.48,90521.48,90392.82,90465.02,20244
10-01-2026 09:30,90465.18,90486.01,90237.22,90287.80,20726
10-01-2026 10:30,90288.13,90453.45,90257.91,90431.65,20650
10-01-2026 11:30,90435.36,90444.66,90306.76,90338.34,6693
10-01-2026 12:30,90338.34,90520.88,90333.64,90503.74,5724
10-01-2026 13:30,90503.74,90586.30,90442.41,90499.54,5163
10-01-2026 14:30,90499.54,90597.56,90455.84,90596.68,4472
10-01-2026 15:30,90596.68,90665.87,90553.65,90662.18,3286
10-01-2026 16:30,90662.18,90662.88,90540.05,90566.39,2758
10-01-2026 17:30,90566.39,90624.49,90492.46,90577.02,1914
10-01-2026 18:30,90577.02,90614.85,90477.32,90498.69,3664
10-01-2026 19:30,90498.69,90508.66,90379.50,90435.55,3387
10-01-2026 20:30,90435.55,90510.56,90421.86,90499.60,3549
10-01-2026 21:30,90499.60,90569.19,90445.04,90516.81,3698
10-01-2026 22:30,90516.81,90584.30,90378.17,90388.42,4204
10-01-2026 23:30,90388.44,90442.06,90353.86,90426.78,4326
11-01-2026 00:30,90426.78,90471.74,90415.27,90468.76,2533
11-01-2026 01:30,90468.76,90503.21,90398.67,90405.68,5930
11-01-2026 02:30,90405.75,90413.41,90337.36,90340.51,7362
11-01-2026 03:30,90340.51,90422.42,90237.80,90262.18,6144
11-01-2026 04:30,90262.18,90410.59,90261.49,90347.60,3711
11-01-2026 05:30,90347.60,90485.18,90286.55,90461.94,4045
11-01-2026 06:30,90461.94,90509.54,90390.28,90476.22,3053
11-01-2026 07:30,90476.22,90575.27,90454.37,90534.31,3568
11-01-2026 08:30,90534.31,90577.11,90468.18,90573.41,3338
11-01-2026 09:30,90575.96,90635.18,90520.07,90630.70,2829
11-01-2026 10:30,90630.70,90691.30,90575.85,90616.35,3197
11-01-2026 11:30,90616.35,90647.59,90426.23,90581.36,3281
11-01-2026 12:30,90581.36,90594.49,90513.57,90546.78,2524
11-01-2026 13:30,90560.38,90650.76,90470.54,90622.19,3800
11-01-2026 14:30,90622.19,90647.96,90500.67,90567.07,3651
11-01-2026 15:30,90567.07,90581.07,90516.87,90566.94,2908
11-01-2026 16:30,90566.94,90584.16,90526.16,90575.96,6788
11-01-2026 17:30,90575.95,90835.34,90548.77,90762.60,7867
11-01-2026 18:30,90762.60,90805.02,90652.89,90691.67,8898
11-01-2026 19:30,90691.61,91022.48,90689.55,90956.62,7090
11-01-2026 20:30,90956.62,90988.77,90550.98,90714.90,6106
11-01-2026 21:30,90714.90,91117.97,90714.90,90869.87,7359
11-01-2026 22:30,90869.87,90979.26,90748.37,90816.13,5841
11-01-2026 23:30,90816.13,90823.32,90619.85,90716.76,4461
12-01-2026 00:30,90716.76,90762.45,90500.46,90523.65,4762
12-01-2026 01:30,90523.62,90561.43,90251.85,90531.41,7164
12-01-2026 02:30,90531.41,90667.81,90421.31,90579.91,5230
12-01-2026 03:30,90579.91,90579.91,90289.99,90358.05,6340
12-01-2026 04:30,90358.05,90891.04,90118.24,90844.54,9732
12-01-2026 05:30,90839.61,91082.76,90527.65,91082.71,10376
12-01-2026 06:30,91082.71,91637.52,90917.79,91252.93,12802
12-01-2026 07:30,91252.93,92220.39,91202.53,92051.35,9759
12-01-2026 08:30,92051.35,92371.58,91639.07,91643.34,7977
12-01-2026 09:30,91643.34,92124.79,91571.65,92008.33,6658
12-01-2026 10:30,92008.33,92106.38,91872.05,91950.33,5701
12-01-2026 11:30,91950.33,92037.29,91634.43,91664.69,6441
12-01-2026 12:30,91664.69,91784.95,91220.99,91240.38,8518
12-01-2026 13:30,91240.38,91466.45,90226.03,90591.30,12055
12-01-2026 14:30,90591.30,90782.38,90487.46,90528.77,8554
12-01-2026 15:30,90528.77,90632.34,90210.19,90272.83,4987
12-01-2026 16:30,90273.06,90651.47,90260.03,90465.72,5478
12-01-2026 17:30,90465.72,90715.47,90450.43,90630.22,4734
12-01-2026 18:30,90630.22,90679.17,90388.73,90473.13,7061
12-01-2026 19:30,90473.14,90969.92,89978.70,90756.46,15669
12-01-2026 20:30,90756.46,91545.35,90563.28,91542.80,17178
12-01-2026 21:30,91542.80,92217.06,91477.25,92026.41,14097
12-01-2026 22:30,92027.76,92212.68,90922.74,91401.06,14164
12-01-2026 23:30,91401.06,91843.43,91301.29,91578.69,9530
13-01-2026 00:30,91578.54,91772.12,91315.03,91746.35,8110
13-01-2026 01:30,91746.35,91940.57,91296.22,91369.56,8840
13-01-2026 02:30,91369.56,91375.98,90820.38,90939.23,8831
13-01-2026 03:30,90939.23,91320.07,90938.52,91108.75,7813
13-01-2026 04:30,91108.91,91189.57,90927.05,91158.52,5903
13-01-2026 05:30,91158.52,91403.32,91110.55,91340.19,7145
13-01-2026 06:30,91340.19,91408.68,90908.82,91051.53,6547
13-01-2026 07:30,91051.53,91245.51,90974.64,90992.29,5576
13-01-2026 08:30,90992.29,91329.44,90976.29,91279.03,6165
13-01-2026 09:30,91279.03,91495.42,91213.79,91376.16,5160
13-01-2026 10:30,91376.16,92120.02,91334.81,91783.91,10301
13-01-2026 11:30,91784.48,92131.98,91666.62,92044.75,7619
13-01-2026 12:30,92044.75,92075.39,91766.02,91806.88,5755
13-01-2026 13:30,91806.88,92125.05,91794.47,92035.46,5327
13-01-2026 14:30,92035.46,92548.03,91828.64,92142.56,9143
13-01-2026 15:30,92142.56,92221.59,91888.80,91999.78,6332
13-01-2026 16:30,91999.78,92124.77,91828.45,91862.65,5745
13-01-2026 17:30,91862.65,92022.87,91773.61,91987.45,4782
13-01-2026 18:30,91987.07,92457.04,91851.97,91948.88,9361
13-01-2026 19:30,91948.88,92808.82,91685.15,92359.81,13999
13-01-2026 20:30,92359.89,93385.16,92020.96,93385.15,15408
13-01-2026 21:30,93385.20,93709.77,93012.22,93342.02,16129
13-01-2026 22:30,93342.02,93444.18,93038.47,93165.40,14388
13-01-2026 23:30,93165.40,93817.70,93107.65,93570.20,14966
14-01-2026 00:30,93570.20,94202.70,93407.02,94191.31,11499
14-01-2026 01:30,94191.31,94467.11,94088.04,94382.15,12235
14-01-2026 02:30,94382.15,94479.22,94033.50,94054.55,11061
14-01-2026 03:30,94054.55,96118.55,94052.78,95687.31,18042
14-01-2026 04:30,95686.70,96040.69,95008.76,95347.70,10827
14-01-2026 05:30,95347.70,95572.55,95098.81,95167.05,9826
14-01-2026 06:30,95167.05,95512.77,95062.12,95178.52,8094
14-01-2026 07:30,95178.52,95494.60,95128.35,95280.30,7651
14-01-2026 08:30,95280.28,95659.39,95214.60,95653.44,6774
14-01-2026 09:30,95653.44,95732.99,95159.91,95176.68,8396
14-01-2026 10:30,95176.68,95211.79,94896.83,94959.43,8025
14-01-2026 11:30,94959.43,94978.28,94517.43,94973.65,8293
14-01-2026 12:30,94973.66,95184.98,94798.71,95154.23,6941
14-01-2026 13:30,95154.23,95266.60,94834.50,94835.56,7287
14-01-2026 14:30,94835.56,95134.40,94817.88,95031.03,6616
14-01-2026 15:30,95031.03,95241.90,94824.76,95019.71,6721
14-01-2026 16:30,95019.52,95027.93,94650.32,94710.56,5410
14-01-2026 17:30,94710.56,95082.07,94604.06,95001.43,5602
14-01-2026 18:30,95001.43,95164.66,94828.34,94928.66,7410
14-01-2026 19:30,94928.66,96777.99,94912.02,96444.14,17877
14-01-2026 20:30,96453.29,97030.55,96133.62,96741.19,19504
14-01-2026 21:30,96739.66,97684.17,96710.63,97268.78,14849
14-01-2026 22:30,97268.02,97775.04,96774.39,96923.81,13484
14-01-2026 23:30,96923.81,97092.25,96212.28,96774.91,14395
15-01-2026 00:30,96774.91,97617.07,96649.66,97234.07,13261
15-01-2026 01:30,97234.07,97899.33,97170.35,97632.66,13904
15-01-2026 02:30,97645.25,97695.93,97349.70,97527.14,7896
15-01-2026 03:30,97527.14,97552.41,96780.63,96851.92,9374
15-01-2026 04:30,96851.92,97347.14,96823.82,96916.72,6717
15-01-2026 05:30,96914.69,96960.68,96450.05,96608.72,8161
15-01-2026 06:30,96608.72,96914.83,96254.27,96393.02,8368
15-01-2026 07:30,96391.34,96562.96,96049.60,96275.30,8048
15-01-2026 08:30,96275.30,96324.91,95713.28,95912.99,10819
15-01-2026 09:30,95912.99,96317.48,95880.60,96257.93,7469
15-01-2026 10:30,96257.91,96442.61,96175.10,96373.80,7285
15-01-2026 11:30,96372.52,96526.68,96118.83,96180.06,7247
15-01-2026 12:30,96180.06,96717.39,96128.21,96576.16,6282
15-01-2026 13:30,96580.05,96614.10,96237.19,96592.70,7442
15-01-2026 14:30,96592.70,97148.78,96502.72,96994.65,7815
15-01-2026 15:30,96994.65,97023.22,96693.09,96750.10,6598
15-01-2026 16:30,96750.10,96870.77,96525.74,96528.60,5585
15-01-2026 17:30,96528.60,96948.59,96466.27,96925.73,7319
15-01-2026 18:30,96925.61,96978.37,96552.74,96794.10,8205
15-01-2026 19:30,96794.15,97098.20,95539.73,95985.35,14486
15-01-2026 20:30,95985.35,96695.45,95377.63,96680.19,17296
15-01-2026 21:30,96677.24,96826.95,96194.89,96660.21,13394
15-01-2026 22:30,96660.21,97000.21,96344.19,96545.71,10951
15-01-2026 23:30,96545.70,96554.97,95698.63,95780.71,8643
16-01-2026 00:30,95780.71,95861.86,95119.38,95428.45,9702
16-01-2026 01:30,95428.78,95585.76,95053.60,95174.90,9875
16-01-2026 02:30,95174.90,95554.34,95121.90,95510.32,8452
16-01-2026 03:30,95510.32,95794.71,95420.50,95496.19,8209
16-01-2026 04:30,95495.98,95635.90,95325.48,95537.29,8099
16-01-2026 05:30,95537.29,95757.25,95505.22,95557.84,6944
16-01-2026 06:30,95557.84,95794.42,95356.13,95586.93,7878
16-01-2026 07:30,95586.93,95607.42,95313.28,95430.85,8935
16-01-2026 08:30,95430.85,95511.23,95250.62,95278.40,7217
16-01-2026 09:30,95278.40,95510.12,95073.06,95195.89,7882
16-01-2026 10:30,95195.89,95619.41,95178.57,95593.78,8057
16-01-2026 11:30,95593.78,95755.79,95458.53,95675.13,6884
16-01-2026 12:30,95675.05,95724.12,95408.84,95586.56,7886
16-01-2026 13:30,95586.56,95769.80,95504.93,95599.18,8502
16-01-2026 14:30,95599.18,95709.65,95515.53,95533.50,7862
16-01-2026 15:30,95533.50,95562.02,95214.29,95236.60,7776
16-01-2026 16:30,95236.60,95404.88,95184.50,95354.45,7151
16-01-2026 17:30,95354.45,95505.45,95280.43,95387.41,6151
16-01-2026 18:30,95387.41,95500.37,95219.28,95376.15,6659
16-01-2026 19:30,95376.61,95746.49,95111.32,95114.37,12537
16-01-2026 20:30,95114.37,95596.60,94206.87,94497.62,16204
16-01-2026 21:30,94497.62,94919.82,94416.93,94795.10,11614
16-01-2026 22:30,94795.05,95051.85,94480.97,94996.94,9935
16-01-2026 23:30,94996.94,95143.10,94890.44,94914.94,8636
17-01-2026 00:30,94914.94,94974.69,94750.55,94914.41,8338
17-01-2026 01:30,94914.41,95500.16,94588.61,95485.95,7997
17-01-2026 02:30,95490.01,95539.41,95286.62,95441.86,8797
17-01-2026 03:30,95475.62,95476.02,95179.89,95437.81,7283
17-01-2026 04:30,95438.08,95506.65,95350.30,95473.39,4649
17-01-2026 05:30,95473.36,95504.70,95353.99,95390.03,5065
17-01-2026 06:30,95390.03,95456.83,95305.56,95316.86,4587
17-01-2026 07:30,95316.86,95343.20,95138.51,95282.54,7989
17-01-2026 08:30,95282.54,95303.10,95186.09,95284.59,6290
17-01-2026 09:30,95284.60,95288.40,95182.83,95234.63,5463
17-01-2026 10:30,95234.63,95309.16,95212.99,95241.06,5465
17-01-2026 11:30,95241.06,95268.18,95114.67,95156.96,5421
17-01-2026 12:30,95156.96,95156.96,94980.23,95028.72,3953
17-01-2026 13:30,95028.72,95182.11,94954.12,95171.31,6193
17-01-2026 14:30,95171.24,95218.20,95096.02,95180.58,5296
17-01-2026 15:30,95186.07,95196.92,95030.87,95032.61,4701
17-01-2026 16:30,95032.54,95246.12,94988.13,95243.46,4549
17-01-2026 17:30,95243.46,95309.71,95159.98,95185.94,1765
17-01-2026 18:30,95185.94,95369.50,95124.04,95365.64,4898
17-01-2026 19:30,95365.64,95466.01,95277.52,95395.03,6476
17-01-2026 20:30,95395.03,95569.51,95360.80,95499.18,6148
17-01-2026 21:30,95499.23,95501.35,95142.67,95233.02,6924
17-01-2026 22:30,95233.02,95370.70,95214.17,95292.70,5884
17-01-2026 23:30,95292.70,95397.06,95276.00,95351.17,4721
18-01-2026 00:30,95351.17,95351.17,95211.24,95224.21,4231
18-01-2026 01:30,95224.28,95311.35,95211.59,95304.89,5413
18-01-2026 02:30,95304.89,95340.91,95205.47,95236.46,6613
18-01-2026 03:30,95236.46,95237.46,94964.84,95090.39,7166
18-01-2026 04:30,95090.39,95135.76,95037.97,95070.20,5887
18-01-2026 05:30,95070.20,95167.69,94990.12,95030.21,6295
18-01-2026 06:30,95030.06,95030.35,94793.99,94892.31,7117
18-01-2026 07:30,94892.25,94991.18,94796.09,94938.90,5565
18-01-2026 08:30,94938.90,95131.23,94938.90,95117.47,4902
18-01-2026 09:30,95117.45,95117.45,94996.24,95020.49,6786
18-01-2026 10:30,95020.56,95184.53,94980.55,95112.38,6654
18-01-2026 11:30,95112.38,95130.81,95060.34,95097.58,4682
18-01-2026 12:30,95097.58,95107.97,94954.77,94957.19,6005
18-01-2026 13:30,94957.19,95122.19,94952.36,95100.32,5519
18-01-2026 14:30,95100.32,95205.73,95070.02,95192.89,4780
18-01-2026 15:30,95067.38,95111.09,95005.17,95100.12,4292
18-01-2026 16:30,95100.12,95106.28,94989.13,95089.32,4779
18-01-2026 17:30,95089.32,95103.76,95001.74,95032.84,6700
18-01-2026 18:30,95032.84,95125.52,94828.94,95074.55,3863
18-01-2026 19:30,95074.55,95285.55,94852.37,94879.92,5080
18-01-2026 20:30,94879.92,95052.96,94837.51,95040.00,6077
18-01-2026 21:30,95039.93,95115.11,94994.28,95091.61,5453
18-01-2026 22:30,95091.61,95198.37,95064.62,95188.19,6783
18-01-2026 23:30,95188.19,95444.42,95099.37,95373.51,6428
19-01-2026 00:30,95373.51,95442.01,95255.29,95307.74,6174
19-01-2026 01:30,95307.74,95372.30,95211.81,95224.47,5962
19-01-2026 02:30,95224.47,95357.82,95207.80,95351.74,4297
19-01-2026 03:30,95351.74,95451.90,95327.45,95407.47,4704
19-01-2026 04:30,95407.47,95412.08,93536.52,93589.30,14487
19-01-2026 05:30,93590.71,93593.78,92088.78,92629.55,20132
19-01-2026 06:30,92629.55,92801.87,92147.08,92499.91,13352
19-01-2026 07:30,92499.91,92590.63,92297.77,92484.55,9313
19-01-2026 08:30,92484.55,92707.15,92414.58,92616.34,8696
19-01-2026 09:30,92616.34,92672.11,92413.04,92587.85,8343
19-01-2026 10:30,92587.85,92728.01,92419.49,92441.01,9340
19-01-2026 11:30,92440.45,92556.05,92267.30,92502.28,9542
19-01-2026 12:30,92502.28,92774.47,92468.91,92752.84,8822
19-01-2026 13:30,92752.84,93287.69,92608.31,93173.16,11422
19-01-2026 14:30,93173.16,93181.72,92853.38,92964.45,9265
19-01-2026 15:30,92964.45,92988.80,92797.65,92972.89,5063
19-01-2026 16:30,92972.89,93223.91,92876.73,93095.07,5430
19-01-2026 17:30,93095.07,93138.80,92903.10,92979.47,6503
19-01-2026 18:30,92979.47,93057.14,92706.87,92936.36,6610
19-01-2026 19:30,92936.36,92947.42,92612.24,92715.89,10746
19-01-2026 20:30,92715.89,92993.35,92715.89,92970.65,9850
19-01-2026 21:30,92970.53,93329.31,92900.41,93216.08,9035
19-01-2026 22:30,93216.08,93305.82,93059.99,93147.01,8675
19-01-2026 23:30,93147.01,93169.57,92835.75,92964.94,7371
20-01-2026 00:30,92964.94,93057.33,92895.96,93010.43,7905
20-01-2026 01:30,93010.43,93179.74,92993.43,93050.29,5360
20-01-2026 02:30,93050.29,93251.19,92902.47,92902.47,5559
20-01-2026 03:30,92902.47,92953.60,92461.79,92466.88,7367
20-01-2026 04:30,92466.88,92647.91,92057.52,92524.56,10338
20-01-2026 05:30,92523.38,92763.68,92256.54,92606.99,8631
20-01-2026 06:30,92606.99,92768.91,92414.06,92614.47,7125
20-01-2026 07:30,92614.47,92627.07,92257.27,92446.46,5984
20-01-2026 08:30,92446.46,92547.28,92151.62,92333.15,5373
20-01-2026 09:30,92333.17,92365.68,91902.55,91958.53,5967
20-01-2026 10:30,91958.53,91976.48,91184.33,91511.31,10727
20-01-2026 11:30,91511.20,91518.34,90651.07,90797.57,12227
20-01-2026 12:30,90797.57,91164.82,90723.06,91038.80,9345
20-01-2026 13:30,91038.11,91116.13,90546.04,90965.69,12016
20-01-2026 14:30,90965.69,90965.69,90762.06,90897.83,8969
20-01-2026 15:30,90897.83,91164.06,90858.15,91135.10,7164
20-01-2026 16:30,91135.10,91312.81,91081.36,91092.26,5839
20-01-2026 17:30,91092.31,91189.85,90925.54,91159.25,7760
20-01-2026 18:30,91159.25,91171.91,90689.22,90830.82,10030
20-01-2026 19:30,90830.82,91219.52,90142.42,90392.12,16020
20-01-2026 20:30,90392.09,90652.49,89728.98,90545.72,17352
20-01-2026 21:30,90545.72,90843.06,89876.68,90025.45,12998
20-01-2026 22:30,90025.45,90363.30,89286.63,89627.57,13687
20-01-2026 23:30,89627.57,89815.66,89238.94,89345.69,10875
21-01-2026 00:30,89345.83,89642.47,89134.57,89554.04,11493
21-01-2026 01:30,89554.87,89678.12,89214.93,89535.76,15619
21-01-2026 02:30,89535.38,89668.84,89259.88,89312.13,6764
21-01-2026 03:30,89312.13,89483.19,87713.98,88348.40,9819
21-01-2026 04:30,88348.40,88380.92,87750.98,88277.79,12232
21-01-2026 05:30,88277.79,88837.69,88104.14,88786.18,12164
21-01-2026 06:30,88786.16,89015.75,88701.46,88869.28,7958
21-01-2026 07:30,88869.28,89212.84,88841.58,88906.21,8051
21-01-2026 08:30,88906.21,89455.23,88894.57,89279.54,6402
21-01-2026 09:30,89279.54,89484.29,89201.69,89303.66,6239
21-01-2026 10:30,89303.66,89978.70,89291.13,89819.73,6693
21-01-2026 11:30,89819.73,89819.73,89358.92,89515.50,7745
21-01-2026 12:30,89515.50,89627.43,88932.05,89071.39,8518
21-01-2026 13:30,89070.15,89234.69,88846.04,89042.19,6829
21-01-2026 14:30,89042.19,89350.26,88931.30,88965.27,7165
21-01-2026 15:30,88965.27,89259.44,88935.66,89104.42,5611
21-01-2026 16:30,89104.42,89245.79,88565.68,88657.40,6937
21-01-2026 17:30,88657.40,88720.96,88076.32,88605.32,13246
21-01-2026 18:30,88605.34,88894.69,88423.28,88542.94,14321
21-01-2026 19:30,88536.33,89853.01,88478.65,89677.03,20740
21-01-2026 20:30,89675.31,90404.81,89608.22,90169.22,17512
21-01-2026 21:30,90169.22,90246.82,87457.17,87467.09,18194
21-01-2026 22:30,87467.09,88010.82,87149.79,87794.07,21188
21-01-2026 23:30,87793.72,88521.17,87444.33,88356.34,17044
22-01-2026 00:30,88356.34,90319.45,88152.66,90241.64,17842
22-01-2026 01:30,90242.26,90253.73,89305.27,90076.59,16488
22-01-2026 02:30,90078.24,90233.59,89855.33,90138.04,8727
22-01-2026 03:30,90138.32,90272.69,89629.43,89648.27,9129
22-01-2026 04:30,89648.27,90097.64,89226.80,89330.35,8065
22-01-2026 05:30,89330.35,89916.89,89329.49,89791.86,9572
22-01-2026 06:30,89791.86,90076.41,89703.88,89993.67,9530
22-01-2026 07:30,89993.67,90238.68,89717.11,89811.97,9289
22-01-2026 08:30,89811.97,90039.72,89566.91,89773.66,7474
22-01-2026 09:30,89773.66,89957.06,89698.43,89875.20,6607
22-01-2026 10:30,89875.20,89959.72,89794.94,89901.59,5351
22-01-2026 11:30,89901.59,90098.85,89774.04,90050.63,6427
22-01-2026 12:30,90050.63,90077.01,89668.06,89693.36,5802
22-01-2026 13:30,89693.36,89841.57,89618.77,89794.68,7657
22-01-2026 14:30,89794.68,90013.58,89758.03,89920.88,6959
22-01-2026 15:30,89920.95,89992.17,89834.62,89965.54,7660
22-01-2026 16:30,89965.54,90033.58,89765.76,89813.12,7143
22-01-2026 17:30,89813.12,89976.79,89746.06,89898.60,6364
22-01-2026 18:30,89898.60,90225.80,89356.30,89493.38,11415
22-01-2026 19:30,89493.48,89606.07,88843.06,88968.33,17719
22-01-2026 20:30,88969.12,89276.59,88391.13,88874.44,20997
22-01-2026 21:30,88874.44,89151.46,88528.35,88930.47,17503
22-01-2026 22:30,88930.47,89496.38,88896.68,89420.74,14768
22-01-2026 23:30,89420.74,89677.52,89174.89,89207.27,12709
23-01-2026 00:30,89207.27,89799.76,88975.36,89660.26,10070
23-01-2026 01:30,89660.26,89829.99,89256.49,89278.86,11138
23-01-2026 02:30,89278.89,89537.13,89105.55,89126.86,9786
23-01-2026 03:30,89125.56,89426.05,89012.37,89228.76,6908
23-01-2026 04:30,89228.76,89465.91,89042.00,89438.41,6393
23-01-2026 05:30,89438.41,89521.34,89315.39,89402.87,6256
23-01-2026 06:30,89403.23,89816.65,89393.68,89809.77,6801
23-01-2026 07:30,89809.77,89864.12,89504.82,89518.27,6657
23-01-2026 08:30,89517.56,89807.11,89503.55,89805.77,5619
23-01-2026 09:30,89805.64,89957.14,89746.52,89841.36,5154
23-01-2026 10:30,89841.36,89851.77,89322.47,89478.54,5749
23-01-2026 11:30,89478.56,89668.41,89254.45,89354.16,7662
23-01-2026 12:30,89354.16,89548.88,89295.17,89396.81,7408
23-01-2026 13:30,89396.81,89482.05,88982.52,89066.46,8985
23-01-2026 14:30,89066.47,89237.23,88745.30,88821.13,8840
23-01-2026 15:30,88821.13,89043.36,88707.05,88892.66,6552
23-01-2026 16:30,88892.98,89223.40,88875.11,89064.41,5588
23-01-2026 17:30,89064.28,89243.99,88947.78,89101.71,5155
23-01-2026 18:30,89101.71,89316.91,89082.95,89219.51,7651
23-01-2026 19:30,89219.51,89597.83,88512.78,88854.31,14678
23-01-2026 20:30,88854.31,89716.89,88414.45,89616.62,19105
23-01-2026 21:30,89616.56,90351.76,89336.29,89981.87,17327
23-01-2026 22:30,89982.52,91078.37,89823.11,90456.45,16742
23-01-2026 23:30,90456.45,90957.79,90321.96,90379.62,13913
24-01-2026 00:30,90381.66,90394.11,89456.18,89836.50,14618
24-01-2026 01:30,89836.43,90015.08,89056.34,89348.77,14383
24-01-2026 02:30,89350.57,89550.34,89169.43,89199.00,7559
24-01-2026 03:30,89192.63,89607.44,89186.83,89480.09,7314
24-01-2026 04:30,89480.09,89482.15,89330.40,89447.47,5731
24-01-2026 05:30,89447.47,89484.48,89263.37,89288.84,6105
24-01-2026 06:30,89288.84,89427.09,89286.91,89389.29,4689
24-01-2026 07:30,89389.29,89548.03,89388.81,89528.93,3746
24-01-2026 08:30,89528.93,89763.51,89498.50,89605.28,3940
24-01-2026 09:30,89605.28,89692.97,89551.01,89676.87,2902
24-01-2026 10:30,89676.87,89694.03,89592.43,89620.72,2615
24-01-2026 11:30,89620.72,89624.99,89478.11,89481.32,2853
24-01-2026 12:30,89481.32,89518.22,89401.42,89445.93,3266
24-01-2026 13:30,89445.93,89519.65,89407.64,89492.12,2871
24-01-2026 14:30,89492.12,89493.14,89410.32,89430.22,2048
24-01-2026 15:30,89430.22,89477.20,89409.60,89452.67,2073
24-01-2026 16:30,89452.67,89502.61,89420.41,89423.25,2811
24-01-2026 17:30,89423.74,89424.41,89303.03,89361.71,1123
24-01-2026 18:30,89361.71,89371.46,89205.94,89206.79,1718
24-01-2026 19:30,89206.79,89342.23,89010.44,89278.20,3220
24-01-2026 20:30,89278.20,89320.44,89082.79,89097.88,2195
24-01-2026 21:30,89097.88,89180.33,88985.43,89103.01,3624
24-01-2026 22:30,89103.01,89241.10,89064.73,89222.85,4033
24-01-2026 23:30,89222.87,89288.59,89196.17,89217.09,3989
25-01-2026 00:30,89217.09,89222.68,89097.65,89148.34,3554
25-01-2026 01:30,89148.34,89220.30,89146.87,89205.48,1619
25-01-2026 02:30,89205.48,89219.20,89090.68,89215.82,2791
25-01-2026 03:30,89215.82,89323.73,89123.64,89257.78,3315
25-01-2026 04:30,89257.78,89303.48,89034.27,89044.96,4173
25-01-2026 05:30,89044.96,89136.03,89000.53,89136.03,2925
25-01-2026 06:30,89136.03,89137.86,88926.30,88990.55,3812
25-01-2026 07:30,88990.55,89082.55,88955.18,88959.55,2361
25-01-2026 08:30,88959.57,89002.24,88665.57,88787.35,4450
25-01-2026 09:30,88787.35,88917.12,88764.70,88837.59,3579
25-01-2026 10:30,88837.59,88875.15,88693.21,88818.22,3510
25-01-2026 11:30,88818.22,88818.22,88474.99,88658.42,5744
25-01-2026 12:30,88658.42,88658.58,88456.70,88481.95,4000
25-01-2026 13:30,88481.95,88581.18,87962.52,88120.16,6308
25-01-2026 14:30,88120.16,88316.73,88055.41,88226.66,5191
25-01-2026 15:30,88226.66,88498.27,88226.61,88478.94,3769
25-01-2026 16:30,88478.94,88535.65,88360.94,88396.18,5160
25-01-2026 17:30,88396.18,88626.03,88273.20,88623.07,6577
25-01-2026 18:30,88623.07,88811.00,88486.94,88759.02,6262
25-01-2026 19:30,88759.02,88774.68,88463.44,88547.28,6757
25-01-2026 20:30,88547.28,88599.16,88217.22,88288.06,4925
25-01-2026 21:30,88288.06,88291.03,87434.26,87922.78,13886
25-01-2026 22:30,87922.78,87949.70,87608.68,87730.71,9314
25-01-2026 23:30,87730.71,87827.78,86716.55,87262.19,13259
26-01-2026 00:30,87262.19,87350.61,86140.56,86359.62,15772
26-01-2026 01:30,86359.62,86584.83,86104.88,86523.25,13713
26-01-2026 02:30,86523.20,86875.27,86259.01,86440.47,10958
26-01-2026 03:30,86440.47,86535.50,86084.59,86390.21,11967
26-01-2026 04:30,86390.21,86659.64,85954.16,86528.20,13783
26-01-2026 05:30,86528.20,87015.70,86376.70,86711.87,11555
26-01-2026 06:30,86711.96,87676.67,86672.05,87545.24,12223
26-01-2026 07:30,87545.06,87817.86,87286.08,87381.42,9687
26-01-2026 08:30,87381.42,87510.64,86920.37,87106.77,8937
26-01-2026 09:30,87106.77,87794.42,87071.91,87583.06,6784
26-01-2026 10:30,87583.06,87804.75,87512.50,87662.34,6230
26-01-2026 11:30,87662.40,87886.49,87601.02,87804.32,6649
26-01-2026 12:30,87804.32,87936.65,87574.61,87872.59,8262
26-01-2026 13:30,87872.59,88225.61,87707.26,87843.01,8694
26-01-2026 14:30,87843.01,87868.75,87468.22,87530.23,7949
26-01-2026 15:30,87530.23,87827.81,87519.79,87769.82,6114
26-01-2026 16:30,87769.82,87862.42,87638.74,87727.23,5206
26-01-2026 17:30,87726.75,87846.27,87599.51,87660.83,5557
26-01-2026 18:30,87660.89,87922.70,87556.83,87828.86,6765
26-01-2026 19:30,87828.86,88326.04,87317.13,88056.40,13025
26-01-2026 20:30,88055.39,88720.47,87158.06,87417.58,16568
26-01-2026 21:30,87417.58,87788.19,87001.54,87486.27,14620
26-01-2026 22:30,87487.17,87663.04,86917.04,87566.35,12698
26-01-2026 23:30,87566.35,88280.91,87516.35,88279.66,10349
27-01-2026 00:30,88279.66,88416.45,87767.80,87872.41,7702
27-01-2026 01:30,87872.41,87990.08,87393.88,87486.21,7059
27-01-2026 02:30,87484.39,88109.93,87434.45,87929.16,5635
27-01-2026 03:30,87929.16,88141.50,87865.33,88000.94,4717
27-01-2026 04:30,88000.94,88526.46,87879.01,88214.99,7052
27-01-2026 05:30,88214.99,88328.77,88065.02,88224.88,8890
27-01-2026 06:30,88224.88,88568.02,88065.00,88427.61,9619
27-01-2026 07:30,88427.61,88714.33,88415.40,88679.47,8308
27-01-2026 08:30,88679.47,88745.53,88428.13,88634.90,7113
27-01-2026 09:30,88634.90,88840.44,88378.13,88440.48,7597
27-01-2026 10:30,88440.48,88448.52,88248.24,88321.81,7128
27-01-2026 11:30,88321.81,88386.28,88125.87,88182.87,6735
27-01-2026 12:30,88182.87,88420.29,88163.27,88176.86,7688
27-01-2026 13:30,88176.85,88253.89,87968.24,88015.47,7799
27-01-2026 14:30,88015.47,88015.47,87702.92,87726.34,8501
27-01-2026 15:30,87726.34,87894.13,87582.07,87631.79,7874
27-01-2026 16:30,87631.79,87937.62,87583.39,87825.19,7327
27-01-2026 17:30,87825.19,88002.36,87787.79,87827.80,5800
27-01-2026 18:30,87827.85,87910.41,87634.20,87817.08,8050
27-01-2026 19:30,87817.08,88305.93,87487.51,87577.17,14492
27-01-2026 20:30,87577.42,88021.38,87403.52,87879.43,15378
27-01-2026 21:30,87879.43,88753.37,87835.92,88491.80,16295
27-01-2026 22:30,88491.44,88552.19,87144.17,87393.98,13008
27-01-2026 23:30,87393.98,88352.55,87292.05,88122.54,13071
28-01-2026 00:30,88122.45,88396.50,87882.57,88251.92,10537
28-01-2026 01:30,88251.34,89338.33,88212.25,89258.31,15543
28-01-2026 02:30,89257.21,89388.00,88857.91,88924.68,11204
28-01-2026 03:30,88924.68,89281.57,88868.74,89098.35,8881
28-01-2026 04:30,89098.35,89374.56,89001.81,89084.26,8313
28-01-2026 05:30,89084.26,89314.68,88995.54,89313.54,8066
28-01-2026 06:30,89313.54,89340.56,89029.17,89242.00,9581
28-01-2026 07:30,89242.00,89301.33,88936.04,89120.29,9429
28-01-2026 08:30,89120.29,89149.80,88813.09,88955.14,9143
28-01-2026 09:30,88955.14,89004.43,88673.33,88823.92,7190
28-01-2026 10:30,88823.92,88948.05,88699.82,88925.14,8202
28-01-2026 11:30,88925.14,89248.55,88925.14,89164.18,10322
28-01-2026 12:30,89164.18,89197.53,88942.82,88977.98,9233
28-01-2026 13:30,88977.98,89102.28,88725.83,88770.47,10633
28-01-2026 14:30,88770.47,89406.67,88699.44,89404.70,10415
28-01-2026 15:30,89404.70,89512.74,89176.20,89256.93,9533
28-01-2026 16:30,89256.99,90001.15,89148.03,89926.78,9034
28-01-2026 17:30,89926.78,90031.52,89619.90,89854.43,12752
28-01-2026 18:30,89854.40,90315.30,89818.90,90112.63,14148
28-01-2026 19:30,90112.63,90112.63,89226.48,89459.57,16461
28-01-2026 20:30,89459.59,89700.63,88762.97,89335.70,16387
28-01-2026 21:30,89335.70,89684.11,89092.50,89476.14,14474
28-01-2026 22:30,89476.14,90428.59,89130.00,90009.61,14037
28-01-2026 23:30,90009.73,90021.47,89175.88,89382.03,14084
29-01-2026 00:30,89381.08,89567.57,88849.48,89240.27,18451
29-01-2026 01:30,89240.28,89714.85,88835.61,88942.55,12793
29-01-2026 02:30,88943.28,89319.74,88698.72,89243.12,12282
29-01-2026 03:30,89245.34,89311.39,88968.99,89206.00,8292
29-01-2026 04:30,89206.00,89304.39,89033.77,89130.03,9034
29-01-2026 05:30,89130.03,89175.99,88728.39,88972.46,10916
29-01-2026 06:30,88972.46,88992.68,88369.61,88430.88,10742
29-01-2026 07:30,88430.88,88581.39,87523.60,87720.44,12008
29-01-2026 08:30,87720.44,88087.01,87590.03,87871.41,11479
29-01-2026 09:30,87871.35,88176.47,87723.47,88134.52,8638
29-01-2026 10:30,88133.36,88241.32,87966.19,88014.48,6815
29-01-2026 11:30,88014.48,88168.01,87996.18,88138.81,5712
29-01-2026 12:30,88138.81,88264.52,88077.74,88182.48,5613
29-01-2026 13:30,88182.48,88313.85,87730.42,87881.95,8264
29-01-2026 14:30,87881.95,87978.65,87708.67,87710.24,5693
29-01-2026 15:30,87710.24,87821.99,87645.74,87771.93,4774
29-01-2026 16:30,87771.93,87883.68,87561.56,87652.55,5303
29-01-2026 17:30,87652.60,87944.23,87629.54,87935.95,5615
29-01-2026 18:30,87935.95,87995.84,87768.57,87872.95,5780
29-01-2026 19:30,87873.11,87904.13,86811.24,86820.60,12099
29-01-2026 20:30,86821.44,86848.99,84208.26,84748.17,21280
29-01-2026 21:30,84744.93,85197.66,84104.38,85095.37,19838
29-01-2026 22:30,85095.95,85452.48,83865.46,84080.81,16420
29-01-2026 23:30,84083.32,84459.94,83242.80,83282.15,16184
30-01-2026 00:30,83281.21,84095.11,83195.16,83799.81,15841
30-01-2026 01:30,83800.68,84184.01,83623.28,84009.56,13462
30-01-2026 02:30,84006.73,84473.56,83999.51,84349.27,11228
30-01-2026 03:30,84348.79,84440.40,84126.46,84387.15,6979
30-01-2026 04:30,84387.15,84557.82,84262.55,84473.69,9365
30-01-2026 05:30,84473.27,84560.19,83988.89,84013.33,9347
30-01-2026 06:30,84013.27,84020.85,81349.45,82315.12,17779
30-01-2026 07:30,82315.12,82372.63,81004.31,82001.13,20002
30-01-2026 08:30,81999.33,82569.84,81881.12,82513.80,13647
30-01-2026 09:30,82513.80,83167.12,82513.80,82770.63,9349
30-01-2026 10:30,82770.63,83169.80,82731.70,82748.29,7612
30-01-2026 11:30,82748.29,82757.84,81890.97,82435.95,11583
30-01-2026 12:30,82435.95,82904.91,82287.86,82622.77,12587
30-01-2026 13:30,82624.28,82788.15,82258.31,82494.45,13106
30-01-2026 14:30,82494.45,82660.43,81984.37,82185.15,12052
30-01-2026 15:30,82185.15,82720.29,81999.59,82657.60,11368
30-01-2026 16:30,82657.60,83129.15,82515.39,82971.47,12354
30-01-2026 17:30,82971.47,83139.04,82473.49,82606.28,13219
30-01-2026 18:30,82606.28,82894.25,82237.59,82572.54,15052
30-01-2026 19:30,82572.54,83626.26,82560.38,82929.67,17395
30-01-2026 20:30,82933.84,83461.31,82237.65,82713.95,20103
30-01-2026 21:30,82712.86,83337.35,82390.42,82981.67,19744
30-01-2026 22:30,82981.67,83314.94,82464.02,82776.10,19054
30-01-2026 23:30,82776.10,83977.91,81739.31,83770.62,20615
31-01-2026 00:30,83772.01,84458.57,83759.39,84084.39,19663
31-01-2026 01:30,84081.23,84113.61,83363.52,83725.69,18843
31-01-2026 02:30,83721.07,84335.11,83609.85,84162.62,12696
31-01-2026 03:30,84099.19,84152.76,83735.45,84066.65,9914
31-01-2026 04:30,84066.65,84140.28,83778.17,84096.22,7364
31-01-2026 05:30,84096.22,84115.59,83852.15,83907.60,7720
31-01-2026 06:30,83907.60,84098.19,83736.90,83827.90,6104
31-01-2026 07:30,83827.90,84011.15,83638.14,83946.92,8190
31-01-2026 08:30,83946.92,84051.05,83847.05,83847.11,7637
31-01-2026 09:30,83847.11,83965.25,83742.46,83807.56,7350
31-01-2026 10:30,83807.56,83921.39,83720.69,83816.61,8118
31-01-2026 11:30,83816.63,83862.79,83473.37,83599.19,6509
31-01-2026 12:30,83599.19,83623.38,83224.08,83361.84,6560
31-01-2026 13:30,83361.84,83447.72,82417.75,82887.78,12127
31-01-2026 14:30,82888.23,83116.89,82717.44,82935.35,11412
31-01-2026 15:30,82935.35,83022.55,82736.36,82984.19,8975
31-01-2026 16:30,82984.19,82987.57,82672.57,82833.37,8177
31-01-2026 17:30,82832.14,82955.25,82532.87,82592.59,6037
31-01-2026 18:30,82592.68,82743.67,82303.55,82592.12,10110
31-01-2026 19:30,82594.58,82746.41,80706.21,81326.43,19767
31-01-2026 20:30,81326.43,81606.44,80927.10,81145.95,13751
31-01-2026 21:30,81144.81,81868.41,79964.62,80204.85,20393
31-01-2026 22:30,80204.85,80385.21,78301.39,78741.14,21717
31-01-2026 23:30,78741.14,78980.42,76110.75,77877.71,20223
01-02-2026 00:30,77878.96,78347.91,77034.43,77583.66,19753
01-02-2026 01:30,77584.74,77950.79,76932.99,77849.47,18822
01-02-2026 02:30,77843.11,78205.57,77228.90,78138.44,16601
01-02-2026 03:30,78138.42,78330.20,77841.13,78002.28,12424
01-02-2026 04:30,78002.24,79071.97,77930.18,78591.36,13295
01-02-2026 05:30,78593.98,79274.18,78512.00,78760.26,13024
01-02-2026 06:30,78760.40,78811.76,78162.05,78378.59,12065
01-02-2026 07:30,78384.76,78912.80,78234.82,78754.05,9716
01-02-2026 08:30,78754.05,78857.93,78531.72,78718.69,9841
01-02-2026 09:30,78718.69,78964.69,78575.73,78825.40,7763
01-02-2026 10:30,78825.20,78862.94,78389.14,78475.45,9106
01-02-2026 11:30,78475.45,78679.44,78123.93,78154.85,9233
01-02-2026 12:30,78154.85,78578.50,77862.64,78210.92,12638
01-02-2026 13:30,78210.92,78728.57,78119.22,78465.93,10717
01-02-2026 14:30,78465.93,78995.78,78406.69,78905.19,8817
01-02-2026 15:30,78901.59,79095.09,78010.88,78147.34,12897
01-02-2026 16:30,78147.34,78758.06,78147.34,78630.89,10471
01-02-2026 17:30,78630.89,78645.73,78115.66,78331.69,8921
01-02-2026 18:30,78331.69,78645.74,78075.86,78191.53,11067
01-02-2026 19:30,78191.53,78383.89,77115.00,78085.31,18289
01-02-2026 20:30,78087.92,78129.53,76674.77,77471.25,18492
01-02-2026 21:30,77473.29,77629.84,76963.93,77356.08,18199
01-02-2026 22:30,77356.08,77622.26,77165.02,77622.26,16168
01-02-2026 23:30,77623.34,78294.04,77590.39,77897.10,16183
02-02-2026 00:30,77897.10,77974.76,76852.58,77029.95,12709
02-02-2026 01:30,77029.95,77578.89,76492.17,76967.00,15478
02-02-2026 02:30,76967.52,77030.70,76240.05,76347.78,17227
02-02-2026 03:30,76347.78,77624.67,76293.73,77135.59,15640
02-02-2026 04:30,77135.59,77462.80,75641.91,76862.16,20517
02-02-2026 05:30,76862.16,78041.01,76499.30,77563.95,20248
02-02-2026 06:30,77564.64,77846.12,76526.56,77410.64,21054
02-02-2026 07:30,77410.64,77443.29,76339.49,76374.73,19274
02-02-2026 08:30,76376.43,76463.64,74500.01,76182.22,22409
02-02-2026 09:30,76182.31,76489.27,75223.92,75772.05,19863
02-02-2026 10:30,75772.05,75878.02,74798.71,75371.63,20216
02-02-2026 11:30,75371.63,76492.96,74842.25,76419.27,20771
02-02-2026 12:30,76421.29,76796.86,76213.78,76530.56,19073
02-02-2026 13:30,76530.61,77044.02,76497.60,76756.84,18164
02-02-2026 14:30,76755.99,77689.26,76536.09,77607.78,16616
02-02-2026 15:30,77607.78,77749.08,77355.75,77386.87,13363
02-02-2026 16:30,77386.87,77855.15,77325.92,77648.22,15066
02-02-2026 17:30,77648.22,78273.14,77601.21,77899.75,12759
02-02-2026 18:30,77899.75,78322.24,77700.66,78123.54,13398
02-02-2026 19:30,78123.63,78777.29,77535.71,77748.85,19245
02-02-2026 20:30,77746.06,79209.53,77496.83,78795.84,21723
02-02-2026 21:30,78794.30,79227.23,78500.71,78550.78,19538
02-02-2026 22:30,78550.78,79144.09,78522.28,78916.63,16864
02-02-2026 23:30,78914.89,78915.23,78269.22,78478.79,14829
03-02-2026 00:30,78479.02,78611.22,78180.98,78253.14,13784
03-02-2026 01:30,78250.29,78583.00,77821.53,77864.42,15092
03-02-2026 02:30,77864.42,78458.98,77817.82,78429.18,11498
03-02-2026 03:30,78429.18,78760.58,78428.88,78704.40,11060
03-02-2026 04:30,78704.40,78866.86,78467.38,78634.49,11215
03-02-2026 05:30,78634.48,79003.06,78309.55,78969.73,13857
03-02-2026 06:30,78969.73,79091.19,78615.07,78917.13,13481
03-02-2026 07:30,78917.13,78918.08,77695.85,77701.81,12631
03-02-2026 08:30,77701.81,78810.22,77562.49,78658.56,13235
03-02-2026 09:30,78658.56,78899.58,78386.90,78702.16,11236
03-02-2026 10:30,78702.16,78712.48,78112.52,78135.76,12237
03-02-2026 11:30,78134.69,78576.90,77849.10,78497.20,12428
03-02-2026 12:30,78497.23,78825.41,78394.47,78690.60,12247
03-02-2026 13:30,78690.58,78976.32,78366.38,78654.13,12443
03-02-2026 14:30,78654.13,78744.15,77841.65,78303.26,13525
03-02-2026 15:30,78303.26,78463.99,77969.89,78023.27,10144
03-02-2026 16:30,78023.27,78249.28,77900.06,77973.32,10004
03-02-2026 17:30,77973.27,78313.74,77885.73,78220.12,11396
03-02-2026 18:30,78220.12,78349.73,78075.70,78197.78,11557
03-02-2026 19:30,78197.78,78335.73,77072.42,77096.19,18146
03-02-2026 20:30,77096.35,78096.47,76964.06,78032.25,22354
03-02-2026 21:30,78032.34,78040.35,76377.04,76386.11,19921
03-02-2026 22:30,76380.38,76426.17,74757.62,74768.50,20149
03-02-2026 23:30,74769.72,75166.71,73017.25,73017.81,21707
04-02-2026 00:30,73017.81,75127.03,72848.69,74811.82,22300
04-02-2026 01:30,74811.82,76554.55,74464.12,76357.32,20935
04-02-2026 02:30,76357.04,76829.57,76017.79,76107.79,17232
04-02-2026 03:30,76106.32,76172.74,75279.74,75574.63,17259
04-02-2026 04:30,75574.63,75866.40,75287.95,75630.11,16424
04-02-2026 05:30,75632.02,76132.70,75324.74,75770.21,15153
04-02-2026 06:30,75770.22,76641.26,75770.22,76278.09,15418
04-02-2026 07:30,76277.21,76497.74,75554.05,75814.79,13157
04-02-2026 08:30,75814.80,76831.78,75760.07,76572.55,10545
04-02-2026 09:30,76572.55,76693.05,76282.25,76349.55,8475
04-02-2026 10:30,76351.11,76397.39,75978.07,76158.01,8776
04-02-2026 11:30,76158.01,76661.23,76138.62,76523.78,8360
04-02-2026 12:30,76523.78,76537.82,76200.07,76379.24,9844
04-02-2026 13:30,76379.24,76460.43,75936.81,76447.26,11633
04-02-2026 14:30,76447.26,76469.00,75822.03,75973.78,10955
04-02-2026 15:30,75973.78,76192.49,75921.20,76155.37,8358
04-02-2026 16:30,76155.37,76155.37,75516.49,75872.97,10098
04-02-2026 17:30,75869.70,76125.35,75848.84,76033.50,10563
04-02-2026 18:30,76033.50,76050.75,74706.56,74718.11,15979
04-02-2026 19:30,74718.11,75480.55,74113.13,74203.17,21668
04-02-2026 20:30,74203.17,75130.32,73649.26,73960.15,24132
04-02-2026 21:30,73962.99,74077.63,72910.76,73467.27,23269
04-02-2026 22:30,73467.31,73670.50,72009.44,72357.51,22524
04-02-2026 23:30,72357.51,73903.16,72065.93,73228.54,22574
05-02-2026 00:30,73228.54,73821.34,72851.90,73733.01,21789
05-02-2026 01:30,73733.48,73952.90,73215.89,73304.88,19304
05-02-2026 02:30,73308.29,73451.98,72028.48,72595.19,18812
05-02-2026 03:30,72594.31,73477.32,71685.71,72349.51,19657
05-02-2026 04:30,72349.51,73327.25,72262.82,72980.84,17898
05-02-2026 05:30,72972.40,73107.89,72556.83,72679.05,16227
05-02-2026 06:30,72677.48,73147.26,71809.64,72210.64,19961
05-02-2026 07:30,72211.33,72601.72,71150.48,71235.67,21911
05-02-2026 08:30,71229.90,71694.08,70983.05,71054.12,21654
05-02-2026 09:30,71055.27,71226.23,70544.59,70697.10,21297
05-02-2026 10:30,70696.08,70953.85,69973.65,70549.54,21253
05-02-2026 11:30,70549.79,70808.24,70274.31,70775.58,19668
05-02-2026 12:30,70775.57,71405.33,70449.60,70550.71,18912
05-02-2026 13:30,70550.71,71356.07,70487.54,70881.04,19059
05-02-2026 14:30,70881.04,71792.87,70869.06,71399.55,18938
05-02-2026 15:30,71399.53,71569.83,70496.25,70695.50,18198
05-02-2026 16:30,70695.50,70886.65,69788.02,70165.26,21699
05-02-2026 17:30,70165.26,70447.05,69022.14,69409.25,22147
05-02-2026 18:30,69410.53,69669.39,69093.48,69525.93,20966
05-02-2026 19:30,69526.19,70703.41,69183.32,69231.11,22937
05-02-2026 20:30,69236.56,69382.83,66542.80,67326.07,24335
05-02-2026 21:30,67328.89,68495.74,66792.38,68136.85,23918
05-02-2026 22:30,68136.85,68201.47,65989.68,66011.73,24199
05-02-2026 23:30,66010.83,66344.82,65217.86,66183.57,24266
06-02-2026 00:30,66181.13,66389.77,65031.39,65098.65,22349
06-02-2026 01:30,65095.83,65477.20,62681.07,63452.64,22250
06-02-2026 02:30,63452.64,64281.76,62890.32,63044.64,21493
06-02-2026 03:30,63045.16,64429.53,62561.77,63757.32,21647
06-02-2026 04:30,63756.02,64720.86,62586.72,62760.19,21752
06-02-2026 05:30,62759.66,63698.20,59936.18,63376.47,23635
06-02-2026 06:30,63376.35,65621.93,63367.67,65578.14,23886
06-02-2026 07:30,65577.36,65808.43,64126.04,64868.91,22289
06-02-2026 08:30,64881.93,65049.48,63700.52,64062.91,21591
06-02-2026 09:30,64062.84,64903.84,63864.63,64810.30,20044
06-02-2026 10:30,64808.83,66680.32,64698.28,66286.85,20860
06-02-2026 11:30,66287.80,66667.93,64775.26,64880.83,20965
06-02-2026 12:30,64881.39,65429.37,64545.09,64735.13,19515
06-02-2026 13:30,64738.82,65092.62,64405.73,64786.43,20750
06-02-2026 14:30,64786.43,66051.36,64650.07,65691.13,20186
06-02-2026 15:30,65691.98,66105.39,65452.59,65858.22,18611
06-02-2026 16:30,65857.19,66656.43,65661.46,66528.26,16752
06-02-2026 17:30,66527.76,66527.76,66001.30,66456.67,16458
06-02-2026 18:30,66456.67,67558.86,66377.46,67235.46,21084
06-02-2026 19:30,67235.41,68544.40,66567.12,68142.40,21757
06-02-2026 20:30,68144.87,69130.07,67768.48,68597.61,22645
06-02-2026 21:30,68598.22,70189.67,68448.52,69933.73,21179
06-02-2026 22:30,69925.70,71450.36,69551.50,70687.20,19917
06-02-2026 23:30,70689.85,70749.58,69270.53,69690.39,20522
07-02-2026 00:30,69690.43,70850.17,69554.59,70627.08,18424
07-02-2026 01:30,70626.28,70903.68,69922.18,69922.18,19043
07-02-2026 02:30,69923.06,70421.00,69755.47,70258.92,14495
07-02-2026 03:30,70256.48,71463.68,70188.54,71254.90,16215
07-02-2026 04:30,71254.32,71642.88,70405.68,70481.71,15493
07-02-2026 05:30,70481.71,70494.37,69640.75,69880.98,18407
07-02-2026 06:30,69880.54,70603.77,69674.15,70404.21,14682
07-02-2026 07:30,70404.21,70553.04,70073.44,70280.78,14126
07-02-2026 08:30,70280.78,70847.70,70205.56,70838.40,15034
07-02-2026 09:30,70841.81,71555.56,70521.92,70694.30,16774
07-02-2026 10:30,70694.30,71104.46,69878.04,70086.37,15407
07-02-2026 11:30,70086.37,70238.13,68697.45,68703.56,14369
07-02-2026 12:30,68703.56,69009.82,67289.28,68015.51,22417
07-02-2026 13:30,68015.52,68742.11,67691.70,68431.77,16952
07-02-2026 14:30,68430.22,68692.37,67820.38,68063.13,15469
07-02-2026 15:30,68061.97,68217.45,67528.03,67914.02,15577
07-02-2026 16:30,67912.44,68076.98,67608.03,67885.08,14198
07-02-2026 17:30,67882.41,69879.81,67821.70,68923.96,16525
07-02-2026 18:30,68923.96,69259.57,68714.73,68987.69,14765
07-02-2026 19:30,68987.69,69080.92,68292.32,68537.36,14994
07-02-2026 20:30,68537.91,69637.61,68468.68,69049.11,17520
07-02-2026 21:30,69049.11,69664.92,68766.49,68867.15,17696
07-02-2026 22:30,68867.16,69322.82,68508.72,69098.37,14608
07-02-2026 23:30,69098.35,69597.50,68924.91,69419.64,14139
08-02-2026 00:30,69418.40,69485.91,69181.87,69241.85,12253
08-02-2026 01:30,69245.46,69635.16,69165.22,69542.78,12024
08-02-2026 02:30,69543.33,69611.73,69270.91,69418.52,10981
08-02-2026 03:30,69418.52,69618.70,69236.73,69314.85,10477
08-02-2026 04:30,69316.15,69373.07,68700.17,69217.01,13229
08-02-2026 05:30,69216.06,69350.33,68797.73,69046.97,12782
08-02-2026 06:30,69046.48,69416.60,69001.51,69291.70,12236
08-02-2026 07:30,69291.71,69609.01,69083.45,69284.59,11553
08-02-2026 08:30,69284.59,69347.88,68974.43,69008.62,10842
08-02-2026 09:30,69008.62,69264.34,68879.07,69249.98,7680
08-02-2026 10:30,69249.98,69332.96,69051.07,69128.64,9551
08-02-2026 11:30,69130.96,69322.37,68996.94,69261.67,9455
08-02-2026 12:30,69261.62,69616.43,69117.68,69612.63,11162
08-02-2026 13:30,69608.74,70653.82,69427.03,70554.26,14941
08-02-2026 14:30,70553.68,70603.06,69990.55,70034.75,14199
08-02-2026 15:30,70033.95,70346.54,69791.49,70166.49,11903
08-02-2026 16:30,70166.49,71103.57,70113.95,70890.91,13378
08-02-2026 17:30,70890.91,71164.90,70601.63,71143.79,13713
08-02-2026 18:30,71142.94,71423.18,70875.39,71423.18,13640
08-02-2026 19:30,71422.81,71458.17,70997.51,71156.61,12979
08-02-2026 20:30,71156.61,71364.17,70680.02,71082.50,14156
08-02-2026 21:30,71082.50,71154.31,70168.03,70319.35,15661
08-02-2026 22:30,70317.82,70777.16,70307.55,70691.71,13795
08-02-2026 23:30,70691.71,71317.92,70653.76,71046.78,13325
09-02-2026 00:30,71046.78,71433.12,71044.62,71332.09,12282
09-02-2026 01:30,71335.42,71336.70,70617.00,70751.01,11543
09-02-2026 02:30,70750.84,71046.15,70456.62,70626.08,11332
09-02-2026 03:30,70625.39,71011.84,70562.73,70976.10,11165
09-02-2026 04:30,70981.24,72124.17,69906.55,70243.68,21338
09-02-2026 05:30,70242.81,70686.30,70025.70,70403.14,18791
09-02-2026 06:30,70403.14,70830.58,69982.77,70282.63,19545
09-02-2026 07:30,70282.63,70911.38,70128.19,70535.17,17537
09-02-2026 08:30,70535.17,71341.56,70522.54,71215.37,15804
09-02-2026 09:30,71215.37,71259.42,70823.82,70898.69,14236
09-02-2026 10:30,70898.69,71017.94,70705.24,70953.07,12737
09-02-2026 11:30,70955.72,70959.01,70222.32,70570.68,13647
09-02-2026 12:30,70570.68,70795.78,70251.02,70323.00,12957
09-02-2026 13:30,70323.00,70511.99,69305.89,69778.58,15459
09-02-2026 14:30,69777.85,70023.38,69370.22,69525.36,14892
09-02-2026 15:30,69526.58,69613.15,68312.34,68618.83,18534
09-02-2026 16:30,68620.19,68909.89,68471.44,68805.35,16062
09-02-2026 17:30,68819.47,69138.05,68751.54,69042.85,12913
09-02-2026 18:30,69042.85,69192.42,68493.62,68495.74,15346
09-02-2026 19:30,68495.74,69546.00,68221.25,69192.13,21938
09-02-2026 20:30,69191.74,69796.02,68734.70,69489.70,21673
09-02-2026 21:30,69482.09,70310.78,69011.47,70026.84,20122
09-02-2026 22:30,70025.65,70878.84,69800.01,70544.34,18800
09-02-2026 23:30,70545.01,70938.44,70019.49,70353.63,19689
10-02-2026 00:30,70353.63,71010.99,70199.50,70891.63,16888
10-02-2026 01:30,70891.53,71070.43,70442.95,70698.55,18006
10-02-2026 02:30,70688.23,70749.89,69758.98,70334.54,13230
10-02-2026 03:30,70334.50,70659.82,70219.14,70310.30,13085
10-02-2026 04:30,70310.30,70516.68,70023.10,70074.67,11736
10-02-2026 05:30,70074.22,70193.51,69679.67,69768.50,11315
10-02-2026 06:30,69763.85,70450.19,69757.00,70394.73,13016
10-02-2026 07:30,70395.78,70407.59,69919.66,70036.09,11828
10-02-2026 08:30,70036.89,70100.92,69131.54,69430.55,15018
10-02-2026 09:30,69430.55,69828.20,69403.99,69758.49,10421
10-02-2026 10:30,69758.47,69780.05,69136.63,69370.84,11656
10-02-2026 11:30,69370.84,69424.68,68594.22,68854.03,14804
10-02-2026 12:30,68847.21,69128.81,68773.49,68832.75,11615
10-02-2026 13:30,68832.75,69142.96,68646.25,69051.81,11488
10-02-2026 14:30,69051.79,69328.55,68877.51,69061.24,10739
10-02-2026 15:30,69061.24,69169.62,68830.54,68832.93,9424
10-02-2026 16:30,68833.90,68989.95,68375.26,68446.07,11256
10-02-2026 17:30,68442.69,68770.86,68378.10,68529.79,12579
10-02-2026 18:30,68529.56,69055.54,68328.52,68951.81,14392
10-02-2026 19:30,68951.22,69506.98,67846.12,68377.87,19065
10-02-2026 20:30,68377.63,69442.67,68233.93,69228.78,22129
10-02-2026 21:30,69231.06,69702.09,68872.94,69460.56,19609
10-02-2026 22:30,69460.17,69946.80,69260.46,69842.24,15804
10-02-2026 23:30,69842.24,69864.36,68582.34,68836.35,18029
11-02-2026 00:30,68836.34,69245.03,68650.09,69006.91,15760
11-02-2026 01:30,69006.91,69079.70,68561.99,68675.68,15075
11-02-2026 02:30,68680.73,68938.34,68284.91,68590.73,12812
11-02-2026 03:30,68593.63,68792.32,68496.17,68631.73,10105
11-02-2026 04:30,68631.79,68795.91,68440.96,68774.27,9838
11-02-2026 05:30,68774.27,69172.65,68712.33,69126.54,11677
11-02-2026 06:30,69124.90,69221.06,68842.15,68914.49,8577
11-02-2026 07:30,68914.49,69095.95,68536.78,68610.17,9591
11-02-2026 08:30,68609.90,68684.03,67943.86,68113.92,13094
11-02-2026 09:30,68113.65,68255.08,67297.66,67508.83,16979
11-02-2026 10:30,67510.10,67731.92,67320.19,67330.87,12798
11-02-2026 11:30,67330.87,67416.89,66481.66,66713.32,16794
11-02-2026 12:30,66726.20,67183.32,66567.68,66964.80,13222
11-02-2026 13:30,66965.93,67055.30,66724.96,66922.50,13145
11-02-2026 14:30,66921.08,67048.08,66660.84,66816.96,11457
11-02-2026 15:30,66816.04,66828.88,66314.35,66471.92,12540
11-02-2026 16:30,66471.92,67042.27,66455.78,67000.45,12063
11-02-2026 17:30,66997.63,67373.47,66906.16,67078.15,12620
11-02-2026 18:30,67077.72,67524.62,66748.28,67393.73,17514
11-02-2026 19:30,67396.22,68740.36,66392.38,66520.47,23786
11-02-2026 20:30,66506.92,66749.74,65681.21,66458.38,23934
11-02-2026 21:30,66457.76,67192.58,65886.86,65957.58,20929
11-02-2026 22:30,65956.60,66836.69,65792.47,66439.29,19195
11-02-2026 23:30,66439.51,67231.94,66059.79,67199.28,19639
12-02-2026 00:30,67199.28,67784.33,67043.58,67505.11,19833
12-02-2026 01:30,67505.11,67681.13,67098.59,67458.95,18058
12-02-2026 02:30,67460.32,68257.12,67333.57,67725.68,15508
12-02-2026 03:30,67725.68,67787.28,67296.39,67340.52,12339
12-02-2026 04:30,67341.47,67467.03,66704.29,67011.78,13765
12-02-2026 05:30,67010.45,67625.00,66978.12,67389.92,13726
12-02-2026 06:30,67382.07,67968.49,67382.07,67619.17,14962
12-02-2026 07:30,67619.17,67723.25,67334.55,67351.52,11681
12-02-2026 08:30,67351.52,67523.83,67237.85,67504.41,9927
12-02-2026 09:30,67504.41,67607.28,66916.99,66936.41,11146
12-02-2026 10:30,66936.33,67131.73,66583.71,67066.01,12119
12-02-2026 11:30,67066.80,67274.00,66931.59,67028.06,11095
12-02-2026 12:30,67028.43,67262.10,66857.65,67146.17,10588
12-02-2026 13:30,67142.99,67261.09,66814.98,67062.58,12034
12-02-2026 14:30,67062.58,67629.45,66971.13,67476.22,13323
12-02-2026 15:30,67473.54,67970.06,67340.67,67947.74,12934
12-02-2026 16:30,67947.91,68209.36,67672.64,68047.59,14940
12-02-2026 17:30,68040.85,68101.77,67647.69,67798.86,14519
12-02-2026 18:30,67798.86,68329.88,67612.38,68320.23,16219
12-02-2026 19:30,68318.35,68333.39,67436.26,67555.67,20358
12-02-2026 20:30,67553.70,67945.26,66959.95,67067.92,23159
12-02-2026 21:30,67072.14,67160.34,65479.96,65792.35,23405
12-02-2026 22:30,65789.90,66192.84,65293.12,65339.92,22605
12-02-2026 23:30,65339.92,65718.21,65043.28,65515.44,22348
13-02-2026 00:30,65518.60,66046.01,65211.87,65705.76,20838
13-02-2026 01:30,65707.03,65967.69,65129.52,65332.98,21517
13-02-2026 02:30,65338.64,65812.45,65336.86,65760.82,12816
13-02-2026 03:30,65760.82,66305.81,65555.47,66198.43,10528
13-02-2026 04:30,66197.86,66400.98,66071.32,66186.82,12882
13-02-2026 05:30,66186.82,66442.03,65780.26,65820.14,14240
13-02-2026 06:30,65819.96,66536.30,65819.96,66372.13,14076
13-02-2026 07:30,66372.68,66679.09,66303.99,66583.86,12384
13-02-2026 08:30,66583.86,66705.44,66376.38,66477.51,11065
13-02-2026 09:30,66477.74,66597.43,66224.33,66247.24,10844
13-02-2026 10:30,66247.24,66419.28,66092.81,66095.67,10254
13-02-2026 11:30,66095.67,66324.70,65926.27,66290.46,11266
13-02-2026 12:30,66290.44,66494.27,65967.19,66124.81,12001
13-02-2026 13:30,66124.84,66659.34,66102.20,66623.21,13200
13-02-2026 14:30,66621.58,66975.39,66530.96,66884.91,12016
13-02-2026 15:30,66884.91,67038.45,66719.77,66901.23,13002
13-02-2026 16:30,66901.23,67136.38,66699.85,67092.64,13634
13-02-2026 17:30,67089.57,67130.74,66841.67,67001.26,11958
13-02-2026 18:30,67001.26,67542.46,66864.75,67189.17,18289
13-02-2026 19:30,67189.17,67949.95,66792.06,67655.53,21258
13-02-2026 20:30,67663.35,69223.88,67624.95,68621.97,23480
13-02-2026 21:30,68622.85,69344.13,68471.29,68888.41,21041
13-02-2026 22:30,68888.39,69168.47,68562.54,68967.70,19318
13-02-2026 23:30,68967.70,69335.64,68827.45,69067.35,17590
14-02-2026 00:30,69067.35,69170.79,68863.71,68874.69,15068
14-02-2026 01:30,68868.94,68906.73,68611.62,68712.46,15324
14-02-2026 02:30,68710.75,69015.09,68666.49,68831.07,9171
14-02-2026 03:30,68821.85,68931.25,68660.24,68931.25,9130
14-02-2026 04:30,68931.04,68932.83,68761.66,68769.28,6342
14-02-2026 05:30,68775.70,69074.76,68701.73,69021.86,7717
14-02-2026 06:30,69020.34,69054.70,68859.37,68900.58,5868
14-02-2026 07:30,68900.58,68951.84,68784.75,68815.00,5250
14-02-2026 08:30,68815.00,68946.87,68788.49,68912.19,4758
14-02-2026 09:30,68912.24,68935.05,68725.66,68731.97,5239
14-02-2026 10:30,68732.27,68852.54,68691.59,68712.90,4864
14-02-2026 11:30,68712.38,68872.18,68669.25,68869.81,4970
14-02-2026 12:30,68869.81,69275.73,68821.03,69153.40,8055
14-02-2026 13:30,69152.76,69810.06,69143.47,69680.16,13360
14-02-2026 14:30,69681.12,69836.46,69514.54,69654.78,6367
14-02-2026 15:30,69654.78,69654.78,69513.10,69603.50,6407
14-02-2026 16:30,69603.50,70483.27,69603.50,70440.65,13763
14-02-2026 17:30,70439.24,70456.05,69539.51,69577.09,8246
14-02-2026 18:30,69580.99,69718.05,69172.32,69410.20,8599
14-02-2026 19:30,69410.20,69813.16,69279.94,69659.83,8056
14-02-2026 20:30,69659.83,70001.66,69514.24,69740.44,7702
14-02-2026 21:30,69740.45,69770.04,69238.11,69702.78,11649
14-02-2026 22:30,69703.01,69868.27,69556.95,69689.66,9226
14-02-2026 23:30,69689.66,69804.93,69614.20,69715.96,7799
15-02-2026 00:30,69716.38,69862.22,69559.91,69822.60,7829
15-02-2026 01:30,69822.91,69969.85,69692.92,69959.75,7135
15-02-2026 02:30,69959.75,70195.92,69612.29,69874.82,8679
15-02-2026 03:30,69874.91,70033.25,69708.91,69904.81,8696
15-02-2026 04:30,69903.28,69961.47,69660.77,69762.38,7332
15-02-2026 05:30,69762.60,69804.18,69544.23,69716.27,7890
15-02-2026 06:30,69716.27,69844.38,69292.28,69651.40,8942
15-02-2026 07:30,69651.00,69698.65,69300.00,69429.81,7841
15-02-2026 08:30,69429.28,69945.54,69195.42,69904.44,9676
15-02-2026 09:30,69904.44,70469.82,69886.14,70137.60,11162
15-02-2026 10:30,70137.60,70423.34,70081.20,70212.87,9393
15-02-2026 11:30,70212.87,70482.57,70132.40,70354.32,8117
15-02-2026 12:30,70354.32,70870.47,70255.44,70770.09,12118
15-02-2026 13:30,70770.09,70920.04,70130.07,70384.14,12800
15-02-2026 14:30,70384.14,70603.42,70311.75,70365.22,8573
15-02-2026 15:30,70365.22,70470.74,70157.93,70370.25,9806
15-02-2026 16:30,70370.75,70480.23,70211.67,70239.68,6803
15-02-2026 17:30,70239.68,70356.40,69244.74,69253.54,12154
15-02-2026 18:30,69251.59,69564.07,68723.03,68873.25,14942
15-02-2026 19:30,68876.30,69154.93,68779.35,69114.86,11571
15-02-2026 20:30,69114.86,69196.18,68822.74,69044.13,10497
15-02-2026 21:30,69044.14,69044.14,68735.55,68965.75,8689
15-02-2026 22:30,68965.67,69034.68,68167.82,68578.00,10654
15-02-2026 23:30,68577.48,68726.41,68291.67,68387.18,12930
16-02-2026 00:30,68387.18,68491.76,67996.24,68223.77,11397
16-02-2026 01:30,68223.77,68499.98,68059.16,68386.34,7749
16-02-2026 02:30,68386.34,68884.85,68385.65,68809.46,8325
16-02-2026 03:30,68809.46,69021.45,68729.20,68930.24,7966
16-02-2026 04:30,68929.80,68929.80,68253.51,68768.09,11966
16-02-2026 05:30,68774.09,68990.52,68637.89,68784.22,10904
16-02-2026 06:30,68784.22,68980.16,68385.86,68561.89,10242
16-02-2026 07:30,68560.18,68678.29,68178.74,68261.74,12299
16-02-2026 08:30,68262.36,68398.33,68084.27,68358.07,9542
16-02-2026 09:30,68358.01,68828.90,68349.27,68805.41,8453
16-02-2026 10:30,68804.90,68832.64,68226.91,68320.22,6094
16-02-2026 11:30,68320.22,68465.08,68167.03,68384.79,5109
16-02-2026 12:30,68384.79,68606.37,68308.21,68519.78,6854
16-02-2026 13:30,68518.23,68735.89,68473.24,68698.14,6769
16-02-2026 14:30,68698.14,68984.69,68679.88,68931.26,7973
16-02-2026 15:30,68931.25,68931.25,68634.53,68731.49,6352
16-02-2026 16:30,68731.22,68859.49,68273.28,68763.10,9536
16-02-2026 17:30,68763.12,69773.53,68748.64,69696.83,13533
16-02-2026 18:30,69696.83,70059.08,68171.12,68337.15,18496
16-02-2026 19:30,68337.13,68635.59,68203.40,68355.13,17642
16-02-2026 20:30,68355.13,68526.70,67229.74,67473.09,17630
16-02-2026 21:30,67473.09,67902.47,67445.93,67824.58,15632
16-02-2026 22:30,67824.58,68009.46,67535.33,67879.60,12446
16-02-2026 23:30,67879.60,68180.01,67772.26,67802.21,9558
17-02-2026 00:30,67802.21,68066.50,67768.29,67853.77,8810
17-02-2026 01:30,67853.77,68492.98,67765.28,68464.07,9784
17-02-2026 02:30,68468.48,68866.96,68355.90,68796.60,9884
17-02-2026 03:30,68796.25,68824.75,68451.33,68531.50,9880
17-02-2026 04:30,68531.74,68924.70,68473.13,68830.06,9943
17-02-2026 05:30,68830.06,68977.15,68633.94,68822.20,10665
17-02-2026 06:30,68822.20,68937.76,68506.47,68547.99,10858
17-02-2026 07:30,68547.99,69139.98,68326.09,68772.49,12569
17-02-2026 08:30,68770.22,68799.27,68400.08,68404.61,9841
17-02-2026 09:30,68404.80,68642.01,68221.80,68413.64,7456
17-02-2026 10:30,68413.21,68448.46,67824.77,68176.31,9787
17-02-2026 11:30,68176.31,68460.99,68170.11,68341.17,7357
17-02-2026 12:30,68341.97,68418.49,68098.07,68328.84,7458
17-02-2026 13:30,68328.61,68418.01,68041.94,68109.84,8746
17-02-2026 14:30,68109.92,68241.02,67920.81,68058.44,8423
17-02-2026 15:30,68058.44,68124.09,67650.28,67772.60,8933
17-02-2026 16:30,67772.60,67862.82,67618.22,67782.89,7765
17-02-2026 17:30,67782.89,68238.82,67755.49,67853.30,9357
17-02-2026 18:30,67853.30,68294.35,67665.05,68064.27,13206
17-02-2026 19:30,68064.27,68272.03,66665.78,66804.23,18632
17-02-2026 20:30,66806.33,67354.76,66569.82,67331.07,21637
17-02-2026 21:30,67330.59,68072.99,67260.09,67463.70,21112
17-02-2026 22:30,67464.80,67650.08,66813.66,67175.29,20110
17-02-2026 23:30,67175.29,68175.35,67053.10,68030.59,17925
18-02-2026 00:30,68030.14,68166.66,67682.73,67726.26,16422
18-02-2026 01:30,67727.46,67868.12,67422.07,67725.59,15773
18-02-2026 02:30,67723.16,67861.53,67477.41,67613.12,9571
18-02-2026 03:30,67613.12,67722.16,67452.73,67463.81,6567
18-02-2026 04:30,67465.77,67566.05,67319.31,67447.44,8460
18-02-2026 05:30,67447.44,67570.48,67232.29,67246.27,9147
18-02-2026 06:30,67247.17,67315.18,66837.46,67104.41,11572
18-02-2026 07:30,67104.41,67362.96,67084.79,67270.59,8505
18-02-2026 08:30,67270.48,67647.63,67270.48,67561.40,7694
18-02-2026 09:30,67561.37,67832.02,67436.25,67760.70,6538
18-02-2026 10:30,67760.70,67873.73,67535.71,67581.60,5679
18-02-2026 11:30,67581.60,67915.19,67552.39,67784.50,5430
18-02-2026 12:30,67784.50,68163.03,67635.30,68057.50,7442
18-02-2026 13:30,68057.04,68412.75,68005.90,68066.81,10240
18-02-2026 14:30,68066.81,68219.02,67950.70,68093.78,7845
18-02-2026 15:30,68093.78,68116.01,67667.55,67738.72,10318
18-02-2026 16:30,67739.22,67742.25,67023.67,67311.10,10721
18-02-2026 17:30,67311.10,67626.83,67288.96,67402.53,12004
18-02-2026 18:30,67402.36,67540.94,66994.82,67184.31,12214
18-02-2026 19:30,67184.31,67310.63,66666.71,67159.63,19070
18-02-2026 20:30,67160.32,68298.81,67131.23,67636.33,20475
18-02-2026 21:30,67636.28,67642.69,66933.20,67079.71,18739
18-02-2026 22:30,67079.81,67428.95,66992.39,67129.14,15409
18-02-2026 23:30,67132.15,67177.12,66179.34,66297.35,17785
19-02-2026 00:30,66294.73,66559.69,65892.79,66113.99,17631
19-02-2026 01:30,66111.67,66475.18,66083.19,66200.43,18327
19-02-2026 02:30,66203.17,66438.17,66035.00,66272.17,11134
19-02-2026 03:30,66269.57,66415.68,66168.72,66341.88,10641
19-02-2026 04:30,66341.88,66438.24,66208.99,66396.18,10670
19-02-2026 05:30,66394.91,66529.46,66295.79,66381.25,9683
19-02-2026 06:30,66381.45,66813.35,66379.59,66808.34,9606
19-02-2026 07:30,66808.34,66896.79,66572.19,66776.19,8110
19-02-2026 08:30,66776.19,66926.07,66661.75,66916.06,6158
19-02-2026 09:30,66916.06,67000.20,66701.00,66737.66,6903
19-02-2026 10:30,66737.66,66830.35,66625.18,66813.04,7259
19-02-2026 11:30,66813.04,67227.94,66806.64,67090.59,8123
19-02-2026 12:30,67090.59,67257.05,66976.36,67147.21,6948
19-02-2026 13:30,67147.21,67147.21,66731.34,66903.33,10063
19-02-2026 14:30,66903.07,67127.48,66691.36,66774.20,9320
19-02-2026 15:30,66774.20,66903.33,66674.73,66779.96,9262
19-02-2026 16:30,66779.91,66874.45,66409.75,66430.09,8007
19-02-2026 17:30,66430.09,66621.38,66266.15,66458.66,9576
19-02-2026 18:30,66458.61,66500.29,65721.57,65866.98,15238
19-02-2026 19:30,65858.08,66616.91,65590.40,66367.69,18395
19-02-2026 20:30,66367.69,66663.03,65921.83,66342.02,20540
19-02-2026 21:30,66335.77,66461.42,65869.06,66238.44,17924
19-02-2026 22:30,66238.44,67000.40,66109.63,66307.72,17141
19-02-2026 23:30,66307.72,67012.59,66187.41,66975.08,16715
20-02-2026 00:30,66975.08,67121.53,66647.74,66995.91,16273
20-02-2026 01:30,66995.60,67117.40,66780.47,67067.61,13594
20-02-2026 02:30,67078.42,67117.83,66849.73,66864.91,7796
20-02-2026 03:30,66864.90,66944.52,66593.78,66872.37,9572
20-02-2026 04:30,66869.11,66971.02,66759.55,66947.57,8029
20-02-2026 05:30,66946.97,67377.15,66884.32,67171.74,10603
20-02-2026 06:30,67172.34,67301.10,67094.59,67224.35,9367
20-02-2026 07:30,67224.80,67288.73,67121.24,67185.89,7322
20-02-2026 08:30,67185.36,67425.92,67182.23,67305.34,8154
20-02-2026 09:30,67305.41,67335.85,67054.30,67208.15,6983
20-02-2026 10:30,67208.15,67958.95,67150.14,67736.45,8577
20-02-2026 11:30,67736.45,67840.80,67610.76,67792.29,8891
20-02-2026 12:30,67792.29,67945.63,67715.94,67775.90,7741
20-02-2026 13:30,67775.90,67892.97,67706.53,67823.76,8090
20-02-2026 14:30,67824.24,68175.28,67823.97,68163.74,9401
20-02-2026 15:30,68163.74,68258.16,67725.55,67891.70,7861
20-02-2026 16:30,67891.70,67919.71,67229.03,67251.12,7701
20-02-2026 17:30,67251.12,67554.25,67229.03,67489.91,7658
20-02-2026 18:30,67490.58,67490.58,66392.56,66755.62,12477
20-02-2026 19:30,66755.62,67289.11,66615.25,67025.12,15074
20-02-2026 20:30,67023.44,68039.63,67012.73,67562.32,15367
20-02-2026 21:30,67560.32,67889.19,67254.17,67791.80,13718
20-02-2026 22:30,67783.73,67791.80,66905.16,67572.06,14454
20-02-2026 23:30,67572.87,67966.96,67415.75,67886.11,12645
21-02-2026 00:30,67886.11,67966.90,67484.15,67597.00,9506
21-02-2026 01:30,67597.00,67795.61,67487.61,67701.31,7984
21-02-2026 02:30,67701.31,67779.81,67589.13,67779.80,5460
21-02-2026 03:30,67779.80,68045.16,67572.75,68011.66,7879
21-02-2026 04:30,68012.00,68159.56,67859.34,67959.30,5896
21-02-2026 05:30,67960.49,67983.53,67724.64,67770.35,4425
21-02-2026 06:30,67770.35,67946.64,67769.89,67891.55,3210
21-02-2026 07:30,67891.55,68040.74,67849.50,67937.61,2766
21-02-2026 08:30,67937.61,67937.61,67477.14,67539.48,4897
21-02-2026 09:30,67539.48,67539.48,67539.48,67539.48,1
21-02-2026 10:30,67460.49,67816.74,67318.20,67804.46,1921
21-02-2026 11:30,67804.46,67840.87,67691.69,67722.81,4561
21-02-2026 12:30,67722.81,67818.15,67697.95,67799.25,4047
21-02-2026 13:30,67799.25,68012.53,67763.00,67993.96,5885
21-02-2026 14:30,67993.96,68240.74,67914.24,68083.98,5895
21-02-2026 15:30,68083.98,68182.38,68077.46,68144.78,5017
21-02-2026 16:30,68144.78,68220.46,68018.89,68040.46,5197
21-02-2026 17:30,68040.46,68154.04,67860.09,68143.49,5113
21-02-2026 18:30,68143.49,68203.90,68042.67,68194.73,4070
21-02-2026 19:30,68193.66,68567.34,68125.41,68387.84,8372
21-02-2026 20:30,68387.84,68637.65,68370.03,68552.52,6668
21-02-2026 21:30,68552.53,68567.74,68043.29,68267.37,8665
21-02-2026 22:30,68267.23,68416.71,68136.81,68373.82,5951
21-02-2026 23:30,68376.05,68583.51,68353.63,68518.15,4732
22-02-2026 00:30,68518.15,68600.53,68464.29,68481.09,4154
22-02-2026 01:30,68481.09,68543.35,68147.11,68160.68,4470
22-02-2026 02:30,68160.68,68331.91,68143.32,68327.50,5060
22-02-2026 03:30,68327.50,68439.03,67855.68,67913.37,6395
22-02-2026 04:30,67913.37,68057.26,67885.71,67941.54,4051
22-02-2026 05:30,67920.87,68012.21,67759.70,67881.78,5046
22-02-2026 06:30,67881.78,68115.96,67876.44,68091.86,2755
22-02-2026 07:30,68091.86,68159.22,67808.74,67845.70,2994
22-02-2026 08:30,67845.70,68000.05,67765.02,67979.74,3091
22-02-2026 09:30,67979.74,68020.39,67900.21,67918.81,2796
22-02-2026 10:30,67918.81,67950.27,67816.04,67920.40,1435
22-02-2026 11:30,67920.40,68120.78,67906.30,67986.54,1410
22-02-2026 12:30,67986.54,68045.88,67934.38,67956.70,929
22-02-2026 13:30,67956.70,67973.47,67862.38,67910.28,631
22-02-2026 14:30,67908.53,68052.02,67905.86,68004.17,1774
22-02-2026 15:30,68004.17,68101.18,67955.68,68081.56,1741
22-02-2026 16:30,68081.56,68204.27,68078.79,68156.80,2589
22-02-2026 17:30,68156.80,68185.42,67828.57,67884.49,5301
22-02-2026 18:30,67884.49,67986.93,67510.35,67595.08,6076
22-02-2026 19:30,67595.08,67628.70,67296.53,67379.53,5598
22-02-2026 20:30,67379.53,67756.47,67241.44,67632.41,4888
22-02-2026 21:30,67632.41,67655.03,67459.50,67568.18,4241
22-02-2026 22:30,67568.18,67575.68,67127.27,67318.25,5660
22-02-2026 23:30,67318.25,67398.36,67256.93,67357.45,2584
23-02-2026 00:30,67357.45,67406.77,67336.37,67350.85,1497
23-02-2026 01:30,67350.85,67410.10,67281.48,67325.41,2871
23-02-2026 02:30,67325.41,67559.26,67325.41,67537.09,2843
23-02-2026 03:30,67537.09,67677.80,67409.10,67596.99,4529
23-02-2026 04:30,67596.99,67673.04,67409.52,67592.38,5041
23-02-2026 05:30,67592.35,67630.86,66675.43,66678.95,7476
23-02-2026 06:30,66679.62,66679.93,64327.66,64359.98,16890
23-02-2026 07:30,64359.85,64878.88,64284.79,64744.94,10323
23-02-2026 08:30,64744.94,65015.37,64648.01,64897.04,6498
23-02-2026 09:30,64896.95,64993.46,64646.74,64775.65,5120
23-02-2026 10:30,64775.65,65184.87,64775.65,65022.97,5739
23-02-2026 11:30,65021.79,65769.43,64999.52,65723.56,6957
23-02-2026 12:30,65723.56,65967.73,65578.55,65918.48,6506
23-02-2026 13:30,65918.48,65924.01,65540.03,65633.35,6476
23-02-2026 14:30,65633.35,66426.16,65631.91,66380.06,7257
23-02-2026 15:30,66380.06,66567.56,66190.42,66293.37,7175
23-02-2026 16:30,66294.07,66464.15,66076.37,66169.37,5221
23-02-2026 17:30,66169.37,66465.21,65853.51,66252.98,7089
23-02-2026 18:30,66252.98,66410.05,66064.60,66098.63,6836
23-02-2026 19:30,66098.63,66240.53,65478.03,65876.84,10679
23-02-2026 20:30,65876.86,66206.30,65540.60,65606.85,14572
23-02-2026 21:30,65606.83,65693.20,65136.09,65333.87,14397
23-02-2026 22:30,65333.87,65419.13,64136.20,64771.84,16178
23-02-2026 23:30,64773.69,65139.52,64549.29,64593.56,12982
24-02-2026 00:30,64596.69,64803.67,64070.08,64249.31,13583
24-02-2026 01:30,64249.44,64443.31,63840.07,64432.75,13551
24-02-2026 02:30,64432.97,64742.40,64421.33,64543.89,7267
24-02-2026 03:30,64543.89,64975.89,64507.80,64678.52,6618
24-02-2026 04:30,64678.52,64853.96,64482.94,64601.63,6090
24-02-2026 05:30,64601.63,64962.90,64601.63,64885.04,6181
24-02-2026 06:30,64885.04,64885.04,63424.49,64104.29,13394
24-02-2026 07:30,64109.91,64454.58,63951.74,64066.37,9491
24-02-2026 08:30,64058.37,64058.37,63295.95,63539.02,11162
24-02-2026 09:30,63539.02,63571.24,62833.85,63323.72,10585
24-02-2026 10:30,63323.72,63493.48,62671.35,63059.98,10764
24-02-2026 11:30,63059.98,63278.91,62850.90,63039.29,8729
24-02-2026 12:30,63039.29,63320.07,62874.83,63147.02,8726
24-02-2026 13:30,63141.85,63386.30,62960.89,63352.15,9445
24-02-2026 14:30,63352.15,63375.30,62887.49,63213.62,8620
24-02-2026 15:30,63214.58,63338.01,63069.44,63253.87,7314
24-02-2026 16:30,63253.87,63297.44,63035.88,63201.12,6522
24-02-2026 17:30,63201.46,63322.97,62926.79,62935.31,6775
24-02-2026 18:30,62935.31,63084.30,62521.32,62887.42,12001
24-02-2026 19:30,62887.42,63832.11,62744.85,63444.54,11876
24-02-2026 20:30,63444.86,64019.83,63292.90,63962.01,15963
24-02-2026 21:30,63962.00,64415.22,63679.62,64072.48,11058
24-02-2026 22:30,64072.48,64072.48,64072.48,64072.48,1
24-02-2026 23:30,64305.87,64500.56,63921.41,64415.13,20484
25-02-2026 00:30,64413.74,64713.85,64232.31,64427.19,23196
25-02-2026 01:30,64428.72,64582.36,64299.12,64463.29,22677
25-02-2026 02:30,64463.25,64463.29,63832.97,64029.43,22024
25-02-2026 03:30,64024.75,64218.22,63963.56,64111.03,21165
25-02-2026 04:30,64110.47,64241.12,63844.46,64055.53,21432
25-02-2026 05:30,64057.43,64317.35,63901.03,64213.69,21506
25-02-2026 06:30,64211.18,66288.48,64136.23,65885.89,25414
25-02-2026 07:30,65883.87,66294.22,65852.28,65866.23,24166
25-02-2026 08:30,65864.54,65934.84,65334.21,65374.91,23908
25-02-2026 09:30,65374.30,65638.36,65118.96,65438.18,23221
25-02-2026 10:30,65431.67,65495.95,64739.05,64866.60,23048
25-02-2026 11:30,64865.67,65107.30,64846.51,64880.99,22156
25-02-2026 12:30,64880.33,65179.64,64764.43,65012.10,22365
25-02-2026 13:30,65012.86,65563.58,64940.01,65510.88,23060
25-02-2026 14:30,65507.98,65666.46,65413.46,65535.83,23112
25-02-2026 15:30,65536.93,65624.78,65334.42,65384.58,21961
25-02-2026 16:30,65377.56,65463.05,65172.76,65407.20,22021
25-02-2026 17:30,65404.62,66220.18,65301.82,66052.89,23555
25-02-2026 18:30,66054.62,66659.80,66003.31,66230.54,23813
25-02-2026 19:30,66227.81,67019.15,66192.69,66963.22,25192
25-02-2026 20:30,66978.71,67576.61,66708.62,67404.02,25392
25-02-2026 21:30,67416.03,68339.96,67400.79,68309.07,24919
25-02-2026 22:30,68314.64,68888.60,68034.13,68681.65,25393
25-02-2026 23:30,68686.86,69561.49,68385.54,69336.94,25528
26-02-2026 00:30,69342.33,69420.92,68787.60,69035.47,24535
26-02-2026 01:30,69041.79,69381.30,68630.12,69154.94,24594
26-02-2026 02:30,69168.40,69989.33,68779.52,68923.21,25216
26-02-2026 03:30,68924.82,69191.73,68059.36,68457.46,24475
26-02-2026 04:30,68442.52,68697.03,67597.12,67978.48,24620
26-02-2026 05:30,67978.78,68538.21,67717.47,68334.05,24976
26-02-2026 06:30,68333.21,68697.58,68203.77,68248.10,24138
26-02-2026 07:30,68249.22,68332.01,67803.82,68250.36,24720
26-02-2026 08:30,68251.17,68368.40,68036.72,68205.15,23589
26-02-2026 09:30,68204.18,68844.98,68169.45,68561.16,23875
26-02-2026 10:30,68561.03,68565.19,68115.33,68435.91,23324
26-02-2026 11:30,68440.20,68518.04,68057.86,68167.69,23275
26-02-2026 12:30,68170.02,68288.73,67818.04,67826.47,22820
26-02-2026 13:30,67829.88,68225.83,67787.84,67943.86,24155
26-02-2026 14:30,67946.59,68636.53,67924.83,68574.35,23375
26-02-2026 15:30,68574.28,68703.87,68241.75,68289.88,23156
26-02-2026 16:30,68291.16,68387.03,67945.21,68031.15,22841
26-02-2026 17:30,68029.76,68285.43,67993.79,68160.65,23225
26-02-2026 18:30,68160.70,68204.61,67832.69,67888.15,24340
26-02-2026 19:30,67887.41,68255.15,67265.32,67691.54,26247
26-02-2026 20:30,67688.87,67733.25,66751.19,67376.56,26273
26-02-2026 21:30,67379.04,67548.51,66491.76,66631.43,26273
26-02-2026 22:30,66627.01,67034.10,66591.90,66810.11,25763
26-02-2026 23:30,66809.39,67360.53,66559.16,67294.00,25395
27-02-2026 00:30,67294.64,67870.21,67278.38,67574.14,25492
27-02-2026 01:30,67570.68,67816.05,67284.31,67405.00,24199
27-02-2026 02:30,67413.74,67570.03,67129.98,67459.30,23406
27-02-2026 03:30,67459.40,67617.52,67299.22,67562.64,22166
27-02-2026 04:30,67563.98,67649.30,67376.32,67475.12,22416
27-02-2026 05:30,67475.00,67535.03,66995.30,67215.55,23267
27-02-2026 06:30,67217.02,67374.61,66868.55,67342.52,23993
27-02-2026 07:30,67344.38,67534.68,67252.89,67256.54,22738
27-02-2026 08:30,67260.43,67702.06,67084.31,67590.76,22812
27-02-2026 09:30,67590.99,68206.63,67565.41,67741.17,23600
27-02-2026 10:30,67732.74,67909.35,67659.85,67711.52,21857
27-02-2026 11:30,67708.64,67817.88,67511.61,67648.05,21880
27-02-2026 12:30,67646.91,67752.67,67442.32,67670.36,22166
27-02-2026 13:30,67666.96,68051.60,67645.47,67921.27,22764
27-02-2026 14:30,67921.27,68139.80,67281.24,67345.68,23711
27-02-2026 15:30,67347.66,67403.52,66564.81,66599.94,24464
27-02-2026 16:30,66605.75,66774.92,65951.02,66110.49,25013
27-02-2026 17:30,66105.50,66185.01,65731.72,65912.67,24223
27-02-2026 18:30,65917.26,66335.95,65646.32,66262.70,25125
27-02-2026 19:30,66266.44,66321.13,65676.85,65888.67,25537
27-02-2026 20:30,65880.43,66294.58,65830.40,66085.54,25732
27-02-2026 21:30,66085.55,66114.45,65447.22,65462.35,25212
27-02-2026 22:30,65459.38,65734.40,65100.63,65692.63,25051
27-02-2026 23:30,65692.78,65765.33,65207.09,65291.96,23871
28-02-2026 00:30,65292.21,65438.74,65149.03,65369.87,23259
28-02-2026 01:30,65370.60,65655.93,65366.29,65573.49,23237
28-02-2026 02:30,65589.00,65725.19,65373.59,65510.11,23018
28-02-2026 03:30,65536.20,65657.70,64931.07,65620.59,23345
28-02-2026 04:30,65619.51,65936.48,65531.16,65849.98,22987
28-02-2026 05:30,65848.58,65995.62,65711.28,65922.88,23196
28-02-2026 06:30,65922.21,65954.79,65719.89,65759.74,22506
28-02-2026 07:30,65768.65,66001.04,65741.38,65944.69,21178
28-02-2026 08:30,65944.69,65964.31,65729.27,65777.74,21399
28-02-2026 09:30,65774.69,65809.16,65467.76,65644.27,21272
28-02-2026 10:30,65645.75,65714.27,65482.98,65571.42,21136
28-02-2026 11:30,65571.31,65575.74,63024.34,63193.93,25084
28-02-2026 12:30,63204.65,64307.42,63020.00,63808.74,25346
28-02-2026 13:30,63811.70,63863.43,63393.58,63457.46,22353
28-02-2026 14:30,63456.19,63913.23,63353.58,63630.68,23898
28-02-2026 15:30,63626.98,64012.94,63448.01,63985.94,23236
28-02-2026 16:30,63985.44,64282.64,63771.09,63818.86,23154
28-02-2026 17:30,63818.93,64063.76,63805.69,63996.46,21450
28-02-2026 18:30,63999.73,65191.95,63878.14,65086.71,24358
28-02-2026 19:30,65113.67,65343.86,64260.15,64410.13,25673
28-02-2026 20:30,64417.19,64990.62,64187.16,64816.27,24700
28-02-2026 21:30,64815.64,65184.19,64652.72,65069.60,23677
28-02-2026 22:30,65070.41,65522.08,64831.53,65414.78,22430
28-02-2026 23:30,65414.86,66129.16,65164.34,65888.37,23939
01-03-2026 00:30,65889.20,66626.99,65578.90,66337.81,24674
01-03-2026 01:30,66338.02,67116.35,66169.48,66937.89,25072
01-03-2026 02:30,66943.66,66995.20,66344.72,66702.23,24471
01-03-2026 03:30,66702.72,67719.81,66585.90,67081.38,24919
01-03-2026 04:30,67086.06,67192.41,66722.72,66944.72,22946
01-03-2026 05:30,66941.10,67082.26,66603.83,66769.33,23127
01-03-2026 06:30,66770.34,67677.26,66053.06,67325.80,24541
01-03-2026 07:30,67327.54,68172.45,67318.35,67595.78,22900
01-03-2026 08:30,67593.52,67791.11,67369.34,67480.69,22833
01-03-2026 09:30,67481.81,67591.27,67059.12,67324.45,23279
01-03-2026 10:30,67325.42,67556.57,67177.98,67274.59,22715
01-03-2026 11:30,67275.05,67329.61,66769.79,66904.70,23037
01-03-2026 12:30,66903.61,67214.49,66764.12,67115.01,22335
01-03-2026 13:30,67114.72,67270.22,66438.87,66542.18,23404
01-03-2026 14:30,66540.15,66751.31,66228.48,66388.45,23152
01-03-2026 15:30,66388.52,66709.58,66204.78,66441.75,22871
01-03-2026 16:30,66441.95,66642.26,66353.38,66442.02,21999
01-03-2026 17:30,66445.15,66531.49,66215.88,66275.15,21946
01-03-2026 18:30,66276.29,67312.19,66118.79,66920.08,23037
01-03-2026 19:30,66922.93,67299.46,66729.86,66841.25,24464
01-03-2026 20:30,66848.58,67230.76,66796.73,66813.42,23469
01-03-2026 21:30,66826.63,67096.22,65733.94,66107.12,23855
01-03-2026 22:30,66111.93,66205.23,65697.30,65956.68,24142
01-03-2026 23:30,65962.95,66625.87,65955.23,66293.26,23215
02-03-2026 00:30,66298.22,66326.31,65760.71,65936.03,22829
02-03-2026 01:30,65938.34,65943.94,65065.98,65272.85,23692
02-03-2026 02:30,65273.96,65730.94,65253.00,65644.64,22446
02-03-2026 03:30,65644.89,66306.01,65012.51,65232.41,24551
02-03-2026 04:30,65223.73,66060.92,65076.70,65741.18,25092
02-03-2026 05:30,65744.52,66769.10,65729.34,66485.64,25588
02-03-2026 06:30,66490.55,67041.46,66349.00,66506.94,25602
02-03-2026 07:30,66503.80,66594.46,65857.32,66255.05,25040
02-03-2026 08:30,66256.80,67017.99,66078.71,66792.18,24623
02-03-2026 09:30,66792.78,66935.16,66605.37,66836.76,23333
02-03-2026 10:30,66842.06,66980.18,66262.58,66708.01,23194
02-03-2026 11:30,66707.20,66719.36,66029.26,66181.85,24915
02-03-2026 12:30,66181.43,66192.79,65521.91,65980.79,24757
02-03-2026 13:30,66000.81,66284.01,65627.69,66250.18,25192
02-03-2026 14:30,66252.99,66703.35,66095.05,66141.34,24866
02-03-2026 15:30,66142.57,66362.59,66050.49,66284.11,23488
02-03-2026 16:30,66287.00,66446.37,65984.17,66331.13,24230
02-03-2026 17:30,66337.19,66372.58,65875.46,65925.45,23306
02-03-2026 18:30,65917.97,66105.11,65317.86,65403.41,24489
02-03-2026 19:30,65408.21,67195.77,65229.97,67127.86,25577
02-03-2026 20:30,67119.37,69596.05,67010.20,69100.65,25749
02-03-2026 21:30,69102.20,70023.11,68900.22,69416.56,25708
02-03-2026 22:30,69412.73,69570.09,68779.38,69169.49,25755
02-03-2026 23:30,69163.30,69249.14,68728.65,68869.59,25323
03-03-2026 00:30,68875.76,69065.71,68571.68,68956.33,24822
03-03-2026 01:30,68953.68,69506.22,68581.46,69114.95,25634
03-03-2026 02:30,69113.69,69523.35,68971.05,69399.04,24348
03-03-2026 03:30,69406.61,69512.07,69120.39,69418.14,23687
03-03-2026 04:30,69425.54,69463.72,68717.56,68805.13,24456
03-03-2026 05:30,68814.41,69147.85,68624.39,69061.85,24067
03-03-2026 06:30,69061.08,69240.75,68713.03,68727.80,25182
03-03-2026 07:30,68727.03,68748.71,68195.82,68479.12,25086
03-03-2026 08:30,68480.19,68512.51,68199.26,68338.52,23903
03-03-2026 09:30,68340.60,68432.12,68022.51,68088.49,22973
03-03-2026 10:30,68093.05,68533.53,67816.18,67910.27,24913
03-03-2026 11:30,67911.92,68191.22,67771.19,68071.88,24280
03-03-2026 12:30,68072.83,68256.19,67920.13,68148.26,24301
03-03-2026 13:30,68159.41,68287.11,66867.47,66964.61,25557
03-03-2026 14:30,66968.54,67154.47,66310.29,66614.99,25911
03-03-2026 15:30,66609.82,66968.43,66402.14,66824.50,25380
03-03-2026 16:30,66824.04,67120.45,66729.13,66985.22,25877
03-03-2026 17:30,66978.21,67905.99,66977.44,67358.59,26049
03-03-2026 18:30,67357.89,67397.29,66606.15,66889.94,26081
03-03-2026 19:30,66890.42,67504.41,66114.43,66522.54,26381
03-03-2026 20:30,66520.99,67798.96,66425.20,67692.78,26058
03-03-2026 21:30,67699.46,68966.11,67460.03,68148.87,26976
03-03-2026 22:30,68156.22,68385.04,67605.57,68293.57,27032
03-03-2026 23:30,68293.67,69029.30,67963.48,68609.14,26189
04-03-2026 00:30,68617.42,68871.82,68301.76,68410.29,26934
04-03-2026 01:30,68414.62,68579.09,68061.25,68228.07,25964
04-03-2026 02:30,68220.28,68242.61,67793.37,67998.93,23893
04-03-2026 03:30,68000.75,68541.26,67994.81,68296.65,22744
04-03-2026 04:30,68290.52,68825.46,68225.98,68310.62,23822
04-03-2026 05:30,68310.89,68396.51,67840.65,68069.57,24959
04-03-2026 06:30,68077.26,68879.68,67938.06,68381.60,25645
04-03-2026 07:30,68386.40,68432.64,67979.62,68300.59,25174
04-03-2026 08:30,68300.06,68361.25,67371.84,67707.53,25180
04-03-2026 09:30,67708.35,67949.96,67433.25,67762.16,24901
04-03-2026 10:30,67763.37,68355.01,67653.51,68178.91,24795
04-03-2026 11:30,68180.37,68654.64,68009.99,68478.16,24204
04-03-2026 12:30,68477.36,69597.21,68108.35,69472.14,24844
04-03-2026 13:30,69486.92,71130.33,69123.17,70970.09,25856
04-03-2026 14:30,70960.47,71872.56,70703.23,71493.52,25753
04-03-2026 15:30,71496.12,71842.95,71173.76,71300.47,25420
04-03-2026 16:30,71306.30,71469.34,70881.51,71081.74,24975
04-03-2026 17:30,71080.56,71337.72,70561.97,71315.27,25753
04-03-2026 18:30,71319.94,71605.90,71183.37,71463.00,25500
04-03-2026 19:30,71479.72,72583.11,71349.19,71599.13,25200
04-03-2026 20:30,71607.03,73473.30,71597.68,73414.87,24827
04-03-2026 21:30,73442.78,73512.32,72578.61,73299.79,23702
04-03-2026 22:30,73312.70,73769.73,72966.57,73218.82,24163
04-03-2026 23:30,73223.33,73707.35,72921.49,73685.39,24237
05-03-2026 00:30,73677.64,74062.13,73531.80,73636.71,23551
05-03-2026 01:30,73656.13,73721.42,73102.26,73104.77,22701
05-03-2026 02:30,73145.21,73325.38,72892.50,73309.26,24401
05-03-2026 03:30,73313.41,73534.35,72620.45,72692.51,23753
05-03-2026 04:30,72694.89,72890.19,72315.06,72688.86,24314
05-03-2026 05:30,72726.54,72980.03,72541.66,72759.78,24527
05-03-2026 06:30,72767.88,73290.64,72400.42,72529.49,25045
05-03-2026 07:30,72528.57,72880.15,72334.79,72490.81,23691
05-03-2026 08:30,72491.83,72737.20,72336.07,72485.07,23327
05-03-2026 09:30,72487.23,73071.28,72440.55,72804.49,23574
05-03-2026 10:30,72808.86,72913.62,72259.37,72402.35,23394
05-03-2026 11:30,72408.12,72651.55,72030.22,72526.95,23573
05-03-2026 12:30,72526.66,72655.72,71757.88,72036.26,24069
05-03-2026 13:30,72038.13,72359.37,71750.99,72320.87,24732
05-03-2026 14:30,72327.22,72860.52,72290.11,72581.72,25293
05-03-2026 15:30,72588.13,73549.42,72505.12,73379.68,24962
05-03-2026 16:30,73385.60,73451.42,72765.70,72897.69,24972
05-03-2026 17:30,72892.86,73067.82,72656.55,72876.93,25233
05-03-2026 18:30,72879.74,72922.92,72176.54,72453.89,25011
05-03-2026 19:30,72456.19,72822.51,71949.91,72593.85,24879
05-03-2026 20:30,72604.08,72676.08,71156.32,71640.47,25077
05-03-2026 21:30,71643.40,71643.40,70783.51,71295.09,25144
05-03-2026 22:30,71295.67,71557.46,70632.62,70683.33,25355
05-03-2026 23:30,70669.66,71064.99,70628.93,70971.90,25082
06-03-2026 00:30,70975.75,71400.24,70829.41,70905.67,23963
06-03-2026 01:30,70912.30,71368.96,70817.96,71217.99,25208
06-03-2026 02:30,71212.59,71548.75,71008.01,71118.26,23326
06-03-2026 03:30,71113.75,71340.94,71052.55,71185.56,22598
06-03-2026 04:30,71186.39,71279.43,70755.26,70861.43,22962
06-03-2026 05:30,70854.41,71033.31,70751.40,70964.16,22966
06-03-2026 06:30,70962.34,71567.17,70369.48,71233.46,24647
06-03-2026 07:30,71235.87,71389.65,71008.62,71226.92,24175
06-03-2026 08:30,71224.05,71276.80,70971.41,71055.78,22557
06-03-2026 09:30,71052.45,71098.40,70262.90,70592.01,23258
06-03-2026 10:30,70592.95,70638.60,70122.85,70409.05,24257
06-03-2026 11:30,70408.27,70826.23,70231.77,70582.13,22825
06-03-2026 12:30,70589.57,71161.04,70454.18,71033.56,23171
06-03-2026 13:30,71036.84,71049.33,70708.13,70759.97,23853
06-03-2026 14:30,70763.63,70790.82,70274.17,70538.29,24944
06-03-2026 15:30,70537.09,70794.42,70434.40,70498.67,23657
06-03-2026 16:30,70499.00,70616.79,70169.26,70188.53,23977
06-03-2026 17:30,70183.77,70204.39,69637.76,69898.91,24851
06-03-2026 18:30,69904.04,70326.94,69195.03,69195.03,25165
06-03-2026 19:30,69196.91,69254.48,68377.94,68563.73,25866
06-03-2026 20:30,68735.61,69090.51,68283.69,68485.49,25615
06-03-2026 21:30,68478.21,68774.90,68192.20,68421.35,25234
06-03-2026 22:30,68414.82,68618.13,67710.55,67927.84,25012
06-03-2026 23:30,67922.71,68451.84,67910.06,68151.84,24769
07-03-2026 00:30,68142.34,68454.48,67974.40,68102.41,24059
07-03-2026 01:30,68092.84,68258.44,67731.73,68093.71,24675
07-03-2026 02:30,68110.79,68298.78,67890.76,68244.44,22492
07-03-2026 03:30,68234.40,68412.40,68190.59,68283.63,20919
07-03-2026 04:30,68281.05,68336.18,68053.25,68074.62,22517
07-03-2026 05:30,68070.81,68710.55,68066.09,68248.78,22117
07-03-2026 06:30,68244.50,68331.68,68130.84,68224.14,22200
07-03-2026 07:30,68220.47,68331.88,68019.00,68313.44,22353
07-03-2026 08:30,68313.44,68512.64,68057.38,68062.08,22044
07-03-2026 09:30,68059.85,68114.68,67775.16,68027.27,22611
07-03-2026 10:30,68017.70,68096.32,67863.58,67979.82,21746
07-03-2026 11:30,67975.54,67987.42,67591.01,67655.39,20892
07-03-2026 12:30,67655.36,67828.16,67405.47,67807.21,22693
07-03-2026 13:30,67805.96,67998.90,67678.91,67762.16,21848
07-03-2026 14:30,67763.05,68035.30,67696.83,67962.39,21423
07-03-2026 15:30,67958.21,68065.70,67796.47,67844.55,20979
07-03-2026 16:30,67842.91,68196.72,67808.36,67981.13,21513
07-03-2026 17:30,67986.40,68052.08,67862.42,67955.56,21005
07-03-2026 18:30,67952.72,68045.06,67816.29,67894.66,21181
07-03-2026 19:30,67892.61,68045.45,67582.94,67986.36,22791
07-03-2026 20:30,67990.17,68000.30,67736.36,67843.85,22515
07-03-2026 21:30,67844.36,67853.91,67675.56,67750.85,21372
07-03-2026 22:30,67752.18,67908.29,67736.23,67752.67,21615
07-03-2026 23:30,67751.05,67752.80,67464.20,67531.68,22735
08-03-2026 00:30,67530.08,67536.85,66904.05,67044.61,23159
08-03-2026 01:30,67042.89,67397.68,67029.37,67364.06,21701
08-03-2026 02:30,67359.18,67497.95,67247.52,67416.08,21834
08-03-2026 03:30,67413.26,67424.04,67065.91,67218.02,22030
08-03-2026 04:30,67221.60,67367.65,67147.55,67222.55,21167
08-03-2026 05:30,67216.24,67445.91,67136.02,67157.56,21916
08-03-2026 06:30,67154.38,67319.98,67053.28,67258.24,21844
08-03-2026 07:30,67253.25,67317.28,66805.21,66888.37,20516
08-03-2026 08:30,66887.44,67047.75,66817.77,66963.87,22142
08-03-2026 09:30,66959.49,67057.95,66519.79,66602.34,21866
08-03-2026 10:30,66601.27,67211.00,66580.54,67111.88,22032
08-03-2026 11:30,67107.83,67204.25,66993.41,67124.77,21649
08-03-2026 12:30,67122.05,67415.38,67114.72,67283.19,20733
08-03-2026 13:30,67277.16,67529.70,67114.88,67493.33,21631
08-03-2026 14:30,67488.15,67846.27,67429.99,67645.85,22118
08-03-2026 15:30,67651.59,68155.57,67642.41,67861.86,14451
08-03-2026 16:30,67861.47,68094.10,67374.34,67477.55,4371
08-03-2026 17:30,67477.55,67613.47,66852.49,67277.96,6269
08-03-2026 18:30,67277.96,67390.45,66799.32,67197.62,7379
08-03-2026 19:30,67197.62,67389.12,67013.22,67299.68,8201
08-03-2026 20:30,67300.07,67328.77,67041.54,67171.28,8735
08-03-2026 21:30,67171.28,67229.16,66771.21,66828.40,8412
08-03-2026 22:30,66828.40,67126.22,66761.88,67018.61,6483
08-03-2026 23:30,67018.61,67035.30,66708.45,66765.64,4483
09-03-2026 00:30,66765.64,67426.39,66739.65,67295.79,4915
09-03-2026 01:30,67295.79,67476.49,66987.76,67181.49,5586
09-03-2026 02:30,67182.72,67224.17,66672.96,66969.74,5551
09-03-2026 03:30,66973.08,66977.67,65585.05,66197.48,10940
09-03-2026 04:30,66197.48,66532.00,65891.80,65933.36,9963
09-03-2026 05:30,65933.36,66744.72,65806.41,66347.55,12017
09-03-2026 06:30,66345.99,66681.44,66124.51,66172.82,10324
09-03-2026 07:30,66172.40,66691.56,65939.26,66520.73,11340
09-03-2026 08:30,66520.73,67651.78,66492.99,67183.42,12014
09-03-2026 09:30,67183.42,67589.78,67089.80,67111.01,8851
09-03-2026 10:30,67111.01,68036.84,67093.61,67887.97,10045
09-03-2026 11:30,67887.96,67914.05,67215.91,67238.28,8626
09-03-2026 12:30,67240.34,67544.41,66862.56,67519.63,8891
09-03-2026 13:30,67522.66,67905.71,67361.62,67786.58,10605
09-03-2026 14:30,67786.45,68429.29,67544.90,67953.89,10414
09-03-2026 15:30,67953.89,68051.94,67526.66,67579.14,9441
09-03-2026 16:30,67579.14,67832.79,67316.97,67741.77,8666
09-03-2026 17:30,67741.77,68320.25,67727.89,68130.38,8462
09-03-2026 18:30,68130.03,69293.59,68116.44,68974.50,11801
09-03-2026 19:30,68971.94,69462.70,68695.44,69135.67,14638
09-03-2026 20:30,69136.68,69258.46,68730.93,68868.64,15145
09-03-2026 21:30,68867.85,69214.67,68632.59,68954.24,12621
09-03-2026 22:30,68954.24,69090.18,68267.29,68598.39,8998
09-03-2026 23:30,68598.39,68688.66,68214.67,68351.79,7166
10-03-2026 00:30,68351.79,69502.84,68351.79,68996.08,9052
10-03-2026 01:30,68996.08,69145.52,68758.30,68960.05,5926
10-03-2026 02:30,68958.86,69099.33,68652.31,68909.44,4059
10-03-2026 03:30,68909.44,69022.78,68591.60,68630.83,7723
10-03-2026 04:30,68630.84,68688.66,68368.29,68418.48,4446
10-03-2026 05:30,68413.28,69288.29,68377.35,69146.35,5781
10-03-2026 06:30,69143.54,69378.15,68791.05,69253.14,5807
10-03-2026 07:30,69253.14,70567.48,69096.68,70260.71,7398
10-03-2026 08:30,70260.71,70360.36,69374.85,69415.53,7072
10-03-2026 09:30,69415.53,70111.08,69415.53,70055.60,6820
10-03-2026 10:30,70059.65,70345.75,69875.68,69960.89,5934
10-03-2026 11:30,69960.89,70180.07,69746.60,69900.48,4755
10-03-2026 12:30,69900.48,70516.95,69814.02,70392.91,5878
10-03-2026 13:30,70392.91,71074.08,70359.45,70678.83,7060
10-03-2026 14:30,70678.83,71290.80,70641.95,71053.62,5393
10-03-2026 15:30,71053.63,71078.26,70657.75,70763.46,4296
10-03-2026 16:30,70763.46,70860.74,70531.54,70578.25,4953
10-03-2026 17:30,70584.94,70623.09,70301.47,70520.98,6258
10-03-2026 18:30,70529.10,70928.34,69723.31,69908.18,7515
10-03-2026 19:30,69908.02,71527.44,69293.81,71476.65,9920
10-03-2026 20:30,71477.75,71784.65,70906.29,71350.95,8513
10-03-2026 21:30,71351.14,71698.42,70960.34,71277.07,8149
10-03-2026 22:30,71276.69,71467.90,70514.79,70877.79,7124
10-03-2026 23:30,70877.79,70927.16,69890.58,70012.48,9040
11-03-2026 00:30,70012.72,70284.95,69729.17,70046.87,7717
11-03-2026 01:30,70041.13,70339.50,69993.89,70229.51,5478
11-03-2026 02:30,70229.51,70408.78,69539.28,69752.60,4140
11-03-2026 03:30,69752.60,69863.64,69450.37,69706.54,3735
11-03-2026 04:30,69701.32,69974.86,69694.28,69946.84,4240
11-03-2026 05:30,69946.84,70166.56,69750.31,70040.09,5392
11-03-2026 06:30,70041.15,70142.54,69873.88,70073.85,5899
11-03-2026 07:30,70073.85,70120.68,69611.92,69811.20,4398
11-03-2026 08:30,69808.26,69893.51,69486.10,69547.12,3933
11-03-2026 09:30,69547.80,70262.63,69491.18,70127.57,4478
11-03-2026 10:30,70127.39,70190.48,69413.44,69494.26,4911
11-03-2026 11:30,69494.26,69982.06,69489.63,69936.07,3969
11-03-2026 12:30,69936.07,70018.08,69490.58,69638.52,4033
11-03-2026 13:30,69644.73,69758.39,69486.86,69648.37,5821
11-03-2026 14:30,69648.33,69733.46,69380.46,69456.39,5391
11-03-2026 15:30,69456.39,69712.56,69387.11,69595.64,5042
11-03-2026 16:30,69602.24,69675.26,69152.08,69166.13,5700
11-03-2026 17:30,69166.13,69752.86,68970.19,69352.45,8759
11-03-2026 18:30,69352.45,71082.31,69326.54,70182.64,9863
11-03-2026 19:30,70182.64,70983.51,69967.57,70572.72,9156
11-03-2026 20:30,70572.72,70664.47,69712.00,70235.15,9516
11-03-2026 21:30,70238.75,70835.83,70165.80,70582.81,9489
11-03-2026 22:30,70582.02,71337.52,70512.78,70789.69,9634
11-03-2026 23:30,70787.31,70895.71,70422.76,70630.54,8327
12-03-2026 00:30,70630.54,70752.08,70382.24,70654.90,6413
12-03-2026 01:30,70656.03,70695.39,70400.06,70637.19,4186
12-03-2026 02:30,70637.19,70780.69,70492.95,70745.85,5467
12-03-2026 03:30,70745.85,70937.12,70242.10,70363.93,5488
12-03-2026 04:30,70363.93,70501.54,70118.52,70193.98,5156
12-03-2026 05:30,70190.28,70351.70,70126.43,70218.38,5021
12-03-2026 06:30,70218.38,70224.44,69747.31,69819.01,5700
12-03-2026 07:30,69822.18,69877.06,69216.20,69281.80,5468
12-03-2026 08:30,69281.80,69616.89,69239.37,69436.26,4090
12-03-2026 09:30,69436.14,69668.39,69288.49,69361.65,3397
12-03-2026 10:30,69361.65,69540.37,69202.80,69460.44,4140
12-03-2026 11:30,69460.44,69551.46,69347.56,69487.16,3340
12-03-2026 12:30,69487.16,69842.82,69398.53,69812.25,3106
12-03-2026 13:30,69812.25,70105.91,69689.59,69901.46,4722
12-03-2026 14:30,69901.46,70379.17,69569.63,69939.78,4841
12-03-2026 15:30,69940.54,70500.47,69842.95,70407.18,6807
12-03-2026 16:30,70407.18,70796.43,70357.48,70425.84,7270
12-03-2026 17:30,70425.84,70617.35,70279.51,70386.38,6466
12-03-2026 18:30,70387.01,70534.36,69694.87,69964.57,8776
12-03-2026 19:30,69968.76,70653.61,69351.93,69586.65,9416
12-03-2026 20:30,69586.65,70554.91,69474.99,70333.70,9036
12-03-2026 21:30,70337.70,70556.87,69899.93,70383.61,9426
12-03-2026 22:30,70387.48,70562.41,70072.40,70214.37,9461
12-03-2026 23:30,70214.90,70289.26,69793.04,69817.40,8687
13-03-2026 00:30,69817.79,70555.88,69756.60,70443.06,7798
13-03-2026 01:30,70443.06,70561.94,70106.03,70161.81,5247
13-03-2026 02:30,70161.81,70464.01,70161.81,70265.06,3561
13-03-2026 03:30,70265.06,70289.25,69999.76,70164.52,4743
13-03-2026 04:30,70164.52,70727.11,70161.30,70515.91,6869
13-03-2026 05:30,70515.93,71984.58,70383.92,71465.75,9504
13-03-2026 06:30,71464.27,71741.12,71272.20,71659.54,7802
13-03-2026 07:30,71659.54,71685.10,71033.18,71134.06,6336
13-03-2026 08:30,71134.06,71497.71,70951.80,71394.49,5610
13-03-2026 09:30,71395.49,71488.98,71234.48,71378.58,3783
13-03-2026 10:30,71378.58,71635.60,71230.32,71543.50,4324
13-03-2026 11:30,71543.50,71589.78,71171.99,71341.71,6117
13-03-2026 12:30,71340.71,71670.06,71224.75,71617.70,6840
13-03-2026 13:30,71617.70,72121.59,71377.33,71828.21,7110
13-03-2026 14:30,71828.21,72095.38,71583.43,72001.61,5914
13-03-2026 15:30,72000.86,72582.84,71995.54,72455.27,6359
13-03-2026 16:30,72455.27,72524.18,72209.96,72231.85,5544
13-03-2026 17:30,72231.85,72874.79,72211.97,72790.63,6633
13-03-2026 18:30,72790.63,73598.91,72699.30,73399.16,8304
13-03-2026 19:30,73395.63,73940.24,72372.44,72384.72,9726
13-03-2026 20:30,72393.65,72830.39,71737.89,71829.36,8923
13-03-2026 21:30,71829.36,72099.34,71149.91,71884.89,8169
13-03-2026 22:30,71884.89,72248.97,70895.18,71028.81,8014
13-03-2026 23:30,71028.81,71346.08,70838.95,71047.69,6561
14-03-2026 00:30,71047.69,71300.95,70997.28,71171.46,5832
14-03-2026 01:30,71184.32,71465.11,71137.13,71341.63,3150
14-03-2026 02:30,71350.40,71482.51,71054.89,71096.17,2907
14-03-2026 03:30,71096.17,71179.67,70552.41,70808.73,4507
14-03-2026 04:30,70808.73,70999.36,70693.36,70925.10,3257
14-03-2026 05:30,70925.10,70947.64,70552.41,70630.60,3661
14-03-2026 06:30,70627.42,70906.67,70485.88,70822.12,3126
14-03-2026 07:30,70822.12,70892.72,70732.25,70771.84,2522
14-03-2026 08:30,70784.48,71165.34,70782.37,71073.62,2621
14-03-2026 09:30,71073.62,71297.98,71012.31,71034.31,2745
14-03-2026 10:30,71034.31,71147.71,70911.51,71014.79,1927
14-03-2026 11:30,71014.79,71014.79,70321.10,70618.44,3970
14-03-2026 12:30,70627.72,70732.32,70479.14,70593.49,2431
14-03-2026 13:30,70593.48,70708.69,70535.89,70583.37,2047
14-03-2026 14:30,70585.52,70724.23,70392.32,70506.82,1868
14-03-2026 15:30,70506.82,70570.32,70388.99,70567.68,1975
14-03-2026 16:30,70567.68,70776.26,70560.60,70740.37,2276
14-03-2026 17:30,70740.37,70832.36,70607.46,70769.85,2294
14-03-2026 18:30,70777.46,70926.39,70709.52,70854.74,2322
14-03-2026 19:30,70855.24,70938.05,70575.63,70596.11,2757
14-03-2026 20:30,70596.11,70725.89,70497.88,70578.56,3007
14-03-2026 21:30,70576.98,70704.91,70496.88,70676.47,2621
14-03-2026 22:30,70675.85,70731.76,70584.05,70618.87,2034
14-03-2026 23:30,70618.87,70698.41,70557.71,70662.76,1586
15-03-2026 00:30,70662.76,70737.21,70594.65,70703.84,1900
15-03-2026 01:30,70703.84,70855.83,70647.32,70807.40,1871
15-03-2026 02:30,70807.40,70822.62,70663.78,70807.57,1898
15-03-2026 03:30,70807.58,70808.70,70697.54,70717.00,1467
15-03-2026 04:30,70717.00,71249.84,70711.90,71216.10,2957
15-03-2026 05:30,71216.10,71220.43,70960.54,70985.00,2730
15-03-2026 06:30,70985.00,71038.16,70859.14,70986.94,2186
15-03-2026 07:30,70986.94,71621.39,70986.94,71445.37,2533
15-03-2026 08:30,71446.30,71527.33,71227.92,71356.96,3485
15-03-2026 09:30,71356.96,71654.67,71328.93,71581.70,2771
15-03-2026 10:30,71581.70,71785.64,71467.31,71486.15,2778
15-03-2026 11:30,71486.15,71593.55,71389.94,71453.82,1786
15-03-2026 12:30,71453.82,71655.85,71405.03,71449.77,2054
15-03-2026 13:30,71449.77,71712.89,71449.77,71712.19,2162
15-03-2026 14:30,71712.19,71934.42,71706.82,71784.52,3717
15-03-2026 15:30,71784.52,71917.66,71712.28,71779.65,2726
15-03-2026 16:30,71779.65,71888.22,71660.67,71842.61,1715
15-03-2026 17:30,71842.61,71842.61,71567.89,71610.52,2066
15-03-2026 18:30,71610.52,71678.08,71265.55,71605.84,5318
15-03-2026 19:30,71605.84,71624.70,71341.90,71620.37,4526
15-03-2026 20:30,71620.37,71626.78,71412.22,71474.84,3605
15-03-2026 21:30,71474.84,71582.96,71327.10,71430.64,3821
15-03-2026 22:30,71430.64,71983.12,71407.07,71817.64,3091
15-03-2026 23:30,71817.64,71883.31,71315.86,71384.51,3567
16-03-2026 00:30,71384.51,71573.94,71336.32,71547.40,2844
16-03-2026 01:30,71547.40,71921.62,71427.73,71724.41,2586
16-03-2026 02:30,71724.41,72218.98,71621.05,72104.95,4416
16-03-2026 03:30,72104.95,73051.56,71715.47,72745.20,6112
16-03-2026 04:30,72747.33,73189.19,72421.94,72814.21,6605
16-03-2026 05:30,72814.21,73009.01,72447.76,72524.90,5796
16-03-2026 06:30,72528.06,72852.54,72273.65,72756.74,6286
16-03-2026 07:30,72756.00,72857.17,72363.97,72511.11,4952
16-03-2026 08:30,72511.11,74280.60,72429.31,73563.67,6532
16-03-2026 09:30,73563.38,74421.24,73563.38,73826.66,6583
16-03-2026 10:30,73826.66,74238.77,73700.06,74201.36,7165
16-03-2026 11:30,74193.69,74193.69,73602.78,73701.88,4746
16-03-2026 12:30,73701.88,73917.75,73376.80,73447.59,4842
16-03-2026 13:30,73448.34,73763.44,72880.84,73127.01,6165
16-03-2026 14:30,73127.01,73319.47,73051.12,73247.78,4618
16-03-2026 15:30,73247.78,73783.84,73194.53,73783.41,5128
16-03-2026 16:30,73787.02,73811.75,73508.42,73544.16,5649
16-03-2026 17:30,73544.16,74034.43,73455.60,73857.84,6756
16-03-2026 18:30,73857.84,74505.50,73780.05,74106.28,7119
16-03-2026 19:30,74106.28,74456.89,72991.71,73560.45,8216
16-03-2026 20:30,73560.45,74026.00,73181.75,73266.75,7708
16-03-2026 21:30,73266.75,73903.38,73157.78,73752.29,7516
16-03-2026 22:30,73756.05,74045.62,73638.97,73932.64,6936
16-03-2026 23:30,73932.64,74350.43,73843.65,73900.19,7329
17-03-2026 00:30,73900.18,74403.59,73790.99,73951.85,7194
17-03-2026 01:30,73953.70,74235.81,73847.75,74220.26,4762
17-03-2026 02:30,74220.26,74781.12,74136.60,74392.05,6121
17-03-2026 03:30,74392.05,74885.02,74361.08,74748.00,5257
17-03-2026 04:30,74755.09,74896.01,74239.14,74871.25,5318
17-03-2026 05:30,74871.25,75485.05,74605.89,75304.23,7805
17-03-2026 06:30,75304.23,75984.62,75060.15,75611.11,7660
17-03-2026 07:30,75611.11,75668.16,75107.10,75185.81,5750
17-03-2026 08:30,75185.81,75316.83,74256.17,74453.76,5872
17-03-2026 09:30,74453.76,74675.33,73985.20,74235.12,5850
17-03-2026 10:30,74235.13,74448.87,73778.40,74034.48,4739
17-03-2026 11:30,74024.96,74269.15,73863.93,74071.75,4908
17-03-2026 12:30,74072.04,74441.39,74055.54,74237.24,4210
17-03-2026 13:30,74237.24,74445.59,74100.65,74180.64,4439
17-03-2026 14:30,74181.01,74395.16,73833.56,73929.09,3545
17-03-2026 15:30,73929.09,73952.83,73577.07,73722.13,4939
17-03-2026 16:30,73722.13,74203.83,73676.16,74027.78,3908
17-03-2026 17:30,74028.06,74173.83,73662.53,73730.20,5419
17-03-2026 18:30,73726.54,74155.64,73395.93,73616.83,7074
17-03-2026 19:30,73616.83,74421.64,73426.49,74394.01,8214
17-03-2026 20:30,74394.01,74892.87,73681.11,73921.08,9330
17-03-2026 21:30,73920.61,74349.70,73872.20,74158.15,8666
17-03-2026 22:30,74158.15,74602.34,74012.79,74529.77,7359
17-03-2026 23:30,74529.77,74783.04,74395.63,74689.19,7201
18-03-2026 00:30,74689.19,74820.85,74437.17,74527.30,6267
18-03-2026 01:30,74529.10,74697.07,74378.03,74518.55,3872
18-03-2026 02:30,74518.55,74798.31,74471.55,74698.83,4735
18-03-2026 03:30,74698.83,74784.99,73940.08,74315.26,5504
18-03-2026 04:30,74315.26,74413.80,73882.55,73919.32,4847
18-03-2026 05:30,73919.32,74074.37,73540.28,73871.90,5945
18-03-2026 06:30,73871.90,74220.50,73825.86,74089.22,5404
18-03-2026 07:30,74089.22,74490.77,74056.45,74355.60,4043
18-03-2026 08:30,74355.60,74680.23,74266.39,74463.85,3860
18-03-2026 09:30,74463.85,74506.18,74153.39,74185.17,2078
18-03-2026 10:30,74185.17,74312.73,73841.74,73961.93,3140
18-03-2026 11:30,73961.93,74228.85,73941.17,73955.15,2548
18-03-2026 12:30,73955.15,74002.11,73698.59,73880.52,2875
18-03-2026 13:30,73880.52,74122.67,73858.34,74046.32,3057
18-03-2026 14:30,74046.32,74296.90,74042.11,74181.80,3791
18-03-2026 15:30,74181.80,74267.71,73817.06,73939.71,4097
18-03-2026 16:30,73939.31,74072.35,72793.50,72948.15,6065
18-03-2026 17:30,72948.15,72971.42,72271.33,72367.29,7994
18-03-2026 18:30,72367.29,72553.45,71988.60,72130.21,8664
18-03-2026 19:30,72131.02,72219.99,71124.81,71177.13,7957
18-03-2026 20:30,71184.08,71526.42,70853.73,71461.38,7421
18-03-2026 21:30,71463.49,71554.12,71029.04,71309.85,7307
18-03-2026 22:30,71309.85,71747.56,71194.78,71589.29,5057
18-03-2026 23:30,71589.29,71993.01,70946.25,71089.83,7555
19-03-2026 00:30,71090.75,71474.96,70928.94,71050.31,6188
19-03-2026 01:30,71051.52,71305.46,70485.90,71217.24,5279
19-03-2026 02:30,71217.24,71412.67,71154.58,71253.04,3672
19-03-2026 03:30,71253.04,71254.50,70932.55,71140.91,3195
19-03-2026 04:30,71140.91,71345.01,71055.92,71232.76,4661
19-03-2026 05:30,71232.40,71297.81,70963.76,70994.86,3629
19-03-2026 06:30,70994.86,71176.03,70941.34,71105.78,3865
19-03-2026 07:30,71105.78,71248.47,70892.73,71047.90,4296
19-03-2026 08:30,71047.87,71598.63,71047.87,71205.66,4610
19-03-2026 09:30,71205.66,71205.66,70649.59,70810.43,3509
19-03-2026 10:30,70810.43,70898.59,70648.90,70813.32,4819
19-03-2026 11:30,70813.32,70947.83,70501.60,70573.73,4057
19-03-2026 12:30,70574.38,70588.56,69486.10,70185.68,7338
19-03-2026 13:30,70185.68,70298.00,69890.27,69984.99,6614
19-03-2026 14:30,69984.99,70549.13,69966.60,70495.74,6437
19-03-2026 15:30,70497.75,70524.79,70103.21,70117.92,4593
19-03-2026 16:30,70115.87,70245.89,69895.86,69937.87,4320
19-03-2026 17:30,69937.97,69937.97,69098.36,69278.20,6278
19-03-2026 18:30,69278.20,70054.77,69069.47,69890.69,7817
19-03-2026 19:30,69890.69,70133.45,69075.50,69467.00,8356
19-03-2026 20:30,69467.00,69903.27,68776.89,69388.41,7750
19-03-2026 21:30,69391.12,69620.20,69161.91,69433.33,7734
19-03-2026 22:30,69433.33,69925.17,69091.47,69839.53,7010
19-03-2026 23:30,69839.53,69918.71,69559.80,69803.11,5375
20-03-2026 00:30,69803.11,70585.88,69790.71,70248.89,7438
20-03-2026 01:30,70249.39,70655.87,70176.08,70466.76,3063
20-03-2026 02:30,70466.76,70679.41,70360.11,70394.63,2912
20-03-2026 03:30,70395.62,70488.83,69942.42,70175.21,3425
20-03-2026 04:30,70175.21,70275.45,69713.80,69903.51,5082
20-03-2026 05:30,69903.51,70294.59,69823.00,70181.79,4727
20-03-2026 06:30,70181.79,70572.72,70169.90,70394.65,4157
20-03-2026 07:30,70394.65,70499.46,70071.15,70400.11,2907
20-03-2026 08:30,70400.11,70793.83,70370.47,70709.47,3640
20-03-2026 09:30,70709.47,70952.42,70535.89,70763.84,3741
20-03-2026 10:30,70763.84,70852.67,70514.67,70585.11,3388
20-03-2026 11:30,70585.11,70630.90,70331.18,70483.97,3587
20-03-2026 12:30,70483.94,70911.53,70197.81,70839.12,4850
20-03-2026 13:30,70839.12,71346.68,70781.90,71025.67,5529
20-03-2026 14:30,71026.04,71026.42,70402.09,70562.91,5375
20-03-2026 15:30,70562.91,70646.90,70200.48,70593.04,4477
20-03-2026 16:30,70593.04,70783.23,70285.94,70458.80,4009
20-03-2026 17:30,70458.80,70666.24,70224.26,70315.95,5520
20-03-2026 18:30,70315.96,70598.31,69777.25,69834.31,7699
20-03-2026 19:30,69834.31,70245.89,69559.19,69711.73,8681
20-03-2026 20:30,69712.73,69984.18,69461.65,69842.32,8781
20-03-2026 21:30,69842.32,70079.67,69586.58,69810.81,4609
20-03-2026 22:30,69810.81,69997.04,69369.66,69975.56,5417
20-03-2026 23:30,69973.84,70050.50,69499.59,69741.82,7337
21-03-2026 00:30,69741.82,70165.80,69643.82,70142.79,6265
21-03-2026 01:30,70145.98,70227.37,69725.47,70025.84,3468
21-03-2026 02:30,70048.44,70687.56,69921.77,70509.32,3713
21-03-2026 03:30,70505.92,70887.73,70505.92,70739.98,3598
21-03-2026 04:30,70739.98,70741.68,70394.53,70475.93,2269
21-03-2026 05:30,70475.93,70790.73,70439.12,70650.89,2298
21-03-2026 06:30,70650.89,70727.64,70434.96,70434.96,2370
21-03-2026 07:30,70434.96,70752.41,70409.76,70701.03,2202
21-03-2026 08:30,70701.03,70750.82,70597.35,70632.99,1643
21-03-2026 09:30,70633.05,70785.52,70590.05,70608.16,1982
21-03-2026 10:30,70608.16,70800.95,70601.67,70672.95,1888
21-03-2026 11:30,70672.95,70789.32,70661.72,70735.88,1718
21-03-2026 12:30,70735.88,70848.82,70647.88,70692.35,1155
21-03-2026 13:30,70692.35,70723.86,70462.85,70563.48,1666
21-03-2026 14:30,70563.48,70704.36,70540.56,70630.60,1183
21-03-2026 15:30,70630.60,70661.71,70534.76,70577.88,1057
21-03-2026 16:30,70577.88,70624.86,70540.03,70624.02,706
21-03-2026 17:30,70624.02,70764.37,70624.02,70694.00,876
21-03-2026 18:30,70694.00,70783.24,70679.32,70712.37,723
21-03-2026 19:30,70712.37,71054.72,70560.76,70594.09,2097
21-03-2026 20:30,70594.38,70729.46,70430.46,70602.23,2243
21-03-2026 21:30,70602.23,70624.85,70223.34,70277.45,2415
21-03-2026 22:30,70277.45,70390.86,70177.98,70272.47,1430
21-03-2026 23:30,70272.47,70491.42,70255.44,70353.93,1749
22-03-2026 00:30,70353.93,70412.91,70293.24,70356.82,1340
22-03-2026 01:30,70358.27,70475.02,70315.94,70428.23,2016
22-03-2026 02:30,70428.23,70478.90,70234.27,70318.46,2421
22-03-2026 03:30,70318.46,70346.77,70228.95,70243.21,2086
22-03-2026 04:30,70243.21,70255.04,68555.69,68891.23,4384
22-03-2026 05:30,68891.23,69123.52,68214.71,68920.60,6619
22-03-2026 06:30,68920.60,69067.48,68733.87,68935.85,4020
22-03-2026 07:30,68935.85,69375.76,68917.12,69246.14,3206
22-03-2026 08:30,69247.52,69555.26,69092.07,69314.84,2862
22-03-2026 09:30,69314.84,69492.10,69182.65,69323.32,2672
22-03-2026 10:30,69323.32,69328.61,69116.17,69122.02,1832
22-03-2026 11:30,69122.02,69212.01,69035.73,69131.15,2193
22-03-2026 12:30,69131.15,69215.43,68863.00,68884.86,2437
22-03-2026 13:30,68884.86,68953.43,68530.99,68770.67,3134
22-03-2026 14:30,68770.67,68865.56,68554.31,68793.62,2111
22-03-2026 15:30,68793.62,68816.80,68554.28,68615.35,1632
22-03-2026 16:30,68615.35,68658.70,68114.33,68189.14,3147
22-03-2026 17:30,68189.15,68725.73,68164.26,68624.10,2833
22-03-2026 18:30,68624.10,68921.74,68521.78,68674.45,2823
22-03-2026 19:30,68674.45,68885.04,68514.84,68686.55,3558
22-03-2026 20:30,68686.55,68973.97,68683.53,68823.46,2911
22-03-2026 21:30,68823.46,68857.78,68646.12,68779.70,1931
22-03-2026 22:30,68779.70,68835.08,68647.26,68648.90,1565
22-03-2026 23:30,68648.90,68724.84,68322.38,68591.39,2204
23-03-2026 00:30,68591.39,68605.57,68118.63,68178.54,2417
23-03-2026 01:30,68178.54,68469.99,68065.34,68154.36,2549
23-03-2026 02:30,68154.36,68211.90,67337.82,67877.27,4997
23-03-2026 03:30,67877.27,68369.31,67549.07,68307.30,6598
23-03-2026 04:30,68307.30,68436.81,67809.09,67831.63,6122
23-03-2026 05:30,67831.64,68128.60,67417.91,67640.27,7622
23-03-2026 06:30,67640.14,68128.47,67506.33,67874.15,6298
23-03-2026 07:30,67874.15,68369.97,67771.60,68287.79,5704
23-03-2026 08:30,68287.79,68556.83,68032.69,68049.51,5154
23-03-2026 09:30,68049.51,68514.41,68026.62,68511.38,4534
23-03-2026 10:30,68511.38,68874.69,68511.30,68869.80,5002
23-03-2026 11:30,68869.80,68871.84,67664.83,67842.42,5868
23-03-2026 12:30,67845.63,68429.51,67478.41,68283.43,7261
23-03-2026 13:30,68286.38,68661.04,68286.38,68400.45,7040
23-03-2026 14:30,68400.45,68437.28,67883.22,68300.36,6183
23-03-2026 15:30,68300.36,68679.16,68265.79,68515.57,5894
23-03-2026 16:30,68515.57,71446.18,68514.27,70092.07,10497
23-03-2026 17:30,70092.07,70840.20,69641.37,70705.44,8889
23-03-2026 18:30,70705.31,71544.35,70554.58,71442.60,7568
23-03-2026 19:30,71442.60,71770.20,71089.83,71411.85,8101
23-03-2026 20:30,71411.86,71626.40,70072.48,70100.32,7553
23-03-2026 21:30,70100.32,70718.95,70100.32,70533.70,8649
23-03-2026 22:30,70533.70,71092.75,70333.29,71053.27,7256
23-03-2026 23:30,71053.27,71159.32,70844.07,71045.25,7843
24-03-2026 00:30,71044.95,71209.74,70616.55,70643.41,5552
24-03-2026 01:30,70643.41,70953.73,70526.87,70885.29,3196
24-03-2026 02:30,70885.29,70965.39,70793.02,70824.28,2264
24-03-2026 03:30,70824.28,70865.98,70487.84,70745.24,3890
24-03-2026 04:30,70744.80,70959.33,70370.65,70867.93,3748
24-03-2026 05:30,70867.93,71057.89,70391.38,70646.39,5123
24-03-2026 06:30,70646.39,70849.63,70260.07,70479.99,5183
24-03-2026 07:30,70479.14,70661.78,70332.14,70410.36,4730
24-03-2026 08:30,70410.36,70550.03,70368.62,70507.86,2840
24-03-2026 09:30,70507.86,70703.75,70212.49,70335.31,4182
24-03-2026 10:30,70337.39,70338.91,70083.71,70249.11,4345
24-03-2026 11:30,70249.11,70534.10,70213.89,70502.97,4182
24-03-2026 12:30,70502.97,71364.72,70448.56,71262.67,6578
24-03-2026 13:30,71259.10,71317.25,70824.83,70930.21,5290
24-03-2026 14:30,70930.21,71340.14,70817.93,71291.74,3726
24-03-2026 15:30,71290.75,71305.69,71059.17,71244.06,3616
24-03-2026 16:30,71244.06,71291.49,70930.21,71125.76,4899
24-03-2026 17:30,71125.76,71147.82,70834.33,70934.48,4317
24-03-2026 18:30,70934.48,71035.85,69950.80,70069.99,7429
24-03-2026 19:30,70069.99,70433.12,69467.79,69820.64,9298
24-03-2026 20:30,69826.53,70212.07,69732.41,69831.63,8221
24-03-2026 21:30,69829.78,69965.57,69327.55,69435.28,6489
24-03-2026 22:30,69435.28,69473.67,68889.44,69194.91,8360
24-03-2026 23:30,69194.34,69701.13,69126.12,69385.17,6567
25-03-2026 00:30,69385.17,69654.72,69230.34,69320.14,5132
25-03-2026 01:30,69317.02,70236.77,69237.88,70051.90,6146
25-03-2026 02:30,70051.81,70352.56,69857.11,70283.06,4207
25-03-2026 03:30,70282.38,70541.18,70098.22,70270.90,4474
25-03-2026 04:30,70270.90,70791.82,70223.16,70510.95,3645
25-03-2026 05:30,70510.95,70992.80,70434.83,70795.50,5026
25-03-2026 06:30,70795.50,70936.00,70583.91,70632.72,4255
25-03-2026 07:30,70632.92,70715.85,70450.57,70482.79,3412
25-03-2026 08:30,70482.79,70760.90,70361.91,70672.21,3001
25-03-2026 09:30,70672.21,70931.70,70659.78,70929.88,2605
25-03-2026 10:30,70929.88,71305.59,70894.66,71073.98,3649
25-03-2026 11:30,71073.98,71224.96,70952.64,70952.64,2641
25-03-2026 12:30,70959.15,71230.97,70854.21,70894.64,3780
25-03-2026 13:30,70894.64,71467.22,70764.31,71212.47,4874
25-03-2026 14:30,71210.87,71385.45,71061.97,71317.99,4577
25-03-2026 15:30,71317.85,71599.87,71261.55,71471.71,4068
25-03-2026 16:30,71471.71,71995.42,71441.96,71659.63,4773
25-03-2026 17:30,71659.63,71916.25,71102.25,71692.21,6761
25-03-2026 18:30,71690.55,71923.30,71489.91,71550.09,6658
25-03-2026 19:30,71550.09,71669.68,71198.76,71204.77,7476
25-03-2026 20:30,71204.77,71275.78,70542.18,70798.23,7202
25-03-2026 21:30,70798.23,71706.24,70700.38,71287.52,6943
25-03-2026 22:30,71287.52,71365.70,70686.85,70736.63,6351
25-03-2026 23:30,70736.63,71110.33,70664.61,70775.32,4876
26-03-2026 00:30,70775.32,71052.16,70736.52,70842.27,4900
26-03-2026 01:30,70842.27,71021.27,70609.67,70972.37,3277
26-03-2026 02:30,70972.37,71136.19,70906.79,70995.76,2465
26-03-2026 03:30,70995.76,71519.35,70908.65,71328.46,2841
26-03-2026 04:30,71328.46,71403.76,71150.81,71287.26,2303
26-03-2026 05:30,71287.26,71393.30,71100.37,71256.20,3949
26-03-2026 06:30,71256.20,71334.27,71115.77,71208.70,3372
26-03-2026 07:30,71208.70,71245.97,70631.83,70846.76,3726
26-03-2026 08:30,70842.73,70926.14,70638.66,70862.96,3665
26-03-2026 09:30,70862.15,70866.49,70676.27,70722.52,1930
26-03-2026 10:30,70722.52,70753.50,69909.69,69967.64,4145
26-03-2026 11:30,69967.64,70101.23,69800.03,70046.93,4511
26-03-2026 12:30,70046.32,70120.62,69761.10,70044.48,4085
26-03-2026 13:30,70044.48,70090.05,69757.32,69978.64,4714
26-03-2026 14:30,69978.64,70097.44,69359.66,69519.70,4539
26-03-2026 15:30,69520.39,69663.64,69410.12,69468.22,6154
26-03-2026 16:30,69468.22,69609.01,69150.02,69222.12,5714
26-03-2026 17:30,69222.12,69416.19,69176.62,69391.34,4139
26-03-2026 18:30,69391.34,69816.46,69171.42,69594.57,6183
26-03-2026 19:30,69592.52,69789.05,69214.29,69436.81,7726
26-03-2026 20:30,69438.28,69453.73,68651.35,69033.65,5955
26-03-2026 21:30,69033.65,69033.65,68778.41,68877.25,5335
26-03-2026 22:30,68877.25,69107.42,68336.30,68428.02,5644
26-03-2026 23:30,68428.02,68547.68,68100.24,68433.71,5336
27-03-2026 00:30,68433.71,68627.71,68301.43,68473.05,2689
27-03-2026 01:30,68475.38,69397.37,68384.18,68945.92,4367
27-03-2026 02:30,68945.92,69121.29,68819.88,68859.83,3614
27-03-2026 03:30,68859.83,68967.52,68552.18,68828.44,4258
27-03-2026 04:30,68828.83,68926.72,68587.76,68755.26,4123
27-03-2026 05:30,68755.26,68906.59,68472.48,68725.23,3373
27-03-2026 06:30,68725.23,69007.18,68645.87,68990.79,2631
27-03-2026 07:30,68993.70,69113.68,68805.28,68851.29,2235
27-03-2026 08:30,68851.29,68871.68,68618.64,68713.59,2701
27-03-2026 09:30,68713.59,68737.47,68253.66,68521.65,2937
27-03-2026 10:30,68521.60,68809.82,68452.42,68572.49,2420
27-03-2026 11:30,68572.49,68786.24,68511.34,68602.66,1977
27-03-2026 12:30,68602.66,68900.76,68403.62,68478.11,3336
27-03-2026 13:30,68478.11,68575.06,67560.14,67863.85,3474
27-03-2026 14:30,67863.85,67899.88,67493.68,67642.38,1766
27-03-2026 15:30,67642.38,67716.84,66301.38,66451.26,3837
27-03-2026 16:30,66451.26,66807.66,66196.75,66662.81,3480
27-03-2026 17:30,66662.81,66734.24,66389.61,66580.18,2599
27-03-2026 18:30,66580.18,66691.69,66011.87,66143.82,4754
27-03-2026 19:30,66143.23,66354.84,65691.44,66150.26,6149
27-03-2026 20:30,66150.26,66582.03,65913.21,66066.93,6114
27-03-2026 21:30,66066.93,66109.32,65745.44,65923.20,7193
27-03-2026 22:30,65923.20,66216.62,65546.59,65566.52,6803
27-03-2026 23:30,65565.75,65886.96,65501.48,65766.62,7006
28-03-2026 00:30,65766.62,66074.82,65631.86,65974.92,6433
28-03-2026 01:30,65974.92,66086.47,65755.27,65951.24,4600
28-03-2026 02:30,65944.74,66111.04,65944.74,66025.63,1854
28-03-2026 03:30,66025.63,66033.28,65852.85,65959.26,1754
28-03-2026 04:30,65959.26,66354.17,65908.31,66344.91,1917
28-03-2026 05:30,66344.91,66458.16,66231.44,66372.82,2372
28-03-2026 06:30,66372.82,66372.82,65996.69,66113.74,2654
28-03-2026 07:30,66113.74,66189.45,65871.33,65991.42,2609
28-03-2026 08:30,65991.42,66182.96,65991.42,66171.91,2028
28-03-2026 09:30,66171.91,66242.03,66048.59,66222.76,1537
28-03-2026 10:30,66222.76,66323.14,66139.83,66277.88,1290
28-03-2026 11:30,66286.08,66432.89,66246.00,66323.80,1303
28-03-2026 12:30,66326.12,66510.43,66318.79,66498.31,1028
28-03-2026 13:30,66498.31,66506.49,66329.70,66352.73,1128
28-03-2026 14:30,66352.73,66352.73,66179.45,66251.04,1092
28-03-2026 15:30,66251.04,66351.42,66062.31,66159.19,1182
28-03-2026 16:30,66159.19,66295.98,66138.79,66267.50,917
28-03-2026 17:30,66257.18,66464.37,66178.66,66393.52,1397
28-03-2026 18:30,66393.70,67093.62,66348.29,66779.62,3090
28-03-2026 19:30,66779.62,66901.63,66604.05,66678.17,2279
28-03-2026 20:30,66678.17,67226.04,66652.67,66951.98,3120
28-03-2026 21:30,66951.98,67033.57,66793.13,66864.76,1723
28-03-2026 22:30,66864.76,66931.03,66645.01,66784.76,2287
28-03-2026 23:30,66784.76,66889.22,66772.43,66846.34,1451
29-03-2026 00:30,66846.34,66892.65,66741.53,66849.20,1538
29-03-2026 01:30,66849.20,66945.27,66837.25,66850.98,2193
29-03-2026 02:30,66850.98,66861.82,66534.80,66619.28,2437
29-03-2026 03:30,66618.97,66721.44,66526.34,66686.67,1756
29-03-2026 04:30,66686.67,66686.67,66217.83,66306.89,3197
29-03-2026 05:30,66306.89,66437.88,66219.48,66424.64,2437
29-03-2026 06:30,66424.63,66561.96,66320.50,66501.41,2109
29-03-2026 07:30,66501.41,66771.06,66469.63,66741.51,1604
29-03-2026 08:30,66741.51,67049.23,66691.73,66840.60,1975
29-03-2026 09:30,66840.60,66871.22,66650.19,66667.80,1222
29-03-2026 10:30,66667.80,66746.86,66529.23,66703.57,1792
29-03-2026 11:30,66703.57,66805.12,66570.10,66668.55,1165
29-03-2026 12:30,66668.55,66673.67,66486.69,66601.40,1018
29-03-2026 13:30,66601.40,66703.11,66531.46,66653.33,925
29-03-2026 14:30,66653.33,66702.30,66479.51,66565.78,1274
29-03-2026 15:30,66565.78,66565.78,66345.42,66435.02,1324
29-03-2026 16:30,66435.02,66916.53,66435.02,66748.20,1936
29-03-2026 17:30,66748.20,66802.86,66635.43,66780.06,1227
29-03-2026 18:30,66780.06,66800.47,66457.49,66510.43,2090
29-03-2026 19:30,66510.43,66705.91,66393.22,66521.24,3766
29-03-2026 20:30,66521.24,66646.21,66260.85,66453.69,3133
29-03-2026 21:30,66453.69,66593.78,66372.11,66428.07,2941
29-03-2026 22:30,66428.07,66473.87,66093.35,66309.06,2898
29-03-2026 23:30,66309.07,66466.43,66248.72,66357.58,1641
30-03-2026 00:30,66357.58,66410.09,66255.86,66280.97,1627
30-03-2026 01:30,66280.97,66714.67,66275.41,66539.61,2109
30-03-2026 02:30,66539.61,66685.13,66439.64,66638.80,2443
30-03-2026 03:30,66638.80,66638.80,64938.15,65793.85,7030
30-03-2026 04:30,65793.85,66300.32,65793.45,65943.20,6053
30-03-2026 05:30,65945.93,66977.92,65732.55,66205.91,6325
30-03-2026 06:30,66207.04,66757.42,66207.04,66573.50,5393
30-03-2026 07:30,66577.65,67367.91,66503.86,67050.26,5019
30-03-2026 08:30,67049.31,67234.69,66906.03,67099.98,4633
30-03-2026 09:30,67099.98,67574.19,67092.69,67542.65,3103
30-03-2026 10:30,67542.65,67725.49,67369.23,67419.64,2510
30-03-2026 11:30,67419.64,67511.68,67207.28,67233.85,2160
30-03-2026 12:30,67233.85,67553.09,67160.96,67552.48,2227
30-03-2026 13:30,67552.48,67857.85,67532.83,67598.41,3152
30-03-2026 14:30,67598.41,67632.06,67386.53,67428.50,1966
30-03-2026 15:30,67428.50,67445.78,67285.00,67415.81,2137
30-03-2026 16:30,67419.40,67891.07,67415.80,67610.75,3395
30-03-2026 17:30,67610.75,67914.53,67590.38,67838.55,4512
30-03-2026 18:30,67838.55,68093.61,67382.29,67461.49,5652
30-03-2026 19:30,67461.49,67797.43,67024.05,67739.53,7316
30-03-2026 20:30,67739.53,67831.10,67345.29,67563.86,5468
30-03-2026 21:30,67563.86,67578.02,67156.34,67298.90,4230
30-03-2026 22:30,67298.42,67402.10,66578.75,66758.58,4720
30-03-2026 23:30,66758.58,66851.53,66436.71,66577.53,5269
31-03-2026 00:30,66573.31,66591.68,66160.99,66473.15,5516
31-03-2026 01:30,66469.53,66614.28,66451.94,66580.51,2593
31-03-2026 02:30,66580.51,66924.07,66520.69,66735.50,3812
31-03-2026 03:30,66740.22,66923.62,66615.42,66716.58,3472
31-03-2026 04:30,66716.58,66724.02,66344.50,66723.83,3428
31-03-2026 05:30,66723.66,67224.74,66477.05,67133.81,5358
31-03-2026 06:30,67138.33,68327.45,66978.11,67861.02,7286
31-03-2026 07:30,67861.02,68021.20,67698.30,67871.78,3141
31-03-2026 08:30,67871.79,67934.42,67575.05,67634.31,4824
31-03-2026 09:30,67634.31,67790.44,67437.90,67468.99,4788
31-03-2026 10:30,67468.99,67704.99,67319.33,67606.52,4336
31-03-2026 11:30,67606.52,67636.38,67255.90,67420.64,3877
31-03-2026 12:30,67425.25,67450.43,67023.05,67290.63,4433
31-03-2026 13:30,67290.63,67424.11,66613.52,66706.89,4704
31-03-2026 14:30,66706.89,66836.26,65924.20,66043.78,5619
31-03-2026 15:30,66043.78,66393.47,66015.28,66287.93,4815
31-03-2026 16:30,66287.79,66807.81,66161.80,66611.58,5239
31-03-2026 17:30,66611.58,66870.63,66458.90,66592.34,6301
31-03-2026 18:30,66592.34,67337.69,66592.34,67227.98,6394
31-03-2026 19:30,67222.24,67686.45,66362.49,66502.67,8043
31-03-2026 20:30,66502.67,67213.61,66502.67,66663.67,7455
31-03-2026 21:30,66664.13,67938.90,66657.28,67589.47,7429
31-03-2026 22:30,67588.96,68504.46,67328.43,67446.15,8456
31-03-2026 23:30,67446.15,67864.46,67442.70,67775.17,5376
01-04-2026 00:30,67775.17,67949.15,67644.01,67769.72,5327
01-04-2026 01:30,67771.28,68193.78,67753.91,68185.10,3893
01-04-2026 02:30,68185.10,68333.97,67804.95,68200.26,3544
01-04-2026 03:30,68200.26,68268.52,67884.73,68096.65,4341
01-04-2026 04:30,68100.41,68295.03,68008.22,68202.26,4402
01-04-2026 05:30,68202.26,68256.87,67789.46,68250.35,5403
01-04-2026 06:30,68250.35,68286.35,67698.34,67713.23,4594
01-04-2026 07:30,67713.23,67837.90,67516.36,67597.43,4920
01-04-2026 08:30,67597.43,68172.21,67594.73,68098.48,3442
01-04-2026 09:30,68098.48,68387.65,67956.52,68239.07,3472
01-04-2026 10:30,68239.07,68679.39,68084.78,68386.40,3747
01-04-2026 11:30,68386.40,69169.68,68384.38,69052.71,4985
01-04-2026 12:30,69052.71,69248.39,68622.97,68643.61,5617
01-04-2026 13:30,68641.84,68805.30,68412.61,68617.44,6119
01-04-2026 14:30,68617.44,68687.55,68347.34,68606.85,5634
01-04-2026 15:30,68606.85,68630.38,68371.43,68544.21,4210
01-04-2026 16:30,68543.97,68703.83,68468.21,68679.24,3409
01-04-2026 17:30,68673.55,68736.51,68222.81,68351.66,5177
01-04-2026 18:30,68352.77,68640.10,67893.76,68060.30,6498
01-04-2026 19:30,68059.71,68642.74,68018.20,68554.87,8098
01-04-2026 20:30,68551.42,68922.37,68388.88,68887.94,7269
01-04-2026 21:30,68887.48,68956.02,68579.20,68783.02,5759
01-04-2026 22:30,68782.08,69136.93,68210.75,68230.34,5904
01-04-2026 23:30,68229.55,68287.85,67907.06,68051.13,5840
02-04-2026 00:30,68051.12,68255.67,67995.36,68144.53,4381
02-04-2026 01:30,68144.53,68228.40,67937.45,68171.44,3502
02-04-2026 02:30,68171.44,68505.10,68144.13,68340.90,4111
02-04-2026 03:30,68342.65,68342.65,68050.65,68101.23,3728
02-04-2026 04:30,68101.23,68232.71,67972.18,68089.46,3355
02-04-2026 05:30,68089.46,68634.13,68027.83,68581.97,5007
02-04-2026 06:30,68581.96,68581.97,67029.78,67334.84,8474
02-04-2026 07:30,67334.84,67334.84,66604.17,66841.67,6232
02-04-2026 08:30,66841.67,66951.16,66486.70,66555.97,3857
02-04-2026 09:30,66555.97,66634.83,66204.11,66309.32,3530
02-04-2026 10:30,66309.32,66618.36,66286.18,66565.95,2310
02-04-2026 11:30,66565.95,66800.61,66523.65,66654.20,2090
02-04-2026 12:30,66654.20,66907.32,66534.21,66899.18,2855
02-04-2026 13:30,66899.18,66899.18,66397.99,66415.91,2881
02-04-2026 14:30,66415.91,66485.58,66268.14,66439.68,3745
02-04-2026 15:30,66439.68,66485.40,66203.45,66435.04,3511
02-04-2026 16:30,66435.04,66462.64,66142.20,66185.23,3256
02-04-2026 17:30,66185.23,66219.65,65936.81,66026.34,5482
02-04-2026 18:30,66026.34,66249.76,65711.28,66239.55,8165
02-04-2026 19:30,66241.09,67079.09,66142.33,66845.15,8761
02-04-2026 20:30,66845.15,66960.74,66620.09,66826.35,7647
02-04-2026 21:30,66826.68,67250.82,66732.46,67074.72,7619
02-04-2026 22:30,67070.59,67410.69,66643.33,66661.86,6214
02-04-2026 23:30,66661.86,67048.62,66577.77,66963.51,5501
03-04-2026 00:30,66963.51,67092.94,66856.68,66960.80,5193
03-04-2026 01:30,66960.96,67083.76,66783.23,66925.88,3625
03-04-2026 02:30,66925.88,66994.94,66713.89,66923.59,3084
03-04-2026 03:30,66923.62,67029.47,66809.33,66972.61,3225
03-04-2026 04:30,66972.61,67076.01,66834.97,66884.99,2362
03-04-2026 05:30,66885.74,66982.97,66685.08,66770.83,2949
03-04-2026 06:30,66771.19,66888.60,66477.99,66614.09,3626
03-04-2026 07:30,66614.09,66732.98,66265.16,66515.61,4699
03-04-2026 08:30,66515.61,66705.57,66474.40,66564.35,3483
03-04-2026 09:30,66564.35,66676.65,66487.05,66588.17,3526
03-04-2026 10:30,66588.17,66792.18,66400.24,66588.83,3309
03-04-2026 11:30,66588.83,66783.13,66548.30,66779.86,2607
03-04-2026 12:30,66779.86,67238.34,66739.15,67026.23,3290
03-04-2026 13:30,67026.23,67271.40,66887.83,66952.65,3278
03-04-2026 14:30,66952.65,66993.76,66728.75,66846.51,2164
03-04-2026 15:30,66846.51,66884.67,66663.14,66864.91,3725
03-04-2026 16:30,66864.91,67042.86,66806.86,66999.74,2990
03-04-2026 17:30,66999.74,67337.22,66628.75,66711.97,4867
03-04-2026 18:30,66711.97,66723.04,66496.70,66657.71,4056
03-04-2026 19:30,66657.71,66976.24,66617.84,66915.47,3668
03-04-2026 20:30,66915.47,67010.16,66795.74,66811.49,2655
03-04-2026 21:30,66811.49,67051.34,66799.77,66988.36,2576
03-04-2026 22:30,66988.36,67049.77,66746.65,66825.11,2426
03-04-2026 23:30,66825.11,66911.64,66759.27,66793.71,1926
04-04-2026 00:30,66793.74,66889.13,66756.57,66871.74,1656
04-04-2026 01:30,66871.74,66900.17,66812.12,66816.32,1724
04-04-2026 02:30,66818.78,66955.79,66809.78,66942.80,1894
04-04-2026 03:30,66942.80,66953.73,66820.38,66871.51,1745
04-04-2026 04:30,66870.68,66946.60,66812.19,66946.60,1716
04-04-2026 05:30,66946.60,66948.39,66852.82,66879.18,1759
04-04-2026 06:30,66879.18,66909.48,66812.24,66837.01,1198
04-04-2026 07:30,66837.01,66904.75,66795.67,66828.41,1164
04-04-2026 08:30,66828.41,66888.52,66812.11,66816.94,1206
04-04-2026 09:30,66817.08,66857.11,66760.61,66844.63,1171
04-04-2026 10:30,66844.63,66915.85,66822.22,66901.29,1520
04-04-2026 11:30,66901.29,67029.61,66887.94,66994.31,1256
04-04-2026 12:30,66992.83,67031.59,66923.40,66995.88,1155
04-04-2026 13:30,66995.88,67038.30,66895.14,66924.51,1461
04-04-2026 14:30,66924.42,66970.72,66897.84,66965.83,911
04-04-2026 15:30,66965.83,67151.26,66895.18,67147.36,1237
04-04-2026 16:30,67147.36,67206.37,67064.42,67138.79,1094
04-04-2026 17:30,67138.79,67164.08,67034.94,67074.31,996
04-04-2026 18:30,67074.31,67250.60,67061.50,67175.93,1293
04-04-2026 19:30,67175.93,67200.91,67012.70,67187.92,1280
04-04-2026 20:30,67187.92,67501.34,67162.19,67364.62,2467
04-04-2026 21:30,67364.62,67502.58,67301.72,67345.52,3044
04-04-2026 22:30,67345.70,67399.34,67266.73,67311.62,1705
04-04-2026 23:30,67311.62,67358.00,67243.95,67270.71,1603
05-04-2026 00:30,67270.59,67521.69,67256.47,67270.64,1775
05-04-2026 01:30,67270.64,67274.77,67166.55,67250.63,902
05-04-2026 02:30,67250.63,67439.13,67197.24,67336.61,1520
05-04-2026 03:30,67336.61,67450.26,67315.90,67382.11,1857
05-04-2026 04:30,67382.11,67382.42,67239.90,67281.08,1482
05-04-2026 05:30,67281.08,67286.80,67141.57,67188.81,915
05-04-2026 06:30,67188.81,67208.63,67055.78,67065.93,971
05-04-2026 07:30,67065.93,67155.83,66955.66,67144.82,1458
05-04-2026 08:30,67144.82,67168.99,67064.15,67124.39,1131
05-04-2026 09:30,67125.12,67168.55,67045.14,67072.39,1028
05-04-2026 10:30,67072.39,67129.45,66873.97,66905.21,1323
05-04-2026 11:30,66905.21,66917.81,66590.06,66772.64,2346
05-04-2026 12:30,66772.64,66888.41,66693.58,66795.21,1708
05-04-2026 13:30,66795.21,66912.62,66789.32,66904.17,1331
05-04-2026 14:30,66904.16,67021.67,66869.54,67005.42,1300
05-04-2026 15:30,67005.42,67114.34,66938.38,67015.25,1201
05-04-2026 16:30,67015.25,67059.74,66951.29,66976.61,1319
05-04-2026 17:30,66976.61,66976.61,66656.89,66757.55,2045
05-04-2026 18:30,66757.55,66890.82,66671.90,66867.69,2276
05-04-2026 19:30,66867.69,66935.03,66795.41,66891.80,2198
05-04-2026 20:30,66891.80,67785.15,66812.87,67280.79,4187
05-04-2026 21:30,67280.79,67381.50,67140.45,67181.99,3052
05-04-2026 22:30,67182.04,67373.41,67155.84,67340.84,2438
05-04-2026 23:30,67340.84,67424.89,67245.26,67381.79,2210
06-04-2026 00:30,67381.79,67524.98,67252.91,67311.68,2078
06-04-2026 01:30,67356.41,67671.14,67303.43,67630.48,2046
06-04-2026 02:30,67630.48,67647.98,67389.68,67520.27,2347
06-04-2026 03:30,67520.27,68339.58,67310.47,68305.17,6309
06-04-2026 04:30,68306.76,69097.70,68228.82,68993.10,5922
06-04-2026 05:30,68993.10,69542.56,68989.65,69049.68,6237
06-04-2026 06:30,69050.00,69098.57,68750.24,68772.74,4585
06-04-2026 07:30,68772.74,69369.92,68738.76,69169.64,4271
06-04-2026 08:30,69168.78,69220.68,69021.94,69084.35,2626
06-04-2026 09:30,69084.35,69174.76,68940.97,69103.49,2727
06-04-2026 10:30,69103.49,69208.62,69047.72,69162.01,1964
06-04-2026 11:30,69162.01,69317.23,68777.18,68949.66,3316
06-04-2026 12:30,68949.66,69181.16,68789.13,69082.79,3063
06-04-2026 13:30,69082.79,69320.96,69052.58,69195.26,3182
06-04-2026 14:30,69195.26,70242.53,69185.10,69710.07,4547
06-04-2026 15:30,69711.03,69936.70,69686.06,69753.46,2952
06-04-2026 16:30,69753.46,69753.46,69549.25,69596.93,2271
06-04-2026 17:30,69596.93,69617.82,69309.55,69349.63,3029
06-04-2026 18:30,69352.65,69525.34,69218.02,69398.28,4390
06-04-2026 19:30,69402.46,69793.81,69156.16,69644.80,7826
06-04-2026 20:30,69644.19,69967.88,69519.25,69956.90,7976
06-04-2026 21:30,69956.54,70339.90,69775.73,69794.14,6528
06-04-2026 22:30,69794.15,69819.47,69265.08,69561.25,6468
06-04-2026 23:30,69561.71,69938.73,69465.65,69887.43,5302
07-04-2026 00:30,69887.43,69889.20,69571.20,69741.28,4577
07-04-2026 01:30,69739.65,69977.91,69602.60,69815.94,3811
07-04-2026 02:30,69815.94,69815.94,69426.53,69502.49,3449
07-04-2026 03:30,69502.49,69581.02,68797.12,68797.98,4695
07-04-2026 04:30,68797.98,68896.77,68320.48,68838.90,6390
07-04-2026 05:30,68838.90,69112.13,68709.08,68757.42,5712
07-04-2026 06:30,68757.42,68885.87,68341.51,68387.84,5548
07-04-2026 07:30,68387.84,68700.58,68260.07,68653.20,3939
07-04-2026 08:30,68653.20,68782.97,68606.17,68762.83,2284
07-04-2026 09:30,68762.83,68974.69,68526.72,68842.94,3096
07-04-2026 10:30,68842.94,68855.54,68599.07,68646.66,2192
07-04-2026 11:30,68646.66,68646.66,68424.56,68552.77,3071
07-04-2026 12:30,68552.77,68687.63,68482.53,68604.76,2592
07-04-2026 13:30,68604.76,68976.19,68583.19,68928.12,3547
07-04-2026 14:30,68928.12,69239.57,68916.00,69138.00,3570
07-04-2026 15:30,69138.00,69194.26,68181.64,68212.64,5440
07-04-2026 16:30,68212.64,68436.85,68050.33,68325.17,3270
07-04-2026 17:30,68325.17,68562.78,68060.87,68378.91,4015
07-04-2026 18:30,68378.91,68622.64,68170.45,68216.88,5450
07-04-2026 19:30,68216.52,68235.59,67757.86,67842.43,8080
07-04-2026 20:30,67842.43,68234.16,67712.19,68141.21,5573
07-04-2026 21:30,68141.21,68426.14,68061.91,68210.10,4755
07-04-2026 22:30,68210.10,68977.63,68169.24,68683.54,4452
07-04-2026 23:30,68683.54,68753.23,68322.33,68417.26,3891
08-04-2026 00:30,68417.26,69068.05,68323.40,68979.94,6883
08-04-2026 01:30,68984.14,69514.13,68984.14,69297.05,4688
08-04-2026 02:30,69297.05,70188.75,69288.64,69904.27,5580
08-04-2026 03:30,69904.27,71493.50,69904.27,71484.70,8397
08-04-2026 04:30,71484.70,72732.32,71174.50,71896.13,8858
08-04-2026 05:30,71895.82,72085.44,71520.86,71683.06,6983
08-04-2026 06:30,71684.69,71734.20,71424.16,71442.63,4535
08-04-2026 07:30,71452.46,71702.98,71219.74,71339.67,4620
08-04-2026 08:30,71339.67,71461.91,71253.75,71271.74,3158
08-04-2026 09:30,71271.74,71658.96,71261.50,71541.02,3810
08-04-2026 10:30,71538.69,71815.68,71538.51,71716.57,2914
08-04-2026 11:30,71716.57,71919.20,71561.90,71714.65,3146
08-04-2026 12:30,71714.65,71894.78,71566.62,71625.68,2695
08-04-2026 13:30,71623.71,71814.04,71623.71,71781.75,3731
08-04-2026 14:30,71781.75,71937.80,71572.29,71663.54,2721
08-04-2026 15:30,71665.51,71768.97,71443.27,71458.09,2504
08-04-2026 16:30,71458.09,71714.07,71398.69,71672.49,2981
08-04-2026 17:30,71672.49,72170.21,71597.83,72064.61,4080
08-04-2026 18:30,72064.61,72842.92,71490.48,71590.02,7823
08-04-2026 19:30,71590.02,71742.07,70672.08,70890.46,7649
08-04-2026 20:30,70890.46,71342.50,70803.17,71295.73,6890
08-04-2026 21:30,71295.73,71690.00,71240.48,71595.58,6902
08-04-2026 22:30,71595.58,71951.96,71485.70,71887.18,5465
08-04-2026 23:30,71887.18,71889.60,71071.40,71087.77,5818
09-04-2026 00:30,71087.77,71373.22,71003.21,71314.94,4219
09-04-2026 01:30,71315.11,71476.07,71271.23,71373.04,3495
09-04-2026 02:30,71373.04,71747.73,71323.96,71542.14,3454
09-04-2026 03:30,71542.14,71558.45,71055.04,71055.04,3388
09-04-2026 04:30,71055.04,71195.89,70898.60,71064.91,4204
09-04-2026 05:30,71064.91,71130.44,70644.08,70801.96,4364
09-04-2026 06:30,70801.96,70943.10,70458.23,70917.54,4440
09-04-2026 07:30,70917.54,71184.61,70804.00,71049.68,3357
09-04-2026 08:30,71049.68,71113.44,70836.87,70984.91,2045
09-04-2026 09:30,70984.91,70999.81,70729.46,70776.19,1902
09-04-2026 10:30,70776.19,71078.29,70686.85,70980.16,2671
09-04-2026 11:30,70980.16,71080.71,70806.25,71027.23,2396
09-04-2026 12:30,71027.23,71111.02,70946.78,70978.18,2061
09-04-2026 13:30,70978.18,71371.98,70862.99,71245.28,2997
09-04-2026 14:30,71245.28,71561.37,71099.89,71525.93,2605
09-04-2026 15:30,71525.93,71531.67,71269.02,71269.02,1826
09-04-2026 16:30,71269.02,71343.36,71041.01,71140.21,2388
09-04-2026 17:30,71140.21,71316.04,71037.09,71275.81,3146
09-04-2026 18:30,71275.81,71346.82,70623.04,70786.35,5283
09-04-2026 19:30,70786.35,71236.98,70510.49,71119.29,5494
09-04-2026 20:30,71118.78,72349.40,70924.36,72143.67,8081
09-04-2026 21:30,72143.67,72392.93,71729.37,72082.06,7593
09-04-2026 22:30,72082.06,72552.98,72071.59,72350.29,7343
09-04-2026 23:30,72350.29,72378.61,71736.24,71886.58,6186
10-04-2026 00:30,71886.58,72295.86,71737.43,72102.71,4689
10-04-2026 01:30,72101.67,72456.03,71982.15,72416.53,4085
10-04-2026 02:30,72415.01,72689.06,72141.95,72255.27,5666
10-04-2026 03:30,72255.27,73124.24,71937.70,71939.34,7467
10-04-2026 04:30,71938.13,72023.24,71578.24,71776.87,5465
10-04-2026 05:30,71776.87,72012.97,71576.74,71959.27,4402
10-04-2026 06:30,71956.71,72380.30,71670.59,72155.84,4888
10-04-2026 07:30,72155.84,72285.54,71908.02,71950.66,3969
10-04-2026 08:30,71950.66,72017.12,71803.31,71865.63,2717
10-04-2026 09:30,71865.63,72195.75,71811.24,72109.28,2989
10-04-2026 10:30,72109.28,72268.58,72006.53,72119.76,3129
10-04-2026 11:30,72119.76,72177.94,71779.62,71794.17,3120
10-04-2026 12:30,71794.17,71827.87,71416.12,71475.70,3607
10-04-2026 13:30,71475.70,71755.36,71414.39,71591.45,3155
10-04-2026 14:30,71591.45,71860.18,71584.74,71772.75,2725
10-04-2026 15:30,71772.75,71921.45,71705.74,71901.16,1704
10-04-2026 16:30,71901.16,72256.47,71894.76,72122.96,2459
10-04-2026 17:30,72122.96,72450.29,72011.91,72258.84,4801
10-04-2026 18:30,72258.84,72412.37,71905.62,72322.73,5613
10-04-2026 19:30,72324.48,73175.93,72272.69,72932.71,7634
10-04-2026 20:30,72932.71,73300.35,72371.79,72468.00,6513
10-04-2026 21:30,72468.49,73066.94,72395.88,72999.05,4508
10-04-2026 22:30,72999.05,73146.64,72809.01,73134.90,4821
10-04-2026 23:30,73134.53,73169.01,72895.57,73115.53,3872
11-04-2026 00:30,73115.53,73275.80,72912.41,73260.46,3207
11-04-2026 01:30,73261.24,73439.34,73066.38,73377.14,3485
11-04-2026 02:30,73378.36,73378.36,72955.74,73210.37,2870
11-04-2026 03:30,73210.37,73266.35,72782.51,72885.42,2681
11-04-2026 04:30,72885.42,72976.73,72803.03,72968.96,2021
11-04-2026 05:30,72968.96,72968.98,72804.55,72848.32,2203
11-04-2026 06:30,72848.32,73019.88,72688.84,72970.40,2586
11-04-2026 07:30,72970.40,73111.48,72923.13,72985.32,2099
11-04-2026 08:30,72988.38,73097.74,72839.84,72890.87,1652
11-04-2026 09:30,72890.87,72980.58,72699.18,72829.21,2530
11-04-2026 10:30,72829.21,72861.02,72691.85,72740.20,1935
11-04-2026 11:30,72740.92,72796.72,72635.99,72788.08,1361
11-04-2026 12:30,72788.08,72852.45,72688.85,72769.52,1106
11-04-2026 13:30,72769.52,72825.94,72653.75,72685.86,1360
11-04-2026 14:30,72684.66,72933.91,72648.40,72928.75,2273
11-04-2026 15:30,72928.75,72940.69,72785.44,72860.98,1652
11-04-2026 16:30,72860.98,72936.91,72842.37,72927.72,1034
11-04-2026 17:30,72926.75,73007.35,72830.40,72955.63,1425
11-04-2026 18:30,72955.63,72955.63,72549.84,72671.94,2145
11-04-2026 19:30,72671.94,72785.44,72622.59,72723.00,1311
11-04-2026 20:30,72723.00,72907.39,72691.49,72877.54,1528
11-04-2026 21:30,72877.54,73218.61,72832.87,73052.73,2249
11-04-2026 22:30,73052.73,73185.48,72956.88,73113.38,1829
11-04-2026 23:30,73113.38,73724.02,73053.81,73563.59,2913
12-04-2026 00:30,73563.59,73802.45,73485.30,73698.60,2900
12-04-2026 01:30,73698.60,73705.62,73237.65,73311.39,2209
12-04-2026 02:30,73311.39,73558.07,73228.47,73442.89,2307
12-04-2026 03:30,73442.89,73583.95,73254.08,73388.01,2329
12-04-2026 04:30,73388.01,73388.01,72927.81,73060.46,2341
12-04-2026 05:30,73060.46,73132.64,72897.92,73094.70,2225
12-04-2026 06:30,73094.70,73153.51,71323.50,71662.21,4759
12-04-2026 07:30,71662.21,71984.47,71368.38,71774.74,3954
12-04-2026 08:30,71774.74,71877.62,71598.60,71598.97,3162
12-04-2026 09:30,71599.35,71695.33,71451.89,71480.92,3275
12-04-2026 10:30,71480.92,71754.98,71426.94,71715.67,2033
12-04-2026 11:30,71715.67,71766.80,71650.64,71674.66,1726
12-04-2026 12:30,71674.66,71765.60,71596.45,71679.17,1837
12-04-2026 13:30,71679.17,71786.15,71610.11,71644.37,1007
12-04-2026 14:30,71644.37,71651.98,71525.82,71550.41,1100
12-04-2026 15:30,71550.41,71697.19,71374.72,71467.26,1323
12-04-2026 16:30,71467.26,71557.97,71431.69,71480.98,1713
12-04-2026 17:30,71480.98,71517.80,71096.14,71102.70,2437
12-04-2026 18:30,71102.70,71156.75,70879.83,70902.97,2979
12-04-2026 19:30,70902.97,71105.82,70706.32,70758.12,3080
12-04-2026 20:30,70758.12,70941.17,70621.92,70900.90,2979
12-04-2026 21:30,70900.90,70964.10,70829.33,70943.02,2258
12-04-2026 22:30,70943.02,71209.56,70907.60,71148.67,2405
12-04-2026 23:30,71150.73,71217.60,71064.56,71148.49,1616
13-04-2026 00:30,71146.60,71202.15,71091.20,71101.87,812
13-04-2026 01:30,71101.87,71444.60,70962.36,71345.58,2257
13-04-2026 02:30,71345.58,71451.15,71172.19,71377.87,2429
13-04-2026 03:30,71378.71,71378.71,70504.96,70905.79,5524
13-04-2026 04:30,70905.79,70905.79,70564.18,70736.76,4019
13-04-2026 05:30,70736.76,71249.88,70604.20,71165.74,3800
13-04-2026 06:30,71165.74,71229.29,71020.57,71194.19,3038
13-04-2026 07:30,71194.19,71274.52,70984.04,71077.43,3065
13-04-2026 08:30,71077.43,71150.56,70913.63,70981.46,2506
13-04-2026 09:30,70977.69,71136.58,70849.34,70892.95,1787
13-04-2026 10:30,70892.95,70927.84,70674.98,70882.82,2660
13-04-2026 11:30,70882.82,71106.36,70882.57,71025.07,1595
13-04-2026 12:30,71025.07,71065.76,70686.63,70819.02,2153
13-04-2026 13:30,70819.02,70868.69,70565.02,70679.71,2749
13-04-2026 14:30,70679.71,70908.89,70674.17,70791.84,1921
13-04-2026 15:30,70791.84,70846.59,70681.71,70749.51,1950
13-04-2026 16:30,70751.69,70993.27,70737.57,70928.31,2311
13-04-2026 17:30,70928.31,71224.37,70754.84,71080.51,2844
13-04-2026 18:30,71080.51,71696.59,70828.75,71669.04,5432
13-04-2026 19:30,71669.16,72439.77,71434.06,72439.77,6613
13-04-2026 20:30,72438.93,72497.80,71668.67,71878.20,6000
13-04-2026 21:30,71878.20,72460.56,71692.08,72225.01,6314
13-04-2026 22:30,72224.89,72598.28,72085.74,72163.71,3775
13-04-2026 23:30,72163.71,72485.11,72078.97,72448.78,3110
14-04-2026 00:30,72448.78,73489.24,72317.26,73355.02,4896
14-04-2026 01:30,73352.50,73414.61,73039.63,73178.35,3863
14-04-2026 02:30,73178.35,73379.76,73101.82,73192.90,3268
14-04-2026 03:30,73192.89,74744.47,73185.92,74645.93,8215
14-04-2026 04:30,74644.90,74902.26,74425.85,74431.11,6642
14-04-2026 05:30,74433.11,74533.13,74117.01,74177.23,4066
14-04-2026 06:30,74177.23,74454.12,74003.87,74404.64,3177
14-04-2026 07:30,74404.64,74580.58,74302.53,74351.43,2741
14-04-2026 08:30,74351.43,74508.49,74267.58,74459.78,2586
14-04-2026 09:30,74459.78,74529.36,74366.89,74406.37,2302
14-04-2026 10:30,74406.37,74449.28,74175.93,74229.13,2011
14-04-2026 11:30,74230.51,74574.22,74230.51,74541.40,2371
14-04-2026 12:30,74541.40,74937.01,74449.56,74573.78,4524
14-04-2026 13:30,74573.77,74926.59,74480.42,74775.03,3711
14-04-2026 14:30,74775.03,74856.50,74458.82,74527.79,3029
14-04-2026 15:30,74527.79,74634.13,74353.90,74364.94,2548
14-04-2026 16:30,74364.94,74474.80,74317.26,74394.91,2935
14-04-2026 17:30,74395.01,74486.20,74289.30,74471.57,3260
14-04-2026 18:30,74471.57,75587.72,74418.38,75584.27,5898
14-04-2026 19:30,75584.27,76072.83,75055.04,75055.04,10477
14-04-2026 20:30,75056.98,75474.91,74610.01,75351.52,7868
14-04-2026 21:30,75348.88,75713.28,74557.09,74674.14,6259
14-04-2026 22:30,74679.01,74975.62,74282.62,74773.08,5246
14-04-2026 23:30,74775.85,74839.02,73860.74,74121.23,4411
15-04-2026 00:30,74121.23,74428.55,73915.27,74263.58,4525
15-04-2026 01:30,74263.58,74473.96,74040.40,74128.73,4050
15-04-2026 02:30,74128.73,74339.67,73970.71,74300.77,3538
15-04-2026 03:30,74300.68,74398.03,73856.33,74051.69,3559
15-04-2026 04:30,74051.69,74256.82,74028.37,74163.68,3821
15-04-2026 05:30,74164.20,74707.34,74144.16,74585.98,5103
15-04-2026 06:30,74585.98,74795.73,74515.44,74634.06,4775
15-04-2026 07:30,74634.06,74725.03,74203.30,74343.46,5785
15-04-2026 08:30,74343.46,74388.82,74193.84,74361.87,4073
15-04-2026 09:30,74361.87,74458.83,74275.86,74359.63,3361
15-04-2026 10:30,74357.51,74450.64,73888.02,74037.48,4337
15-04-2026 11:30,74037.48,74070.30,73883.59,73908.99,2618
15-04-2026 12:30,73906.81,74036.17,73526.94,73754.70,4061
15-04-2026 13:30,73754.70,74206.21,73687.30,74125.16,3458
15-04-2026 14:30,74125.16,74198.59,73919.93,74022.85,3538
15-04-2026 15:30,74022.85,74256.37,73799.76,73871.14,4583
15-04-2026 16:30,73871.14,74262.07,73871.14,74215.61,4039
15-04-2026 17:30,74215.61,74471.69,74062.26,74289.65,4415
15-04-2026 18:30,74289.63,74444.41,73821.34,74059.33,6611
15-04-2026 19:30,74058.69,74518.69,73834.85,74154.09,7499
15-04-2026 20:30,74153.99,74299.94,73592.57,73848.39,5411
15-04-2026 21:30,73846.67,74186.82,73768.47,73941.94,5785
15-04-2026 22:30,73939.68,74244.16,73911.75,74133.95,4549
15-04-2026 23:30,74133.95,74411.14,74069.29,74399.65,4050
16-04-2026 00:30,74399.52,75298.94,74366.17,75017.67,6116
16-04-2026 01:30,75011.08,75048.05,74523.75,74857.31,3844
16-04-2026 02:30,74857.31,74867.25,74563.57,74750.42,2811
16-04-2026 03:30,74750.42,75426.94,74741.20,74974.00,4551
16-04-2026 04:30,74976.38,74977.88,74622.87,74821.35,3672
16-04-2026 05:30,74821.35,74881.04,74475.58,74819.38,3549
16-04-2026 06:30,74819.38,74819.54,74466.31,74661.87,3416
16-04-2026 07:30,74661.87,75273.14,74599.46,74886.15,4753
16-04-2026 08:30,74886.15,75163.35,74864.91,74887.26,4396
16-04-2026 09:30,74886.29,75171.44,74727.68,74944.87,3968
16-04-2026 10:30,74944.87,75147.04,74900.03,75041.00,3564
16-04-2026 11:30,75043.22,75115.41,74850.04,75035.44,3542
16-04-2026 12:30,75035.44,75084.98,74639.52,74704.46,2949
16-04-2026 13:30,74704.46,74751.65,74515.79,74674.66,4390
16-04-2026 14:30,74674.66,74904.71,74596.88,74596.88,3032
16-04-2026 15:30,74596.88,74655.17,74275.44,74308.89,3551
16-04-2026 16:30,74308.89,74583.25,74281.79,74573.46,2696
16-04-2026 17:30,74573.11,74870.64,74569.29,74619.54,2527
16-04-2026 18:30,74619.54,75021.11,73320.64,73786.01,6606
16-04-2026 19:30,73786.01,74190.47,73418.15,73970.74,6905
16-04-2026 20:30,73970.74,74874.49,73932.64,74703.06,6722
16-04-2026 21:30,74703.06,74942.03,74066.19,74178.22,8349
16-04-2026 22:30,74178.22,74444.13,73906.89,74338.02,5508
16-04-2026 23:30,74338.16,75081.18,74235.24,75037.29,6408
17-04-2026 00:30,75037.21,75408.13,74745.75,75355.21,5638
17-04-2026 01:30,75355.72,75522.08,74999.01,75221.28,4534
17-04-2026 02:30,75221.28,75277.63,74810.26,74932.80,3307
17-04-2026 03:30,74932.80,75122.03,74832.99,74875.47,3329
17-04-2026 04:30,74875.47,75183.43,74843.84,75153.42,3861
17-04-2026 05:30,75153.42,75164.81,74888.89,74945.31,5191
17-04-2026 06:30,74945.31,75044.95,74572.40,74751.55,3030
17-04-2026 07:30,74751.55,74810.90,74547.19,74707.34,1969
17-04-2026 08:30,74707.34,74845.15,74608.79,74618.23,1932
17-04-2026 09:30,74618.23,74859.15,74589.06,74792.63,1682
17-04-2026 10:30,74792.63,74813.44,74560.09,74641.63,2201
17-04-2026 11:30,74641.63,74948.35,74600.70,74941.60,1782
17-04-2026 12:30,74941.60,75105.00,74940.77,75079.01,2218
17-04-2026 13:30,75079.01,75878.26,74997.42,75790.55,3307
17-04-2026 14:30,75790.40,76371.41,75528.02,75794.59,5337
17-04-2026 15:30,75794.59,75894.85,75099.18,75278.84,4575
17-04-2026 16:30,75278.84,75617.68,75250.84,75601.54,3946
17-04-2026 17:30,75601.54,76285.74,75535.15,76249.51,7535
17-04-2026 18:30,76245.82,77447.18,76083.59,77372.15,11635
17-04-2026 19:30,77372.54,78084.51,77034.68,77942.48,9881
17-04-2026 20:30,77941.57,78043.74,77477.57,77825.10,9297
17-04-2026 21:30,77825.10,78355.02,77756.08,77890.04,6438
17-04-2026 22:30,77891.70,77951.42,77130.48,77544.82,7842
17-04-2026 23:30,77544.82,77597.32,77106.61,77178.46,7411
18-04-2026 00:30,77177.87,77511.99,77029.21,77436.09,5928
18-04-2026 01:30,77432.51,77636.40,77170.81,77364.51,3268
18-04-2026 02:30,77357.79,77511.99,77293.85,77459.51,1891
18-04-2026 03:30,77459.51,77534.49,77282.52,77324.48,2192
18-04-2026 04:30,77318.51,77322.39,76919.64,77082.59,1889
18-04-2026 05:30,77082.59,77272.18,76996.14,77187.22,3463
18-04-2026 06:30,77187.22,77349.28,77129.09,77236.52,2964
18-04-2026 07:30,77236.52,77428.17,77138.39,77310.15,2320
18-04-2026 08:30,77310.15,77314.90,76982.64,77027.43,2173
18-04-2026 09:30,77027.43,77181.73,76910.59,77125.20,1926
18-04-2026 10:30,77126.98,77282.58,77125.19,77149.02,1383
18-04-2026 11:30,77149.02,77239.93,77075.09,77142.50,1472
18-04-2026 12:30,77142.50,77148.31,76907.70,77005.17,1518
18-04-2026 13:30,77005.17,77055.75,76518.71,76746.35,2997
18-04-2026 14:30,76746.35,76746.35,76427.96,76615.93,2677
18-04-2026 15:30,76615.93,76615.93,76153.20,76207.26,2801
18-04-2026 16:30,76207.26,76207.42,75776.58,76054.25,3159
18-04-2026 17:30,76054.25,76311.09,76054.25,76218.20,2701
18-04-2026 18:30,76218.20,76229.61,75811.37,76133.43,2989
18-04-2026 19:30,76133.43,76298.84,75991.67,76265.36,1959
18-04-2026 20:30,76265.36,76366.49,76025.19,76176.65,1543
18-04-2026 21:30,76176.65,76234.09,75709.41,75952.92,2571
18-04-2026 22:30,75952.92,75973.53,75795.57,75836.95,2076
18-04-2026 23:30,75836.95,75857.69,75459.20,75657.50,2687
19-04-2026 00:30,75657.50,75813.53,75591.09,75663.77,1393
19-04-2026 01:30,75663.77,75860.65,75617.18,75769.79,1321
19-04-2026 02:30,75769.79,75861.73,75617.55,75835.42,1533
19-04-2026 03:30,75835.42,75884.82,75623.02,75834.09,1572
19-04-2026 04:30,75834.09,75895.39,75714.70,75715.44,1341
19-04-2026 05:30,75715.50,75869.00,75575.06,75698.73,2120
19-04-2026 06:30,75698.73,75808.95,75468.98,75636.97,1531
19-04-2026 07:30,75636.97,75699.34,75425.14,75507.13,1962
19-04-2026 08:30,75508.76,75656.78,75375.70,75531.37,1870
19-04-2026 09:30,75531.37,75799.85,75435.92,75684.22,2339
19-04-2026 10:30,75684.22,75710.91,75534.59,75564.90,1320
19-04-2026 11:30,75564.90,75568.29,75311.79,75410.91,1967
19-04-2026 12:30,75410.91,75410.91,74924.37,75275.19,3107
19-04-2026 13:30,75275.19,75321.45,75094.08,75278.11,2090
19-04-2026 14:30,75278.11,75287.71,74940.07,75040.58,2042
19-04-2026 15:30,75040.58,75251.03,74955.16,75231.06,2913
19-04-2026 16:30,75231.06,75647.62,75226.96,75622.39,3305
19-04-2026 17:30,75622.39,75715.72,75452.58,75596.95,3171
19-04-2026 18:30,75596.95,76256.83,75573.22,75934.31,4184
19-04-2026 19:30,75934.31,76157.00,75690.36,76040.60,4534
19-04-2026 20:30,76040.60,76177.74,75436.89,75869.69,4321
19-04-2026 21:30,75869.69,75880.13,75329.69,75402.08,4080
19-04-2026 22:30,75402.16,75404.41,74671.03,74805.89,4259
19-04-2026 23:30,74805.89,74920.24,74611.31,74791.74,3445
20-04-2026 00:30,74791.74,75080.90,74791.74,74970.04,2355
20-04-2026 01:30,74970.04,74973.65,74443.11,74701.33,3408
20-04-2026 02:30,74655.55,74827.36,74382.12,74438.81,3408
20-04-2026 03:30,74438.77,74438.77,73768.60,74056.52,7523
20-04-2026 04:30,74053.01,74055.14,73800.43,73805.58,5250
20-04-2026 05:30,73811.03,74365.83,73736.42,74289.85,5667
20-04-2026 06:30,74289.85,74751.28,74224.02,74606.50,5844
20-04-2026 07:30,74606.50,74643.88,74320.35,74422.00,3950
20-04-2026 08:30,74422.00,74659.09,74375.26,74652.97,3237
20-04-2026 09:30,74652.97,74657.35,74452.95,74575.48,2277
20-04-2026 10:30,74575.48,74575.48,74110.41,74284.15,3034
20-04-2026 11:30,74284.15,74895.66,74262.72,74804.81,4231
20-04-2026 12:30,74804.81,75573.94,74678.14,74839.48,6565
20-04-2026 13:30,74839.48,75004.62,74621.02,74738.33,4815
20-04-2026 14:30,74738.33,75248.20,74711.16,75078.84,4240
20-04-2026 15:30,75078.84,75423.38,75018.67,75045.99,3495
20-04-2026 16:30,75045.99,75299.24,74970.52,75205.21,3660
20-04-2026 17:30,75199.72,75669.63,75092.70,75311.18,4463
20-04-2026 18:30,75311.18,75464.48,74892.09,75300.28,7654
20-04-2026 19:30,75300.27,75784.76,74943.57,75056.99,9049
20-04-2026 20:30,75056.99,75778.40,74717.58,75732.06,8554
20-04-2026 21:30,75732.06,75743.06,75312.62,75361.82,5855
20-04-2026 22:30,75363.55,75984.81,75307.30,75921.46,6582
20-04-2026 23:30,75921.57,76474.11,75920.49,76440.25,6440
21-04-2026 00:30,76444.06,76503.36,76166.22,76316.38,3644
21-04-2026 01:30,76313.42,76571.11,76142.51,76302.01,3326
21-04-2026 02:30,76302.01,76390.46,75798.83,75969.34,2566
21-04-2026 03:30,75969.34,76165.24,75917.82,75989.46,3093
21-04-2026 04:30,75989.46,75989.46,75633.12,75850.92,3186
21-04-2026 05:30,75849.81,76114.78,75706.79,76107.21,4310
21-04-2026 06:30,76106.68,76270.61,75879.23,75937.70,4340
21-04-2026 07:30,75937.51,75943.00,75589.88,75598.63,4101
21-04-2026 08:30,75598.63,75732.24,75501.05,75725.43,3257
21-04-2026 09:30,75725.43,75838.57,75618.15,75825.42,1954
21-04-2026 10:30,75825.42,75989.77,75796.70,75820.60,1979
21-04-2026 11:30,75820.60,76138.62,75710.86,75986.62,2573
21-04-2026 12:30,75986.62,76311.11,75832.07,76102.90,3473
21-04-2026 13:30,76102.90,76903.77,76078.42,76527.97,4230
21-04-2026 14:30,76527.97,76586.85,76170.62,76382.03,4219
21-04-2026 15:30,76382.03,76889.80,76364.22,76759.77,4235
21-04-2026 16:30,76759.77,76773.99,76353.92,76463.06,4935
21-04-2026 17:30,76468.79,76540.50,75728.39,76020.80,4990
21-04-2026 18:30,76020.19,76197.07,75740.32,75913.94,7043
21-04-2026 19:30,75913.90,76599.59,75631.76,75677.96,7412
21-04-2026 20:30,75677.42,75984.11,75462.15,75833.96,7032
21-04-2026 21:30,75833.96,76192.68,75761.20,75781.24,6274
21-04-2026 22:30,75781.00,75901.23,75080.36,75552.15,7381
21-04-2026 23:30,75552.15,75670.94,75310.27,75612.91,5011
22-04-2026 00:30,75610.01,75920.88,74826.48,75016.59,6186
22-04-2026 01:30,75016.09,75861.31,74978.52,75725.88,4294
22-04-2026 02:30,75725.88,75781.37,75451.74,75553.45,2030
22-04-2026 03:30,75553.45,75653.49,75305.47,75653.49,2932
22-04-2026 04:30,75653.49,76427.35,75627.35,76337.72,3313
22-04-2026 05:30,76337.72,76504.70,76226.94,76377.01,3693
22-04-2026 06:30,76377.01,76422.79,76139.48,76301.85,2768
22-04-2026 07:30,76301.85,77649.67,76228.15,77609.86,5646
22-04-2026 08:30,77609.03,77732.43,77414.52,77526.03,4423
22-04-2026 09:30,77526.03,77703.95,77368.56,77523.67,3095
22-04-2026 10:30,77523.67,78429.38,77453.54,77975.60,5719
22-04-2026 11:30,77975.60,78033.32,77892.41,78004.93,2204
22-04-2026 12:30,78004.93,78105.58,77815.88,78007.78,2199
22-04-2026 13:30,78007.78,78208.68,77942.88,78005.91,3409
22-04-2026 14:30,78005.91,78181.63,77955.16,78000.13,2971
22-04-2026 15:30,78000.13,78177.01,77948.53,78159.20,2611
22-04-2026 16:30,78159.20,78399.35,78100.71,78310.97,3651
22-04-2026 17:30,78310.97,78506.28,78123.12,78243.40,4501
22-04-2026 18:30,78243.40,78862.57,78169.25,78860.64,7563
22-04-2026 19:30,78860.39,79161.71,78575.41,79048.33,5214
22-04-2026 20:30,79048.33,79420.97,78842.79,79293.99,4791
22-04-2026 21:30,79293.99,79470.89,78646.28,78752.94,4303
22-04-2026 22:30,78752.94,79042.51,78707.86,78916.26,4460
22-04-2026 23:30,78916.26,79181.49,78834.62,79042.46,2902
23-04-2026 00:30,79042.46,79069.07,78706.51,78858.00,3724
23-04-2026 01:30,78856.94,78930.79,78424.31,78437.47,3482
23-04-2026 02:30,78437.47,78831.27,78431.33,78774.72,1896
23-04-2026 03:30,78774.72,78843.14,78466.24,78613.81,2502
23-04-2026 04:30,78613.81,78619.53,78169.07,78191.19,3419
23-04-2026 05:30,78191.41,78574.16,77590.82,78444.71,6879
23-04-2026 06:30,78451.93,78472.66,78075.16,78362.74,4607
23-04-2026 07:30,78362.74,78368.07,77765.73,77951.46,6795
23-04-2026 08:30,77951.46,78034.84,77484.50,77750.14,5347
23-04-2026 09:30,77750.14,77958.79,77678.01,77920.05,4097
23-04-2026 10:30,77920.05,78100.58,77776.39,78034.58,3193
23-04-2026 11:30,78034.58,78354.82,78034.58,78224.23,2963
23-04-2026 12:30,78224.23,78265.00,77988.85,78064.97,3071
23-04-2026 13:30,78064.97,78187.70,77722.12,77861.77,3350
23-04-2026 14:30,77861.77,77872.21,77447.74,77653.07,3675
23-04-2026 15:30,77653.07,77722.37,77184.56,77410.43,4237
23-04-2026 16:30,77413.51,77755.71,77381.64,77706.75,4296
23-04-2026 17:30,77706.75,77876.37,77554.98,77875.43,4798
23-04-2026 18:30,77875.43,77920.67,77401.48,77533.80,6078
23-04-2026 19:30,77533.80,78222.93,77413.93,78194.94,7492
23-04-2026 20:30,78194.94,78675.79,77996.44,78394.75,6636
23-04-2026 21:30,78394.76,78534.29,78048.19,78117.44,5464
23-04-2026 22:30,78117.44,78206.81,76964.60,77780.99,9914
23-04-2026 23:30,77780.99,78162.95,77680.21,77681.57,6556
24-04-2026 00:30,77682.86,77905.94,77605.55,77722.15,5933
24-04-2026 01:30,77725.93,78056.28,77653.65,77887.42,3501
24-04-2026 02:30,77887.42,78076.35,77798.10,77874.47,2061
24-04-2026 03:30,77874.47,78350.52,77874.47,78241.49,3047
24-04-2026 04:30,78241.49,78311.34,78030.27,78264.34,2475
24-04-2026 05:30,78264.34,78500.64,78175.19,78430.33,3126
24-04-2026 06:30,78430.33,78466.49,77964.73,78441.26,3469
24-04-2026 07:30,78442.21,78577.39,78076.60,78138.11,3362
24-04-2026 08:30,78138.11,78184.69,77574.99,77739.84,3636
24-04-2026 09:30,77739.84,77862.63,77487.30,77668.12,3772
24-04-2026 10:30,77668.12,78044.02,77455.12,77958.70,3004
24-04-2026 11:30,77958.70,77983.50,77770.73,77797.72,2441
24-04-2026 12:30,77797.58,77864.71,77551.33,77661.42,2294
24-04-2026 13:30,77661.42,78015.83,77574.31,77793.16,3765
24-04-2026 14:30,77792.24,77812.21,77418.75,77534.49,3358
24-04-2026 15:30,77534.49,77787.70,77444.28,77750.51,2858
24-04-2026 16:30,77750.51,78384.30,77750.51,78240.65,5414
24-04-2026 17:30,78240.51,78362.74,78025.34,78274.99,3840
24-04-2026 18:30,78275.08,78468.98,77907.38,78095.05,6398
24-04-2026 19:30,78095.05,78095.48,77686.84,78050.16,9857
24-04-2026 20:30,78050.16,78231.35,77586.50,78052.42,6668
24-04-2026 21:30,78051.63,78074.62,77591.11,77787.30,4110
24-04-2026 22:30,77782.76,77824.25,77486.94,77688.74,3936
24-04-2026 23:30,77688.73,77727.88,77370.43,77622.11,3450
25-04-2026 00:30,77623.61,77749.45,77537.05,77637.10,2963
25-04-2026 01:30,77637.39,77766.40,77459.52,77733.14,1920
25-04-2026 02:30,77709.05,77767.20,77549.93,77549.93,1898
25-04-2026 03:30,77549.93,77630.48,77273.53,77343.44,1720
25-04-2026 04:30,77343.44,77461.35,77343.35,77443.07,1012
25-04-2026 05:30,77443.07,77503.27,77313.81,77467.94,945
25-04-2026 06:30,77470.65,77629.94,77443.60,77544.62,1010
25-04-2026 07:30,77544.62,77654.28,77507.30,77623.65,1056
25-04-2026 08:30,77623.65,77724.25,77559.16,77684.38,1127
25-04-2026 09:30,77684.40,77710.78,77606.38,77625.62,1635
25-04-2026 10:30,77625.62,77625.62,77494.18,77526.68,1178
25-04-2026 11:30,77526.68,77593.78,77493.90,77510.91,1428
25-04-2026 12:30,77510.91,77582.70,77454.51,77504.67,1429
25-04-2026 13:30,77504.67,77671.43,77495.43,77657.28,2162
25-04-2026 14:30,77657.14,77783.00,77595.25,77722.81,1486
25-04-2026 15:30,77722.81,77885.02,77722.81,77793.91,1096
25-04-2026 16:30,77793.91,77793.91,77618.70,77694.41,1010
25-04-2026 17:30,77694.41,77719.18,77551.84,77560.63,888
25-04-2026 18:30,77561.50,77715.18,77561.50,77692.53,1268
25-04-2026 19:30,77692.53,77756.69,77638.44,77664.59,1257
25-04-2026 20:30,77664.56,77729.45,77308.01,77338.58,1227
25-04-2026 21:30,77338.58,77465.68,77168.74,77412.37,2237
25-04-2026 22:30,77412.37,77415.55,77219.92,77259.07,1292
25-04-2026 23:30,77259.07,77399.22,77226.72,77304.19,1324
26-04-2026 00:30,77304.19,77355.78,77196.55,77324.47,1158
26-04-2026 01:30,77324.33,77489.07,77313.82,77481.57,1120
26-04-2026 02:30,77481.57,77539.08,77418.75,77538.61,1485
26-04-2026 03:30,77538.61,77642.80,77501.58,77562.45,1367
26-04-2026 04:30,77562.45,77652.80,77532.77,77635.18,1044
26-04-2026 05:30,77635.18,77648.44,77452.91,77504.83,1424
26-04-2026 06:30,77504.83,77576.59,77453.07,77463.77,1238
26-04-2026 07:30,77463.77,77604.40,77456.35,77529.77,1266
26-04-2026 08:30,77529.77,77549.02,77329.44,77393.16,1669
26-04-2026 09:30,77393.16,77814.74,77379.40,77774.50,1843
26-04-2026 10:30,77774.50,78199.07,77720.46,77989.36,2300
26-04-2026 11:30,78014.20,78054.05,77904.46,78005.64,1166
26-04-2026 12:30,78005.64,78123.24,77968.86,78110.69,1117
26-04-2026 13:30,78110.69,78211.10,78031.39,78034.39,948
26-04-2026 14:30,78034.39,78052.26,77926.37,78011.31,616
26-04-2026 15:30,78011.31,78061.44,77959.85,78009.03,611
26-04-2026 16:30,78009.03,78162.77,78009.03,78102.38,1241
26-04-2026 17:30,78102.38,78119.63,77769.17,77835.40,1689
26-04-2026 18:30,77836.33,77996.32,77796.51,77975.69,1867
26-04-2026 19:30,77975.69,78155.20,77874.88,78095.99,2752
26-04-2026 20:30,78095.99,78125.51,78000.58,78050.54,2132
26-04-2026 21:30,78050.54,78087.77,77929.83,77929.83,925
26-04-2026 22:30,77929.83,78060.70,77852.98,78018.93,1000
26-04-2026 23:30,78018.93,78342.80,77991.23,78269.09,1826
27-04-2026 00:30,78239.84,78505.00,78027.19,78242.23,2841
27-04-2026 01:30,78242.23,78394.43,78158.23,78212.94,1807
27-04-2026 02:30,78206.62,78921.26,77858.19,78420.17,3017
27-04-2026 03:30,78420.28,78848.49,77979.73,78318.34,5174
27-04-2026 04:30,78318.34,78888.81,78043.84,78658.97,4356
27-04-2026 05:30,78659.83,79371.22,78407.38,79258.29,5031
27-04-2026 06:30,79258.98,79477.63,78742.50,79286.14,6056
27-04-2026 07:30,79286.14,79306.84,79035.09,79134.17,3231
27-04-2026 08:30,79132.83,79319.33,79077.60,79107.83,2892
27-04-2026 09:30,79107.83,79162.97,78882.42,78926.44,2540
27-04-2026 10:30,78926.44,78940.85,77573.19,77782.31,5640
27-04-2026 11:30,77782.31,77868.47,77467.17,77695.12,2823
27-04-2026 12:30,77695.12,77728.94,77556.48,77600.83,2162
27-04-2026 13:30,77600.83,77803.76,77547.47,77798.61,2919
27-04-2026 14:30,77798.61,77974.22,77690.87,77886.86,2072
27-04-2026 15:30,77886.86,77919.06,77774.91,77841.88,1446
27-04-2026 16:30,77841.88,77884.20,77728.99,77831.95,1564
27-04-2026 17:30,77831.95,77862.44,77605.71,77653.05,2437
27-04-2026 18:30,77653.05,77957.72,77556.89,77734.45,5706
27-04-2026 19:30,77734.45,78249.36,77662.17,77804.49,6182
27-04-2026 20:30,77806.93,77820.79,76551.22,76762.64,7714
27-04-2026 21:30,76762.64,76846.07,76522.23,76600.51,3949
27-04-2026 22:30,76600.51,76910.71,76600.51,76712.68,3645
27-04-2026 23:30,76712.68,76871.55,76634.67,76801.41,3263
28-04-2026 00:30,76802.19,76876.56,76436.50,76856.35,4178
28-04-2026 01:30,76856.35,77034.92,76822.56,76939.97,1899
28-04-2026 02:30,76939.97,76962.27,76754.23,76754.23,2063
28-04-2026 03:30,76754.23,77059.50,76726.27,77049.07,1836
28-04-2026 04:30,77049.07,77424.32,76991.65,77344.82,2546
28-04-2026 05:30,77344.82,77455.60,77190.33,77361.27,4377
28-04-2026 06:30,77361.27,77379.67,77021.06,77073.08,3858
28-04-2026 07:30,77073.08,77196.82,76659.47,76861.37,4664
28-04-2026 08:30,76861.37,76878.27,76649.30,76793.99,3138
28-04-2026 09:30,76793.99,76934.06,76670.34,76870.23,2523
28-04-2026 10:30,76870.23,77130.54,76792.48,76861.08,2808
28-04-2026 11:30,76862.79,77013.57,76561.32,76687.66,3883
28-04-2026 12:30,76687.66,76893.66,76417.48,76856.37,4136
28-04-2026 13:30,76856.37,76983.08,76722.43,76834.46,2133
28-04-2026 14:30,76834.46,76842.22,76469.79,76574.32,2122
28-04-2026 15:30,76574.32,76671.14,76461.83,76594.27,1812
28-04-2026 16:30,76594.27,76625.78,76104.90,76209.47,3997
28-04-2026 17:30,76209.47,76401.29,76148.72,76367.83,3681
28-04-2026 18:30,76367.83,76393.82,75949.33,76172.00,5462
28-04-2026 19:30,76172.00,76182.11,75643.99,75924.82,5674
28-04-2026 20:30,75924.82,76061.40,75808.80,76038.76,4245
28-04-2026 21:30,76040.01,76186.84,75848.76,76097.47,3587
28-04-2026 22:30,76097.47,76240.18,75926.29,76162.74,2961
28-04-2026 23:30,76162.74,76256.80,76106.50,76209.03,2038
29-04-2026 00:30,76209.03,76359.11,76032.51,76306.29,2100
29-04-2026 01:30,76304.20,76457.90,76302.01,76446.69,1916
29-04-2026 02:30,76446.69,76466.52,76244.59,76334.24,1895
29-04-2026 03:30,76334.24,76429.21,76190.76,76216.73,2104
29-04-2026 04:30,76216.73,76344.47,76168.37,76311.05,1158
29-04-2026 05:30,76309.77,76532.38,76246.64,76487.06,1689
29-04-2026 06:30,76487.08,76628.62,76151.35,76541.57,2950
29-04-2026 07:30,76541.30,76633.91,76368.42,76493.98,2135
29-04-2026 08:30,76493.98,77101.87,76486.10,76969.06,3771
29-04-2026 09:30,76969.06,77431.27,76857.67,77243.94,3462
29-04-2026 10:30,77241.80,77303.88,77166.84,77263.77,2552
29-04-2026 11:30,77263.77,77307.66,76906.91,77001.30,2489
29-04-2026 12:30,77001.30,77157.14,76986.28,77020.56,2114
29-04-2026 13:30,77020.56,77128.82,76936.48,77014.04,2460
29-04-2026 14:30,77014.04,77774.05,76939.08,77626.28,3322
29-04-2026 15:30,77626.28,77884.24,77536.46,77594.45,3688
29-04-2026 16:30,77594.45,77667.37,77459.70,77565.22,2310
29-04-2026 17:30,77565.22,77581.32,76961.64,77113.28,3298
29-04-2026 18:30,77113.28,77211.36,76395.50,76737.65,5702
29-04-2026 19:30,76737.65,76836.99,76439.15,76536.46,5252
29-04-2026 20:30,76536.46,76600.56,75656.86,75862.35,7357
29-04-2026 21:30,75876.69,76086.82,75649.86,75754.59,5058
29-04-2026 22:30,75757.03,76129.53,75757.03,76129.53,4554
29-04-2026 23:30,76129.58,76204.01,74909.33,75468.72,7170
30-04-2026 00:30,75468.72,75549.19,75249.58,75516.32,4763
30-04-2026 01:30,75519.00,75815.25,75446.84,75634.78,5261
30-04-2026 02:30,75634.78,76038.12,75557.93,75891.85,2039
30-04-2026 03:30,75891.85,75966.46,75773.09,75883.02,2984
30-04-2026 04:30,75883.02,75949.04,75670.14,75737.72,2309
30-04-2026 05:30,75737.72,76290.41,75609.82,76224.06,3718
30-04-2026 06:30,76206.50,76417.14,76136.52,76195.35,3335
30-04-2026 07:30,76195.35,76311.39,75455.35,75654.86,4695
30-04-2026 08:30,75654.86,75953.24,75613.95,75885.43,2784
30-04-2026 09:30,75885.43,75924.89,75360.97,75438.98,4973
30-04-2026 10:30,75438.50,75708.05,75279.52,75556.34,3861
30-04-2026 11:30,75556.34,75827.60,75530.47,75711.03,3735
30-04-2026 12:30,75711.03,76131.32,75669.95,76119.10,4497
30-04-2026 13:30,76119.10,76165.18,75975.79,76020.53,2804
30-04-2026 14:30,76020.53,76306.48,75963.02,76058.11,3307
30-04-2026 15:30,76058.11,76121.93,75932.81,75980.26,4134
30-04-2026 16:30,75979.93,76198.64,75831.53,76023.77,3919
30-04-2026 17:30,76023.77,76374.73,75998.95,76263.08,3536
30-04-2026 18:30,76262.87,76626.84,76054.13,76372.94,5852
30-04-2026 19:30,76373.87,76551.56,76046.40,76253.62,5888
30-04-2026 20:30,76253.62,76609.42,76116.27,76421.23,6388
30-04-2026 21:30,76421.10,76439.16,76169.30,76206.61,4370
30-04-2026 22:30,76205.23,76284.88,76058.00,76195.50,2794
30-04-2026 23:30,76195.29,76429.60,76150.73,76304.64,3383
01-05-2026 00:30,76304.64,76477.62,76264.82,76376.48,2709
01-05-2026 01:30,76372.68,76522.86,76272.96,76446.21,1807
01-05-2026 02:30,76446.21,76491.91,76186.76,76192.67,1465
01-05-2026 03:30,76192.67,76404.71,76155.99,76190.12,1767
01-05-2026 04:30,76190.12,76333.30,76168.88,76299.31,2091
01-05-2026 05:30,76298.13,76542.03,76275.05,76409.30,1777
01-05-2026 06:30,76409.90,76726.75,76398.43,76635.42,1881
01-05-2026 07:30,76636.34,76694.78,76487.63,76551.15,1966
01-05-2026 08:30,76551.15,77403.48,76507.89,77083.33,3325
01-05-2026 09:30,77083.33,77160.23,76921.27,76996.67,1800
01-05-2026 10:30,76996.67,77144.71,76989.45,77129.39,995
01-05-2026 11:30,77129.39,77145.90,76837.48,76947.00,1455
01-05-2026 12:30,76948.90,77105.58,76914.86,77092.60,1293
01-05-2026 13:30,77092.60,77475.00,77007.15,77343.06,2262
01-05-2026 14:30,77343.06,77368.37,77170.17,77250.55,1749
01-05-2026 15:30,77250.55,77398.71,77124.57,77262.93,1983
01-05-2026 16:30,77262.93,77557.38,77229.85,77437.24,2076
01-05-2026 17:30,77437.24,78141.96,77376.82,77869.81,4366
01-05-2026 18:30,77869.81,78890.89,77869.79,78741.36,5529
01-05-2026 19:30,78738.72,78854.41,78030.97,78336.80,6511
01-05-2026 20:30,78336.80,78731.32,78161.21,78425.94,4592
01-05-2026 21:30,78425.94,78663.23,78141.32,78185.09,5216
01-05-2026 22:30,78185.09,78577.47,78104.38,78531.03,3614
01-05-2026 23:30,78531.03,78606.43,78359.33,78415.81,2749
02-05-2026 00:30,78415.81,78533.15,78294.52,78351.24,2299
02-05-2026 01:30,78351.24,78409.15,77729.90,77857.39,2542
02-05-2026 02:30,77857.24,78186.06,77839.63,78185.94,2395
02-05-2026 03:30,78185.94,78398.11,78114.94,78132.32,2134
02-05-2026 04:30,78132.32,78219.81,78017.20,78218.57,898
02-05-2026 05:30,78219.77,78378.43,78146.26,78323.95,1207
02-05-2026 06:30,78323.95,78418.86,78277.05,78329.66,1308
02-05-2026 07:30,78329.66,78477.53,78237.45,78340.86,985
02-05-2026 08:30,78340.86,78493.53,78214.47,78394.12,1338
02-05-2026 09:30,78394.12,78431.45,78109.13,78160.69,1247
02-05-2026 10:30,78160.69,78222.36,78018.68,78163.97,1206
02-05-2026 11:30,78163.97,78335.81,78128.58,78307.73,1265
02-05-2026 12:30,78307.73,78331.33,78189.57,78203.32,801
02-05-2026 13:30,78203.32,78339.54,78140.33,78295.32,2221
02-05-2026 14:30,78295.32,78376.12,78209.37,78281.81,2485
02-05-2026 15:30,78281.81,78298.69,78203.47,78230.48,1859
02-05-2026 16:30,78230.48,78230.48,78076.85,78130.02,1900
02-05-2026 17:30,78130.02,78249.64,78083.46,78193.89,1938
02-05-2026 18:30,78193.89,78405.10,78193.89,78351.13,2459
02-05-2026 19:30,78351.13,78463.61,78287.59,78397.87,2637
02-05-2026 20:30,78397.87,78469.78,78341.81,78467.69,2193
02-05-2026 21:30,78467.69,78572.21,78402.17,78431.06,3573
02-05-2026 22:30,78431.06,78464.60,78351.61,78375.02,2604
02-05-2026 23:30,78375.02,78465.31,78289.51,78440.48,2171
03-05-2026 00:30,78440.48,78504.66,78415.89,78465.37,1831
03-05-2026 01:30,78468.51,78470.46,78397.78,78436.53,1615
03-05-2026 02:30,78436.53,79126.33,78429.03,78708.19,3647
03-05-2026 03:30,78708.19,78857.45,78589.00,78815.52,4336
03-05-2026 04:30,78815.52,78815.52,78608.47,78664.75,3472
03-05-2026 05:30,78664.75,78732.74,78478.56,78528.57,3005
03-05-2026 06:30,78528.57,78529.76,78127.14,78228.36,3631
03-05-2026 07:30,78228.36,78280.36,78090.01,78147.23,2969
03-05-2026 08:30,78147.23,78198.96,78088.08,78180.21,2522
03-05-2026 09:30,78180.21,78215.95,78091.33,78149.21,2200
03-05-2026 10:30,78149.21,78242.95,78134.92,78225.66,1663
03-05-2026 11:30,78225.66,78321.75,78061.30,78266.73,2108
03-05-2026 12:30,78266.73,78430.80,78266.32,78343.91,2969
03-05-2026 13:30,78343.91,78469.72,78342.11,78365.41,2401
03-05-2026 14:30,78365.31,78584.11,78336.76,78516.14,2846
03-05-2026 15:30,78516.14,78518.68,78385.93,78388.63,1920
03-05-2026 16:30,78388.63,78822.23,78363.71,78641.92,2153
03-05-2026 17:30,78641.92,78851.99,78641.92,78728.34,3556
03-05-2026 18:30,78728.34,78751.73,78565.88,78644.69,3188
03-05-2026 19:30,78644.69,78760.45,78585.62,78704.56,3347
03-05-2026 20:30,78704.56,78793.31,78599.74,78641.10,3545
03-05-2026 21:30,78641.10,78758.49,78567.82,78639.56,3569
03-05-2026 22:30,78639.56,78801.93,78552.89,78708.31,3622
03-05-2026 23:30,78708.31,78740.02,78611.23,78717.01,2866
04-05-2026 00:30,78717.01,78829.53,78651.31,78742.63,2377
04-05-2026 01:30,78742.63,79223.97,78706.18,78900.82,3856
04-05-2026 02:30,78900.82,79042.32,78639.76,78817.10,2835
04-05-2026 03:30,78817.10,79425.31,78817.10,79151.16,6770
04-05-2026 04:30,79151.16,79272.64,78470.64,78543.63,5616
04-05-2026 05:30,78543.63,78545.88,78259.83,78524.44,5589
04-05-2026 06:30,78524.44,79797.06,78389.44,79743.06,6451
04-05-2026 07:30,79750.05,80394.50,79523.76,80140.20,8874
04-05-2026 08:30,80140.20,80421.09,79894.36,80289.98,6514
04-05-2026 09:30,80289.98,80587.54,80206.47,80311.23,5864
04-05-2026 10:30,80311.23,80374.52,79934.61,79997.64,4371
04-05-2026 11:30,79997.64,80024.62,79468.36,79844.62,5207
04-05-2026 12:30,79844.62,79918.18,79646.16,79670.46,3862
04-05-2026 13:30,79673.66,79774.77,79568.48,79678.59,4337
04-05-2026 14:30,79678.24,79893.74,79611.77,79805.63,3496
04-05-2026 15:30,79805.63,79848.07,78194.74,78916.71,8432
04-05-2026 16:30,78916.71,79109.87,78676.60,78767.39,5537
04-05-2026 17:30,78767.39,79004.19,78688.77,78839.29,5335
04-05-2026 18:30,78836.57,79097.03,78547.53,78759.43,7277
04-05-2026 19:30,78759.63,80527.27,78492.36,80205.05,7966
04-05-2026 20:30,80202.17,80368.56,79333.78,80006.76,8371
04-05-2026 21:30,80006.76,80385.43,79596.66,80004.24,7596
04-05-2026 22:30,80005.21,80737.50,80003.99,80364.52,5813
04-05-2026 23:30,80364.52,80418.92,80011.39,80088.54,5029
05-05-2026 00:30,80087.88,80116.51,79864.01,80030.59,4107
05-05-2026 01:30,80030.59,80139.44,79873.72,79917.76,3416
05-05-2026 02:30,79917.76,80356.98,79915.10,80241.11,2311
05-05-2026 03:30,80241.11,80377.52,80023.26,80036.63,4699
05-05-2026 04:30,80036.63,80036.71,79721.22,79836.20,4295
05-05-2026 05:30,79836.20,80161.35,79774.41,80148.26,4937
05-05-2026 06:30,80148.26,80360.08,80050.33,80327.40,5326
05-05-2026 07:30,80327.38,80880.79,80281.47,80529.37,5993
05-05-2026 08:30,80529.37,81066.32,80430.28,80860.44,5218
05-05-2026 09:30,80858.74,80959.69,80699.95,80876.23,4810
05-05-2026 10:30,80876.23,81305.16,80810.70,80949.00,5690
05-05-2026 11:30,80949.00,80992.09,80771.15,80952.68,4480
05-05-2026 12:30,80952.68,81117.61,80811.25,80833.85,4959
05-05-2026 13:30,80833.87,80870.03,80695.15,80797.10,4509
05-05-2026 14:30,80797.10,80797.10,80501.92,80565.69,4495
05-05-2026 15:30,80565.69,80822.35,80503.12,80816.72,3748
05-05-2026 16:30,80816.72,81095.46,80764.37,81006.27,4251
05-05-2026 17:30,81006.27,81306.09,80914.02,81265.01,5392
05-05-2026 18:30,81265.01,81700.13,81183.51,81317.28,9829
05-05-2026 19:30,81317.28,81487.96,80926.72,81323.05,10465
05-05-2026 20:30,81321.78,81691.88,81218.68,81530.14,7550
05-05-2026 21:30,81530.19,81609.21,81040.10,81279.88,7499
05-05-2026 22:30,81279.88,81448.66,81172.50,81260.02,5855
05-05-2026 23:30,81260.02,81588.29,81260.02,81501.19,5407
06-05-2026 00:30,81501.19,81675.20,81394.73,81593.25,5551
06-05-2026 01:30,81594.20,81762.38,81498.46,81630.71,5749
06-05-2026 02:30,81630.71,81764.25,81286.81,81393.56,4801
06-05-2026 03:30,81393.56,81592.80,80798.02,81093.93,5444
06-05-2026 04:30,81093.93,81199.75,80769.93,80889.82,5406
06-05-2026 05:30,80885.29,81242.42,80708.52,81004.04,6796
06-05-2026 06:30,81004.04,81493.98,80960.44,81414.34,7092
06-05-2026 07:30,81415.27,81423.94,81022.81,81343.18,6134
06-05-2026 08:30,81343.18,81734.10,81333.22,81559.56,6198
06-05-2026 09:30,81559.56,81625.96,81247.25,81309.02,6134
06-05-2026 10:30,81309.02,81321.76,81033.36,81298.50,5622
06-05-2026 11:30,81298.50,81499.08,81184.32,81454.61,5218
06-05-2026 12:30,81454.61,81589.41,81283.37,81345.34,5407
06-05-2026 13:30,81345.34,81966.00,81301.66,81932.47,6634
06-05-2026 14:30,81933.76,82037.67,81658.64,81975.63,7415
06-05-2026 15:30,81975.63,82368.08,81946.12,82268.38,7832
06-05-2026 16:30,82268.25,82796.04,82246.88,82500.06,6923
06-05-2026 17:30,82500.06,82523.21,82160.25,82206.93,7456
06-05-2026 18:30,82206.93,82206.93,81576.17,81649.41,9768
06-05-2026 19:30,81646.53,81952.42,81110.53,81503.08,10582
06-05-2026 20:30,81503.08,81795.38,81287.35,81677.40,8672
06-05-2026 21:30,81677.78,81863.89,81403.42,81607.62,7901
06-05-2026 22:30,81607.32,81686.15,81362.35,81432.91,6810
06-05-2026 23:30,81433.31,81539.55,81247.08,81328.74,6654
07-05-2026 00:30,81328.74,81490.75,81166.89,81436.90,6123
07-05-2026 01:30,81436.90,81685.16,81277.77,81408.24,5575
07-05-2026 02:30,81408.24,81605.52,81276.20,81520.41,3659
07-05-2026 03:30,81520.41,81524.78,81217.31,81322.93,3802
07-05-2026 04:30,81322.93,81430.71,80980.85,81418.54,3734
07-05-2026 05:30,81418.54,81467.54,80960.80,80997.19,5195
07-05-2026 06:30,80997.19,81264.35,80845.21,81147.31,6351
07-05-2026 07:30,81146.80,81162.13,80868.57,81100.18,6680
07-05-2026 08:30,81100.18,81100.18,80808.08,80818.96,5368
07-05-2026 09:30,80818.96,80966.77,80713.77,80957.96,5372
07-05-2026 10:30,80957.96,81151.00,80943.46,81068.30,5234
07-05-2026 11:30,81068.30,81427.59,80860.47,81422.17,5495
07-05-2026 12:30,81422.17,81687.40,81369.17,81497.12,6262
07-05-2026 13:30,81497.12,81574.40,81177.79,81203.85,6560
07-05-2026 14:30,81204.07,81204.32,80827.39,80899.84,5666
07-05-2026 15:30,80899.84,80966.23,80547.29,80819.73,5870
07-05-2026 16:30,80819.98,81015.28,80754.64,80841.49,6275
07-05-2026 17:30,80842.41,81173.59,80811.64,81144.72,7306
07-05-2026 18:30,81144.72,81145.57,80240.47,80481.66,9268
07-05-2026 19:30,80481.64,80669.75,80023.44,80143.36,9233
07-05-2026 20:30,80143.36,80256.00,79690.11,79873.82,8856
07-05-2026 21:30,79875.23,79988.88,79678.53,79764.79,8592
07-05-2026 22:30,79764.79,80115.97,79490.45,80073.97,8799
07-05-2026 23:30,80073.97,80260.11,79974.90,80187.19,8589
08-05-2026 00:30,80187.19,80198.78,79904.90,80117.23,7416
08-05-2026 01:30,80117.91,80344.21,79832.57,79860.12,6056
08-05-2026 02:30,79860.12,79906.91,79627.89,79701.03,3654
08-05-2026 03:30,79701.26,79963.02,79554.03,79888.39,5623
08-05-2026 04:30,79888.39,80045.77,79841.58,79988.30,3881
08-05-2026 05:30,79989.46,80110.07,79716.16,79814.58,3181
08-05-2026 06:30,79814.58,79875.20,79603.12,79718.70,3485
08-05-2026 07:30,79718.70,79735.71,79328.63,79457.73,5230
08-05-2026 08:30,79457.73,79641.00,79176.37,79549.43,4167
08-05-2026 09:30,79549.43,79727.83,79522.68,79632.82,2912
08-05-2026 10:30,79632.82,79753.54,79571.85,79581.59,2592
08-05-2026 11:30,79581.47,79627.62,79386.47,79491.94,4685
08-05-2026 12:30,79491.94,79703.57,79216.08,79651.09,5327
08-05-2026 13:30,79651.09,79961.28,79634.36,79860.52,5536
08-05-2026 14:30,79860.52,80018.42,79762.77,79842.69,4282
08-05-2026 15:30,79842.35,80222.79,79756.47,80187.50,5369
08-05-2026 16:30,80186.62,80304.28,80108.47,80208.22,6335
08-05-2026 17:30,80208.11,80461.62,79952.89,79998.59,6878
08-05-2026 18:30,79999.11,80073.44,79509.37,79611.41,10275
08-05-2026 19:30,79611.41,80399.18,79608.82,80118.57,10700
08-05-2026 20:30,80117.04,80172.05,79581.99,80109.29,10196
08-05-2026 21:30,80110.37,80150.83,79707.94,79765.56,8677
08-05-2026 22:30,79765.81,80238.23,79703.24,80033.11,8921
08-05-2026 23:30,80037.25,80278.40,80037.25,80059.26,7762
09-05-2026 00:30,80059.57,80149.34,79932.94,80149.19,6050
09-05-2026 01:30,80150.59,80269.46,80058.21,80112.82,4640
09-05-2026 02:30,80116.15,80245.29,80088.69,80237.60,3339
09-05-2026 03:30,80237.60,80391.56,80237.60,80259.00,2824
09-05-2026 04:30,80259.16,80272.90,80090.99,80173.13,2565
09-05-2026 05:30,80173.13,80221.95,80102.52,80214.25,2422
09-05-2026 06:30,80214.25,80419.84,80198.20,80304.94,2517
09-05-2026 07:30,80304.94,80456.26,80303.16,80396.37,2457
09-05-2026 08:30,80396.76,80514.43,80288.94,80369.44,2490
09-05-2026 09:30,80369.44,80639.01,80347.15,80362.22,3040
09-05-2026 10:30,80362.22,80463.90,80327.83,80357.93,2025
09-05-2026 11:30,80357.93,80412.06,80176.62,80238.43,3319
09-05-2026 12:30,80239.00,80280.58,80115.85,80200.05,2937
09-05-2026 13:30,80200.05,80421.89,80190.52,80383.56,4333
09-05-2026 14:30,80383.56,80391.05,80187.29,80216.65,2903
09-05-2026 15:30,80216.65,80323.62,80142.33,80242.28,2329
09-05-2026 16:30,80242.28,80349.88,80225.70,80309.09,1650
09-05-2026 17:30,80309.09,80391.74,80244.52,80382.13,2347
09-05-2026 18:30,80380.97,80402.69,80294.34,80372.11,2521
09-05-2026 19:30,80372.11,80401.01,80228.05,80308.03,3527
09-05-2026 20:30,80308.03,80574.07,80205.78,80506.53,3888
09-05-2026 21:30,80506.53,80745.82,80465.75,80591.17,4221
09-05-2026 22:30,80591.24,80892.10,80591.24,80782.87,4276
09-05-2026 23:30,80782.47,81045.85,80756.09,80881.01,4370
10-05-2026 00:30,80881.01,80933.57,80752.02,80918.08,3328
10-05-2026 01:30,80919.30,80921.28,80716.78,80781.26,2187
10-05-2026 02:30,80781.26,80871.65,80715.37,80751.18,2298
10-05-2026 03:30,80751.18,80798.49,80644.40,80740.85,2312
10-05-2026 04:30,80740.85,80816.34,80593.13,80641.78,2567
10-05-2026 05:30,80641.78,80743.79,80594.02,80646.97,3378
10-05-2026 06:30,80647.59,80661.18,80541.13,80648.31,3592
10-05-2026 07:30,80648.56,80764.52,80574.43,80752.74,3164
10-05-2026 08:30,80755.14,80855.78,80677.03,80741.62,2989
10-05-2026 09:30,80741.62,80817.76,80699.58,80731.19,2618
10-05-2026 10:30,80731.19,80789.00,80651.99,80663.89,2236
10-05-2026 11:30,80663.89,80732.61,80621.83,80709.23,2084
10-05-2026 12:30,80709.23,80779.85,80694.48,80711.56,2371
10-05-2026 13:30,80711.56,80880.15,80688.27,80805.20,3206
10-05-2026 14:30,80805.20,80885.97,80719.99,80780.83,2862
10-05-2026 15:30,80780.83,80858.92,80659.90,80839.38,3463
10-05-2026 16:30,80839.38,80941.71,80716.90,80799.38,2274
10-05-2026 17:30,80799.38,80929.73,80753.83,80911.04,3824
10-05-2026 18:30,80906.17,80981.06,80837.59,80939.98,4229
10-05-2026 19:30,80938.30,80977.49,80786.09,80962.40,4627
10-05-2026 20:30,80962.40,81416.02,80907.28,81385.65,6070
10-05-2026 21:30,81385.65,81469.13,81165.99,81341.91,5832
10-05-2026 22:30,81341.91,81551.94,81191.86,81454.62,5965
10-05-2026 23:30,81454.62,81469.28,81205.28,81247.89,4687
11-05-2026 00:30,81247.74,81457.28,81121.10,81408.48,4528
11-05-2026 01:30,81408.48,81433.89,80278.56,80706.40,7640
11-05-2026 02:30,80706.40,80921.76,80555.58,80691.40,4774
11-05-2026 03:30,80691.40,82141.62,80645.86,82027.04,7781
11-05-2026 04:30,82027.04,82441.76,82026.81,82183.55,6860
11-05-2026 05:30,82183.55,82346.62,81246.94,81437.53,7154
11-05-2026 06:30,81437.53,81711.40,81257.48,81474.00,6830
11-05-2026 07:30,81476.26,81532.11,81083.10,81143.18,5606
11-05-2026 08:30,81145.21,81156.90,80492.24,80701.80,6416
11-05-2026 09:30,80701.05,80847.72,80603.72,80784.93,4380
11-05-2026 10:30,80783.38,80943.56,80724.07,80795.96,3711
11-05-2026 11:30,80800.18,81010.07,80727.35,80798.33,4536
11-05-2026 12:30,80798.33,80807.95,80646.06,80706.05,3945
11-05-2026 13:30,80706.65,80829.31,80584.02,80727.12,4364
11-05-2026 14:30,80727.29,80971.40,80718.72,80930.97,3308
11-05-2026 15:30,80930.97,81171.80,80907.63,80909.01,4271
11-05-2026 16:30,80909.01,81168.53,80872.62,81168.53,3253
11-05-2026 17:30,81168.53,81321.51,80989.34,81016.62,4608
11-05-2026 18:30,81016.62,81297.79,80715.92,81019.29,6201
11-05-2026 19:30,81019.36,81206.50,80414.46,80893.24,7528
11-05-2026 20:30,80892.70,81414.26,80775.66,81406.56,7021
11-05-2026 21:30,81406.56,81878.37,81298.36,81536.01,6474
11-05-2026 22:30,81536.01,82034.29,81325.53,81910.76,5562
11-05-2026 23:30,81910.76,82114.42,81810.28,81830.03,5067
12-05-2026 00:30,81830.03,82069.89,81704.50,81938.02,5343
12-05-2026 01:30,81938.51,82058.53,81727.49,81795.84,5295
12-05-2026 02:30,81795.84,81871.20,81565.39,81796.09,2645
12-05-2026 03:30,81796.09,81933.96,81701.71,81797.51,4568
12-05-2026 04:30,81797.51,81799.54,81582.66,81710.53,4195
12-05-2026 05:30,81710.53,81759.91,81446.72,81512.89,5352
12-05-2026 06:30,81512.89,81587.41,80677.61,81157.50,8934
12-05-2026 07:30,81157.50,81300.26,81049.23,81218.81,7155
12-05-2026 08:30,81218.81,81257.58,80985.74,81020.75,5361
12-05-2026 09:30,81020.75,81266.18,80955.46,81187.27,5844
12-05-2026 10:30,81187.27,81272.63,81147.56,81187.04,4751
12-05-2026 11:30,81187.04,81269.24,80967.27,80981.91,4614
12-05-2026 12:30,80981.91,81096.04,80770.92,80813.09,6639
12-05-2026 13:30,80813.14,80925.44,80716.85,80797.46,5355
12-05-2026 14:30,80795.82,80918.30,80672.95,80785.48,5331
12-05-2026 15:30,80785.48,80802.79,80578.25,80628.50,5097
12-05-2026 16:30,80628.50,80748.49,80456.90,80741.88,6440
12-05-2026 17:30,80739.22,80968.09,80579.41,80844.25,7733
12-05-2026 18:30,80844.25,80894.51,80351.42,80421.36,8642
12-05-2026 19:30,80421.52,80859.29,80346.22,80502.27,9810
12-05-2026 20:30,80502.29,80630.18,80135.64,80286.31,9552
12-05-2026 21:30,80286.31,80387.99,79798.14,79953.43,8533
12-05-2026 22:30,79953.63,80543.49,79907.82,80477.71,7516
12-05-2026 23:30,80477.71,80715.07,80399.34,80636.33,6162
13-05-2026 00:30,80636.45,80841.51,80634.12,80797.01,6331
13-05-2026 01:30,80799.48,80853.61,80601.13,80656.86,4265
13-05-2026 02:30,80656.86,80702.58,80464.24,80553.48,3035
13-05-2026 03:30,80553.48,80760.70,80553.48,80624.67,3106
13-05-2026 04:30,80624.67,80685.77,80401.97,80471.50,3138
13-05-2026 05:30,80468.27,80740.23,80376.43,80681.89,6187
13-05-2026 06:30,80681.89,81160.59,80640.82,80968.20,7737
13-05-2026 07:30,80967.93,81233.31,80900.08,81021.91,6492
13-05-2026 08:30,81020.23,81262.19,80951.47,81219.23,5749
13-05-2026 09:30,81219.23,81249.06,81092.13,81199.88,5395
13-05-2026 10:30,81199.88,81210.63,80958.34,80983.24,5230
13-05-2026 11:30,80983.24,81120.97,80931.48,80940.26,4784
13-05-2026 12:30,80940.26,81011.96,80844.90,80979.72,5246
13-05-2026 13:30,80979.72,81158.06,80897.89,81147.59,5945
13-05-2026 14:30,81147.59,81269.66,81088.55,81242.92,5449
13-05-2026 15:30,81242.92,81251.15,80765.58,80765.58,5990
13-05-2026 16:30,80765.58,80799.88,80457.85,80457.85,4363
13-05-2026 17:30,80457.85,80553.56,79814.02,80157.41,7781
13-05-2026 18:30,80157.41,80305.14,79539.04,79606.79,8195
13-05-2026 19:30,79606.79,79853.69,79444.88,79711.99,7813
13-05-2026 20:30,79712.25,79810.12,78755.40,78773.89,8691
13-05-2026 21:30,78772.49,79176.82,78699.16,79055.29,7819
13-05-2026 22:30,79055.29,79514.19,79053.10,79470.64,6873
13-05-2026 23:30,79470.64,79767.61,79469.07,79557.73,7633
14-05-2026 00:30,79557.74,79603.17,79352.79,79601.29,6808
14-05-2026 01:30,79601.30,79719.39,79570.93,79661.79,5469
14-05-2026 02:30,79661.79,79666.43,79299.85,79352.47,4925
14-05-2026 03:30,79352.47,79426.78,79175.16,79381.93,5291
14-05-2026 04:30,79381.72,79444.49,79183.56,79272.40,4305
14-05-2026 05:30,79272.40,79640.16,79264.49,79528.65,4780
14-05-2026 06:30,79528.65,79646.68,79366.82,79555.48,4687
14-05-2026 07:30,79555.48,79635.26,79176.20,79320.47,5557
14-05-2026 08:30,79320.47,79412.87,78884.33,78995.08,8080
14-05-2026 09:30,78995.08,79425.32,78928.87,79410.76,6148
14-05-2026 10:30,79411.01,79948.29,79324.46,79764.50,7066
14-05-2026 11:30,79764.50,79897.11,79717.80,79768.03,5788
14-05-2026 12:30,79768.03,79889.40,79654.32,79695.69,6283
14-05-2026 13:30,79694.36,79892.37,79584.07,79769.79,6744
14-05-2026 14:30,79769.79,79859.06,79522.28,79583.77,5865
14-05-2026 15:30,79583.77,79711.26,79359.02,79519.37,5509
14-05-2026 16:30,79519.37,79562.71,79178.21,79204.30,5342
14-05-2026 17:30,79204.30,79739.40,79183.40,79726.24,6655
14-05-2026 18:30,79723.86,80009.35,79641.20,79666.64,9630
14-05-2026 19:30,79659.40,80966.99,79518.15,80936.79,10647
14-05-2026 20:30,80936.79,81316.62,80786.33,81284.51,9267
14-05-2026 21:30,81284.51,81874.41,81069.31,81861.37,8894
14-05-2026 22:30,81860.98,82032.81,81265.22,81660.73,9694
14-05-2026 23:30,81660.73,81957.25,81427.32,81568.01,7681
15-05-2026 00:30,81568.01,81712.80,81319.85,81415.83,7388
15-05-2026 01:30,81415.83,81600.52,81142.01,81391.99,5635
15-05-2026 02:30,81391.99,81509.71,81244.84,81360.42,3762
15-05-2026 03:30,81360.42,81531.59,81307.72,81433.45,3647
15-05-2026 04:30,81433.45,81433.45,81019.31,81062.79,3789
15-05-2026 05:30,81062.79,81633.64,81032.04,81487.50,5693
15-05-2026 06:30,81487.50,81594.28,81076.52,81105.93,6764
15-05-2026 07:30,81105.93,81326.34,80719.14,81264.44,7379
15-05-2026 08:30,81264.44,81318.31,80901.40,81038.89,5553
15-05-2026 09:30,81038.89,81069.33,80676.87,80695.28,7153
15-05-2026 10:30,80695.10,80857.30,80283.92,80330.35,9092
15-05-2026 11:30,80330.35,80611.96,80286.34,80560.04,7902
15-05-2026 12:30,80559.97,80979.80,80532.61,80798.97,7299
15-05-2026 13:30,80798.97,80808.44,80395.15,80621.82,8313
15-05-2026 14:30,80621.82,80660.33,80349.25,80468.15,7811
15-05-2026 15:30,80468.15,80751.96,80387.10,80693.58,7550
15-05-2026 16:30,80693.82,80737.06,80567.10,80599.59,5736
15-05-2026 17:30,80599.59,80622.14,80316.11,80363.80,6428
15-05-2026 18:30,80363.81,80363.81,78638.25,78701.35,10170
15-05-2026 19:30,78703.48,79276.00,78597.20,79104.01,11618
15-05-2026 20:30,79104.05,79331.05,78970.04,79100.47,9904
15-05-2026 21:30,79100.47,79334.23,79082.08,79249.83,7652
15-05-2026 22:30,79249.58,79454.81,79175.87,79411.49,7454
15-05-2026 23:30,79411.44,79517.65,79116.07,79227.43,7429
16-05-2026 00:30,79227.43,79235.01,78998.18,79096.17,7031
16-05-2026 01:30,79096.17,79165.65,78941.99,79069.74,6635
16-05-2026 02:30,79069.74,79149.26,78858.42,78918.01,5023
16-05-2026 03:30,78916.61,79095.13,78916.61,79045.58,3916
16-05-2026 04:30,79045.52,79099.02,79014.74,79048.18,3264
16-05-2026 05:30,79048.18,79166.26,79011.85,79052.92,3152
16-05-2026 06:30,79052.92,79122.17,78946.72,79100.72,2643
16-05-2026 07:30,79100.72,79146.81,79005.63,79078.88,2314
16-05-2026 08:30,79078.88,79130.57,78997.74,79022.99,1786
16-05-2026 09:30,79022.99,79068.59,78805.30,78981.15,2884
16-05-2026 10:30,78981.15,78986.85,78878.40,78982.47,2553
16-05-2026 11:30,78982.47,79001.90,78414.68,78585.46,4352
16-05-2026 12:30,78585.52,78601.49,78026.60,78322.73,7342
16-05-2026 13:30,78318.84,78470.33,78284.65,78364.57,3878
16-05-2026 14:30,78364.57,78387.42,77862.44,78033.15,6632
16-05-2026 15:30,78033.15,78052.25,77599.04,77918.91,7416
16-05-2026 16:30,77918.46,78145.30,77915.99,78031.90,5446
16-05-2026 17:30,78031.90,78084.76,77871.21,77959.67,4470
16-05-2026 18:30,77959.67,77969.14,77786.00,77966.17,4777
16-05-2026 19:30,77966.17,78286.55,77845.04,78080.27,5443
16-05-2026 20:30,78080.27,78238.33,78023.78,78186.53,4546
16-05-2026 21:30,78186.36,78317.70,78077.02,78160.31,5592
16-05-2026 22:30,78160.31,78277.36,78151.90,78153.19,4943
16-05-2026 23:30,78153.19,78285.61,78098.96,78182.83,5466
17-05-2026 00:30,78182.83,78262.04,78158.55,78218.76,4881
17-05-2026 01:30,78218.76,78276.15,78152.95,78194.19,5065
17-05-2026 02:30,78194.19,78264.12,78158.31,78217.03,3534
17-05-2026 03:30,78217.03,78233.05,78121.83,78137.69,3330
17-05-2026 04:30,78137.69,78221.54,78076.14,78097.12,2597
17-05-2026 05:30,78097.12,78194.13,77763.76,77897.63,3619
17-05-2026 06:30,77899.86,78070.72,77681.71,77686.78,6013
17-05-2026 07:30,77686.67,77893.38,77678.25,77850.82,4173
17-05-2026 08:30,77850.82,78037.80,77840.75,77976.60,4085
17-05-2026 09:30,77976.60,78155.71,77949.50,78109.01,3998
17-05-2026 10:30,78109.01,78268.48,78059.59,78082.50,3622
17-05-2026 11:30,78082.50,78167.04,77967.46,78062.34,3774
17-05-2026 12:30,78062.34,78163.77,78009.76,78135.06,3784
17-05-2026 13:30,78135.03,78153.47,77983.24,78043.54,3529
17-05-2026 14:30,78043.54,78251.17,78025.07,78203.37,3320
17-05-2026 15:30,78203.37,78549.60,78200.45,78420.05,5371
17-05-2026 16:30,78420.05,78423.99,78252.90,78369.53,3430
17-05-2026 17:30,78369.74,78498.46,78299.62,78433.99,3248
17-05-2026 18:30,78163.32,78300.37,78134.05,78158.71,3076
17-05-2026 19:30,78158.71,78171.28,77804.53,78003.15,6005
17-05-2026 20:30,78003.15,78079.16,77871.19,77998.50,4853
17-05-2026 21:30,77998.50,78135.63,77978.36,77986.69,4659
17-05-2026 22:30,77986.69,78050.61,77804.58,78040.79,5364
17-05-2026 23:30,78040.79,78223.39,77957.37,78212.23,5099
18-05-2026 00:30,78212.23,78416.38,78160.72,78360.89,4393
18-05-2026 01:30,78360.89,78387.42,78194.05,78213.54,4480
18-05-2026 02:30,78213.54,78437.41,78186.20,78345.03,4007
18-05-2026 03:30,78345.01,78355.51,77773.95,77936.94,6116
18-05-2026 04:30,77936.98,77946.03,76680.11,77394.71,7861
18-05-2026 05:30,77394.71,77417.83,76851.12,77151.16,8268
18-05-2026 06:30,77151.16,77225.03,76684.06,77052.62,7761
18-05-2026 07:30,77052.62,77159.79,76646.18,76773.72,5552
18-05-2026 08:30,76774.37,76955.62,76752.58,76867.02,5486
18-05-2026 09:30,76865.69,77006.24,76711.78,76976.19,5160
18-05-2026 10:30,76976.19,77023.13,76821.93,76866.17,4715
18-05-2026 11:30,76866.30,76911.95,76529.43,76849.96,5541
18-05-2026 12:30,76852.80,77015.85,76705.91,77006.44,4216
18-05-2026 13:30,77006.44,77105.85,76814.65,76958.35,3602
18-05-2026 14:30,76958.35,76979.75,76808.06,76875.96,2797
18-05-2026 15:30,76875.96,76892.67,76649.81,76710.36,3319
18-05-2026 16:30,76710.74,77337.56,76599.61,77224.40,4718
18-05-2026 17:30,77224.40,77740.82,77212.40,77587.75,6987
18-05-2026 18:30,77587.75,77589.03,76644.61,76879.04,9577
18-05-2026 19:30,76879.04,76906.73,76174.65,76331.81,11584
18-05-2026 20:30,76331.81,76407.24,75983.15,76327.50,11464
18-05-2026 21:30,76333.99,76577.31,76135.77,76336.63,9743
18-05-2026 22:30,76337.07,76686.76,76298.33,76628.18,7994
18-05-2026 23:30,76628.64,76632.83,76068.97,76171.51,8298
19-05-2026 00:30,76171.51,76922.06,76151.62,76836.79,9621
19-05-2026 01:30,76836.66,77102.59,76805.76,76832.79,6104
19-05-2026 02:30,76832.33,77111.83,76720.59,77030.00,4749
19-05-2026 03:30,77030.00,77157.14,76863.25,77005.52,7273
19-05-2026 04:30,77005.73,77094.76,76867.35,76928.87,5877
19-05-2026 05:30,76929.08,77333.39,76879.02,77065.94,8139
19-05-2026 06:30,77065.94,77086.43,76589.68,76589.68,8420
19-05-2026 07:30,76589.68,76921.69,76406.96,76535.93,9190
19-05-2026 08:30,76535.28,76791.76,76507.68,76706.39,7531
19-05-2026 09:30,76706.39,76868.49,76617.84,76846.00,6488
19-05-2026 10:30,76845.51,76928.34,76563.73,76829.17,6781
19-05-2026 11:30,76829.17,77027.19,76806.41,76949.95,6516
19-05-2026 12:30,76949.85,77201.53,76891.88,77153.68,6318
19-05-2026 13:30,77153.68,77234.67,76889.15,76967.53,5903
19-05-2026 14:30,76967.53,76991.33,76620.95,76736.08,6345
19-05-2026 15:30,76736.03,77014.84,76615.60,76956.13,5550
19-05-2026 16:30,76956.13,76998.15,76554.81,76627.60,5665
19-05-2026 17:30,76627.60,76899.06,76557.95,76855.34,5403
19-05-2026 18:30,76855.34,76973.76,76499.91,76788.24,9523
19-05-2026 19:30,76788.15,76924.29,76059.84,76304.96,10710
19-05-2026 20:30,76304.99,76596.75,76248.35,76431.86,8286
19-05-2026 21:30,76431.86,76841.85,76324.42,76807.58,7558
19-05-2026 22:30,76807.58,76938.72,76666.57,76766.72,7677
19-05-2026 23:30,76766.72,76869.25,76649.03,76713.10,7259
20-05-2026 00:30,76712.69,76988.71,76677.27,76737.18,8361
20-05-2026 01:30,76737.14,76964.22,76737.14,76940.11,6297
20-05-2026 02:30,76940.11,76963.01,76884.33,76900.57,4247
20-05-2026 03:30,76899.74,76899.74,76558.67,76627.85,3991
20-05-2026 04:30,76627.85,76898.06,76585.88,76752.13,3188
20-05-2026 05:30,76752.13,76811.63,76431.14,76698.97,6648
20-05-2026 06:30,76700.29,76829.53,76439.26,76723.58,7722
20-05-2026 07:30,76723.58,76820.49,76504.92,76597.43,6340
20-05-2026 08:30,76597.42,76730.47,76507.85,76627.24,5627
20-05-2026 09:30,76627.24,76736.65,76587.11,76681.30,4126
20-05-2026 10:30,76681.30,77234.36,76681.30,77105.46,6548
20-05-2026 11:30,77106.30,77331.69,77099.76,77321.53,5761
20-05-2026 12:30,77321.54,77380.73,77145.89,77188.12,4762
20-05-2026 13:30,77184.84,77518.75,77108.06,77356.62,5055
20-05-2026 14:30,77356.62,77449.29,77261.90,77385.43,4499
20-05-2026 15:30,77385.43,77572.10,77385.43,77423.38,4615
20-05-2026 16:30,77423.38,77475.92,77230.60,77289.29,3380
20-05-2026 17:30,77289.29,77651.26,77270.34,77535.14,5181
20-05-2026 18:30,77535.14,77566.77,76886.02,77118.51,7718
20-05-2026 19:30,77118.51,77477.03,76802.71,77363.76,10006
20-05-2026 20:30,77363.76,77759.20,77215.30,77370.30,8864
20-05-2026 21:30,77370.30,77474.16,76921.17,77243.63,7525
20-05-2026 22:30,77243.63,77629.45,77140.33,77478.28,6717
20-05-2026 23:30,77478.28,77547.88,77302.01,77326.84,7128
21-05-2026 00:30,77326.84,77626.49,77259.73,77585.36,5812
21-05-2026 01:30,77585.14,77675.98,77387.33,77635.11,5564
21-05-2026 02:30,77635.11,77683.14,77408.66,77412.31,2493
21-05-2026 03:30,77412.31,77414.33,77137.62,77410.86,5097
21-05-2026 04:30,77410.16,77469.59,77291.94,77464.10,4318
21-05-2026 05:30,77464.10,77974.73,77432.13,77878.29,5761
21-05-2026 06:30,77878.29,78081.60,77710.66,77774.55,5683
21-05-2026 07:30,77774.62,78013.75,77732.64,77871.61,4519
21-05-2026 08:30,77871.61,78017.19,77814.81,77990.00,3210
21-05-2026 09:30,77990.00,78088.67,77878.51,77946.67,3420
21-05-2026 10:30,77946.67,78055.17,77626.45,77738.20,3685
21-05-2026 11:30,77738.19,77787.91,77459.24,77529.76,4215
21-05-2026 12:30,77529.76,77814.94,77427.55,77794.14,4276
21-05-2026 13:30,77794.14,78103.28,77794.14,77834.98,5771
21-05-2026 14:30,77834.98,77894.11,77538.93,77542.34,4026
21-05-2026 15:30,77542.34,77591.45,77091.47,77109.65,6557
21-05-2026 16:30,77109.79,77287.76,77056.31,77099.69,5912
21-05-2026 17:30,77099.69,77277.12,76988.38,77188.75,5453
21-05-2026 18:30,77188.75,77266.10,76633.73,77025.82,8260
21-05-2026 19:30,77025.82,77151.55,76689.18,76883.65,9329
21-05-2026 20:30,76883.65,77302.67,76799.17,77163.56,7797
21-05-2026 21:30,77163.82,77256.65,76910.07,77109.18,6628
21-05-2026 22:30,77109.18,78003.21,77081.04,77782.16,8628
21-05-2026 23:30,77782.24,77841.54,77166.87,77298.83,7429
22-05-2026 00:30,77298.09,77709.60,77276.96,77609.05,7092
22-05-2026 01:30,77603.77,77720.15,77555.31,77616.88,4688
22-05-2026 02:30,77617.76,77727.30,77549.92,77582.42,3637
22-05-2026 03:30,77582.42,77665.64,77460.09,77536.09,5325
22-05-2026 04:30,77536.09,77665.74,77443.50,77532.20,5277
22-05-2026 05:30,77531.93,77553.11,77280.93,77287.38,6022
22-05-2026 06:30,77287.38,77581.09,77227.88,77528.44,5597
22-05-2026 07:30,77528.44,77646.12,77500.39,77583.56,4491
22-05-2026 08:30,77583.56,77722.43,77582.89,77689.40,3754
22-05-2026 09:30,77689.43,77815.73,77541.98,77564.60,4073
22-05-2026 10:30,77564.60,77635.98,77365.40,77392.94,4873
22-05-2026 11:30,77392.87,77433.12,77266.46,77325.79,5071
22-05-2026 12:30,77325.79,77450.54,77185.06,77309.17,4834
22-05-2026 13:30,77309.17,77445.05,77112.78,77165.69,5405
22-05-2026 14:30,77165.69,77258.71,77098.77,77205.57,3775
22-05-2026 15:30,77205.57,77265.25,77157.04,77211.99,3882
22-05-2026 16:30,77211.99,77327.81,77075.88,77326.21,4580
22-05-2026 17:30,77326.21,77479.66,77288.32,77430.66,5189
22-05-2026 18:30,77430.58,77451.49,77020.23,77181.91,7664
22-05-2026 19:30,77181.90,77182.80,76651.33,76667.91,8889
22-05-2026 20:30,76667.91,76919.00,76463.92,76687.07,8367
22-05-2026 21:30,76687.07,76898.43,76663.48,76850.67,6603
22-05-2026 22:30,76850.95,76986.24,76645.56,76646.58,6173
22-05-2026 23:30,76646.99,76803.11,75999.22,76433.03,7004
23-05-2026 00:30,76433.03,76485.97,75560.34,75755.91,8939
23-05-2026 01:30,75756.25,75979.60,75721.72,75883.42,6409
23-05-2026 02:30,75883.42,75931.09,75849.66,75897.91,553
23-05-2026 03:30,75897.91,75897.91,75897.91,75897.91,1
23-05-2026 04:30,75897.91,75897.91,75278.27,75433.07,2224
23-05-2026 05:30,75437.78,75529.31,75117.61,75253.92,7134
23-05-2026 06:30,75254.06,75402.83,75249.90,75391.95,4024
23-05-2026 07:30,75391.95,75483.03,75311.58,75466.90,3325
23-05-2026 08:30,75466.07,75563.56,75454.26,75530.52,3006
23-05-2026 09:30,75530.52,75552.66,75406.96,75440.30,2249
23-05-2026 10:30,75440.30,75461.88,75368.07,75386.88,2788
23-05-2026 11:30,75386.88,75404.20,75287.48,75301.15,2660
23-05-2026 12:30,75301.15,75342.49,74210.75,74501.43,5893
23-05-2026 13:30,74501.43,74645.39,74247.87,74585.47,6612
23-05-2026 14:30,74585.47,74656.08,74530.98,74560.73,3479
23-05-2026 15:30,74560.73,74691.47,74560.73,74616.64,2471
23-05-2026 16:30,74616.64,74774.54,74612.45,74698.21,2664
23-05-2026 17:30,74697.88,74704.57,74565.11,74661.36,3068
23-05-2026 18:30,74661.36,75158.19,74656.06,75117.27,5490
23-05-2026 19:30,75117.27,75596.06,75005.25,75435.17,5391
23-05-2026 20:30,75435.17,75571.96,75294.49,75417.19,4869
23-05-2026 21:30,75417.18,75528.42,75299.80,75334.81,3884
23-05-2026 22:30,75334.81,75420.17,75269.92,75387.49,4284
23-05-2026 23:30,75387.50,75877.09,75360.70,75745.08,6064
24-05-2026 00:30,75745.08,75893.12,75677.34,75880.47,4336
24-05-2026 01:30,75881.00,77181.71,75844.25,77175.02,7733
24-05-2026 02:30,77168.40,77286.98,76428.27,76698.48,8563
24-05-2026 03:30,76698.48,76774.37,76290.55,76470.10,6213
24-05-2026 04:30,76470.10,76705.31,76422.75,76637.76,5189
24-05-2026 05:30,76637.76,76806.26,76520.84,76728.54,4958
24-05-2026 06:30,76728.54,76811.35,76640.40,76777.20,4805
24-05-2026 07:30,76777.61,76843.55,76589.49,76710.72,4870
24-05-2026 08:30,76710.72,76894.04,76616.84,76622.97,4423
24-05-2026 09:30,76624.13,76742.97,76615.60,76667.58,3095
24-05-2026 10:30,76667.58,76755.56,76539.34,76707.90,3114
24-05-2026 11:30,76707.90,76948.81,76606.38,76872.48,3869
24-05-2026 12:30,76872.48,76908.07,76674.66,76697.29,3365
24-05-2026 13:30,76697.27,76752.64,76618.53,76725.73,2883
24-05-2026 14:30,76725.73,76931.40,76706.08,76917.18,3588
24-05-2026 15:30,76917.18,77378.51,76813.89,77084.07,4339
24-05-2026 16:30,77080.54,77237.45,77069.71,77206.62,3080
24-05-2026 17:30,77206.62,77214.20,76929.01,77001.70,3313
24-05-2026 18:30,77001.70,77014.01,76579.91,76703.33,4161
24-05-2026 19:30,76698.55,76731.49,76098.56,76354.92,6137
24-05-2026 20:30,76354.82,76436.68,76249.96,76268.47,3374
24-05-2026 21:30,76268.47,76631.14,76267.63,76567.24,4571
24-05-2026 22:30,76567.24,76682.94,76465.92,76583.93,3648
24-05-2026 23:30,76583.93,76682.07,76484.40,76558.12,3603
25-05-2026 00:30,76558.12,76677.96,76499.56,76664.82,3032
25-05-2026 01:30,76664.83,76686.90,76495.07,76554.34,4235
25-05-2026 02:30,76554.34,76636.26,75994.81,76037.09,3668
25-05-2026 03:30,76038.29,76904.06,76030.65,76696.25,6248
25-05-2026 04:30,76696.25,77105.49,76696.25,76957.11,4699
25-05-2026 05:30,76959.54,77169.93,76959.54,77044.57,5371
25-05-2026 06:30,77044.89,77144.11,76809.58,76838.52,4349
25-05-2026 07:30,76838.34,77374.97,76837.93,76996.88,4560
25-05-2026 08:30,76996.88,77057.97,76902.29,76919.76,3600
25-05-2026 09:30,76919.76,77343.38,76883.66,77281.22,3266
25-05-2026 10:30,77281.97,77390.52,77212.40,77302.00,3531
25-05-2026 11:30,77302.00,77515.22,77115.24,77315.88,4336
25-05-2026 12:30,77315.88,77418.00,77079.02,77302.15,3618
25-05-2026 13:30,77302.15,77364.70,77173.31,77351.31,2599
25-05-2026 14:30,77351.31,77598.82,77319.69,77501.19,3087
25-05-2026 15:30,77501.50,77591.09,77393.53,77447.15,2425
25-05-2026 16:30,77447.15,77447.67,77237.79,77269.28,2275
25-05-2026 17:30,77269.28,77346.06,77193.55,77265.98,3096
25-05-2026 18:30,77266.29,77361.40,77196.32,77247.94,3072
25-05-2026 19:30,77247.94,77678.81,77209.00,77622.33,4026
25-05-2026 20:30,77622.45,77802.59,77464.11,77534.45,4476
25-05-2026 21:30,77534.45,77724.40,77423.22,77649.12,3038
25-05-2026 22:30,77649.12,77722.96,77461.91,77476.37,2776
25-05-2026 23:30,77476.27,77577.33,77453.87,77464.60,1856
26-05-2026 00:30,77464.60,77469.20,77258.75,77359.42,2472
26-05-2026 01:30,77359.42,77419.61,77129.24,77184.77,2817
26-05-2026 02:30,77184.77,77306.51,77183.56,77282.34,2695
26-05-2026 03:30,77282.34,77355.49,76952.56,77028.05,5745
26-05-2026 04:30,77028.05,77278.24,76981.61,77234.12,5624
26-05-2026 05:30,77234.12,77261.47,76479.48,76696.75,7628
26-05-2026 06:30,76696.75,76783.50,76500.12,76661.05,6925
26-05-2026 07:30,76661.05,76719.84,76422.28,76570.78,5037
26-05-2026 08:30,76570.78,76614.32,76375.07,76568.19,4335
26-05-2026 09:30,76568.19,76725.59,76507.88,76654.10,3349
26-05-2026 10:30,76654.10,76888.20,76608.01,76823.22,3396
26-05-2026 11:30,76823.22,76952.19,76679.07,76810.36,4224
26-05-2026 12:30,76810.36,76823.44,76504.99,76619.48,4713
26-05-2026 13:30,76620.23,76750.75,76584.54,76623.10,4394
26-05-2026 14:30,76623.10,76703.62,76538.61,76570.42,4021
26-05-2026 15:30,76570.42,77521.82,76471.91,77327.38,8092
26-05-2026 16:30,77327.38,77406.33,77064.87,77082.50,6177
26-05-2026 17:30,77082.50,77131.48,76781.32,77033.49,6205
26-05-2026 18:30,77033.49,77335.55,76576.28,77118.77,8047
26-05-2026 19:30,77118.77,77985.78,76611.22,76789.38,11103
26-05-2026 20:30,76792.88,76905.04,76148.89,76392.25,11078
26-05-2026 21:30,76392.25,76592.50,76090.81,76441.34,10606
26-05-2026 22:30,76441.34,76530.28,75724.54,75804.58,10504
26-05-2026 23:30,75803.41,76138.22,75641.58,75699.04,10339
27-05-2026 00:30,75706.97,75961.66,75652.59,75912.36,9592
27-05-2026 01:30,75912.36,76054.26,75856.35,75982.65,9303
27-05-2026 02:30,75983.59,76000.26,75724.84,75771.69,6103
27-05-2026 03:30,75771.69,75880.18,75539.68,75616.07,9921
27-05-2026 04:30,75616.07,75858.82,75615.99,75807.77,9253
27-05-2026 05:30,75810.01,75964.93,75753.06,75956.35,9667
27-05-2026 06:30,75956.00,75979.50,75694.58,75747.77,8985
27-05-2026 07:30,75747.77,75771.72,75553.95,75735.29,9249
27-05-2026 08:30,75736.52,75835.47,75490.21,75530.70,9323
27-05-2026 09:30,75536.56,75566.88,75172.30,75441.80,9123
27-05-2026 10:30,75441.80,75602.00,75433.85,75565.86,9154
27-05-2026 11:30,75565.86,75760.98,75543.90,75700.07,9279
27-05-2026 12:30,75700.07,75841.27,75619.26,75840.09,9129
27-05-2026 13:30,75840.09,75939.58,75704.11,75743.29,9286
27-05-2026 14:30,75743.29,75842.86,75569.43,75772.20,9164
27-05-2026 15:30,75772.04,75904.76,75731.29,75763.20,9160
27-05-2026 16:30,75763.20,75887.56,75608.38,75619.98,9741
27-05-2026 17:30,75626.88,76016.68,75427.26,75543.76,10051
27-05-2026 18:30,75544.99,75619.87,74709.18,74912.46,10946
27-05-2026 19:30,74912.89,75099.77,74629.28,74881.07,11123
27-05-2026 20:30,74882.56,75350.19,74826.12,75178.96,10666
27-05-2026 21:30,75178.96,75253.09,74853.97,75160.96,9922
27-05-2026 22:30,75160.15,75193.44,74545.78,74706.80,10318
27-05-2026 23:30,74708.56,74874.57,74519.98,74872.55,10095
28-05-2026 00:30,74872.72,74947.79,74789.63,74907.22,9457
28-05-2026 01:30,74906.78,75266.25,74891.57,75127.51,9573
28-05-2026 02:30,75127.31,75128.02,74205.46,74346.29,7920
28-05-2026 03:30,74347.69,74642.62,74140.31,74293.19,9359
28-05-2026 04:30,74293.10,74434.99,74102.61,74309.13,9815
28-05-2026 05:30,74308.56,74447.70,74226.96,74421.41,9881
28-05-2026 06:30,74421.41,74445.59,74022.80,74201.69,10322
28-05-2026 07:30,74201.85,74254.96,73997.34,74140.39,10079
28-05-2026 08:30,74140.39,74238.29,72932.60,73117.21,11526
28-05-2026 09:30,73117.23,73117.40,72612.93,73030.65,10930
28-05-2026 10:30,73030.65,73033.93,72762.45,72841.02,9944
28-05-2026 11:30,72841.02,73064.22,72625.74,73058.91,9750
28-05-2026 12:30,73058.19,73356.45,73009.99,73342.83,9457
28-05-2026 13:30,73342.57,73353.31,73060.73,73179.28,9702
28-05-2026 14:30,73181.95,73422.60,73113.57,73401.10,9653
28-05-2026 15:30,73404.06,73477.66,73211.20,73263.36,9398
28-05-2026 16:30,73260.55,73394.33,73181.65,73363.87,9535
28-05-2026 17:30,73363.87,73440.59,73115.62,73384.73,9830
28-05-2026 18:30,73384.73,73437.13,72618.46,72879.22,10727
28-05-2026 19:30,72879.22,73424.06,72454.75,72880.52,11556
28-05-2026 20:30,72882.67,73023.60,72548.81,72775.64,10615
28-05-2026 21:30,72775.78,73311.77,72586.90,73310.08,10738
28-05-2026 22:30,73310.08,73602.10,73177.56,73422.01,10152
28-05-2026 23:30,73422.01,73613.04,73388.83,73525.26,9514
29-05-2026 00:30,73527.69,73527.69,73257.98,73300.78,9468
29-05-2026 01:30,73301.18,73602.67,73122.72,73463.20,9521
29-05-2026 02:30,73463.20,73804.85,73435.87,73701.90,6445
29-05-2026 03:30,73701.90,73827.56,73330.82,73350.15,9007
29-05-2026 04:30,73347.27,73602.23,73347.27,73500.20,8577
29-05-2026 05:30,73500.20,73741.38,73498.67,73604.64,9623
29-05-2026 06:30,73604.64,73751.74,73343.02,73468.85,9703
29-05-2026 07:30,73468.85,73527.25,73057.61,73100.72,9594
29-05-2026 08:30,73101.05,73331.47,73101.05,73175.06,8939
29-05-2026 09:30,73175.76,73386.52,73077.94,73375.16,9202
29-05-2026 10:30,73372.09,73604.53,73371.42,73579.81,9092
29-05-2026 11:30,73579.90,73821.78,73510.57,73665.46,8852
29-05-2026 12:30,73665.37,73703.07,73256.72,73404.96,9250
29-05-2026 13:30,73404.96,73711.15,73399.33,73533.29,9540
29-05-2026 14:30,73533.29,73782.00,73526.16,73625.29,9423
29-05-2026 15:30,73625.29,73625.29,73463.33,73512.78,9003
29-05-2026 16:30,73513.17,73583.12,73219.97,73356.94,9518
29-05-2026 17:30,73356.94,73356.94,73081.03,73174.11,9676
29-05-2026 18:30,73172.09,73218.64,72777.38,73014.11,10587
29-05-2026 19:30,73017.32,73074.57,72392.56,72961.20,11446
29-05-2026 20:30,72960.76,74076.23,72867.47,73681.63,11978
29-05-2026 21:30,73684.17,73984.61,73435.09,73927.61,10968
29-05-2026 22:30,73927.61,74206.90,73799.44,73850.52,10679
29-05-2026 23:30,73854.76,73946.33,73066.92,73253.47,10218
30-05-2026 00:30,73253.47,73614.91,73124.56,73401.53,10031
30-05-2026 01:30,73400.52,73644.19,73396.49,73559.77,9944
30-05-2026 02:30,73560.35,73726.99,73293.27,73302.88,6259
30-05-2026 03:30,73302.88,73455.85,73259.91,73370.82,8628
30-05-2026 04:30,73373.85,73400.49,73201.90,73351.67,8436
30-05-2026 05:30,73351.67,73468.58,73292.51,73382.42,8301
30-05-2026 06:30,73382.42,73554.71,73352.44,73544.65,7334
30-05-2026 07:30,73546.45,73674.97,73495.88,73674.25,8512
30-05-2026 08:30,73674.25,73684.09,73402.72,73413.75,8620
30-05-2026 09:30,73413.75,73470.37,73104.46,73281.93,9139
30-05-2026 10:30,73281.93,73525.90,73233.00,73492.14,8976
30-05-2026 11:30,73493.84,73598.71,73407.24,73474.84,8962
30-05-2026 12:30,73474.84,73485.27,73369.47,73434.62,8370
30-05-2026 13:30,73434.62,73451.49,73382.30,73405.81,7879
30-05-2026 14:30,73403.66,73504.68,73385.52,73498.90,7906
30-05-2026 15:30,73499.82,73569.58,73472.90,73538.32,8223
30-05-2026 16:30,73536.54,73539.35,73441.50,73481.08,7406
30-05-2026 17:30,73481.08,73583.98,73469.29,73575.81,6819
30-05-2026 18:30,73579.32,73717.55,73559.27,73706.00,8531
30-05-2026 19:30,73712.96,73979.38,73692.40,73808.08,9332
30-05-2026 20:30,73810.73,73916.10,73715.23,73796.68,8750
30-05-2026 21:30,73796.85,73860.63,73756.09,73812.58,8432
30-05-2026 22:30,73809.56,73905.90,73688.95,73896.22,8016
30-05-2026 23:30,73896.22,74009.42,73834.97,73919.39,8488
31-05-2026 00:30,73917.61,73951.30,73846.17,73889.21,8337
31-05-2026 01:30,73889.21,73896.69,73797.08,73856.41,8124
31-05-2026 02:30,73859.25,73933.75,73805.14,73862.46,8334
31-05-2026 03:30,73863.67,73863.67,73672.16,73759.52,8629
31-05-2026 04:30,73759.49,73869.79,73661.00,73760.48,8517
31-05-2026 05:30,73760.48,73917.50,73728.47,73905.61,8566
31-05-2026 06:30,73904.96,74147.76,73899.55,73930.76,8849
31-05-2026 07:30,73931.52,74121.25,73761.94,73967.15,8336
31-05-2026 08:30,73967.15,74098.64,73942.40,74018.14,8605
31-05-2026 09:30,74018.14,74099.79,73974.25,74047.58,8475
31-05-2026 10:30,74052.17,74087.57,73929.42,73932.22,8352
31-05-2026 11:30,73932.22,73983.34,73867.05,73927.80,7827
31-05-2026 12:30,73927.80,73929.87,73710.75,73749.84,7444
31-05-2026 13:30,73751.32,73861.94,73722.60,73820.37,8062
31-05-2026 14:30,73820.37,73903.68,73686.48,73722.05,7537
31-05-2026 15:30,73720.41,73781.06,73610.62,73778.35,8180
31-05-2026 16:30,73774.75,73854.23,73769.37,73816.68,8685
31-05-2026 17:30,73813.38,73876.82,73745.21,73796.27,8532
31-05-2026 18:30,73794.48,73898.40,73691.46,73748.06,8992
31-05-2026 19:30,73748.06,73750.14,73390.13,73479.00,9692
31-05-2026 20:30,73479.60,73650.69,73465.49,73528.08,8847
31-05-2026 21:30,73528.97,73610.95,73277.40,73411.24,8996
31-05-2026 22:30,73411.16,73622.53,73343.57,73585.88,8157
31-05-2026 23:30,73594.98,73597.45,73455.55,73477.30,7997
01-06-2026 00:30,73478.70,73532.88,73330.59,73436.35,7691
01-06-2026 01:30,73437.95,73638.02,73436.42,73617.35,8337
01-06-2026 02:30,73617.29,73785.44,73493.44,73770.64,4046
01-06-2026 03:30,73770.64,73880.07,73559.68,73823.43,5686
01-06-2026 04:30,73823.43,74073.43,73385.84,73558.05,5588
01-06-2026 05:30,73558.05,73963.18,73526.38,73765.46,6166
01-06-2026 06:30,73765.82,73797.32,73158.80,73173.36,6422
01-06-2026 07:30,73173.36,73755.90,73104.09,73673.09,5174
01-06-2026 08:30,73673.10,73896.08,73613.83,73645.81,4887
01-06-2026 09:30,73645.81,73724.40,73225.55,73405.20,5755
01-06-2026 10:30,73405.20,73419.93,73208.00,73234.72,6892
01-06-2026 11:30,73236.59,73257.11,72845.47,73019.86,10439
01-06-2026 12:30,73019.27,73088.92,72586.52,72697.33,10584
01-06-2026 13:30,72697.33,72811.69,72499.25,72786.08,10543
01-06-2026 14:30,72786.19,72985.40,72717.18,72776.35,10144
01-06-2026 15:30,72776.65,72804.53,72487.47,72637.57,9929
01-06-2026 16:30,72637.57,72663.46,72191.37,72372.58,9657
01-06-2026 17:30,72376.24,72505.85,71822.76,72111.87,11414
01-06-2026 18:30,72111.87,72122.16,71256.46,71580.73,11553
01-06-2026 19:30,71583.42,71758.29,71268.00,71416.21,11331
01-06-2026 20:30,71427.39,71537.24,70930.19,70977.90,10910
01-06-2026 21:30,70977.90,71468.30,70547.96,71437.22,10648
01-06-2026 22:30,71437.23,71673.71,71348.02,71540.71,10421
01-06-2026 23:30,71537.99,71579.66,71259.02,71387.60,9952
02-06-2026 00:30,71391.50,71564.53,71272.77,71485.65,9537
02-06-2026 01:30,71485.65,71589.66,71305.01,71340.59,9249
02-06-2026 02:30,71340.59,71344.14,70836.24,70930.29,6944
02-06-2026 03:30,70931.00,71345.49,70720.19,71294.25,9966
02-06-2026 04:30,71294.25,71474.15,71106.22,71298.09,9607
02-06-2026 05:30,71301.39,71301.40,70988.70,71174.08,10180
02-06-2026 06:30,71175.11,71263.50,70513.35,70531.41,10556
02-06-2026 07:30,70538.05,70762.46,70002.76,70722.12,10791
02-06-2026 08:30,70725.54,70921.83,70681.65,70827.73,9699
02-06-2026 09:30,70827.87,70926.60,70591.42,70686.70,9285
02-06-2026 10:30,70686.70,70721.10,70143.50,70144.90,9835
02-06-2026 11:30,70146.50,70325.50,69837.30,69985.10,9757
02-06-2026 12:30,69986.30,70146.30,69637.70,70004.60,10199
02-06-2026 13:30,69998.30,70057.90,69595.70,69700.00,9767
02-06-2026 14:30,69700.00,69733.30,69204.80,69305.80,10294
02-06-2026 15:30,69305.00,69631.00,69227.50,69519.70,9448
02-06-2026 16:30,69521.20,69537.10,69296.00,69345.10,9283
02-06-2026 17:30,69345.10,69425.50,68884.30,68884.30,10077
02-06-2026 18:30,68884.30,69062.10,68615.60,68662.70,10820
02-06-2026 19:30,68670.70,68695.60,67489.50,67863.50,11388
02-06-2026 20:30,67871.40,67932.80,66941.00,67167.60,11034
02-06-2026 21:30,67167.60,67998.70,67096.40,67287.90,10842
02-06-2026 22:30,67288.90,67710.80,67242.50,67365.00,10027
02-06-2026 23:30,67363.60,67532.50,67018.40,67217.80,9963
03-06-2026 00:30,67217.80,67376.60,66335.60,67196.60,10543
03-06-2026 01:30,67196.60,67572.60,66794.30,67475.60,9991
03-06-2026 02:30,67475.60,67811.30,67296.00,67453.10,7150
03-06-2026 03:30,67453.10,67453.10,66156.10,66273.10,10524
03-06-2026 04:30,66280.30,66761.50,66093.40,66650.30,10749
03-06-2026 05:30,66648.00,67071.00,66544.00,66827.50,10173
03-06-2026 06:30,66827.50,66946.80,66368.20,66815.00,10081
03-06-2026 07:30,66811.30,66827.90,66474.30,66510.20,9757
03-06-2026 08:30,66510.30,66558.30,65369.50,65747.80,10448
03-06-2026 09:30,65747.80,66513.70,65728.20,66364.30,9859
03-06-2026 10:30,66364.30,67284.80,66364.30,67215.30,10243
03-06-2026 11:30,67213.60,67402.40,66851.90,66872.60,10082
03-06-2026 12:30,66874.10,67231.70,66768.50,67119.30,9730
03-06-2026 13:30,67118.00,67148.10,66863.30,66916.80,9703
03-06-2026 14:30,66916.80,67207.20,66540.10,66962.50,9619
03-06-2026 15:30,66962.50,67354.80,66956.30,67186.50,9919
03-06-2026 16:30,67187.00,67261.60,66943.00,66956.60,10061
03-06-2026 17:30,66956.60,67051.60,66673.00,66978.20,9522
03-06-2026 18:30,66978.20,67138.50,66515.90,66783.50,10520
03-06-2026 19:30,66783.50,66875.80,66528.90,66749.50,10879
03-06-2026 20:30,66749.50,66769.40,65962.00,65968.30,10720
03-06-2026 21:30,65964.90,66253.40,65445.70,65956.60,11228
03-06-2026 22:30,65956.60,66080.20,65593.70,65858.50,10266
03-06-2026 23:30,65858.50,66057.20,65648.00,65934.60,9936
04-06-2026 00:30,65934.60,65955.60,65158.20,65362.10,10064
04-06-2026 01:30,65360.50,65499.50,64677.20,64900.60,10605
04-06-2026 02:30,64899.30,65747.80,64854.20,65650.70,8858
04-06-2026 03:30,65650.70,65726.90,64683.80,64806.20,10949
04-06-2026 04:30,64804.40,64873.20,63984.40,64029.30,11095
04-06-2026 05:30,64032.40,64322.00,62931.00,63235.50,11495
04-06-2026 06:30,63237.00,63394.70,62018.10,62087.50,12168
04-06-2026 07:30,62088.90,63528.90,61313.20,63133.10,12040
04-06-2026 08:30,63134.20,64439.90,63134.20,64276.00,10904
04-06-2026 09:30,64276.50,64675.00,64184.80,64318.00,10780
04-06-2026 10:30,64316.60,64317.10,63576.00,63883.20,11200
04-06-2026 11:30,63883.20,64407.10,63815.70,63951.10,10624
04-06-2026 12:30,63951.10,63993.70,63426.20,63526.40,10812
04-06-2026 13:30,63524.10,63814.00,63167.70,63533.80,11194
04-06-2026 14:30,63533.30,63558.10,62627.80,63165.30,11672
04-06-2026 15:30,63165.30,63180.30,62212.90,62330.30,11791
04-06-2026 16:30,62333.20,62742.10,62124.40,62462.60,11564
04-06-2026 17:30,62465.10,63885.30,62304.40,63688.90,11283
04-06-2026 18:30,63688.70,64166.90,62991.70,64143.10,11737
04-06-2026 19:30,64142.40,64426.10,63718.20,63880.50,11697
04-06-2026 20:30,63878.70,64321.60,63610.60,63809.60,10834
04-06-2026 21:30,63810.40,63842.50,63360.40,63470.30,10674
04-06-2026 22:30,63471.00,63628.20,62879.90,63443.40,10656
04-06-2026 23:30,63443.40,64012.00,63052.10,63722.60,10718
05-06-2026 00:30,63722.60,64056.10,63439.30,63526.70,10642
05-06-2026 01:30,63530.00,63583.20,63101.40,63559.00,10833
05-06-2026 02:30,63560.20,63796.10,63059.90,63207.10,8598
05-06-2026 03:30,63207.10,63693.20,63122.40,63661.90,10537
05-06-2026 04:30,63656.50,63837.70,63295.80,63798.80,10132
05-06-2026 05:30,63799.40,63897.70,63305.00,63341.80,10534
05-06-2026 06:30,63340.00,63480.20,62965.20,63283.80,11245
05-06-2026 07:30,63283.80,63358.20,62508.50,62531.50,11243
05-06-2026 08:30,62533.50,62801.50,62253.90,62652.10,11225
05-06-2026 09:30,62651.50,63562.70,62410.00,63529.80,11042
05-06-2026 10:30,63532.70,63600.40,62199.30,62250.50,11063
05-06-2026 11:30,62251.10,62551.00,61090.40,61878.10,12278
05-06-2026 12:30,61878.10,63043.10,61312.20,63033.40,11985
05-06-2026 13:30,63033.50,63037.60,62219.20,62389.90,11549
05-06-2026 14:30,62389.90,63168.20,62369.10,62790.50,11407
05-06-2026 15:30,62791.00,62869.70,62312.80,62481.40,10806
05-06-2026 16:30,62483.20,62571.60,61898.60,61898.60,10649
05-06-2026 17:30,61898.00,62375.60,61550.60,61904.40,11216
05-06-2026 18:30,61903.70,62256.00,60669.70,60672.50,11622
05-06-2026 19:30,60674.90,61160.40,60289.60,60811.90,12031
05-06-2026 20:30,60814.60,61065.90,60009.80,60391.90,11555
05-06-2026 21:30,60390.00,61498.80,59747.30,61338.30,11793
05-06-2026 22:30,61340.30,61456.70,60598.70,60747.10,11359
05-06-2026 23:30,60746.90,60890.10,59085.80,59342.50,11517
06-06-2026 00:30,59342.50,60411.60,59085.40,60265.10,11486
06-06-2026 01:30,60261.70,61727.40,59905.00,61617.90,11480
06-06-2026 02:30,61617.90,61953.80,61418.40,61644.40,8145
06-06-2026 03:30,61644.40,61932.70,61192.00,61553.30,10833
06-06-2026 04:30,61552.40,61735.20,60480.90,61028.30,11131
06-06-2026 05:30,61026.80,61493.80,61021.50,61231.90,10564
06-06-2026 06:30,61232.80,61341.90,60919.00,61022.20,10253
06-06-2026 07:30,61022.20,61142.60,60643.80,60915.30,10569
06-06-2026 08:30,60914.10,60930.30,60483.80,60651.60,10563
06-06-2026 09:30,60651.70,60834.80,59453.90,60065.90,11478
06-06-2026 10:30,60063.10,61009.10,59594.00,60902.90,10871
06-06-2026 11:30,60902.90,61225.70,60648.30,60743.70,9564
06-06-2026 12:30,60743.70,61182.90,60690.00,60966.00,6955
06-06-2026 13:30,60966.00,61446.60,60839.70,61221.40,8567
06-06-2026 14:30,61222.40,61284.10,60849.00,60940.20,8067
06-06-2026 15:30,60940.20,60940.60,60188.00,60564.10,9199
06-06-2026 16:30,60564.10,60919.40,60508.90,60760.60,8242
06-06-2026 17:30,60761.80,61136.40,60610.80,60987.20,8424
06-06-2026 18:30,60987.20,61064.70,60664.60,60770.90,8534
06-06-2026 19:30,60770.90,60978.90,60731.90,60755.40,8468
06-06-2026 20:30,60755.40,60883.40,60357.50,60740.70,8806
06-06-2026 21:30,60740.70,60925.70,60455.10,60741.30,8512
06-06-2026 22:30,60741.30,60810.00,60465.70,60545.60,7611
06-06-2026 23:30,60545.60,60710.30,60361.30,60601.50,7113
07-06-2026 00:30,60601.50,60746.60,60493.30,60558.50,6268
07-06-2026 01:30,60558.50,60716.00,60480.60,60669.40,6599
07-06-2026 02:30,60669.60,60960.60,60664.20,60714.10,5846
07-06-2026 03:30,60714.10,60781.10,60390.40,60500.80,7083
07-06-2026 04:30,60502.10,60902.40,60498.50,60839.30,6865
07-06-2026 05:30,60839.70,60937.70,60697.50,60738.40,7231
07-06-2026 06:30,60738.50,61609.50,60714.50,61434.30,9096
07-06-2026 07:30,61434.20,61526.00,61146.80,61465.00,7306
07-06-2026 08:30,61462.50,61729.30,61370.20,61661.70,6945
07-06-2026 09:30,61661.70,61865.40,61446.80,61846.50,6993
07-06-2026 10:30,61846.50,62084.30,61606.10,61714.20,6909
07-06-2026 11:30,61594.60,62221.30,61585.20,62066.90,7927
07-06-2026 12:30,62066.90,62375.00,61955.90,62362.70,7016
07-06-2026 13:30,62362.70,62913.10,62218.90,62816.30,8306
07-06-2026 14:30,62816.30,62860.40,62373.90,62497.10,8536
07-06-2026 15:30,62497.10,62531.70,62263.20,62339.20,7700
07-06-2026 16:30,62339.20,62720.30,62324.30,62589.20,6826
07-06-2026 17:30,62589.20,62611.20,61547.60,61867.40,8883
07-06-2026 18:30,61864.30,61867.90,61621.40,61668.60,7562
07-06-2026 19:30,61668.60,62274.10,61666.10,61872.80,8063
07-06-2026 20:30,61872.80,62168.80,61638.40,62059.40,8159
07-06-2026 21:30,62059.40,62276.50,61925.70,62047.60,8010
07-06-2026 22:30,62047.60,62288.10,62011.50,62121.70,6962
07-06-2026 23:30,62121.60,62259.40,61976.60,61991.50,6213
08-06-2026 00:30,61991.30,61999.20,61141.70,61273.40,9129
08-06-2026 01:30,61416.60,61924.00,61416.60,61834.80,7367
08-06-2026 02:30,61834.60,61964.30,61609.70,61737.20,5945
08-06-2026 03:30,61738.20,64137.50,61685.70,62832.90,8721
08-06-2026 04:30,62832.90,63403.20,62767.60,63295.30,7113
08-06-2026 05:30,63295.30,63816.80,63109.70,63596.40,7238
08-06-2026 06:30,63600.10,63611.00,62684.40,63173.60,7537
08-06-2026 07:30,63173.60,63224.20,62874.70,63089.90,6389
08-06-2026 08:30,63090.60,63410.20,62936.50,63079.50,5581
08-06-2026 09:30,63079.60,63126.00,62614.30,62637.50,6397
08-06-2026 10:30,62639.00,62786.90,62360.40,62711.50,6845
08-06-2026 11:30,62711.40,63098.90,62687.70,62939.10,6940
08-06-2026 12:30,62940.40,63287.80,62758.90,63229.90,9226
08-06-2026 13:30,63229.70,63230.30,62929.30,63075.80,9081
08-06-2026 14:30,63075.80,63503.10,63062.60,63440.10,8932
08-06-2026 15:30,63440.10,63490.90,63040.00,63095.80,6805
08-06-2026 16:30,63096.70,63802.70,62990.70,63421.00,8904
08-06-2026 17:30,63421.00,63867.10,62670.40,63758.90,10293
08-06-2026 18:30,63763.20,63885.70,63302.70,63702.00,10305
08-06-2026 19:30,63703.30,64042.60,63519.00,63931.50,10753
08-06-2026 20:30,63931.80,64171.50,63664.80,63731.20,10356
08-06-2026 21:30,63733.50,63996.60,63426.30,63483.10,8952
08-06-2026 22:30,63483.10,63614.00,63250.90,63510.50,9025
08-06-2026 23:30,63510.50,63652.80,63296.30,63431.60,8466
09-06-2026 00:30,63431.60,63557.30,63320.40,63339.60,8454
09-06-2026 01:30,63339.60,63456.20,63132.00,63456.20,7873
09-06-2026 02:30,63456.20,63818.20,63451.50,63694.80,7150
09-06-2026 03:30,63693.80,63693.80,63178.10,63413.50,7595
09-06-2026 04:30,63413.30,63562.40,62947.20,63053.70,9179
09-06-2026 05:30,63051.50,63146.20,62380.90,62520.60,10207
09-06-2026 06:30,62521.60,62843.90,62511.90,62727.90,9923
09-06-2026 07:30,62727.50,62834.80,62500.00,62834.80,9096
09-06-2026 08:30,62834.80,62936.50,62658.40,62830.00,8219
09-06-2026 09:30,62830.00,63377.70,62706.00,63191.80,8133
09-06-2026 10:30,63191.80,63476.90,63070.00,63299.10,8126
09-06-2026 11:30,63299.10,63459.50,63177.20,63252.60,7066
09-06-2026 12:30,63252.60,63396.20,62963.40,63148.80,6540
09-06-2026 13:30,63148.80,63164.10,62726.30,62798.80,7373
09-06-2026 14:30,62798.80,62898.10,62544.30,62668.10,6225
09-06-2026 15:30,62668.30,62777.00,62550.10,62734.40,6431
09-06-2026 16:30,62734.40,62765.90,62447.30,62660.90,7248
09-06-2026 17:30,62660.90,62847.80,62388.30,62595.10,7281
09-06-2026 18:30,62594.60,62685.30,62109.20,62220.70,9601
09-06-2026 19:30,62220.70,62344.90,61101.90,61490.40,11937
09-06-2026 20:30,61488.70,61652.90,60974.60,61072.80,10684
09-06-2026 21:30,61072.10,61401.60,60725.80,61328.60,11217
09-06-2026 22:30,61328.60,61814.70,61328.60,61631.70,10204
09-06-2026 23:30,61631.70,61896.90,61533.10,61722.70,9356
10-06-2026 00:30,61722.70,62044.60,61652.70,62035.80,9764
10-06-2026 01:30,62034.60,62215.30,61888.00,62105.60,7103
10-06-2026 02:30,62105.80,62122.80,61634.80,61701.50,5840
10-06-2026 03:30,61701.60,61918.20,61607.50,61669.70,8064
10-06-2026 04:30,61669.20,61827.90,61502.10,61676.00,7179
10-06-2026 05:30,61676.00,61880.40,61396.30,61862.00,9205
10-06-2026 06:30,61861.90,61923.10,61534.30,61659.10,9662
10-06-2026 07:30,61659.10,61786.30,61180.70,61248.60,8739
10-06-2026 08:30,61248.60,61535.20,61226.90,61492.20,6936
10-06-2026 09:30,61492.20,61509.20,61134.80,61237.50,6598
10-06-2026 10:30,61238.20,61342.60,61022.40,61294.50,6337
10-06-2026 11:30,61299.90,61457.10,61085.20,61410.60,6047
10-06-2026 12:30,61410.60,61728.60,61371.90,61627.70,6938
10-06-2026 13:30,61627.70,61668.70,61101.90,61200.40,8848
10-06-2026 14:30,61200.40,61359.30,60733.60,61270.50,9204
10-06-2026 15:30,61270.50,61387.40,61086.80,61318.20,8149
10-06-2026 16:30,61318.60,61371.20,60802.90,60964.50,8078
10-06-2026 17:30,60964.30,61859.20,60889.10,61507.10,9602
10-06-2026 18:30,61506.40,62385.60,61375.00,62084.40,10357
10-06-2026 19:30,62084.50,62190.60,61745.70,62137.20,10815
10-06-2026 20:30,62137.20,62785.40,61787.60,62571.50,11431
10-06-2026 21:30,62571.40,62583.90,61861.70,62157.70,10448
10-06-2026 22:30,62157.70,62297.20,61583.30,61905.00,10150
10-06-2026 23:30,61905.00,62091.80,61541.40,61803.70,9677
11-06-2026 00:30,61803.70,61992.00,61596.30,61869.20,10052
11-06-2026 01:30,61868.80,61875.10,61619.10,61725.70,8268
11-06-2026 02:30,61725.80,61726.00,61111.00,61283.40,7315
11-06-2026 03:30,61283.40,61500.70,61028.30,61311.30,9949
11-06-2026 04:30,61311.00,61534.60,61090.70,61438.30,8833
11-06-2026 05:30,61437.60,61907.00,61437.60,61748.50,9419
11-06-2026 06:30,61748.50,62290.80,61746.50,62135.30,8846
11-06-2026 07:30,62135.60,62229.60,61858.40,62059.40,8254
11-06-2026 08:30,62059.40,62707.40,61922.20,62589.20,8075
11-06-2026 09:30,62587.40,62766.40,62456.30,62635.70,7919
11-06-2026 10:30,62634.80,62640.50,62468.70,62528.40,7293
11-06-2026 11:30,62528.40,62909.40,62459.00,62679.50,6902
11-06-2026 12:30,62679.50,62758.50,62521.20,62626.80,5681
11-06-2026 13:30,62626.80,62947.60,62626.60,62870.40,6034
11-06-2026 14:30,62870.50,62906.60,62698.90,62834.30,5107
11-06-2026 15:30,62834.80,63109.30,62710.70,63065.00,5929
11-06-2026 16:30,63065.10,63186.40,62973.60,63032.70,6328
11-06-2026 17:30,63032.70,63115.90,62441.90,62931.00,8572
11-06-2026 18:30,62931.00,63168.40,62592.40,63005.80,9213
11-06-2026 19:30,63005.60,63008.90,62650.20,62650.20,10937
11-06-2026 20:30,62650.20,62801.00,62465.10,62670.00,9748
11-06-2026 21:30,62670.00,62757.10,62468.60,62488.50,8426
11-06-2026 22:30,62489.10,63553.20,62248.60,63549.60,10673
11-06-2026 23:30,63554.10,63705.70,63240.80,63376.70,9353
12-06-2026 00:30,63375.50,63837.00,63310.60,63532.10,9419
12-06-2026 01:30,63532.80,63585.90,63196.60,63317.70,5641
12-06-2026 02:30,63317.70,63525.80,63317.50,63451.00,3998
12-06-2026 03:30,63451.00,63604.00,63388.20,63426.10,6001
12-06-2026 04:30,63426.10,63613.20,63277.40,63551.70,5928
12-06-2026 05:30,63553.80,63705.90,63444.30,63562.80,6126
12-06-2026 06:30,63562.80,63566.70,63211.10,63342.20,6805
12-06-2026 07:30,63342.20,63686.90,63341.70,63525.80,5415
12-06-2026 08:30,63525.80,63556.70,63251.70,63421.00,5040
12-06-2026 09:30,63421.00,63763.80,63324.60,63604.10,5538
12-06-2026 10:30,63604.10,63625.90,63207.70,63256.90,5825
12-06-2026 11:30,63256.90,63319.40,62746.10,62889.90,7134
12-06-2026 12:30,62890.10,63108.40,62856.10,63003.50,5869
12-06-2026 13:30,63003.90,63520.10,63001.80,63379.20,6479
12-06-2026 14:30,63379.20,63862.30,63342.10,63666.30,6821
12-06-2026 15:30,63666.30,63758.30,63500.50,63608.90,5970
12-06-2026 16:30,63608.90,63799.90,63594.80,63673.00,6165
12-06-2026 17:30,63673.00,63687.80,63298.50,63377.60,7165
12-06-2026 18:30,63377.60,63446.60,62967.50,63144.60,8995
12-06-2026 19:30,63143.20,63943.30,63122.30,63938.50,11011
12-06-2026 20:30,63937.00,64329.20,63497.30,63539.80,10765
12-06-2026 21:30,63539.80,63949.30,63458.60,63929.90,8850
12-06-2026 22:30,63930.60,64050.40,63684.40,63810.80,7782
12-06-2026 23:30,63810.80,63884.50,63625.70,63635.90,7960
13-06-2026 00:30,63635.80,63769.60,63541.20,63541.20,7244
13-06-2026 01:30,63541.20,63655.20,63346.80,63397.10,5307
13-06-2026 02:30,63397.10,63581.30,63387.50,63423.30,3588
13-06-2026 03:30,63423.30,63614.10,63418.50,63460.40,4264
13-06-2026 04:30,63460.40,63532.70,63377.70,63526.10,4207
13-06-2026 05:30,63526.10,63592.80,63457.00,63546.30,3853
13-06-2026 06:30,63546.30,63790.10,63546.30,63783.00,4279
13-06-2026 07:30,63783.00,63783.60,63509.50,63593.50,3386
13-06-2026 08:30,63593.50,63672.90,63408.00,63480.80,3675
13-06-2026 09:30,63480.80,63601.00,63435.30,63460.40,3000
13-06-2026 10:30,63460.50,63546.00,63441.70,63538.20,3424
13-06-2026 11:30,63538.20,63691.40,63498.90,63680.20,3968
13-06-2026 12:30,63684.00,63828.30,63620.90,63794.00,4214
13-06-2026 13:30,63794.00,63862.10,63709.50,63751.20,3434
13-06-2026 14:30,63751.90,63813.00,63690.20,63694.00,2930
13-06-2026 15:30,63695.00,63853.70,63679.40,63789.90,3346
13-06-2026 16:30,63789.90,63921.00,63786.70,63911.70,3141
13-06-2026 17:30,63911.70,64158.20,63864.80,64084.90,3909
13-06-2026 18:30,64084.90,64190.10,64003.60,64051.00,4750
13-06-2026 19:30,64050.50,64186.30,64031.70,64171.40,4157
13-06-2026 20:30,64172.40,64296.60,64134.80,64247.60,5254
13-06-2026 21:30,64247.60,64255.80,63873.80,63980.80,6347
13-06-2026 22:30,63975.50,64075.90,63892.60,63928.70,4621
13-06-2026 23:30,63927.20,64243.50,63924.10,64113.70,4323
14-06-2026 00:30,64113.70,64288.70,64103.10,64254.10,3572
14-06-2026 01:30,64254.10,64256.20,64188.80,64241.70,2597
14-06-2026 02:30,64241.70,64715.40,64180.20,64429.80,4677
14-06-2026 03:30,64429.80,64521.70,64343.10,64418.40,4576
14-06-2026 04:30,64418.40,64558.50,64348.70,64410.30,4313
14-06-2026 05:30,64415.10,64545.10,64336.30,64520.80,3869
14-06-2026 06:30,64520.80,64670.50,64463.60,64530.10,4406
14-06-2026 07:30,64530.10,64596.50,64437.30,64448.10,4270
14-06-2026 08:30,64448.10,64504.60,64427.00,64502.80,3099
14-06-2026 09:30,64500.90,64522.10,64289.40,64298.10,3325
14-06-2026 10:30,64299.40,64374.50,64251.60,64316.00,4921
14-06-2026 11:30,64315.20,64440.00,64202.90,64245.60,3301
14-06-2026 12:30,64245.60,64402.20,64182.40,64387.60,2662
14-06-2026 13:30,64387.60,64470.60,64343.20,64410.90,2656
14-06-2026 14:30,64410.90,64569.70,64279.00,64566.30,3444
14-06-2026 15:30,64566.20,64615.70,64449.50,64475.30,3112
14-06-2026 16:30,64475.30,64594.00,64407.90,64502.50,2825
14-06-2026 17:30,64502.50,64518.30,64253.00,64282.40,4287
14-06-2026 18:30,64282.40,64353.90,64200.30,64273.10,4206
14-06-2026 19:30,64273.80,64300.20,63821.40,63938.70,6052
14-06-2026 20:30,63938.70,64100.90,63931.60,63973.80,4829
14-06-2026 21:30,63973.80,64148.50,63883.80,63894.90,5358
14-06-2026 22:30,63896.10,63976.60,63642.50,63685.50,4997
14-06-2026 23:30,63685.90,63767.70,63629.50,63765.00,3826
15-06-2026 00:30,63764.60,63808.90,63684.40,63756.10,3122
15-06-2026 01:30,63756.10,64047.60,63740.40,63961.20,3825
15-06-2026 02:30,63961.20,65598.40,63958.50,65268.20,8104
15-06-2026 03:30,65266.90,65493.60,64904.00,65369.80,10163
15-06-2026 04:30,65369.80,65750.00,65208.50,65694.10,9159
15-06-2026 05:30,65694.10,65840.20,65432.10,65574.60,8316
15-06-2026 06:30,65574.60,65671.60,65303.90,65472.70,7423
15-06-2026 07:30,65472.70,65730.20,65369.20,65415.70,6174
15-06-2026 08:30,65415.10,65938.80,65382.70,65880.10,6171
15-06-2026 09:30,65880.00,65880.00,65583.50,65592.20,5404
15-06-2026 10:30,65592.20,65823.60,65565.90,65808.80,4490
15-06-2026 11:30,65809.20,65912.80,65719.20,65759.10,5435
15-06-2026 12:30,65759.10,65950.00,65578.80,65617.50,5901
15-06-2026 13:30,65617.80,65745.30,65562.40,65603.70,4356
15-06-2026 14:30,65603.70,65729.20,65453.10,65537.30,4284
15-06-2026 15:30,65537.30,65911.50,65522.80,65866.40,4261
15-06-2026 16:30,65866.80,66314.40,65787.50,66180.70,8759
15-06-2026 17:30,66180.70,66555.60,66057.00,66515.80,7411
15-06-2026 18:30,66515.80,66896.30,66348.80,66386.20,10549
15-06-2026 19:30,66386.00,66618.10,66234.60,66530.60,9055
15-06-2026 20:30,66530.10,67231.30,66520.30,67231.30,8762
15-06-2026 21:30,67231.30,67241.70,67041.40,67109.40,8234
15-06-2026 22:30,67109.60,67113.40,66634.50,66804.70,7406
15-06-2026 23:30,66804.70,66885.00,66667.00,66724.40,5945
16-06-2026 00:30,66722.90,66852.60,66333.90,66554.50,8678
16-06-2026 01:30,66554.00,66633.80,66446.10,66473.80,6740
16-06-2026 02:30,66473.80,66520.60,66286.10,66322.50,4988
16-06-2026 03:30,66322.50,66425.90,66042.30,66145.50,7749
16-06-2026 04:30,66145.50,66305.10,66068.70,66264.60,6684
16-06-2026 05:30,66264.60,66411.10,66181.90,66196.80,6751
16-06-2026 06:30,66196.80,66367.80,66189.20,66290.70,5981
16-06-2026 07:30,66290.70,66315.00,65634.20,65691.50,7070
16-06-2026 08:30,65691.30,66105.60,65595.70,66098.10,6499
16-06-2026 09:30,66098.10,66222.90,65748.50,65786.10,6250
16-06-2026 10:30,65786.30,66091.80,65786.30,66003.90,5258
16-06-2026 11:30,66003.90,66500.70,66003.90,66392.80,5582
16-06-2026 12:30,66392.80,66474.50,66249.00,66318.00,5802
16-06-2026 13:30,66318.00,66929.80,66284.70,66835.80,6702
16-06-2026 14:30,66835.80,66854.90,66412.20,66450.00,7111
16-06-2026 15:30,66449.90,66708.90,66424.80,66444.10,6246
16-06-2026 16:30,66444.10,66580.40,66307.00,66424.20,5988
16-06-2026 17:30,66424.20,66748.60,66300.20,66356.70,8939
16-06-2026 18:30,66356.70,66401.50,65862.90,65982.80,9621
16-06-2026 19:30,65979.30,66197.20,65291.30,65586.80,10536
16-06-2026 20:30,65586.80,65932.70,65540.00,65797.50,9227
16-06-2026 21:30,65797.50,65887.10,65631.00,65687.90,8163
16-06-2026 22:30,65687.90,65943.50,65639.40,65906.90,7049
16-06-2026 23:30,65906.90,66163.10,65727.80,65771.10,6466
17-06-2026 00:30,65771.10,65771.10,65480.70,65605.60,6819
17-06-2026 01:30,65606.30,65790.10,65513.00,65779.70,5454
17-06-2026 02:30,65779.70,65863.40,65571.60,65695.00,4198
17-06-2026 03:30,65695.00,65808.90,65599.80,65700.30,4189
17-06-2026 04:30,65700.50,65755.50,65550.30,65603.80,4274
17-06-2026 05:30,65603.80,65779.60,65603.80,65636.10,5407
17-06-2026 06:30,65636.10,65885.60,65414.50,65866.40,6490
17-06-2026 07:30,65862.40,66059.90,65709.60,65831.80,6165
17-06-2026 08:30,65831.80,65834.60,65635.20,65781.90,4954
17-06-2026 09:30,65781.90,65969.10,65713.20,65812.70,4358
17-06-2026 10:30,65813.20,65905.80,65669.30,65757.50,4607
17-06-2026 11:30,65757.50,65823.20,65501.30,65543.70,4526
17-06-2026 12:30,65543.70,65637.40,65167.30,65454.70,6322
17-06-2026 13:30,65454.70,65493.10,64768.70,64848.70,7675
17-06-2026 14:30,64848.70,65002.20,64766.10,64836.40,5749
17-06-2026 15:30,64836.40,64926.00,64691.10,64726.10,5558
17-06-2026 16:30,64726.10,64801.40,64482.50,64737.20,5667
17-06-2026 17:30,64737.20,65033.20,64519.30,64970.00,7373
17-06-2026 18:30,64970.00,65301.30,64770.10,65222.80,8112
17-06-2026 19:30,65222.80,65392.10,64712.70,65036.00,9697
17-06-2026 20:30,65035.60,65784.60,64918.30,65682.80,9402
17-06-2026 21:30,65682.80,66369.60,65650.90,65800.00,8659
17-06-2026 22:30,65800.00,66125.20,65737.30,66026.20,7739
17-06-2026 23:30,66026.20,66035.30,64771.90,65451.30,11137
18-06-2026 00:30,65451.30,65598.10,63986.90,64245.40,11434
18-06-2026 01:30,64240.90,64421.60,64123.80,64362.40,7576
18-06-2026 02:30,64362.40,64382.40,64067.80,64183.60,4881
18-06-2026 03:30,64183.60,64360.90,63852.20,64225.80,6208
18-06-2026 04:30,64225.80,64457.10,64177.20,64434.40,5813
18-06-2026 05:30,64434.70,64632.60,64386.30,64388.80,6805
18-06-2026 06:30,64389.40,64738.80,64388.30,64480.50,7030
18-06-2026 07:30,64480.50,64701.10,64406.10,64608.20,5979
18-06-2026 08:30,64605.20,64605.20,64179.50,64203.60,6555
18-06-2026 09:30,64203.60,64252.00,63746.80,63797.90,8068
18-06-2026 10:30,63797.90,63942.30,63619.10,63910.70,7977
18-06-2026 11:30,63910.70,64042.70,63764.90,63999.30,6191
18-06-2026 12:30,63999.70,64433.10,63928.40,64425.20,4867
18-06-2026 13:30,64425.20,64563.50,64299.20,64322.50,5125
18-06-2026 14:30,64323.00,64412.10,64122.60,64133.00,4650
18-06-2026 15:30,64133.00,64150.60,63841.60,64012.70,5788
18-06-2026 16:30,64012.70,64129.90,63809.00,63889.10,6295
18-06-2026 17:30,63889.10,64325.60,63846.10,64297.00,5674
18-06-2026 18:30,64297.60,64365.80,63712.30,63894.40,7065
18-06-2026 19:30,63896.50,64105.60,63506.90,63725.60,8892
18-06-2026 20:30,63725.10,63733.20,62207.10,62280.80,10062
18-06-2026 21:30,62280.80,62723.60,62250.30,62595.70,7846
18-06-2026 22:30,62594.60,62644.10,62165.60,62506.10,6844
18-06-2026 23:30,62506.10,62870.40,62475.20,62613.00,6562
19-06-2026 00:30,62613.00,62918.70,62537.70,62853.80,5733
19-06-2026 01:30,62853.80,63175.50,62853.80,63002.20,4462
19-06-2026 02:30,63002.20,63041.80,62780.90,62881.60,3703
19-06-2026 03:30,62881.60,62907.70,62659.70,62802.00,4419
19-06-2026 04:30,62802.00,62905.60,62676.10,62869.10,4766
19-06-2026 05:30,62869.10,63008.30,62760.80,62939.40,5372
19-06-2026 06:30,62939.40,63021.20,62765.40,62942.40,5403
19-06-2026 07:30,62942.40,63031.50,62809.40,62920.70,4917
19-06-2026 08:30,62920.70,62948.50,62300.90,62689.30,6970
19-06-2026 09:30,62689.30,62839.80,62333.80,62377.60,6462
19-06-2026 10:30,62377.60,62668.90,62375.60,62663.10,5680
19-06-2026 11:30,62663.10,62842.80,62649.00,62818.50,4244
19-06-2026 12:30,62818.50,62844.00,62425.70,62549.60,5153
19-06-2026 13:30,62549.60,62703.90,62479.40,62519.20,5237
19-06-2026 14:30,62519.70,62579.50,62237.60,62313.20,6494
19-06-2026 15:30,62313.20,62521.90,62303.60,62459.50,6132
19-06-2026 16:30,62459.30,62614.10,62374.40,62559.60,5132
19-06-2026 17:30,62559.60,62798.90,62277.60,62755.20,7183
19-06-2026 18:30,62755.80,63322.20,62594.50,63138.50,8552
19-06-2026 19:30,63136.70,63339.80,62938.70,63134.40,7795
19-06-2026 20:30,63134.40,63213.00,62947.30,63139.60,7639
19-06-2026 21:30,63141.00,63316.70,62858.20,62903.90,7030
19-06-2026 22:30,62902.70,63156.10,62798.30,63126.90,6942
19-06-2026 23:30,63126.70,63130.00,62919.30,63041.70,5221
20-06-2026 00:30,63042.40,63068.10,62870.00,62958.10,4417
20-06-2026 01:30,62958.50,63204.20,62887.40,63179.90,5046
20-06-2026 02:30,63179.20,63206.70,62976.50,63002.50,3951
20-06-2026 03:30,63002.50,63301.80,62979.10,63244.30,4056
20-06-2026 04:30,63244.30,63577.80,63199.50,63466.00,3994
20-06-2026 05:30,63466.10,63705.90,63394.10,63456.60,5852
20-06-2026 06:30,63456.60,63548.10,63333.40,63509.00,4704
20-06-2026 07:30,63509.00,63512.20,63262.90,63266.70,4218
20-06-2026 08:30,63269.10,63442.90,63245.80,63404.60,3671
20-06-2026 09:30,63404.60,63539.30,63329.30,63511.00,4131
20-06-2026 10:30,63511.00,63803.60,63466.50,63604.10,5659
20-06-2026 11:30,63604.10,63678.00,63563.00,63665.50,3737
20-06-2026 12:30,63665.00,63715.40,63522.50,63580.50,3219
20-06-2026 13:30,63582.20,63584.10,63315.40,63348.60,4223
20-06-2026 14:30,63348.60,63709.30,63342.80,63660.40,3638
20-06-2026 15:30,63660.40,63702.50,63518.80,63597.00,3560
20-06-2026 16:30,63597.00,63721.60,63541.90,63609.30,3488
20-06-2026 17:30,63609.30,63712.40,63476.80,63582.40,3389
20-06-2026 18:30,63582.40,63582.40,63206.40,63325.50,5365
20-06-2026 19:30,63325.10,64050.70,63125.30,63879.40,7061
20-06-2026 20:30,63880.70,64295.80,63767.00,64073.00,7088
20-06-2026 21:30,64073.00,64093.10,63826.40,63954.70,5442
20-06-2026 22:30,63954.60,63955.30,63670.60,63753.80,4899
20-06-2026 23:30,63753.70,63847.00,63696.60,63720.10,3436
21-06-2026 00:30,63718.70,63887.80,63710.10,63854.40,3530
21-06-2026 01:30,63854.40,63895.60,63765.10,63846.50,3074
21-06-2026 02:30,63846.50,64003.40,63832.30,63924.70,3230
21-06-2026 03:30,63924.70,64268.40,63891.30,64186.70,4776
21-06-2026 04:30,64186.70,64254.90,64163.10,64213.10,4149
21-06-2026 05:30,64213.10,64233.50,64150.20,64206.00,3121
21-06-2026 06:30,64206.00,64235.70,64121.40,64157.70,3000
21-06-2026 07:30,64157.20,64187.50,64132.10,64154.30,3824
21-06-2026 08:30,64154.30,64385.00,64143.50,64335.10,5542
21-06-2026 09:30,64335.10,64485.90,64178.60,64192.80,4330
21-06-2026 10:30,64191.60,64278.40,64134.70,64165.00,3752
21-06-2026 11:30,64165.00,64236.80,64104.40,64211.90,2902
21-06-2026 12:30,64211.90,64214.00,64076.40,64098.70,3194
21-06-2026 13:30,64100.00,64138.60,63810.00,63926.60,3864
21-06-2026 14:30,63926.60,64156.90,63869.10,64118.90,3934
21-06-2026 15:30,64118.90,64319.90,64109.80,64273.30,4236
21-06-2026 16:30,64273.30,64384.90,64016.10,64083.20,4889
21-06-2026 17:30,64083.40,64142.30,63865.70,64097.80,4617
21-06-2026 18:30,64097.80,64100.40,63924.60,64055.60,3795
21-06-2026 19:30,64055.60,64063.40,63908.40,64048.60,3345
21-06-2026 20:30,64048.60,64262.40,64023.90,64133.80,4258
21-06-2026 21:30,64133.80,64157.90,63948.70,64053.10,4266
21-06-2026 22:30,64053.10,64127.10,63979.50,64052.60,3206
21-06-2026 23:30,64052.60,64147.80,63862.00,64119.70,5210
22-06-2026 00:30,64117.30,64203.60,64071.00,64110.60,3286
22-06-2026 01:30,64110.60,64179.40,63612.90,63754.60,4810
22-06-2026 02:30,63754.60,63873.40,63420.10,63715.40,5090
22-06-2026 03:30,63712.90,63767.80,63483.90,63712.20,6737
22-06-2026 04:30,63712.20,63712.20,63193.70,63222.10,7406
22-06-2026 05:30,63222.10,63997.00,63221.80,63800.00,8374
22-06-2026 06:30,63800.00,64692.00,63756.80,64516.30,9366
22-06-2026 07:30,64517.10,64573.20,64150.20,64165.60,7664
22-06-2026 08:30,64164.80,64367.90,63819.20,63875.20,7908
22-06-2026 09:30,63875.20,64020.40,63775.10,64004.40,6000
22-06-2026 10:30,64004.40,64246.00,63990.10,64153.00,5804
22-06-2026 11:30,64153.00,64231.10,63855.40,63897.70,4828
22-06-2026 12:30,63897.70,64294.60,63875.10,64120.30,5829
22-06-2026 13:30,64120.30,64259.20,63947.40,64076.90,5222
22-06-2026 14:30,64076.10,64171.10,63966.40,64058.80,4004
22-06-2026 15:30,64058.80,64191.20,63991.60,64053.60,2915
22-06-2026 16:30,64053.60,64686.70,64013.70,64574.50,5993
22-06-2026 17:30,64574.50,65126.50,64492.00,65069.80,6256
22-06-2026 18:30,65069.80,65504.20,64863.20,65488.80,7770
22-06-2026 19:30,65488.80,65535.60,64758.70,64892.80,8716
22-06-2026 20:30,64892.80,65062.10,64670.50,64752.40,8160
22-06-2026 21:30,64752.40,64773.30,64423.70,64629.70,7748
22-06-2026 22:30,64630.50,64681.80,64305.00,64522.20,6137
22-06-2026 23:30,64522.20,64646.10,64226.10,64253.00,5758
23-06-2026 00:30,64255.60,64421.50,64190.50,64414.60,6717
23-06-2026 01:30,64414.60,64584.40,64277.60,64346.70,4740
23-06-2026 02:30,64346.70,64401.00,64062.60,64233.50,3956
23-06-2026 03:30,64233.50,64311.30,63719.00,63879.40,5986
23-06-2026 04:30,63879.40,63968.00,63804.30,63937.90,4781
23-06-2026 05:30,63937.90,64070.60,63743.70,64066.30,5916
23-06-2026 06:30,64066.30,64192.50,63807.00,64065.80,6523
23-06-2026 07:30,64066.50,64183.00,63952.40,64109.60,5499
23-06-2026 08:30,64109.60,64113.70,63872.10,63975.30,4492
23-06-2026 09:30,63975.30,64003.70,63520.00,63535.60,4989
23-06-2026 10:30,63531.10,63641.00,63267.30,63308.30,7248
23-06-2026 11:30,63308.30,63310.90,62488.20,62851.50,8388
23-06-2026 12:30,62851.50,63007.20,62775.10,62794.00,6213
23-06-2026 13:30,62794.00,62856.20,61859.40,62296.20,9171
23-06-2026 14:30,62296.10,62429.10,62257.30,62291.90,4912
23-06-2026 15:30,62291.90,62491.30,62151.50,62230.90,5494
23-06-2026 16:30,62231.10,62540.80,62227.00,62421.60,5710
23-06-2026 17:30,62421.60,62472.80,62126.50,62174.90,5726
23-06-2026 18:30,62174.90,62450.10,61870.20,62389.10,8785
23-06-2026 19:30,62389.70,62761.90,62342.60,62403.50,10398
23-06-2026 20:30,62403.50,62426.80,62108.00,62395.90,8288
23-06-2026 21:30,62395.90,62732.80,62332.90,62464.60,6987
23-06-2026 22:30,62464.60,62602.40,62243.80,62264.30,6191
23-06-2026 23:30,62264.30,62358.50,62004.30,62147.90,6159
24-06-2026 00:30,62147.80,62382.10,62137.10,62313.70,6654
24-06-2026 01:30,62312.20,62440.20,62295.40,62375.60,4561
24-06-2026 02:30,62376.60,62570.70,62376.60,62508.30,3250
24-06-2026 03:30,62508.30,62688.40,62427.50,62498.50,4675
24-06-2026 04:30,62499.00,62704.00,62412.10,62635.70,5220
24-06-2026 05:30,62635.70,62933.50,62633.70,62919.40,7178
24-06-2026 06:30,62920.20,63021.60,62679.20,62841.10,7438
24-06-2026 07:30,62841.10,62916.80,62510.10,62537.80,6129
24-06-2026 08:30,62537.80,62738.70,62366.20,62638.00,5267
24-06-2026 09:30,62638.00,62700.20,62432.30,62650.50,4611
24-06-2026 10:30,62650.50,62971.00,62610.90,62790.10,4662
24-06-2026 11:30,62790.10,62816.70,62631.40,62679.90,4439
24-06-2026 12:30,62679.80,62747.10,62508.30,62552.40,4734
24-06-2026 13:30,62552.70,62705.60,62498.00,62695.70,4523
24-06-2026 14:30,62695.70,62697.10,62533.70,62581.90,4113
24-06-2026 15:30,62581.50,62587.80,62323.50,62344.20,4992
24-06-2026 16:30,62344.20,63105.70,62211.80,62822.20,5266
24-06-2026 17:30,62823.40,62879.10,62484.60,62516.10,7116
24-06-2026 18:30,62516.10,62530.40,61151.90,61224.30,10877
24-06-2026 19:30,61224.30,61357.40,60800.20,61006.10,11030
24-06-2026 20:30,61006.10,61029.90,60151.10,60164.10,10878
24-06-2026 21:30,60164.10,60562.80,59543.40,59747.60,11201
24-06-2026 22:30,59748.00,59957.80,59006.10,59306.20,12009
24-06-2026 23:30,59306.20,59825.40,59211.20,59501.20,10513
25-06-2026 00:30,59501.20,59881.90,59423.20,59862.90,9903
25-06-2026 01:30,59862.90,61099.80,59747.80,60857.90,10645
25-06-2026 02:30,60857.90,61037.70,60562.40,61003.60,6494
25-06-2026 03:30,61003.60,61152.50,60705.00,60768.60,6450
25-06-2026 04:30,60767.70,60999.00,60719.00,60970.80,5952
25-06-2026 05:30,60970.80,61053.40,60630.70,60707.40,7815
25-06-2026 06:30,60707.40,60884.20,60608.10,60812.50,6975
25-06-2026 07:30,60812.70,60856.40,60594.10,60686.30,5756
25-06-2026 08:30,60686.30,60792.20,60576.90,60769.60,5354
25-06-2026 09:30,60769.60,61296.60,60677.20,61239.00,5451
25-06-2026 10:30,61238.50,61685.80,61166.70,61486.50,7878
25-06-2026 11:30,61486.50,61739.10,61485.20,61612.40,6739
25-06-2026 12:30,61614.60,61853.40,61552.30,61804.90,6585
25-06-2026 13:30,61804.90,61813.60,61572.40,61598.80,4242
25-06-2026 14:30,61598.80,61679.00,61500.40,61624.70,4556
25-06-2026 15:30,61624.70,61643.40,61157.30,61168.40,5127
25-06-2026 16:30,61168.40,61310.40,60957.60,61170.70,6841
25-06-2026 17:30,61170.70,61606.00,60961.70,61120.50,8501
25-06-2026 18:30,61120.50,61248.50,58019.50,58158.50,9458
25-06-2026 19:30,58175.30,60354.30,58175.30,59369.60,11738
25-06-2026 20:30,59366.50,59532.50,58761.60,59456.10,11650
25-06-2026 21:30,59456.50,59947.80,59056.10,59205.20,10354
25-06-2026 22:30,59206.50,59626.90,59035.30,59573.20,9568
25-06-2026 23:30,59574.70,59681.90,59255.80,59396.70,9237
26-06-2026 00:30,59397.20,59422.40,59078.10,59214.30,7973
26-06-2026 01:30,59218.60,59636.30,59218.60,59346.00,7125
26-06-2026 02:30,59346.00,60132.70,59342.70,60105.70,5150
26-06-2026 03:30,60104.30,60104.60,59633.50,59739.00,5089
26-06-2026 04:30,59738.60,60089.90,59634.70,59694.00,6604
26-06-2026 05:30,59694.00,59804.10,59531.20,59561.40,9013
26-06-2026 06:30,59560.70,59683.30,59127.90,59332.80,8885
26-06-2026 07:30,59332.80,59356.10,58260.50,58456.20,10602
26-06-2026 08:30,58456.20,60017.00,58235.90,59930.90,10831
26-06-2026 09:30,59930.90,60122.10,59732.50,59820.20,9310
26-06-2026 10:30,59820.20,59940.00,59632.00,59843.70,8705
26-06-2026 11:30,59843.80,60346.60,59606.30,60221.10,9249
26-06-2026 12:30,60221.10,60642.50,60177.90,60423.30,8813
26-06-2026 13:30,60423.30,60462.00,60043.30,60140.80,7834
26-06-2026 14:30,60141.20,60155.50,59487.90,59632.40,8072
26-06-2026 15:30,59632.40,59750.70,59140.50,59212.70,8731
26-06-2026 16:30,59212.70,59480.30,59164.60,59317.20,9125
26-06-2026 17:30,59317.20,59894.60,58871.30,59082.50,10575
26-06-2026 18:30,59083.00,60104.10,58447.50,60067.90,10979
26-06-2026 19:30,60068.80,60171.00,59292.40,59491.40,10882
26-06-2026 20:30,59489.70,60399.10,59480.80,60229.50,10471
26-06-2026 21:30,60229.50,60455.60,59872.80,59935.00,9793
26-06-2026 22:30,59935.00,60180.60,59845.90,59919.30,8887
26-06-2026 23:30,59919.30,60053.90,59467.20,59563.20,7778
27-06-2026 00:30,59563.20,59985.60,59509.50,59664.80,8120
27-06-2026 01:30,59664.80,59884.20,59483.60,59617.00,7805
27-06-2026 02:30,59606.00,59946.10,59572.70,59814.10,5785
27-06-2026 03:30,59814.10,59984.90,59651.20,59944.40,5404
27-06-2026 04:30,59944.40,60017.50,59835.50,59998.00,4816
27-06-2026 05:30,59998.00,60096.70,59776.50,59963.50,4900
27-06-2026 06:30,59963.80,59975.00,59831.50,59842.50,3982
27-06-2026 07:30,59840.70,60273.50,59819.50,60182.80,5202
27-06-2026 08:30,60183.40,60304.30,60056.20,60203.10,5026
27-06-2026 09:30,60203.10,60374.80,60112.90,60140.40,4379
27-06-2026 10:30,60140.40,60210.30,60030.40,60136.20,4580
27-06-2026 11:30,60136.30,60385.40,60012.60,60264.80,4977
27-06-2026 12:30,60264.80,60467.70,60191.80,60443.10,4298
27-06-2026 13:30,60443.10,60444.60,60265.10,60347.00,4147
27-06-2026 14:30,60347.30,60391.10,60182.50,60311.60,3322
27-06-2026 15:30,60311.60,60389.20,60269.80,60310.20,2696
27-06-2026 16:30,60310.20,60342.90,60096.10,60258.10,3499
27-06-2026 17:30,60258.10,60321.60,60147.80,60317.20,2985
27-06-2026 18:30,60317.20,60541.70,60280.70,60473.80,4300
27-06-2026 19:30,60473.80,60609.10,60398.10,60502.10,4894
27-06-2026 20:30,60502.10,60834.90,60457.10,60731.00,6086
27-06-2026 21:30,60731.00,60740.70,60562.20,60701.50,5014
27-06-2026 22:30,60700.70,60708.30,60324.20,60413.40,6273
27-06-2026 23:30,60413.40,60467.10,60339.90,60467.10,4513
28-06-2026 00:30,60467.10,60500.30,59976.60,60069.70,5726
28-06-2026 01:30,60070.00,60196.00,60065.60,60192.90,4102
28-06-2026 02:30,60193.90,60376.00,60035.00,60094.90,4569
28-06-2026 03:30,60094.90,60149.50,59765.90,60125.70,6223
28-06-2026 04:30,60125.70,60214.60,59847.30,59928.70,5819
28-06-2026 05:30,59928.70,60091.00,59908.90,60048.60,4811
28-06-2026 06:30,60048.50,60168.10,59883.60,60120.90,5038
28-06-2026 07:30,60120.90,60235.90,59953.20,60051.20,4253
28-06-2026 08:30,60049.80,60183.60,60049.80,60101.00,2956
28-06-2026 09:30,60101.00,60137.90,59994.70,60034.00,3404
28-06-2026 10:30,60033.80,60039.20,59661.00,59885.10,5289
28-06-2026 11:30,59885.10,59932.90,59707.10,59910.10,4721
28-06-2026 12:30,59909.70,60161.50,59909.70,60120.20,4328
28-06-2026 13:30,60120.20,60437.40,60040.10,60268.10,4582
28-06-2026 14:30,60268.10,60358.50,60149.40,60160.70,4157
28-06-2026 15:30,60160.70,60193.30,59967.50,60068.20,4131
28-06-2026 16:30,60068.20,60275.40,60019.00,60242.40,3888
28-06-2026 17:30,60242.40,60333.90,60087.10,60194.00,5388
28-06-2026 18:30,60194.00,60194.00,59885.70,59969.20,6275
28-06-2026 19:30,59969.80,60146.30,59913.50,59926.90,5959
28-06-2026 20:30,59926.90,60030.90,59728.70,59791.30,6355
28-06-2026 21:30,59791.30,59846.70,59490.90,59589.60,7590
28-06-2026 22:30,59589.60,59745.00,59304.10,59485.70,7016
28-06-2026 23:30,59485.70,59601.30,59403.80,59507.90,5953
29-06-2026 00:30,59507.50,59575.90,59174.80,59380.50,5732
29-06-2026 01:30,59380.50,59658.60,59373.40,59553.70,5181
29-06-2026 02:30,59553.70,59679.20,59225.30,59340.70,3574
29-06-2026 03:30,59340.70,59802.00,58821.00,58963.60,7983
29-06-2026 04:30,58965.20,59740.60,58903.90,59466.90,6896
29-06-2026 05:30,59466.90,59587.70,58897.10,59551.20,7763
29-06-2026 06:30,59551.20,59581.70,59105.80,59331.00,7120
29-06-2026 07:30,59331.00,59696.80,58813.90,59645.20,7827
29-06-2026 08:30,59644.10,60097.60,59644.10,59936.30,6929
29-06-2026 09:30,59936.30,59947.10,59634.20,59721.90,4959
29-06-2026 10:30,59721.90,59990.80,59277.80,59990.50,6629
29-06-2026 11:30,59990.50,60228.40,59941.00,59973.60,6946
29-06-2026 12:30,59973.60,60079.50,59823.70,59922.10,6981
29-06-2026 13:30,59921.90,59987.20,59635.50,59734.10,8233
29-06-2026 14:30,59734.10,60003.60,59680.90,59957.20,8129
29-06-2026 15:30,59957.20,60212.30,59957.20,59987.40,6240
29-06-2026 16:30,59987.40,60120.40,59695.70,59855.80,7300
29-06-2026 17:30,59855.90,60672.30,59492.20,59851.20,10217
29-06-2026 18:30,59851.20,60224.50,59220.10,59458.20,9465
29-06-2026 19:30,59458.20,59578.90,58895.90,59347.10,10610
29-06-2026 20:30,59347.10,59832.20,58966.30,59699.00,9879
29-06-2026 21:30,59698.70,59870.60,59467.90,59773.10,8722
29-06-2026 22:30,59773.10,60558.80,59772.20,60306.70,10224
29-06-2026 23:30,60306.70,60421.80,60081.40,60189.90,7401
30-06-2026 00:30,60189.90,60450.00,60047.40,60324.50,7088
30-06-2026 01:30,60324.50,60443.80,60187.80,60190.90,6374
30-06-2026 02:30,60194.50,60485.90,60153.40,60384.90,4724
30-06-2026 03:30,60384.90,60415.70,60243.00,60249.60,5339
30-06-2026 04:30,60249.60,60280.30,60102.60,60155.90,5577
30-06-2026 05:30,60155.50,60174.70,59593.90,59736.40,7328
30-06-2026 06:30,59736.40,59950.30,59672.60,59840.20,6870
30-06-2026 07:30,59840.20,59938.10,59644.10,59837.90,4219
30-06-2026 08:30,59837.90,59914.30,59476.10,59505.10,5038
30-06-2026 09:30,59505.10,59582.20,59309.00,59375.10,5475
30-06-2026 10:30,59375.10,59540.70,59241.40,59537.90,4562
30-06-2026 11:30,59537.90,59604.50,59402.80,59484.40,2953
30-06-2026 12:30,59484.40,59524.00,59336.10,59415.30,3440
30-06-2026 13:30,59415.30,59445.70,59081.90,59202.80,4314
30-06-2026 14:30,59202.80,59314.30,59144.50,59264.50,3264
30-06-2026 15:30,59264.50,59318.60,59178.60,59220.80,3453
30-06-2026 16:30,59224.20,59308.50,59013.40,59071.40,5005
30-06-2026 17:30,59071.40,59080.60,58283.70,58293.90,7023
30-06-2026 18:30,58293.90,58684.10,58127.40,58629.30,8005
30-06-2026 19:30,58629.30,59165.30,58318.90,58363.80,8542
30-06-2026 20:30,58363.80,58673.00,58078.10,58269.20,7768
30-06-2026 21:30,58269.20,58518.80,58155.60,58389.10,6501
30-06-2026 22:30,58389.90,58508.30,58212.60,58321.20,5406
30-06-2026 23:30,58321.20,58590.60,58252.10,58572.80,5887
01-07-2026 00:30,58572.50,58733.10,58477.60,58720.10,6911
01-07-2026 01:30,58720.10,58773.90,58544.30,58627.80,5043
01-07-2026 02:30,58627.80,58667.50,58402.40,58543.80,4332
01-07-2026 03:30,58543.80,58689.30,58409.10,58502.90,4171
01-07-2026 04:30,58502.90,58555.80,58444.80,58520.10,3304
01-07-2026 05:30,58520.10,58643.80,58205.40,58474.20,4993
01-07-2026 06:30,58474.20,58891.00,57724.10,58664.60,8514
01-07-2026 07:30,58664.40,59066.40,58561.10,58983.70,6959
01-07-2026 08:30,58983.70,59204.70,58743.70,59089.60,5735
01-07-2026 09:30,59089.60,59356.80,58960.40,59239.10,5759
01-07-2026 10:30,59239.10,59280.80,59020.10,59053.30,4583
01-07-2026 11:30,59051.10,59058.90,58438.40,58660.70,4713
01-07-2026 12:30,58660.70,58726.80,58502.70,58675.10,4484
01-07-2026 13:30,58675.10,58893.10,58410.10,58888.90,4601
01-07-2026 14:30,58888.90,58997.00,58758.50,58856.00,3925
01-07-2026 15:30,58856.20,58861.60,58525.00,58569.30,3933
01-07-2026 16:30,58569.30,58667.80,58460.60,58525.90,6067
01-07-2026 17:30,58525.90,58591.60,58239.40,58438.60,5988
01-07-2026 18:30,58438.60,59429.90,58438.00,59420.40,8324
01-07-2026 19:30,59416.70,60014.70,59195.80,59462.70,9763
01-07-2026 20:30,59462.70,60462.10,59442.20,60074.70,8713
01-07-2026 21:30,60074.70,60183.60,59786.00,59846.30,6896
01-07-2026 22:30,59847.00,60165.20,59706.80,60116.70,6528
01-07-2026 23:30,60116.70,60224.40,59942.10,60092.60,6526
02-07-2026 00:30,60092.60,60278.60,59923.10,59956.40,6714
02-07-2026 01:30,59956.40,60120.30,59793.10,60059.10,4866
02-07-2026 02:30,60059.10,60761.10,60048.50,60741.60,6155
02-07-2026 03:30,60741.60,61237.30,60274.40,60396.30,6472
02-07-2026 04:30,60396.30,60396.30,59903.90,59951.70,6550
02-07-2026 05:30,59951.70,59953.60,59509.90,59677.60,6375
02-07-2026 06:30,59677.50,60243.30,59640.80,60101.10,5997
02-07-2026 07:30,60101.00,60409.40,59942.20,60341.80,5486
02-07-2026 08:30,60341.80,61038.50,60223.90,60973.50,6359
02-07-2026 09:30,60973.50,60974.90,60641.70,60700.50,5180
02-07-2026 10:30,60700.50,60785.40,60398.50,60421.80,5128
02-07-2026 11:30,60421.60,60560.70,60167.20,60178.70,5040
02-07-2026 12:30,60178.70,60201.00,60010.10,60052.70,4557
02-07-2026 13:30,60052.90,60460.70,60038.10,60423.30,4833
02-07-2026 14:30,60422.30,61325.40,60283.20,61081.90,6692
02-07-2026 15:30,61081.90,61265.60,60955.20,61174.60,6849
02-07-2026 16:30,61174.60,61290.90,61035.30,61272.90,7026
02-07-2026 17:30,61272.80,61527.60,61070.20,61458.20,8383
02-07-2026 18:30,61458.20,61960.50,61424.10,61860.50,9161
02-07-2026 19:30,61860.50,62124.80,61320.40,61619.90,10301
02-07-2026 20:30,61620.30,61756.70,61343.20,61527.30,8596
02-07-2026 21:30,61527.30,61708.90,61074.20,61609.60,8427
02-07-2026 22:30,61609.60,61870.10,61552.80,61596.30,6888
02-07-2026 23:30,61596.30,61801.90,61592.40,61687.00,5397
03-07-2026 00:30,61687.00,61694.30,61358.20,61411.80,5300
03-07-2026 01:30,61409.80,61520.50,61260.80,61501.40,3947
03-07-2026 02:30,61503.90,61576.20,61433.90,61510.60,3654
03-07-2026 03:30,61510.60,61516.50,61332.40,61385.40,3023
03-07-2026 04:30,61385.10,61519.50,61265.60,61474.60,3975
03-07-2026 05:30,61473.70,61491.10,61154.90,61214.00,5249
03-07-2026 06:30,61214.00,61638.90,61192.90,61498.90,6147
03-07-2026 07:30,61499.10,61575.80,61203.20,61344.60,4677
03-07-2026 08:30,61344.60,61484.90,61232.10,61342.10,4310
03-07-2026 09:30,61342.10,61434.20,61249.30,61357.70,3789
03-07-2026 10:30,61356.20,61706.90,61341.20,61610.90,4963
03-07-2026 11:30,61610.90,61758.50,61524.90,61624.20,4701
03-07-2026 12:30,61624.20,61780.10,61575.70,61668.20,4224
03-07-2026 13:30,61668.20,61821.20,61470.00,61495.80,5476
03-07-2026 14:30,61496.60,61694.60,61429.20,61628.50,5482
03-07-2026 15:30,61628.50,61955.80,61585.80,61831.70,6114
03-07-2026 16:30,61831.70,62011.00,61761.70,61933.90,5832
03-07-2026 17:30,61933.90,62087.00,61780.20,61896.20,5968
03-07-2026 18:30,61896.20,62174.60,61855.60,62038.10,5894
03-07-2026 19:30,62038.10,62196.30,61628.50,62092.70,7208
03-07-2026 20:30,62092.70,62321.00,61746.20,61851.00,7225
03-07-2026 21:30,61851.00,62054.90,61839.80,62036.30,5298
03-07-2026 22:30,62036.30,62216.90,61998.20,62124.50,4734
03-07-2026 23:30,62124.70,62175.80,62049.10,62136.80,4438
04-07-2026 00:30,62136.80,62247.10,62082.30,62140.00,5090
04-07-2026 01:30,62140.00,62824.60,62118.80,62700.00,6838
04-07-2026 02:30,62700.00,62881.00,62440.10,62654.80,6672
04-07-2026 03:30,62655.20,62665.10,62461.20,62503.50,3695
04-07-2026 04:30,62503.50,62633.90,62456.20,62512.70,3405
04-07-2026 05:30,62512.70,62870.00,62511.00,62684.70,4104
04-07-2026 06:30,62684.70,62684.70,62334.70,62399.40,4656
04-07-2026 07:30,62399.40,62507.40,62359.10,62468.90,3453
04-07-2026 08:30,62468.90,62674.70,62413.50,62555.60,3765
04-07-2026 09:30,62555.60,62677.80,62521.60,62618.60,3683
04-07-2026 10:30,62618.60,62619.20,62366.10,62399.10,3922
04-07-2026 11:30,62399.10,62495.50,62264.40,62427.60,3306
04-07-2026 12:30,62427.60,62560.10,62393.00,62504.80,2538
04-07-2026 13:30,62504.80,62595.60,62442.40,62483.00,2559
04-07-2026 14:30,62483.00,62517.80,62340.50,62418.90,2909
04-07-2026 15:30,62418.90,62473.40,62372.80,62440.20,2294
04-07-2026 16:30,62440.20,62485.70,62396.30,62414.80,2697
04-07-2026 17:30,62414.80,62620.30,62412.90,62594.40,3262
04-07-2026 18:30,62594.40,62701.30,62477.00,62524.30,3688
04-07-2026 19:30,62524.30,62671.00,62522.10,62631.70,4202
04-07-2026 20:30,62631.70,62975.90,62627.10,62869.60,6398
04-07-2026 21:30,62869.60,62904.60,62716.20,62854.40,5624
04-07-2026 22:30,62854.40,63344.90,62734.90,63208.50,5834
04-07-2026 23:30,63208.50,63279.50,63028.20,63102.50,4875
05-07-2026 00:30,63102.50,63395.00,63055.70,63228.90,4371
05-07-2026 01:30,63228.90,63326.80,63089.60,63167.30,4136
05-07-2026 02:30,63167.40,63391.00,63135.60,63232.40,4105
05-07-2026 03:30,63232.90,63247.40,63094.00,63124.60,3064
05-07-2026 04:30,63124.30,63171.20,62868.70,63074.40,4148
05-07-2026 05:30,63074.30,63077.40,62852.50,62918.90,4019
05-07-2026 06:30,62919.10,62978.70,62730.70,62817.20,4504
05-07-2026 07:30,62817.20,62856.80,62533.70,62628.10,4160
05-07-2026 08:30,62628.10,62726.80,62584.80,62698.60,3966
05-07-2026 09:30,62698.50,62886.00,62640.30,62746.70,3391
05-07-2026 10:30,62746.70,62746.70,62587.50,62670.40,3318
05-07-2026 11:30,62674.20,62757.90,62602.30,62710.50,2497
05-07-2026 12:30,62710.50,62990.50,62651.30,62952.10,3377
05-07-2026 13:30,62952.10,63036.90,62827.80,62845.70,3511
05-07-2026 14:30,62845.70,62863.60,62385.90,62556.40,4697
05-07-2026 15:30,62556.40,62688.50,62475.30,62688.20,4754
05-07-2026 16:30,62688.20,62741.80,62543.50,62589.70,5615
05-07-2026 17:30,62589.70,62707.30,62499.00,62676.70,3650
05-07-2026 18:30,62676.90,62753.20,62584.70,62726.20,3201
05-07-2026 19:30,62726.20,62751.40,62584.80,62746.30,3332
05-07-2026 20:30,62746.30,62879.70,62609.40,62672.20,4387
05-07-2026 21:30,62672.20,62702.70,62530.40,62565.10,4070
05-07-2026 22:30,62565.10,62751.60,62534.00,62560.10,4005
05-07-2026 23:30,62560.10,62806.90,62549.60,62749.80,3325
06-07-2026 00:30,62749.80,62812.30,62659.70,62702.90,3593
06-07-2026 01:30,62702.90,62772.40,62630.90,62662.80,2864
06-07-2026 02:30,62662.80,63154.80,62542.50,63024.40,5385
06-07-2026 03:30,63024.20,63849.50,62936.10,63665.80,7021
06-07-2026 04:30,63663.90,63925.50,63496.70,63571.00,6833
06-07-2026 05:30,63571.20,63693.10,63275.10,63684.00,7846
06-07-2026 06:30,63682.90,63848.00,63472.40,63498.00,7589
06-07-2026 07:30,63498.00,63596.20,63297.00,63383.30,6779
06-07-2026 08:30,63383.30,63421.70,63057.40,63219.60,6619
06-07-2026 09:30,63219.60,63318.90,63108.30,63194.10,4872
06-07-2026 10:30,63194.10,63197.30,62874.30,63035.50,5234
06-07-2026 11:30,63035.50,63071.90,62895.40,62905.60,4485
06-07-2026 12:30,62905.60,63043.20,62809.90,63011.10,3625
06-07-2026 13:30,63011.10,63165.50,62754.60,62822.60,4586
06-07-2026 14:30,62822.60,62839.10,62551.00,62587.40,4283
06-07-2026 15:30,62587.40,62960.10,62583.30,62747.70,3940
06-07-2026 16:30,62747.70,62922.00,62423.20,62423.20,3600
06-07-2026 17:30,62423.20,62423.20,61601.70,61680.70,7849
06-07-2026 18:30,61680.60,61975.30,61255.00,61702.10,8542
06-07-2026 19:30,61702.10,62338.00,61649.50,61982.40,8858
06-07-2026 20:30,61982.40,63498.90,61982.40,63490.90,9530
06-07-2026 21:30,63488.20,63810.40,63333.30,63677.40,8620
06-07-2026 22:30,63677.40,63890.90,63508.70,63524.10,6805
06-07-2026 23:30,63524.10,63829.40,63495.30,63637.30,5126
07-07-2026 00:30,63637.30,63835.40,63590.70,63681.90,5069
07-07-2026 01:30,63683.50,63837.70,63531.90,63770.10,3860
07-07-2026 02:30,63770.10,64625.00,63749.50,64428.90,6955
07-07-2026 03:30,64428.90,64444.30,64098.60,64190.70,5130
07-07-2026 04:30,64190.70,64281.30,63966.80,63988.90,4525
07-07-2026 05:30,63988.90,64259.70,63950.30,64143.60,5830
07-07-2026 06:30,64143.60,64145.70,63726.40,63784.20,6151
07-07-2026 07:30,63784.20,63851.90,63236.10,63269.10,5914
07-07-2026 08:30,63269.10,63354.80,63091.80,63127.40,5179
07-07-2026 09:30,63127.40,63218.80,62997.80,63035.70,4270
07-07-2026 10:30,63035.70,63202.10,62731.40,63066.10,4472
07-07-2026 11:30,63062.30,63336.60,62923.40,63273.10,4466
07-07-2026 12:30,63273.10,63377.40,63005.50,63020.30,4018
07-07-2026 13:30,63020.30,63120.90,62932.10,63033.70,4391
07-07-2026 14:30,63033.70,63271.30,62990.30,63178.80,4315
07-07-2026 15:30,63179.00,63388.90,63160.00,63207.30,3879
07-07-2026 16:30,63210.60,63378.70,63047.40,63331.50,4773
07-07-2026 17:30,63331.50,63797.90,63320.50,63405.60,6536
07-07-2026 18:30,63405.60,63406.20,62914.60,62967.20,7788
07-07-2026 19:30,62967.20,63561.10,62600.20,63487.10,9263
07-07-2026 20:30,63488.40,64039.20,63302.30,63875.50,9327
07-07-2026 21:30,63874.70,64185.10,63748.50,63921.10,7414
07-07-2026 22:30,63923.60,64176.70,63831.60,64129.50,6167
07-07-2026 23:30,64132.60,64132.60,63616.60,63626.40,6023
08-07-2026 00:30,63626.90,63840.60,63325.00,63766.40,8287
08-07-2026 01:30,63766.20,63851.70,63563.70,63643.80,4097
08-07-2026 02:30,63643.30,63811.60,63275.40,63375.10,6392
08-07-2026 03:30,63375.10,63605.40,63168.00,63492.30,5111
08-07-2026 04:30,63492.30,63658.80,63264.00,63309.70,3795
08-07-2026 05:30,63310.20,63699.30,63256.00,63558.70,6207
08-07-2026 06:30,63559.00,63594.60,62866.90,62975.80,6232
08-07-2026 07:30,62975.80,63015.30,62477.30,62925.00,7218
08-07-2026 08:30,62924.90,63037.80,62638.30,62706.70,5176
08-07-2026 09:30,62706.70,62844.40,62612.00,62734.60,5130
08-07-2026 10:30,62734.60,62811.80,62487.20,62575.20,4757
08-07-2026 11:30,62575.50,62683.10,62412.90,62593.10,5916
08-07-2026 12:30,62593.10,62833.60,62481.50,62823.00,5105
08-07-2026 13:30,62823.00,62875.90,61790.40,61948.90,8320
08-07-2026 14:30,61948.90,62102.70,61671.90,61989.60,6908
08-07-2026 15:30,61989.80,62124.10,61833.30,62115.50,5122
08-07-2026 16:30,62115.20,62326.20,61988.60,62236.80,6225
08-07-2026 17:30,62236.80,62356.30,61883.90,61884.20,5360
08-07-2026 18:30,61884.20,62019.30,61557.20,61870.40,7704
08-07-2026 19:30,61870.40,62100.10,61633.40,61819.80,9216
08-07-2026 20:30,61819.80,61848.10,61469.90,61621.70,7609
08-07-2026 21:30,61621.70,62076.50,61612.20,62036.40,6371
08-07-2026 22:30,62036.40,62330.90,61953.30,62040.30,6192
08-07-2026 23:30,62040.30,62287.00,61970.20,62113.70,5819
09-07-2026 00:30,62113.70,62225.90,61998.00,62218.40,5666
09-07-2026 01:30,62218.40,62248.80,62021.40,62045.60,4617
09-07-2026 02:30,62045.60,62183.50,61899.40,62121.60,4134
09-07-2026 03:30,62121.60,62284.80,62110.60,62269.80,4598
09-07-2026 04:30,62269.80,62289.10,62110.90,62224.80,4055
09-07-2026 05:30,62224.80,62252.80,61992.00,62070.20,5168
09-07-2026 06:30,62070.20,62573.40,61783.00,61844.50,7794
09-07-2026 07:30,61844.50,62057.30,61628.80,61718.90,6653
09-07-2026 08:30,61719.00,61996.70,61656.50,61902.60,5803
09-07-2026 09:30,61902.60,62393.30,61893.80,62386.70,4995
09-07-2026 10:30,62384.10,62553.20,62168.90,62524.80,5481
09-07-2026 11:30,62524.80,62899.80,62417.40,62891.70,5457
09-07-2026 12:30,62891.70,63177.50,62727.40,62934.90,6306
09-07-2026 13:30,62934.90,63019.10,62782.80,62827.30,5111
09-07-2026 14:30,62827.30,62930.30,62717.80,62883.50,5036
09-07-2026 15:30,62884.40,62986.80,62614.30,62711.50,4424
09-07-2026 16:30,62711.50,62758.70,62536.90,62708.10,5103
09-07-2026 17:30,62708.10,62885.80,62393.50,62542.90,6416
09-07-2026 18:30,62543.50,63154.90,62440.90,62956.90,8327
09-07-2026 19:30,62956.90,63073.20,62588.00,62943.30,8762
09-07-2026 20:30,62943.30,63192.00,62738.40,62793.00,6908
09-07-2026 21:30,62793.30,62935.10,62491.60,62628.30,5743
09-07-2026 22:30,62628.30,63099.90,62598.40,63075.40,4874
09-07-2026 23:30,63075.60,63430.90,63006.40,63154.50,5660
10-07-2026 00:30,63154.50,63313.20,63087.80,63178.90,5031
10-07-2026 01:30,63179.20,63263.70,63112.00,63247.10,3481
10-07-2026 02:30,63247.10,63335.60,63151.90,63212.20,3513
10-07-2026 03:30,63212.20,63358.00,63149.70,63155.40,3655
10-07-2026 04:30,63155.90,63266.50,62998.30,63161.30,3617
10-07-2026 05:30,63161.30,63191.20,62872.20,63045.60,4890
10-07-2026 06:30,63046.30,63881.30,62891.30,63687.20,5675
10-07-2026 07:30,63687.20,63982.30,63630.70,63902.30,4972
10-07-2026 08:30,63902.30,63981.90,63759.80,63887.20,3508
10-07-2026 09:30,63887.20,64116.10,63801.50,63990.20,3863
10-07-2026 10:30,63990.20,64141.00,63887.00,64062.80,3746
10-07-2026 11:30,64062.80,64105.90,63776.00,63803.00,2927
10-07-2026 12:30,63803.00,63962.90,63751.20,63925.70,2332
10-07-2026 13:30,63923.40,64330.80,63917.30,64183.60,4165
10-07-2026 14:30,64183.10,64427.70,64044.60,64329.50,4164
10-07-2026 15:30,64329.30,64434.40,64219.20,64342.00,3235
10-07-2026 16:30,64342.00,64422.40,64281.10,64367.40,3026
10-07-2026 17:30,64367.20,64550.10,64212.00,64230.60,3975
10-07-2026 18:30,64230.60,64648.90,64090.40,64427.20,6443
10-07-2026 19:30,64427.70,64459.50,63754.80,63846.90,7557
10-07-2026 20:30,63847.20,64150.30,63831.70,63975.10,6540
10-07-2026 21:30,63976.30,64160.10,63763.20,64076.10,5354
10-07-2026 22:30,64075.80,64098.20,63761.90,63765.40,4459
10-07-2026 23:30,63765.40,63933.30,63680.90,63748.10,4233
11-07-2026 00:30,63748.00,63991.40,63712.80,63875.50,4317
11-07-2026 01:30,63875.50,63879.50,63605.80,63780.70,3033
11-07-2026 02:30,63780.80,64031.30,63774.30,63956.30,3468
11-07-2026 03:30,63956.30,64111.40,63921.80,64055.50,3121
11-07-2026 04:30,64055.50,64162.50,63964.20,64114.90,3065
11-07-2026 05:30,64114.50,64117.20,63976.40,64063.50,2722
11-07-2026 06:30,64063.20,64251.10,63949.50,63960.70,3484
11-07-2026 07:30,63960.70,64116.60,63929.10,64102.60,2857
11-07-2026 08:30,64102.60,64142.20,64012.50,64096.10,2438
11-07-2026 09:30,64096.10,64155.20,64024.50,64096.20,2025
11-07-2026 10:30,64096.20,64166.40,64060.70,64111.30,2366
11-07-2026 11:30,64112.50,64205.80,64063.30,64157.10,1959
11-07-2026 12:30,64156.70,64195.30,64091.30,64101.40,1765
11-07-2026 13:30,64101.40,64243.30,64092.20,64204.30,2424
11-07-2026 14:30,64203.90,64235.90,64086.70,64099.00,2391
11-07-2026 15:30,64099.00,64137.90,64069.20,64125.10,2796
11-07-2026 16:30,64125.10,64149.50,64104.60,64132.00,2158
11-07-2026 17:30,64132.00,64169.90,64068.80,64127.40,2107
11-07-2026 18:30,64127.40,64209.40,64102.80,64182.20,2030
11-07-2026 19:30,64182.20,64436.00,64182.20,64286.20,3344
11-07-2026 20:30,64286.20,64417.30,63903.50,64108.90,5689
11-07-2026 21:30,64108.90,64213.00,64026.40,64119.60,4457
11-07-2026 22:30,64119.60,64341.00,64101.10,64258.60,3020
11-07-2026 23:30,64258.60,64335.80,64227.00,64271.20,2651
12-07-2026 00:30,64271.20,64287.60,64175.70,64232.80,1980
12-07-2026 01:30,64232.80,64407.40,64228.40,64323.90,1978
12-07-2026 02:30,64323.90,64373.20,64280.70,64299.20,1946
12-07-2026 03:30,64299.20,64374.50,64087.60,64146.00,3236
12-07-2026 04:30,64146.00,64197.00,63763.50,63764.80,4852
12-07-2026 05:30,63764.80,63858.30,63656.70,63771.30,5807
12-07-2026 06:30,63777.60,64120.00,63758.40,64076.70,4453
12-07-2026 07:30,64076.70,64080.30,63975.50,64023.10,2892
12-07-2026 08:30,64023.10,64166.70,63978.60,64166.20,2897
12-07-2026 09:30,64166.20,64187.50,63887.20,63948.60,2413
12-07-2026 10:30,63948.60,63974.50,63848.00,63912.70,1810
12-07-2026 11:30,63912.70,63912.70,63589.20,63702.50,4050
12-07-2026 12:30,63702.50,63847.60,63681.30,63832.50,2225
12-07-2026 13:30,63832.50,64047.30,63827.40,63927.10,2819
12-07-2026 14:30,63927.10,63988.20,63709.00,63905.40,3447
12-07-2026 15:30,63905.40,63905.40,63783.80,63813.10,2633
12-07-2026 16:30,63813.10,63971.20,63768.90,63953.90,1800
12-07-2026 17:30,63953.90,64074.80,63916.60,63971.80,2961
12-07-2026 18:30,63970.70,64040.60,63939.00,63967.80,2161
12-07-2026 19:30,63967.80,64225.50,63905.90,64145.90,3030
12-07-2026 20:30,64145.40,64208.50,64065.40,64123.40,4002
12-07-2026 21:30,64123.40,64158.10,63995.60,64121.20,2955
12-07-2026 22:30,64120.10,64126.50,63974.80,64025.60,2390
12-07-2026 23:30,64025.60,64100.60,63968.10,64096.50,2423
13-07-2026 00:30,64096.50,64216.10,64093.10,64180.70,2208
13-07-2026 01:30,64180.70,64208.30,64119.40,64148.90,2193
13-07-2026 02:30,64148.90,64185.50,63840.70,63871.00,3034
13-07-2026 03:30,63871.00,63877.70,63614.70,63832.70,4983
13-07-2026 04:30,63832.70,63861.40,63678.20,63727.10,3762
13-07-2026 05:30,63727.10,64365.50,63512.50,64016.20,7322
13-07-2026 06:30,64016.20,64018.00,63344.10,63363.80,7536
13-07-2026 07:30,63363.80,63490.70,63186.80,63314.60,5188
13-07-2026 08:30,63314.60,63331.30,62686.60,62751.10,5220
13-07-2026 09:30,62751.10,62846.10,62586.30,62618.40,3866
13-07-2026 10:30,62618.40,62852.20,62456.30,62740.80,4836
13-07-2026 11:30,62740.90,62813.90,62659.10,62734.70,3308
13-07-2026 12:30,62734.60,62999.00,62686.30,62925.10,3591
13-07-2026 13:30,62924.80,63212.40,62875.00,63131.00,3349
13-07-2026 14:30,63131.00,63137.30,63012.90,63028.40,2222
13-07-2026 15:30,63027.70,63069.80,62787.70,62796.30,2331
13-07-2026 16:30,62796.30,63056.30,62795.10,62834.30,3195
13-07-2026 17:30,62834.30,62906.10,62496.90,62551.50,4024
13-07-2026 18:30,62551.50,62686.90,62088.30,62246.30,5861
13-07-2026 19:30,62246.30,62712.50,62046.70,62710.80,7489
13-07-2026 20:30,62710.80,62894.40,62492.80,62538.40,5703
13-07-2026 21:30,62538.40,62558.50,62131.40,62194.10,6203
13-07-2026 22:30,62194.10,62286.20,61817.40,61822.40,5831
13-07-2026 23:30,61822.40,62024.10,61743.70,61939.90,6659
14-07-2026 00:30,61939.90,62212.60,61901.80,62201.90,4665
14-07-2026 01:30,62200.90,62247.40,61976.90,62131.00,4151
14-07-2026 02:30,62131.00,62145.50,61821.90,61986.10,4398
14-07-2026 03:30,61986.10,62149.60,61815.60,61831.10,4434
14-07-2026 04:30,61831.50,62260.50,61789.40,62251.60,4812
14-07-2026 05:30,62251.60,62580.70,62181.30,62468.50,7010
14-07-2026 06:30,62468.50,62558.20,62372.00,62449.60,5893
14-07-2026 07:30,62449.60,62556.20,62241.40,62465.50,4211
14-07-2026 08:30,62465.50,62524.60,62229.80,62486.90,4286
14-07-2026 09:30,62486.90,62687.40,62457.10,62665.50,3734
14-07-2026 10:30,62662.40,62792.00,62612.80,62641.40,3604
14-07-2026 11:30,62641.40,62687.30,62480.50,62533.40,3775
14-07-2026 12:30,62533.50,62563.10,62416.10,62458.50,4453
14-07-2026 13:30,62456.90,62709.70,62403.40,62618.70,3894
14-07-2026 14:30,62618.70,62652.10,62447.80,62541.40,2965
14-07-2026 15:30,62541.40,62821.40,62521.70,62714.30,3815
14-07-2026 16:30,62714.30,62833.40,62629.20,62758.80,3797
14-07-2026 17:30,62758.80,63891.80,62698.90,63883.80,7435
14-07-2026 18:30,63886.80,64083.40,63619.50,63766.10,8252
14-07-2026 19:30,63766.10,64246.60,63522.10,64231.30,7517
14-07-2026 20:30,64231.30,64887.40,64130.80,64692.60,7218
14-07-2026 21:30,64692.20,64842.80,64556.50,64677.30,5645
14-07-2026 22:30,64677.30,64677.30,64283.20,64573.40,4489
14-07-2026 23:30,64573.40,64604.80,64428.00,64520.10,3193
15-07-2026 00:30,64520.10,64660.20,64434.30,64519.50,3492
15-07-2026 01:30,64519.40,64544.90,64363.10,64512.20,2794
15-07-2026 02:30,64512.20,64834.00,64467.70,64621.80,3201
15-07-2026 03:30,64621.80,65042.60,64467.40,64805.70,3984
15-07-2026 04:30,64805.70,64983.60,64725.10,64977.40,3713
15-07-2026 05:30,64977.40,65003.70,64709.80,64770.80,3461
15-07-2026 06:30,64770.80,64796.40,64585.40,64611.50,3459
15-07-2026 07:30,64611.50,64693.20,64424.60,64431.90,2400
15-07-2026 08:30,64431.90,64782.00,64430.60,64725.30,3158
15-07-2026 09:30,64725.30,64821.60,64651.80,64685.00,2657
15-07-2026 10:30,64685.00,64903.30,64539.40,64874.40,3382
15-07-2026 11:30,64882.90,65214.60,64754.80,64757.50,4544
15-07-2026 12:30,64757.50,64823.90,64426.10,64491.60,3945
15-07-2026 13:30,64491.60,64725.10,64491.60,64706.90,3247
15-07-2026 14:30,64706.90,64857.80,64588.20,64607.30,3313
15-07-2026 15:30,64607.30,64788.00,64546.60,64596.40,3628
15-07-2026 16:30,64597.60,64690.40,64554.10,64668.20,4425
15-07-2026 17:30,64671.80,65180.20,64535.00,65090.70,6492
15-07-2026 18:30,65092.70,65499.90,64811.30,65043.40,10028
15-07-2026 19:30,65043.40,65451.70,64992.00,65327.10,10169
15-07-2026 20:30,65327.10,65516.30,65183.50,65355.40,8841
15-07-2026 21:30,65355.10,65399.00,64713.70,65050.20,8277
15-07-2026 22:30,65050.20,65124.90,64903.90,64992.80,5239
15-07-2026 23:30,64992.80,65081.50,64789.30,64803.30,4155
16-07-2026 00:30,64803.60,64955.40,64687.70,64924.60,4689
16-07-2026 01:30,64924.60,65001.40,64858.00,64915.00,2113
16-07-2026 02:30,64915.00,64970.30,64738.20,64779.10,3308
16-07-2026 03:30,64779.70,64909.80,64719.50,64810.20,3428
16-07-2026 04:30,64810.20,64887.70,64653.10,64699.00,3526
16-07-2026 05:30,64699.00,64795.60,64441.70,64529.20,4242
16-07-2026 06:30,64529.30,64775.30,64339.70,64676.10,4224
16-07-2026 07:30,64676.10,64677.80,64519.00,64581.20,3674
16-07-2026 08:30,64581.60,64682.00,64486.30,64549.10,3031
16-07-2026 09:30,64549.10,64627.70,64475.90,64578.70,2382
16-07-2026 10:30,64578.70,64933.00,64538.40,64852.10,3656
16-07-2026 11:30,64852.10,64901.60,64564.10,64708.40,2917
16-07-2026 12:30,64708.40,64712.20,64017.10,64163.90,4075
16-07-2026 13:30,64166.70,64297.20,63820.80,64056.70,6170
16-07-2026 14:30,64056.70,64115.20,63948.10,64024.90,3916
16-07-2026 15:30,64024.90,64196.80,64003.00,64152.80,3567
16-07-2026 16:30,64152.80,64207.20,64032.60,64188.20,3812
16-07-2026 17:30,64188.20,64188.20,63791.00,63905.20,5141
16-07-2026 18:30,63905.20,64413.70,63893.00,64309.40,7054
16-07-2026 19:30,64309.40,64778.00,64265.10,64477.30,8136
16-07-2026 20:30,64477.30,64831.20,64250.40,64643.60,7487
16-07-2026 21:30,64643.60,64657.80,64269.40,64424.00,6410
16-07-2026 22:30,64424.00,64424.00,63931.00,64016.10,5943
16-07-2026 23:30,64016.10,64272.10,63989.70,64188.00,4796
17-07-2026 00:30,64188.00,64243.40,64084.70,64208.00,4916
17-07-2026 01:30,64204.50,64216.10,64047.70,64052.10,3026
17-07-2026 02:30,64052.00,64178.00,64036.20,64100.70,2832
17-07-2026 03:30,64100.70,64176.70,63887.20,63904.70,3894
17-07-2026 04:30,63904.70,63948.70,63679.70,63759.80,4394
17-07-2026 05:30,63759.80,63841.40,63545.00,63823.40,5374
17-07-2026 06:30,63823.40,64000.00,63409.20,63477.00,5642
17-07-2026 07:30,63477.00,63591.80,63316.20,63417.40,5355
17-07-2026 08:30,63417.40,63650.00,63413.90,63496.60,4287
17-07-2026 09:30,63496.60,63503.70,63247.80,63416.60,3427
17-07-2026 10:30,63416.60,63416.60,62734.10,62770.00,4550
17-07-2026 11:30,62770.00,62925.20,62642.90,62876.00,4749
17-07-2026 12:30,62876.00,62914.50,62728.90,62758.20,3745
17-07-2026 13:30,62758.20,62863.70,62592.40,62814.10,4491
17-07-2026 14:30,62814.10,62991.20,62784.30,62918.00,3370
17-07-2026 15:30,62918.00,63121.90,62912.20,63107.80,2966
17-07-2026 16:30,63107.80,63287.90,62988.90,63225.00,2722
17-07-2026 17:30,63225.00,63273.20,62995.30,63025.30,2829
17-07-2026 18:30,63025.50,63101.20,62451.40,63078.40,7320
17-07-2026 19:30,63078.40,63441.70,63006.80,63106.30,9117
17-07-2026 20:30,63102.80,63393.90,62793.30,63390.90,7541
17-07-2026 21:30,63390.90,63650.10,63249.60,63536.00,6738
17-07-2026 22:30,63536.00,64171.60,63536.00,63994.30,7008
17-07-2026 23:30,63994.50,64340.50,63838.30,64212.50,6439
18-07-2026 00:30,64211.10,64212.60,63929.80,64110.50,5293
18-07-2026 01:30,64110.50,64148.50,63902.20,64064.60,3697
18-07-2026 02:30,64064.60,64174.30,64011.30,64055.80,2932
18-07-2026 03:30,64055.70,64097.70,63864.50,63925.40,2462
18-07-2026 04:30,63925.40,63961.10,63828.10,63886.60,1815
18-07-2026 05:30,63886.50,63962.90,63836.10,63853.00,1853
18-07-2026 06:30,63854.60,63948.50,63831.00,63905.00,1356
18-07-2026 07:30,63905.00,63979.50,63873.10,63901.40,1658
18-07-2026 08:30,63901.40,63964.80,63875.60,63958.60,1146
18-07-2026 09:30,63958.60,63964.70,63883.20,63913.70,934
18-07-2026 10:30,63913.70,63944.60,63865.80,63910.00,1377
18-07-2026 11:30,63910.00,63952.50,63888.60,63922.80,1164
18-07-2026 12:30,63922.80,63972.80,63920.00,63944.40,1110
18-07-2026 13:30,63944.40,63968.10,63898.00,63947.20,933
18-07-2026 14:30,63947.20,63952.50,63887.00,63929.10,1006
18-07-2026 15:30,63928.80,63958.60,63926.60,63950.80,687
18-07-2026 16:30,63950.80,64028.50,63950.40,64003.40,658
18-07-2026 17:30,64003.40,64201.00,63996.50,64151.20,2250
18-07-2026 18:30,64151.20,64152.50,63911.60,64052.20,2267
18-07-2026 19:30,64052.20,64140.20,64040.20,64072.60,1753
18-07-2026 20:30,64072.60,64104.70,63974.80,64063.80,1746
18-07-2026 21:30,64063.80,64260.40,64030.10,64246.10,1828
18-07-2026 22:30,64246.80,64436.60,64216.70,64427.20,2629
18-07-2026 23:30,64427.90,64584.90,64414.20,64455.50,2292
19-07-2026 00:30,64455.50,64547.90,64425.10,64500.90,1746
19-07-2026 01:30,64501.40,64678.10,64457.90,64641.60,2446
19-07-2026 02:30,64641.60,64796.10,64562.10,64679.00,2630
19-07-2026 03:30,64679.00,64815.20,64656.50,64751.70,2076
19-07-2026 04:30,64751.60,64794.30,64663.00,64783.60,1498
19-07-2026 05:30,64783.70,64849.00,64718.10,64729.60,1296
19-07-2026 06:30,64729.60,64737.60,64709.80,64713.70,741
19-07-2026 07:30,64713.70,64904.60,64646.40,64770.50,2447
19-07-2026 08:30,64770.50,64787.50,64572.50,64657.10,1608
19-07-2026 09:30,64657.30,64740.80,64559.60,64667.80,1327
19-07-2026 10:30,64667.80,64754.30,64621.90,64668.60,1054
19-07-2026 11:30,64668.60,64705.90,64637.20,64654.60,1109
19-07-2026 12:30,64654.60,64723.70,64620.40,64663.60,917
19-07-2026 13:30,64663.60,64691.20,64572.60,64655.10,1488
19-07-2026 14:30,64655.10,64667.20,64443.40,64457.30,1556
19-07-2026 15:30,64457.40,64642.90,64422.70,64533.80,2131
19-07-2026 16:30,64533.80,64580.40,64385.40,64410.30,3231
19-07-2026 17:30,64410.30,64410.30,64226.40,64386.40,3208
19-07-2026 18:30,64386.40,64457.40,64244.00,64419.40,2170
19-07-2026 19:30,64419.40,64589.70,64359.00,64533.80,2759
19-07-2026 20:30,64533.80,64565.30,64438.90,64523.20,2141
19-07-2026 21:30,64523.20,64588.20,64447.30,64480.20,2294
19-07-2026 22:30,64480.20,64688.90,64356.90,64490.30,3340
19-07-2026 23:30,64488.40,64497.00,64258.70,64363.80,3555
20-07-2026 00:30,64363.80,64409.70,64287.60,64396.50,1817
20-07-2026 01:30,64396.50,64486.70,64396.50,64475.50,2270
20-07-2026 02:30,64475.50,64504.70,64287.30,64359.20,2780
20-07-2026 03:30,64359.20,64841.80,64293.50,64616.20,5784
20-07-2026 04:30,64616.20,64715.90,64510.90,64664.60,4329
20-07-2026 05:30,64668.80,65036.80,64355.10,64491.80,6463
20-07-2026 06:30,64491.80,64964.70,64441.50,64563.60,7028
20-07-2026 07:30,64563.40,64901.70,64526.00,64763.10,6057
20-07-2026 08:30,64763.10,64854.50,64583.00,64803.30,4813
20-07-2026 09:30,64803.30,64808.50,64472.00,64478.70,4564
20-07-2026 10:30,64478.70,64498.80,64030.40,64061.90,6280
20-07-2026 11:30,64062.40,64149.30,63691.80,63847.10,6024
20-07-2026 12:30,63847.10,64232.30,63819.80,64201.90,5106
20-07-2026 13:30,64201.90,64283.70,63812.30,63984.60,4253
20-07-2026 14:30,63984.60,64210.30,63939.60,64125.40,3415
20-07-2026 15:30,64125.40,64339.80,64086.40,64228.10,3579
20-07-2026 16:30,64227.90,64999.10,64200.20,64925.70,5412
20-07-2026 17:30,64925.60,64933.20,64531.00,64573.60,4674
20-07-2026 18:30,64573.20,64686.10,64135.60,64263.40,6265
20-07-2026 19:30,64263.90,64482.00,63998.10,64336.50,8617
20-07-2026 20:30,64339.90,65582.60,64335.10,65536.80,7906
20-07-2026 21:30,65536.80,65575.90,65289.60,65440.90,6386
20-07-2026 22:30,65440.90,65578.90,65276.60,65525.10,4753
20-07-2026 23:30,65525.10,65735.10,65137.90,65179.20,5215
21-07-2026 00:30,65179.20,65215.90,64984.10,65087.00,4093
21-07-2026 01:30,65086.10,65377.10,64997.90,65312.70,3286
21-07-2026 02:30,65312.70,65385.80,65212.60,65228.60,2577
21-07-2026 03:30,65228.60,65229.90,65036.90,65093.70,2870
21-07-2026 04:30,65093.70,65218.80,65073.20,65200.30,2233
21-07-2026 05:30,65200.30,65532.90,65094.20,65519.80,5468
21-07-2026 06:30,65509.20,65606.00,65174.50,65180.40,4148
21-07-2026 07:30,65180.40,65434.70,65116.20,65353.80,3971
21-07-2026 08:30,65353.80,65537.40,65347.70,65512.20,3828
21-07-2026 09:30,65509.00,65682.30,65419.20,65460.00,3419
21-07-2026 10:30,65460.00,65835.60,65426.00,65691.50,3160
21-07-2026 11:30,65691.50,65934.30,65574.70,65860.20,3837
21-07-2026 12:30,65860.20,66182.90,65805.20,66127.80,4326
21-07-2026 13:30,66126.30,66300.80,66072.30,66169.90,3988
21-07-2026 14:30,66169.90,66296.90,66098.10,66234.00,2473
21-07-2026 15:30,66234.00,66369.90,66123.10,66134.90,3041
21-07-2026 16:30,66134.90,66305.30,66089.90,66296.00,2336
21-07-2026 17:30,66296.00,66583.40,66214.40,66499.80,3953
21-07-2026 18:30,66499.80,66750.60,66265.70,66724.50,5780
21-07-2026 19:30,66724.60,66904.80,66595.70,66795.80,6707
21-07-2026 20:30,66795.80,66796.10,66486.60,66635.00,5833
21-07-2026 21:30,66635.00,66719.30,66422.40,66497.70,4309
21-07-2026 22:30,66497.70,66525.30,66093.60,66158.80,4375
21-07-2026 23:30,66158.40,66311.90,66058.20,66268.70,4828
22-07-2026 00:30,66267.90,66458.30,66214.50,66405.60,3152
22-07-2026 01:30,66405.60,66450.90,66309.20,66356.20,2631
22-07-2026 02:30,66356.20,66365.60,66235.90,66333.10,3255
22-07-2026 03:30,66333.10,66337.20,66161.80,66252.70,3299
22-07-2026 04:30,66252.70,66522.60,66175.60,66504.30,3641
22-07-2026 05:30,66504.30,66682.40,66484.50,66568.80,4891
22-07-2026 06:30,66569.10,66604.30,66227.80,66375.70,4019
22-07-2026 07:30,66375.70,66477.00,66239.10,66254.90,4582
22-07-2026 08:30,66254.90,66315.90,66119.50,66148.20,4030
22-07-2026 09:30,66147.30,66367.80,66137.30,66322.70,3242
22-07-2026 10:30,66322.70,66322.80,65888.00,65923.80,4373
22-07-2026 11:30,65923.80,65970.00,65772.90,65878.70,4326
22-07-2026 12:30,65878.70,65916.90,65647.50,65784.90,4371
22-07-2026 13:30,65784.90,66101.40,65784.90,65926.50,3968
22-07-2026 14:30,65926.50,66026.30,65786.00,65869.10,3092
22-07-2026 15:30,65869.10,66054.10,65834.20,65992.30,2811
22-07-2026 16:30,65992.30,66032.70,65848.70,65959.40,3484
22-07-2026 17:30,65959.40,65961.00,65492.10,65574.60,3403
22-07-2026 18:30,65572.40,65924.90,65499.80,65901.30,5777
22-07-2026 19:30,65901.30,66140.90,65531.80,65750.20,7297
22-07-2026 20:30,65748.20,66088.50,65748.10,65998.00,6245
22-07-2026 21:30,65997.20,66350.20,65869.00,66191.50,5845
22-07-2026 22:30,66190.70,66242.80,65898.20,65980.60,5603
22-07-2026 23:30,65980.60,66038.80,65684.50,65845.30,4849
23-07-2026 00:30,65845.30,65916.60,65649.80,65892.80,4710
23-07-2026 01:30,65883.90,65941.50,65744.90,65878.70,4303
23-07-2026 02:30,65878.70,66086.70,65846.80,66028.90,2805
23-07-2026 03:30,66028.90,66035.40,65885.90,66001.00,3176
23-07-2026 04:30,66001.00,66100.80,65800.80,66073.60,3274
23-07-2026 05:30,66073.50,66268.40,66008.60,66015.60,3940
23-07-2026 06:30,66012.80,66166.10,65707.90,65783.50,5169
23-07-2026 07:30,65783.50,65798.60,65609.10,65763.90,4876
23-07-2026 08:30,65764.00,65773.30,65534.00,65611.00,4289
23-07-2026 09:30,65611.00,65688.80,65543.40,65562.60,3276
23-07-2026 10:30,65563.60,65749.80,65520.60,65646.70,2760
23-07-2026 11:30,65646.70,65772.40,65579.30,65744.20,2486
23-07-2026 12:30,65744.20,65744.80,65300.30,65384.20,4324
23-07-2026 13:30,65384.20,65611.20,65359.50,65584.60,3125
23-07-2026 14:30,65584.60,65706.40,65552.00,65591.60,2573
23-07-2026 15:30,65591.60,65747.00,65544.20,65694.90,2509
23-07-2026 16:30,65694.90,65697.20,65496.00,65511.90,2595
23-07-2026 17:30,65511.90,65544.10,64936.50,65113.20,4665
23-07-2026 18:30,65113.20,65175.70,64805.40,64820.90,7201
23-07-2026 19:30,64820.90,65165.40,64767.10,64846.30,7191
23-07-2026 20:30,64846.30,64963.00,64659.70,64892.10,5565
23-07-2026 21:30,64893.20,64893.50,64639.60,64679.80,4208
23-07-2026 22:30,64679.30,64815.70,64591.30,64602.10,4301
23-07-2026 23:30,64602.10,64879.20,64599.10,64798.80,4130
24-07-2026 00:30,64798.90,64869.20,64619.20,64778.80,3966
24-07-2026 01:30,64778.80,65129.50,64758.70,65081.30,3421
24-07-2026 02:30,65080.40,65140.60,64942.00,65106.80,2586
24-07-2026 03:30,65106.80,65164.50,64949.40,65127.70,3482
24-07-2026 04:30,65127.70,65157.60,64983.60,65038.10,2847
24-07-2026 05:30,65038.10,65047.70,64691.30,64913.30,3819
24-07-2026 06:30,64915.00,65108.80,64878.70,65016.90,4219
24-07-2026 07:30,65017.70,65123.90,64858.10,65054.20,4078
24-07-2026 08:30,65054.20,65400.50,65009.70,65394.60,3975
24-07-2026 09:30,65394.60,65407.50,65204.90,65250.40,2745
24-07-2026 10:30,65250.40,65332.20,65179.80,65254.90,2604
24-07-2026 11:30,65254.90,65454.70,65213.70,65413.50,2495
24-07-2026 12:30,65413.50,65750.90,65302.70,65440.90,4001
24-07-2026 13:30,65440.90,65451.50,65244.60,65245.40,3020
24-07-2026 14:30,65245.40,65262.30,64887.00,65050.30,3631
24-07-2026 15:30,65049.60,65090.70,64841.80,64890.00,2689
24-07-2026 16:30,64890.00,65036.30,64787.00,65011.20,3311
24-07-2026 17:30,65011.30,65064.90,64689.40,64703.30,3504
24-07-2026 18:30,64703.30,64728.70,63840.30,64066.10,6836
24-07-2026 19:30,64066.10,64125.50,63654.50,63980.40,7302
24-07-2026 20:30,63980.40,64247.90,63768.10,64014.30,6993
24-07-2026 21:30,64013.50,64127.80,63800.10,63877.60,4748
24-07-2026 22:30,63877.60,64127.60,63826.00,64104.20,4487
24-07-2026 23:30,64104.20,64223.60,64056.00,64198.00,3489
25-07-2026 00:30,64198.00,64223.30,64068.40,64152.40,3827
25-07-2026 01:30,64152.40,64210.80,64053.10,64092.70,2674
25-07-2026 02:30,64092.70,64146.70,64052.70,64077.20,3140
25-07-2026 03:30,64077.20,64145.00,64054.50,64088.70,2790
25-07-2026 04:30,64088.70,64109.80,64063.90,64073.50,1846
25-07-2026 05:30,64073.50,64105.30,63967.90,63998.50,3065
25-07-2026 06:30,63998.50,64086.90,63931.30,63995.60,2756
25-07-2026 07:30,63995.60,64026.00,63944.30,63967.30,1944
25-07-2026 08:30,63967.30,64029.40,63943.00,64008.40,1828
25-07-2026 09:30,64008.50,64131.00,64008.40,64105.90,1594
25-07-2026 10:30,64105.90,64123.40,63905.60,63943.70,1819
25-07-2026 11:30,63943.40,63992.70,63886.70,63941.20,1782
25-07-2026 12:30,63941.20,63967.70,63925.30,63933.00,1544
25-07-2026 13:30,63933.00,63935.90,63732.30,63797.10,1948
25-07-2026 14:30,63797.10,63953.30,63753.50,63931.00,2057
25-07-2026 15:30,63931.00,63990.50,63915.80,63989.20,2505
25-07-2026 16:30,63989.20,64035.10,63969.60,63992.50,1886
25-07-2026 17:30,63992.50,64045.80,63961.30,64044.20,1172
25-07-2026 18:30,64044.20,64187.10,64030.30,64093.50,2295
25-07-2026 19:30,64093.50,64145.20,64043.20,64138.40,2181
25-07-2026 20:30,64136.70,64201.70,64094.20,64107.60,2511
25-07-2026 21:30,64107.60,64172.30,64047.20,64138.40,2241
25-07-2026 22:30,64138.40,64264.90,64120.70,64192.80,2377
25-07-2026 23:30,64193.20,64373.60,64193.20,64342.50,3298
26-07-2026 00:30,64344.10,64370.80,64314.50,64317.00,2182
26-07-2026 01:30,64317.00,64325.00,64234.70,64263.40,2011
26-07-2026 02:30,64263.40,64358.50,64187.20,64275.30,2026
26-07-2026 03:30,64275.30,64356.50,64275.20,64341.00,2005
26-07-2026 04:30,64341.00,64355.60,64290.10,64295.30,1589
26-07-2026 05:30,64295.30,64438.50,64274.60,64437.10,2620
26-07-2026 06:30,64437.10,64465.50,64377.80,64391.40,2145
26-07-2026 07:30,64391.40,64454.00,64356.30,64447.60,2056
26-07-2026 08:30,64447.60,64510.70,64412.50,64477.50,2278
26-07-2026 09:30,64477.50,64524.80,64412.40,64457.00,1849
26-07-2026 10:30,64457.00,64457.20,64338.00,64345.50,1931
26-07-2026 11:30,64345.50,64379.40,64217.50,64365.60,1850
26-07-2026 12:30,64365.60,64388.10,64272.20,64298.70,1832
26-07-2026 13:30,64298.70,64421.80,64277.50,64409.80,1249
26-07-2026 14:30,64409.80,64480.80,64408.20,64468.60,1308
26-07-2026 15:30,64468.60,64496.40,64425.00,64441.90,1519
26-07-2026 16:30,64441.90,64459.40,64418.60,64437.70,1437
26-07-2026 17:30,64437.70,64588.90,64366.40,64393.00,2337
26-07-2026 18:30,64393.00,64501.00,64338.90,64452.60,2060
26-07-2026 19:30,64452.60,64696.80,64452.60,64646.10,3526
26-07-2026 20:30,64646.10,64754.80,64604.70,64697.40,3210
26-07-2026 21:30,64697.00,64861.80,64630.50,64659.40,3272
26-07-2026 22:30,64659.40,64727.80,64601.90,64627.00,2495
26-07-2026 23:30,64627.00,64705.70,64599.80,64672.00,1428
27-07-2026 00:30,64672.00,64689.30,64606.40,64628.00,1419
27-07-2026 01:30,64628.00,64635.50,64565.50,64582.40,1315
27-07-2026 02:30,64582.40,64845.40,64577.60,64782.70,2964
27-07-2026 03:30,64782.70,65434.10,64782.70,65335.00,5797
27-07-2026 04:30,65335.30,65493.70,65206.00,65328.50,5320
27-07-2026 05:30,65328.50,65350.30,64989.00,65058.90,5322
27-07-2026 06:30,65058.50,65144.60,64828.00,65128.50,4485
27-07-2026 07:30,65128.50,65204.80,65042.10,65103.50,3674
27-07-2026 08:30,65103.50,65294.90,65092.70,65214.40,3216
27-07-2026 09:30,65214.40,65425.40,65176.90,65215.30,3285
27-07-2026 10:30,65215.30,65423.30,65210.70,65391.90,3358
27-07-2026 11:30,65391.90,65666.70,65341.40,65344.30,4243
27-07-2026 12:30,65344.30,65378.10,65145.30,65152.70,3962
27-07-2026 13:30,65152.70,65192.40,65055.40,65091.10,3727
27-07-2026 14:30,65091.10,65272.10,65025.20,65189.40,2911
27-07-2026 15:30,65188.80,65357.40,65158.70,65265.30,2364
27-07-2026 16:30,65265.60,65266.50,65019.90,65032.60,2431
27-07-2026 17:30,65032.60,65186.80,64776.10,65012.60,4016
27-07-2026 18:30,65011.70,65613.30,64834.30,65148.60,6733
27-07-2026 19:30,65148.60,65355.90,64381.90,64606.70,8743
27-07-2026 20:30,64606.40,64695.10,64336.70,64464.90,7025
27-07-2026 21:30,64464.90,64889.30,64427.10,64819.30,6296
27-07-2026 22:30,64819.30,65009.90,64704.30,64938.10,5227
27-07-2026 23:30,64938.10,64979.10,64666.00,64791.50,4757
28-07-2026 00:30,64791.60,65002.90,64724.90,64904.70,4988
28-07-2026 01:30,64904.70,64978.10,64824.90,64890.50,3336
28-07-2026 02:30,64890.50,64891.00,64718.20,64747.10,2849
28-07-2026 03:30,64747.10,64748.20,63719.10,63719.70,5419
28-07-2026 04:30,63719.90,63873.90,63536.80,63682.40,6192
28-07-2026 05:30,63682.40,63755.80,63397.00,63407.60,7565
28-07-2026 06:30,63410.30,63455.80,62998.40,63157.70,6570
28-07-2026 07:30,63157.70,63227.00,63025.50,63102.90,3878
28-07-2026 08:30,63102.90,63298.90,63085.90,63267.40,3934
28-07-2026 09:30,63266.60,63284.40,63141.10,63273.80,2837
28-07-2026 10:30,63273.80,63536.10,63246.00,63372.70,3277
28-07-2026 11:30,63369.70,63574.20,63317.70,63554.70,3146
28-07-2026 12:30,63554.70,63568.80,63374.30,63422.60,2620
28-07-2026 13:30,63422.60,63457.20,63316.80,63343.30,3079
28-07-2026 14:30,63343.30,63495.60,63280.00,63311.90,2315
28-07-2026 15:30,63311.90,63474.60,63208.40,63390.50,3689
28-07-2026 16:30,63390.50,63518.80,63272.00,63380.80,4331
28-07-2026 17:30,63380.80,63485.80,63302.50,63460.30,3509
28-07-2026 18:30,63460.30,63506.00,62684.90,63016.10,5746
28-07-2026 19:30,63016.10,63452.10,62871.60,63323.70,8237
28-07-2026 20:30,63323.70,63936.20,63174.70,63844.70,8100
28-07-2026 21:30,63844.50,64021.50,63692.40,63959.00,5807
28-07-2026 22:30,63959.00,63959.20,63421.10,63606.70,6244
28-07-2026 23:30,63606.70,63760.70,63585.60,63646.70,4757
29-07-2026 00:30,63646.70,63810.70,63583.30,63806.40,4894
29-07-2026 01:30,63806.40,63925.60,63782.60,63821.70,3904
29-07-2026 02:30,63821.70,63971.40,63795.00,63879.80,3214
29-07-2026 03:30,63879.80,63933.20,63671.70,63689.10,4189
29-07-2026 04:30,63689.10,63862.20,63458.40,63834.60,5071
29-07-2026 05:30,63834.30,64095.40,63777.60,63866.60,5872
29-07-2026 06:30,63864.80,63912.20,63593.60,63611.80,6645
29-07-2026 07:30,63611.90,64031.20,63557.10,63878.10,6184
29-07-2026 08:30,63878.10,63902.20,63606.90,63647.10,5615
29-07-2026 09:30,63647.10,63872.30,63493.90,63865.40,5893
29-07-2026 10:30,63865.40,63996.70,63789.00,63964.30,4727
29-07-2026 11:30,63964.00,64364.60,63928.10,64338.80,4241
29-07-2026 12:30,64338.80,64481.00,64306.40,64464.80,3692
29-07-2026 13:30,64464.80,64491.10,64185.20,64329.30,3371
29-07-2026 14:30,64329.30,64630.80,64289.30,64604.30,3113
29-07-2026 15:30,64604.10,64625.10,64320.50,64383.10,3088
29-07-2026 16:30,64383.10,64510.30,64332.20,64423.20,3410
29-07-2026 17:30,64423.20,64423.20,64141.70,64189.10,3993
29-07-2026 18:30,64189.10,64583.20,64055.30,64574.10,6481
29-07-2026 19:30,64574.30,64629.20,63956.00,64005.60,8231
29-07-2026 20:30,64005.00,64095.40,63784.50,63863.40,6776
29-07-2026 21:30,63863.40,64031.90,63532.10,63703.80,6426
29-07-2026 22:30,63703.90,64179.10,63609.10,64166.30,5395
29-07-2026 23:30,64169.60,64547.80,63683.20,64412.60,9223
30-07-2026 00:30,64418.30,64509.00,63444.30,63512.50,9042
30-07-2026 01:30,63512.50,63648.40,63291.20,63427.50,7285
30-07-2026 02:30,63427.50,63768.80,63193.70,63768.80,5483
30-07-2026 03:30,63772.00,64041.80,63763.50,63842.40,5039
30-07-2026 04:30,63845.20,63975.40,63798.00,63883.70,3547
30-07-2026 05:30,63883.70,64019.20,63497.20,63590.60,4588
30-07-2026 06:30,63590.60,64267.60,63587.80,64174.70,5158
30-07-2026 07:30,64174.70,64320.80,64066.10,64087.80,3809
30-07-2026 08:30,64089.70,64201.50,64032.80,64064.80,3731
30-07-2026 09:30,64064.80,64083.80,63901.60,63923.00,2871
30-07-2026 10:30,63923.00,64083.40,63812.20,63940.00,4414
30-07-2026 11:30,63940.00,63986.10,63855.90,63903.70,3577
30-07-2026 12:30,63903.70,64045.50,63842.40,63911.70,4167
30-07-2026 13:30,63911.70,64254.50,63875.40,64198.00,4778
30-07-2026 14:30,64198.00,64535.60,64174.30,64467.70,3897
30-07-2026 15:30,64467.70,64532.60,64458.70,64468.70,2502
30-07-2026 16:30,64468.70,64775.50,64438.50,64689.20,2786
30-07-2026 17:30,64689.20,64923.10,64685.10,64826.30,4256
30-07-2026 18:30,64826.30,65076.20,64589.60,64940.50,5622
30-07-2026 19:30,64940.50,64962.10,64536.20,64602.90,6078
30-07-2026 20:30,64602.90,64813.00,64523.20,64648.00,5077
30-07-2026 21:30,64648.30,64882.80,64643.10,64738.80,3904
30-07-2026 22:30,64737.60,64912.40,64690.70,64796.70,3438
30-07-2026 23:30,64796.70,64826.30,64606.90,64624.70,2558
31-07-2026 00:30,64624.50,64828.80,64624.20,64726.70,3346
31-07-2026 01:30,64726.70,64864.90,64678.80,64699.00,3212
31-07-2026 02:30,64699.00,64730.40,64629.60,64656.60,2717
31-07-2026 03:30,64656.60,64945.40,64592.60,64775.30,3231
31-07-2026 04:30,64775.30,65015.60,64667.70,64708.90,3324
31-07-2026 05:30,64708.90,64832.00,64616.40,64652.80,3397
31-07-2026 06:30,64652.80,65322.00,64414.00,64489.00,6154
31-07-2026 07:30,64489.00,64532.20,64124.10,64218.50,4500
31-07-2026 08:30,64218.50,64357.70,64099.20,64286.30,3782
31-07-2026 09:30,64286.30,64355.30,64159.10,64227.00,2573
31-07-2026 10:30,64227.00,64344.20,64194.50,64285.00,2468
31-07-2026 11:30,64285.00,64422.80,64126.80,64158.50,3285
31-07-2026 12:30,64158.50,64168.10,63804.30,63864.30,4244
31-07-2026 13:30,63864.90,63898.00,63733.30,63756.00,3474
31-07-2026 14:30,63756.50,63770.20,63557.70,63640.20,3371
31-07-2026 15:30,63640.20,63876.40,63529.20,63837.60,3349
31-07-2026 16:30,63838.80,63934.40,63715.40,63725.90,2698
31-07-2026 17:30,63725.90,63752.70,63549.80,63671.20,2695
31-07-2026 18:30,63671.20,63748.80,63151.50,63189.10,4300
31-07-2026 19:30,63189.10,63225.10,62376.40,62589.80,7892
31-07-2026 20:30,62589.80,62662.00,62380.50,62615.90,5914
31-07-2026 21:30,62615.90,62853.50,62604.10,62788.30,4602
31-07-2026 22:30,62788.30,63214.80,62714.10,63166.10,5109
31-07-2026 23:30,63166.10,63223.20,62877.40,63014.00,3789
01-08-2026 00:30,63014.00,63077.30,62850.30,62883.70,3477
01-08-2026 01:30,62883.40,62957.00,62850.30,62879.80,2899
01-08-2026 02:30,62879.80,62982.70,62768.90,62881.90,2988
01-08-2026 03:30,62881.90,62950.50,62791.50,62871.60,3414
01-08-2026 04:30,62872.10,62942.70,62781.50,62810.30,3040
01-08-2026 05:30,62810.30,62949.20,62810.30,62862.70,3300
01-08-2026 06:30,62862.70,62917.00,62841.40,62890.80,2228
01-08-2026 07:30,62890.80,63023.30,62890.40,62989.80,1669
01-08-2026 08:30,62989.80,62999.20,62888.40,62926.60,1390
01-08-2026 09:30,62926.60,63026.90,62916.90,63023.90,1400
01-08-2026 10:30,63023.90,63063.30,62922.50,62953.20,1773
01-08-2026 11:30,62953.20,63009.60,62919.40,63001.80,1870
01-08-2026 12:30,63001.80,63037.50,62956.70,62977.50,1274
01-08-2026 13:30,62977.50,63080.30,62977.50,63048.40,1605
01-08-2026 14:30,63048.30,63068.30,62968.70,62977.80,2191
01-08-2026 15:30,62977.70,63035.70,62911.60,62986.30,2368
01-08-2026 16:30,62987.10,63019.90,62960.90,63003.50,2381
01-08-2026 17:30,63003.50,63047.10,63003.50,63028.20,2299
01-08-2026 18:30,63030.10,63032.10,62969.50,62992.70,2323
01-08-2026 19:30,62993.00,63053.30,62989.60,63053.20,1905
01-08-2026 20:30,63053.20,63053.20,62926.20,62926.20,2078
01-08-2026 21:30,62926.20,62950.20,62798.50,62862.60,2328
01-08-2026 22:30,62862.60,62923.70,62591.00,62639.10,3353
01-08-2026 23:30,62639.10,62666.20,62200.50,62511.20,5452
02-08-2026 00:30,62510.30,62556.70,62385.70,62459.00,3390
02-08-2026 01:30,62459.00,62602.20,62418.40,62592.40,2776
02-08-2026 02:30,62592.30,62790.20,62590.30,62747.20,3274
02-08-2026 03:30,62747.20,62796.60,62721.20,62752.80,2453
02-08-2026 04:30,62752.80,62786.20,62695.50,62747.60,1776
02-08-2026 05:30,62747.60,62900.20,62730.10,62759.60,2304
02-08-2026 06:30,62759.60,63004.70,62759.60,62907.90,2280
02-08-2026 07:30,62907.90,63468.60,62875.90,63366.70,4649
02-08-2026 08:30,63366.30,63459.50,63292.70,63380.50,2417
02-08-2026 09:30,63380.50,63535.30,63380.20,63506.00,1881
02-08-2026 10:30,63506.00,63558.20,63335.70,63377.10,2266
02-08-2026 11:30,63377.10,63422.80,63352.90,63404.20,1805
02-08-2026 12:30,63403.80,63462.20,63399.30,63413.50,1176
02-08-2026 13:30,63428.60,63452.50,63091.10,63113.70,2096
02-08-2026 14:30,63115.00,63239.20,63009.50,63192.80,2638
02-08-2026 15:30,63192.80,63197.20,63042.50,63129.90,1892
02-08-2026 16:30,63129.90,63130.10,62908.80,62952.60,4698
02-08-2026 17:30,62952.60,63151.00,62952.30,63049.60,3406
02-08-2026 18:30,63049.40,63071.00,62925.10,63047.20,3634
02-08-2026 19:30,63047.20,63101.00,62980.10,62992.70,2747
02-08-2026 20:30,62992.20,63103.50,62974.10,63031.80,2180
02-08-2026 21:30,63031.80,63188.70,62987.40,63099.00,3009
02-08-2026 22:30,63098.20,63257.30,63069.60,63218.20,3118
02-08-2026 23:30,63220.80,63523.90,63204.60,63298.20,3082
03-08-2026 00:30,63299.00,63395.20,63240.00,63369.70,2446
03-08-2026 01:30,63369.70,63420.20,63316.10,63414.10,2340
03-08-2026 02:30,63414.10,63693.80,63394.10,63491.60,4380
03-08-2026 03:30,63491.60,63714.40,63284.10,63336.40,5419
03-08-2026 04:30,63336.40,63511.60,63250.60,63486.70,4218
03-08-2026 05:30,63486.70,63509.40,63132.90,63227.70,4704
03-08-2026 06:30,63227.70,63268.00,63018.50,63119.30,4036
03-08-2026 07:30,63119.30,63188.00,63004.00,63051.30,3445
03-08-2026 08:30,63051.30,63078.30,62705.60,62774.10,3062
03-08-2026 09:30,62774.10,62909.00,62685.20,62697.60,3220
03-08-2026 10:30,62697.60,62783.10,62653.40,62731.40,2605
03-08-2026 11:30,62731.40,62776.10,62517.60,62531.50,2907
03-08-2026 12:30,62531.50,62606.50,62458.10,62525.00,3754
03-08-2026 13:30,62525.00,62553.80,62201.80,62445.10,4078
03-08-2026 14:30,62445.10,62769.00,62426.10,62736.20,3540
03-08-2026 15:30,62736.20,62765.10,62521.90,62643.40,3100
03-08-2026 16:30,62643.40,62683.60,62443.20,62468.20,3065
03-08-2026 17:30,62468.20,62702.50,62351.70,62603.60,4042
03-08-2026 18:30,62603.60,63298.40,62462.10,63254.30,6764
03-08-2026 19:30,63254.50,63890.10,63049.10,63872.30,8911
03-08-2026 20:30,63872.30,63894.80,63558.90,63608.60,7539
03-08-2026 21:30,63610.20,63871.10,63578.90,63693.80,5281
03-08-2026 22:30,63693.80,63978.60,63637.90,63835.90,4733
03-08-2026 23:30,63835.90,63926.60,63688.50,63796.30,4085
04-08-2026 00:30,63796.30,64015.40,63767.50,63795.70,4026
04-08-2026 01:30,63801.10,63963.20,63697.00,63720.00,2885
04-08-2026 02:30,63720.00,63722.00,63484.70,63528.70,3881
04-08-2026 03:30,63515.10,63606.00,63321.60,63540.60,3827
04-08-2026 04:30,63540.60,63550.70,63389.10,63454.10,2907
04-08-2026 05:30,63454.10,63512.80,63250.30,63285.50,4768
04-08-2026 06:30,63290.20,63846.80,63283.40,63769.60,5796
04-08-2026 07:30,63769.60,63890.60,63605.70,63746.60,3597
04-08-2026 08:30,63746.60,63788.40,63573.30,63719.90,3144
04-08-2026 09:30,63719.90,64167.60,63683.00,63961.80,3290
04-08-2026 10:30,63961.90,63987.50,63724.70,63748.40,2829
04-08-2026 11:30,63748.40,63792.40,63582.20,63595.30,2352
04-08-2026 12:30,63596.60,63679.40,63424.60,63605.80,2675
04-08-2026 13:30,63605.80,63671.50,63486.10,63507.20,2540
04-08-2026 14:30,63504.70,63527.20,63434.60,63521.60,3631
04-08-2026 15:30,63521.50,63761.10,63369.80,63682.30,9454
04-08-2026 16:30,63682.30,63871.30,63631.60,63839.70,9923
04-08-2026 17:30,63840.00,63972.80,63705.90,63826.10,9678
04-08-2026 18:30,63825.10,64019.90,63575.60,63606.10,11027
04-08-2026 19:30,63607.40,64122.60,63530.70,64054.90,11891
04-08-2026 20:30,64055.60,64163.50,63740.30,64058.60,10778
04-08-2026 21:30,64058.30,64068.40,63830.50,63886.50,10216
04-08-2026 22:30,63886.50,64118.40,63827.00,63909.00,10206
04-08-2026 23:30,63909.20,64345.70,63902.20,64248.30,10354
05-08-2026 00:30,64245.60,64354.20,64163.50,64170.60,9374
05-08-2026 01:30,64170.60,64358.80,63951.80,64285.40,9386
05-08-2026 02:30,64285.30,64285.40,64115.30,64131.10,6103
05-08-2026 03:30,64131.40,64231.40,64071.60,64208.40,8789
05-08-2026 04:30,64208.40,64470.70,64024.80,64037.20,9271
05-08-2026 05:30,64037.20,64129.50,63915.90,63932.20,9430
05-08-2026 06:30,63932.00,64282.90,63884.50,64272.30,9288
05-08-2026 07:30,64272.30,64443.80,64262.80,64302.30,9917
05-08-2026 08:30,64301.60,64384.20,63990.80,64115.30,8935
05-08-2026 09:30,64115.30,64153.30,64022.00,64103.50,8323
05-08-2026 10:30,64102.00,64458.20,64091.00,64263.60,8821
05-08-2026 11:30,64262.50,64306.50,64159.60,64185.90,8361
05-08-2026 12:30,64185.90,64207.90,63932.20,64097.20,9101
05-08-2026 13:30,64097.20,64211.10,64021.10,64050.90,9194
05-08-2026 14:30,64050.90,64139.60,64025.50,64084.00,8634
05-08-2026 15:30,64084.20,64170.50,63947.30,63991.20,9005
05-08-2026 16:30,63991.40,64079.30,63974.70,64004.80,8699
05-08-2026 17:30,64004.80,64515.60,63983.70,64264.00,9604
05-08-2026 18:30,64264.00,64345.50,63806.40,64342.70,11038
05-08-2026 19:30,64342.70,64519.30,64231.60,64414.60,11139
05-08-2026 20:30,64414.60,64685.00,64312.00,64315.90,11115
05-08-2026 21:30,64316.50,64695.20,64316.50,64592.10,10896
05-08-2026 22:30,64592.00,64723.80,64462.50,64681.50,10423
05-08-2026 23:30,64681.80,64775.00,64587.30,64721.50,9512
06-08-2026 00:30,64721.40,64870.90,64706.80,64779.80,9075
06-08-2026 01:30,64780.10,64943.10,64737.40,64765.90,9795
06-08-2026 02:30,64765.60,64767.10,64585.70,64653.50,6881
06-08-2026 03:30,64653.60,64711.10,64553.80,64560.50,9220
06-08-2026 04:30,64560.30,64679.40,64510.40,64588.50,8141
06-08-2026 05:30,64588.50,64638.80,64493.90,64568.70,8972
06-08-2026 06:30,64568.70,64586.60,64417.30,64507.60,9279
06-08-2026 07:30,64507.60,64574.90,64373.60,64503.90,8554
06-08-2026 08:30,64503.90,64512.10,64416.90,64455.40,8269
06-08-2026 09:30,64455.90,64662.90,64421.60,64654.30,8536
06-08-2026 10:30,64654.30,64925.00,64653.90,64833.90,8644
06-08-2026 11:30,64833.90,64833.90,64669.80,64781.50,7679
06-08-2026 12:30,64781.50,64885.50,64699.70,64733.10,8754
06-08-2026 13:30,64733.10,64917.10,64672.20,64859.70,9100
06-08-2026 14:30,64859.70,64866.30,64556.60,64600.30,8693
06-08-2026 15:30,64600.30,64609.10,64501.60,64540.30,8625
06-08-2026 16:30,64540.30,64573.60,64426.20,64539.30,9336
06-08-2026 17:30,64539.80,64561.30,64316.30,64335.20,9276
06-08-2026 18:30,64334.20,64442.80,64081.60,64343.80,10787
06-08-2026 19:30,64342.90,64765.90,64273.00,64695.00,11147
06-08-2026 20:30,64695.00,64913.80,64550.70,64559.20,11135
06-08-2026 21:30,64559.20,64700.50,64520.10,64677.90,10260
06-08-2026 22:30,64677.90,64768.10,64474.00,64544.00,9209
06-08-2026 23:30,64544.00,64548.50,64301.30,64345.10,9436
07-08-2026 00:30,64345.20,64410.10,64291.10,64388.80,9872
07-08-2026 01:30,64384.50,64465.80,64369.50,64373.10,8524
07-08-2026 02:30,64374.50,64451.40,64332.30,64375.90,5977
07-08-2026 03:30,64375.90,64386.60,64255.40,64283.80,8834
07-08-2026 04:30,64281.00,64297.40,64121.70,64255.30,8678
07-08-2026 05:30,64256.60,64343.50,64158.40,64250.30,9743
07-08-2026 06:30,64248.70,64408.00,64226.70,64350.70,9841
07-08-2026 07:30,64350.70,64475.80,64184.10,64329.30,9697
07-08-2026 08:30,64329.30,64337.90,64186.80,64220.90,9204
07-08-2026 09:30,64221.30,64294.10,64098.10,64178.70,8946
07-08-2026 10:30,64178.70,64332.90,64100.90,64260.50,8326
07-08-2026 11:30,64260.50,64400.40,64213.20,64237.20,8573
07-08-2026 12:30,64237.20,64358.80,64192.90,64251.30,8791
07-08-2026 13:30,64251.80,64608.40,64232.70,64538.50,8910
07-08-2026 14:30,64538.40,64902.80,64538.30,64777.80,9158
07-08-2026 15:30,64774.70,64858.30,64740.50,64832.90,8357
07-08-2026 16:30,64833.40,65151.30,64830.70,64962.50,9448
07-08-2026 17:30,64962.50,65332.00,64922.50,65233.60,10098
07-08-2026 18:30,65232.80,65282.40,64931.10,64949.80,10807
07-08-2026 19:30,64949.00,65215.70,64720.70,64895.30,11733
07-08-2026 20:30,64894.10,65070.20,64826.30,64849.80,10532
07-08-2026 21:30,64849.80,65015.90,64744.90,64744.90,10323
07-08-2026 22:30,64745.40,64766.90,64462.60,64701.90,10073
07-08-2026 23:30,64701.90,64824.90,64614.80,64674.00,8993
08-08-2026 00:30,64675.50,64979.10,64675.50,64901.20,9432
08-08-2026 01:30,64901.20,64987.20,64891.90,64920.80,7766
08-08-2026 02:30,64922.70,65042.00,64879.70,64882.50,5121
08-08-2026 03:30,64882.50,64902.40,64799.80,64838.70,1775
08-08-2026 04:30,64838.70,64883.30,64828.20,64878.40,3501
08-08-2026 05:30,64878.40,64913.00,64778.70,64875.20,7606
08-08-2026 06:30,64875.20,64912.00,64858.00,64859.70,7432
08-08-2026 07:30,64859.90,64912.20,64843.50,64873.90,6525
08-08-2026 08:30,64875.10,65023.10,64866.30,64976.90,7254
08-08-2026 09:30,64976.90,65017.30,64915.00,64960.60,6325
08-08-2026 10:30,64960.60,64973.60,64923.20,64947.80,1938
08-08-2026 11:30,64947.80,64969.20,64908.90,64952.80,1043
08-08-2026 12:30,64952.80,64960.10,64895.60,64915.60,914
08-08-2026 13:30,64915.60,64966.50,64899.00,64944.70,853
08-08-2026 14:30,64944.70,65005.20,64936.60,64942.50,1079
08-08-2026 15:30,64942.50,64973.50,64938.60,64953.80,1113
08-08-2026 16:30,64953.70,64978.50,64901.70,64909.80,1525
08-08-2026 17:30,64909.80,64992.60,64866.00,64947.90,1967
08-08-2026 18:30,64947.90,64968.50,64943.40,64961.30,1729
08-08-2026 19:30,64961.30,65135.70,64959.30,65069.70,1985
08-08-2026 20:30,65069.70,65096.60,64997.40,65023.50,1851
08-08-2026 21:30,65023.50,65060.00,64977.40,65027.40,1695
08-08-2026 22:30,65027.40,65094.80,65016.30,65059.50,1476
08-08-2026 23:30,65059.50,65069.80,64966.00,64980.30,1720
09-08-2026 00:30,64980.30,65028.20,64952.50,65016.50,1856
09-08-2026 01:30,65016.50,65033.40,64998.20,65019.30,1422
09-08-2026 02:30,65019.30,65022.60,64939.30,64955.00,1381
09-08-2026 03:30,64956.00,64982.60,64879.10,64879.50,1383
09-08-2026 04:30,64879.50,64910.20,64868.90,64895.30,1258
09-08-2026 05:30,64895.30,64926.20,64890.10,64910.10,1243
09-08-2026 06:30,64910.10,64941.40,64775.60,64795.30,1354
09-08-2026 07:30,64795.30,64798.30,64714.30,64755.50,1218
09-08-2026 08:30,64755.50,64755.50,64662.90,64722.00,1071
09-08-2026 09:30,64722.00,64767.80,64714.40,64722.30,1061
09-08-2026 10:30,64722.30,64742.00,64709.10,64741.30,953
09-08-2026 11:30,64741.30,64801.60,64735.40,64780.50,1171
09-08-2026 12:30,64780.50,64795.70,64756.60,64765.00,1305
09-08-2026 13:30,64765.00,64871.40,64727.30,64757.60,1489
09-08-2026 14:30,64757.60,64817.60,64744.90,64817.10,720
09-08-2026 15:30,64817.10,64915.30,64814.10,64892.50,1128
09-08-2026 16:30,64892.50,64944.80,64884.90,64886.20,1157
09-08-2026 17:30,64886.20,64893.70,64853.20,64893.60,990
09-08-2026 18:30,64893.60,65196.40,64893.60,65162.00,1318
09-08-2026 19:30,65162.00,65232.40,65087.00,65200.00,1189
09-08-2026 20:30,65200.00,65206.20,65141.40,65161.90,1518
09-08-2026 21:30,65161.90,65204.20,65115.30,65168.90,1147
09-08-2026 22:30,65168.90,65175.10,65132.10,65134.40,1143
09-08-2026 23:30,65134.40,65161.00,65124.80,65133.20,1313
10-08-2026 00:30,65133.20,65157.20,65117.10,65117.80,1166
10-08-2026 01:30,65117.80,65127.50,65012.60,65081.10,1395
10-08-2026 02:30,65081.10,65185.00,65060.20,65131.10,2024
10-08-2026 03:30,65131.10,65392.30,64908.40,65010.00,3148
10-08-2026 04:30,65010.00,65044.00,64775.50,64835.30,2925
10-08-2026 05:30,64835.30,65247.50,64759.00,64908.90,4634
10-08-2026 06:30,64909.20,65323.60,64832.60,65131.80,3725
10-08-2026 07:30,65131.80,65148.40,64837.60,65031.30,3392
10-08-2026 08:30,65031.30,65101.80,64838.30,64911.60,3277
10-08-2026 09:30,64908.20,65034.70,64851.70,64941.80,2461
10-08-2026 10:30,64938.50,65093.90,64911.70,65072.70,2237
10-08-2026 11:30,65072.70,65273.90,65061.40,65233.70,3101
10-08-2026 12:30,65233.70,65305.10,65129.60,65139.10,2350
10-08-2026 13:30,65139.10,65264.20,65124.50,65177.80,2354
10-08-2026 14:30,65177.80,65177.80,64892.00,64900.60,2966
10-08-2026 15:30,64900.60,65008.00,64897.60,64949.80,2241
10-08-2026 16:30,64949.80,65067.80,64908.00,65060.20,1878
10-08-2026 17:30,65059.20,65169.20,64779.70,64804.20,3104
10-08-2026 18:30,64803.80,64906.30,64441.30,64488.40,5141
10-08-2026 19:30,64488.40,64822.60,64472.40,64554.50,6244
10-08-2026 20:30,64554.50,64644.70,64124.20,64223.00,5726
10-08-2026 21:30,64223.00,64285.90,63748.10,63826.20,5297
10-08-2026 22:30,63826.20,63941.70,63750.30,63872.20,4439
10-08-2026 23:30,63872.20,63937.90,63732.40,63806.00,3976
11-08-2026 00:30,63806.00,64018.40,63800.80,63965.40,3805
11-08-2026 01:30,63965.40,64120.00,63938.10,64085.20,3459
11-08-2026 02:30,64085.20,64085.20,63900.80,63902.40,2805
11-08-2026 03:30,63902.40,63987.00,63860.00,63946.00,4202
11-08-2026 04:30,63946.00,63951.80,63845.50,63899.10,3174
11-08-2026 05:30,63899.10,63978.70,63824.50,63962.20,2881
11-08-2026 06:30,63962.20,64004.50,63875.30,63980.40,2311
11-08-2026 07:30,63980.40,64014.40,63952.80,63969.00,1609
11-08-2026 08:30,63969.00,64105.30,63968.50,64062.50,1447
11-08-2026 09:30,64062.50,64082.00,63948.20,63948.20,1527
11-08-2026 10:30,63948.20,63980.90,63879.00,63892.60,669
