datetime,open,high,low,close,volume
16-10-2025 00:00,111217.07,111505.39,110992.96,111442.61,4721
16-10-2025 00:30,111442.61,111569.03,111098.33,111494.75,3816
16-10-2025 01:00,111494.75,111545.20,111085.70,111263.61,5089
16-10-2025 01:30,111263.36,111573.07,111045.54,111065.50,4484
16-10-2025 02:00,111065.50,111449.16,110528.29,111118.42,6730
16-10-2025 02:30,111118.42,111170.08,110495.20,110967.87,4255
16-10-2025 03:00,110965.56,111428.94,110686.43,110842.43,4486
16-10-2025 03:30,110844.65,111398.94,110812.14,111173.37,4998
16-10-2025 04:00,111173.37,111315.48,110658.37,110665.59,4968
16-10-2025 04:30,110665.59,110956.45,110576.50,110887.63,4605
16-10-2025 05:00,110887.63,111025.58,110635.43,110759.80,4843
16-10-2025 05:30,110759.80,110862.53,110505.76,110795.59,5866
16-10-2025 06:00,110795.46,110795.59,110365.84,110442.87,6483
16-10-2025 06:30,110442.87,111121.64,110428.62,110901.96,7255
16-10-2025 07:00,110901.08,111344.95,110809.88,111309.11,6451
16-10-2025 07:30,111309.11,111556.39,111018.30,111418.92,7136
16-10-2025 08:00,111416.92,111560.73,111273.97,111522.83,5616
16-10-2025 08:30,111523.01,111876.38,111408.33,111733.19,4418
16-10-2025 09:00,111734.19,111738.20,111266.78,111339.23,4032
16-10-2025 09:30,111340.52,111686.18,111310.81,111553.06,4049
16-10-2025 10:00,111553.06,111600.04,110811.23,110978.61,4840
16-10-2025 10:30,110980.19,111179.16,110908.41,111058.21,4314
16-10-2025 11:00,111060.93,111470.45,110742.35,110959.29,6006
16-10-2025 11:30,110959.27,111327.29,110913.06,111318.29,6278
16-10-2025 12:00,111318.29,111721.08,111298.98,111662.58,6726
16-10-2025 12:30,111662.58,111778.15,110699.01,110746.57,6896
16-10-2025 13:00,110746.57,110932.52,110515.19,110545.88,6760
16-10-2025 13:30,110541.28,110732.60,110362.68,110537.78,5595
16-10-2025 14:00,110537.78,110896.65,110483.66,110804.40,5427
16-10-2025 14:30,110804.40,110961.75,110661.73,110665.61,5396
16-10-2025 15:00,110665.61,111646.71,109606.27,111143.02,7929
16-10-2025 15:30,111143.52,111698.05,111017.61,111347.44,5639
16-10-2025 16:00,111347.44,111648.35,111245.47,111463.33,4725
16-10-2025 16:30,111464.95,111563.85,111069.84,111111.32,6039
16-10-2025 17:00,111111.32,111418.96,110992.13,111402.42,3976
16-10-2025 17:30,111402.42,111973.22,111335.66,111417.93,4557
16-10-2025 18:00,111420.42,111670.81,111324.93,111517.83,4103
16-10-2025 18:30,111515.38,111555.36,110883.03,111147.81,5255
16-10-2025 19:00,111147.81,111500.62,110674.18,110854.76,7422
16-10-2025 19:30,110852.17,110928.12,109729.04,110338.50,7625
16-10-2025 20:00,110338.63,111429.33,110338.52,110531.75,7325
16-10-2025 20:30,110531.25,110741.71,109878.97,110071.46,7636
16-10-2025 21:00,110058.46,110173.43,108353.99,108544.03,7890
16-10-2025 21:30,108541.55,108809.99,107912.53,108131.79,7522
16-10-2025 22:00,108131.79,109276.78,107567.43,109247.31,7665
16-10-2025 22:30,109246.46,109256.70,108344.08,108818.61,8483
16-10-2025 23:00,108818.61,108953.40,108206.69,108274.67,7552
16-10-2025 23:30,108274.67,108302.43,107676.88,107868.85,7664
17-10-2025 00:00,107865.84,108672.01,107828.53,108660.30,8570
17-10-2025 00:30,108660.30,108764.51,107713.37,107939.77,9544
17-10-2025 01:00,107936.81,108573.34,107678.99,108207.20,9397
17-10-2025 01:30,108207.70,108436.11,107783.77,107967.91,8014
17-10-2025 02:00,107964.46,108034.61,107433.97,107831.35,6574
17-10-2025 02:30,107832.57,108197.72,107572.74,108099.75,4183
17-10-2025 03:00,108099.75,108449.49,108089.39,108418.16,5161
17-10-2025 03:30,108418.82,108500.80,107952.40,107962.84,7297
17-10-2025 04:00,107962.84,108059.79,107748.82,107772.82,5958
17-10-2025 04:30,107772.82,108412.65,107711.18,108288.86,6829
17-10-2025 05:00,108287.79,108288.13,107940.57,108169.21,5192
17-10-2025 05:30,108169.21,108482.59,107887.14,108474.30,7686
17-10-2025 06:00,108474.29,108807.84,108277.35,108767.98,5558
17-10-2025 06:30,108773.98,109101.68,108721.13,108798.44,7020
17-10-2025 07:00,108798.44,108893.86,108482.07,108816.01,6815
17-10-2025 07:30,108825.15,108832.95,108365.11,108412.62,5098
17-10-2025 08:00,108412.62,109055.26,108377.07,108962.41,4202
17-10-2025 08:30,108962.41,109096.27,108894.83,109031.53,6726
17-10-2025 09:00,109031.57,109218.41,108879.03,109163.45,6779
17-10-2025 09:30,109163.45,109227.22,108917.90,108956.40,4181
17-10-2025 10:00,108956.40,109057.54,108751.82,108761.25,5725
17-10-2025 10:30,108760.55,108898.25,108694.56,108796.49,5903
17-10-2025 11:00,108796.70,108840.95,108270.85,108357.37,6862
17-10-2025 11:30,108357.96,108492.59,107746.85,107785.35,7287
17-10-2025 12:00,107785.35,107855.52,106646.58,106716.29,7108
17-10-2025 12:30,106716.29,106871.94,106118.57,106266.97,6722
17-10-2025 13:00,106266.29,106275.31,105480.96,105581.00,7615
17-10-2025 13:30,105581.75,105612.25,104449.03,105134.43,6875
17-10-2025 14:00,105125.18,105671.01,104699.11,104838.43,7399
17-10-2025 14:30,104838.43,105274.62,104766.54,105052.07,6422
17-10-2025 15:00,105052.07,105590.25,104477.16,104489.16,6558
17-10-2025 15:30,104489.16,104786.09,103486.56,103955.17,7048
17-10-2025 16:00,103952.35,104858.18,103903.41,104700.09,6226
17-10-2025 16:30,104698.09,106514.05,104622.88,106198.49,7561
17-10-2025 17:00,106201.46,106273.17,105430.09,105636.69,7085
17-10-2025 17:30,105635.93,106028.19,105475.35,105565.25,6071
17-10-2025 18:00,105565.75,105760.74,105190.21,105309.36,5942
17-10-2025 18:30,105308.86,105599.47,104859.10,105479.48,6363
17-10-2025 19:00,105481.69,106144.50,104935.46,105813.36,7417
17-10-2025 19:30,105813.37,105973.60,104957.96,105046.63,7432
17-10-2025 20:00,105046.67,105728.20,104510.62,105133.93,7028
17-10-2025 20:30,105133.93,106196.54,105059.42,106063.98,6604
17-10-2025 21:00,106064.01,106816.80,105619.68,106757.28,6528
17-10-2025 21:30,106757.28,107491.09,106638.28,106761.39,7072
17-10-2025 22:00,106758.15,106884.74,106204.95,106347.43,6115
17-10-2025 22:30,106347.43,106704.70,106165.30,106197.03,6601
17-10-2025 23:00,106196.19,106556.86,106044.08,106424.34,6306
17-10-2025 23:30,106424.34,106948.52,106419.44,106859.14,6595
18-10-2025 00:00,106858.50,107078.35,106488.43,106630.23,5433
18-10-2025 00:30,106630.23,106873.31,106479.58,106582.83,5344
18-10-2025 01:00,106583.59,106623.76,106206.37,106436.40,6271
18-10-2025 01:30,106436.40,107048.80,106315.59,107012.56,4333
18-10-2025 02:00,107012.23,107161.12,106893.05,106989.77,3783
18-10-2025 02:30,106991.17,107434.14,106989.31,107421.51,4235
18-10-2025 03:00,107421.51,107441.50,107201.69,107289.10,2901
18-10-2025 03:30,107289.10,107417.52,107001.14,107137.22,3027
18-10-2025 04:00,107137.22,107152.62,106815.79,106981.19,3160
18-10-2025 04:30,106981.19,106989.88,106567.04,106585.33,3351
18-10-2025 05:00,106585.33,106687.70,106381.15,106425.55,3759
18-10-2025 05:30,106424.95,106839.99,106312.18,106744.85,5083
18-10-2025 06:00,106744.85,106839.74,106574.40,106837.57,3501
18-10-2025 06:30,106839.24,107280.57,106810.65,107280.57,4150
18-10-2025 07:00,107283.87,107301.99,107013.22,107142.97,3621
18-10-2025 07:30,107142.97,107297.09,106830.82,106992.91,2667
18-10-2025 08:00,106992.91,107093.30,106494.88,106589.98,2713
18-10-2025 08:30,106589.98,106987.18,106570.71,106956.08,2955
18-10-2025 09:00,106956.08,107128.13,106930.11,107076.60,3494
18-10-2025 09:30,107076.60,107083.14,106462.36,106665.80,2618
18-10-2025 10:00,106665.80,106708.66,106442.91,106468.33,2389
18-10-2025 10:30,106468.33,106684.01,106468.33,106588.54,2439
18-10-2025 11:00,106587.64,106851.89,106501.87,106812.68,3084
18-10-2025 11:30,106812.68,106955.56,106712.84,106860.23,2245
18-10-2025 12:00,106860.23,106921.83,106734.27,106846.79,1513
18-10-2025 12:30,106846.79,107494.41,106846.74,107078.28,3344
18-10-2025 13:00,107078.28,107253.67,107016.93,107205.60,1551
18-10-2025 16:00,106959.70,106978.20,106785.45,106921.57,765
18-10-2025 16:30,106919.69,106967.09,106768.90,106905.22,3159
18-10-2025 17:00,106905.22,107227.59,106868.02,107213.59,3248
18-10-2025 17:30,107213.59,107296.07,107059.18,107107.13,2035
18-10-2025 18:00,107107.24,107113.48,106958.21,107065.75,2633
18-10-2025 18:30,107065.75,107103.33,106908.34,107010.82,4190
18-10-2025 19:00,107010.82,107010.82,106803.53,106889.66,3261
18-10-2025 19:30,106889.66,106983.84,106727.06,106914.21,3578
18-10-2025 20:00,106914.21,107121.13,106898.73,107037.16,2974
18-10-2025 20:30,107036.66,107153.54,106966.06,106970.00,3443
18-10-2025 21:00,106970.00,106987.21,106814.44,106947.15,3505
18-10-2025 21:30,106947.15,107060.83,106712.78,106815.75,3169
18-10-2025 22:00,106815.75,106815.75,106468.91,106649.09,3419
18-10-2025 22:30,106649.09,106954.95,106557.49,106935.15,4125
18-10-2025 23:00,106935.15,106955.39,106746.29,106863.74,3453
18-10-2025 23:30,106863.74,106912.39,106711.20,106793.26,2677
19-10-2025 00:00,106793.26,106875.12,106785.25,106846.28,1963
19-10-2025 00:30,106846.28,107002.88,106767.07,106978.83,2721
19-10-2025 01:00,106978.83,107095.12,106908.17,107075.54,2633
19-10-2025 01:30,107075.54,107264.21,106983.96,107239.53,3194
19-10-2025 02:00,107239.53,107338.92,107002.63,107002.63,2593
19-10-2025 02:30,107002.70,107104.52,106829.27,107098.60,2747
19-10-2025 03:00,107098.60,107227.82,107050.31,107162.50,2176
19-10-2025 03:30,107161.61,107290.78,107088.18,107241.30,3000
19-10-2025 04:00,107241.81,107258.42,107060.30,107115.65,2349
19-10-2025 04:30,107111.18,107176.81,107003.17,107048.18,1758
19-10-2025 05:00,107048.18,107197.73,107048.17,107166.04,1546
19-10-2025 05:30,107166.04,107256.66,106987.16,107074.01,3080
19-10-2025 06:00,107074.01,107085.47,106739.21,106891.33,2701
19-10-2025 06:30,106891.33,106985.35,106747.41,106952.74,1592
19-10-2025 07:00,106952.74,106984.05,106868.28,106965.41,2253
19-10-2025 07:30,106965.36,106990.62,106867.43,106875.90,2872
19-10-2025 08:00,106875.90,106928.02,106806.83,106836.66,2397
19-10-2025 08:30,106837.26,107146.28,106785.30,107133.25,3470
19-10-2025 09:00,107133.25,107363.55,107110.89,107261.60,4645
19-10-2025 09:30,107261.60,107279.59,106977.60,107064.05,4062
19-10-2025 10:00,107063.40,107171.01,107010.66,107036.61,2011
19-10-2025 10:30,107044.44,107177.77,106889.31,106950.26,3007
19-10-2025 11:00,106950.26,107026.07,106805.63,106873.00,2193
19-10-2025 11:30,106873.00,106906.23,106759.16,106798.81,2230
19-10-2025 12:00,106798.81,106809.98,106550.85,106763.81,3961
19-10-2025 12:30,106763.81,106909.57,106720.98,106828.29,2978
19-10-2025 13:00,106828.29,106877.25,106677.03,106769.76,3022
19-10-2025 13:30,106769.76,107183.47,106293.43,106688.14,4965
19-10-2025 14:00,106688.14,106706.47,106259.83,106421.25,6239
19-10-2025 14:30,106421.25,106450.40,106085.50,106140.38,5725
19-10-2025 15:00,106140.38,108181.29,106134.17,107384.94,6191
19-10-2025 15:30,107387.63,107857.85,106979.94,107781.53,6798
19-10-2025 16:00,107781.53,107877.33,107489.23,107875.41,5910
19-10-2025 16:30,107876.33,108233.61,107767.82,107833.34,4036
19-10-2025 17:00,107833.34,107981.13,107627.08,107774.86,3731
19-10-2025 17:30,107774.86,107852.86,107465.42,107500.98,3493
19-10-2025 18:00,107498.98,107712.12,107433.06,107579.44,3299
19-10-2025 18:30,107604.52,107646.24,107358.51,107496.54,1668
19-10-2025 19:00,107496.54,108220.66,107483.98,108083.27,6859
19-10-2025 19:30,108083.60,108498.23,107882.51,108396.99,8621
19-10-2025 20:00,108395.87,108504.22,108146.84,108401.28,7040
19-10-2025 20:30,108400.48,108625.50,108371.20,108479.59,6095
19-10-2025 21:00,108479.59,108523.70,108315.07,108488.47,4096
19-10-2025 21:30,108486.14,108524.17,108234.85,108342.44,3175
19-10-2025 22:00,108342.44,108955.43,108263.73,108620.93,4940
19-10-2025 22:30,108616.95,109441.74,108607.27,109054.61,7131
19-10-2025 23:00,109054.61,109266.85,109015.50,109117.99,4658
19-10-2025 23:30,109116.16,109379.13,109039.07,109228.58,4038
20-10-2025 00:00,109228.48,109457.05,109152.37,109389.88,3864
20-10-2025 00:30,109389.88,109389.88,108913.39,109141.81,4816
20-10-2025 01:00,109146.44,109147.76,108797.33,108907.39,4350
20-10-2025 01:30,108907.40,109000.00,108806.44,108943.73,4476
20-10-2025 02:00,108943.73,108994.10,108822.63,108844.15,4144
20-10-2025 02:30,108844.27,108877.13,108608.53,108621.41,3353
20-10-2025 03:00,108621.41,108781.66,108614.22,108754.02,2458
20-10-2025 03:30,108754.02,109260.81,108754.02,109187.93,6074
20-10-2025 04:00,109191.06,109374.43,109105.33,109145.64,4500
20-10-2025 04:30,109145.03,109147.49,108678.22,108780.23,4401
20-10-2025 05:00,108780.81,108826.24,108461.08,108641.31,5030
20-10-2025 05:30,108634.37,108643.16,107507.15,107658.41,6351
20-10-2025 06:00,107655.41,108095.13,107413.01,108054.91,5307
20-10-2025 06:30,108055.25,108281.86,107894.92,108122.52,7031
20-10-2025 07:00,108122.52,108234.18,107946.32,108050.75,6734
20-10-2025 07:30,108051.04,108517.06,107840.97,108448.29,7176
20-10-2025 08:00,108450.85,108971.77,108302.40,108765.12,6991
20-10-2025 08:30,108765.12,108964.84,108551.91,108759.98,5819
20-10-2025 09:00,108761.52,110415.59,108645.31,110137.71,7401
20-10-2025 09:30,110136.50,110517.07,109928.52,110057.68,8186
20-10-2025 10:00,110057.68,110463.42,110052.16,110420.77,7065
20-10-2025 10:30,110420.77,110737.19,110274.37,110555.24,6416
20-10-2025 11:00,110555.24,111111.64,110533.85,111016.49,7303
20-10-2025 11:30,111019.01,111293.33,110990.46,111043.76,8016
20-10-2025 12:00,111043.76,111374.45,111034.73,111288.71,6992
20-10-2025 12:30,111288.71,111405.50,111098.66,111346.32,5943
20-10-2025 13:00,111346.32,111349.47,111054.61,111185.02,4116
20-10-2025 13:30,111188.39,111258.63,110944.51,111256.25,2521
20-10-2025 14:00,111256.25,111653.07,111064.96,111082.13,4843
20-10-2025 14:30,111083.71,111184.00,110722.77,110807.99,3618
20-10-2025 15:00,110807.99,111002.26,110694.78,110960.84,2809
20-10-2025 15:30,110960.84,111058.11,110859.13,111013.62,2660
20-10-2025 16:00,111013.59,111098.37,110647.54,110733.46,5441
20-10-2025 16:30,110733.46,110893.12,110612.80,110797.37,4458
20-10-2025 17:00,110797.37,111026.21,110702.95,111014.36,4092
20-10-2025 17:30,111011.47,111090.08,110857.07,111053.86,4054
20-10-2025 18:00,111053.86,111197.50,110759.81,110835.36,4783
20-10-2025 18:30,110834.85,110877.03,110566.64,110731.93,4341
20-10-2025 19:00,110731.93,111193.05,110605.03,111155.02,8069
20-10-2025 19:30,111153.98,111257.54,110690.14,111236.01,7708
20-10-2025 20:00,111228.01,111368.03,110959.98,111202.99,6697
20-10-2025 20:30,111202.99,111604.84,111001.07,111286.09,5260
20-10-2025 21:00,111286.81,111703.34,111115.52,111141.51,8753
20-10-2025 21:30,111137.04,111307.04,110592.69,110984.58,6106
20-10-2025 22:00,110987.58,110987.58,110124.93,110686.65,7467
20-10-2025 22:30,110685.51,111082.08,110289.08,110358.85,4896
20-10-2025 23:00,110358.85,110484.86,109839.52,110281.36,5814
20-10-2025 23:30,110281.36,110672.24,110209.12,110652.83,5271
21-10-2025 00:00,110651.26,110958.57,110555.49,110912.73,5250
21-10-2025 00:30,110912.73,111056.58,110521.77,110793.66,4129
21-10-2025 01:00,110793.66,110950.10,110701.01,110804.07,4283
21-10-2025 01:30,110797.65,111247.04,110643.94,111028.07,3884
21-10-2025 02:00,111028.07,111130.03,110916.88,111088.41,3625
21-10-2025 02:30,111088.41,111252.43,110766.14,110871.00,4282
21-10-2025 03:00,110871.00,110877.13,110455.78,110549.24,2111
21-10-2025 03:30,110549.24,110777.25,110398.31,110658.21,2753
21-10-2025 04:00,110658.21,110869.14,110654.21,110794.16,3035
21-10-2025 04:30,110794.16,110823.72,110525.02,110753.71,3359
21-10-2025 05:00,110753.71,110755.47,110508.66,110534.20,4668
21-10-2025 05:30,110531.44,110543.20,110151.34,110325.06,5691
21-10-2025 06:00,110325.97,110522.88,110251.55,110436.29,4096
21-10-2025 06:30,110434.79,110484.31,110104.21,110276.37,4050
21-10-2025 07:00,110276.35,110302.96,109613.03,109850.54,3790
21-10-2025 07:30,109852.51,109913.51,109303.75,109473.41,4699
21-10-2025 08:00,109473.29,109745.19,109364.58,109509.67,3172
21-10-2025 08:30,109509.67,109616.68,109270.25,109446.22,3189
21-10-2025 09:00,109446.22,109569.73,109056.35,109057.88,4539
21-10-2025 09:30,109057.88,109057.88,107988.76,108224.70,7258
21-10-2025 10:00,108224.70,108224.70,107642.45,107778.00,5149
21-10-2025 10:30,107777.88,107975.29,107534.11,107886.35,6484
21-10-2025 11:00,107886.35,107967.18,107455.64,107537.90,6136
21-10-2025 11:30,107537.97,108192.02,107488.69,107969.51,5350
21-10-2025 12:00,107969.51,108109.10,107835.98,107908.20,6002
21-10-2025 12:30,107902.13,108031.27,107636.64,108025.29,3981
21-10-2025 13:00,108022.81,108190.51,107944.59,108056.74,4473
21-10-2025 13:30,108055.31,108087.25,107703.38,107837.77,5145
21-10-2025 14:00,107839.11,107844.11,107466.70,107687.14,6124
21-10-2025 14:30,107688.17,107859.34,107527.67,107768.19,5298
21-10-2025 15:00,107768.19,107862.85,107645.24,107741.29,3101
21-10-2025 15:30,107741.29,107900.85,107558.99,107631.90,3954
21-10-2025 16:00,107633.55,108812.46,107609.96,108485.06,5457
21-10-2025 16:30,108485.07,108506.09,108141.51,108324.48,4123
21-10-2025 17:00,108325.37,108624.00,108222.69,108566.46,4803
21-10-2025 17:30,108566.46,109458.73,108453.37,109117.35,5357
21-10-2025 18:00,109117.35,109467.88,108753.88,108777.01,7116
21-10-2025 18:30,108775.13,108890.33,107927.24,108705.81,7602
21-10-2025 19:00,108704.95,108878.98,108157.89,108425.61,8163
21-10-2025 19:30,108430.15,110590.74,108404.60,109712.61,6374
21-10-2025 20:00,109703.61,112311.89,109664.55,112194.81,8423
21-10-2025 20:30,112194.81,113168.83,111737.26,112987.78,7593
21-10-2025 21:00,112987.78,113565.82,112730.86,113439.77,6986
21-10-2025 21:30,113443.30,113878.69,113116.23,113699.08,6134
21-10-2025 22:00,113699.08,114024.24,112476.47,112549.98,6282
21-10-2025 22:30,112562.28,113005.92,111819.50,112393.66,7481
21-10-2025 23:00,112396.53,112599.96,111985.34,112020.73,6021
21-10-2025 23:30,112020.73,112315.56,111793.74,111862.74,5639
22-10-2025 00:00,111862.74,112054.12,111366.09,112000.88,6250
22-10-2025 00:30,112000.88,112227.61,111646.70,111730.97,4805
22-10-2025 01:00,111730.97,112052.68,111573.22,111801.06,4322
22-10-2025 01:30,111801.06,111817.25,110596.19,110847.64,6412
22-10-2025 02:00,110847.64,111116.68,110701.51,110809.15,6218
22-10-2025 02:30,110813.02,111132.68,110147.43,110521.79,6773
22-10-2025 03:00,110521.79,110993.14,110401.48,110838.35,4157
22-10-2025 03:30,110838.35,110838.35,109584.05,109642.15,5333
22-10-2025 04:00,109642.15,109826.46,108410.12,109072.99,7305
22-10-2025 04:30,109073.97,109449.70,108960.53,109135.34,6878
22-10-2025 05:00,109139.78,109139.78,108073.93,108308.15,6960
22-10-2025 05:30,108308.80,108640.54,107887.77,108017.74,5546
22-10-2025 06:00,108017.74,108344.44,107851.79,107990.78,6012
22-10-2025 06:30,107990.78,108465.39,107990.78,108171.63,5043
22-10-2025 07:00,108171.63,108479.04,108040.47,108365.78,5769
22-10-2025 07:30,108365.73,108690.98,108332.02,108607.87,5554
22-10-2025 08:00,108607.30,108608.97,108214.95,108215.53,5001
22-10-2025 08:30,108215.82,108237.69,107874.80,108166.37,4281
22-10-2025 09:00,108166.37,108236.68,107966.29,108234.68,4503
22-10-2025 09:30,108234.71,108565.08,108172.41,108400.03,4663
22-10-2025 10:00,108400.03,108651.15,108374.38,108634.48,4692
22-10-2025 10:30,108632.08,108662.01,107958.41,108061.93,5326
22-10-2025 11:00,108060.88,108225.69,107898.42,108194.70,4254
22-10-2025 11:30,108194.70,108362.14,108055.94,108266.73,3291
22-10-2025 12:00,108266.73,108318.70,107959.43,107996.78,3379
22-10-2025 12:30,107996.78,108031.56,107617.52,108004.54,5435
22-10-2025 13:00,108003.12,108342.67,107973.61,108342.40,5579
22-10-2025 13:30,108342.40,108374.35,108091.61,108280.04,3919
22-10-2025 14:00,108280.04,108376.13,108146.81,108246.80,5006
22-10-2025 14:30,108246.80,108286.18,107870.52,108218.61,5090
22-10-2025 15:00,108218.61,108292.18,107775.41,107971.34,5429
22-10-2025 15:30,107971.34,108129.23,107831.19,107944.80,5733
22-10-2025 16:00,107944.80,107999.80,107632.31,107653.78,3779
22-10-2025 16:30,107658.40,108218.72,106758.02,107818.27,6716
22-10-2025 17:00,107818.48,108004.94,107345.34,107554.95,6300
22-10-2025 17:30,107554.95,108125.70,107447.96,107992.93,4416
22-10-2025 18:00,107992.90,108402.69,107921.21,108048.36,5304
22-10-2025 18:30,108048.36,108419.65,107929.86,108127.42,5619
22-10-2025 19:00,108127.21,109029.41,107635.38,108797.94,7182
22-10-2025 19:30,108796.44,108819.48,107499.40,107930.84,7644
22-10-2025 20:00,107929.66,108983.92,107633.89,108912.93,6767
22-10-2025 20:30,108917.23,109134.14,107726.14,107853.88,6248
22-10-2025 21:00,107853.88,108631.47,107720.89,108383.07,6642
22-10-2025 21:30,108381.62,108640.33,108031.75,108506.51,5931
22-10-2025 22:00,108506.51,108770.30,107824.80,108186.72,6182
22-10-2025 22:30,108186.72,108304.41,107824.41,107916.05,4929
22-10-2025 23:00,107915.25,108213.70,107537.34,107746.72,4664
22-10-2025 23:30,107746.60,108034.01,107418.96,107983.04,4597
23-10-2025 00:00,107983.04,108179.39,107835.68,107994.04,4418
23-10-2025 00:30,107994.02,108372.61,107890.63,108073.25,3968
23-10-2025 01:00,108073.25,108206.57,107705.85,107811.33,4015
23-10-2025 01:30,107814.84,108028.33,107576.93,107588.84,4040
23-10-2025 02:00,107588.84,107886.21,107467.45,107658.20,3089
23-10-2025 02:30,107658.20,107720.89,106666.80,106749.87,6001
23-10-2025 03:00,106745.82,107296.26,106707.69,107171.13,4722
23-10-2025 03:30,107171.13,107650.44,106887.29,107021.16,4901
23-10-2025 04:00,107021.16,107307.82,106957.86,107161.07,5799
23-10-2025 04:30,107161.07,107859.90,107127.40,107762.53,4501
23-10-2025 05:00,107764.07,107915.84,107526.92,107542.46,2846
23-10-2025 05:30,107542.46,107794.88,107468.46,107568.94,4052
23-10-2025 06:00,107568.94,107948.29,107542.96,107832.22,4576
23-10-2025 06:30,107832.85,108469.93,107782.09,108192.17,5437
23-10-2025 07:00,108192.17,108332.85,108116.73,108142.61,4439
23-10-2025 07:30,108142.61,108386.79,108047.25,108179.21,3118
23-10-2025 08:00,108179.33,108392.64,108163.01,108392.64,4045
23-10-2025 08:30,108392.64,108699.50,108315.58,108686.01,3326
23-10-2025 09:00,108686.01,108704.37,108304.78,108352.68,3547
23-10-2025 09:30,108352.68,108600.54,108335.12,108544.56,2019
23-10-2025 10:00,108544.74,108926.10,108445.68,108626.92,2391
23-10-2025 10:30,108626.94,108826.46,108603.80,108760.17,1891
23-10-2025 11:00,108760.17,108974.98,108633.18,108942.54,1949
23-10-2025 11:30,108940.90,110187.25,108841.16,109869.64,5956
23-10-2025 12:00,109867.81,110299.70,109773.29,110247.33,6991
23-10-2025 12:30,110247.97,110277.23,109376.08,109541.37,5189
23-10-2025 13:00,109541.37,109605.58,109202.82,109248.44,4265
23-10-2025 13:30,109248.44,109893.03,109225.73,109769.34,4231
23-10-2025 14:00,109771.09,109793.61,109382.32,109494.98,3075
23-10-2025 14:30,109494.98,109534.23,109104.05,109404.32,3516
23-10-2025 15:00,109404.32,109468.70,109272.26,109412.27,2286
23-10-2025 15:30,109416.83,109697.92,109384.82,109509.68,2996
23-10-2025 16:00,109509.68,109594.17,109367.18,109422.21,3772
23-10-2025 16:30,109422.21,109648.12,109290.23,109518.19,3027
23-10-2025 17:00,109518.19,109549.66,109099.81,109241.65,4465
23-10-2025 17:30,109241.28,109241.28,108672.00,109110.08,6102
23-10-2025 18:00,109110.53,109180.15,108768.91,109154.33,4516
23-10-2025 18:30,109154.33,109207.95,108778.96,109116.68,3775
23-10-2025 19:00,109116.68,109610.52,108991.37,109492.04,5230
23-10-2025 19:30,109494.78,109541.37,108715.47,109296.49,7240
23-10-2025 20:00,109296.49,109814.60,109244.26,109587.76,6106
23-10-2025 20:30,109587.76,110086.11,109479.08,109790.56,5914
23-10-2025 21:00,109780.81,110105.44,109614.00,109899.70,5496
23-10-2025 21:30,109899.70,110106.99,109764.07,109815.81,3581
23-10-2025 22:00,109815.81,110562.28,109635.24,110253.38,4271
23-10-2025 22:30,110254.38,110273.87,109648.09,110208.93,4105
23-10-2025 23:00,110208.93,111297.29,110107.87,111234.73,6027
23-10-2025 23:30,111240.48,111294.72,110523.55,110528.40,5022
24-10-2025 00:00,110528.40,110619.93,110254.47,110569.15,4673
24-10-2025 00:30,110569.15,110634.25,110098.43,110541.28,4435
24-10-2025 01:00,110541.28,110549.22,110200.37,110202.39,3057
24-10-2025 01:30,110202.39,110208.39,109782.04,109958.32,2781
24-10-2025 02:00,109958.32,110049.49,109371.18,109520.17,4049
24-10-2025 02:30,109520.17,109723.70,109402.70,109650.37,2540
24-10-2025 03:00,109650.37,109674.15,109353.61,109538.87,3170
24-10-2025 03:30,109538.87,109998.01,109517.67,109998.01,1762
24-10-2025 04:00,109998.01,110155.16,109876.04,109941.40,2541
24-10-2025 04:30,109941.94,110105.95,109833.01,110065.95,2225
24-10-2025 05:00,110065.95,110085.97,109957.00,110071.98,2325
24-10-2025 05:30,110071.98,110438.30,109986.52,110155.91,3821
24-10-2025 06:00,110155.92,110697.24,110119.79,110500.31,4084
24-10-2025 06:30,110501.25,110667.24,110133.42,110240.72,3489
24-10-2025 07:00,110239.75,110674.02,110193.88,110575.28,4069
24-10-2025 07:30,110575.28,110599.74,110335.82,110412.21,2232
24-10-2025 08:00,110412.21,110805.18,110378.05,110560.72,3271
24-10-2025 08:30,110562.29,110633.72,110431.92,110454.77,2809
24-10-2025 09:00,110454.77,110492.05,110260.26,110443.76,3198
24-10-2025 09:30,110443.76,111006.09,110329.85,110959.58,2892
24-10-2025 10:00,110959.59,111463.42,110945.09,111164.01,4404
24-10-2025 10:30,111164.01,111221.60,110930.43,110996.05,2297
24-10-2025 11:00,110996.05,111309.55,110960.29,111245.49,2696
24-10-2025 11:30,111245.49,111337.98,111120.49,111313.40,2572
24-10-2025 12:00,111313.38,111496.24,111296.59,111455.02,2680
24-10-2025 12:30,111455.02,111527.69,111071.93,111208.99,2628
24-10-2025 13:00,111207.99,111255.49,110768.62,111050.73,3470
24-10-2025 13:30,111050.73,111201.27,110785.65,110802.66,3188
24-10-2025 14:00,110802.66,111214.03,110678.02,111075.53,4288
24-10-2025 14:30,111075.53,111438.81,110978.46,111425.54,2877
24-10-2025 15:00,111425.64,111488.10,111218.61,111325.95,3435
24-10-2025 15:30,111325.95,111325.96,111049.57,111068.79,1821
24-10-2025 16:00,111068.84,111261.47,111068.84,111113.03,2545
24-10-2025 16:30,111113.03,111264.59,111053.25,111108.46,3863
24-10-2025 17:00,111108.22,111111.16,110585.61,111056.21,4138
24-10-2025 17:30,111053.61,111280.29,110857.64,110972.43,4133
24-10-2025 18:00,110968.29,112051.71,110887.88,111288.28,6604
24-10-2025 18:30,111288.28,111426.96,111123.26,111220.41,4650
24-10-2025 19:00,111222.85,111306.99,110375.80,110928.43,7695
24-10-2025 19:30,110927.66,110928.43,109696.58,109973.73,6264
24-10-2025 20:00,109972.74,110177.83,109731.06,110172.44,6490
24-10-2025 20:30,110172.44,110597.24,109991.32,110564.23,4742
24-10-2025 21:00,110564.23,110592.06,109867.21,110026.06,5384
24-10-2025 21:30,110026.06,110367.10,109768.03,110326.73,6562
24-10-2025 22:00,110326.73,110334.82,109884.99,110242.82,3752
24-10-2025 22:30,110242.82,110556.77,110155.86,110473.86,5186
24-10-2025 23:00,110473.86,110479.29,110187.34,110189.90,4183
24-10-2025 23:30,110189.90,110616.86,110121.77,110484.83,4573
25-10-2025 00:00,110486.75,110603.44,110377.79,110577.32,4122
25-10-2025 00:30,110577.32,110917.31,110573.29,110904.43,4745
25-10-2025 01:00,110904.43,110915.74,110476.31,110579.75,4539
25-10-2025 01:30,110579.75,110771.11,110441.19,110712.69,3196
25-10-2025 02:00,110712.69,110996.30,110633.10,110871.62,3680
25-10-2025 02:30,110922.93,111024.77,110610.81,110870.37,3396
25-10-2025 03:00,110870.37,111098.04,110827.62,111070.70,3634
25-10-2025 03:30,111068.91,111089.55,110898.15,111055.49,3878
25-10-2025 04:00,111055.49,111126.55,110941.60,110999.99,2529
25-10-2025 04:30,110999.99,111064.80,110863.63,111020.57,2010
25-10-2025 05:00,111020.57,111111.29,110924.59,110997.74,2060
25-10-2025 05:30,110997.74,111035.98,110778.48,110833.14,2017
25-10-2025 06:00,110833.14,110935.60,110652.64,110753.92,2865
25-10-2025 06:30,110753.92,111133.30,110731.76,111087.54,2447
25-10-2025 07:00,111087.54,111217.22,110910.94,111059.95,3371
25-10-2025 07:30,111059.95,111087.58,110934.83,110990.08,1987
25-10-2025 08:00,110990.08,111119.81,110948.58,111017.76,1522
25-10-2025 08:30,111017.76,111119.27,110995.65,111071.26,1434
25-10-2025 09:00,111071.34,111095.05,110978.48,111005.33,2248
25-10-2025 09:30,111005.33,111434.41,111005.33,111275.44,2217
25-10-2025 10:00,111275.44,111353.77,111199.14,111206.99,1983
25-10-2025 10:30,111206.99,111237.60,111062.61,111162.16,2080
25-10-2025 11:00,111163.51,111406.93,111163.51,111362.93,1531
25-10-2025 11:30,111362.93,111468.89,111273.99,111291.96,1496
25-10-2025 12:00,111291.96,111405.58,111234.96,111341.61,1376
25-10-2025 12:30,111341.61,111687.80,111341.61,111625.32,2055
25-10-2025 13:00,111625.32,111787.82,111415.86,111472.34,2572
25-10-2025 13:30,111472.34,111691.33,111461.20,111639.32,2595
25-10-2025 14:00,111639.32,111772.66,111511.41,111747.54,2164
25-10-2025 14:30,111747.54,111819.25,111577.81,111649.87,2627
25-10-2025 15:00,111649.96,111727.79,111465.73,111500.40,2296
25-10-2025 15:30,111500.40,111571.70,111355.74,111486.89,2632
25-10-2025 16:00,111486.89,111706.18,111431.89,111532.95,2864
25-10-2025 16:30,111532.88,111613.93,111455.11,111611.42,2408
25-10-2025 17:00,111611.42,111656.57,111540.11,111554.47,2652
25-10-2025 17:30,111554.47,111689.53,111508.86,111685.34,1924
25-10-2025 18:00,111685.34,111921.45,111622.82,111876.47,2908
25-10-2025 18:30,111876.47,111909.21,111657.28,111755.18,2963
25-10-2025 19:00,111755.18,111769.46,111494.64,111662.82,3207
25-10-2025 19:30,111662.82,111743.45,111606.98,111606.98,2030
25-10-2025 20:00,111606.98,111628.88,111500.75,111567.55,1900
25-10-2025 20:30,111567.55,111568.19,111375.92,111452.70,3125
25-10-2025 21:00,111452.79,111528.94,111305.15,111360.73,3548
25-10-2025 21:30,111360.73,111428.68,111109.95,111202.78,4694
25-10-2025 22:00,111202.78,111456.72,111202.78,111361.30,4579
25-10-2025 22:30,111361.85,111440.86,111308.36,111335.69,4547
25-10-2025 23:00,111335.69,111363.67,111269.36,111358.60,4032
25-10-2025 23:30,111358.60,111584.95,111295.72,111581.07,3706
26-10-2025 00:00,111580.31,111717.61,111563.75,111695.10,5554
26-10-2025 00:30,111694.83,111695.90,111581.51,111624.95,4364
26-10-2025 01:00,111624.95,111699.83,111553.47,111599.50,4415
26-10-2025 01:30,111599.55,111637.59,111496.51,111512.59,3835
26-10-2025 02:00,111512.59,111513.51,111333.35,111409.08,2064
26-10-2025 02:30,111409.37,111443.36,111359.73,111385.43,2545
26-10-2025 03:00,111377.42,111456.56,111318.64,111455.40,2331
26-10-2025 03:30,111455.40,111498.57,111379.41,111487.41,3112
26-10-2025 04:00,111487.41,111669.82,111487.41,111597.86,3658
26-10-2025 04:30,111597.86,111659.76,111515.88,111611.49,3225
26-10-2025 05:00,111611.49,111647.54,111502.18,111621.56,3522
26-10-2025 05:30,111621.70,111743.49,111515.67,111707.99,5049
26-10-2025 06:00,111707.99,111890.24,111668.76,111698.68,4753
26-10-2025 06:30,111698.26,111824.23,111671.36,111695.68,3756
26-10-2025 07:00,111695.71,111781.21,111507.84,111613.55,3163
26-10-2025 07:30,111613.55,111643.35,111446.07,111641.31,4056
26-10-2025 08:00,111641.31,111666.33,111385.39,111431.45,3050
26-10-2025 08:30,111431.45,111486.30,111355.43,111470.46,4666
26-10-2025 09:00,111470.46,111470.46,111222.35,111244.62,3903
26-10-2025 09:30,111244.63,111393.92,111222.77,111372.85,2867
26-10-2025 10:00,111372.85,111467.02,111372.45,111407.51,3311
26-10-2025 10:30,111407.51,111489.42,111337.75,111473.80,3289
26-10-2025 11:00,111473.80,111619.47,111452.68,111576.64,2788
26-10-2025 11:30,111576.64,111601.89,111506.44,111600.84,2413
26-10-2025 12:00,111600.84,111651.33,111548.06,111596.68,2687
26-10-2025 12:30,111596.68,111678.35,111581.69,111618.51,2072
26-10-2025 13:00,111618.51,111705.28,111617.42,111705.20,2368
26-10-2025 13:30,111705.18,111816.93,111704.63,111774.40,2931
26-10-2025 14:00,111775.08,111821.59,111729.49,111748.78,3124
26-10-2025 14:30,111748.78,112707.40,111685.79,112639.43,3564
26-10-2025 15:00,112639.43,112757.22,112193.60,112507.59,5228
26-10-2025 15:30,112510.70,112557.16,112278.05,112305.06,3939
26-10-2025 16:00,112304.55,112480.40,112151.85,112455.00,3358
26-10-2025 16:30,112455.00,112729.27,112399.51,112664.41,5369
26-10-2025 17:00,112664.41,113438.16,112645.85,113257.23,5265
26-10-2025 17:30,113257.23,113789.63,113243.19,113604.04,6109
26-10-2025 18:00,113604.04,113724.71,113440.57,113543.49,5425
26-10-2025 18:30,113543.49,113647.64,113229.43,113596.16,5171
26-10-2025 19:00,113596.16,113971.04,113491.04,113677.25,7441
26-10-2025 19:30,113675.63,113852.67,113578.40,113660.75,8470
26-10-2025 20:00,113660.75,113852.09,113496.52,113507.54,7211
26-10-2025 20:30,113507.54,113548.25,113372.35,113460.86,6348
26-10-2025 21:00,113460.29,113687.03,113392.90,113648.02,5301
26-10-2025 21:30,113648.02,113690.02,113240.17,113349.88,3778
26-10-2025 22:00,113349.88,113714.04,113269.17,113490.58,3137
26-10-2025 22:30,113476.08,113712.49,113414.98,113597.03,2520
26-10-2025 23:00,113597.03,113622.47,113405.43,113407.15,1952
26-10-2025 23:30,113407.85,113572.05,113405.94,113470.43,3091
27-10-2025 00:00,113470.43,113728.32,113470.43,113550.67,2637
27-10-2025 00:30,113550.54,113674.57,113467.06,113648.53,2657
27-10-2025 01:00,113648.53,113666.07,113514.73,113559.57,3021
27-10-2025 01:30,113559.57,113559.57,113329.65,113329.65,3775
27-10-2025 02:00,113329.65,113458.12,113278.15,113286.65,3265
27-10-2025 02:30,113288.36,113426.88,112871.18,113019.46,2144
27-10-2025 03:00,113019.11,113555.07,112932.73,113451.28,4594
27-10-2025 03:30,113451.41,115427.40,113451.28,114347.74,6950
27-10-2025 04:00,114348.42,114757.09,114267.32,114643.62,6066
27-10-2025 04:30,114643.62,114935.69,114342.21,114359.71,5235
27-10-2025 05:00,114359.71,114691.27,114351.71,114515.68,5810
27-10-2025 05:30,114516.03,114944.00,114324.71,114835.54,6498
27-10-2025 06:00,114837.03,115133.31,114620.13,114719.59,5921
27-10-2025 06:30,114719.30,115194.91,114661.43,115111.71,5230
27-10-2025 07:00,115111.71,115347.88,115009.21,115239.21,4264
27-10-2025 07:30,115239.21,115426.45,114922.50,114925.76,4081
27-10-2025 08:00,114925.76,115031.69,114786.06,114847.04,4703
27-10-2025 08:30,114851.69,115225.33,114800.61,114905.88,4665
27-10-2025 09:00,114905.88,115025.67,114848.47,114939.50,3640
27-10-2025 09:30,114939.50,115204.06,114897.56,115159.99,2910
27-10-2025 10:00,115159.99,115264.00,115143.57,115223.64,2923
27-10-2025 10:30,115223.64,115557.83,115223.47,115516.27,3687
27-10-2025 11:00,115516.27,115604.24,115397.14,115514.27,3808
27-10-2025 11:30,115514.27,115707.16,115313.84,115700.53,3893
27-10-2025 12:00,115700.53,116073.08,115516.07,116015.12,5514
27-10-2025 12:30,116015.12,116343.23,115810.00,115821.15,5130
27-10-2025 13:00,115821.50,115839.19,115455.59,115519.66,4488
27-10-2025 13:30,115519.67,115577.33,115068.72,115093.44,4078
27-10-2025 14:00,115093.44,115388.67,114854.79,114978.09,4278
27-10-2025 14:30,114977.57,115234.39,114777.29,115128.92,4241
27-10-2025 15:00,115128.92,115315.97,115052.67,115204.89,4425
27-10-2025 15:30,115204.89,115506.28,115071.26,115412.82,3759
27-10-2025 16:00,115412.82,115487.28,115334.45,115415.82,3568
27-10-2025 16:30,115415.84,115478.28,115087.93,115242.39,3871
27-10-2025 17:00,115242.39,115486.65,115240.39,115310.85,3801
27-10-2025 17:30,115308.81,115388.38,115131.23,115233.99,3043
27-10-2025 18:00,115234.14,115256.88,114937.47,115017.97,4363
27-10-2025 18:30,115017.97,115220.26,114954.65,115086.44,3431
27-10-2025 19:00,115086.44,115361.33,114531.37,115207.90,6354
27-10-2025 19:30,115207.90,115310.15,114449.24,114944.50,5200
27-10-2025 20:00,114941.65,115011.51,114654.61,114763.72,4622
27-10-2025 20:30,114763.72,115055.43,114735.22,115026.00,4702
27-10-2025 21:00,115026.12,115178.97,114834.04,114915.06,3946
27-10-2025 21:30,114915.06,115364.97,114824.52,115294.36,4132
27-10-2025 22:00,115294.36,115599.41,115231.28,115452.69,4657
27-10-2025 22:30,115452.56,115588.04,115269.86,115281.86,4256
27-10-2025 23:00,115280.48,115681.33,115262.08,115667.72,4513
27-10-2025 23:30,115667.72,115762.63,115312.58,115360.83,4274
28-10-2025 00:00,115360.83,115493.96,115285.01,115311.88,4109
28-10-2025 00:30,115313.36,115315.17,114891.46,114966.31,2575
28-10-2025 01:00,114965.28,115003.50,114744.97,114902.19,2289
28-10-2025 01:30,114898.07,114898.07,114668.41,114678.16,1565
28-10-2025 02:00,114678.16,114725.36,114377.84,114407.99,2371
28-10-2025 02:30,114407.87,114539.27,114091.88,114110.33,2064
28-10-2025 03:00,114110.33,114577.65,114096.97,114257.89,2445
28-10-2025 03:30,114256.09,114543.66,114092.34,114377.84,2085
28-10-2025 04:00,114377.84,114381.72,114017.36,114078.48,3577
28-10-2025 04:30,114078.48,114089.35,113794.00,113987.39,4205
28-10-2025 05:00,113987.39,114172.32,113980.16,114056.37,3447
28-10-2025 05:30,114056.37,114325.75,113861.66,114192.76,3287
28-10-2025 06:00,114192.70,114193.80,113744.96,113918.92,4413
28-10-2025 06:30,113918.92,114258.77,113918.92,114164.96,3301
28-10-2025 07:00,114164.96,114496.70,114053.01,114390.13,3359
28-10-2025 07:30,114388.90,114428.21,113854.21,114067.89,3047
28-10-2025 08:00,114067.89,114092.86,113550.32,113895.21,3118
28-10-2025 08:30,113895.09,114072.36,113687.99,113915.91,3608
28-10-2025 09:00,113916.91,113948.91,113723.30,113866.48,4573
28-10-2025 09:30,113866.48,113922.41,113718.08,113821.31,3919
28-10-2025 10:00,113821.31,114034.90,113751.69,113917.19,3200
28-10-2025 10:30,113917.19,113949.92,113740.64,113909.25,4094
28-10-2025 11:00,113909.25,113909.25,113443.77,113561.05,4406
28-10-2025 11:30,113561.05,113851.98,113561.05,113786.10,3781
28-10-2025 12:00,113786.35,114146.01,113732.92,114070.96,4990
28-10-2025 12:30,114070.96,114279.77,114050.85,114211.33,4076
28-10-2025 13:00,114211.33,114318.26,114065.05,114137.06,2711
28-10-2025 13:30,114137.06,114386.18,114062.36,114322.33,2496
28-10-2025 14:00,114322.33,114433.24,114293.81,114371.72,3430
28-10-2025 14:30,114371.72,114586.66,114146.54,114191.23,3482
28-10-2025 15:00,114191.23,114506.21,114187.28,114478.56,2172
28-10-2025 15:30,114478.56,114505.67,114396.32,114497.34,1936
28-10-2025 16:00,114496.80,114569.70,114380.89,114554.23,1480
28-10-2025 16:30,114554.23,114565.01,114422.26,114507.68,1806
28-10-2025 17:00,114507.68,114620.65,114239.98,114294.27,2567
28-10-2025 17:30,114294.27,114334.64,114086.43,114146.82,2417
28-10-2025 18:00,114146.82,114479.69,114129.82,114410.12,3159
28-10-2025 18:30,114410.22,115124.92,114409.98,115028.67,6849
28-10-2025 19:00,115028.67,115493.28,114835.10,115492.78,6976
28-10-2025 19:30,115492.78,116061.08,115300.93,115893.12,3384
28-10-2025 20:00,115893.12,115928.63,114190.76,115023.15,6173
28-10-2025 20:30,115023.15,115367.82,114988.65,114998.86,4417
28-10-2025 21:00,114998.86,115041.56,114467.19,114595.13,4801
28-10-2025 21:30,114595.13,115107.43,114485.67,115035.45,4998
28-10-2025 22:00,115035.45,115457.95,114896.70,115303.95,4706
28-10-2025 22:30,115304.02,115552.53,115233.46,115425.83,3292
28-10-2025 23:00,115425.83,115544.49,115188.89,115260.01,2822
28-10-2025 23:30,115260.01,115324.35,114803.54,114856.53,3677
29-10-2025 00:00,114856.53,114981.54,114592.55,114979.54,3602
29-10-2025 00:30,114979.54,115024.49,113655.98,113656.46,4790
29-10-2025 01:00,113656.46,114092.57,113508.72,113647.17,5806
29-10-2025 01:30,113642.03,113659.02,112398.00,112492.98,6182
29-10-2025 02:00,112494.00,112985.79,112288.06,112772.73,5154
29-10-2025 02:30,112772.73,112772.73,112174.58,112704.90,5076
29-10-2025 03:00,112704.90,113200.21,112623.75,112969.79,3657
29-10-2025 03:30,112970.20,113125.24,112793.98,113117.04,4490
29-10-2025 04:00,113117.04,113271.77,113093.91,113199.20,3420
29-10-2025 04:30,113199.20,113201.20,112744.88,112864.38,3513
29-10-2025 05:00,112865.34,113067.61,112832.05,112867.01,4210
29-10-2025 05:30,112867.01,112869.33,112604.91,112674.93,4729
29-10-2025 06:00,112674.93,112741.91,112403.99,112404.49,3114
29-10-2025 06:30,112404.49,112554.99,112056.15,112174.77,3959
29-10-2025 07:00,112174.85,112929.55,112174.85,112462.74,5526
29-10-2025 07:30,112463.43,112755.91,112378.08,112651.05,4678
29-10-2025 08:00,112652.36,112709.39,112505.56,112636.53,3145
29-10-2025 08:30,112636.63,112636.63,112300.70,112452.76,3670
29-10-2025 09:00,112452.76,112571.48,112452.19,112490.13,2502
29-10-2025 09:30,112490.99,112744.41,112465.16,112681.40,3055
29-10-2025 10:00,112681.40,112850.34,112654.58,112782.75,3330
29-10-2025 10:30,112782.74,113060.51,112773.38,112944.77,3150
29-10-2025 11:00,112944.77,113331.18,112900.48,113009.08,3276
29-10-2025 11:30,113009.21,113216.71,112937.96,113023.29,2988
29-10-2025 12:00,113022.32,113322.41,112941.21,113249.26,4283
29-10-2025 12:30,113249.26,113445.15,113198.64,113409.80,4296
29-10-2025 13:00,113409.80,113553.10,113204.49,113553.10,3560
29-10-2025 13:30,113551.85,113610.15,113247.13,113275.11,4109
29-10-2025 14:00,113281.17,113296.74,112921.63,113042.69,4092
29-10-2025 14:30,113040.26,113078.25,112833.90,112913.25,3933
29-10-2025 15:00,112913.25,113050.69,112738.04,112952.78,2757
29-10-2025 15:30,112952.78,113098.24,112856.11,113023.27,3371
29-10-2025 16:00,113023.27,113168.71,112705.10,112845.34,3653
29-10-2025 16:30,112845.27,113156.73,112714.90,113094.82,4625
29-10-2025 17:00,113094.82,113217.20,112988.92,113106.76,3191
29-10-2025 17:30,113106.76,113306.69,113049.32,113050.21,2256
29-10-2025 18:00,113050.84,113250.94,113034.82,113127.02,1214
29-10-2025 18:30,113127.02,113634.02,113077.75,113518.20,1312
29-10-2025 19:00,113518.20,113582.06,112673.88,112837.57,5817
29-10-2025 19:30,112837.57,112880.74,112205.10,112284.67,6806
29-10-2025 20:00,112289.97,112702.40,112212.59,112444.28,4567
29-10-2025 20:30,112442.49,112506.20,111966.67,111981.18,4923
29-10-2025 21:00,111984.08,112113.14,111355.44,111462.08,5766
29-10-2025 21:30,111464.58,111466.98,110903.22,111100.77,5053
29-10-2025 22:00,111100.77,111364.63,111038.80,111057.62,3184
29-10-2025 22:30,111057.62,111298.58,110957.08,111151.33,2656
29-10-2025 23:00,111151.02,111875.76,111111.03,111837.13,3317
29-10-2025 23:30,111838.75,111950.73,111078.90,111385.43,6415
30-10-2025 00:00,111385.43,111733.32,109221.00,110781.66,8280
30-10-2025 00:30,110781.66,111413.42,110700.66,110923.14,6328
30-10-2025 01:00,110925.20,110933.12,110121.38,110601.38,6167
30-10-2025 01:30,110605.60,111324.87,110370.79,111315.18,6047
30-10-2025 02:00,111312.75,111508.62,111107.03,111410.44,4636
30-10-2025 02:30,111408.39,111541.90,111346.81,111515.73,3101
30-10-2025 03:00,111515.73,111782.43,111451.88,111593.00,2539
30-10-2025 03:30,111593.00,111597.47,111139.62,111185.31,3957
30-10-2025 04:00,111185.31,111217.52,110924.08,110996.53,2880
30-10-2025 04:30,110996.53,111045.56,110427.12,110428.92,4134
30-10-2025 05:00,110428.50,110434.27,109707.06,109991.14,4349
30-10-2025 05:30,109991.02,110371.05,109691.13,110352.17,6919
30-10-2025 06:00,110352.27,110550.24,110234.96,110517.77,6223
30-10-2025 06:30,110517.55,110571.45,110214.71,110345.56,3975
30-10-2025 07:00,110345.56,110690.45,110325.85,110415.18,5173
30-10-2025 07:30,110415.17,110939.65,110296.84,110881.31,5886
30-10-2025 08:00,110881.31,110965.30,110772.87,110938.32,5389
30-10-2025 08:30,110938.33,110951.42,110613.78,110758.35,5301
30-10-2025 09:00,110755.79,110873.74,110490.33,110719.64,4422
30-10-2025 09:30,110719.64,110726.70,107991.42,108345.53,6562
30-10-2025 10:00,108350.14,109401.10,107912.74,108528.58,6787
30-10-2025 10:30,108525.53,109173.38,108381.52,109129.32,7074
30-10-2025 11:00,109126.82,110406.32,109067.87,110220.61,7837
30-10-2025 11:30,110220.61,110266.98,109946.04,110145.32,6413
30-10-2025 12:00,110142.52,110931.63,110125.93,110726.66,5341
30-10-2025 12:30,110726.66,111568.06,110611.92,111219.98,5143
30-10-2025 13:00,111219.98,111404.05,111143.13,111330.30,3835
30-10-2025 13:30,111330.30,111387.82,110634.72,110643.80,6071
30-10-2025 14:00,110640.28,110878.14,110640.28,110669.71,3406
30-10-2025 14:30,110669.71,110772.71,110082.88,110376.24,2676
30-10-2025 15:00,110376.24,110496.40,110080.72,110133.83,2357
30-10-2025 15:30,110133.83,110193.06,109794.95,110022.09,3187
30-10-2025 16:00,110022.09,110152.77,109858.61,110063.02,2760
30-10-2025 16:30,110063.02,110103.90,109689.57,109891.90,5562
30-10-2025 17:00,109890.59,110033.47,109645.97,109666.57,4029
30-10-2025 17:30,109666.57,109737.66,108631.50,108736.33,6601
30-10-2025 18:00,108743.41,109065.37,108231.95,108341.69,6688
30-10-2025 18:30,108341.11,108702.51,108158.17,108425.61,7284
30-10-2025 19:00,108425.61,108497.09,107362.01,107580.95,6129
30-10-2025 19:30,107580.95,108201.59,107567.88,107913.58,6023
30-10-2025 20:00,107913.59,108294.68,107791.44,108211.58,7558
30-10-2025 20:30,108211.58,108285.35,107711.95,107816.86,6507
30-10-2025 21:00,107816.86,107831.36,107285.06,107663.27,5354
30-10-2025 21:30,107661.61,108169.98,107506.97,108099.11,4816
30-10-2025 22:00,108099.78,108137.56,107897.27,108099.21,4568
30-10-2025 22:30,108099.21,108107.60,106762.54,107097.12,5339
30-10-2025 23:00,107094.86,107611.81,106787.25,107430.62,5473
30-10-2025 23:30,107430.62,107450.01,107148.37,107297.83,5851
31-10-2025 00:00,107297.91,107506.72,106729.57,106778.29,5539
31-10-2025 00:30,106778.29,107092.66,106590.88,106934.93,7215
31-10-2025 01:00,106937.92,107081.24,106266.42,106458.65,7410
31-10-2025 01:30,106445.68,107151.13,106256.05,107120.13,5877
31-10-2025 02:00,107120.13,107588.96,106773.03,107448.97,3818
31-10-2025 02:30,107448.97,107712.91,107333.92,107592.30,2862
31-10-2025 03:00,107594.86,107900.34,107385.05,107857.02,2720
31-10-2025 03:30,107858.60,107894.62,107539.18,107539.24,2344
31-10-2025 04:00,107539.24,107856.85,107407.73,107856.85,2164
31-10-2025 04:30,107856.85,107882.15,107538.20,107651.16,2977
31-10-2025 05:00,107651.16,108298.74,107642.01,108264.69,2384
31-10-2025 05:30,108264.69,108622.73,108222.78,108463.19,3763
31-10-2025 06:00,108463.19,109535.21,108423.19,109245.78,4363
31-10-2025 06:30,109256.28,109966.50,109114.20,109779.06,5938
31-10-2025 07:00,109778.82,109780.07,109384.65,109560.78,3650
31-10-2025 07:30,109560.78,109632.66,108943.93,109288.22,3742
31-10-2025 08:00,109288.22,109340.37,108492.32,108786.81,2423
31-10-2025 08:30,108786.81,109157.68,108552.65,109024.97,2445
31-10-2025 09:00,109024.97,109264.30,108763.66,109158.30,2493
31-10-2025 09:30,109158.30,109818.08,109039.05,109727.69,3421
31-10-2025 10:00,109727.02,110141.40,109609.97,110019.18,2564
31-10-2025 10:30,110019.18,110019.18,109620.02,109822.36,2122
31-10-2025 11:00,109822.36,109956.01,109761.23,109822.06,1257
31-10-2025 11:30,109822.06,109894.04,109490.11,109620.39,1839
31-10-2025 12:00,109620.39,109651.12,109439.73,109569.20,1260
31-10-2025 12:30,109569.20,109740.54,109354.92,109616.17,1503
31-10-2025 13:00,109616.17,109694.13,109165.78,109339.49,2891
31-10-2025 13:30,109339.49,109771.93,109110.11,109728.97,2308
31-10-2025 14:00,109728.97,110032.75,109582.11,109984.23,1646
31-10-2025 14:30,109984.23,110382.78,109913.05,109930.00,2887
31-10-2025 15:00,109930.00,110006.55,109734.01,109780.44,1885
31-10-2025 15:30,109780.44,109878.53,109681.63,109776.27,1819
31-10-2025 16:00,109776.27,110032.27,109626.99,109735.77,3619
31-10-2025 16:30,109734.08,109794.38,109394.74,109442.22,3602
31-10-2025 17:00,109442.22,110427.82,109388.93,110327.84,3980
31-10-2025 17:30,110327.84,110607.27,110046.14,110082.67,6948
31-10-2025 18:00,110081.21,110243.52,109526.27,109572.88,5848
31-10-2025 18:30,109572.88,110157.46,109556.90,109851.40,3856
31-10-2025 19:00,109851.15,110137.93,109283.82,110071.54,9606
31-10-2025 19:30,110070.85,110484.38,109589.93,109702.13,8916
31-10-2025 20:00,109701.84,110919.13,109470.60,110653.95,7953
31-10-2025 20:30,110651.39,111009.69,110251.24,110357.04,6314
31-10-2025 21:00,110353.74,110502.25,110011.81,110091.94,5152
31-10-2025 21:30,110091.94,110201.40,109691.40,109998.06,5033
31-10-2025 22:00,109998.34,110053.10,108558.34,108731.37,6629
31-10-2025 22:30,108730.59,109117.55,108533.28,108929.81,6777
31-10-2025 23:00,108930.58,109316.01,108901.05,109195.82,6133
31-10-2025 23:30,109197.35,109442.41,109086.31,109123.27,6595
01-11-2025 00:00,109124.81,109694.68,108860.20,109334.22,6670
01-11-2025 00:30,109331.91,109801.06,109001.82,109676.11,5337
01-11-2025 01:00,109673.99,110140.92,109670.49,109714.65,7184
01-11-2025 01:30,109712.10,109723.60,109449.29,109582.09,4545
01-11-2025 02:00,109582.94,109683.12,109322.85,109363.46,3316
01-11-2025 02:30,109383.72,109575.22,109226.27,109436.19,2642
01-11-2025 03:00,109436.21,109657.98,109322.63,109470.69,3068
01-11-2025 03:30,109470.69,109704.10,109378.46,109552.95,4102
01-11-2025 04:00,109552.95,109638.30,109459.87,109483.55,4074
01-11-2025 04:30,109483.06,109527.92,109436.30,109518.16,1696
01-11-2025 05:00,109518.16,109597.87,109415.54,109509.70,2154
01-11-2025 05:30,109509.70,109549.61,109304.10,109438.59,3167
01-11-2025 06:00,109438.59,109665.11,109334.32,109634.37,3739
01-11-2025 06:30,109631.57,109834.16,109601.61,109833.71,3348
01-11-2025 07:00,109833.71,109948.25,109626.52,109626.52,1615
01-11-2025 07:30,109626.52,109692.04,109408.22,109546.77,1953
01-11-2025 08:00,109546.77,109768.50,109371.42,109679.10,3251
01-11-2025 08:30,109676.31,110121.46,109673.60,109927.50,2675
01-11-2025 09:00,109927.50,110202.43,109915.92,110130.01,1923
01-11-2025 09:30,110130.01,110458.96,110014.44,110197.35,2092
01-11-2025 10:00,110197.31,110284.98,110093.88,110177.51,2359
01-11-2025 10:30,110177.51,110229.14,109931.60,110047.71,2077
01-11-2025 11:00,110047.71,110283.80,109994.29,110029.59,1737
01-11-2025 11:30,110029.59,110064.52,109891.20,109931.65,1702
01-11-2025 12:00,109931.65,110075.44,109838.12,109898.37,2129
01-11-2025 12:30,109898.37,110100.78,109883.47,110077.24,2120
01-11-2025 13:00,110077.98,110164.99,109914.12,109972.67,1443
01-11-2025 13:30,109972.67,110128.44,109972.67,110082.97,1913
01-11-2025 14:00,110082.97,110166.84,110061.63,110142.18,1489
01-11-2025 14:30,110142.18,110160.46,110029.57,110082.55,2412
01-11-2025 15:00,110082.55,110082.73,109872.33,109906.51,1577
01-11-2025 15:30,109906.51,110000.91,109725.33,109893.84,2082
01-11-2025 16:00,109893.84,110063.64,109858.28,110045.46,1374
01-11-2025 16:30,110045.46,110121.18,109938.89,109943.41,1109
01-11-2025 17:00,109943.41,110077.62,109883.81,110021.34,1247
01-11-2025 17:30,110021.34,110090.02,109883.45,109970.47,1668
01-11-2025 18:00,109970.47,110049.50,109908.66,109909.02,1080
01-11-2025 18:30,109909.02,109935.65,109845.28,109910.96,422
01-11-2025 19:00,109910.96,109951.30,109608.58,109847.28,2054
01-11-2025 19:30,109847.28,109901.19,109625.06,109787.72,1630
01-11-2025 20:00,109787.72,109856.06,109765.87,109837.12,1259
01-11-2025 20:30,109837.12,110253.57,109806.98,109973.24,3516
01-11-2025 21:00,109967.27,110225.00,109917.08,110212.83,4763
01-11-2025 21:30,110212.83,110370.72,110098.94,110102.64,5315
01-11-2025 22:00,110101.91,110447.56,110101.62,110376.20,3751
01-11-2025 22:30,110376.20,110409.04,110120.26,110132.46,3845
01-11-2025 23:00,110132.41,110261.56,110073.24,110115.22,3256
01-11-2025 23:30,110115.22,110255.38,110100.39,110165.60,3513
02-11-2025 00:00,110165.60,110283.24,110130.86,110242.05,2907
02-11-2025 00:30,110242.05,110242.05,110127.60,110175.68,2011
02-11-2025 01:00,110175.68,110239.77,110133.59,110208.42,1860
02-11-2025 01:30,110208.42,110400.89,110205.90,110362.70,2468
02-11-2025 02:00,110362.70,110428.02,110263.00,110320.28,3361
02-11-2025 02:30,110320.84,110350.36,110105.94,110272.54,1862
02-11-2025 03:00,110272.54,110272.54,109760.32,109770.96,1768
02-11-2025 03:30,109770.96,109967.00,109770.96,109919.68,2496
02-11-2025 04:00,109919.69,110015.17,109905.55,110007.00,2112
02-11-2025 04:30,110007.00,110007.00,109898.39,109995.55,1988
02-11-2025 05:00,109995.55,110055.96,109860.76,110008.22,1583
02-11-2025 05:30,110008.22,110041.32,109802.66,109932.94,1675
02-11-2025 06:00,109932.94,109990.11,109856.04,109878.03,1646
02-11-2025 06:30,109878.03,110021.49,109826.05,110011.56,1150
02-11-2025 07:00,110011.56,110015.07,109858.02,109884.51,851
02-11-2025 07:30,109884.51,109937.98,109793.72,109913.99,1084
02-11-2025 08:00,109913.99,110184.57,109884.02,109941.21,1606
02-11-2025 08:30,109940.68,109967.69,109878.00,109898.52,804
02-11-2025 09:00,109898.52,110001.75,109872.03,109964.70,942
02-11-2025 09:30,109964.56,110119.61,109939.64,110071.51,1467
02-11-2025 10:00,110071.51,110690.82,110011.54,110587.72,2688
02-11-2025 10:30,110587.72,110626.34,110247.19,110367.92,3619
02-11-2025 11:00,110363.86,110485.80,110198.95,110409.77,3104
02-11-2025 11:30,110409.77,110447.78,110241.34,110323.31,2546
02-11-2025 12:00,110311.06,110642.16,110219.99,110584.86,3405
02-11-2025 12:30,110584.86,110611.34,110354.05,110428.84,2931
02-11-2025 13:00,110428.84,110953.12,110392.52,110823.78,2716
02-11-2025 13:30,110823.78,110931.64,110627.74,110724.71,2815
02-11-2025 14:00,110724.71,110773.52,110641.18,110755.67,2071
02-11-2025 14:30,110755.67,110954.61,110755.67,110895.12,1865
02-11-2025 15:00,110895.12,110895.12,110444.39,110636.72,2741
02-11-2025 15:30,110636.72,110789.52,110495.32,110495.65,2306
02-11-2025 16:00,110495.65,110499.78,110268.25,110417.83,2508
02-11-2025 16:30,110419.27,110813.17,110404.03,110781.16,1304
02-11-2025 17:00,110781.16,111143.20,110661.72,111109.53,1671
02-11-2025 17:30,111106.56,111170.51,110821.13,110860.87,2182
02-11-2025 18:00,110860.87,110944.60,110611.72,110666.22,3338
02-11-2025 18:30,110666.22,110692.70,110104.65,110330.85,2647
02-11-2025 19:00,110330.85,110521.77,110205.05,110497.30,2512
02-11-2025 19:30,110497.30,110602.24,110135.83,110246.39,2958
02-11-2025 20:00,110246.39,110471.14,110079.56,110322.91,7308
02-11-2025 20:30,110337.98,110489.26,110199.78,110459.45,7245
02-11-2025 21:00,110459.45,110502.27,110027.15,110048.45,7127
02-11-2025 21:30,110047.12,110079.42,109684.89,110011.32,8369
02-11-2025 22:00,110011.32,110071.76,109880.15,110053.38,6783
02-11-2025 22:30,110053.38,110208.80,110034.26,110099.77,5492
02-11-2025 23:00,110099.77,110141.93,109966.00,110141.93,3128
02-11-2025 23:30,110141.93,110230.39,110112.91,110189.96,2732
03-11-2025 00:00,110189.96,110286.38,110127.16,110286.37,1936
03-11-2025 00:30,110286.87,110286.87,109909.37,109918.02,2319
03-11-2025 01:00,109918.02,110132.94,109914.13,110131.44,2463
03-11-2025 01:30,110131.44,110164.91,109830.57,109875.54,2017
03-11-2025 02:00,109875.54,110040.46,109857.05,110039.96,1846
03-11-2025 02:30,110039.96,110080.95,109909.33,109961.06,1943
03-11-2025 03:00,109961.06,110054.00,109922.45,109938.12,1487
03-11-2025 03:30,109934.95,109965.50,109891.33,109940.75,1208
03-11-2025 04:00,109940.75,109942.46,109430.19,109855.04,3170
03-11-2025 04:30,109855.04,110443.83,109855.04,110123.88,4720
03-11-2025 05:00,110123.88,110685.13,110102.86,110487.79,4346
03-11-2025 05:30,110490.49,110701.71,110270.70,110271.58,3819
03-11-2025 06:00,110271.65,110320.35,109700.34,109700.34,3976
03-11-2025 06:30,109700.34,109797.86,109431.16,109604.23,4365
03-11-2025 07:00,109604.23,109862.54,109337.73,109620.42,4563
03-11-2025 07:30,109620.63,109720.11,109184.96,109203.81,4342
03-11-2025 08:00,109209.29,109209.29,108631.01,108990.41,5552
03-11-2025 08:30,108990.39,109110.84,107920.85,108084.22,5011
03-11-2025 09:00,108084.22,108341.84,107868.73,107890.83,5615
03-11-2025 09:30,107890.83,107958.31,107435.49,107784.87,6086
03-11-2025 10:00,107784.87,107938.01,107639.91,107847.46,3892
03-11-2025 10:30,107847.46,107980.81,107691.43,107906.97,2744
03-11-2025 11:00,107906.97,107948.78,107350.59,107545.58,3055
03-11-2025 11:30,107545.58,107655.95,107248.63,107411.69,2947
03-11-2025 12:00,107411.69,107604.53,106959.17,107433.59,4143
03-11-2025 12:30,107433.01,107763.48,107211.49,107581.10,3800
03-11-2025 13:00,107581.10,107655.68,107380.82,107401.02,3466
03-11-2025 13:30,107401.02,107652.04,107138.92,107171.11,3268
03-11-2025 14:00,107171.11,107538.95,106921.68,107520.87,4497
03-11-2025 14:30,107520.87,107853.49,107226.07,107313.05,4493
03-11-2025 15:00,107313.05,107399.02,107014.11,107140.12,4097
03-11-2025 15:30,107140.12,107561.46,107139.08,107525.77,4425
03-11-2025 16:00,107525.77,107525.77,106702.58,106895.24,3621
03-11-2025 16:30,106895.24,107737.92,106895.24,107586.94,5196
03-11-2025 17:00,107586.94,107863.29,107454.15,107737.33,3710
03-11-2025 17:30,107737.33,108197.21,107668.92,108195.70,4216
03-11-2025 18:00,108195.70,108202.70,107651.64,107701.72,3121
03-11-2025 18:30,107701.72,107716.57,107517.47,107633.92,3666
03-11-2025 19:00,107633.92,108007.81,107629.92,107846.86,4689
03-11-2025 19:30,107846.86,108266.46,107464.30,107476.57,4219
03-11-2025 20:00,107476.57,107998.79,107306.48,107990.78,6613
03-11-2025 20:30,107990.78,108085.03,105692.69,105893.35,6164
03-11-2025 21:00,105910.62,106473.05,105441.23,105679.71,7900
03-11-2025 21:30,105679.71,106512.14,105242.87,106299.84,7007
03-11-2025 22:00,106299.84,106726.19,106148.91,106611.97,6019
03-11-2025 22:30,106611.97,107663.10,106462.47,107016.24,5710
03-11-2025 23:00,107016.24,107613.00,106988.46,107404.30,5764
03-11-2025 23:30,107404.30,107526.97,107027.15,107194.92,4865
04-11-2025 00:00,107194.92,107346.06,106732.55,106897.78,6071
04-11-2025 00:30,106897.23,107083.16,106384.36,106873.23,6303
04-11-2025 01:00,106873.23,107326.80,106849.90,107015.26,5464
04-11-2025 01:30,107012.04,107098.91,106433.38,106667.07,6036
04-11-2025 02:00,106667.07,106956.20,106241.96,106585.94,5191
04-11-2025 02:30,106585.67,107021.17,106018.56,106553.09,5906
04-11-2025 03:00,106551.67,106963.64,106475.26,106829.55,4526
04-11-2025 03:30,106829.55,106829.55,106079.64,106113.95,5535
04-11-2025 04:00,106110.65,106570.92,105754.17,106421.48,4536
04-11-2025 04:30,106421.65,106457.43,105963.39,106367.67,4198
04-11-2025 05:00,106363.30,106694.34,106338.88,106515.36,4419
04-11-2025 05:30,106515.36,106561.38,105781.67,105788.65,3671
04-11-2025 06:00,105788.65,106740.38,105788.65,106397.28,5400
04-11-2025 06:30,106398.25,107110.65,106198.10,106829.75,4886
04-11-2025 07:00,106829.75,107222.56,106610.29,106966.72,3611
04-11-2025 07:30,106966.72,107169.62,106653.09,106862.84,4838
04-11-2025 08:00,106862.84,106946.71,106390.70,106410.36,5963
04-11-2025 08:30,106409.35,106960.58,106139.64,106892.65,6188
04-11-2025 09:00,106892.65,107170.97,106764.96,107087.65,6978
04-11-2025 09:30,107087.65,107230.59,106840.23,106870.92,4819
04-11-2025 10:00,106870.92,106971.56,106644.85,106671.36,4205
04-11-2025 10:30,106671.36,106671.36,105417.64,105613.20,5830
04-11-2025 11:00,105613.20,105613.20,104114.82,104139.59,8022
04-11-2025 11:30,104133.31,105134.53,104108.32,104907.52,8088
04-11-2025 12:00,104905.84,104911.75,104409.26,104690.43,7872
04-11-2025 12:30,104686.64,104891.56,104262.74,104300.91,7142
04-11-2025 13:00,104300.25,104660.63,104246.67,104403.69,5497
04-11-2025 13:30,104402.50,104461.70,103670.91,104110.66,6569
04-11-2025 14:00,104111.19,104537.31,103860.02,103960.43,5114
04-11-2025 14:30,103961.39,103983.99,103569.42,103780.82,4692
04-11-2025 15:00,103782.90,104047.40,103529.80,103766.30,6743
04-11-2025 15:30,103764.41,103802.96,103548.90,103645.64,6096
04-11-2025 16:00,103646.27,104003.91,103513.57,103723.91,6706
04-11-2025 16:30,103726.67,104393.77,103684.00,104208.24,6843
04-11-2025 17:00,104206.98,104619.63,104181.88,104506.92,4564
04-11-2025 17:30,104506.66,104559.82,103798.46,104026.89,4105
04-11-2025 18:00,104026.89,104039.76,103738.50,103874.43,3121
04-11-2025 18:30,103874.43,104011.38,103487.19,103605.61,3848
04-11-2025 19:00,103605.60,104168.80,103586.71,103830.76,4447
04-11-2025 19:30,103830.78,103958.41,103622.82,103700.50,5457
04-11-2025 20:00,103693.17,104615.14,102822.85,104416.95,8352
04-11-2025 20:30,104418.21,104763.96,103977.14,104381.23,7101
04-11-2025 21:00,104382.08,104382.08,103097.29,103113.01,7303
04-11-2025 21:30,103113.19,103415.67,102403.08,102650.92,7527
04-11-2025 22:00,102643.55,102934.95,102083.87,102158.41,4802
04-11-2025 22:30,102154.16,102154.16,100709.66,101266.19,7416
04-11-2025 23:00,101261.50,101862.85,100970.66,100998.57,7250
04-11-2025 23:30,100998.57,101024.05,100186.87,100586.75,6907
05-11-2025 00:00,100591.01,101395.43,99896.45,101274.46,7634
05-11-2025 00:30,101274.46,101623.85,100832.20,101216.49,7105
05-11-2025 01:00,101216.49,101346.49,100295.25,100425.15,8592
05-11-2025 01:30,100424.70,100644.23,99498.35,100437.70,7253
05-11-2025 02:00,100437.95,101011.62,99919.00,100658.22,7403
05-11-2025 02:30,100655.22,100729.71,99644.65,99824.75,7041
05-11-2025 03:00,99824.75,100243.82,98854.62,100219.89,7790
05-11-2025 03:30,100219.89,101225.52,99992.95,101076.18,6783
05-11-2025 04:00,101076.18,101812.26,100830.13,101214.01,5255
05-11-2025 04:30,101232.01,101508.40,100841.62,101168.51,5409
05-11-2025 05:00,101168.51,101668.36,101028.56,101427.88,4584
05-11-2025 05:30,101427.88,101695.45,100905.62,100912.61,5135
05-11-2025 06:00,100912.62,101030.58,100287.86,100502.45,5500
05-11-2025 06:30,100499.79,100582.76,99012.34,99049.46,6373
05-11-2025 07:00,99049.41,100953.93,98910.41,100685.72,7183
05-11-2025 07:30,100695.72,101527.39,100695.72,101230.11,5733
05-11-2025 08:00,101231.47,101872.82,101105.13,101635.33,6147
05-11-2025 08:30,101635.33,102072.74,101412.43,102061.19,6473
05-11-2025 09:00,102061.19,102220.57,101801.89,102089.14,5499
05-11-2025 09:30,102089.14,102190.53,101505.90,101519.37,4976
05-11-2025 10:00,101519.37,102144.14,101465.24,101943.20,4652
05-11-2025 10:30,101943.20,102299.58,101629.58,101828.22,3970
05-11-2025 11:00,101830.60,102010.69,101546.10,101769.41,3282
05-11-2025 11:30,101769.41,101888.24,101439.04,101865.15,4265
05-11-2025 12:00,101865.15,102099.15,101675.14,102070.20,3342
05-11-2025 12:30,102069.68,102095.50,101553.35,101769.86,3851
05-11-2025 13:00,101769.86,102101.23,101706.37,101942.95,3465
05-11-2025 13:30,101942.95,101947.05,101134.58,101382.47,4899
05-11-2025 14:00,101378.24,101799.29,101166.50,101648.24,4828
05-11-2025 14:30,101648.24,102151.13,101554.09,101841.07,4683
05-11-2025 15:00,101841.07,101971.49,101692.76,101938.67,4588
05-11-2025 15:30,101937.21,101942.89,101575.31,101749.97,4251
05-11-2025 16:00,101749.97,101802.76,101239.94,101341.00,3392
05-11-2025 16:30,101340.11,101728.30,101323.45,101549.36,3616
05-11-2025 17:00,101549.36,102064.15,101531.26,102025.19,3652
05-11-2025 17:30,102026.37,102705.04,101869.80,102469.84,4825
05-11-2025 18:00,102474.45,102682.74,102275.56,102616.42,6193
05-11-2025 18:30,102616.42,102718.18,102231.76,102464.63,7104
05-11-2025 19:00,102464.54,103200.38,102300.62,102926.83,6856
05-11-2025 19:30,102926.23,102978.80,102460.43,102608.50,7058
05-11-2025 20:00,102608.50,103403.13,102125.61,103144.79,8402
05-11-2025 20:30,103144.80,103436.86,102758.86,103312.67,7765
05-11-2025 21:00,103313.85,103745.51,103195.55,103673.51,6477
05-11-2025 21:30,103673.51,103786.47,103026.07,103456.59,5126
05-11-2025 22:00,103460.72,103988.17,103432.59,103868.43,4975
05-11-2025 22:30,103868.43,103960.41,103318.65,103858.76,5136
05-11-2025 23:00,103858.76,103950.74,103459.17,103859.43,4598
05-11-2025 23:30,103859.43,104100.34,103715.27,104077.35,3690
06-11-2025 00:00,104077.35,104398.22,103980.35,104318.75,4542
06-11-2025 00:30,104319.25,104497.22,104035.71,104149.95,4887
06-11-2025 01:00,104149.95,104412.24,103926.94,103964.87,6601
06-11-2025 01:30,103964.86,104495.46,103896.94,103963.38,4767
06-11-2025 02:00,103962.38,103962.38,103583.58,103792.41,4125
06-11-2025 02:30,103793.95,103793.95,103472.10,103530.57,4989
06-11-2025 03:00,103530.57,103723.50,103509.20,103616.22,6038
06-11-2025 03:30,103616.25,103617.67,103245.47,103300.97,4714
06-11-2025 04:00,103300.97,103748.55,103253.13,103653.98,3508
06-11-2025 04:30,103655.23,103932.43,103607.01,103907.41,3989
06-11-2025 05:00,103907.41,104051.36,103799.63,103835.99,4307
06-11-2025 05:30,103833.42,103843.96,103273.73,103383.54,4952
06-11-2025 06:00,103383.78,103640.89,103284.36,103627.80,3508
06-11-2025 06:30,103627.80,103627.80,102677.39,102791.86,5234
06-11-2025 07:00,102791.86,103486.59,102762.87,103306.83,6149
06-11-2025 07:30,103307.15,103377.42,102801.06,102855.88,6103
06-11-2025 08:00,102845.70,103519.57,102827.65,103267.39,6582
06-11-2025 08:30,103269.99,103886.93,103268.66,103558.56,6040
06-11-2025 09:00,103558.56,103737.48,103546.58,103594.54,5370
06-11-2025 09:30,103594.54,103793.47,103522.79,103711.92,5380
06-11-2025 10:00,103711.92,104149.53,103638.23,103989.38,4152
06-11-2025 10:30,103989.38,103989.38,103338.63,103449.25,4972
06-11-2025 11:00,103449.25,103494.59,103032.65,103094.35,5834
06-11-2025 11:30,103094.35,103470.09,102961.73,103464.59,5535
06-11-2025 12:00,103464.59,103545.57,103188.05,103254.28,4731
06-11-2025 12:30,103257.99,103515.64,102857.18,103390.62,4764
06-11-2025 13:00,103389.62,103449.61,102897.22,103137.72,4975
06-11-2025 13:30,103137.72,103389.63,102920.65,103288.33,5464
06-11-2025 14:00,103290.67,103330.56,103030.57,103143.67,5591
06-11-2025 14:30,103143.44,103213.20,102802.55,102910.81,5429
06-11-2025 15:00,102910.81,103043.78,102761.35,102761.35,1787
06-11-2025 15:30,102759.85,103042.26,102596.92,102971.79,3203
06-11-2025 16:00,102971.79,103233.39,102951.54,103064.25,4153
06-11-2025 16:30,103064.25,103118.76,102674.30,103084.74,4022
06-11-2025 17:00,103084.74,103238.39,103023.76,103165.22,3786
06-11-2025 17:30,103165.22,103268.69,102706.24,102737.85,5948
06-11-2025 18:00,102739.88,102925.26,102316.03,102478.48,5054
06-11-2025 18:30,102478.48,103534.63,102478.48,103413.61,5868
06-11-2025 19:00,103413.61,103489.44,103062.43,103235.54,5761
06-11-2025 19:30,103233.56,103500.52,102627.92,102801.26,6525
06-11-2025 20:00,102819.88,102837.72,101957.87,102036.52,8003
06-11-2025 20:30,102036.95,102830.91,101796.16,102357.04,7673
06-11-2025 21:00,102357.04,102386.04,101534.35,101920.24,5756
06-11-2025 21:30,101924.05,102298.15,101350.00,101697.72,6378
06-11-2025 22:00,101697.37,101697.37,100198.13,100767.36,7744
06-11-2025 22:30,100767.36,101396.96,100664.89,101331.45,7149
06-11-2025 23:00,101331.45,101845.19,101079.66,101701.28,6209
06-11-2025 23:30,101701.28,101701.28,100815.60,101283.18,5223
07-11-2025 00:00,101284.68,102250.10,101241.44,101634.59,3512
07-11-2025 00:30,101634.59,101930.33,101491.31,101735.28,4035
07-11-2025 01:00,101735.28,101809.26,101120.01,101305.95,2911
07-11-2025 01:30,101305.95,101556.38,100966.57,101003.57,3044
07-11-2025 02:00,101003.57,101070.06,100570.72,100826.65,3630
07-11-2025 02:30,100829.65,100932.62,100450.59,100789.66,2925
07-11-2025 03:00,100789.66,101126.47,100672.02,101018.58,2382
07-11-2025 03:30,101018.58,101289.61,100912.14,101053.23,2437
07-11-2025 04:00,101053.23,101398.09,100976.47,101314.96,2407
07-11-2025 04:30,101314.96,101444.38,101032.29,101273.97,4641
07-11-2025 05:00,101273.92,101313.46,101045.74,101260.47,5648
07-11-2025 05:30,101260.47,101553.36,100654.17,100843.64,7001
07-11-2025 06:00,100844.14,101529.39,100693.04,101390.43,6949
07-11-2025 06:30,101390.43,101791.77,100958.59,101595.36,7642
07-11-2025 07:00,101595.36,101595.36,100814.11,101447.75,6920
07-11-2025 07:30,101447.33,101611.34,101152.15,101153.52,6222
07-11-2025 08:00,101153.52,101830.10,101148.17,101810.46,7314
07-11-2025 08:30,101810.46,102250.33,101780.70,102191.11,7615
07-11-2025 09:00,102189.25,102189.85,101798.21,101818.68,6002
07-11-2025 09:30,101818.42,101969.19,101474.44,101898.23,6453
07-11-2025 10:00,101898.23,101981.69,101615.61,101926.08,6722
07-11-2025 10:30,101926.08,102429.35,101916.82,102306.27,6789
07-11-2025 11:00,102304.56,102403.02,102169.76,102360.04,5680
07-11-2025 11:30,102362.04,102411.34,102149.13,102153.68,5063
07-11-2025 12:00,102153.70,102158.25,101724.42,101725.26,2319
07-11-2025 12:30,101725.26,101917.57,101587.84,101747.67,3239
07-11-2025 13:00,101747.67,101930.17,101539.31,101920.46,4430
07-11-2025 13:30,101920.51,101961.93,101603.43,101707.28,4260
07-11-2025 14:00,101707.28,101729.26,101348.40,101401.50,4536
07-11-2025 14:30,101399.27,101419.56,100864.98,100923.59,5504
07-11-2025 15:00,100923.59,101046.13,100703.67,100914.13,4053
07-11-2025 15:30,100913.53,101167.45,100540.78,100565.70,3094
07-11-2025 16:00,100565.70,100869.15,100470.19,100672.76,2724
07-11-2025 16:30,100672.76,100699.14,99714.73,99829.45,6600
07-11-2025 17:00,99829.45,100507.81,99789.75,100313.15,5433
07-11-2025 17:30,100313.15,100526.97,99748.05,99821.31,5677
07-11-2025 18:00,99821.31,99821.31,99161.94,99533.77,6485
07-11-2025 18:30,99533.77,100420.95,99342.17,100045.23,6784
07-11-2025 19:00,100036.84,100471.78,99966.68,100232.79,5332
07-11-2025 19:30,100232.79,100418.33,99904.33,100195.93,4776
07-11-2025 20:00,100196.90,100801.22,99413.55,100678.71,8052
07-11-2025 20:30,100703.07,101144.54,100242.16,100897.45,8011
07-11-2025 21:00,100897.39,101029.63,100294.31,100682.36,6948
07-11-2025 21:30,100682.36,101500.92,100385.67,101418.01,6079
07-11-2025 22:00,101417.38,101509.77,100855.73,101052.48,5538
07-11-2025 22:30,101052.48,102358.37,100830.86,102233.55,6240
07-11-2025 23:00,102234.79,102605.85,101768.81,102292.60,7306
07-11-2025 23:30,102293.68,102759.65,102228.51,102592.96,7293
08-11-2025 00:00,102590.95,102728.40,102177.91,102507.03,7105
08-11-2025 00:30,102507.18,102881.07,102375.41,102750.88,7115
08-11-2025 01:00,102750.88,103308.65,102750.88,103308.65,6327
08-11-2025 01:30,103308.65,103343.64,102853.20,103114.39,6788
08-11-2025 02:00,103114.39,103824.46,103111.73,103712.99,6760
08-11-2025 02:30,103710.09,103714.49,103254.67,103351.24,4822
08-11-2025 03:00,103348.64,103804.46,103294.14,103804.46,3738
08-11-2025 03:30,103861.46,104011.07,103563.51,103859.42,2162
08-11-2025 04:00,103859.42,103859.42,103509.93,103543.36,1367
08-11-2025 04:30,103543.36,103686.21,103326.90,103328.64,2156
08-11-2025 05:00,103328.64,103539.57,103227.95,103242.96,2228
08-11-2025 05:30,103240.72,103308.66,102945.34,102982.79,3167
08-11-2025 06:00,102982.79,103071.76,102443.67,102596.96,4619
08-11-2025 06:30,102596.96,103000.23,102540.82,102855.70,3808
08-11-2025 07:00,102855.70,103124.48,102718.14,102888.92,2439
08-11-2025 07:30,102888.92,103217.06,102811.20,103145.27,2855
08-11-2025 08:00,103145.27,103245.36,102666.08,102757.06,2619
08-11-2025 08:30,102757.06,103209.20,102757.06,103007.77,3302
08-11-2025 09:00,103008.11,103046.75,102486.02,102489.48,3732
08-11-2025 09:30,102489.48,102633.95,102362.83,102367.96,4212
08-11-2025 10:00,102367.31,102739.78,102304.92,102467.27,5147
08-11-2025 10:30,102466.29,102644.92,102369.02,102402.52,3012
08-11-2025 11:00,102402.52,102526.10,102180.12,102206.70,3215
08-11-2025 11:30,102206.70,102338.82,102001.17,102251.04,4004
08-11-2025 12:00,102251.04,102433.81,102110.64,102138.13,3009
08-11-2025 12:30,102138.13,102297.53,101813.03,101983.84,3401
08-11-2025 13:00,101983.84,102312.61,101921.07,102257.58,4493
08-11-2025 13:30,102257.58,102435.19,102061.65,102355.22,3504
08-11-2025 14:00,102354.76,102583.96,102314.55,102337.27,4736
08-11-2025 14:30,102338.68,102425.96,102129.73,102388.02,4091
08-11-2025 15:00,102386.80,102522.96,102205.57,102300.76,4128
08-11-2025 15:30,102300.29,102436.00,102205.10,102433.73,2302
08-11-2025 16:00,102433.67,102489.00,102338.72,102386.59,3649
08-11-2025 16:30,102386.59,102551.88,102347.54,102424.95,3325
08-11-2025 17:00,102424.95,102433.85,101638.38,101771.11,5549
08-11-2025 17:30,101772.33,101985.68,101642.31,101906.72,5453
08-11-2025 18:00,101906.72,102022.76,101797.75,101972.19,3766
08-11-2025 18:30,101972.19,102083.75,101642.52,102027.55,4440
08-11-2025 19:00,102027.55,102113.55,101701.31,101720.66,4765
08-11-2025 19:30,101720.46,101791.39,101390.41,101635.82,5743
08-11-2025 20:00,101635.82,102007.79,101630.21,101759.62,4404
08-11-2025 20:30,101759.62,101887.23,101429.39,101517.36,2531
08-11-2025 21:00,101517.36,101679.11,101425.41,101644.82,4812
08-11-2025 21:30,101644.82,101903.71,101456.40,101773.27,4501
08-11-2025 22:00,101773.59,101880.44,101607.74,101783.28,4208
08-11-2025 22:30,101783.28,101821.86,101511.35,101738.78,3243
08-11-2025 23:00,101738.78,101949.21,101705.29,101933.31,2269
08-11-2025 23:30,101933.22,101957.20,101766.27,101935.20,3038
09-11-2025 00:00,101938.28,102156.12,101840.05,102068.50,3969
09-11-2025 00:30,102068.62,102124.13,101446.79,101738.28,4464
09-11-2025 01:00,101738.28,101955.20,101705.30,101920.03,4079
09-11-2025 01:30,101917.49,102044.66,101884.11,102042.81,3657
09-11-2025 02:00,102042.81,102111.14,101950.90,102005.18,3822
09-11-2025 02:30,102005.18,102085.64,101961.04,102025.26,3875
09-11-2025 03:00,102025.26,102309.06,102023.23,102209.13,4553
09-11-2025 03:30,102209.13,102311.06,102101.40,102264.26,3464
09-11-2025 04:00,102262.66,102363.03,102143.53,102306.15,2077
09-11-2025 04:30,102306.15,102392.02,102259.07,102392.02,3070
09-11-2025 05:00,102392.02,102428.07,102208.29,102245.10,2539
09-11-2025 05:30,102244.66,102274.23,101558.34,101705.09,3868
09-11-2025 06:00,101705.09,102004.18,101650.26,101722.85,3498
09-11-2025 06:30,101722.85,101945.70,101663.31,101780.50,3846
09-11-2025 07:00,101778.82,102039.69,101617.32,101979.19,3364
09-11-2025 07:30,101979.19,101979.19,101749.28,101840.05,2972
09-11-2025 08:00,101840.05,101850.74,101517.42,101573.35,3083
09-11-2025 08:30,101573.35,101756.29,101359.90,101440.41,4511
09-11-2025 09:00,101441.56,101682.94,101412.22,101600.58,3435
09-11-2025 09:30,101600.84,102066.15,101570.66,102000.58,3230
09-11-2025 10:00,102000.58,102032.17,101637.28,101657.35,2590
09-11-2025 10:30,101657.35,101913.17,101615.86,101905.71,2766
09-11-2025 11:00,101905.88,101955.20,101668.23,101860.80,2831
09-11-2025 11:30,101860.80,101884.23,101737.29,101815.34,1682
09-11-2025 12:00,101815.34,101898.22,101634.14,101687.93,2221
09-11-2025 12:30,101687.93,101830.76,101612.56,101723.43,3061
09-11-2025 13:00,101723.43,101916.73,101705.04,101881.08,2993
09-11-2025 13:30,101882.86,101985.53,101759.50,101882.34,5100
09-11-2025 14:00,101882.59,101992.26,101784.45,101925.63,5054
09-11-2025 14:30,101925.63,102081.99,101824.25,101907.22,3247
09-11-2025 15:00,101907.22,101983.33,101563.35,101594.51,3195
09-11-2025 15:30,101594.51,101745.28,101446.08,101698.93,3901
09-11-2025 16:00,101698.93,101866.53,101535.34,101824.15,2956
09-11-2025 16:30,101824.15,102260.09,101824.15,102064.09,3143
09-11-2025 17:00,102064.09,102255.63,101985.83,102183.14,3130
09-11-2025 17:30,102183.14,102374.04,102054.29,102141.12,4329
09-11-2025 18:00,102141.12,102229.84,101998.18,102031.37,2639
09-11-2025 18:30,102031.37,102459.00,102017.64,102455.52,4023
09-11-2025 19:00,102455.52,102944.14,102426.67,102859.44,5354
09-11-2025 19:30,102859.19,103797.13,102703.83,103789.97,6410
09-11-2025 20:00,103802.58,103981.77,102849.76,102983.00,8716
09-11-2025 20:30,102982.12,103545.44,102917.68,103529.01,7663
09-11-2025 21:00,103529.47,104105.65,103456.06,103698.63,7851
09-11-2025 21:30,103698.63,103796.52,103273.61,103436.60,7949
09-11-2025 22:00,103435.52,103841.32,103264.48,103783.51,6574
09-11-2025 22:30,103782.60,103902.65,103260.21,103557.60,6586
09-11-2025 23:00,103557.60,103757.48,103399.62,103584.56,4262
09-11-2025 23:30,103580.08,103701.62,103454.94,103541.48,2754
10-11-2025 00:00,103541.33,104517.20,103536.90,104452.09,4485
10-11-2025 00:30,104452.09,104690.10,104090.94,104683.57,5028
10-11-2025 01:00,104686.10,104754.58,104498.83,104753.08,4740
10-11-2025 01:30,104753.08,105003.98,104349.27,104439.49,5790
10-11-2025 02:00,104437.81,104637.63,104402.21,104568.18,3801
10-11-2025 02:30,104568.18,104595.12,104312.33,104586.34,3849
10-11-2025 03:00,104586.34,104792.10,104252.26,104472.81,4092
10-11-2025 03:30,104472.82,104635.63,104011.62,104278.30,4802
10-11-2025 04:00,104278.30,104757.25,104084.35,104668.81,3745
10-11-2025 04:30,104671.12,105409.33,104578.49,104603.63,5006
10-11-2025 05:00,104607.81,104719.17,104463.46,104652.37,6026
10-11-2025 05:30,104652.37,105643.24,104207.09,105442.25,7568
10-11-2025 06:00,105440.73,106453.71,105406.08,106236.85,7575
10-11-2025 06:30,106229.08,106604.60,105959.50,106000.46,7274
10-11-2025 07:00,106000.46,106107.54,105647.72,105647.72,4481
10-11-2025 07:30,105647.72,105909.62,105521.27,105713.70,4344
10-11-2025 08:00,105713.70,105994.33,105595.12,105934.58,5578
10-11-2025 08:30,105934.58,106230.00,105773.96,105905.62,3110
10-11-2025 09:00,105900.03,106184.28,105812.65,105973.59,3733
10-11-2025 09:30,105973.59,106247.26,105808.65,105884.02,2680
10-11-2025 10:00,105884.02,106218.18,105784.11,106102.61,3103
10-11-2025 10:30,106102.47,106417.13,106049.47,106173.64,3234
10-11-2025 11:00,106173.64,106252.44,105934.74,106036.57,3709
10-11-2025 11:30,106038.47,106239.43,105896.29,106046.09,3803
10-11-2025 12:00,106046.09,106253.98,106018.83,106158.31,2430
10-11-2025 12:30,106158.31,106479.89,106097.52,106275.47,2900
10-11-2025 13:00,106275.69,106408.43,106165.90,106397.72,3684
10-11-2025 13:30,106397.72,106505.47,106127.22,106178.15,4066
10-11-2025 14:00,106178.15,106178.15,105844.64,105904.96,4020
10-11-2025 14:30,105905.00,106386.71,105782.66,106368.45,4554
10-11-2025 15:00,106371.19,106548.88,106271.47,106389.42,4027
10-11-2025 15:30,106389.42,106400.42,106094.70,106101.54,3555
10-11-2025 16:00,106101.54,106122.01,105895.01,105933.79,2171
10-11-2025 16:30,105933.94,106193.51,105889.57,106100.52,3736
10-11-2025 17:00,106102.19,106263.48,106075.55,106121.53,2439
10-11-2025 17:30,106121.53,106164.52,105818.40,105861.62,3459
10-11-2025 18:00,105861.62,105985.28,105825.63,105881.63,3214
10-11-2025 18:30,105881.63,106494.67,105859.63,106236.56,4572
10-11-2025 19:00,106237.75,106530.42,106235.63,106477.38,5377
10-11-2025 19:30,106477.38,106477.38,106085.54,106128.03,5449
10-11-2025 20:00,106126.28,106168.53,104617.11,104822.61,6946
10-11-2025 20:30,104823.71,105430.81,104726.69,105409.63,7042
10-11-2025 21:00,105409.63,105564.80,104608.13,105012.04,7374
10-11-2025 21:30,105020.99,105294.87,104737.90,105117.67,7466
10-11-2025 22:00,105115.87,105292.44,104714.09,105161.94,6021
10-11-2025 22:30,105157.91,105454.61,105100.77,105282.87,5752
10-11-2025 23:00,105282.87,105913.63,105282.87,105881.63,5711
10-11-2025 23:30,105881.63,106000.28,105625.83,105839.64,5811
11-11-2025 00:00,105839.64,105904.32,105390.79,105398.54,5534
11-11-2025 00:30,105398.53,105718.40,105324.42,105650.88,3919
11-11-2025 01:00,105645.69,105981.60,105388.83,105753.69,4730
11-11-2025 01:30,105753.68,106216.00,105734.68,105967.09,4935
11-11-2025 02:00,105973.62,106213.51,105756.27,105938.59,5348
11-11-2025 02:30,105940.09,105953.86,105421.30,105479.81,5669
11-11-2025 03:00,105479.81,105590.40,105193.89,105552.76,4910
11-11-2025 03:30,105556.02,105747.90,105296.86,105546.76,3553
11-11-2025 04:00,105546.76,106069.57,105527.77,105983.55,3025
11-11-2025 04:30,105983.55,106206.50,105896.27,106109.10,3976
11-11-2025 05:00,106110.53,106199.72,105807.67,105936.99,4295
11-11-2025 05:30,105937.60,106061.43,105547.35,105661.15,5581
11-11-2025 06:00,105660.41,106076.84,105433.76,106066.18,5467
11-11-2025 06:30,106066.18,107427.54,105981.56,106726.29,6423
11-11-2025 07:00,106726.29,106754.33,105952.66,106025.94,6290
11-11-2025 07:30,106033.91,106331.45,105529.06,106295.56,7749
11-11-2025 08:00,106301.96,107061.93,106274.46,106573.46,8052
11-11-2025 08:30,106573.46,107030.17,106545.26,106691.59,7533
11-11-2025 09:00,106692.33,106805.27,106287.07,106388.09,5217
11-11-2025 09:30,106388.09,106481.41,105903.61,105903.61,5381
11-11-2025 10:00,105903.61,105993.08,105635.72,105679.37,4977
11-11-2025 10:30,105679.37,105688.70,105090.44,105483.79,4760
11-11-2025 11:00,105483.79,105492.07,105169.81,105183.91,5181
11-11-2025 11:30,105183.91,105276.87,104837.00,104966.00,3461
11-11-2025 12:00,104966.00,105232.05,104820.04,105195.90,2759
11-11-2025 12:30,105195.90,105266.38,104887.54,105108.94,2402
11-11-2025 13:00,105108.94,105172.91,104671.89,104721.42,3750
11-11-2025 13:30,104721.94,105210.90,104700.10,105028.47,6053
11-11-2025 14:00,105028.47,105098.45,104818.62,105092.05,4389
11-11-2025 14:30,105092.05,105338.86,105063.95,105274.87,4495
11-11-2025 15:00,105275.36,105422.84,104850.22,104914.01,3685
11-11-2025 15:30,104914.01,105167.40,104860.06,105068.35,5122
11-11-2025 16:00,105068.35,105183.41,104964.55,105118.76,4411
11-11-2025 16:30,105118.56,105334.06,105116.43,105241.41,4394
11-11-2025 17:00,105241.41,105451.31,105078.13,105255.32,3986
11-11-2025 17:30,105253.88,105450.80,104867.14,104905.85,4277
11-11-2025 18:00,104905.64,104973.57,104338.22,104492.20,6505
11-11-2025 18:30,104492.20,104658.37,104161.77,104284.76,5054
11-11-2025 19:00,104285.35,104527.00,104192.97,104355.85,4377
11-11-2025 19:30,104355.85,104516.19,104223.66,104430.48,4766
11-11-2025 20:00,104430.48,104612.74,103785.37,104526.16,6988
11-11-2025 20:30,104526.66,104526.66,103652.03,103658.51,7258
11-11-2025 21:00,103658.51,103677.51,103124.73,103406.37,5666
11-11-2025 21:30,103406.37,103677.51,103145.51,103366.09,6305
11-11-2025 22:00,103366.06,103589.56,103226.27,103348.89,6383
11-11-2025 22:30,103348.89,103577.51,103213.59,103339.64,6215
11-11-2025 23:00,103339.64,103396.62,102787.85,103266.45,6652
11-11-2025 23:30,103264.79,103500.60,102999.17,103245.69,5702
12-11-2025 00:00,103248.77,103460.60,103068.60,103333.00,5176
12-11-2025 00:30,103335.64,103383.76,102826.81,103344.52,5496
12-11-2025 01:00,103348.81,103396.63,103031.76,103063.75,5145
12-11-2025 01:30,103063.75,103166.76,102709.88,102880.77,5115
12-11-2025 02:00,102880.77,102880.77,102590.90,102726.89,3984
12-11-2025 02:30,102730.25,103008.79,102576.94,102708.88,3675
12-11-2025 03:00,102708.88,102754.70,102402.50,102556.95,3825
12-11-2025 03:30,102551.97,102934.50,102416.68,102850.77,4073
12-11-2025 04:00,102851.14,103069.76,102772.75,102917.60,2800
12-11-2025 04:30,102917.60,103135.74,102722.02,103035.41,4727
12-11-2025 05:00,103035.41,103042.65,102716.05,102974.00,5040
12-11-2025 05:30,102976.01,103246.23,102741.85,102999.35,5627
12-11-2025 06:00,102999.00,103015.41,102756.87,102802.85,4689
12-11-2025 06:30,102803.25,103204.08,102595.92,103075.49,6253
12-11-2025 07:00,103075.49,103306.07,103035.59,103177.71,4526
12-11-2025 07:30,103172.00,103337.65,103108.74,103224.69,4928
12-11-2025 08:00,103224.69,103245.69,102851.82,103074.75,5153
12-11-2025 08:30,103074.88,103306.84,103017.91,103253.59,3837
12-11-2025 09:00,103253.59,103380.60,103184.85,103241.31,5134
12-11-2025 09:30,103241.31,103390.40,103129.60,103142.22,3266
12-11-2025 10:00,103142.22,103191.92,102958.76,103182.70,3765
12-11-2025 10:30,103182.70,103388.67,103161.64,103300.92,3813
12-11-2025 11:00,103300.92,103412.76,103213.67,103331.71,1642
12-11-2025 11:30,103331.71,103608.56,103303.33,103472.67,2209
12-11-2025 12:00,103472.67,103503.58,103298.66,103307.36,2399
12-11-2025 12:30,103309.32,103497.54,103280.23,103378.57,3660
12-11-2025 13:00,103378.57,103470.11,103008.76,103070.40,4499
12-11-2025 13:30,103070.40,103852.48,103070.40,103816.17,5991
12-11-2025 14:00,103823.68,104182.31,103694.94,104099.84,4912
12-11-2025 14:30,104099.84,105031.99,104095.34,104708.10,4260
12-11-2025 15:00,104708.10,104808.06,104365.37,104468.36,4388
12-11-2025 15:30,104467.80,104795.07,104459.71,104678.24,4796
12-11-2025 16:00,104678.24,104991.00,104650.42,104843.11,5479
12-11-2025 16:30,104843.07,105150.93,104732.02,104743.21,4552
12-11-2025 17:00,104743.21,104981.22,104689.10,104973.59,3050
12-11-2025 17:30,104973.59,105275.37,104812.77,104909.51,3694
12-11-2025 18:00,104909.51,105041.12,104769.16,104944.42,3511
12-11-2025 18:30,104942.95,104998.31,104571.14,104915.83,3905
12-11-2025 19:00,104915.32,105131.93,104788.34,104990.98,5182
12-11-2025 19:30,104989.98,104989.98,104696.12,104727.27,3709
12-11-2025 20:00,104727.22,104847.55,103573.56,103939.19,7397
12-11-2025 20:30,103939.41,104252.21,103225.65,103410.67,6950
12-11-2025 21:00,103409.83,103651.53,101925.16,102116.85,7264
12-11-2025 21:30,102117.06,102229.34,101288.44,101749.27,8262
12-11-2025 22:00,101749.27,102058.36,101357.22,101379.41,7447
12-11-2025 22:30,101379.41,101766.28,101347.87,101544.74,6257
12-11-2025 23:00,101544.64,102105.79,101486.37,101692.30,6620
12-11-2025 23:30,101692.30,101895.21,101523.34,101550.64,5691
13-11-2025 00:00,101551.40,101793.95,101362.04,101485.02,5511
13-11-2025 00:30,101485.31,101516.88,100764.64,101020.14,5887
13-11-2025 01:00,101018.25,101467.26,100790.64,101229.49,6323
13-11-2025 01:30,101229.49,101730.79,101074.42,101661.18,5697
13-11-2025 02:00,101661.18,101791.27,101424.02,101479.38,5314
13-11-2025 02:30,101480.39,101839.56,101448.95,101657.32,3413
13-11-2025 03:00,101657.32,101869.97,101652.46,101858.65,3557
13-11-2025 03:30,101858.65,101859.24,101386.92,101645.33,3629
13-11-2025 04:00,101645.33,101939.21,101543.90,101915.66,2601
13-11-2025 04:30,101916.17,101949.62,101553.08,101827.48,5231
13-11-2025 05:00,101827.49,101879.22,101411.89,101598.34,4269
13-11-2025 05:30,101598.34,101783.81,101403.79,101426.06,3445
13-11-2025 06:00,101426.12,101986.21,101426.12,101813.25,4015
13-11-2025 06:30,101813.25,102565.46,101788.71,101937.53,5707
13-11-2025 07:00,101937.58,102403.52,101888.23,101949.04,4783
13-11-2025 07:30,101949.17,102278.67,101913.92,101944.11,5081
13-11-2025 08:00,101943.69,102295.08,101931.11,102007.64,5040
13-11-2025 08:30,102010.20,102094.27,100858.59,102064.46,6848
13-11-2025 09:00,102063.17,102504.02,102059.60,102065.27,6280
13-11-2025 09:30,102065.27,102357.09,101599.43,102076.47,6710
13-11-2025 10:00,102076.47,102162.16,101739.96,102058.31,5734
13-11-2025 10:30,102056.50,102198.59,101719.77,102196.87,4949
13-11-2025 11:00,102196.87,103329.40,102143.49,103069.49,7314
13-11-2025 11:30,103075.37,103585.56,102852.25,103504.82,6657
13-11-2025 12:00,103510.38,103626.55,103251.84,103532.58,5788
13-11-2025 12:30,103532.58,104000.47,103523.38,103851.75,6777
13-11-2025 13:00,103851.75,103927.00,103255.30,103408.49,5782
13-11-2025 13:30,103408.49,103701.04,103217.48,103648.14,4638
13-11-2025 14:00,103648.73,103747.97,103481.62,103597.46,4654
13-11-2025 14:30,103597.46,103682.84,102492.12,102824.82,6165
13-11-2025 15:00,102824.82,103092.81,102548.57,102767.36,3701
13-11-2025 15:30,102767.36,103223.35,102711.69,103005.12,4161
13-11-2025 16:00,103005.12,103057.76,102804.46,102925.44,4089
13-11-2025 16:30,102925.32,103107.76,102809.54,102842.84,4703
13-11-2025 17:00,102842.34,102999.54,102628.53,102865.36,3842
13-11-2025 17:30,102865.36,103099.50,102663.08,102890.96,4661
13-11-2025 18:00,102891.61,103215.71,102859.38,103082.69,5551
13-11-2025 18:30,103081.15,103100.75,102361.03,102480.66,4725
13-11-2025 19:00,102480.66,102602.19,102081.31,102258.85,6596
13-11-2025 19:30,102258.85,102465.04,102035.06,102382.15,5667
13-11-2025 20:00,102385.61,103397.68,101680.19,102809.82,8919
13-11-2025 20:30,102809.82,102926.23,101957.17,102140.25,8215
13-11-2025 21:00,102140.25,102147.14,101114.72,101318.03,7933
13-11-2025 21:30,101318.03,101471.41,100647.61,100984.28,5890
13-11-2025 22:00,100976.66,101346.97,100471.39,100550.59,7045
13-11-2025 22:30,100542.24,100725.42,100102.39,100217.79,6638
13-11-2025 23:00,100218.89,100410.50,99525.28,99559.50,7948
13-11-2025 23:30,99558.86,99824.99,98628.34,98990.90,8919
14-11-2025 00:00,98994.73,99021.82,98045.42,98489.79,9110
14-11-2025 00:30,98489.79,99199.26,98238.11,99067.08,9795
14-11-2025 01:00,99067.07,99124.16,98271.70,98589.53,7587
14-11-2025 01:30,98593.38,98593.38,97890.80,98406.61,8939
14-11-2025 02:00,98409.60,98893.68,97964.91,98040.02,8738
14-11-2025 02:30,98044.79,98588.07,97893.85,98407.57,7314
14-11-2025 03:00,98408.64,98798.28,98379.79,98698.62,6048
14-11-2025 03:30,98699.62,99453.40,98596.44,99422.23,7307
14-11-2025 04:00,99422.23,99845.38,99303.39,99758.02,7562
14-11-2025 04:30,99757.62,100299.86,99469.29,100127.54,6358
14-11-2025 05:00,100127.54,100404.12,99496.74,99574.68,5987
14-11-2025 05:30,99572.56,99626.21,98722.27,99376.80,9227
14-11-2025 06:00,99376.80,99697.11,98650.22,98895.64,8345
14-11-2025 06:30,98894.06,99337.27,98624.27,99031.94,8586
14-11-2025 07:00,99037.42,99482.04,98928.58,99177.15,7872
14-11-2025 07:30,99177.14,99772.79,99162.06,99610.10,6869
14-11-2025 08:00,99610.10,99786.10,99378.57,99541.85,5381
14-11-2025 08:30,99541.85,99578.32,98982.52,99228.58,5576
14-11-2025 09:00,99228.58,99257.02,98732.34,99064.74,4337
14-11-2025 09:30,99064.74,99105.68,98714.63,98900.32,4636
14-11-2025 10:00,98901.40,98901.40,96647.13,97752.30,10049
14-11-2025 10:30,97749.50,97961.17,97200.72,97203.70,7435
14-11-2025 11:00,97199.92,97582.69,96957.85,97449.66,6870
14-11-2025 11:30,97449.76,97452.26,96740.47,96908.70,6650
14-11-2025 12:00,96908.70,97519.12,95867.38,97475.49,8836
14-11-2025 12:30,97475.49,97652.89,96822.14,97612.77,8539
14-11-2025 13:00,97612.77,97614.72,96692.12,97059.23,7998
14-11-2025 13:30,97059.23,97353.50,96747.79,96835.74,5845
14-11-2025 14:00,96836.39,97346.68,96692.75,97280.60,5825
14-11-2025 14:30,97281.28,97452.45,96899.66,96981.35,6005
14-11-2025 15:00,96981.50,97067.31,96581.83,96757.72,4848
14-11-2025 15:30,96757.72,97018.17,96640.45,96910.12,5946
14-11-2025 16:00,96910.12,97211.34,96592.15,96671.84,5231
14-11-2025 16:30,96671.84,96870.28,96310.88,96451.30,5805
14-11-2025 17:00,96454.73,96482.66,95639.18,96091.35,8577
14-11-2025 17:30,96091.35,96091.35,95443.11,95666.49,7781
14-11-2025 18:00,95666.49,95838.99,94446.29,95246.20,10595
14-11-2025 18:30,95246.25,95581.88,94582.98,94974.77,10090
14-11-2025 19:00,94975.99,95496.59,94448.79,95111.10,10310
14-11-2025 19:30,95111.11,95689.08,94905.75,95278.29,8746
14-11-2025 20:00,95277.35,96682.47,94816.00,96424.45,11516
14-11-2025 20:30,96423.65,96714.29,95746.37,96420.00,10982
14-11-2025 21:00,96420.00,97190.59,96350.22,96685.33,10531
14-11-2025 21:30,96685.33,97093.05,96159.37,96857.84,9385
14-11-2025 22:00,96858.58,97297.81,96797.11,96915.66,8082
14-11-2025 22:30,96915.66,97043.70,96421.23,96628.51,6578
14-11-2025 23:00,96628.51,96637.24,95519.91,95755.23,7242
14-11-2025 23:30,95741.68,96230.50,95518.27,95966.45,7356
15-11-2025 00:00,95941.84,96091.85,94878.97,94969.25,7316
15-11-2025 00:30,94970.04,95809.60,94686.45,95617.91,6839
15-11-2025 01:00,95615.03,95714.19,95166.29,95666.71,6920
15-11-2025 01:30,95666.72,95828.31,94778.35,94823.26,6905
15-11-2025 02:00,94823.25,94985.04,94089.10,94252.06,7778
15-11-2025 02:30,94251.96,94991.63,94121.79,94555.35,7641
15-11-2025 03:00,94555.53,95017.26,94535.84,94928.21,5485
15-11-2025 03:30,94931.99,95244.83,94574.25,95141.92,5983
15-11-2025 04:00,95141.92,95362.05,94694.11,95057.97,5517
15-11-2025 04:30,95057.97,95057.97,93940.46,94202.60,6452
15-11-2025 05:00,94208.80,94870.00,94067.10,94466.15,5901
15-11-2025 05:30,94466.16,95311.61,94442.89,95244.29,7775
15-11-2025 06:00,95244.29,95258.05,94586.21,95031.76,7026
15-11-2025 06:30,95031.65,95193.43,94627.76,95002.46,6541
15-11-2025 07:00,95000.52,95671.22,94995.95,95536.30,6588
15-11-2025 07:30,95537.02,95765.89,95284.87,95759.00,5465
15-11-2025 08:00,95759.60,96372.30,95513.33,96358.37,6896
15-11-2025 08:30,96358.37,96708.26,96070.49,96542.11,7517
15-11-2025 09:00,96535.72,96578.42,96024.68,96307.44,5413
15-11-2025 09:30,96309.23,96420.46,95968.76,95987.65,4859
15-11-2025 10:00,95987.53,96096.57,95833.44,96009.58,3492
15-11-2025 10:30,96009.58,96143.53,95873.04,95986.35,4056
15-11-2025 11:00,95986.40,96331.87,95874.78,96248.74,4423
15-11-2025 11:30,96248.74,96416.41,96149.54,96317.48,3091
15-11-2025 12:00,96317.48,96490.54,95875.90,96021.32,3888
15-11-2025 12:30,96013.72,96263.64,95857.20,96245.60,3267
15-11-2025 13:00,96245.60,96274.45,96005.57,96229.05,3633
15-11-2025 13:30,96229.04,96252.39,95711.68,95874.36,4183
15-11-2025 14:00,95874.36,96183.66,95522.88,95796.55,5038
15-11-2025 14:30,95792.17,96039.61,95557.35,95837.81,4282
15-11-2025 15:00,95837.81,95973.60,95588.96,95697.41,3928
15-11-2025 15:30,95697.41,95829.80,95575.01,95762.93,4087
15-11-2025 16:00,95763.69,95962.27,95700.85,95840.87,2392
15-11-2025 16:30,95840.87,95874.61,95618.21,95725.72,2293
15-11-2025 17:00,95725.72,95782.68,95514.11,95588.25,3540
15-11-2025 17:30,95588.15,95770.74,95467.78,95751.47,3704
15-11-2025 18:00,95751.47,95767.64,95546.12,95713.03,3780
15-11-2025 18:30,95713.03,96076.08,95614.77,95965.86,5066
15-11-2025 19:00,95965.86,96282.86,95879.12,96281.93,5287
15-11-2025 19:30,96279.60,96395.83,96003.34,96049.55,4701
15-11-2025 20:00,96049.56,96247.13,95942.03,96152.08,4981
15-11-2025 20:30,96152.08,96338.86,96010.28,96278.37,5428
15-11-2025 21:00,96278.37,96287.32,96016.56,96170.12,5467
15-11-2025 21:30,96169.02,96248.86,95638.14,95697.72,6364
15-11-2025 22:00,95697.72,96100.25,95621.23,96054.65,5278
15-11-2025 22:30,96054.65,96292.04,95735.63,95913.07,5987
15-11-2025 23:00,95913.94,96188.21,95780.10,96132.55,5493
15-11-2025 23:30,96131.33,96241.55,95853.02,95961.60,4393
16-11-2025 00:00,95961.60,96090.36,95875.59,95951.61,4423
16-11-2025 00:30,95951.61,96047.67,95861.99,95958.40,2707
16-11-2025 01:00,95959.74,95971.73,95818.26,95907.65,2439
16-11-2025 01:30,95907.65,95922.62,95550.33,95625.32,3406
16-11-2025 02:00,95625.30,95625.30,95023.76,95173.32,3892
16-11-2025 02:30,95173.27,95577.49,95107.89,95313.86,4648
16-11-2025 03:00,95313.86,95405.58,95020.71,95187.00,4087
16-11-2025 03:30,95187.00,95561.08,95124.41,95501.91,4643
16-11-2025 04:00,95501.91,95559.29,95278.77,95518.46,3489
16-11-2025 04:30,95518.46,95594.45,95379.98,95534.70,4084
16-11-2025 05:00,95533.80,95585.30,95433.77,95506.75,2904
16-11-2025 05:30,95506.72,95611.85,95142.93,95166.04,4479
16-11-2025 06:00,95166.04,95478.04,95106.32,95268.11,3858
16-11-2025 06:30,95265.85,95406.03,94964.35,95349.28,4790
16-11-2025 07:00,95349.80,95363.92,94755.75,95177.58,6098
16-11-2025 07:30,95177.58,95687.52,94999.98,95564.23,4529
16-11-2025 08:00,95564.23,95866.52,95496.47,95866.52,4462
16-11-2025 08:30,95866.52,95875.64,95659.58,95707.19,4403
16-11-2025 09:00,95707.19,95743.00,95513.57,95711.42,3384
16-11-2025 09:30,95711.42,95821.63,95587.78,95723.33,4532
16-11-2025 10:00,95723.34,95738.46,95538.85,95717.16,3770
16-11-2025 10:30,95717.16,96081.54,95705.54,95857.44,3447
16-11-2025 11:00,95857.44,95873.05,95750.28,95773.68,3148
16-11-2025 11:30,95773.68,95935.80,95668.24,95873.77,3888
16-11-2025 12:00,95873.77,95907.31,95644.33,95694.95,3221
16-11-2025 12:30,95694.95,95870.41,95625.82,95726.18,2948
16-11-2025 13:00,95726.74,95997.75,95725.77,95979.95,3001
16-11-2025 13:30,95979.70,96131.37,95744.45,95764.93,3193
16-11-2025 14:00,95764.93,96067.50,95762.92,96004.40,3051
16-11-2025 14:30,96004.40,96023.31,95817.63,95997.57,3117
16-11-2025 15:00,95997.57,96521.85,95937.62,96512.53,3568
16-11-2025 15:30,96512.53,96512.53,96258.33,96369.09,3850
16-11-2025 16:00,96369.09,96410.87,96279.40,96328.08,2273
16-11-2025 16:30,96328.08,96342.70,95441.79,95495.95,3839
16-11-2025 17:00,95496.01,95661.73,95401.62,95531.28,2722
16-11-2025 17:30,95531.28,95801.27,95483.36,95700.77,2234
16-11-2025 18:00,95700.77,95788.76,95343.22,95642.88,3349
16-11-2025 18:30,95642.88,95750.12,95278.83,95283.49,2892
16-11-2025 19:00,95294.79,95430.77,95021.96,95329.86,5364
16-11-2025 19:30,95329.86,95463.96,95209.91,95312.50,3846
16-11-2025 20:00,95312.50,95579.66,95274.72,95438.87,5735
16-11-2025 20:30,95438.87,95453.75,95210.58,95332.96,6185
16-11-2025 21:00,95333.02,95385.45,94285.36,94464.54,7699
16-11-2025 21:30,94465.12,94846.76,94027.27,94194.03,10624
16-11-2025 22:00,94194.03,94387.09,93924.58,94126.44,10678
16-11-2025 22:30,94126.44,94426.90,94027.10,94300.07,10176
16-11-2025 23:00,94299.34,94415.23,93703.57,94264.61,7707
16-11-2025 23:30,94265.50,95464.86,94148.49,94742.08,7305
17-11-2025 00:00,94742.08,94742.08,93699.74,93950.42,6596
17-11-2025 00:30,93950.42,94502.19,93908.69,94302.26,5831
17-11-2025 01:00,94302.26,94415.86,93852.83,93933.59,4698
17-11-2025 01:30,93937.60,94649.89,93868.47,94518.13,4847
17-11-2025 02:00,94518.13,94579.89,93989.57,93998.32,5189
17-11-2025 02:30,93998.32,94109.40,93487.79,93580.60,6490
17-11-2025 03:00,93580.11,93741.95,93283.84,93398.61,4814
17-11-2025 03:30,93398.61,93664.48,92921.68,93569.43,5652
17-11-2025 04:00,93570.13,94410.89,93426.30,94075.49,6480
17-11-2025 04:30,94077.81,94265.97,92894.97,94121.27,8560
17-11-2025 05:00,94121.65,94441.92,93935.99,94146.29,6118
17-11-2025 05:30,94145.45,94632.28,93657.17,94614.13,6940
17-11-2025 06:00,94612.12,95281.89,94450.30,95205.37,6134
17-11-2025 06:30,95205.37,95407.07,94770.09,95057.95,5512
17-11-2025 07:00,95057.95,95057.95,94620.50,94666.85,4265
17-11-2025 07:30,94666.85,95305.19,94605.06,95061.65,4510
17-11-2025 08:00,95063.04,95148.67,94773.23,94866.65,4198
17-11-2025 08:30,94866.65,95446.82,94857.29,95331.61,4804
17-11-2025 09:00,95331.61,95405.40,95095.94,95395.84,4593
17-11-2025 09:30,95395.84,95472.88,94773.58,95315.79,4935
17-11-2025 10:00,95315.79,95331.32,94985.99,95002.88,4792
17-11-2025 10:30,95002.88,95100.75,94799.83,95049.59,3223
17-11-2025 11:00,95052.66,95163.52,94922.64,95019.97,3118
17-11-2025 11:30,95019.97,95140.94,94787.34,94956.80,3821
17-11-2025 12:00,94956.80,95226.47,94796.07,95166.03,2831
17-11-2025 12:30,95166.03,95533.09,95087.93,95327.02,5248
17-11-2025 13:00,95327.02,95765.03,95273.24,95531.24,4405
17-11-2025 13:30,95531.24,95907.14,95509.52,95740.64,3819
17-11-2025 14:00,95740.64,95815.66,95415.15,95511.79,2326
17-11-2025 14:30,95511.79,95728.72,95196.68,95611.94,3907
17-11-2025 15:00,95611.94,95754.32,95447.78,95538.32,3047
17-11-2025 15:30,95538.32,95708.47,95485.18,95515.87,2537
17-11-2025 16:00,95515.87,95773.23,95425.41,95539.01,2458
17-11-2025 16:30,95539.01,95708.51,95438.74,95596.27,1696
17-11-2025 17:00,95596.27,95819.82,95261.85,95452.25,2815
17-11-2025 17:30,95452.25,95461.91,95169.96,95349.46,2650
17-11-2025 18:00,95349.46,95454.47,95156.03,95206.19,2678
17-11-2025 18:30,95206.19,95268.35,94405.72,94467.39,5513
17-11-2025 19:00,94466.90,94584.68,93462.77,93831.95,6799
17-11-2025 19:30,93829.97,94324.12,93657.95,94033.65,6752
17-11-2025 20:00,94032.13,95900.26,93877.94,94643.82,8814
17-11-2025 20:30,94645.48,94892.02,93698.68,94406.01,8493
17-11-2025 21:00,94406.01,94569.53,93779.21,93834.46,7253
17-11-2025 21:30,93834.46,93890.28,92937.51,93368.59,7573
17-11-2025 22:00,93367.89,94293.06,93231.77,94182.55,7575
17-11-2025 22:30,94181.93,94278.42,93375.61,93404.91,7447
17-11-2025 23:00,93404.23,93536.53,92534.24,92635.13,8210
17-11-2025 23:30,92635.40,93066.76,92316.62,92323.03,7307
18-11-2025 00:00,92320.43,92930.94,92291.78,92398.54,6507
18-11-2025 00:30,92400.54,92521.36,91941.12,92117.93,7204
18-11-2025 01:00,92112.85,92288.95,91434.70,91521.36,8299
18-11-2025 01:30,91521.07,91929.26,91137.75,91614.18,8319
18-11-2025 02:00,91616.58,92070.67,91341.43,91798.40,7054
18-11-2025 02:30,91774.20,92103.81,91417.90,91623.33,5515
18-11-2025 03:00,91623.33,91916.94,91368.80,91799.73,4570
18-11-2025 03:30,91799.73,92073.33,91658.61,92037.12,4453
18-11-2025 04:00,92037.12,92258.06,91967.87,92103.14,4431
18-11-2025 04:30,92103.14,92136.63,91668.76,91739.04,5109
18-11-2025 05:00,91739.04,92087.40,91642.57,92063.75,4713
18-11-2025 05:30,92063.75,92205.10,91844.22,91876.33,3489
18-11-2025 06:00,91876.33,92058.73,91060.62,92020.99,7493
18-11-2025 06:30,92017.18,92063.16,91518.10,91649.29,6921
18-11-2025 07:00,91649.29,91917.75,91468.00,91593.40,7352
18-11-2025 07:30,91577.43,91584.18,90611.00,91525.40,7361
18-11-2025 08:00,91525.40,91601.58,90556.07,90713.74,7684
18-11-2025 08:30,90713.74,90747.77,89882.05,89882.05,8216
18-11-2025 09:00,89880.02,90779.04,89562.92,90700.21,8261
18-11-2025 09:30,90695.70,90718.74,89755.07,89782.04,6874
18-11-2025 10:00,89782.04,90037.49,89164.63,89942.35,8586
18-11-2025 10:30,89939.62,90336.52,89572.03,90041.13,7005
18-11-2025 11:00,90045.96,90242.44,89776.05,90069.93,5806
18-11-2025 11:30,90071.80,90083.67,89797.84,89922.99,5673
18-11-2025 12:00,89922.99,89971.90,89225.27,89501.98,7396
18-11-2025 12:30,89501.98,90034.43,89226.17,89993.98,5903
18-11-2025 13:00,89993.98,90403.77,89862.01,90358.30,7010
18-11-2025 13:30,90358.30,91051.60,90355.82,90689.60,7744
18-11-2025 14:00,90692.08,91303.96,90663.54,91087.15,6194
18-11-2025 14:30,91084.09,91319.23,90749.68,90796.64,5451
18-11-2025 15:00,90796.64,91332.07,90758.16,91252.78,4884
18-11-2025 15:30,91252.78,91440.01,91109.86,91187.99,5947
18-11-2025 16:00,91187.99,91469.11,91121.42,91436.26,3999
18-11-2025 16:30,91436.26,91471.40,91096.91,91329.96,4738
18-11-2025 17:00,91329.96,91464.25,91130.43,91375.08,4859
18-11-2025 17:30,91378.39,91433.05,90963.60,91087.38,5137
18-11-2025 18:00,91087.51,91736.41,91079.55,91379.44,4861
18-11-2025 18:30,91374.94,91522.25,91134.10,91146.77,4254
18-11-2025 19:00,91146.77,91363.43,90778.72,91348.55,6940
18-11-2025 19:30,91348.55,91767.32,91070.55,91649.31,5768
18-11-2025 20:00,91647.30,92314.24,91225.50,91225.50,8066
18-11-2025 20:30,91213.47,92891.64,90891.60,92673.47,9246
18-11-2025 21:00,92677.07,92913.45,92293.69,92799.46,8061
18-11-2025 21:30,92799.46,93699.55,92465.93,93632.37,7508
18-11-2025 22:00,93631.09,93740.32,93082.72,93414.98,7881
18-11-2025 22:30,93414.98,93576.25,92785.23,92866.28,6695
18-11-2025 23:00,92866.28,93415.33,92731.43,93176.81,5641
18-11-2025 23:30,93176.81,93677.97,93117.81,93139.56,5683
19-11-2025 00:00,93140.09,93569.99,93058.23,93237.52,5739
19-11-2025 00:30,93237.52,93437.80,93123.49,93346.94,6723
19-11-2025 01:00,93346.94,93534.08,92888.80,93095.80,6779
19-11-2025 01:30,93095.80,93217.40,92843.63,93047.82,5154
19-11-2025 02:00,93047.79,93102.66,92571.29,92718.48,7123
19-11-2025 02:30,92721.08,92956.51,92586.37,92852.88,4807
19-11-2025 03:00,92852.88,92852.88,92384.05,92414.71,4756
19-11-2025 03:30,92414.71,93187.01,92404.20,93156.01,4675
19-11-2025 04:00,93156.01,93341.75,93014.36,93075.70,2978
19-11-2025 04:30,93075.70,93089.38,92649.00,92747.35,5148
19-11-2025 05:00,92747.21,92950.90,92658.67,92877.27,3108
19-11-2025 05:30,92877.27,92908.01,91884.53,92217.67,6748
19-11-2025 06:00,92217.67,92582.10,91977.43,92318.34,6366
19-11-2025 06:30,92317.61,92568.17,91843.25,92339.46,7581
19-11-2025 07:00,92339.46,92418.32,92060.33,92356.10,6487
19-11-2025 07:30,92353.77,92773.17,92178.95,92511.15,6765
19-11-2025 08:00,92511.15,92758.70,92441.54,92478.89,5941
19-11-2025 08:30,92478.89,92545.72,92055.78,92208.21,7029
19-11-2025 09:00,92208.21,92208.21,91579.57,91779.64,8798
19-11-2025 09:30,91777.94,91885.33,91511.99,91596.56,7842
19-11-2025 10:00,91596.93,91604.24,91063.91,91064.42,7251
19-11-2025 10:30,91063.32,91169.01,90718.73,90739.69,5349
19-11-2025 11:00,90739.69,90750.12,89924.27,90351.92,7751
19-11-2025 11:30,90351.77,90714.24,90172.95,90713.83,6922
19-11-2025 12:00,90713.83,91005.40,90704.22,90884.16,6134
19-11-2025 12:30,90884.16,91323.80,90847.90,91171.23,5678
19-11-2025 13:00,91173.62,91937.22,91088.49,91767.42,6259
19-11-2025 13:30,91767.42,91871.39,91527.84,91843.74,5404
19-11-2025 14:00,91843.74,91843.74,91242.50,91379.03,4152
19-11-2025 14:30,91378.79,91413.01,90981.54,91197.79,5517
19-11-2025 15:00,91197.79,91433.96,91177.90,91428.83,4475
19-11-2025 15:30,91428.83,91607.45,91236.17,91389.43,3986
19-11-2025 16:00,91389.43,91411.42,91131.63,91204.83,3524
19-11-2025 16:30,91204.83,91662.81,91200.17,91443.41,3727
19-11-2025 17:00,91443.41,91520.64,91238.94,91302.48,4377
19-11-2025 17:30,91300.26,91494.28,91102.34,91251.68,3081
19-11-2025 18:00,91251.72,91772.54,91202.56,91681.87,4218
19-11-2025 18:30,91679.70,91699.90,91443.68,91685.51,4581
19-11-2025 19:00,91685.51,91800.19,91158.31,91304.13,6031
19-11-2025 19:30,91304.13,91428.32,90947.14,91026.86,6085
19-11-2025 20:00,91026.86,91770.71,91007.28,91629.23,7830
19-11-2025 20:30,91629.23,92304.24,91035.21,91146.71,7522
19-11-2025 21:00,91146.71,91155.51,89779.23,89834.68,7583
19-11-2025 21:30,89833.75,90127.18,89502.17,89590.13,7635
19-11-2025 22:00,89590.13,89810.08,89344.71,89791.53,7805
19-11-2025 22:30,89796.35,90017.80,89185.19,89407.16,7622
19-11-2025 23:00,89406.26,89457.12,88768.59,89386.32,7028
19-11-2025 23:30,89386.33,89599.61,88725.16,88933.88,6139
20-11-2025 00:00,88933.88,89171.51,88662.51,89097.89,6241
20-11-2025 00:30,89097.89,89238.29,88714.54,88801.67,5861
20-11-2025 01:00,88801.67,88962.93,88487.31,88747.43,6545
20-11-2025 01:30,88747.43,89254.29,88466.08,89254.29,6442
20-11-2025 02:00,89254.29,89552.49,88946.12,89408.81,6643
20-11-2025 02:30,89381.87,90696.80,89306.16,89967.99,6944
20-11-2025 03:00,89967.99,90630.37,89917.27,90467.67,5598
20-11-2025 03:30,90467.69,90508.66,89969.08,90453.87,5175
20-11-2025 04:00,90453.80,90500.78,90204.09,90348.68,3201
20-11-2025 04:30,90348.68,91416.03,90348.68,91269.84,5871
20-11-2025 05:00,91269.84,91470.25,91126.98,91430.98,4678
20-11-2025 05:30,91429.78,91780.69,91064.07,91729.32,6079
20-11-2025 06:00,91729.76,92187.08,91722.83,91765.28,6144
20-11-2025 06:30,91765.28,92403.71,91698.18,92117.15,4720
20-11-2025 07:00,92117.15,92589.57,92117.15,92476.54,3864
20-11-2025 07:30,92476.54,92693.07,92270.24,92379.00,5325
20-11-2025 08:00,92379.00,92613.56,92203.58,92474.77,4927
20-11-2025 08:30,92474.77,92606.45,92253.05,92268.40,4351
20-11-2025 09:00,92268.40,92552.21,92256.52,92318.61,3124
20-11-2025 09:30,92319.03,92435.39,92012.53,92181.24,2567
20-11-2025 10:00,92181.22,92871.16,92072.82,92841.79,4620
20-11-2025 10:30,92841.79,93041.64,92540.42,92558.21,3047
20-11-2025 11:00,92558.21,92647.48,92455.18,92498.26,1681
20-11-2025 11:30,92498.26,92735.51,92274.82,92327.08,2434
20-11-2025 12:00,92327.08,92383.02,91565.25,91855.29,3754
20-11-2025 12:30,91855.29,91969.19,91678.03,91807.91,3461
20-11-2025 13:00,91807.91,92311.20,91804.97,92190.16,4584
20-11-2025 13:30,92189.89,92279.16,91937.18,92149.78,4940
20-11-2025 14:00,92149.78,92220.48,91913.21,92003.18,3241
20-11-2025 14:30,92003.18,92016.60,91640.34,91693.26,2774
20-11-2025 15:00,91693.26,91829.18,91318.35,91773.27,3360
20-11-2025 15:30,91773.27,91907.40,91469.63,91841.73,2874
20-11-2025 16:00,91841.73,91929.62,91598.10,91673.33,2806
20-11-2025 16:30,91673.33,91697.77,91350.54,91441.09,2558
20-11-2025 17:00,91435.53,91903.15,91435.41,91795.92,3645
20-11-2025 17:30,91795.92,91872.99,91556.45,91609.63,3989
20-11-2025 18:00,91609.43,91863.77,91588.56,91710.91,3170
20-11-2025 18:30,91710.91,91974.11,91583.84,91783.88,4913
20-11-2025 19:00,91794.04,92385.73,91365.72,91400.36,8517
20-11-2025 19:30,91400.36,91406.84,90354.29,91319.74,8057
20-11-2025 20:00,91321.78,91538.20,90531.42,90968.67,9521
20-11-2025 20:30,90970.03,91044.62,90111.53,90487.28,8462
20-11-2025 21:00,90487.28,90555.21,89681.99,89722.75,7680
20-11-2025 21:30,89724.80,89765.64,88119.52,88576.20,9068
20-11-2025 22:00,88572.57,88778.10,87371.28,87739.67,9025
20-11-2025 22:30,87732.28,88015.04,86625.66,86991.20,9981
20-11-2025 23:00,86992.62,87228.77,86272.21,87101.70,9782
20-11-2025 23:30,87101.70,87636.99,86728.85,86822.11,9505
21-11-2025 00:00,86822.10,86900.88,86191.75,86345.09,8737
21-11-2025 00:30,86342.12,87006.15,85948.60,86781.45,9851
21-11-2025 01:00,86782.43,86857.83,86294.02,86762.29,7660
21-11-2025 01:30,86762.29,86904.93,86177.31,86889.40,6748
21-11-2025 02:00,86889.40,86970.33,86194.03,86298.37,7466
21-11-2025 02:30,86299.45,87322.92,86272.49,86996.63,5462
21-11-2025 03:00,86996.63,87535.60,86908.22,87155.73,4633
21-11-2025 03:30,87152.11,87993.91,87065.24,87993.91,4777
21-11-2025 04:00,87993.91,88114.96,87518.04,87931.97,4495
21-11-2025 04:30,87934.35,88032.16,87070.12,87130.91,5689
21-11-2025 05:00,87130.91,87165.12,86422.58,86499.38,6449
21-11-2025 05:30,86497.29,87284.71,86445.99,87142.59,7415
21-11-2025 06:00,87143.08,87360.94,86892.31,87142.52,6675
21-11-2025 06:30,87142.52,87325.05,86686.19,87139.77,5798
21-11-2025 07:00,87139.77,87185.11,86766.93,86906.71,3780
21-11-2025 07:30,86906.71,86932.43,86040.66,86357.88,6516
21-11-2025 08:00,86357.56,86514.52,85234.98,85312.65,7850
21-11-2025 08:30,85305.41,85911.73,85300.06,85549.75,7963
21-11-2025 09:00,85545.05,85995.58,85436.65,85683.73,5922
21-11-2025 09:30,85683.73,85767.86,85473.92,85720.45,6863
21-11-2025 10:00,85723.10,85979.79,85261.31,85911.83,7970
21-11-2025 10:30,85911.83,86213.94,85816.16,86069.20,6694
21-11-2025 11:00,86069.20,86165.41,85696.45,86050.20,5111
21-11-2025 11:30,86050.41,86113.84,85456.55,85487.78,5364
21-11-2025 12:00,85487.78,85687.42,85397.41,85431.79,5304
21-11-2025 12:30,85431.79,85621.09,85042.95,85055.94,6709
21-11-2025 13:00,85063.98,85166.76,81642.02,83880.67,9400
21-11-2025 13:30,83880.61,84551.00,83542.62,84078.92,7964
21-11-2025 14:00,84078.92,84291.17,83446.60,83499.20,8030
21-11-2025 14:30,83495.07,83847.14,82917.20,82930.47,8157
21-11-2025 15:00,82930.47,83084.79,81970.51,82064.46,8088
21-11-2025 15:30,82064.46,82360.48,81518.51,81913.87,8660
21-11-2025 16:00,81913.87,82762.19,81912.83,82558.98,7437
21-11-2025 16:30,82558.98,83187.47,82471.94,82780.85,7994
21-11-2025 17:00,82781.01,82961.81,82056.23,82171.11,8619
21-11-2025 17:30,82167.61,82300.79,80495.26,80778.08,9373
21-11-2025 18:00,80805.53,83462.26,80805.53,83142.74,9969
21-11-2025 18:30,83141.38,84215.25,82990.62,83293.03,9422
21-11-2025 19:00,83292.51,84301.29,83156.15,83975.86,9471
21-11-2025 19:30,83980.75,84083.89,83423.24,83552.08,8919
21-11-2025 20:00,83552.08,85380.26,83460.06,84724.40,9393
21-11-2025 20:30,84735.25,84981.00,83490.02,83516.28,9300
21-11-2025 21:00,83512.21,83747.92,82628.41,82808.41,9356
21-11-2025 21:30,82808.03,83177.04,82207.10,83146.60,8720
21-11-2025 22:00,83146.60,84796.77,82826.68,84789.70,8965
21-11-2025 22:30,84791.58,85452.78,84473.69,85095.25,9417
21-11-2025 23:00,85086.05,85365.85,84676.92,84767.63,8862
21-11-2025 23:30,84769.83,84843.06,83214.66,83960.28,8690
22-11-2025 00:00,83959.36,84968.02,83873.48,84481.89,8168
22-11-2025 00:30,84478.08,84927.05,84345.74,84802.07,8213
22-11-2025 01:00,84802.07,84902.40,83979.22,84106.14,6970
22-11-2025 01:30,84104.59,84272.66,83416.23,83435.42,6891
22-11-2025 02:00,83435.12,84553.95,83364.98,84478.68,8019
22-11-2025 02:30,84478.68,84906.02,84259.85,84869.43,5173
22-11-2025 03:00,84869.43,85321.26,84846.94,85088.55,4756
22-11-2025 03:30,85102.77,85310.82,84649.16,84746.18,4945
22-11-2025 04:00,84746.18,84867.07,84172.16,84191.05,4150
22-11-2025 04:30,84191.05,84947.66,84018.38,84943.25,3902
22-11-2025 05:00,84943.35,85265.03,84775.34,85039.58,6008
22-11-2025 05:30,85039.58,85522.30,84759.05,84792.04,6669
22-11-2025 06:00,84789.91,85187.82,84474.92,84640.26,6783
22-11-2025 06:30,84640.26,84844.20,84490.19,84784.29,5953
22-11-2025 07:00,84784.29,85116.74,84775.38,85070.80,6251
22-11-2025 07:30,85071.07,85107.30,84490.18,84599.62,5015
22-11-2025 08:00,84599.62,84616.30,84185.37,84430.20,4702
22-11-2025 08:30,84430.20,84506.28,84174.17,84324.67,4627
22-11-2025 09:00,84320.45,84396.26,84107.45,84345.50,4524
22-11-2025 09:30,84345.50,84448.44,83803.14,83906.41,4898
22-11-2025 10:00,83906.41,84218.92,83731.09,84143.99,5805
22-11-2025 10:30,84143.99,84218.25,83812.23,83981.86,4854
22-11-2025 11:00,83981.65,84221.49,83769.54,84182.27,4355
22-11-2025 11:30,84182.27,84462.11,83978.95,84407.45,4459
22-11-2025 12:00,84407.45,84704.61,84407.45,84540.60,4970
22-11-2025 12:30,84540.60,84571.30,84300.43,84396.22,4001
22-11-2025 13:00,84396.22,84572.52,84307.96,84491.33,5244
22-11-2025 13:30,84491.33,84496.03,84107.46,84120.92,6170
22-11-2025 14:00,84120.92,84144.23,83842.03,83925.59,4958
22-11-2025 14:30,83925.01,84255.78,83860.70,84021.37,5184
22-11-2025 15:00,84021.37,84164.91,83758.02,83837.66,4973
22-11-2025 15:30,83837.66,84124.69,83526.43,83594.87,4242
22-11-2025 16:00,83594.87,83705.36,83413.45,83603.12,4633
22-11-2025 16:30,83603.39,84201.43,83496.60,84134.35,6029
22-11-2025 17:00,84134.34,84248.65,83993.35,83999.98,4168
22-11-2025 17:30,83999.98,84069.75,83536.02,83584.01,3633
22-11-2025 18:00,83584.01,83844.01,83543.40,83798.43,4452
22-11-2025 18:30,83798.43,84049.89,83562.62,83804.63,5558
22-11-2025 19:00,83804.63,83947.44,83617.82,83863.13,6129
22-11-2025 19:30,83862.05,84669.22,83848.47,84485.09,7181
22-11-2025 20:00,84485.09,84556.52,84156.32,84402.25,5682
22-11-2025 20:30,84402.25,84481.44,84201.57,84337.50,5056
22-11-2025 21:00,84337.50,84356.73,83924.42,84194.45,5560
22-11-2025 21:30,84194.45,84574.89,84125.93,84516.20,5641
22-11-2025 22:00,84516.20,84810.38,84416.22,84610.15,5601
22-11-2025 22:30,84610.16,84636.13,84325.29,84621.56,4506
22-11-2025 23:00,84621.09,84642.11,84369.20,84461.04,4458
22-11-2025 23:30,84463.00,84601.64,84401.22,84516.18,4704
23-11-2025 00:00,84516.18,84595.90,84388.22,84577.83,4503
23-11-2025 00:30,84577.26,84721.70,84488.14,84533.26,4751
23-11-2025 01:00,84533.26,84645.20,84416.46,84518.58,3361
23-11-2025 01:30,84518.58,84722.70,84504.15,84662.45,3150
23-11-2025 02:00,84662.45,84662.45,84150.61,84382.85,4431
23-11-2025 02:30,84382.85,84426.22,84150.38,84218.35,3426
23-11-2025 03:00,84217.30,84356.25,84194.33,84324.40,3862
23-11-2025 03:30,84324.40,84601.06,84184.71,84525.32,3996
23-11-2025 04:00,84525.32,85171.64,84476.15,84978.52,4362
23-11-2025 04:30,84978.52,85097.93,84685.80,84774.38,3971
23-11-2025 05:00,84782.06,84956.30,84575.94,84650.12,4006
23-11-2025 05:30,84650.12,85228.98,84582.37,84982.04,5408
23-11-2025 06:00,84982.04,85074.07,84801.23,84885.09,5619
23-11-2025 06:30,84883.06,85526.14,84860.52,85444.33,5703
23-11-2025 07:00,85441.44,86049.89,85373.43,85793.54,7222
23-11-2025 07:30,85793.54,86113.53,85608.18,85955.75,6466
23-11-2025 08:00,85958.50,86271.09,85881.34,85921.97,5127
23-11-2025 08:30,85921.96,86014.00,85732.27,85857.67,6112
23-11-2025 09:00,85857.67,86234.69,85797.75,86232.52,6352
23-11-2025 09:30,86230.54,86781.08,86062.54,86427.29,6331
23-11-2025 10:00,86427.29,86623.53,86346.94,86471.95,6558
23-11-2025 10:30,86471.95,86516.85,86144.85,86153.42,5549
23-11-2025 11:00,86153.42,86282.97,85924.44,86282.97,5395
23-11-2025 11:30,86282.97,86430.05,86010.61,86086.71,4714
23-11-2025 12:00,86086.71,86112.64,85778.52,85779.52,5200
23-11-2025 12:30,85779.52,85838.99,85331.71,85439.05,6818
23-11-2025 13:00,85437.00,85731.54,85363.16,85699.02,5517
23-11-2025 13:30,85690.52,86038.78,85686.40,85909.14,5767
23-11-2025 14:00,85906.00,86117.47,85759.82,86062.66,5688
23-11-2025 14:30,86062.05,86184.26,85996.32,86089.57,5080
23-11-2025 15:00,86089.57,86391.85,86018.73,86325.47,4094
23-11-2025 15:30,86325.47,86385.03,86067.60,86093.59,5640
23-11-2025 16:00,86092.84,86243.60,85972.07,85990.59,4149
23-11-2025 16:30,85990.59,86066.24,85751.02,85972.19,3984
23-11-2025 17:00,85972.44,86346.74,85960.25,86260.68,3712
23-11-2025 17:30,86260.68,86785.45,86195.97,86706.65,5275
23-11-2025 18:00,86707.00,86816.08,86376.98,86452.79,4374
23-11-2025 18:30,86452.98,86676.21,86243.01,86396.60,4856
23-11-2025 19:00,86396.60,86860.34,86329.92,86860.29,5027
23-11-2025 19:30,86860.29,87131.93,86579.01,86723.84,5148
23-11-2025 20:00,86723.84,86870.55,86415.83,86484.37,6560
23-11-2025 20:30,86484.05,86745.13,86384.87,86632.43,6604
23-11-2025 21:00,86632.43,87176.90,86598.38,87021.82,6837
23-11-2025 21:30,87021.82,87434.99,86898.23,86988.85,7119
23-11-2025 22:00,86989.40,87355.05,86605.36,86618.93,6428
23-11-2025 22:30,86620.53,86859.26,86436.97,86824.58,6087
23-11-2025 23:00,86824.58,86892.84,86539.20,86676.49,5383
23-11-2025 23:30,86677.89,87114.75,86646.78,86827.12,5157
24-11-2025 00:00,86827.12,87190.45,86812.44,86932.03,4418
24-11-2025 00:30,86933.51,87465.01,86868.00,87266.33,5102
24-11-2025 01:00,87269.56,87614.88,87221.48,87255.49,4926
24-11-2025 01:30,87260.92,87638.70,87171.00,87570.33,4776
24-11-2025 02:00,87570.33,87592.95,87347.54,87424.96,4984
24-11-2025 02:30,87424.96,87528.20,87113.01,87522.94,4492
24-11-2025 03:00,87525.14,87939.65,87476.88,87934.82,5076
24-11-2025 03:30,87934.82,88066.90,87497.85,87858.33,5853
24-11-2025 04:00,87858.33,87986.29,87605.60,87945.31,3977
24-11-2025 04:30,87945.31,88034.82,86811.77,87002.14,7083
24-11-2025 05:00,87002.14,87002.14,86677.26,86774.83,6797
24-11-2025 05:30,86774.83,86774.83,85876.36,86377.24,7529
24-11-2025 06:00,86374.31,87143.97,86184.88,86671.95,8577
24-11-2025 06:30,86670.93,86939.13,86459.58,86753.27,7617
24-11-2025 07:00,86753.27,87016.04,86323.15,86999.11,7424
24-11-2025 07:30,86999.11,87981.95,86951.20,87636.71,7734
24-11-2025 08:00,87636.72,87729.42,87171.84,87451.03,5962
24-11-2025 08:30,87451.03,87726.10,87123.22,87553.05,5586
24-11-2025 09:00,87553.05,87626.97,87192.17,87375.76,5313
24-11-2025 09:30,87376.55,87528.65,86374.76,86524.18,6457
24-11-2025 10:00,86524.80,86778.75,86517.15,86655.42,4824
24-11-2025 10:30,86655.42,87762.53,86604.63,87544.34,5607
24-11-2025 11:00,87542.77,87572.74,87190.06,87386.09,4423
24-11-2025 11:30,87386.09,87436.13,86852.27,87085.90,4020
24-11-2025 12:00,87085.90,87085.90,86741.84,86832.81,3909
24-11-2025 12:30,86830.15,86970.57,86612.98,86803.27,4401
24-11-2025 13:00,86803.27,87277.95,86733.46,86974.78,5893
24-11-2025 13:30,86974.52,86974.52,86666.40,86751.32,5542
24-11-2025 14:00,86751.32,86949.46,86639.65,86880.15,5691
24-11-2025 14:30,86880.15,86880.15,85776.66,85855.40,5985
24-11-2025 15:00,85858.58,86107.96,85743.95,85860.68,5386
24-11-2025 15:30,85860.68,86108.91,85675.71,85733.66,4810
24-11-2025 16:00,85733.66,86033.98,85605.85,85961.57,4848
24-11-2025 16:30,85961.57,86128.39,85754.16,85997.54,4544
24-11-2025 17:00,85997.54,86348.70,85997.54,86182.01,5219
24-11-2025 17:30,86179.56,86179.56,85836.85,86112.89,4412
24-11-2025 18:00,86112.89,86229.38,85795.66,85914.99,4363
24-11-2025 18:30,85913.12,86461.81,85865.76,86430.54,3943
24-11-2025 19:00,86430.54,86490.54,85990.75,86061.55,2876
24-11-2025 19:30,86061.56,86061.56,85826.41,85859.49,4262
24-11-2025 20:00,85854.04,86566.02,85191.25,86072.34,8016
24-11-2025 20:30,86072.34,86660.45,85825.09,85995.58,8345
24-11-2025 21:00,85993.11,86643.48,85893.25,86531.02,6972
24-11-2025 21:30,86531.02,87255.19,86530.12,87156.37,6568
24-11-2025 22:00,87155.17,87621.28,86978.92,87096.94,6626
24-11-2025 22:30,87096.94,87668.91,86875.65,87642.55,6424
24-11-2025 23:00,87640.36,88399.13,87565.87,88310.28,7876
24-11-2025 23:30,88311.67,88523.53,88138.76,88301.16,5186
25-11-2025 00:00,88301.16,88665.32,88135.09,88660.07,4386
25-11-2025 00:30,88660.00,88789.02,88455.79,88580.90,5280
25-11-2025 01:00,88580.90,88754.18,88083.44,88273.09,5155
25-11-2025 01:30,88273.09,88826.88,88273.09,88806.48,5450
25-11-2025 02:00,88806.48,89185.99,88698.28,89040.48,5054
25-11-2025 02:30,89039.86,89102.92,88813.39,88877.37,4275
25-11-2025 03:00,88877.37,89054.37,88675.80,88717.53,3024
25-11-2025 03:30,88717.60,89044.91,88667.06,88733.93,4327
25-11-2025 04:00,88733.93,88885.03,88531.99,88572.48,2794
25-11-2025 04:30,88574.17,88637.08,88429.09,88552.71,3139
25-11-2025 05:00,88552.71,88552.71,88189.65,88232.17,3188
25-11-2025 05:30,88232.16,88232.16,87807.11,87830.50,4613
25-11-2025 06:00,87830.50,88221.74,87808.30,88044.82,5042
25-11-2025 06:30,88044.82,88142.76,87840.06,87991.32,5199
25-11-2025 07:00,87991.62,88029.47,87652.15,87675.81,4883
25-11-2025 07:30,87674.70,87888.37,87547.02,87571.11,4995
25-11-2025 08:00,87568.22,87856.53,87392.99,87851.37,5039
25-11-2025 08:30,87851.45,87985.44,87684.22,87871.71,6172
25-11-2025 09:00,87872.15,87878.61,87484.25,87750.92,5674
25-11-2025 09:30,87750.92,88078.51,87723.20,87974.26,4585
25-11-2025 10:00,87974.26,88452.86,87956.48,88276.12,3478
25-11-2025 10:30,88276.12,88278.65,87870.31,87940.87,2411
25-11-2025 11:00,87940.87,88184.16,87931.63,88059.37,2523
25-11-2025 11:30,88058.17,88096.24,87867.47,87890.36,1947
25-11-2025 12:00,87882.26,88008.28,87742.97,87945.94,2941
25-11-2025 12:30,87947.65,88009.63,87638.80,87650.28,3180
25-11-2025 13:00,87650.28,87738.73,87287.45,87340.40,4057
25-11-2025 13:30,87340.40,87555.67,87292.99,87461.74,2775
25-11-2025 14:00,87461.74,87487.79,86932.65,86951.01,6041
25-11-2025 14:30,86952.53,87005.55,86622.22,86638.28,7680
25-11-2025 15:00,86638.28,87193.46,86632.97,87179.35,7203
25-11-2025 15:30,87179.64,87183.82,86887.29,87156.80,5829
25-11-2025 16:00,87156.32,87382.81,87078.20,87355.44,6060
25-11-2025 16:30,87352.83,87457.51,87250.54,87380.62,4734
25-11-2025 17:00,87380.62,87485.92,87261.77,87306.93,5625
25-11-2025 17:30,87306.59,87673.37,87303.61,87575.81,7096
25-11-2025 18:00,87575.81,87721.91,87332.96,87453.58,7152
25-11-2025 18:30,87451.39,87670.22,87264.38,87553.06,7059
25-11-2025 19:00,87555.25,87637.85,86807.21,87016.28,8183
25-11-2025 19:30,87016.28,87231.53,86766.28,87115.43,5086
25-11-2025 20:00,87115.43,87170.68,86039.05,86669.35,7459
25-11-2025 20:30,86669.35,86814.93,86120.78,86692.48,8157
25-11-2025 21:00,86692.25,87239.85,86686.74,86919.74,8534
25-11-2025 21:30,86919.73,87201.97,86620.23,87140.35,7458
25-11-2025 22:00,87141.36,87207.47,86860.42,87036.24,5942
25-11-2025 22:30,87036.24,87551.96,86953.05,87416.72,6107
25-11-2025 23:00,87415.33,88072.91,87382.79,87542.51,6085
25-11-2025 23:30,87542.92,87755.38,87439.84,87565.96,6868
26-11-2025 00:00,87565.96,87641.05,87144.42,87148.88,6099
26-11-2025 00:30,87148.88,87255.41,86131.87,86212.85,6839
26-11-2025 01:00,86212.85,86836.66,86098.40,86799.69,5407
26-11-2025 01:30,86799.69,87072.46,86627.67,86973.78,5586
26-11-2025 02:00,86973.06,87387.56,86973.06,87323.87,5284
26-11-2025 02:30,87322.89,87371.99,87027.43,87223.09,3814
26-11-2025 03:00,87223.09,87279.56,86907.24,86961.21,4508
26-11-2025 03:30,86961.28,87103.16,86510.39,87068.12,4645
26-11-2025 04:00,87067.11,87646.94,86977.15,87561.27,4565
26-11-2025 04:30,87561.27,87820.04,87323.25,87450.82,5551
26-11-2025 05:00,87450.82,87577.34,87248.70,87290.07,4481
26-11-2025 05:30,87290.07,87699.55,87270.01,87550.45,4944
26-11-2025 06:00,87550.45,87689.56,87312.44,87503.58,4261
26-11-2025 06:30,87503.58,87589.25,87265.08,87517.19,3277
26-11-2025 07:00,87517.18,88150.66,87469.49,87848.88,4108
26-11-2025 07:30,87848.88,88019.88,87689.90,87732.89,3113
26-11-2025 08:00,87732.89,87897.03,87582.93,87642.93,3128
26-11-2025 08:30,87642.93,87822.58,87582.19,87754.18,2590
26-11-2025 09:00,87751.53,87751.53,86993.58,87050.81,4742
26-11-2025 09:30,87050.24,87223.16,86820.30,87173.41,4308
26-11-2025 10:00,87173.41,87300.52,87102.72,87157.26,2158
26-11-2025 10:30,87157.26,87626.74,87148.72,87479.19,3199
26-11-2025 11:00,87479.59,87679.04,87396.56,87449.30,2348
26-11-2025 11:30,87449.30,87632.94,87377.51,87545.16,2507
26-11-2025 12:00,87545.16,87816.35,87386.88,87725.65,2896
26-11-2025 12:30,87725.65,87818.63,87623.83,87733.99,3194
26-11-2025 13:00,87733.99,87902.52,87637.92,87867.53,2549
26-11-2025 13:30,87867.53,87875.78,87455.03,87483.46,2003
26-11-2025 14:00,87483.46,87550.78,87335.06,87346.66,2741
26-11-2025 14:30,87343.97,87376.51,87026.61,87042.12,4486
26-11-2025 15:00,87041.99,87057.14,86673.12,86760.81,5745
26-11-2025 15:30,86760.81,86989.47,86717.06,86794.80,2796
26-11-2025 16:00,86794.80,86925.50,86595.84,86878.71,4850
26-11-2025 16:30,86878.71,86935.66,86761.45,86832.89,3421
26-11-2025 17:00,86832.89,87046.33,86807.33,87039.87,2445
26-11-2025 17:30,87039.87,87114.14,86238.47,86455.43,4817
26-11-2025 18:00,86455.43,86671.32,86370.13,86591.35,3317
26-11-2025 18:30,86591.35,86769.10,86499.34,86659.65,6094
26-11-2025 19:00,86659.65,87070.12,86509.17,87063.15,6462
26-11-2025 19:30,87063.15,87288.24,86869.67,87252.21,6209
26-11-2025 20:00,87252.21,87635.70,86755.28,86837.35,7878
26-11-2025 20:30,86837.35,87267.68,86797.04,87201.49,8109
26-11-2025 21:00,87202.50,87295.37,86622.23,86910.36,6400
26-11-2025 21:30,86910.35,87797.85,86899.22,87524.42,6854
26-11-2025 22:00,87524.42,87876.06,87443.01,87762.75,5182
26-11-2025 22:30,87762.75,88730.81,87652.90,88613.99,5831
26-11-2025 23:00,88613.99,89928.72,88501.18,89792.59,8175
26-11-2025 23:30,89792.59,90375.64,89619.01,90316.68,7789
27-11-2025 00:00,90316.68,90340.05,89658.31,90102.13,5537
27-11-2025 00:30,90105.32,90161.10,89696.27,89766.60,6177
27-11-2025 01:00,89766.60,90021.57,89716.36,89922.86,5033
27-11-2025 01:30,89922.86,90070.21,89464.01,89964.03,4516
27-11-2025 02:00,89964.02,90029.97,89600.66,89829.64,5121
27-11-2025 02:30,89829.64,90240.54,89762.07,90229.84,1928
27-11-2025 03:00,90229.84,90430.50,90111.97,90157.52,2092
27-11-2025 03:30,90157.52,90596.80,90089.29,90284.32,2238
27-11-2025 04:00,90284.32,90422.96,90159.36,90349.19,2003
27-11-2025 04:30,90347.63,90560.07,90291.46,90295.61,3971
27-11-2025 05:00,90295.61,90536.72,90271.72,90433.39,2669
27-11-2025 05:30,90435.64,90509.75,90042.77,90169.29,4223
27-11-2025 06:00,90169.29,90538.97,90167.72,90438.71,3371
27-11-2025 06:30,90438.71,90835.68,90345.55,90677.66,3589
27-11-2025 07:00,90677.46,91199.98,90553.45,91102.05,2562
27-11-2025 07:30,91097.75,91433.46,90837.56,91412.41,5250
27-11-2025 08:00,91416.09,91852.17,91298.01,91341.11,6170
27-11-2025 08:30,91340.35,91563.38,91263.46,91286.88,4643
27-11-2025 09:00,91286.88,91286.89,90994.58,91044.11,4535
27-11-2025 09:30,91036.47,91309.61,91007.48,91093.92,4406
27-11-2025 10:00,91096.18,91280.47,91030.07,91245.26,4663
27-11-2025 10:30,91245.26,91505.36,91097.89,91445.56,5120
27-11-2025 11:00,91445.56,91445.56,90843.69,90926.31,5278
27-11-2025 11:30,90926.31,91360.06,90926.31,91335.58,4182
27-11-2025 12:00,91333.29,91403.27,91140.68,91188.91,4329
27-11-2025 12:30,91188.91,91420.15,91081.55,91395.94,4861
27-11-2025 13:00,91395.45,91465.37,91291.12,91359.94,6003
27-11-2025 13:30,91370.46,91477.91,91174.67,91330.76,5816
27-11-2025 14:00,91330.76,91487.49,91245.01,91450.25,5123
27-11-2025 14:30,91450.78,91734.92,91430.92,91566.02,5329
27-11-2025 15:00,91568.19,91888.29,91497.63,91526.22,5164
27-11-2025 15:30,91526.22,91716.41,91491.51,91608.03,5162
27-11-2025 16:00,91607.22,91627.12,91301.09,91566.74,5740
27-11-2025 16:30,91566.74,91579.96,91317.79,91324.02,4483
27-11-2025 17:00,91324.10,91442.93,91259.23,91329.27,4280
27-11-2025 17:30,91329.27,91413.16,91134.99,91231.74,3813
27-11-2025 18:00,91231.74,91316.01,90896.94,90929.61,5331
27-11-2025 18:30,90929.61,91027.26,90405.44,90662.82,5638
27-11-2025 19:00,90662.82,90999.39,90446.95,90811.35,5944
27-11-2025 19:30,90811.35,90942.41,90577.87,90906.16,4770
27-11-2025 20:00,90906.16,90933.01,90525.49,90738.66,4456
27-11-2025 20:30,90738.80,90916.44,90575.95,90874.67,4592
27-11-2025 21:00,90874.67,90938.61,90722.77,90912.67,3343
27-11-2025 21:30,90912.67,91317.29,90802.66,91158.37,2985
27-11-2025 22:00,91158.37,91513.78,91123.35,91411.43,3219
27-11-2025 22:30,91411.43,91591.25,91303.61,91323.23,2959
27-11-2025 23:00,91323.05,91485.14,91260.27,91431.71,3594
27-11-2025 23:30,91431.71,91456.50,91299.10,91367.18,3125
28-11-2025 00:00,91367.18,91800.56,91324.45,91740.17,4710
28-11-2025 00:30,91740.17,91740.17,91506.92,91567.44,2281
28-11-2025 01:00,91567.44,91693.65,91463.94,91484.37,2713
28-11-2025 01:30,91484.37,91534.49,91353.98,91388.57,2315
28-11-2025 02:00,91388.57,91557.19,91354.06,91389.64,3339
28-11-2025 02:30,91389.64,91506.01,91172.31,91479.70,3967
28-11-2025 03:00,91479.70,91549.89,91344.50,91366.39,3135
28-11-2025 03:30,91376.26,91544.21,91291.51,91527.95,2198
28-11-2025 04:00,91527.37,91549.72,91059.36,91278.06,2879
28-11-2025 04:30,91278.06,91513.96,91260.18,91336.84,2526
28-11-2025 05:00,91332.69,91352.88,91165.49,91283.43,2473
28-11-2025 05:30,91283.44,91311.52,91019.84,91182.33,3488
28-11-2025 06:00,91182.33,91371.69,91089.16,91158.89,3089
28-11-2025 06:30,91158.89,91164.57,90763.68,90895.61,3729
28-11-2025 07:00,90895.61,91018.35,90742.39,90745.15,4658
28-11-2025 07:30,90745.15,90929.62,90631.75,90636.48,4331
28-11-2025 08:00,90636.87,91081.81,90600.92,91025.85,3974
28-11-2025 08:30,91025.69,91185.92,90941.63,91159.93,3709
28-11-2025 09:00,91159.93,91254.29,91064.73,91152.79,4250
28-11-2025 09:30,91152.79,91379.96,91063.56,91358.22,3504
28-11-2025 10:00,91358.22,91438.57,91307.98,91374.66,2966
28-11-2025 10:30,91374.53,91521.23,91249.23,91470.98,3601
28-11-2025 11:00,91470.92,91663.13,91406.71,91562.10,3202
28-11-2025 11:30,91562.39,91563.01,91252.53,91254.18,2771
28-11-2025 12:00,91254.18,91401.37,91106.35,91249.38,2951
28-11-2025 12:30,91249.43,91516.63,91243.26,91426.11,1979
28-11-2025 13:00,91426.11,91426.11,90804.66,90851.04,3478
28-11-2025 13:30,90851.04,91191.18,90848.59,91104.74,4367
28-11-2025 14:00,91104.84,91653.34,90963.67,91638.34,3976
28-11-2025 14:30,91638.35,91794.08,91465.08,91581.02,5141
28-11-2025 15:00,91581.02,91595.57,91387.21,91557.11,2587
28-11-2025 15:30,91557.11,91592.99,91435.21,91526.52,2512
28-11-2025 16:00,91526.52,91818.27,91485.28,91796.99,4449
28-11-2025 16:30,91798.46,91937.89,91013.20,91232.78,6766
28-11-2025 17:00,91231.33,91430.62,91155.24,91378.93,4845
28-11-2025 17:30,91379.07,91558.76,91349.18,91500.01,6346
28-11-2025 18:00,91499.99,91631.52,91342.74,91463.63,6147
28-11-2025 18:30,91463.63,91579.90,91322.36,91506.53,6715
28-11-2025 19:00,91506.53,92469.54,91436.15,92327.56,9891
28-11-2025 19:30,92326.97,92953.47,92149.22,92931.95,9018
28-11-2025 20:00,92932.76,93009.84,91786.73,92217.36,10282
28-11-2025 20:30,92217.36,92700.18,91958.27,92641.31,9253
28-11-2025 21:00,92642.49,92766.27,92258.42,92332.74,9528
28-11-2025 21:30,92332.74,92357.60,90980.08,91165.82,9773
28-11-2025 22:00,91164.00,91591.68,90849.93,90904.97,8953
28-11-2025 22:30,90906.25,91181.08,90432.38,90468.29,9951
28-11-2025 23:00,90468.13,90816.05,90195.41,90596.25,9653
28-11-2025 23:30,90596.96,90919.35,90394.74,90779.46,8328
29-11-2025 00:00,90778.09,90935.81,90654.20,90809.55,7938
29-11-2025 00:30,90809.90,91147.10,90803.25,91067.40,7075
29-11-2025 01:00,91067.40,91181.26,90963.79,91126.58,6780
29-11-2025 01:30,91126.44,91194.92,90839.29,91145.99,6644
29-11-2025 02:00,91144.59,91208.12,91033.07,91184.88,7100
29-11-2025 02:30,91184.88,91235.00,90999.12,91125.00,5468
29-11-2025 03:00,91124.78,91234.89,90866.87,90868.71,5526
29-11-2025 03:30,90893.79,90992.95,90692.35,90861.54,5110
29-11-2025 04:00,90861.20,91147.04,90861.20,91094.89,3991
29-11-2025 04:30,91101.46,91188.42,90955.16,90957.13,4448
29-11-2025 05:00,90957.11,91025.19,90863.13,90870.67,4497
29-11-2025 05:30,90870.10,90949.71,90748.10,90875.23,4393
29-11-2025 06:00,90875.23,90953.47,90789.01,90866.73,5350
29-11-2025 06:30,90866.73,91106.87,90833.09,90949.00,5686
29-11-2025 07:00,90949.11,90952.77,90773.92,90861.06,4858
29-11-2025 07:30,90861.06,90918.27,90772.70,90828.16,4280
29-11-2025 08:00,90828.21,90830.54,90520.45,90779.88,4917
29-11-2025 08:30,90779.88,90852.68,90691.60,90691.60,3989
29-11-2025 09:00,90691.60,90751.92,90634.98,90649.01,4525
29-11-2025 09:30,90651.79,90786.26,90523.60,90668.21,4498
29-11-2025 10:00,90668.23,90893.28,90648.78,90876.87,4559
29-11-2025 10:30,90879.60,90903.04,90748.50,90875.15,3958
29-11-2025 11:00,90875.15,90901.71,90697.21,90726.54,3894
29-11-2025 11:30,90728.05,90808.68,90339.99,90526.83,5787
29-11-2025 12:00,90526.83,90567.99,90326.02,90535.72,6451
29-11-2025 12:30,90535.72,90647.46,90433.95,90464.76,5733
29-11-2025 13:00,90464.76,90565.88,90341.70,90548.65,5171
29-11-2025 13:30,90548.65,90718.66,90457.86,90600.27,5469
29-11-2025 14:00,90600.27,90694.48,90534.38,90615.54,5081
29-11-2025 14:30,90616.19,90656.23,90491.84,90512.36,5550
29-11-2025 15:00,90512.31,90611.58,90486.02,90548.34,6652
29-11-2025 15:30,90548.35,90621.30,90375.40,90558.63,6986
29-11-2025 16:00,90557.12,90643.67,90520.39,90540.62,5826
29-11-2025 16:30,90540.62,90607.02,90441.05,90526.55,5098
29-11-2025 17:00,90526.55,90668.70,90477.08,90660.97,5167
29-11-2025 17:30,90660.92,90799.70,90541.73,90546.92,5898
29-11-2025 18:00,90546.67,90708.79,90515.05,90601.51,4744
29-11-2025 18:30,90604.88,90786.06,90564.90,90762.32,4701
29-11-2025 19:00,90761.23,90806.33,90673.29,90772.91,4109
29-11-2025 19:30,90772.91,90777.51,90638.50,90654.05,4841
29-11-2025 20:00,90654.05,90705.16,90593.95,90611.57,4400
29-11-2025 20:30,90614.16,91109.03,90611.57,90871.30,6204
29-11-2025 21:00,90871.30,91066.44,90831.08,91066.44,6411
29-11-2025 21:30,91066.45,91159.37,90855.74,90902.05,6093
29-11-2025 22:00,90902.05,91012.09,90854.80,90995.87,5764
29-11-2025 22:30,90995.92,91017.66,90596.04,90705.52,5603
29-11-2025 23:00,90705.52,90710.75,90416.88,90422.37,6029
29-11-2025 23:30,90421.02,90546.57,90160.40,90292.98,7167
30-11-2025 00:00,90292.98,90717.18,90205.88,90686.90,7082
30-11-2025 00:30,90686.91,90845.91,90601.32,90804.19,6301
30-11-2025 01:00,90804.19,90824.62,90584.89,90633.03,5257
30-11-2025 01:30,90632.30,90680.24,90356.75,90642.49,6994
30-11-2025 02:00,90643.53,91028.36,90628.87,90949.56,6477
30-11-2025 02:30,90951.55,91013.87,90791.07,90927.19,5730
30-11-2025 03:00,90926.80,91044.71,90895.00,90998.22,5771
30-11-2025 03:30,90998.22,90998.22,90689.08,90715.70,5375
30-11-2025 04:00,90715.70,90910.89,90687.35,90736.46,3732
30-11-2025 04:30,90736.46,90875.74,90673.07,90798.77,4469
30-11-2025 05:00,90798.77,90885.83,90733.11,90787.86,5203
30-11-2025 05:30,90788.00,90928.71,90743.61,90844.57,5687
30-11-2025 06:00,90844.57,90891.92,90790.12,90872.56,5154
30-11-2025 06:30,90873.09,91046.44,90848.61,90944.99,5395
30-11-2025 07:00,90944.99,91011.46,90867.64,90892.10,4771
30-11-2025 07:30,90892.26,91019.39,90881.15,90942.33,4730
30-11-2025 08:00,90942.33,90975.84,90728.89,90773.59,4409
30-11-2025 08:30,90773.59,90797.82,90442.72,90672.59,6091
30-11-2025 09:00,90670.26,90910.23,90654.67,90895.56,6225
30-11-2025 09:30,90895.56,90954.89,90835.79,90853.12,5874
30-11-2025 10:00,90853.12,90886.77,90775.06,90830.01,4688
30-11-2025 10:30,90829.72,90833.88,90647.03,90656.66,5008
30-11-2025 11:00,90656.07,90805.60,90655.96,90766.32,5770
30-11-2025 11:30,90766.32,90893.25,90697.56,90892.32,5702
30-11-2025 12:00,90892.97,90924.18,90843.10,90867.48,4883
30-11-2025 12:30,90867.48,90957.86,90832.48,90935.55,5380
30-11-2025 13:00,90935.56,91025.94,90879.69,90947.17,4888
30-11-2025 13:30,90947.17,91384.54,90908.49,91123.35,6055
30-11-2025 14:00,91123.35,91274.93,90911.18,91157.54,6814
30-11-2025 14:30,91157.10,91596.84,91104.78,91394.08,6356
30-11-2025 15:00,91394.08,91429.62,91273.48,91379.09,5932
30-11-2025 15:30,91378.03,91436.77,91198.79,91370.16,6040
30-11-2025 16:00,91370.37,91370.37,91167.56,91205.48,4820
30-11-2025 16:30,91205.46,91370.61,91176.21,91223.78,5415
30-11-2025 17:00,91224.16,91245.99,90961.80,91021.14,5023
30-11-2025 17:30,91021.14,91336.43,90975.19,91235.18,5972
30-11-2025 18:00,91235.09,91503.57,91181.71,91444.57,6450
30-11-2025 18:30,91444.78,91948.91,91370.02,91831.33,3583
30-11-2025 19:00,91831.33,91863.09,91609.69,91745.17,2716
30-11-2025 19:30,91745.17,91760.33,91455.57,91521.38,1194
30-11-2025 20:00,91521.38,91563.43,91385.46,91385.49,373
30-11-2025 21:00,91509.25,91509.25,91392.50,91403.57,1604
30-11-2025 21:30,91403.57,91752.48,91367.35,91727.42,5589
30-11-2025 22:00,91727.42,91835.85,91605.03,91798.10,6137
30-11-2025 22:30,91798.10,91800.05,91336.01,91355.17,7621
30-11-2025 23:00,91365.76,91525.23,91290.07,91456.94,6070
30-11-2025 23:30,91456.90,91457.09,91140.58,91355.92,4691
01-12-2025 00:00,91355.92,91446.99,91297.83,91421.88,4287
01-12-2025 00:30,91422.70,91459.95,91258.36,91306.09,4072
01-12-2025 01:00,91306.09,91450.81,91253.21,91420.83,4343
01-12-2025 01:30,91420.83,91590.47,91264.63,91276.48,4851
01-12-2025 02:00,91276.48,91341.47,91151.84,91275.89,5558
01-12-2025 02:30,91279.22,91297.17,90872.96,91035.64,5704
01-12-2025 03:00,91035.67,91157.53,91005.99,91144.08,5337
01-12-2025 03:30,91142.91,91312.34,91142.53,91190.65,4679
01-12-2025 04:00,91190.46,91260.22,91006.15,91187.45,4306
01-12-2025 04:30,91188.08,91223.21,90609.39,90624.66,8102
01-12-2025 05:00,90624.85,90718.31,90309.89,90325.80,8798
01-12-2025 05:30,90325.17,90393.54,88328.19,88352.97,12303
01-12-2025 06:00,88354.05,88355.60,86952.81,86974.40,12462
01-12-2025 06:30,86974.40,87724.72,86954.22,87240.82,11633
01-12-2025 07:00,87241.82,87572.34,87123.36,87143.81,9850
01-12-2025 07:30,87144.59,87477.79,87037.02,87068.52,8519
01-12-2025 08:00,87065.85,87130.40,86463.13,86694.54,9561
01-12-2025 08:30,86694.38,86782.88,86284.89,86353.20,10004
01-12-2025 09:00,86353.20,86446.10,86127.53,86313.69,8624
01-12-2025 09:30,86312.43,86312.43,85661.71,85695.50,9280
01-12-2025 10:00,85695.43,85973.22,85647.07,85756.17,8862
01-12-2025 10:30,85755.72,85977.44,85565.72,85977.43,9197
01-12-2025 11:00,85977.43,85978.19,85615.57,85968.38,7773
01-12-2025 11:30,85968.42,86239.00,85942.92,86036.73,8334
01-12-2025 12:00,86036.75,86320.14,85942.06,86200.72,7920
01-12-2025 12:30,86200.27,86263.64,86015.51,86213.52,7945
01-12-2025 13:00,86213.62,86548.13,86109.36,86509.81,9300
01-12-2025 13:30,86505.18,86624.09,86350.15,86600.95,8455
01-12-2025 14:00,86601.09,86845.64,86454.46,86833.38,8283
01-12-2025 14:30,86826.25,86881.52,86474.86,86571.20,8969
01-12-2025 15:00,86570.29,86859.21,86535.40,86668.18,7608
01-12-2025 15:30,86666.56,86776.15,86501.77,86547.00,8100
01-12-2025 16:00,86547.00,86657.48,86508.75,86599.48,6781
01-12-2025 16:30,86599.48,86657.27,86361.21,86422.51,7972
01-12-2025 17:00,86421.45,86442.59,86080.32,86087.44,8385
01-12-2025 17:30,86088.25,86177.60,85748.27,85789.05,9416
01-12-2025 18:00,85788.67,85823.81,84751.32,85374.66,10471
01-12-2025 18:30,85374.45,86139.54,85287.03,85939.14,10197
01-12-2025 19:00,85938.37,86063.20,85631.29,85936.44,9271
01-12-2025 19:30,85938.44,86287.21,85911.03,86214.86,9229
01-12-2025 20:00,86213.48,86578.74,85855.09,86018.93,11168
01-12-2025 20:30,86017.42,86073.42,84891.40,84908.03,10507
01-12-2025 21:00,84908.03,84924.10,83779.75,84635.71,11729
01-12-2025 21:30,84635.71,84815.05,83994.24,84506.25,11095
01-12-2025 22:00,84506.25,85369.97,84438.61,84511.81,10504
01-12-2025 22:30,84514.85,85027.53,84413.97,84951.47,10252
01-12-2025 23:00,84951.60,85225.49,84622.67,84905.14,9123
01-12-2025 23:30,84912.54,85509.06,84890.33,85261.96,8990
02-12-2025 00:00,85276.97,85301.29,84673.66,85160.04,9291
02-12-2025 00:30,85160.00,85258.87,84683.69,84699.40,9559
02-12-2025 01:00,84696.71,85066.00,84559.75,84982.95,10392
02-12-2025 01:30,84979.99,85800.40,84963.81,85223.97,10493
02-12-2025 02:00,85223.97,85515.72,85140.34,85425.02,9874
02-12-2025 02:30,85427.00,86342.43,85427.00,86128.78,8709
02-12-2025 03:00,86128.52,86459.31,86124.30,86411.79,7665
02-12-2025 03:30,86407.86,86789.65,86391.17,86407.69,7514
02-12-2025 04:00,86407.75,86842.67,86267.88,86551.18,7395
02-12-2025 04:30,86551.18,86736.04,86414.37,86725.52,6853
02-12-2025 05:00,86725.52,86802.68,86215.70,86246.49,6536
02-12-2025 05:30,86246.55,86552.34,86151.65,86303.66,8097
02-12-2025 06:00,86303.66,86638.91,86260.28,86478.83,7957
02-12-2025 06:30,86478.83,87238.12,86415.16,86711.24,9934
02-12-2025 07:00,86711.27,86808.83,86348.66,86414.75,9017
02-12-2025 07:30,86414.75,86809.53,86228.34,86624.97,9258
02-12-2025 08:00,86624.97,86820.39,86475.90,86497.51,7609
02-12-2025 08:30,86497.51,86601.99,86266.52,86308.29,6833
02-12-2025 09:00,86307.78,87055.86,86172.59,86945.94,8743
02-12-2025 09:30,86943.26,87242.65,86922.07,86999.10,8707
02-12-2025 10:00,86997.35,87030.48,86863.87,86934.80,7297
02-12-2025 10:30,86934.80,87083.84,86778.61,86877.65,7576
02-12-2025 11:00,86877.35,87040.98,86829.55,86968.08,6914
02-12-2025 11:30,86967.75,86970.16,86814.74,86876.88,7599
02-12-2025 12:00,86877.04,87144.66,86871.15,87052.03,7519
02-12-2025 12:30,87052.03,87084.48,86849.00,86887.65,7863
02-12-2025 13:00,86887.01,87043.71,86880.41,86977.59,6415
02-12-2025 13:30,86977.61,87023.93,86406.84,86458.60,8491
02-12-2025 14:00,86458.25,86694.22,86325.29,86423.06,7435
02-12-2025 14:30,86428.73,86959.48,86413.93,86833.84,7965
02-12-2025 15:00,86833.84,86833.84,86575.05,86724.36,7768
02-12-2025 15:30,86724.36,86925.52,86714.21,86759.36,7262
02-12-2025 16:00,86759.39,87554.99,86757.62,87240.19,7740
02-12-2025 16:30,87237.44,87395.60,86961.06,87391.05,8532
02-12-2025 17:00,87389.21,87583.96,87281.34,87335.56,7774
02-12-2025 17:30,87336.52,87500.34,87268.41,87418.74,7477
02-12-2025 18:00,87419.31,87536.45,87179.11,87243.42,7394
02-12-2025 18:30,87244.03,87412.16,87010.50,87293.16,8231
02-12-2025 19:00,87292.70,87852.28,87277.46,87698.72,9927
02-12-2025 19:30,87699.06,88749.74,87568.60,88642.41,11309
02-12-2025 20:00,88646.56,89253.92,88387.37,89250.91,12359
02-12-2025 20:30,89251.66,90802.69,89244.66,90143.72,12774
02-12-2025 21:00,90143.94,91107.92,89912.15,90822.52,11837
02-12-2025 21:30,90823.16,91196.85,90174.12,90259.70,12360
02-12-2025 22:00,90258.15,91097.88,90230.65,90732.24,11502
02-12-2025 22:30,90735.28,91932.77,90717.46,91795.26,10854
02-12-2025 23:00,91802.61,91954.84,91400.39,91444.41,10371
02-12-2025 23:30,91444.64,92204.39,91408.04,91891.61,10923
03-12-2025 00:00,91892.18,92204.39,91758.88,91936.34,10415
03-12-2025 00:30,91936.34,92213.52,91879.42,92009.24,9831
03-12-2025 01:00,92009.24,92300.32,91839.05,91879.84,9212
03-12-2025 01:30,91880.80,91926.55,90962.09,90980.78,10246
03-12-2025 02:00,90980.50,91172.44,90726.45,91042.31,9610
03-12-2025 02:30,91043.98,91490.39,90966.62,91434.51,8463
03-12-2025 03:00,91434.52,91643.00,91310.31,91564.91,6582
03-12-2025 03:30,91563.42,91915.03,91507.06,91628.56,7437
03-12-2025 04:00,91628.56,91997.69,91568.31,91979.36,6772
03-12-2025 04:30,91979.71,91987.20,91618.72,91680.51,7816
03-12-2025 05:00,91680.51,91688.61,91261.50,91276.07,7413
03-12-2025 05:30,91276.07,91529.22,91120.02,91184.28,8681
03-12-2025 06:00,91184.28,91745.08,90982.42,91657.26,10160
03-12-2025 06:30,91657.26,91969.13,91450.80,91885.02,9366
03-12-2025 07:00,91881.05,92448.39,91822.25,92236.08,9489
03-12-2025 07:30,92239.15,93013.47,92135.91,92778.96,10896
03-12-2025 08:00,92779.00,92831.49,92329.90,92784.85,9740
03-12-2025 08:30,92785.35,93038.84,92553.22,92814.00,9249
03-12-2025 09:00,92814.00,92823.77,92603.01,92604.76,8223
03-12-2025 09:30,92604.71,93214.22,92596.54,92796.62,8608
03-12-2025 10:00,92798.88,93429.13,92781.42,93338.53,9608
03-12-2025 10:30,93336.54,93538.77,93084.57,93325.37,9122
03-12-2025 11:00,93326.16,93645.00,93221.25,93622.63,8870
03-12-2025 11:30,93622.63,93941.26,93558.88,93912.89,10262
03-12-2025 12:00,93912.89,93913.51,93125.43,93423.63,9573
03-12-2025 12:30,93422.61,93454.34,92840.11,93014.69,9461
03-12-2025 13:00,93014.69,93103.90,92881.89,92984.92,8558
03-12-2025 13:30,92983.51,93166.94,92802.01,92900.97,8737
03-12-2025 14:00,92900.08,92982.85,92664.90,92751.02,8535
03-12-2025 14:30,92751.02,92968.42,92684.19,92911.53,7946
03-12-2025 15:00,92910.88,93204.05,92755.15,93162.44,7859
03-12-2025 15:30,93159.36,93372.20,93004.14,93195.50,7059
03-12-2025 16:00,93196.16,93200.29,92843.23,92931.20,8506
03-12-2025 16:30,92929.62,93016.41,92657.67,92983.11,8207
03-12-2025 17:00,92983.83,93047.74,92818.76,92987.85,7779
03-12-2025 17:30,92987.85,93095.89,92681.85,92718.60,8496
03-12-2025 18:00,92718.60,92981.24,92673.17,92920.19,7464
03-12-2025 18:30,92920.24,93132.57,92863.12,92995.97,8539
03-12-2025 19:00,92994.10,93255.72,92903.74,93121.79,8414
03-12-2025 19:30,93121.79,93151.27,91772.13,92558.26,12026
03-12-2025 20:00,92558.32,93549.50,92133.43,92337.52,12802
03-12-2025 20:30,92355.27,92953.31,91935.78,92309.47,12407
03-12-2025 21:00,92309.22,92750.54,92225.65,92357.26,11417
03-12-2025 21:30,92358.60,92488.12,91759.84,92266.94,11304
03-12-2025 22:00,92267.25,92731.26,92204.86,92228.29,11092
03-12-2025 22:30,92228.29,92678.88,92175.17,92486.57,10451
03-12-2025 23:00,92487.43,93032.27,92483.88,92948.37,9820
03-12-2025 23:30,92947.21,93503.99,92902.81,93092.68,8943
04-12-2025 00:00,93092.68,93203.67,92345.32,92596.22,8200
04-12-2025 00:30,92594.30,92815.20,92507.02,92691.97,7598
04-12-2025 01:00,92697.13,93084.86,92587.54,93016.13,6763
04-12-2025 01:30,93020.25,93138.51,92817.61,93011.91,7948
04-12-2025 02:00,93011.91,93371.65,92845.49,92955.40,8001
04-12-2025 02:30,92955.40,93318.49,92821.86,93254.48,7501
04-12-2025 03:00,93254.65,93753.16,93229.20,93688.44,8333
04-12-2025 03:30,93684.27,93793.31,93351.51,93391.12,9553
04-12-2025 04:00,93391.12,94092.42,93288.01,93758.03,8258
04-12-2025 04:30,93759.37,94058.16,93570.91,93627.71,10018
04-12-2025 05:00,93625.89,93644.77,93365.07,93414.28,8894
04-12-2025 05:30,93414.36,93469.73,92706.81,92808.42,8423
04-12-2025 06:00,92808.42,93136.19,92653.99,93033.89,8586
04-12-2025 06:30,93033.89,93732.92,92954.33,93363.74,9122
04-12-2025 07:00,93364.00,93536.16,93139.91,93175.14,7952
04-12-2025 07:30,93174.82,94032.09,93096.29,93782.55,8582
04-12-2025 08:00,93781.54,93977.74,93588.79,93913.95,8520
04-12-2025 08:30,93913.26,94044.28,93525.26,93584.01,8496
04-12-2025 09:00,93584.01,93608.31,93371.15,93513.42,7355
04-12-2025 09:30,93513.16,93564.51,93310.73,93380.61,6986
04-12-2025 10:00,93380.62,93488.29,93193.52,93334.87,7229
04-12-2025 10:30,93334.40,93352.53,92972.22,93182.06,6722
04-12-2025 11:00,93182.06,93195.19,92746.49,92952.12,7143
04-12-2025 11:30,92951.13,93225.12,92810.73,93179.42,7205
04-12-2025 12:00,93183.56,93348.97,92976.43,93120.68,7674
04-12-2025 12:30,93117.63,93153.92,92854.23,93086.92,7346
04-12-2025 13:00,93086.92,93402.52,93078.02,93372.82,5682
04-12-2025 13:30,93372.82,93583.89,93026.62,93092.76,7559
04-12-2025 14:00,93093.16,93375.09,93018.75,93240.50,6369
04-12-2025 14:30,93238.58,93592.00,93209.56,93354.63,8085
04-12-2025 15:00,93354.63,93597.23,93312.73,93428.22,7713
04-12-2025 15:30,93428.22,93545.45,93231.15,93290.05,7052
04-12-2025 16:00,93290.05,93379.35,93124.12,93237.93,6706
04-12-2025 16:30,93240.73,93292.96,92971.44,92977.22,6804
04-12-2025 17:00,92977.63,93022.34,92710.71,92915.69,7489
04-12-2025 17:30,92915.39,93025.26,92744.79,92830.24,7066
04-12-2025 18:00,92830.24,93169.96,92817.80,92963.96,7070
04-12-2025 18:30,92963.48,93036.47,92468.47,92753.32,9124
04-12-2025 19:00,92753.32,92918.94,92397.26,92487.44,9600
04-12-2025 19:30,92488.89,92819.22,92455.22,92767.21,8915
04-12-2025 20:00,92767.21,92772.37,91780.21,91872.50,11866
04-12-2025 20:30,91872.39,92904.79,91851.29,92567.25,12129
04-12-2025 21:00,92566.19,93224.22,92422.14,92960.59,11576
04-12-2025 21:30,92957.33,93155.46,92278.44,92893.64,10560
04-12-2025 22:00,92892.62,92896.77,92248.20,92423.55,10384
04-12-2025 22:30,92424.01,92536.15,92031.69,92115.06,9606
04-12-2025 23:00,92115.06,92464.82,91753.83,92415.43,10340
04-12-2025 23:30,92415.15,92540.52,92135.87,92445.32,9204
05-12-2025 00:00,92444.87,92557.62,91933.05,92128.61,8993
05-12-2025 00:30,92128.61,92175.17,90861.55,91324.90,11308
05-12-2025 01:00,91323.26,92112.43,91267.57,91962.16,10981
05-12-2025 01:30,91960.73,92216.04,91666.50,91990.09,9998
05-12-2025 02:00,91991.98,92534.98,91947.19,92497.53,9172
05-12-2025 02:30,92484.96,92697.91,92278.69,92279.14,8780
05-12-2025 03:00,92280.84,92344.49,92066.52,92141.84,7255
05-12-2025 03:30,92140.57,92369.82,92131.47,92181.91,6890
05-12-2025 04:00,92182.56,92486.62,92181.90,92322.39,5909
05-12-2025 04:30,92322.39,92445.67,92187.63,92210.07,7069
05-12-2025 05:00,92203.73,92294.08,92048.32,92060.88,6898
05-12-2025 05:30,92060.87,92460.27,92043.80,92311.78,7467
05-12-2025 06:00,92311.78,92417.40,92215.51,92283.38,6799
05-12-2025 06:30,92283.26,92588.69,92207.79,92486.38,7886
05-12-2025 07:00,92486.38,92535.36,92318.47,92340.73,6870
05-12-2025 07:30,92340.73,92612.20,92229.77,92548.00,6853
05-12-2025 08:00,92548.00,92684.02,92439.68,92501.14,7305
05-12-2025 08:30,92500.76,92658.64,92327.90,92389.91,7140
05-12-2025 09:00,92389.47,92408.24,91953.47,92131.65,7155
05-12-2025 09:30,92131.65,92381.55,92110.11,92182.21,7175
05-12-2025 10:00,92182.21,92185.70,91784.82,92015.57,7768
05-12-2025 10:30,92015.92,92193.66,91880.75,91953.48,6547
05-12-2025 11:00,91953.48,92018.26,91848.24,91924.78,6236
05-12-2025 11:30,91924.67,92138.11,91873.39,92014.54,5957
05-12-2025 12:00,92013.91,92273.33,91901.75,92263.87,6519
05-12-2025 12:30,92262.75,92493.60,92182.11,92439.91,7395
05-12-2025 13:00,92441.19,92456.00,92176.74,92254.01,7321
05-12-2025 13:30,92252.27,92253.79,91991.79,92050.20,6772
05-12-2025 14:00,92050.42,92146.05,91899.25,92096.52,7222
05-12-2025 14:30,92096.52,92106.99,91293.07,91332.91,8678
05-12-2025 15:00,91332.53,91464.66,90969.88,91110.77,9618
05-12-2025 15:30,91107.82,91450.87,91065.05,91353.20,8388
05-12-2025 16:00,91353.20,91485.80,91246.27,91272.82,7234
05-12-2025 16:30,91272.91,91605.01,91218.55,91402.43,7401
05-12-2025 17:00,91402.92,91414.90,91115.87,91335.90,7715
05-12-2025 17:30,91335.90,91423.04,91062.71,91209.06,7518
05-12-2025 18:00,91209.06,91284.00,91111.07,91225.89,7127
05-12-2025 18:30,91225.86,91345.48,90590.69,90806.01,9640
05-12-2025 19:00,90807.84,90925.91,90224.07,90459.59,11334
05-12-2025 19:30,90459.68,90740.27,90296.41,90417.74,10333
05-12-2025 20:00,90417.16,90696.66,89950.85,90274.81,12653
05-12-2025 20:30,90274.81,91396.19,90274.37,91204.72,12835
05-12-2025 21:00,91204.26,91366.69,89574.50,90436.52,11835
05-12-2025 21:30,90436.52,90480.97,88913.42,89055.01,12375
05-12-2025 22:00,89056.79,89123.25,88102.27,88803.82,12854
05-12-2025 22:30,88804.86,89059.61,88610.23,88754.02,11734
05-12-2025 23:00,88752.23,89490.98,88681.12,89327.81,11406
05-12-2025 23:30,89324.95,89802.72,89142.12,89403.31,11405
06-12-2025 00:00,89402.37,89495.98,88904.71,88935.88,10232
06-12-2025 00:30,88937.25,89536.37,88802.72,89418.04,10564
06-12-2025 01:00,89417.26,89810.20,89311.09,89630.80,9430
06-12-2025 01:30,89630.80,89747.66,89346.71,89556.35,9468
06-12-2025 02:00,89556.32,89559.31,89129.81,89288.10,8931
06-12-2025 02:30,89293.68,89480.52,89238.57,89414.20,8198
06-12-2025 03:00,89414.21,89462.34,89066.73,89156.68,7910
06-12-2025 03:30,89167.49,89232.49,88896.01,89232.30,7159
06-12-2025 04:00,89232.30,89367.25,89035.33,89243.33,6074
06-12-2025 04:30,89243.33,89256.84,88927.40,89223.00,7446
06-12-2025 05:00,89223.01,89366.94,89188.40,89309.48,5131
06-12-2025 05:30,89309.48,89309.48,89006.78,89163.37,6466
06-12-2025 06:00,89163.32,89452.27,89141.95,89394.31,4944
06-12-2025 06:30,89394.31,89471.31,89267.88,89409.75,5598
06-12-2025 07:00,89409.78,89409.85,89176.34,89308.76,5713
06-12-2025 07:30,89307.86,89330.26,89142.96,89254.98,5175
06-12-2025 08:00,89254.98,89385.46,89175.32,89367.91,5172
06-12-2025 08:30,89367.91,89775.20,89360.85,89523.26,7336
06-12-2025 09:00,89523.26,89731.61,89497.40,89662.51,6340
06-12-2025 09:30,89662.86,89696.49,89492.03,89593.33,6148
06-12-2025 10:00,89592.62,89673.49,89520.95,89632.93,5650
06-12-2025 10:30,89632.99,89717.54,89527.66,89590.33,5344
06-12-2025 11:00,89589.72,89626.95,89502.39,89580.70,5243
06-12-2025 11:30,89580.70,89745.40,89494.55,89724.05,6121
06-12-2025 12:00,89723.79,89735.42,89594.69,89671.78,6110
06-12-2025 12:30,89671.78,89683.93,89548.44,89550.44,5991
06-12-2025 13:00,89550.36,89703.85,89439.86,89575.66,7298
06-12-2025 13:30,89576.40,89625.84,89244.52,89261.11,7749
06-12-2025 14:00,89261.11,89565.29,89146.15,89259.79,8746
06-12-2025 14:30,89259.78,89640.38,89242.33,89618.77,8003
06-12-2025 15:00,89618.05,89653.45,89473.41,89555.31,7106
06-12-2025 15:30,89555.31,89670.83,89464.13,89510.70,7158
06-12-2025 16:00,89510.72,89561.80,89433.79,89480.25,6297
06-12-2025 16:30,89480.38,89583.47,89465.37,89555.11,6213
06-12-2025 17:00,89555.11,89707.49,89531.37,89607.29,7090
06-12-2025 17:30,89607.29,89619.83,89536.76,89595.68,6017
06-12-2025 18:00,89595.66,89636.19,89539.59,89557.34,6103
06-12-2025 18:30,89557.34,89684.31,89554.52,89664.22,5570
06-12-2025 19:00,89663.46,89933.21,89610.72,89643.41,6927
06-12-2025 19:30,89643.24,90264.59,89626.77,89902.31,7137
06-12-2025 20:00,89902.32,90175.01,89881.81,89984.48,7547
06-12-2025 20:30,89986.90,90024.49,89467.47,89627.56,8290
06-12-2025 21:00,89627.56,89936.50,89542.17,89744.30,8534
06-12-2025 21:30,89744.47,89969.84,89720.35,89869.55,7629
06-12-2025 22:00,89869.29,89905.54,89654.67,89697.78,8074
06-12-2025 22:30,89697.65,89827.54,89605.84,89816.78,8057
06-12-2025 23:00,89812.84,89813.10,89589.47,89697.90,7786
06-12-2025 23:30,89697.90,89787.10,89618.97,89749.45,6221
07-12-2025 00:00,89749.45,89749.68,89510.98,89637.72,6652
07-12-2025 00:30,89639.54,89744.88,89346.45,89537.06,7422
07-12-2025 01:00,89542.02,89546.76,89213.09,89393.64,5843
07-12-2025 01:30,89394.11,89497.75,89295.90,89437.09,6286
07-12-2025 02:00,89437.09,89550.25,89407.75,89527.04,6264
07-12-2025 02:30,89527.04,89608.58,89373.64,89413.74,7051
07-12-2025 03:00,89413.74,89556.37,89378.35,89402.21,7190
07-12-2025 03:30,89402.21,89518.45,89269.90,89336.20,5812
07-12-2025 04:00,89336.20,89423.72,89234.07,89272.13,3576
07-12-2025 04:30,89272.17,89445.63,88896.81,89008.44,6555
07-12-2025 05:00,89008.44,89304.24,88986.47,89229.21,7566
07-12-2025 05:30,89228.55,89368.66,89093.28,89341.07,7046
07-12-2025 06:00,89339.54,89549.49,89336.38,89375.00,6902
07-12-2025 06:30,89375.00,89574.84,89375.00,89436.47,5963
07-12-2025 07:00,89436.47,89475.13,89269.03,89269.12,6193
07-12-2025 07:30,89269.12,89497.76,89267.70,89422.79,5771
07-12-2025 08:00,89422.79,89674.03,89362.82,89596.16,4140
07-12-2025 08:30,89595.79,89620.55,89522.52,89556.69,4842
07-12-2025 09:00,89556.69,89735.43,89535.46,89709.64,5848
07-12-2025 09:30,89709.57,89781.75,89594.30,89609.15,6190
07-12-2025 10:00,89607.67,89617.92,89466.43,89517.11,5532
07-12-2025 10:30,89517.11,89546.78,89399.59,89448.17,4621
07-12-2025 11:00,89448.19,89531.07,89442.06,89485.24,4300
07-12-2025 11:30,89485.24,89666.08,89464.46,89634.64,4931
07-12-2025 12:00,89634.64,89689.25,89543.16,89682.81,4914
07-12-2025 12:30,89682.62,89715.07,89294.47,89370.30,5376
07-12-2025 13:00,89370.40,89396.88,89176.50,89351.79,6094
07-12-2025 13:30,89351.73,89363.15,89166.94,89338.00,5770
07-12-2025 14:00,89338.00,89518.69,89264.14,89285.71,5959
07-12-2025 14:30,89286.15,89383.57,89075.88,89153.72,5555
07-12-2025 15:00,89152.85,89246.61,89026.79,89083.32,6006
07-12-2025 15:30,89083.32,89281.53,89076.73,89175.06,6700
07-12-2025 16:00,89175.06,89376.47,89081.33,89216.71,7043
07-12-2025 16:30,89216.71,89258.53,89148.69,89153.36,6118
07-12-2025 17:00,89151.27,89242.16,89117.46,89130.08,5914
07-12-2025 17:30,89130.98,89325.17,89091.43,89249.15,6235
07-12-2025 18:00,89249.15,89581.13,89236.86,89449.79,6376
07-12-2025 18:30,89449.79,89498.52,88693.41,88902.51,7645
07-12-2025 19:00,88902.51,89093.59,88853.75,89032.36,8044
07-12-2025 19:30,89033.31,89092.78,87830.78,87899.37,9623
07-12-2025 20:00,87909.86,88353.45,87699.19,88199.70,9465
07-12-2025 20:30,88199.70,89047.39,88134.71,88719.98,9097
07-12-2025 21:00,88713.80,89683.40,88547.04,89518.77,9311
07-12-2025 21:30,89516.53,89536.77,89081.65,89305.20,9202
07-12-2025 22:00,89305.20,89727.29,89221.59,89703.53,8016
07-12-2025 22:30,89703.53,90722.99,89581.41,90701.46,9970
07-12-2025 23:00,90702.72,91249.99,90675.39,90926.17,10629
07-12-2025 23:30,90926.11,91643.25,90925.08,91558.84,10195
08-12-2025 00:00,91559.07,91740.91,91213.85,91338.63,9181
08-12-2025 00:30,91338.50,91528.15,91213.68,91239.28,7730
08-12-2025 01:00,91239.26,91399.28,91184.92,91395.95,7700
08-12-2025 01:30,91395.94,91464.12,91275.73,91412.37,7417
08-12-2025 02:00,91412.37,91492.99,91295.50,91401.65,7186
08-12-2025 02:30,91402.12,91411.49,90778.06,90840.05,7153
08-12-2025 03:00,90839.12,90988.96,89835.63,90195.62,9569
08-12-2025 03:30,90197.86,90198.28,89023.17,89667.43,11316
08-12-2025 04:00,89667.45,90187.40,89303.93,89573.24,9310
08-12-2025 04:30,89573.14,90055.85,89489.45,90029.82,10311
08-12-2025 05:00,90029.82,90458.03,89794.08,90364.82,9903
08-12-2025 05:30,90366.43,90393.13,89833.88,90213.43,12929
08-12-2025 06:00,90215.93,90578.30,90184.47,90325.79,12686
08-12-2025 06:30,90326.81,91232.70,90272.72,91121.75,12715
08-12-2025 07:00,91122.43,91675.44,90764.07,90885.74,13003
08-12-2025 07:30,90884.88,91087.11,90777.13,91007.59,12369
08-12-2025 08:00,91003.98,91501.19,90941.47,91336.34,12458
08-12-2025 08:30,91336.69,91402.50,91082.78,91226.80,12269
08-12-2025 09:00,91229.49,91268.83,90942.53,91043.99,11887
08-12-2025 09:30,91044.96,91326.99,90992.36,91216.72,12108
08-12-2025 10:00,91219.29,91455.90,91117.01,91258.46,12391
08-12-2025 10:30,91261.50,91347.20,90874.39,91248.75,12144
08-12-2025 11:00,91251.55,91413.69,91246.13,91294.26,11934
08-12-2025 11:30,91297.10,91421.90,91205.33,91411.78,11964
08-12-2025 12:00,91413.63,91625.04,91373.41,91429.85,12144
08-12-2025 12:30,91431.71,91705.78,91317.53,91667.25,11722
08-12-2025 13:00,91667.89,91839.25,91453.31,91534.45,12203
08-12-2025 13:30,91534.64,91699.12,91446.98,91681.07,12305
08-12-2025 14:00,91685.88,91921.88,91572.87,91800.95,12077
08-12-2025 14:30,91805.73,92263.48,91764.89,91943.18,12512
08-12-2025 15:00,91947.64,92040.26,91876.80,91883.53,11772
08-12-2025 15:30,91884.98,92071.28,91792.04,92025.04,12050
08-12-2025 16:00,92023.83,92198.15,91932.83,92102.64,12119
08-12-2025 16:30,92102.34,92164.29,91954.24,92009.68,11978
08-12-2025 17:00,92009.92,92009.92,91823.52,91943.37,12261
08-12-2025 17:30,91942.66,91971.28,91738.44,91832.14,12317
08-12-2025 18:00,91832.45,91900.45,91639.65,91740.21,11922
08-12-2025 18:30,91740.69,92095.08,91490.32,91622.93,12637
08-12-2025 19:00,91624.27,91694.74,91310.71,91417.11,12863
08-12-2025 19:30,91421.41,91576.76,91104.92,91323.51,12659
08-12-2025 20:00,91323.31,91734.46,90750.48,90805.15,13711
08-12-2025 20:30,90808.94,90962.10,89689.13,89947.10,13612
08-12-2025 21:00,89950.00,90231.70,89573.13,89933.63,13573
08-12-2025 21:30,89935.24,90387.65,89651.79,90268.11,13202
08-12-2025 22:00,90268.77,90457.79,89716.34,89941.82,13215
08-12-2025 22:30,89946.59,90214.87,89735.34,89926.39,13173
08-12-2025 23:00,89927.42,90315.37,89662.85,90228.41,13263
08-12-2025 23:30,90228.82,90496.67,90083.29,90122.09,13371
09-12-2025 00:00,90118.99,90491.82,89688.40,89866.61,13302
09-12-2025 00:30,89890.35,90177.09,89828.63,90094.39,13429
09-12-2025 01:00,90094.84,90343.13,90021.35,90095.76,13099
09-12-2025 01:30,90096.11,90615.61,90095.41,90424.46,13073
09-12-2025 02:00,90429.83,90903.58,90280.79,90773.90,13012
09-12-2025 02:30,90777.52,91042.87,90647.05,91007.04,12736
09-12-2025 03:00,91011.68,91360.11,91009.24,91286.12,12920
09-12-2025 03:30,91289.78,91358.50,90822.51,90948.42,12336
09-12-2025 04:00,90948.72,91040.15,90696.06,90803.16,12030
09-12-2025 04:30,90804.01,91004.11,90470.37,90698.55,12573
09-12-2025 05:00,90696.60,90765.61,90529.76,90618.83,12619
09-12-2025 05:30,90619.59,90835.08,90554.72,90664.56,12975
09-12-2025 06:00,90665.96,90665.96,90326.04,90365.90,12769
09-12-2025 06:30,90366.42,90558.69,90172.59,90201.11,13011
09-12-2025 07:00,90199.31,90253.70,89945.24,90041.54,13034
09-12-2025 07:30,90040.07,90357.50,89953.47,90285.90,12757
09-12-2025 08:00,90284.83,90325.90,90025.24,90040.97,12614
09-12-2025 08:30,90045.39,90140.68,89784.61,90015.60,12692
09-12-2025 09:00,90016.52,90434.02,90000.26,90391.38,12819
09-12-2025 09:30,90390.13,90494.57,90295.67,90381.33,12436
09-12-2025 10:00,90383.87,90384.48,89697.15,89894.06,12417
09-12-2025 10:30,89894.26,89957.46,89530.45,89841.34,12471
09-12-2025 11:00,89842.04,90209.42,89826.08,89878.28,12568
09-12-2025 11:30,89877.60,90097.29,89770.22,89842.22,12208
09-12-2025 12:00,89844.79,90206.85,89744.03,90137.01,12727
09-12-2025 12:30,90136.12,90411.46,90049.13,90339.19,12704
09-12-2025 13:00,90338.06,90498.97,90304.51,90461.48,12508
09-12-2025 13:30,90465.65,90568.80,90422.14,90478.67,12480
09-12-2025 14:00,90481.44,90581.21,90335.17,90462.45,12365
09-12-2025 14:30,90463.79,90471.46,90248.36,90275.40,12392
09-12-2025 15:00,90279.17,90333.20,90100.81,90111.71,12524
09-12-2025 15:30,90111.53,90196.37,90031.60,90159.95,12120
09-12-2025 16:00,90159.96,90318.25,89891.10,90269.72,12569
09-12-2025 16:30,90266.14,90330.67,90101.55,90248.62,12324
09-12-2025 17:00,90251.99,90376.93,90128.52,90361.59,12543
09-12-2025 17:30,90357.85,90654.06,90297.83,90532.24,12569
09-12-2025 18:00,90531.39,90639.38,90461.48,90551.45,12723
09-12-2025 18:30,90552.76,90697.32,90442.00,90667.07,12448
09-12-2025 19:00,90666.51,90821.36,90128.03,90397.33,12719
09-12-2025 19:30,90395.17,90600.99,90090.23,90230.52,12722
09-12-2025 20:00,90232.93,90539.48,89974.39,90327.17,13572
09-12-2025 20:30,90326.75,91237.62,90250.30,91161.90,13607
09-12-2025 21:00,91128.53,92847.87,90960.97,92661.30,14001
09-12-2025 21:30,92679.78,93662.53,92643.24,93343.87,13859
09-12-2025 22:00,93345.66,94461.14,93343.61,94213.23,13868
09-12-2025 22:30,94167.10,94580.40,93604.04,93735.48,13422
09-12-2025 23:00,93743.19,94021.92,93511.76,93905.01,13617
09-12-2025 23:30,93903.34,94170.99,93640.38,94101.00,13324
10-12-2025 00:00,94102.32,94155.60,93683.97,93908.22,13211
10-12-2025 00:30,93908.44,94066.49,93703.11,93972.20,13001
10-12-2025 01:00,93981.14,94196.98,93635.94,93787.11,12946
10-12-2025 01:30,93787.96,93837.55,92750.64,93049.74,13009
10-12-2025 02:00,93052.15,93244.42,92797.17,93094.35,13122
10-12-2025 02:30,93097.13,93222.72,92946.78,93086.36,12580
10-12-2025 03:00,93087.65,93140.80,92236.09,92640.22,12709
10-12-2025 03:30,92630.02,92897.42,92471.89,92478.85,12395
10-12-2025 04:00,92479.30,93012.59,92475.46,92847.20,11522
10-12-2025 04:30,92848.42,92862.53,92514.61,92840.88,11307
10-12-2025 05:00,92844.26,92963.65,92639.26,92652.92,10891
10-12-2025 05:30,92655.49,92755.46,92261.15,92510.68,11452
10-12-2025 06:00,92510.81,92555.29,92056.70,92108.38,12018
10-12-2025 06:30,92107.08,92386.00,92074.84,92244.25,12389
10-12-2025 07:00,92249.39,92347.04,91942.98,92293.13,12493
10-12-2025 07:30,92288.81,92560.36,91995.45,92486.95,12425
10-12-2025 08:00,92487.59,92506.46,92212.50,92483.11,12279
10-12-2025 08:30,92483.00,92549.19,92319.27,92394.12,11943
10-12-2025 09:00,92392.22,92506.34,92355.78,92389.57,11877
10-12-2025 09:30,92392.47,92649.73,92365.19,92420.64,11949
10-12-2025 10:00,92421.86,92625.31,92379.95,92536.02,12060
10-12-2025 10:30,92531.24,92716.02,92496.21,92567.99,11754
10-12-2025 11:00,92566.30,92640.61,92504.32,92534.19,11622
10-12-2025 11:30,92532.87,92594.75,92379.58,92530.23,11743
10-12-2025 12:00,92528.13,92745.25,92516.78,92674.41,11438
10-12-2025 12:30,92677.11,92692.70,92466.56,92569.69,11260
10-12-2025 13:00,92568.05,92819.37,92498.22,92819.37,11311
10-12-2025 13:30,92766.89,92779.34,92614.43,92652.91,11626
10-12-2025 14:00,92651.41,92731.65,92518.05,92574.29,11750
10-12-2025 14:30,92577.78,92651.37,92409.02,92455.30,11711
10-12-2025 15:00,92452.65,92930.21,92452.65,92899.38,12003
10-12-2025 15:30,92895.67,93182.18,92401.03,92419.78,12598
10-12-2025 16:00,92424.80,92426.74,92098.20,92236.36,12830
10-12-2025 16:30,92240.53,92409.44,92178.10,92300.52,11619
10-12-2025 17:00,92298.73,92351.39,91735.76,92097.01,12060
10-12-2025 17:30,92091.15,92188.68,91936.03,91991.19,11679
10-12-2025 18:00,91989.33,92096.88,91795.07,91959.55,11961
10-12-2025 18:30,91960.59,92200.06,91911.85,92080.87,11760
10-12-2025 19:00,92071.80,92155.24,91928.66,92061.46,11721
10-12-2025 19:30,92059.12,92093.35,91825.31,91906.58,12095
10-12-2025 20:00,91905.81,92063.93,91563.75,91798.67,13550
10-12-2025 20:30,91798.75,92121.09,91679.95,91917.40,13448
10-12-2025 21:00,91918.98,92064.46,91544.64,92035.81,13367
10-12-2025 21:30,92036.89,92555.51,91854.99,92444.23,13245
10-12-2025 22:00,92447.56,92462.58,92055.26,92138.09,13072
10-12-2025 22:30,92135.49,92487.32,92053.23,92286.22,12844
10-12-2025 23:00,92281.06,92472.03,92176.60,92360.70,12599
10-12-2025 23:30,92359.91,92463.71,91963.54,92207.32,13142
11-12-2025 00:00,92208.41,93009.96,92081.15,92467.75,13550
11-12-2025 00:30,92465.63,93180.40,91878.06,92408.78,13813
11-12-2025 01:00,92435.04,93246.81,92246.32,92953.92,13628
11-12-2025 01:30,92955.43,94454.78,92634.13,93572.48,13598
11-12-2025 02:00,93574.57,93830.59,92288.22,92482.75,13979
11-12-2025 02:30,92461.34,92623.40,91859.18,92369.55,13553
11-12-2025 03:00,92372.52,92782.44,92147.19,92360.48,13079
11-12-2025 03:30,92362.24,92699.93,91963.20,92322.97,12708
11-12-2025 04:00,92322.85,92660.78,92103.39,92489.46,11925
11-12-2025 04:30,92491.05,92584.51,92109.79,92116.65,12525
11-12-2025 05:00,92111.63,92161.71,91919.21,91995.95,12310
11-12-2025 05:30,91994.71,92064.49,91729.91,91754.80,12900
11-12-2025 06:00,91753.63,91771.96,91034.00,91376.60,13456
11-12-2025 06:30,91376.43,91400.42,90688.04,91074.23,13406
11-12-2025 07:00,91068.96,91282.80,90636.02,90662.73,13194
11-12-2025 07:30,90659.42,90662.56,89960.74,90069.54,13604
11-12-2025 08:00,90070.59,90215.87,89853.99,90062.78,13623
11-12-2025 08:30,90065.71,90067.80,89385.54,89713.33,13534
11-12-2025 09:00,89709.92,89896.88,89559.15,89863.39,13065
11-12-2025 09:30,89862.27,90112.29,89668.80,90011.16,12871
11-12-2025 10:00,90010.31,90475.36,89978.99,90420.73,12774
11-12-2025 10:30,90420.21,90422.63,90051.45,90254.17,12787
11-12-2025 11:00,90253.98,90329.32,90151.41,90294.23,12339
11-12-2025 11:30,90293.62,90294.97,89944.48,90095.81,12309
11-12-2025 12:00,90094.37,90438.83,90093.24,90268.00,12912
11-12-2025 12:30,90267.48,90311.02,90062.10,90107.53,12545
11-12-2025 13:00,90106.25,90259.33,90106.25,90256.83,12409
11-12-2025 13:30,90250.89,90257.19,89971.84,90100.89,12781
11-12-2025 14:00,90100.45,90230.85,89959.26,90171.68,12492
11-12-2025 14:30,90170.81,90454.15,90118.70,90415.15,11944
11-12-2025 15:00,90413.81,90492.59,90129.91,90221.95,11561
11-12-2025 15:30,90220.90,90334.74,90146.46,90247.11,11717
11-12-2025 16:00,90245.89,90499.15,90143.52,90301.60,11111
11-12-2025 16:30,90299.56,90410.20,90229.88,90239.96,11512
11-12-2025 17:00,90239.88,90318.55,90147.03,90219.69,11394
11-12-2025 17:30,90216.69,90324.95,90097.94,90288.50,11800
11-12-2025 18:00,90287.95,90365.56,89972.02,90003.04,11736
11-12-2025 18:30,90002.40,90099.58,89936.08,90011.20,11808
11-12-2025 19:00,90006.84,90142.50,89835.04,90068.06,12302
11-12-2025 19:30,90062.97,90239.76,89982.16,90115.50,12241
11-12-2025 20:00,90108.52,90454.02,89236.19,89519.47,13735
11-12-2025 20:30,89502.04,90614.31,89363.37,90223.34,13814
11-12-2025 21:00,90223.34,90291.76,89603.75,89847.51,13531
11-12-2025 21:30,89838.70,89952.46,89302.72,89528.88,13496
11-12-2025 22:00,89526.11,90155.03,89420.87,89709.28,13742
11-12-2025 22:30,89705.29,90237.18,89592.70,90047.79,13194
11-12-2025 23:00,90047.49,90227.30,89880.06,89951.57,12783
11-12-2025 23:30,89943.82,90473.52,89845.38,90326.67,12971
12-12-2025 00:00,90323.80,91171.44,90281.11,90681.84,13313
12-12-2025 00:30,90677.41,91163.60,90566.01,91111.76,13334
12-12-2025 01:00,91109.96,91532.40,90736.14,90808.73,13209
12-12-2025 01:30,90815.15,91461.49,90777.76,91033.80,13338
12-12-2025 02:00,91032.15,91819.01,90999.06,91768.88,13105
12-12-2025 02:30,91770.61,93248.09,91681.64,93136.73,13383
12-12-2025 03:00,93257.72,93553.62,92789.72,92849.97,13270
12-12-2025 03:30,92846.84,93142.31,92208.02,92320.93,13047
12-12-2025 04:00,92320.85,92688.82,92075.05,92341.08,12787
12-12-2025 04:30,92341.14,92672.08,92317.05,92489.52,12786
12-12-2025 05:00,92487.09,92795.82,92373.57,92509.18,12657
12-12-2025 05:30,92503.13,92648.95,92335.38,92371.61,12474
12-12-2025 06:00,92373.00,92421.58,91443.36,91512.74,12434
12-12-2025 06:30,91553.56,92165.22,91513.33,92085.00,13132
12-12-2025 07:00,92083.82,92298.73,92026.68,92149.94,12873
12-12-2025 07:30,92150.48,92479.05,91909.65,92369.62,12856
12-12-2025 08:00,92370.93,92725.11,92324.67,92574.82,12708
12-12-2025 08:30,92575.70,92750.77,92157.76,92233.33,12541
12-12-2025 09:00,92233.30,92397.78,92200.99,92265.52,12277
12-12-2025 09:30,92267.56,92338.70,92114.48,92191.85,11851
12-12-2025 10:00,92191.96,92448.64,92144.72,92377.03,11245
12-12-2025 10:30,92379.18,92489.25,92052.14,92103.01,11679
12-12-2025 11:00,92106.93,92459.91,92102.10,92420.45,11945
12-12-2025 11:30,92421.66,92706.71,92376.15,92580.74,12402
12-12-2025 12:00,92580.93,92580.93,92431.80,92486.08,11864
12-12-2025 12:30,92489.01,92628.50,92342.29,92359.27,11707
12-12-2025 13:00,92357.55,92507.23,92232.34,92416.08,12183
12-12-2025 13:30,92417.97,92467.21,92158.39,92232.91,12045
12-12-2025 14:00,92232.81,92334.54,92064.25,92334.54,12199
12-12-2025 14:30,92344.24,92371.62,92081.02,92081.02,12258
12-12-2025 15:00,92081.75,92537.91,92059.15,92503.76,12242
12-12-2025 15:30,92501.18,92622.53,92393.53,92440.25,11621
12-12-2025 16:00,92438.93,92561.72,92386.56,92471.03,11510
12-12-2025 16:30,92468.79,92473.44,92251.26,92341.98,12306
12-12-2025 17:00,92344.98,92414.50,92277.58,92396.62,12251
12-12-2025 17:30,92398.15,92398.15,92140.92,92160.92,12170
12-12-2025 18:00,92163.34,92415.37,92050.06,92408.47,12543
12-12-2025 18:30,92408.47,92498.03,92250.36,92257.86,12357
12-12-2025 19:00,92263.10,92389.12,92218.84,92288.22,12546
12-12-2025 19:30,92292.66,92338.84,92085.81,92099.70,12503
12-12-2025 20:00,92100.64,92653.81,91875.56,92433.40,13927
12-12-2025 20:30,92426.95,92426.95,90807.34,90863.76,13827
12-12-2025 21:00,90814.93,90918.08,89754.85,89839.58,13872
12-12-2025 21:30,89890.11,90407.62,89610.30,90380.08,13666
12-12-2025 22:00,90378.10,90378.86,89463.79,90027.91,13570
12-12-2025 22:30,90026.43,90614.40,89811.92,89816.70,13444
12-12-2025 23:00,89818.03,90298.42,89806.85,90069.85,13342
12-12-2025 23:30,90066.38,90549.40,90025.09,90533.68,13631
13-12-2025 00:00,90533.65,90652.38,90257.61,90361.75,13684
13-12-2025 00:30,90359.32,90393.36,89972.85,90174.40,13574
13-12-2025 01:00,90168.57,90287.43,90053.55,90167.05,13566
13-12-2025 01:30,90166.42,90251.27,89981.68,89983.53,13235
13-12-2025 02:00,89982.39,90325.65,89849.43,90177.45,13176
13-12-2025 02:30,90181.91,90318.46,90073.41,90155.50,11923
13-12-2025 03:00,90153.96,90283.97,90144.07,90155.55,11426
13-12-2025 03:30,90157.72,90368.66,90145.50,90303.31,11134
13-12-2025 04:00,90302.63,90342.41,90229.01,90321.99,10737
13-12-2025 04:30,90321.03,90368.73,90256.76,90281.11,11265
13-12-2025 05:00,90279.95,90339.44,90199.02,90238.73,11299
13-12-2025 05:30,90236.04,90406.33,90176.59,90274.51,11878
13-12-2025 06:00,90273.78,90322.49,90269.37,90287.92,11465
13-12-2025 06:30,90285.88,90329.49,90271.17,90292.20,11400
13-12-2025 07:00,90290.28,90302.57,90074.43,90194.70,11665
13-12-2025 07:30,90186.38,90291.26,90181.67,90272.22,11632
13-12-2025 08:00,90273.57,90274.10,90167.53,90188.79,11285
13-12-2025 08:30,90188.79,90323.42,90146.19,90302.36,11306
13-12-2025 09:00,90305.49,90435.95,90293.15,90312.60,11874
13-12-2025 09:30,90311.21,90331.14,90233.85,90292.97,11423
13-12-2025 10:00,90294.06,90389.49,90233.57,90343.07,11574
13-12-2025 10:30,90345.05,90368.07,90303.79,90317.85,11886
13-12-2025 11:00,90323.79,90337.98,90223.53,90305.93,11641
13-12-2025 11:30,90313.32,90333.20,90228.65,90243.90,11541
13-12-2025 12:00,90246.39,90351.16,90241.20,90321.15,11301
13-12-2025 12:30,90325.26,90362.02,90302.78,90356.83,11939
13-12-2025 13:00,90359.46,90377.38,90282.36,90302.15,11685
13-12-2025 13:30,90306.36,90549.13,90284.98,90474.52,12353
13-12-2025 14:00,90478.98,90533.15,90338.94,90427.77,12444
13-12-2025 14:30,90431.52,90485.79,90403.74,90408.37,11729
13-12-2025 15:00,90409.02,90491.55,90343.26,90399.54,11617
13-12-2025 15:30,90400.73,90505.72,90385.39,90480.03,12212
13-12-2025 16:00,90480.18,90613.34,90468.42,90564.96,12352
13-12-2025 16:30,90569.05,90588.57,90428.70,90429.94,11766
13-12-2025 17:00,90429.09,90434.90,90264.58,90317.13,12394
13-12-2025 17:30,90323.26,90463.34,90287.82,90304.64,5444
13-12-2025 18:00,90304.55,90420.18,90263.88,90320.47,8307
13-12-2025 18:30,90325.14,90439.82,90193.89,90203.37,12134
13-12-2025 19:00,90204.97,90296.00,90160.63,90230.04,11635
13-12-2025 19:30,90234.20,90319.87,89918.13,89922.84,12422
13-12-2025 20:00,89924.12,90323.80,89878.97,90053.35,12204
13-12-2025 20:30,90055.65,90271.25,90030.29,90112.49,12178
13-12-2025 21:00,90116.98,90152.53,90000.83,90068.24,12412
13-12-2025 21:30,90072.27,90255.67,90043.48,90062.35,12079
13-12-2025 22:00,90057.78,90142.46,90000.68,90070.77,11803
13-12-2025 22:30,90072.01,90087.83,89932.82,89994.55,11815
13-12-2025 23:00,89994.84,90081.90,89974.70,90031.63,11808
13-12-2025 23:30,90036.65,90168.43,90017.93,90129.77,11459
14-12-2025 00:00,90132.07,90159.87,90069.70,90093.43,11514
14-12-2025 00:30,90095.79,90168.66,90075.85,90107.77,11816
14-12-2025 01:00,90106.69,90218.13,90105.23,90161.76,11982
14-12-2025 01:30,90164.80,90196.84,90102.12,90129.36,12227
14-12-2025 02:00,90131.29,90170.03,90018.07,90066.82,11952
14-12-2025 02:30,90069.41,90083.13,89898.78,89948.84,11627
14-12-2025 03:00,89948.78,90163.33,89737.47,90144.03,12106
14-12-2025 03:30,90148.77,90238.06,89976.08,90074.34,11638
14-12-2025 04:00,90078.42,90224.88,90057.96,90116.33,11191
14-12-2025 04:30,90118.43,90195.16,90035.66,90172.33,12093
14-12-2025 05:00,90175.63,90267.46,90163.17,90210.13,12103
14-12-2025 05:30,90214.08,90311.44,90088.33,90281.65,12064
14-12-2025 06:00,90286.21,90460.03,90268.53,90316.68,11698
14-12-2025 06:30,90319.89,90430.47,90234.94,90402.15,11535
14-12-2025 07:00,90400.00,90428.26,90173.60,90274.85,12059
14-12-2025 07:30,90276.41,90360.60,90261.32,90328.57,12015
14-12-2025 08:00,90329.23,90377.75,90218.89,90274.89,10497
14-12-2025 08:30,90278.11,90291.64,90238.79,90249.63,11213
14-12-2025 09:00,90249.21,90271.44,90209.17,90233.97,11544
14-12-2025 09:30,90233.87,90311.93,90222.48,90278.98,11402
14-12-2025 10:00,90277.28,90309.27,90093.48,90179.91,11868
14-12-2025 10:30,90177.82,90183.34,90022.41,90073.85,11570
14-12-2025 11:00,90077.37,90220.70,90047.44,90180.29,12168
14-12-2025 11:30,90180.13,90228.71,90073.45,90089.93,11277
14-12-2025 12:00,90094.22,90184.04,90064.51,90126.28,10271
14-12-2025 12:30,90130.62,90139.90,90084.92,90095.03,11380
14-12-2025 13:00,90097.45,90263.03,90059.27,90228.44,11682
14-12-2025 13:30,90225.49,90273.48,90153.23,90164.66,11639
14-12-2025 14:00,90162.59,90189.34,90082.90,90100.21,10737
14-12-2025 14:30,90096.03,90157.10,90035.67,90068.01,11281
14-12-2025 15:00,90069.65,90110.01,89983.27,90010.20,12033
14-12-2025 15:30,90004.73,90115.17,89756.93,89970.83,12204
14-12-2025 16:00,89969.28,89992.59,89801.12,89833.29,11872
14-12-2025 16:30,89831.02,89850.85,89443.50,89482.42,12559
14-12-2025 17:00,89483.33,89591.14,88676.09,89342.81,13052
14-12-2025 17:30,89341.47,89530.03,89071.84,89349.85,12870
14-12-2025 18:00,89348.95,89651.51,89347.62,89407.64,12193
14-12-2025 18:30,89408.20,89408.20,89065.82,89245.45,12420
14-12-2025 19:00,89249.69,89472.96,89186.01,89459.29,12313
14-12-2025 19:30,89466.97,89538.59,89186.95,89257.68,12287
14-12-2025 20:00,89257.95,89263.64,88860.31,89087.34,12394
14-12-2025 20:30,89089.59,89153.87,88846.07,88991.26,12883
14-12-2025 21:00,88994.64,89093.58,88902.57,88997.90,12352
14-12-2025 21:30,88998.92,89382.10,88915.34,89236.09,12434
14-12-2025 22:00,89237.24,89319.76,88503.81,88805.55,13172
14-12-2025 22:30,88808.15,89023.94,88576.35,88753.66,13077
14-12-2025 23:00,88755.90,88904.27,88626.86,88788.41,12801
14-12-2025 23:30,88789.74,89049.97,88685.85,88753.33,12158
15-12-2025 00:00,88758.31,89005.60,88753.33,88975.33,12133
15-12-2025 00:30,88977.35,88977.98,88466.47,88685.01,12188
15-12-2025 01:00,88690.56,88736.43,88469.61,88609.10,12429
15-12-2025 01:30,88616.91,88798.28,88325.87,88630.79,12710
15-12-2025 02:00,88636.16,88704.55,88473.59,88533.95,12537
15-12-2025 02:30,88539.58,88696.33,88412.49,88555.52,12075
15-12-2025 03:00,88560.17,88591.96,88317.64,88412.79,12416
15-12-2025 03:30,88420.55,88576.43,88314.66,88349.77,12104
15-12-2025 04:00,88354.09,88420.94,87669.27,88370.29,12225
15-12-2025 04:30,88382.18,88572.75,87889.09,87983.20,13031
15-12-2025 05:00,87987.67,88317.02,87533.28,88126.73,13366
15-12-2025 05:30,88132.12,88572.32,88022.56,88500.18,13654
15-12-2025 06:00,88506.65,88654.55,88079.61,88428.12,13487
15-12-2025 06:30,88429.03,88720.13,88382.61,88672.36,13177
15-12-2025 07:00,88672.48,89319.32,88618.31,89217.73,13693
15-12-2025 07:30,89223.41,89997.11,89201.52,89661.14,13748
15-12-2025 08:00,89668.75,89702.54,89207.42,89286.49,13488
15-12-2025 08:30,89294.53,89527.61,89217.27,89327.78,13373
15-12-2025 09:00,89336.89,89381.97,89186.29,89248.64,13074
15-12-2025 09:30,89256.85,89700.92,89230.85,89306.10,12989
15-12-2025 10:00,89312.70,89760.06,89267.00,89639.06,13182
15-12-2025 10:30,89636.35,89727.39,89497.09,89668.78,12896
15-12-2025 11:00,89670.87,89675.25,89448.81,89583.01,12396
15-12-2025 11:30,89588.15,89599.10,89432.14,89530.41,12669
15-12-2025 12:00,89533.54,89966.05,89503.09,89716.23,12606
15-12-2025 12:30,89711.33,89808.43,89482.33,89566.33,12987
15-12-2025 13:00,89565.54,89775.08,89543.17,89714.35,12833
15-12-2025 13:30,89712.52,89954.93,89611.43,89832.37,13063
15-12-2025 14:00,89834.90,89880.19,89736.14,89737.62,12705
15-12-2025 14:30,89740.08,89952.73,89728.40,89856.82,12933
15-12-2025 15:00,89855.33,89970.22,89742.86,89837.96,12885
15-12-2025 15:30,89837.90,89914.54,89686.34,89841.68,13028
15-12-2025 16:00,89838.86,89975.82,89711.98,89837.02,12975
15-12-2025 16:30,89836.34,89884.61,89742.34,89772.64,12564
15-12-2025 17:00,89772.05,89811.09,89536.71,89619.96,12476
15-12-2025 17:30,89621.33,89632.03,89393.81,89542.24,12843
15-12-2025 18:00,89543.68,89736.94,89536.34,89669.84,12855
15-12-2025 18:30,89668.53,89717.71,89332.51,89422.26,13150
15-12-2025 19:00,89423.31,89555.90,89248.41,89392.78,13066
15-12-2025 19:30,89394.28,89677.35,89298.03,89349.35,13632
15-12-2025 20:00,89360.96,89720.44,87956.79,88098.72,13532
15-12-2025 20:30,88098.72,88145.17,86694.85,86753.53,13250
15-12-2025 21:00,86788.44,87335.96,86575.70,86999.38,13439
15-12-2025 21:30,86999.48,87178.34,86686.01,86867.63,13579
15-12-2025 22:00,86873.36,86929.05,85993.41,86347.27,13728
15-12-2025 22:30,86347.72,86442.52,85986.81,86137.29,13883
15-12-2025 23:00,86145.13,86210.05,85531.18,85709.10,13936
15-12-2025 23:30,85714.45,85930.64,85486.30,85526.06,13936
16-12-2025 00:00,85528.14,86229.29,85114.38,86143.31,13825
16-12-2025 00:30,86144.12,86519.23,85815.64,86072.40,13973
16-12-2025 01:00,86070.90,86288.55,85918.61,86091.52,13965
16-12-2025 01:30,86093.35,86138.83,85545.12,85687.56,13939
16-12-2025 02:00,85690.81,86037.33,85648.68,85776.78,13706
16-12-2025 02:30,85753.04,86093.60,85360.24,86010.20,13165
16-12-2025 03:00,86014.64,86402.01,85924.78,86150.55,12550
16-12-2025 03:30,86162.17,86181.11,85752.42,85953.55,12196
16-12-2025 04:00,85960.14,86218.46,85837.03,86205.60,11675
16-12-2025 04:30,86208.14,86422.27,86058.72,86180.79,12616
16-12-2025 05:00,86179.25,86419.54,86125.74,86377.77,12554
16-12-2025 05:30,86380.78,86474.09,86099.63,86293.47,13133
16-12-2025 06:00,86294.17,86301.89,85781.58,85814.75,13132
16-12-2025 06:30,85814.46,86122.40,85660.97,85857.74,13348
16-12-2025 07:00,85859.09,85980.35,85621.73,85838.58,13698
16-12-2025 07:30,85839.57,86180.61,85791.29,86141.25,13530
16-12-2025 08:00,86142.73,86168.04,85734.07,85888.19,13520
16-12-2025 08:30,85890.43,85968.23,85542.24,85647.92,13505
16-12-2025 09:00,85649.57,85830.24,85321.90,85820.06,13532
16-12-2025 09:30,85821.72,85875.07,85571.36,85589.06,13140
16-12-2025 10:00,85590.92,85796.93,85214.69,85777.86,13279
16-12-2025 10:30,85777.15,85956.84,85747.83,85932.58,13516
16-12-2025 11:00,85932.55,86166.25,85889.39,85976.00,13288
16-12-2025 11:30,85976.24,86422.92,85976.00,86362.33,12989
16-12-2025 12:00,86364.28,86564.15,86299.45,86454.16,12974
16-12-2025 12:30,86454.78,86560.05,86028.68,86172.71,13092
16-12-2025 13:00,86174.18,86192.24,85768.53,85956.51,13509
16-12-2025 13:30,85962.94,86241.53,85870.15,86216.67,13303
16-12-2025 14:00,86220.60,86329.32,86026.59,86222.99,13134
16-12-2025 14:30,86223.89,86377.85,86137.55,86219.22,12795
16-12-2025 15:00,86220.43,86372.28,86166.59,86299.44,12542
16-12-2025 15:30,86295.45,86452.62,86214.94,86342.79,12861
16-12-2025 16:00,86343.86,87274.57,86324.86,86925.86,13347
16-12-2025 16:30,86924.47,87094.89,86756.87,87092.56,13110
16-12-2025 17:00,87094.99,87306.31,86944.28,87209.73,13003
16-12-2025 17:30,87213.64,87292.91,87054.66,87108.25,12989
16-12-2025 18:00,87108.16,87426.84,87023.09,87158.27,13110
16-12-2025 18:30,87161.25,87513.90,86999.94,87317.37,13512
16-12-2025 19:00,87314.66,87730.57,86430.69,86483.80,13724
16-12-2025 19:30,86441.43,87033.43,86103.10,86882.91,13600
16-12-2025 20:00,86882.91,87667.77,86752.50,87244.65,13431
16-12-2025 20:30,87246.55,87431.09,86864.13,87117.53,13759
16-12-2025 21:00,87116.38,88100.82,86993.23,87913.92,13621
16-12-2025 21:30,87914.55,88002.36,87478.05,87790.93,13799
16-12-2025 22:00,87792.00,87869.66,87344.81,87534.47,13837
16-12-2025 22:30,87536.37,87796.60,87214.59,87292.12,13699
16-12-2025 23:00,87290.88,87469.66,87033.36,87075.52,13612
16-12-2025 23:30,87077.05,87529.99,87000.02,87344.90,13568
17-12-2025 00:00,87345.78,87966.86,87342.26,87733.30,13695
17-12-2025 00:30,87733.03,87740.37,87222.63,87387.10,13642
17-12-2025 01:00,87388.71,87746.54,87305.53,87526.59,13709
17-12-2025 01:30,87528.84,87636.55,87274.86,87494.98,13478
17-12-2025 02:00,87495.48,87790.83,87459.01,87537.17,13724
17-12-2025 02:30,87528.71,87707.52,87437.58,87648.11,12828
17-12-2025 03:00,87649.91,87864.92,87649.27,87725.67,12469
17-12-2025 03:30,87725.67,87833.70,87574.03,87824.86,11665
17-12-2025 04:00,87830.01,87883.66,87663.25,87743.19,11619
17-12-2025 04:30,87746.18,87798.95,87546.99,87617.60,12348
17-12-2025 05:00,87623.37,87838.20,87604.21,87817.57,12495
17-12-2025 05:30,87820.46,87820.47,87423.04,87440.97,13054
17-12-2025 06:00,87446.06,87522.16,87360.93,87477.81,12817
17-12-2025 06:30,87483.82,87906.25,87477.81,87704.67,13068
17-12-2025 07:00,87714.42,87830.99,87419.56,87499.93,13207
17-12-2025 07:30,87497.48,87542.51,87127.89,87273.44,13124
17-12-2025 08:00,87283.03,87510.02,87170.38,87429.09,13177
17-12-2025 08:30,87436.41,87566.76,87263.10,87286.02,12752
17-12-2025 09:00,87287.49,87332.56,87085.06,87151.56,12795
17-12-2025 09:30,87154.66,87347.16,86913.32,86988.26,12941
17-12-2025 10:00,86999.64,87061.16,86658.42,86691.01,13044
17-12-2025 10:30,86708.63,86711.16,86143.17,86382.75,13274
17-12-2025 11:00,86374.97,86676.25,86159.35,86564.71,13129
17-12-2025 11:30,86579.96,87000.24,86525.33,86815.06,13015
17-12-2025 12:00,86830.62,86891.95,86655.95,86712.79,12849
17-12-2025 12:30,86727.72,86879.67,86521.26,86677.18,12733
17-12-2025 13:00,86691.07,87099.73,86656.53,86983.87,12917
17-12-2025 13:30,86996.95,86998.65,86382.48,86449.74,13008
17-12-2025 14:00,86449.74,86526.78,86087.42,86328.50,13072
17-12-2025 14:30,86337.46,86553.95,86206.62,86269.39,12962
17-12-2025 15:00,86280.92,86427.00,86190.34,86354.50,12888
17-12-2025 15:30,86364.18,86688.81,86170.82,86500.42,13168
17-12-2025 16:00,86508.47,86804.93,86420.50,86560.55,12987
17-12-2025 16:30,86559.62,86844.46,86498.29,86736.22,12916
17-12-2025 17:00,86744.57,87084.05,86716.65,86925.21,12608
17-12-2025 17:30,86926.62,87166.04,86905.42,87027.57,13059
17-12-2025 18:00,87033.31,87049.16,86746.00,86960.16,13026
17-12-2025 18:30,86967.25,87249.94,86740.73,87035.99,13300
17-12-2025 19:00,87038.88,87790.01,86999.72,87565.69,13596
17-12-2025 19:30,87564.61,87857.63,87416.85,87671.47,13693
17-12-2025 20:00,87672.23,89634.20,87153.16,89624.54,13440
17-12-2025 20:30,89622.80,90275.40,89353.20,89867.12,13655
17-12-2025 21:00,89870.57,90037.93,87106.50,87219.41,13375
17-12-2025 21:30,87193.23,87622.56,86270.37,86286.65,13480
17-12-2025 22:00,86293.90,86945.27,86087.39,86943.01,13679
17-12-2025 22:30,86933.33,87041.47,86392.51,86797.44,13842
17-12-2025 23:00,86797.97,86853.37,86188.96,86351.68,13751
17-12-2025 23:30,86355.64,86783.98,86352.92,86407.83,13885
18-12-2025 00:00,86405.76,86518.04,85576.39,85741.56,13411
18-12-2025 00:30,85741.15,85863.37,85229.98,85621.25,13763
18-12-2025 01:00,85621.05,86115.62,85250.82,85940.40,13657
18-12-2025 01:30,85942.12,86180.22,85564.04,86066.84,13781
18-12-2025 02:00,86069.63,86134.76,85662.18,85809.04,13732
18-12-2025 02:30,85815.60,85982.89,85691.84,85778.19,13268
18-12-2025 03:00,85781.04,85948.06,85618.85,85898.00,12734
18-12-2025 03:30,85903.75,86388.36,85794.92,86186.07,12277
18-12-2025 04:00,86182.71,86321.65,86025.56,86281.00,12070
18-12-2025 04:30,86276.79,86285.62,85752.46,85954.38,12309
18-12-2025 05:00,85957.31,86183.89,85866.12,86168.51,12311
18-12-2025 05:30,86169.31,86229.79,85976.48,86171.85,13308
18-12-2025 06:00,86174.22,86243.69,86046.99,86152.22,13023
18-12-2025 06:30,86155.85,86172.21,85785.13,85920.60,13315
18-12-2025 07:00,85925.24,86123.52,85899.67,86048.90,13390
18-12-2025 07:30,86051.23,86811.93,85933.79,86342.36,13586
18-12-2025 08:00,86346.03,86692.22,86325.27,86613.95,13229
18-12-2025 08:30,86618.54,86626.38,86199.33,86221.27,13493
18-12-2025 09:00,86225.93,86579.48,86162.43,86537.98,13237
18-12-2025 09:30,86533.86,86832.74,86512.32,86764.56,13175
18-12-2025 10:00,86762.29,86830.23,86670.31,86691.26,13022
18-12-2025 10:30,86690.87,86702.01,86448.07,86472.19,12888
18-12-2025 11:00,86473.14,86666.24,86290.61,86365.51,12916
18-12-2025 11:30,86366.97,86524.04,86333.38,86389.11,12905
18-12-2025 12:00,86390.82,86594.89,86335.93,86572.53,12815
18-12-2025 12:30,86575.04,86837.38,86424.57,86765.28,12980
18-12-2025 13:00,86765.28,86802.79,86635.95,86760.29,12411
18-12-2025 13:30,86763.09,86958.83,86609.25,86870.01,13225
18-12-2025 14:00,86871.46,87052.01,86861.37,86905.14,13444
18-12-2025 14:30,86904.93,86980.93,86729.12,86949.20,13092
18-12-2025 15:00,86948.57,87331.10,86947.02,87203.60,13412
18-12-2025 15:30,87204.22,87361.58,87148.78,87298.47,12911
18-12-2025 16:00,87299.01,87393.42,87133.65,87284.01,13074
18-12-2025 16:30,87277.45,87287.79,86979.46,87102.24,13173
18-12-2025 17:00,87104.32,87207.27,87055.91,87201.32,12803
18-12-2025 17:30,87203.57,87286.94,87041.35,87061.31,12725
18-12-2025 18:00,87062.20,87358.27,87031.29,87177.95,13193
18-12-2025 18:30,87178.68,87905.39,87177.79,87575.11,13591
18-12-2025 19:00,87569.26,89132.74,87553.28,88769.81,13548
18-12-2025 19:30,88772.92,89401.34,88053.92,88442.30,13707
18-12-2025 20:00,88441.35,88902.46,87691.99,88264.88,13488
18-12-2025 20:30,88264.48,88584.93,87762.90,88472.48,13855
18-12-2025 21:00,88491.40,89278.82,88208.78,88418.00,13637
18-12-2025 21:30,88420.24,88448.82,87748.80,88010.76,13834
18-12-2025 22:00,88010.43,88320.43,87829.76,87913.22,13725
18-12-2025 22:30,87920.33,87937.56,85348.15,85807.80,13371
18-12-2025 23:00,85814.03,86514.32,85502.57,86392.39,13784
18-12-2025 23:30,86394.26,86814.41,86158.84,86305.36,13657
19-12-2025 00:00,86310.74,86558.15,85609.20,85888.44,13895
19-12-2025 00:30,85897.53,85939.19,85165.90,85571.68,13799
19-12-2025 01:00,85582.28,85747.77,84357.53,84396.59,13551
19-12-2025 01:30,84402.80,85189.15,84371.26,84888.70,13894
19-12-2025 02:00,84896.08,85038.99,84614.71,84720.77,13806
19-12-2025 02:30,84616.65,85386.13,84492.76,85356.67,13723
19-12-2025 03:00,85380.64,85751.39,85116.09,85540.17,13831
19-12-2025 03:30,85539.63,85671.79,85184.62,85401.33,12546
19-12-2025 04:00,85407.84,85667.73,85379.01,85488.82,10524
19-12-2025 04:30,85492.89,85553.71,85221.37,85399.79,12609
19-12-2025 05:00,85399.35,85514.77,85250.32,85418.12,12564
19-12-2025 05:30,85438.00,85524.59,85309.70,85324.93,13201
19-12-2025 06:00,85334.02,85525.87,85198.80,85519.79,12978
19-12-2025 06:30,85533.57,85533.86,85108.88,85128.49,13033
19-12-2025 07:00,85110.84,85338.62,84983.11,85233.61,13170
19-12-2025 07:30,85248.97,85465.53,85039.67,85427.46,13201
19-12-2025 08:00,85445.83,85846.17,85279.31,85552.83,13366
19-12-2025 08:30,85569.39,87073.75,85519.32,86968.04,13618
19-12-2025 09:00,87025.50,87449.80,86607.95,86769.85,13542
19-12-2025 09:30,86796.08,87299.88,86742.59,86942.29,13293
19-12-2025 10:00,86945.97,87125.64,86860.91,87012.71,12817
19-12-2025 10:30,87009.28,87112.44,86634.66,86668.54,13184
19-12-2025 11:00,86666.17,87170.87,86584.92,87052.66,13062
19-12-2025 11:30,87044.85,87119.03,86809.65,86931.46,12954
19-12-2025 12:00,86931.12,87397.65,86855.31,87388.58,12673
19-12-2025 12:30,87390.76,88305.69,87374.31,87831.25,13621
19-12-2025 13:00,87831.75,87948.30,87638.76,87853.66,13345
19-12-2025 13:30,87855.09,88049.65,87626.29,87632.96,12953
19-12-2025 14:00,87637.53,88124.34,87626.16,88012.83,12918
19-12-2025 14:30,88006.74,88030.59,87795.01,87933.88,12746
19-12-2025 15:00,87936.44,88096.83,87854.62,88017.67,12290
19-12-2025 15:30,88016.75,88215.40,87824.97,87869.17,12324
19-12-2025 16:00,87872.45,88341.05,87838.73,88186.98,12254
19-12-2025 16:30,88189.35,88311.96,88037.61,88199.79,12771
19-12-2025 17:00,88216.04,88296.91,88073.81,88100.04,12689
19-12-2025 17:30,88120.36,88240.26,87765.83,87924.84,13180
19-12-2025 18:00,87928.42,88079.84,87722.12,87761.23,12874
19-12-2025 18:30,87783.56,87997.82,87760.96,87941.86,12649
19-12-2025 19:00,87950.98,88162.78,87717.69,87904.46,12795
19-12-2025 19:30,87927.94,88270.03,87748.16,87934.32,13191
19-12-2025 20:00,87954.04,88396.44,87449.34,88081.74,13580
19-12-2025 20:30,88090.04,89306.39,87841.77,88110.91,13413
19-12-2025 21:00,88109.04,88347.41,87611.96,87860.42,13759
19-12-2025 21:30,87861.65,88418.35,87782.86,88323.00,13588
19-12-2025 22:00,88328.28,88802.85,87765.27,87878.61,13568
19-12-2025 22:30,87882.79,88257.09,87487.29,87508.45,13384
19-12-2025 23:00,87515.37,87626.89,86769.13,86839.78,13685
19-12-2025 23:30,86852.36,87384.32,86742.58,87244.15,13231
20-12-2025 00:00,87246.06,87269.79,86821.39,87048.44,12877
20-12-2025 00:30,87054.00,87710.05,87005.18,87541.18,13124
20-12-2025 01:00,87547.72,88085.58,87475.54,87736.21,13194
20-12-2025 01:30,87743.85,88100.12,87410.80,87925.40,12925
20-12-2025 02:00,87933.53,88296.79,87768.02,87929.53,12950
20-12-2025 02:30,87962.00,88005.86,87779.24,87893.06,12390
20-12-2025 03:00,87904.94,87977.96,87690.92,87731.49,12511
20-12-2025 03:30,87754.12,88228.46,87748.45,88138.69,11470
20-12-2025 04:00,88137.33,88336.37,88023.11,88260.41,11795
20-12-2025 04:30,88255.59,88273.88,88155.37,88243.14,12086
20-12-2025 05:00,88245.76,88246.40,88042.18,88061.01,12060
20-12-2025 05:30,88059.68,88112.24,87930.42,88084.26,12320
20-12-2025 06:00,88083.98,88100.44,87878.87,87931.25,12197
20-12-2025 06:30,87931.50,88096.85,87925.49,88057.34,12372
20-12-2025 07:00,88059.94,88067.27,87967.92,88004.73,12197
20-12-2025 07:30,88005.80,88071.79,87884.81,88040.99,11698
20-12-2025 08:00,88041.48,88246.28,88028.84,88122.70,11944
20-12-2025 08:30,88122.70,88236.46,88094.06,88231.35,11419
20-12-2025 09:00,88233.73,88265.23,88125.20,88129.96,11806
20-12-2025 09:30,88129.90,88179.89,88035.54,88138.47,12641
20-12-2025 10:00,88140.24,88259.66,88133.49,88211.92,12202
20-12-2025 10:30,88216.72,88421.35,88188.61,88320.26,12001
20-12-2025 11:00,88321.22,88496.07,88211.23,88216.36,12082
20-12-2025 11:30,88218.43,88375.99,88197.68,88278.20,11669
20-12-2025 12:00,88280.79,88289.22,88203.09,88226.62,11798
20-12-2025 12:30,88229.73,88267.66,88115.96,88160.20,12179
20-12-2025 13:00,88160.23,88211.50,88108.96,88206.98,11599
20-12-2025 13:30,88205.24,88347.09,88201.28,88279.57,11630
20-12-2025 14:00,88282.69,88363.69,88174.48,88175.67,11946
20-12-2025 14:30,88175.36,88280.17,88137.89,88232.48,11501
20-12-2025 15:00,88233.10,88269.22,88144.53,88151.22,11822
20-12-2025 15:30,88149.94,88208.33,88050.20,88088.84,11990
20-12-2025 16:00,88084.79,88143.04,88055.25,88089.55,11943
20-12-2025 16:30,88088.75,88245.89,87996.24,88146.49,11344
20-12-2025 17:00,88154.02,88260.83,88143.86,88199.91,11061
20-12-2025 17:30,88201.13,88264.68,88130.60,88132.41,4109
20-12-2025 18:00,88132.41,88185.58,88104.42,88167.85,5463
20-12-2025 18:30,88167.70,88287.34,87754.93,87935.21,12303
20-12-2025 19:00,87938.36,88205.55,87908.60,88186.88,12020
20-12-2025 19:30,88190.07,88191.10,87922.26,88024.25,11777
20-12-2025 20:00,88024.91,88197.98,88014.01,88165.64,11787
20-12-2025 20:30,88168.28,88187.63,87936.99,88035.25,11671
20-12-2025 21:00,88033.93,88136.08,88014.68,88098.56,11381
20-12-2025 21:30,88098.30,88169.74,88084.48,88098.62,11676
20-12-2025 22:00,88100.73,88102.80,88047.75,88086.76,11089
20-12-2025 22:30,88083.58,88181.34,88020.50,88155.81,11793
20-12-2025 23:00,88158.00,88164.21,88090.91,88109.97,11401
20-12-2025 23:30,88110.98,88139.17,88069.10,88124.32,11721
21-12-2025 00:00,88123.56,88359.45,88102.43,88235.27,11472
21-12-2025 00:30,88237.25,88257.71,88116.79,88193.11,11587
21-12-2025 01:00,88192.15,88192.74,88124.25,88157.09,11964
21-12-2025 01:30,88158.37,88234.25,88137.41,88192.63,11933
21-12-2025 02:00,88194.29,88255.15,88156.38,88214.73,11626
21-12-2025 02:30,88217.27,88377.29,88197.05,88221.94,11568
21-12-2025 03:00,88225.18,88250.14,88101.05,88142.25,11205
21-12-2025 03:30,88143.63,88180.02,88074.64,88144.58,11438
21-12-2025 04:00,88145.06,88278.43,88144.58,88208.54,11094
21-12-2025 04:30,88209.94,88304.12,88144.99,88207.93,11927
21-12-2025 05:00,88208.49,88362.81,88203.33,88287.17,11304
21-12-2025 05:30,88284.61,88360.83,88228.90,88339.30,11784
21-12-2025 06:00,88338.65,88365.71,88217.52,88321.43,12193
21-12-2025 06:30,88321.87,88326.69,88210.46,88221.87,11739
21-12-2025 07:00,88222.71,88222.71,87944.43,87956.36,12064
21-12-2025 07:30,87954.70,88090.11,87794.66,87904.23,12076
21-12-2025 08:00,87901.87,87991.37,87823.17,87892.50,10258
21-12-2025 08:30,87891.39,88106.51,87870.68,88004.18,12003
21-12-2025 09:00,88003.63,88084.48,87976.42,88016.55,11326
21-12-2025 09:30,88016.36,88100.07,87982.25,88066.37,11975
21-12-2025 10:00,88065.87,88086.70,87986.95,88014.41,11679
21-12-2025 10:30,88015.17,88100.72,87991.35,88074.72,11667
21-12-2025 11:00,88074.93,88096.74,88031.68,88069.99,10621
21-12-2025 11:30,88071.12,88151.66,88048.10,88098.55,11731
21-12-2025 12:00,88099.32,88129.12,88007.44,88029.72,11430
21-12-2025 12:30,88030.19,88096.08,88029.67,88041.14,11129
21-12-2025 13:00,88042.30,88120.59,87934.68,88114.18,11470
21-12-2025 13:30,88113.46,88203.72,88076.32,88192.81,11316
21-12-2025 14:00,88197.85,88648.43,88171.70,88467.56,12543
21-12-2025 14:30,88466.52,88728.51,88415.44,88565.54,12649
21-12-2025 15:00,88565.79,89002.24,88564.26,88833.26,12905
21-12-2025 15:30,88829.53,88908.44,88620.77,88677.42,12493
21-12-2025 16:00,88677.68,88736.28,88497.48,88601.14,12674
21-12-2025 16:30,88603.39,88693.32,88506.53,88611.55,13064
21-12-2025 17:00,88607.18,88643.32,88509.00,88535.80,12143
21-12-2025 17:30,88531.88,88860.38,88531.05,88767.47,12611
21-12-2025 18:00,88763.63,88853.50,88402.12,88564.33,12556
21-12-2025 18:30,88564.95,88643.80,88135.45,88165.30,12789
21-12-2025 19:00,88157.73,88171.35,87532.08,87613.86,13347
21-12-2025 19:30,87609.66,88091.84,87549.86,87848.87,12816
21-12-2025 20:00,87844.33,88019.45,87754.29,87989.88,12189
21-12-2025 20:30,87991.45,88009.84,87729.27,87829.62,12205
21-12-2025 21:00,87832.91,88190.51,87812.77,88003.97,12435
21-12-2025 21:30,88004.18,88290.39,87911.45,88150.85,12795
21-12-2025 22:00,88150.41,88317.95,88108.40,88284.11,12482
21-12-2025 22:30,88285.54,88438.87,88211.13,88242.66,12242
21-12-2025 23:00,88245.77,88359.35,88212.81,88255.40,12046
21-12-2025 23:30,88256.99,88256.99,87883.00,88053.27,11454
22-12-2025 00:00,88057.92,88388.76,88036.24,88378.64,11849
22-12-2025 00:30,88381.48,88456.24,88250.67,88296.75,12068
22-12-2025 01:00,88296.78,88569.08,88134.66,88426.90,12036
22-12-2025 01:30,88425.64,88450.60,88217.96,88233.43,11725
22-12-2025 02:00,88232.21,88269.85,88172.26,88178.91,11873
22-12-2025 02:30,88178.64,88320.61,88121.95,88277.96,11298
22-12-2025 03:00,88280.47,88315.62,88036.89,88104.29,11828
22-12-2025 03:30,88104.50,88417.34,88058.37,88302.24,11593
22-12-2025 04:00,88301.15,88439.58,88232.08,88421.91,11360
22-12-2025 04:30,88421.30,88750.18,88366.36,88382.11,12451
22-12-2025 05:00,88369.82,88603.69,88286.88,88594.09,12164
22-12-2025 05:30,88587.05,89563.23,88587.05,88941.82,13516
22-12-2025 06:00,88945.65,89251.91,88563.62,88564.22,13234
22-12-2025 06:30,88561.70,89083.56,88459.44,88944.28,13067
22-12-2025 07:00,88952.41,89227.81,88484.59,88561.00,13125
22-12-2025 07:30,88562.75,88598.05,87841.52,88274.53,13422
22-12-2025 08:00,88276.09,88497.57,88224.75,88397.26,12816
22-12-2025 08:30,88404.79,88789.55,88213.07,88711.05,12961
22-12-2025 09:00,88719.98,88776.94,88544.58,88706.54,12781
22-12-2025 09:30,88713.89,88963.29,88647.11,88881.59,12589
22-12-2025 10:00,88889.15,89003.70,88728.13,88843.69,12901
22-12-2025 10:30,88850.02,88941.60,88690.60,88741.09,12785
22-12-2025 11:00,88742.67,88944.52,88712.05,88766.03,12590
22-12-2025 11:30,88773.36,88857.66,88667.94,88775.16,12516
22-12-2025 12:00,88778.46,88950.39,88757.65,88839.35,12379
22-12-2025 12:30,88845.73,89131.08,88811.17,89044.56,12691
22-12-2025 13:00,89049.14,89144.25,88950.30,89100.50,12407
22-12-2025 13:30,89105.55,89823.05,89006.47,89735.73,12967
22-12-2025 14:00,89744.03,89832.61,89087.32,89261.86,13341
22-12-2025 14:30,89262.45,89570.45,89209.21,89500.54,12926
22-12-2025 15:00,89504.07,89772.53,89396.88,89754.47,12490
22-12-2025 15:30,89761.53,89807.28,89527.34,89616.05,12695
22-12-2025 16:00,89627.90,89789.22,89597.09,89710.45,12570
22-12-2025 16:30,89717.64,89838.59,89578.07,89772.89,12611
22-12-2025 17:00,89784.28,90077.28,89695.05,89863.68,12889
22-12-2025 17:30,89881.41,90239.81,89781.58,90226.46,13196
22-12-2025 18:00,90238.38,90507.66,89979.54,90141.07,13075
22-12-2025 18:30,90138.63,90269.11,89910.45,90050.03,13129
22-12-2025 19:00,90067.55,90068.31,89645.51,89842.80,13192
22-12-2025 19:30,89856.65,90138.15,89828.37,89888.37,12900
22-12-2025 20:00,89897.20,90244.27,89361.91,90059.32,14058
22-12-2025 20:30,90071.18,90372.47,89126.23,89536.02,13999
22-12-2025 21:00,89538.14,89906.03,89112.62,89652.63,13979
22-12-2025 21:30,89661.00,90060.84,89565.09,90007.71,13546
22-12-2025 22:00,90010.48,90013.10,89439.31,89461.69,13209
22-12-2025 22:30,89470.38,89508.63,88990.33,89257.01,13244
22-12-2025 23:00,89266.04,89449.29,89114.78,89224.93,13077
22-12-2025 23:30,89231.62,89452.27,89150.60,89396.63,13008
23-12-2025 00:00,89399.65,89443.56,89047.48,89050.69,12535
23-12-2025 00:30,89058.33,89066.54,88430.26,88442.06,13195
23-12-2025 01:00,88447.61,88535.52,87872.20,87958.28,13022
23-12-2025 01:30,87965.25,88195.50,87823.36,87986.20,13364
23-12-2025 02:00,87989.10,88426.83,87946.27,88260.90,13475
23-12-2025 02:30,88265.72,88431.65,88218.78,88348.99,12774
23-12-2025 03:00,88353.51,88543.63,88139.32,88181.82,12495
23-12-2025 03:30,88188.31,88362.97,88048.04,88355.32,10168
23-12-2025 04:00,88359.78,88756.01,88218.00,88563.12,11931
23-12-2025 04:30,88571.42,88609.26,88380.76,88552.31,11867
23-12-2025 05:00,88559.43,88560.86,88316.89,88517.14,11261
23-12-2025 05:30,88527.29,88627.42,88399.57,88520.47,12061
23-12-2025 06:00,88532.29,88893.10,88476.89,88674.40,12451
23-12-2025 06:30,88680.75,88824.45,88476.67,88499.07,12315
23-12-2025 07:00,88506.03,88574.75,88320.80,88418.74,12192
23-12-2025 07:30,88427.98,88679.10,88189.75,88616.46,12697
23-12-2025 08:00,88622.57,88667.29,88016.08,88114.58,12890
23-12-2025 08:30,88118.49,88216.85,87707.72,88129.24,13098
23-12-2025 09:00,88132.54,88274.90,88039.08,88089.26,12717
23-12-2025 09:30,88096.12,88285.03,87979.44,88154.96,12298
23-12-2025 10:00,88161.29,88179.47,87819.72,87829.33,12316
23-12-2025 10:30,87835.52,87932.97,87734.72,87904.63,12375
23-12-2025 11:00,87913.98,87979.43,87505.47,87650.98,11094
23-12-2025 11:30,87660.33,87685.54,86955.33,87103.63,13216
23-12-2025 12:00,87111.29,87402.37,86983.14,87295.69,12864
23-12-2025 12:30,87301.57,87536.31,87263.88,87500.38,12761
23-12-2025 13:00,87504.73,87600.00,87407.52,87462.20,12308
23-12-2025 13:30,87469.48,87602.89,87393.98,87520.85,12314
23-12-2025 14:00,87524.81,87580.07,87326.12,87372.81,11945
23-12-2025 14:30,87378.47,87534.95,87267.18,87338.04,12156
23-12-2025 15:00,87341.90,87495.56,87197.01,87432.88,12034
23-12-2025 15:30,87438.33,87561.35,87403.02,87525.33,11785
23-12-2025 16:00,87530.20,87573.25,87402.13,87511.86,11674
23-12-2025 16:30,87515.07,87802.53,87457.37,87653.02,12071
23-12-2025 17:00,87663.98,87789.00,87598.13,87772.47,11670
23-12-2025 17:30,87774.47,87865.85,87545.74,87564.62,12481
23-12-2025 18:00,87570.64,87886.09,87504.68,87696.39,11920
23-12-2025 18:30,87700.93,87815.45,87567.40,87744.52,12411
23-12-2025 19:00,87748.55,87832.13,87322.45,87527.97,13360
23-12-2025 19:30,87531.22,87756.71,87474.46,87571.95,12915
23-12-2025 20:00,87576.93,87682.67,86489.34,86772.26,14129
23-12-2025 20:30,86777.50,87416.44,86601.69,87202.39,13952
23-12-2025 21:00,87201.80,87464.36,87141.60,87350.87,13335
23-12-2025 21:30,87354.78,88120.43,87234.17,87776.13,13500
23-12-2025 22:00,87776.32,88144.35,87571.45,87908.36,13314
23-12-2025 22:30,87914.31,88196.98,87628.54,87636.95,13080
23-12-2025 23:00,87639.57,87853.81,87072.45,87075.13,13180
23-12-2025 23:30,87084.35,87816.51,87065.84,87716.15,13158
24-12-2025 00:00,87730.69,88154.79,87676.90,87871.89,12538
24-12-2025 00:30,87886.00,87955.51,87529.09,87571.51,12449
24-12-2025 01:00,87591.67,87815.25,87530.86,87642.27,12114
24-12-2025 01:30,87660.27,87815.86,87408.43,87669.42,12419
24-12-2025 02:00,87685.03,88284.73,87549.90,87579.78,12982
24-12-2025 02:30,87583.83,87802.39,87407.27,87708.39,12107
24-12-2025 03:00,87718.77,87724.19,87530.50,87627.36,11640
24-12-2025 03:30,87629.50,87686.55,87286.81,87377.71,12208
24-12-2025 04:00,87387.86,87587.70,87144.71,87305.19,12102
24-12-2025 04:30,87324.30,87348.45,87073.44,87317.59,12286
24-12-2025 05:00,87329.97,87436.06,87283.32,87386.06,11945
24-12-2025 05:30,87389.25,87572.89,87151.82,87235.23,11684
24-12-2025 06:00,87250.46,87590.09,87159.29,87552.57,11854
24-12-2025 06:30,87565.86,87759.43,87494.65,87575.22,12106
24-12-2025 07:00,87588.20,87678.25,87395.22,87537.19,11992
24-12-2025 07:30,87551.55,87580.15,87214.18,87323.96,12585
24-12-2025 08:00,87335.91,87388.65,86833.70,87034.71,12821
24-12-2025 08:30,87050.05,87178.46,86757.09,87132.38,12541
24-12-2025 09:00,87137.17,87307.89,87128.66,87242.87,12112
24-12-2025 09:30,87246.69,87382.65,87202.44,87215.83,11964
24-12-2025 10:00,87235.24,87259.34,86983.38,87044.95,12091
24-12-2025 10:30,87044.18,87176.01,86943.39,87067.39,12398
24-12-2025 11:00,87063.87,87091.97,86682.62,86858.11,12547
24-12-2025 11:30,86859.42,86931.74,86679.28,86866.30,12181
24-12-2025 12:00,86886.69,86984.85,86807.66,86911.60,11996
24-12-2025 12:30,86914.34,86997.92,86860.12,86896.20,11728
24-12-2025 13:00,86914.71,87093.95,86796.13,86808.63,12309
24-12-2025 13:30,86821.52,86988.40,86685.52,86825.88,12049
24-12-2025 14:00,86844.72,86894.59,86652.84,86683.92,12224
24-12-2025 14:30,86700.27,86803.31,86683.17,86731.90,12121
24-12-2025 15:00,86746.47,86805.20,86600.50,86691.34,12093
24-12-2025 15:30,86710.37,87038.73,86681.00,86941.83,11868
24-12-2025 16:00,86960.75,87118.43,86936.68,86990.03,11873
24-12-2025 16:30,87003.04,87274.69,86988.42,87143.95,12239
24-12-2025 17:00,87149.99,87221.64,86979.35,87098.23,11763
24-12-2025 17:30,87106.38,87318.20,87032.92,87228.25,11650
24-12-2025 18:00,87240.12,87418.19,87208.60,87345.43,11721
24-12-2025 18:30,87353.86,87363.84,87137.34,87178.04,11866
24-12-2025 19:00,87192.70,87242.22,86943.55,87194.60,12117
24-12-2025 19:30,87206.37,87361.74,87106.07,87145.53,12071
24-12-2025 20:00,87158.86,87224.03,86321.72,86887.01,13978
24-12-2025 20:30,86906.61,87119.40,86466.96,86749.02,13682
24-12-2025 21:00,86762.23,87143.63,86727.60,86937.52,13142
24-12-2025 21:30,86950.31,87110.38,86812.48,86868.36,13025
24-12-2025 22:00,86882.14,87573.18,86869.76,87170.27,13146
24-12-2025 22:30,87182.59,87389.82,87160.96,87353.34,12729
24-12-2025 23:00,87363.56,87488.93,87128.42,87220.34,12719
24-12-2025 23:30,87222.65,87453.15,87121.06,87300.58,12482
25-12-2025 00:00,87313.65,87414.56,87281.12,87357.77,12054
25-12-2025 00:30,87369.97,87419.46,87243.82,87386.56,11701
25-12-2025 01:00,87392.59,87481.96,87339.91,87440.86,11939
25-12-2025 01:30,87456.43,87581.86,87429.84,87522.57,12172
25-12-2025 02:00,87524.73,87583.13,87419.39,87456.18,11940
25-12-2025 02:30,87463.08,87668.47,87456.04,87605.46,11904
25-12-2025 03:00,87616.80,87695.45,87531.12,87580.96,11622
25-12-2025 03:30,87591.97,87805.63,87576.84,87687.39,11548
25-12-2025 04:00,87695.67,87958.26,87658.52,87907.85,11804
25-12-2025 04:30,87912.79,87932.78,87490.75,87502.93,11790
25-12-2025 05:00,87510.51,87635.52,87499.50,87570.68,11660
25-12-2025 05:30,87543.85,87657.70,87469.17,87525.63,11369
25-12-2025 06:00,87527.83,87619.53,87422.23,87468.58,11821
25-12-2025 06:30,87472.38,87655.06,87466.38,87614.02,12096
25-12-2025 07:00,87624.07,87659.87,87480.28,87603.34,11593
25-12-2025 07:30,87609.96,87675.75,87474.35,87635.33,11814
25-12-2025 08:00,87643.93,87878.38,87634.67,87790.35,11923
25-12-2025 08:30,87796.63,87847.24,87677.57,87740.11,11420
25-12-2025 09:00,87752.00,87778.46,87671.01,87747.67,11338
25-12-2025 09:30,87755.87,87760.27,87642.53,87665.63,11597
25-12-2025 10:00,87672.52,87745.84,87663.17,87675.01,11581
25-12-2025 10:30,87688.58,87696.76,87560.09,87622.04,11469
25-12-2025 11:00,87630.74,87704.79,87618.87,87649.62,11473
25-12-2025 11:30,87659.97,87686.56,87588.03,87652.02,11813
25-12-2025 12:00,87660.47,87759.87,87647.46,87740.41,11568
25-12-2025 12:30,87748.20,87755.83,87677.44,87713.66,11336
25-12-2025 13:00,87723.38,87783.00,87658.17,87737.38,11173
25-12-2025 13:30,87749.53,87807.69,87257.78,87358.34,12053
25-12-2025 14:00,87361.47,87542.20,87316.28,87498.90,11844
25-12-2025 14:30,87500.69,87516.19,87356.23,87401.24,11114
25-12-2025 15:00,87403.81,87458.33,87344.99,87431.63,11605
25-12-2025 15:30,87432.12,87442.93,87263.30,87327.96,11483
25-12-2025 16:00,87328.55,87341.39,87171.21,87334.10,11809
25-12-2025 16:30,87341.39,87486.61,87317.54,87459.78,12025
25-12-2025 17:00,87469.71,87502.87,87390.40,87435.70,11238
25-12-2025 17:30,87436.98,87506.60,87395.33,87486.88,11501
25-12-2025 18:00,87488.09,87517.01,87409.66,87486.74,11205
25-12-2025 18:30,87490.57,87498.74,87314.58,87423.94,11284
25-12-2025 19:00,87427.84,87614.70,87378.58,87542.33,11814
25-12-2025 19:30,87548.27,87646.62,87467.85,87500.55,12218
25-12-2025 20:00,87503.05,87684.87,87488.03,87633.87,11461
25-12-2025 20:30,87643.08,88153.26,87627.11,87981.61,12093
25-12-2025 21:00,87991.13,88502.80,87829.39,88278.60,12980
25-12-2025 21:30,88281.40,88389.31,88061.22,88319.90,12497
25-12-2025 22:00,88326.85,88371.74,87891.77,87970.97,12531
25-12-2025 22:30,87984.18,88103.98,87895.70,87943.96,12397
25-12-2025 23:00,87951.26,88115.52,87917.71,88027.36,12202
25-12-2025 23:30,88038.81,88224.00,88025.87,88134.94,11911
26-12-2025 00:00,88138.46,88219.63,88043.75,88141.99,11994
26-12-2025 00:30,88147.46,88157.68,87975.72,88017.05,11746
26-12-2025 01:00,88020.03,88075.31,87967.33,88059.20,12150
26-12-2025 01:30,88062.05,88086.30,87552.66,87679.84,12395
26-12-2025 02:00,87680.08,87820.84,87603.36,87794.08,12056
26-12-2025 02:30,87797.52,87892.79,87715.37,87870.99,11223
26-12-2025 03:00,87873.66,87898.88,87767.30,87792.68,11159
26-12-2025 03:30,87808.34,87834.33,87683.51,87738.54,11136
26-12-2025 04:00,87756.69,87827.28,87223.19,87567.27,11778
26-12-2025 04:30,87572.76,87691.02,87366.06,87388.16,12430
26-12-2025 05:00,87394.29,87402.64,86870.02,87138.59,13241
26-12-2025 05:30,87143.83,87248.98,86820.53,86989.64,12823
26-12-2025 06:00,86989.91,87119.07,86796.82,87030.62,12480
26-12-2025 06:30,87039.91,87303.47,87024.06,87255.99,12516
26-12-2025 07:00,87258.23,87415.57,87216.27,87329.78,11980
26-12-2025 07:30,87339.51,89189.18,87321.22,88911.37,13380
26-12-2025 08:00,88914.90,89337.77,88914.08,89069.38,13660
26-12-2025 08:30,89082.18,89174.74,88593.69,88703.96,12999
26-12-2025 09:00,88721.53,88790.63,88580.18,88714.92,12283
26-12-2025 09:30,88735.33,88735.33,88389.72,88589.04,12330
26-12-2025 10:00,88610.54,89059.80,88588.95,88852.23,12343
26-12-2025 10:30,88854.76,88922.43,88698.31,88793.86,11977
26-12-2025 11:00,88798.01,88935.87,88694.42,88880.65,12257
26-12-2025 11:30,88883.75,89068.90,88880.64,88969.22,12224
26-12-2025 12:00,88969.81,89137.43,88931.30,89021.53,12137
26-12-2025 12:30,89020.80,89474.62,89013.56,89313.22,12752
26-12-2025 13:00,89317.26,89319.97,88235.99,88357.97,12914
26-12-2025 13:30,88387.69,88819.15,88297.67,88620.08,13170
26-12-2025 14:00,88643.08,88671.02,88448.18,88629.29,12124
26-12-2025 14:30,88631.61,88779.49,88543.14,88644.09,12097
26-12-2025 15:00,88665.93,88841.60,88608.57,88717.09,12105
26-12-2025 15:30,88736.44,88806.46,88588.64,88726.47,11923
26-12-2025 16:00,88730.10,88777.65,88581.41,88655.62,11627
26-12-2025 16:30,88678.95,88687.55,88484.38,88500.46,11699
26-12-2025 17:00,88532.25,88593.83,88421.35,88434.29,11693
26-12-2025 17:30,88460.69,88642.94,88432.07,88597.21,11565
26-12-2025 18:00,88625.96,88688.06,88542.93,88584.29,11515
26-12-2025 18:30,88583.52,88777.11,88507.61,88679.53,11970
26-12-2025 19:00,88682.97,88984.02,88660.23,88897.02,12331
26-12-2025 19:30,88928.64,88975.63,88807.72,88888.80,12129
26-12-2025 20:00,88907.66,88985.16,87116.51,87241.66,14067
26-12-2025 20:30,87267.28,87278.25,86538.43,86893.55,13799
26-12-2025 21:00,86909.23,87114.03,86771.84,87014.41,13109
26-12-2025 21:30,87035.51,87233.85,86879.92,87145.63,13164
26-12-2025 22:00,87170.30,87297.37,86709.89,86734.41,13019
26-12-2025 22:30,86757.54,87254.24,86677.52,87172.49,12810
26-12-2025 23:00,87175.07,87347.29,87065.07,87207.69,12599
26-12-2025 23:30,87213.29,87268.80,87078.70,87089.32,11677
27-12-2025 00:00,87103.36,87241.52,86954.99,87161.40,11884
27-12-2025 00:30,87162.31,87292.36,87108.50,87235.34,11493
27-12-2025 01:00,87243.38,87474.75,87228.31,87374.15,11707
27-12-2025 01:30,87380.91,87536.60,87269.46,87496.77,11828
27-12-2025 02:00,87497.34,87695.81,87438.94,87467.34,12323
27-12-2025 02:30,87471.27,87593.86,87419.52,87462.90,11530
27-12-2025 03:00,87465.59,87465.59,87330.17,87350.29,11414
27-12-2025 03:30,87351.97,87480.59,87275.22,87322.53,11048
27-12-2025 04:00,87324.39,87439.93,87195.47,87427.46,10774
27-12-2025 04:30,87435.46,87444.42,87333.73,87337.24,11285
27-12-2025 05:00,87341.05,87382.06,87219.30,87267.15,11075
27-12-2025 05:30,87265.73,87309.29,87130.66,87200.21,11222
27-12-2025 06:00,87192.43,87314.85,87187.79,87294.71,11153
27-12-2025 06:30,87295.84,87302.57,87157.09,87280.05,11170
27-12-2025 07:00,87282.99,87412.64,87280.05,87374.30,11117
27-12-2025 07:30,87377.13,87401.45,87259.78,87346.20,11251
27-12-2025 08:00,87350.17,87374.74,87294.12,87347.89,11426
27-12-2025 08:30,87347.89,87394.28,87272.45,87327.91,10884
27-12-2025 09:00,87331.68,87441.06,87325.39,87408.66,11652
27-12-2025 09:30,87412.67,87420.43,87349.95,87363.35,11341
27-12-2025 10:00,87368.47,87400.28,87350.75,87371.28,10959
27-12-2025 10:30,87377.30,87393.04,87335.87,87353.67,10965
27-12-2025 11:00,87358.95,87425.43,87352.21,87404.59,11459
27-12-2025 11:30,87410.18,87471.17,87346.59,87364.77,11680
27-12-2025 12:00,87371.93,87380.38,87309.44,87366.37,11248
27-12-2025 12:30,87369.31,87612.65,87364.24,87485.48,11485
27-12-2025 13:00,87491.49,87492.06,87409.04,87424.89,10900
27-12-2025 13:30,87431.65,87583.88,87424.89,87497.25,11327
27-12-2025 14:00,87502.32,87541.14,87482.03,87489.00,10919
27-12-2025 14:30,87492.03,87593.36,87439.19,87471.17,11025
27-12-2025 15:00,87476.18,87555.97,87470.15,87519.70,11063
27-12-2025 15:30,87524.34,87539.74,87446.62,87448.03,10959
27-12-2025 16:00,87450.45,87463.84,87264.27,87404.22,11728
27-12-2025 16:30,87408.66,87467.34,87342.59,87404.94,11353
27-12-2025 17:00,87409.61,87460.96,87341.44,87382.64,11499
27-12-2025 17:30,87383.88,87422.60,87323.26,87396.20,3948
27-12-2025 18:00,87396.20,87437.81,87350.70,87380.29,3240
27-12-2025 18:30,87381.38,87388.61,87287.54,87308.25,8452
27-12-2025 19:00,87307.24,87388.20,87219.86,87353.91,11226
27-12-2025 19:30,87356.12,87376.97,87303.12,87331.46,11119
27-12-2025 20:00,87332.76,87468.19,87329.06,87442.90,11351
27-12-2025 20:30,87447.46,87463.85,87384.04,87437.61,11253
27-12-2025 21:00,87442.06,87507.16,87437.61,87474.71,11340
27-12-2025 21:30,87468.64,87502.75,87347.45,87384.05,11516
27-12-2025 22:00,87384.14,87474.75,87383.56,87408.95,11614
27-12-2025 22:30,87410.42,87453.19,87360.15,87443.14,11408
27-12-2025 23:00,87446.37,87476.39,87412.99,87461.94,11292
27-12-2025 23:30,87465.27,87485.35,87408.25,87437.70,11108
28-12-2025 00:00,87440.06,87447.08,87363.62,87404.69,11246
28-12-2025 00:30,87404.67,87485.89,87384.87,87465.62,11063
28-12-2025 01:00,87466.86,87486.68,87445.15,87474.20,10668
28-12-2025 01:30,87478.90,87541.70,87434.10,87451.94,10829
28-12-2025 02:00,87454.66,87471.36,87422.09,87454.55,10733
28-12-2025 02:30,87463.05,87538.93,87454.50,87527.68,11102
28-12-2025 03:00,87534.71,87573.07,87524.47,87568.21,10812
28-12-2025 03:30,87567.78,87846.43,87515.51,87576.78,11583
28-12-2025 04:00,87582.36,87589.66,87384.64,87449.27,11422
28-12-2025 04:30,87457.78,87620.23,87445.96,87538.22,11401
28-12-2025 05:00,87547.17,87876.38,87537.72,87765.92,11639
28-12-2025 05:30,87770.16,87855.36,87591.49,87629.09,11863
28-12-2025 06:00,87629.75,87832.60,87602.92,87736.63,11605
28-12-2025 06:30,87741.46,87841.67,87625.44,87692.48,11422
28-12-2025 07:00,87698.82,87767.15,87654.50,87678.26,11348
28-12-2025 07:30,87682.77,87709.46,87638.22,87696.07,11183
28-12-2025 08:00,87701.26,87771.49,87686.73,87696.50,9353
28-12-2025 08:30,87699.67,87733.00,87619.31,87637.31,11080
28-12-2025 09:00,87637.69,87674.14,87620.70,87621.05,11804
28-12-2025 09:30,87625.73,87728.60,87583.24,87686.40,11340
28-12-2025 10:00,87690.00,87697.94,87579.64,87619.33,11317
28-12-2025 10:30,87617.43,87619.25,87495.13,87507.98,11766
28-12-2025 11:00,87513.77,87604.11,87500.30,87538.88,10674
28-12-2025 11:30,87547.49,87636.62,87526.76,87618.50,11543
28-12-2025 12:00,87625.65,87684.14,87606.15,87608.91,10637
28-12-2025 12:30,87615.52,87625.94,87564.96,87578.74,11625
28-12-2025 13:00,87581.54,87629.88,87547.85,87619.59,11313
28-12-2025 13:30,87630.91,87712.26,87617.26,87675.04,11528
28-12-2025 14:00,87681.49,87874.58,87641.70,87691.31,11930
28-12-2025 14:30,87695.59,87796.46,87677.80,87769.27,11776
28-12-2025 15:00,87776.92,87778.67,87600.86,87698.14,11955
28-12-2025 15:30,87699.58,87870.49,87690.99,87837.07,11973
28-12-2025 16:00,87845.45,87904.11,87722.14,87752.91,11817
28-12-2025 16:30,87755.80,87825.90,87752.90,87778.10,11686
28-12-2025 17:00,87787.39,87791.13,87695.73,87777.33,11321
28-12-2025 17:30,87780.41,87788.58,87698.11,87739.30,11540
28-12-2025 18:00,87740.54,87773.15,87685.92,87739.19,11529
28-12-2025 18:30,87737.74,87846.89,87691.08,87730.43,11476
28-12-2025 19:00,87730.83,87845.54,87726.58,87784.24,11433
28-12-2025 19:30,87785.01,87888.76,87777.11,87867.54,11255
28-12-2025 20:00,87871.33,87971.16,87797.89,87805.24,11369
28-12-2025 20:30,87809.42,87901.15,87753.68,87845.99,11516
28-12-2025 21:00,87853.32,87858.55,87715.79,87730.94,11246
28-12-2025 21:30,87733.16,87797.58,87620.21,87676.33,11668
28-12-2025 22:00,87677.07,87736.41,87676.33,87708.95,11264
28-12-2025 22:30,87711.59,87830.25,87701.28,87779.30,11569
28-12-2025 23:00,87779.53,87782.60,87639.32,87646.73,11363
28-12-2025 23:30,87639.60,87658.29,87393.46,87607.94,11048
29-12-2025 00:00,87607.64,87654.30,87414.56,87489.11,11668
29-12-2025 00:30,87492.07,87592.97,87397.80,87410.33,11385
29-12-2025 01:00,87410.32,87545.99,87408.80,87415.03,11162
29-12-2025 01:30,87418.94,87486.82,87320.26,87471.51,11424
29-12-2025 02:00,87471.90,87551.32,87396.41,87409.22,11356
29-12-2025 02:30,87407.37,87482.17,87327.39,87439.02,11692
29-12-2025 03:00,87440.51,87493.22,87414.42,87485.58,11633
29-12-2025 03:30,87473.16,87522.85,87367.99,87521.55,10822
29-12-2025 04:00,87521.98,87882.96,87477.15,87793.44,11289
29-12-2025 04:30,87792.80,87939.35,87575.29,87594.60,12075
29-12-2025 05:00,87600.14,87874.02,87515.90,87835.84,12075
29-12-2025 05:30,87840.59,87930.43,87690.07,87898.66,12248
29-12-2025 06:00,87900.51,88319.62,87873.72,88182.72,13003
29-12-2025 06:30,88183.59,88212.66,87735.78,87880.05,12648
29-12-2025 07:00,87881.57,88369.16,87824.28,88269.67,12348
29-12-2025 07:30,88299.08,89050.68,88137.36,88739.60,12266
29-12-2025 08:00,88876.68,89065.89,88176.29,88744.93,11693
29-12-2025 08:30,88890.92,89153.09,88230.82,88785.10,11193
29-12-2025 09:00,89073.42,89881.12,88784.91,89686.78,11724
29-12-2025 09:30,89830.01,89939.37,89507.29,89892.09,11789
29-12-2025 10:00,89925.63,90243.97,89874.08,89982.81,11060
29-12-2025 10:30,90002.67,90166.00,89943.92,89946.25,11546
29-12-2025 11:00,89949.80,90061.69,89759.61,89843.96,12017
29-12-2025 11:30,89850.55,90004.39,89733.01,89809.94,12345
29-12-2025 12:00,89825.35,89858.71,89605.27,89634.80,11941
29-12-2025 12:30,89636.43,89724.46,89370.15,89374.00,12668
29-12-2025 13:00,89386.31,89542.96,89350.21,89460.36,12537
29-12-2025 13:30,89463.90,89687.10,89315.26,89629.33,12560
29-12-2025 14:00,89632.82,89655.47,89275.17,89409.11,12264
29-12-2025 14:30,89414.06,89469.09,89134.98,89163.31,12564
29-12-2025 15:00,89164.71,89177.69,87629.50,87964.03,13709
29-12-2025 15:30,87979.67,88284.18,87704.84,87867.77,12982
29-12-2025 16:00,87882.30,87887.61,87501.32,87642.21,12240
29-12-2025 16:30,87653.84,87668.84,87450.56,87584.60,12361
29-12-2025 17:00,87606.99,87616.40,87403.71,87421.60,11987
29-12-2025 17:30,87435.85,87493.45,86644.46,87103.67,13412
29-12-2025 18:00,87116.59,87286.49,87031.60,87221.13,12306
29-12-2025 18:30,87232.74,87389.06,87090.71,87133.87,11925
29-12-2025 19:00,87147.55,87243.05,86994.35,87227.55,11802
29-12-2025 19:30,87241.07,87492.64,87093.37,87463.01,12608
29-12-2025 20:00,87476.65,88066.31,87146.09,87272.74,13974
29-12-2025 20:30,87293.22,87781.86,87048.37,87592.08,13350
29-12-2025 21:00,87605.88,87764.45,87438.54,87544.08,13075
29-12-2025 21:30,87546.25,87715.77,87292.86,87396.11,12768
29-12-2025 22:00,87405.12,87646.15,87385.39,87495.98,12871
29-12-2025 22:30,87495.62,87622.59,87187.79,87293.29,12915
29-12-2025 23:00,87296.97,87723.44,87271.77,87710.69,12405
29-12-2025 23:30,87717.09,87865.94,87539.66,87577.45,12263
30-12-2025 00:00,87581.70,87647.10,87200.15,87319.50,12210
30-12-2025 00:30,87324.26,87744.22,87166.76,87368.03,12427
30-12-2025 01:00,87368.35,87455.66,87170.31,87209.41,11830
30-12-2025 01:30,87213.45,87454.11,87121.58,87170.45,11978
30-12-2025 02:00,87178.58,87251.72,86898.39,87048.27,11813
30-12-2025 02:30,87056.64,87222.75,86997.60,87124.61,11170
30-12-2025 03:00,87141.27,87216.14,87091.52,87167.07,10866
30-12-2025 03:30,87184.10,87185.11,86924.48,87063.79,10986
30-12-2025 04:00,87081.27,87270.34,87044.42,87188.84,11625
30-12-2025 04:30,87206.46,87268.93,87046.41,87056.63,12023
30-12-2025 05:00,87073.82,87129.76,87022.78,87067.54,11469
30-12-2025 05:30,87092.24,87218.25,87041.82,87135.77,11712
30-12-2025 06:00,87153.87,87153.88,86951.48,87100.08,12216
30-12-2025 06:30,87112.83,87167.67,86986.82,87043.40,12591
30-12-2025 07:00,87061.01,87227.32,86971.18,87158.56,11854
30-12-2025 07:30,87176.69,87208.52,86942.37,87096.66,11632
30-12-2025 08:00,87109.77,87138.28,86829.46,86955.60,12312
30-12-2025 08:30,86960.08,87164.90,86676.27,87120.59,12491
30-12-2025 09:00,87139.19,87289.44,87044.61,87226.02,12279
30-12-2025 09:30,87235.98,87358.04,87133.29,87294.74,12084
30-12-2025 10:00,87311.11,87333.16,87146.61,87154.56,11672
30-12-2025 10:30,87168.80,87231.83,87085.44,87111.13,11692
30-12-2025 11:00,87130.40,87419.27,86986.34,87096.50,11450
30-12-2025 11:30,87114.12,87292.89,87068.81,87235.45,11480
30-12-2025 12:00,87246.95,87400.45,87212.55,87290.07,11663
30-12-2025 12:30,87308.82,87467.80,87216.89,87267.87,11831
30-12-2025 13:00,87283.94,87394.13,87246.01,87341.08,11690
30-12-2025 13:30,87353.68,88079.68,87335.02,87681.87,13610
30-12-2025 14:00,87681.95,87845.47,87624.28,87712.57,12524
30-12-2025 14:30,87718.46,87777.71,87494.08,87534.76,12067
30-12-2025 15:00,87544.26,87892.87,87517.28,87844.20,11994
30-12-2025 15:30,87848.50,87971.29,87792.62,87850.13,11952
30-12-2025 16:00,87866.88,88047.44,87736.88,87793.09,12084
30-12-2025 16:30,87802.42,87890.60,87736.20,87774.39,11518
30-12-2025 17:00,87788.52,87869.98,87598.27,87760.48,11848
30-12-2025 17:30,87765.19,87954.63,87745.22,87847.96,11872
30-12-2025 18:00,87859.47,87931.00,87784.29,87879.24,11858
30-12-2025 18:30,87887.74,87996.57,87761.51,87949.69,12690
30-12-2025 19:00,87956.85,88004.38,87767.37,87957.15,12330
30-12-2025 19:30,87968.15,88368.05,87676.65,87987.82,12961
30-12-2025 20:00,88002.43,88884.31,87705.25,88738.15,13863
30-12-2025 20:30,88746.68,88946.10,88013.26,88333.38,13901
30-12-2025 21:00,88338.72,89033.66,88282.66,88883.84,13385
30-12-2025 21:30,88892.04,89306.74,88660.94,89107.20,13390
30-12-2025 22:00,89105.58,89154.34,88449.30,88627.73,13283
30-12-2025 22:30,88625.33,88793.26,88380.89,88513.45,12323
30-12-2025 23:00,88510.41,88581.70,88025.86,88264.79,11766
30-12-2025 23:30,88262.98,88342.55,88164.60,88269.49,11118
31-12-2025 00:00,88271.39,88398.19,88015.29,88177.68,11932
31-12-2025 00:30,88184.65,88262.18,87844.10,88223.20,12536
31-12-2025 01:00,88226.99,88326.54,88012.72,88099.82,11688
31-12-2025 01:30,88104.16,88107.52,87900.41,87938.13,11659
31-12-2025 02:00,87942.03,88054.95,87750.01,87822.40,12108
31-12-2025 02:30,87814.86,88074.17,87752.01,88034.67,11430
31-12-2025 03:00,88032.55,88223.30,88031.44,88159.92,11453
31-12-2025 03:30,88160.59,88363.59,88157.25,88293.56,11004
31-12-2025 04:00,88301.71,88334.59,88150.92,88293.05,11057
31-12-2025 04:30,88296.30,88467.19,88225.77,88436.79,11782
31-12-2025 05:00,88441.40,88454.27,88328.45,88359.54,12124
31-12-2025 05:30,88315.94,88341.70,88164.71,88255.52,12524
31-12-2025 06:00,88258.07,88267.79,88107.95,88112.25,11574
31-12-2025 06:30,88115.82,88584.80,88025.76,88445.99,12205
31-12-2025 07:00,88446.10,88660.59,88443.78,88509.64,12438
31-12-2025 07:30,88511.11,88606.66,88356.60,88527.68,12922
31-12-2025 08:00,88529.47,88624.27,88377.45,88532.47,12965
31-12-2025 08:30,88533.45,88683.55,88374.88,88407.73,13022
31-12-2025 09:00,88405.37,88413.85,88216.75,88305.68,12292
31-12-2025 09:30,88306.57,88407.81,88226.59,88283.45,12168
31-12-2025 10:00,88286.49,88324.63,88171.41,88185.87,11243
31-12-2025 10:30,88185.76,88324.20,88185.13,88313.12,11716
31-12-2025 11:00,88313.12,88382.35,88282.32,88306.96,11701
31-12-2025 11:30,88309.99,88413.70,88306.96,88384.96,12111
31-12-2025 12:00,88387.45,88423.38,88326.86,88358.69,11417
31-12-2025 12:30,88360.84,88441.68,88272.47,88385.91,12423
31-12-2025 13:00,88387.37,88486.86,88365.74,88459.58,11856
31-12-2025 13:30,88461.08,88593.91,88459.07,88496.25,11796
31-12-2025 14:00,88505.01,88511.49,88226.35,88280.72,11823
31-12-2025 14:30,88288.50,88456.53,88277.49,88432.69,11926
31-12-2025 15:00,88445.60,88572.99,88419.60,88510.92,11629
31-12-2025 15:30,88509.92,88756.44,88506.98,88615.01,12712
31-12-2025 16:00,88617.91,88706.98,88510.41,88687.12,11532
31-12-2025 16:30,88695.20,88806.35,88646.09,88785.25,12012
31-12-2025 17:00,88795.44,88906.78,88741.12,88863.18,12113
31-12-2025 17:30,88872.68,88908.54,88743.79,88791.02,12087
31-12-2025 18:00,88799.80,88849.74,88589.44,88618.55,12386
31-12-2025 18:30,88626.49,88753.38,88599.07,88699.30,11897
31-12-2025 19:00,88700.63,88906.60,88587.48,88831.39,12247
31-12-2025 19:30,88838.45,89063.76,88774.47,88798.61,12636
31-12-2025 20:00,88802.70,88802.70,88114.73,88328.80,13682
31-12-2025 20:30,88335.20,88339.21,87753.79,87827.89,13556
31-12-2025 21:00,87842.34,87995.29,87616.44,87791.47,12877
31-12-2025 21:30,87801.57,87896.73,87520.51,87749.74,13187
31-12-2025 22:00,87760.33,87780.67,87236.07,87488.90,13239
31-12-2025 22:30,87497.53,87587.77,87316.96,87449.34,12400
31-12-2025 23:00,87457.35,87514.16,87363.57,87446.20,11993
31-12-2025 23:30,87451.09,87825.32,87392.28,87776.73,12228
01-01-2026 00:00,87783.10,87784.22,87501.67,87513.35,11852
01-01-2026 00:30,87519.79,87709.54,87485.78,87559.31,11694
01-01-2026 01:00,87563.32,87572.04,87331.03,87355.32,11693
01-01-2026 01:30,87360.63,87375.30,87230.30,87295.16,12308
01-01-2026 02:00,87301.94,87531.58,87054.66,87483.31,12366
01-01-2026 02:30,87479.93,87610.01,87479.93,87565.38,10753
01-01-2026 03:00,87577.70,87705.96,87563.02,87611.66,11341
01-01-2026 03:30,87618.93,87716.45,87084.48,87655.29,11020
01-01-2026 04:00,87687.50,87691.33,87479.70,87544.12,11229
01-01-2026 04:30,87568.90,87568.90,87429.03,87476.97,11034
01-01-2026 05:00,87501.88,87511.78,87423.52,87429.14,10316
01-01-2026 05:30,87461.28,87626.23,87426.33,87568.36,10208
01-01-2026 06:00,87589.00,87655.83,87519.02,87594.94,10425
01-01-2026 06:30,87617.83,87867.26,87594.94,87673.19,10793
01-01-2026 07:00,87692.82,87830.83,87630.17,87739.28,10952
01-01-2026 07:30,87766.10,87909.87,87668.65,87708.55,10855
01-01-2026 08:00,87751.52,87876.72,87480.51,87544.04,10413
01-01-2026 08:30,87651.20,87688.05,86836.40,86923.41,7996
01-01-2026 09:00,87348.05,87626.55,86907.70,87489.25,10088
01-01-2026 09:30,87581.99,87590.80,86841.97,87119.19,10411
01-01-2026 10:00,87295.78,87429.76,87032.13,87264.22,10799
01-01-2026 10:30,87342.36,87541.61,87264.03,87501.87,10423
01-01-2026 11:00,87503.38,87570.22,87429.66,87483.10,10490
01-01-2026 11:30,87519.96,87522.31,87432.20,87461.48,10280
01-01-2026 12:00,87480.71,87504.45,87457.61,87461.42,10319
01-01-2026 12:30,87484.65,87508.03,87405.88,87419.11,10421
01-01-2026 13:00,87440.01,87499.19,87376.31,87413.02,10214
01-01-2026 13:30,87437.98,87622.64,87403.59,87542.49,10405
01-01-2026 14:00,87562.03,87705.13,87502.77,87589.26,10228
01-01-2026 14:30,87603.48,87791.28,87565.91,87655.61,10273
01-01-2026 15:00,87660.51,87715.66,87642.24,87685.91,10082
01-01-2026 15:30,87701.16,87713.73,87605.20,87672.61,10166
01-01-2026 16:00,87681.47,87712.76,87643.22,87680.81,10107
01-01-2026 16:30,87694.76,87823.37,87669.53,87750.11,10588
01-01-2026 17:00,87761.07,87863.39,87696.01,87843.26,10304
01-01-2026 17:30,87858.20,87875.29,87769.84,87825.25,10489
01-01-2026 18:00,87844.85,87844.85,87748.41,87766.69,10237
01-01-2026 18:30,87789.47,87881.94,87698.46,87814.73,10623
01-01-2026 19:00,87817.27,87850.35,87694.24,87746.23,10413
01-01-2026 19:30,87749.98,87833.39,87657.36,87708.48,10834
01-01-2026 20:00,87728.26,87828.16,87642.65,87799.13,10560
01-01-2026 20:30,87818.59,87943.13,87762.84,87852.59,10503
01-01-2026 21:00,87858.06,87968.91,87778.44,87877.86,10957
01-01-2026 21:30,87881.29,87904.12,87718.13,87796.70,10224
01-01-2026 22:00,87807.68,87848.68,87775.44,87833.97,10578
01-01-2026 22:30,87844.01,88126.44,87799.52,88094.55,10699
01-01-2026 23:00,88108.77,88354.51,88094.55,88152.92,11565
01-01-2026 23:30,88159.17,88207.97,87933.28,87937.87,11099
02-01-2026 00:00,87943.76,88056.08,87937.87,88029.16,10668
02-01-2026 00:30,88035.77,88038.10,87909.55,88003.86,10647
02-01-2026 01:00,88008.22,88273.68,88001.41,88238.16,10929
02-01-2026 01:30,88237.66,88238.17,88142.26,88211.70,10783
02-01-2026 02:00,88209.93,88211.71,88088.19,88099.94,10498
02-01-2026 02:30,88103.56,88293.90,88088.44,88227.13,10565
02-01-2026 03:00,88232.23,88250.21,88142.61,88239.81,10731
02-01-2026 03:30,88237.55,88441.78,88234.10,88382.90,11004
02-01-2026 04:00,88383.56,88536.38,88277.32,88485.18,11036
02-01-2026 04:30,88488.73,88640.88,88304.47,88584.12,11853
02-01-2026 05:00,88584.81,88768.52,88582.75,88702.98,11286
02-01-2026 05:30,88702.27,88741.38,88431.62,88559.65,11606
02-01-2026 06:00,88567.38,88741.18,88486.67,88689.10,11555
02-01-2026 06:30,88693.13,88745.77,88531.48,88542.56,11093
02-01-2026 07:00,88552.41,88568.89,88368.24,88495.17,10856
02-01-2026 07:30,88502.75,88530.01,88233.13,88280.70,11096
02-01-2026 08:00,88284.46,88551.32,88265.45,88503.62,11180
02-01-2026 08:30,88503.52,88839.69,88425.11,88734.43,11814
02-01-2026 09:00,88737.44,88975.97,88698.61,88797.32,11806
02-01-2026 09:30,88802.14,88851.84,88537.04,88593.77,11407
02-01-2026 10:00,88600.84,88695.31,88475.48,88483.42,10726
02-01-2026 10:30,88494.43,88625.03,88416.33,88429.92,10755
02-01-2026 11:00,88444.11,88656.81,88414.93,88612.72,10778
02-01-2026 11:30,88626.18,88794.74,88577.91,88773.98,10504
02-01-2026 12:00,88777.52,88951.22,88773.67,88795.73,10806
02-01-2026 12:30,88805.52,88936.10,88713.05,88752.41,10762
02-01-2026 13:00,88763.72,88788.77,88678.40,88718.28,10705
02-01-2026 13:30,88730.69,88983.67,88647.30,88919.54,11171
02-01-2026 14:00,88919.25,89054.75,88876.34,89011.02,11138
02-01-2026 14:30,89037.60,89171.97,88942.69,88986.24,11811
02-01-2026 15:00,89013.01,89340.27,88941.69,89318.55,11554
02-01-2026 15:30,89339.97,89831.19,89289.75,89446.68,12305
02-01-2026 16:00,89462.99,89631.99,89438.93,89521.07,11195
02-01-2026 16:30,89533.37,89552.92,89216.57,89236.18,11194
02-01-2026 17:00,89237.86,89448.48,89229.21,89368.85,11190
02-01-2026 17:30,89373.21,89464.07,89246.25,89335.21,11007
02-01-2026 18:00,89338.33,89434.46,89263.29,89266.62,11309
02-01-2026 18:30,89273.47,89590.97,89240.85,89432.60,11220
02-01-2026 19:00,89447.79,89473.35,89195.78,89235.74,10959
02-01-2026 19:30,89242.06,89279.61,88593.46,88772.47,12189
02-01-2026 20:00,88777.71,90068.71,88344.42,89494.37,14008
02-01-2026 20:30,89497.22,89801.62,88672.94,89027.50,13756
02-01-2026 21:00,89024.71,89813.08,88954.07,89312.95,13595
02-01-2026 21:30,89315.61,90094.86,89104.46,89965.99,13505
02-01-2026 22:00,89970.49,90757.79,89804.77,90298.55,13812
02-01-2026 22:30,90298.61,90901.06,90288.35,90542.90,13422
02-01-2026 23:00,90537.32,90629.95,90107.04,90320.07,12815
02-01-2026 23:30,90306.59,90518.44,90141.65,90230.98,12594
03-01-2026 00:00,90231.79,90263.68,89465.05,89690.28,12707
03-01-2026 00:30,89688.54,90088.99,89564.01,89871.87,12879
03-01-2026 01:00,89871.23,90036.98,89765.58,89818.01,12398
03-01-2026 01:30,89815.56,90012.59,89696.17,89803.97,12301
03-01-2026 02:00,89802.47,89880.48,89532.41,89661.21,12437
03-01-2026 02:30,89670.17,89954.02,89647.51,89914.72,11305
03-01-2026 03:00,89901.66,90104.24,89795.72,89985.62,11389
03-01-2026 03:30,89983.86,90257.60,89943.17,90053.47,11454
03-01-2026 04:00,90052.31,90345.41,89982.21,90132.56,11858
03-01-2026 04:30,90128.43,90140.02,89858.32,89882.74,11076
03-01-2026 05:00,89878.10,89957.38,89827.48,89921.96,10718
03-01-2026 05:30,89923.41,90060.15,89883.88,90010.17,10921
03-01-2026 06:00,90014.41,90130.06,89954.00,90084.01,10860
03-01-2026 06:30,90085.93,90161.65,89999.90,90008.99,10601
03-01-2026 07:00,90008.88,90215.14,90007.38,90212.01,10702
03-01-2026 07:30,90208.15,90212.01,90054.90,90198.11,10664
03-01-2026 08:00,90189.58,90334.60,90160.05,90258.33,10751
03-01-2026 08:30,90258.33,90287.00,90098.39,90146.66,10356
03-01-2026 09:00,90147.24,90308.28,90125.41,90253.40,10749
03-01-2026 09:30,90254.12,90422.08,90172.21,90185.90,10887
03-01-2026 10:00,90184.83,90216.36,89955.05,90091.76,10682
03-01-2026 10:30,90094.65,90135.85,89938.18,89944.97,10659
03-01-2026 11:00,89948.28,89985.35,89848.16,89962.58,10863
03-01-2026 11:30,89964.29,90066.97,89897.47,89912.24,10561
03-01-2026 12:00,89912.68,89982.64,89784.84,89803.09,10697
03-01-2026 12:30,89802.27,89890.60,89346.96,89348.79,11545
03-01-2026 13:00,89349.43,89523.98,89247.74,89508.59,11982
03-01-2026 13:30,89508.82,89760.52,89348.06,89666.74,11474
03-01-2026 14:00,89666.06,89770.05,89581.33,89597.88,11061
03-01-2026 14:30,89602.52,89784.61,89562.85,89735.02,10841
03-01-2026 15:00,89739.78,89917.56,89693.88,89722.43,11165
03-01-2026 15:30,89724.34,89748.83,89642.74,89719.31,10527
03-01-2026 16:00,89721.70,89806.87,89670.62,89676.31,10556
03-01-2026 16:30,89678.66,89701.78,89590.40,89631.64,10360
03-01-2026 17:00,89633.66,89707.07,89601.60,89660.48,10388
03-01-2026 17:30,89660.29,89704.25,89577.45,89701.53,1553
03-01-2026 18:00,89701.53,89953.23,89653.01,89945.51,5308
03-01-2026 18:30,89945.72,89969.59,89838.99,89873.35,10526
03-01-2026 19:00,89875.31,89961.30,89847.67,89917.05,10433
03-01-2026 19:30,89917.58,90155.68,89861.68,90093.75,10631
03-01-2026 20:00,90097.47,90155.94,89963.99,90039.11,10887
03-01-2026 20:30,90039.79,90041.00,89889.21,89977.89,10526
03-01-2026 21:00,89979.87,90035.72,89872.83,89889.04,10725
03-01-2026 21:30,89888.73,90003.06,89827.25,89967.47,10944
03-01-2026 22:00,89969.78,90130.99,89966.89,90020.87,10867
03-01-2026 22:30,90021.99,90049.97,89937.81,89983.73,10447
03-01-2026 23:00,89984.63,90040.91,89975.80,90011.41,10564
03-01-2026 23:30,90014.30,90127.84,89947.62,90098.37,10677
04-01-2026 00:00,90097.38,90112.80,90029.16,90063.97,10374
04-01-2026 00:30,90063.52,90075.69,89971.01,90063.64,10253
04-01-2026 01:00,90066.17,90069.39,90024.99,90049.40,10177
04-01-2026 01:30,90046.71,90051.75,89948.16,90038.75,10308
04-01-2026 02:00,90042.56,90291.00,90038.75,90274.88,10780
04-01-2026 02:30,90281.63,90404.94,90240.18,90391.28,10495
04-01-2026 03:00,90392.70,90658.86,90377.10,90487.79,11160
04-01-2026 03:30,90491.96,90652.67,90410.34,90547.87,10646
04-01-2026 04:00,90547.63,90639.99,90422.41,90517.98,11277
04-01-2026 04:30,90516.80,90603.88,90382.97,90563.49,10926
04-01-2026 05:00,90561.57,90624.56,90537.16,90556.70,10523
04-01-2026 05:30,90559.60,91517.85,90556.70,91024.45,12742
04-01-2026 06:00,91026.21,91382.74,90977.04,91258.38,12080
04-01-2026 06:30,91260.05,91408.39,91035.38,91051.98,11602
04-01-2026 07:00,91055.14,91187.52,90931.50,91152.62,11324
04-01-2026 07:30,91155.49,91224.90,91030.46,91132.51,10919
04-01-2026 08:00,91137.37,91202.61,91002.42,91062.62,9068
04-01-2026 08:30,91064.36,91287.01,91050.95,91089.28,10965
04-01-2026 09:00,91094.14,91262.73,91006.47,91152.17,11161
04-01-2026 09:30,91156.47,91424.13,91108.09,91299.87,10914
04-01-2026 10:00,91296.94,91510.06,91289.24,91313.46,10925
04-01-2026 10:30,91320.68,91400.34,91279.65,91369.72,10371
04-01-2026 11:00,91376.52,91420.85,91284.15,91395.67,10506
04-01-2026 11:30,91400.82,91733.64,91364.95,91465.83,10619
04-01-2026 12:00,91467.66,91542.50,91160.51,91163.53,11336
04-01-2026 12:30,91163.03,91314.33,91138.22,91232.99,11047
04-01-2026 13:00,91237.77,91472.00,91232.11,91452.49,10956
04-01-2026 13:30,91454.07,91469.12,91022.36,91162.17,11316
04-01-2026 14:00,91164.44,91368.53,91161.12,91297.93,10914
04-01-2026 14:30,91298.88,91373.07,91171.15,91247.18,11109
04-01-2026 15:00,91248.83,91410.46,91247.18,91377.72,11019
04-01-2026 15:30,91383.37,91529.75,91334.74,91405.48,11081
04-01-2026 16:00,91408.22,91549.83,91388.91,91519.10,10829
04-01-2026 16:30,91521.76,91521.76,91268.22,91305.58,10658
04-01-2026 17:00,91311.04,91378.80,91166.19,91231.22,10678
04-01-2026 17:30,91232.61,91274.06,91122.14,91263.34,10660
04-01-2026 18:00,91265.16,91295.10,91014.83,91072.14,11027
04-01-2026 18:30,91071.39,91155.14,90958.22,91127.93,11060
04-01-2026 19:00,91125.21,91214.24,91086.92,91197.81,10761
04-01-2026 19:30,91192.36,91348.17,91133.07,91170.75,10842
04-01-2026 20:00,91169.56,91273.51,91071.04,91259.69,10847
04-01-2026 20:30,91257.99,91306.32,91145.64,91173.56,10654
04-01-2026 21:00,91172.87,91272.35,91017.00,91253.08,10801
04-01-2026 21:30,91254.53,91388.78,91168.97,91271.17,11218
04-01-2026 22:00,91269.21,91371.33,91217.22,91240.72,10794
04-01-2026 22:30,91243.55,91366.00,91222.60,91297.84,10794
04-01-2026 23:00,91295.20,91369.47,91262.86,91269.75,10717
04-01-2026 23:30,91267.83,91273.87,91065.82,91101.71,9949
05-01-2026 00:00,91102.48,91168.52,90908.41,91131.13,11117
05-01-2026 00:30,91132.90,91149.53,90794.20,91055.04,11296
05-01-2026 01:00,91053.43,91120.96,90980.56,91073.01,10402
05-01-2026 01:30,91068.83,91272.33,91053.70,91267.58,2704
05-01-2026 02:00,91267.58,91278.03,91186.35,91237.09,1629
05-01-2026 02:30,91237.09,91367.15,91189.90,91240.13,1545
05-01-2026 03:00,91240.13,91284.02,91103.33,91205.26,1313
05-01-2026 03:30,91205.26,91327.61,91070.43,91211.02,6328
05-01-2026 04:00,91208.28,91220.28,91091.88,91137.36,10940
05-01-2026 04:30,91137.12,91465.23,91137.12,91291.42,11936
05-01-2026 05:00,91289.44,91521.86,91187.09,91457.14,11575
05-01-2026 05:30,91457.19,91996.99,91436.52,91770.34,12849
05-01-2026 06:00,91771.45,92356.64,91622.56,92335.23,12699
05-01-2026 06:30,92336.94,92914.92,92207.28,92903.05,12948
05-01-2026 07:00,92907.72,93318.33,92737.88,92885.31,12706
05-01-2026 07:30,92891.04,93095.73,92652.55,92671.36,12334
05-01-2026 08:00,92669.54,93009.16,92669.49,92962.75,12035
05-01-2026 08:30,92967.05,93139.66,92849.13,92924.49,11650
05-01-2026 09:00,92927.45,93061.33,92794.04,92801.65,10996
05-01-2026 09:30,92806.93,92889.00,92339.80,92393.96,11490
05-01-2026 10:00,92402.93,92577.03,92253.62,92529.95,11827
05-01-2026 10:30,92530.14,92655.38,92491.03,92635.80,11141
05-01-2026 11:00,92637.86,92638.53,92259.74,92276.04,11267
05-01-2026 11:30,92279.66,92411.42,92173.23,92195.52,11112
05-01-2026 12:00,92198.06,92429.37,92067.09,92412.40,11324
05-01-2026 12:30,92412.43,92566.98,92395.49,92483.64,10790
05-01-2026 13:00,92488.01,92525.23,92433.01,92443.14,10316
05-01-2026 13:30,92447.75,92696.64,92420.12,92626.11,11169
05-01-2026 14:00,92630.01,92652.51,92377.75,92386.53,10836
05-01-2026 14:30,92393.43,92581.91,92242.50,92557.03,11447
05-01-2026 15:00,92560.10,92774.54,92457.48,92606.77,11087
05-01-2026 15:30,92614.51,92885.10,92585.95,92814.09,11046
05-01-2026 16:00,92826.32,93085.92,92678.22,92999.48,11302
05-01-2026 16:30,93011.11,93078.95,92801.57,92888.58,10952
05-01-2026 17:00,92900.88,93081.62,92820.22,93056.28,11238
05-01-2026 17:30,93066.18,93146.48,92838.88,92838.88,11506
05-01-2026 18:00,92850.88,92894.15,92663.45,92784.62,11462
05-01-2026 18:30,92798.67,92945.18,92628.10,92706.10,11660
05-01-2026 19:00,92716.05,92716.05,92422.50,92663.38,12022
05-01-2026 19:30,92672.54,92809.28,92603.38,92687.57,11803
05-01-2026 20:00,92693.38,93604.57,92307.03,93370.48,13777
05-01-2026 20:30,93372.66,93722.13,93093.36,93323.96,13341
05-01-2026 21:00,93322.20,93952.84,93239.81,93899.73,12883
05-01-2026 21:30,93910.84,94033.65,93635.84,93806.83,12270
05-01-2026 22:00,93803.23,93892.97,93539.88,93659.54,11929
05-01-2026 22:30,93659.75,93753.80,93207.78,93407.69,11575
05-01-2026 23:00,93403.00,94425.58,93398.61,94299.27,12090
05-01-2026 23:30,94289.11,94374.53,93910.54,93987.36,12125
06-01-2026 00:00,93986.17,94470.35,93863.12,94412.35,12055
06-01-2026 00:30,94412.41,94436.91,94176.01,94380.60,12176
06-01-2026 01:00,94389.61,94478.08,94090.40,94253.95,11775
06-01-2026 01:30,94258.52,94764.06,94150.29,94702.13,12581
06-01-2026 02:00,94718.11,94718.11,94015.48,94145.57,12348
06-01-2026 02:30,94151.00,94195.55,93806.21,93809.30,11281
06-01-2026 03:00,93812.88,94202.72,93774.24,94061.10,11430
06-01-2026 03:30,94067.68,94382.02,93985.96,94226.58,11033
06-01-2026 04:00,94224.66,94339.45,94017.95,94145.31,11627
06-01-2026 04:30,94143.89,94170.44,93925.90,93973.57,11180
06-01-2026 05:00,93968.23,94029.04,93827.20,93835.45,11059
06-01-2026 05:30,93828.88,93960.35,93634.28,93762.48,11388
06-01-2026 06:00,93761.28,93799.50,93517.86,93799.50,11118
06-01-2026 06:30,93788.64,94146.94,93761.96,94084.74,11342
06-01-2026 07:00,94082.74,94095.59,93709.47,93744.33,11320
06-01-2026 07:30,93741.05,93846.04,93639.51,93662.68,11050
06-01-2026 08:00,93661.67,93685.87,93488.77,93589.09,10957
06-01-2026 08:30,93586.62,93793.45,93565.59,93760.48,10768
06-01-2026 09:00,93762.33,93910.91,93694.51,93728.96,10595
06-01-2026 09:30,93729.57,93962.73,93691.22,93827.03,10743
06-01-2026 10:00,93825.71,93905.59,93754.35,93758.42,10462
06-01-2026 10:30,93757.87,93778.83,93618.73,93658.99,10796
06-01-2026 11:00,93660.68,93735.50,93516.37,93548.06,10797
06-01-2026 11:30,93547.61,93755.88,93495.92,93720.58,11008
06-01-2026 12:00,93711.53,93903.09,93711.53,93726.82,11538
06-01-2026 12:30,93723.20,93736.48,93254.35,93338.60,10786
06-01-2026 13:00,93331.42,93355.26,93075.13,93178.72,11020
06-01-2026 13:30,93180.36,93363.69,93135.60,93262.69,10936
06-01-2026 14:00,93261.38,93269.76,93100.98,93170.47,10784
06-01-2026 14:30,93167.34,93503.75,93156.66,93413.87,10767
06-01-2026 15:00,93409.42,93501.14,93300.05,93394.63,10497
06-01-2026 15:30,93389.22,93601.94,93336.64,93526.29,10641
06-01-2026 16:00,93525.73,93580.82,93439.45,93522.59,10287
06-01-2026 16:30,93520.43,93786.31,93508.32,93770.76,10622
06-01-2026 17:00,93771.51,93848.84,93706.50,93790.49,10372
06-01-2026 17:30,93786.23,93942.42,93740.79,93807.01,10397
06-01-2026 18:00,93804.42,93859.31,93719.98,93798.86,10395
06-01-2026 18:30,93800.56,93814.06,93659.85,93673.26,10997
06-01-2026 19:00,93668.28,93715.21,93575.08,93656.54,10986
06-01-2026 19:30,93658.81,94409.31,93656.87,94275.28,12469
06-01-2026 20:00,94271.35,94309.79,93461.77,93764.22,13549
06-01-2026 20:30,93770.21,94257.84,93620.56,94063.77,12920
06-01-2026 21:00,94076.10,94122.45,93264.86,93575.13,12924
06-01-2026 21:30,93575.64,93712.85,92727.99,92751.25,12756
06-01-2026 22:00,92759.11,92927.05,92242.46,92604.63,12470
06-01-2026 22:30,92606.58,92689.03,92297.58,92431.63,12223
06-01-2026 23:00,92430.18,92566.94,91438.07,91489.07,12923
06-01-2026 23:30,91491.55,92031.15,91168.65,91912.99,12331
07-01-2026 00:00,91918.77,92128.83,91752.28,91937.19,12286
07-01-2026 00:30,91942.64,92235.39,91798.08,92160.38,11561
07-01-2026 01:00,92162.10,92230.89,91928.08,92003.13,11633
07-01-2026 01:30,92006.91,92485.94,91995.78,92403.27,11765
07-01-2026 02:00,92404.64,92609.55,92387.17,92420.57,11498
07-01-2026 02:30,92416.25,93755.15,92286.56,93446.20,12540
07-01-2026 03:00,93444.56,93695.54,93065.98,93182.74,12057
07-01-2026 03:30,93181.82,93457.82,92880.57,93086.10,11536
07-01-2026 04:00,93094.15,93302.24,92902.85,93290.41,11761
07-01-2026 04:30,93293.37,93499.01,93264.01,93459.92,11421
07-01-2026 05:00,93460.49,93724.68,93458.31,93681.82,11452
07-01-2026 05:30,93682.54,93682.88,93250.34,93273.34,11690
07-01-2026 06:00,93278.75,93313.36,92520.86,92611.80,11592
07-01-2026 06:30,92623.59,92809.47,92246.99,92427.10,11789
07-01-2026 07:00,92438.68,92528.79,92272.40,92348.96,12037
07-01-2026 07:30,92352.35,92680.24,92159.26,92602.39,11970
07-01-2026 08:00,92595.97,92962.82,92555.02,92879.94,11433
07-01-2026 08:30,92869.38,93024.03,92816.49,92906.39,11108
07-01-2026 09:00,92917.75,92929.92,92654.52,92717.37,11223
07-01-2026 09:30,92722.18,92831.12,92573.87,92668.80,11138
07-01-2026 10:00,92675.18,92719.73,92497.34,92571.65,10916
07-01-2026 10:30,92577.17,92708.82,92521.71,92631.41,10556
07-01-2026 11:00,92635.10,92768.12,92402.18,92439.32,10951
07-01-2026 11:30,92442.64,92748.99,92420.88,92725.87,10872
07-01-2026 12:00,92739.80,92809.51,92506.45,92514.40,10551
07-01-2026 12:30,92526.76,92748.05,92514.40,92715.49,10300
07-01-2026 13:00,92720.19,92798.59,92664.14,92783.91,10177
07-01-2026 13:30,92785.94,92878.27,92673.21,92763.10,10458
07-01-2026 14:00,92766.91,92848.43,92580.07,92607.64,10268
07-01-2026 14:30,92617.57,92618.31,91786.84,91853.49,11288
07-01-2026 15:00,91859.21,91895.90,91490.26,91588.34,11160
07-01-2026 15:30,91598.46,91763.26,91488.67,91673.24,10804
07-01-2026 16:00,91671.32,91883.92,91669.41,91844.96,10412
07-01-2026 16:30,91853.15,92124.49,91801.37,92048.04,10926
07-01-2026 17:00,92050.13,92145.91,91974.61,91986.83,10832
07-01-2026 17:30,91989.60,92066.55,91883.01,91940.64,11049
07-01-2026 18:00,91943.92,92012.20,91861.56,91885.05,10943
07-01-2026 18:30,91881.91,92174.89,91741.53,92113.15,11239
07-01-2026 19:00,92112.32,92141.53,91900.42,91929.92,11264
07-01-2026 19:30,91931.86,91940.13,91383.79,91431.10,11834
07-01-2026 20:00,91428.95,92042.70,91256.34,91861.08,13319
07-01-2026 20:30,91858.13,91894.89,90920.58,91145.88,13183
07-01-2026 21:00,91147.96,91474.06,90980.50,91228.32,12900
07-01-2026 21:30,91227.30,91684.16,91166.50,91486.43,12762
07-01-2026 22:00,91480.85,91518.42,91019.77,91143.07,12612
07-01-2026 22:30,91140.36,91545.20,90895.23,91480.20,12199
07-01-2026 23:00,91486.68,91571.00,91073.82,91115.86,11782
07-01-2026 23:30,91121.36,91216.19,90929.20,91144.77,11941
08-01-2026 00:00,91150.75,91317.57,90603.21,90765.09,11874
08-01-2026 00:30,90769.98,90977.72,90540.26,90755.42,12392
08-01-2026 01:00,90759.31,91142.11,90747.58,91038.56,11779
08-01-2026 01:30,91041.91,91163.14,90639.51,90746.70,11176
08-01-2026 02:00,90750.92,91010.48,90746.64,90895.61,11752
08-01-2026 02:30,90899.99,91096.19,90880.42,91053.76,11117
08-01-2026 03:00,91051.16,91103.10,90911.71,90978.06,10748
08-01-2026 03:30,90963.54,90978.06,90743.09,90935.00,10998
08-01-2026 04:00,90937.73,91198.07,90844.54,91047.68,11770
08-01-2026 04:30,91050.71,91353.38,90873.30,91182.34,12061
08-01-2026 05:00,91182.12,91303.51,91030.86,91239.10,11196
08-01-2026 05:30,91240.23,91396.34,90936.59,90973.08,11849
08-01-2026 06:00,90979.08,91296.47,90949.10,91252.27,11304
08-01-2026 06:30,91257.60,91608.53,91157.28,91369.45,11189
08-01-2026 07:00,91376.06,91392.74,91176.66,91278.08,10591
08-01-2026 07:30,91282.20,91340.41,90920.03,91065.39,11733
08-01-2026 08:00,91073.68,91077.90,90608.02,90811.12,11990
08-01-2026 08:30,90813.31,90975.24,90757.10,90791.89,11135
08-01-2026 09:00,90796.46,90905.64,90464.28,90655.24,11696
08-01-2026 09:30,90660.43,91009.31,90539.92,90947.10,11417
08-01-2026 10:00,90947.96,90993.98,90834.28,90875.30,11089
08-01-2026 10:30,90877.56,91038.03,90843.51,90854.25,10841
08-01-2026 11:00,90857.43,90931.20,90624.27,90672.23,10969
08-01-2026 11:30,90676.02,90721.31,90031.92,90097.96,11623
08-01-2026 12:00,90109.20,90252.63,89731.38,89731.38,11408
08-01-2026 12:30,89735.91,90115.35,89439.83,90096.33,12068
08-01-2026 13:00,90100.44,90418.59,90036.71,90375.25,11413
08-01-2026 13:30,90380.69,90548.20,90280.33,90543.01,11332
08-01-2026 14:00,90546.99,90583.38,89852.68,90068.62,11215
08-01-2026 14:30,90068.58,90215.15,89864.03,89866.19,10973
08-01-2026 15:00,89880.79,89994.35,89789.14,89847.98,11590
08-01-2026 15:30,89861.48,90120.05,89607.02,90029.29,11392
08-01-2026 16:00,90045.16,90338.46,89964.14,90244.19,11114
08-01-2026 16:30,90262.63,90338.11,89884.33,90049.10,11290
08-01-2026 17:00,90064.73,90128.59,89851.90,90055.67,11470
08-01-2026 17:30,90071.10,90082.78,89630.55,89790.60,11955
08-01-2026 18:00,89803.30,89922.63,89608.50,89822.15,11508
08-01-2026 18:30,89838.30,89962.36,89764.08,89892.77,11347
08-01-2026 19:00,89915.47,89954.86,89698.25,89792.83,11114
08-01-2026 19:30,89808.91,89809.25,89294.50,89476.70,11524
08-01-2026 20:00,89487.88,90028.44,89164.31,89877.15,13403
08-01-2026 20:30,89887.34,90515.90,89661.45,90456.14,13274
08-01-2026 21:00,90467.24,90714.36,90130.28,90658.45,13280
08-01-2026 21:30,90653.77,90783.82,90302.25,90531.01,12467
08-01-2026 22:00,90533.22,90810.44,90163.57,90806.66,12329
08-01-2026 22:30,90809.98,91134.45,90730.12,90740.16,12573
08-01-2026 23:00,90743.62,91324.40,90741.45,91256.00,12172
08-01-2026 23:30,91261.26,91364.96,90995.71,91137.14,11897
09-01-2026 00:00,91144.53,91198.58,90749.64,91007.92,11793
09-01-2026 00:30,91011.07,91205.53,90834.95,90970.11,11620
09-01-2026 01:00,90978.55,91223.34,90685.03,90816.62,11734
09-01-2026 01:30,90820.34,90824.47,90423.67,90464.46,12377
09-01-2026 02:00,90467.60,90881.62,90464.46,90808.78,11989
09-01-2026 02:30,90806.92,91085.10,90790.07,91002.24,11154
09-01-2026 03:00,91013.89,91232.20,90936.53,91155.85,11553
09-01-2026 03:30,91168.40,91378.01,91039.47,91180.68,11237
09-01-2026 04:00,91182.44,91186.39,90918.28,91127.11,11221
09-01-2026 04:30,91127.23,91235.89,91112.56,91183.88,10948
09-01-2026 05:00,91183.53,91207.75,90931.43,90987.57,11055
09-01-2026 05:30,90991.95,91062.03,90946.00,90955.71,10897
09-01-2026 06:00,90959.15,91197.21,90951.60,91168.26,10924
09-01-2026 06:30,91175.50,91423.59,90907.91,91371.70,11036
09-01-2026 07:00,91380.47,91514.20,90721.18,90923.09,12085
09-01-2026 07:30,90927.74,91366.59,90902.10,91173.81,11495
09-01-2026 08:00,91175.56,91236.34,90889.15,90915.87,11245
09-01-2026 08:30,90919.51,91120.17,90827.96,90884.69,11291
09-01-2026 09:00,90895.48,91144.34,90834.97,91080.92,11074
09-01-2026 09:30,91091.38,91099.10,90891.18,90991.84,10428
09-01-2026 10:00,91005.73,91020.89,90788.92,90872.64,10412
09-01-2026 10:30,90896.31,91006.26,90771.34,90875.94,10793
09-01-2026 11:00,90877.54,90973.81,90773.00,90946.18,11067
09-01-2026 11:30,90946.94,91013.58,90836.26,90848.29,10779
09-01-2026 12:00,90840.31,91039.11,90832.95,90985.71,10507
09-01-2026 12:30,90985.81,90993.77,90830.86,90872.90,11061
09-01-2026 13:00,90875.94,90876.32,90580.66,90596.06,11242
09-01-2026 13:30,90595.55,90697.84,90343.03,90525.84,11462
09-01-2026 14:00,90530.15,90556.43,89555.00,89863.20,12135
09-01-2026 14:30,89871.22,90349.09,89840.31,90269.32,11810
09-01-2026 15:00,90267.24,90301.20,90131.74,90194.50,10644
09-01-2026 15:30,90191.08,90415.61,90134.22,90288.43,10585
09-01-2026 16:00,90292.49,90401.68,90263.46,90346.79,10439
09-01-2026 16:30,90345.01,90564.18,90294.81,90413.93,10995
09-01-2026 17:00,90440.62,90487.58,90265.57,90301.76,10967
09-01-2026 17:30,90325.69,90478.27,90089.99,90187.78,11382
09-01-2026 18:00,90207.04,90348.12,90156.96,90297.58,10778
09-01-2026 18:30,90317.34,90607.97,90285.42,90453.35,11695
09-01-2026 19:00,90472.02,90786.66,90269.28,90460.70,12504
09-01-2026 19:30,90468.27,90476.99,90107.59,90434.29,12212
09-01-2026 20:00,90445.43,90545.59,89804.06,90011.06,13465
09-01-2026 20:30,90021.93,91593.15,89697.14,91541.02,13428
09-01-2026 21:00,91543.95,91892.24,90715.59,91049.24,13482
09-01-2026 21:30,91057.27,91671.69,91029.72,91254.89,13363
09-01-2026 22:00,91256.54,91556.87,91112.42,91502.81,12608
09-01-2026 22:30,91506.13,91559.75,90844.90,91004.28,12698
09-01-2026 23:00,91004.78,91416.17,90917.99,91290.83,12457
09-01-2026 23:30,91296.04,91382.59,90441.79,90453.31,12371
10-01-2026 00:00,90460.10,90830.06,90193.70,90677.44,12510
10-01-2026 00:30,90686.37,90686.37,90157.92,90183.69,12222
10-01-2026 01:00,90188.29,90487.39,90034.60,90185.80,11963
10-01-2026 01:30,90186.26,90432.25,90083.18,90327.56,11950
10-01-2026 02:00,90337.63,90454.41,90086.37,90163.05,11745
10-01-2026 02:30,90164.62,90483.14,89986.87,90401.85,11211
10-01-2026 03:00,90416.83,90477.81,90257.96,90383.23,10898
10-01-2026 03:30,90363.01,90454.71,90182.36,90435.29,10414
10-01-2026 04:00,90432.73,90544.80,90367.53,90458.67,11213
10-01-2026 04:30,90462.42,90560.38,90434.26,90542.08,11014
10-01-2026 05:00,90545.05,90554.91,90432.84,90475.44,10428
10-01-2026 05:30,90477.01,90525.52,90344.74,90450.13,10948
10-01-2026 06:00,90453.31,90497.56,90379.55,90423.80,10800
10-01-2026 06:30,90428.33,90527.65,90408.49,90492.78,10397
10-01-2026 07:00,90500.60,90557.76,90484.57,90512.25,10230
10-01-2026 07:30,90518.54,90619.04,90512.25,90601.85,10596
10-01-2026 08:00,90605.82,90609.59,90432.10,90521.48,10413
10-01-2026 08:30,90521.48,90521.48,90392.82,90461.39,9948
10-01-2026 09:00,90464.36,90489.85,90402.71,90465.02,10296
10-01-2026 09:30,90465.18,90486.01,90286.47,90362.92,10385
10-01-2026 10:00,90365.40,90380.96,90237.22,90287.80,10341
10-01-2026 10:30,90288.13,90405.98,90257.91,90397.97,10397
10-01-2026 11:00,90401.28,90453.45,90358.27,90431.65,10253
10-01-2026 11:30,90435.36,90444.66,90306.76,90368.46,4499
10-01-2026 12:00,90368.46,90383.58,90335.30,90338.34,2194
10-01-2026 12:30,90338.34,90472.77,90333.64,90439.84,2713
10-01-2026 13:00,90439.84,90520.88,90429.54,90503.74,3011
10-01-2026 13:30,90503.74,90586.30,90442.41,90524.89,3007
10-01-2026 14:00,90524.89,90525.73,90452.76,90499.54,2156
10-01-2026 14:30,90499.54,90545.99,90466.01,90509.01,2068
10-01-2026 15:00,90508.94,90597.56,90455.84,90596.68,2404
10-01-2026 15:30,90596.68,90639.77,90553.65,90593.07,1789
10-01-2026 16:00,90593.07,90665.87,90589.66,90662.18,1497
10-01-2026 16:30,90662.18,90662.88,90592.02,90614.29,1334
10-01-2026 17:00,90614.29,90654.85,90540.05,90566.39,1424
10-01-2026 17:30,90566.39,90624.49,90540.40,90542.00,646
10-01-2026 18:00,90542.00,90579.91,90492.46,90577.02,1268
10-01-2026 18:30,90577.02,90614.85,90541.21,90564.03,1875
10-01-2026 19:00,90564.03,90575.04,90477.32,90498.69,1789
10-01-2026 19:30,90498.69,90508.66,90379.50,90455.33,1465
10-01-2026 20:00,90455.33,90455.33,90394.35,90435.55,1922
10-01-2026 20:30,90435.55,90486.27,90421.86,90442.26,1987
10-01-2026 21:00,90442.26,90510.56,90442.26,90499.60,1562
10-01-2026 21:30,90499.60,90569.19,90452.26,90483.39,1614
10-01-2026 22:00,90483.39,90535.61,90445.04,90516.81,2084
10-01-2026 22:30,90516.81,90584.30,90516.81,90580.04,2176
10-01-2026 23:00,90580.04,90581.65,90378.17,90388.42,2028
10-01-2026 23:30,90388.44,90422.29,90353.86,90418.87,2124
11-01-2026 00:00,90418.87,90442.06,90401.24,90426.78,2202
11-01-2026 00:30,90426.78,90449.06,90415.27,90447.15,1349
11-01-2026 01:00,90447.15,90471.74,90438.35,90468.76,1184
11-01-2026 01:30,90468.76,90503.21,90464.79,90481.77,2826
11-01-2026 02:00,90481.77,90481.84,90398.67,90405.68,3104
11-01-2026 02:30,90405.75,90413.41,90337.36,90391.80,2914
11-01-2026 03:00,90391.80,90405.75,90339.41,90340.51,4448
11-01-2026 03:30,90340.51,90343.25,90237.80,90329.81,3332
11-01-2026 04:00,90329.81,90422.42,90258.71,90262.18,2812
11-01-2026 04:30,90262.18,90387.09,90261.49,90373.46,2181
11-01-2026 05:00,90373.46,90410.59,90318.55,90347.60,1530
11-01-2026 05:30,90347.60,90445.43,90286.55,90439.75,2523
11-01-2026 06:00,90439.75,90485.18,90378.25,90461.94,1522
11-01-2026 06:30,90461.94,90509.54,90408.28,90418.85,1398
11-01-2026 07:00,90418.85,90477.64,90390.28,90476.22,1655
11-01-2026 07:30,90476.22,90537.60,90454.37,90514.83,1794
11-01-2026 08:00,90514.83,90575.27,90477.99,90534.31,1774
11-01-2026 08:30,90534.31,90577.08,90468.18,90549.75,1941
11-01-2026 09:00,90549.75,90577.11,90520.42,90573.41,1397
11-01-2026 09:30,90575.96,90592.48,90520.07,90548.93,1526
11-01-2026 10:00,90548.93,90635.18,90547.52,90630.70,1303
11-01-2026 10:30,90630.70,90633.21,90575.85,90604.98,1415
11-01-2026 11:00,90604.98,90691.30,90591.59,90616.35,1782
11-01-2026 11:30,90616.35,90647.59,90426.23,90511.37,2079
11-01-2026 12:00,90511.37,90590.98,90500.17,90581.36,1202
11-01-2026 12:30,90581.36,90594.49,90513.57,90568.61,1551
11-01-2026 13:00,90568.61,90580.76,90528.59,90546.78,973
11-01-2026 13:30,90560.38,90570.00,90470.54,90560.98,1627
11-01-2026 14:00,90569.12,90650.76,90505.75,90622.19,2173
11-01-2026 14:30,90622.19,90647.96,90578.45,90580.44,1800
11-01-2026 15:00,90580.51,90625.01,90500.67,90567.07,1851
11-01-2026 15:30,90567.07,90581.07,90516.87,90559.19,1624
11-01-2026 16:00,90559.19,90577.98,90520.21,90566.94,1284
11-01-2026 16:30,90566.94,90568.62,90526.16,90552.08,2646
11-01-2026 17:00,90552.08,90584.16,90530.84,90575.96,4142
11-01-2026 17:30,90575.95,90702.31,90548.77,90698.97,3502
11-01-2026 18:00,90698.97,90835.34,90643.78,90762.60,4365
11-01-2026 18:30,90762.60,90805.02,90657.51,90719.79,4720
11-01-2026 19:00,90719.79,90729.33,90652.89,90691.67,4178
11-01-2026 19:30,90691.61,90826.48,90689.55,90826.48,3160
11-01-2026 20:00,90826.48,91022.48,90793.05,90956.62,3930
11-01-2026 20:30,90956.62,90988.77,90699.42,90808.48,3395
11-01-2026 21:00,90808.48,90871.52,90550.98,90714.90,2711
11-01-2026 21:30,90714.90,90912.54,90714.90,90874.42,2763
11-01-2026 22:00,90873.35,91117.97,90788.36,90869.87,4596
11-01-2026 22:30,90869.87,90979.26,90763.09,90882.85,3359
11-01-2026 23:00,90882.85,90896.99,90748.37,90816.13,2482
11-01-2026 23:30,90816.13,90823.32,90721.11,90761.04,2032
12-01-2026 00:00,90761.04,90778.64,90619.85,90716.76,2429
12-01-2026 00:30,90716.76,90762.45,90670.76,90728.52,2229
12-01-2026 01:00,90728.87,90736.56,90500.46,90523.65,2533
12-01-2026 01:30,90523.62,90525.12,90251.85,90362.53,4092
12-01-2026 02:00,90362.53,90561.43,90299.23,90531.41,3072
12-01-2026 02:30,90531.41,90610.37,90421.31,90479.21,2774
12-01-2026 03:00,90479.21,90667.81,90469.27,90579.91,2456
12-01-2026 03:30,90579.91,90579.91,90289.99,90516.84,3537
12-01-2026 04:00,90517.00,90575.67,90357.18,90358.05,2803
12-01-2026 04:30,90358.05,90891.04,90118.24,90594.15,5191
12-01-2026 05:00,90594.15,90844.54,90531.55,90844.54,4541
12-01-2026 05:30,90839.61,91046.89,90633.20,90986.46,4688
12-01-2026 06:00,90986.46,91082.76,90527.65,91082.71,5688
12-01-2026 06:30,91082.71,91637.52,91067.68,91342.02,7295
12-01-2026 07:00,91342.02,91357.41,90917.79,91252.93,5507
12-01-2026 07:30,91252.93,91788.33,91202.53,91624.16,5395
12-01-2026 08:00,91624.16,92220.39,91560.67,92051.35,4364
12-01-2026 08:30,92051.35,92371.58,91994.45,92229.29,3360
12-01-2026 09:00,92229.29,92294.67,91639.07,91643.34,4617
12-01-2026 09:30,91643.34,91956.79,91571.65,91884.82,3819
12-01-2026 10:00,91884.82,92124.79,91856.00,92008.33,2839
12-01-2026 10:30,92008.33,92103.29,91872.05,92076.30,2886
12-01-2026 11:00,92076.30,92106.38,91919.06,91950.33,2815
12-01-2026 11:30,91950.33,92037.29,91790.98,91790.98,3165
12-01-2026 12:00,91791.09,91791.09,91634.43,91664.69,3276
12-01-2026 12:30,91664.69,91784.95,91570.29,91712.01,4263
12-01-2026 13:00,91712.01,91725.33,91220.99,91240.38,4255
12-01-2026 13:30,91240.38,91466.45,91180.84,91291.66,4403
12-01-2026 14:00,91291.66,91291.73,90226.03,90591.30,7652
12-01-2026 14:30,90591.30,90755.68,90487.46,90649.63,5346
12-01-2026 15:00,90649.63,90782.38,90514.99,90528.77,3208
12-01-2026 15:30,90528.77,90632.34,90369.95,90388.82,2467
12-01-2026 16:00,90388.82,90466.75,90210.19,90272.83,2520
12-01-2026 16:30,90273.06,90651.47,90260.03,90533.99,2900
12-01-2026 17:00,90533.99,90591.95,90399.67,90465.72,2578
12-01-2026 17:30,90465.72,90715.47,90450.43,90627.09,2288
12-01-2026 18:00,90627.09,90672.82,90535.80,90630.22,2446
12-01-2026 18:30,90630.22,90679.17,90388.73,90534.78,3280
12-01-2026 19:00,90534.78,90635.34,90414.57,90473.13,3781
12-01-2026 19:30,90473.14,90513.13,89978.70,90126.02,6177
12-01-2026 20:00,90126.08,90969.92,90050.06,90756.46,9492
12-01-2026 20:30,90756.46,91283.64,90563.28,91186.77,9551
12-01-2026 21:00,91186.81,91545.35,91105.14,91542.80,7627
12-01-2026 21:30,91542.80,92120.12,91477.25,92105.77,7698
12-01-2026 22:00,92108.92,92217.06,91879.49,92026.41,6399
12-01-2026 22:30,92027.76,92212.68,91561.62,91620.74,6660
12-01-2026 23:00,91620.74,91653.22,90922.74,91401.06,7504
12-01-2026 23:30,91401.06,91843.43,91301.29,91814.70,4420
13-01-2026 00:00,91817.36,91826.31,91365.14,91578.69,5110
13-01-2026 00:30,91578.54,91721.61,91315.03,91717.34,4582
13-01-2026 01:00,91717.34,91772.12,91609.32,91746.35,3528
13-01-2026 01:30,91746.35,91940.57,91583.69,91623.32,3974
13-01-2026 02:00,91623.32,91623.32,91296.22,91369.56,4866
13-01-2026 02:30,91369.56,91375.98,91080.00,91229.98,4523
13-01-2026 03:00,91229.98,91278.61,90820.38,90939.23,4308
13-01-2026 03:30,90939.23,91320.07,90938.52,91145.44,4302
13-01-2026 04:00,91145.44,91260.29,91067.53,91108.75,3511
13-01-2026 04:30,91108.91,91159.25,90927.05,91144.94,3302
13-01-2026 05:00,91144.94,91189.57,91054.11,91158.52,2601
13-01-2026 05:30,91158.52,91393.51,91121.45,91314.49,3557
13-01-2026 06:00,91313.92,91403.32,91110.55,91340.19,3588
13-01-2026 06:30,91340.19,91408.68,91157.22,91192.32,2807
13-01-2026 07:00,91192.32,91209.83,90908.82,91051.53,3740
13-01-2026 07:30,91051.53,91245.51,91051.53,91141.80,2623
13-01-2026 08:00,91141.80,91179.57,90974.64,90992.29,2953
13-01-2026 08:30,90992.29,91329.44,90976.29,91251.93,3242
13-01-2026 09:00,91251.82,91282.10,91144.91,91279.03,2923
13-01-2026 09:30,91279.03,91495.42,91251.64,91337.11,3353
13-01-2026 10:00,91337.11,91392.92,91213.79,91376.16,1807
13-01-2026 10:30,91376.16,92120.02,91334.81,91954.54,4904
13-01-2026 11:00,91954.16,91983.46,91719.18,91783.91,5397
13-01-2026 11:30,91784.48,91946.32,91666.62,91743.42,4076
13-01-2026 12:00,91743.42,92131.98,91743.42,92044.75,3543
13-01-2026 12:30,92044.75,92075.39,91766.57,91885.32,3487
13-01-2026 13:00,91885.32,91898.68,91766.02,91806.88,2268
13-01-2026 13:30,91806.88,91946.01,91794.47,91830.93,2706
13-01-2026 14:00,91830.93,92125.05,91830.74,92035.46,2621
13-01-2026 14:30,92035.46,92548.03,92029.69,92424.58,4484
13-01-2026 15:00,92424.58,92446.55,91828.64,92142.56,4659
13-01-2026 15:30,92142.56,92221.59,92007.78,92127.01,3308
13-01-2026 16:00,92127.01,92168.30,91888.80,91999.78,3024
13-01-2026 16:30,91999.78,92124.77,91895.65,92070.13,2802
13-01-2026 17:00,92070.13,92075.32,91828.45,91862.65,2943
13-01-2026 17:30,91862.65,91990.71,91773.61,91940.86,2824
13-01-2026 18:00,91940.86,92022.87,91940.17,91987.45,1958
13-01-2026 18:30,91987.07,92018.76,91851.97,92015.80,3112
13-01-2026 19:00,92015.92,92457.04,91930.68,91948.88,6249
13-01-2026 19:30,91948.88,92309.36,91685.15,92303.19,5455
13-01-2026 20:00,92303.19,92808.82,92192.07,92359.81,8544
13-01-2026 20:30,92359.89,92505.98,92020.96,92292.40,7815
13-01-2026 21:00,92292.40,93385.16,92262.03,93385.15,7593
13-01-2026 21:30,93385.20,93640.47,93012.22,93123.87,8720
13-01-2026 22:00,93123.87,93709.77,93062.37,93342.02,7409
13-01-2026 22:30,93342.02,93444.18,93038.47,93345.00,7176
13-01-2026 23:00,93345.00,93396.13,93089.87,93165.40,7212
13-01-2026 23:30,93165.40,93685.11,93107.65,93519.36,7937
14-01-2026 00:00,93519.36,93817.70,93427.48,93570.20,7029
14-01-2026 00:30,93570.20,93813.86,93407.02,93805.15,5986
14-01-2026 01:00,93805.15,94202.70,93745.12,94191.31,5513
14-01-2026 01:30,94191.31,94467.11,94138.09,94316.77,5078
14-01-2026 02:00,94316.77,94444.77,94088.04,94382.15,7157
14-01-2026 02:30,94382.15,94479.22,94292.10,94303.40,5608
14-01-2026 03:00,94303.40,94349.52,94033.50,94054.55,5453
14-01-2026 03:30,94054.55,96118.55,94052.78,95278.67,9416
14-01-2026 04:00,95278.70,95961.00,95092.78,95687.31,8626
14-01-2026 04:30,95686.70,96040.69,95290.77,95322.16,6178
14-01-2026 05:00,95322.16,95411.13,95008.76,95347.70,4649
14-01-2026 05:30,95347.70,95572.55,95292.64,95411.73,5453
14-01-2026 06:00,95411.73,95411.84,95098.81,95167.05,4373
14-01-2026 06:30,95167.05,95512.77,95076.07,95407.94,4518
14-01-2026 07:00,95407.94,95476.61,95062.12,95178.52,3576
14-01-2026 07:30,95178.52,95494.60,95128.35,95459.02,4248
14-01-2026 08:00,95459.02,95471.70,95201.35,95280.30,3403
14-01-2026 08:30,95280.28,95436.82,95214.60,95310.02,3058
14-01-2026 09:00,95310.02,95659.39,95309.66,95653.44,3716
14-01-2026 09:30,95653.44,95732.99,95311.26,95400.97,4644
14-01-2026 10:00,95400.82,95400.82,95159.91,95176.68,3752
14-01-2026 10:30,95176.68,95211.79,94904.90,94990.49,3965
14-01-2026 11:00,94990.49,95173.26,94896.83,94959.43,4060
14-01-2026 11:30,94959.43,94968.21,94605.90,94639.67,4541
14-01-2026 12:00,94639.67,94978.28,94517.43,94973.65,3752
14-01-2026 12:30,94973.66,95134.62,94856.99,94878.22,3494
14-01-2026 13:00,94878.22,95184.98,94798.71,95154.23,3447
14-01-2026 13:30,95154.23,95266.60,95115.06,95121.69,3186
14-01-2026 14:00,95120.61,95143.15,94834.50,94835.56,4101
14-01-2026 14:30,94835.56,95134.40,94817.88,95013.00,3624
14-01-2026 15:00,95013.00,95078.90,94900.66,95031.03,2992
14-01-2026 15:30,95031.03,95241.90,94824.76,94982.57,4117
14-01-2026 16:00,94982.50,95126.70,94847.47,95019.71,2604
14-01-2026 16:30,95019.52,95027.93,94753.72,94898.89,2944
14-01-2026 17:00,94898.89,94941.47,94650.32,94710.56,2466
14-01-2026 17:30,94710.56,95048.61,94604.06,94997.63,3230
14-01-2026 18:00,94997.63,95082.07,94963.19,95001.43,2372
14-01-2026 18:30,95001.43,95164.66,94855.81,95120.89,3817
14-01-2026 19:00,95120.89,95133.71,94828.34,94928.66,3593
14-01-2026 19:30,94928.66,95753.22,94912.02,95565.25,6627
14-01-2026 20:00,95563.59,96777.99,95286.77,96444.14,11250
14-01-2026 20:30,96453.29,97030.55,96133.62,96730.30,10877
14-01-2026 21:00,96730.30,96959.38,96290.89,96741.19,8627
14-01-2026 21:30,96739.66,97459.59,96710.63,97233.78,7243
14-01-2026 22:00,97233.78,97684.17,96980.25,97268.78,7606
14-01-2026 22:30,97268.02,97775.04,97167.46,97530.66,6673
14-01-2026 23:00,97530.66,97530.66,96774.39,96923.81,6811
14-01-2026 23:30,96923.81,97091.21,96577.07,96996.89,6436
15-01-2026 00:00,96996.89,97092.25,96212.28,96774.91,7959
15-01-2026 00:30,96774.91,97608.35,96649.66,97525.68,7612
15-01-2026 01:00,97525.68,97617.07,97087.91,97234.07,5649
15-01-2026 01:30,97234.07,97899.33,97170.35,97314.68,6830
15-01-2026 02:00,97314.68,97745.08,97294.92,97632.66,7074
15-01-2026 02:30,97645.25,97665.69,97411.70,97551.54,4617
15-01-2026 03:00,97551.54,97695.93,97349.70,97527.14,3279
15-01-2026 03:30,97527.14,97552.41,97285.74,97293.09,4092
15-01-2026 04:00,97292.61,97360.40,96780.63,96851.92,5282
15-01-2026 04:30,96851.92,97347.14,96851.92,96956.81,3857
15-01-2026 05:00,96956.81,97071.71,96823.82,96916.72,2860
15-01-2026 05:30,96914.69,96960.68,96631.25,96679.46,4308
15-01-2026 06:00,96682.76,96706.92,96450.05,96608.72,3853
15-01-2026 06:30,96608.72,96914.83,96383.72,96383.72,4236
15-01-2026 07:00,96383.72,96535.13,96254.27,96393.02,4132
15-01-2026 07:30,96391.34,96538.33,96322.79,96469.25,3118
15-01-2026 08:00,96469.25,96562.96,96049.60,96275.30,4930
15-01-2026 08:30,96275.30,96324.91,95854.35,95854.57,5000
15-01-2026 09:00,95854.57,96043.85,95713.28,95912.99,5819
15-01-2026 09:30,95912.99,96317.48,95880.60,96186.90,4116
15-01-2026 10:00,96186.88,96258.27,96102.83,96257.93,3353
15-01-2026 10:30,96257.91,96427.02,96180.61,96186.29,3582
15-01-2026 11:00,96186.29,96442.61,96175.10,96373.80,3703
15-01-2026 11:30,96372.52,96526.68,96315.62,96444.82,4067
15-01-2026 12:00,96444.82,96461.76,96118.83,96180.06,3180
15-01-2026 12:30,96180.06,96435.44,96128.21,96419.36,3205
15-01-2026 13:00,96419.36,96717.39,96394.63,96576.16,3077
15-01-2026 13:30,96580.05,96580.96,96309.79,96314.00,3449
15-01-2026 14:00,96314.17,96614.10,96237.19,96592.70,3993
15-01-2026 14:30,96592.70,96758.87,96502.72,96702.35,3630
15-01-2026 15:00,96701.53,97148.78,96649.62,96994.65,4185
15-01-2026 15:30,96994.65,97023.22,96720.61,96738.67,3787
15-01-2026 16:00,96738.67,96814.24,96693.09,96750.10,2811
15-01-2026 16:30,96750.10,96813.85,96658.88,96812.46,2878
15-01-2026 17:00,96812.46,96870.77,96525.74,96528.60,2707
15-01-2026 17:30,96528.60,96641.16,96466.27,96582.87,3330
15-01-2026 18:00,96582.87,96948.59,96547.91,96925.73,3989
15-01-2026 18:30,96925.61,96941.23,96785.23,96869.48,3628
15-01-2026 19:00,96869.48,96978.37,96552.74,96794.10,4577
15-01-2026 19:30,96794.15,97098.20,96655.01,96725.39,4918
15-01-2026 20:00,96724.23,96845.03,95539.73,95985.35,9568
15-01-2026 20:30,95985.35,96370.92,95747.74,95810.79,8556
15-01-2026 21:00,95814.31,96695.45,95377.63,96680.19,8740
15-01-2026 21:30,96677.24,96826.95,96194.89,96351.32,7736
15-01-2026 22:00,96352.22,96809.34,96293.03,96660.21,5658
15-01-2026 22:30,96660.21,96779.72,96344.19,96654.14,5034
15-01-2026 23:00,96654.52,97000.21,96495.42,96545.71,5917
15-01-2026 23:30,96545.70,96554.97,95971.19,96098.72,4445
16-01-2026 00:00,96098.72,96165.13,95698.63,95780.71,4198
16-01-2026 00:30,95780.71,95861.86,95392.76,95434.87,4875
16-01-2026 01:00,95434.87,95645.84,95119.38,95428.45,4827
16-01-2026 01:30,95428.78,95585.76,95095.57,95119.78,5424
16-01-2026 02:00,95119.78,95323.68,95053.60,95174.90,4451
16-01-2026 02:30,95174.90,95407.01,95121.90,95362.91,3906
16-01-2026 03:00,95362.91,95554.34,95309.39,95510.32,4546
16-01-2026 03:30,95510.32,95679.10,95420.50,95637.78,3814
16-01-2026 04:00,95637.78,95794.71,95462.54,95496.19,4395
16-01-2026 04:30,95495.98,95635.90,95325.48,95498.25,4329
16-01-2026 05:00,95498.25,95563.24,95397.63,95537.29,3770
16-01-2026 05:30,95537.29,95706.29,95505.22,95624.35,3654
16-01-2026 06:00,95624.35,95757.25,95534.07,95557.84,3290
16-01-2026 06:30,95557.84,95591.53,95356.13,95589.22,4026
16-01-2026 07:00,95589.22,95794.42,95563.80,95586.93,3852
16-01-2026 07:30,95586.93,95607.42,95313.28,95599.14,4547
16-01-2026 08:00,95599.14,95603.85,95365.41,95430.85,4388
16-01-2026 08:30,95430.85,95511.23,95412.00,95425.24,3498
16-01-2026 09:00,95425.24,95425.31,95250.62,95278.40,3719
16-01-2026 09:30,95278.40,95510.12,95271.31,95329.19,3696
16-01-2026 10:00,95328.39,95376.60,95073.06,95195.89,4186
16-01-2026 10:30,95195.89,95368.61,95178.57,95238.68,3643
16-01-2026 11:00,95238.73,95619.41,95226.75,95593.78,4414
16-01-2026 11:30,95593.78,95755.79,95458.53,95586.05,3852
16-01-2026 12:00,95586.12,95686.42,95558.10,95675.13,3032
16-01-2026 12:30,95675.05,95724.12,95503.33,95522.38,3486
16-01-2026 13:00,95522.43,95615.18,95408.84,95586.56,4400
16-01-2026 13:30,95586.56,95764.01,95504.93,95732.76,4136
16-01-2026 14:00,95732.76,95769.80,95592.18,95599.18,4366
16-01-2026 14:30,95599.18,95709.65,95515.53,95644.35,4081
16-01-2026 15:00,95644.35,95654.47,95520.99,95533.50,3781
16-01-2026 15:30,95533.50,95562.02,95338.60,95340.96,4196
16-01-2026 16:00,95340.96,95344.50,95214.29,95236.60,3580
16-01-2026 16:30,95236.60,95308.27,95184.50,95272.70,3888
16-01-2026 17:00,95272.75,95404.88,95218.30,95354.45,3263
16-01-2026 17:30,95354.45,95505.45,95338.42,95500.79,2754
16-01-2026 18:00,95500.74,95500.97,95280.43,95387.41,3397
16-01-2026 18:30,95387.41,95494.10,95319.00,95452.84,3214
16-01-2026 19:00,95452.84,95500.37,95219.28,95376.15,3445
16-01-2026 19:30,95376.61,95650.92,95269.24,95650.63,4495
16-01-2026 20:00,95653.05,95746.49,95111.32,95114.37,8042
16-01-2026 20:30,95114.37,95596.60,94618.87,94638.47,7705
16-01-2026 21:00,94638.47,94733.13,94206.87,94497.62,8499
16-01-2026 21:30,94497.62,94868.85,94416.93,94791.72,6473
16-01-2026 22:00,94792.39,94919.82,94608.06,94795.10,5141
16-01-2026 22:30,94795.05,94835.27,94480.97,94676.65,4804
16-01-2026 23:00,94676.65,95051.85,94657.97,94996.94,5131
16-01-2026 23:30,94996.94,95143.10,94933.79,95128.81,4661
17-01-2026 00:00,95128.81,95139.82,94890.44,94914.94,3975
17-01-2026 00:30,94914.94,94943.42,94750.55,94773.27,4526
17-01-2026 01:00,94773.08,94974.69,94773.08,94914.41,3812
17-01-2026 01:30,94914.41,95060.71,94588.61,95039.54,3042
17-01-2026 02:00,95039.54,95500.16,95009.63,95485.95,4955
17-01-2026 02:30,95490.01,95539.41,95286.62,95346.24,4620
17-01-2026 03:00,95346.15,95486.78,95302.08,95441.86,4177
17-01-2026 03:30,95475.62,95476.02,95230.83,95294.38,3155
17-01-2026 04:00,95294.38,95438.96,95179.89,95437.81,4128
17-01-2026 04:30,95438.08,95500.97,95350.30,95473.16,2555
17-01-2026 05:00,95473.16,95506.65,95382.58,95473.39,2094
17-01-2026 05:30,95473.36,95504.70,95397.84,95400.22,2328
17-01-2026 06:00,95399.87,95450.23,95353.99,95390.03,2737
17-01-2026 06:30,95390.03,95456.83,95354.57,95397.59,2055
17-01-2026 07:00,95397.59,95413.04,95305.56,95316.86,2532
17-01-2026 07:30,95316.86,95343.20,95175.68,95207.38,3596
17-01-2026 08:00,95207.42,95301.87,95138.51,95282.54,4393
17-01-2026 08:30,95282.54,95283.43,95215.59,95248.28,2962
17-01-2026 09:00,95248.28,95303.10,95186.09,95284.59,3328
17-01-2026 09:30,95284.60,95288.40,95182.83,95249.24,2995
17-01-2026 10:00,95249.24,95279.67,95194.11,95234.63,2468
17-01-2026 10:30,95234.63,95309.16,95214.66,95248.73,2705
17-01-2026 11:00,95248.73,95248.73,95212.99,95241.06,2760
17-01-2026 11:30,95241.06,95241.06,95114.67,95139.99,2988
17-01-2026 12:00,95139.99,95268.18,95139.95,95156.96,2433
17-01-2026 12:30,95156.96,95156.96,95017.06,95104.01,1832
17-01-2026 13:00,95105.99,95113.65,94980.23,95028.72,2121
17-01-2026 13:30,95028.72,95137.88,94954.12,95127.56,3513
17-01-2026 14:00,95127.56,95182.11,95125.53,95171.31,2680
17-01-2026 14:30,95171.24,95181.12,95096.02,95150.65,2301
17-01-2026 15:00,95150.65,95218.20,95120.83,95180.58,2995
17-01-2026 15:30,95186.07,95196.92,95147.90,95161.91,2232
17-01-2026 16:00,95161.91,95163.20,95030.87,95032.61,2469
17-01-2026 16:30,95032.54,95222.31,94988.13,95214.59,2291
17-01-2026 17:00,95214.59,95246.12,95176.54,95243.46,2258
17-01-2026 17:30,95243.46,95309.71,95159.98,95198.25,900
17-01-2026 18:00,95198.25,95211.61,95166.54,95185.94,865
17-01-2026 18:30,95185.94,95300.82,95124.04,95290.57,2213
17-01-2026 19:00,95290.52,95369.50,95245.34,95365.64,2685
17-01-2026 19:30,95365.64,95409.35,95277.52,95394.99,2895
17-01-2026 20:00,95394.97,95466.01,95333.75,95395.03,3581
17-01-2026 20:30,95395.03,95569.51,95360.80,95439.82,2974
17-01-2026 21:00,95439.82,95525.88,95364.63,95499.18,3174
17-01-2026 21:30,95499.23,95501.35,95210.53,95397.73,3238
17-01-2026 22:00,95397.73,95398.02,95142.67,95233.02,3686
17-01-2026 22:30,95233.02,95344.33,95214.17,95340.79,2976
17-01-2026 23:00,95340.79,95370.70,95244.67,95292.70,2908
17-01-2026 23:30,95292.70,95391.22,95276.00,95381.37,2826
18-01-2026 00:00,95381.37,95397.06,95333.09,95351.17,1895
18-01-2026 00:30,95351.17,95351.17,95266.90,95269.80,1917
18-01-2026 01:00,95269.87,95297.10,95211.24,95224.21,2314
18-01-2026 01:30,95224.28,95291.39,95211.59,95249.23,2288
18-01-2026 02:00,95249.23,95311.35,95215.18,95304.89,3125
18-01-2026 02:30,95304.89,95340.91,95271.72,95289.41,3460
18-01-2026 03:00,95289.36,95289.36,95205.47,95236.46,3153
18-01-2026 03:30,95236.46,95237.46,95082.42,95104.44,3107
18-01-2026 04:00,95104.44,95158.57,94964.84,95090.39,4059
18-01-2026 04:30,95090.39,95135.76,95047.03,95048.39,3210
18-01-2026 05:00,95048.37,95096.28,95037.97,95070.20,2677
18-01-2026 05:30,95070.20,95167.69,95013.80,95115.22,2933
18-01-2026 06:00,95115.22,95159.71,94990.12,95030.21,3362
18-01-2026 06:30,95030.06,95030.35,94793.99,94961.76,3843
18-01-2026 07:00,94961.76,95006.86,94812.59,94892.31,3274
18-01-2026 07:30,94892.25,94991.18,94891.28,94930.22,2863
18-01-2026 08:00,94930.22,94953.42,94796.09,94938.90,2702
18-01-2026 08:30,94938.90,95061.51,94938.90,95058.11,1831
18-01-2026 09:00,95058.11,95131.23,95055.08,95117.47,3071
18-01-2026 09:30,95117.45,95117.45,95019.70,95035.84,3486
18-01-2026 10:00,95035.84,95050.04,94996.24,95020.49,3300
18-01-2026 10:30,95020.56,95067.97,94980.55,95064.63,2750
18-01-2026 11:00,95064.63,95184.53,94985.33,95112.38,3904
18-01-2026 11:30,95112.38,95112.38,95060.34,95107.09,2297
18-01-2026 12:00,95107.02,95130.81,95066.48,95097.58,2385
18-01-2026 12:30,95097.58,95107.97,94984.78,95031.55,2949
18-01-2026 13:00,95031.55,95033.74,94954.77,94957.19,3056
18-01-2026 13:30,94957.19,95033.26,94952.36,95031.86,2773
18-01-2026 14:00,95031.86,95122.19,95025.56,95100.32,2746
18-01-2026 14:30,95100.32,95156.33,95070.02,95101.90,2538
18-01-2026 15:00,95101.90,95205.73,95101.90,95192.89,2242
18-01-2026 15:30,95067.38,95085.57,95005.17,95059.85,1945
18-01-2026 16:00,95059.87,95111.09,95040.36,95100.12,2347
18-01-2026 16:30,95100.12,95100.12,95032.11,95040.27,2102
18-01-2026 17:00,95040.27,95106.28,94989.13,95089.32,2677
18-01-2026 17:30,95089.32,95103.76,95023.45,95064.71,3237
18-01-2026 18:00,95064.71,95096.37,95001.74,95032.84,3463
18-01-2026 18:30,95032.84,95041.82,94828.94,94895.09,1743
18-01-2026 19:00,94895.09,95125.52,94869.43,95074.55,2120
18-01-2026 19:30,95074.55,95285.55,95060.42,95094.09,2479
18-01-2026 20:00,95094.09,95182.21,94852.37,94879.92,2601
18-01-2026 20:30,94879.92,94985.92,94837.51,94980.57,3043
18-01-2026 21:00,94980.57,95052.96,94955.71,95040.00,3034
18-01-2026 21:30,95039.93,95115.11,94994.28,95021.00,3033
18-01-2026 22:00,95020.76,95111.02,95010.68,95091.61,2420
18-01-2026 22:30,95091.61,95198.37,95064.62,95180.88,3109
18-01-2026 23:00,95180.83,95198.28,95108.17,95188.19,3674
18-01-2026 23:30,95188.19,95318.85,95099.37,95295.51,2860
19-01-2026 00:00,95295.51,95444.42,95242.02,95373.51,3568
19-01-2026 00:30,95373.51,95442.01,95295.76,95378.37,3469
19-01-2026 01:00,95378.37,95433.82,95255.29,95307.74,2705
19-01-2026 01:30,95307.74,95372.22,95211.81,95371.69,3245
19-01-2026 02:00,95371.61,95372.30,95218.46,95224.47,2717
19-01-2026 02:30,95224.47,95287.90,95207.80,95224.31,2497
19-01-2026 03:00,95224.32,95357.82,95224.32,95351.74,1800
19-01-2026 03:30,95351.74,95451.90,95327.45,95377.03,2528
19-01-2026 04:00,95377.03,95448.56,95346.43,95407.47,2176
19-01-2026 04:30,95407.47,95412.08,94531.61,94535.86,6404
19-01-2026 05:00,94535.86,94746.98,93536.52,93589.30,8083
19-01-2026 05:30,93590.71,93593.78,92088.78,92547.25,11163
19-01-2026 06:00,92547.25,92972.13,92252.72,92629.55,8969
19-01-2026 06:30,92629.55,92801.87,92446.97,92479.27,6957
19-01-2026 07:00,92479.27,92713.48,92147.08,92499.91,6395
19-01-2026 07:30,92499.91,92590.63,92297.77,92413.27,5944
19-01-2026 08:00,92413.27,92528.45,92363.37,92484.55,3369
19-01-2026 08:30,92484.55,92707.15,92414.58,92461.82,4672
19-01-2026 09:00,92461.82,92639.98,92436.70,92616.34,4024
19-01-2026 09:30,92616.34,92672.11,92413.04,92599.52,4784
19-01-2026 10:00,92599.53,92668.39,92468.92,92587.85,3559
19-01-2026 10:30,92587.85,92684.30,92486.75,92579.09,4564
19-01-2026 11:00,92578.69,92728.01,92419.49,92441.01,4776
19-01-2026 11:30,92440.45,92530.20,92267.30,92460.93,4754
19-01-2026 12:00,92460.93,92556.05,92391.06,92502.28,4788
19-01-2026 12:30,92502.28,92582.35,92468.91,92535.85,4351
19-01-2026 13:00,92534.84,92774.47,92492.55,92752.84,4471
19-01-2026 13:30,92752.84,93139.84,92608.31,92878.95,5808
19-01-2026 14:00,92878.78,93287.69,92808.93,93173.16,5614
19-01-2026 14:30,93173.16,93181.72,92864.27,92975.23,4968
19-01-2026 15:00,92975.23,92999.31,92853.38,92964.45,4297
19-01-2026 15:30,92964.45,92988.80,92797.65,92902.01,2782
19-01-2026 16:00,92902.01,92979.48,92846.42,92972.89,2281
19-01-2026 16:30,92972.89,93066.62,92876.73,93033.59,2529
19-01-2026 17:00,93033.54,93223.91,93004.57,93095.07,2901
19-01-2026 17:30,93095.07,93095.85,92903.10,92934.37,3279
19-01-2026 18:00,92934.37,93138.80,92934.37,92979.47,3224
19-01-2026 18:30,92979.47,92979.60,92706.87,92845.72,3304
19-01-2026 19:00,92845.72,93057.14,92845.42,92936.36,3306
19-01-2026 19:30,92936.36,92947.42,92715.79,92780.96,5145
19-01-2026 20:00,92781.66,92891.74,92612.24,92715.89,5601
19-01-2026 20:30,92715.89,92975.43,92715.89,92839.59,5077
19-01-2026 21:00,92839.92,92993.35,92825.49,92970.65,4773
19-01-2026 21:30,92970.53,93096.55,92900.41,93078.82,4283
19-01-2026 22:00,93078.82,93329.31,93057.40,93216.08,4752
19-01-2026 22:30,93216.08,93305.82,93059.99,93215.41,4496
19-01-2026 23:00,93214.78,93215.46,93065.60,93147.01,4179
19-01-2026 23:30,93147.01,93169.57,92871.72,92892.61,3711
20-01-2026 00:00,92892.61,93038.21,92835.75,92964.94,3660
20-01-2026 00:30,92964.94,93054.93,92895.96,92975.32,4116
20-01-2026 01:00,92975.32,93057.33,92935.69,93010.43,3789
20-01-2026 01:30,93010.43,93179.74,93010.43,93146.99,3490
20-01-2026 02:00,93146.97,93155.55,92993.43,93050.29,1870
20-01-2026 02:30,93050.29,93251.19,92911.96,92947.89,3161
20-01-2026 03:00,92947.89,92979.24,92902.47,92902.47,2398
20-01-2026 03:30,92902.47,92953.60,92613.81,92883.60,2940
20-01-2026 04:00,92883.60,92883.63,92461.79,92466.88,4427
20-01-2026 04:30,92466.88,92643.19,92057.52,92430.32,6197
20-01-2026 05:00,92436.31,92647.91,92426.74,92524.56,4141
20-01-2026 05:30,92523.38,92763.68,92256.54,92358.17,4625
20-01-2026 06:00,92358.17,92647.31,92343.11,92606.99,4006
20-01-2026 06:30,92606.99,92768.91,92414.06,92750.28,4257
20-01-2026 07:00,92750.69,92761.59,92551.41,92614.47,2868
20-01-2026 07:30,92614.47,92627.07,92257.27,92384.32,2931
20-01-2026 08:00,92384.32,92590.34,92384.32,92446.46,3053
20-01-2026 08:30,92446.46,92547.28,92261.76,92261.76,2192
20-01-2026 09:00,92261.76,92383.42,92151.62,92333.15,3181
20-01-2026 09:30,92333.17,92365.68,92092.00,92204.69,2923
20-01-2026 10:00,92204.69,92306.58,91902.55,91958.53,3044
20-01-2026 10:30,91958.53,91976.48,91184.33,91622.50,6309
20-01-2026 11:00,91622.35,91697.38,91415.07,91511.31,4418
20-01-2026 11:30,91511.20,91518.34,90756.58,91145.44,5591
20-01-2026 12:00,91145.44,91152.12,90651.07,90797.57,6636
20-01-2026 12:30,90797.57,91017.26,90723.06,90917.80,4785
20-01-2026 13:00,90917.80,91164.82,90849.64,91038.80,4560
20-01-2026 13:30,91038.11,91116.13,90711.65,91053.00,6095
20-01-2026 14:00,91053.00,91053.00,90546.04,90965.69,5921
20-01-2026 14:30,90965.69,90965.69,90794.98,90910.43,4032
20-01-2026 15:00,90910.38,90933.18,90762.06,90897.83,4937
20-01-2026 15:30,90897.83,91153.55,90858.15,91151.88,3717
20-01-2026 16:00,91151.38,91164.06,91010.65,91135.10,3447
20-01-2026 16:30,91135.10,91312.81,91125.69,91276.61,3284
20-01-2026 17:00,91276.63,91276.68,91081.36,91092.26,2555
20-01-2026 17:30,91092.31,91189.85,90925.54,91016.69,3525
20-01-2026 18:00,91016.64,91169.12,91016.31,91159.25,4235
20-01-2026 18:30,91159.25,91171.91,90744.18,90744.20,4655
20-01-2026 19:00,90744.20,90982.28,90689.22,90830.82,5375
20-01-2026 19:30,90830.82,91019.53,90622.95,90861.18,5298
20-01-2026 20:00,90861.17,91219.52,90142.42,90392.12,10722
20-01-2026 20:30,90392.09,90569.16,89728.98,90482.85,9693
20-01-2026 21:00,90482.85,90652.49,90216.30,90545.72,7659
20-01-2026 21:30,90545.72,90843.06,90371.94,90484.37,6727
20-01-2026 22:00,90484.37,90511.66,89876.68,90025.45,6271
20-01-2026 22:30,90025.45,90363.30,89917.72,90061.91,5939
20-01-2026 23:00,90061.91,90063.84,89286.63,89627.57,7748
20-01-2026 23:30,89627.57,89815.66,89508.00,89574.00,5820
21-01-2026 00:00,89574.00,89603.99,89238.94,89345.69,5055
21-01-2026 00:30,89345.83,89642.47,89281.02,89334.30,5076
21-01-2026 01:00,89334.30,89615.34,89134.57,89554.04,6417
21-01-2026 01:30,89554.87,89674.29,89214.93,89601.62,7698
21-01-2026 02:00,89601.66,89678.12,89354.65,89535.76,7921
21-01-2026 02:30,89535.38,89668.84,89416.26,89463.56,3656
21-01-2026 03:00,89463.56,89466.69,89259.88,89312.13,3108
21-01-2026 03:30,89312.13,89483.19,89278.47,89359.48,2209
21-01-2026 04:00,89359.48,89372.78,87713.98,88348.40,7610
21-01-2026 04:30,88348.40,88348.57,87750.98,87970.61,7063
21-01-2026 05:00,87970.61,88380.92,87970.37,88277.79,5169
21-01-2026 05:30,88277.79,88459.70,88104.14,88410.72,6229
21-01-2026 06:00,88410.72,88837.69,88353.69,88786.18,5935
21-01-2026 06:30,88786.16,88980.25,88701.46,88927.51,4464
21-01-2026 07:00,88927.51,89015.75,88827.04,88869.28,3494
21-01-2026 07:30,88869.28,89212.84,88869.28,88967.03,4503
21-01-2026 08:00,88967.03,89029.40,88841.58,88906.21,3548
21-01-2026 08:30,88906.21,89144.13,88894.57,89143.62,3591
21-01-2026 09:00,89143.62,89455.23,89094.39,89279.54,2811
21-01-2026 09:30,89279.54,89366.42,89201.69,89356.08,3034
21-01-2026 10:00,89356.08,89484.29,89258.14,89303.66,3205
21-01-2026 10:30,89303.66,89488.91,89291.13,89462.61,2823
21-01-2026 11:00,89462.61,89978.70,89462.61,89819.73,3870
21-01-2026 11:30,89819.73,89819.73,89663.81,89756.07,3553
21-01-2026 12:00,89756.09,89756.16,89358.92,89515.50,4192
21-01-2026 12:30,89515.50,89627.43,89363.97,89485.98,4255
21-01-2026 13:00,89485.98,89485.98,88932.05,89071.39,4263
21-01-2026 13:30,89070.15,89234.69,88989.08,89107.46,3435
21-01-2026 14:00,89107.46,89148.79,88846.04,89042.19,3394
21-01-2026 14:30,89042.19,89314.99,89027.20,89262.71,3483
21-01-2026 15:00,89262.75,89350.26,88931.30,88965.27,3682
21-01-2026 15:30,88965.27,89250.69,88935.66,89191.80,3228
21-01-2026 16:00,89191.80,89259.44,89094.53,89104.42,2383
21-01-2026 16:30,89104.42,89245.79,89009.17,89182.82,2870
21-01-2026 17:00,89182.82,89206.64,88565.68,88657.40,4067
21-01-2026 17:30,88657.40,88720.96,88076.32,88231.93,7714
21-01-2026 18:00,88231.93,88636.93,88159.86,88605.32,5532
21-01-2026 18:30,88605.34,88867.48,88539.85,88722.89,6578
21-01-2026 19:00,88722.89,88894.69,88423.28,88542.94,7743
21-01-2026 19:30,88536.33,89572.41,88478.65,89464.77,9625
21-01-2026 20:00,89468.56,89853.01,89224.37,89677.03,11115
21-01-2026 20:30,89675.31,90404.81,89608.22,89907.35,9462
21-01-2026 21:00,89907.35,90260.96,89737.53,90169.22,8050
21-01-2026 21:30,90169.22,90246.82,89141.86,89463.35,7900
21-01-2026 22:00,89465.27,89465.34,87457.17,87467.09,10294
21-01-2026 22:30,87467.09,87976.88,87149.79,87642.38,11104
21-01-2026 23:00,87642.38,88010.82,87368.02,87794.07,10084
21-01-2026 23:30,87793.72,87946.63,87444.33,87884.65,8759
22-01-2026 00:00,87884.66,88521.17,87815.95,88356.34,8285
22-01-2026 00:30,88356.34,89528.08,88152.66,89442.78,6910
22-01-2026 01:00,89441.47,90319.45,89429.11,90241.64,10932
22-01-2026 01:30,90242.26,90253.73,89305.27,89627.08,9084
22-01-2026 02:00,89627.26,90098.37,89484.99,90076.59,7404
22-01-2026 02:30,90078.24,90233.59,89855.33,89969.78,4769
22-01-2026 03:00,89969.81,90172.25,89960.20,90138.04,3958
22-01-2026 03:30,90138.32,90272.69,89827.59,89888.36,4382
22-01-2026 04:00,89888.36,89998.67,89629.43,89648.27,4747
22-01-2026 04:30,89648.27,90097.64,89599.29,89906.65,3636
22-01-2026 05:00,89906.65,89907.92,89226.80,89330.35,4429
22-01-2026 05:30,89330.35,89783.66,89329.49,89719.03,5553
22-01-2026 06:00,89719.03,89916.89,89716.17,89791.86,4019
22-01-2026 06:30,89791.86,90076.41,89703.88,90011.28,5222
22-01-2026 07:00,90011.28,90068.68,89797.43,89993.67,4308
22-01-2026 07:30,89993.67,90238.68,89906.02,90163.33,4653
22-01-2026 08:00,90163.33,90163.40,89717.11,89811.97,4636
22-01-2026 08:30,89811.97,90039.72,89717.89,89813.30,4027
22-01-2026 09:00,89813.30,89813.30,89566.91,89773.66,3447
22-01-2026 09:30,89773.66,89865.36,89698.43,89859.85,3516
22-01-2026 10:00,89859.85,89957.06,89790.26,89875.20,3091
22-01-2026 10:30,89875.20,89959.72,89833.58,89858.72,2663
22-01-2026 11:00,89858.72,89927.18,89794.94,89901.59,2688
22-01-2026 11:30,89901.59,90012.80,89774.04,89885.27,3709
22-01-2026 12:00,89885.27,90098.85,89876.29,90050.63,2718
22-01-2026 12:30,90050.63,90077.01,89795.66,89840.93,2569
22-01-2026 13:00,89840.93,89860.55,89668.06,89693.36,3233
22-01-2026 13:30,89693.36,89841.57,89618.77,89754.53,4108
22-01-2026 14:00,89754.53,89835.41,89666.90,89794.68,3549
22-01-2026 14:30,89794.68,89951.79,89758.03,89874.99,2949
22-01-2026 15:00,89874.99,90013.58,89816.81,89920.88,4010
22-01-2026 15:30,89920.95,89985.14,89834.62,89913.56,4314
22-01-2026 16:00,89913.56,89992.17,89889.08,89965.54,3346
22-01-2026 16:30,89965.54,90033.58,89776.82,89830.48,3789
22-01-2026 17:00,89830.48,89956.88,89765.76,89813.12,3354
22-01-2026 17:30,89813.12,89924.69,89746.06,89894.71,3041
22-01-2026 18:00,89894.78,89976.79,89863.72,89898.60,3323
22-01-2026 18:30,89898.60,90075.28,89869.61,90070.62,3715
22-01-2026 19:00,90070.62,90225.80,89356.30,89493.38,7700
22-01-2026 19:30,89493.48,89584.95,89242.24,89451.28,6609
22-01-2026 20:00,89451.28,89606.07,88843.06,88968.33,11110
22-01-2026 20:30,88969.12,89263.17,88488.46,88534.67,10840
22-01-2026 21:00,88534.67,89276.59,88391.13,88874.44,10157
22-01-2026 21:30,88874.44,89075.05,88528.35,88872.56,9294
22-01-2026 22:00,88873.51,89151.46,88643.03,88930.47,8209
22-01-2026 22:30,88930.47,89320.54,88896.68,89023.07,7656
22-01-2026 23:00,89026.84,89496.38,88955.06,89420.74,7112
22-01-2026 23:30,89420.74,89677.52,89262.07,89493.39,6565
23-01-2026 00:00,89492.48,89650.31,89174.89,89207.27,6144
23-01-2026 00:30,89207.27,89455.14,88975.36,89385.09,5298
23-01-2026 01:00,89385.09,89799.76,89356.73,89660.26,4772
23-01-2026 01:30,89660.26,89829.99,89431.14,89446.16,5741
23-01-2026 02:00,89446.16,89577.96,89256.49,89278.86,5397
23-01-2026 02:30,89278.89,89537.13,89245.79,89435.45,5871
23-01-2026 03:00,89435.45,89474.50,89105.55,89126.86,3915
23-01-2026 03:30,89125.56,89426.05,89012.37,89286.25,3857
23-01-2026 04:00,89286.25,89292.46,89039.88,89228.76,3051
23-01-2026 04:30,89228.76,89402.33,89042.00,89318.98,4197
23-01-2026 05:00,89318.98,89465.91,89272.91,89438.41,2196
23-01-2026 05:30,89438.41,89521.34,89315.39,89485.36,3282
23-01-2026 06:00,89485.36,89501.85,89376.00,89402.87,2974
23-01-2026 06:30,89403.23,89579.12,89393.68,89577.44,3166
23-01-2026 07:00,89577.42,89816.65,89518.68,89809.77,3635
23-01-2026 07:30,89809.77,89864.12,89607.50,89637.31,3452
23-01-2026 08:00,89637.31,89702.82,89504.82,89518.27,3205
23-01-2026 08:30,89517.56,89792.39,89503.55,89775.00,3328
23-01-2026 09:00,89775.00,89807.11,89665.97,89805.77,2291
23-01-2026 09:30,89805.64,89957.14,89746.52,89852.31,2703
23-01-2026 10:00,89852.31,89917.31,89766.40,89841.36,2451
23-01-2026 10:30,89841.36,89851.77,89383.01,89499.33,2670
23-01-2026 11:00,89499.33,89569.80,89322.47,89478.54,3079
23-01-2026 11:30,89478.56,89668.41,89254.45,89321.23,3495
23-01-2026 12:00,89318.38,89533.93,89316.70,89354.16,4167
23-01-2026 12:30,89354.16,89546.84,89314.58,89482.80,3725
23-01-2026 13:00,89482.80,89548.88,89295.17,89396.81,3683
23-01-2026 13:30,89396.81,89482.05,89173.60,89176.08,4259
23-01-2026 14:00,89176.08,89270.14,88982.52,89066.46,4726
23-01-2026 14:30,89066.47,89237.23,88873.18,89000.25,4571
23-01-2026 15:00,89000.25,89028.63,88745.30,88821.13,4269
23-01-2026 15:30,88821.13,88984.74,88707.05,88951.30,3717
23-01-2026 16:00,88951.30,89043.36,88816.10,88892.66,2835
23-01-2026 16:30,88892.98,89152.21,88875.11,89105.60,3025
23-01-2026 17:00,89105.60,89223.40,89006.06,89064.41,2563
23-01-2026 17:30,89064.28,89110.36,88969.85,89013.13,2469
23-01-2026 18:00,89013.13,89243.99,88947.78,89101.71,2686
23-01-2026 18:30,89101.71,89295.95,89082.95,89126.83,3698
23-01-2026 19:00,89126.83,89316.91,89083.91,89219.51,3953
23-01-2026 19:30,89219.51,89579.58,89105.56,89556.84,4788
23-01-2026 20:00,89555.11,89597.83,88512.78,88854.31,9890
23-01-2026 20:30,88854.31,89120.17,88414.45,88833.95,9903
23-01-2026 21:00,88833.95,89716.89,88771.13,89616.62,9202
23-01-2026 21:30,89616.56,89815.34,89369.76,89433.87,8498
23-01-2026 22:00,89433.85,90351.76,89336.29,89981.87,8829
23-01-2026 22:30,89982.52,90837.82,89823.11,90831.94,7668
23-01-2026 23:00,90831.94,91078.37,90410.50,90456.45,9074
23-01-2026 23:30,90456.45,90957.79,90321.96,90737.04,7627
24-01-2026 00:00,90737.04,90900.57,90357.66,90379.62,6286
24-01-2026 00:30,90381.66,90394.11,89628.14,89705.07,7158
24-01-2026 01:00,89706.46,89871.19,89456.18,89836.50,7460
24-01-2026 01:30,89836.43,90015.08,89659.43,89662.14,6784
24-01-2026 02:00,89662.14,89662.27,89056.34,89348.77,7599
24-01-2026 02:30,89350.57,89550.34,89290.84,89448.42,4109
24-01-2026 03:00,89448.42,89471.99,89169.43,89199.00,3450
24-01-2026 03:30,89192.63,89607.44,89186.83,89560.60,3581
24-01-2026 04:00,89560.85,89597.98,89403.21,89480.09,3733
24-01-2026 04:30,89480.09,89480.09,89361.29,89417.43,2867
24-01-2026 05:00,89417.43,89482.15,89330.40,89447.47,2864
24-01-2026 05:30,89447.47,89484.48,89310.34,89310.39,2873
24-01-2026 06:00,89310.39,89402.27,89263.37,89288.84,3232
24-01-2026 06:30,89288.84,89427.09,89286.91,89412.88,2862
24-01-2026 07:00,89412.88,89412.88,89304.13,89389.29,1827
24-01-2026 07:30,89389.29,89496.97,89388.81,89447.45,2087
24-01-2026 08:00,89447.45,89548.03,89442.05,89528.93,1659
24-01-2026 08:30,89528.93,89763.51,89498.50,89760.31,2074
24-01-2026 09:00,89760.31,89760.31,89576.12,89605.28,1866
24-01-2026 09:30,89605.28,89671.17,89551.01,89561.16,1724
24-01-2026 10:00,89561.16,89692.97,89561.11,89676.87,1178
24-01-2026 10:30,89676.87,89694.03,89631.60,89661.20,1254
24-01-2026 11:00,89661.20,89661.20,89592.43,89620.72,1361
24-01-2026 11:30,89620.72,89624.99,89485.54,89497.01,1622
24-01-2026 12:00,89497.01,89517.36,89478.11,89481.32,1231
24-01-2026 12:30,89481.32,89489.94,89401.42,89427.60,1468
24-01-2026 13:00,89427.60,89518.22,89422.76,89445.93,1798
24-01-2026 13:30,89445.93,89477.22,89407.64,89446.58,1677
24-01-2026 14:00,89446.58,89519.65,89444.59,89492.12,1194
24-01-2026 14:30,89492.12,89493.14,89435.28,89445.47,1037
24-01-2026 15:00,89445.47,89447.09,89410.32,89430.22,1011
24-01-2026 15:30,89430.22,89477.20,89425.65,89455.17,1074
24-01-2026 16:00,89455.17,89465.94,89409.60,89452.67,999
24-01-2026 16:30,89452.67,89477.87,89438.57,89461.06,1098
24-01-2026 17:00,89461.06,89502.61,89420.41,89423.25,1713
24-01-2026 17:30,89423.74,89424.41,89354.02,89375.73,404
24-01-2026 18:00,89375.73,89422.43,89303.03,89361.71,719
24-01-2026 18:30,89361.71,89371.46,89348.80,89360.71,1011
24-01-2026 19:00,89360.71,89364.69,89205.94,89206.79,707
24-01-2026 19:30,89206.79,89325.00,89010.44,89294.24,2607
24-01-2026 20:00,89294.24,89342.23,89243.07,89278.20,613
24-01-2026 20:30,89278.20,89320.44,89229.80,89231.12,1136
24-01-2026 21:00,89231.12,89262.63,89082.79,89097.88,1059
24-01-2026 21:30,89097.88,89180.33,88985.43,89083.53,2086
24-01-2026 22:00,89083.53,89135.71,88987.06,89103.01,1538
24-01-2026 22:30,89103.01,89241.10,89064.73,89230.57,1934
24-01-2026 23:00,89230.56,89230.79,89130.30,89222.85,2099
24-01-2026 23:30,89222.87,89259.91,89196.17,89259.31,1876
25-01-2026 00:00,89259.12,89288.59,89215.76,89217.09,2113
25-01-2026 00:30,89217.09,89222.68,89097.65,89115.16,1893
25-01-2026 01:00,89115.16,89182.26,89110.76,89148.34,1661
25-01-2026 01:30,89148.34,89220.30,89146.87,89219.77,958
25-01-2026 02:00,89219.77,89219.77,89198.72,89205.48,661
25-01-2026 02:30,89205.48,89205.48,89090.68,89155.57,1566
25-01-2026 03:00,89155.57,89219.20,89135.78,89215.82,1225
25-01-2026 03:30,89215.82,89323.73,89215.82,89224.21,1520
25-01-2026 04:00,89224.21,89261.08,89123.64,89257.78,1795
25-01-2026 04:30,89257.78,89303.48,89123.42,89210.10,2488
25-01-2026 05:00,89210.10,89210.10,89034.27,89044.96,1685
25-01-2026 05:30,89044.96,89122.32,89000.53,89007.05,1348
25-01-2026 06:00,89007.05,89136.03,89003.58,89136.03,1577
25-01-2026 06:30,89136.03,89137.86,89018.75,89022.16,1922
25-01-2026 07:00,89022.16,89022.16,88926.30,88990.55,1890
25-01-2026 07:30,88990.55,89082.55,88955.68,88959.02,1318
25-01-2026 08:00,88959.02,89017.70,88955.18,88959.55,1043
25-01-2026 08:30,88959.57,89002.24,88815.98,88858.12,1804
25-01-2026 09:00,88858.12,88858.12,88665.57,88787.35,2646
25-01-2026 09:30,88787.35,88856.13,88764.70,88793.64,2187
25-01-2026 10:00,88793.64,88917.12,88793.64,88837.59,1392
25-01-2026 10:30,88837.59,88875.15,88811.64,88813.40,1805
25-01-2026 11:00,88813.40,88821.63,88693.21,88818.22,1705
25-01-2026 11:30,88818.22,88818.22,88474.99,88612.01,3287
25-01-2026 12:00,88612.01,88705.88,88516.05,88658.42,2457
25-01-2026 12:30,88658.42,88658.58,88551.39,88609.89,2173
25-01-2026 13:00,88609.89,88609.94,88456.70,88481.95,1827
25-01-2026 13:30,88481.95,88581.18,88462.41,88498.42,2161
25-01-2026 14:00,88498.42,88498.49,87962.52,88120.16,4147
25-01-2026 14:30,88120.16,88281.18,88055.41,88279.89,3142
25-01-2026 15:00,88279.82,88316.73,88166.94,88226.66,2049
25-01-2026 15:30,88226.66,88451.86,88226.61,88451.86,1977
25-01-2026 16:00,88451.86,88498.27,88324.50,88478.94,1792
25-01-2026 16:30,88478.94,88496.42,88398.55,88496.37,2591
25-01-2026 17:00,88496.37,88535.65,88360.94,88396.18,2569
25-01-2026 17:30,88396.18,88590.62,88273.20,88520.76,3553
25-01-2026 18:00,88520.83,88626.03,88499.85,88623.07,3024
25-01-2026 18:30,88623.07,88685.48,88534.00,88534.32,3405
25-01-2026 19:00,88534.32,88811.00,88486.94,88759.02,2857
25-01-2026 19:30,88759.02,88774.68,88466.16,88555.18,3330
25-01-2026 20:00,88555.18,88580.99,88463.44,88547.28,3427
25-01-2026 20:30,88547.28,88599.16,88463.17,88581.12,2020
25-01-2026 21:00,88581.12,88581.12,88217.22,88288.06,2905
25-01-2026 21:30,88288.06,88291.03,87434.26,87902.35,8210
25-01-2026 22:00,87898.10,87978.65,87595.54,87922.78,5676
25-01-2026 22:30,87922.78,87949.70,87608.68,87732.93,4887
25-01-2026 23:00,87732.93,87845.56,87619.08,87730.71,4427
25-01-2026 23:30,87730.71,87827.78,87281.83,87378.47,6283
26-01-2026 00:00,87378.39,87439.81,86716.55,87262.19,6976
26-01-2026 00:30,87262.19,87350.61,86282.69,86335.88,6850
26-01-2026 01:00,86335.85,86682.53,86140.56,86359.62,8922
26-01-2026 01:30,86359.62,86584.83,86134.56,86357.83,7761
26-01-2026 02:00,86358.06,86527.68,86104.88,86523.25,5952
26-01-2026 02:30,86523.20,86875.27,86497.43,86838.08,5680
26-01-2026 03:00,86838.08,86848.84,86259.01,86440.47,5278
26-01-2026 03:30,86440.47,86461.74,86095.79,86182.10,5815
26-01-2026 04:00,86181.31,86535.50,86084.59,86390.21,6152
26-01-2026 04:30,86390.21,86607.20,85954.16,86361.79,8030
26-01-2026 05:00,86361.79,86659.64,86128.95,86528.20,5753
26-01-2026 05:30,86528.20,87015.70,86505.34,86710.55,6240
26-01-2026 06:00,86710.51,86845.14,86376.70,86711.87,5315
26-01-2026 06:30,86711.96,87626.47,86672.05,87481.34,6471
26-01-2026 07:00,87481.34,87676.67,87364.19,87545.24,5752
26-01-2026 07:30,87545.06,87807.40,87286.08,87760.16,5405
26-01-2026 08:00,87760.16,87817.86,87328.67,87381.42,4282
26-01-2026 08:30,87381.42,87510.64,87245.44,87265.98,5245
26-01-2026 09:00,87265.85,87295.18,86920.37,87106.77,3692
26-01-2026 09:30,87106.77,87699.63,87071.91,87696.84,3296
26-01-2026 10:00,87698.19,87794.42,87549.07,87583.06,3488
26-01-2026 10:30,87583.06,87719.61,87512.50,87707.68,3179
26-01-2026 11:00,87707.68,87804.75,87601.09,87662.34,3051
26-01-2026 11:30,87662.40,87826.07,87601.02,87783.59,3296
26-01-2026 12:00,87783.31,87886.49,87704.21,87804.32,3353
26-01-2026 12:30,87804.32,87936.65,87647.25,87654.78,3828
26-01-2026 13:00,87654.78,87916.98,87574.61,87872.59,4434
26-01-2026 13:30,87872.59,88225.61,87707.26,88059.85,5060
26-01-2026 14:00,88059.85,88089.93,87828.10,87843.01,3634
26-01-2026 14:30,87843.01,87868.75,87588.78,87659.69,4230
26-01-2026 15:00,87659.69,87673.78,87468.22,87530.23,3719
26-01-2026 15:30,87530.23,87800.99,87519.79,87780.71,3397
26-01-2026 16:00,87780.71,87827.81,87720.00,87769.82,2717
26-01-2026 16:30,87769.82,87862.42,87666.60,87675.03,2462
26-01-2026 17:00,87675.03,87758.51,87638.74,87727.23,2744
26-01-2026 17:30,87726.75,87846.27,87616.99,87755.37,3046
26-01-2026 18:00,87755.37,87763.23,87599.51,87660.83,2511
26-01-2026 18:30,87660.89,87810.05,87556.83,87763.52,3917
26-01-2026 19:00,87763.52,87922.70,87733.39,87828.86,2848
26-01-2026 19:30,87828.86,87885.99,87501.57,87550.78,4273
26-01-2026 20:00,87551.34,88326.04,87317.13,88056.40,8752
26-01-2026 20:30,88055.39,88720.47,87912.45,88378.08,8750
26-01-2026 21:00,88378.08,88387.19,87158.06,87417.58,7818
26-01-2026 21:30,87417.58,87776.16,87001.54,87535.61,6686
26-01-2026 22:00,87535.61,87788.19,87274.39,87486.27,7934
26-01-2026 22:30,87487.17,87663.04,87084.91,87269.75,6040
26-01-2026 23:00,87269.75,87619.12,86917.04,87566.35,6658
26-01-2026 23:30,87566.35,87982.07,87516.35,87956.49,5004
27-01-2026 00:00,87956.49,88280.91,87801.40,88279.66,5345
27-01-2026 00:30,88279.66,88416.45,87979.14,88050.14,4646
27-01-2026 01:00,88050.14,88208.74,87767.80,87872.41,3056
27-01-2026 01:30,87872.41,87990.08,87667.60,87737.96,3055
27-01-2026 02:00,87737.96,87764.36,87393.88,87486.21,4004
27-01-2026 02:30,87484.39,87805.00,87434.45,87805.00,2493
27-01-2026 03:00,87805.00,88109.93,87739.15,87929.16,3142
27-01-2026 03:30,87929.16,88021.95,87865.33,87954.52,2348
27-01-2026 04:00,87954.52,88141.50,87908.84,88000.94,2369
27-01-2026 04:30,88000.94,88334.21,87879.01,88325.84,3312
27-01-2026 05:00,88325.84,88526.46,88207.23,88214.99,3740
27-01-2026 05:30,88214.99,88328.77,88065.02,88255.86,5085
27-01-2026 06:00,88257.14,88270.35,88116.45,88224.88,3805
27-01-2026 06:30,88224.88,88325.20,88065.00,88306.21,4183
27-01-2026 07:00,88306.21,88568.02,88272.69,88427.61,5436
27-01-2026 07:30,88427.61,88653.59,88415.40,88419.66,4256
27-01-2026 08:00,88419.66,88714.33,88419.66,88679.47,4052
27-01-2026 08:30,88679.47,88745.53,88428.13,88591.32,4326
27-01-2026 09:00,88591.32,88683.32,88539.46,88634.90,2787
27-01-2026 09:30,88634.90,88840.44,88521.72,88694.11,4167
27-01-2026 10:00,88694.11,88700.51,88378.13,88440.48,3430
27-01-2026 10:30,88440.48,88448.52,88248.24,88344.64,3706
27-01-2026 11:00,88344.64,88417.11,88266.90,88321.81,3422
27-01-2026 11:30,88321.81,88386.28,88248.03,88252.53,3138
27-01-2026 12:00,88252.53,88252.53,88125.87,88182.87,3597
27-01-2026 12:30,88182.87,88378.52,88177.85,88378.07,3405
27-01-2026 13:00,88378.07,88420.29,88163.27,88176.86,4283
27-01-2026 13:30,88176.85,88253.89,88064.25,88084.86,3969
27-01-2026 14:00,88084.86,88165.88,87968.24,88015.47,3830
27-01-2026 14:30,88015.47,88015.47,87814.02,87820.09,4395
27-01-2026 15:00,87820.09,87897.42,87702.92,87726.34,4106
27-01-2026 15:30,87726.34,87894.13,87714.79,87825.47,4162
27-01-2026 16:00,87825.47,87825.53,87582.07,87631.79,3712
27-01-2026 16:30,87631.79,87754.00,87583.39,87716.69,3754
27-01-2026 17:00,87716.69,87937.62,87716.22,87825.19,3573
27-01-2026 17:30,87825.19,88002.36,87796.94,87881.63,2792
27-01-2026 18:00,87881.63,87900.63,87787.79,87827.80,3008
27-01-2026 18:30,87827.85,87849.53,87634.20,87653.82,3732
27-01-2026 19:00,87653.82,87910.41,87637.38,87817.08,4318
27-01-2026 19:30,87817.08,88305.93,87788.23,88115.38,5548
27-01-2026 20:00,88115.32,88184.14,87487.51,87577.17,8944
27-01-2026 20:30,87577.42,88021.38,87403.52,87466.66,7993
27-01-2026 21:00,87466.69,87907.18,87448.47,87879.43,7385
27-01-2026 21:30,87879.43,88548.80,87835.92,88225.11,8563
27-01-2026 22:00,88225.31,88753.37,88223.35,88491.80,7732
27-01-2026 22:30,88491.44,88552.19,87433.14,87729.46,6892
27-01-2026 23:00,87729.46,87835.16,87144.17,87393.98,6116
27-01-2026 23:30,87393.98,87797.62,87292.05,87692.10,6551
28-01-2026 00:00,87692.10,88352.55,87578.94,88122.54,6520
28-01-2026 00:30,88122.45,88212.50,87882.57,88087.07,5438
28-01-2026 01:00,88087.07,88396.50,88009.74,88251.92,5099
28-01-2026 01:30,88251.34,89045.37,88212.25,88996.11,7734
28-01-2026 02:00,88996.11,89338.33,88662.22,89258.31,7809
28-01-2026 02:30,89257.21,89388.00,89085.00,89112.70,5997
28-01-2026 03:00,89112.77,89154.61,88857.91,88924.68,5207
28-01-2026 03:30,88924.68,89100.34,88868.74,89020.08,4261
28-01-2026 04:00,89020.08,89281.57,88973.48,89098.35,4620
28-01-2026 04:30,89098.35,89372.38,89001.81,89361.34,4478
28-01-2026 05:00,89361.34,89374.56,89051.71,89084.26,3835
28-01-2026 05:30,89084.26,89258.75,88995.54,89163.01,3817
28-01-2026 06:00,89163.01,89314.68,89001.40,89313.54,4249
28-01-2026 06:30,89313.54,89340.56,89122.06,89173.55,5200
28-01-2026 07:00,89173.55,89327.02,89029.17,89242.00,4381
28-01-2026 07:30,89242.00,89301.33,89089.03,89183.29,4358
28-01-2026 08:00,89183.29,89220.37,88936.04,89120.29,5071
28-01-2026 08:30,89120.29,89149.80,88828.91,88902.64,4952
28-01-2026 09:00,88902.70,89021.61,88813.09,88955.14,4191
28-01-2026 09:30,88955.14,89004.43,88673.33,88781.62,3576
28-01-2026 10:00,88781.62,88958.57,88729.25,88823.92,3614
28-01-2026 10:30,88823.92,88920.16,88699.82,88741.66,3857
28-01-2026 11:00,88741.66,88948.05,88723.42,88925.14,4345
28-01-2026 11:30,88925.14,89132.67,88925.14,89037.61,5346
28-01-2026 12:00,89038.06,89248.55,88958.70,89164.18,4976
28-01-2026 12:30,89164.18,89197.53,89036.93,89111.26,4509
28-01-2026 13:00,89111.20,89128.80,88942.82,88977.98,4724
28-01-2026 13:30,88977.98,89102.28,88838.71,88861.96,5824
28-01-2026 14:00,88861.96,88956.89,88725.83,88770.47,4809
28-01-2026 14:30,88770.47,88858.58,88699.44,88835.08,5176
28-01-2026 15:00,88834.23,89406.67,88828.77,89404.70,5239
28-01-2026 15:30,89404.70,89512.74,89176.20,89193.33,5633
28-01-2026 16:00,89193.33,89370.18,89190.18,89256.93,3900
28-01-2026 16:30,89256.99,89324.14,89148.03,89302.98,3136
28-01-2026 17:00,89302.98,90001.15,89205.10,89926.78,5898
28-01-2026 17:30,89926.78,90031.52,89645.01,89729.41,6476
28-01-2026 18:00,89729.41,89886.73,89619.90,89854.43,6276
28-01-2026 18:30,89854.40,90205.91,89818.90,89992.27,6692
28-01-2026 19:00,89992.27,90315.30,89947.36,90112.63,7456
28-01-2026 19:30,90112.63,90112.63,89769.97,89846.67,6537
28-01-2026 20:00,89843.89,89991.81,89226.48,89459.57,9924
28-01-2026 20:30,89459.59,89700.63,88762.97,89109.42,9021
28-01-2026 21:00,89108.91,89482.06,89067.88,89335.70,7366
28-01-2026 21:30,89335.70,89612.69,89092.50,89605.77,7096
28-01-2026 22:00,89605.20,89684.11,89315.04,89476.14,7378
28-01-2026 22:30,89476.14,89636.99,89399.67,89437.86,6614
28-01-2026 23:00,89437.88,90428.59,89130.00,90009.61,7423
28-01-2026 23:30,90009.73,90021.47,89346.67,89618.03,7293
29-01-2026 00:00,89618.82,89669.29,89175.88,89382.03,6791
29-01-2026 00:30,89381.08,89567.57,88939.14,89249.76,9099
29-01-2026 01:00,89249.83,89441.90,88849.48,89240.27,9352
29-01-2026 01:30,89240.28,89714.85,89175.68,89632.77,6773
29-01-2026 02:00,89632.77,89632.77,88835.61,88942.55,6020
29-01-2026 02:30,88943.28,89109.23,88698.72,89004.83,7118
29-01-2026 03:00,89004.83,89319.74,88895.94,89243.12,5164
29-01-2026 03:30,89245.34,89311.39,88968.99,89116.62,4066
29-01-2026 04:00,89116.62,89242.77,89025.91,89206.00,4226
29-01-2026 04:30,89206.00,89304.39,89085.30,89130.88,4636
29-01-2026 05:00,89130.88,89231.42,89033.77,89130.03,4398
29-01-2026 05:30,89130.03,89175.99,88827.18,88863.88,5636
29-01-2026 06:00,88863.03,88977.46,88728.39,88972.46,5280
29-01-2026 06:30,88972.46,88992.68,88456.16,88661.06,5178
29-01-2026 07:00,88656.76,88733.11,88369.61,88430.88,5564
29-01-2026 07:30,88430.88,88581.39,88310.83,88442.63,4867
29-01-2026 08:00,88442.63,88446.53,87523.60,87720.44,7141
29-01-2026 08:30,87720.44,88087.01,87590.03,87865.11,5969
29-01-2026 09:00,87865.11,87990.19,87772.85,87871.41,5510
29-01-2026 09:30,87871.35,87914.39,87723.47,87891.90,5143
29-01-2026 10:00,87891.90,88176.47,87891.25,88134.52,3495
29-01-2026 10:30,88133.36,88241.32,88016.00,88039.37,3541
29-01-2026 11:00,88039.37,88196.88,87966.19,88014.48,3274
29-01-2026 11:30,88014.48,88155.66,87996.18,88119.08,2909
29-01-2026 12:00,88119.08,88168.01,88078.50,88138.81,2803
29-01-2026 12:30,88138.81,88214.70,88090.11,88099.51,2570
29-01-2026 13:00,88099.51,88264.52,88077.74,88182.48,3043
29-01-2026 13:30,88182.48,88279.10,87730.42,88267.99,4425
29-01-2026 14:00,88267.99,88313.85,87754.80,87881.95,3839
29-01-2026 14:30,87881.95,87978.65,87809.98,87847.44,3190
29-01-2026 15:00,87847.37,87947.37,87708.67,87710.24,2503
29-01-2026 15:30,87710.24,87798.71,87663.09,87773.93,2925
29-01-2026 16:00,87773.93,87821.99,87645.74,87771.93,1849
29-01-2026 16:30,87771.93,87883.68,87605.66,87612.95,2756
29-01-2026 17:00,87612.95,87723.08,87561.56,87652.55,2547
29-01-2026 17:30,87652.60,87898.09,87629.54,87758.53,2645
29-01-2026 18:00,87758.53,87944.23,87651.47,87935.95,2970
29-01-2026 18:30,87935.95,87982.95,87893.77,87982.95,2557
29-01-2026 19:00,87986.05,87995.84,87768.57,87872.95,3223
29-01-2026 19:30,87873.11,87904.13,87629.10,87645.45,4194
29-01-2026 20:00,87645.39,87759.71,86811.24,86820.60,7905
29-01-2026 20:30,86821.44,86848.99,85065.74,85274.97,10955
29-01-2026 21:00,85274.95,85450.40,84208.26,84748.17,10325
29-01-2026 21:30,84744.93,84800.35,84256.79,84331.99,10236
29-01-2026 22:00,84330.39,85197.66,84104.38,85095.37,9602
29-01-2026 22:30,85095.95,85452.48,84870.91,84882.30,8233
29-01-2026 23:00,84882.30,84978.86,83865.46,84080.81,8187
29-01-2026 23:30,84083.32,84459.94,83586.94,83695.64,8785
30-01-2026 00:00,83695.64,83914.84,83242.80,83282.15,7399
30-01-2026 00:30,83281.21,83750.75,83195.16,83605.22,7567
30-01-2026 01:00,83605.22,84095.11,83605.22,83799.81,8274
30-01-2026 01:30,83800.68,84016.61,83686.90,83799.53,6398
30-01-2026 02:00,83799.53,84184.01,83623.28,84009.56,7064
30-01-2026 02:30,84006.73,84281.33,83999.51,84182.49,6100
30-01-2026 03:00,84184.18,84473.56,84102.00,84349.27,5128
30-01-2026 03:30,84348.79,84440.40,84126.46,84258.33,3736
30-01-2026 04:00,84258.33,84409.35,84204.07,84387.15,3243
30-01-2026 04:30,84387.15,84500.97,84262.55,84406.35,4961
30-01-2026 05:00,84406.38,84557.82,84404.14,84473.69,4404
30-01-2026 05:30,84473.27,84560.19,84139.04,84205.22,4017
30-01-2026 06:00,84205.22,84340.57,83988.89,84013.33,5330
30-01-2026 06:30,84013.27,84020.85,83346.37,83597.63,6815
30-01-2026 07:00,83597.63,83724.23,81349.45,82315.12,10964
30-01-2026 07:30,82315.12,82372.63,81048.95,81296.86,11021
30-01-2026 08:00,81296.86,82002.66,81004.31,82001.13,8981
30-01-2026 08:30,81999.33,82253.06,81881.12,82196.97,8014
30-01-2026 09:00,82196.97,82569.84,82192.26,82513.80,5633
30-01-2026 09:30,82513.80,83167.12,82513.80,82872.06,5006
30-01-2026 10:00,82871.89,83035.45,82720.99,82770.63,4343
30-01-2026 10:30,82770.63,83169.80,82731.70,83089.55,4209
30-01-2026 11:00,83089.55,83148.71,82739.91,82748.29,3403
30-01-2026 11:30,82748.29,82757.84,82196.63,82237.92,4946
30-01-2026 12:00,82237.92,82511.75,81890.97,82435.95,6637
30-01-2026 12:30,82435.95,82904.91,82433.28,82498.28,6591
30-01-2026 13:00,82498.21,82762.40,82287.86,82622.77,5996
30-01-2026 13:30,82624.28,82788.15,82411.94,82509.20,6967
30-01-2026 14:00,82509.20,82509.20,82258.31,82494.45,6139
30-01-2026 14:30,82494.45,82660.43,82052.89,82230.11,5864
30-01-2026 15:00,82230.42,82470.25,81984.37,82185.15,6188
30-01-2026 15:30,82185.15,82439.09,81999.59,82346.31,5894
30-01-2026 16:00,82346.31,82720.29,82312.12,82657.60,5474
30-01-2026 16:30,82657.60,82752.18,82532.15,82569.72,5936
30-01-2026 17:00,82569.72,83129.15,82515.39,82971.47,6418
30-01-2026 17:30,82971.47,83139.04,82473.49,82558.01,7135
30-01-2026 18:00,82558.07,82731.11,82486.90,82606.28,6084
30-01-2026 18:30,82606.28,82675.91,82366.40,82528.92,7401
30-01-2026 19:00,82527.43,82894.25,82237.59,82572.54,7651
30-01-2026 19:30,82572.54,82961.12,82560.38,82804.10,6176
30-01-2026 20:00,82804.10,83626.26,82608.51,82929.67,11219
30-01-2026 20:30,82933.84,83461.31,82436.36,82461.10,10280
30-01-2026 21:00,82461.38,83212.29,82237.65,82713.95,9823
30-01-2026 21:30,82712.86,83082.59,82390.42,82996.33,10041
30-01-2026 22:00,82996.33,83337.35,82884.01,82981.67,9703
30-01-2026 22:30,82981.67,83314.94,82464.02,83219.19,9947
30-01-2026 23:00,83219.19,83219.78,82697.83,82776.10,9107
30-01-2026 23:30,82776.10,83078.22,81739.31,82320.55,9832
31-01-2026 00:00,82324.82,83977.91,82024.59,83770.62,10783
31-01-2026 00:30,83772.01,84373.74,83759.39,84171.91,10619
31-01-2026 01:00,84171.91,84458.57,83975.33,84084.39,9044
31-01-2026 01:30,84081.23,84107.00,83363.52,83784.20,9592
31-01-2026 02:00,83787.18,84113.61,83366.30,83725.69,9251
31-01-2026 02:30,83721.07,84335.11,83609.85,84090.77,7471
31-01-2026 03:00,84089.00,84244.20,83857.23,84162.62,5225
31-01-2026 03:30,84099.19,84152.76,83735.45,83767.04,4753
31-01-2026 04:00,83767.04,84068.72,83765.23,84066.65,5161
31-01-2026 04:30,84066.65,84066.65,83778.17,83872.77,4093
31-01-2026 05:00,83872.77,84140.28,83835.85,84096.22,3271
31-01-2026 05:30,84096.22,84102.11,83942.24,84006.20,4227
31-01-2026 06:00,84006.20,84115.59,83852.15,83907.60,3493
31-01-2026 06:30,83907.60,84098.19,83904.77,83967.09,2798
31-01-2026 07:00,83967.09,83971.80,83736.90,83827.90,3306
31-01-2026 07:30,83827.90,83878.78,83665.12,83714.51,4370
31-01-2026 08:00,83714.51,84011.15,83638.14,83946.92,3820
31-01-2026 08:30,83946.92,84051.05,83938.22,83974.00,3377
31-01-2026 09:00,83974.00,84016.53,83847.05,83847.11,4260
31-01-2026 09:30,83847.11,83965.25,83822.68,83962.57,3135
31-01-2026 10:00,83962.57,83963.09,83742.46,83807.56,4215
31-01-2026 10:30,83807.56,83842.36,83720.69,83814.29,4471
31-01-2026 11:00,83814.29,83921.39,83798.77,83816.61,3647
31-01-2026 11:30,83816.63,83862.79,83473.37,83488.69,3663
31-01-2026 12:00,83488.69,83659.21,83488.69,83599.19,2846
31-01-2026 12:30,83599.19,83623.38,83504.42,83514.74,2828
31-01-2026 13:00,83514.74,83533.52,83224.08,83361.84,3732
31-01-2026 13:30,83361.84,83447.72,82870.96,82915.46,5377
31-01-2026 14:00,82915.46,83045.33,82417.75,82887.78,6750
31-01-2026 14:30,82888.23,83114.64,82717.44,82840.84,6125
31-01-2026 15:00,82841.30,83116.89,82841.30,82935.35,5287
31-01-2026 15:30,82935.35,82997.90,82736.36,82876.03,4824
31-01-2026 16:00,82876.03,83022.55,82851.88,82984.19,4151
31-01-2026 16:30,82984.19,82987.57,82805.07,82825.14,4216
31-01-2026 17:00,82825.14,82894.37,82672.57,82833.37,3961
31-01-2026 17:30,82832.14,82955.25,82610.43,82791.14,3455
31-01-2026 18:00,82791.14,82820.35,82532.87,82592.59,2582
31-01-2026 18:30,82592.68,82743.67,82528.85,82658.49,4061
31-01-2026 19:00,82658.49,82678.69,82303.55,82592.12,6049
31-01-2026 19:30,82594.58,82746.41,81217.02,81429.81,9151
31-01-2026 20:00,81430.00,81468.27,80706.21,81326.43,10616
31-01-2026 20:30,81326.43,81606.44,80927.10,81152.93,7839
31-01-2026 21:00,81152.08,81358.45,81004.91,81145.95,5912
31-01-2026 21:30,81144.81,81868.41,80402.13,80956.20,10154
31-01-2026 22:00,80957.94,81123.35,79964.62,80204.85,10239
31-01-2026 22:30,80204.85,80385.21,78301.39,78987.89,11402
31-01-2026 23:00,78982.15,79128.78,78417.18,78741.14,10315
31-01-2026 23:30,78741.14,78980.42,77914.17,78282.73,9518
01-02-2026 00:00,78282.73,78568.50,76110.75,77877.71,10705
01-02-2026 00:30,77878.96,78347.91,77634.09,77823.90,10099
01-02-2026 01:00,77823.90,77903.33,77034.43,77583.66,9654
01-02-2026 01:30,77584.74,77950.79,77207.52,77217.84,9661
01-02-2026 02:00,77218.20,77931.87,76932.99,77849.47,9161
01-02-2026 02:30,77843.11,78001.92,77228.90,77685.83,8644
01-02-2026 03:00,77684.83,78205.57,77568.68,78138.44,7957
01-02-2026 03:30,78138.42,78330.20,77921.12,78182.42,6639
01-02-2026 04:00,78182.59,78278.26,77841.13,78002.28,5785
01-02-2026 04:30,78002.24,79071.97,77930.18,78821.32,7753
01-02-2026 05:00,78821.32,79026.48,78496.64,78591.36,5542
01-02-2026 05:30,78593.98,79274.18,78512.00,78955.10,6754
01-02-2026 06:00,78955.10,79081.12,78608.39,78760.26,6270
01-02-2026 06:30,78760.40,78811.76,78256.04,78694.39,6508
01-02-2026 07:00,78689.55,78735.78,78162.05,78378.59,5557
01-02-2026 07:30,78384.76,78755.94,78234.82,78495.07,5535
01-02-2026 08:00,78495.07,78912.80,78466.70,78754.05,4181
01-02-2026 08:30,78754.05,78857.93,78531.72,78607.77,5218
01-02-2026 09:00,78607.77,78764.54,78536.63,78718.69,4623
01-02-2026 09:30,78718.69,78964.69,78575.73,78789.61,4222
01-02-2026 10:00,78789.61,78920.23,78770.28,78825.40,3541
01-02-2026 10:30,78825.20,78862.94,78537.81,78793.82,4434
01-02-2026 11:00,78793.82,78806.00,78389.14,78475.45,4672
01-02-2026 11:30,78475.45,78679.44,78466.27,78574.08,3896
01-02-2026 12:00,78574.08,78650.10,78123.93,78154.85,5337
01-02-2026 12:30,78154.85,78216.61,77862.64,78076.77,6784
01-02-2026 13:00,78076.77,78578.50,78041.71,78210.92,5854
01-02-2026 13:30,78210.92,78397.92,78119.22,78366.17,5664
01-02-2026 14:00,78365.95,78728.57,78321.64,78465.93,5053
01-02-2026 14:30,78465.93,78701.34,78406.69,78545.82,4619
01-02-2026 15:00,78545.82,78995.78,78541.75,78905.19,4198
01-02-2026 15:30,78901.59,79095.09,78742.63,78888.65,5610
01-02-2026 16:00,78888.25,78906.17,78010.88,78147.34,7287
01-02-2026 16:30,78147.34,78378.52,78147.34,78296.67,4990
01-02-2026 17:00,78296.67,78758.06,78296.67,78630.89,5481
01-02-2026 17:30,78630.89,78645.73,78115.66,78325.72,4541
01-02-2026 18:00,78325.72,78540.58,78225.45,78331.69,4380
01-02-2026 18:30,78331.69,78645.74,78331.69,78562.51,4795
01-02-2026 19:00,78562.51,78567.23,78075.86,78191.53,6272
01-02-2026 19:30,78191.53,78308.51,77682.63,77724.11,8362
01-02-2026 20:00,77724.11,78383.89,77115.00,78085.31,9927
01-02-2026 20:30,78087.92,78129.53,76803.75,76851.24,9099
01-02-2026 21:00,76851.24,77713.64,76674.77,77471.25,9393
01-02-2026 21:30,77473.29,77629.84,76963.93,77400.88,9324
01-02-2026 22:00,77400.88,77619.52,77004.64,77356.08,8875
01-02-2026 22:30,77356.08,77619.67,77206.55,77430.94,8976
01-02-2026 23:00,77430.94,77622.26,77165.02,77622.26,7192
01-02-2026 23:30,77623.34,78294.04,77595.91,78027.09,9595
02-02-2026 00:00,78027.09,78061.80,77590.39,77897.10,6588
02-02-2026 00:30,77897.10,77974.76,77471.70,77569.27,5884
02-02-2026 01:00,77569.27,77667.50,76852.58,77029.95,6825
02-02-2026 01:30,77029.95,77283.87,76492.17,76547.43,7575
02-02-2026 02:00,76547.84,77578.89,76547.84,76967.00,7903
02-02-2026 02:30,76967.52,77000.70,76334.24,76865.80,8722
02-02-2026 03:00,76865.80,77030.70,76240.05,76347.78,8505
02-02-2026 03:30,76347.78,77624.67,76293.73,77078.64,9030
02-02-2026 04:00,77078.64,77499.77,77031.54,77135.59,6610
02-02-2026 04:30,77135.59,77219.33,75641.91,76703.56,10906
02-02-2026 05:00,76703.54,77462.80,76619.27,76862.16,9611
02-02-2026 05:30,76862.16,77979.71,76499.30,77837.35,10921
02-02-2026 06:00,77833.25,78041.01,77474.87,77563.95,9327
02-02-2026 06:30,77564.64,77846.12,76526.56,77662.47,10609
02-02-2026 07:00,77662.47,77742.32,77273.21,77410.64,10445
02-02-2026 07:30,77410.64,77443.29,76861.88,77005.11,9874
02-02-2026 08:00,77005.18,77149.80,76339.49,76374.73,9400
02-02-2026 08:30,76376.43,76463.64,74986.35,74986.35,10840
02-02-2026 09:00,74991.84,76345.82,74500.01,76182.22,11569
02-02-2026 09:30,76182.31,76393.62,75223.92,76364.03,10700
02-02-2026 10:00,76363.89,76489.27,75665.81,75772.05,9163
02-02-2026 10:30,75772.05,75878.02,74808.33,74981.01,9809
02-02-2026 11:00,74981.11,75530.17,74798.71,75371.63,10407
02-02-2026 11:30,75371.63,75962.96,75061.45,75575.42,10045
02-02-2026 12:00,75577.75,76492.96,74842.25,76419.27,10726
02-02-2026 12:30,76421.29,76711.78,76213.78,76318.52,9512
02-02-2026 13:00,76318.52,76796.86,76301.22,76530.56,9561
02-02-2026 13:30,76530.61,77044.02,76497.60,76670.58,9869
02-02-2026 14:00,76670.58,76976.59,76551.08,76756.84,8295
02-02-2026 14:30,76755.99,77247.82,76536.09,77232.94,7661
02-02-2026 15:00,77232.94,77689.26,77104.27,77607.78,8955
02-02-2026 15:30,77607.78,77749.08,77357.48,77544.10,7016
02-02-2026 16:00,77544.10,77726.82,77355.75,77386.87,6347
02-02-2026 16:30,77386.87,77703.78,77325.92,77703.75,8454
02-02-2026 17:00,77703.68,77855.15,77596.91,77648.22,6612
02-02-2026 17:30,77648.22,78273.14,77601.21,78069.75,6744
02-02-2026 18:00,78069.69,78094.98,77705.86,77899.75,6015
02-02-2026 18:30,77899.75,78011.28,77700.66,77820.47,6235
02-02-2026 19:00,77820.47,78322.24,77705.93,78123.54,7163
02-02-2026 19:30,78123.63,78210.55,77535.71,77919.31,7558
02-02-2026 20:00,77919.31,78777.29,77622.03,77748.85,11687
02-02-2026 20:30,77746.06,78871.03,77496.83,78547.49,11336
02-02-2026 21:00,78548.50,79209.53,78366.58,78795.84,10387
02-02-2026 21:30,78794.30,79227.23,78547.75,79110.36,10265
02-02-2026 22:00,79106.82,79147.58,78500.71,78550.78,9273
02-02-2026 22:30,78550.78,79144.09,78522.28,78894.23,8870
02-02-2026 23:00,78894.23,79113.21,78700.53,78916.63,7994
02-02-2026 23:30,78914.89,78915.23,78269.22,78338.79,6998
03-02-2026 00:00,78338.79,78790.03,78313.49,78478.79,7831
03-02-2026 00:30,78479.02,78611.22,78226.62,78397.61,6769
03-02-2026 01:00,78397.61,78460.86,78180.98,78253.14,7015
03-02-2026 01:30,78250.29,78583.00,78041.88,78317.13,7638
03-02-2026 02:00,78317.13,78356.70,77821.53,77864.42,7454
03-02-2026 02:30,77864.42,78359.16,77817.82,78193.02,6636
03-02-2026 03:00,78193.02,78458.98,78169.42,78429.18,4862
03-02-2026 03:30,78429.18,78760.58,78428.88,78565.22,5201
03-02-2026 04:00,78565.07,78753.53,78536.06,78704.40,5859
03-02-2026 04:30,78704.40,78733.02,78467.38,78526.37,5833
03-02-2026 05:00,78526.37,78866.86,78501.84,78634.49,5382
03-02-2026 05:30,78634.48,78841.00,78309.55,78817.17,6817
03-02-2026 06:00,78814.48,79003.06,78662.72,78969.73,7040
03-02-2026 06:30,78969.73,79091.19,78615.07,78809.16,7078
03-02-2026 07:00,78809.16,78928.27,78694.54,78917.13,6403
03-02-2026 07:30,78917.13,78918.08,78374.28,78604.13,5856
03-02-2026 08:00,78600.74,78616.85,77695.85,77701.81,6775
03-02-2026 08:30,77701.81,78217.84,77562.49,78208.84,6655
03-02-2026 09:00,78208.84,78810.22,78153.16,78658.56,6580
03-02-2026 09:30,78658.56,78689.43,78386.90,78413.20,5163
03-02-2026 10:00,78413.20,78899.58,78408.01,78702.16,6073
03-02-2026 10:30,78702.16,78712.48,78180.57,78335.20,5780
03-02-2026 11:00,78335.26,78408.63,78112.52,78135.76,6457
03-02-2026 11:30,78134.69,78532.57,77849.10,78468.27,6563
03-02-2026 12:00,78466.24,78576.90,78330.39,78497.20,5865
03-02-2026 12:30,78497.23,78800.96,78394.47,78577.97,5870
03-02-2026 13:00,78577.97,78825.41,78544.56,78690.60,6377
03-02-2026 13:30,78690.58,78873.67,78366.38,78789.52,6663
03-02-2026 14:00,78789.52,78976.32,78578.56,78654.13,5780
03-02-2026 14:30,78654.13,78744.15,77856.29,77856.50,7350
03-02-2026 15:00,77856.50,78354.11,77841.65,78303.26,6175
03-02-2026 15:30,78303.26,78463.99,78246.05,78372.69,5009
03-02-2026 16:00,78372.69,78372.69,77969.89,78023.27,5135
03-02-2026 16:30,78023.27,78178.85,77914.13,77951.63,4997
03-02-2026 17:00,77951.63,78249.28,77900.06,77973.32,5007
03-02-2026 17:30,77973.27,78226.72,77885.73,78213.97,5645
03-02-2026 18:00,78213.97,78313.74,78092.14,78220.12,5751
03-02-2026 18:30,78220.12,78349.73,78084.32,78316.07,5718
03-02-2026 19:00,78316.07,78346.71,78075.70,78197.78,5839
03-02-2026 19:30,78197.78,78335.73,77984.90,78327.84,6644
03-02-2026 20:00,78327.81,78331.45,77072.42,77096.19,11502
03-02-2026 20:30,77096.35,77909.65,76964.06,77629.36,11138
03-02-2026 21:00,77631.84,78096.47,77222.41,78032.25,11216
03-02-2026 21:30,78032.34,78040.35,76593.47,76595.29,9768
03-02-2026 22:00,76595.29,76789.05,76377.04,76386.11,10153
03-02-2026 22:30,76380.38,76426.17,75576.29,75775.92,9980
03-02-2026 23:00,75777.65,75842.43,74757.62,74768.50,10169
03-02-2026 23:30,74769.72,75166.71,73876.96,73975.91,10741
04-02-2026 00:00,73973.80,74161.63,73017.25,73017.81,10966
04-02-2026 00:30,73017.81,75127.03,72848.69,74798.78,11686
04-02-2026 01:00,74798.78,75112.95,74246.52,74811.82,10614
04-02-2026 01:30,74811.82,75735.84,74464.12,75557.15,10108
04-02-2026 02:00,75557.23,76554.55,75524.21,76357.32,10827
04-02-2026 02:30,76357.04,76829.57,76220.96,76367.10,9157
04-02-2026 03:00,76367.10,76523.80,76017.79,76107.79,8075
04-02-2026 03:30,76106.32,76172.74,75376.98,75896.03,8872
04-02-2026 04:00,75896.03,75946.04,75279.74,75574.63,8387
04-02-2026 04:30,75574.63,75825.66,75287.95,75617.05,9036
04-02-2026 05:00,75617.05,75866.40,75419.12,75630.11,7388
04-02-2026 05:30,75632.02,75907.81,75324.74,75890.44,7997
04-02-2026 06:00,75891.39,76132.70,75735.38,75770.21,7156
04-02-2026 06:30,75770.22,76443.67,75770.22,76324.33,8003
04-02-2026 07:00,76324.33,76641.26,76147.37,76278.09,7415
04-02-2026 07:30,76277.21,76497.74,76040.37,76052.76,7243
04-02-2026 08:00,76052.76,76055.49,75554.05,75814.79,5914
04-02-2026 08:30,75814.80,76565.83,75760.07,76252.16,5323
04-02-2026 09:00,76252.16,76831.78,76239.20,76572.55,5222
04-02-2026 09:30,76572.55,76693.05,76396.78,76457.26,4425
04-02-2026 10:00,76457.26,76629.73,76282.25,76349.55,4050
04-02-2026 10:30,76351.11,76397.39,76224.62,76335.86,4190
04-02-2026 11:00,76335.86,76335.90,75978.07,76158.01,4586
04-02-2026 11:30,76158.01,76454.71,76138.62,76353.67,4045
04-02-2026 12:00,76353.67,76661.23,76307.62,76523.78,4315
04-02-2026 12:30,76523.78,76537.82,76200.07,76320.92,5095
04-02-2026 13:00,76320.92,76486.08,76239.34,76379.24,4749
04-02-2026 13:30,76379.24,76401.65,75952.13,75988.86,6152
04-02-2026 14:00,75988.86,76460.43,75936.81,76447.26,5481
04-02-2026 14:30,76447.26,76469.00,75971.17,76010.27,5079
04-02-2026 15:00,76010.27,76094.42,75822.03,75973.78,5876
04-02-2026 15:30,75973.78,76084.22,75921.20,75963.00,4578
04-02-2026 16:00,75963.00,76192.49,75950.46,76155.37,3780
04-02-2026 16:30,76155.37,76155.37,75516.49,75701.03,5488
04-02-2026 17:00,75701.03,76083.39,75695.14,75872.97,4610
04-02-2026 17:30,75869.70,76125.35,75848.84,75926.04,5448
04-02-2026 18:00,75926.04,76114.54,75905.23,76033.50,5115
04-02-2026 18:30,76033.50,76050.75,75604.79,75703.00,6523
04-02-2026 19:00,75703.00,75781.48,74706.56,74718.11,9456
04-02-2026 19:30,74718.11,75413.73,74644.31,75147.45,10062
04-02-2026 20:00,75146.95,75480.55,74113.13,74203.17,11606
04-02-2026 20:30,74203.17,75130.32,73710.22,74765.20,12180
04-02-2026 21:00,74764.43,74840.97,73649.26,73960.15,11952
04-02-2026 21:30,73962.99,74077.63,73234.36,73992.36,11459
04-02-2026 22:00,73995.27,74033.64,72910.76,73467.27,11810
04-02-2026 22:30,73467.31,73670.50,72232.66,72284.77,11394
04-02-2026 23:00,72285.79,72709.45,72009.44,72357.51,11130
04-02-2026 23:30,72357.51,73344.38,72065.93,73280.80,11540
05-02-2026 00:00,73278.94,73903.16,73099.04,73228.54,11034
05-02-2026 00:30,73228.54,73727.60,72891.78,72964.58,10903
05-02-2026 01:00,72964.17,73821.34,72851.90,73733.01,10886
05-02-2026 01:30,73733.48,73952.90,73294.34,73390.43,9730
05-02-2026 02:00,73390.97,73505.48,73215.89,73304.88,9574
05-02-2026 02:30,73308.29,73451.98,72878.46,72883.03,9157
05-02-2026 03:00,72883.17,73143.01,72028.48,72595.19,9655
05-02-2026 03:30,72594.31,73477.32,71685.71,73317.28,10491
05-02-2026 04:00,73317.71,73339.41,72229.98,72349.51,9166
05-02-2026 04:30,72349.51,73191.27,72262.82,73186.17,9369
05-02-2026 05:00,73186.17,73327.25,72943.49,72980.84,8529
05-02-2026 05:30,72972.40,73107.89,72556.83,73034.94,8227
05-02-2026 06:00,73033.46,73033.46,72624.15,72679.05,8000
05-02-2026 06:30,72677.48,73147.26,71809.64,72755.00,9820
05-02-2026 07:00,72752.83,72930.11,72141.74,72210.64,10141
05-02-2026 07:30,72211.33,72344.45,71549.18,72121.38,11159
05-02-2026 08:00,72124.18,72601.72,71150.48,71235.67,10752
05-02-2026 08:30,71229.90,71694.08,71102.69,71332.43,11178
05-02-2026 09:00,71334.25,71434.05,70983.05,71054.12,10476
05-02-2026 09:30,71055.27,71177.11,70553.25,70845.89,11069
05-02-2026 10:00,70846.28,71226.23,70544.59,70697.10,10228
05-02-2026 10:30,70696.08,70889.55,69973.65,70253.69,10435
05-02-2026 11:00,70253.70,70953.85,70158.65,70549.54,10818
05-02-2026 11:30,70549.79,70733.24,70274.31,70339.69,9860
05-02-2026 12:00,70340.84,70808.24,70339.89,70775.58,9808
05-02-2026 12:30,70775.57,71405.33,70731.02,71237.30,9799
05-02-2026 13:00,71237.30,71256.86,70449.60,70550.71,9113
05-02-2026 13:30,70550.71,71318.93,70487.54,71166.61,9655
05-02-2026 14:00,71164.70,71356.07,70864.34,70881.04,9404
05-02-2026 14:30,70881.04,71792.87,70869.06,71580.97,10201
05-02-2026 15:00,71576.59,71641.03,71274.45,71399.55,8737
05-02-2026 15:30,71399.53,71565.91,71150.28,71560.99,8776
05-02-2026 16:00,71560.99,71569.83,70496.25,70695.50,9422
05-02-2026 16:30,70695.50,70886.65,69822.83,69926.88,10885
05-02-2026 17:00,69928.90,70589.02,69788.02,70165.26,10814
05-02-2026 17:30,70165.26,70447.05,69022.14,69489.69,10986
05-02-2026 18:00,69489.84,69677.58,69054.66,69409.25,11161
05-02-2026 18:30,69410.53,69669.39,69093.48,69119.35,10527
05-02-2026 19:00,69118.97,69581.06,69110.88,69525.93,10439
05-02-2026 19:30,69526.19,70141.77,69339.48,69972.87,10754
05-02-2026 20:00,69973.47,70703.41,69183.32,69231.11,12183
05-02-2026 20:30,69236.56,69382.83,66645.98,66667.62,12344
05-02-2026 21:00,66668.82,68099.99,66542.80,67326.07,11991
05-02-2026 21:30,67328.89,68099.05,66792.38,68005.52,12050
05-02-2026 22:00,68007.76,68495.74,67411.59,68136.85,11868
05-02-2026 22:30,68136.85,68201.47,66368.36,67250.80,12008
05-02-2026 23:00,67246.33,67368.06,65989.68,66011.73,12191
05-02-2026 23:30,66010.83,66344.82,65311.67,65644.31,12277
06-02-2026 00:00,65643.35,66284.19,65217.86,66183.57,11989
06-02-2026 00:30,66181.13,66389.77,65465.22,65664.03,11399
06-02-2026 01:00,65678.55,65950.66,65031.39,65098.65,10950
06-02-2026 01:30,65095.83,65477.20,63291.52,63824.19,11253
06-02-2026 02:00,63820.43,63838.32,62681.07,63452.64,10997
06-02-2026 02:30,63452.64,64281.76,62890.32,63751.81,10333
06-02-2026 03:00,63753.82,63980.40,62891.60,63044.64,11160
06-02-2026 03:30,63045.16,64052.74,62561.77,63936.02,11327
06-02-2026 04:00,63927.09,64429.53,63472.19,63757.32,10320
06-02-2026 04:30,63756.02,64720.86,63688.37,64265.05,10896
06-02-2026 05:00,64265.05,64359.58,62586.72,62760.19,10856
06-02-2026 05:30,62759.66,62918.52,59936.18,61249.42,12034
06-02-2026 06:00,61244.29,63698.20,61150.14,63376.47,11601
06-02-2026 06:30,63376.35,64734.84,63367.67,63992.49,12106
06-02-2026 07:00,63987.39,65621.93,63908.38,65578.14,11780
06-02-2026 07:30,65577.36,65808.43,64126.04,64498.39,11400
06-02-2026 08:00,64498.31,65302.11,64374.35,64868.91,10889
06-02-2026 08:30,64881.93,65049.48,64267.35,64598.05,11027
06-02-2026 09:00,64596.67,64828.87,63700.52,64062.91,10564
06-02-2026 09:30,64062.84,64903.84,63864.63,64814.47,10458
06-02-2026 10:00,64814.34,64892.23,64458.15,64810.30,9586
06-02-2026 10:30,64808.83,65591.56,64698.28,65349.89,10304
06-02-2026 11:00,65349.89,66680.32,65271.84,66286.85,10556
06-02-2026 11:30,66287.80,66667.93,65470.20,65733.41,10378
06-02-2026 12:00,65734.01,65750.60,64775.26,64880.83,10587
06-02-2026 12:30,64881.39,65229.22,64548.40,64892.59,9493
06-02-2026 13:00,64892.59,65429.37,64545.09,64735.13,10022
06-02-2026 13:30,64738.82,65092.62,64441.86,64703.64,10434
06-02-2026 14:00,64706.15,65027.10,64405.73,64786.43,10316
06-02-2026 14:30,64786.43,65551.58,64650.07,65511.46,10009
06-02-2026 15:00,65511.05,66051.36,65470.51,65691.13,10177
06-02-2026 15:30,65691.98,66105.39,65452.59,65911.70,9339
06-02-2026 16:00,65911.70,66042.34,65694.42,65858.22,9272
06-02-2026 16:30,65857.19,65984.88,65661.46,65949.30,8277
06-02-2026 17:00,65949.30,66656.43,65902.50,66528.26,8475
06-02-2026 17:30,66527.76,66527.76,66100.74,66276.35,8801
06-02-2026 18:00,66276.35,66507.01,66001.30,66456.67,7657
06-02-2026 18:30,66456.67,67383.32,66377.46,66820.62,10622
06-02-2026 19:00,66821.85,67558.86,66710.28,67235.46,10462
06-02-2026 19:30,67235.41,67325.94,66567.12,67040.14,10267
06-02-2026 20:00,67041.04,68544.40,66985.46,68142.40,11490
06-02-2026 20:30,68144.87,68552.26,67768.48,68133.72,11476
06-02-2026 21:00,68139.00,69130.07,68015.27,68597.61,11169
06-02-2026 21:30,68598.22,69764.73,68448.52,69491.82,10819
06-02-2026 22:00,69491.79,70189.67,69395.88,69933.73,10360
06-02-2026 22:30,69925.70,70972.81,69551.50,70893.22,9840
06-02-2026 23:00,70892.64,71450.36,70485.59,70687.20,10077
06-02-2026 23:30,70689.85,70749.58,69270.53,69477.18,10735
07-02-2026 00:00,69477.42,70203.33,69303.35,69690.39,9787
07-02-2026 00:30,69690.43,70379.43,69554.59,70163.85,9358
07-02-2026 01:00,70164.77,70850.17,70046.91,70627.08,9066
07-02-2026 01:30,70626.28,70756.99,70141.94,70502.51,9678
07-02-2026 02:00,70502.51,70903.68,69922.18,69922.18,9365
07-02-2026 02:30,69923.06,70421.00,69755.47,70317.68,8085
07-02-2026 03:00,70316.98,70355.27,70015.09,70258.92,6410
07-02-2026 03:30,70256.48,70685.46,70188.54,70684.71,7276
07-02-2026 04:00,70684.71,71463.68,70682.78,71254.90,8939
07-02-2026 04:30,71254.32,71642.88,70451.69,70468.86,8712
07-02-2026 05:00,70471.86,70762.18,70405.68,70481.71,6781
07-02-2026 05:30,70481.71,70494.37,69955.56,70021.37,9413
07-02-2026 06:00,70021.87,70247.09,69640.75,69880.98,8994
07-02-2026 06:30,69880.54,70102.36,69674.15,69907.57,7465
07-02-2026 07:00,69907.57,70603.77,69856.53,70404.21,7217
07-02-2026 07:30,70404.21,70553.04,70242.21,70371.93,7210
07-02-2026 08:00,70371.93,70477.28,70073.44,70280.78,6916
07-02-2026 08:30,70280.78,70801.26,70205.56,70776.46,7758
07-02-2026 09:00,70776.46,70847.70,70505.23,70838.40,7276
07-02-2026 09:30,70841.81,71555.56,70759.37,71073.25,9203
07-02-2026 10:00,71073.25,71168.19,70521.92,70694.30,7571
07-02-2026 10:30,70694.30,71104.46,70169.76,70190.26,7669
07-02-2026 11:00,70191.01,70336.43,69878.04,70086.37,7738
07-02-2026 11:30,70086.37,70238.13,69806.11,70135.77,6815
07-02-2026 12:00,70135.77,70224.10,68697.45,68703.56,7554
07-02-2026 12:30,68703.56,69009.82,67289.28,67964.06,11623
07-02-2026 13:00,67957.37,68594.18,67504.77,68015.51,10794
07-02-2026 13:30,68015.52,68548.52,67691.70,68337.24,9539
07-02-2026 14:00,68337.76,68742.11,68255.51,68431.77,7413
07-02-2026 14:30,68430.22,68692.37,68366.60,68396.82,6759
07-02-2026 15:00,68391.06,68401.36,67820.38,68063.13,8710
07-02-2026 15:30,68061.97,68217.45,67788.34,67876.02,7485
07-02-2026 16:00,67879.20,67989.09,67528.03,67914.02,8092
07-02-2026 16:30,67912.44,68076.98,67795.27,67849.41,7257
07-02-2026 17:00,67849.51,67974.76,67608.03,67885.08,6941
07-02-2026 17:30,67882.41,69879.81,67821.70,69218.04,8427
07-02-2026 18:00,69217.22,69859.22,68710.92,68923.96,8098
07-02-2026 18:30,68923.96,69172.67,68803.34,69151.29,7435
07-02-2026 19:00,69154.07,69259.57,68714.73,68987.69,7330
07-02-2026 19:30,68987.69,69080.92,68746.45,68862.22,6905
07-02-2026 20:00,68860.32,68929.22,68292.32,68537.36,8089
07-02-2026 20:30,68537.91,69388.11,68468.68,69157.27,9057
07-02-2026 21:00,69157.95,69637.61,68947.22,69049.11,8463
07-02-2026 21:30,69049.11,69664.92,69007.12,69212.49,10365
07-02-2026 22:00,69212.30,69381.77,68766.49,68867.15,7331
07-02-2026 22:30,68867.16,69043.32,68508.72,68986.98,8100
07-02-2026 23:00,68992.25,69322.82,68863.53,69098.37,6508
07-02-2026 23:30,69098.35,69438.28,68924.91,69262.70,6360
08-02-2026 00:00,69262.70,69597.50,69178.07,69419.64,7779
08-02-2026 00:30,69418.40,69485.91,69197.71,69340.86,6648
08-02-2026 01:00,69340.86,69417.01,69181.87,69241.85,5605
08-02-2026 01:30,69245.46,69399.34,69165.22,69353.11,5623
08-02-2026 02:00,69353.11,69635.16,69291.93,69542.78,6401
08-02-2026 02:30,69543.33,69611.73,69329.94,69431.08,5312
08-02-2026 03:00,69439.73,69567.56,69270.91,69418.52,5669
08-02-2026 03:30,69418.52,69618.70,69333.96,69492.96,5367
08-02-2026 04:00,69494.38,69494.38,69236.73,69314.85,5110
08-02-2026 04:30,69316.15,69343.72,68700.17,68955.37,7494
08-02-2026 05:00,68956.32,69373.07,68956.32,69217.01,5735
08-02-2026 05:30,69216.06,69350.33,68920.98,68958.04,6151
08-02-2026 06:00,68958.04,69105.00,68797.73,69046.97,6631
08-02-2026 06:30,69046.48,69313.87,69008.36,69067.99,6157
08-02-2026 07:00,69067.99,69416.60,69001.51,69291.70,6079
08-02-2026 07:30,69291.71,69609.01,69158.97,69346.39,6225
08-02-2026 08:00,69346.39,69448.58,69083.45,69284.59,5328
08-02-2026 08:30,69284.59,69347.88,69096.82,69244.77,5719
08-02-2026 09:00,69245.60,69330.07,68974.43,69008.62,5123
08-02-2026 09:30,69008.62,69235.28,68879.07,69144.95,5269
08-02-2026 10:00,69147.03,69264.34,69071.93,69249.98,2411
08-02-2026 10:30,69249.98,69332.96,69129.19,69181.19,4472
08-02-2026 11:00,69181.13,69181.19,69051.07,69128.64,5079
08-02-2026 11:30,69130.96,69322.37,68996.94,69274.13,4285
08-02-2026 12:00,69274.13,69319.41,69162.81,69261.67,5170
08-02-2026 12:30,69261.62,69403.53,69117.68,69370.15,5642
08-02-2026 13:00,69368.58,69616.43,69319.29,69612.63,5520
08-02-2026 13:30,69608.74,70212.51,69427.03,70102.57,6958
08-02-2026 14:00,70101.52,70653.82,69969.30,70554.26,7983
08-02-2026 14:30,70553.68,70603.06,70193.07,70346.84,6764
08-02-2026 15:00,70346.84,70492.68,69990.55,70034.75,7435
08-02-2026 15:30,70033.95,70346.54,69791.49,69947.77,6573
08-02-2026 16:00,69947.77,70306.73,69914.61,70166.49,5330
08-02-2026 16:30,70166.49,70833.86,70113.95,70615.98,6174
08-02-2026 17:00,70612.38,71103.57,70577.17,70890.91,7204
08-02-2026 17:30,70890.91,70944.11,70653.64,70854.66,6378
08-02-2026 18:00,70854.66,71164.90,70601.63,71143.79,7335
08-02-2026 18:30,71142.94,71392.22,70875.39,71351.29,6967
08-02-2026 19:00,71353.51,71423.18,71091.10,71423.18,6673
08-02-2026 19:30,71422.81,71458.17,71070.52,71145.93,6849
08-02-2026 20:00,71145.93,71255.59,70997.51,71156.61,6130
08-02-2026 20:30,71156.61,71364.17,70680.02,70806.86,6910
08-02-2026 21:00,70805.94,71179.07,70769.91,71082.50,7246
08-02-2026 21:30,71082.50,71154.31,70883.72,71059.55,7291
08-02-2026 22:00,71059.55,71060.19,70168.03,70319.35,8370
08-02-2026 22:30,70317.82,70763.35,70307.55,70493.08,7676
08-02-2026 23:00,70493.93,70777.16,70493.93,70691.71,6119
08-02-2026 23:30,70691.71,70952.10,70653.76,70890.62,6287
09-02-2026 00:00,70890.62,71317.92,70886.05,71046.78,7038
09-02-2026 00:30,71046.78,71275.14,71044.62,71104.76,5829
09-02-2026 01:00,71104.66,71433.12,71058.13,71332.09,6453
09-02-2026 01:30,71335.42,71336.70,70848.92,70933.23,6665
09-02-2026 02:00,70933.83,71090.84,70617.00,70751.01,4878
09-02-2026 02:30,70750.84,71046.15,70647.40,70896.82,5239
09-02-2026 03:00,70886.55,70926.44,70456.62,70626.08,6093
09-02-2026 03:30,70625.39,70893.54,70609.45,70766.97,5510
09-02-2026 04:00,70766.97,71011.84,70562.73,70976.10,5655
09-02-2026 04:30,70981.24,72124.17,70266.42,70481.56,10823
09-02-2026 05:00,70452.32,70701.90,69906.55,70243.68,10515
09-02-2026 05:30,70242.81,70686.30,70181.62,70391.11,9899
09-02-2026 06:00,70387.69,70530.34,70025.70,70403.14,8892
09-02-2026 06:30,70403.14,70830.58,70187.41,70628.21,9683
09-02-2026 07:00,70627.33,70703.37,69982.77,70282.63,9862
09-02-2026 07:30,70282.63,70416.17,70128.19,70375.10,8674
09-02-2026 08:00,70375.10,70911.38,70354.40,70535.17,8863
09-02-2026 08:30,70535.17,70861.24,70522.54,70739.13,7712
09-02-2026 09:00,70739.13,71341.56,70736.22,71215.37,8092
09-02-2026 09:30,71215.37,71259.42,70914.79,71150.55,7341
09-02-2026 10:00,71146.97,71147.17,70823.82,70898.69,6895
09-02-2026 10:30,70898.69,70954.17,70705.24,70926.93,6384
09-02-2026 11:00,70926.98,71017.94,70755.82,70953.07,6353
09-02-2026 11:30,70955.72,70959.01,70222.32,70321.72,7532
09-02-2026 12:00,70322.50,70629.18,70286.98,70570.68,6115
09-02-2026 12:30,70570.68,70795.78,70369.96,70616.71,5984
09-02-2026 13:00,70617.13,70647.58,70251.02,70323.00,6973
09-02-2026 13:30,70323.00,70511.99,69961.03,69989.59,6853
09-02-2026 14:00,69989.69,70009.08,69305.89,69778.58,8606
09-02-2026 14:30,69777.85,70023.38,69609.93,69791.38,6897
09-02-2026 15:00,69791.32,69877.65,69370.22,69525.36,7995
09-02-2026 15:30,69526.58,69613.15,68879.12,68928.31,8600
09-02-2026 16:00,68928.31,68929.78,68312.34,68618.83,9934
09-02-2026 16:30,68620.19,68875.08,68471.44,68760.81,8539
09-02-2026 17:00,68760.81,68909.89,68582.57,68805.35,7523
09-02-2026 17:30,68819.47,69138.05,68751.54,68930.77,6924
09-02-2026 18:00,68930.77,69130.13,68830.35,69042.85,5989
09-02-2026 18:30,69042.85,69192.42,68835.97,69170.65,7461
09-02-2026 19:00,69172.14,69172.14,68493.62,68495.74,7885
09-02-2026 19:30,68495.74,68953.35,68221.25,68901.38,9990
09-02-2026 20:00,68901.38,69546.00,68414.98,69192.13,11948
09-02-2026 20:30,69191.74,69796.02,68734.70,68831.94,10918
09-02-2026 21:00,68832.26,69554.04,68763.09,69489.70,10755
09-02-2026 21:30,69482.09,69628.89,69011.47,69525.01,9731
09-02-2026 22:00,69523.76,70310.78,69258.96,70026.84,10391
09-02-2026 22:30,70025.65,70259.77,69800.01,69977.00,8518
09-02-2026 23:00,69977.02,70878.84,69910.80,70544.34,10282
09-02-2026 23:30,70545.01,70938.44,70019.49,70212.79,10358
10-02-2026 00:00,70212.83,70464.12,70068.12,70353.63,9331
10-02-2026 00:30,70353.63,70640.55,70199.50,70611.04,8424
10-02-2026 01:00,70609.78,71010.99,70573.98,70891.63,8464
10-02-2026 01:30,70891.53,71070.43,70443.84,70491.26,9108
10-02-2026 02:00,70491.18,70813.05,70442.95,70698.55,8898
10-02-2026 02:30,70688.23,70749.89,70232.96,70250.38,6251
10-02-2026 03:00,70250.38,70436.04,69758.98,70334.54,6979
10-02-2026 03:30,70334.50,70659.82,70219.14,70383.36,7068
10-02-2026 04:00,70383.49,70536.08,70277.37,70310.30,6017
10-02-2026 04:30,70310.30,70516.68,70194.07,70219.43,6702
10-02-2026 05:00,70219.42,70386.16,70023.10,70074.67,5034
10-02-2026 05:30,70074.22,70193.51,69811.38,69923.46,5709
10-02-2026 06:00,69923.52,70049.20,69679.67,69768.50,5606
10-02-2026 06:30,69763.85,70395.08,69757.00,70303.84,6459
10-02-2026 07:00,70303.84,70450.19,70184.03,70394.73,6557
10-02-2026 07:30,70395.78,70407.59,70173.61,70176.64,5861
10-02-2026 08:00,70177.29,70234.33,69919.66,70036.09,5967
10-02-2026 08:30,70036.89,70100.92,69428.79,69481.18,7933
10-02-2026 09:00,69478.35,69526.14,69131.54,69430.55,7085
10-02-2026 09:30,69430.55,69807.56,69403.99,69746.15,5691
10-02-2026 10:00,69746.15,69828.20,69550.54,69758.49,4730
10-02-2026 10:30,69758.47,69780.05,69389.34,69445.38,4620
10-02-2026 11:00,69445.38,69623.38,69136.63,69370.84,7036
10-02-2026 11:30,69370.84,69424.68,69017.86,69128.05,6787
10-02-2026 12:00,69128.15,69218.58,68594.22,68854.03,8017
10-02-2026 12:30,68847.21,69128.81,68773.49,69001.52,6864
10-02-2026 13:00,69001.52,69055.61,68789.34,68832.75,4751
10-02-2026 13:30,68832.75,69017.76,68646.25,68947.17,5949
10-02-2026 14:00,68947.12,69142.96,68749.76,69051.81,5539
10-02-2026 14:30,69051.79,69328.55,69006.83,69192.73,6147
10-02-2026 15:00,69192.73,69206.63,68877.51,69061.24,4592
10-02-2026 15:30,69061.24,69169.62,68917.40,69081.91,4598
10-02-2026 16:00,69081.91,69081.91,68830.54,68832.93,4826
10-02-2026 16:30,68833.90,68911.76,68735.71,68837.00,5135
10-02-2026 17:00,68837.00,68989.95,68375.26,68446.07,6121
10-02-2026 17:30,68442.69,68748.31,68442.65,68676.93,6516
10-02-2026 18:00,68676.93,68770.86,68378.10,68529.79,6063
10-02-2026 18:30,68529.56,68732.60,68328.52,68657.49,7118
10-02-2026 19:00,68655.40,69055.54,68623.61,68951.81,7274
10-02-2026 19:30,68951.22,69506.98,68798.46,69142.55,7487
10-02-2026 20:00,69140.28,69345.37,67846.12,68377.87,11578
10-02-2026 20:30,68377.63,69257.70,68233.93,69153.96,11527
10-02-2026 21:00,69154.69,69442.67,69030.48,69228.78,10602
10-02-2026 21:30,69231.06,69702.09,68872.94,69372.63,10198
10-02-2026 22:00,69372.63,69606.65,69217.69,69460.56,9411
10-02-2026 22:30,69460.17,69790.00,69260.46,69618.56,8089
10-02-2026 23:00,69618.47,69946.80,69581.88,69842.24,7715
10-02-2026 23:30,69842.24,69864.36,68816.56,68842.30,8309
11-02-2026 00:00,68842.81,69050.12,68582.34,68836.35,9720
11-02-2026 00:30,68836.34,68927.23,68650.09,68874.30,8700
11-02-2026 01:00,68874.40,69245.03,68830.78,69006.91,7060
11-02-2026 01:30,69006.91,69079.70,68644.27,68749.49,6959
11-02-2026 02:00,68749.69,68908.41,68561.99,68675.68,8116
11-02-2026 02:30,68680.73,68938.34,68576.80,68576.99,6054
11-02-2026 03:00,68577.91,68650.73,68284.91,68590.73,6758
11-02-2026 03:30,68593.63,68717.03,68496.17,68619.26,5306
11-02-2026 04:00,68619.42,68792.32,68568.62,68631.73,4799
11-02-2026 04:30,68631.79,68694.01,68440.96,68590.68,4852
11-02-2026 05:00,68590.68,68795.91,68519.57,68774.27,4986
11-02-2026 05:30,68774.27,69172.65,68712.33,69118.73,6386
11-02-2026 06:00,69118.74,69166.87,68949.73,69126.54,5291
11-02-2026 06:30,69124.90,69221.06,68858.62,68882.53,4183
11-02-2026 07:00,68881.70,69055.90,68842.15,68914.49,4394
11-02-2026 07:30,68914.49,69095.95,68875.39,68991.73,4722
11-02-2026 08:00,68991.73,69060.78,68536.78,68610.17,4869
11-02-2026 08:30,68609.90,68684.03,67943.86,68220.21,6764
11-02-2026 09:00,68220.21,68486.64,68098.86,68113.92,6330
11-02-2026 09:30,68113.65,68255.08,67486.76,67497.67,7525
11-02-2026 10:00,67497.79,67646.15,67297.66,67508.83,9454
11-02-2026 10:30,67510.10,67731.92,67479.73,67507.45,6724
11-02-2026 11:00,67507.45,67526.56,67320.19,67330.87,6074
11-02-2026 11:30,67330.87,67416.89,66651.73,67048.39,9052
11-02-2026 12:00,67048.50,67104.40,66481.66,66713.32,7742
11-02-2026 12:30,66726.20,66943.55,66567.68,66926.59,6912
11-02-2026 13:00,66926.59,67183.32,66875.63,66964.80,6310
11-02-2026 13:30,66965.93,67055.30,66753.96,66858.36,7273
11-02-2026 14:00,66859.89,66989.90,66724.96,66922.50,5872
11-02-2026 14:30,66921.08,67048.08,66741.71,66919.54,5978
11-02-2026 15:00,66920.21,66939.76,66660.84,66816.96,5479
11-02-2026 15:30,66816.04,66828.88,66582.70,66807.21,5759
11-02-2026 16:00,66807.21,66821.17,66314.35,66471.92,6781
11-02-2026 16:30,66471.92,67042.27,66455.78,66931.51,6512
11-02-2026 17:00,66931.46,67034.00,66824.21,67000.45,5551
11-02-2026 17:30,66997.63,67373.47,66906.16,67165.95,6627
11-02-2026 18:00,67165.53,67252.00,66955.64,67078.15,5993
11-02-2026 18:30,67077.72,67156.91,66748.28,66982.38,7161
11-02-2026 19:00,66979.17,67524.62,66835.24,67393.73,10353
11-02-2026 19:30,67396.22,68740.36,67391.41,67941.43,11289
11-02-2026 20:00,67940.81,68178.85,66392.38,66520.47,12497
11-02-2026 20:30,66506.92,66673.08,65681.21,66122.96,12204
11-02-2026 21:00,66123.79,66749.74,66043.19,66458.38,11730
11-02-2026 21:30,66457.76,67192.58,66352.65,66534.36,10515
11-02-2026 22:00,66534.21,66659.84,65886.86,65957.58,10414
11-02-2026 22:30,65956.60,66660.10,65792.47,66580.33,10075
11-02-2026 23:00,66580.33,66836.69,66362.96,66439.29,9120
11-02-2026 23:30,66439.51,66974.18,66059.79,66843.33,9959
12-02-2026 00:00,66843.14,67231.94,66718.70,67199.28,9680
12-02-2026 00:30,67199.28,67684.33,67043.58,67358.48,10358
12-02-2026 01:00,67358.51,67784.33,67228.57,67505.11,9475
12-02-2026 01:30,67505.11,67681.13,67124.06,67124.06,8644
12-02-2026 02:00,67124.34,67576.26,67098.59,67458.95,9414
12-02-2026 02:30,67460.32,68158.72,67333.57,68117.74,8149
12-02-2026 03:00,68119.71,68257.12,67717.03,67725.68,7359
12-02-2026 03:30,67725.68,67787.28,67296.39,67460.39,6838
12-02-2026 04:00,67472.11,67625.35,67302.63,67340.52,5501
12-02-2026 04:30,67341.47,67467.03,66814.28,66930.43,7101
12-02-2026 05:00,66931.15,67049.09,66704.29,67011.78,6664
12-02-2026 05:30,67010.45,67434.99,66978.12,67309.52,7058
12-02-2026 06:00,67315.61,67625.00,67307.37,67389.92,6668
12-02-2026 06:30,67382.07,67795.21,67382.07,67730.72,7643
12-02-2026 07:00,67730.62,67968.49,67525.29,67619.17,7319
12-02-2026 07:30,67619.17,67723.25,67334.55,67424.23,5711
12-02-2026 08:00,67445.90,67675.56,67336.23,67351.52,5970
12-02-2026 08:30,67351.52,67482.18,67237.85,67307.87,5039
12-02-2026 09:00,67307.87,67523.83,67252.51,67504.41,4888
12-02-2026 09:30,67504.41,67607.28,67120.85,67133.06,5941
12-02-2026 10:00,67133.06,67213.56,66916.99,66936.41,5205
12-02-2026 10:30,66936.33,67131.73,66583.71,66796.27,7156
12-02-2026 11:00,66795.47,67083.67,66776.42,67066.01,4963
12-02-2026 11:30,67066.80,67274.00,66931.59,67214.14,5623
12-02-2026 12:00,67214.62,67267.19,66999.73,67028.06,5472
12-02-2026 12:30,67028.43,67262.10,66857.65,67147.38,5342
12-02-2026 13:00,67148.36,67181.49,67016.43,67146.17,5246
12-02-2026 13:30,67142.99,67261.09,66814.98,66849.33,6118
12-02-2026 14:00,66849.33,67080.83,66831.21,67062.58,5916
12-02-2026 14:30,67062.58,67252.46,66971.13,67218.34,6657
12-02-2026 15:00,67218.34,67629.45,67169.62,67476.22,6666
12-02-2026 15:30,67473.54,67560.91,67340.67,67542.69,5591
12-02-2026 16:00,67542.94,67970.06,67535.60,67947.74,7343
12-02-2026 16:30,67947.91,68187.25,67672.64,68139.08,8252
12-02-2026 17:00,68139.65,68209.36,67935.30,68047.59,6688
12-02-2026 17:30,68040.85,68101.77,67785.72,67917.04,7707
12-02-2026 18:00,67917.04,67935.52,67647.69,67798.86,6812
12-02-2026 18:30,67798.86,67995.27,67612.38,67699.27,7460
12-02-2026 19:00,67698.95,68329.88,67656.58,68320.23,8759
12-02-2026 19:30,68318.35,68333.39,67786.66,67931.96,8280
12-02-2026 20:00,67929.09,68216.07,67436.26,67555.67,12078
12-02-2026 20:30,67553.70,67856.68,66959.95,67799.95,11719
12-02-2026 21:00,67799.69,67945.26,67004.60,67067.92,11440
12-02-2026 21:30,67072.14,67160.34,65919.95,65978.75,11651
12-02-2026 22:00,65979.31,66472.32,65479.96,65792.35,11754
12-02-2026 22:30,65789.90,66192.84,65509.56,66058.98,11509
12-02-2026 23:00,66059.10,66109.39,65293.12,65339.92,11096
12-02-2026 23:30,65339.92,65718.21,65159.71,65224.05,11080
13-02-2026 00:00,65223.73,65633.80,65043.28,65515.44,11268
13-02-2026 00:30,65518.60,65876.40,65211.87,65695.07,11229
13-02-2026 01:00,65692.85,66046.01,65676.08,65705.76,9609
13-02-2026 01:30,65707.03,65967.69,65396.02,65418.49,9774
13-02-2026 02:00,65419.99,65591.02,65129.52,65332.98,11743
13-02-2026 02:30,65338.64,65724.08,65336.86,65527.70,7002
13-02-2026 03:00,65527.70,65812.45,65498.34,65760.82,5814
13-02-2026 03:30,65760.82,65870.98,65555.47,65870.71,5503
13-02-2026 04:00,65869.86,66305.81,65797.15,66198.43,5025
13-02-2026 04:30,66197.86,66400.98,66105.32,66312.69,6488
13-02-2026 05:00,66312.69,66395.82,66071.32,66186.82,6394
13-02-2026 05:30,66186.82,66442.03,65917.02,65943.45,6851
13-02-2026 06:00,65943.53,66059.17,65780.26,65820.14,7389
13-02-2026 06:30,65819.96,66213.14,65819.96,66138.57,7453
13-02-2026 07:00,66139.28,66536.30,66138.57,66372.13,6623
13-02-2026 07:30,66372.68,66579.65,66303.99,66457.17,6246
13-02-2026 08:00,66456.69,66679.09,66382.92,66583.86,6138
13-02-2026 08:30,66583.86,66699.14,66404.34,66600.85,5351
13-02-2026 09:00,66600.85,66705.44,66376.38,66477.51,5714
13-02-2026 09:30,66477.74,66597.43,66365.62,66379.02,5460
13-02-2026 10:00,66369.60,66398.89,66224.33,66247.24,5384
13-02-2026 10:30,66247.24,66373.29,66147.25,66232.98,5471
13-02-2026 11:00,66232.84,66419.28,66092.81,66095.67,4783
13-02-2026 11:30,66095.67,66229.68,65964.07,66043.27,5250
13-02-2026 12:00,66042.24,66324.70,65926.27,66290.46,6016
13-02-2026 12:30,66290.44,66494.27,66265.64,66427.41,5835
13-02-2026 13:00,66444.14,66444.26,65967.19,66124.81,6166
13-02-2026 13:30,66124.84,66395.00,66102.20,66329.54,6926
13-02-2026 14:00,66329.53,66659.34,66287.86,66623.21,6274
13-02-2026 14:30,66621.58,66773.38,66530.96,66751.67,6271
13-02-2026 15:00,66751.67,66975.39,66691.96,66884.91,5745
13-02-2026 15:30,66884.91,66986.54,66719.77,66833.44,6090
13-02-2026 16:00,66829.80,67038.45,66760.57,66901.23,6912
13-02-2026 16:30,66901.23,66952.99,66763.74,66901.22,6543
13-02-2026 17:00,66901.26,67136.38,66699.85,67092.64,7091
13-02-2026 17:30,67089.57,67104.02,66841.67,67018.71,5991
13-02-2026 18:00,67018.25,67130.74,66926.77,67001.26,5967
13-02-2026 18:30,67001.26,67304.83,66864.75,67259.86,7357
13-02-2026 19:00,67264.73,67542.46,67034.59,67189.17,10932
13-02-2026 19:30,67189.17,67316.10,67049.45,67234.82,9170
13-02-2026 20:00,67238.56,67949.95,66792.06,67655.53,12088
13-02-2026 20:30,67663.35,68838.61,67624.95,68838.21,11786
13-02-2026 21:00,68839.78,69223.88,68278.16,68621.97,11694
13-02-2026 21:30,68622.85,69093.12,68471.29,69006.14,10881
13-02-2026 22:00,69008.46,69344.13,68836.71,68888.41,10160
13-02-2026 22:30,68888.39,69067.35,68562.54,68893.44,10237
13-02-2026 23:00,68894.64,69168.47,68878.26,68967.70,9081
13-02-2026 23:30,68967.70,69136.80,68827.45,69005.96,8745
14-02-2026 00:00,69006.88,69335.64,68935.57,69067.35,8845
14-02-2026 00:30,69067.35,69170.79,68904.31,68942.23,7368
14-02-2026 01:00,68942.23,69059.14,68863.71,68874.69,7700
14-02-2026 01:30,68868.94,68906.73,68652.11,68755.10,7405
14-02-2026 02:00,68755.10,68888.51,68611.62,68712.46,7919
14-02-2026 02:30,68710.75,69015.09,68666.49,68836.25,4833
14-02-2026 03:00,68836.15,68870.27,68724.69,68831.07,4338
14-02-2026 03:30,68821.85,68929.83,68660.24,68806.04,3994
14-02-2026 04:00,68806.04,68931.25,68720.60,68931.25,5136
14-02-2026 04:30,68931.04,68932.83,68789.13,68840.68,3651
14-02-2026 05:00,68840.68,68916.99,68761.66,68769.28,2691
14-02-2026 05:30,68775.70,68833.19,68701.73,68832.54,3448
14-02-2026 06:00,68832.54,69074.76,68817.47,69021.86,4269
14-02-2026 06:30,69020.34,69054.70,68909.79,68992.89,3213
14-02-2026 07:00,68989.55,69010.24,68859.37,68900.58,2655
14-02-2026 07:30,68900.58,68951.84,68802.81,68840.41,2448
14-02-2026 08:00,68840.41,68873.27,68784.75,68815.00,2802
14-02-2026 08:30,68815.00,68894.22,68788.49,68875.31,2345
14-02-2026 09:00,68875.63,68946.87,68837.35,68912.19,2413
14-02-2026 09:30,68912.24,68935.05,68803.12,68847.38,2640
14-02-2026 10:00,68847.38,68864.06,68725.66,68731.97,2599
14-02-2026 10:30,68732.27,68852.54,68715.71,68819.25,2487
14-02-2026 11:00,68819.25,68823.16,68691.59,68712.90,2377
14-02-2026 11:30,68712.38,68833.24,68669.25,68832.64,2566
14-02-2026 12:00,68832.64,68872.18,68791.14,68869.81,2404
14-02-2026 12:30,68869.81,68898.52,68821.03,68892.26,2869
14-02-2026 13:00,68892.26,69275.73,68881.06,69153.40,5186
14-02-2026 13:30,69152.76,69663.75,69143.47,69434.61,7091
14-02-2026 14:00,69434.61,69810.06,69408.99,69680.16,6269
14-02-2026 14:30,69681.12,69836.46,69514.54,69530.28,3832
14-02-2026 15:00,69530.28,69701.61,69528.10,69654.78,2535
14-02-2026 15:30,69654.78,69654.78,69513.10,69557.28,3129
14-02-2026 16:00,69557.28,69620.28,69537.40,69603.50,3278
14-02-2026 16:30,69603.50,70376.64,69603.50,70131.31,6921
14-02-2026 17:00,70131.31,70483.27,69996.48,70440.65,6842
14-02-2026 17:30,70439.24,70456.05,70231.29,70292.31,4326
14-02-2026 18:00,70292.31,70303.11,69539.51,69577.09,3920
14-02-2026 18:30,69580.99,69718.05,69172.32,69217.49,4913
14-02-2026 19:00,69217.49,69538.83,69214.65,69410.20,3686
14-02-2026 19:30,69410.20,69582.95,69279.94,69409.12,3179
14-02-2026 20:00,69409.12,69813.16,69409.12,69659.83,4877
14-02-2026 20:30,69659.83,70001.66,69514.24,69826.85,4209
14-02-2026 21:00,69826.85,69917.48,69679.28,69740.44,3493
14-02-2026 21:30,69740.45,69770.04,69281.82,69379.12,5564
14-02-2026 22:00,69376.37,69736.31,69238.11,69702.78,6085
14-02-2026 22:30,69703.01,69868.27,69556.95,69770.59,4811
14-02-2026 23:00,69769.69,69829.35,69609.06,69689.66,4415
14-02-2026 23:30,69689.66,69804.93,69614.20,69682.34,3902
15-02-2026 00:00,69682.34,69754.46,69628.09,69715.96,3897
15-02-2026 00:30,69716.38,69826.76,69559.91,69782.51,3997
15-02-2026 01:00,69781.71,69862.22,69742.22,69822.60,3832
15-02-2026 01:30,69822.91,69931.75,69692.92,69765.95,3789
15-02-2026 02:00,69765.95,69969.85,69745.13,69959.75,3346
15-02-2026 02:30,69959.75,70195.92,69928.73,69943.71,4768
15-02-2026 03:00,69943.71,69957.84,69612.29,69874.82,3911
15-02-2026 03:30,69874.91,69974.97,69708.91,69881.35,4691
15-02-2026 04:00,69880.70,70033.25,69862.52,69904.81,4005
15-02-2026 04:30,69903.28,69961.47,69660.77,69770.76,4061
15-02-2026 05:00,69771.12,69809.18,69719.85,69762.38,3271
15-02-2026 05:30,69762.60,69804.18,69582.43,69637.73,4153
15-02-2026 06:00,69637.73,69741.90,69544.23,69716.27,3737
15-02-2026 06:30,69716.27,69844.38,69411.44,69467.93,3955
15-02-2026 07:00,69467.93,69660.82,69292.28,69651.40,4987
15-02-2026 07:30,69651.00,69698.65,69339.86,69409.87,4498
15-02-2026 08:00,69409.52,69519.96,69300.00,69429.81,3343
15-02-2026 08:30,69429.28,69535.71,69384.60,69384.60,3366
15-02-2026 09:00,69384.60,69945.54,69195.42,69904.44,6310
15-02-2026 09:30,69904.44,70469.82,69886.14,70148.46,6728
15-02-2026 10:00,70148.01,70329.64,70065.29,70137.60,4434
15-02-2026 10:30,70137.60,70423.34,70081.20,70278.47,4843
15-02-2026 11:00,70278.47,70399.51,70212.87,70212.87,4550
15-02-2026 11:30,70212.87,70474.33,70132.40,70327.31,3860
15-02-2026 12:00,70327.31,70482.57,70237.93,70354.32,4257
15-02-2026 12:30,70354.32,70828.41,70255.44,70623.26,5939
15-02-2026 13:00,70623.11,70870.47,70533.90,70770.09,6179
15-02-2026 13:30,70770.09,70920.04,70508.08,70508.08,6251
15-02-2026 14:00,70508.08,70549.13,70130.07,70384.14,6549
15-02-2026 14:30,70384.14,70603.42,70322.67,70572.72,4854
15-02-2026 15:00,70572.26,70576.56,70311.75,70365.22,3719
15-02-2026 15:30,70365.22,70408.56,70157.93,70379.19,5549
15-02-2026 16:00,70379.19,70470.74,70243.55,70370.25,4257
15-02-2026 16:30,70370.75,70480.23,70288.79,70326.83,2744
15-02-2026 17:00,70327.33,70335.15,70211.67,70239.68,4059
15-02-2026 17:30,70239.68,70333.06,70007.80,70308.85,5130
15-02-2026 18:00,70308.85,70356.40,69244.74,69253.54,7024
15-02-2026 18:30,69251.59,69564.07,68962.91,68975.43,7921
15-02-2026 19:00,68989.67,69110.04,68723.03,68873.25,7021
15-02-2026 19:30,68876.30,69056.16,68779.35,69021.39,6541
15-02-2026 20:00,69021.39,69154.93,68920.50,69114.86,5030
15-02-2026 20:30,69114.86,69196.18,68822.74,68836.29,5511
15-02-2026 21:00,68835.22,69045.36,68827.00,69044.13,4986
15-02-2026 21:30,69044.14,69044.14,68735.55,69016.82,5021
15-02-2026 22:00,69016.50,69043.59,68863.65,68965.75,3668
15-02-2026 22:30,68965.67,69034.68,68869.38,68937.30,3629
15-02-2026 23:00,68937.30,68999.68,68167.82,68578.00,7025
15-02-2026 23:30,68577.48,68726.41,68367.87,68491.62,6402
16-02-2026 00:00,68491.67,68663.06,68291.67,68387.18,6528
16-02-2026 00:30,68387.18,68491.76,67996.24,68477.98,6637
16-02-2026 01:00,68478.90,68489.13,68143.34,68223.77,4760
16-02-2026 01:30,68223.77,68430.27,68059.16,68418.45,4645
16-02-2026 02:00,68418.45,68499.98,68333.48,68386.34,3104
16-02-2026 02:30,68386.34,68733.93,68385.65,68733.93,4258
16-02-2026 03:00,68732.63,68884.85,68643.53,68809.46,4067
16-02-2026 03:30,68809.46,68980.90,68729.20,68946.16,3963
16-02-2026 04:00,68946.16,69021.45,68856.02,68930.24,4003
16-02-2026 04:30,68929.80,68929.80,68253.51,68589.16,7171
16-02-2026 05:00,68589.16,68779.80,68483.18,68768.09,4795
16-02-2026 05:30,68774.09,68990.52,68659.94,68785.05,6038
16-02-2026 06:00,68784.81,68907.49,68637.89,68784.22,4866
16-02-2026 06:30,68784.22,68980.16,68599.87,68666.00,5008
16-02-2026 07:00,68666.32,68706.00,68385.86,68561.89,5234
16-02-2026 07:30,68560.18,68678.29,68271.24,68290.56,6232
16-02-2026 08:00,68290.55,68463.50,68178.74,68261.74,6067
16-02-2026 08:30,68262.36,68386.09,68105.19,68117.39,5108
16-02-2026 09:00,68117.39,68398.33,68084.27,68358.07,4434
16-02-2026 09:30,68358.01,68733.48,68349.27,68714.61,4940
16-02-2026 10:00,68714.61,68828.90,68621.97,68805.41,3513
16-02-2026 10:30,68804.90,68832.64,68319.74,68393.34,3366
16-02-2026 11:00,68393.86,68435.13,68226.91,68320.22,2728
16-02-2026 11:30,68320.22,68379.06,68167.03,68278.77,2359
16-02-2026 12:00,68278.77,68465.08,68263.47,68384.79,2750
16-02-2026 12:30,68384.79,68606.37,68308.21,68505.93,3439
16-02-2026 13:00,68505.93,68569.87,68362.72,68519.78,3415
16-02-2026 13:30,68518.23,68679.99,68473.24,68666.62,3276
16-02-2026 14:00,68666.47,68735.89,68566.49,68698.14,3493
16-02-2026 14:30,68698.14,68914.79,68679.88,68899.64,4033
16-02-2026 15:00,68899.64,68984.69,68811.96,68931.26,3940
16-02-2026 15:30,68931.25,68931.25,68634.53,68730.22,3117
16-02-2026 16:00,68730.11,68870.53,68669.23,68731.49,3235
16-02-2026 16:30,68731.22,68793.46,68273.28,68602.21,5123
16-02-2026 17:00,68602.15,68859.49,68500.07,68763.10,4413
16-02-2026 17:30,68763.12,69539.00,68748.64,69446.12,5397
16-02-2026 18:00,69444.52,69773.53,69225.35,69696.83,8136
16-02-2026 18:30,69696.83,70059.08,68493.85,68646.55,8971
16-02-2026 19:00,68646.92,68837.96,68171.12,68337.15,9525
16-02-2026 19:30,68337.13,68585.36,68203.40,68249.01,9266
16-02-2026 20:00,68248.55,68635.59,68209.20,68355.13,8376
16-02-2026 20:30,68355.13,68526.70,68174.28,68174.28,7300
16-02-2026 21:00,68174.28,68198.81,67229.74,67473.09,10330
16-02-2026 21:30,67473.09,67774.83,67445.93,67711.66,8645
16-02-2026 22:00,67711.66,67902.47,67543.50,67824.58,6987
16-02-2026 22:30,67824.58,67918.38,67535.33,67870.99,6319
16-02-2026 23:00,67870.99,68009.46,67833.26,67879.60,6127
16-02-2026 23:30,67879.60,68180.01,67847.78,68059.80,4650
17-02-2026 00:00,68069.43,68070.50,67772.26,67802.21,4908
17-02-2026 00:30,67802.21,67980.00,67768.29,67900.01,4359
17-02-2026 01:00,67900.28,68066.50,67831.90,67853.77,4451
17-02-2026 01:30,67853.77,68161.93,67765.28,68161.93,4976
17-02-2026 02:00,68163.03,68492.98,68036.08,68464.07,4808
17-02-2026 02:30,68468.48,68562.16,68355.90,68462.98,5107
17-02-2026 03:00,68466.65,68866.96,68394.97,68796.60,4777
17-02-2026 03:30,68796.25,68824.75,68519.17,68540.05,4933
17-02-2026 04:00,68540.47,68666.90,68451.33,68531.50,4947
17-02-2026 04:30,68531.74,68779.36,68473.13,68583.99,5300
17-02-2026 05:00,68583.99,68924.70,68556.74,68830.06,4643
17-02-2026 05:30,68830.06,68869.40,68633.94,68815.94,5835
17-02-2026 06:00,68815.04,68977.15,68771.53,68822.20,4830
17-02-2026 06:30,68822.20,68937.76,68715.58,68807.72,5273
17-02-2026 07:00,68807.72,68930.95,68506.47,68547.99,5585
17-02-2026 07:30,68547.99,69139.98,68326.09,68984.98,7508
17-02-2026 08:00,68981.98,69018.30,68769.65,68772.49,5061
17-02-2026 08:30,68770.22,68799.27,68518.75,68577.30,5484
17-02-2026 09:00,68577.12,68595.46,68400.08,68404.61,4357
17-02-2026 09:30,68404.80,68642.01,68323.95,68541.15,4043
17-02-2026 10:00,68539.68,68539.68,68221.80,68413.64,3413
17-02-2026 10:30,68413.21,68448.46,67878.62,67986.98,4871
17-02-2026 11:00,67986.98,68218.60,67824.77,68176.31,4916
17-02-2026 11:30,68176.31,68413.57,68170.11,68375.87,4085
17-02-2026 12:00,68373.75,68460.99,68327.25,68341.17,3272
17-02-2026 12:30,68341.97,68344.47,68144.24,68152.64,3604
17-02-2026 13:00,68152.64,68418.49,68098.07,68328.84,3854
17-02-2026 13:30,68328.61,68418.01,68209.81,68233.27,4722
17-02-2026 14:00,68232.12,68290.60,68041.94,68109.84,4024
17-02-2026 14:30,68109.92,68241.02,67924.58,67962.99,4390
17-02-2026 15:00,67962.99,68100.48,67920.81,68058.44,4033
17-02-2026 15:30,68058.44,68124.09,67729.98,67840.60,4188
17-02-2026 16:00,67840.60,67874.87,67650.28,67772.60,4745
17-02-2026 16:30,67772.60,67862.82,67618.22,67837.10,4431
17-02-2026 17:00,67837.10,67852.82,67646.97,67782.89,3334
17-02-2026 17:30,67782.89,68096.40,67755.49,68040.75,5177
17-02-2026 18:00,68040.78,68238.82,67790.89,67853.30,4180
17-02-2026 18:30,67853.30,68294.35,67665.05,68051.76,7170
17-02-2026 19:00,68051.76,68292.98,67889.50,68064.27,6036
17-02-2026 19:30,68064.27,68272.03,67922.07,67962.70,7089
17-02-2026 20:00,67962.62,68176.87,66665.78,66804.23,11543
17-02-2026 20:30,66806.33,67087.60,66667.69,66776.06,11015
17-02-2026 21:00,66777.39,67354.76,66569.82,67331.07,10622
17-02-2026 21:30,67330.59,67905.13,67260.09,67473.46,10430
17-02-2026 22:00,67478.99,68072.99,67367.64,67463.70,10682
17-02-2026 22:30,67464.80,67650.08,67006.74,67408.25,10220
17-02-2026 23:00,67408.22,67428.31,66813.66,67175.29,9890
17-02-2026 23:30,67175.29,67743.28,67053.10,67660.69,9561
18-02-2026 00:00,67668.89,68175.35,67642.70,68030.59,8364
18-02-2026 00:30,68030.14,68166.66,67793.88,67819.37,8836
18-02-2026 01:00,67819.67,68009.79,67682.73,67726.26,7586
18-02-2026 01:30,67727.46,67787.59,67422.07,67675.42,8112
18-02-2026 02:00,67674.06,67868.12,67479.99,67725.59,7661
18-02-2026 02:30,67723.16,67861.53,67513.72,67524.40,5679
18-02-2026 03:00,67527.40,67622.69,67477.41,67613.12,3892
18-02-2026 03:30,67613.12,67639.66,67467.91,67637.81,3263
18-02-2026 04:00,67637.81,67722.16,67452.73,67463.81,3304
18-02-2026 04:30,67465.77,67566.05,67319.31,67378.13,4581
18-02-2026 05:00,67378.13,67518.45,67326.19,67447.44,3879
18-02-2026 05:30,67447.44,67570.48,67382.06,67440.88,4554
18-02-2026 06:00,67441.36,67550.45,67232.29,67246.27,4593
18-02-2026 06:30,67247.17,67315.18,66982.94,66990.89,5821
18-02-2026 07:00,66990.51,67132.97,66837.46,67104.41,5751
18-02-2026 07:30,67104.41,67342.78,67084.79,67155.44,4840
18-02-2026 08:00,67155.44,67362.96,67146.78,67270.59,3665
18-02-2026 08:30,67270.48,67488.59,67270.48,67480.69,3648
18-02-2026 09:00,67480.69,67647.63,67444.76,67561.40,4046
18-02-2026 09:30,67561.37,67652.88,67436.25,67614.07,3684
18-02-2026 10:00,67614.13,67832.02,67576.02,67760.70,2854
18-02-2026 10:30,67760.70,67873.73,67649.46,67665.61,2902
18-02-2026 11:00,67665.61,67700.59,67535.71,67581.60,2777
18-02-2026 11:30,67581.60,67845.26,67552.39,67804.63,2439
18-02-2026 12:00,67804.63,67915.19,67761.96,67784.50,2991
18-02-2026 12:30,67784.50,67824.60,67635.30,67687.34,2557
18-02-2026 13:00,67687.34,68163.03,67678.65,68057.50,4885
18-02-2026 13:30,68057.04,68412.75,68033.42,68226.06,5877
18-02-2026 14:00,68226.06,68245.18,68005.90,68066.81,4363
18-02-2026 14:30,68066.81,68198.84,67950.70,68091.85,4100
18-02-2026 15:00,68091.85,68219.02,68066.03,68093.78,3745
18-02-2026 15:30,68093.78,68116.01,67913.69,67974.29,4568
18-02-2026 16:00,67975.85,67977.92,67667.55,67738.72,5750
18-02-2026 16:30,67739.22,67742.25,67023.67,67396.51,6721
18-02-2026 17:00,67396.54,67544.13,67300.89,67311.10,4000
18-02-2026 17:30,67311.10,67626.83,67309.10,67508.66,5734
18-02-2026 18:00,67508.97,67543.11,67288.96,67402.53,6270
18-02-2026 18:30,67402.36,67540.94,67320.78,67416.53,5381
18-02-2026 19:00,67416.11,67434.04,66994.82,67184.31,6833
18-02-2026 19:30,67184.31,67310.63,67015.35,67023.57,7446
18-02-2026 20:00,67022.98,67258.26,66666.71,67159.63,11624
18-02-2026 20:30,67160.32,67486.47,67131.23,67274.30,10456
18-02-2026 21:00,67269.57,68298.81,67243.38,67636.33,10019
18-02-2026 21:30,67636.28,67642.69,66933.20,67194.45,9903
18-02-2026 22:00,67194.90,67270.78,66971.38,67079.71,8836
18-02-2026 22:30,67079.81,67428.95,66992.39,67075.56,8683
18-02-2026 23:00,67076.09,67174.77,67027.43,67129.14,6726
18-02-2026 23:30,67132.15,67177.12,66588.96,66815.49,7783
19-02-2026 00:00,66813.55,66880.50,66179.34,66297.35,10002
19-02-2026 00:30,66294.73,66559.69,66078.86,66147.89,10098
19-02-2026 01:00,66148.13,66306.78,65892.79,66113.99,7533
19-02-2026 01:30,66111.67,66308.48,66083.19,66240.14,8664
19-02-2026 02:00,66240.27,66475.18,66113.04,66200.43,9663
19-02-2026 02:30,66203.17,66349.98,66035.00,66349.90,5773
19-02-2026 03:00,66349.89,66438.17,66202.95,66272.17,5361
19-02-2026 03:30,66269.57,66332.46,66168.72,66254.86,5608
19-02-2026 04:00,66254.16,66415.68,66254.16,66341.88,5033
19-02-2026 04:30,66341.88,66386.88,66208.99,66259.10,5137
19-02-2026 05:00,66259.10,66438.24,66258.58,66396.18,5533
19-02-2026 05:30,66394.91,66529.46,66295.79,66336.12,4620
19-02-2026 06:00,66336.36,66498.18,66296.34,66381.25,5063
19-02-2026 06:30,66381.45,66708.87,66379.59,66642.01,5254
19-02-2026 07:00,66642.01,66813.35,66560.13,66808.34,4352
19-02-2026 07:30,66808.34,66896.79,66688.54,66876.81,4132
19-02-2026 08:00,66880.20,66881.32,66572.19,66776.19,3978
19-02-2026 08:30,66776.19,66894.00,66661.75,66892.70,3607
19-02-2026 09:00,66892.70,66926.07,66787.39,66916.06,2551
19-02-2026 09:30,66916.06,67000.20,66786.88,66825.70,2946
19-02-2026 10:00,66827.83,66887.50,66701.00,66737.66,3957
19-02-2026 10:30,66737.66,66830.35,66625.18,66675.57,3992
19-02-2026 11:00,66676.07,66817.33,66651.23,66813.04,3267
19-02-2026 11:30,66813.04,67155.36,66806.64,67120.02,3706
19-02-2026 12:00,67120.02,67227.94,67033.88,67090.59,4417
19-02-2026 12:30,67090.59,67209.41,66976.36,67155.18,3550
19-02-2026 13:00,67155.18,67257.05,67054.91,67147.21,3398
19-02-2026 13:30,67147.21,67147.21,66810.78,66851.28,5003
19-02-2026 14:00,66851.28,66904.69,66731.34,66903.33,5060
19-02-2026 14:30,66903.07,67127.48,66811.04,67069.87,4860
19-02-2026 15:00,67069.87,67084.66,66691.36,66774.20,4460
19-02-2026 15:30,66774.20,66877.32,66674.73,66809.28,4607
19-02-2026 16:00,66809.28,66903.33,66702.44,66779.96,4655
19-02-2026 16:30,66779.91,66874.45,66758.62,66780.89,3513
19-02-2026 17:00,66780.89,66785.90,66409.75,66430.09,4494
19-02-2026 17:30,66430.09,66621.38,66266.15,66605.82,5423
19-02-2026 18:00,66605.47,66612.27,66396.40,66458.66,4153
19-02-2026 18:30,66458.61,66500.29,66081.71,66119.31,6867
19-02-2026 19:00,66119.31,66246.25,65721.57,65866.98,8371
19-02-2026 19:30,65858.08,66043.69,65777.92,65920.62,6927
19-02-2026 20:00,65921.59,66616.91,65590.40,66367.69,11468
19-02-2026 20:30,66367.69,66663.03,65922.17,65987.70,10699
19-02-2026 21:00,65987.56,66534.57,65921.83,66342.02,9841
19-02-2026 21:30,66335.77,66337.97,65869.06,66124.96,9124
19-02-2026 22:00,66124.96,66461.42,66124.96,66238.44,8800
19-02-2026 22:30,66238.44,67000.40,66202.37,66560.53,9177
19-02-2026 23:00,66560.53,66663.91,66109.63,66307.72,7964
19-02-2026 23:30,66307.72,66868.31,66187.41,66847.48,8564
20-02-2026 00:00,66847.22,67012.59,66649.07,66975.08,8151
20-02-2026 00:30,66975.08,67121.53,66795.58,66885.76,8421
20-02-2026 01:00,66886.23,67068.28,66647.74,66995.91,7852
20-02-2026 01:30,66995.60,67072.26,66780.47,66885.73,6557
20-02-2026 02:00,66884.75,67117.40,66847.29,67067.61,7037
20-02-2026 02:30,67078.42,67117.83,66942.13,66980.97,4753
20-02-2026 03:00,66983.62,67022.65,66849.73,66864.91,3043
20-02-2026 03:30,66864.90,66878.06,66713.91,66714.89,4602
20-02-2026 04:00,66714.89,66944.52,66593.78,66872.37,4970
20-02-2026 04:30,66869.11,66962.21,66759.55,66934.67,4547
20-02-2026 05:00,66934.67,66971.02,66850.19,66947.57,3482
20-02-2026 05:30,66946.97,67377.15,66884.32,67331.94,5838
20-02-2026 06:00,67331.94,67331.94,67146.39,67171.74,4765
20-02-2026 06:30,67172.34,67301.10,67094.59,67148.30,4859
20-02-2026 07:00,67152.86,67291.05,67108.92,67224.35,4508
20-02-2026 07:30,67224.80,67288.73,67121.24,67139.93,3731
20-02-2026 08:00,67139.93,67275.04,67139.93,67185.89,3591
20-02-2026 08:30,67185.36,67423.05,67182.23,67357.26,4095
20-02-2026 09:00,67357.48,67425.92,67248.85,67305.34,4059
20-02-2026 09:30,67305.41,67335.85,67054.30,67167.10,4220
20-02-2026 10:00,67167.17,67272.78,67120.05,67208.15,2763
20-02-2026 10:30,67208.15,67395.34,67150.14,67351.21,1899
20-02-2026 11:00,67351.21,67958.95,67350.77,67736.45,6678
20-02-2026 11:30,67736.45,67840.24,67630.22,67669.79,4612
20-02-2026 12:00,67670.44,67840.80,67610.76,67792.29,4279
20-02-2026 12:30,67792.29,67945.63,67722.21,67901.48,3530
20-02-2026 13:00,67901.53,67906.13,67715.94,67775.90,4211
20-02-2026 13:30,67775.90,67892.97,67750.64,67811.99,4202
20-02-2026 14:00,67812.22,67851.66,67706.53,67823.76,3888
20-02-2026 14:30,67824.24,68153.18,67823.97,68145.92,5373
20-02-2026 15:00,68145.92,68175.28,68061.09,68163.74,4028
20-02-2026 15:30,68163.74,68258.16,68047.16,68210.63,4302
20-02-2026 16:00,68210.63,68239.90,67725.55,67891.70,3559
20-02-2026 16:30,67891.70,67919.71,67727.56,67817.86,3539
20-02-2026 17:00,67818.70,67839.11,67229.03,67251.12,4162
20-02-2026 17:30,67251.12,67480.41,67229.03,67273.47,4077
20-02-2026 18:00,67273.47,67554.25,67256.56,67489.91,3581
20-02-2026 18:30,67490.58,67490.58,66932.54,67146.96,4083
20-02-2026 19:00,67146.96,67151.50,66392.56,66755.62,8394
20-02-2026 19:30,66755.62,67051.95,66615.25,66973.20,5234
20-02-2026 20:00,66973.20,67289.11,66800.81,67025.12,9840
20-02-2026 20:30,67023.44,68039.63,67021.94,67327.06,8148
20-02-2026 21:00,67333.60,67650.65,67012.73,67562.32,7219
20-02-2026 21:30,67560.32,67889.19,67271.55,67282.49,7075
20-02-2026 22:00,67282.49,67880.04,67254.17,67791.80,6643
20-02-2026 22:30,67783.73,67791.80,66973.18,66988.47,7598
20-02-2026 23:00,66988.47,67638.98,66905.16,67572.06,6856
20-02-2026 23:30,67572.87,67743.74,67415.75,67625.06,5989
21-02-2026 00:00,67620.95,67966.96,67504.60,67886.11,6656
21-02-2026 00:30,67886.11,67966.90,67515.83,67571.85,5065
21-02-2026 01:00,67571.85,67802.96,67484.15,67597.00,4441
21-02-2026 01:30,67597.00,67795.61,67521.18,67541.71,4073
21-02-2026 02:00,67541.71,67722.41,67487.61,67701.31,3911
21-02-2026 02:30,67701.31,67761.80,67589.13,67699.15,2792
21-02-2026 03:00,67697.90,67779.81,67654.36,67779.80,2668
21-02-2026 03:30,67779.80,67934.81,67572.75,67869.42,3207
21-02-2026 04:00,67869.42,68045.16,67823.16,68011.66,4672
21-02-2026 04:30,68012.00,68159.56,67888.13,67932.57,3127
21-02-2026 05:00,67932.57,67975.61,67859.34,67959.30,2769
21-02-2026 05:30,67960.49,67983.53,67821.07,67859.06,2861
21-02-2026 06:00,67859.06,67881.10,67724.64,67770.35,1564
21-02-2026 06:30,67770.35,67862.51,67769.89,67808.55,1448
21-02-2026 07:00,67808.55,67946.64,67808.55,67891.55,1762
21-02-2026 07:30,67891.55,68013.37,67849.50,68000.80,1496
21-02-2026 08:00,68000.80,68040.74,67928.75,67937.61,1270
21-02-2026 08:30,67937.61,67937.61,67616.00,67740.97,1663
21-02-2026 09:00,67740.97,67775.60,67477.14,67539.48,3234
21-02-2026 09:30,67539.48,67539.48,67539.48,67539.48,1
21-02-2026 11:00,67460.49,67816.74,67318.20,67804.46,1921
21-02-2026 11:30,67804.46,67840.87,67789.66,67818.81,2257
21-02-2026 12:00,67818.84,67818.91,67691.69,67722.81,2304
21-02-2026 12:30,67722.81,67802.96,67697.95,67792.57,1733
21-02-2026 13:00,67792.57,67818.15,67759.25,67799.25,2314
21-02-2026 13:30,67799.25,67926.36,67763.00,67907.58,2006
21-02-2026 14:00,67907.58,68012.53,67874.84,67993.96,3879
21-02-2026 14:30,67993.96,68197.56,67914.24,68171.11,2425
21-02-2026 15:00,68171.11,68240.74,68070.69,68083.98,3470
21-02-2026 15:30,68083.98,68182.38,68077.46,68127.85,2662
21-02-2026 16:00,68127.85,68176.02,68092.16,68144.78,2355
21-02-2026 16:30,68144.78,68220.46,68114.17,68119.80,3222
21-02-2026 17:00,68119.80,68147.22,68018.89,68040.46,1975
21-02-2026 17:30,68040.46,68049.26,67895.84,67913.26,2067
21-02-2026 18:00,67913.26,68154.04,67860.09,68143.49,3046
21-02-2026 18:30,68143.49,68193.04,68042.67,68169.42,1758
21-02-2026 19:00,68169.42,68203.90,68098.20,68194.73,2312
21-02-2026 19:30,68193.66,68541.27,68125.41,68380.02,4049
21-02-2026 20:00,68380.02,68567.34,68349.06,68387.84,4323
21-02-2026 20:30,68387.84,68511.63,68386.82,68412.94,2757
21-02-2026 21:00,68412.94,68637.65,68370.03,68552.52,3911
21-02-2026 21:30,68552.53,68567.74,68043.29,68211.14,5389
21-02-2026 22:00,68211.14,68302.45,68088.99,68267.37,3276
21-02-2026 22:30,68267.23,68301.08,68136.81,68230.77,3246
21-02-2026 23:00,68230.77,68416.71,68217.05,68373.82,2705
21-02-2026 23:30,68376.05,68496.72,68353.63,68438.54,1920
22-02-2026 00:00,68438.54,68583.51,68431.67,68518.15,2812
22-02-2026 00:30,68518.15,68600.53,68464.29,68533.13,2168
22-02-2026 01:00,68531.14,68592.41,68477.50,68481.09,1986
22-02-2026 01:30,68481.09,68543.35,68423.61,68509.04,1709
22-02-2026 02:00,68509.04,68521.01,68147.11,68160.68,2761
22-02-2026 02:30,68160.68,68324.10,68143.32,68294.09,3132
22-02-2026 03:00,68294.09,68331.91,68224.49,68327.50,1928
22-02-2026 03:30,68327.50,68439.03,68166.38,68217.75,2132
22-02-2026 04:00,68217.76,68237.37,67855.68,67913.37,4263
22-02-2026 04:30,67913.37,68035.66,67885.71,68020.38,1872
22-02-2026 05:00,68020.38,68057.26,67912.18,67941.54,2179
22-02-2026 05:30,67920.87,68012.21,67759.70,67811.72,3173
22-02-2026 06:00,67811.72,67900.11,67774.28,67881.78,1873
22-02-2026 06:30,67881.78,68057.26,67876.44,68057.26,1247
22-02-2026 07:00,68057.26,68115.96,67978.89,68091.86,1508
22-02-2026 07:30,68091.86,68159.22,67985.88,67986.36,1754
22-02-2026 08:00,67986.36,68058.10,67808.74,67845.70,1240
22-02-2026 08:30,67845.70,67981.80,67765.02,67903.04,1702
22-02-2026 09:00,67903.04,68000.05,67834.07,67979.74,1389
22-02-2026 09:30,67979.74,68020.39,67915.04,67947.45,1543
22-02-2026 10:00,67948.46,67986.51,67900.21,67918.81,1253
22-02-2026 10:30,67918.81,67950.27,67816.04,67892.46,815
22-02-2026 11:00,67892.46,67923.27,67824.98,67920.40,620
22-02-2026 11:30,67920.40,68120.78,67906.30,68053.03,922
22-02-2026 12:00,68053.03,68116.45,67976.34,67986.54,488
22-02-2026 12:30,67986.54,67993.83,67934.38,67971.84,487
22-02-2026 13:00,67971.84,68045.88,67951.04,67956.70,442
22-02-2026 13:30,67956.70,67973.47,67862.38,67909.85,334
22-02-2026 14:00,67912.45,67947.16,67875.29,67910.28,297
22-02-2026 14:30,67908.53,68001.06,67905.86,67968.62,808
22-02-2026 15:00,67968.62,68052.02,67936.87,68004.17,966
22-02-2026 15:30,68004.17,68079.92,67955.68,68044.59,600
22-02-2026 16:00,68045.86,68101.18,68022.46,68081.56,1141
22-02-2026 16:30,68081.56,68204.27,68078.79,68180.52,1619
22-02-2026 17:00,68180.52,68186.02,68102.03,68156.80,970
22-02-2026 17:30,68156.80,68185.42,67923.44,68025.37,3043
22-02-2026 18:00,68025.37,68025.37,67828.57,67884.49,2258
22-02-2026 18:30,67884.49,67986.93,67864.16,67873.05,1862
22-02-2026 19:00,67873.05,67913.31,67510.35,67595.08,4214
22-02-2026 19:30,67595.08,67625.49,67439.10,67573.56,2691
22-02-2026 20:00,67573.56,67628.70,67296.53,67379.53,2907
22-02-2026 20:30,67379.53,67541.50,67241.44,67541.16,2668
22-02-2026 21:00,67541.36,67756.47,67481.60,67632.41,2220
22-02-2026 21:30,67632.41,67655.03,67476.90,67489.68,2241
22-02-2026 22:00,67470.51,67586.94,67459.50,67568.18,2000
22-02-2026 22:30,67568.18,67575.68,67426.50,67426.65,1772
22-02-2026 23:00,67426.65,67476.91,67127.27,67318.25,3888
22-02-2026 23:30,67318.25,67396.39,67256.93,67282.24,1260
23-02-2026 00:00,67282.24,67398.36,67260.58,67357.45,1324
23-02-2026 00:30,67357.45,67406.77,67343.87,67367.88,720
23-02-2026 01:00,67367.88,67406.77,67336.37,67350.85,777
23-02-2026 01:30,67350.85,67408.14,67288.45,67376.82,1594
23-02-2026 02:00,67376.82,67410.10,67281.48,67325.41,1277
23-02-2026 02:30,67325.41,67427.36,67325.41,67385.00,1571
23-02-2026 03:00,67384.99,67559.26,67382.46,67537.09,1272
23-02-2026 03:30,67537.09,67625.13,67409.10,67519.73,1781
23-02-2026 04:00,67519.73,67677.80,67464.71,67596.99,2748
23-02-2026 04:30,67596.99,67648.03,67409.52,67546.78,2893
23-02-2026 05:00,67546.78,67673.04,67429.62,67592.38,2148
23-02-2026 05:30,67592.35,67630.86,67342.45,67412.11,2981
23-02-2026 06:00,67413.13,67413.13,66675.43,66678.95,4495
23-02-2026 06:30,66679.62,66679.93,64969.11,65011.91,8770
23-02-2026 07:00,65011.91,65361.79,64327.66,64359.98,8120
23-02-2026 07:30,64359.85,64774.31,64284.79,64715.85,6508
23-02-2026 08:00,64720.80,64878.88,64644.77,64744.94,3815
23-02-2026 08:30,64744.94,65015.37,64648.01,64719.67,3597
23-02-2026 09:00,64719.67,64976.75,64679.56,64897.04,2901
23-02-2026 09:30,64896.95,64993.46,64679.76,64731.94,2815
23-02-2026 10:00,64731.94,64781.55,64646.74,64775.65,2305
23-02-2026 10:30,64775.65,65184.87,64775.65,64999.87,3317
23-02-2026 11:00,64999.87,65095.68,64917.08,65022.97,2422
23-02-2026 11:30,65021.79,65405.93,64999.52,65264.89,3257
23-02-2026 12:00,65264.89,65769.43,65250.39,65723.56,3700
23-02-2026 12:30,65723.56,65859.21,65578.55,65660.38,3457
23-02-2026 13:00,65659.53,65967.73,65648.87,65918.48,3049
23-02-2026 13:30,65918.48,65924.01,65558.55,65647.15,3389
23-02-2026 14:00,65647.15,65701.00,65540.03,65633.35,3087
23-02-2026 14:30,65633.35,65843.63,65631.91,65808.80,2581
23-02-2026 15:00,65808.80,66426.16,65787.64,66380.06,4676
23-02-2026 15:30,66380.06,66567.56,66232.74,66329.35,4145
23-02-2026 16:00,66329.35,66379.85,66190.42,66293.37,3030
23-02-2026 16:30,66294.07,66464.15,66215.02,66289.47,2603
23-02-2026 17:00,66289.47,66296.26,66076.37,66169.37,2618
23-02-2026 17:30,66169.37,66231.73,66014.33,66107.35,2783
23-02-2026 18:00,66107.35,66465.21,65853.51,66252.98,4306
23-02-2026 18:30,66252.98,66345.42,66091.11,66194.51,3057
23-02-2026 19:00,66194.51,66410.05,66064.60,66098.63,3779
23-02-2026 19:30,66098.63,66240.53,66013.23,66045.30,3299
23-02-2026 20:00,66045.30,66199.49,65478.03,65876.84,7380
23-02-2026 20:30,65876.86,66206.30,65672.74,65751.86,7640
23-02-2026 21:00,65751.86,65892.63,65540.60,65606.85,6932
23-02-2026 21:30,65606.83,65646.60,65136.09,65591.01,7409
23-02-2026 22:00,65591.01,65693.20,65273.88,65333.87,6988
23-02-2026 22:30,65333.87,65419.13,64544.57,64547.28,7769
23-02-2026 23:00,64548.87,64771.84,64136.20,64771.84,8409
23-02-2026 23:30,64773.69,64865.79,64565.51,64781.40,6980
24-02-2026 00:00,64782.07,65139.52,64549.29,64593.56,6002
24-02-2026 00:30,64596.69,64803.67,64324.69,64412.61,6528
24-02-2026 01:00,64412.61,64504.21,64070.08,64249.31,7055
24-02-2026 01:30,64249.44,64330.88,63840.07,63975.74,6963
24-02-2026 02:00,63975.74,64443.31,63954.98,64432.75,6588
24-02-2026 02:30,64432.97,64663.61,64421.33,64516.58,4101
24-02-2026 03:00,64516.58,64742.40,64482.44,64543.89,3166
24-02-2026 03:30,64543.89,64975.89,64507.80,64895.05,3236
24-02-2026 04:00,64895.05,64895.05,64597.22,64678.52,3382
24-02-2026 04:30,64678.52,64853.96,64654.84,64787.61,3627
24-02-2026 05:00,64787.61,64834.43,64482.94,64601.63,2463
24-02-2026 05:30,64601.63,64962.90,64601.63,64808.19,3175
24-02-2026 06:00,64808.19,64950.93,64773.17,64885.04,3006
24-02-2026 06:30,64885.04,64885.04,63424.49,64374.98,6717
24-02-2026 07:00,64378.38,64565.35,64017.08,64104.29,6677
24-02-2026 07:30,64109.91,64284.15,63951.74,64267.73,5602
24-02-2026 08:00,64267.73,64454.58,64029.16,64066.37,3889
24-02-2026 08:30,64058.37,64058.37,63516.75,63643.91,6180
24-02-2026 09:00,63643.91,63735.34,63295.95,63539.02,4982
24-02-2026 09:30,63539.02,63571.24,62833.85,63170.62,5692
24-02-2026 10:00,63170.62,63347.52,62939.65,63323.72,4893
24-02-2026 10:30,63323.72,63493.48,62671.35,62772.06,5482
24-02-2026 11:00,62775.08,63074.51,62681.48,63059.98,5282
24-02-2026 11:30,63059.98,63262.72,62850.90,63162.03,4272
24-02-2026 12:00,63162.03,63278.91,62906.19,63039.29,4457
24-02-2026 12:30,63039.29,63320.07,62874.83,63237.93,4735
24-02-2026 13:00,63237.93,63266.58,62967.49,63147.02,3991
24-02-2026 13:30,63141.85,63289.30,62960.89,63256.88,5140
24-02-2026 14:00,63256.88,63386.30,63226.62,63352.15,4305
24-02-2026 14:30,63352.15,63375.30,63053.72,63095.20,4173
24-02-2026 15:00,63095.20,63224.56,62887.49,63213.62,4447
24-02-2026 15:30,63214.58,63286.83,63069.44,63242.59,3161
24-02-2026 16:00,63242.61,63338.01,63118.59,63253.87,4153
24-02-2026 16:30,63253.87,63297.44,63112.34,63151.99,3705
24-02-2026 17:00,63151.99,63227.94,63035.88,63201.12,2817
24-02-2026 17:30,63201.46,63321.32,63090.26,63297.16,3161
24-02-2026 18:00,63297.16,63322.97,62926.79,62935.31,3614
24-02-2026 18:30,62935.31,63084.30,62773.71,62895.86,5163
24-02-2026 19:00,62895.86,63070.25,62521.32,62887.42,6838
24-02-2026 19:30,62887.42,63008.39,62744.85,62956.55,4172
24-02-2026 20:00,62956.55,63832.11,62767.35,63444.54,7704
24-02-2026 20:30,63444.86,63954.58,63292.90,63917.25,8052
24-02-2026 21:00,63913.21,64019.83,63646.70,63962.01,7911
24-02-2026 21:30,63962.00,64415.22,63859.77,63936.08,7823
24-02-2026 22:00,63936.08,64119.37,63679.62,64072.48,3235
24-02-2026 22:30,64072.48,64072.48,64072.48,64072.48,1
24-02-2026 23:30,64305.87,64350.97,63921.41,64279.57,9571
25-02-2026 00:00,64290.52,64500.56,64275.74,64415.13,10913
25-02-2026 00:30,64413.74,64713.85,64232.31,64300.14,11867
25-02-2026 01:00,64297.20,64509.57,64285.84,64427.19,11329
25-02-2026 01:30,64428.72,64508.91,64299.12,64464.34,11339
25-02-2026 02:00,64463.97,64582.36,64374.16,64463.29,11338
25-02-2026 02:30,64463.25,64463.29,63832.97,63913.48,11206
25-02-2026 03:00,63914.21,64076.77,63862.31,64029.43,10818
25-02-2026 03:30,64024.75,64218.22,63963.56,64135.53,10594
25-02-2026 04:00,64134.30,64185.51,63978.09,64111.03,10571
25-02-2026 04:30,64110.47,64208.33,63844.46,64177.64,10796
25-02-2026 05:00,64178.80,64241.12,64017.30,64055.53,10636
25-02-2026 05:30,64057.43,64080.34,63901.03,63954.52,10609
25-02-2026 06:00,63959.24,64317.35,63958.37,64213.69,10897
25-02-2026 06:30,64211.18,66288.48,64136.23,65940.81,12714
25-02-2026 07:00,65941.97,66269.24,65773.66,65885.89,12700
25-02-2026 07:30,65883.87,66294.22,65879.42,66098.10,12428
25-02-2026 08:00,66099.19,66161.43,65852.28,65866.23,11738
25-02-2026 08:30,65864.54,65934.84,65482.18,65565.65,11828
25-02-2026 09:00,65565.27,65623.15,65334.21,65374.91,12080
25-02-2026 09:30,65374.30,65606.16,65118.96,65575.24,11820
25-02-2026 10:00,65575.61,65638.36,65387.97,65438.18,11401
25-02-2026 10:30,65431.67,65495.95,65151.90,65181.27,11158
25-02-2026 11:00,65180.74,65225.88,64739.05,64866.60,11890
25-02-2026 11:30,64865.67,65107.30,64862.33,65007.00,11284
25-02-2026 12:00,65004.90,65102.68,64846.51,64880.99,10872
25-02-2026 12:30,64880.33,65179.64,64764.43,65096.97,11144
25-02-2026 13:00,65096.05,65174.26,64863.48,65012.10,11221
25-02-2026 13:30,65012.86,65221.69,64940.01,65169.89,11574
25-02-2026 14:00,65166.47,65563.58,65161.96,65510.88,11486
25-02-2026 14:30,65507.98,65666.46,65431.59,65547.21,11629
25-02-2026 15:00,65549.57,65565.27,65413.46,65535.83,11483
25-02-2026 15:30,65536.93,65624.78,65343.72,65352.14,11204
25-02-2026 16:00,65354.00,65503.35,65334.42,65384.58,10757
25-02-2026 16:30,65377.56,65385.17,65172.76,65334.64,11075
25-02-2026 17:00,65333.05,65463.05,65308.20,65407.20,10946
25-02-2026 17:30,65404.62,65912.31,65301.82,65754.20,11708
25-02-2026 18:00,65752.59,66220.18,65725.18,66052.89,11847
25-02-2026 18:30,66054.62,66260.63,66003.31,66164.15,11768
25-02-2026 19:00,66166.57,66659.80,66128.65,66230.54,12045
25-02-2026 19:30,66227.81,66616.37,66194.54,66571.75,11819
25-02-2026 20:00,66564.06,67019.15,66192.69,66963.22,13373
25-02-2026 20:30,66978.71,67234.17,66708.62,67071.81,12685
25-02-2026 21:00,67071.20,67576.61,66956.85,67404.02,12707
25-02-2026 21:30,67416.03,68070.19,67400.79,67862.04,12716
25-02-2026 22:00,67871.61,68339.96,67814.79,68309.07,12203
25-02-2026 22:30,68314.64,68705.53,68034.13,68589.17,12913
25-02-2026 23:00,68589.33,68888.60,68409.40,68681.65,12480
25-02-2026 23:30,68686.86,69446.31,68385.54,69349.81,12571
26-02-2026 00:00,69356.48,69561.49,69203.90,69336.94,12957
26-02-2026 00:30,69342.33,69420.92,68800.43,68988.39,12478
26-02-2026 01:00,68990.51,69101.04,68787.60,69035.47,12057
26-02-2026 01:30,69041.79,69093.31,68630.12,68796.24,11908
26-02-2026 02:00,68804.46,69381.30,68768.94,69154.94,12686
26-02-2026 02:30,69168.40,69243.92,68810.22,68812.33,12176
26-02-2026 03:00,68812.25,69989.33,68779.52,68923.21,13040
26-02-2026 03:30,68924.82,69191.73,68840.24,68882.37,12269
26-02-2026 04:00,68870.63,68908.12,68059.36,68457.46,12206
26-02-2026 04:30,68442.52,68697.03,68215.56,68267.36,12079
26-02-2026 05:00,68272.90,68282.64,67597.12,67978.48,12541
26-02-2026 05:30,67978.78,68447.03,67717.47,68275.35,12693
26-02-2026 06:00,68275.94,68538.21,67969.57,68334.05,12283
26-02-2026 06:30,68333.21,68697.58,68203.77,68380.22,12149
26-02-2026 07:00,68381.08,68542.43,68210.54,68248.10,11989
26-02-2026 07:30,68249.22,68259.67,67803.82,67935.80,12573
26-02-2026 08:00,67938.00,68332.01,67935.80,68250.36,12147
26-02-2026 08:30,68251.17,68368.40,68043.63,68090.67,11857
26-02-2026 09:00,68098.02,68311.81,68036.72,68205.15,11732
26-02-2026 09:30,68204.18,68678.29,68169.45,68552.32,11805
26-02-2026 10:00,68553.46,68844.98,68539.79,68561.16,12070
26-02-2026 10:30,68561.03,68565.19,68115.33,68341.75,11851
26-02-2026 11:00,68340.83,68486.33,68249.22,68435.91,11473
26-02-2026 11:30,68440.20,68518.04,68241.57,68254.63,11592
26-02-2026 12:00,68249.86,68254.63,68057.86,68167.69,11683
26-02-2026 12:30,68170.02,68288.73,68086.11,68167.53,11254
26-02-2026 13:00,68168.34,68184.88,67818.04,67826.47,11566
26-02-2026 13:30,67829.88,68225.83,67787.84,68022.73,12083
26-02-2026 14:00,68023.35,68144.63,67897.22,67943.86,12072
26-02-2026 14:30,67946.59,68397.56,67924.83,68178.36,11725
26-02-2026 15:00,68174.52,68636.53,68133.94,68574.35,11650
26-02-2026 15:30,68574.28,68703.87,68315.53,68318.67,11666
26-02-2026 16:00,68318.16,68453.24,68241.75,68289.88,11490
26-02-2026 16:30,68291.16,68387.03,68133.78,68143.75,11294
26-02-2026 17:00,68143.00,68215.22,67945.21,68031.15,11547
26-02-2026 17:30,68029.76,68285.43,68005.52,68133.48,11565
26-02-2026 18:00,68132.78,68278.06,67993.79,68160.65,11660
26-02-2026 18:30,68160.70,68204.61,67926.55,68138.37,12043
26-02-2026 19:00,68136.50,68183.53,67832.69,67888.15,12297
26-02-2026 19:30,67887.41,68132.82,67653.48,68101.22,12689
26-02-2026 20:00,68099.71,68255.15,67265.32,67691.54,13558
26-02-2026 20:30,67688.87,67733.25,66845.73,66969.88,13268
26-02-2026 21:00,66971.29,67571.39,66751.19,67376.56,13005
26-02-2026 21:30,67379.04,67548.51,67044.84,67440.77,13096
26-02-2026 22:00,67438.11,67448.45,66491.76,66631.43,13177
26-02-2026 22:30,66627.01,67034.10,66591.90,66925.88,13215
26-02-2026 23:00,66922.08,67015.16,66604.16,66810.11,12548
26-02-2026 23:30,66809.39,67013.27,66559.16,66844.22,12690
27-02-2026 00:00,66841.77,67360.53,66822.54,67294.00,12705
27-02-2026 00:30,67294.64,67870.21,67278.38,67564.98,12906
27-02-2026 01:00,67565.22,67696.22,67380.13,67574.14,12586
27-02-2026 01:30,67570.68,67816.05,67533.72,67552.82,12168
27-02-2026 02:00,67553.27,67556.96,67284.31,67405.00,12031
27-02-2026 02:30,67413.74,67491.75,67129.98,67462.46,12194
27-02-2026 03:00,67469.45,67570.03,67357.64,67459.30,11212
27-02-2026 03:30,67459.40,67581.79,67299.22,67397.87,11205
27-02-2026 04:00,67401.68,67617.52,67388.32,67562.64,10961
27-02-2026 04:30,67563.98,67614.21,67376.32,67559.35,11341
27-02-2026 05:00,67559.14,67649.30,67404.60,67475.12,11075
27-02-2026 05:30,67475.00,67535.03,67159.98,67301.47,11366
27-02-2026 06:00,67303.47,67310.37,66995.30,67215.55,11901
27-02-2026 06:30,67217.02,67230.34,66868.55,67062.51,11936
27-02-2026 07:00,67063.77,67374.61,67013.53,67342.52,12057
27-02-2026 07:30,67344.38,67528.34,67273.89,67404.79,11545
27-02-2026 08:00,67405.70,67534.68,67252.89,67256.54,11193
27-02-2026 08:30,67260.43,67288.50,67084.31,67105.07,11319
27-02-2026 09:00,67105.57,67702.06,67102.13,67590.76,11493
27-02-2026 09:30,67590.99,68206.63,67565.41,67944.02,12139
27-02-2026 10:00,67944.71,67963.63,67686.45,67741.17,11461
27-02-2026 10:30,67732.74,67909.35,67674.55,67796.76,11105
27-02-2026 11:00,67796.30,67874.04,67659.85,67711.52,10752
27-02-2026 11:30,67708.64,67769.94,67511.61,67591.73,10899
27-02-2026 12:00,67590.56,67817.88,67580.93,67648.05,10981
27-02-2026 12:30,67646.91,67711.56,67468.40,67496.33,10915
27-02-2026 13:00,67497.34,67752.67,67442.32,67670.36,11251
27-02-2026 13:30,67666.96,68035.78,67645.47,67951.07,11470
27-02-2026 14:00,67956.75,68051.60,67733.21,67921.27,11294
27-02-2026 14:30,67921.27,68139.80,67832.57,68017.69,11623
27-02-2026 15:00,68018.81,68038.88,67281.24,67345.68,12088
27-02-2026 15:30,67347.66,67403.52,66658.43,66771.65,12511
27-02-2026 16:00,66769.91,66938.75,66564.81,66599.94,11953
27-02-2026 16:30,66605.75,66774.92,66362.57,66512.41,12371
27-02-2026 17:00,66512.51,66553.44,65951.02,66110.49,12642
27-02-2026 17:30,66105.50,66185.01,65880.99,65896.85,12212
27-02-2026 18:00,65897.18,66031.33,65731.72,65912.67,12011
27-02-2026 18:30,65917.26,66162.79,65894.24,66001.49,12139
27-02-2026 19:00,65982.55,66335.95,65646.32,66262.70,12986
27-02-2026 19:30,66266.44,66321.13,65996.80,66107.97,12293
27-02-2026 20:00,66114.53,66306.43,65676.85,65888.67,13244
27-02-2026 20:30,65880.43,66240.10,65830.40,66104.13,12942
27-02-2026 21:00,66103.74,66294.58,65850.17,66085.54,12790
27-02-2026 21:30,66085.55,66114.45,65748.17,65986.75,12597
27-02-2026 22:00,65989.23,66052.03,65447.22,65462.35,12615
27-02-2026 22:30,65459.38,65660.79,65172.05,65188.49,12625
27-02-2026 23:00,65189.12,65734.40,65100.63,65692.63,12426
27-02-2026 23:30,65692.78,65765.33,65364.86,65563.07,12032
28-02-2026 00:00,65563.97,65666.53,65207.09,65291.96,11839
28-02-2026 00:30,65292.21,65419.19,65149.03,65315.43,11807
28-02-2026 01:00,65314.31,65438.74,65222.57,65369.87,11452
28-02-2026 01:30,65370.60,65623.29,65366.29,65554.65,11548
28-02-2026 02:00,65558.06,65655.93,65453.40,65573.49,11689
28-02-2026 02:30,65589.00,65725.19,65473.18,65679.61,11716
28-02-2026 03:00,65675.98,65698.77,65373.59,65510.11,11302
28-02-2026 03:30,65536.20,65600.61,65421.92,65453.26,10834
28-02-2026 04:00,65455.12,65657.70,64931.07,65620.59,12511
28-02-2026 04:30,65619.51,65885.38,65531.16,65866.71,11805
28-02-2026 05:00,65866.63,65936.48,65805.89,65849.98,11182
28-02-2026 05:30,65848.58,65995.62,65711.28,65752.74,11700
28-02-2026 06:00,65752.07,65968.74,65717.25,65922.88,11496
28-02-2026 06:30,65922.21,65954.79,65801.54,65822.16,11387
28-02-2026 07:00,65822.38,65843.32,65719.89,65759.74,11119
28-02-2026 07:30,65768.65,65957.17,65741.38,65902.30,10537
28-02-2026 08:00,65903.68,66001.04,65895.05,65944.69,10641
28-02-2026 08:30,65944.69,65964.31,65832.70,65876.82,10272
28-02-2026 09:00,65877.75,65903.88,65729.27,65777.74,11127
28-02-2026 09:30,65774.69,65809.16,65641.39,65649.86,10489
28-02-2026 10:00,65648.55,65687.31,65467.76,65644.27,10783
28-02-2026 10:30,65645.75,65714.27,65608.87,65629.72,10431
28-02-2026 11:00,65630.02,65630.02,65482.98,65571.42,10705
28-02-2026 11:30,65571.31,65575.74,64402.12,64557.13,11813
28-02-2026 12:00,64547.54,64567.12,63024.34,63193.93,13271
28-02-2026 12:30,63204.65,63868.57,63020.00,63497.49,12885
28-02-2026 13:00,63496.93,64307.42,63449.07,63808.74,12461
28-02-2026 13:30,63811.70,63863.43,63405.65,63618.08,12301
28-02-2026 14:00,63620.62,63753.96,63393.58,63457.46,10052
28-02-2026 14:30,63456.19,63913.23,63353.58,63814.30,12241
28-02-2026 15:00,63815.00,63815.00,63516.14,63630.68,11657
28-02-2026 15:30,63626.98,63935.79,63448.01,63814.87,11802
28-02-2026 16:00,63817.62,64012.94,63812.37,63985.94,11434
28-02-2026 16:30,63985.44,64279.49,63936.10,64226.11,11660
28-02-2026 17:00,64227.04,64282.64,63771.09,63818.86,11494
28-02-2026 17:30,63818.93,64063.76,63817.32,63981.83,10043
28-02-2026 18:00,63982.47,64050.32,63805.69,63996.46,11407
28-02-2026 18:30,63999.73,64167.42,63888.84,64018.28,11916
28-02-2026 19:00,64020.74,65191.95,63878.14,65086.71,12442
28-02-2026 19:30,65113.67,65343.86,64617.99,64767.30,12902
28-02-2026 20:00,64767.19,65127.62,64260.15,64410.13,12771
28-02-2026 20:30,64417.19,64821.49,64187.16,64733.30,12531
28-02-2026 21:00,64733.65,64990.62,64620.36,64816.27,12169
28-02-2026 21:30,64815.64,64975.00,64652.72,64918.18,11970
28-02-2026 22:00,64921.31,65184.19,64871.03,65069.60,11707
28-02-2026 22:30,65070.41,65109.35,64873.41,65080.17,11142
28-02-2026 23:00,65080.57,65522.08,64831.53,65414.78,11288
28-02-2026 23:30,65414.86,65433.52,65164.40,65164.40,11464
01-03-2026 00:00,65173.15,66129.16,65164.34,65888.37,12475
01-03-2026 00:30,65889.20,65923.18,65578.90,65733.66,11959
01-03-2026 01:00,65715.29,66626.99,65694.76,66337.81,12715
01-03-2026 01:30,66338.02,67029.15,66169.48,66720.71,12496
01-03-2026 02:00,66725.55,67116.35,66592.89,66937.89,12576
01-03-2026 02:30,66943.66,66975.80,66344.72,66455.38,12073
01-03-2026 03:00,66456.17,66995.20,66387.94,66702.23,12398
01-03-2026 03:30,66702.72,67112.01,66585.90,66978.32,12209
01-03-2026 04:00,66978.74,67719.81,66941.54,67081.38,12710
01-03-2026 04:30,67086.06,67192.41,66863.66,66876.50,11737
01-03-2026 05:00,66877.13,67020.69,66722.72,66944.72,11209
01-03-2026 05:30,66941.10,67082.26,66746.17,66757.90,11695
01-03-2026 06:00,66761.12,66856.37,66603.83,66769.33,11432
01-03-2026 06:30,66770.34,66775.79,66053.06,66329.13,11867
01-03-2026 07:00,66329.91,67677.26,66269.61,67325.80,12674
01-03-2026 07:30,67327.54,68172.45,67318.35,67742.40,12959
01-03-2026 08:00,67740.96,68146.39,67584.72,67595.78,9941
01-03-2026 08:30,67593.52,67791.11,67369.34,67541.41,11395
01-03-2026 09:00,67541.73,67675.19,67392.38,67480.69,11438
01-03-2026 09:30,67481.81,67591.27,67059.12,67300.81,11828
01-03-2026 10:00,67301.23,67409.64,67237.33,67324.45,11451
01-03-2026 10:30,67325.42,67556.57,67177.98,67430.52,11469
01-03-2026 11:00,67432.55,67540.62,67255.31,67274.59,11246
01-03-2026 11:30,67275.05,67329.61,66894.17,67021.88,11594
01-03-2026 12:00,67022.81,67062.67,66769.79,66904.70,11443
01-03-2026 12:30,66903.61,67058.53,66764.12,66967.74,10556
01-03-2026 13:00,66968.97,67214.49,66889.62,67115.01,11779
01-03-2026 13:30,67114.72,67270.22,66888.05,67205.97,11602
01-03-2026 14:00,67201.83,67241.99,66438.87,66542.18,11802
01-03-2026 14:30,66540.15,66751.31,66341.55,66591.03,11398
01-03-2026 15:00,66593.31,66630.77,66228.48,66388.45,11754
01-03-2026 15:30,66388.52,66589.10,66204.78,66555.64,11774
01-03-2026 16:00,66555.93,66709.58,66342.80,66441.75,11097
01-03-2026 16:30,66441.95,66642.26,66424.09,66529.26,11023
01-03-2026 17:00,66529.10,66553.64,66353.38,66442.02,10976
01-03-2026 17:30,66445.15,66531.49,66385.28,66391.48,10682
01-03-2026 18:00,66395.09,66496.63,66215.88,66275.15,11264
01-03-2026 18:30,66276.29,66395.10,66118.79,66301.56,11314
01-03-2026 19:00,66304.24,67312.19,66221.14,66920.08,11723
01-03-2026 19:30,66922.93,67299.46,66739.27,66904.89,12633
01-03-2026 20:00,66905.69,67033.38,66729.86,66841.25,11831
01-03-2026 20:30,66848.58,67224.56,66804.02,67054.44,11556
01-03-2026 21:00,67060.38,67230.76,66796.73,66813.42,11913
01-03-2026 21:30,66826.63,67096.22,66664.87,67007.31,11809
01-03-2026 22:00,67013.45,67048.84,65733.94,66107.12,12046
01-03-2026 22:30,66111.93,66205.23,65697.30,66001.37,12697
01-03-2026 23:00,66008.85,66088.73,65901.96,65956.68,11445
01-03-2026 23:30,65962.95,66625.87,65955.23,66390.50,11911
02-03-2026 00:00,66392.36,66424.69,66216.17,66293.26,11304
02-03-2026 00:30,66298.22,66326.31,65926.64,65986.26,11463
02-03-2026 01:00,65992.82,66082.99,65760.71,65936.03,11366
02-03-2026 01:30,65938.34,65943.94,65301.22,65301.22,12108
02-03-2026 02:00,65316.87,65377.17,65065.98,65272.85,11584
02-03-2026 02:30,65273.96,65666.28,65253.00,65574.95,11744
02-03-2026 03:00,65580.10,65730.94,65515.14,65644.64,10702
02-03-2026 03:30,65644.89,66306.01,65497.08,65852.98,11884
02-03-2026 04:00,65852.09,65929.02,65012.51,65232.41,12667
02-03-2026 04:30,65223.73,66060.92,65076.70,65604.95,12904
02-03-2026 05:00,65604.70,65850.76,65572.61,65741.18,12188
02-03-2026 05:30,65744.52,66195.84,65729.34,65911.09,12646
02-03-2026 06:00,65907.99,66769.10,65899.20,66485.64,12942
02-03-2026 06:30,66490.55,67041.46,66349.00,66532.34,13295
02-03-2026 07:00,66532.83,66684.63,66385.77,66506.94,12307
02-03-2026 07:30,66503.80,66594.46,65857.32,66176.23,12817
02-03-2026 08:00,66181.07,66431.84,66141.12,66255.05,12223
02-03-2026 08:30,66256.80,66842.84,66078.71,66754.09,12629
02-03-2026 09:00,66754.29,67017.99,66683.35,66792.18,11994
02-03-2026 09:30,66792.78,66933.83,66643.94,66909.03,11763
02-03-2026 10:00,66908.74,66935.16,66605.37,66836.76,11570
02-03-2026 10:30,66842.06,66878.75,66262.58,66652.53,11546
02-03-2026 11:00,66650.57,66980.18,66645.72,66708.01,11648
02-03-2026 11:30,66707.20,66719.36,66029.26,66248.61,12713
02-03-2026 12:00,66249.83,66292.72,66034.63,66181.85,12202
02-03-2026 12:30,66181.43,66192.79,65521.91,65770.65,12754
02-03-2026 13:00,65769.69,65998.60,65750.98,65980.79,12003
02-03-2026 13:30,66000.81,66097.66,65627.69,65706.98,12845
02-03-2026 14:00,65711.55,66284.01,65698.19,66250.18,12347
02-03-2026 14:30,66252.99,66703.35,66177.23,66371.78,12595
02-03-2026 15:00,66375.89,66517.55,66095.05,66141.34,12271
02-03-2026 15:30,66142.57,66330.27,66050.49,66223.46,11952
02-03-2026 16:00,66222.36,66362.59,66105.73,66284.11,11536
02-03-2026 16:30,66287.00,66287.00,66006.13,66037.70,12190
02-03-2026 17:00,66045.58,66446.37,65984.17,66331.13,12040
02-03-2026 17:30,66337.19,66372.58,66053.40,66106.33,11986
02-03-2026 18:00,66112.38,66114.03,65875.46,65925.45,11320
02-03-2026 18:30,65917.97,66105.11,65725.44,65765.76,12369
02-03-2026 19:00,65762.39,65904.69,65317.86,65403.41,12120
02-03-2026 19:30,65408.21,65626.96,65229.97,65546.36,12409
02-03-2026 20:00,65546.71,67195.77,65543.77,67127.86,13168
02-03-2026 20:30,67119.37,68751.24,67010.20,68509.15,12862
02-03-2026 21:00,68524.06,69596.05,68450.37,69100.65,12887
02-03-2026 21:30,69102.20,69760.57,68900.22,69367.52,12715
02-03-2026 22:00,69369.49,70023.11,69062.66,69416.56,12993
02-03-2026 22:30,69412.73,69570.09,69160.70,69399.99,13014
02-03-2026 23:00,69416.00,69431.90,68779.38,69169.49,12741
02-03-2026 23:30,69163.30,69185.40,68728.65,69075.23,12576
03-03-2026 00:00,69090.05,69249.14,68751.72,68869.59,12747
03-03-2026 00:30,68875.76,68968.55,68571.68,68811.50,12726
03-03-2026 01:00,68814.38,69065.71,68717.03,68956.33,12096
03-03-2026 01:30,68953.68,69196.34,68581.46,68940.54,12974
03-03-2026 02:00,68959.47,69506.22,68894.75,69114.95,12660
03-03-2026 02:30,69113.69,69418.11,68971.05,69405.57,12479
03-03-2026 03:00,69411.96,69523.35,69324.13,69399.04,11869
03-03-2026 03:30,69406.61,69512.07,69120.39,69338.81,11479
03-03-2026 04:00,69343.61,69429.42,69234.14,69418.14,12208
03-03-2026 04:30,69425.54,69463.72,68840.67,68983.33,12376
03-03-2026 05:00,68992.93,69008.54,68717.56,68805.13,12080
03-03-2026 05:30,68814.41,68974.21,68624.39,68777.52,12072
03-03-2026 06:00,68782.20,69147.85,68664.44,69061.85,11995
03-03-2026 06:30,69061.08,69240.75,68848.46,68882.07,12445
03-03-2026 07:00,68884.00,69036.81,68713.03,68727.80,12737
03-03-2026 07:30,68727.03,68748.71,68195.82,68415.75,12992
03-03-2026 08:00,68398.05,68603.11,68335.55,68479.12,12094
03-03-2026 08:30,68480.19,68512.51,68199.26,68386.90,11994
03-03-2026 09:00,68390.35,68510.96,68274.34,68338.52,11909
03-03-2026 09:30,68340.60,68432.12,68259.59,68283.51,11326
03-03-2026 10:00,68279.35,68352.23,68022.51,68088.49,11647
03-03-2026 10:30,68093.05,68533.53,68018.06,68375.11,12542
03-03-2026 11:00,68374.49,68387.17,67816.18,67910.27,12371
03-03-2026 11:30,67911.92,68007.66,67809.98,67857.68,12048
03-03-2026 12:00,67864.07,68191.22,67771.19,68071.88,12232
03-03-2026 12:30,68072.83,68256.19,67920.13,68209.55,11746
03-03-2026 13:00,68211.08,68230.37,68028.62,68148.26,12555
03-03-2026 13:30,68159.41,68287.11,67682.25,67717.84,12668
03-03-2026 14:00,67723.64,67723.64,66867.47,66964.61,12889
03-03-2026 14:30,66968.54,67154.47,66563.72,66598.37,13138
03-03-2026 15:00,66593.71,66666.58,66310.29,66614.99,12773
03-03-2026 15:30,66609.82,66670.93,66402.14,66476.65,12723
03-03-2026 16:00,66474.74,66968.43,66416.57,66824.50,12657
03-03-2026 16:30,66824.04,67030.91,66729.13,66805.58,12977
03-03-2026 17:00,66797.10,67120.45,66773.01,66985.22,12900
03-03-2026 17:30,66978.21,67905.99,66977.44,67540.79,13185
03-03-2026 18:00,67535.36,67551.36,67216.54,67358.59,12864
03-03-2026 18:30,67357.89,67397.29,66930.86,67066.57,12833
03-03-2026 19:00,67066.93,67070.28,66606.15,66889.94,13248
03-03-2026 19:30,66890.42,67309.83,66817.14,67075.54,13260
03-03-2026 20:00,67071.08,67504.41,66114.43,66522.54,13121
03-03-2026 20:30,66520.99,66975.83,66425.20,66778.95,13162
03-03-2026 21:00,66783.05,67798.96,66770.85,67692.78,12896
03-03-2026 21:30,67699.46,68966.11,67630.72,68787.18,13394
03-03-2026 22:00,68765.60,68830.18,67460.03,68148.87,13582
03-03-2026 22:30,68156.22,68267.32,67605.57,68212.40,13459
03-03-2026 23:00,68216.18,68385.04,67747.68,68293.57,13573
03-03-2026 23:30,68293.67,68580.34,67963.48,68443.12,12982
04-03-2026 00:00,68456.28,69029.30,68403.63,68609.14,13207
04-03-2026 00:30,68617.42,68871.82,68301.76,68629.53,13294
04-03-2026 01:00,68634.97,68795.04,68327.57,68410.29,13640
04-03-2026 01:30,68414.62,68489.77,68135.42,68372.77,13000
04-03-2026 02:00,68383.64,68579.09,68061.25,68228.07,12964
04-03-2026 02:30,68220.28,68242.61,67793.37,67911.13,11987
04-03-2026 03:00,67914.75,68102.94,67858.78,67998.93,11906
04-03-2026 03:30,68000.75,68541.26,67994.81,68248.31,12307
04-03-2026 04:00,68264.35,68414.00,68158.55,68296.65,10437
04-03-2026 04:30,68290.52,68825.46,68228.71,68459.07,12400
04-03-2026 05:00,68456.74,68558.65,68225.98,68310.62,11422
04-03-2026 05:30,68310.89,68396.51,68069.27,68269.53,12296
04-03-2026 06:00,68274.20,68315.88,67840.65,68069.57,12663
04-03-2026 06:30,68077.26,68318.05,67938.06,68226.33,12823
04-03-2026 07:00,68222.80,68879.68,68182.18,68381.60,12822
04-03-2026 07:30,68386.40,68432.64,68030.00,68047.61,12761
04-03-2026 08:00,68050.37,68381.89,67979.62,68300.59,12413
04-03-2026 08:30,68300.06,68361.25,67933.32,67958.81,12236
04-03-2026 09:00,67963.52,67981.26,67371.84,67707.53,12944
04-03-2026 09:30,67708.35,67949.96,67471.68,67568.95,12463
04-03-2026 10:00,67561.09,67821.57,67433.25,67762.16,12438
04-03-2026 10:30,67763.37,67924.58,67653.51,67804.03,12313
04-03-2026 11:00,67805.47,68355.01,67707.93,68178.91,12482
04-03-2026 11:30,68180.37,68201.25,68009.99,68098.80,12017
04-03-2026 12:00,68100.23,68654.64,68094.42,68478.16,12187
04-03-2026 12:30,68477.36,68748.25,68108.35,68742.78,12128
04-03-2026 13:00,68748.25,69597.21,68618.23,69472.14,12716
04-03-2026 13:30,69486.92,69677.89,69123.17,69290.71,13057
04-03-2026 14:00,69296.84,71130.33,69276.75,70970.09,12799
04-03-2026 14:30,70960.47,71446.67,70703.23,71284.76,12945
04-03-2026 15:00,71289.30,71872.56,71192.39,71493.52,12808
04-03-2026 15:30,71496.12,71842.95,71317.17,71498.78,12812
04-03-2026 16:00,71500.79,71532.64,71173.76,71300.47,12608
04-03-2026 16:30,71306.30,71469.34,71176.44,71197.34,12273
04-03-2026 17:00,71204.14,71292.64,70881.51,71081.74,12702
04-03-2026 17:30,71080.56,71118.47,70582.22,70607.10,12838
04-03-2026 18:00,70614.57,71337.72,70561.97,71315.27,12915
04-03-2026 18:30,71319.94,71605.90,71183.37,71333.13,12730
04-03-2026 19:00,71333.82,71518.84,71220.27,71463.00,12770
04-03-2026 19:30,71479.72,71973.63,71382.88,71719.75,12521
04-03-2026 20:00,71713.92,72583.11,71349.19,71599.13,12679
04-03-2026 20:30,71607.03,72875.53,71597.68,72868.77,12484
04-03-2026 21:00,72785.06,73473.30,72576.48,73414.87,12343
04-03-2026 21:30,73442.78,73512.32,72578.61,72969.19,12073
04-03-2026 22:00,72978.63,73465.89,72904.75,73299.79,11629
04-03-2026 22:30,73312.70,73769.73,72966.57,73065.52,11783
04-03-2026 23:00,73078.97,73406.28,73064.96,73218.82,12380
04-03-2026 23:30,73223.33,73441.68,72921.49,73412.47,11977
05-03-2026 00:00,73416.29,73707.35,73155.29,73685.39,12260
05-03-2026 00:30,73677.64,74062.13,73543.59,73568.25,11954
05-03-2026 01:00,73575.74,73891.99,73531.80,73636.71,11597
05-03-2026 01:30,73656.13,73721.42,73285.13,73474.49,11117
05-03-2026 02:00,73472.58,73585.76,73102.26,73104.77,11584
05-03-2026 02:30,73145.21,73228.06,72892.50,73149.87,12486
05-03-2026 03:00,73140.48,73325.38,73067.47,73309.26,11915
05-03-2026 03:30,73313.41,73534.35,73185.72,73272.00,11821
05-03-2026 04:00,73284.95,73306.62,72620.45,72692.51,11932
05-03-2026 04:30,72694.89,72890.19,72465.83,72525.37,12193
05-03-2026 05:00,72536.13,72820.84,72315.06,72688.86,12121
05-03-2026 05:30,72726.54,72963.70,72541.66,72826.90,12314
05-03-2026 06:00,72817.11,72980.03,72700.96,72759.78,12213
05-03-2026 06:30,72767.88,73290.64,72675.04,72936.71,12551
05-03-2026 07:00,72936.37,72958.30,72400.42,72529.49,12494
05-03-2026 07:30,72528.57,72880.15,72507.85,72704.94,11847
05-03-2026 08:00,72702.01,72708.14,72334.79,72490.81,11844
05-03-2026 08:30,72491.83,72737.20,72468.41,72520.78,11690
05-03-2026 09:00,72525.21,72541.58,72336.07,72485.07,11637
05-03-2026 09:30,72487.23,72829.60,72440.55,72781.59,11762
05-03-2026 10:00,72785.11,73071.28,72532.34,72804.49,11812
05-03-2026 10:30,72808.86,72913.62,72436.86,72466.16,11712
05-03-2026 11:00,72467.44,72580.60,72259.37,72402.35,11682
05-03-2026 11:30,72408.12,72534.90,72030.22,72380.94,11916
05-03-2026 12:00,72385.73,72651.55,72277.11,72526.95,11657
05-03-2026 12:30,72526.66,72655.72,72410.12,72510.78,11873
05-03-2026 13:00,72509.84,72510.78,71757.88,72036.26,12196
05-03-2026 13:30,72038.13,72068.41,71750.99,71816.26,12444
05-03-2026 14:00,71819.92,72359.37,71782.14,72320.87,12288
05-03-2026 14:30,72327.22,72753.87,72290.11,72680.93,12771
05-03-2026 15:00,72692.34,72860.52,72411.18,72581.72,12522
05-03-2026 15:30,72588.13,73338.21,72505.12,73135.32,12451
05-03-2026 16:00,73142.86,73549.42,73134.50,73379.68,12511
05-03-2026 16:30,73385.60,73451.42,72899.84,73119.36,12366
05-03-2026 17:00,73124.76,73124.76,72765.70,72897.69,12606
05-03-2026 17:30,72892.86,73007.52,72656.55,72802.69,12632
05-03-2026 18:00,72811.15,73067.82,72682.66,72876.93,12601
05-03-2026 18:30,72879.74,72922.92,72317.86,72505.19,12505
05-03-2026 19:00,72502.56,72677.84,72176.54,72453.89,12506
05-03-2026 19:30,72456.19,72629.31,72305.59,72535.36,12331
05-03-2026 20:00,72540.13,72822.51,71949.91,72593.85,12548
05-03-2026 20:30,72604.08,72676.08,71230.95,71268.71,12659
05-03-2026 21:00,71270.89,71734.83,71156.32,71640.47,12418
05-03-2026 21:30,71643.40,71643.40,70783.51,70979.12,12605
05-03-2026 22:00,70973.80,71602.42,70971.73,71295.09,12539
05-03-2026 22:30,71295.67,71557.46,70856.00,70962.41,12648
05-03-2026 23:00,70951.91,70994.97,70632.62,70683.33,12707
05-03-2026 23:30,70669.66,71034.42,70628.93,70793.96,12660
06-03-2026 00:00,70791.39,71064.99,70767.83,70971.90,12422
06-03-2026 00:30,70975.75,71400.24,70968.77,71086.36,11945
06-03-2026 01:00,71070.58,71144.10,70829.41,70905.67,12018
06-03-2026 01:30,70912.30,71322.29,70817.96,71155.59,12773
06-03-2026 02:00,71155.81,71368.96,71008.49,71217.99,12435
06-03-2026 02:30,71212.59,71505.17,71200.66,71493.86,11818
06-03-2026 03:00,71496.84,71548.75,71008.01,71118.26,11508
06-03-2026 03:30,71113.75,71276.21,71052.55,71136.12,11184
06-03-2026 04:00,71136.57,71340.94,71117.68,71185.56,11414
06-03-2026 04:30,71186.39,71279.43,71124.28,71191.16,11164
06-03-2026 05:00,71190.96,71200.49,70755.26,70861.43,11798
06-03-2026 05:30,70854.41,71033.31,70807.74,70893.89,11507
06-03-2026 06:00,70894.38,70985.85,70751.40,70964.16,11459
06-03-2026 06:30,70962.34,71567.17,70369.48,70444.22,11992
06-03-2026 07:00,70443.36,71274.37,70434.80,71233.46,12655
06-03-2026 07:30,71235.87,71389.65,71008.62,71311.97,12463
06-03-2026 08:00,71310.45,71356.14,71111.77,71226.92,11712
06-03-2026 08:30,71224.05,71276.80,70971.41,71154.87,11455
06-03-2026 09:00,71151.37,71207.29,70989.68,71055.78,11102
06-03-2026 09:30,71052.45,71098.40,70841.61,70852.55,11255
06-03-2026 10:00,70850.83,70940.88,70262.90,70592.01,12003
06-03-2026 10:30,70592.95,70638.60,70305.39,70372.57,11956
06-03-2026 11:00,70374.41,70481.49,70122.85,70409.05,12301
06-03-2026 11:30,70408.27,70497.44,70231.77,70400.45,11313
06-03-2026 12:00,70404.53,70826.23,70360.34,70582.13,11512
06-03-2026 12:30,70589.57,70858.39,70454.18,70833.24,11509
06-03-2026 13:00,70837.65,71161.04,70833.24,71033.56,11662
06-03-2026 13:30,71036.84,71049.33,70808.17,70913.44,11897
06-03-2026 14:00,70919.25,71010.16,70708.13,70759.97,11956
06-03-2026 14:30,70763.63,70790.82,70335.91,70381.40,12322
06-03-2026 15:00,70381.23,70610.42,70274.17,70538.29,12622
06-03-2026 15:30,70537.09,70794.42,70498.23,70749.30,11882
06-03-2026 16:00,70749.20,70762.89,70434.40,70498.67,11775
06-03-2026 16:30,70499.00,70612.99,70392.75,70538.22,11789
06-03-2026 17:00,70533.76,70616.79,70169.26,70188.53,12188
06-03-2026 17:30,70183.77,70204.39,69780.59,69982.38,12498
06-03-2026 18:00,69981.96,70041.45,69637.76,69898.91,12353
06-03-2026 18:30,69904.04,70177.46,69812.58,70046.76,12136
06-03-2026 19:00,70043.90,70326.94,69195.03,69195.03,13029
06-03-2026 19:30,69196.91,69254.48,68629.67,68964.53,13111
06-03-2026 20:00,68967.23,69071.71,68377.94,68563.73,12755
06-03-2026 20:30,68735.61,69002.79,68283.69,68866.90,13067
06-03-2026 21:00,68864.63,69090.51,68289.63,68485.49,12548
06-03-2026 21:30,68478.21,68774.90,68192.20,68512.66,12656
06-03-2026 22:00,68511.93,68689.27,68308.56,68421.35,12578
06-03-2026 22:30,68414.82,68618.13,68163.52,68219.09,12122
06-03-2026 23:00,68211.04,68264.77,67710.55,67927.84,12890
06-03-2026 23:30,67922.71,68405.38,67910.06,68263.35,12440
07-03-2026 00:00,68256.88,68451.84,68128.82,68151.84,12329
07-03-2026 00:30,68142.34,68454.48,68099.11,68179.42,12097
07-03-2026 01:00,68181.39,68285.35,67974.40,68102.41,11962
07-03-2026 01:30,68092.84,68258.44,67731.73,67802.52,12008
07-03-2026 02:00,67794.43,68139.44,67770.33,68093.71,12667
07-03-2026 02:30,68110.79,68155.90,67890.76,67970.77,11422
07-03-2026 03:00,67970.05,68298.78,67944.34,68244.44,11070
07-03-2026 03:30,68234.40,68343.91,68212.40,68259.38,10270
07-03-2026 04:00,68260.63,68412.40,68190.59,68283.63,10649
07-03-2026 04:30,68281.05,68336.18,68207.57,68303.30,11395
07-03-2026 05:00,68296.43,68309.48,68053.25,68074.62,11122
07-03-2026 05:30,68070.81,68223.12,68066.09,68174.30,11109
07-03-2026 06:00,68172.52,68710.55,68172.52,68248.78,11008
07-03-2026 06:30,68244.50,68331.68,68130.84,68187.09,11069
07-03-2026 07:00,68183.29,68305.48,68137.13,68224.14,11131
07-03-2026 07:30,68220.47,68264.18,68059.16,68067.62,11226
07-03-2026 08:00,68062.40,68331.88,68019.00,68313.44,11127
07-03-2026 08:30,68313.44,68512.64,68185.97,68186.55,11102
07-03-2026 09:00,68188.51,68227.95,68057.38,68062.08,10942
07-03-2026 09:30,68059.85,68074.51,67775.16,67994.90,11668
07-03-2026 10:00,67995.71,68114.68,67938.81,68027.27,10943
07-03-2026 10:30,68017.70,68096.32,67863.58,67980.15,10944
07-03-2026 11:00,67974.06,68077.79,67906.97,67979.82,10802
07-03-2026 11:30,67975.54,67987.42,67817.76,67829.24,10079
07-03-2026 12:00,67827.51,67916.59,67591.01,67655.39,10813
07-03-2026 12:30,67655.36,67724.91,67405.47,67693.36,11463
07-03-2026 13:00,67693.21,67828.16,67625.63,67807.21,11230
07-03-2026 13:30,67805.96,67998.90,67734.65,67915.68,11155
07-03-2026 14:00,67919.02,67978.89,67678.91,67762.16,10693
07-03-2026 14:30,67763.05,68035.30,67696.83,67922.84,10778
07-03-2026 15:00,67921.32,68003.41,67898.53,67962.39,10645
07-03-2026 15:30,67958.21,68065.70,67874.05,67933.20,10614
07-03-2026 16:00,67928.47,67965.31,67796.47,67844.55,10365
07-03-2026 16:30,67842.91,68196.72,67808.36,68099.95,10951
07-03-2026 17:00,68088.52,68127.72,67981.13,67981.13,10562
07-03-2026 17:30,67986.40,68052.08,67924.75,67983.40,10546
07-03-2026 18:00,67975.96,67995.68,67862.42,67955.56,10459
07-03-2026 18:30,67952.72,68045.06,67896.63,67961.46,10684
07-03-2026 19:00,67964.64,68011.75,67816.29,67894.66,10497
07-03-2026 19:30,67892.61,67899.06,67582.94,67771.64,11579
07-03-2026 20:00,67769.97,68045.45,67769.07,67986.36,11212
07-03-2026 20:30,67990.17,67990.17,67826.51,67912.71,11161
07-03-2026 21:00,67897.66,68000.30,67736.36,67843.85,11354
07-03-2026 21:30,67844.36,67853.91,67714.24,67740.57,10935
07-03-2026 22:00,67743.03,67796.86,67675.56,67750.85,10437
07-03-2026 22:30,67752.18,67908.29,67750.66,67848.75,10896
07-03-2026 23:00,67849.08,67854.12,67736.23,67752.67,10719
07-03-2026 23:30,67751.05,67752.80,67469.24,67608.97,11611
08-03-2026 00:00,67590.99,67628.49,67464.20,67531.68,11124
08-03-2026 00:30,67530.08,67536.85,67150.56,67186.20,11536
08-03-2026 01:00,67179.71,67309.26,66904.05,67044.61,11623
08-03-2026 01:30,67042.89,67269.05,67029.37,67211.83,10968
08-03-2026 02:00,67205.96,67397.68,67205.96,67364.06,10733
08-03-2026 02:30,67359.18,67497.95,67303.40,67416.47,10893
08-03-2026 03:00,67419.01,67422.97,67247.52,67416.08,10941
08-03-2026 03:30,67413.26,67424.04,67228.53,67240.34,10598
08-03-2026 04:00,67238.29,67327.52,67065.91,67218.02,11432
08-03-2026 04:30,67221.60,67367.65,67147.55,67339.72,10814
08-03-2026 05:00,67335.27,67362.54,67194.24,67222.55,10353
08-03-2026 05:30,67216.24,67445.91,67216.24,67310.08,11009
08-03-2026 06:00,67306.58,67331.15,67136.02,67157.56,10907
08-03-2026 06:30,67154.38,67287.87,67117.12,67185.10,10834
08-03-2026 07:00,67184.24,67319.98,67053.28,67258.24,11010
08-03-2026 07:30,67253.25,67317.28,67165.08,67185.71,10718
08-03-2026 08:00,67181.80,67268.96,66805.21,66888.37,9798
08-03-2026 08:30,66887.44,67047.75,66817.77,66969.72,11408
08-03-2026 09:00,66966.36,67038.11,66893.65,66963.87,10734
08-03-2026 09:30,66959.49,67057.95,66893.19,66982.10,10753
08-03-2026 10:00,66989.53,66989.53,66519.79,66602.34,11113
08-03-2026 10:30,66601.27,67158.98,66580.54,67093.25,11768
08-03-2026 11:00,67093.81,67211.00,67057.42,67111.88,10264
08-03-2026 11:30,67107.83,67204.25,66997.13,67015.23,10823
08-03-2026 12:00,67009.44,67184.13,66993.41,67124.77,10826
08-03-2026 12:30,67122.05,67415.38,67114.72,67328.00,10251
08-03-2026 13:00,67321.91,67338.12,67217.29,67283.19,10482
08-03-2026 13:30,67277.16,67335.44,67114.88,67238.52,10834
08-03-2026 14:00,67234.23,67529.70,67188.99,67493.33,10797
08-03-2026 14:30,67488.15,67846.27,67429.99,67811.02,11553
08-03-2026 15:00,67811.92,67822.63,67622.49,67645.85,10565
08-03-2026 15:30,67651.59,68155.57,67642.41,68011.14,10112
08-03-2026 16:00,68011.52,68029.72,67832.32,67861.86,4339
08-03-2026 16:30,67861.47,68094.10,67424.01,67638.61,3282
08-03-2026 17:00,67638.61,67759.79,67374.34,67477.55,1089
08-03-2026 17:30,67477.55,67613.47,66852.49,67383.72,3462
08-03-2026 18:00,67383.72,67446.77,67251.97,67277.96,2807
08-03-2026 18:30,67277.96,67390.45,66799.32,67125.10,3260
08-03-2026 19:00,67122.63,67255.01,66816.85,67197.62,4119
08-03-2026 19:30,67197.62,67389.12,67165.13,67224.34,3845
08-03-2026 20:00,67224.34,67337.13,67013.22,67299.68,4356
08-03-2026 20:30,67300.07,67328.77,67103.77,67129.28,4435
08-03-2026 21:00,67127.99,67200.55,67041.54,67171.28,4300
08-03-2026 21:30,67171.28,67229.16,66994.96,67078.15,3705
08-03-2026 22:00,67078.15,67078.15,66771.21,66828.40,4707
08-03-2026 22:30,66828.40,67126.22,66761.88,67029.53,4415
08-03-2026 23:00,67029.53,67085.70,66901.52,67018.61,2068
08-03-2026 23:30,67018.61,67035.30,66723.19,66890.00,2180
09-03-2026 00:00,66890.00,66946.72,66708.45,66765.64,2303
09-03-2026 00:30,66765.64,67228.58,66739.65,67169.72,2506
09-03-2026 01:00,67170.25,67426.39,67168.58,67295.79,2409
09-03-2026 01:30,67295.79,67295.79,66990.49,66990.49,2394
09-03-2026 02:00,66990.49,67476.49,66987.76,67181.49,3192
09-03-2026 02:30,67182.72,67224.17,66672.96,66894.32,3053
09-03-2026 03:00,66894.65,67002.99,66841.72,66969.74,2498
09-03-2026 03:30,66973.08,66977.67,65585.05,65875.26,6069
09-03-2026 04:00,65875.38,66269.01,65687.89,66197.48,4871
09-03-2026 04:30,66197.48,66532.00,66081.31,66435.02,5158
09-03-2026 05:00,66433.33,66478.02,65891.80,65933.36,4805
09-03-2026 05:30,65933.36,66387.38,65806.41,66150.55,6060
09-03-2026 06:00,66153.92,66744.72,66148.88,66347.55,5957
09-03-2026 06:30,66345.99,66613.64,66124.51,66462.57,6099
09-03-2026 07:00,66462.57,66681.44,66163.06,66172.82,4225
09-03-2026 07:30,66172.40,66330.83,65939.26,66100.93,6043
09-03-2026 08:00,66100.26,66691.56,66072.53,66520.73,5297
09-03-2026 08:30,66520.73,67651.78,66492.99,67206.73,6575
09-03-2026 09:00,67206.73,67363.95,67032.76,67183.42,5439
09-03-2026 09:30,67183.42,67589.78,67147.25,67551.85,3955
09-03-2026 10:00,67551.85,67551.85,67089.80,67111.01,4896
09-03-2026 10:30,67111.01,67390.83,67093.61,67365.43,4639
09-03-2026 11:00,67365.43,68036.84,67330.46,67887.97,5406
09-03-2026 11:30,67887.96,67914.05,67460.08,67484.49,4746
09-03-2026 12:00,67484.49,67533.94,67215.91,67238.28,3880
09-03-2026 12:30,67240.34,67292.44,66862.56,67181.61,4617
09-03-2026 13:00,67182.61,67544.41,67182.61,67519.63,4274
09-03-2026 13:30,67522.66,67807.78,67361.62,67783.05,5300
09-03-2026 14:00,67783.05,67905.71,67652.11,67786.58,5305
09-03-2026 14:30,67786.45,68019.26,67544.90,67982.42,5570
09-03-2026 15:00,67982.55,68429.29,67877.83,67953.89,4844
09-03-2026 15:30,67953.89,68051.94,67760.44,67769.39,4546
09-03-2026 16:00,67769.39,67812.97,67526.66,67579.14,4895
09-03-2026 16:30,67579.14,67747.77,67316.97,67447.93,3999
09-03-2026 17:00,67448.33,67832.79,67429.31,67741.77,4667
09-03-2026 17:30,67741.77,68139.93,67727.89,68128.92,3972
09-03-2026 18:00,68128.92,68320.25,67959.60,68130.38,4490
09-03-2026 18:30,68130.03,68756.35,68116.44,68752.47,6474
09-03-2026 19:00,68754.36,69293.59,68713.47,68974.50,5327
09-03-2026 19:30,68971.94,69267.51,68695.44,69172.17,7441
09-03-2026 20:00,69172.17,69462.70,69065.66,69135.67,7197
09-03-2026 20:30,69136.68,69258.46,68984.93,69080.96,7721
09-03-2026 21:00,69083.07,69179.15,68730.93,68868.64,7424
09-03-2026 21:30,68867.85,69053.63,68748.75,68966.52,8320
09-03-2026 22:00,68967.92,69214.67,68632.59,68954.24,4301
09-03-2026 22:30,68954.24,69090.18,68609.74,68626.86,4376
09-03-2026 23:00,68620.19,68764.87,68267.29,68598.39,4622
09-03-2026 23:30,68598.39,68650.30,68214.67,68540.69,4059
10-03-2026 00:00,68540.69,68688.66,68314.14,68351.79,3107
10-03-2026 00:30,68351.79,69364.37,68351.79,69349.68,4009
10-03-2026 01:00,69349.68,69502.84,68809.55,68996.08,5043
10-03-2026 01:30,68996.08,69145.52,68879.67,68961.62,2880
10-03-2026 02:00,68961.58,69040.70,68758.30,68960.05,3046
10-03-2026 02:30,68958.86,69099.33,68823.84,68838.39,2069
10-03-2026 03:00,68838.39,69035.19,68652.31,68909.44,1990
10-03-2026 03:30,68909.44,69022.78,68673.31,68827.12,4130
10-03-2026 04:00,68827.12,68861.77,68591.60,68630.83,3593
10-03-2026 04:30,68630.84,68688.66,68521.16,68591.48,2227
10-03-2026 05:00,68591.48,68612.63,68368.29,68418.48,2219
10-03-2026 05:30,68413.28,69019.70,68377.35,68973.18,2735
10-03-2026 06:00,68973.18,69288.29,68886.69,69146.35,3046
10-03-2026 06:30,69143.54,69247.04,68843.73,68964.95,2965
10-03-2026 07:00,68964.95,69378.15,68791.05,69253.14,2842
10-03-2026 07:30,69253.14,69377.50,69096.68,69362.45,2764
10-03-2026 08:00,69359.81,70567.48,69353.11,70260.71,4634
10-03-2026 08:30,70260.71,70360.36,70014.97,70108.59,3375
10-03-2026 09:00,70108.59,70114.66,69374.85,69415.53,3697
10-03-2026 09:30,69415.53,69812.33,69415.53,69727.41,4004
10-03-2026 10:00,69723.71,70111.08,69722.21,70055.60,2816
10-03-2026 10:30,70059.65,70345.75,70005.04,70032.38,3233
10-03-2026 11:00,70032.38,70120.45,69875.68,69960.89,2701
10-03-2026 11:30,69960.89,70180.07,69746.60,70132.93,2250
10-03-2026 12:00,70132.93,70159.92,69858.19,69900.48,2505
10-03-2026 12:30,69900.48,70516.95,69814.02,70310.74,3232
10-03-2026 13:00,70310.74,70493.87,70255.90,70392.91,2646
10-03-2026 13:30,70392.91,70974.93,70359.45,70831.65,4338
10-03-2026 14:00,70831.65,71074.08,70604.46,70678.83,2722
10-03-2026 14:30,70678.83,71271.51,70641.95,71217.37,2862
10-03-2026 15:00,71217.37,71290.80,70933.89,71053.62,2531
10-03-2026 15:30,71053.63,71078.26,70734.46,70757.84,2019
10-03-2026 16:00,70753.58,70929.09,70657.75,70763.46,2277
10-03-2026 16:30,70763.46,70860.74,70565.63,70643.96,2746
10-03-2026 17:00,70643.96,70687.62,70531.54,70578.25,2207
10-03-2026 17:30,70584.94,70623.09,70355.84,70385.32,3201
10-03-2026 18:00,70385.86,70587.95,70301.47,70520.98,3057
10-03-2026 18:30,70529.10,70911.56,70529.10,70867.70,2580
10-03-2026 19:00,70868.73,70928.34,69723.31,69908.18,4935
10-03-2026 19:30,69908.02,70142.95,69293.81,69791.84,4755
10-03-2026 20:00,69791.84,71527.44,69787.53,71476.65,5165
10-03-2026 20:30,71477.75,71784.65,70994.44,71355.09,4287
10-03-2026 21:00,71348.34,71621.54,70906.29,71350.95,4226
10-03-2026 21:30,71351.14,71698.42,70960.34,71373.68,4131
10-03-2026 22:00,71369.42,71457.54,71159.71,71277.07,4018
10-03-2026 22:30,71276.69,71467.90,71000.35,71062.03,3397
10-03-2026 23:00,71049.39,71246.13,70514.79,70877.79,3727
10-03-2026 23:30,70877.79,70927.16,70132.76,70327.41,4535
11-03-2026 00:00,70318.37,70445.82,69890.58,70012.48,4505
11-03-2026 00:30,70012.72,70284.95,69865.74,69963.49,3831
11-03-2026 01:00,69963.49,70088.29,69729.17,70046.87,3886
11-03-2026 01:30,70041.13,70263.25,69993.89,70243.59,3280
11-03-2026 02:00,70243.59,70339.50,70203.47,70229.51,2198
11-03-2026 02:30,70229.51,70408.78,69921.24,69931.04,1750
11-03-2026 03:00,69931.04,70043.60,69539.28,69752.60,2390
11-03-2026 03:30,69752.60,69863.64,69450.37,69597.21,2162
11-03-2026 04:00,69596.33,69766.37,69486.14,69706.54,1573
11-03-2026 04:30,69701.32,69869.29,69694.28,69808.04,2156
11-03-2026 05:00,69808.04,69974.86,69774.19,69946.84,2084
11-03-2026 05:30,69946.84,70146.92,69750.31,70049.19,2698
11-03-2026 06:00,70050.06,70166.56,69800.62,70040.09,2694
11-03-2026 06:30,70041.15,70142.54,69966.50,70090.63,2809
11-03-2026 07:00,70090.63,70116.55,69873.88,70073.85,3090
11-03-2026 07:30,70073.85,70120.68,69914.17,69971.60,1888
11-03-2026 08:00,69970.71,69970.71,69611.92,69811.20,2510
11-03-2026 08:30,69808.26,69893.51,69495.01,69525.96,2199
11-03-2026 09:00,69524.61,69635.59,69486.10,69547.12,1734
11-03-2026 09:30,69547.80,69980.00,69491.18,69971.60,2284
11-03-2026 10:00,69971.60,70262.63,69909.54,70127.57,2194
11-03-2026 10:30,70127.39,70190.48,69869.57,69928.89,1981
11-03-2026 11:00,69928.89,69933.03,69413.44,69494.26,2930
11-03-2026 11:30,69494.26,69812.89,69489.63,69786.79,2312
11-03-2026 12:00,69794.65,69982.06,69707.20,69936.07,1657
11-03-2026 12:30,69936.07,70018.08,69756.25,69777.16,1539
11-03-2026 13:00,69777.39,69780.43,69490.58,69638.52,2494
11-03-2026 13:30,69644.73,69758.39,69491.40,69493.37,2792
11-03-2026 14:00,69491.51,69756.08,69486.86,69648.37,3029
11-03-2026 14:30,69648.33,69657.18,69518.47,69524.09,2757
11-03-2026 15:00,69524.09,69733.46,69380.46,69456.39,2634
11-03-2026 15:30,69456.39,69592.18,69387.11,69498.53,2189
11-03-2026 16:00,69498.55,69712.56,69463.07,69595.64,2853
11-03-2026 16:30,69602.24,69675.26,69419.43,69453.74,3019
11-03-2026 17:00,69453.74,69551.94,69152.08,69166.13,2681
11-03-2026 17:30,69166.13,69440.42,68970.19,69420.12,4028
11-03-2026 18:00,69420.24,69752.86,69147.10,69352.45,4731
11-03-2026 18:30,69352.45,70367.74,69326.54,70223.97,4271
11-03-2026 19:00,70223.97,71082.31,69791.60,70182.64,5592
11-03-2026 19:30,70182.64,70778.20,69967.57,70662.73,4615
11-03-2026 20:00,70664.29,70983.51,70445.64,70572.72,4541
11-03-2026 20:30,70572.72,70664.47,69997.68,70208.00,4446
11-03-2026 21:00,70208.99,70324.03,69712.00,70235.15,5070
11-03-2026 21:30,70238.75,70580.17,70165.80,70466.53,4910
11-03-2026 22:00,70466.74,70835.83,70453.11,70582.81,4579
11-03-2026 22:30,70582.02,71333.73,70562.96,71273.80,4485
11-03-2026 23:00,71273.84,71337.52,70512.78,70789.69,5149
11-03-2026 23:30,70787.31,70895.71,70622.39,70719.46,4588
12-03-2026 00:00,70720.87,70782.23,70422.76,70630.54,3739
12-03-2026 00:30,70630.54,70646.33,70382.24,70536.93,3532
12-03-2026 01:00,70537.07,70752.08,70480.12,70654.90,2881
12-03-2026 01:30,70656.03,70659.50,70400.06,70450.77,2390
12-03-2026 02:00,70450.68,70695.39,70440.22,70637.19,1796
12-03-2026 02:30,70637.19,70771.91,70492.95,70553.78,2355
12-03-2026 03:00,70553.40,70780.69,70536.09,70745.85,3112
12-03-2026 03:30,70745.85,70937.12,70471.38,70493.82,2821
12-03-2026 04:00,70494.08,70531.66,70242.10,70363.93,2667
12-03-2026 04:30,70363.93,70501.54,70315.63,70365.53,2335
12-03-2026 05:00,70360.16,70417.12,70118.52,70193.98,2821
12-03-2026 05:30,70190.28,70351.70,70126.43,70243.27,2865
12-03-2026 06:00,70242.02,70341.92,70130.67,70218.38,2156
12-03-2026 06:30,70218.38,70224.44,69868.17,69894.94,2960
12-03-2026 07:00,69894.94,69990.29,69747.31,69819.01,2740
12-03-2026 07:30,69822.18,69877.06,69504.67,69594.26,2553
12-03-2026 08:00,69594.26,69623.05,69216.20,69281.80,2915
12-03-2026 08:30,69281.80,69487.53,69239.37,69409.46,1973
12-03-2026 09:00,69409.46,69616.89,69273.82,69436.26,2117
12-03-2026 09:30,69436.14,69668.39,69434.13,69473.78,1673
12-03-2026 10:00,69473.78,69473.78,69288.49,69361.65,1724
12-03-2026 10:30,69361.65,69467.85,69202.80,69248.09,1988
12-03-2026 11:00,69247.32,69540.37,69247.23,69460.44,2152
12-03-2026 11:30,69460.44,69551.46,69347.56,69526.20,1834
12-03-2026 12:00,69526.02,69541.87,69389.65,69487.16,1506
12-03-2026 12:30,69487.16,69627.62,69398.53,69596.09,1352
12-03-2026 13:00,69596.09,69842.82,69590.30,69812.25,1754
12-03-2026 13:30,69812.25,70105.91,69710.60,69797.42,2873
12-03-2026 14:00,69795.75,69901.46,69689.59,69901.46,1849
12-03-2026 14:30,69901.46,69914.12,69569.63,69677.52,1863
12-03-2026 15:00,69677.52,70379.17,69676.22,69939.78,2978
12-03-2026 15:30,69940.54,70194.95,69842.95,70138.59,2697
12-03-2026 16:00,70136.93,70500.47,70120.17,70407.18,4110
12-03-2026 16:30,70407.18,70623.77,70357.48,70551.26,3568
12-03-2026 17:00,70546.72,70796.43,70404.99,70425.84,3702
12-03-2026 17:30,70425.84,70478.84,70279.51,70425.61,2752
12-03-2026 18:00,70425.79,70617.35,70290.08,70386.38,3714
12-03-2026 18:30,70387.01,70534.36,69987.77,70107.83,4040
12-03-2026 19:00,70107.83,70447.31,69694.87,69964.57,4736
12-03-2026 19:30,69968.76,70653.61,69922.29,69954.79,4965
12-03-2026 20:00,69949.88,69999.26,69351.93,69586.65,4451
12-03-2026 20:30,69586.65,70423.40,69474.99,70289.84,4424
12-03-2026 21:00,70291.07,70554.91,70142.53,70333.70,4612
12-03-2026 21:30,70337.70,70556.87,69899.93,70058.42,4622
12-03-2026 22:00,70058.42,70530.31,70033.09,70383.61,4804
12-03-2026 22:30,70387.48,70562.41,70201.67,70307.77,4665
12-03-2026 23:00,70305.45,70457.50,70072.40,70214.37,4796
12-03-2026 23:30,70214.90,70289.26,69876.28,70029.21,4686
13-03-2026 00:00,70029.23,70098.59,69793.04,69817.40,4001
13-03-2026 00:30,69817.79,70218.61,69756.60,70206.00,4006
13-03-2026 01:00,70207.45,70555.88,70197.33,70443.06,3792
13-03-2026 01:30,70443.06,70561.94,70268.92,70312.57,3283
13-03-2026 02:00,70312.57,70312.57,70106.03,70161.81,1964
13-03-2026 02:30,70161.81,70464.01,70161.81,70288.74,1452
13-03-2026 03:00,70288.74,70371.95,70192.77,70265.06,2109
13-03-2026 03:30,70265.06,70289.25,70107.95,70177.99,2666
13-03-2026 04:00,70175.83,70225.71,69999.76,70164.52,2077
13-03-2026 04:30,70164.52,70727.11,70161.30,70527.71,3697
13-03-2026 05:00,70527.71,70651.57,70456.99,70515.91,3172
13-03-2026 05:30,70515.93,71744.74,70383.92,71469.00,4690
13-03-2026 06:00,71472.96,71984.58,71231.50,71465.75,4814
13-03-2026 06:30,71464.27,71741.12,71457.13,71512.59,4343
13-03-2026 07:00,71512.59,71694.51,71272.20,71659.54,3459
13-03-2026 07:30,71659.54,71685.10,71421.93,71455.68,2953
13-03-2026 08:00,71455.68,71473.81,71033.18,71134.06,3383
13-03-2026 08:30,71134.06,71279.18,71060.59,71089.91,2490
13-03-2026 09:00,71089.91,71497.71,70951.80,71394.49,3120
13-03-2026 09:30,71395.49,71488.98,71234.48,71309.23,1974
13-03-2026 10:00,71309.23,71432.03,71259.81,71378.58,1809
13-03-2026 10:30,71378.58,71438.99,71230.32,71414.21,2569
13-03-2026 11:00,71414.21,71635.60,71414.21,71543.50,1755
13-03-2026 11:30,71543.50,71589.78,71224.46,71232.52,2995
13-03-2026 12:00,71230.97,71383.71,71171.99,71341.71,3122
13-03-2026 12:30,71340.71,71583.98,71224.75,71507.87,4135
13-03-2026 13:00,71507.87,71670.06,71372.11,71617.70,2705
13-03-2026 13:30,71617.70,71651.77,71377.33,71587.06,2883
13-03-2026 14:00,71587.06,72121.59,71580.56,71828.21,4227
13-03-2026 14:30,71828.21,71981.37,71583.43,71812.38,2850
13-03-2026 15:00,71812.38,72095.38,71783.30,72001.61,3064
13-03-2026 15:30,72000.86,72484.08,71995.54,72360.70,3015
13-03-2026 16:00,72360.70,72582.84,72324.79,72455.27,3344
13-03-2026 16:30,72455.27,72524.18,72235.65,72320.41,3082
13-03-2026 17:00,72320.41,72363.66,72209.96,72231.85,2462
13-03-2026 17:30,72231.85,72504.76,72211.97,72409.67,3194
13-03-2026 18:00,72409.67,72874.79,72330.21,72790.63,3439
13-03-2026 18:30,72790.63,73262.87,72699.30,73029.19,3607
13-03-2026 19:00,73030.09,73598.91,72781.04,73399.16,4697
13-03-2026 19:30,73395.63,73901.07,73290.12,73759.05,4492
13-03-2026 20:00,73759.05,73940.24,72372.44,72384.72,5234
13-03-2026 20:30,72393.65,72830.39,72214.67,72473.62,4896
13-03-2026 21:00,72475.64,72594.93,71737.89,71829.36,4027
13-03-2026 21:30,71829.36,71942.47,71149.91,71379.96,4206
13-03-2026 22:00,71380.65,72099.34,71370.19,71884.89,3963
13-03-2026 22:30,71884.89,72248.97,71602.25,71656.00,3951
13-03-2026 23:00,71656.11,71682.42,70895.18,71028.81,4063
13-03-2026 23:30,71028.81,71243.50,70838.95,71181.29,3172
14-03-2026 00:00,71188.63,71346.08,71000.91,71047.69,3389
14-03-2026 00:30,71047.69,71300.95,70997.28,71074.29,3267
14-03-2026 01:00,71077.45,71250.20,71032.65,71171.46,2565
14-03-2026 01:30,71184.32,71465.11,71137.13,71302.73,1861
14-03-2026 02:00,71302.73,71461.36,71271.71,71341.63,1289
14-03-2026 02:30,71350.40,71482.51,71131.39,71158.71,1184
14-03-2026 03:00,71158.71,71298.89,71054.89,71096.17,1723
14-03-2026 03:30,71096.17,71179.67,70635.76,70666.05,2246
14-03-2026 04:00,70675.45,70809.83,70552.41,70808.73,2261
14-03-2026 04:30,70808.73,70999.36,70693.36,70891.82,2004
14-03-2026 05:00,70891.82,70986.04,70854.78,70925.10,1253
14-03-2026 05:30,70925.10,70947.64,70739.11,70910.42,1813
14-03-2026 06:00,70910.42,70923.31,70552.41,70630.60,1848
14-03-2026 06:30,70627.42,70799.84,70626.51,70772.01,1368
14-03-2026 07:00,70775.58,70906.67,70485.88,70822.12,1758
14-03-2026 07:30,70822.12,70892.72,70774.29,70803.82,1307
14-03-2026 08:00,70803.82,70869.73,70732.25,70771.84,1215
14-03-2026 08:30,70784.48,71115.63,70782.37,71036.41,1303
14-03-2026 09:00,71036.41,71165.34,71036.41,71073.62,1318
14-03-2026 09:30,71073.62,71207.89,71054.12,71192.88,1238
14-03-2026 10:00,71192.88,71297.98,71012.31,71034.31,1507
14-03-2026 10:30,71034.31,71147.71,70979.30,71105.29,914
14-03-2026 11:00,71105.29,71111.13,70911.51,71014.79,1013
14-03-2026 11:30,71014.79,71014.79,70697.23,70705.34,1301
14-03-2026 12:00,70705.34,70738.44,70321.10,70618.44,2669
14-03-2026 12:30,70627.72,70718.05,70554.99,70680.18,1221
14-03-2026 13:00,70680.18,70732.32,70479.14,70593.49,1210
14-03-2026 13:30,70593.48,70708.69,70563.32,70675.93,1160
14-03-2026 14:00,70675.93,70682.71,70535.89,70583.37,887
14-03-2026 14:30,70585.52,70724.23,70559.37,70692.96,904
14-03-2026 15:00,70692.96,70692.96,70392.32,70506.82,964
14-03-2026 15:30,70506.82,70562.37,70419.38,70471.30,1196
14-03-2026 16:00,70471.30,70570.32,70388.99,70567.68,779
14-03-2026 16:30,70567.68,70713.82,70560.60,70664.19,1167
14-03-2026 17:00,70664.19,70776.26,70625.27,70740.37,1109
14-03-2026 17:30,70740.37,70832.36,70701.50,70717.66,1075
14-03-2026 18:00,70717.66,70774.38,70607.46,70769.85,1219
14-03-2026 18:30,70777.46,70926.39,70709.52,70918.84,1306
14-03-2026 19:00,70918.38,70919.32,70795.85,70854.74,1016
14-03-2026 19:30,70855.24,70938.05,70696.25,70821.11,1394
14-03-2026 20:00,70821.11,70841.63,70575.63,70596.11,1363
14-03-2026 20:30,70596.11,70725.89,70560.44,70666.88,1295
14-03-2026 21:00,70660.51,70666.97,70497.88,70578.56,1712
14-03-2026 21:30,70576.98,70659.62,70496.88,70659.15,1347
14-03-2026 22:00,70659.15,70704.91,70594.40,70676.47,1274
14-03-2026 22:30,70675.85,70731.76,70638.56,70731.76,1100
14-03-2026 23:00,70731.76,70731.76,70584.05,70618.87,934
14-03-2026 23:30,70618.87,70626.63,70557.71,70612.56,640
15-03-2026 00:00,70612.56,70698.41,70611.92,70662.76,946
15-03-2026 00:30,70662.76,70704.89,70594.65,70674.45,1166
15-03-2026 01:00,70674.45,70737.21,70639.07,70703.84,734
15-03-2026 01:30,70703.84,70759.34,70647.32,70737.45,870
15-03-2026 02:00,70737.45,70855.83,70733.35,70807.40,1001
15-03-2026 02:30,70807.40,70807.40,70663.78,70695.86,801
15-03-2026 03:00,70695.86,70822.62,70685.86,70807.57,1097
15-03-2026 03:30,70807.58,70808.70,70711.17,70737.81,906
15-03-2026 04:00,70737.81,70803.84,70697.54,70717.00,561
15-03-2026 04:30,70717.00,71091.38,70711.90,71033.08,1560
15-03-2026 05:00,71033.08,71249.84,71022.63,71216.10,1397
15-03-2026 05:30,71216.10,71220.43,71001.11,71064.43,1675
15-03-2026 06:00,71064.43,71118.04,70960.54,70985.00,1055
15-03-2026 06:30,70985.00,71038.16,70893.97,70939.25,1050
15-03-2026 07:00,70940.97,71035.22,70859.14,70986.94,1136
15-03-2026 07:30,70986.94,71369.74,70986.94,71269.96,1278
15-03-2026 08:00,71269.91,71621.39,71163.69,71445.37,1255
15-03-2026 08:30,71446.30,71527.33,71316.24,71330.20,1952
15-03-2026 09:00,71330.20,71431.86,71227.92,71356.96,1533
15-03-2026 09:30,71356.96,71654.67,71328.93,71532.73,1601
15-03-2026 10:00,71532.73,71584.96,71452.70,71581.70,1170
15-03-2026 10:30,71581.70,71785.64,71467.31,71628.73,1247
15-03-2026 11:00,71626.39,71694.86,71479.70,71486.15,1531
15-03-2026 11:30,71486.15,71593.55,71458.08,71464.06,738
15-03-2026 12:00,71464.06,71473.97,71389.94,71453.82,1048
15-03-2026 12:30,71453.82,71655.85,71425.69,71563.64,1210
15-03-2026 13:00,71563.64,71563.64,71405.03,71449.77,844
15-03-2026 13:30,71449.77,71665.74,71449.77,71580.55,1074
15-03-2026 14:00,71580.55,71712.89,71497.97,71712.19,1088
15-03-2026 14:30,71712.19,71934.42,71706.82,71843.92,2162
15-03-2026 15:00,71843.92,71868.35,71707.28,71784.52,1555
15-03-2026 15:30,71784.52,71917.66,71712.28,71860.16,1679
15-03-2026 16:00,71860.16,71863.88,71777.50,71779.65,1047
15-03-2026 16:30,71779.65,71809.53,71666.15,71697.06,1033
15-03-2026 17:00,71697.06,71888.22,71660.67,71842.61,682
15-03-2026 17:30,71842.61,71842.61,71663.71,71705.66,916
15-03-2026 18:00,71705.66,71733.66,71567.89,71610.52,1150
15-03-2026 18:30,71610.52,71678.08,71265.55,71526.50,2788
15-03-2026 19:00,71526.50,71612.44,71280.47,71605.84,2530
15-03-2026 19:30,71605.84,71624.70,71400.79,71454.54,2061
15-03-2026 20:00,71454.70,71621.91,71341.90,71620.37,2465
15-03-2026 20:30,71620.37,71626.78,71456.42,71467.78,1908
15-03-2026 21:00,71467.66,71545.05,71412.22,71474.84,1697
15-03-2026 21:30,71474.84,71582.96,71347.70,71405.53,2313
15-03-2026 22:00,71405.53,71494.40,71327.10,71430.64,1508
15-03-2026 22:30,71430.64,71533.66,71407.07,71512.36,1639
15-03-2026 23:00,71512.36,71983.12,71479.60,71817.64,1452
15-03-2026 23:30,71817.64,71883.31,71685.66,71720.19,1679
16-03-2026 00:00,71720.19,71824.03,71315.86,71384.51,1888
16-03-2026 00:30,71384.51,71544.55,71336.32,71520.39,1783
16-03-2026 01:00,71520.39,71573.94,71454.91,71547.40,1061
16-03-2026 01:30,71547.40,71570.58,71427.73,71486.64,730
16-03-2026 02:00,71486.64,71921.62,71486.64,71724.41,1856
16-03-2026 02:30,71724.41,71804.01,71621.05,71759.83,1407
16-03-2026 03:00,71759.83,72218.98,71759.83,72104.95,3009
16-03-2026 03:30,72104.95,72302.94,71715.47,71927.60,2717
16-03-2026 04:00,71927.60,73051.56,71927.60,72745.20,3395
16-03-2026 04:30,72747.33,73189.19,72480.19,72484.92,3354
16-03-2026 05:00,72482.75,72822.75,72421.94,72814.21,3251
16-03-2026 05:30,72814.21,73009.01,72498.16,72510.18,3097
16-03-2026 06:00,72510.18,72684.39,72447.76,72524.90,2699
16-03-2026 06:30,72528.06,72684.78,72273.65,72642.17,3247
16-03-2026 07:00,72642.17,72852.54,72480.91,72756.74,3039
16-03-2026 07:30,72756.00,72857.17,72381.08,72450.36,2646
16-03-2026 08:00,72448.59,72595.14,72363.97,72511.11,2306
16-03-2026 08:30,72511.11,72873.05,72429.31,72850.33,2301
16-03-2026 09:00,72850.33,74280.60,72850.33,73563.67,4231
16-03-2026 09:30,73563.38,74046.25,73563.38,73599.33,3364
16-03-2026 10:00,73599.33,74421.24,73587.93,73826.66,3219
16-03-2026 10:30,73826.66,74075.60,73723.19,73890.42,3605
16-03-2026 11:00,73890.42,74238.77,73700.06,74201.36,3560
16-03-2026 11:30,74193.69,74193.69,73602.78,73701.20,2818
16-03-2026 12:00,73701.76,73846.39,73691.90,73701.88,1928
16-03-2026 12:30,73701.88,73917.75,73650.56,73821.10,2116
16-03-2026 13:00,73821.10,73858.71,73376.80,73447.59,2726
16-03-2026 13:30,73448.34,73763.44,73348.23,73349.95,2875
16-03-2026 14:00,73349.95,73356.18,72880.84,73127.01,3290
16-03-2026 14:30,73127.01,73272.75,73051.12,73269.99,2648
16-03-2026 15:00,73269.99,73319.47,73168.87,73247.78,1970
16-03-2026 15:30,73247.78,73488.09,73247.78,73435.35,2550
16-03-2026 16:00,73435.35,73783.84,73194.53,73783.41,2578
16-03-2026 16:30,73787.02,73811.75,73527.66,73548.64,3179
16-03-2026 17:00,73548.64,73661.56,73508.42,73544.16,2470
16-03-2026 17:30,73544.16,73880.19,73455.60,73870.74,3204
16-03-2026 18:00,73864.29,74034.43,73706.71,73857.84,3552
16-03-2026 18:30,73857.84,74003.54,73780.05,73896.39,2863
16-03-2026 19:00,73896.39,74505.50,73837.91,74106.28,4256
16-03-2026 19:30,74106.28,74456.89,73608.36,73616.33,4254
16-03-2026 20:00,73616.33,73638.57,72991.71,73560.45,3962
16-03-2026 20:30,73560.45,73911.23,73323.59,73843.97,3894
16-03-2026 21:00,73843.96,74026.00,73181.75,73266.75,3814
16-03-2026 21:30,73266.75,73491.81,73157.78,73403.21,3726
16-03-2026 22:00,73403.20,73903.38,73312.03,73752.29,3790
16-03-2026 22:30,73756.05,73929.12,73671.77,73684.46,3425
16-03-2026 23:00,73684.46,74045.62,73638.97,73932.64,3511
16-03-2026 23:30,73932.64,74320.81,73900.54,74243.17,3606
17-03-2026 00:00,74245.18,74350.43,73843.65,73900.19,3723
17-03-2026 00:30,73900.18,74403.59,73790.99,74110.29,3692
17-03-2026 01:00,74109.61,74246.24,73840.66,73951.85,3502
17-03-2026 01:30,73953.70,74064.50,73847.75,73971.58,2219
17-03-2026 02:00,73971.58,74235.81,73965.80,74220.26,2543
17-03-2026 02:30,74220.26,74470.18,74136.60,74264.89,2729
17-03-2026 03:00,74264.89,74781.12,74247.35,74392.05,3392
17-03-2026 03:30,74392.05,74885.02,74361.08,74649.75,3162
17-03-2026 04:00,74649.75,74856.61,74605.39,74748.00,2095
17-03-2026 04:30,74755.09,74757.93,74239.14,74599.42,2794
17-03-2026 05:00,74598.28,74896.01,74583.61,74871.25,2524
17-03-2026 05:30,74871.25,75485.05,74605.89,75072.08,3937
17-03-2026 06:00,75072.08,75304.24,74903.11,75304.23,3868
17-03-2026 06:30,75304.23,75965.46,75060.15,75917.91,4028
17-03-2026 07:00,75917.91,75984.62,75447.97,75611.11,3632
17-03-2026 07:30,75611.11,75668.16,75107.10,75158.32,2941
17-03-2026 08:00,75158.32,75455.28,75107.86,75185.81,2809
17-03-2026 08:30,75185.81,75316.83,74735.05,74825.20,2450
17-03-2026 09:00,74825.20,74834.79,74256.17,74453.76,3422
17-03-2026 09:30,74453.76,74675.33,74293.03,74415.94,2743
17-03-2026 10:00,74416.05,74493.37,73985.20,74235.12,3107
17-03-2026 10:30,74235.13,74411.91,74082.34,74396.03,2096
17-03-2026 11:00,74396.03,74448.87,73778.40,74034.48,2643
17-03-2026 11:30,74024.96,74252.61,73863.93,74205.17,2859
17-03-2026 12:00,74205.17,74269.15,73943.71,74071.75,2049
17-03-2026 12:30,74072.04,74441.39,74055.54,74394.54,2377
17-03-2026 13:00,74394.54,74394.63,74208.84,74237.24,1833
17-03-2026 13:30,74237.24,74445.59,74100.65,74302.14,2289
17-03-2026 14:00,74302.14,74427.75,74137.53,74180.64,2150
17-03-2026 14:30,74181.01,74395.16,73989.78,74297.75,2013
17-03-2026 15:00,74297.75,74320.62,73833.56,73929.09,1532
17-03-2026 15:30,73929.09,73952.83,73577.07,73743.03,2756
17-03-2026 16:00,73743.03,73788.00,73588.92,73722.13,2183
17-03-2026 16:30,73722.13,74072.66,73676.16,74003.94,1861
17-03-2026 17:00,74003.94,74203.83,73938.67,74027.78,2047
17-03-2026 17:30,74028.06,74173.83,73774.89,73788.78,2269
17-03-2026 18:00,73788.78,73908.44,73662.53,73730.20,3150
17-03-2026 18:30,73726.54,73863.55,73656.48,73696.33,2765
17-03-2026 19:00,73696.33,74155.64,73395.93,73616.83,4309
17-03-2026 19:30,73616.83,73928.15,73426.49,73890.88,4013
17-03-2026 20:00,73890.20,74421.64,73889.83,74394.01,4201
17-03-2026 20:30,74394.01,74892.87,74000.55,74059.77,4612
17-03-2026 21:00,74054.76,74168.54,73681.11,73921.08,4718
17-03-2026 21:30,73920.61,74349.70,73872.20,74215.16,4136
17-03-2026 22:00,74212.08,74271.01,73993.60,74158.15,4530
17-03-2026 22:30,74158.15,74449.49,74012.79,74302.52,4088
17-03-2026 23:00,74302.52,74602.34,74227.24,74529.77,3271
17-03-2026 23:30,74529.77,74685.06,74395.63,74428.69,3871
18-03-2026 00:00,74428.51,74783.04,74418.63,74689.19,3330
18-03-2026 00:30,74689.19,74820.85,74557.20,74644.88,3242
18-03-2026 01:00,74644.88,74789.85,74437.17,74527.30,3025
18-03-2026 01:30,74529.10,74697.07,74378.03,74670.16,2144
18-03-2026 02:00,74667.10,74671.43,74495.10,74518.55,1728
18-03-2026 02:30,74518.55,74785.04,74471.55,74573.55,1879
18-03-2026 03:00,74573.55,74798.31,74504.22,74698.83,2856
18-03-2026 03:30,74698.83,74784.99,74376.24,74378.30,2807
18-03-2026 04:00,74378.30,74404.89,73940.08,74315.26,2697
18-03-2026 04:30,74315.26,74413.80,74111.17,74205.93,2209
18-03-2026 05:00,74205.93,74205.93,73882.55,73919.32,2638
18-03-2026 05:30,73919.32,74074.37,73682.07,73786.67,2955
18-03-2026 06:00,73786.67,73889.64,73540.28,73871.90,2990
18-03-2026 06:30,73871.90,74058.19,73825.86,74022.94,3063
18-03-2026 07:00,74022.94,74220.50,74013.87,74089.22,2341
18-03-2026 07:30,74089.22,74302.93,74056.45,74245.14,1921
18-03-2026 08:00,74245.14,74490.77,74209.77,74355.60,2122
18-03-2026 08:30,74355.60,74629.90,74266.39,74535.45,2052
18-03-2026 09:00,74534.30,74680.23,74426.87,74463.85,1808
18-03-2026 09:30,74463.85,74506.18,74268.66,74277.53,1213
18-03-2026 10:00,74272.47,74272.48,74153.39,74185.17,865
18-03-2026 10:30,74185.17,74312.73,74060.17,74079.70,1554
18-03-2026 11:00,74079.70,74170.01,73841.74,73961.93,1586
18-03-2026 11:30,73961.93,74228.85,73947.23,74183.41,1234
18-03-2026 12:00,74183.41,74215.38,73941.17,73955.15,1314
18-03-2026 12:30,73955.15,74002.11,73809.87,73846.53,1317
18-03-2026 13:00,73846.53,73911.67,73698.59,73880.52,1558
18-03-2026 13:30,73880.52,74074.68,73858.34,74043.74,1619
18-03-2026 14:00,74043.74,74122.67,73971.90,74046.32,1438
18-03-2026 14:30,74046.32,74226.50,74042.11,74160.87,1643
18-03-2026 15:00,74160.87,74296.90,74115.60,74181.80,2148
18-03-2026 15:30,74181.80,74267.71,74101.56,74188.91,1809
18-03-2026 16:00,74188.91,74211.64,73817.06,73939.71,2288
18-03-2026 16:30,73939.31,74072.35,73590.63,73601.50,2362
18-03-2026 17:00,73601.50,73609.15,72793.50,72948.15,3703
18-03-2026 17:30,72948.15,72971.42,72685.47,72822.83,3446
18-03-2026 18:00,72822.83,72822.83,72271.33,72367.29,4548
18-03-2026 18:30,72367.29,72549.18,72120.31,72483.15,4316
18-03-2026 19:00,72483.32,72553.45,71988.60,72130.21,4348
18-03-2026 19:30,72131.02,72219.99,71617.82,71636.19,4082
18-03-2026 20:00,71637.86,71848.09,71124.81,71177.13,3875
18-03-2026 20:30,71184.08,71458.77,70853.73,71285.02,4146
18-03-2026 21:00,71283.57,71526.42,71207.67,71461.38,3275
18-03-2026 21:30,71463.49,71554.12,71096.92,71223.19,3794
18-03-2026 22:00,71221.99,71435.65,71029.04,71309.85,3513
18-03-2026 22:30,71309.85,71506.17,71194.78,71472.62,2159
18-03-2026 23:00,71472.62,71747.56,71340.73,71589.29,2898
18-03-2026 23:30,71589.29,71993.01,71561.53,71678.51,3619
19-03-2026 00:00,71673.01,71841.64,70946.25,71089.83,3936
19-03-2026 00:30,71090.75,71474.96,71079.21,71275.83,3453
19-03-2026 01:00,71275.83,71346.98,70928.94,71050.31,2735
19-03-2026 01:30,71051.52,71051.52,70485.90,70973.05,3161
19-03-2026 02:00,70973.05,71305.46,70942.41,71217.24,2118
19-03-2026 02:30,71217.24,71412.67,71169.54,71233.85,1657
19-03-2026 03:00,71233.85,71383.45,71154.58,71253.04,2015
19-03-2026 03:30,71253.04,71254.50,70944.48,71073.55,1965
19-03-2026 04:00,71073.55,71140.91,70932.55,71140.91,1230
19-03-2026 04:30,71140.91,71255.33,71055.92,71187.76,1991
19-03-2026 05:00,71187.76,71345.01,71186.11,71232.76,2670
19-03-2026 05:30,71232.40,71297.81,71081.30,71288.54,1437
19-03-2026 06:00,71288.54,71288.54,70963.76,70994.86,2192
19-03-2026 06:30,70994.86,71097.06,70941.34,71061.49,1891
19-03-2026 07:00,71061.49,71176.03,71001.51,71105.78,1974
19-03-2026 07:30,71105.78,71236.79,70892.73,71235.76,2427
19-03-2026 08:00,71244.84,71248.47,71031.04,71047.90,1869
19-03-2026 08:30,71047.87,71598.63,71047.87,71486.46,2583
19-03-2026 09:00,71486.90,71526.69,71196.10,71205.66,2027
19-03-2026 09:30,71205.66,71205.66,70673.92,70724.54,2170
19-03-2026 10:00,70724.54,70866.58,70649.59,70810.43,1339
19-03-2026 10:30,70810.43,70898.59,70667.48,70675.93,2081
19-03-2026 11:00,70671.95,70860.06,70648.90,70813.32,2738
19-03-2026 11:30,70813.32,70947.83,70714.66,70719.04,1734
19-03-2026 12:00,70719.04,70745.78,70501.60,70573.73,2323
19-03-2026 12:30,70574.38,70588.56,69486.10,69803.24,4137
19-03-2026 13:00,69803.24,70306.98,69784.05,70185.68,3201
19-03-2026 13:30,70185.68,70298.00,70055.55,70061.09,3338
19-03-2026 14:00,70061.34,70155.39,69890.27,69984.99,3276
19-03-2026 14:30,69984.99,70436.39,69966.60,70252.82,3386
19-03-2026 15:00,70252.82,70549.13,70105.55,70495.74,3051
19-03-2026 15:30,70497.75,70524.79,70362.74,70394.16,2243
19-03-2026 16:00,70394.16,70410.45,70103.21,70117.92,2350
19-03-2026 16:30,70115.87,70245.89,70062.98,70189.54,2448
19-03-2026 17:00,70186.22,70229.56,69895.86,69937.87,1872
19-03-2026 17:30,69937.97,69937.97,69541.36,69588.47,2970
19-03-2026 18:00,69588.47,69731.50,69098.36,69278.20,3308
19-03-2026 18:30,69278.20,69501.53,69069.47,69318.81,3922
19-03-2026 19:00,69319.04,70054.77,69223.74,69890.69,3895
19-03-2026 19:30,69890.69,70133.45,69113.34,69141.37,4146
19-03-2026 20:00,69141.79,69567.37,69075.50,69467.00,4210
19-03-2026 20:30,69467.00,69903.27,69191.31,69191.31,3596
19-03-2026 21:00,69191.31,69532.67,68776.89,69388.41,4154
19-03-2026 21:30,69391.12,69580.16,69161.91,69506.21,3156
19-03-2026 22:00,69506.21,69620.20,69237.35,69433.33,4578
19-03-2026 22:30,69433.33,69722.32,69091.47,69647.68,4175
19-03-2026 23:00,69647.68,69925.17,69478.62,69839.53,2835
19-03-2026 23:30,69839.53,69918.71,69614.26,69639.76,2580
20-03-2026 00:00,69639.76,69840.61,69559.80,69803.11,2795
20-03-2026 00:30,69803.11,70585.88,69790.71,70266.20,4030
20-03-2026 01:00,70266.20,70478.94,70148.15,70248.89,3408
20-03-2026 01:30,70249.39,70465.54,70176.08,70319.98,1772
20-03-2026 02:00,70319.98,70655.87,70304.74,70466.76,1291
20-03-2026 02:30,70466.76,70679.41,70447.66,70535.02,1372
20-03-2026 03:00,70535.02,70575.27,70360.11,70394.63,1540
20-03-2026 03:30,70395.62,70488.83,70291.51,70359.53,1651
20-03-2026 04:00,70359.53,70359.53,69942.42,70175.21,1774
20-03-2026 04:30,70175.21,70275.45,69960.27,70131.50,2893
20-03-2026 05:00,70131.49,70176.23,69713.80,69903.51,2189
20-03-2026 05:30,69903.51,70158.60,69823.00,70092.52,2381
20-03-2026 06:00,70092.17,70294.59,70038.91,70181.79,2346
20-03-2026 06:30,70181.79,70434.56,70169.90,70376.36,2377
20-03-2026 07:00,70376.36,70572.72,70371.83,70394.65,1780
20-03-2026 07:30,70394.65,70479.88,70162.09,70234.16,1460
20-03-2026 08:00,70232.40,70499.46,70071.15,70400.11,1447
20-03-2026 08:30,70400.11,70649.91,70370.47,70648.17,1543
20-03-2026 09:00,70648.17,70793.83,70547.16,70709.47,2097
20-03-2026 09:30,70709.47,70952.42,70679.91,70909.11,1930
20-03-2026 10:00,70909.11,70909.35,70535.89,70763.84,1811
20-03-2026 10:30,70763.84,70852.67,70593.04,70612.21,1703
20-03-2026 11:00,70612.19,70708.04,70514.67,70585.11,1685
20-03-2026 11:30,70585.11,70630.90,70399.08,70459.19,1716
20-03-2026 12:00,70463.41,70516.04,70331.18,70483.97,1871
20-03-2026 12:30,70483.94,70531.51,70197.81,70438.77,2771
20-03-2026 13:00,70438.23,70911.53,70405.04,70839.12,2079
20-03-2026 13:30,70839.12,71346.68,70781.90,71230.51,3010
20-03-2026 14:00,71230.51,71230.52,70998.77,71025.67,2519
20-03-2026 14:30,71026.04,71026.42,70402.09,70487.86,2563
20-03-2026 15:00,70488.24,70707.80,70457.79,70562.91,2812
20-03-2026 15:30,70562.91,70580.26,70200.48,70304.55,2496
20-03-2026 16:00,70304.55,70646.90,70282.94,70593.04,1981
20-03-2026 16:30,70593.04,70783.23,70550.75,70692.49,2171
20-03-2026 17:00,70692.49,70699.49,70285.94,70458.80,1838
20-03-2026 17:30,70458.80,70666.24,70390.04,70427.12,2423
20-03-2026 18:00,70427.12,70443.09,70224.26,70315.95,3097
20-03-2026 18:30,70315.96,70598.31,70213.42,70468.79,3222
20-03-2026 19:00,70477.59,70490.49,69777.25,69834.31,4477
20-03-2026 19:30,69834.31,70063.46,69559.19,69912.37,4481
20-03-2026 20:00,69908.87,70245.89,69631.59,69711.73,4200
20-03-2026 20:30,69712.73,69984.18,69461.65,69801.55,4236
20-03-2026 21:00,69799.45,69976.42,69727.34,69842.32,4545
20-03-2026 21:30,69842.32,70079.67,69832.33,70006.84,2521
20-03-2026 22:00,70006.84,70007.22,69586.58,69810.81,2088
20-03-2026 22:30,69810.81,69946.10,69617.89,69632.29,2127
20-03-2026 23:00,69632.29,69997.04,69369.66,69975.56,3290
20-03-2026 23:30,69973.84,70050.50,69616.56,69641.05,3575
21-03-2026 00:00,69642.11,69878.13,69499.59,69741.82,3762
21-03-2026 00:30,69741.82,69960.31,69666.17,69850.14,3474
21-03-2026 01:00,69850.14,70165.80,69643.82,70142.79,2791
21-03-2026 01:30,70145.98,70227.37,69921.18,69950.54,1566
21-03-2026 02:00,69950.54,70063.48,69725.47,70025.84,1902
21-03-2026 02:30,70048.44,70546.04,69921.77,70479.75,1637
21-03-2026 03:00,70479.75,70687.56,70348.76,70509.32,2076
21-03-2026 03:30,70505.92,70887.73,70505.92,70656.89,2151
21-03-2026 04:00,70656.89,70799.69,70589.24,70739.98,1447
21-03-2026 04:30,70739.98,70741.68,70394.53,70452.21,1416
21-03-2026 05:00,70452.21,70565.63,70431.09,70475.93,853
21-03-2026 05:30,70475.93,70790.73,70439.12,70626.38,1302
21-03-2026 06:00,70626.65,70696.62,70536.48,70650.89,996
21-03-2026 06:30,70650.89,70727.64,70544.99,70576.70,1282
21-03-2026 07:00,70576.70,70617.62,70434.96,70434.96,1088
21-03-2026 07:30,70434.96,70661.78,70409.76,70609.59,1001
21-03-2026 08:00,70609.59,70752.41,70542.05,70701.03,1201
21-03-2026 08:30,70701.03,70750.82,70623.90,70671.51,836
21-03-2026 09:00,70671.51,70671.51,70597.35,70632.99,807
21-03-2026 09:30,70633.05,70785.52,70632.96,70713.88,1147
21-03-2026 10:00,70713.52,70713.52,70590.05,70608.16,835
21-03-2026 10:30,70608.16,70766.72,70601.67,70750.15,933
21-03-2026 11:00,70750.15,70800.95,70649.08,70672.95,955
21-03-2026 11:30,70672.95,70789.32,70661.72,70776.83,1038
21-03-2026 12:00,70776.83,70788.83,70706.02,70735.88,680
21-03-2026 12:30,70735.88,70848.82,70702.80,70845.83,617
21-03-2026 13:00,70845.83,70845.97,70647.88,70692.35,538
21-03-2026 13:30,70692.35,70723.86,70488.90,70498.14,850
21-03-2026 14:00,70498.14,70608.16,70462.85,70563.48,816
21-03-2026 14:30,70563.48,70704.36,70540.56,70560.55,595
21-03-2026 15:00,70560.55,70664.09,70552.13,70630.60,588
21-03-2026 15:30,70630.60,70661.71,70534.76,70534.76,688
21-03-2026 16:00,70539.56,70588.41,70535.43,70577.88,369
21-03-2026 16:30,70577.88,70587.76,70540.03,70577.44,317
21-03-2026 17:00,70577.44,70624.86,70545.46,70624.02,389
21-03-2026 17:30,70624.02,70764.37,70624.02,70752.17,604
21-03-2026 18:00,70752.17,70752.17,70686.74,70694.00,272
21-03-2026 18:30,70694.00,70783.24,70679.32,70703.94,365
21-03-2026 19:00,70703.94,70763.52,70685.56,70712.37,358
21-03-2026 19:30,70712.37,71054.72,70712.37,70902.73,1089
21-03-2026 20:00,70902.73,70990.76,70560.76,70594.09,1008
21-03-2026 20:30,70594.38,70637.91,70430.46,70636.44,1353
21-03-2026 21:00,70636.24,70729.46,70578.29,70602.23,890
21-03-2026 21:30,70602.23,70624.85,70307.85,70383.50,988
21-03-2026 22:00,70383.49,70444.51,70223.34,70277.45,1427
21-03-2026 22:30,70277.45,70370.75,70177.98,70334.60,789
21-03-2026 23:00,70334.60,70390.86,70238.79,70272.47,641
21-03-2026 23:30,70272.47,70408.52,70255.44,70374.95,601
22-03-2026 00:00,70374.95,70491.42,70353.92,70353.93,1148
22-03-2026 00:30,70353.93,70412.91,70353.93,70378.92,484
22-03-2026 01:00,70378.92,70391.63,70293.24,70356.82,856
22-03-2026 01:30,70358.27,70439.16,70315.94,70420.06,975
22-03-2026 02:00,70421.65,70475.02,70412.28,70428.23,1041
22-03-2026 02:30,70428.23,70478.90,70316.03,70322.93,871
22-03-2026 03:00,70322.93,70354.73,70234.27,70318.46,1550
22-03-2026 03:30,70318.46,70346.77,70233.41,70252.14,1260
22-03-2026 04:00,70252.14,70334.43,70228.95,70243.21,826
22-03-2026 04:30,70243.21,70255.04,70078.98,70078.98,1462
22-03-2026 05:00,70078.98,70163.02,68555.69,68891.23,2922
22-03-2026 05:30,68891.23,69029.19,68214.71,68866.40,3722
22-03-2026 06:00,68867.94,69123.52,68751.89,68920.60,2897
22-03-2026 06:30,68920.60,69067.48,68817.16,68997.44,2068
22-03-2026 07:00,68997.44,69049.18,68733.87,68935.85,1952
22-03-2026 07:30,68935.85,69375.76,68917.12,69304.85,1675
22-03-2026 08:00,69323.09,69333.12,69175.21,69246.14,1531
22-03-2026 08:30,69247.52,69497.32,69092.07,69406.41,1440
22-03-2026 09:00,69406.41,69555.26,69250.79,69314.84,1422
22-03-2026 09:30,69314.84,69492.10,69193.79,69232.28,1331
22-03-2026 10:00,69232.54,69376.06,69182.65,69323.32,1341
22-03-2026 10:30,69323.32,69328.61,69134.44,69144.64,962
22-03-2026 11:00,69144.64,69226.41,69116.17,69122.02,870
22-03-2026 11:30,69122.02,69202.50,69035.73,69202.50,1143
22-03-2026 12:00,69202.50,69212.01,69115.83,69131.15,1050
22-03-2026 12:30,69131.15,69215.43,69094.04,69146.97,800
22-03-2026 13:00,69146.97,69152.16,68863.00,68884.86,1637
22-03-2026 13:30,68884.86,68953.43,68530.99,68598.07,1689
22-03-2026 14:00,68598.07,68794.13,68539.65,68770.67,1445
22-03-2026 14:30,68770.67,68865.56,68554.31,68617.77,1297
22-03-2026 15:00,68617.77,68814.15,68611.21,68793.62,814
22-03-2026 15:30,68793.62,68816.80,68626.89,68699.61,651
22-03-2026 16:00,68699.61,68740.32,68554.28,68615.35,981
22-03-2026 16:30,68615.35,68658.70,68357.18,68392.30,1105
22-03-2026 17:00,68388.88,68487.54,68114.33,68189.14,2042
22-03-2026 17:30,68189.15,68725.73,68164.26,68629.61,1625
22-03-2026 18:00,68629.61,68666.36,68531.50,68624.10,1208
22-03-2026 18:30,68624.10,68921.74,68624.10,68779.02,1192
22-03-2026 19:00,68779.02,68824.18,68521.78,68674.45,1631
22-03-2026 19:30,68674.45,68874.17,68514.84,68809.44,2126
22-03-2026 20:00,68813.40,68885.04,68615.08,68686.55,1432
22-03-2026 20:30,68686.55,68973.97,68686.55,68878.61,1676
22-03-2026 21:00,68878.61,68885.47,68683.53,68823.46,1235
22-03-2026 21:30,68823.46,68857.78,68660.06,68689.64,1036
22-03-2026 22:00,68689.64,68823.61,68646.12,68779.70,895
22-03-2026 22:30,68779.70,68835.08,68713.91,68794.13,742
22-03-2026 23:00,68793.69,68809.88,68647.26,68648.90,823
22-03-2026 23:30,68648.90,68711.36,68564.23,68674.47,668
23-03-2026 00:00,68674.47,68724.84,68322.38,68591.39,1536
23-03-2026 00:30,68591.39,68605.57,68248.93,68261.36,1180
23-03-2026 01:00,68261.37,68399.26,68118.63,68178.54,1237
23-03-2026 01:30,68178.54,68469.99,68178.54,68296.10,1065
23-03-2026 02:00,68296.10,68355.14,68065.34,68154.36,1484
23-03-2026 02:30,68154.36,68211.90,67337.82,67787.66,2572
23-03-2026 03:00,67787.66,67961.42,67659.70,67877.27,2425
23-03-2026 03:30,67877.27,68335.93,67549.07,68220.36,3604
23-03-2026 04:00,68220.36,68369.31,68069.38,68307.30,2994
23-03-2026 04:30,68307.30,68436.81,68064.91,68074.13,2847
23-03-2026 05:00,68074.13,68126.82,67809.09,67831.63,3275
23-03-2026 05:30,67831.64,68128.60,67752.96,67963.99,3836
23-03-2026 06:00,67963.20,67973.47,67417.91,67640.27,3786
23-03-2026 06:30,67640.14,68099.49,67506.33,68059.45,3235
23-03-2026 07:00,68059.45,68128.47,67872.74,67874.15,3063
23-03-2026 07:30,67874.15,68281.74,67771.60,68234.70,3119
23-03-2026 08:00,68237.72,68369.97,68139.76,68287.79,2585
23-03-2026 08:30,68287.79,68556.83,68146.67,68181.28,2732
23-03-2026 09:00,68181.87,68210.17,68032.69,68049.51,2422
23-03-2026 09:30,68049.51,68200.02,68026.62,68198.46,2321
23-03-2026 10:00,68197.95,68514.41,68188.37,68511.38,2213
23-03-2026 10:30,68511.38,68841.25,68511.30,68664.47,2431
23-03-2026 11:00,68664.47,68874.69,68532.14,68869.80,2571
23-03-2026 11:30,68869.80,68871.84,68470.91,68528.12,2808
23-03-2026 12:00,68544.29,68544.29,67664.83,67842.42,3060
23-03-2026 12:30,67845.63,67967.09,67478.41,67774.30,3379
23-03-2026 13:00,67774.30,68429.51,67741.18,68283.43,3882
23-03-2026 13:30,68286.38,68661.04,68286.38,68432.67,3811
23-03-2026 14:00,68432.67,68623.89,68302.99,68400.45,3229
23-03-2026 14:30,68400.45,68437.28,68115.60,68221.12,2908
23-03-2026 15:00,68221.12,68307.83,67883.22,68300.36,3275
23-03-2026 15:30,68300.36,68679.16,68268.01,68432.40,2988
23-03-2026 16:00,68432.40,68544.04,68265.79,68515.57,2906
23-03-2026 16:30,68515.57,71446.18,68514.27,70680.24,5497
23-03-2026 17:00,70680.05,71170.60,70029.52,70092.07,5000
23-03-2026 17:30,70092.07,70470.77,69641.37,70311.05,4620
23-03-2026 18:00,70312.54,70840.20,70142.32,70705.44,4269
23-03-2026 18:30,70705.31,70866.83,70554.58,70779.44,3472
23-03-2026 19:00,70781.49,71544.35,70627.19,71442.60,4096
23-03-2026 19:30,71442.60,71770.20,71280.46,71313.65,3895
23-03-2026 20:00,71313.65,71490.36,71089.83,71411.85,4206
23-03-2026 20:30,71411.86,71626.40,70844.17,70868.12,3617
23-03-2026 21:00,70867.93,70917.10,70072.48,70100.32,3936
23-03-2026 21:30,70100.32,70527.73,70100.32,70184.53,4412
23-03-2026 22:00,70184.53,70718.95,70120.59,70533.70,4237
23-03-2026 22:30,70533.70,70707.73,70333.29,70501.17,3695
23-03-2026 23:00,70499.59,71092.75,70489.38,71053.27,3561
23-03-2026 23:30,71053.27,71133.65,70844.07,70852.91,3722
24-03-2026 00:00,70852.91,71159.32,70852.91,71045.25,4121
24-03-2026 00:30,71044.95,71209.74,70788.39,70998.24,3080
24-03-2026 01:00,70998.49,71039.86,70616.55,70643.41,2472
24-03-2026 01:30,70643.41,70793.33,70526.87,70776.53,1876
24-03-2026 02:00,70776.53,70953.73,70759.93,70885.29,1320
24-03-2026 02:30,70885.29,70955.11,70793.02,70861.75,1115
24-03-2026 03:00,70861.75,70965.39,70795.86,70824.28,1149
24-03-2026 03:30,70824.28,70865.98,70537.19,70603.90,2066
24-03-2026 04:00,70603.90,70765.51,70487.84,70745.24,1824
24-03-2026 04:30,70744.80,70775.11,70370.65,70675.86,1865
24-03-2026 05:00,70675.86,70959.33,70589.32,70867.93,1883
24-03-2026 05:30,70867.93,71057.89,70620.34,70686.11,2748
24-03-2026 06:00,70686.11,70786.24,70391.38,70646.39,2375
24-03-2026 06:30,70646.39,70849.63,70472.69,70795.61,2465
24-03-2026 07:00,70795.27,70841.45,70260.07,70479.99,2718
24-03-2026 07:30,70479.14,70661.78,70382.01,70529.16,2763
24-03-2026 08:00,70529.15,70605.37,70332.14,70410.36,1967
24-03-2026 08:30,70410.36,70550.03,70368.62,70503.62,1336
24-03-2026 09:00,70503.62,70534.54,70393.73,70507.86,1504
24-03-2026 09:30,70507.86,70703.75,70482.14,70487.01,1821
24-03-2026 10:00,70487.01,70487.01,70212.49,70335.31,2361
24-03-2026 10:30,70337.39,70338.91,70083.71,70143.67,2672
24-03-2026 11:00,70143.67,70337.56,70116.30,70249.11,1673
24-03-2026 11:30,70249.11,70420.58,70213.89,70344.80,2013
24-03-2026 12:00,70344.79,70534.10,70344.79,70502.97,2169
24-03-2026 12:30,70502.97,70985.80,70448.56,70893.42,3305
24-03-2026 13:00,70892.25,71364.72,70784.93,71262.67,3273
24-03-2026 13:30,71259.10,71317.25,70824.84,70882.20,2874
24-03-2026 14:00,70882.20,71067.34,70824.83,70930.21,2416
24-03-2026 14:30,70930.21,71009.63,70817.93,70985.81,1550
24-03-2026 15:00,70985.81,71340.14,70942.10,71291.74,2176
24-03-2026 15:30,71290.75,71305.69,71080.15,71085.91,1604
24-03-2026 16:00,71085.91,71256.00,71059.17,71244.06,2012
24-03-2026 16:30,71244.06,71244.06,70930.21,71038.99,2574
24-03-2026 17:00,71038.99,71291.49,70998.23,71125.76,2325
24-03-2026 17:30,71125.76,71147.82,70947.21,71058.30,1805
24-03-2026 18:00,71058.30,71058.30,70834.33,70934.48,2512
24-03-2026 18:30,70934.48,71035.85,70537.44,70567.67,3148
24-03-2026 19:00,70569.09,70749.07,69950.80,70069.99,4281
24-03-2026 19:30,70069.99,70433.12,69722.50,69949.26,4516
24-03-2026 20:00,69950.93,70090.00,69467.79,69820.64,4782
24-03-2026 20:30,69826.53,70212.07,69824.14,69994.65,4472
24-03-2026 21:00,69994.65,70152.68,69732.41,69831.63,3749
24-03-2026 21:30,69829.78,69965.57,69635.92,69762.43,2863
24-03-2026 22:00,69762.48,69811.59,69327.55,69435.28,3626
24-03-2026 22:30,69435.28,69473.67,69064.52,69137.55,4153
24-03-2026 23:00,69136.51,69284.99,68889.44,69194.91,4207
24-03-2026 23:30,69194.34,69438.36,69126.12,69364.68,3505
25-03-2026 00:00,69364.68,69701.13,69322.14,69385.17,3062
25-03-2026 00:30,69385.17,69654.72,69383.80,69492.11,2589
25-03-2026 01:00,69492.11,69495.11,69230.34,69320.14,2543
25-03-2026 01:30,69317.02,70236.77,69237.88,69962.02,2880
25-03-2026 02:00,69961.51,70187.43,69859.10,70051.90,3266
25-03-2026 02:30,70051.81,70170.40,69857.11,70013.39,1468
25-03-2026 03:00,70013.39,70352.56,69988.49,70283.06,2739
25-03-2026 03:30,70282.38,70541.18,70150.32,70195.97,2460
25-03-2026 04:00,70199.35,70343.15,70098.22,70270.90,2014
25-03-2026 04:30,70270.90,70717.29,70223.16,70702.47,1908
25-03-2026 05:00,70704.69,70791.82,70494.30,70510.95,1737
25-03-2026 05:30,70510.95,70717.69,70482.39,70624.36,2231
25-03-2026 06:00,70624.36,70992.80,70434.83,70795.50,2795
25-03-2026 06:30,70795.50,70936.00,70648.44,70720.37,2410
25-03-2026 07:00,70720.37,70779.13,70583.91,70632.72,1845
25-03-2026 07:30,70632.92,70660.18,70487.18,70546.89,1563
25-03-2026 08:00,70546.89,70715.85,70450.57,70482.79,1849
25-03-2026 08:30,70482.79,70528.11,70361.91,70484.36,1403
25-03-2026 09:00,70484.36,70760.90,70484.36,70672.21,1598
25-03-2026 09:30,70672.21,70904.92,70659.78,70819.97,1122
25-03-2026 10:00,70819.97,70931.70,70688.86,70929.88,1483
25-03-2026 10:30,70929.88,71305.59,70894.66,71154.66,2270
25-03-2026 11:00,71154.66,71213.41,71032.77,71073.98,1379
25-03-2026 11:30,71073.98,71224.96,70971.01,71198.26,1450
25-03-2026 12:00,71198.26,71213.22,70952.64,70952.64,1191
25-03-2026 12:30,70959.15,71117.25,70929.13,71037.63,1695
25-03-2026 13:00,71037.63,71230.97,70854.21,70894.64,2085
25-03-2026 13:30,70894.64,71213.37,70764.31,71155.22,2388
25-03-2026 14:00,71153.21,71467.22,71150.62,71212.47,2486
25-03-2026 14:30,71210.87,71367.15,71139.88,71233.85,2355
25-03-2026 15:00,71233.85,71385.45,71061.97,71317.99,2222
25-03-2026 15:30,71317.85,71456.66,71261.55,71373.85,1935
25-03-2026 16:00,71373.85,71599.87,71284.78,71471.71,2133
25-03-2026 16:30,71471.71,71892.33,71441.96,71856.08,1922
25-03-2026 17:00,71856.08,71995.42,71507.81,71659.63,2851
25-03-2026 17:30,71659.63,71820.33,71102.25,71315.60,3297
25-03-2026 18:00,71315.60,71916.25,71164.50,71692.21,3464
25-03-2026 18:30,71690.55,71831.41,71547.65,71592.90,2501
25-03-2026 19:00,71592.90,71923.30,71489.91,71550.09,4157
25-03-2026 19:30,71550.09,71669.68,71236.12,71331.13,3807
25-03-2026 20:00,71331.13,71518.54,71198.76,71204.77,3669
25-03-2026 20:30,71204.77,71275.78,70542.18,70987.93,4153
25-03-2026 21:00,70987.93,71053.46,70747.30,70798.23,3049
25-03-2026 21:30,70798.23,71706.24,70700.38,71468.84,3471
25-03-2026 22:00,71472.87,71602.24,71226.35,71287.52,3472
25-03-2026 22:30,71287.52,71365.70,70928.65,71027.98,3080
25-03-2026 23:00,71029.58,71034.78,70686.85,70736.63,3271
25-03-2026 23:30,70736.63,71110.33,70706.47,70937.33,2711
26-03-2026 00:00,70937.33,70978.91,70664.61,70775.32,2165
26-03-2026 00:30,70775.32,70974.38,70737.06,70926.24,2704
26-03-2026 01:00,70921.45,71052.16,70736.52,70842.27,2196
26-03-2026 01:30,70842.27,70858.33,70609.67,70674.62,1367
26-03-2026 02:00,70672.82,71021.27,70665.31,70972.37,1910
26-03-2026 02:30,70972.37,71136.19,70906.79,70938.39,1310
26-03-2026 03:00,70938.39,71066.02,70924.03,70995.76,1155
26-03-2026 03:30,70995.76,71103.64,70908.65,71000.88,1261
26-03-2026 04:00,71000.88,71519.35,70984.73,71328.46,1580
26-03-2026 04:30,71328.46,71403.76,71199.05,71321.54,1027
26-03-2026 05:00,71321.72,71336.92,71150.81,71287.26,1276
26-03-2026 05:30,71287.26,71339.86,71148.74,71258.16,1942
26-03-2026 06:00,71258.16,71393.30,71100.37,71256.20,2007
26-03-2026 06:30,71256.20,71334.27,71115.77,71276.96,1875
26-03-2026 07:00,71276.96,71316.08,71149.73,71208.70,1497
26-03-2026 07:30,71208.70,71245.97,70848.80,70852.81,1818
26-03-2026 08:00,70852.81,70877.10,70631.83,70846.76,1908
26-03-2026 08:30,70842.73,70926.14,70638.66,70666.84,1895
26-03-2026 09:00,70666.84,70867.83,70666.84,70862.96,1770
26-03-2026 09:30,70862.15,70866.49,70676.27,70823.69,1034
26-03-2026 10:00,70823.69,70854.06,70719.76,70722.52,896
26-03-2026 10:30,70722.52,70753.50,70442.47,70526.90,1963
26-03-2026 11:00,70526.90,70567.52,69909.69,69967.64,2182
26-03-2026 11:30,69967.64,70087.98,69800.03,70014.02,2771
26-03-2026 12:00,70014.02,70101.23,69933.13,70046.93,1740
26-03-2026 12:30,70046.32,70120.62,69860.08,69923.05,2117
26-03-2026 13:00,69923.05,70114.05,69761.10,70044.48,1968
26-03-2026 13:30,70044.48,70090.05,69772.18,69773.96,2691
26-03-2026 14:00,69773.96,69996.86,69757.32,69978.64,2023
26-03-2026 14:30,69978.64,70097.44,69837.33,69978.90,1630
26-03-2026 15:00,69978.90,69978.90,69359.66,69519.70,2909
26-03-2026 15:30,69520.39,69663.64,69445.09,69602.42,2977
26-03-2026 16:00,69602.42,69614.88,69410.12,69468.22,3177
26-03-2026 16:30,69468.22,69609.01,69150.02,69268.64,2722
26-03-2026 17:00,69275.38,69417.40,69215.08,69222.12,2992
26-03-2026 17:30,69222.12,69385.68,69176.62,69374.63,1867
26-03-2026 18:00,69374.63,69416.19,69198.06,69391.34,2272
26-03-2026 18:30,69391.34,69480.45,69328.40,69353.36,2440
26-03-2026 19:00,69353.01,69816.46,69171.42,69594.57,3743
26-03-2026 19:30,69592.52,69789.05,69362.61,69563.17,4268
26-03-2026 20:00,69560.93,69731.03,69214.29,69436.81,3458
26-03-2026 20:30,69438.28,69453.73,68651.35,68973.96,3240
26-03-2026 21:00,68974.48,69169.59,68848.44,69033.65,2715
26-03-2026 21:30,69033.65,69033.65,68798.15,68835.34,2845
26-03-2026 22:00,68835.52,68951.38,68778.41,68877.25,2490
26-03-2026 22:30,68877.25,69028.76,68847.59,69028.70,2843
26-03-2026 23:00,69028.70,69107.42,68336.30,68428.02,2801
26-03-2026 23:30,68428.02,68547.68,68100.24,68149.76,2915
27-03-2026 00:00,68149.76,68437.00,68130.73,68433.71,2421
27-03-2026 00:30,68433.71,68522.28,68328.48,68378.88,1022
27-03-2026 01:00,68378.88,68627.71,68301.43,68473.05,1667
27-03-2026 01:30,68475.38,69397.37,68384.18,69111.35,2613
27-03-2026 02:00,69111.39,69238.40,68868.55,68945.92,1754
27-03-2026 02:30,68945.92,69121.29,68819.88,69024.54,1726
27-03-2026 03:00,69024.54,69068.33,68840.10,68859.83,1888
27-03-2026 03:30,68859.83,68967.52,68552.18,68695.42,1852
27-03-2026 04:00,68695.42,68828.44,68649.99,68828.44,2406
27-03-2026 04:30,68828.83,68926.72,68589.85,68674.21,2397
27-03-2026 05:00,68674.21,68783.11,68587.76,68755.26,1726
27-03-2026 05:30,68755.26,68906.59,68651.65,68673.57,2134
27-03-2026 06:00,68673.32,68728.29,68472.48,68725.23,1239
27-03-2026 06:30,68725.23,68894.22,68645.87,68854.43,1649
27-03-2026 07:00,68854.43,69007.18,68790.84,68990.79,982
27-03-2026 07:30,68993.70,69113.68,68898.33,68966.23,1228
27-03-2026 08:00,68966.23,69016.01,68805.28,68851.29,1007
27-03-2026 08:30,68851.29,68871.68,68618.64,68782.75,1545
27-03-2026 09:00,68782.75,68856.59,68713.59,68713.59,1156
27-03-2026 09:30,68713.59,68737.47,68253.66,68479.45,1917
27-03-2026 10:00,68479.45,68578.11,68447.57,68521.65,1020
27-03-2026 10:30,68521.60,68809.82,68497.85,68542.28,1431
27-03-2026 11:00,68542.28,68653.00,68452.42,68572.49,989
27-03-2026 11:30,68572.49,68786.24,68511.34,68732.56,975
27-03-2026 12:00,68732.79,68774.06,68582.53,68602.66,1002
27-03-2026 12:30,68602.66,68900.76,68548.17,68869.76,963
27-03-2026 13:00,68869.76,68892.51,68403.62,68478.11,2373
27-03-2026 13:30,68478.11,68575.06,68176.50,68185.62,2123
27-03-2026 14:00,68185.62,68247.84,67560.14,67863.85,1351
27-03-2026 14:30,67863.85,67899.88,67493.68,67882.02,937
27-03-2026 15:00,67882.02,67882.02,67627.44,67642.38,829
27-03-2026 15:30,67642.38,67716.84,67558.67,67710.04,702
27-03-2026 16:00,67710.04,67716.34,66301.38,66451.26,3135
27-03-2026 16:30,66451.26,66693.39,66196.75,66665.95,2431
27-03-2026 17:00,66665.95,66807.66,66604.66,66662.81,1049
27-03-2026 17:30,66662.81,66734.24,66487.68,66501.62,1060
27-03-2026 18:00,66501.62,66645.83,66389.61,66580.18,1539
27-03-2026 18:30,66580.18,66691.69,66454.91,66661.51,1706
27-03-2026 19:00,66661.51,66680.33,66011.87,66143.82,3048
27-03-2026 19:30,66143.23,66354.84,65691.44,65699.08,3099
27-03-2026 20:00,65699.08,66195.75,65699.08,66150.26,3050
27-03-2026 20:30,66150.26,66386.34,65913.21,66279.65,3318
27-03-2026 21:00,66279.65,66582.03,66050.50,66066.93,2796
27-03-2026 21:30,66066.93,66067.93,65753.12,65901.75,3641
27-03-2026 22:00,65901.75,66109.32,65745.44,65923.20,3552
27-03-2026 22:30,65923.20,66216.62,65801.39,65808.50,3201
27-03-2026 23:00,65808.50,65862.84,65546.59,65566.52,3602
27-03-2026 23:30,65565.75,65792.08,65501.48,65701.73,4129
28-03-2026 00:00,65701.73,65886.96,65663.83,65766.62,2877
28-03-2026 00:30,65766.62,65877.50,65631.86,65860.93,2885
28-03-2026 01:00,65860.93,66074.82,65804.71,65974.92,3548
28-03-2026 01:30,65974.92,66086.47,65755.27,65833.91,2650
28-03-2026 02:00,65833.91,66020.71,65760.53,65951.24,1950
28-03-2026 02:30,65944.74,66111.04,65944.74,66085.38,757
28-03-2026 03:00,66085.38,66110.05,65967.50,66025.63,1097
28-03-2026 03:30,66025.63,66033.28,65880.57,65956.61,753
28-03-2026 04:00,65956.61,66013.96,65852.85,65959.26,1001
28-03-2026 04:30,65959.26,66157.92,65908.31,66126.66,867
28-03-2026 05:00,66126.66,66354.17,66102.73,66344.91,1050
28-03-2026 05:30,66344.91,66414.24,66231.44,66316.33,1494
28-03-2026 06:00,66316.33,66458.16,66316.33,66372.82,878
28-03-2026 06:30,66372.82,66372.82,66060.83,66160.25,1207
28-03-2026 07:00,66160.25,66227.63,65996.69,66113.74,1447
28-03-2026 07:30,66113.74,66189.45,65962.18,65991.27,1210
28-03-2026 08:00,65991.27,66011.34,65871.33,65991.42,1399
28-03-2026 08:30,65991.42,66125.22,65991.42,66107.76,1241
28-03-2026 09:00,66107.76,66182.96,66083.74,66171.91,787
28-03-2026 09:30,66171.91,66231.35,66048.59,66204.98,928
28-03-2026 10:00,66206.19,66242.03,66169.58,66222.76,609
28-03-2026 10:30,66222.76,66323.14,66139.83,66274.49,643
28-03-2026 11:00,66274.49,66306.94,66227.11,66277.88,647
28-03-2026 11:30,66286.08,66432.89,66246.00,66404.71,823
28-03-2026 12:00,66404.71,66422.87,66294.97,66323.80,480
28-03-2026 12:30,66326.12,66419.34,66318.79,66405.11,470
28-03-2026 13:00,66405.11,66510.43,66372.76,66498.31,558
28-03-2026 13:30,66498.31,66506.49,66413.81,66489.11,600
28-03-2026 14:00,66489.11,66494.40,66329.70,66352.73,528
28-03-2026 14:30,66352.73,66352.73,66231.26,66293.74,692
28-03-2026 15:00,66293.74,66298.66,66179.45,66251.04,400
28-03-2026 15:30,66251.04,66351.42,66095.30,66107.76,560
28-03-2026 16:00,66107.76,66172.72,66062.31,66159.19,622
28-03-2026 16:30,66159.19,66263.64,66138.79,66263.64,498
28-03-2026 17:00,66263.64,66295.98,66237.76,66267.50,419
28-03-2026 17:30,66257.18,66464.37,66178.66,66379.16,788
28-03-2026 18:00,66379.16,66405.05,66263.42,66393.52,609
28-03-2026 18:30,66393.70,66460.03,66348.29,66412.16,1119
28-03-2026 19:00,66412.18,67093.62,66395.37,66779.62,1971
28-03-2026 19:30,66779.62,66858.87,66656.82,66754.26,1183
28-03-2026 20:00,66754.26,66901.63,66604.05,66678.17,1096
28-03-2026 20:30,66678.17,67226.04,66652.67,66966.40,1465
28-03-2026 21:00,66966.40,67079.57,66866.97,66951.98,1655
28-03-2026 21:30,66951.98,67033.57,66862.93,67010.40,913
28-03-2026 22:00,67010.40,67010.40,66793.13,66864.76,810
28-03-2026 22:30,66864.76,66931.03,66710.68,66715.54,1002
28-03-2026 23:00,66715.54,66856.63,66645.01,66784.76,1285
28-03-2026 23:30,66784.76,66884.67,66780.12,66819.07,654
29-03-2026 00:00,66819.07,66889.22,66772.43,66846.34,797
29-03-2026 00:30,66846.34,66892.65,66741.53,66801.94,805
29-03-2026 01:00,66801.94,66849.20,66763.56,66849.20,733
29-03-2026 01:30,66849.20,66945.27,66837.25,66851.90,1275
29-03-2026 02:00,66851.90,66933.58,66841.88,66850.98,918
29-03-2026 02:30,66850.98,66861.82,66724.20,66788.62,917
29-03-2026 03:00,66788.62,66825.99,66534.80,66619.28,1520
29-03-2026 03:30,66618.97,66721.44,66526.34,66717.43,1185
29-03-2026 04:00,66717.43,66721.06,66631.75,66686.67,571
29-03-2026 04:30,66686.67,66686.67,66217.83,66323.24,2093
29-03-2026 05:00,66323.24,66418.73,66247.35,66306.89,1104
29-03-2026 05:30,66306.89,66415.13,66219.48,66327.06,1481
29-03-2026 06:00,66327.06,66437.88,66300.13,66424.64,956
29-03-2026 06:30,66424.63,66561.96,66417.44,66489.17,939
29-03-2026 07:00,66489.17,66533.13,66320.50,66501.41,1170
29-03-2026 07:30,66501.41,66640.28,66469.63,66588.73,872
29-03-2026 08:00,66588.73,66771.06,66515.48,66741.51,732
29-03-2026 08:30,66741.51,67049.23,66691.73,66907.72,1258
29-03-2026 09:00,66907.72,66939.44,66795.66,66840.60,717
29-03-2026 09:30,66840.60,66871.22,66707.02,66749.30,714
29-03-2026 10:00,66749.30,66778.20,66650.19,66667.80,508
29-03-2026 10:30,66667.80,66684.16,66532.86,66563.12,793
29-03-2026 11:00,66563.12,66746.86,66529.23,66703.57,999
29-03-2026 11:30,66703.57,66805.12,66570.10,66630.59,666
29-03-2026 12:00,66630.59,66703.58,66590.03,66668.55,499
29-03-2026 12:30,66668.55,66668.55,66486.69,66612.17,629
29-03-2026 13:00,66612.17,66673.67,66538.34,66601.40,389
29-03-2026 13:30,66601.40,66688.14,66531.46,66610.40,429
29-03-2026 14:00,66610.40,66703.11,66610.40,66653.33,496
29-03-2026 14:30,66653.33,66702.30,66523.91,66602.99,617
29-03-2026 15:00,66602.99,66626.61,66479.51,66565.78,657
29-03-2026 15:30,66565.78,66565.78,66369.52,66394.86,651
29-03-2026 16:00,66394.86,66505.56,66345.42,66435.02,673
29-03-2026 16:30,66435.02,66785.95,66435.02,66767.87,1135
29-03-2026 17:00,66767.87,66916.53,66699.35,66748.20,801
29-03-2026 17:30,66748.20,66783.46,66669.42,66713.91,489
29-03-2026 18:00,66713.91,66802.86,66635.43,66780.06,738
29-03-2026 18:30,66780.06,66800.47,66457.49,66562.67,1132
29-03-2026 19:00,66562.67,66619.04,66481.83,66510.43,958
29-03-2026 19:30,66510.43,66705.91,66393.22,66471.61,2083
29-03-2026 20:00,66471.61,66549.39,66437.45,66521.24,1683
29-03-2026 20:30,66521.24,66646.21,66280.56,66350.90,1923
29-03-2026 21:00,66350.03,66473.03,66260.85,66453.69,1210
29-03-2026 21:30,66453.69,66593.78,66372.11,66547.31,1766
29-03-2026 22:00,66547.31,66549.46,66412.11,66428.07,1175
29-03-2026 22:30,66428.07,66473.87,66093.35,66186.12,1607
29-03-2026 23:00,66186.12,66362.43,66156.87,66309.06,1291
29-03-2026 23:30,66309.07,66394.16,66248.72,66328.19,825
30-03-2026 00:00,66328.19,66466.43,66328.19,66357.58,816
30-03-2026 00:30,66357.58,66406.69,66321.44,66353.49,784
30-03-2026 01:00,66353.48,66410.09,66255.86,66280.97,843
30-03-2026 01:30,66280.97,66714.67,66275.41,66634.44,1335
30-03-2026 02:00,66634.44,66649.68,66496.31,66539.61,774
30-03-2026 02:30,66539.61,66601.41,66439.64,66582.83,997
30-03-2026 03:00,66582.89,66685.13,66526.79,66638.80,1446
30-03-2026 03:30,66638.80,66638.80,66158.07,66314.94,3020
30-03-2026 04:00,66315.13,66355.72,64938.15,65793.85,4010
30-03-2026 04:30,65793.85,66300.32,65793.45,65940.64,3149
30-03-2026 05:00,65941.79,66096.48,65801.16,65943.20,2904
30-03-2026 05:30,65945.93,66977.92,65732.55,66505.04,3369
30-03-2026 06:00,66505.04,66662.42,66046.96,66205.91,2956
30-03-2026 06:30,66207.04,66586.68,66207.04,66527.86,2703
30-03-2026 07:00,66527.86,66757.42,66460.91,66573.50,2690
30-03-2026 07:30,66577.65,66820.25,66503.86,66682.30,2333
30-03-2026 08:00,66682.30,67367.91,66526.02,67050.26,2686
30-03-2026 08:30,67049.31,67223.21,66906.03,67169.52,2756
30-03-2026 09:00,67169.52,67234.69,67048.47,67099.98,1877
30-03-2026 09:30,67099.98,67541.99,67092.69,67377.00,1933
30-03-2026 10:00,67377.01,67574.19,67312.29,67542.65,1170
30-03-2026 10:30,67542.65,67725.49,67506.61,67594.02,1427
30-03-2026 11:00,67594.02,67630.98,67369.23,67419.64,1083
30-03-2026 11:30,67419.64,67511.68,67210.78,67251.05,1177
30-03-2026 12:00,67251.05,67355.50,67207.28,67233.85,983
30-03-2026 12:30,67233.85,67387.50,67160.96,67260.59,973
30-03-2026 13:00,67261.54,67553.09,67217.74,67552.48,1254
30-03-2026 13:30,67552.48,67833.40,67532.83,67692.62,1858
30-03-2026 14:00,67692.62,67857.85,67585.81,67598.41,1294
30-03-2026 14:30,67598.41,67632.06,67438.16,67446.13,1038
30-03-2026 15:00,67446.62,67518.88,67386.53,67428.50,928
30-03-2026 15:30,67428.50,67436.61,67328.48,67347.21,1152
30-03-2026 16:00,67347.21,67445.78,67285.00,67415.81,985
30-03-2026 16:30,67419.40,67891.07,67415.80,67612.65,1453
30-03-2026 17:00,67612.65,67672.75,67434.79,67610.75,1942
30-03-2026 17:30,67610.75,67914.53,67590.38,67801.98,2362
30-03-2026 18:00,67801.98,67905.40,67755.57,67838.55,2150
30-03-2026 18:30,67838.55,68093.61,67772.46,67815.83,2295
30-03-2026 19:00,67809.35,67972.32,67382.29,67461.49,3357
30-03-2026 19:30,67461.49,67685.91,67177.33,67242.17,3381
30-03-2026 20:00,67246.00,67797.43,67024.05,67739.53,3935
30-03-2026 20:30,67739.53,67809.45,67345.29,67460.50,2815
30-03-2026 21:00,67460.50,67831.10,67396.51,67563.86,2653
30-03-2026 21:30,67563.86,67578.02,67225.44,67287.19,2376
30-03-2026 22:00,67287.19,67428.68,67156.34,67298.90,1854
30-03-2026 22:30,67298.42,67402.10,66578.75,66732.84,2082
30-03-2026 23:00,66732.84,66912.75,66689.30,66758.58,2638
30-03-2026 23:30,66758.58,66851.53,66508.40,66625.85,2640
31-03-2026 00:00,66625.90,66750.15,66436.71,66577.53,2629
31-03-2026 00:30,66573.31,66591.68,66160.99,66237.54,2796
31-03-2026 01:00,66237.54,66484.22,66171.23,66473.15,2720
31-03-2026 01:30,66469.53,66614.28,66451.94,66583.35,1413
31-03-2026 02:00,66583.35,66605.39,66482.64,66580.51,1180
31-03-2026 02:30,66580.51,66924.07,66520.69,66786.08,1789
31-03-2026 03:00,66785.96,66913.74,66721.51,66735.50,2023
31-03-2026 03:30,66740.22,66923.62,66629.05,66749.11,2219
31-03-2026 04:00,66750.03,66787.96,66615.42,66716.58,1253
31-03-2026 04:30,66716.58,66720.27,66344.50,66638.58,2319
31-03-2026 05:00,66638.58,66724.02,66593.68,66723.83,1109
31-03-2026 05:30,66723.66,66757.38,66477.05,66746.72,2116
31-03-2026 06:00,66746.72,67224.74,66702.67,67133.81,3242
31-03-2026 06:30,67138.33,67798.66,66978.11,67711.06,3720
31-03-2026 07:00,67712.12,68327.45,67666.97,67861.02,3566
31-03-2026 07:30,67861.02,68021.20,67698.30,67963.78,1630
31-03-2026 08:00,67963.78,68012.95,67768.44,67871.78,1511
31-03-2026 08:30,67871.79,67934.42,67734.17,67773.53,2508
31-03-2026 09:00,67773.50,67854.84,67575.05,67634.31,2316
31-03-2026 09:30,67634.31,67790.44,67437.90,67522.18,2493
31-03-2026 10:00,67522.13,67615.46,67438.09,67468.99,2295
31-03-2026 10:30,67468.99,67586.16,67319.33,67548.99,2567
31-03-2026 11:00,67548.99,67704.99,67484.30,67606.52,1769
31-03-2026 11:30,67606.52,67636.38,67255.90,67335.69,2110
31-03-2026 12:00,67335.69,67460.64,67273.62,67420.64,1767
31-03-2026 12:30,67425.25,67450.43,67023.05,67220.95,2501
31-03-2026 13:00,67219.84,67356.52,67130.43,67290.63,1932
31-03-2026 13:30,67290.63,67424.11,67157.09,67234.26,2072
31-03-2026 14:00,67234.26,67234.26,66613.52,66706.89,2632
31-03-2026 14:30,66706.89,66836.26,66289.62,66350.46,2837
31-03-2026 15:00,66350.92,66447.28,65924.20,66043.78,2782
31-03-2026 15:30,66043.78,66391.59,66015.28,66309.03,2325
31-03-2026 16:00,66309.03,66393.47,66158.77,66287.93,2490
31-03-2026 16:30,66287.79,66807.81,66161.80,66570.50,3095
31-03-2026 17:00,66570.50,66761.73,66496.89,66611.58,2144
31-03-2026 17:30,66611.58,66757.12,66458.90,66745.71,3032
31-03-2026 18:00,66745.71,66870.63,66579.19,66592.34,3269
31-03-2026 18:30,66592.34,66878.09,66592.34,66730.54,2451
31-03-2026 19:00,66730.52,67337.69,66668.70,67227.98,3943
31-03-2026 19:30,67222.24,67686.45,67060.61,67660.03,4022
31-03-2026 20:00,67660.05,67682.46,66362.49,66502.67,4021
31-03-2026 20:30,66502.67,67213.61,66502.67,66886.76,4029
31-03-2026 21:00,66886.76,67080.58,66626.35,66663.67,3426
31-03-2026 21:30,66664.13,67121.18,66657.28,67023.86,2820
31-03-2026 22:00,67021.79,67938.90,66890.01,67589.47,4609
31-03-2026 22:30,67588.96,68504.46,67503.53,67954.31,4505
31-03-2026 23:00,67954.31,68033.14,67328.43,67446.15,3951
31-03-2026 23:30,67446.15,67864.46,67442.70,67699.46,2740
01-04-2026 00:00,67698.44,67864.45,67566.30,67775.17,2636
01-04-2026 00:30,67775.17,67949.15,67766.05,67804.78,2629
01-04-2026 01:00,67804.78,67893.11,67644.01,67769.72,2698
01-04-2026 01:30,67771.28,68122.21,67753.91,67927.25,2233
01-04-2026 02:00,67927.00,68193.78,67873.78,68185.10,1660
01-04-2026 02:30,68185.10,68188.37,67804.95,67959.60,1730
01-04-2026 03:00,67959.60,68333.97,67950.33,68200.26,1814
01-04-2026 03:30,68200.26,68268.52,67971.41,68039.27,2251
01-04-2026 04:00,68039.27,68168.56,67884.73,68096.65,2090
01-04-2026 04:30,68100.41,68295.03,68008.22,68189.54,2137
01-04-2026 05:00,68188.17,68287.34,68132.37,68202.26,2265
01-04-2026 05:30,68202.26,68202.26,67834.43,67928.51,2610
01-04-2026 06:00,67928.54,68256.87,67789.46,68250.35,2793
01-04-2026 06:30,68250.35,68286.35,67955.02,67971.89,2480
01-04-2026 07:00,67971.89,68020.98,67698.34,67713.23,2114
01-04-2026 07:30,67713.23,67837.90,67556.63,67566.96,3029
01-04-2026 08:00,67566.96,67664.96,67516.36,67597.43,1891
01-04-2026 08:30,67597.43,68030.10,67594.73,67897.35,1792
01-04-2026 09:00,67901.84,68172.21,67845.24,68098.48,1650
01-04-2026 09:30,68098.48,68186.37,67956.52,68083.45,1774
01-04-2026 10:00,68083.45,68387.65,68036.46,68239.07,1698
01-04-2026 10:30,68239.07,68679.39,68084.78,68517.93,1978
01-04-2026 11:00,68518.48,68582.24,68376.33,68386.40,1769
01-04-2026 11:30,68386.40,68826.47,68384.38,68798.36,2313
01-04-2026 12:00,68798.36,69169.68,68739.25,69052.71,2672
01-04-2026 12:30,69052.71,69248.39,68810.38,68853.98,2885
01-04-2026 13:00,68853.98,68937.27,68622.97,68643.61,2732
01-04-2026 13:30,68641.84,68722.26,68412.61,68694.63,3302
01-04-2026 14:00,68694.63,68805.30,68509.57,68617.44,2817
01-04-2026 14:30,68617.44,68687.55,68347.34,68509.99,2754
01-04-2026 15:00,68512.84,68651.55,68364.79,68606.85,2880
01-04-2026 15:30,68606.85,68630.38,68448.42,68483.44,2109
01-04-2026 16:00,68483.37,68579.17,68371.43,68544.21,2101
01-04-2026 16:30,68543.97,68617.02,68468.21,68522.77,1581
01-04-2026 17:00,68522.77,68703.83,68494.30,68679.24,1828
01-04-2026 17:30,68673.55,68686.67,68439.33,68491.61,1941
01-04-2026 18:00,68491.61,68736.51,68222.81,68351.66,3236
01-04-2026 18:30,68352.77,68554.01,68118.83,68518.10,2616
01-04-2026 19:00,68518.10,68640.10,67893.76,68060.30,3882
01-04-2026 19:30,68059.71,68486.30,68018.20,68486.30,3993
01-04-2026 20:00,68486.02,68642.74,68215.07,68554.87,4105
01-04-2026 20:30,68551.42,68862.21,68388.88,68712.18,4030
01-04-2026 21:00,68712.18,68922.37,68631.59,68887.94,3239
01-04-2026 21:30,68887.48,68905.57,68579.20,68837.01,3084
01-04-2026 22:00,68837.01,68956.02,68679.86,68783.02,2675
01-04-2026 22:30,68782.08,69136.93,68457.61,68488.45,2982
01-04-2026 23:00,68492.18,68511.24,68210.75,68230.34,2922
01-04-2026 23:30,68229.55,68259.62,67907.06,68057.30,3118
02-04-2026 00:00,68057.30,68287.85,67972.68,68051.13,2722
02-04-2026 00:30,68051.12,68236.35,67995.36,68235.29,2031
02-04-2026 01:00,68234.21,68255.67,68029.37,68144.53,2350
02-04-2026 01:30,68144.53,68163.25,67981.83,68032.36,1958
02-04-2026 02:00,68032.36,68228.40,67937.45,68171.44,1544
02-04-2026 02:30,68171.44,68505.10,68144.13,68414.73,1733
02-04-2026 03:00,68414.26,68490.44,68242.22,68340.90,2378
02-04-2026 03:30,68342.65,68342.65,68050.65,68165.22,1899
02-04-2026 04:00,68165.22,68280.29,68058.11,68101.23,1829
02-04-2026 04:30,68101.23,68232.71,68058.39,68093.62,1575
02-04-2026 05:00,68093.62,68149.87,67972.18,68089.46,1780
02-04-2026 05:30,68089.46,68257.33,68027.83,68194.69,2593
02-04-2026 06:00,68194.69,68634.13,68179.48,68581.97,2414
02-04-2026 06:30,68581.96,68581.97,67251.91,67573.08,4703
02-04-2026 07:00,67570.66,67576.79,67029.78,67334.84,3771
02-04-2026 07:30,67334.84,67334.84,66754.64,66882.77,3547
02-04-2026 08:00,66882.77,67020.20,66604.17,66841.67,2685
02-04-2026 08:30,66841.67,66951.16,66612.54,66841.50,1998
02-04-2026 09:00,66841.50,66865.51,66486.70,66555.97,1859
02-04-2026 09:30,66555.97,66634.83,66343.16,66400.21,1866
02-04-2026 10:00,66400.21,66427.76,66204.11,66309.32,1664
02-04-2026 10:30,66309.32,66464.06,66286.18,66457.32,1273
02-04-2026 11:00,66457.32,66618.36,66372.61,66565.95,1037
02-04-2026 11:30,66565.95,66800.61,66533.76,66618.52,928
02-04-2026 12:00,66618.52,66668.97,66523.65,66654.20,1162
02-04-2026 12:30,66654.20,66685.32,66534.21,66653.27,1284
02-04-2026 13:00,66653.27,66907.32,66653.27,66899.18,1571
02-04-2026 13:30,66899.18,66899.18,66572.67,66657.13,1457
02-04-2026 14:00,66657.13,66710.98,66397.99,66415.91,1424
02-04-2026 14:30,66415.91,66485.58,66268.14,66452.52,2267
02-04-2026 15:00,66452.52,66481.04,66342.73,66439.68,1478
02-04-2026 15:30,66439.68,66472.25,66203.45,66349.95,1794
02-04-2026 16:00,66349.95,66485.40,66336.73,66435.04,1717
02-04-2026 16:30,66435.04,66462.64,66142.20,66430.20,1881
02-04-2026 17:00,66430.20,66454.29,66153.67,66185.23,1375
02-04-2026 17:30,66185.23,66210.63,65936.81,66120.39,3010
02-04-2026 18:00,66120.39,66219.65,65997.94,66026.34,2472
02-04-2026 18:30,66026.34,66160.41,65862.29,66121.38,3303
02-04-2026 19:00,66121.38,66249.76,65711.28,66239.55,4862
02-04-2026 19:30,66241.09,66464.83,66142.33,66232.08,4242
02-04-2026 20:00,66235.42,67079.09,66231.70,66845.15,4519
02-04-2026 20:30,66845.15,66951.57,66620.09,66816.63,3885
02-04-2026 21:00,66816.63,66960.74,66678.37,66826.35,3762
02-04-2026 21:30,66826.68,66947.91,66732.46,66859.06,3866
02-04-2026 22:00,66859.06,67250.82,66829.14,67074.72,3753
02-04-2026 22:30,67070.59,67410.69,66834.13,67226.59,3057
02-04-2026 23:00,67226.59,67252.69,66643.33,66661.86,3157
02-04-2026 23:30,66661.86,66822.69,66577.77,66605.45,3176
03-04-2026 00:00,66605.68,67048.62,66605.68,66963.51,2325
03-04-2026 00:30,66963.51,67092.94,66909.21,67018.03,2610
03-04-2026 01:00,67018.16,67044.56,66856.68,66960.80,2583
03-04-2026 01:30,66960.96,67041.57,66783.23,67027.12,1960
03-04-2026 02:00,67027.12,67083.76,66916.81,66925.88,1665
03-04-2026 02:30,66925.88,66994.94,66713.89,66820.35,1725
03-04-2026 03:00,66820.35,66925.54,66746.55,66923.59,1359
03-04-2026 03:30,66923.62,67000.60,66809.33,66887.08,1713
03-04-2026 04:00,66889.14,67029.47,66889.14,66972.61,1512
03-04-2026 04:30,66972.61,67076.01,66913.22,66923.83,1389
03-04-2026 05:00,66923.74,66948.70,66834.97,66884.99,973
03-04-2026 05:30,66885.74,66982.97,66777.45,66811.90,1507
03-04-2026 06:00,66811.90,66897.11,66685.08,66770.83,1442
03-04-2026 06:30,66771.19,66883.00,66718.05,66846.00,1550
03-04-2026 07:00,66846.00,66888.60,66477.99,66614.09,2076
03-04-2026 07:30,66614.09,66732.98,66392.71,66441.71,2299
03-04-2026 08:00,66441.71,66527.52,66265.16,66515.61,2400
03-04-2026 08:30,66515.61,66705.57,66474.40,66618.34,1745
03-04-2026 09:00,66618.34,66684.65,66514.87,66564.35,1738
03-04-2026 09:30,66564.35,66676.65,66533.74,66533.75,1785
03-04-2026 10:00,66533.75,66657.17,66487.05,66588.17,1741
03-04-2026 10:30,66588.17,66657.31,66400.24,66567.13,1710
03-04-2026 11:00,66567.64,66792.18,66507.67,66588.83,1599
03-04-2026 11:30,66588.83,66677.87,66548.30,66609.38,1360
03-04-2026 12:00,66609.38,66783.13,66563.73,66779.86,1247
03-04-2026 12:30,66779.86,66931.18,66739.15,66928.70,1541
03-04-2026 13:00,66928.70,67238.34,66903.00,67026.23,1749
03-04-2026 13:30,67026.23,67271.40,67013.65,67041.40,1661
03-04-2026 14:00,67041.40,67118.42,66887.83,66952.65,1617
03-04-2026 14:30,66952.65,66993.76,66728.75,66804.83,1333
03-04-2026 15:00,66804.83,66903.81,66770.83,66846.51,831
03-04-2026 15:30,66846.51,66852.30,66746.49,66746.49,1611
03-04-2026 16:00,66746.49,66884.67,66663.14,66864.91,2114
03-04-2026 16:30,66864.91,66949.51,66806.86,66923.73,1440
03-04-2026 17:00,66923.73,67042.86,66899.21,66999.74,1550
03-04-2026 17:30,66999.74,67107.07,66924.55,67104.25,1568
03-04-2026 18:00,67103.60,67337.22,66628.75,66711.97,3299
03-04-2026 18:30,66711.97,66723.04,66544.13,66672.77,2300
03-04-2026 19:00,66672.77,66672.77,66496.70,66657.71,1756
03-04-2026 19:30,66657.71,66976.24,66617.84,66894.19,1825
03-04-2026 20:00,66894.19,66969.10,66795.21,66915.47,1843
03-04-2026 20:30,66915.47,67010.16,66859.96,66908.47,1542
03-04-2026 21:00,66908.47,66963.15,66795.74,66811.49,1113
03-04-2026 21:30,66811.49,66976.83,66799.77,66970.73,1165
03-04-2026 22:00,66970.73,67051.34,66911.62,66988.36,1411
03-04-2026 22:30,66988.36,67049.77,66746.65,66858.89,1354
03-04-2026 23:00,66858.89,66938.68,66792.08,66825.11,1072
03-04-2026 23:30,66825.11,66911.64,66759.27,66863.91,1074
04-04-2026 00:00,66857.35,66905.26,66781.10,66793.71,852
04-04-2026 00:30,66793.74,66834.75,66756.57,66776.52,877
04-04-2026 01:00,66776.52,66889.13,66766.06,66871.74,779
04-04-2026 01:30,66871.74,66893.86,66828.96,66863.12,1143
04-04-2026 02:00,66863.12,66900.17,66812.12,66816.32,581
04-04-2026 02:30,66818.78,66922.27,66809.78,66874.59,639
04-04-2026 03:00,66874.59,66955.79,66858.18,66942.80,1255
04-04-2026 03:30,66942.80,66953.73,66820.38,66904.33,997
04-04-2026 04:00,66904.33,66945.84,66837.63,66871.51,748
04-04-2026 04:30,66870.68,66892.25,66816.24,66842.48,941
04-04-2026 05:00,66842.49,66946.60,66812.19,66946.60,775
04-04-2026 05:30,66946.60,66948.39,66852.82,66905.28,1005
04-04-2026 06:00,66905.28,66946.98,66867.43,66879.18,754
04-04-2026 06:30,66879.18,66909.48,66825.63,66825.63,653
04-04-2026 07:00,66825.63,66851.52,66812.24,66837.01,545
04-04-2026 07:30,66837.01,66904.75,66802.02,66819.33,700
04-04-2026 08:00,66819.38,66870.93,66795.67,66828.41,464
04-04-2026 08:30,66828.41,66888.52,66827.11,66837.12,626
04-04-2026 09:00,66837.12,66850.08,66812.11,66816.94,580
04-04-2026 09:30,66817.08,66842.75,66760.61,66842.75,639
04-04-2026 10:00,66842.75,66857.11,66827.62,66844.63,532
04-04-2026 10:30,66844.63,66885.57,66822.22,66859.62,886
04-04-2026 11:00,66859.62,66915.85,66853.71,66901.29,634
04-04-2026 11:30,66901.29,66951.21,66887.94,66934.61,655
04-04-2026 12:00,66934.61,67029.61,66897.74,66994.31,601
04-04-2026 12:30,66992.83,67016.80,66923.40,66929.99,607
04-04-2026 13:00,66940.82,67031.59,66928.62,66995.88,548
04-04-2026 13:30,66995.88,67038.30,66969.54,67031.96,761
04-04-2026 14:00,67031.96,67031.96,66895.14,66924.51,700
04-04-2026 14:30,66924.42,66970.72,66897.84,66953.60,610
04-04-2026 15:00,66953.60,66966.84,66938.80,66965.83,301
04-04-2026 15:30,66965.83,66990.77,66895.18,66921.26,490
04-04-2026 16:00,66921.26,67151.26,66904.58,67147.36,747
04-04-2026 16:30,67147.36,67206.37,67089.22,67105.67,584
04-04-2026 17:00,67105.67,67141.14,67064.42,67138.79,510
04-04-2026 17:30,67138.79,67164.08,67063.86,67091.34,599
04-04-2026 18:00,67091.34,67105.99,67034.94,67074.31,397
04-04-2026 18:30,67074.31,67114.77,67061.50,67094.92,460
04-04-2026 19:00,67097.01,67250.60,67079.32,67175.93,833
04-04-2026 19:30,67175.93,67200.91,67170.06,67170.06,447
04-04-2026 20:00,67170.06,67191.99,67012.70,67187.92,833
04-04-2026 20:30,67187.92,67501.34,67162.19,67310.52,1295
04-04-2026 21:00,67310.52,67368.91,67259.85,67364.62,1172
04-04-2026 21:30,67364.62,67462.75,67301.72,67418.51,1545
04-04-2026 22:00,67417.49,67502.58,67333.85,67345.52,1499
04-04-2026 22:30,67345.70,67399.34,67266.73,67374.68,1352
04-04-2026 23:00,67372.47,67384.58,67293.06,67311.62,353
04-04-2026 23:30,67311.62,67358.00,67264.54,67307.41,867
05-04-2026 00:00,67307.41,67312.21,67243.95,67270.71,736
05-04-2026 00:30,67270.59,67521.69,67270.59,67347.92,1065
05-04-2026 01:00,67347.92,67352.79,67256.47,67270.64,710
05-04-2026 01:30,67270.64,67270.66,67166.55,67248.56,521
05-04-2026 02:00,67248.56,67274.77,67230.19,67250.63,381
05-04-2026 02:30,67250.63,67267.67,67197.24,67255.67,469
05-04-2026 03:00,67255.67,67439.13,67240.44,67336.61,1051
05-04-2026 03:30,67336.61,67430.92,67315.90,67403.54,1147
05-04-2026 04:00,67403.54,67450.26,67348.95,67382.11,710
05-04-2026 04:30,67382.11,67382.42,67284.23,67284.44,830
05-04-2026 05:00,67284.44,67307.46,67239.90,67281.08,652
05-04-2026 05:30,67281.08,67286.80,67203.12,67236.67,485
05-04-2026 06:00,67231.18,67245.81,67141.57,67188.81,430
05-04-2026 06:30,67188.81,67208.63,67097.22,67101.74,460
05-04-2026 07:00,67101.74,67102.69,67055.78,67065.93,511
05-04-2026 07:30,67065.93,67129.26,66955.66,67104.80,982
05-04-2026 08:00,67104.80,67155.83,67097.95,67144.82,476
05-04-2026 08:30,67144.82,67168.99,67111.17,67126.94,579
05-04-2026 09:00,67126.94,67126.94,67064.15,67124.39,552
05-04-2026 09:30,67125.12,67168.55,67045.14,67159.82,555
05-04-2026 10:00,67159.82,67167.71,67056.80,67072.39,473
05-04-2026 10:30,67072.39,67129.45,67036.59,67058.22,715
05-04-2026 11:00,67058.22,67079.81,66873.97,66905.21,608
05-04-2026 11:30,66905.21,66917.81,66590.06,66740.67,1492
05-04-2026 12:00,66740.67,66836.63,66736.42,66772.64,854
05-04-2026 12:30,66772.64,66888.41,66770.19,66790.74,726
05-04-2026 13:00,66790.74,66798.09,66693.58,66795.21,982
05-04-2026 13:30,66795.21,66882.63,66789.32,66841.84,690
05-04-2026 14:00,66841.85,66912.62,66807.14,66904.17,641
05-04-2026 14:30,66904.16,67000.58,66869.54,66988.36,677
05-04-2026 15:00,66988.36,67021.67,66940.76,67005.42,623
05-04-2026 15:30,67005.42,67008.59,66938.38,66968.62,623
05-04-2026 16:00,66968.62,67114.34,66953.71,67015.25,578
05-04-2026 16:30,67015.25,67059.74,66966.71,66984.10,818
05-04-2026 17:00,66984.10,66994.18,66951.29,66976.61,501
05-04-2026 17:30,66976.61,66976.61,66859.90,66859.90,694
05-04-2026 18:00,66859.90,66864.90,66656.89,66757.55,1351
05-04-2026 18:30,66757.55,66832.63,66678.61,66682.04,986
05-04-2026 19:00,66682.04,66890.82,66671.90,66867.69,1290
05-04-2026 19:30,66867.69,66932.24,66795.41,66880.18,1226
05-04-2026 20:00,66880.18,66935.03,66857.74,66891.80,972
05-04-2026 20:30,66891.80,67490.49,66812.87,67459.19,1590
05-04-2026 21:00,67463.64,67785.15,67249.00,67280.79,2597
05-04-2026 21:30,67280.79,67368.76,67246.90,67290.64,1503
05-04-2026 22:00,67290.64,67381.50,67140.45,67181.99,1549
05-04-2026 22:30,67182.04,67315.26,67155.84,67307.57,1197
05-04-2026 23:00,67307.57,67373.41,67272.30,67340.84,1241
05-04-2026 23:30,67340.84,67344.88,67245.26,67272.81,1072
06-04-2026 00:00,67272.81,67424.89,67272.81,67381.79,1138
06-04-2026 00:30,67381.79,67524.98,67333.67,67438.13,1036
06-04-2026 01:00,67438.14,67442.73,67252.91,67311.68,1042
06-04-2026 01:30,67356.41,67459.51,67303.43,67449.78,944
06-04-2026 02:00,67449.78,67671.14,67438.44,67630.48,1102
06-04-2026 02:30,67630.48,67630.48,67389.68,67447.07,1004
06-04-2026 03:00,67447.07,67647.98,67394.13,67520.27,1343
06-04-2026 03:30,67520.27,67766.08,67310.47,67401.55,3006
06-04-2026 04:00,67401.55,68339.58,67377.23,68305.17,3303
06-04-2026 04:30,68306.76,68918.30,68228.82,68767.90,3636
06-04-2026 05:00,68767.90,69097.70,68763.37,68993.10,2286
06-04-2026 05:30,68993.10,69542.56,68989.65,69142.63,3452
06-04-2026 06:00,69142.63,69396.96,69035.23,69049.68,2785
06-04-2026 06:30,69050.00,69098.57,68793.19,68947.33,2347
06-04-2026 07:00,68947.33,68947.33,68750.24,68772.74,2238
06-04-2026 07:30,68772.74,69288.08,68738.76,69195.05,2565
06-04-2026 08:00,69195.05,69369.92,69147.47,69169.64,1706
06-04-2026 08:30,69168.78,69220.68,69021.94,69142.97,1446
06-04-2026 09:00,69143.00,69193.08,69025.00,69084.35,1180
06-04-2026 09:30,69084.35,69165.52,68940.97,68964.48,1422
06-04-2026 10:00,68964.48,69174.76,68955.63,69103.49,1305
06-04-2026 10:30,69103.49,69182.33,69047.72,69138.95,1082
06-04-2026 11:00,69140.98,69208.62,69114.49,69162.01,882
06-04-2026 11:30,69162.01,69317.23,68777.18,68810.87,1768
06-04-2026 12:00,68810.87,69071.50,68801.17,68949.66,1548
06-04-2026 12:30,68949.66,69072.79,68789.13,69044.42,1517
06-04-2026 13:00,69044.42,69181.16,68919.58,69082.79,1546
06-04-2026 13:30,69082.79,69227.21,69052.58,69205.66,1583
06-04-2026 14:00,69205.66,69320.96,69180.61,69195.26,1599
06-04-2026 14:30,69195.26,70242.53,69185.10,69911.25,2775
06-04-2026 15:00,69911.25,69955.78,69683.52,69710.07,1772
06-04-2026 15:30,69711.03,69850.72,69708.39,69749.92,1381
06-04-2026 16:00,69749.92,69936.70,69686.06,69753.46,1571
06-04-2026 16:30,69753.46,69753.46,69582.28,69607.55,1237
06-04-2026 17:00,69607.55,69699.58,69549.25,69596.93,1034
06-04-2026 17:30,69596.93,69617.82,69411.84,69449.03,1354
06-04-2026 18:00,69449.03,69526.80,69309.55,69349.63,1675
06-04-2026 18:30,69352.65,69465.21,69307.87,69454.49,1461
06-04-2026 19:00,69455.86,69525.34,69218.02,69398.28,2929
06-04-2026 19:30,69402.46,69627.51,69156.16,69527.36,3131
06-04-2026 20:00,69527.36,69793.81,69291.74,69644.80,4695
06-04-2026 20:30,69644.19,69783.65,69519.25,69731.88,4337
06-04-2026 21:00,69731.88,69967.88,69644.12,69956.90,3639
06-04-2026 21:30,69956.54,70092.32,69845.30,69898.93,2849
06-04-2026 22:00,69898.93,70339.90,69775.73,69794.14,3679
06-04-2026 22:30,69794.15,69819.47,69265.08,69527.53,3488
06-04-2026 23:00,69527.53,69611.05,69405.14,69561.25,2980
06-04-2026 23:30,69561.71,69938.73,69465.65,69850.60,3097
07-04-2026 00:00,69850.60,69927.18,69691.86,69887.43,2205
07-04-2026 00:30,69887.43,69889.20,69571.20,69836.24,2549
07-04-2026 01:00,69836.24,69885.16,69657.11,69741.28,2028
07-04-2026 01:30,69739.65,69966.15,69602.60,69956.21,2009
07-04-2026 02:00,69955.70,69977.91,69810.55,69815.94,1802
07-04-2026 02:30,69815.94,69815.94,69645.59,69651.87,1219
07-04-2026 03:00,69651.87,69655.18,69426.53,69502.49,2230
07-04-2026 03:30,69502.49,69581.02,69310.13,69363.22,2463
07-04-2026 04:00,69363.28,69363.73,68797.12,68797.98,2232
07-04-2026 04:30,68797.98,68804.98,68320.48,68512.50,3375
07-04-2026 05:00,68511.50,68896.77,68467.88,68838.90,3015
07-04-2026 05:30,68838.90,69112.13,68788.68,68914.21,3327
07-04-2026 06:00,68915.97,69034.37,68709.08,68757.42,2385
07-04-2026 06:30,68757.42,68885.87,68532.27,68714.68,3093
07-04-2026 07:00,68710.83,68793.75,68341.51,68387.84,2455
07-04-2026 07:30,68387.84,68568.22,68260.07,68562.59,2126
07-04-2026 08:00,68562.59,68700.58,68490.10,68653.20,1813
07-04-2026 08:30,68653.20,68777.67,68606.17,68771.27,1311
07-04-2026 09:00,68771.27,68782.97,68713.42,68762.83,973
07-04-2026 09:30,68762.83,68773.54,68526.72,68584.95,1345
07-04-2026 10:00,68584.95,68974.69,68584.95,68842.94,1751
07-04-2026 10:30,68842.94,68855.54,68680.25,68689.76,1023
07-04-2026 11:00,68689.76,68739.21,68599.07,68646.66,1169
07-04-2026 11:30,68646.66,68646.66,68424.56,68553.40,1562
07-04-2026 12:00,68553.40,68591.36,68462.47,68552.77,1509
07-04-2026 12:30,68552.77,68641.38,68482.53,68563.17,1349
07-04-2026 13:00,68563.17,68687.63,68563.17,68604.76,1243
07-04-2026 13:30,68604.76,68837.19,68583.19,68736.60,1853
07-04-2026 14:00,68736.60,68976.19,68736.60,68928.12,1694
07-04-2026 14:30,68928.12,69233.73,68916.00,69049.41,1944
07-04-2026 15:00,69049.31,69239.57,69034.16,69138.00,1626
07-04-2026 15:30,69138.00,69194.26,68651.60,68723.30,2277
07-04-2026 16:00,68723.30,68761.39,68181.64,68212.64,3163
07-04-2026 16:30,68212.64,68392.97,68050.33,68354.60,2049
07-04-2026 17:00,68354.60,68436.85,68263.16,68325.17,1221
07-04-2026 17:30,68325.17,68424.02,68060.87,68410.67,2370
07-04-2026 18:00,68410.67,68562.78,68219.75,68378.91,1645
07-04-2026 18:30,68378.91,68622.64,68359.57,68462.30,1352
07-04-2026 19:00,68462.30,68572.47,68170.45,68216.88,4098
07-04-2026 19:30,68216.52,68235.59,67757.86,68128.23,4426
07-04-2026 20:00,68128.23,68203.20,67842.42,67842.43,3654
07-04-2026 20:30,67842.43,68181.20,67712.19,68162.24,3069
07-04-2026 21:00,68162.19,68234.16,68046.14,68141.21,2504
07-04-2026 21:30,68141.21,68426.14,68061.91,68365.68,2632
07-04-2026 22:00,68365.68,68374.33,68177.66,68210.10,2123
07-04-2026 22:30,68210.10,68390.22,68169.24,68390.22,1770
07-04-2026 23:00,68390.32,68977.63,68390.32,68683.54,2682
07-04-2026 23:30,68683.54,68753.23,68529.55,68620.54,2008
08-04-2026 00:00,68620.54,68712.77,68322.33,68417.26,1883
08-04-2026 00:30,68417.26,68794.69,68323.40,68548.21,3259
08-04-2026 01:00,68546.31,69068.05,68423.85,68979.94,3624
08-04-2026 01:30,68984.14,69514.13,68984.14,69339.22,2775
08-04-2026 02:00,69339.22,69394.94,69149.06,69297.05,1913
08-04-2026 02:30,69297.05,70188.75,69288.64,69567.11,3079
08-04-2026 03:00,69567.11,70077.16,69567.11,69904.27,2501
08-04-2026 03:30,69904.27,70531.23,69904.27,70395.93,3519
08-04-2026 04:00,70395.93,71493.50,70395.13,71484.70,4878
08-04-2026 04:30,71484.70,72721.32,71174.50,72721.32,4995
08-04-2026 05:00,72721.32,72732.32,71867.15,71896.13,3863
08-04-2026 05:30,71895.82,72085.44,71769.08,71903.19,3438
08-04-2026 06:00,71903.41,71989.32,71520.86,71683.06,3545
08-04-2026 06:30,71684.69,71734.20,71435.56,71458.00,2591
08-04-2026 07:00,71458.00,71566.04,71424.16,71442.63,1944
08-04-2026 07:30,71452.46,71702.98,71353.10,71441.62,2570
08-04-2026 08:00,71441.62,71471.64,71219.74,71339.67,2050
08-04-2026 08:30,71339.67,71461.91,71253.75,71457.76,1858
08-04-2026 09:00,71457.75,71457.76,71267.10,71271.74,1300
08-04-2026 09:30,71271.74,71580.68,71261.50,71548.71,1947
08-04-2026 10:00,71547.21,71658.96,71505.53,71541.02,1863
08-04-2026 10:30,71538.69,71751.25,71538.51,71700.58,1265
08-04-2026 11:00,71700.58,71815.68,71627.22,71716.57,1649
08-04-2026 11:30,71716.57,71919.20,71561.90,71837.80,1910
08-04-2026 12:00,71837.80,71850.28,71697.34,71714.65,1236
08-04-2026 12:30,71714.65,71894.78,71613.49,71799.42,1286
08-04-2026 13:00,71799.42,71799.42,71566.62,71625.68,1409
08-04-2026 13:30,71623.71,71808.88,71623.71,71737.33,1720
08-04-2026 14:00,71737.20,71814.04,71628.23,71781.75,2011
08-04-2026 14:30,71781.75,71937.80,71664.89,71664.92,1501
08-04-2026 15:00,71664.92,71732.46,71572.29,71663.54,1220
08-04-2026 15:30,71665.51,71768.97,71568.08,71626.58,1395
08-04-2026 16:00,71626.58,71634.26,71443.27,71458.09,1109
08-04-2026 16:30,71458.09,71668.75,71434.68,71654.19,1355
08-04-2026 17:00,71654.19,71714.07,71398.69,71672.49,1626
08-04-2026 17:30,71672.49,71850.43,71597.83,71768.27,2048
08-04-2026 18:00,71768.27,72170.21,71728.81,72064.61,2032
08-04-2026 18:30,72064.61,72842.92,72064.61,72472.09,3393
08-04-2026 19:00,72472.26,72583.45,71490.48,71590.02,4430
08-04-2026 19:30,71590.02,71742.07,71310.73,71451.72,3634
08-04-2026 20:00,71452.56,71509.79,70672.08,70890.46,4015
08-04-2026 20:30,70890.46,71220.21,70803.17,71170.08,2963
08-04-2026 21:00,71170.08,71342.50,71080.27,71295.73,3927
08-04-2026 21:30,71295.73,71494.39,71251.46,71386.18,3902
08-04-2026 22:00,71386.22,71690.00,71240.48,71595.58,3000
08-04-2026 22:30,71595.58,71797.26,71485.70,71638.46,2627
08-04-2026 23:00,71638.46,71951.96,71635.24,71887.18,2838
08-04-2026 23:30,71887.18,71889.60,71293.75,71385.48,3116
09-04-2026 00:00,71385.48,71609.82,71071.40,71087.77,2702
09-04-2026 00:30,71087.77,71273.83,71003.21,71110.03,1929
09-04-2026 01:00,71110.03,71373.22,71053.88,71314.94,2290
09-04-2026 01:30,71315.11,71476.07,71306.67,71433.48,2253
09-04-2026 02:00,71433.48,71433.48,71271.23,71373.04,1242
09-04-2026 02:30,71373.04,71747.73,71323.96,71664.89,1543
09-04-2026 03:00,71663.88,71703.59,71504.38,71542.14,1911
09-04-2026 03:30,71542.14,71558.45,71137.20,71158.41,1715
09-04-2026 04:00,71158.41,71356.43,71055.04,71055.04,1673
09-04-2026 04:30,71055.04,71195.89,70898.60,71023.92,2456
09-04-2026 05:00,71024.03,71161.54,70947.00,71064.91,1748
09-04-2026 05:30,71064.91,71130.44,70869.85,70918.18,2124
09-04-2026 06:00,70918.18,70932.80,70644.08,70801.96,2240
09-04-2026 06:30,70801.96,70873.88,70458.23,70606.40,2395
09-04-2026 07:00,70606.40,70943.10,70581.68,70917.54,2045
09-04-2026 07:30,70917.54,71056.99,70804.00,71013.57,1723
09-04-2026 08:00,71013.57,71184.61,70904.34,71049.68,1634
09-04-2026 08:30,71049.68,71113.44,70856.93,70903.81,1036
09-04-2026 09:00,70903.81,71032.85,70836.87,70984.91,1009
09-04-2026 09:30,70984.91,70999.81,70792.91,70838.78,957
09-04-2026 10:00,70838.78,70925.48,70729.46,70776.19,945
09-04-2026 10:30,70776.19,70991.82,70686.85,70971.49,1449
09-04-2026 11:00,70971.49,71078.29,70901.82,70980.16,1222
09-04-2026 11:30,70980.16,71080.71,70827.27,70856.87,1240
09-04-2026 12:00,70856.87,71027.37,70806.25,71027.23,1156
09-04-2026 12:30,71027.23,71111.02,70969.71,70988.73,1120
09-04-2026 13:00,70988.73,71074.74,70946.78,70978.18,941
09-04-2026 13:30,70978.18,71016.14,70862.99,70975.43,1254
09-04-2026 14:00,70975.43,71371.98,70975.43,71245.28,1743
09-04-2026 14:30,71245.28,71488.79,71099.89,71284.19,1417
09-04-2026 15:00,71284.19,71561.37,71190.15,71525.93,1188
09-04-2026 15:30,71525.93,71531.67,71338.45,71392.48,1079
09-04-2026 16:00,71392.48,71456.31,71269.02,71269.02,747
09-04-2026 16:30,71269.02,71343.36,71041.01,71070.70,1155
09-04-2026 17:00,71070.70,71215.77,71070.40,71140.21,1233
09-04-2026 17:30,71140.21,71316.04,71037.09,71261.59,1324
09-04-2026 18:00,71262.16,71295.35,71088.52,71275.81,1822
09-04-2026 18:30,71275.81,71346.82,71053.75,71094.54,1610
09-04-2026 19:00,71094.19,71159.31,70623.04,70786.35,3673
09-04-2026 19:30,70786.35,70834.47,70510.49,70608.23,2723
09-04-2026 20:00,70608.23,71236.98,70584.04,71119.29,2771
09-04-2026 20:30,71118.78,71616.77,70924.36,71331.57,3420
09-04-2026 21:00,71335.60,72349.40,71283.23,72143.67,4661
09-04-2026 21:30,72143.67,72392.93,72056.11,72059.81,4085
09-04-2026 22:00,72057.62,72085.60,71729.37,72082.06,3508
09-04-2026 22:30,72082.06,72552.98,72071.59,72341.49,3795
09-04-2026 23:00,72341.45,72515.93,72099.47,72350.29,3548
09-04-2026 23:30,72350.29,72378.61,71765.79,71896.05,3639
10-04-2026 00:00,71896.05,71949.82,71736.24,71886.58,2547
10-04-2026 00:30,71886.58,72124.97,71737.43,71816.19,2257
10-04-2026 01:00,71816.19,72295.86,71811.61,72102.71,2432
10-04-2026 01:30,72101.67,72347.91,71982.15,72294.54,2412
10-04-2026 02:00,72296.62,72456.03,72257.99,72416.53,1673
10-04-2026 02:30,72415.01,72689.06,72146.16,72174.32,2602
10-04-2026 03:00,72174.32,72469.36,72141.95,72255.27,3064
10-04-2026 03:30,72255.27,73124.24,72245.00,72628.01,3622
10-04-2026 04:00,72628.01,72628.47,71937.70,71939.34,3845
10-04-2026 04:30,71938.13,72023.24,71578.24,71779.99,3325
10-04-2026 05:00,71779.99,71835.63,71614.66,71776.87,2140
10-04-2026 05:30,71776.87,71884.17,71576.74,71820.72,2423
10-04-2026 06:00,71820.72,72012.97,71775.69,71959.27,1979
10-04-2026 06:30,71956.71,72068.63,71670.59,71872.75,1942
10-04-2026 07:00,71869.54,72380.30,71845.87,72155.84,2946
10-04-2026 07:30,72155.84,72285.54,72107.61,72164.92,2203
10-04-2026 08:00,72164.92,72215.64,71908.02,71950.66,1766
10-04-2026 08:30,71950.66,72017.12,71803.31,71804.25,1225
10-04-2026 09:00,71804.25,71957.60,71803.37,71865.63,1492
10-04-2026 09:30,71865.63,71959.35,71846.47,71857.91,1610
10-04-2026 10:00,71857.91,72195.75,71811.24,72109.28,1379
10-04-2026 10:30,72109.28,72268.58,72006.53,72221.13,1799
10-04-2026 11:00,72221.13,72251.88,72076.14,72119.76,1330
10-04-2026 11:30,72119.76,72177.94,71930.76,71953.97,1066
10-04-2026 12:00,71953.97,71998.44,71779.62,71794.17,2054
10-04-2026 12:30,71794.17,71827.87,71691.66,71717.55,1825
10-04-2026 13:00,71717.55,71761.93,71416.12,71475.70,1782
10-04-2026 13:30,71475.70,71686.22,71414.39,71634.39,1649
10-04-2026 14:00,71634.39,71755.36,71485.40,71591.45,1506
10-04-2026 14:30,71591.45,71836.80,71584.74,71750.63,1402
10-04-2026 15:00,71750.63,71860.18,71730.58,71772.75,1323
10-04-2026 15:30,71772.75,71801.39,71705.74,71725.85,964
10-04-2026 16:00,71725.85,71921.45,71720.81,71901.16,740
10-04-2026 16:30,71901.16,72210.53,71894.76,72209.06,1400
10-04-2026 17:00,72209.06,72256.47,72100.89,72122.96,1059
10-04-2026 17:30,72122.96,72314.42,72011.91,72196.04,2048
10-04-2026 18:00,72184.25,72450.29,72045.54,72258.84,2753
10-04-2026 18:30,72258.84,72302.32,72159.37,72299.03,1828
10-04-2026 19:00,72299.03,72412.37,71905.62,72322.73,3785
10-04-2026 19:30,72324.48,73086.55,72272.69,72980.87,3872
10-04-2026 20:00,72980.88,73175.93,72732.65,72932.71,3762
10-04-2026 20:30,72932.71,73300.35,72787.11,72803.85,3193
10-04-2026 21:00,72803.85,72858.81,72371.79,72468.00,3320
10-04-2026 21:30,72468.49,72817.73,72395.88,72776.66,2727
10-04-2026 22:00,72775.41,73066.94,72625.02,72999.05,1781
10-04-2026 22:30,72999.05,73040.83,72811.58,72981.24,2388
10-04-2026 23:00,72979.62,73146.64,72809.01,73134.90,2433
10-04-2026 23:30,73134.53,73169.01,72895.57,72993.74,2349
11-04-2026 00:00,72993.74,73125.74,72938.33,73115.53,1523
11-04-2026 00:30,73115.53,73267.84,73000.28,73012.73,1808
11-04-2026 01:00,73012.73,73275.80,72912.41,73260.46,1399
11-04-2026 01:30,73261.24,73297.37,73151.57,73260.60,1458
11-04-2026 02:00,73260.60,73439.34,73066.38,73377.14,2027
11-04-2026 02:30,73378.36,73378.36,73036.96,73113.48,1197
11-04-2026 03:00,73113.48,73228.36,72955.74,73210.37,1673
11-04-2026 03:30,73210.37,73266.35,73017.23,73028.56,1413
11-04-2026 04:00,73028.56,73034.89,72782.51,72885.42,1268
11-04-2026 04:30,72885.42,72957.02,72803.03,72909.89,1143
11-04-2026 05:00,72909.89,72976.73,72847.74,72968.96,878
11-04-2026 05:30,72968.96,72968.98,72829.56,72915.65,1217
11-04-2026 06:00,72915.65,72952.26,72804.55,72848.32,986
11-04-2026 06:30,72848.32,72864.11,72688.84,72849.84,1201
11-04-2026 07:00,72849.84,73019.88,72841.17,72970.40,1385
11-04-2026 07:30,72970.40,73060.99,72923.13,73008.12,740
11-04-2026 08:00,73008.12,73111.48,72945.77,72985.32,1359
11-04-2026 08:30,72988.38,73097.74,72986.33,73019.85,744
11-04-2026 09:00,73019.85,73041.39,72839.84,72890.87,908
11-04-2026 09:30,72890.87,72980.58,72699.18,72750.44,1486
11-04-2026 10:00,72750.44,72851.61,72750.44,72829.21,1044
11-04-2026 10:30,72829.21,72849.51,72691.85,72828.77,1178
11-04-2026 11:00,72828.77,72861.02,72736.04,72740.20,757
11-04-2026 11:30,72740.92,72752.67,72635.99,72709.98,899
11-04-2026 12:00,72709.98,72796.72,72702.37,72788.08,462
11-04-2026 12:30,72788.08,72852.45,72760.20,72818.64,723
11-04-2026 13:00,72818.64,72840.39,72688.85,72769.52,383
11-04-2026 13:30,72769.52,72825.94,72733.56,72761.30,407
11-04-2026 14:00,72761.30,72786.79,72653.75,72685.86,953
11-04-2026 14:30,72684.66,72926.69,72648.40,72885.56,1331
11-04-2026 15:00,72885.56,72933.91,72782.09,72928.75,942
11-04-2026 15:30,72928.75,72940.69,72788.57,72888.42,1001
11-04-2026 16:00,72888.42,72891.08,72785.44,72860.98,651
11-04-2026 16:30,72860.98,72909.41,72842.37,72851.86,460
11-04-2026 17:00,72851.86,72936.91,72843.48,72927.72,574
11-04-2026 17:30,72926.75,72964.46,72830.40,72877.55,843
11-04-2026 18:00,72877.55,73007.35,72863.42,72955.63,582
11-04-2026 18:30,72955.63,72955.63,72549.84,72633.69,1392
11-04-2026 19:00,72633.69,72738.56,72597.86,72671.94,753
11-04-2026 19:30,72671.94,72785.44,72630.48,72735.45,792
11-04-2026 20:00,72735.45,72752.40,72622.59,72723.00,519
11-04-2026 20:30,72723.00,72907.39,72691.49,72773.20,791
11-04-2026 21:00,72773.20,72887.67,72760.28,72877.54,737
11-04-2026 21:30,72877.54,72948.57,72832.87,72904.34,774
11-04-2026 22:00,72904.34,73218.61,72882.10,73052.73,1475
11-04-2026 22:30,73052.73,73125.55,72956.88,73105.67,1039
11-04-2026 23:00,73105.67,73185.48,73081.55,73113.38,790
11-04-2026 23:30,73113.38,73247.24,73053.81,73216.42,782
12-04-2026 00:00,73216.42,73724.02,73207.32,73563.59,2131
12-04-2026 00:30,73563.59,73791.22,73485.30,73631.41,1812
12-04-2026 01:00,73631.41,73802.45,73622.49,73698.60,1088
12-04-2026 01:30,73698.60,73705.62,73424.85,73436.47,974
12-04-2026 02:00,73436.47,73459.37,73237.65,73311.39,1235
12-04-2026 02:30,73311.39,73461.02,73228.47,73360.77,1038
12-04-2026 03:00,73360.77,73558.07,73334.85,73442.89,1269
12-04-2026 03:30,73442.89,73583.95,73387.36,73465.47,1224
12-04-2026 04:00,73465.47,73474.25,73254.08,73388.01,1105
12-04-2026 04:30,73388.01,73388.01,72927.81,73156.49,1344
12-04-2026 05:00,73153.70,73185.78,73026.17,73060.46,997
12-04-2026 05:30,73060.46,73128.37,72897.92,73098.43,1303
12-04-2026 06:00,73098.43,73132.64,72998.76,73094.70,922
12-04-2026 06:30,73094.70,73153.51,72998.51,73027.72,1002
12-04-2026 07:00,73027.72,73028.10,71323.50,71662.21,3757
12-04-2026 07:30,71662.21,71984.47,71368.38,71795.32,2815
12-04-2026 08:00,71795.32,71936.22,71770.41,71774.74,1139
12-04-2026 08:30,71774.74,71877.62,71630.10,71741.67,1507
12-04-2026 09:00,71741.67,71773.92,71598.60,71598.97,1655
12-04-2026 09:30,71599.35,71695.33,71504.07,71530.43,1705
12-04-2026 10:00,71530.43,71601.62,71451.89,71480.92,1570
12-04-2026 10:30,71480.92,71687.53,71426.94,71683.60,1203
12-04-2026 11:00,71683.60,71754.98,71632.17,71715.67,830
12-04-2026 11:30,71715.67,71766.80,71671.34,71727.27,1003
12-04-2026 12:00,71727.27,71727.27,71650.64,71674.66,723
12-04-2026 12:30,71674.66,71694.08,71596.45,71641.74,813
12-04-2026 13:00,71641.74,71765.60,71633.67,71679.17,1024
12-04-2026 13:30,71679.17,71729.78,71641.38,71716.60,505
12-04-2026 14:00,71716.60,71786.15,71610.11,71644.37,502
12-04-2026 14:30,71644.37,71646.72,71564.85,71613.20,492
12-04-2026 15:00,71613.20,71651.98,71525.82,71550.41,608
12-04-2026 15:30,71550.41,71697.19,71526.19,71621.25,618
12-04-2026 16:00,71621.23,71622.04,71374.72,71467.26,705
12-04-2026 16:30,71467.26,71557.97,71443.30,71528.69,969
12-04-2026 17:00,71530.49,71537.18,71431.69,71480.98,744
12-04-2026 17:30,71480.98,71481.00,71360.94,71424.62,1086
12-04-2026 18:00,71424.62,71517.80,71096.14,71102.70,1351
12-04-2026 18:30,71102.70,71156.75,70932.47,71064.30,1633
12-04-2026 19:00,71064.29,71104.33,70879.83,70902.97,1346
12-04-2026 19:30,70902.97,71105.82,70880.71,71091.92,1495
12-04-2026 20:00,71091.92,71101.03,70706.32,70758.12,1585
12-04-2026 20:30,70758.12,70858.61,70727.59,70727.59,1472
12-04-2026 21:00,70727.59,70941.17,70621.92,70900.90,1507
12-04-2026 21:30,70900.90,70964.10,70829.33,70933.91,1411
12-04-2026 22:00,70933.91,70954.88,70833.74,70943.02,847
12-04-2026 22:30,70943.02,71012.67,70907.60,71002.43,1118
12-04-2026 23:00,71002.43,71209.56,70942.91,71148.67,1287
12-04-2026 23:30,71150.73,71217.60,71064.56,71097.52,925
13-04-2026 00:00,71097.52,71214.60,71096.56,71148.49,691
13-04-2026 00:30,71146.60,71202.15,71132.39,71179.01,337
13-04-2026 01:00,71179.01,71179.01,71091.20,71101.87,475
13-04-2026 01:30,71101.87,71123.74,70962.36,71066.81,836
13-04-2026 02:00,71066.81,71444.60,71066.81,71345.58,1421
13-04-2026 02:30,71345.58,71451.15,71172.19,71318.40,927
13-04-2026 03:00,71318.40,71378.12,71222.36,71377.87,1502
13-04-2026 03:30,71378.71,71378.71,70563.40,70659.15,3576
13-04-2026 04:00,70659.52,70929.83,70504.96,70905.79,1948
13-04-2026 04:30,70905.79,70905.79,70581.16,70712.78,2185
13-04-2026 05:00,70712.78,70790.79,70564.18,70736.76,1834
13-04-2026 05:30,70736.76,71085.60,70604.20,70978.68,2191
13-04-2026 06:00,70974.47,71249.88,70948.18,71165.74,1609
13-04-2026 06:30,71165.74,71229.29,71051.34,71095.08,1605
13-04-2026 07:00,71095.08,71225.72,71020.57,71194.19,1433
13-04-2026 07:30,71194.19,71263.16,70984.04,71219.53,1780
13-04-2026 08:00,71219.53,71274.52,70992.32,71077.43,1285
13-04-2026 08:30,71077.43,71150.56,70985.91,71034.75,1478
13-04-2026 09:00,71034.75,71055.53,70913.63,70981.46,1028
13-04-2026 09:30,70977.69,71043.63,70903.48,71031.58,809
13-04-2026 10:00,71031.58,71136.58,70849.34,70892.95,978
13-04-2026 10:30,70892.95,70927.84,70766.96,70857.11,1504
13-04-2026 11:00,70857.11,70890.91,70674.98,70882.82,1156
13-04-2026 11:30,70882.82,71077.50,70882.57,71023.99,869
13-04-2026 12:00,71023.99,71106.36,70996.58,71025.07,726
13-04-2026 12:30,71025.07,71065.76,70687.40,70713.20,1019
13-04-2026 13:00,70713.20,70842.75,70686.63,70819.02,1134
13-04-2026 13:30,70819.02,70868.69,70662.12,70767.28,1282
13-04-2026 14:00,70767.28,70767.28,70565.02,70679.71,1467
13-04-2026 14:30,70679.71,70908.89,70674.17,70790.40,1217
13-04-2026 15:00,70789.14,70832.27,70747.48,70791.84,704
13-04-2026 15:30,70791.84,70846.59,70714.52,70759.71,951
13-04-2026 16:00,70759.71,70839.80,70681.71,70749.51,999
13-04-2026 16:30,70751.69,70910.24,70737.57,70865.50,1010
13-04-2026 17:00,70865.50,70993.27,70803.04,70928.31,1301
13-04-2026 17:30,70928.31,71061.25,70841.15,70857.02,1249
13-04-2026 18:00,70857.02,71224.37,70754.84,71080.51,1595
13-04-2026 18:30,71080.51,71278.66,71077.59,71194.30,1625
13-04-2026 19:00,71194.30,71696.59,70828.75,71669.04,3807
13-04-2026 19:30,71669.16,71770.99,71434.06,71662.83,4007
13-04-2026 20:00,71664.77,72439.77,71625.09,72439.77,2606
13-04-2026 20:30,72438.93,72497.80,71877.56,71984.00,3100
13-04-2026 21:00,71983.99,71983.99,71668.67,71878.20,2900
13-04-2026 21:30,71878.20,72278.36,71692.08,72256.49,3186
13-04-2026 22:00,72256.49,72460.56,72072.36,72225.01,3128
13-04-2026 22:30,72224.89,72443.16,72149.63,72440.05,1778
13-04-2026 23:00,72440.05,72598.28,72085.74,72163.71,1997
13-04-2026 23:30,72163.71,72298.87,72078.97,72194.66,1537
14-04-2026 00:00,72194.66,72485.11,72191.73,72448.78,1573
14-04-2026 00:30,72448.78,72917.49,72317.26,72872.09,1968
14-04-2026 01:00,72872.09,73489.24,72840.76,73355.02,2928
14-04-2026 01:30,73352.50,73414.61,73039.63,73120.22,2413
14-04-2026 02:00,73120.22,73311.31,73088.94,73178.35,1450
14-04-2026 02:30,73178.35,73334.83,73101.82,73144.43,1420
14-04-2026 03:00,73144.43,73379.76,73123.64,73192.90,1848
14-04-2026 03:30,73192.89,74460.36,73185.92,74147.70,4044
14-04-2026 04:00,74144.88,74744.47,74090.98,74645.93,4171
14-04-2026 04:30,74644.90,74902.26,74465.03,74744.72,3917
14-04-2026 05:00,74744.72,74892.13,74425.85,74431.11,2725
14-04-2026 05:30,74433.11,74533.13,74233.93,74278.99,2152
14-04-2026 06:00,74279.09,74460.90,74117.01,74177.23,1914
14-04-2026 06:30,74177.23,74413.42,74003.87,74311.73,1871
14-04-2026 07:00,74311.73,74454.12,74248.39,74404.64,1306
14-04-2026 07:30,74404.64,74580.58,74380.24,74414.08,1497
14-04-2026 08:00,74414.08,74482.35,74302.53,74351.43,1244
14-04-2026 08:30,74351.43,74436.30,74267.58,74304.71,1055
14-04-2026 09:00,74304.71,74508.49,74296.86,74459.78,1531
14-04-2026 09:30,74459.78,74517.63,74394.85,74509.79,1171
14-04-2026 10:00,74510.09,74529.36,74366.89,74406.37,1131
14-04-2026 10:30,74406.37,74449.28,74323.74,74356.52,997
14-04-2026 11:00,74356.52,74377.05,74175.93,74229.13,1014
14-04-2026 11:30,74230.51,74460.38,74230.51,74399.21,1169
14-04-2026 12:00,74399.21,74574.22,74376.56,74541.40,1202
14-04-2026 12:30,74541.40,74937.01,74449.56,74690.89,2825
14-04-2026 13:00,74690.89,74700.51,74493.06,74573.78,1699
14-04-2026 13:30,74573.77,74659.09,74480.42,74656.93,1470
14-04-2026 14:00,74656.93,74926.59,74627.42,74775.03,2241
14-04-2026 14:30,74775.03,74856.50,74644.11,74697.00,1813
14-04-2026 15:00,74697.00,74719.69,74458.82,74527.79,1216
14-04-2026 15:30,74527.79,74615.07,74473.63,74579.77,1053
14-04-2026 16:00,74579.66,74634.13,74353.90,74364.94,1495
14-04-2026 16:30,74364.94,74474.80,74342.55,74372.06,1301
14-04-2026 17:00,74372.06,74470.30,74317.26,74394.91,1634
14-04-2026 17:30,74395.01,74454.01,74289.30,74322.62,1749
14-04-2026 18:00,74310.95,74486.20,74303.89,74471.57,1511
14-04-2026 18:30,74471.57,74752.65,74418.38,74518.55,1507
14-04-2026 19:00,74517.44,75587.72,74512.90,75584.27,4391
14-04-2026 19:30,75584.27,75905.51,75383.30,75899.61,5146
14-04-2026 20:00,75899.84,76072.83,75055.04,75055.04,5331
14-04-2026 20:30,75056.98,75167.42,74610.01,74838.34,4436
14-04-2026 21:00,74838.33,75474.91,74825.04,75351.52,3432
14-04-2026 21:30,75348.88,75713.28,75220.58,75281.95,3147
14-04-2026 22:00,75281.04,75319.04,74557.09,74674.14,3112
14-04-2026 22:30,74679.01,74975.62,74605.72,74657.83,2486
14-04-2026 23:00,74657.83,74795.28,74282.62,74773.08,2760
14-04-2026 23:30,74775.85,74839.02,74470.49,74548.62,2131
15-04-2026 00:00,74548.62,74595.86,73860.74,74121.23,2280
15-04-2026 00:30,74121.23,74428.55,73915.27,74196.13,1978
15-04-2026 01:00,74196.68,74307.89,74066.39,74263.58,2547
15-04-2026 01:30,74263.58,74473.96,74144.98,74213.60,2499
15-04-2026 02:00,74213.67,74335.75,74040.40,74128.73,1551
15-04-2026 02:30,74128.73,74318.75,74072.35,74153.19,1264
15-04-2026 03:00,74153.19,74339.67,73970.71,74300.77,2274
15-04-2026 03:30,74300.68,74398.03,73935.21,73935.21,1827
15-04-2026 04:00,73935.21,74150.97,73856.33,74051.69,1732
15-04-2026 04:30,74051.69,74247.16,74028.37,74136.09,1809
15-04-2026 05:00,74136.09,74256.82,74059.76,74163.68,2012
15-04-2026 05:30,74164.20,74707.34,74144.16,74611.22,2974
15-04-2026 06:00,74611.22,74623.85,74453.92,74585.98,2129
15-04-2026 06:30,74585.98,74795.73,74528.99,74705.16,2663
15-04-2026 07:00,74705.16,74768.32,74515.44,74634.06,2112
15-04-2026 07:30,74634.06,74725.03,74352.33,74363.99,2923
15-04-2026 08:00,74363.99,74373.11,74203.30,74343.46,2862
15-04-2026 08:30,74343.46,74388.82,74193.84,74313.20,1612
15-04-2026 09:00,74313.20,74386.54,74222.20,74361.87,2461
15-04-2026 09:30,74361.87,74458.83,74318.07,74330.70,1848
15-04-2026 10:00,74330.70,74394.79,74275.86,74359.63,1513
15-04-2026 10:30,74357.51,74450.64,74015.22,74029.05,1915
15-04-2026 11:00,74029.05,74061.47,73888.02,74037.48,2422
15-04-2026 11:30,74037.48,74070.30,73928.36,73936.67,1595
15-04-2026 12:00,73936.67,74041.43,73883.59,73908.99,1023
15-04-2026 12:30,73906.81,74036.17,73631.48,73729.09,2159
15-04-2026 13:00,73729.09,73799.99,73526.94,73754.70,1902
15-04-2026 13:30,73754.70,74010.79,73687.30,74008.28,1557
15-04-2026 14:00,74008.75,74206.21,73985.49,74125.16,1901
15-04-2026 14:30,74125.16,74198.59,73938.44,73968.12,2238
15-04-2026 15:00,73968.12,74035.44,73919.93,74022.85,1300
15-04-2026 15:30,74022.85,74190.64,73903.10,73920.02,2025
15-04-2026 16:00,73920.02,74256.37,73799.76,73871.14,2558
15-04-2026 16:30,73871.14,74105.20,73871.14,73966.38,1989
15-04-2026 17:00,73966.38,74262.07,73954.34,74215.61,2050
15-04-2026 17:30,74215.61,74272.97,74062.26,74194.94,2488
15-04-2026 18:00,74194.94,74471.69,74192.24,74289.65,1927
15-04-2026 18:30,74289.63,74444.41,74196.35,74408.62,2239
15-04-2026 19:00,74408.62,74426.40,73821.34,74059.33,4372
15-04-2026 19:30,74058.69,74518.69,73834.85,74438.74,4382
15-04-2026 20:00,74438.74,74481.07,73921.97,74154.09,3117
15-04-2026 20:30,74153.99,74299.94,73973.97,74037.30,2505
15-04-2026 21:00,74037.30,74037.30,73592.57,73848.39,2906
15-04-2026 21:30,73846.67,74186.82,73768.47,74094.81,2822
15-04-2026 22:00,74094.81,74167.19,73813.33,73941.94,2963
15-04-2026 22:30,73939.68,74244.16,73911.75,74123.40,2376
15-04-2026 23:00,74123.40,74199.96,73915.20,74133.95,2173
15-04-2026 23:30,74133.95,74374.51,74069.29,74207.56,2520
16-04-2026 00:00,74207.84,74411.14,74193.88,74399.65,1530
16-04-2026 00:30,74399.52,74746.36,74366.17,74740.01,2795
16-04-2026 01:00,74740.01,75298.94,74736.98,75017.67,3321
16-04-2026 01:30,75011.08,75048.05,74523.75,74782.70,2071
16-04-2026 02:00,74782.70,74934.43,74636.76,74857.31,1773
16-04-2026 02:30,74857.31,74867.25,74602.44,74647.39,1434
16-04-2026 03:00,74647.39,74836.93,74563.57,74750.42,1377
16-04-2026 03:30,74750.42,75154.10,74741.20,74993.00,2420
16-04-2026 04:00,74993.00,75426.94,74918.05,74974.00,2131
16-04-2026 04:30,74976.38,74977.88,74655.85,74746.81,2098
16-04-2026 05:00,74746.81,74863.03,74622.87,74821.35,1574
16-04-2026 05:30,74821.35,74842.83,74475.58,74607.82,1702
16-04-2026 06:00,74607.87,74881.04,74607.87,74819.38,1847
16-04-2026 06:30,74819.38,74819.54,74466.31,74619.21,1833
16-04-2026 07:00,74619.21,74718.47,74564.12,74661.87,1583
16-04-2026 07:30,74661.87,74904.25,74599.46,74900.03,2238
16-04-2026 08:00,74900.03,75273.14,74808.24,74886.15,2515
16-04-2026 08:30,74886.15,75163.35,74871.96,75040.75,1942
16-04-2026 09:00,75040.28,75054.35,74864.91,74887.26,2454
16-04-2026 09:30,74886.29,75016.46,74834.63,74925.18,1999
16-04-2026 10:00,74925.18,75171.44,74727.68,74944.87,1969
16-04-2026 10:30,74944.87,75118.71,74900.03,75072.81,1836
16-04-2026 11:00,75072.81,75147.04,75012.39,75041.00,1728
16-04-2026 11:30,75043.22,75115.41,75001.18,75018.16,1953
16-04-2026 12:00,75018.16,75043.19,74850.04,75035.44,1589
16-04-2026 12:30,75035.44,75084.98,74861.98,74903.45,1297
16-04-2026 13:00,74903.36,74909.59,74639.52,74704.46,1652
16-04-2026 13:30,74704.46,74751.65,74515.79,74688.46,2887
16-04-2026 14:00,74688.46,74741.11,74560.07,74674.66,1503
16-04-2026 14:30,74674.66,74904.71,74621.49,74820.68,1695
16-04-2026 15:00,74820.68,74837.33,74596.88,74596.88,1337
16-04-2026 15:30,74596.88,74655.17,74330.74,74459.96,1817
16-04-2026 16:00,74459.96,74510.82,74275.44,74308.89,1734
16-04-2026 16:30,74308.89,74386.10,74281.79,74377.67,1161
16-04-2026 17:00,74377.67,74583.25,74344.05,74573.46,1535
16-04-2026 17:30,74573.11,74870.64,74569.29,74716.37,1592
16-04-2026 18:00,74716.37,74750.09,74582.84,74619.54,935
16-04-2026 18:30,74619.54,75018.47,74585.21,74974.66,2038
16-04-2026 19:00,74973.68,75021.11,73320.64,73786.01,4568
16-04-2026 19:30,73786.01,73968.67,73418.15,73779.71,3690
16-04-2026 20:00,73779.71,74190.47,73759.27,73970.74,3215
16-04-2026 20:30,73970.74,74445.13,73932.64,74191.06,3112
16-04-2026 21:00,74187.81,74874.49,74166.27,74703.06,3610
16-04-2026 21:30,74703.06,74942.03,74571.06,74573.78,4186
16-04-2026 22:00,74573.78,74638.52,74066.19,74178.22,4163
16-04-2026 22:30,74178.22,74279.32,73906.89,74221.24,3209
16-04-2026 23:00,74221.24,74444.13,74091.42,74338.02,2299
16-04-2026 23:30,74338.16,74526.22,74235.24,74403.14,3283
17-04-2026 00:00,74403.14,75081.18,74360.76,75037.29,3125
17-04-2026 00:30,75037.21,75091.99,74745.75,75024.26,2665
17-04-2026 01:00,75024.83,75408.13,74976.87,75355.21,2973
17-04-2026 01:30,75355.72,75522.08,75102.30,75193.87,2428
17-04-2026 02:00,75193.87,75254.83,74999.01,75221.28,2106
17-04-2026 02:30,75221.28,75277.63,74810.26,74925.00,2115
17-04-2026 03:00,74925.00,75009.50,74840.01,74932.80,1192
17-04-2026 03:30,74932.80,75122.03,74832.99,74928.90,2012
17-04-2026 04:00,74928.90,74992.88,74841.05,74875.47,1317
17-04-2026 04:30,74875.47,75127.22,74843.84,75030.19,1500
17-04-2026 05:00,75030.19,75183.43,75016.33,75153.42,2361
17-04-2026 05:30,75153.42,75164.81,74888.89,75005.75,3157
17-04-2026 06:00,75005.75,75115.26,74913.02,74945.31,2034
17-04-2026 06:30,74945.31,75044.95,74647.05,74754.64,1522
17-04-2026 07:00,74754.64,74842.84,74572.40,74751.55,1508
17-04-2026 07:30,74751.55,74810.90,74602.50,74602.79,1041
17-04-2026 08:00,74602.79,74747.13,74547.19,74707.34,928
17-04-2026 08:30,74707.34,74761.48,74610.16,74735.75,967
17-04-2026 09:00,74735.75,74845.15,74608.79,74618.23,965
17-04-2026 09:30,74618.23,74800.35,74589.06,74759.91,752
17-04-2026 10:00,74757.91,74859.15,74742.03,74792.63,930
17-04-2026 10:30,74792.63,74813.44,74560.09,74670.76,1288
17-04-2026 11:00,74670.76,74731.58,74611.63,74641.63,913
17-04-2026 11:30,74641.63,74811.00,74600.70,74807.84,934
17-04-2026 12:00,74807.42,74948.35,74764.19,74941.60,848
17-04-2026 12:30,74941.60,75105.00,74940.77,74977.98,1237
17-04-2026 13:00,74977.98,75079.01,74941.44,75079.01,981
17-04-2026 13:30,75079.01,75180.66,74997.42,75113.75,1159
17-04-2026 14:00,75113.75,75878.26,75102.39,75790.55,2148
17-04-2026 14:30,75790.40,76371.41,75627.74,76294.23,2207
17-04-2026 15:00,76291.95,76331.85,75528.02,75794.59,3130
17-04-2026 15:30,75794.59,75894.85,75231.43,75248.61,2066
17-04-2026 16:00,75246.03,75364.75,75099.18,75278.84,2509
17-04-2026 16:30,75278.84,75492.21,75250.84,75473.52,1982
17-04-2026 17:00,75473.52,75617.68,75378.57,75601.54,1964
17-04-2026 17:30,75601.54,75982.71,75535.15,75789.58,3191
17-04-2026 18:00,75790.35,76285.74,75656.44,76249.51,4344
17-04-2026 18:30,76245.82,77019.75,76083.59,76614.68,5722
17-04-2026 19:00,76614.69,77447.18,76172.77,77372.15,5913
17-04-2026 19:30,77372.54,77784.18,77034.68,77505.19,4919
17-04-2026 20:00,77504.98,78084.51,77504.98,77942.48,4962
17-04-2026 20:30,77941.57,78043.74,77603.48,77791.71,5120
17-04-2026 21:00,77785.69,77926.53,77477.57,77825.10,4177
17-04-2026 21:30,77825.10,78355.02,77756.08,78208.37,3544
17-04-2026 22:00,78209.30,78316.60,77825.89,77890.04,2894
17-04-2026 22:30,77891.70,77951.42,77130.48,77263.47,4377
17-04-2026 23:00,77264.65,77676.61,77264.65,77544.82,3465
17-04-2026 23:30,77544.82,77597.32,77109.98,77221.14,4465
18-04-2026 00:00,77221.14,77411.57,77106.61,77178.46,2946
18-04-2026 00:30,77177.87,77408.58,77029.21,77296.33,3051
18-04-2026 01:00,77299.70,77511.99,77236.05,77436.09,2877
18-04-2026 01:30,77432.51,77636.40,77377.02,77388.75,1700
18-04-2026 02:00,77388.75,77418.98,77170.81,77364.51,1568
18-04-2026 02:30,77357.79,77511.99,77328.28,77455.15,667
18-04-2026 03:00,77455.15,77507.56,77293.85,77459.51,1224
18-04-2026 03:30,77459.51,77534.49,77332.75,77403.27,1304
18-04-2026 04:00,77403.27,77486.87,77282.52,77324.48,888
18-04-2026 04:30,77318.51,77322.39,76919.64,77064.15,821
18-04-2026 05:00,77064.15,77162.56,77010.58,77082.59,1068
18-04-2026 05:30,77082.59,77252.26,77054.58,77238.49,1606
18-04-2026 06:00,77238.49,77272.18,76996.14,77187.22,1857
18-04-2026 06:30,77187.22,77349.28,77129.09,77312.91,1663
18-04-2026 07:00,77315.01,77327.55,77154.16,77236.52,1301
18-04-2026 07:30,77236.52,77428.17,77138.39,77341.10,1225
18-04-2026 08:00,77341.10,77419.45,77276.52,77310.15,1095
18-04-2026 08:30,77310.15,77314.90,77176.19,77198.80,842
18-04-2026 09:00,77197.05,77227.86,76982.64,77027.43,1331
18-04-2026 09:30,77027.43,77114.88,76973.16,77010.44,792
18-04-2026 10:00,77010.44,77181.73,76910.59,77125.20,1134
18-04-2026 10:30,77126.98,77282.58,77125.19,77171.63,882
18-04-2026 11:00,77171.63,77204.57,77134.57,77149.02,501
18-04-2026 11:30,77149.02,77239.93,77075.09,77105.84,751
18-04-2026 12:00,77105.84,77176.06,77103.10,77142.50,721
18-04-2026 12:30,77142.50,77148.31,77059.42,77100.84,837
18-04-2026 13:00,77100.84,77100.84,76907.70,77005.17,681
18-04-2026 13:30,77005.17,77055.75,76645.81,76702.16,1377
18-04-2026 14:00,76702.16,76797.13,76518.71,76746.35,1620
18-04-2026 14:30,76746.35,76746.35,76427.96,76592.78,1561
18-04-2026 15:00,76592.78,76709.65,76542.70,76615.93,1116
18-04-2026 15:30,76615.93,76615.93,76224.75,76342.30,1645
18-04-2026 16:00,76342.30,76342.31,76153.20,76207.26,1156
18-04-2026 16:30,76207.26,76207.42,75934.25,76090.85,1394
18-04-2026 17:00,76085.44,76184.93,75776.58,76054.25,1765
18-04-2026 17:30,76054.25,76311.09,76054.25,76162.27,1368
18-04-2026 18:00,76162.27,76274.97,76061.04,76218.20,1333
18-04-2026 18:30,76218.20,76229.61,76068.97,76099.47,1327
18-04-2026 19:00,76099.91,76183.35,75811.37,76133.43,1662
18-04-2026 19:30,76133.43,76203.50,75991.67,76159.33,874
18-04-2026 20:00,76159.33,76298.84,76159.33,76265.36,1085
18-04-2026 20:30,76265.36,76366.49,76140.02,76219.41,847
18-04-2026 21:00,76219.41,76248.75,76025.19,76176.65,696
18-04-2026 21:30,76176.65,76234.09,75709.41,76099.85,1535
18-04-2026 22:00,76099.85,76144.84,75879.37,75952.92,1036
18-04-2026 22:30,75952.92,75973.53,75795.57,75868.01,1222
18-04-2026 23:00,75868.01,75914.97,75836.95,75836.95,854
18-04-2026 23:30,75836.95,75857.69,75616.02,75675.41,1305
19-04-2026 00:00,75675.41,75742.29,75459.20,75657.50,1382
19-04-2026 00:30,75657.50,75813.53,75632.65,75707.96,760
19-04-2026 01:00,75707.96,75717.62,75591.09,75663.77,633
19-04-2026 01:30,75663.77,75786.48,75617.18,75731.64,787
19-04-2026 02:00,75731.64,75860.65,75715.44,75769.79,534
19-04-2026 02:30,75769.79,75861.73,75617.55,75757.66,568
19-04-2026 03:00,75757.66,75835.42,75689.16,75835.42,965
19-04-2026 03:30,75835.42,75835.42,75623.02,75736.42,809
19-04-2026 04:00,75735.88,75884.82,75735.33,75834.09,763
19-04-2026 04:30,75834.09,75895.39,75810.62,75828.46,654
19-04-2026 05:00,75828.46,75828.64,75714.70,75715.44,687
19-04-2026 05:30,75715.50,75869.00,75595.95,75637.92,1204
19-04-2026 06:00,75637.92,75705.74,75575.06,75698.73,916
19-04-2026 06:30,75698.73,75808.95,75563.03,75563.84,771
19-04-2026 07:00,75563.84,75659.30,75468.98,75636.97,760
19-04-2026 07:30,75636.97,75699.34,75425.14,75511.98,1095
19-04-2026 08:00,75511.98,75673.58,75465.83,75507.13,867
19-04-2026 08:30,75508.76,75576.27,75375.70,75529.89,1020
19-04-2026 09:00,75529.89,75656.78,75508.76,75531.37,850
19-04-2026 09:30,75531.37,75799.85,75531.37,75702.43,997
19-04-2026 10:00,75702.43,75726.97,75435.92,75684.22,1342
19-04-2026 10:30,75684.22,75710.91,75534.59,75584.14,759
19-04-2026 11:00,75584.14,75688.54,75550.89,75564.90,561
19-04-2026 11:30,75564.90,75568.29,75311.79,75427.69,1180
19-04-2026 12:00,75427.69,75508.76,75389.27,75410.91,787
19-04-2026 12:30,75410.91,75410.91,74924.37,75007.51,1712
19-04-2026 13:00,75007.51,75310.39,75007.51,75275.19,1395
19-04-2026 13:30,75275.19,75321.45,75160.07,75160.07,1260
19-04-2026 14:00,75160.07,75280.57,75094.08,75278.11,830
19-04-2026 14:30,75278.11,75287.71,74985.84,75109.09,947
19-04-2026 15:00,75109.09,75188.95,74940.07,75040.58,1095
19-04-2026 15:30,75040.58,75141.92,74955.16,75100.34,1542
19-04-2026 16:00,75100.34,75251.03,75063.11,75231.06,1371
19-04-2026 16:30,75231.06,75559.42,75226.96,75395.73,1650
19-04-2026 17:00,75395.73,75647.62,75395.73,75622.39,1655
19-04-2026 17:30,75622.39,75715.72,75518.44,75531.37,1811
19-04-2026 18:00,75531.37,75704.86,75452.58,75596.95,1360
19-04-2026 18:30,75596.95,76256.83,75573.22,76066.28,2332
19-04-2026 19:00,76066.28,76140.70,75883.25,75934.31,1852
19-04-2026 19:30,75934.31,76043.81,75690.36,75975.04,2306
19-04-2026 20:00,75975.04,76157.00,75805.33,76040.60,2228
19-04-2026 20:30,76040.60,76177.74,75886.04,75986.29,1795
19-04-2026 21:00,75986.29,76008.44,75436.89,75869.69,2526
19-04-2026 21:30,75869.69,75880.13,75562.08,75584.58,2005
19-04-2026 22:00,75584.58,75715.35,75329.69,75402.08,2075
19-04-2026 22:30,75402.16,75404.41,75037.01,75285.40,2144
19-04-2026 23:00,75285.40,75371.92,74671.03,74805.89,2115
19-04-2026 23:30,74805.89,74920.24,74611.31,74823.64,2070
20-04-2026 00:00,74823.64,74831.64,74620.83,74791.74,1375
20-04-2026 00:30,74791.74,75038.88,74791.74,74971.40,1138
20-04-2026 01:00,74971.40,75080.90,74901.67,74970.04,1217
20-04-2026 01:30,74970.04,74973.65,74655.29,74773.25,1489
20-04-2026 02:00,74773.25,74884.98,74443.11,74701.33,1919
20-04-2026 02:30,74655.55,74785.04,74585.10,74762.78,1283
20-04-2026 03:00,74762.78,74827.36,74382.12,74438.81,2125
20-04-2026 03:30,74438.77,74438.77,73768.60,73962.26,4913
20-04-2026 04:00,73961.90,74204.24,73934.06,74056.52,2610
20-04-2026 04:30,74053.01,74055.14,73800.51,73895.63,2993
20-04-2026 05:00,73895.63,73990.28,73800.43,73805.58,2257
20-04-2026 05:30,73811.03,74293.13,73736.42,74245.70,3176
20-04-2026 06:00,74245.70,74365.83,74158.79,74289.85,2491
20-04-2026 06:30,74289.85,74376.80,74224.02,74310.66,2500
20-04-2026 07:00,74310.66,74751.28,74310.66,74606.50,3344
20-04-2026 07:30,74606.50,74643.88,74320.35,74468.51,2021
20-04-2026 08:00,74468.51,74538.68,74418.15,74422.00,1929
20-04-2026 08:30,74422.00,74599.08,74375.26,74530.51,1921
20-04-2026 09:00,74530.51,74659.09,74474.04,74652.97,1316
20-04-2026 09:30,74652.97,74657.35,74453.47,74523.71,1037
20-04-2026 10:00,74523.70,74630.59,74452.95,74575.48,1240
20-04-2026 10:30,74575.48,74575.48,74142.38,74157.52,1701
20-04-2026 11:00,74152.82,74320.47,74110.41,74284.15,1333
20-04-2026 11:30,74284.15,74453.64,74262.72,74355.88,1706
20-04-2026 12:00,74357.47,74895.66,74357.47,74804.81,2525
20-04-2026 12:30,74804.81,75573.94,74706.66,75222.79,3325
20-04-2026 13:00,75222.59,75258.95,74678.14,74839.48,3240
20-04-2026 13:30,74839.48,75004.62,74665.65,74830.56,3041
20-04-2026 14:00,74830.56,74942.62,74621.02,74738.33,1774
20-04-2026 14:30,74738.33,75157.78,74711.16,75043.94,2149
20-04-2026 15:00,75043.94,75248.20,74985.01,75078.84,2091
20-04-2026 15:30,75078.84,75423.38,75078.84,75312.60,1978
20-04-2026 16:00,75312.60,75312.60,75018.67,75045.99,1517
20-04-2026 16:30,75045.99,75276.39,74970.52,75179.03,1854
20-04-2026 17:00,75179.03,75299.24,75092.15,75205.21,1806
20-04-2026 17:30,75199.72,75669.63,75092.70,75435.08,2304
20-04-2026 18:00,75435.08,75479.86,75116.70,75311.18,2159
20-04-2026 18:30,75311.18,75378.62,75027.79,75219.17,2665
20-04-2026 19:00,75219.34,75464.48,74892.09,75300.28,4989
20-04-2026 19:30,75300.27,75784.76,75056.97,75600.13,4563
20-04-2026 20:00,75598.50,75709.04,74943.57,75056.99,4486
20-04-2026 20:30,75056.99,75778.40,74717.58,75778.40,4282
20-04-2026 21:00,75775.86,75775.86,75539.13,75732.06,4272
20-04-2026 21:30,75732.06,75743.06,75335.79,75374.91,3278
20-04-2026 22:00,75374.91,75590.33,75312.62,75361.82,2577
20-04-2026 22:30,75363.55,75901.71,75307.30,75739.02,3351
20-04-2026 23:00,75739.02,75984.81,75622.86,75921.46,3231
20-04-2026 23:30,75921.57,76336.74,75920.49,76125.54,3783
21-04-2026 00:00,76125.43,76474.11,76014.42,76440.25,2657
21-04-2026 00:30,76444.06,76503.36,76185.81,76222.43,2024
21-04-2026 01:00,76222.43,76354.10,76166.22,76316.38,1620
21-04-2026 01:30,76313.42,76571.11,76142.51,76343.86,1891
21-04-2026 02:00,76343.86,76346.80,76232.59,76302.01,1435
21-04-2026 02:30,76302.01,76390.46,75874.85,75943.27,1514
21-04-2026 03:00,75943.27,75987.46,75798.83,75969.34,1052
21-04-2026 03:30,75969.34,76165.24,75924.84,75938.67,1755
21-04-2026 04:00,75938.67,76088.77,75917.82,75989.46,1338
21-04-2026 04:30,75989.46,75989.46,75633.12,75677.67,1897
21-04-2026 05:00,75677.67,75895.13,75646.40,75850.92,1289
21-04-2026 05:30,75849.81,75940.63,75706.79,75914.81,2199
21-04-2026 06:00,75914.81,76114.78,75872.88,76107.21,2111
21-04-2026 06:30,76106.68,76270.61,76004.80,76142.77,1774
21-04-2026 07:00,76142.77,76240.38,75879.23,75937.70,2566
21-04-2026 07:30,75937.51,75943.00,75701.93,75735.37,2196
21-04-2026 08:00,75735.37,75807.56,75589.88,75598.63,1905
21-04-2026 08:30,75598.63,75671.01,75501.05,75642.86,2020
21-04-2026 09:00,75642.86,75732.24,75504.90,75725.43,1237
21-04-2026 09:30,75725.43,75773.44,75618.15,75640.86,985
21-04-2026 10:00,75640.86,75838.57,75631.75,75825.42,969
21-04-2026 10:30,75825.42,75989.77,75814.84,75907.32,1363
21-04-2026 11:00,75907.32,75913.11,75796.70,75820.60,616
21-04-2026 11:30,75820.60,75832.07,75710.86,75772.84,1058
21-04-2026 12:00,75772.84,76138.62,75771.08,75986.62,1515
21-04-2026 12:30,75986.62,76304.27,75832.07,76195.59,1819
21-04-2026 13:00,76199.39,76311.11,76040.28,76102.90,1654
21-04-2026 13:30,76102.90,76392.51,76078.42,76362.14,2153
21-04-2026 14:00,76362.14,76903.77,76267.30,76527.97,2077
21-04-2026 14:30,76527.97,76586.85,76214.98,76265.62,2331
21-04-2026 15:00,76266.22,76388.92,76170.62,76382.03,1888
21-04-2026 15:30,76382.03,76598.79,76364.22,76529.92,1979
21-04-2026 16:00,76529.92,76889.80,76484.51,76759.77,2256
21-04-2026 16:30,76759.77,76773.99,76353.92,76687.61,2922
21-04-2026 17:00,76687.61,76700.92,76423.71,76463.06,2013
21-04-2026 17:30,76468.79,76508.83,76254.94,76391.52,1922
21-04-2026 18:00,76391.52,76540.50,75728.39,76020.80,3068
21-04-2026 18:30,76020.19,76147.50,75908.41,76048.44,2544
21-04-2026 19:00,76048.44,76197.07,75740.32,75913.94,4499
21-04-2026 19:30,75913.90,76299.44,75715.18,76129.20,3354
21-04-2026 20:00,76130.38,76599.59,75631.76,75677.96,4058
21-04-2026 20:30,75677.42,75984.11,75462.15,75690.27,4302
21-04-2026 21:00,75690.31,75835.90,75523.97,75833.96,2730
21-04-2026 21:30,75833.96,75984.81,75821.59,75867.98,3214
21-04-2026 22:00,75866.59,76192.68,75761.20,75781.24,3060
21-04-2026 22:30,75781.00,75828.89,75080.36,75331.29,3597
21-04-2026 23:00,75330.59,75901.23,75274.44,75552.15,3784
21-04-2026 23:30,75552.15,75670.94,75375.07,75473.87,2724
22-04-2026 00:00,75473.87,75638.42,75310.27,75612.91,2287
22-04-2026 00:30,75610.01,75920.88,75555.82,75785.51,2766
22-04-2026 01:00,75783.50,75791.43,74826.48,75016.59,3420
22-04-2026 01:30,75016.09,75781.21,74978.52,75651.55,2764
22-04-2026 02:00,75651.55,75861.31,75587.51,75725.88,1530
22-04-2026 02:30,75725.88,75781.37,75538.92,75581.30,824
22-04-2026 03:00,75581.30,75642.43,75451.74,75553.45,1206
22-04-2026 03:30,75553.45,75605.16,75305.76,75371.44,1693
22-04-2026 04:00,75371.44,75653.49,75305.47,75653.49,1239
22-04-2026 04:30,75653.49,75873.15,75627.35,75788.44,1431
22-04-2026 05:00,75788.44,76427.35,75782.78,76337.72,1882
22-04-2026 05:30,76337.72,76504.70,76260.11,76281.31,2207
22-04-2026 06:00,76281.31,76406.95,76226.94,76377.01,1486
22-04-2026 06:30,76377.01,76422.79,76143.45,76165.98,1558
22-04-2026 07:00,76165.98,76354.12,76139.48,76301.85,1210
22-04-2026 07:30,76301.85,77251.60,76228.15,77240.79,2853
22-04-2026 08:00,77240.57,77649.67,77080.58,77609.86,2793
22-04-2026 08:30,77609.03,77732.43,77417.52,77533.42,2663
22-04-2026 09:00,77533.44,77621.87,77414.52,77526.03,1760
22-04-2026 09:30,77526.03,77628.73,77368.56,77511.71,1734
22-04-2026 10:00,77511.67,77703.95,77453.87,77523.67,1361
22-04-2026 10:30,77523.67,78429.38,77453.54,78248.71,2635
22-04-2026 11:00,78248.71,78335.02,77943.16,77975.60,3084
22-04-2026 11:30,77975.60,78033.32,77892.41,77964.72,1310
22-04-2026 12:00,77964.72,78012.22,77894.61,78004.93,894
22-04-2026 12:30,78004.93,78105.58,77815.88,77888.91,981
22-04-2026 13:00,77888.91,78104.99,77839.93,78007.78,1218
22-04-2026 13:30,78007.78,78208.68,77963.01,77963.01,1602
22-04-2026 14:00,77967.24,78069.35,77942.88,78005.91,1807
22-04-2026 14:30,78005.91,78163.14,77955.16,78156.37,1786
22-04-2026 15:00,78156.37,78181.63,77975.23,78000.13,1185
22-04-2026 15:30,78000.13,78079.05,77948.53,78069.48,2040
22-04-2026 16:00,78068.84,78177.01,78063.38,78159.20,571
22-04-2026 16:30,78159.20,78327.84,78100.71,78327.84,1744
22-04-2026 17:00,78327.84,78399.35,78186.42,78310.97,1907
22-04-2026 17:30,78310.97,78506.28,78154.05,78189.84,2465
22-04-2026 18:00,78189.84,78348.02,78123.12,78243.40,2036
22-04-2026 18:30,78243.40,78503.52,78169.25,78476.82,2494
22-04-2026 19:00,78475.91,78862.57,78295.34,78860.64,5069
22-04-2026 19:30,78860.39,79161.71,78722.19,79006.38,2502
22-04-2026 20:00,79006.38,79093.42,78575.41,79048.33,2712
22-04-2026 20:30,79048.33,79123.18,78842.79,79072.40,2506
22-04-2026 21:00,79072.40,79420.97,79015.10,79293.99,2285
22-04-2026 21:30,79293.99,79470.89,78895.91,78948.67,2239
22-04-2026 22:00,78948.67,79036.67,78646.28,78752.94,2064
22-04-2026 22:30,78752.94,79042.51,78707.86,78847.28,2066
22-04-2026 23:00,78847.28,79012.77,78715.41,78916.26,2394
22-04-2026 23:30,78916.26,79004.91,78834.62,78909.66,1483
23-04-2026 00:00,78909.66,79181.49,78862.55,79042.46,1419
23-04-2026 00:30,79042.46,79069.07,78706.51,79023.31,1956
23-04-2026 01:00,79023.31,79062.17,78779.54,78858.00,1768
23-04-2026 01:30,78856.94,78930.79,78492.32,78596.27,2154
23-04-2026 02:00,78596.27,78629.31,78424.31,78437.47,1328
23-04-2026 02:30,78437.47,78620.30,78431.33,78591.12,599
23-04-2026 03:00,78591.12,78831.27,78591.12,78774.72,1297
23-04-2026 03:30,78774.72,78843.14,78542.28,78552.55,1373
23-04-2026 04:00,78552.55,78638.80,78466.24,78613.81,1129
23-04-2026 04:30,78613.81,78619.53,78215.64,78347.82,1761
23-04-2026 05:00,78347.82,78347.82,78169.07,78191.19,1658
23-04-2026 05:30,78191.41,78484.31,77590.82,78457.08,4065
23-04-2026 06:00,78457.06,78574.16,78280.64,78444.71,2814
23-04-2026 06:30,78451.93,78472.66,78075.96,78094.91,2023
23-04-2026 07:00,78094.91,78446.07,78075.16,78362.74,2584
23-04-2026 07:30,78362.74,78368.07,77991.38,78043.16,3041
23-04-2026 08:00,78043.16,78127.12,77765.73,77951.46,3754
23-04-2026 08:30,77951.46,78034.84,77645.59,77701.39,2506
23-04-2026 09:00,77703.90,77761.81,77484.50,77750.14,2841
23-04-2026 09:30,77750.14,77923.51,77678.01,77809.73,2307
23-04-2026 10:00,77809.73,77958.79,77809.44,77920.05,1790
23-04-2026 10:30,77920.05,78029.08,77886.74,77910.99,1509
23-04-2026 11:00,77910.99,78100.58,77776.39,78034.58,1684
23-04-2026 11:30,78034.58,78343.84,78034.58,78288.48,1826
23-04-2026 12:00,78288.48,78354.82,78107.46,78224.23,1137
23-04-2026 12:30,78224.23,78265.00,78120.28,78165.38,1420
23-04-2026 13:00,78165.38,78192.90,77988.85,78064.97,1651
23-04-2026 13:30,78064.97,78187.70,77939.51,77992.18,1644
23-04-2026 14:00,77990.78,77992.95,77722.12,77861.77,1706
23-04-2026 14:30,77861.77,77872.21,77447.74,77618.07,2292
23-04-2026 15:00,77618.07,77771.45,77542.14,77653.07,1383
23-04-2026 15:30,77653.07,77722.37,77184.56,77385.66,2569
23-04-2026 16:00,77385.66,77476.81,77305.80,77410.43,1668
23-04-2026 16:30,77413.51,77514.39,77381.64,77468.34,1848
23-04-2026 17:00,77468.34,77755.71,77391.00,77706.75,2448
23-04-2026 17:30,77706.75,77865.83,77630.31,77776.53,2441
23-04-2026 18:00,77776.53,77876.37,77554.98,77875.43,2357
23-04-2026 18:30,77875.43,77920.67,77584.98,77610.11,2021
23-04-2026 19:00,77610.11,77715.97,77401.48,77533.80,4057
23-04-2026 19:30,77533.80,77951.70,77413.93,77750.60,3686
23-04-2026 20:00,77750.60,78222.93,77750.60,78194.94,3806
23-04-2026 20:30,78194.94,78675.79,77996.44,78401.18,3223
23-04-2026 21:00,78401.18,78622.65,78280.46,78394.75,3413
23-04-2026 21:30,78394.76,78534.29,78265.83,78312.04,3030
23-04-2026 22:00,78312.18,78480.69,78048.19,78117.44,2434
23-04-2026 22:30,78117.44,78206.81,77574.42,77610.44,4458
23-04-2026 23:00,77610.44,77835.07,76964.60,77780.99,5456
23-04-2026 23:30,77780.99,78162.95,77755.42,77923.65,3565
24-04-2026 00:00,77923.65,78138.47,77680.21,77681.57,2991
24-04-2026 00:30,77682.86,77905.94,77605.55,77869.52,2874
24-04-2026 01:00,77869.52,77905.85,77640.92,77722.15,3059
24-04-2026 01:30,77725.93,77912.05,77653.65,77743.94,1838
24-04-2026 02:00,77743.94,78056.28,77723.30,77887.42,1663
24-04-2026 02:30,77887.42,77924.40,77798.10,77924.40,841
24-04-2026 03:00,77924.40,78076.35,77874.47,77874.47,1220
24-04-2026 03:30,77874.47,78267.86,77874.47,78176.43,1825
24-04-2026 04:00,78176.43,78350.52,78176.43,78241.49,1222
24-04-2026 04:30,78241.49,78245.08,78030.27,78142.39,1183
24-04-2026 05:00,78142.39,78311.34,78134.11,78264.34,1292
24-04-2026 05:30,78264.34,78478.69,78175.19,78417.41,1639
24-04-2026 06:00,78417.41,78500.64,78328.39,78430.33,1487
24-04-2026 06:30,78430.33,78436.84,78015.17,78042.39,1726
24-04-2026 07:00,78042.39,78466.49,77964.73,78441.26,1743
24-04-2026 07:30,78442.21,78577.39,78254.67,78268.64,1887
24-04-2026 08:00,78268.64,78446.07,78076.60,78138.11,1475
24-04-2026 08:30,78138.11,78184.69,77685.81,77763.81,1906
24-04-2026 09:00,77763.58,77769.05,77574.99,77739.84,1730
24-04-2026 09:30,77739.84,77862.63,77612.46,77615.14,2051
24-04-2026 10:00,77614.67,77753.23,77487.30,77668.12,1721
24-04-2026 10:30,77668.12,77693.83,77455.12,77639.17,1465
24-04-2026 11:00,77639.17,78044.02,77639.17,77958.70,1539
24-04-2026 11:30,77958.70,77983.50,77819.73,77840.38,1305
24-04-2026 12:00,77840.38,77921.50,77770.73,77797.72,1136
24-04-2026 12:30,77797.58,77864.71,77652.73,77720.38,1082
24-04-2026 13:00,77719.94,77747.47,77551.33,77661.42,1212
24-04-2026 13:30,77661.42,78015.83,77574.31,77870.41,2053
24-04-2026 14:00,77870.41,77884.41,77733.57,77793.16,1712
24-04-2026 14:30,77792.24,77812.21,77418.75,77498.12,1928
24-04-2026 15:00,77498.12,77588.11,77421.28,77534.49,1430
24-04-2026 15:30,77534.49,77751.68,77444.28,77683.27,1532
24-04-2026 16:00,77683.27,77787.70,77611.81,77750.51,1326
24-04-2026 16:30,77750.51,78337.38,77750.51,78334.61,3094
24-04-2026 17:00,78334.61,78384.30,78182.84,78240.65,2320
24-04-2026 17:30,78240.51,78362.74,78189.40,78278.03,1578
24-04-2026 18:00,78278.03,78285.45,78025.34,78274.99,2262
24-04-2026 18:30,78275.08,78468.98,78156.61,78173.85,2375
24-04-2026 19:00,78174.28,78303.14,77907.38,78095.05,4023
24-04-2026 19:30,78095.05,78095.48,77690.94,77722.52,5022
24-04-2026 20:00,77721.20,78081.13,77686.84,78050.16,4835
24-04-2026 20:30,78050.16,78050.16,77586.50,77834.42,3337
24-04-2026 21:00,77832.43,78231.35,77720.39,78052.42,3331
24-04-2026 21:30,78051.63,78074.62,77641.75,77727.35,2045
24-04-2026 22:00,77727.35,77907.14,77591.11,77787.30,2065
24-04-2026 22:30,77782.76,77782.76,77592.65,77684.52,2076
24-04-2026 23:00,77684.52,77824.25,77486.94,77688.74,1860
24-04-2026 23:30,77688.73,77727.88,77370.43,77504.85,1634
25-04-2026 00:00,77507.71,77646.41,77485.64,77622.11,1816
25-04-2026 00:30,77623.61,77749.45,77537.05,77584.55,1340
25-04-2026 01:00,77584.55,77662.15,77544.96,77637.10,1623
25-04-2026 01:30,77637.39,77661.40,77459.52,77543.28,1082
25-04-2026 02:00,77543.28,77766.40,77543.28,77733.14,838
25-04-2026 02:30,77709.05,77767.20,77583.95,77632.13,708
25-04-2026 03:00,77632.13,77643.22,77549.93,77549.93,1190
25-04-2026 03:30,77549.93,77630.48,77524.48,77557.14,828
25-04-2026 04:00,77557.14,77557.14,77273.53,77343.44,892
25-04-2026 04:30,77343.44,77428.68,77343.35,77416.78,605
25-04-2026 05:00,77416.78,77461.35,77403.31,77443.07,407
25-04-2026 05:30,77443.07,77503.27,77313.81,77326.34,530
25-04-2026 06:00,77326.34,77467.94,77324.59,77467.94,415
25-04-2026 06:30,77470.65,77553.47,77443.60,77494.17,508
25-04-2026 07:00,77494.17,77629.94,77494.17,77544.62,502
25-04-2026 07:30,77544.62,77642.06,77507.30,77635.95,679
25-04-2026 08:00,77635.95,77654.28,77607.71,77623.65,377
25-04-2026 08:30,77623.65,77690.78,77559.16,77566.33,474
25-04-2026 09:00,77566.33,77724.25,77566.33,77684.38,653
25-04-2026 09:30,77684.40,77710.78,77634.22,77651.59,845
25-04-2026 10:00,77651.59,77660.47,77606.38,77625.62,790
25-04-2026 10:30,77625.62,77625.62,77494.18,77498.48,514
25-04-2026 11:00,77498.48,77562.21,77498.48,77526.68,664
25-04-2026 11:30,77526.68,77565.65,77493.90,77495.95,645
25-04-2026 12:00,77495.95,77593.78,77495.92,77510.91,783
25-04-2026 12:30,77510.91,77542.51,77454.51,77542.50,850
25-04-2026 13:00,77542.50,77582.70,77504.67,77504.67,579
25-04-2026 13:30,77504.67,77597.08,77495.43,77583.36,883
25-04-2026 14:00,77583.36,77671.43,77583.36,77657.28,1279
25-04-2026 14:30,77657.14,77671.26,77595.25,77599.49,684
25-04-2026 15:00,77599.49,77783.00,77599.49,77722.81,802
25-04-2026 15:30,77722.81,77849.41,77722.81,77832.69,649
25-04-2026 16:00,77832.69,77885.02,77789.32,77793.91,447
25-04-2026 16:30,77793.91,77793.91,77652.69,77676.45,427
25-04-2026 17:00,77676.45,77706.19,77618.70,77694.41,583
25-04-2026 17:30,77694.41,77719.18,77612.49,77612.49,628
25-04-2026 18:00,77612.49,77612.49,77551.84,77560.63,260
25-04-2026 18:30,77561.50,77650.92,77561.50,77621.31,710
25-04-2026 19:00,77621.31,77715.18,77602.40,77692.53,558
25-04-2026 19:30,77692.53,77750.45,77638.44,77730.65,682
25-04-2026 20:00,77730.65,77756.69,77654.47,77664.59,575
25-04-2026 20:30,77664.56,77729.45,77651.59,77712.47,396
25-04-2026 21:00,77712.47,77728.47,77308.01,77338.58,831
25-04-2026 21:30,77338.58,77465.68,77304.99,77409.81,1077
25-04-2026 22:00,77409.81,77446.72,77168.74,77412.37,1160
25-04-2026 22:30,77412.37,77415.55,77313.44,77337.26,614
25-04-2026 23:00,77337.26,77344.44,77219.92,77259.07,678
25-04-2026 23:30,77259.07,77338.55,77226.72,77326.91,610
26-04-2026 00:00,77326.91,77399.22,77300.62,77304.19,714
26-04-2026 00:30,77304.19,77355.78,77257.19,77258.45,567
26-04-2026 01:00,77258.45,77335.62,77196.55,77324.47,591
26-04-2026 01:30,77324.33,77433.75,77313.82,77421.22,490
26-04-2026 02:00,77421.22,77489.07,77399.96,77481.57,630
26-04-2026 02:30,77481.57,77538.03,77481.57,77521.69,682
26-04-2026 03:00,77521.69,77539.08,77418.75,77538.61,803
26-04-2026 03:30,77538.61,77578.63,77501.58,77561.19,824
26-04-2026 04:00,77561.19,77642.80,77530.25,77562.45,543
26-04-2026 04:30,77562.45,77620.13,77532.77,77597.23,594
26-04-2026 05:00,77597.23,77652.80,77583.67,77635.18,450
26-04-2026 05:30,77635.18,77648.44,77477.88,77477.89,700
26-04-2026 06:00,77477.89,77599.89,77452.91,77504.83,724
26-04-2026 06:30,77504.83,77576.59,77490.02,77514.37,556
26-04-2026 07:00,77514.37,77563.62,77453.07,77463.77,682
26-04-2026 07:30,77463.77,77604.40,77456.35,77561.95,828
26-04-2026 08:00,77561.95,77591.61,77480.07,77529.77,438
26-04-2026 08:30,77529.77,77549.02,77429.51,77434.55,792
26-04-2026 09:00,77434.55,77434.55,77329.44,77393.16,877
26-04-2026 09:30,77393.16,77505.45,77379.40,77480.75,717
26-04-2026 10:00,77480.61,77814.74,77432.98,77774.50,1126
26-04-2026 10:30,77774.50,78199.07,77720.46,78110.86,1449
26-04-2026 11:00,78110.86,78196.97,77986.10,77989.36,851
26-04-2026 11:30,78014.20,78053.65,77930.42,77951.69,475
26-04-2026 12:00,77951.69,78054.05,77904.46,78005.64,691
26-04-2026 12:30,78005.64,78036.76,77992.64,78005.32,488
26-04-2026 13:00,78005.32,78123.24,77968.86,78110.69,629
26-04-2026 13:30,78110.69,78140.34,78033.72,78092.54,500
26-04-2026 14:00,78092.54,78211.10,78031.39,78034.39,448
26-04-2026 14:30,78034.39,78052.26,77976.58,78011.02,274
26-04-2026 15:00,78011.02,78012.32,77926.37,78011.31,342
26-04-2026 15:30,78011.31,78061.44,77959.85,78014.89,382
26-04-2026 16:00,78014.89,78025.30,77972.97,78009.03,229
26-04-2026 16:30,78009.03,78162.77,78009.03,78145.24,500
26-04-2026 17:00,78145.17,78154.77,78059.67,78102.38,741
26-04-2026 17:30,78102.38,78119.63,77959.87,77980.31,650
26-04-2026 18:00,77980.31,77991.86,77769.17,77835.40,1039
26-04-2026 18:30,77836.33,77946.73,77796.51,77882.41,908
26-04-2026 19:00,77882.41,77996.32,77871.91,77975.69,959
26-04-2026 19:30,77975.69,78148.24,77874.88,78068.48,1328
26-04-2026 20:00,78068.48,78155.20,77995.67,78095.99,1424
26-04-2026 20:30,78095.99,78125.51,78000.58,78101.77,1286
26-04-2026 21:00,78101.77,78117.51,78001.80,78050.54,846
26-04-2026 21:30,78050.54,78072.91,78010.99,78053.15,430
26-04-2026 22:00,78053.15,78087.77,77929.83,77929.83,495
26-04-2026 22:30,77929.83,78060.70,77852.98,78022.95,582
26-04-2026 23:00,78022.95,78058.72,77958.18,78018.93,418
26-04-2026 23:30,78018.93,78342.80,77991.23,78182.25,1209
27-04-2026 00:00,78179.96,78298.72,78141.39,78269.09,617
27-04-2026 00:30,78239.84,78505.00,78027.19,78207.19,1742
27-04-2026 01:00,78207.05,78303.74,78058.22,78242.23,1099
27-04-2026 01:30,78242.23,78269.50,78158.23,78239.35,755
27-04-2026 02:00,78239.35,78394.43,78207.05,78212.94,1052
27-04-2026 02:30,78206.62,78299.62,78188.36,78203.06,1019
27-04-2026 03:00,78203.06,78921.26,77858.19,78420.17,1998
27-04-2026 03:30,78420.28,78848.49,78361.76,78530.45,2811
27-04-2026 04:00,78528.09,78528.09,77979.73,78318.34,2363
27-04-2026 04:30,78318.34,78463.42,78156.00,78156.96,1731
27-04-2026 05:00,78156.96,78888.81,78043.84,78658.97,2625
27-04-2026 05:30,78659.83,78879.48,78407.38,78486.69,2469
27-04-2026 06:00,78486.69,79371.22,78412.51,79258.29,2562
27-04-2026 06:30,79258.98,79477.63,78742.50,78909.47,3781
27-04-2026 07:00,78906.72,79377.84,78849.17,79286.14,2275
27-04-2026 07:30,79286.14,79306.84,79035.09,79124.17,1499
27-04-2026 08:00,79124.17,79261.70,79044.00,79134.17,1732
27-04-2026 08:30,79132.83,79279.69,79080.13,79250.70,1675
27-04-2026 09:00,79253.14,79319.33,79077.60,79107.83,1217
27-04-2026 09:30,79107.83,79133.48,79004.91,79119.84,1186
27-04-2026 10:00,79119.84,79162.97,78882.42,78926.44,1354
27-04-2026 10:30,78926.44,78940.85,77823.26,77838.40,3092
27-04-2026 11:00,77838.40,77871.82,77573.19,77782.31,2548
27-04-2026 11:30,77782.31,77868.47,77655.85,77720.46,1411
27-04-2026 12:00,77720.46,77734.08,77467.17,77695.12,1412
27-04-2026 12:30,77695.12,77728.94,77556.48,77684.26,1066
27-04-2026 13:00,77684.26,77726.78,77580.98,77600.83,1096
27-04-2026 13:30,77600.83,77722.48,77558.39,77569.59,1627
27-04-2026 14:00,77569.60,77803.76,77547.47,77798.61,1292
27-04-2026 14:30,77798.61,77847.08,77690.87,77764.74,887
27-04-2026 15:00,77764.74,77974.22,77743.93,77886.86,1185
27-04-2026 15:30,77886.86,77919.06,77774.91,77802.70,738
27-04-2026 16:00,77802.70,77916.70,77788.31,77841.88,708
27-04-2026 16:30,77841.88,77879.21,77728.99,77849.45,755
27-04-2026 17:00,77849.45,77884.20,77769.29,77831.95,809
27-04-2026 17:30,77831.95,77862.44,77704.27,77740.52,1077
27-04-2026 18:00,77740.52,77763.63,77605.71,77653.05,1360
27-04-2026 18:30,77653.05,77789.47,77626.05,77697.06,1681
27-04-2026 19:00,77697.27,77957.72,77556.89,77734.45,4025
27-04-2026 19:30,77734.45,77915.25,77662.17,77867.54,3032
27-04-2026 20:00,77867.54,78249.36,77784.10,77804.49,3150
27-04-2026 20:30,77806.93,77820.79,76551.22,76834.55,4539
27-04-2026 21:00,76834.55,77078.31,76711.72,76762.64,3175
27-04-2026 21:30,76762.64,76846.07,76626.76,76729.23,2173
27-04-2026 22:00,76730.15,76802.01,76522.23,76600.51,1776
27-04-2026 22:30,76600.51,76868.77,76600.51,76814.59,1938
27-04-2026 23:00,76814.59,76910.71,76674.42,76712.68,1707
27-04-2026 23:30,76712.68,76816.87,76634.67,76667.21,1778
28-04-2026 00:00,76667.21,76871.55,76640.50,76801.41,1485
28-04-2026 00:30,76802.19,76876.56,76598.66,76598.66,1710
28-04-2026 01:00,76597.73,76856.35,76436.50,76856.35,2468
28-04-2026 01:30,76856.35,76980.95,76822.56,76979.82,1144
28-04-2026 02:00,76979.82,77034.92,76914.62,76939.97,755
28-04-2026 02:30,76939.97,76939.97,76809.64,76888.87,1114
28-04-2026 03:00,76888.87,76962.27,76754.23,76754.23,949
28-04-2026 03:30,76754.23,76961.06,76726.27,76952.90,1082
28-04-2026 04:00,76952.90,77059.50,76928.73,77049.07,754
28-04-2026 04:30,77049.07,77179.06,76991.65,77108.59,794
28-04-2026 05:00,77108.59,77424.32,77108.59,77344.82,1752
28-04-2026 05:30,77344.82,77405.37,77204.39,77211.44,2224
28-04-2026 06:00,77213.92,77455.60,77190.33,77361.27,2153
28-04-2026 06:30,77361.27,77379.67,77170.54,77221.55,1795
28-04-2026 07:00,77221.55,77221.55,77021.06,77073.08,2063
28-04-2026 07:30,77073.08,77196.82,76985.60,76986.83,1793
28-04-2026 08:00,76986.84,77018.95,76659.47,76861.37,2871
28-04-2026 08:30,76861.37,76878.27,76649.30,76751.01,1702
28-04-2026 09:00,76751.01,76828.82,76727.41,76793.99,1436
28-04-2026 09:30,76793.99,76921.35,76670.34,76778.68,1494
28-04-2026 10:00,76778.68,76934.06,76729.08,76870.23,1029
28-04-2026 10:30,76870.23,77130.54,76870.23,77046.59,1386
28-04-2026 11:00,77046.71,77059.59,76792.48,76861.08,1422
28-04-2026 11:30,76862.79,77013.57,76819.19,76886.40,1960
28-04-2026 12:00,76886.40,76920.11,76561.32,76687.66,1923
28-04-2026 12:30,76687.66,76695.63,76417.48,76623.46,2531
28-04-2026 13:00,76623.46,76893.66,76600.93,76856.37,1605
28-04-2026 13:30,76856.37,76954.24,76762.75,76953.61,1225
28-04-2026 14:00,76953.61,76983.08,76722.43,76834.46,908
28-04-2026 14:30,76834.46,76842.22,76690.61,76767.75,936
28-04-2026 15:00,76767.75,76767.75,76469.79,76574.32,1186
28-04-2026 15:30,76574.32,76671.14,76461.83,76507.61,1035
28-04-2026 16:00,76507.61,76608.50,76499.85,76594.27,777
28-04-2026 16:30,76594.27,76625.78,76259.11,76317.58,1515
28-04-2026 17:00,76317.58,76321.76,76104.90,76209.47,2482
28-04-2026 17:30,76209.47,76337.40,76148.72,76210.19,2003
28-04-2026 18:00,76209.47,76401.29,76161.40,76367.83,1678
28-04-2026 18:30,76367.83,76367.83,75949.33,76175.06,1879
28-04-2026 19:00,76175.06,76393.82,76013.39,76172.00,3583
28-04-2026 19:30,76172.00,76182.11,75751.66,75811.71,2400
28-04-2026 20:00,75811.71,75924.82,75643.99,75924.82,3274
28-04-2026 20:30,75924.82,76045.70,75808.80,75995.22,2438
28-04-2026 21:00,75995.22,76061.40,75870.00,76038.76,1807
28-04-2026 21:30,76040.01,76076.36,75914.81,75919.38,1712
28-04-2026 22:00,75923.17,76186.84,75848.76,76097.47,1875
28-04-2026 22:30,76097.47,76189.35,75926.29,76070.75,1700
28-04-2026 23:00,76070.75,76240.18,76068.55,76162.74,1261
28-04-2026 23:30,76162.74,76256.80,76106.50,76208.95,1198
29-04-2026 00:00,76208.95,76228.33,76114.50,76209.03,840
29-04-2026 00:30,76209.03,76209.03,76032.51,76139.73,848
29-04-2026 01:00,76139.73,76359.11,76104.16,76306.29,1252
29-04-2026 01:30,76304.20,76418.33,76302.01,76346.73,1178
29-04-2026 02:00,76346.73,76457.90,76330.98,76446.69,738
29-04-2026 02:30,76446.69,76466.52,76275.10,76282.69,846
29-04-2026 03:00,76282.69,76393.95,76244.59,76334.24,1049
29-04-2026 03:30,76334.24,76429.21,76289.79,76307.26,1293
29-04-2026 04:00,76307.26,76345.16,76190.76,76216.73,811
29-04-2026 04:30,76216.73,76337.68,76168.37,76257.32,615
29-04-2026 05:00,76257.35,76344.47,76223.09,76311.05,543
29-04-2026 05:30,76309.77,76359.72,76246.64,76288.33,679
29-04-2026 06:00,76288.33,76532.38,76256.51,76487.06,1010
29-04-2026 06:30,76487.08,76517.62,76184.76,76198.65,1434
29-04-2026 07:00,76198.65,76628.62,76151.35,76541.57,1516
29-04-2026 07:30,76541.30,76633.91,76424.40,76430.76,1453
29-04-2026 08:00,76430.76,76501.88,76368.42,76493.98,682
29-04-2026 08:30,76493.98,76871.49,76486.10,76852.62,1869
29-04-2026 09:00,76852.62,77101.87,76768.31,76969.06,1902
29-04-2026 09:30,76969.06,77033.28,76857.67,77016.10,1046
29-04-2026 10:00,77016.10,77431.27,76991.40,77243.94,2416
29-04-2026 10:30,77241.80,77284.69,77166.84,77247.67,1430
29-04-2026 11:00,77248.13,77303.88,77188.34,77263.77,1122
29-04-2026 11:30,77263.77,77307.66,77057.94,77059.42,1378
29-04-2026 12:00,77059.42,77087.39,76906.91,77001.30,1111
29-04-2026 12:30,77001.30,77083.07,76989.74,77032.55,932
29-04-2026 13:00,77032.55,77157.14,76986.28,77020.56,1182
29-04-2026 13:30,77020.56,77128.82,76950.38,77076.87,1365
29-04-2026 14:00,77076.87,77076.87,76936.48,77014.04,1095
29-04-2026 14:30,77014.04,77120.27,76939.08,77105.96,855
29-04-2026 15:00,77105.96,77774.05,77101.96,77626.28,2467
29-04-2026 15:30,77626.28,77880.81,77620.07,77869.93,2239
29-04-2026 16:00,77869.93,77884.24,77536.46,77594.45,1449
29-04-2026 16:30,77594.45,77655.89,77459.70,77486.73,1133
29-04-2026 17:00,77486.73,77667.37,77476.07,77565.22,1177
29-04-2026 17:30,77565.22,77581.32,76969.11,77122.33,1652
29-04-2026 18:00,77122.33,77185.18,76961.64,77113.28,1646
29-04-2026 18:30,77113.28,77211.36,76836.90,76892.11,1940
29-04-2026 19:00,76892.11,76892.11,76395.50,76737.65,3762
29-04-2026 19:30,76737.65,76746.08,76470.35,76684.25,2560
29-04-2026 20:00,76684.25,76836.99,76439.15,76536.46,2692
29-04-2026 20:30,76536.46,76600.56,76117.18,76184.52,3270
29-04-2026 21:00,76184.52,76298.03,75656.86,75862.35,4087
29-04-2026 21:30,75876.69,76086.82,75654.46,75791.25,2812
29-04-2026 22:00,75791.25,75869.61,75649.86,75754.59,2246
29-04-2026 22:30,75757.03,76061.18,75757.03,75843.55,2238
29-04-2026 23:00,75843.55,76129.53,75823.32,76129.53,2316
29-04-2026 23:30,76129.58,76204.01,74909.84,75110.97,3564
30-04-2026 00:00,75109.39,75470.56,74909.33,75468.72,3606
30-04-2026 00:30,75468.72,75549.19,75324.04,75481.89,2306
30-04-2026 01:00,75481.89,75523.06,75249.58,75516.32,2457
30-04-2026 01:30,75519.00,75674.29,75446.84,75635.87,3233
30-04-2026 02:00,75635.87,75815.25,75541.85,75634.78,2028
30-04-2026 02:30,75634.78,75855.08,75557.93,75786.36,990
30-04-2026 03:00,75786.36,76038.12,75750.53,75891.85,1049
30-04-2026 03:30,75891.85,75966.46,75773.09,75795.83,1694
30-04-2026 04:00,75795.83,75934.20,75795.83,75883.02,1290
30-04-2026 04:30,75883.02,75949.04,75670.14,75726.53,1240
30-04-2026 05:00,75726.53,75839.41,75725.59,75737.72,1069
30-04-2026 05:30,75737.72,75826.33,75609.82,75775.99,1475
30-04-2026 06:00,75775.99,76290.41,75775.98,76224.06,2243
30-04-2026 06:30,76206.50,76366.74,76136.52,76311.53,1829
30-04-2026 07:00,76312.22,76417.14,76176.91,76195.35,1506
30-04-2026 07:30,76195.35,76311.39,76070.82,76080.45,1343
30-04-2026 08:00,76080.45,76080.45,75455.35,75654.86,3352
30-04-2026 08:30,75654.86,75859.17,75613.95,75852.61,1513
30-04-2026 09:00,75846.23,75953.24,75799.57,75885.43,1271
30-04-2026 09:30,75885.43,75924.89,75615.52,75629.89,2262
30-04-2026 10:00,75629.89,75642.09,75360.97,75438.98,2711
30-04-2026 10:30,75438.50,75585.42,75279.52,75378.18,1745
30-04-2026 11:00,75377.31,75708.05,75373.92,75556.34,2116
30-04-2026 11:30,75556.34,75651.62,75530.47,75635.41,1988
30-04-2026 12:00,75635.41,75827.60,75635.41,75711.03,1747
30-04-2026 12:30,75711.03,75856.83,75669.95,75846.48,2114
30-04-2026 13:00,75846.48,76131.32,75841.66,76119.10,2383
30-04-2026 13:30,76119.10,76165.18,75975.79,76028.74,1765
30-04-2026 14:00,76028.74,76107.61,75998.82,76020.53,1039
30-04-2026 14:30,76020.53,76160.55,75963.02,76160.55,1258
30-04-2026 15:00,76161.23,76306.48,76028.74,76058.11,2049
30-04-2026 15:30,76058.11,76121.93,75932.81,75949.76,1513
30-04-2026 16:00,75949.30,76076.78,75949.30,75980.26,2621
30-04-2026 16:30,75979.93,76198.64,75979.92,76066.73,2185
30-04-2026 17:00,76066.73,76087.86,75831.53,76023.77,1734
30-04-2026 17:30,76023.77,76335.40,75998.95,76301.85,1891
30-04-2026 18:00,76303.28,76374.73,76202.55,76263.08,1645
30-04-2026 18:30,76262.87,76328.74,76108.61,76141.24,1778
30-04-2026 19:00,76141.24,76626.84,76054.13,76372.94,4074
30-04-2026 19:30,76373.87,76551.56,76046.40,76308.84,2833
30-04-2026 20:00,76308.84,76510.99,76168.22,76253.62,3055
30-04-2026 20:30,76253.62,76465.14,76116.27,76461.71,3171
30-04-2026 21:00,76463.26,76609.42,76278.76,76421.23,3217
30-04-2026 21:30,76421.10,76439.16,76244.31,76309.44,2363
30-04-2026 22:00,76309.47,76374.14,76169.30,76206.61,2007
30-04-2026 22:30,76205.23,76284.88,76058.00,76099.40,1555
30-04-2026 23:00,76099.40,76257.82,76090.09,76195.50,1239
30-04-2026 23:30,76195.29,76423.38,76195.29,76231.17,2269
01-05-2026 00:00,76231.17,76429.60,76150.73,76304.64,1114
01-05-2026 00:30,76304.64,76470.03,76264.82,76431.39,1345
01-05-2026 01:00,76431.39,76477.62,76330.61,76376.48,1364
01-05-2026 01:30,76372.68,76516.62,76272.96,76429.08,1078
01-05-2026 02:00,76429.08,76522.86,76403.50,76446.21,729
01-05-2026 02:30,76446.21,76491.91,76273.89,76286.67,691
01-05-2026 03:00,76289.80,76408.75,76186.76,76192.67,774
01-05-2026 03:30,76192.67,76404.71,76192.67,76389.81,1149
01-05-2026 04:00,76389.75,76392.99,76155.99,76190.12,618
01-05-2026 04:30,76190.12,76288.35,76168.88,76288.34,794
01-05-2026 05:00,76288.34,76333.30,76250.74,76299.31,1297
01-05-2026 05:30,76298.13,76527.92,76275.05,76481.76,1012
01-05-2026 06:00,76481.76,76542.03,76352.94,76409.30,765
01-05-2026 06:30,76409.90,76584.68,76398.43,76490.19,824
01-05-2026 07:00,76490.19,76726.75,76484.87,76635.42,1057
01-05-2026 07:30,76636.34,76694.78,76560.06,76581.76,1128
01-05-2026 08:00,76581.76,76595.59,76487.63,76551.15,838
01-05-2026 08:30,76551.15,77403.48,76507.89,77155.26,1975
01-05-2026 09:00,77156.58,77246.01,77024.93,77083.33,1350
01-05-2026 09:30,77083.33,77160.23,76921.27,76974.33,1093
01-05-2026 10:00,76974.33,77064.63,76958.60,76996.67,707
01-05-2026 10:30,76996.67,77144.71,76989.45,77034.16,588
01-05-2026 11:00,77034.16,77141.19,77011.86,77129.39,407
01-05-2026 11:30,77129.39,77145.90,77041.83,77113.42,480
01-05-2026 12:00,77113.42,77134.56,76837.48,76947.00,975
01-05-2026 12:30,76948.90,77061.22,76923.44,76959.54,467
01-05-2026 13:00,76959.54,77105.58,76914.86,77092.60,826
01-05-2026 13:30,77092.60,77475.00,77007.15,77405.68,1347
01-05-2026 14:00,77405.68,77431.38,77323.15,77343.06,915
01-05-2026 14:30,77343.06,77368.37,77249.95,77316.96,907
01-05-2026 15:00,77316.96,77316.96,77170.17,77250.55,842
01-05-2026 15:30,77250.55,77398.71,77124.57,77318.12,1028
01-05-2026 16:00,77318.12,77337.85,77208.58,77262.93,955
01-05-2026 16:30,77262.93,77557.38,77229.85,77356.32,1353
01-05-2026 17:00,77356.32,77443.64,77311.21,77437.24,723
01-05-2026 17:30,77437.24,77781.53,77376.82,77735.93,1985
01-05-2026 18:00,77734.32,78141.96,77731.44,77869.81,2381
01-05-2026 18:30,77869.81,78401.86,77869.79,78266.62,1994
01-05-2026 19:00,78266.62,78890.89,78121.55,78741.36,3535
01-05-2026 19:30,78738.72,78854.41,78181.29,78262.81,3240
01-05-2026 20:00,78263.75,78438.66,78030.97,78336.80,3271
01-05-2026 20:30,78336.80,78591.04,78161.21,78533.03,2479
01-05-2026 21:00,78532.25,78731.32,78166.81,78425.94,2113
01-05-2026 21:30,78425.94,78663.23,78146.77,78308.60,2502
01-05-2026 22:00,78308.09,78366.82,78141.32,78185.09,2714
01-05-2026 22:30,78185.09,78332.69,78104.38,78231.73,1516
01-05-2026 23:00,78232.10,78577.47,78169.56,78531.03,2098
01-05-2026 23:30,78531.03,78606.43,78442.43,78574.71,1655
02-05-2026 00:00,78574.30,78583.45,78359.33,78415.81,1094
02-05-2026 00:30,78415.81,78533.15,78331.15,78395.06,813
02-05-2026 01:00,78393.80,78464.47,78294.52,78351.24,1486
02-05-2026 01:30,78351.24,78409.15,78072.69,78130.63,1085
02-05-2026 02:00,78130.63,78159.60,77729.90,77857.39,1457
02-05-2026 02:30,77857.24,78055.82,77839.63,77999.28,966
02-05-2026 03:00,77999.28,78186.06,77999.28,78185.94,1429
02-05-2026 03:30,78185.94,78398.11,78185.94,78333.33,1420
02-05-2026 04:00,78333.32,78354.96,78114.94,78132.32,714
02-05-2026 04:30,78132.32,78172.98,78017.20,78025.92,453
02-05-2026 05:00,78025.92,78219.81,78025.61,78218.57,445
02-05-2026 05:30,78219.77,78344.07,78146.26,78258.17,594
02-05-2026 06:00,78258.17,78378.43,78224.74,78323.95,613
02-05-2026 06:30,78323.95,78374.31,78277.05,78327.22,561
02-05-2026 07:00,78327.22,78418.86,78278.54,78329.66,747
02-05-2026 07:30,78329.66,78342.17,78237.45,78250.51,445
02-05-2026 08:00,78250.51,78477.53,78244.36,78340.86,540
02-05-2026 08:30,78340.86,78394.91,78214.47,78367.17,683
02-05-2026 09:00,78367.17,78493.53,78347.12,78394.12,655
02-05-2026 09:30,78394.12,78431.45,78238.09,78257.33,671
02-05-2026 10:00,78257.33,78276.73,78109.13,78160.69,576
02-05-2026 10:30,78160.69,78174.03,78018.68,78085.07,640
02-05-2026 11:00,78085.07,78222.36,78085.07,78163.97,566
02-05-2026 11:30,78163.97,78268.40,78129.74,78131.01,556
02-05-2026 12:00,78131.01,78335.81,78128.58,78307.73,709
02-05-2026 12:30,78307.73,78331.33,78285.58,78303.53,406
02-05-2026 13:00,78303.53,78314.32,78189.57,78203.32,395
02-05-2026 13:30,78203.32,78274.00,78140.33,78262.45,1236
02-05-2026 14:00,78262.45,78339.54,78260.95,78295.32,985
02-05-2026 14:30,78295.32,78324.44,78274.08,78289.56,749
02-05-2026 15:00,78289.56,78376.12,78209.37,78281.81,1736
02-05-2026 15:30,78281.81,78298.69,78210.72,78232.85,921
02-05-2026 16:00,78232.85,78255.56,78203.47,78230.48,938
02-05-2026 16:30,78230.48,78230.48,78146.70,78194.30,861
02-05-2026 17:00,78194.30,78199.69,78076.85,78130.02,1039
02-05-2026 17:30,78130.02,78249.64,78083.46,78230.04,921
02-05-2026 18:00,78230.04,78244.68,78161.40,78193.89,1017
02-05-2026 18:30,78193.89,78405.10,78193.89,78284.62,1516
02-05-2026 19:00,78284.62,78371.91,78276.15,78351.13,943
02-05-2026 19:30,78351.13,78463.61,78287.59,78398.05,1221
02-05-2026 20:00,78398.05,78460.39,78353.12,78397.87,1416
02-05-2026 20:30,78397.87,78460.40,78341.81,78355.12,1095
02-05-2026 21:00,78355.12,78469.78,78345.93,78467.69,1098
02-05-2026 21:30,78467.69,78572.21,78438.98,78485.42,1773
02-05-2026 22:00,78485.42,78485.42,78402.17,78431.06,1800
02-05-2026 22:30,78431.06,78438.23,78391.85,78401.09,1409
02-05-2026 23:00,78401.09,78464.60,78351.61,78375.02,1195
02-05-2026 23:30,78375.02,78376.71,78289.51,78371.78,1111
03-05-2026 00:00,78371.66,78465.31,78371.66,78440.48,1060
03-05-2026 00:30,78440.48,78488.20,78415.89,78425.06,926
03-05-2026 01:00,78425.06,78504.66,78421.61,78465.37,905
03-05-2026 01:30,78468.51,78470.46,78399.97,78412.67,785
03-05-2026 02:00,78412.67,78462.97,78397.78,78436.53,830
03-05-2026 02:30,78436.53,78502.36,78429.03,78478.68,920
03-05-2026 03:00,78478.68,79126.33,78478.68,78708.19,2727
03-05-2026 03:30,78708.19,78784.62,78589.00,78608.81,2155
03-05-2026 04:00,78608.81,78857.45,78605.27,78815.52,2181
03-05-2026 04:30,78815.52,78815.52,78674.04,78787.05,1750
03-05-2026 05:00,78788.18,78805.55,78608.47,78664.75,1722
03-05-2026 05:30,78664.75,78732.74,78484.27,78615.44,1872
03-05-2026 06:00,78615.44,78662.93,78478.56,78528.57,1133
03-05-2026 06:30,78528.57,78529.76,78210.21,78269.83,2021
03-05-2026 07:00,78273.14,78273.14,78127.14,78228.36,1610
03-05-2026 07:30,78228.36,78280.36,78090.47,78090.47,1763
03-05-2026 08:00,78090.47,78180.98,78090.01,78147.23,1206
03-05-2026 08:30,78147.23,78168.92,78088.08,78095.49,1155
03-05-2026 09:00,78095.49,78198.96,78095.49,78180.21,1367
03-05-2026 09:30,78180.21,78215.95,78091.33,78198.45,1252
03-05-2026 10:00,78198.45,78214.31,78122.34,78149.21,948
03-05-2026 10:30,78149.21,78242.95,78134.92,78199.31,981
03-05-2026 11:00,78199.31,78235.03,78180.25,78225.66,682
03-05-2026 11:30,78225.66,78225.66,78061.30,78091.34,943
03-05-2026 12:00,78091.34,78321.75,78089.74,78266.73,1165
03-05-2026 12:30,78266.73,78430.80,78266.32,78387.68,1737
03-05-2026 13:00,78387.68,78426.51,78336.25,78343.91,1232
03-05-2026 13:30,78343.91,78469.72,78342.11,78394.46,1353
03-05-2026 14:00,78394.46,78435.47,78361.90,78365.41,1048
03-05-2026 14:30,78365.31,78502.90,78336.76,78475.68,1278
03-05-2026 15:00,78475.68,78584.11,78428.47,78516.14,1568
03-05-2026 15:30,78516.14,78518.68,78407.57,78409.97,1011
03-05-2026 16:00,78409.97,78453.16,78385.93,78388.63,909
03-05-2026 16:30,78388.63,78539.89,78363.71,78494.09,705
03-05-2026 17:00,78494.09,78822.23,78494.09,78641.92,1448
03-05-2026 17:30,78641.92,78851.99,78641.92,78755.75,2056
03-05-2026 18:00,78755.75,78811.35,78676.35,78728.34,1500
03-05-2026 18:30,78728.34,78751.73,78597.10,78622.79,1669
03-05-2026 19:00,78622.79,78678.65,78565.88,78644.69,1519
03-05-2026 19:30,78644.69,78756.92,78585.62,78661.77,1686
03-05-2026 20:00,78661.77,78760.45,78629.48,78704.56,1661
03-05-2026 20:30,78704.56,78793.31,78691.08,78739.84,1748
03-05-2026 21:00,78739.84,78771.85,78599.74,78641.10,1797
03-05-2026 21:30,78641.10,78671.41,78567.82,78637.37,1843
03-05-2026 22:00,78637.37,78758.49,78625.44,78639.56,1726
03-05-2026 22:30,78639.56,78770.55,78552.89,78708.85,2068
03-05-2026 23:00,78708.85,78801.93,78699.04,78708.31,1554
03-05-2026 23:30,78708.31,78737.06,78611.23,78710.84,1542
04-05-2026 00:00,78711.48,78740.02,78651.51,78717.01,1324
04-05-2026 00:30,78717.01,78740.05,78651.31,78661.46,1054
04-05-2026 01:00,78661.58,78829.53,78658.14,78742.63,1323
04-05-2026 01:30,78742.63,78959.55,78706.18,78899.95,1217
04-05-2026 02:00,78899.87,79223.97,78823.39,78900.82,2639
04-05-2026 02:30,78900.82,79042.32,78834.91,78903.03,1150
04-05-2026 03:00,78903.03,78916.17,78639.76,78817.10,1685
04-05-2026 03:30,78817.10,79425.31,78817.10,79061.53,3894
04-05-2026 04:00,79068.53,79359.26,78960.95,79151.16,2876
04-05-2026 04:30,79151.16,79272.64,78609.22,78624.26,2935
04-05-2026 05:00,78628.21,78709.94,78470.64,78543.63,2681
04-05-2026 05:30,78543.63,78545.88,78259.83,78336.77,3047
04-05-2026 06:00,78338.62,78538.91,78304.27,78524.44,2542
04-05-2026 06:30,78524.44,78584.28,78389.44,78576.31,2315
04-05-2026 07:00,78576.31,79797.06,78564.86,79743.06,4136
04-05-2026 07:30,79750.05,80018.80,79523.76,79680.01,4387
04-05-2026 08:00,79680.01,80394.50,79680.01,80140.20,4487
04-05-2026 08:30,80140.20,80421.09,79948.55,80084.17,3503
04-05-2026 09:00,80084.17,80293.23,79894.36,80289.98,3011
04-05-2026 09:30,80289.98,80587.54,80214.84,80315.71,3211
04-05-2026 10:00,80315.71,80409.51,80206.47,80311.23,2653
04-05-2026 10:30,80311.23,80374.52,79934.61,79978.95,2278
04-05-2026 11:00,79978.95,80083.10,79943.78,79997.64,2093
04-05-2026 11:30,79997.64,80024.62,79468.36,79677.38,2520
04-05-2026 12:00,79677.38,79951.95,79619.12,79844.62,2687
04-05-2026 12:30,79844.62,79918.18,79787.58,79823.99,2120
04-05-2026 13:00,79823.99,79881.81,79646.16,79670.46,1742
04-05-2026 13:30,79673.66,79774.77,79568.48,79714.60,2441
04-05-2026 14:00,79713.74,79757.39,79589.33,79678.59,1896
04-05-2026 14:30,79678.24,79789.13,79611.77,79694.96,1654
04-05-2026 15:00,79694.96,79893.74,79658.07,79805.63,1842
04-05-2026 15:30,79805.63,79848.07,78194.74,78476.66,4717
04-05-2026 16:00,78476.27,79067.42,78428.50,78916.71,3715
04-05-2026 16:30,78916.71,79109.87,78883.69,78934.60,2489
04-05-2026 17:00,78933.96,78933.96,78676.60,78767.39,3048
04-05-2026 17:30,78767.39,79004.19,78688.77,78943.81,2329
04-05-2026 18:00,78943.81,78983.20,78825.65,78839.29,3006
04-05-2026 18:30,78836.57,79027.39,78547.53,78937.35,3053
04-05-2026 19:00,78937.35,79097.03,78703.20,78759.43,4224
04-05-2026 19:30,78759.63,79374.53,78492.36,79227.95,3968
04-05-2026 20:00,79225.85,80527.27,79212.05,80205.05,3998
04-05-2026 20:30,80202.17,80368.56,79333.78,79684.07,4359
04-05-2026 21:00,79689.22,80099.16,79466.12,80006.76,4012
04-05-2026 21:30,80006.76,80385.43,79596.66,80230.25,4002
04-05-2026 22:00,80229.21,80346.32,79958.65,80004.24,3594
04-05-2026 22:30,80005.21,80504.53,80003.99,80430.67,3047
04-05-2026 23:00,80430.67,80737.50,80241.28,80364.52,2766
04-05-2026 23:30,80364.52,80418.92,80123.90,80241.04,2410
05-05-2026 00:00,80241.04,80286.72,80011.39,80088.54,2619
05-05-2026 00:30,80087.88,80116.51,79864.01,79904.16,2365
05-05-2026 01:00,79904.16,80071.08,79865.77,80030.59,1742
05-05-2026 01:30,80030.59,80139.44,79900.46,80014.48,1950
05-05-2026 02:00,80014.51,80026.69,79873.72,79917.76,1466
05-05-2026 02:30,79917.76,80271.24,79915.10,80181.18,1145
05-05-2026 03:00,80181.18,80356.98,80181.18,80241.11,1166
05-05-2026 03:30,80241.11,80377.52,80210.86,80240.94,2257
05-05-2026 04:00,80240.94,80241.43,80023.26,80036.63,2442
05-05-2026 04:30,80036.63,80036.71,79847.13,79932.12,1867
05-05-2026 05:00,79932.12,79932.40,79721.22,79836.20,2428
05-05-2026 05:30,79836.20,79983.49,79774.41,79835.37,2217
05-05-2026 06:00,79835.37,80161.35,79834.52,80148.26,2720
05-05-2026 06:30,80148.26,80265.54,80050.33,80239.26,2626
05-05-2026 07:00,80239.26,80360.08,80143.24,80327.40,2700
05-05-2026 07:30,80327.38,80512.33,80281.47,80443.81,2636
05-05-2026 08:00,80443.81,80880.79,80424.10,80529.37,3357
05-05-2026 08:30,80529.37,80835.67,80430.28,80771.24,2619
05-05-2026 09:00,80771.24,81066.32,80729.57,80860.44,2599
05-05-2026 09:30,80858.74,80959.69,80760.49,80772.38,2322
05-05-2026 10:00,80772.38,80937.36,80699.95,80876.23,2488
05-05-2026 10:30,80876.23,81163.01,80810.70,81038.68,2539
05-05-2026 11:00,81038.68,81305.16,80900.27,80949.00,3151
05-05-2026 11:30,80949.00,80992.09,80783.38,80797.76,2165
05-05-2026 12:00,80796.43,80958.43,80771.15,80952.68,2315
05-05-2026 12:30,80952.68,81068.92,80870.13,81023.20,2458
05-05-2026 13:00,81023.20,81117.61,80811.25,80833.85,2501
05-05-2026 13:30,80833.87,80870.03,80791.43,80825.45,2377
05-05-2026 14:00,80824.54,80846.63,80695.15,80797.10,2132
05-05-2026 14:30,80797.10,80797.10,80580.71,80633.53,2238
05-05-2026 15:00,80633.53,80686.32,80501.92,80565.69,2257
05-05-2026 15:30,80565.69,80737.03,80503.12,80722.15,1845
05-05-2026 16:00,80722.15,80822.35,80712.94,80816.72,1903
05-05-2026 16:30,80816.72,80964.49,80764.37,80933.84,2136
05-05-2026 17:00,80933.84,81095.46,80867.07,81006.27,2115
05-05-2026 17:30,81006.27,81241.26,80914.02,81216.71,2789
05-05-2026 18:00,81216.71,81306.09,81163.28,81265.01,2603
05-05-2026 18:30,81265.01,81700.13,81253.96,81451.94,4443
05-05-2026 19:00,81451.82,81657.03,81183.51,81317.28,5386
05-05-2026 19:30,81317.28,81440.19,80926.72,81389.47,5557
05-05-2026 20:00,81389.47,81487.96,81103.45,81323.05,4908
05-05-2026 20:30,81321.78,81667.79,81218.68,81604.21,3937
05-05-2026 21:00,81604.15,81691.88,81514.60,81530.14,3613
05-05-2026 21:30,81530.19,81609.21,81322.76,81411.57,3316
05-05-2026 22:00,81411.57,81411.57,81040.10,81279.88,4183
05-05-2026 22:30,81279.88,81448.66,81172.50,81398.96,3133
05-05-2026 23:00,81399.37,81399.68,81239.08,81260.02,2722
05-05-2026 23:30,81260.02,81588.29,81260.02,81454.88,3096
06-05-2026 00:00,81454.88,81550.93,81400.51,81501.19,2311
06-05-2026 00:30,81501.19,81574.33,81394.73,81519.77,2324
06-05-2026 01:00,81519.18,81675.20,81502.23,81593.25,3227
06-05-2026 01:30,81594.20,81762.38,81498.46,81542.62,3216
06-05-2026 02:00,81542.62,81724.13,81525.37,81630.71,2533
06-05-2026 02:30,81630.71,81764.25,81433.78,81458.10,2489
06-05-2026 03:00,81458.10,81493.29,81286.81,81393.56,2312
06-05-2026 03:30,81393.56,81592.80,81302.56,81417.28,2077
06-05-2026 04:00,81422.28,81424.76,80798.02,81093.93,3367
06-05-2026 04:30,81093.93,81199.75,80858.97,80865.80,2657
06-05-2026 05:00,80865.80,80960.39,80769.93,80889.82,2749
06-05-2026 05:30,80885.29,81242.42,80868.27,80889.84,3556
06-05-2026 06:00,80889.84,81044.18,80708.52,81004.04,3240
06-05-2026 06:30,81004.04,81320.61,80960.44,81212.75,3635
06-05-2026 07:00,81212.75,81493.98,81209.24,81414.34,3457
06-05-2026 07:30,81415.27,81423.94,81107.34,81116.63,3157
06-05-2026 08:00,81116.63,81371.00,81022.81,81343.18,2977
06-05-2026 08:30,81343.18,81734.10,81333.22,81596.19,3284
06-05-2026 09:00,81596.19,81680.31,81464.37,81559.56,2914
06-05-2026 09:30,81559.56,81625.96,81405.33,81410.72,2824
06-05-2026 10:00,81410.72,81469.04,81247.25,81309.02,3310
06-05-2026 10:30,81309.02,81321.76,81200.95,81233.89,2692
06-05-2026 11:00,81233.89,81305.83,81033.36,81298.50,2930
06-05-2026 11:30,81298.50,81374.01,81184.32,81345.77,2633
06-05-2026 12:00,81345.77,81499.08,81317.85,81454.61,2585
06-05-2026 12:30,81454.61,81589.41,81436.81,81522.52,2951
06-05-2026 13:00,81523.49,81526.17,81283.37,81345.34,2456
06-05-2026 13:30,81345.34,81600.39,81301.66,81546.25,2806
06-05-2026 14:00,81546.25,81966.00,81546.25,81932.47,3828
06-05-2026 14:30,81933.76,81947.86,81658.64,81744.57,3442
06-05-2026 15:00,81744.57,82037.67,81733.68,81975.63,3973
06-05-2026 15:30,81975.63,82210.79,81946.12,82171.77,3635
06-05-2026 16:00,82171.77,82368.08,82130.84,82268.38,4197
06-05-2026 16:30,82268.25,82796.04,82246.88,82658.71,3926
06-05-2026 17:00,82658.47,82750.92,82453.84,82500.06,2997
06-05-2026 17:30,82500.06,82523.21,82166.94,82368.94,4117
06-05-2026 18:00,82369.47,82416.69,82160.25,82206.93,3339
06-05-2026 18:30,82206.93,82206.93,81816.65,81922.65,4315
06-05-2026 19:00,81922.65,82033.24,81576.17,81649.41,5453
06-05-2026 19:30,81646.53,81739.81,81110.53,81590.01,5546
06-05-2026 20:00,81590.01,81952.42,81465.61,81503.08,5036
06-05-2026 20:30,81503.08,81795.38,81287.35,81632.04,4377
06-05-2026 21:00,81632.03,81750.49,81452.52,81677.40,4295
06-05-2026 21:30,81677.78,81863.89,81484.86,81484.86,3647
06-05-2026 22:00,81483.98,81770.81,81403.42,81607.62,4254
06-05-2026 22:30,81607.32,81686.15,81388.40,81453.18,3610
06-05-2026 23:00,81453.10,81531.46,81362.35,81432.91,3200
06-05-2026 23:30,81433.31,81539.55,81247.08,81449.59,3066
07-05-2026 00:00,81448.93,81486.15,81257.92,81328.74,3588
07-05-2026 00:30,81328.74,81403.40,81166.89,81303.51,3327
07-05-2026 01:00,81303.51,81490.75,81231.77,81436.90,2796
07-05-2026 01:30,81436.90,81685.16,81436.57,81536.41,2765
07-05-2026 02:00,81536.37,81548.91,81277.77,81408.24,2810
07-05-2026 02:30,81408.24,81490.34,81276.20,81424.23,1934
07-05-2026 03:00,81424.23,81605.52,81407.66,81520.41,1725
07-05-2026 03:30,81520.41,81524.78,81217.31,81232.70,2070
07-05-2026 04:00,81231.71,81386.38,81226.83,81322.93,1732
07-05-2026 04:30,81322.93,81379.72,80980.85,81366.56,2075
07-05-2026 05:00,81366.56,81430.71,81295.56,81418.54,1659
07-05-2026 05:30,81418.54,81467.54,81205.90,81205.90,2396
07-05-2026 06:00,81205.90,81225.02,80960.80,80997.19,2799
07-05-2026 06:30,80997.19,81204.57,80845.21,81192.09,3324
07-05-2026 07:00,81192.41,81264.35,81104.22,81147.31,3027
07-05-2026 07:30,81146.80,81162.13,80868.57,80889.59,3725
07-05-2026 08:00,80889.59,81132.90,80878.42,81100.18,2955
07-05-2026 08:30,81100.18,81100.18,80844.47,80954.66,2731
07-05-2026 09:00,80954.66,80999.28,80808.08,80818.96,2637
07-05-2026 09:30,80818.96,80954.42,80713.77,80911.87,2774
07-05-2026 10:00,80911.76,80966.77,80840.98,80957.96,2598
07-05-2026 10:30,80957.96,81151.00,80943.46,81081.17,2859
07-05-2026 11:00,81081.17,81130.31,80982.72,81068.30,2375
07-05-2026 11:30,81068.30,81070.21,80860.47,81011.14,2568
07-05-2026 12:00,81011.14,81427.59,81005.66,81422.17,2927
07-05-2026 12:30,81422.17,81687.40,81369.17,81544.96,3419
07-05-2026 13:00,81545.43,81687.17,81448.55,81497.12,2843
07-05-2026 13:30,81497.12,81574.40,81305.54,81393.42,3201
07-05-2026 14:00,81393.20,81460.46,81177.79,81203.85,3359
07-05-2026 14:30,81204.07,81204.32,80960.14,81012.32,3006
07-05-2026 15:00,81012.32,81081.58,80827.39,80899.84,2660
07-05-2026 15:30,80899.84,80966.23,80547.29,80592.53,2706
07-05-2026 16:00,80593.50,80885.70,80588.73,80819.73,3164
07-05-2026 16:30,80819.98,81015.28,80801.67,80864.53,3272
07-05-2026 17:00,80865.00,80978.38,80754.64,80841.49,3003
07-05-2026 17:30,80842.41,81079.63,80811.64,81037.05,3921
07-05-2026 18:00,81037.05,81173.59,80975.36,81144.72,3385
07-05-2026 18:30,81144.72,81145.57,80854.98,80935.69,3709
07-05-2026 19:00,80935.59,80948.73,80240.47,80481.66,5559
07-05-2026 19:30,80481.64,80669.75,80338.40,80386.04,4630
07-05-2026 20:00,80386.04,80424.55,80023.44,80143.36,4603
07-05-2026 20:30,80143.36,80256.00,79690.11,79820.61,4841
07-05-2026 21:00,79820.47,80038.73,79769.83,79873.82,4015
07-05-2026 21:30,79875.23,79982.92,79678.53,79956.95,4455
07-05-2026 22:00,79956.83,79988.88,79719.04,79764.79,4137
07-05-2026 22:30,79764.79,79908.74,79490.45,79662.77,4307
07-05-2026 23:00,79662.77,80115.97,79626.79,80073.97,4492
07-05-2026 23:30,80073.97,80197.98,80056.15,80105.85,4251
08-05-2026 00:00,80105.68,80260.11,79974.90,80187.19,4338
08-05-2026 00:30,80187.19,80187.19,79904.90,79943.90,3574
08-05-2026 01:00,79943.90,80198.78,79943.90,80117.23,3842
08-05-2026 01:30,80117.91,80344.21,80072.61,80156.41,2810
08-05-2026 02:00,80156.41,80156.41,79832.57,79860.12,3246
08-05-2026 02:30,79860.12,79900.26,79627.89,79900.26,2072
08-05-2026 03:00,79900.26,79906.91,79700.81,79701.03,1582
08-05-2026 03:30,79701.26,79963.02,79554.03,79872.38,3027
08-05-2026 04:00,79872.38,79925.53,79721.90,79888.39,2596
08-05-2026 04:30,79888.39,79981.88,79841.58,79925.95,1954
08-05-2026 05:00,79925.95,80045.77,79889.41,79988.30,1927
08-05-2026 05:30,79989.46,80110.07,79955.80,79996.62,2070
08-05-2026 06:00,79996.62,80020.83,79716.16,79814.58,1111
08-05-2026 06:30,79814.58,79875.20,79603.12,79721.49,1655
08-05-2026 07:00,79721.49,79801.59,79680.16,79718.70,1830
08-05-2026 07:30,79718.70,79735.71,79328.63,79456.34,2732
08-05-2026 08:00,79456.35,79637.25,79418.31,79457.73,2498
08-05-2026 08:30,79457.73,79583.64,79176.37,79554.01,2726
08-05-2026 09:00,79554.01,79641.00,79529.26,79549.43,1441
08-05-2026 09:30,79549.43,79727.83,79545.43,79697.27,1368
08-05-2026 10:00,79697.27,79699.61,79522.68,79632.82,1544
08-05-2026 10:30,79632.82,79646.41,79571.85,79606.92,1124
08-05-2026 11:00,79606.97,79753.54,79581.58,79581.59,1468
08-05-2026 11:30,79581.47,79627.62,79427.96,79521.25,2522
08-05-2026 12:00,79521.25,79573.62,79386.47,79491.94,2163
08-05-2026 12:30,79491.94,79493.44,79216.08,79317.68,2865
08-05-2026 13:00,79317.68,79703.57,79317.68,79651.09,2462
08-05-2026 13:30,79651.09,79747.49,79634.36,79730.29,3039
08-05-2026 14:00,79730.29,79961.28,79720.94,79860.52,2497
08-05-2026 14:30,79860.52,80018.42,79802.95,79883.01,2232
08-05-2026 15:00,79885.11,79912.07,79762.77,79842.69,2050
08-05-2026 15:30,79842.35,79993.76,79756.47,79868.67,2489
08-05-2026 16:00,79868.67,80222.79,79868.67,80187.50,2880
08-05-2026 16:30,80186.62,80296.11,80168.34,80277.05,3193
08-05-2026 17:00,80277.05,80304.28,80108.47,80208.22,3142
08-05-2026 17:30,80208.11,80297.63,80116.22,80296.73,2765
08-05-2026 18:00,80296.73,80461.62,79952.89,79998.59,4113
08-05-2026 18:30,79999.11,80073.44,79577.07,79585.95,4771
08-05-2026 19:00,79586.30,79795.37,79509.37,79611.41,5504
08-05-2026 19:30,79611.41,80399.18,79608.82,80065.05,5477
08-05-2026 20:00,80043.81,80277.51,79769.44,80118.57,5223
08-05-2026 20:30,80117.04,80172.05,79588.22,79673.74,5164
08-05-2026 21:00,79673.94,80151.14,79581.99,80109.29,5032
08-05-2026 21:30,80110.37,80150.83,79882.22,79912.37,4389
08-05-2026 22:00,79912.37,79918.21,79707.94,79765.56,4288
08-05-2026 22:30,79765.81,80016.07,79703.24,79970.87,4193
08-05-2026 23:00,79972.62,80238.23,79970.19,80033.11,4728
08-05-2026 23:30,80037.25,80278.40,80037.25,80207.53,3971
09-05-2026 00:00,80206.13,80266.51,80054.09,80059.26,3791
09-05-2026 00:30,80059.57,80112.75,79932.94,79998.78,3356
09-05-2026 01:00,79998.78,80149.34,79991.51,80149.19,2694
09-05-2026 01:30,80150.59,80269.46,80116.14,80233.78,2183
09-05-2026 02:00,80233.78,80255.92,80058.21,80112.82,2457
09-05-2026 02:30,80116.15,80223.37,80088.69,80180.13,1995
09-05-2026 03:00,80180.13,80245.29,80143.63,80237.60,1344
09-05-2026 03:30,80237.60,80391.56,80237.60,80329.40,1444
09-05-2026 04:00,80329.40,80346.42,80255.47,80259.00,1380
09-05-2026 04:30,80259.16,80272.90,80133.98,80169.13,1308
09-05-2026 05:00,80169.13,80185.41,80090.99,80173.13,1257
09-05-2026 05:30,80173.13,80192.22,80102.52,80130.12,1248
09-05-2026 06:00,80130.12,80221.95,80130.12,80214.25,1174
09-05-2026 06:30,80214.25,80333.33,80198.20,80253.42,1099
09-05-2026 07:00,80253.42,80419.84,80253.42,80304.94,1418
09-05-2026 07:30,80304.94,80445.82,80303.16,80405.60,1349
09-05-2026 08:00,80405.60,80456.26,80353.06,80396.37,1108
09-05-2026 08:30,80396.76,80514.43,80349.94,80415.75,1371
09-05-2026 09:00,80415.75,80416.81,80288.94,80369.44,1119
09-05-2026 09:30,80369.44,80639.01,80364.83,80452.77,1760
09-05-2026 10:00,80452.77,80457.30,80347.15,80362.22,1280
09-05-2026 10:30,80362.22,80441.70,80327.83,80422.08,914
09-05-2026 11:00,80422.08,80463.90,80353.27,80357.93,1111
09-05-2026 11:30,80357.93,80412.06,80274.98,80291.37,1651
09-05-2026 12:00,80291.37,80336.91,80176.62,80238.43,1668
09-05-2026 12:30,80239.00,80280.58,80115.85,80220.73,1497
09-05-2026 13:00,80220.73,80255.12,80147.68,80200.05,1440
09-05-2026 13:30,80200.05,80391.21,80190.52,80378.39,2316
09-05-2026 14:00,80378.39,80421.89,80361.76,80383.56,2017
09-05-2026 14:30,80383.56,80391.05,80210.85,80232.95,1555
09-05-2026 15:00,80232.95,80255.47,80187.29,80216.65,1348
09-05-2026 15:30,80216.65,80233.90,80142.33,80179.33,1266
09-05-2026 16:00,80178.71,80323.62,80176.62,80242.28,1063
09-05-2026 16:30,80242.28,80348.73,80225.70,80322.28,1056
09-05-2026 17:00,80322.28,80349.88,80309.09,80309.09,594
09-05-2026 17:30,80309.09,80391.48,80244.52,80391.48,1168
09-05-2026 18:00,80390.90,80391.74,80308.80,80382.13,1179
09-05-2026 18:30,80380.97,80402.69,80323.62,80323.62,1330
09-05-2026 19:00,80323.62,80374.75,80294.34,80372.11,1191
09-05-2026 19:30,80372.11,80401.01,80236.46,80303.26,1710
09-05-2026 20:00,80303.26,80356.44,80228.05,80308.03,1817
09-05-2026 20:30,80308.03,80391.84,80205.78,80388.09,1768
09-05-2026 21:00,80388.09,80574.07,80387.83,80506.53,2120
09-05-2026 21:30,80506.53,80745.82,80465.75,80633.06,2379
09-05-2026 22:00,80633.06,80633.06,80572.48,80591.17,1842
09-05-2026 22:30,80591.24,80806.02,80591.24,80800.33,2401
09-05-2026 23:00,80800.33,80892.10,80706.65,80782.87,1875
09-05-2026 23:30,80782.47,81018.12,80756.09,81006.57,2162
10-05-2026 00:00,81006.57,81045.85,80834.59,80881.01,2208
10-05-2026 00:30,80881.01,80904.21,80752.02,80803.83,1729
10-05-2026 01:00,80803.83,80933.57,80768.32,80918.08,1599
10-05-2026 01:30,80919.30,80921.28,80744.49,80767.59,1110
10-05-2026 02:00,80767.59,80793.28,80716.78,80781.26,1077
10-05-2026 02:30,80781.26,80871.65,80751.57,80792.45,1101
10-05-2026 03:00,80792.45,80792.48,80715.37,80751.18,1197
10-05-2026 03:30,80751.18,80773.83,80700.69,80730.69,1089
10-05-2026 04:00,80729.21,80798.49,80644.40,80740.85,1223
10-05-2026 04:30,80740.85,80816.34,80628.94,80636.91,1259
10-05-2026 05:00,80636.91,80677.90,80593.13,80641.78,1308
10-05-2026 05:30,80641.78,80736.87,80594.02,80678.69,1760
10-05-2026 06:00,80678.69,80743.79,80603.80,80646.97,1618
10-05-2026 06:30,80647.59,80647.86,80542.24,80569.61,1944
10-05-2026 07:00,80569.61,80661.18,80541.13,80648.31,1648
10-05-2026 07:30,80648.56,80728.18,80574.43,80701.85,1595
10-05-2026 08:00,80701.85,80764.52,80672.54,80752.74,1569
10-05-2026 08:30,80755.14,80795.60,80701.60,80719.02,1439
10-05-2026 09:00,80719.02,80855.78,80677.03,80741.62,1550
10-05-2026 09:30,80741.62,80779.87,80722.44,80769.21,1415
10-05-2026 10:00,80769.21,80817.76,80699.58,80731.19,1203
10-05-2026 10:30,80731.19,80789.00,80692.85,80735.69,1046
10-05-2026 11:00,80734.84,80771.97,80651.99,80663.89,1190
10-05-2026 11:30,80663.89,80713.02,80621.83,80622.67,854
10-05-2026 12:00,80622.67,80732.61,80622.67,80709.23,1230
10-05-2026 12:30,80709.23,80779.85,80694.48,80757.85,1273
10-05-2026 13:00,80757.85,80769.84,80704.86,80711.56,1098
10-05-2026 13:30,80711.56,80869.52,80688.27,80839.23,1655
10-05-2026 14:00,80839.23,80880.15,80771.95,80805.20,1551
10-05-2026 14:30,80805.20,80885.97,80782.38,80787.24,1595
10-05-2026 15:00,80786.95,80802.08,80719.99,80780.83,1267
10-05-2026 15:30,80780.83,80815.42,80659.90,80785.57,1915
10-05-2026 16:00,80785.57,80858.92,80736.57,80839.38,1548
10-05-2026 16:30,80839.38,80941.71,80716.90,80768.53,1169
10-05-2026 17:00,80768.53,80817.15,80754.19,80799.38,1105
10-05-2026 17:30,80799.38,80901.90,80753.83,80897.54,1904
10-05-2026 18:00,80897.50,80929.73,80848.12,80911.04,1920
10-05-2026 18:30,80906.17,80981.06,80837.59,80954.64,2324
10-05-2026 19:00,80955.76,80970.41,80902.65,80939.98,1905
10-05-2026 19:30,80938.30,80958.74,80862.11,80886.89,2038
10-05-2026 20:00,80885.98,80977.49,80786.09,80962.40,2589
10-05-2026 20:30,80962.40,81073.87,80907.28,80941.03,2500
10-05-2026 21:00,80941.03,81416.02,80930.13,81385.65,3570
10-05-2026 21:30,81385.65,81469.13,81226.44,81240.64,2976
10-05-2026 22:00,81241.13,81345.18,81165.99,81341.91,2856
10-05-2026 22:30,81341.91,81405.51,81191.86,81357.37,3006
10-05-2026 23:00,81357.37,81551.94,81264.34,81454.62,2959
10-05-2026 23:30,81454.62,81469.28,81306.64,81333.31,2509
11-05-2026 00:00,81333.31,81386.48,81205.28,81247.89,2178
11-05-2026 00:30,81247.74,81457.28,81121.10,81457.28,2427
11-05-2026 01:00,81457.28,81457.28,81303.03,81408.48,2101
11-05-2026 01:30,81408.48,81433.89,81027.00,81117.93,3100
11-05-2026 02:00,81117.93,81117.93,80278.56,80706.40,4540
11-05-2026 02:30,80706.40,80921.76,80555.58,80813.44,2651
11-05-2026 03:00,80813.44,80912.06,80688.43,80691.40,2123
11-05-2026 03:30,80691.40,81686.46,80645.86,81473.54,3901
11-05-2026 04:00,81473.42,82141.62,81437.82,82027.04,3880
11-05-2026 04:30,82027.04,82441.76,82026.81,82200.33,3564
11-05-2026 05:00,82200.34,82382.46,82048.53,82183.55,3296
11-05-2026 05:30,82183.55,82346.62,81389.69,81647.97,3866
11-05-2026 06:00,81647.97,81804.20,81246.94,81437.53,3288
11-05-2026 06:30,81437.53,81711.40,81257.48,81596.47,3405
11-05-2026 07:00,81596.47,81653.36,81356.07,81474.00,3425
11-05-2026 07:30,81476.26,81532.11,81108.65,81209.85,2947
11-05-2026 08:00,81209.85,81247.79,81083.10,81143.18,2659
11-05-2026 08:30,81145.21,81156.90,80528.55,80570.63,3496
11-05-2026 09:00,80570.63,80734.57,80492.24,80701.80,2920
11-05-2026 09:30,80701.05,80748.84,80603.72,80716.85,2197
11-05-2026 10:00,80716.85,80847.72,80678.96,80784.93,2183
11-05-2026 10:30,80783.38,80928.80,80767.86,80926.49,1636
11-05-2026 11:00,80926.49,80943.56,80724.07,80795.96,2075
11-05-2026 11:30,80800.18,81010.07,80755.18,80952.14,2415
11-05-2026 12:00,80951.97,80980.45,80727.35,80798.33,2121
11-05-2026 12:30,80798.33,80807.95,80667.71,80701.61,1934
11-05-2026 13:00,80701.61,80765.84,80646.06,80706.05,2011
11-05-2026 13:30,80706.65,80762.09,80606.77,80613.58,2150
11-05-2026 14:00,80611.87,80829.31,80584.02,80727.12,2214
11-05-2026 14:30,80727.29,80921.70,80718.72,80881.63,1702
11-05-2026 15:00,80881.64,80971.40,80817.48,80930.97,1606
11-05-2026 15:30,80930.97,81170.06,80924.80,81144.71,2094
11-05-2026 16:00,81144.71,81171.80,80907.63,80909.01,2177
11-05-2026 16:30,80909.01,81121.50,80872.62,81075.93,1673
11-05-2026 17:00,81075.93,81168.53,81069.62,81168.53,1580
11-05-2026 17:30,81168.53,81306.80,81033.64,81268.59,2125
11-05-2026 18:00,81271.62,81321.51,80989.34,81016.62,2483
11-05-2026 18:30,81016.62,81297.79,81012.06,81103.92,2057
11-05-2026 19:00,81103.92,81188.31,80715.92,81019.29,4144
11-05-2026 19:30,81019.36,81206.50,80697.82,80701.10,3445
11-05-2026 20:00,80701.13,80925.41,80414.46,80893.24,4083
11-05-2026 20:30,80892.70,81375.57,80775.66,81299.28,3704
11-05-2026 21:00,81299.28,81414.26,81163.56,81406.56,3317
11-05-2026 21:30,81406.56,81838.86,81298.36,81740.61,3270
11-05-2026 22:00,81740.61,81878.37,81515.61,81536.01,3204
11-05-2026 22:30,81536.01,81629.87,81325.53,81598.27,2994
11-05-2026 23:00,81598.27,82034.29,81551.08,81910.76,2568
11-05-2026 23:30,81910.76,82078.59,81812.09,82010.09,2392
12-05-2026 00:00,82010.09,82114.42,81810.28,81830.03,2675
12-05-2026 00:30,81830.03,82047.68,81704.50,81869.37,2778
12-05-2026 01:00,81869.37,82069.89,81814.68,81938.02,2565
12-05-2026 01:30,81938.51,82058.53,81827.45,81882.46,2887
12-05-2026 02:00,81882.46,81904.26,81727.49,81795.84,2408
12-05-2026 02:30,81795.84,81856.10,81605.42,81605.42,1128
12-05-2026 03:00,81605.42,81871.20,81565.39,81796.09,1517
12-05-2026 03:30,81796.09,81933.96,81703.71,81708.83,2607
12-05-2026 04:00,81708.83,81891.41,81701.71,81797.51,1961
12-05-2026 04:30,81797.51,81799.54,81582.66,81587.60,2051
12-05-2026 05:00,81588.97,81789.49,81586.55,81710.53,2144
12-05-2026 05:30,81710.53,81759.91,81482.51,81529.35,2853
12-05-2026 06:00,81529.35,81618.76,81446.72,81512.89,2499
12-05-2026 06:30,81512.89,81587.41,81223.73,81335.26,3788
12-05-2026 07:00,81335.15,81335.15,80677.61,81157.50,5146
12-05-2026 07:30,81157.50,81300.26,81049.23,81230.73,3912
12-05-2026 08:00,81230.30,81251.24,81065.80,81218.81,3243
12-05-2026 08:30,81218.81,81257.58,81107.33,81132.81,2665
12-05-2026 09:00,81132.81,81185.75,80985.74,81020.75,2696
12-05-2026 09:30,81020.75,81189.05,80955.46,81168.09,3180
12-05-2026 10:00,81168.09,81266.18,81157.50,81187.27,2664
12-05-2026 10:30,81187.27,81250.48,81152.48,81247.04,2289
12-05-2026 11:00,81247.04,81272.63,81147.56,81187.04,2462
12-05-2026 11:30,81187.04,81269.24,81140.54,81177.14,2410
12-05-2026 12:00,81177.14,81191.61,80967.27,80981.91,2204
12-05-2026 12:30,80981.91,81096.04,80834.27,80981.26,3402
12-05-2026 13:00,80982.59,81051.63,80770.92,80813.09,3237
12-05-2026 13:30,80813.14,80896.41,80716.85,80832.19,3417
12-05-2026 14:00,80832.19,80925.44,80794.29,80797.46,1938
12-05-2026 14:30,80795.82,80854.11,80672.95,80695.03,2453
12-05-2026 15:00,80696.02,80918.30,80696.02,80785.48,2878
12-05-2026 15:30,80785.48,80802.79,80640.29,80679.51,2224
12-05-2026 16:00,80679.51,80711.34,80578.25,80628.50,2873
12-05-2026 16:30,80628.50,80654.28,80456.90,80598.48,3389
12-05-2026 17:00,80598.48,80748.49,80598.48,80741.88,3051
12-05-2026 17:30,80739.22,80815.22,80658.04,80776.03,3353
12-05-2026 18:00,80776.03,80968.09,80579.41,80844.25,4380
12-05-2026 18:30,80844.25,80894.51,80587.04,80617.81,3225
12-05-2026 19:00,80617.81,80840.64,80351.42,80421.36,5417
12-05-2026 19:30,80421.52,80815.82,80346.22,80616.06,4658
12-05-2026 20:00,80609.09,80859.29,80371.93,80502.27,5152
12-05-2026 20:30,80502.29,80630.18,80135.64,80180.31,5010
12-05-2026 21:00,80179.12,80436.35,80178.44,80286.31,4542
12-05-2026 21:30,80286.31,80387.99,80156.19,80245.37,4125
12-05-2026 22:00,80245.37,80303.30,79798.14,79953.43,4408
12-05-2026 22:30,79953.63,80401.50,79907.82,80380.69,3764
12-05-2026 23:00,80380.69,80543.49,80376.09,80477.71,3752
12-05-2026 23:30,80477.71,80530.09,80399.34,80455.37,2951
13-05-2026 00:00,80455.96,80715.07,80446.52,80636.33,3211
13-05-2026 00:30,80636.45,80805.77,80634.12,80674.41,3176
13-05-2026 01:00,80674.46,80841.51,80674.13,80797.01,3155
13-05-2026 01:30,80799.48,80853.61,80705.00,80780.54,2161
13-05-2026 02:00,80780.54,80780.85,80601.13,80656.86,2104
13-05-2026 02:30,80656.86,80702.58,80593.61,80616.87,1589
13-05-2026 03:00,80616.87,80616.87,80464.24,80553.48,1446
13-05-2026 03:30,80553.48,80760.70,80553.48,80625.73,1861
13-05-2026 04:00,80625.73,80693.20,80584.28,80624.67,1245
13-05-2026 04:30,80624.67,80685.77,80541.22,80623.27,1495
13-05-2026 05:00,80623.27,80633.50,80401.97,80471.50,1643
13-05-2026 05:30,80468.27,80717.90,80376.43,80615.75,3088
13-05-2026 06:00,80615.75,80740.23,80574.72,80681.89,3099
13-05-2026 06:30,80681.89,81081.36,80640.82,81026.79,3860
13-05-2026 07:00,81026.79,81160.59,80949.55,80968.20,3877
13-05-2026 07:30,80967.93,81233.31,80900.08,81089.97,3526
13-05-2026 08:00,81089.97,81113.10,80978.54,81021.91,2966
13-05-2026 08:30,81020.23,81066.24,80951.47,81058.56,2826
13-05-2026 09:00,81058.38,81262.19,81035.92,81219.23,2923
13-05-2026 09:30,81219.23,81228.28,81092.13,81173.95,2724
13-05-2026 10:00,81173.95,81249.06,81141.61,81199.88,2671
13-05-2026 10:30,81199.88,81210.63,81062.60,81089.05,2605
13-05-2026 11:00,81089.05,81105.63,80958.34,80983.24,2625
13-05-2026 11:30,80983.24,81120.97,80954.71,81063.21,2555
13-05-2026 12:00,81063.21,81081.41,80931.48,80940.26,2229
13-05-2026 12:30,80940.26,81011.96,80856.29,80873.06,2704
13-05-2026 13:00,80873.06,80994.63,80844.90,80979.72,2542
13-05-2026 13:30,80979.72,81072.61,80923.99,80993.17,2653
13-05-2026 14:00,80993.17,81158.06,80897.89,81147.59,3292
13-05-2026 14:30,81147.59,81269.66,81088.55,81119.35,2964
13-05-2026 15:00,81119.35,81251.83,81118.90,81242.92,2485
13-05-2026 15:30,81242.92,81251.15,80925.55,80925.55,2759
13-05-2026 16:00,80925.70,80989.35,80765.58,80765.58,3231
13-05-2026 16:30,80765.58,80799.88,80504.07,80530.54,2499
13-05-2026 17:00,80530.54,80657.51,80457.85,80457.85,1864
13-05-2026 17:30,80457.85,80553.56,80137.59,80312.31,3045
13-05-2026 18:00,80312.31,80318.40,79814.02,80157.41,4736
13-05-2026 18:30,80157.41,80305.14,80109.23,80115.86,3172
13-05-2026 19:00,80115.86,80174.92,79539.04,79606.79,5023
13-05-2026 19:30,79606.79,79853.69,79444.88,79807.48,4299
13-05-2026 20:00,79807.70,79813.51,79605.83,79711.99,3514
13-05-2026 20:30,79712.25,79810.12,79202.17,79230.24,4289
13-05-2026 21:00,79230.24,79296.88,78755.40,78773.89,4402
13-05-2026 21:30,78772.49,79012.32,78699.16,78997.22,4429
13-05-2026 22:00,78997.22,79176.82,78977.16,79055.29,3390
13-05-2026 22:30,79055.29,79327.43,79053.10,79290.29,3658
13-05-2026 23:00,79290.29,79514.19,79281.74,79470.64,3215
13-05-2026 23:30,79470.64,79758.21,79469.07,79719.02,3950
14-05-2026 00:00,79719.13,79767.61,79515.34,79557.73,3683
14-05-2026 00:30,79557.74,79581.43,79352.79,79451.41,3595
14-05-2026 01:00,79451.65,79603.17,79405.75,79601.29,3213
14-05-2026 01:30,79601.30,79710.82,79571.06,79571.06,2925
14-05-2026 02:00,79571.06,79719.39,79570.93,79661.79,2544
14-05-2026 02:30,79661.79,79666.43,79299.85,79375.42,2599
14-05-2026 03:00,79375.42,79480.85,79329.54,79352.47,2326
14-05-2026 03:30,79352.47,79399.08,79175.16,79274.53,2839
14-05-2026 04:00,79274.24,79426.78,79184.70,79381.93,2452
14-05-2026 04:30,79381.72,79444.49,79237.24,79300.23,2340
14-05-2026 05:00,79300.23,79331.98,79183.56,79272.40,1965
14-05-2026 05:30,79272.40,79539.19,79264.49,79417.28,2295
14-05-2026 06:00,79417.28,79640.16,79417.28,79528.65,2485
14-05-2026 06:30,79528.65,79646.68,79460.48,79504.40,2380
14-05-2026 07:00,79504.49,79623.89,79366.82,79555.48,2307
14-05-2026 07:30,79555.48,79635.26,79511.73,79617.87,2394
14-05-2026 08:00,79617.87,79617.87,79176.20,79320.47,3163
14-05-2026 08:30,79320.47,79412.87,78975.30,79271.03,4151
14-05-2026 09:00,79271.15,79354.32,78884.33,78995.08,3929
14-05-2026 09:30,78995.08,79320.95,78928.87,79274.30,3267
14-05-2026 10:00,79274.30,79425.32,79258.57,79410.76,2881
14-05-2026 10:30,79411.01,79563.06,79324.46,79551.03,3181
14-05-2026 11:00,79551.07,79948.29,79547.23,79764.50,3885
14-05-2026 11:30,79764.50,79897.11,79762.72,79776.23,3205
14-05-2026 12:00,79776.47,79846.56,79717.80,79768.03,2583
14-05-2026 12:30,79768.03,79829.40,79654.32,79747.49,3121
14-05-2026 13:00,79747.49,79889.40,79686.98,79695.69,3162
14-05-2026 13:30,79694.36,79827.84,79584.07,79730.38,3754
14-05-2026 14:00,79731.27,79892.37,79728.51,79769.79,2990
14-05-2026 14:30,79769.79,79859.06,79674.74,79688.09,2668
14-05-2026 15:00,79688.09,79696.00,79522.28,79583.77,3197
14-05-2026 15:30,79583.77,79711.26,79516.27,79639.34,2880
14-05-2026 16:00,79639.36,79644.76,79359.02,79519.37,2629
14-05-2026 16:30,79519.37,79562.71,79229.05,79308.20,2560
14-05-2026 17:00,79308.20,79349.44,79178.21,79204.30,2782
14-05-2026 17:30,79204.30,79412.86,79183.40,79374.54,3017
14-05-2026 18:00,79374.54,79739.40,79350.69,79726.24,3638
14-05-2026 18:30,79723.86,80009.35,79676.53,79897.52,4541
14-05-2026 19:00,79897.52,80006.68,79641.20,79666.64,5089
14-05-2026 19:30,79659.40,80208.90,79518.15,80106.09,5274
14-05-2026 20:00,80106.09,80966.99,80047.54,80936.79,5373
14-05-2026 20:30,80936.79,81114.19,80786.33,80969.32,5180
14-05-2026 21:00,80969.28,81316.62,80790.45,81284.51,4087
14-05-2026 21:30,81284.51,81593.61,81283.89,81552.07,4498
14-05-2026 22:00,81548.13,81874.41,81069.31,81861.37,4396
14-05-2026 22:30,81860.98,82032.81,81265.22,81460.51,5358
14-05-2026 23:00,81460.51,81789.81,81425.44,81660.73,4336
14-05-2026 23:30,81660.73,81957.25,81465.70,81862.19,4002
15-05-2026 00:00,81862.19,81876.82,81427.32,81568.01,3679
15-05-2026 00:30,81568.01,81712.80,81323.92,81334.43,3770
15-05-2026 01:00,81335.20,81477.59,81319.85,81415.83,3618
15-05-2026 01:30,81415.83,81600.52,81215.61,81260.47,3154
15-05-2026 02:00,81261.70,81444.68,81142.01,81391.99,2481
15-05-2026 02:30,81391.99,81455.21,81244.84,81403.39,1962
15-05-2026 03:00,81403.39,81509.71,81341.32,81360.42,1800
15-05-2026 03:30,81360.42,81494.15,81307.72,81418.81,2077
15-05-2026 04:00,81418.81,81531.59,81390.46,81433.45,1570
15-05-2026 04:30,81433.45,81433.45,81159.51,81340.48,1680
15-05-2026 05:00,81340.48,81340.48,81019.31,81062.79,2109
15-05-2026 05:30,81062.79,81468.12,81032.04,81424.44,2701
15-05-2026 06:00,81424.44,81633.64,81239.78,81487.50,2992
15-05-2026 06:30,81487.50,81594.28,81358.52,81358.56,3299
15-05-2026 07:00,81358.56,81446.67,81076.52,81105.93,3465
15-05-2026 07:30,81105.93,81169.01,80837.56,80878.72,3664
15-05-2026 08:00,80878.72,81326.34,80719.14,81264.44,3715
15-05-2026 08:30,81264.44,81318.31,81105.05,81232.65,2765
15-05-2026 09:00,81224.95,81225.05,80901.40,81038.89,2788
15-05-2026 09:30,81038.89,81069.33,80870.85,80883.76,3585
15-05-2026 10:00,80883.61,81013.30,80676.87,80695.28,3568
15-05-2026 10:30,80695.10,80857.30,80632.57,80769.79,4292
15-05-2026 11:00,80769.79,80789.31,80283.92,80330.35,4800
15-05-2026 11:30,80330.35,80497.04,80286.34,80497.04,4317
15-05-2026 12:00,80497.85,80611.96,80480.99,80560.04,3585
15-05-2026 12:30,80559.97,80979.80,80532.61,80886.33,3848
15-05-2026 13:00,80886.33,80887.33,80718.66,80798.97,3451
15-05-2026 13:30,80798.97,80808.44,80497.81,80515.97,4236
15-05-2026 14:00,80515.97,80697.65,80395.15,80621.82,4077
15-05-2026 14:30,80621.82,80660.33,80438.63,80556.48,3796
15-05-2026 15:00,80555.56,80625.58,80349.25,80468.15,4015
15-05-2026 15:30,80468.15,80581.72,80387.10,80493.19,3634
15-05-2026 16:00,80493.19,80751.96,80422.39,80693.58,3916
15-05-2026 16:30,80693.82,80737.06,80567.10,80609.88,2870
15-05-2026 17:00,80609.91,80694.87,80569.30,80599.59,2866
15-05-2026 17:30,80599.59,80622.14,80355.50,80516.94,3520
15-05-2026 18:00,80516.94,80537.86,80316.11,80363.80,2908
15-05-2026 18:30,80363.81,80363.81,79974.84,79975.70,4394
15-05-2026 19:00,79975.70,79980.10,78638.25,78701.35,5776
15-05-2026 19:30,78703.48,79276.00,78597.20,79015.12,6068
15-05-2026 20:00,79015.17,79260.93,78903.14,79104.01,5550
15-05-2026 20:30,79104.05,79331.05,79029.70,79091.45,5229
15-05-2026 21:00,79091.45,79199.13,78970.04,79100.47,4675
15-05-2026 21:30,79100.47,79270.39,79082.08,79266.29,4063
15-05-2026 22:00,79267.41,79334.23,79091.88,79249.83,3589
15-05-2026 22:30,79249.58,79406.22,79175.87,79323.81,4186
15-05-2026 23:00,79323.81,79454.81,79317.92,79411.49,3268
15-05-2026 23:30,79411.44,79517.65,79161.52,79227.36,4125
16-05-2026 00:00,79227.36,79283.99,79116.07,79227.43,3304
16-05-2026 00:30,79227.43,79235.01,78998.18,79071.12,3295
16-05-2026 01:00,79071.12,79135.15,79031.25,79096.17,3736
16-05-2026 01:30,79096.17,79165.65,79017.87,79116.23,3297
16-05-2026 02:00,79116.47,79142.84,78941.99,79069.74,3338
16-05-2026 02:30,79069.74,79149.26,79047.45,79073.05,2684
16-05-2026 03:00,79073.05,79091.92,78858.42,78918.01,2339
16-05-2026 03:30,78916.61,79037.19,78916.61,79035.01,2266
16-05-2026 04:00,79035.01,79095.13,78995.23,79045.58,1650
16-05-2026 04:30,79045.52,79099.02,79015.56,79056.13,1798
16-05-2026 05:00,79058.63,79076.68,79014.74,79048.18,1466
16-05-2026 05:30,79048.18,79148.25,79012.56,79114.98,1638
16-05-2026 06:00,79114.98,79166.26,79011.85,79052.92,1514
16-05-2026 06:30,79052.92,79092.69,78962.80,78973.13,1265
16-05-2026 07:00,78973.13,79122.17,78946.72,79100.72,1378
16-05-2026 07:30,79100.72,79146.81,79039.85,79089.83,1116
16-05-2026 08:00,79089.83,79097.67,79005.63,79078.88,1198
16-05-2026 08:30,79078.88,79130.57,79066.18,79114.71,956
16-05-2026 09:00,79114.71,79114.71,78997.74,79022.99,830
16-05-2026 09:30,79022.99,79068.59,78980.85,78991.44,1140
16-05-2026 10:00,78991.44,78994.05,78805.30,78981.15,1744
16-05-2026 10:30,78981.15,78983.90,78878.40,78967.82,1085
16-05-2026 11:00,78968.41,78986.85,78891.34,78982.47,1468
16-05-2026 11:30,78982.47,79001.90,78740.67,78766.67,1812
16-05-2026 12:00,78766.67,78849.83,78414.68,78585.46,2540
16-05-2026 12:30,78585.52,78601.49,78026.60,78410.68,4333
16-05-2026 13:00,78410.68,78517.37,78287.04,78322.73,3009
16-05-2026 13:30,78318.84,78416.90,78284.65,78348.32,1864
16-05-2026 14:00,78348.32,78470.33,78320.82,78364.57,2014
16-05-2026 14:30,78364.57,78387.42,77862.44,78006.43,3460
16-05-2026 15:00,78006.03,78149.22,77960.74,78033.15,3172
16-05-2026 15:30,78033.15,78052.25,77599.04,77720.87,4083
16-05-2026 16:00,77720.87,77938.76,77705.00,77918.91,3333
16-05-2026 16:30,77918.46,78115.61,77915.99,78091.75,3069
16-05-2026 17:00,78091.75,78145.30,78029.53,78031.90,2377
16-05-2026 17:30,78031.90,78084.76,77871.21,77947.54,2461
16-05-2026 18:00,77947.73,78071.01,77947.73,77959.67,2009
16-05-2026 18:30,77959.67,77969.14,77821.49,77916.00,2141
16-05-2026 19:00,77916.00,77966.17,77786.00,77966.17,2636
16-05-2026 19:30,77966.17,78005.78,77845.04,77951.01,2668
16-05-2026 20:00,77951.01,78286.55,77951.01,78080.27,2775
16-05-2026 20:30,78080.27,78177.44,78023.78,78077.65,2456
16-05-2026 21:00,78080.24,78238.33,78080.24,78186.53,2090
16-05-2026 21:30,78186.36,78317.70,78134.80,78238.91,2866
16-05-2026 22:00,78238.91,78274.26,78077.02,78160.31,2726
16-05-2026 22:30,78160.31,78275.78,78151.90,78245.11,2469
16-05-2026 23:00,78245.12,78277.36,78152.47,78153.19,2474
16-05-2026 23:30,78153.19,78201.99,78098.96,78160.76,2876
17-05-2026 00:00,78160.75,78285.61,78142.23,78182.83,2590
17-05-2026 00:30,78182.83,78253.90,78158.55,78234.36,2181
17-05-2026 01:00,78234.36,78262.04,78180.20,78218.76,2700
17-05-2026 01:30,78218.76,78276.15,78212.84,78230.41,2503
17-05-2026 02:00,78230.41,78235.05,78152.95,78194.19,2562
17-05-2026 02:30,78194.19,78264.12,78183.41,78227.15,1836
17-05-2026 03:00,78227.27,78251.45,78158.31,78217.03,1698
17-05-2026 03:30,78217.03,78233.05,78121.83,78215.56,2191
17-05-2026 04:00,78215.56,78229.12,78134.87,78137.69,1139
17-05-2026 04:30,78137.69,78221.54,78109.34,78176.22,1316
17-05-2026 05:00,78176.22,78205.28,78076.14,78097.12,1281
17-05-2026 05:30,78097.12,78194.13,78088.91,78145.19,1858
17-05-2026 06:00,78145.19,78186.34,77763.76,77897.63,1761
17-05-2026 06:30,77899.86,78070.72,77783.95,77942.48,2848
17-05-2026 07:00,77942.48,77962.47,77681.71,77686.78,3165
17-05-2026 07:30,77686.67,77884.60,77678.25,77851.78,2359
17-05-2026 08:00,77851.78,77893.38,77803.51,77850.82,1814
17-05-2026 08:30,77850.82,77968.41,77840.75,77957.42,2126
17-05-2026 09:00,77957.42,78037.80,77933.87,77976.60,1959
17-05-2026 09:30,77976.60,78099.35,77949.50,78046.62,1871
17-05-2026 10:00,78046.62,78155.71,78006.22,78109.01,2127
17-05-2026 10:30,78109.01,78268.48,78095.20,78132.25,2050
17-05-2026 11:00,78132.27,78165.74,78059.59,78082.50,1572
17-05-2026 11:30,78082.50,78167.04,77967.46,78036.47,2170
17-05-2026 12:00,78036.47,78082.43,77997.06,78062.34,1604
17-05-2026 12:30,78062.34,78101.91,78009.76,78073.93,1933
17-05-2026 13:00,78073.93,78163.77,78059.10,78135.06,1851
17-05-2026 13:30,78135.03,78153.47,78014.02,78025.73,1769
17-05-2026 14:00,78025.73,78066.75,77983.24,78043.54,1760
17-05-2026 14:30,78043.54,78107.08,78025.07,78093.88,1731
17-05-2026 15:00,78097.00,78251.17,78045.59,78203.37,1589
17-05-2026 15:30,78203.37,78549.60,78200.45,78477.23,3064
17-05-2026 16:00,78477.23,78494.28,78375.23,78420.05,2307
17-05-2026 16:30,78420.05,78423.99,78259.49,78297.09,1420
17-05-2026 17:00,78297.09,78420.17,78252.90,78369.53,2010
17-05-2026 17:30,78369.74,78410.90,78299.62,78379.27,1599
17-05-2026 18:00,78379.27,78498.46,78367.95,78433.99,1649
17-05-2026 18:30,78163.32,78244.04,78162.79,78243.39,745
17-05-2026 19:00,78243.51,78300.37,78134.05,78158.71,2331
17-05-2026 19:30,78158.71,78171.28,77804.53,77995.84,3264
17-05-2026 20:00,77993.69,78045.82,77906.57,78003.15,2741
17-05-2026 20:30,78003.15,78079.16,77871.19,77944.60,2510
17-05-2026 21:00,77944.60,78024.46,77927.18,77998.50,2343
17-05-2026 21:30,77998.50,78096.85,77996.73,78093.46,2293
17-05-2026 22:00,78093.40,78135.63,77978.36,77986.69,2366
17-05-2026 22:30,77986.69,78004.11,77804.58,77933.26,2712
17-05-2026 23:00,77933.26,78050.61,77854.24,78040.79,2652
17-05-2026 23:30,78040.79,78203.72,77957.37,78083.09,2725
18-05-2026 00:00,78083.09,78223.39,78066.02,78212.23,2374
18-05-2026 00:30,78212.23,78256.09,78171.81,78171.81,2113
18-05-2026 01:00,78171.81,78416.38,78160.72,78360.89,2280
18-05-2026 01:30,78360.89,78387.42,78194.05,78244.02,2368
18-05-2026 02:00,78244.02,78321.42,78195.54,78213.54,2112
18-05-2026 02:30,78213.54,78388.77,78186.20,78383.17,2108
18-05-2026 03:00,78383.17,78437.41,78312.23,78345.03,1899
18-05-2026 03:30,78345.01,78355.51,77886.62,77935.35,3225
18-05-2026 04:00,77935.63,78063.58,77773.95,77936.94,2891
18-05-2026 04:30,77936.98,77946.03,77633.79,77778.24,3658
18-05-2026 05:00,77778.24,77835.54,76680.11,77394.71,4203
18-05-2026 05:30,77394.71,77417.83,76851.12,77084.22,4202
18-05-2026 06:00,77084.22,77166.80,76896.45,77151.16,4066
18-05-2026 06:30,77151.16,77225.03,76800.76,76832.03,3676
18-05-2026 07:00,76832.03,77103.14,76684.06,77052.62,4085
18-05-2026 07:30,77052.62,77159.79,76901.48,76978.41,2613
18-05-2026 08:00,76978.41,76992.59,76646.18,76773.72,2939
18-05-2026 08:30,76774.37,76955.62,76773.42,76904.20,2386
18-05-2026 09:00,76904.20,76955.23,76752.58,76867.02,3100
18-05-2026 09:30,76865.69,76977.80,76711.78,76751.64,2441
18-05-2026 10:00,76751.64,77006.24,76717.35,76976.19,2719
18-05-2026 10:30,76976.19,77023.13,76865.82,76973.13,2281
18-05-2026 11:00,76973.13,77009.62,76821.93,76866.17,2434
18-05-2026 11:30,76866.30,76911.95,76529.43,76669.59,3017
18-05-2026 12:00,76669.59,76896.28,76601.84,76849.96,2524
18-05-2026 12:30,76852.80,77004.74,76705.91,76970.80,2119
18-05-2026 13:00,76970.80,77015.85,76861.22,77006.44,2097
18-05-2026 13:30,77006.44,77105.85,76892.31,76908.06,1918
18-05-2026 14:00,76908.01,76965.50,76814.65,76958.35,1684
18-05-2026 14:30,76958.35,76979.75,76808.06,76900.36,1344
18-05-2026 15:00,76900.36,76960.91,76838.49,76875.96,1453
18-05-2026 15:30,76875.96,76892.67,76649.81,76753.54,1792
18-05-2026 16:00,76754.31,76836.73,76703.35,76710.36,1527
18-05-2026 16:30,76710.74,76808.93,76599.61,76755.64,1566
18-05-2026 17:00,76755.64,77337.56,76717.34,77224.40,3152
18-05-2026 17:30,77224.40,77490.00,77212.40,77284.01,3204
18-05-2026 18:00,77284.01,77740.82,77238.31,77587.75,3783
18-05-2026 18:30,77587.75,77589.03,77217.04,77221.32,3768
18-05-2026 19:00,77221.32,77222.49,76644.61,76879.04,5809
18-05-2026 19:30,76879.04,76906.73,76378.95,76585.39,5565
18-05-2026 20:00,76585.86,76660.76,76174.65,76331.81,6019
18-05-2026 20:30,76331.81,76371.02,76000.08,76023.97,6018
18-05-2026 21:00,76023.97,76407.24,75983.15,76327.50,5446
18-05-2026 21:30,76333.99,76577.31,76135.77,76202.60,4692
18-05-2026 22:00,76202.99,76463.86,76152.57,76336.63,5051
18-05-2026 22:30,76337.07,76621.68,76298.33,76592.11,4231
18-05-2026 23:00,76592.10,76686.76,76477.51,76628.18,3763
18-05-2026 23:30,76628.64,76632.83,76068.97,76274.98,4355
19-05-2026 00:00,76274.98,76342.86,76137.13,76171.51,3943
19-05-2026 00:30,76171.51,76833.77,76151.62,76557.70,5029
19-05-2026 01:00,76557.70,76922.06,76536.00,76836.79,4592
19-05-2026 01:30,76836.66,77085.23,76805.76,77059.98,3503
19-05-2026 02:00,77059.98,77102.59,76809.38,76832.79,2601
19-05-2026 02:30,76832.33,77013.22,76720.59,76952.46,2098
19-05-2026 03:00,76952.19,77111.83,76898.99,77030.00,2651
19-05-2026 03:30,77030.00,77157.14,76968.66,77075.50,3464
19-05-2026 04:00,77075.50,77101.45,76863.25,77005.52,3809
19-05-2026 04:30,77005.73,77094.76,76948.29,76960.40,3075
19-05-2026 05:00,76960.40,77048.50,76867.35,76928.87,2802
19-05-2026 05:30,76929.08,77333.39,76879.02,77145.85,4148
19-05-2026 06:00,77145.91,77240.14,77046.28,77065.94,3991
19-05-2026 06:30,77065.94,77086.43,76632.18,76689.68,4364
19-05-2026 07:00,76689.67,76856.66,76589.68,76589.68,4056
19-05-2026 07:30,76589.68,76921.69,76406.96,76746.57,4721
19-05-2026 08:00,76746.82,76767.43,76523.61,76535.93,4469
19-05-2026 08:30,76535.28,76791.76,76507.68,76669.95,4134
19-05-2026 09:00,76669.95,76784.76,76669.95,76706.39,3397
19-05-2026 09:30,76706.39,76868.49,76617.84,76657.46,3552
19-05-2026 10:00,76657.46,76864.08,76655.59,76846.00,2936
19-05-2026 10:30,76845.51,76863.16,76563.73,76741.45,3318
19-05-2026 11:00,76741.56,76928.34,76689.85,76829.17,3463
19-05-2026 11:30,76829.17,76968.55,76806.41,76933.48,3288
19-05-2026 12:00,76934.87,77027.19,76863.07,76949.95,3228
19-05-2026 12:30,76949.85,77176.10,76891.88,77059.47,3277
19-05-2026 13:00,77062.74,77201.53,77053.32,77153.68,3041
19-05-2026 13:30,77153.68,77171.74,76889.15,76991.43,3072
19-05-2026 14:00,76991.43,77234.67,76939.67,76967.53,2831
19-05-2026 14:30,76967.53,76991.33,76653.03,76686.87,3123
19-05-2026 15:00,76686.94,76773.56,76620.95,76736.08,3222
19-05-2026 15:30,76736.03,76792.21,76662.60,76750.27,2145
19-05-2026 16:00,76750.27,77014.84,76615.60,76956.13,3405
19-05-2026 16:30,76956.13,76998.15,76764.03,76797.07,2943
19-05-2026 17:00,76797.07,76805.71,76554.81,76627.60,2722
19-05-2026 17:30,76627.60,76765.32,76557.95,76765.12,2813
19-05-2026 18:00,76765.12,76899.06,76756.85,76855.34,2590
19-05-2026 18:30,76855.34,76896.92,76499.91,76506.42,3872
19-05-2026 19:00,76506.60,76973.76,76501.15,76788.24,5651
19-05-2026 19:30,76788.15,76924.29,76213.87,76363.58,5498
19-05-2026 20:00,76363.27,76500.45,76059.84,76304.96,5212
19-05-2026 20:30,76304.99,76596.75,76248.35,76410.57,4259
19-05-2026 21:00,76410.57,76589.46,76334.17,76431.86,4027
19-05-2026 21:30,76431.86,76534.01,76324.42,76531.15,3660
19-05-2026 22:00,76531.15,76841.85,76527.06,76807.58,3898
19-05-2026 22:30,76807.58,76938.72,76780.26,76792.33,3780
19-05-2026 23:00,76792.33,76928.85,76666.57,76766.72,3897
19-05-2026 23:30,76766.72,76869.25,76675.11,76691.46,3851
20-05-2026 00:00,76691.84,76805.11,76649.03,76713.10,3408
20-05-2026 00:30,76712.69,76988.71,76677.27,76724.61,3939
20-05-2026 01:00,76724.65,76830.06,76690.17,76737.18,4422
20-05-2026 01:30,76737.14,76874.86,76737.14,76845.45,3312
20-05-2026 02:00,76845.40,76964.22,76841.47,76940.11,2985
20-05-2026 02:30,76940.11,76963.01,76884.33,76920.35,2650
20-05-2026 03:00,76920.35,76959.60,76897.67,76900.57,1597
20-05-2026 03:30,76899.74,76899.74,76558.67,76587.07,2355
20-05-2026 04:00,76587.07,76714.70,76561.36,76627.85,1636
20-05-2026 04:30,76627.85,76824.18,76585.88,76821.68,1628
20-05-2026 05:00,76821.68,76898.06,76731.57,76752.13,1560
20-05-2026 05:30,76752.13,76811.63,76431.14,76607.29,3206
20-05-2026 06:00,76607.29,76764.40,76533.23,76698.97,3442
20-05-2026 06:30,76700.29,76826.51,76468.00,76489.94,3712
20-05-2026 07:00,76489.94,76829.53,76439.26,76723.58,4010
20-05-2026 07:30,76723.58,76820.49,76660.27,76683.07,2880
20-05-2026 08:00,76683.07,76683.57,76504.92,76597.43,3460
20-05-2026 08:30,76597.42,76730.47,76507.85,76709.93,2994
20-05-2026 09:00,76709.90,76711.93,76618.61,76627.24,2633
20-05-2026 09:30,76627.24,76736.65,76625.62,76669.58,2085
20-05-2026 10:00,76673.81,76718.53,76587.11,76681.30,2041
20-05-2026 10:30,76681.30,77190.74,76681.30,77084.35,3372
20-05-2026 11:00,77084.35,77234.36,77055.97,77105.46,3176
20-05-2026 11:30,77106.30,77275.95,77099.76,77195.71,2922
20-05-2026 12:00,77196.24,77331.69,77154.15,77321.53,2839
20-05-2026 12:30,77321.54,77380.73,77231.37,77305.10,2355
20-05-2026 13:00,77305.10,77312.95,77145.89,77188.12,2407
20-05-2026 13:30,77184.84,77238.58,77108.06,77190.93,2140
20-05-2026 14:00,77190.38,77518.75,77190.38,77356.62,2915
20-05-2026 14:30,77356.62,77407.95,77261.90,77396.06,2298
20-05-2026 15:00,77396.06,77449.29,77348.20,77385.43,2201
20-05-2026 15:30,77385.43,77552.07,77385.43,77528.97,2512
20-05-2026 16:00,77528.97,77572.10,77418.88,77423.38,2103
20-05-2026 16:30,77423.38,77475.92,77369.52,77381.31,1772
20-05-2026 17:00,77381.31,77396.42,77230.60,77289.29,1608
20-05-2026 17:30,77289.29,77437.83,77270.34,77410.19,2404
20-05-2026 18:00,77410.19,77651.26,77404.84,77535.14,2777
20-05-2026 18:30,77535.14,77566.77,77189.45,77213.36,2610
20-05-2026 19:00,77213.36,77265.68,76886.02,77118.51,5108
20-05-2026 19:30,77118.51,77477.03,76802.71,77322.87,5273
20-05-2026 20:00,77322.87,77468.47,77186.06,77363.76,4733
20-05-2026 20:30,77363.76,77759.20,77215.30,77470.81,4681
20-05-2026 21:00,77472.66,77558.70,77285.13,77370.30,4183
20-05-2026 21:30,77370.30,77474.16,76921.17,76995.66,3894
20-05-2026 22:00,76995.86,77272.14,76940.20,77243.63,3631
20-05-2026 22:30,77243.63,77554.61,77140.33,77479.99,3405
20-05-2026 23:00,77479.90,77629.45,77429.41,77478.28,3312
20-05-2026 23:30,77478.28,77547.88,77347.51,77420.47,3824
21-05-2026 00:00,77420.47,77470.16,77302.01,77326.84,3304
21-05-2026 00:30,77326.84,77477.30,77259.73,77474.43,2901
21-05-2026 01:00,77474.43,77626.49,77443.08,77585.36,2911
21-05-2026 01:30,77585.14,77668.77,77387.33,77598.02,3022
21-05-2026 02:00,77598.02,77675.98,77503.35,77635.11,2542
21-05-2026 02:30,77635.11,77683.14,77515.91,77523.80,1294
21-05-2026 03:00,77523.80,77571.05,77408.66,77412.31,1199
21-05-2026 03:30,77412.31,77412.31,77137.62,77343.66,2982
21-05-2026 04:00,77344.52,77414.33,77285.67,77410.86,2115
21-05-2026 04:30,77410.16,77416.33,77291.94,77310.59,2308
21-05-2026 05:00,77310.59,77469.59,77298.72,77464.10,2010
21-05-2026 05:30,77464.10,77646.18,77432.13,77645.36,2905
21-05-2026 06:00,77645.36,77974.73,77612.87,77878.29,2856
21-05-2026 06:30,77878.29,78081.60,77734.02,77785.56,3172
21-05-2026 07:00,77785.56,77882.30,77710.66,77774.55,2511
21-05-2026 07:30,77774.62,78013.75,77732.64,77950.91,2503
21-05-2026 08:00,77951.68,77986.57,77868.07,77871.61,2016
21-05-2026 08:30,77871.61,77955.74,77814.81,77947.15,1656
21-05-2026 09:00,77947.15,78017.19,77902.31,77990.00,1554
21-05-2026 09:30,77990.00,78088.67,77878.51,77939.79,1838
21-05-2026 10:00,77940.59,77966.56,77878.66,77946.67,1582
21-05-2026 10:30,77946.67,78055.17,77781.24,77786.29,1808
21-05-2026 11:00,77786.29,77828.59,77626.45,77738.20,1877
21-05-2026 11:30,77738.19,77787.91,77628.90,77690.35,1981
21-05-2026 12:00,77690.35,77732.45,77459.24,77529.76,2234
21-05-2026 12:30,77529.76,77600.28,77427.55,77513.86,2235
21-05-2026 13:00,77513.86,77814.94,77512.63,77794.14,2041
21-05-2026 13:30,77794.14,78103.28,77794.14,77962.35,3572
21-05-2026 14:00,77961.69,77962.05,77798.27,77834.98,2199
21-05-2026 14:30,77834.98,77894.11,77795.46,77838.75,1667
21-05-2026 15:00,77838.75,77861.22,77538.93,77542.34,2359
21-05-2026 15:30,77542.34,77591.45,77100.60,77291.97,2536
21-05-2026 16:00,77291.97,77357.10,77091.47,77109.65,4021
21-05-2026 16:30,77109.79,77284.34,77056.31,77230.62,3105
21-05-2026 17:00,77230.62,77287.76,77092.66,77099.69,2807
21-05-2026 17:30,77099.69,77189.91,77004.16,77024.29,2508
21-05-2026 18:00,77024.29,77277.12,76988.38,77188.75,2945
21-05-2026 18:30,77188.75,77266.10,77103.05,77191.64,3047
21-05-2026 19:00,77191.64,77219.12,76633.73,77025.82,5213
21-05-2026 19:30,77025.82,77151.55,76689.18,76956.92,4909
21-05-2026 20:00,76958.55,77098.57,76791.44,76883.65,4420
21-05-2026 20:30,76883.65,77228.03,76799.17,77174.45,4280
21-05-2026 21:00,77174.45,77302.67,76973.73,77163.56,3517
21-05-2026 21:30,77163.82,77256.65,77011.77,77086.14,3348
21-05-2026 22:00,77086.14,77194.30,76910.07,77109.18,3280
21-05-2026 22:30,77109.18,77918.71,77081.04,77887.05,4693
21-05-2026 23:00,77886.59,78003.21,77703.46,77782.16,3935
21-05-2026 23:30,77782.24,77841.54,77540.78,77650.52,3778
22-05-2026 00:00,77650.94,77728.68,77166.87,77298.83,3651
22-05-2026 00:30,77298.09,77518.99,77276.96,77456.83,3453
22-05-2026 01:00,77456.95,77709.60,77453.13,77609.05,3639
22-05-2026 01:30,77603.77,77651.69,77575.75,77609.86,2635
22-05-2026 02:00,77610.47,77720.15,77555.31,77616.88,2053
22-05-2026 02:30,77617.76,77727.30,77617.47,77727.25,1861
22-05-2026 03:00,77727.25,77727.30,77549.92,77582.42,1776
22-05-2026 03:30,77582.42,77665.64,77511.17,77607.83,2982
22-05-2026 04:00,77607.83,77632.02,77460.09,77536.09,2343
22-05-2026 04:30,77536.09,77635.28,77443.50,77562.57,2965
22-05-2026 05:00,77562.57,77665.74,77516.31,77532.20,2312
22-05-2026 05:30,77531.93,77553.11,77323.96,77396.16,2893
22-05-2026 06:00,77396.16,77481.97,77280.93,77287.38,3129
22-05-2026 06:30,77287.38,77455.61,77227.88,77372.92,2902
22-05-2026 07:00,77372.91,77581.09,77267.28,77528.44,2695
22-05-2026 07:30,77528.44,77646.12,77525.10,77577.03,2397
22-05-2026 08:00,77577.03,77614.43,77500.39,77583.56,2094
22-05-2026 08:30,77583.56,77713.19,77582.89,77713.18,1895
22-05-2026 09:00,77713.18,77722.43,77654.64,77689.40,1859
22-05-2026 09:30,77689.43,77815.73,77685.66,77713.13,1713
22-05-2026 10:00,77713.52,77717.07,77541.98,77564.60,2360
22-05-2026 10:30,77564.60,77635.98,77478.13,77516.61,2270
22-05-2026 11:00,77516.61,77581.08,77365.40,77392.94,2603
22-05-2026 11:30,77392.87,77433.12,77315.95,77364.59,2887
22-05-2026 12:00,77363.87,77416.66,77266.46,77325.79,2184
22-05-2026 12:30,77325.79,77429.67,77185.06,77412.69,2699
22-05-2026 13:00,77412.69,77450.54,77299.99,77309.17,2135
22-05-2026 13:30,77309.17,77445.05,77263.42,77386.53,2506
22-05-2026 14:00,77386.58,77401.36,77112.78,77165.69,2899
22-05-2026 14:30,77165.69,77214.20,77098.77,77165.11,2138
22-05-2026 15:00,77165.11,77258.71,77102.83,77205.57,1637
22-05-2026 15:30,77205.57,77251.62,77157.04,77236.51,1842
22-05-2026 16:00,77236.76,77265.25,77173.92,77211.99,2040
22-05-2026 16:30,77211.99,77260.91,77075.88,77205.84,2143
22-05-2026 17:00,77205.84,77327.81,77195.55,77326.21,2437
22-05-2026 17:30,77326.21,77479.66,77288.32,77326.62,2929
22-05-2026 18:00,77326.62,77430.66,77299.53,77430.66,2260
22-05-2026 18:30,77430.58,77451.49,77197.95,77199.30,2714
22-05-2026 19:00,77199.30,77272.19,77020.23,77181.91,4950
22-05-2026 19:30,77181.90,77182.80,76667.27,76745.96,5120
22-05-2026 20:00,76745.94,76756.07,76651.33,76667.91,3769
22-05-2026 20:30,76667.91,76857.50,76463.92,76806.17,4290
22-05-2026 21:00,76807.72,76919.00,76541.51,76687.07,4077
22-05-2026 21:30,76687.07,76838.18,76663.48,76834.83,3736
22-05-2026 22:00,76834.83,76898.43,76764.24,76850.67,2867
22-05-2026 22:30,76850.95,76969.17,76669.19,76956.14,2887
22-05-2026 23:00,76955.76,76986.24,76645.56,76646.58,3286
22-05-2026 23:30,76646.99,76803.11,76583.92,76705.36,3103
23-05-2026 00:00,76705.36,76712.23,75999.22,76433.03,3901
23-05-2026 00:30,76433.03,76485.97,76090.19,76159.87,3936
23-05-2026 01:00,76160.44,76171.65,75560.34,75755.91,5003
23-05-2026 01:30,75756.25,75916.79,75732.08,75863.29,3086
23-05-2026 02:00,75863.31,75979.60,75721.72,75883.42,3323
23-05-2026 02:30,75883.42,75931.09,75849.66,75897.91,553
23-05-2026 03:30,75897.91,75897.91,75897.91,75897.91,1
23-05-2026 04:30,75897.91,75897.91,75897.91,75897.91,1
23-05-2026 05:00,75627.77,75712.87,75278.27,75433.07,2223
23-05-2026 05:30,75437.78,75529.31,75304.41,75386.32,3496
23-05-2026 06:00,75386.39,75392.53,75117.61,75253.92,3638
23-05-2026 06:30,75254.06,75402.83,75253.43,75370.73,2259
23-05-2026 07:00,75370.73,75401.59,75249.90,75391.95,1765
23-05-2026 07:30,75391.95,75444.08,75311.58,75375.09,1655
23-05-2026 08:00,75375.09,75483.03,75364.88,75466.90,1670
23-05-2026 08:30,75466.07,75527.02,75454.26,75492.93,1652
23-05-2026 09:00,75492.93,75563.56,75489.79,75530.52,1354
23-05-2026 09:30,75530.52,75543.87,75452.10,75489.36,827
23-05-2026 10:00,75489.36,75552.66,75406.96,75440.30,1422
23-05-2026 10:30,75440.30,75461.88,75375.37,75383.28,1452
23-05-2026 11:00,75383.28,75423.58,75368.07,75386.88,1336
23-05-2026 11:30,75386.88,75404.20,75347.42,75356.38,1139
23-05-2026 12:00,75356.38,75384.18,75287.48,75301.15,1521
23-05-2026 12:30,75301.15,75342.49,75130.65,75189.34,1950
23-05-2026 13:00,75188.47,75248.04,74210.75,74501.43,3943
23-05-2026 13:30,74501.43,74645.39,74399.38,74512.17,3674
23-05-2026 14:00,74512.17,74588.61,74247.87,74585.47,2938
23-05-2026 14:30,74585.47,74598.26,74530.98,74593.15,1711
23-05-2026 15:00,74593.15,74656.08,74558.33,74560.73,1768
23-05-2026 15:30,74560.73,74658.94,74560.73,74646.74,1109
23-05-2026 16:00,74646.74,74691.47,74610.38,74616.64,1362
23-05-2026 16:30,74616.64,74774.54,74612.45,74758.17,1477
23-05-2026 17:00,74757.72,74758.33,74690.79,74698.21,1187
23-05-2026 17:30,74697.88,74704.57,74565.11,74638.16,1594
23-05-2026 18:00,74638.16,74678.29,74626.03,74661.36,1474
23-05-2026 18:30,74661.36,74937.10,74656.06,74895.66,2635
23-05-2026 19:00,74895.66,75158.19,74783.94,75117.27,2855
23-05-2026 19:30,75117.27,75241.58,75005.25,75222.39,2383
23-05-2026 20:00,75222.39,75596.06,75191.01,75435.17,3008
23-05-2026 20:30,75435.17,75571.96,75376.39,75442.30,2833
23-05-2026 21:00,75442.30,75443.65,75294.49,75417.19,2036
23-05-2026 21:30,75417.18,75528.42,75299.80,75370.58,2057
23-05-2026 22:00,75370.58,75457.36,75322.73,75334.81,1827
23-05-2026 22:30,75334.81,75420.17,75306.15,75371.14,2267
23-05-2026 23:00,75371.14,75410.19,75269.92,75387.49,2017
23-05-2026 23:30,75387.50,75826.30,75360.70,75732.75,3551
24-05-2026 00:00,75732.75,75877.09,75653.57,75745.08,2513
24-05-2026 00:30,75745.08,75885.48,75677.34,75860.95,2408
24-05-2026 01:00,75860.95,75893.12,75780.02,75880.47,1928
24-05-2026 01:30,75881.00,76082.26,75844.25,75892.47,2465
24-05-2026 02:00,75892.47,77181.71,75857.66,77175.02,5268
24-05-2026 02:30,77168.40,77286.98,76655.95,76655.95,4417
24-05-2026 03:00,76642.34,76806.35,76428.27,76698.48,4146
24-05-2026 03:30,76698.48,76774.37,76430.10,76439.02,2892
24-05-2026 04:00,76439.02,76503.65,76290.55,76470.10,3321
24-05-2026 04:30,76470.10,76675.98,76422.75,76526.35,2442
24-05-2026 05:00,76526.35,76705.31,76525.13,76637.76,2747
24-05-2026 05:30,76637.76,76680.00,76520.84,76581.90,2449
24-05-2026 06:00,76581.90,76806.26,76574.02,76728.54,2509
24-05-2026 06:30,76728.54,76807.45,76640.40,76791.45,2364
24-05-2026 07:00,76791.45,76811.35,76688.26,76777.20,2441
24-05-2026 07:30,76777.61,76843.55,76589.49,76633.12,2621
24-05-2026 08:00,76633.08,76741.23,76633.08,76710.72,2249
24-05-2026 08:30,76710.72,76894.04,76684.99,76794.64,2543
24-05-2026 09:00,76794.64,76795.50,76616.84,76622.97,1880
24-05-2026 09:30,76624.13,76742.97,76624.13,76649.43,1753
24-05-2026 10:00,76649.43,76708.27,76615.60,76667.58,1342
24-05-2026 10:30,76667.58,76669.32,76562.48,76596.70,1432
24-05-2026 11:00,76596.70,76755.56,76539.34,76707.90,1682
24-05-2026 11:30,76707.90,76755.53,76606.38,76622.25,1420
24-05-2026 12:00,76622.25,76948.81,76620.68,76872.48,2449
24-05-2026 12:30,76872.48,76908.07,76755.94,76792.46,1793
24-05-2026 13:00,76792.46,76807.74,76674.66,76697.29,1572
24-05-2026 13:30,76697.27,76744.00,76618.53,76704.93,1542
24-05-2026 14:00,76705.08,76752.64,76680.24,76725.73,1341
24-05-2026 14:30,76725.73,76872.24,76706.08,76848.46,1921
24-05-2026 15:00,76848.46,76931.40,76797.71,76917.18,1667
24-05-2026 15:30,76917.18,77378.51,76813.89,77117.01,1881
24-05-2026 16:00,77117.01,77117.45,76971.10,77084.07,2458
24-05-2026 16:30,77080.54,77237.45,77069.71,77171.54,1860
24-05-2026 17:00,77171.54,77212.34,77103.44,77206.62,1220
24-05-2026 17:30,77206.62,77214.20,76949.39,76965.78,1631
24-05-2026 18:00,76965.78,77014.61,76929.01,77001.70,1682
24-05-2026 18:30,77001.70,77014.01,76840.97,76848.66,1358
24-05-2026 19:00,76848.66,76911.26,76579.91,76703.33,2803
24-05-2026 19:30,76698.55,76731.49,76098.56,76308.77,4055
24-05-2026 20:00,76308.77,76433.17,76276.59,76354.92,2082
24-05-2026 20:30,76354.82,76436.68,76315.21,76343.69,1680
24-05-2026 21:00,76343.69,76399.41,76249.96,76268.47,1694
24-05-2026 21:30,76268.47,76631.14,76267.63,76486.53,2519
24-05-2026 22:00,76486.53,76594.56,76332.38,76567.24,2052
24-05-2026 22:30,76567.24,76625.94,76465.92,76506.90,2119
24-05-2026 23:00,76508.31,76682.94,76483.18,76583.93,1529
24-05-2026 23:30,76583.93,76682.07,76525.11,76580.32,1938
25-05-2026 00:00,76580.32,76608.59,76484.40,76558.12,1665
25-05-2026 00:30,76558.12,76638.00,76499.56,76548.61,1626
25-05-2026 01:00,76548.61,76677.96,76531.62,76664.82,1406
25-05-2026 01:30,76664.83,76686.90,76495.07,76571.66,2086
25-05-2026 02:00,76572.25,76615.21,76505.48,76554.34,2149
25-05-2026 02:30,76554.34,76636.26,76367.93,76415.90,1055
25-05-2026 03:00,76415.90,76462.98,75994.81,76037.09,2613
25-05-2026 03:30,76038.29,76904.06,76030.65,76741.74,3611
25-05-2026 04:00,76741.74,76889.85,76568.63,76696.25,2637
25-05-2026 04:30,76696.25,76909.77,76696.25,76748.65,2234
25-05-2026 05:00,76748.65,77105.49,76740.57,76957.11,2465
25-05-2026 05:30,76959.54,77146.27,76959.54,77109.77,2568
25-05-2026 06:00,77109.77,77169.93,76979.56,77044.57,2803
25-05-2026 06:30,77044.89,77144.11,76916.91,77067.55,2487
25-05-2026 07:00,77067.55,77106.65,76809.58,76838.52,1862
25-05-2026 07:30,76838.34,77374.97,76837.93,77035.23,2606
25-05-2026 08:00,77035.23,77073.63,76952.59,76996.88,1954
25-05-2026 08:30,76996.88,77057.97,76956.00,76976.16,2142
25-05-2026 09:00,76976.16,77016.77,76902.29,76919.76,1458
25-05-2026 09:30,76919.76,77065.23,76883.66,77065.23,1469
25-05-2026 10:00,77065.23,77343.38,77025.15,77281.22,1797
25-05-2026 10:30,77281.97,77365.92,77212.40,77290.52,1997
25-05-2026 11:00,77290.52,77390.52,77287.18,77302.00,1534
25-05-2026 11:30,77302.00,77515.22,77115.24,77173.08,2510
25-05-2026 12:00,77173.08,77418.64,77169.30,77315.88,1826
25-05-2026 12:30,77315.88,77418.00,77079.02,77109.42,2051
25-05-2026 13:00,77109.42,77302.32,77095.17,77302.15,1567
25-05-2026 13:30,77302.15,77305.64,77173.31,77214.60,1356
25-05-2026 14:00,77214.60,77364.70,77210.68,77351.31,1243
25-05-2026 14:30,77351.31,77439.62,77319.69,77427.88,1387
25-05-2026 15:00,77427.88,77598.82,77409.24,77501.19,1700
25-05-2026 15:30,77501.50,77591.09,77420.52,77445.30,1421
25-05-2026 16:00,77445.30,77492.69,77393.53,77447.15,1004
25-05-2026 16:30,77447.15,77447.67,77313.93,77323.35,1103
25-05-2026 17:00,77323.35,77433.51,77237.79,77269.28,1172
25-05-2026 17:30,77269.28,77335.22,77193.55,77306.68,1633
25-05-2026 18:00,77306.68,77346.06,77203.45,77265.98,1463
25-05-2026 18:30,77266.29,77361.40,77196.32,77238.60,1513
25-05-2026 19:00,77238.60,77271.11,77201.40,77247.94,1559
25-05-2026 19:30,77247.94,77522.54,77209.00,77520.91,2184
25-05-2026 20:00,77519.94,77678.81,77449.80,77622.33,1842
25-05-2026 20:30,77622.45,77802.59,77500.41,77513.75,2783
25-05-2026 21:00,77513.75,77594.83,77464.11,77534.45,1693
25-05-2026 21:30,77534.45,77561.98,77423.22,77506.58,1470
25-05-2026 22:00,77503.51,77724.40,77489.49,77649.12,1568
25-05-2026 22:30,77649.12,77722.96,77502.24,77570.88,1743
25-05-2026 23:00,77570.88,77570.88,77461.91,77476.37,1033
25-05-2026 23:30,77476.27,77577.33,77453.87,77557.13,858
26-05-2026 00:00,77557.13,77557.18,77459.54,77464.60,998
26-05-2026 00:30,77464.60,77469.20,77330.52,77432.12,1280
26-05-2026 01:00,77432.12,77435.20,77258.75,77359.42,1192
26-05-2026 01:30,77359.42,77419.61,77327.59,77345.02,1083
26-05-2026 02:00,77345.02,77386.36,77129.24,77184.77,1734
26-05-2026 02:30,77184.77,77279.54,77183.56,77271.16,1216
26-05-2026 03:00,77271.16,77306.51,77190.55,77282.34,1479
26-05-2026 03:30,77282.34,77355.49,77180.90,77206.21,2688
26-05-2026 04:00,77206.21,77206.21,76952.56,77028.05,3057
26-05-2026 04:30,77028.05,77241.57,76981.61,77190.63,2958
26-05-2026 05:00,77190.67,77278.24,77171.21,77234.12,2666
26-05-2026 05:30,77234.12,77261.47,76997.11,77034.35,3365
26-05-2026 06:00,77034.35,77108.31,76479.48,76696.75,4263
26-05-2026 06:30,76696.75,76783.50,76531.33,76698.19,3743
26-05-2026 07:00,76698.19,76700.92,76500.12,76661.05,3182
26-05-2026 07:30,76661.05,76719.84,76535.65,76580.66,2841
26-05-2026 08:00,76580.66,76639.23,76422.28,76570.78,2196
26-05-2026 08:30,76570.78,76570.78,76375.07,76490.84,2570
26-05-2026 09:00,76490.34,76614.32,76460.15,76568.19,1765
26-05-2026 09:30,76568.19,76652.39,76507.88,76641.02,1818
26-05-2026 10:00,76639.97,76725.59,76635.12,76654.10,1531
26-05-2026 10:30,76654.10,76795.29,76608.01,76772.72,1612
26-05-2026 11:00,76772.09,76888.20,76753.31,76823.22,1784
26-05-2026 11:30,76823.22,76823.22,76679.07,76743.98,1912
26-05-2026 12:00,76743.98,76952.19,76738.47,76810.36,2312
26-05-2026 12:30,76810.36,76823.44,76504.99,76596.95,2661
26-05-2026 13:00,76596.95,76656.29,76506.79,76619.48,2052
26-05-2026 13:30,76620.23,76712.14,76584.54,76699.61,2280
26-05-2026 14:00,76700.10,76750.75,76617.49,76623.10,2114
26-05-2026 14:30,76623.10,76703.62,76538.61,76633.01,2247
26-05-2026 15:00,76632.97,76681.83,76539.49,76570.42,1774
26-05-2026 15:30,76570.42,77153.69,76471.91,77125.50,3629
26-05-2026 16:00,77125.50,77521.82,77061.93,77327.38,4463
26-05-2026 16:30,77327.38,77406.33,77113.79,77127.91,3306
26-05-2026 17:00,77127.91,77216.56,77064.87,77082.50,2871
26-05-2026 17:30,77082.50,77131.48,76781.32,76907.00,3513
26-05-2026 18:00,76907.71,77038.63,76864.29,77033.49,2692
26-05-2026 18:30,77033.49,77049.34,76685.18,76686.98,2990
26-05-2026 19:00,76687.03,77335.55,76576.28,77118.77,5057
26-05-2026 19:30,77118.77,77985.78,77048.68,77859.54,5495
26-05-2026 20:00,77858.94,77903.92,76611.22,76789.38,5608
26-05-2026 20:30,76792.88,76905.04,76455.86,76534.23,5489
26-05-2026 21:00,76534.23,76588.08,76148.89,76392.25,5589
26-05-2026 21:30,76392.25,76441.90,76090.81,76423.49,5406
26-05-2026 22:00,76421.06,76592.50,76283.29,76441.34,5200
26-05-2026 22:30,76441.34,76530.28,75941.99,75945.85,5113
26-05-2026 23:00,75949.05,76020.98,75724.54,75804.58,5391
26-05-2026 23:30,75803.41,76138.22,75737.67,75962.55,5240
27-05-2026 00:00,75958.82,75997.74,75641.58,75699.04,5099
27-05-2026 00:30,75706.97,75792.83,75652.59,75770.61,4799
27-05-2026 01:00,75766.00,75961.66,75730.15,75912.36,4793
27-05-2026 01:30,75912.36,76036.70,75882.67,76033.80,4712
27-05-2026 02:00,76033.80,76054.26,75856.35,75982.65,4591
27-05-2026 02:30,75983.59,76000.26,75724.84,75929.56,4204
27-05-2026 03:00,75929.56,75957.97,75740.25,75771.69,1899
27-05-2026 03:30,75771.69,75880.18,75619.23,75674.41,4945
27-05-2026 04:00,75674.41,75745.09,75539.68,75616.07,4976
27-05-2026 04:30,75616.07,75818.65,75615.99,75784.64,4813
27-05-2026 05:00,75784.84,75858.82,75761.08,75807.77,4440
27-05-2026 05:30,75810.01,75885.74,75753.06,75804.45,4820
27-05-2026 06:00,75804.45,75964.93,75771.09,75956.35,4847
27-05-2026 06:30,75956.00,75979.50,75694.58,75751.59,4814
27-05-2026 07:00,75751.59,75858.52,75698.30,75747.77,4171
27-05-2026 07:30,75747.77,75771.72,75553.95,75635.06,4559
27-05-2026 08:00,75635.06,75736.50,75566.49,75735.29,4690
27-05-2026 08:30,75736.52,75835.47,75669.37,75712.40,4690
27-05-2026 09:00,75712.40,75732.83,75490.21,75530.70,4633
27-05-2026 09:30,75536.56,75566.88,75360.18,75367.33,4381
27-05-2026 10:00,75369.89,75470.13,75172.30,75441.80,4742
27-05-2026 10:30,75441.80,75564.71,75433.85,75525.17,4541
27-05-2026 11:00,75525.17,75602.00,75453.99,75565.86,4613
27-05-2026 11:30,75565.86,75660.51,75543.90,75599.18,4681
27-05-2026 12:00,75599.18,75760.98,75587.37,75700.07,4598
27-05-2026 12:30,75700.07,75752.26,75619.26,75733.55,4584
27-05-2026 13:00,75733.13,75841.27,75713.38,75840.09,4545
27-05-2026 13:30,75840.09,75939.58,75758.87,75913.68,4662
27-05-2026 14:00,75913.30,75918.51,75704.11,75743.29,4624
27-05-2026 14:30,75743.29,75748.69,75569.43,75682.10,4597
27-05-2026 15:00,75682.10,75842.86,75667.53,75772.20,4567
27-05-2026 15:30,75772.04,75904.76,75736.52,75864.05,4544
27-05-2026 16:00,75861.51,75883.32,75731.29,75763.20,4616
27-05-2026 16:30,75763.20,75887.56,75744.29,75781.34,4768
27-05-2026 17:00,75780.34,75780.34,75608.38,75619.98,4973
27-05-2026 17:30,75626.88,76016.68,75427.26,75804.19,5135
27-05-2026 18:00,75801.96,75851.08,75536.35,75543.76,4916
27-05-2026 18:30,75544.99,75619.87,75036.89,75041.03,5159
27-05-2026 19:00,75044.89,75158.78,74709.18,74912.46,5787
27-05-2026 19:30,74912.89,75099.77,74629.28,74728.30,5632
27-05-2026 20:00,74728.30,75014.69,74647.28,74881.07,5491
27-05-2026 20:30,74882.56,75240.00,74826.12,75203.50,5353
27-05-2026 21:00,75202.21,75350.19,75006.40,75178.96,5313
27-05-2026 21:30,75178.96,75253.09,74893.96,74948.31,5165
27-05-2026 22:00,74948.95,75172.65,74853.97,75160.96,4757
27-05-2026 22:30,75160.15,75193.44,74750.53,74850.02,5152
27-05-2026 23:00,74850.00,74890.76,74545.78,74706.80,5166
27-05-2026 23:30,74708.56,74785.39,74519.98,74750.35,5172
28-05-2026 00:00,74751.50,74874.57,74728.76,74872.55,4923
28-05-2026 00:30,74872.72,74917.81,74801.15,74879.47,4650
28-05-2026 01:00,74879.47,74947.79,74789.63,74907.22,4807
28-05-2026 01:30,74906.78,75266.25,74891.57,75129.84,5148
28-05-2026 02:00,75132.45,75150.09,75070.67,75127.51,4425
28-05-2026 02:30,75127.31,75128.02,74950.45,74950.85,4001
28-05-2026 03:00,74950.85,74965.54,74205.46,74346.29,3919
28-05-2026 03:30,74347.69,74642.62,74140.31,74467.65,4495
28-05-2026 04:00,74467.70,74536.54,74281.97,74293.19,4864
28-05-2026 04:30,74293.10,74434.99,74102.61,74162.51,5129
28-05-2026 05:00,74162.54,74359.13,74122.96,74309.13,4686
28-05-2026 05:30,74308.56,74447.70,74226.96,74333.34,4895
28-05-2026 06:00,74333.41,74436.87,74301.34,74421.41,4986
28-05-2026 06:30,74421.41,74445.59,74022.80,74150.66,5072
28-05-2026 07:00,74149.66,74266.15,74029.18,74201.69,5250
28-05-2026 07:30,74201.85,74254.96,74032.88,74066.68,5080
28-05-2026 08:00,74069.73,74221.93,73997.34,74140.39,4999
28-05-2026 08:30,74140.39,74238.29,73382.06,73605.99,5611
28-05-2026 09:00,73604.75,73647.01,72932.60,73117.21,5915
28-05-2026 09:30,73117.23,73117.40,72612.93,72869.49,5937
28-05-2026 10:00,72868.80,73063.31,72816.13,73030.65,4993
28-05-2026 10:30,73030.65,73033.93,72778.93,72814.08,4933
28-05-2026 11:00,72814.28,72934.60,72762.45,72841.02,5011
28-05-2026 11:30,72841.02,72886.88,72732.95,72787.81,4854
28-05-2026 12:00,72789.18,73064.22,72625.74,73058.91,4896
28-05-2026 12:30,73058.19,73187.40,73009.99,73114.45,4793
28-05-2026 13:00,73113.06,73356.45,73113.06,73342.83,4664
28-05-2026 13:30,73342.57,73353.31,73093.60,73124.45,4819
28-05-2026 14:00,73125.73,73227.71,73060.73,73179.28,4883
28-05-2026 14:30,73181.95,73272.84,73113.57,73259.67,4893
28-05-2026 15:00,73260.07,73422.60,73220.77,73401.10,4760
28-05-2026 15:30,73404.06,73477.66,73211.20,73285.54,4667
28-05-2026 16:00,73288.63,73454.33,73234.17,73263.36,4731
28-05-2026 16:30,73260.55,73323.41,73198.45,73223.71,4851
28-05-2026 17:00,73220.90,73394.33,73181.65,73363.87,4684
28-05-2026 17:30,73363.87,73383.92,73115.62,73236.35,4852
28-05-2026 18:00,73235.24,73440.59,73206.52,73384.73,4978
28-05-2026 18:30,73384.73,73437.13,72866.43,73020.29,4948
28-05-2026 19:00,73019.68,73020.80,72618.46,72879.22,5779
28-05-2026 19:30,72879.22,73424.06,72454.75,72820.48,5942
28-05-2026 20:00,72819.52,72901.31,72551.08,72880.52,5614
28-05-2026 20:30,72882.67,73023.60,72548.81,72810.54,5421
28-05-2026 21:00,72812.88,72910.79,72682.40,72775.64,5194
28-05-2026 21:30,72775.78,73158.29,72586.90,73001.72,5388
28-05-2026 22:00,73001.72,73311.77,72996.49,73310.08,5350
28-05-2026 22:30,73310.08,73370.72,73177.56,73222.03,5211
28-05-2026 23:00,73223.73,73602.10,73206.70,73422.01,4941
28-05-2026 23:30,73422.01,73610.57,73388.83,73465.13,4884
29-05-2026 00:00,73463.62,73613.04,73449.21,73525.26,4630
29-05-2026 00:30,73527.69,73527.69,73298.91,73432.06,4822
29-05-2026 01:00,73435.06,73464.04,73257.98,73300.78,4646
29-05-2026 01:30,73301.18,73548.86,73122.72,73529.50,4833
29-05-2026 02:00,73527.84,73602.67,73449.82,73463.20,4688
29-05-2026 02:30,73463.20,73639.02,73435.87,73576.13,4408
29-05-2026 03:00,73576.13,73804.85,73563.07,73701.90,2037
29-05-2026 03:30,73701.90,73827.56,73489.16,73491.48,4605
29-05-2026 04:00,73491.46,73501.23,73330.82,73350.15,4402
29-05-2026 04:30,73347.27,73576.77,73347.27,73564.67,4351
29-05-2026 05:00,73566.40,73602.23,73411.90,73500.20,4226
29-05-2026 05:30,73500.20,73741.38,73498.67,73661.37,4933
29-05-2026 06:00,73661.37,73739.27,73561.61,73604.64,4690
29-05-2026 06:30,73604.64,73751.74,73452.69,73476.69,4912
29-05-2026 07:00,73476.69,73507.27,73343.02,73468.85,4791
29-05-2026 07:30,73468.85,73527.25,73257.17,73266.69,4781
29-05-2026 08:00,73264.49,73366.50,73057.61,73100.72,4813
29-05-2026 08:30,73101.05,73331.47,73101.05,73268.57,4497
29-05-2026 09:00,73268.91,73323.44,73141.79,73175.06,4442
29-05-2026 09:30,73175.76,73258.25,73077.94,73239.34,4684
29-05-2026 10:00,73239.22,73386.52,73227.03,73375.16,4518
29-05-2026 10:30,73372.09,73514.69,73372.02,73458.73,4487
29-05-2026 11:00,73459.55,73604.53,73371.42,73579.81,4605
29-05-2026 11:30,73579.90,73821.78,73510.57,73649.61,4460
29-05-2026 12:00,73649.61,73684.63,73550.71,73665.46,4392
29-05-2026 12:30,73665.37,73703.07,73625.04,73644.82,4495
29-05-2026 13:00,73644.84,73646.11,73256.72,73404.96,4755
29-05-2026 13:30,73404.96,73710.84,73399.33,73662.46,4883
29-05-2026 14:00,73662.41,73711.15,73514.64,73533.29,4657
29-05-2026 14:30,73533.29,73782.00,73526.16,73762.32,4857
29-05-2026 15:00,73763.94,73770.64,73593.92,73625.29,4566
29-05-2026 15:30,73625.29,73625.29,73493.66,73509.28,4382
29-05-2026 16:00,73509.52,73623.05,73463.33,73512.78,4621
29-05-2026 16:30,73513.17,73583.12,73440.55,73454.05,4618
29-05-2026 17:00,73454.05,73473.19,73219.97,73356.94,4900
29-05-2026 17:30,73356.94,73356.94,73183.86,73207.46,4652
29-05-2026 18:00,73209.10,73254.23,73081.03,73174.11,5024
29-05-2026 18:30,73172.09,73177.63,72847.51,72940.40,5029
29-05-2026 19:00,72940.42,73218.64,72777.38,73014.11,5558
29-05-2026 19:30,73017.32,73074.57,72392.56,72589.79,5595
29-05-2026 20:00,72589.62,73051.54,72439.52,72961.20,5851
29-05-2026 20:30,72960.76,73635.94,72867.47,73557.13,5854
29-05-2026 21:00,73557.13,74076.23,73531.13,73681.63,6124
29-05-2026 21:30,73684.17,73897.24,73435.09,73525.51,5535
29-05-2026 22:00,73520.90,73984.61,73514.41,73927.61,5433
29-05-2026 22:30,73927.61,74205.03,73800.77,74107.52,5514
29-05-2026 23:00,74107.31,74206.90,73799.44,73850.52,5165
29-05-2026 23:30,73854.76,73946.33,73622.19,73670.05,5108
30-05-2026 00:00,73667.42,73731.42,73066.92,73253.47,5110
30-05-2026 00:30,73253.47,73388.16,73124.56,73212.14,4713
30-05-2026 01:00,73216.35,73614.91,73216.35,73401.53,5318
30-05-2026 01:30,73400.52,73633.68,73396.49,73592.25,5022
30-05-2026 02:00,73590.42,73644.19,73499.76,73559.77,4922
30-05-2026 02:30,73560.35,73726.99,73418.93,73422.41,4146
30-05-2026 03:00,73422.41,73506.60,73293.27,73302.88,2113
30-05-2026 03:30,73302.88,73455.85,73259.91,73406.86,4264
30-05-2026 04:00,73406.86,73441.06,73293.35,73370.82,4364
30-05-2026 04:30,73373.85,73400.49,73205.90,73267.06,4407
30-05-2026 05:00,73267.19,73384.47,73201.90,73351.67,4029
30-05-2026 05:30,73351.67,73430.87,73315.85,73351.49,4185
30-05-2026 06:00,73349.33,73468.58,73292.51,73382.42,4116
30-05-2026 06:30,73382.42,73541.68,73352.44,73517.79,3084
30-05-2026 07:00,73517.79,73554.71,73473.22,73544.65,4250
30-05-2026 07:30,73546.45,73599.64,73495.88,73518.29,4275
30-05-2026 08:00,73518.72,73674.97,73518.29,73674.25,4237
30-05-2026 08:30,73674.25,73684.09,73544.08,73551.98,4332
30-05-2026 09:00,73551.98,73553.02,73402.72,73413.75,4288
30-05-2026 09:30,73413.75,73470.37,73189.30,73240.82,4464
30-05-2026 10:00,73230.30,73291.89,73104.46,73281.93,4675
30-05-2026 10:30,73281.93,73504.09,73233.00,73397.91,4646
30-05-2026 11:00,73398.94,73525.90,73398.94,73492.14,4330
30-05-2026 11:30,73493.84,73506.23,73407.24,73496.14,4467
30-05-2026 12:00,73496.56,73598.71,73460.25,73474.84,4495
30-05-2026 12:30,73474.84,73485.27,73415.00,73449.20,4527
30-05-2026 13:00,73449.72,73466.91,73369.47,73434.62,3843
30-05-2026 13:30,73434.62,73451.49,73392.84,73428.77,3837
30-05-2026 14:00,73428.77,73443.14,73382.30,73405.81,4042
30-05-2026 14:30,73403.66,73467.93,73385.52,73450.76,3980
30-05-2026 15:00,73450.76,73504.68,73431.45,73498.90,3926
30-05-2026 15:30,73499.82,73569.58,73472.90,73516.20,4139
30-05-2026 16:00,73516.04,73546.87,73493.00,73538.32,4084
30-05-2026 16:30,73536.54,73539.35,73441.50,73465.25,3549
30-05-2026 17:00,73465.25,73518.47,73460.90,73481.08,3857
30-05-2026 17:30,73481.08,73566.45,73469.29,73528.11,4033
30-05-2026 18:00,73527.14,73583.98,73524.80,73575.81,2786
30-05-2026 18:30,73579.32,73717.04,73570.57,73650.56,4445
30-05-2026 19:00,73650.56,73717.55,73559.27,73706.00,4086
30-05-2026 19:30,73712.96,73932.48,73692.40,73918.16,4748
30-05-2026 20:00,73911.50,73979.38,73792.23,73808.08,4584
30-05-2026 20:30,73810.73,73916.10,73721.94,73820.21,4397
30-05-2026 21:00,73820.21,73845.34,73715.23,73796.68,4353
30-05-2026 21:30,73796.85,73860.63,73756.09,73783.88,4210
30-05-2026 22:00,73783.88,73859.64,73777.55,73812.58,4222
30-05-2026 22:30,73809.56,73905.90,73752.01,73811.71,4156
30-05-2026 23:00,73811.71,73900.63,73688.95,73896.22,3860
30-05-2026 23:30,73896.22,73988.89,73835.09,73850.32,4080
31-05-2026 00:00,73850.32,74009.42,73834.97,73919.39,4408
31-05-2026 00:30,73917.61,73951.30,73865.55,73868.87,4169
31-05-2026 01:00,73872.29,73950.30,73846.17,73889.21,4168
31-05-2026 01:30,73889.21,73896.69,73808.68,73841.30,4088
31-05-2026 02:00,73841.30,73861.94,73797.08,73856.41,4036
31-05-2026 02:30,73859.25,73889.96,73838.95,73874.69,3985
31-05-2026 03:00,73869.16,73933.75,73805.14,73862.46,4349
31-05-2026 03:30,73863.67,73863.67,73702.10,73777.75,4405
31-05-2026 04:00,73777.60,73780.15,73672.16,73759.52,4224
31-05-2026 04:30,73759.49,73869.79,73698.53,73734.03,4347
31-05-2026 05:00,73734.71,73762.47,73661.00,73760.48,4170
31-05-2026 05:30,73760.48,73904.30,73728.47,73842.14,4339
31-05-2026 06:00,73842.60,73917.50,73787.65,73905.61,4227
31-05-2026 06:30,73904.96,74147.76,73899.55,73974.90,4522
31-05-2026 07:00,73972.35,74094.10,73924.61,73930.76,4327
31-05-2026 07:30,73931.52,74121.25,73840.61,73846.71,4479
31-05-2026 08:00,73846.71,73985.24,73761.94,73967.15,3857
31-05-2026 08:30,73967.15,74098.64,73942.40,74076.70,4465
31-05-2026 09:00,74076.70,74095.55,74008.18,74018.14,4140
31-05-2026 09:30,74018.14,74095.42,73974.25,74059.03,4127
31-05-2026 10:00,74059.03,74099.79,74016.34,74047.58,4348
31-05-2026 10:30,74052.17,74087.57,74007.05,74044.03,4175
31-05-2026 11:00,74044.03,74064.33,73929.42,73932.22,4177
31-05-2026 11:30,73932.22,73939.34,73867.05,73898.20,3982
31-05-2026 12:00,73898.20,73983.34,73896.46,73927.80,3845
31-05-2026 12:30,73927.80,73929.87,73767.77,73770.04,3438
31-05-2026 13:00,73770.09,73785.26,73710.75,73749.84,4006
31-05-2026 13:30,73751.32,73861.94,73741.04,73856.60,4124
31-05-2026 14:00,73855.24,73856.91,73722.60,73820.37,3938
31-05-2026 14:30,73820.37,73853.99,73743.84,73834.78,3740
31-05-2026 15:00,73834.78,73903.68,73686.48,73722.05,3797
31-05-2026 15:30,73720.41,73746.72,73610.62,73682.93,4196
31-05-2026 16:00,73683.41,73781.06,73678.86,73778.35,3984
31-05-2026 16:30,73774.75,73849.50,73769.37,73849.50,4266
31-05-2026 17:00,73849.71,73854.23,73783.89,73816.68,4419
31-05-2026 17:30,73813.38,73876.82,73745.21,73817.43,4411
31-05-2026 18:00,73817.43,73861.19,73762.09,73796.27,4121
31-05-2026 18:30,73794.48,73898.40,73751.49,73833.99,4579
31-05-2026 19:00,73834.99,73850.56,73691.46,73748.06,4413
31-05-2026 19:30,73748.06,73750.14,73390.13,73469.02,4951
31-05-2026 20:00,73469.15,73624.40,73457.83,73479.00,4741
31-05-2026 20:30,73479.60,73650.69,73465.49,73631.99,4478
31-05-2026 21:00,73636.82,73637.35,73493.56,73528.08,4369
31-05-2026 21:30,73528.97,73610.95,73397.39,73486.18,4395
31-05-2026 22:00,73488.68,73488.68,73277.40,73411.24,4601
31-05-2026 22:30,73411.16,73483.62,73343.57,73482.68,4176
31-05-2026 23:00,73482.68,73622.53,73482.65,73585.88,3981
31-05-2026 23:30,73594.98,73597.45,73478.64,73506.79,4032
01-06-2026 00:00,73506.79,73586.86,73455.55,73477.30,3965
01-06-2026 00:30,73478.70,73532.88,73358.22,73407.16,3675
01-06-2026 01:00,73407.16,73459.42,73330.59,73436.35,4016
01-06-2026 01:30,73437.95,73627.82,73436.42,73554.43,4307
01-06-2026 02:00,73558.80,73638.02,73544.38,73617.35,4030
01-06-2026 02:30,73617.29,73635.00,73493.44,73523.87,1629
01-06-2026 03:00,73523.87,73785.44,73500.56,73770.64,2417
01-06-2026 03:30,73770.64,73870.07,73559.68,73763.39,3048
01-06-2026 04:00,73763.39,73880.07,73743.04,73823.43,2638
01-06-2026 04:30,73823.43,74073.43,73668.16,73708.69,2700
01-06-2026 05:00,73708.69,73711.15,73385.84,73558.05,2888
01-06-2026 05:30,73558.05,73840.52,73526.38,73835.02,3013
01-06-2026 06:00,73837.11,73963.18,73710.90,73765.46,3153
01-06-2026 06:30,73765.82,73797.32,73446.95,73478.59,3315
01-06-2026 07:00,73478.59,73535.19,73158.80,73173.36,3107
01-06-2026 07:30,73173.36,73448.00,73104.09,73409.47,2620
01-06-2026 08:00,73409.47,73755.90,73344.66,73673.09,2554
01-06-2026 08:30,73673.10,73896.08,73665.51,73800.58,2692
01-06-2026 09:00,73800.58,73863.42,73613.83,73645.81,2195
01-06-2026 09:30,73645.81,73724.40,73283.30,73285.73,3090
01-06-2026 10:00,73285.73,73474.15,73225.55,73405.20,2665
01-06-2026 10:30,73405.20,73419.93,73232.00,73233.61,2355
01-06-2026 11:00,73233.61,73351.65,73208.00,73234.72,4537
01-06-2026 11:30,73236.59,73257.11,73035.18,73075.85,5191
01-06-2026 12:00,73075.83,73117.98,72845.47,73019.86,5248
01-06-2026 12:30,73019.27,73088.92,72838.85,72862.44,5157
01-06-2026 13:00,72862.44,72875.07,72586.52,72697.33,5427
01-06-2026 13:30,72697.33,72749.64,72539.49,72616.47,5294
01-06-2026 14:00,72616.47,72811.69,72499.25,72786.08,5249
01-06-2026 14:30,72786.19,72985.40,72785.54,72895.09,4890
01-06-2026 15:00,72895.28,72938.95,72717.18,72776.35,5254
01-06-2026 15:30,72776.65,72804.53,72558.42,72600.27,5000
01-06-2026 16:00,72600.27,72685.95,72487.47,72637.57,4929
01-06-2026 16:30,72637.57,72658.91,72543.53,72564.28,4827
01-06-2026 17:00,72565.39,72663.46,72191.37,72372.58,4830
01-06-2026 17:30,72376.24,72505.85,71822.76,72126.02,5898
01-06-2026 18:00,72121.41,72223.50,72007.75,72111.87,5516
01-06-2026 18:30,72111.87,72122.16,71625.64,71701.59,5569
01-06-2026 19:00,71708.71,71921.61,71256.46,71580.73,5984
01-06-2026 19:30,71583.42,71758.29,71337.48,71394.91,5745
01-06-2026 20:00,71390.47,71481.35,71268.00,71416.21,5586
01-06-2026 20:30,71427.39,71537.24,70935.12,70948.31,5455
01-06-2026 21:00,70945.81,71352.87,70930.19,70977.90,5455
01-06-2026 21:30,70977.90,71048.10,70547.96,70955.78,5336
01-06-2026 22:00,70955.37,71468.30,70901.89,71437.22,5312
01-06-2026 22:30,71437.23,71619.97,71348.02,71619.97,5121
01-06-2026 23:00,71618.51,71673.71,71410.67,71540.71,5300
01-06-2026 23:30,71537.99,71579.66,71259.02,71432.69,5075
02-06-2026 00:00,71432.69,71565.63,71290.43,71387.60,4877
02-06-2026 00:30,71391.50,71509.79,71272.77,71505.64,4701
02-06-2026 01:00,71505.64,71564.53,71405.56,71485.65,4836
02-06-2026 01:30,71485.65,71589.66,71408.94,71503.50,4526
02-06-2026 02:00,71504.25,71569.82,71305.01,71340.59,4723
02-06-2026 02:30,71340.59,71344.14,70972.77,71040.08,4626
02-06-2026 03:00,71041.03,71056.43,70836.24,70930.29,2318
02-06-2026 03:30,70931.00,71220.68,70720.19,71172.92,4886
02-06-2026 04:00,71172.92,71345.49,70963.03,71294.25,5080
02-06-2026 04:30,71294.25,71364.48,71131.23,71132.28,4755
02-06-2026 05:00,71133.58,71474.15,71106.22,71298.09,4852
02-06-2026 05:30,71301.39,71301.40,71040.51,71114.89,5099
02-06-2026 06:00,71115.69,71193.03,70988.70,71174.08,5081
02-06-2026 06:30,71175.11,71263.50,71089.13,71094.19,5283
02-06-2026 07:00,71093.89,71116.15,70513.35,70531.41,5273
02-06-2026 07:30,70538.05,70713.84,70002.76,70690.36,5741
02-06-2026 08:00,70688.45,70762.46,70466.60,70722.12,5050
02-06-2026 08:30,70725.54,70921.83,70681.65,70839.02,4981
02-06-2026 09:00,70839.52,70897.54,70790.76,70827.73,4718
02-06-2026 09:30,70827.87,70896.10,70591.42,70846.30,4770
02-06-2026 10:00,70845.90,70926.60,70633.20,70686.70,4515
02-06-2026 10:30,70686.70,70721.10,70455.50,70476.00,4805
02-06-2026 11:00,70476.00,70597.50,70143.50,70144.90,5030
02-06-2026 11:30,70146.50,70325.50,70105.00,70252.40,4873
02-06-2026 12:00,70250.30,70304.10,69837.30,69985.10,4884
02-06-2026 12:30,69986.30,70146.30,69637.70,69797.60,5309
02-06-2026 13:00,69798.40,70132.90,69796.00,70004.60,4890
02-06-2026 13:30,69998.30,70057.90,69754.00,69901.00,4932
02-06-2026 14:00,69900.60,69963.20,69595.70,69700.00,4835
02-06-2026 14:30,69700.00,69733.30,69204.80,69282.30,5276
02-06-2026 15:00,69282.00,69438.10,69234.40,69305.80,5018
02-06-2026 15:30,69305.00,69631.00,69227.50,69512.80,4803
02-06-2026 16:00,69511.00,69567.70,69323.10,69519.70,4645
02-06-2026 16:30,69521.20,69537.10,69301.60,69376.10,4732
02-06-2026 17:00,69376.10,69497.10,69296.00,69345.10,4551
02-06-2026 17:30,69345.10,69425.50,69119.50,69170.90,4851
02-06-2026 18:00,69170.90,69174.80,68884.30,68884.30,5226
02-06-2026 18:30,68884.30,69062.10,68757.20,68902.20,5191
02-06-2026 19:00,68900.40,68980.00,68615.60,68662.70,5629
02-06-2026 19:30,68670.70,68695.60,67489.50,67741.50,5804
02-06-2026 20:00,67746.70,68128.30,67717.20,67863.50,5584
02-06-2026 20:30,67871.40,67932.80,67232.20,67309.20,5444
02-06-2026 21:00,67309.20,67363.80,66941.00,67167.60,5590
02-06-2026 21:30,67167.60,67998.70,67096.40,67720.50,5495
02-06-2026 22:00,67721.10,67731.20,67278.80,67287.90,5347
02-06-2026 22:30,67288.90,67677.70,67242.50,67604.00,5070
02-06-2026 23:00,67604.20,67710.80,67257.30,67365.00,4957
02-06-2026 23:30,67363.60,67532.50,67170.90,67181.70,4889
03-06-2026 00:00,67181.70,67246.80,67018.40,67217.80,5074
03-06-2026 00:30,67217.80,67300.00,66812.30,66855.10,4922
03-06-2026 01:00,66859.00,67376.60,66335.60,67196.60,5621
03-06-2026 01:30,67196.60,67366.80,66794.30,66834.40,5002
03-06-2026 02:00,66835.00,67572.60,66827.30,67475.60,4989
03-06-2026 02:30,67475.60,67801.20,67296.00,67771.40,4794
03-06-2026 03:00,67771.40,67811.30,67396.70,67453.10,2356
03-06-2026 03:30,67453.10,67453.10,66832.20,67186.50,5122
03-06-2026 04:00,67186.50,67201.50,66156.10,66273.10,5402
03-06-2026 04:30,66280.30,66658.00,66093.40,66332.30,5503
03-06-2026 05:00,66332.20,66761.50,66141.40,66650.30,5246
03-06-2026 05:30,66648.00,67016.30,66544.00,66668.50,5214
03-06-2026 06:00,66668.60,67071.00,66594.30,66827.50,4959
03-06-2026 06:30,66827.50,66937.40,66562.30,66913.20,4997
03-06-2026 07:00,66913.20,66946.80,66368.20,66815.00,5084
03-06-2026 07:30,66811.30,66827.90,66532.30,66551.10,4924
03-06-2026 08:00,66551.10,66752.60,66474.30,66510.20,4833
03-06-2026 08:30,66510.30,66558.30,65997.10,66050.50,4981
03-06-2026 09:00,66049.80,66161.80,65369.50,65747.80,5467
03-06-2026 09:30,65747.80,66513.70,65728.20,66469.50,5236
03-06-2026 10:00,66472.30,66472.30,66167.50,66364.30,4623
03-06-2026 10:30,66364.30,67166.30,66364.30,66985.80,5225
03-06-2026 11:00,66987.80,67284.80,66665.90,67215.30,5018
03-06-2026 11:30,67213.60,67263.50,66998.50,67140.30,4921
03-06-2026 12:00,67139.40,67402.40,66851.90,66872.60,5161
03-06-2026 12:30,66874.10,67231.70,66768.50,67085.60,4869
03-06-2026 13:00,67085.60,67216.00,66966.10,67119.30,4861
03-06-2026 13:30,67118.00,67148.10,66900.80,66925.80,4803
03-06-2026 14:00,66926.10,67124.50,66863.30,66916.80,4900
03-06-2026 14:30,66916.80,66992.80,66696.10,66719.70,4849
03-06-2026 15:00,66722.20,67207.20,66540.10,66962.50,4770
03-06-2026 15:30,66962.50,67354.80,66956.30,67201.50,5028
03-06-2026 16:00,67201.50,67296.60,67072.70,67186.50,4891
03-06-2026 16:30,67187.00,67261.60,67092.40,67229.30,5111
03-06-2026 17:00,67229.30,67231.10,66943.00,66956.60,4950
03-06-2026 17:30,66956.60,67024.20,66673.00,66924.80,4812
03-06-2026 18:00,66920.40,67051.60,66729.00,66978.20,4710
03-06-2026 18:30,66978.20,67138.50,66721.20,66723.00,4927
03-06-2026 19:00,66722.70,67082.30,66515.90,66783.50,5593
03-06-2026 19:30,66783.50,66825.50,66528.90,66673.50,5503
03-06-2026 20:00,66673.20,66875.80,66602.80,66749.50,5376
03-06-2026 20:30,66749.50,66769.40,66137.10,66482.60,5415
03-06-2026 21:00,66481.30,66561.00,65962.00,65968.30,5305
03-06-2026 21:30,65964.90,66253.40,65445.70,65497.40,5746
03-06-2026 22:00,65501.00,65969.60,65482.10,65956.60,5482
03-06-2026 22:30,65956.60,66019.60,65593.70,65840.20,5217
03-06-2026 23:00,65839.90,66080.20,65698.70,65858.50,5049
03-06-2026 23:30,65858.50,65988.30,65648.00,65796.60,5025
04-06-2026 00:00,65796.60,66057.20,65692.30,65934.60,4911
04-06-2026 00:30,65934.60,65955.60,65491.80,65550.90,4953
04-06-2026 01:00,65550.90,65745.80,65158.20,65362.10,5111
04-06-2026 01:30,65360.50,65499.50,65163.10,65444.40,5109
04-06-2026 02:00,65443.10,65470.30,64677.20,64900.60,5496
04-06-2026 02:30,64899.30,65490.90,64854.20,65429.00,5011
04-06-2026 03:00,65429.00,65747.80,65190.40,65650.70,3847
04-06-2026 03:30,65650.70,65726.90,64891.70,65064.70,5461
04-06-2026 04:00,65052.60,65153.60,64683.80,64806.20,5488
04-06-2026 04:30,64804.40,64873.20,64259.60,64397.10,5649
04-06-2026 05:00,64397.10,64524.80,63984.40,64029.30,5446
04-06-2026 05:30,64032.40,64322.00,63258.00,63258.00,5581
04-06-2026 06:00,63259.20,63711.90,62931.00,63235.50,5914
04-06-2026 06:30,63237.00,63394.70,62501.20,62602.90,6258
04-06-2026 07:00,62604.20,63058.60,62018.10,62087.50,5910
04-06-2026 07:30,62088.90,63007.00,61313.20,62914.90,6236
04-06-2026 08:00,62909.80,63528.90,62811.90,63133.10,5804
04-06-2026 08:30,63134.20,64046.60,63134.20,63838.20,5550
04-06-2026 09:00,63838.20,64439.90,63816.80,64276.00,5354
04-06-2026 09:30,64276.50,64675.00,64254.20,64494.10,5376
04-06-2026 10:00,64493.90,64539.80,64184.80,64318.00,5404
04-06-2026 10:30,64316.60,64317.10,63576.00,63765.00,5665
04-06-2026 11:00,63764.70,64263.20,63691.00,63883.20,5535
04-06-2026 11:30,63883.20,64407.10,63815.70,64174.80,5400
04-06-2026 12:00,64176.50,64352.90,63900.40,63951.10,5224
04-06-2026 12:30,63951.10,63993.70,63426.20,63619.10,5534
04-06-2026 13:00,63619.00,63958.00,63521.90,63526.40,5278
04-06-2026 13:30,63524.10,63814.00,63167.70,63409.10,5665
04-06-2026 14:00,63407.40,63653.10,63292.70,63533.80,5529
04-06-2026 14:30,63533.30,63558.10,62716.50,62778.10,5787
04-06-2026 15:00,62783.70,63168.90,62627.80,63165.30,5885
04-06-2026 15:30,63165.30,63180.30,62405.60,62416.90,5886
04-06-2026 16:00,62411.90,62702.10,62212.90,62330.30,5905
04-06-2026 16:30,62333.20,62589.30,62139.90,62528.10,5889
04-06-2026 17:00,62528.10,62742.10,62124.40,62462.60,5675
04-06-2026 17:30,62465.10,63315.60,62304.40,63183.40,5565
04-06-2026 18:00,63188.10,63885.30,63071.40,63688.90,5718
04-06-2026 18:30,63688.70,63754.50,62991.70,63150.60,5601
04-06-2026 19:00,63151.60,64166.90,63116.60,64143.10,6136
04-06-2026 19:30,64142.40,64426.10,63915.00,64080.90,6218
04-06-2026 20:00,64080.90,64080.90,63718.20,63880.50,5479
04-06-2026 20:30,63878.70,64321.60,63720.10,63894.10,5440
04-06-2026 21:00,63894.10,64002.80,63610.60,63809.60,5394
04-06-2026 21:30,63810.40,63842.50,63552.50,63555.90,5330
04-06-2026 22:00,63557.90,63830.90,63360.40,63470.30,5344
04-06-2026 22:30,63471.00,63628.20,63037.50,63135.50,5169
04-06-2026 23:00,63134.50,63543.40,62879.90,63443.40,5487
04-06-2026 23:30,63443.40,63797.80,63052.10,63797.80,5318
05-06-2026 00:00,63797.80,64012.00,63633.00,63722.60,5400
05-06-2026 00:30,63722.60,64056.10,63519.70,64023.20,5295
05-06-2026 01:00,64022.80,64037.80,63439.30,63526.70,5347
05-06-2026 01:30,63530.00,63542.40,63101.40,63258.10,5525
05-06-2026 02:00,63265.20,63583.20,63258.00,63559.00,5308
05-06-2026 02:30,63560.20,63796.10,63362.80,63428.60,5250
05-06-2026 03:00,63428.60,63462.80,63059.90,63207.10,3348
05-06-2026 03:30,63207.10,63428.30,63122.40,63277.80,5206
05-06-2026 04:00,63278.20,63693.20,63151.90,63661.90,5331
05-06-2026 04:30,63656.50,63770.30,63295.80,63381.40,5071
05-06-2026 05:00,63382.30,63837.70,63382.10,63798.80,5061
05-06-2026 05:30,63799.40,63821.30,63504.90,63818.00,5322
05-06-2026 06:00,63820.40,63897.70,63305.00,63341.80,5212
05-06-2026 06:30,63340.00,63340.00,62965.20,63255.60,5653
05-06-2026 07:00,63258.80,63480.20,63152.00,63283.80,5592
05-06-2026 07:30,63283.80,63358.20,62617.30,62618.30,5504
05-06-2026 08:00,62622.60,62868.40,62508.50,62531.50,5739
05-06-2026 08:30,62533.50,62733.40,62253.90,62517.50,5759
05-06-2026 09:00,62517.50,62801.50,62500.60,62652.10,5466
05-06-2026 09:30,62651.50,63151.70,62410.00,63151.70,5622
05-06-2026 10:00,63153.20,63562.70,62774.00,63529.80,5420
05-06-2026 10:30,63532.70,63600.40,63190.50,63431.20,5343
05-06-2026 11:00,63424.60,63477.20,62199.30,62250.50,5720
05-06-2026 11:30,62251.10,62551.00,61090.40,61595.30,6172
05-06-2026 12:00,61596.50,62132.40,61582.20,61878.10,6106
05-06-2026 12:30,61878.10,62278.90,61312.20,62173.70,6094
05-06-2026 13:00,62171.20,63043.10,62116.80,63033.40,5891
05-06-2026 13:30,63033.50,63037.60,62516.40,62733.80,5815
05-06-2026 14:00,62734.50,62850.30,62219.20,62389.90,5734
05-06-2026 14:30,62389.90,63168.20,62369.10,63041.80,5820
05-06-2026 15:00,63041.20,63062.10,62706.20,62790.50,5587
05-06-2026 15:30,62791.00,62869.70,62451.00,62512.30,5469
05-06-2026 16:00,62514.10,62643.50,62312.80,62481.40,5337
05-06-2026 16:30,62483.20,62571.60,62173.90,62404.00,5349
05-06-2026 17:00,62404.80,62455.00,61898.60,61898.60,5300
05-06-2026 17:30,61898.00,62375.60,61578.50,62141.90,5534
05-06-2026 18:00,62145.30,62310.20,61550.60,61904.40,5682
05-06-2026 18:30,61903.70,62248.00,61826.30,62057.20,5641
05-06-2026 19:00,62054.20,62256.00,60669.70,60672.50,5981
05-06-2026 19:30,60674.90,61160.40,60298.80,60356.50,6038
05-06-2026 20:00,60348.10,61136.80,60289.60,60811.90,5993
05-06-2026 20:30,60814.60,61065.90,60465.70,60740.30,5781
05-06-2026 21:00,60740.30,60800.90,60009.80,60391.90,5774
05-06-2026 21:30,60390.00,61498.80,59747.30,60881.40,5972
05-06-2026 22:00,60879.80,61414.90,60661.40,61338.30,5821
05-06-2026 22:30,61340.30,61456.70,60599.50,60632.90,5729
05-06-2026 23:00,60636.80,61077.00,60598.70,60747.10,5630
05-06-2026 23:30,60746.90,60890.10,60049.60,60100.70,5737
06-06-2026 00:00,60100.70,60269.30,59085.80,59342.50,5780
06-06-2026 00:30,59342.50,59820.40,59085.40,59809.50,5718
06-06-2026 01:00,59809.50,60411.60,59442.70,60265.10,5768
06-06-2026 01:30,60261.70,61030.60,59905.00,60905.80,5839
06-06-2026 02:00,60913.60,61727.40,60853.70,61617.90,5641
06-06-2026 02:30,61617.90,61953.80,61525.70,61538.30,4741
06-06-2026 03:00,61539.60,61899.20,61418.40,61644.40,3404
06-06-2026 03:30,61644.40,61644.40,61192.00,61450.10,5190
06-06-2026 04:00,61450.10,61932.70,61365.60,61553.30,5643
06-06-2026 04:30,61552.40,61735.20,60798.50,60904.30,5543
06-06-2026 05:00,60904.40,61033.90,60480.90,61028.30,5588
06-06-2026 05:30,61026.80,61493.80,61021.50,61271.60,5405
06-06-2026 06:00,61271.60,61388.50,61141.70,61231.90,5159
06-06-2026 06:30,61232.80,61341.90,60935.40,61257.70,5145
06-06-2026 07:00,61257.70,61265.60,60919.00,61022.20,5108
06-06-2026 07:30,61022.20,61063.80,60643.80,60785.60,5266
06-06-2026 08:00,60777.40,61142.60,60737.00,60915.30,5303
06-06-2026 08:30,60914.10,60930.30,60684.60,60760.50,5305
06-06-2026 09:00,60760.90,60766.60,60483.80,60651.60,5258
06-06-2026 09:30,60651.70,60834.80,59834.30,59927.10,5746
06-06-2026 10:00,59928.40,60254.60,59453.90,60065.90,5732
06-06-2026 10:30,60063.10,61000.50,59594.00,60711.90,5742
06-06-2026 11:00,60702.90,61009.10,60568.70,60902.90,5129
06-06-2026 11:30,60902.90,61225.70,60902.10,60986.40,4934
06-06-2026 12:00,60986.30,61140.70,60648.30,60743.70,4630
06-06-2026 12:30,60743.70,61182.90,60690.00,60847.70,4357
06-06-2026 13:00,60847.80,61052.90,60827.90,60966.00,2598
06-06-2026 13:30,60966.00,61408.00,60839.70,61361.80,4343
06-06-2026 14:00,61361.80,61446.60,61200.20,61221.40,4224
06-06-2026 14:30,61222.40,61284.10,61061.70,61273.50,3900
06-06-2026 15:00,61273.50,61273.70,60849.00,60940.20,4167
06-06-2026 15:30,60940.20,60940.60,60440.30,60493.10,4602
06-06-2026 16:00,60493.10,60572.20,60188.00,60564.10,4597
06-06-2026 16:30,60564.10,60818.00,60508.90,60766.60,4450
06-06-2026 17:00,60766.60,60919.40,60691.40,60760.60,3792
06-06-2026 17:30,60761.80,61057.00,60687.50,60694.20,4107
06-06-2026 18:00,60694.30,61136.40,60610.80,60987.20,4317
06-06-2026 18:30,60987.20,61064.70,60824.50,60840.80,4112
06-06-2026 19:00,60840.90,61006.90,60664.60,60770.90,4422
06-06-2026 19:30,60770.90,60978.90,60731.90,60844.10,4265
06-06-2026 20:00,60844.10,60966.70,60751.00,60755.40,4203
06-06-2026 20:30,60755.40,60837.40,60357.50,60634.50,4676
06-06-2026 21:00,60634.60,60883.40,60533.90,60740.70,4130
06-06-2026 21:30,60740.70,60925.70,60564.20,60582.00,4301
06-06-2026 22:00,60581.10,60820.80,60455.10,60741.30,4211
06-06-2026 22:30,60741.30,60810.00,60545.80,60643.90,3712
06-06-2026 23:00,60643.90,60766.80,60465.70,60545.60,3899
06-06-2026 23:30,60545.60,60710.30,60361.30,60663.20,3863
07-06-2026 00:00,60662.40,60662.40,60459.50,60601.50,3250
07-06-2026 00:30,60601.50,60746.60,60520.00,60575.80,3393
07-06-2026 01:00,60575.80,60646.90,60493.30,60558.50,2875
07-06-2026 01:30,60558.50,60603.00,60480.60,60558.60,3336
07-06-2026 02:00,60558.60,60716.00,60537.30,60669.40,3263
07-06-2026 02:30,60669.60,60903.00,60664.20,60856.30,3060
07-06-2026 03:00,60856.30,60960.60,60703.70,60714.10,2786
07-06-2026 03:30,60714.10,60781.10,60395.50,60419.10,3830
07-06-2026 04:00,60419.10,60675.70,60390.40,60500.80,3253
07-06-2026 04:30,60502.10,60723.30,60498.50,60671.60,3224
07-06-2026 05:00,60671.60,60902.40,60635.80,60839.30,3641
07-06-2026 05:30,60839.70,60892.60,60732.20,60799.30,3713
07-06-2026 06:00,60796.60,60937.70,60697.50,60738.40,3518
07-06-2026 06:30,60738.50,61609.50,60714.50,61591.40,4866
07-06-2026 07:00,61591.40,61605.30,61330.10,61434.30,4230
07-06-2026 07:30,61434.20,61512.10,61146.80,61212.70,4088
07-06-2026 08:00,61212.70,61526.00,61151.10,61465.00,3218
07-06-2026 08:30,61462.50,61729.30,61370.20,61624.40,3870
07-06-2026 09:00,61624.40,61696.10,61510.60,61661.70,3075
07-06-2026 09:30,61661.70,61667.20,61446.80,61515.20,3305
07-06-2026 10:00,61515.20,61865.40,61504.10,61846.50,3688
07-06-2026 10:30,61846.50,62084.30,61691.90,61693.90,2902
07-06-2026 11:00,61693.90,61832.20,61606.10,61714.20,4007
07-06-2026 11:30,61594.60,61966.90,61585.20,61930.00,3351
07-06-2026 12:00,61930.00,62221.30,61922.20,62066.90,4576
07-06-2026 12:30,62066.90,62208.90,61955.90,62191.70,3711
07-06-2026 13:00,62191.80,62375.00,62138.00,62362.70,3305
07-06-2026 13:30,62362.70,62539.00,62218.90,62493.10,3556
07-06-2026 14:00,62495.30,62913.10,62359.50,62816.30,4750
07-06-2026 14:30,62816.30,62860.40,62571.60,62653.00,4499
07-06-2026 15:00,62653.10,62655.40,62373.90,62497.10,4037
07-06-2026 15:30,62497.10,62531.70,62344.50,62473.80,3757
07-06-2026 16:00,62473.80,62520.20,62263.20,62339.20,3943
07-06-2026 16:30,62339.20,62519.10,62324.30,62491.30,3590
07-06-2026 17:00,62492.30,62720.30,62410.80,62589.20,3236
07-06-2026 17:30,62589.20,62611.20,61879.40,61906.10,4335
07-06-2026 18:00,61905.50,61957.20,61547.60,61867.40,4548
07-06-2026 18:30,61864.30,61864.30,61621.40,61814.60,4149
07-06-2026 19:00,61814.30,61867.90,61637.30,61668.60,3413
07-06-2026 19:30,61668.60,62105.50,61666.10,62048.30,3791
07-06-2026 20:00,62048.30,62274.10,61707.90,61872.80,4272
07-06-2026 20:30,61872.80,61927.50,61638.40,61923.50,4099
07-06-2026 21:00,61923.50,62168.80,61921.30,62059.40,4060
07-06-2026 21:30,62059.40,62276.50,61925.70,62139.90,4100
07-06-2026 22:00,62139.90,62249.90,61949.60,62047.60,3910
07-06-2026 22:30,62047.60,62288.10,62011.50,62210.10,3623
07-06-2026 23:00,62210.80,62280.50,62057.00,62121.70,3339
07-06-2026 23:30,62121.60,62259.40,62100.60,62189.70,2987
08-06-2026 00:00,62189.70,62250.30,61976.60,61991.50,3226
08-06-2026 00:30,61991.30,61999.20,61229.00,61448.10,4734
08-06-2026 01:00,61448.10,61457.40,61141.70,61273.40,4395
08-06-2026 01:30,61416.60,61836.80,61416.60,61709.80,3669
08-06-2026 02:00,61709.10,61924.00,61661.00,61834.80,3698
08-06-2026 02:30,61834.60,61964.30,61664.30,61747.50,3054
08-06-2026 03:00,61747.50,61806.90,61609.70,61737.20,2891
08-06-2026 03:30,61738.20,64137.50,61685.70,62953.40,4620
08-06-2026 04:00,62953.40,63348.40,62740.30,62832.90,4101
08-06-2026 04:30,62832.90,63237.70,62767.60,63223.30,3762
08-06-2026 05:00,63223.30,63403.20,63064.60,63295.30,3351
08-06-2026 05:30,63295.30,63477.50,63109.70,63468.80,3524
08-06-2026 06:00,63468.80,63816.80,63369.20,63596.40,3714
08-06-2026 06:30,63600.10,63611.00,62723.00,62786.80,3755
08-06-2026 07:00,62786.80,63209.20,62684.40,63173.60,3782
08-06-2026 07:30,63173.60,63224.20,62929.80,63070.80,3304
08-06-2026 08:00,63070.80,63154.00,62874.70,63089.90,3085
08-06-2026 08:30,63090.60,63410.20,62936.50,63116.30,3024
08-06-2026 09:00,63116.30,63190.50,63028.60,63079.50,2557
08-06-2026 09:30,63079.60,63126.00,62768.30,62900.20,3262
08-06-2026 10:00,62900.20,62942.40,62614.30,62637.50,3135
08-06-2026 10:30,62639.00,62786.90,62456.80,62678.50,3334
08-06-2026 11:00,62678.50,62730.70,62360.40,62711.50,3511
08-06-2026 11:30,62711.40,63098.90,62687.70,63027.80,3881
08-06-2026 12:00,63028.00,63056.00,62871.30,62939.10,3059
08-06-2026 12:30,62940.40,63193.50,62758.90,63130.80,4966
08-06-2026 13:00,63130.80,63287.80,63031.90,63229.90,4260
08-06-2026 13:30,63229.70,63230.30,62929.30,63048.00,4510
08-06-2026 14:00,63044.10,63140.90,62966.40,63075.80,4571
08-06-2026 14:30,63075.80,63503.10,63062.60,63324.50,4767
08-06-2026 15:00,63324.30,63442.80,63107.20,63440.10,4165
08-06-2026 15:30,63440.10,63490.90,63047.70,63092.40,3351
08-06-2026 16:00,63092.40,63342.50,63040.00,63095.80,3454
08-06-2026 16:30,63096.70,63599.20,62990.70,63553.10,4376
08-06-2026 17:00,63554.00,63802.70,63360.30,63421.00,4528
08-06-2026 17:30,63421.00,63596.60,62670.40,63038.60,5147
08-06-2026 18:00,63039.00,63867.10,63039.00,63758.90,5146
08-06-2026 18:30,63763.20,63885.70,63511.60,63534.40,4701
08-06-2026 19:00,63534.50,63820.60,63302.70,63702.00,5604
08-06-2026 19:30,63703.30,63856.00,63519.00,63719.50,5543
08-06-2026 20:00,63717.80,64042.60,63716.70,63931.50,5210
08-06-2026 20:30,63931.80,64171.50,63846.40,63961.80,5438
08-06-2026 21:00,63961.80,63986.50,63664.80,63731.20,4918
08-06-2026 21:30,63733.50,63996.60,63637.30,63828.30,4652
08-06-2026 22:00,63827.80,63840.60,63426.30,63483.10,4300
08-06-2026 22:30,63483.10,63614.00,63268.40,63590.00,4557
08-06-2026 23:00,63589.80,63591.30,63250.90,63510.50,4468
08-06-2026 23:30,63510.50,63620.60,63473.60,63606.20,4528
09-06-2026 00:00,63606.20,63652.80,63296.30,63431.60,3938
09-06-2026 00:30,63431.60,63536.00,63327.90,63493.10,4351
09-06-2026 01:00,63493.10,63557.30,63320.40,63339.60,4103
09-06-2026 01:30,63339.60,63404.40,63132.00,63140.10,4081
09-06-2026 02:00,63140.00,63456.20,63138.70,63456.20,3792
09-06-2026 02:30,63456.20,63762.40,63451.50,63687.60,4334
09-06-2026 03:00,63687.60,63818.20,63602.20,63694.80,2816
09-06-2026 03:30,63693.80,63693.80,63178.10,63339.40,4179
09-06-2026 04:00,63339.70,63427.90,63201.10,63413.50,3416
09-06-2026 04:30,63413.30,63562.40,63044.80,63115.10,4417
09-06-2026 05:00,63114.70,63162.90,62947.20,63053.70,4762
09-06-2026 05:30,63051.50,63146.20,62678.00,62693.70,5129
09-06-2026 06:00,62693.70,62738.00,62380.90,62520.60,5078
09-06-2026 06:30,62521.60,62832.00,62511.90,62748.30,5195
09-06-2026 07:00,62748.30,62843.90,62630.50,62727.90,4728
09-06-2026 07:30,62727.50,62831.80,62539.00,62740.70,4437
09-06-2026 08:00,62739.30,62834.80,62500.00,62834.80,4659
09-06-2026 08:30,62834.80,62936.50,62731.50,62763.90,4233
09-06-2026 09:00,62763.90,62849.50,62658.40,62830.00,3986
09-06-2026 09:30,62830.00,62932.80,62706.00,62749.00,3668
09-06-2026 10:00,62749.00,63377.70,62719.10,63191.80,4465
09-06-2026 10:30,63191.80,63314.80,63070.00,63268.00,3815
09-06-2026 11:00,63268.00,63476.90,63259.90,63299.10,4311
09-06-2026 11:30,63299.10,63459.50,63229.80,63381.00,3690
09-06-2026 12:00,63381.00,63417.90,63177.20,63252.60,3376
09-06-2026 12:30,63252.60,63396.20,62963.40,62983.40,3536
09-06-2026 13:00,62983.70,63168.30,62983.70,63148.80,3004
09-06-2026 13:30,63148.80,63164.10,62726.30,62824.20,4023
09-06-2026 14:00,62824.40,62968.40,62760.00,62798.80,3350
09-06-2026 14:30,62798.80,62898.10,62665.50,62773.10,2952
09-06-2026 15:00,62773.10,62773.10,62544.30,62668.10,3273
09-06-2026 15:30,62668.30,62748.90,62550.10,62696.80,3303
09-06-2026 16:00,62696.80,62777.00,62585.10,62734.40,3128
09-06-2026 16:30,62734.40,62765.90,62447.30,62550.50,3704
09-06-2026 17:00,62550.50,62680.60,62473.30,62660.90,3544
09-06-2026 17:30,62660.90,62847.80,62591.20,62606.50,3812
09-06-2026 18:00,62606.50,62627.80,62388.30,62595.10,3469
09-06-2026 18:30,62594.60,62685.30,62220.00,62289.50,4039
09-06-2026 19:00,62288.50,62480.90,62109.20,62220.70,5562
09-06-2026 19:30,62220.70,62344.90,61507.00,61549.10,5978
09-06-2026 20:00,61548.50,61615.50,61101.90,61490.40,5959
09-06-2026 20:30,61488.70,61652.90,61245.70,61258.10,5263
09-06-2026 21:00,61251.20,61369.60,60974.60,61072.80,5421
09-06-2026 21:30,61072.10,61152.80,60787.30,60975.10,5500
09-06-2026 22:00,60975.10,61401.60,60725.80,61328.60,5717
09-06-2026 22:30,61328.60,61814.70,61328.60,61683.80,5452
09-06-2026 23:00,61685.10,61789.50,61536.00,61631.70,4752
09-06-2026 23:30,61631.70,61896.90,61545.40,61669.90,4866
10-06-2026 00:00,61669.10,61763.20,61533.10,61722.70,4490
10-06-2026 00:30,61722.70,61853.70,61652.70,61804.50,4903
10-06-2026 01:00,61805.80,62044.60,61702.30,62035.80,4861
10-06-2026 01:30,62034.60,62215.30,61888.00,62034.60,4038
10-06-2026 02:00,62034.60,62126.30,61923.70,62105.60,3065
10-06-2026 02:30,62105.80,62122.80,61720.30,61750.40,2967
10-06-2026 03:00,61750.40,61853.40,61634.80,61701.50,2873
10-06-2026 03:30,61701.60,61892.20,61607.50,61759.00,3938
10-06-2026 04:00,61759.10,61918.20,61624.10,61669.70,4126
10-06-2026 04:30,61669.20,61827.90,61600.70,61638.20,3715
10-06-2026 05:00,61638.20,61696.80,61502.10,61676.00,3464
10-06-2026 05:30,61676.00,61840.60,61648.20,61800.60,4339
10-06-2026 06:00,61800.60,61880.40,61396.30,61862.00,4866
10-06-2026 06:30,61861.90,61923.10,61622.80,61779.30,5087
10-06-2026 07:00,61779.20,61839.70,61534.30,61659.10,4575
10-06-2026 07:30,61659.10,61786.30,61294.00,61437.40,4499
10-06-2026 08:00,61437.40,61493.70,61180.70,61248.60,4240
10-06-2026 08:30,61248.60,61535.20,61226.90,61518.30,3740
10-06-2026 09:00,61518.30,61532.80,61385.90,61492.20,3196
10-06-2026 09:30,61492.20,61509.20,61392.00,61415.30,3113
10-06-2026 10:00,61415.30,61416.50,61134.80,61237.50,3485
10-06-2026 10:30,61238.20,61265.10,61022.40,61207.30,3259
10-06-2026 11:00,61207.30,61342.60,61129.50,61294.50,3078
10-06-2026 11:30,61299.90,61422.00,61230.50,61289.00,2880
10-06-2026 12:00,61289.00,61457.10,61085.20,61410.60,3167
10-06-2026 12:30,61410.60,61649.00,61371.90,61582.10,3341
10-06-2026 13:00,61583.40,61728.60,61498.10,61627.70,3597
10-06-2026 13:30,61627.70,61668.70,61425.20,61479.00,4318
10-06-2026 14:00,61478.90,61548.20,61101.90,61200.40,4530
10-06-2026 14:30,61200.40,61255.60,60733.60,61147.30,4650
10-06-2026 15:00,61147.30,61359.30,61092.10,61270.50,4554
10-06-2026 15:30,61270.50,61292.50,61086.80,61270.60,4320
10-06-2026 16:00,61270.60,61387.40,61200.20,61318.20,3829
10-06-2026 16:30,61318.60,61371.20,60802.90,60895.30,4337
10-06-2026 17:00,60895.00,61040.80,60849.10,60964.50,3741
10-06-2026 17:30,60964.30,61157.70,60889.10,61106.00,4051
10-06-2026 18:00,61107.30,61859.20,61103.70,61507.10,5551
10-06-2026 18:30,61506.40,61559.10,61375.00,61492.00,4270
10-06-2026 19:00,61491.40,62385.60,61465.10,62084.40,6087
10-06-2026 19:30,62084.50,62190.60,61800.60,61993.10,5395
10-06-2026 20:00,61987.30,62137.20,61745.70,62137.20,5420
10-06-2026 20:30,62137.20,62356.00,61787.60,62193.80,5563
10-06-2026 21:00,62193.80,62785.40,62074.30,62571.50,5868
10-06-2026 21:30,62571.40,62583.90,62044.90,62217.40,5220
10-06-2026 22:00,62217.60,62335.10,61861.70,62157.70,5228
10-06-2026 22:30,62157.70,62297.20,61824.30,61833.70,5122
10-06-2026 23:00,61836.20,61972.30,61583.30,61905.00,5028
10-06-2026 23:30,61905.00,62091.80,61777.30,61946.60,4824
11-06-2026 00:00,61946.20,61946.20,61541.40,61803.70,4853
11-06-2026 00:30,61803.70,61867.40,61596.30,61707.80,4966
11-06-2026 01:00,61708.40,61992.00,61707.90,61869.20,5086
11-06-2026 01:30,61868.80,61875.10,61619.10,61837.70,4170
11-06-2026 02:00,61837.70,61852.20,61633.80,61725.70,4098
11-06-2026 02:30,61725.80,61726.00,61425.80,61498.40,3989
11-06-2026 03:00,61498.10,61650.00,61111.00,61283.40,3326
11-06-2026 03:30,61283.40,61286.90,61028.30,61179.40,5227
11-06-2026 04:00,61179.40,61500.70,61173.00,61311.30,4722
11-06-2026 04:30,61311.00,61502.20,61090.70,61482.60,4789
11-06-2026 05:00,61482.60,61534.60,61395.00,61438.30,4044
11-06-2026 05:30,61437.60,61907.00,61437.60,61814.70,4954
11-06-2026 06:00,61814.60,61856.60,61698.20,61748.50,4465
11-06-2026 06:30,61748.50,62147.70,61746.50,62103.60,4638
11-06-2026 07:00,62103.60,62290.80,62020.30,62135.30,4208
11-06-2026 07:30,62135.60,62229.60,61971.40,61982.60,4136
11-06-2026 08:00,61982.80,62142.80,61858.40,62059.40,4118
11-06-2026 08:30,62059.40,62100.60,61922.20,62023.00,3812
11-06-2026 09:00,62023.00,62707.40,62021.40,62589.20,4263
11-06-2026 09:30,62587.40,62650.20,62485.70,62533.20,4313
11-06-2026 10:00,62533.00,62766.40,62456.30,62635.70,3606
11-06-2026 10:30,62634.80,62640.50,62468.70,62546.80,3790
11-06-2026 11:00,62546.60,62625.40,62508.50,62528.40,3503
11-06-2026 11:30,62528.40,62909.40,62459.00,62789.10,3981
11-06-2026 12:00,62789.10,62904.20,62664.50,62679.50,2921
11-06-2026 12:30,62679.50,62714.70,62521.20,62703.60,3026
11-06-2026 13:00,62703.60,62758.50,62523.90,62626.80,2655
11-06-2026 13:30,62626.80,62866.00,62626.60,62865.00,3275
11-06-2026 14:00,62864.90,62947.60,62759.40,62870.40,2759
11-06-2026 14:30,62870.50,62871.80,62698.90,62734.00,2621
11-06-2026 15:00,62734.00,62906.60,62727.50,62834.30,2486
11-06-2026 15:30,62834.80,62886.20,62710.70,62763.00,2793
11-06-2026 16:00,62763.00,63109.30,62756.60,63065.00,3136
11-06-2026 16:30,63065.10,63144.00,62973.60,63084.40,2923
11-06-2026 17:00,63084.40,63186.40,63006.50,63032.70,3405
11-06-2026 17:30,63032.70,63115.90,62592.60,62611.30,3861
11-06-2026 18:00,62611.30,62963.10,62441.90,62931.00,4711
11-06-2026 18:30,62931.00,62966.50,62715.00,62734.60,3464
11-06-2026 19:00,62734.30,63168.40,62592.40,63005.80,5749
11-06-2026 19:30,63005.60,63008.90,62652.10,62937.40,5671
11-06-2026 20:00,62937.40,62993.30,62650.20,62650.20,5266
11-06-2026 20:30,62650.20,62785.80,62465.10,62650.30,5001
11-06-2026 21:00,62650.40,62801.00,62490.30,62670.00,4747
11-06-2026 21:30,62670.00,62757.10,62493.60,62552.00,4100
11-06-2026 22:00,62552.00,62728.90,62468.60,62488.50,4326
11-06-2026 22:30,62489.10,62871.30,62248.60,62857.20,4647
11-06-2026 23:00,62857.40,63553.20,62857.40,63549.60,6026
11-06-2026 23:30,63554.10,63705.70,63240.80,63308.30,5473
12-06-2026 00:00,63308.30,63489.50,63284.50,63376.70,3880
12-06-2026 00:30,63375.50,63620.70,63310.60,63516.50,4563
12-06-2026 01:00,63516.50,63837.00,63516.50,63532.10,4856
12-06-2026 01:30,63532.80,63585.90,63258.30,63299.20,3115
12-06-2026 02:00,63297.50,63339.80,63196.60,63317.70,2526
12-06-2026 02:30,63317.70,63525.80,63317.50,63409.30,2086
12-06-2026 03:00,63409.90,63501.90,63382.20,63451.00,1912
12-06-2026 03:30,63451.00,63604.00,63434.20,63519.80,3555
12-06-2026 04:00,63519.80,63571.10,63388.20,63426.10,2446
12-06-2026 04:30,63426.10,63427.30,63277.40,63306.90,2829
12-06-2026 05:00,63307.20,63613.20,63306.70,63551.70,3099
12-06-2026 05:30,63553.80,63705.90,63444.30,63538.10,3063
12-06-2026 06:00,63538.10,63663.10,63485.90,63562.80,3063
12-06-2026 06:30,63562.80,63566.70,63211.10,63266.60,3544
12-06-2026 07:00,63266.60,63374.30,63220.10,63342.20,3261
12-06-2026 07:30,63342.20,63686.90,63341.70,63464.60,3001
12-06-2026 08:00,63464.60,63545.00,63404.60,63525.80,2414
12-06-2026 08:30,63525.80,63556.70,63251.70,63335.30,2402
12-06-2026 09:00,63335.30,63433.70,63335.30,63421.00,2638
12-06-2026 09:30,63421.00,63706.70,63324.60,63693.40,3149
12-06-2026 10:00,63693.00,63763.80,63586.40,63604.10,2389
12-06-2026 10:30,63604.10,63625.90,63324.80,63393.60,2669
12-06-2026 11:00,63393.60,63403.60,63207.70,63256.90,3156
12-06-2026 11:30,63256.90,63319.40,63001.30,63058.40,3321
12-06-2026 12:00,63058.40,63058.40,62746.10,62889.90,3813
12-06-2026 12:30,62890.10,63021.20,62856.10,62927.30,3112
12-06-2026 13:00,62927.10,63108.40,62875.40,63003.50,2757
12-06-2026 13:30,63003.90,63520.10,63001.80,63438.30,3756
12-06-2026 14:00,63438.30,63451.20,63263.90,63379.20,2723
12-06-2026 14:30,63379.20,63700.70,63342.10,63680.50,3278
12-06-2026 15:00,63680.50,63862.30,63662.50,63666.30,3543
12-06-2026 15:30,63666.30,63758.30,63500.50,63531.10,3242
12-06-2026 16:00,63531.00,63674.80,63527.60,63608.90,2728
12-06-2026 16:30,63608.90,63799.90,63594.80,63734.80,3232
12-06-2026 17:00,63734.80,63797.60,63600.10,63673.00,2933
12-06-2026 17:30,63673.00,63687.80,63379.90,63379.90,3191
12-06-2026 18:00,63379.70,63485.20,63298.50,63377.60,3974
12-06-2026 18:30,63377.60,63446.60,63275.30,63322.30,3377
12-06-2026 19:00,63322.30,63351.30,62967.50,63144.60,5618
12-06-2026 19:30,63143.20,63588.10,63122.30,63560.70,5388
12-06-2026 20:00,63561.90,63943.30,63395.40,63938.50,5623
12-06-2026 20:30,63937.00,64329.20,63827.00,64074.00,5603
12-06-2026 21:00,64074.00,64077.20,63497.30,63539.80,5162
12-06-2026 21:30,63539.80,63941.70,63458.60,63853.50,4575
12-06-2026 22:00,63850.70,63949.30,63726.80,63929.90,4275
12-06-2026 22:30,63930.60,64050.40,63684.40,63769.80,3764
12-06-2026 23:00,63769.80,63858.70,63705.60,63810.80,4018
12-06-2026 23:30,63810.80,63884.50,63630.00,63727.00,4120
13-06-2026 00:00,63726.90,63857.40,63625.70,63635.90,3840
13-06-2026 00:30,63635.80,63740.40,63607.90,63680.00,3652
13-06-2026 01:00,63679.90,63769.60,63541.20,63541.20,3592
13-06-2026 01:30,63541.20,63655.20,63450.70,63465.10,2792
13-06-2026 02:00,63465.10,63512.70,63346.80,63397.10,2515
13-06-2026 02:30,63397.10,63581.30,63387.50,63462.20,1905
13-06-2026 03:00,63462.20,63530.00,63398.40,63423.30,1683
13-06-2026 03:30,63423.30,63614.10,63423.30,63549.70,1931
13-06-2026 04:00,63549.70,63570.80,63418.50,63460.40,2333
13-06-2026 04:30,63460.40,63465.20,63377.70,63402.90,2102
13-06-2026 05:00,63402.90,63532.70,63387.40,63526.10,2105
13-06-2026 05:30,63526.10,63560.20,63473.70,63476.00,1900
13-06-2026 06:00,63476.00,63592.80,63457.00,63546.30,1953
13-06-2026 06:30,63546.30,63636.00,63546.30,63606.50,1847
13-06-2026 07:00,63606.90,63790.10,63588.80,63783.00,2432
13-06-2026 07:30,63783.00,63783.60,63652.20,63662.60,1649
13-06-2026 08:00,63662.60,63676.50,63509.50,63593.50,1737
13-06-2026 08:30,63593.50,63672.90,63408.00,63458.20,2185
13-06-2026 09:00,63458.20,63509.70,63431.00,63480.80,1490
13-06-2026 09:30,63480.80,63540.40,63435.30,63490.50,1446
13-06-2026 10:00,63490.50,63601.00,63459.50,63460.40,1554
13-06-2026 10:30,63460.50,63546.00,63441.70,63497.90,1825
13-06-2026 11:00,63497.90,63541.50,63444.40,63538.20,1599
13-06-2026 11:30,63538.20,63626.50,63498.90,63626.50,1655
13-06-2026 12:00,63626.50,63691.40,63592.60,63680.20,2313
13-06-2026 12:30,63684.00,63757.10,63620.90,63729.90,2515
13-06-2026 13:00,63729.90,63828.30,63695.90,63794.00,1699
13-06-2026 13:30,63794.00,63831.70,63709.50,63753.80,1781
13-06-2026 14:00,63753.60,63862.10,63745.00,63751.20,1653
13-06-2026 14:30,63751.90,63813.00,63733.60,63768.60,1573
13-06-2026 15:00,63768.60,63783.50,63690.20,63694.00,1357
13-06-2026 15:30,63695.00,63742.00,63679.40,63712.60,1413
13-06-2026 16:00,63712.60,63853.70,63712.60,63789.90,1933
13-06-2026 16:30,63789.90,63921.00,63786.70,63905.90,1715
13-06-2026 17:00,63905.90,63917.60,63838.60,63911.70,1426
13-06-2026 17:30,63911.70,63930.10,63864.80,63901.80,1607
13-06-2026 18:00,63901.80,64158.20,63901.70,64084.90,2302
13-06-2026 18:30,64084.90,64183.60,64021.60,64181.30,2414
13-06-2026 19:00,64181.30,64190.10,64003.60,64051.00,2336
13-06-2026 19:30,64050.50,64140.60,64031.70,64076.70,2171
13-06-2026 20:00,64076.70,64186.30,64076.70,64171.40,1986
13-06-2026 20:30,64172.40,64260.50,64134.80,64239.70,2517
13-06-2026 21:00,64239.70,64296.60,64137.90,64247.60,2737
13-06-2026 21:30,64247.60,64255.80,63923.30,63934.90,3437
13-06-2026 22:00,63933.90,64114.50,63873.80,63980.80,2910
13-06-2026 22:30,63975.50,64044.20,63892.60,64044.00,2625
13-06-2026 23:00,64044.00,64075.90,63894.60,63928.70,1996
13-06-2026 23:30,63927.20,64161.10,63924.10,64149.60,1795
14-06-2026 00:00,64149.60,64243.50,64010.60,64113.70,2528
14-06-2026 00:30,64113.70,64164.10,64103.10,64149.10,1779
14-06-2026 01:00,64148.60,64288.70,64106.10,64254.10,1793
14-06-2026 01:30,64254.10,64256.20,64189.80,64204.00,1400
14-06-2026 02:00,64204.00,64244.80,64188.80,64241.70,1197
14-06-2026 02:30,64241.70,64276.50,64180.20,64203.30,1472
14-06-2026 03:00,64203.30,64715.40,64203.10,64429.80,3205
14-06-2026 03:30,64429.80,64491.80,64343.10,64480.70,2457
14-06-2026 04:00,64480.70,64521.70,64418.30,64418.40,2119
14-06-2026 04:30,64418.40,64558.50,64398.20,64409.00,2522
14-06-2026 05:00,64409.00,64455.30,64348.70,64410.30,1791
14-06-2026 05:30,64415.10,64492.40,64336.30,64420.30,1853
14-06-2026 06:00,64420.30,64545.10,64419.10,64520.80,2016
14-06-2026 06:30,64520.80,64670.50,64463.60,64609.90,2405
14-06-2026 07:00,64609.60,64614.20,64522.30,64530.10,2001
14-06-2026 07:30,64530.10,64596.50,64477.00,64500.20,2615
14-06-2026 08:00,64500.20,64522.30,64437.30,64448.10,1655
14-06-2026 08:30,64448.10,64501.40,64432.00,64488.00,1478
14-06-2026 09:00,64488.00,64504.60,64427.00,64502.80,1621
14-06-2026 09:30,64500.90,64522.10,64428.10,64430.10,1158
14-06-2026 10:00,64430.10,64435.10,64289.40,64298.10,2167
14-06-2026 10:30,64299.40,64350.10,64257.10,64267.30,2199
14-06-2026 11:00,64267.30,64374.50,64251.60,64316.00,2722
14-06-2026 11:30,64315.20,64440.00,64292.00,64347.70,1607
14-06-2026 12:00,64347.70,64351.30,64202.90,64245.60,1694
14-06-2026 12:30,64245.60,64329.00,64182.40,64312.00,1323
14-06-2026 13:00,64312.00,64402.20,64251.40,64387.60,1339
14-06-2026 13:30,64387.60,64470.60,64343.20,64445.40,1471
14-06-2026 14:00,64445.40,64464.30,64397.60,64410.90,1185
14-06-2026 14:30,64410.90,64429.80,64279.00,64306.90,1552
14-06-2026 15:00,64306.90,64569.70,64297.60,64566.30,1892
14-06-2026 15:30,64566.20,64596.60,64449.50,64548.20,1588
14-06-2026 16:00,64548.20,64615.70,64468.30,64475.30,1524
14-06-2026 16:30,64475.30,64548.60,64407.90,64533.40,1680
14-06-2026 17:00,64533.30,64594.00,64492.80,64502.50,1145
14-06-2026 17:30,64502.50,64518.30,64417.60,64417.90,1366
14-06-2026 18:00,64417.90,64424.90,64253.00,64282.40,2921
14-06-2026 18:30,64282.40,64353.90,64266.10,64299.10,1867
14-06-2026 19:00,64217.70,64340.90,64200.30,64273.10,2339
14-06-2026 19:30,64273.80,64300.20,64112.30,64112.30,2155
14-06-2026 20:00,64112.30,64132.60,63821.40,63938.70,3897
14-06-2026 20:30,63938.70,64100.90,63931.60,64014.30,2525
14-06-2026 21:00,64014.30,64069.50,63949.60,63973.80,2304
14-06-2026 21:30,63973.80,64143.90,63957.60,64090.80,2514
14-06-2026 22:00,64090.80,64148.50,63883.80,63894.90,2844
14-06-2026 22:30,63896.10,63976.60,63852.20,63853.00,2275
14-06-2026 23:00,63853.00,63922.60,63642.50,63685.50,2722
14-06-2026 23:30,63685.90,63741.90,63629.50,63674.30,2198
15-06-2026 00:00,63674.30,63767.70,63673.40,63765.00,1628
15-06-2026 00:30,63764.60,63808.90,63684.40,63750.00,1795
15-06-2026 01:00,63748.30,63787.70,63697.50,63756.10,1327
15-06-2026 01:30,63756.10,63911.20,63740.40,63875.30,1821
15-06-2026 02:00,63875.30,64047.60,63869.80,63961.20,2004
15-06-2026 02:30,63961.20,64907.00,63958.50,64725.60,2932
15-06-2026 03:00,64725.60,65598.40,64631.80,65268.20,5172
15-06-2026 03:30,65266.90,65493.60,64904.00,65161.70,5452
15-06-2026 04:00,65161.70,65480.30,65126.30,65369.80,4711
15-06-2026 04:30,65369.80,65683.60,65208.50,65633.40,4773
15-06-2026 05:00,65633.40,65750.00,65483.30,65694.10,4386
15-06-2026 05:30,65694.10,65840.20,65586.30,65712.00,4620
15-06-2026 06:00,65712.00,65724.10,65432.10,65574.60,3696
15-06-2026 06:30,65574.60,65582.20,65303.90,65355.80,3753
15-06-2026 07:00,65350.90,65671.60,65332.00,65472.70,3670
15-06-2026 07:30,65472.70,65730.20,65399.50,65595.50,3391
15-06-2026 08:00,65594.50,65624.10,65369.20,65415.70,2783
15-06-2026 08:30,65415.10,65693.00,65382.70,65679.70,2931
15-06-2026 09:00,65679.90,65938.80,65642.30,65880.10,3240
15-06-2026 09:30,65880.00,65880.00,65649.10,65674.00,2954
15-06-2026 10:00,65674.00,65692.70,65583.50,65592.20,2450
15-06-2026 10:30,65592.20,65823.60,65565.90,65775.90,2351
15-06-2026 11:00,65775.90,65814.50,65651.20,65808.80,2139
15-06-2026 11:30,65809.20,65912.80,65765.00,65888.00,2842
15-06-2026 12:00,65888.00,65896.30,65719.20,65759.10,2593
15-06-2026 12:30,65759.10,65950.00,65632.80,65904.10,3467
15-06-2026 13:00,65904.10,65905.90,65578.80,65617.50,2434
15-06-2026 13:30,65617.80,65706.20,65562.40,65618.50,2348
15-06-2026 14:00,65618.50,65745.30,65591.30,65603.70,2008
15-06-2026 14:30,65603.70,65729.20,65591.70,65591.70,1823
15-06-2026 15:00,65591.70,65598.30,65453.10,65537.30,2461
15-06-2026 15:30,65537.30,65710.90,65522.80,65662.20,2028
15-06-2026 16:00,65662.00,65911.50,65651.90,65866.40,2233
15-06-2026 16:30,65866.80,66314.40,65787.50,66210.60,4654
15-06-2026 17:00,66210.60,66256.20,66073.60,66180.70,4105
15-06-2026 17:30,66180.70,66279.80,66057.00,66231.00,3496
15-06-2026 18:00,66231.00,66555.60,66139.80,66515.80,3915
15-06-2026 18:30,66515.80,66896.30,66429.30,66786.10,5090
15-06-2026 19:00,66786.40,66834.10,66348.80,66386.20,5459
15-06-2026 19:30,66386.00,66503.70,66234.60,66502.50,5003
15-06-2026 20:00,66503.40,66618.10,66360.70,66530.60,4052
15-06-2026 20:30,66530.10,66668.20,66520.30,66602.60,3832
15-06-2026 21:00,66602.60,67231.30,66561.70,67231.30,4930
15-06-2026 21:30,67231.30,67241.70,67045.50,67140.30,4583
15-06-2026 22:00,67140.40,67227.60,67041.40,67109.40,3651
15-06-2026 22:30,67109.60,67113.40,66722.10,66772.20,3944
15-06-2026 23:00,66772.20,66900.40,66634.50,66804.70,3462
15-06-2026 23:30,66804.70,66885.00,66667.00,66779.70,2835
16-06-2026 00:00,66779.70,66881.70,66694.70,66724.40,3110
16-06-2026 00:30,66722.90,66852.60,66333.90,66483.90,4256
16-06-2026 01:00,66484.90,66696.30,66465.90,66554.50,4422
16-06-2026 01:30,66554.00,66590.80,66466.80,66531.40,3499
16-06-2026 02:00,66531.40,66633.80,66446.10,66473.80,3241
16-06-2026 02:30,66473.80,66520.60,66345.70,66360.50,2752
16-06-2026 03:00,66361.10,66429.40,66286.10,66322.50,2236
16-06-2026 03:30,66322.50,66425.90,66046.70,66109.60,3543
16-06-2026 04:00,66109.30,66321.80,66042.30,66145.50,4206
16-06-2026 04:30,66145.50,66242.40,66092.70,66177.80,3543
16-06-2026 05:00,66177.80,66305.10,66068.70,66264.60,3141
16-06-2026 05:30,66264.60,66368.70,66183.70,66196.90,3237
16-06-2026 06:00,66196.60,66411.10,66181.90,66196.80,3514
16-06-2026 06:30,66196.80,66328.80,66189.20,66318.90,3405
16-06-2026 07:00,66318.90,66367.80,66265.60,66290.70,2576
16-06-2026 07:30,66290.70,66315.00,65695.10,65728.70,3659
16-06-2026 08:00,65727.30,65867.90,65634.20,65691.50,3411
16-06-2026 08:30,65691.30,65950.40,65595.70,65921.60,3733
16-06-2026 09:00,65921.60,66105.60,65915.30,66098.10,2766
16-06-2026 09:30,66098.10,66222.90,65918.10,65918.10,2885
16-06-2026 10:00,65916.40,65916.40,65748.50,65786.10,3365
16-06-2026 10:30,65786.30,66054.90,65786.30,66019.20,2644
16-06-2026 11:00,66019.10,66091.80,65953.50,66003.90,2614
16-06-2026 11:30,66003.90,66296.60,66003.90,66278.90,2753
16-06-2026 12:00,66278.90,66500.70,66238.70,66392.80,2829
16-06-2026 12:30,66392.80,66474.50,66266.90,66280.10,3020
16-06-2026 13:00,66280.10,66376.50,66249.00,66318.00,2782
16-06-2026 13:30,66318.00,66515.10,66284.70,66494.30,2840
16-06-2026 14:00,66494.30,66929.80,66453.10,66835.80,3862
16-06-2026 14:30,66835.80,66854.90,66500.50,66559.40,3688
16-06-2026 15:00,66559.40,66669.70,66412.20,66450.00,3423
16-06-2026 15:30,66449.90,66708.90,66439.70,66612.00,3140
16-06-2026 16:00,66611.60,66613.70,66424.80,66444.10,3106
16-06-2026 16:30,66444.10,66580.40,66336.70,66415.20,3186
16-06-2026 17:00,66415.20,66424.20,66307.00,66424.20,2802
16-06-2026 17:30,66424.20,66618.30,66338.40,66520.40,4334
16-06-2026 18:00,66520.40,66748.60,66300.20,66356.70,4605
16-06-2026 18:30,66356.70,66401.50,65943.60,65948.70,4469
16-06-2026 19:00,65948.50,66140.40,65862.90,65982.80,5152
16-06-2026 19:30,65979.30,66197.20,65460.30,65501.40,5138
16-06-2026 20:00,65501.60,65706.30,65291.30,65586.80,5398
16-06-2026 20:30,65586.80,65845.40,65540.00,65747.60,4446
16-06-2026 21:00,65747.60,65932.70,65635.10,65797.50,4781
16-06-2026 21:30,65797.50,65887.10,65649.50,65717.90,4156
16-06-2026 22:00,65717.80,65802.90,65631.00,65687.90,4007
16-06-2026 22:30,65687.90,65793.20,65639.40,65678.60,3346
16-06-2026 23:00,65678.60,65943.50,65642.10,65906.90,3703
16-06-2026 23:30,65906.90,66163.10,65797.90,65843.70,3650
17-06-2026 00:00,65843.70,65906.50,65727.80,65771.10,2816
17-06-2026 00:30,65771.10,65771.10,65480.70,65630.50,3233
17-06-2026 01:00,65630.50,65708.50,65486.40,65605.60,3586
17-06-2026 01:30,65606.30,65778.60,65513.00,65649.50,3079
17-06-2026 02:00,65649.50,65790.10,65642.80,65779.70,2375
17-06-2026 02:30,65779.70,65863.40,65646.50,65651.30,2849
17-06-2026 03:00,65651.30,65709.40,65571.60,65695.00,1349
17-06-2026 03:30,65695.00,65808.90,65638.50,65695.10,2293
17-06-2026 04:00,65695.10,65718.40,65599.80,65700.30,1896
17-06-2026 04:30,65700.50,65755.50,65567.60,65657.60,2144
17-06-2026 05:00,65657.60,65703.00,65550.30,65603.80,2130
17-06-2026 05:30,65603.80,65736.30,65603.80,65652.60,2767
17-06-2026 06:00,65653.50,65779.60,65616.60,65636.10,2640
17-06-2026 06:30,65636.10,65759.40,65414.50,65516.80,3227
17-06-2026 07:00,65516.90,65885.60,65468.20,65866.40,3263
17-06-2026 07:30,65862.40,66059.90,65765.30,66030.90,3121
17-06-2026 08:00,66032.40,66036.10,65709.60,65831.80,3044
17-06-2026 08:30,65831.80,65834.60,65635.20,65709.70,2795
17-06-2026 09:00,65709.70,65809.90,65697.10,65781.90,2159
17-06-2026 09:30,65781.90,65834.30,65713.20,65822.50,2225
17-06-2026 10:00,65822.50,65969.10,65786.70,65812.70,2133
17-06-2026 10:30,65813.20,65905.80,65669.30,65780.20,2430
17-06-2026 11:00,65780.20,65860.50,65695.80,65757.50,2177
17-06-2026 11:30,65757.50,65823.20,65571.70,65578.80,2179
17-06-2026 12:00,65577.70,65661.40,65501.30,65543.70,2347
17-06-2026 12:30,65543.70,65637.40,65407.40,65476.40,2746
17-06-2026 13:00,65476.40,65512.30,65167.30,65454.70,3576
17-06-2026 13:30,65454.70,65493.10,65162.70,65246.00,3266
17-06-2026 14:00,65246.00,65246.00,64768.70,64848.70,4409
17-06-2026 14:30,64848.70,65002.20,64837.10,64971.90,3264
17-06-2026 15:00,64971.30,64997.30,64766.10,64836.40,2485
17-06-2026 15:30,64836.40,64926.00,64743.70,64867.00,3012
17-06-2026 16:00,64867.00,64900.90,64691.10,64726.10,2546
17-06-2026 16:30,64726.10,64779.30,64482.50,64628.00,3696
17-06-2026 17:00,64628.00,64801.40,64587.10,64737.20,1971
17-06-2026 17:30,64737.20,64806.40,64577.00,64619.30,3598
17-06-2026 18:00,64619.30,65033.20,64519.30,64970.00,3775
17-06-2026 18:30,64970.00,65019.20,64788.40,64859.40,3167
17-06-2026 19:00,64859.30,65301.30,64770.10,65222.80,4945
17-06-2026 19:30,65222.80,65392.10,65065.00,65181.10,4866
17-06-2026 20:00,65181.10,65223.90,64712.70,65036.00,4831
17-06-2026 20:30,65035.60,65363.00,64918.30,65267.10,4894
17-06-2026 21:00,65267.10,65784.60,65193.20,65682.80,4508
17-06-2026 21:30,65682.80,66369.60,65650.90,66196.70,4574
17-06-2026 22:00,66193.50,66235.30,65777.30,65800.00,4085
17-06-2026 22:30,65800.00,65942.50,65737.30,65904.80,3832
17-06-2026 23:00,65904.80,66125.20,65752.50,66026.20,3907
17-06-2026 23:30,66026.20,66035.30,64771.90,65341.40,5421
18-06-2026 00:00,65342.30,65977.30,65219.40,65451.30,5716
18-06-2026 00:30,65451.30,65598.10,64297.70,64401.00,5601
18-06-2026 01:00,64401.50,64617.40,63986.90,64245.40,5833
18-06-2026 01:30,64240.90,64391.80,64130.90,64295.30,4184
18-06-2026 02:00,64295.30,64421.60,64123.80,64362.40,3392
18-06-2026 02:30,64362.40,64382.40,64189.90,64196.10,2929
18-06-2026 03:00,64197.50,64340.50,64067.80,64183.60,1952
18-06-2026 03:30,64183.60,64299.80,63852.20,64294.70,3639
18-06-2026 04:00,64294.70,64360.90,64167.00,64225.80,2569
18-06-2026 04:30,64225.80,64457.10,64177.20,64428.30,3041
18-06-2026 05:00,64428.30,64452.00,64326.00,64434.40,2772
18-06-2026 05:30,64434.70,64632.60,64410.80,64523.10,3346
18-06-2026 06:00,64523.10,64620.80,64386.30,64388.80,3459
18-06-2026 06:30,64389.40,64738.80,64388.30,64589.00,3789
18-06-2026 07:00,64591.10,64681.00,64404.70,64480.50,3241
18-06-2026 07:30,64480.50,64674.00,64406.10,64626.90,3230
18-06-2026 08:00,64626.90,64701.10,64595.10,64608.20,2749
18-06-2026 08:30,64605.20,64605.20,64228.30,64230.10,3133
18-06-2026 09:00,64230.70,64326.20,64179.50,64203.60,3422
18-06-2026 09:30,64203.60,64252.00,63759.00,63862.60,4308
18-06-2026 10:00,63862.60,63908.10,63746.80,63797.90,3760
18-06-2026 10:30,63797.90,63917.00,63619.10,63854.20,4455
18-06-2026 11:00,63854.70,63942.30,63762.10,63910.70,3522
18-06-2026 11:30,63910.70,63990.80,63764.90,63900.00,3648
18-06-2026 12:00,63900.00,64042.70,63884.60,63999.30,2543
18-06-2026 12:30,63999.70,64232.70,63928.40,64217.60,2662
18-06-2026 13:00,64217.60,64433.10,64172.10,64425.20,2205
18-06-2026 13:30,64425.20,64563.50,64306.70,64502.40,2661
18-06-2026 14:00,64502.40,64534.80,64299.20,64322.50,2464
18-06-2026 14:30,64323.00,64412.10,64178.00,64182.20,2537
18-06-2026 15:00,64182.20,64259.70,64122.60,64133.00,2113
18-06-2026 15:30,64133.00,64133.00,63841.60,63897.40,2797
18-06-2026 16:00,63897.30,64150.60,63873.70,64012.70,2991
18-06-2026 16:30,64012.70,64129.90,63841.60,63997.40,3326
18-06-2026 17:00,63998.80,64012.50,63809.00,63889.10,2969
18-06-2026 17:30,63889.10,64123.80,63846.10,64117.70,2995
18-06-2026 18:00,64118.60,64325.60,64045.80,64297.00,2679
18-06-2026 18:30,64297.60,64365.80,64203.10,64269.80,2907
18-06-2026 19:00,64269.80,64301.40,63712.30,63894.40,4158
18-06-2026 19:30,63896.50,64105.60,63617.60,63726.10,4560
18-06-2026 20:00,63725.40,63980.70,63506.90,63725.60,4332
18-06-2026 20:30,63725.10,63733.20,63123.50,63153.50,4589
18-06-2026 21:00,63153.50,63291.50,62207.10,62280.80,5473
18-06-2026 21:30,62280.80,62675.90,62250.30,62512.10,4226
18-06-2026 22:00,62512.10,62723.60,62421.30,62595.70,3620
18-06-2026 22:30,62594.60,62614.50,62165.60,62476.10,3663
18-06-2026 23:00,62477.00,62644.10,62410.40,62506.10,3181
18-06-2026 23:30,62506.10,62870.40,62475.20,62752.40,3408
19-06-2026 00:00,62752.40,62791.20,62526.90,62613.00,3154
19-06-2026 00:30,62613.00,62714.60,62537.70,62686.70,2859
19-06-2026 01:00,62686.60,62918.70,62673.90,62853.80,2874
19-06-2026 01:30,62853.80,63175.50,62853.80,63030.00,2776
19-06-2026 02:00,63030.00,63090.10,62952.70,63002.20,1686
19-06-2026 02:30,63002.20,63041.80,62780.90,62873.50,2095
19-06-2026 03:00,62873.50,62920.00,62785.70,62881.60,1608
19-06-2026 03:30,62881.60,62907.70,62691.60,62760.10,2419
19-06-2026 04:00,62760.10,62817.90,62659.70,62802.00,2000
19-06-2026 04:30,62802.00,62851.50,62676.10,62799.90,2506
19-06-2026 05:00,62799.90,62905.60,62770.80,62869.10,2260
19-06-2026 05:30,62869.10,62907.90,62760.80,62887.40,2954
19-06-2026 06:00,62887.40,63008.30,62875.70,62939.40,2418
19-06-2026 06:30,62939.40,63021.20,62816.80,62847.80,2910
19-06-2026 07:00,62847.80,62954.70,62765.40,62942.40,2493
19-06-2026 07:30,62942.40,63031.50,62868.80,62872.20,2527
19-06-2026 08:00,62873.80,62945.40,62809.40,62920.70,2390
19-06-2026 08:30,62920.70,62948.50,62300.90,62763.50,3594
19-06-2026 09:00,62760.70,62760.70,62533.20,62689.30,3376
19-06-2026 09:30,62689.30,62839.80,62534.10,62648.50,3057
19-06-2026 10:00,62648.50,62654.40,62333.80,62377.60,3405
19-06-2026 10:30,62377.60,62595.30,62375.60,62537.30,3107
19-06-2026 11:00,62537.30,62668.90,62483.50,62663.10,2573
19-06-2026 11:30,62663.10,62782.30,62649.00,62760.80,2251
19-06-2026 12:00,62760.20,62842.80,62659.00,62818.50,1993
19-06-2026 12:30,62818.50,62844.00,62644.50,62669.60,2125
19-06-2026 13:00,62669.50,62755.50,62425.70,62549.60,3028
19-06-2026 13:30,62549.60,62644.70,62479.40,62594.80,2585
19-06-2026 14:00,62594.70,62703.90,62489.20,62519.20,2652
19-06-2026 14:30,62519.70,62579.50,62237.60,62304.60,3437
19-06-2026 15:00,62304.60,62419.60,62264.90,62313.20,3057
19-06-2026 15:30,62313.20,62479.00,62303.60,62427.90,3206
19-06-2026 16:00,62427.90,62521.90,62330.10,62459.50,2926
19-06-2026 16:30,62459.30,62609.60,62374.40,62573.10,2886
19-06-2026 17:00,62573.10,62614.10,62514.30,62559.60,2246
19-06-2026 17:30,62559.60,62612.30,62416.60,62487.50,2838
19-06-2026 18:00,62487.50,62798.90,62277.60,62755.20,4345
19-06-2026 18:30,62755.80,62904.60,62594.50,62721.10,4125
19-06-2026 19:00,62721.10,63322.20,62676.00,63138.50,4427
19-06-2026 19:30,63136.70,63226.60,62938.70,63198.60,4138
19-06-2026 20:00,63198.80,63339.80,63101.50,63134.40,3657
19-06-2026 20:30,63134.40,63185.80,62947.30,62985.50,3839
19-06-2026 21:00,62985.70,63213.00,62985.70,63139.60,3800
19-06-2026 21:30,63141.00,63316.70,63021.90,63248.80,3539
19-06-2026 22:00,63248.80,63305.30,62858.20,62903.90,3491
19-06-2026 22:30,62902.70,63045.80,62798.30,62848.30,3552
19-06-2026 23:00,62848.60,63156.10,62840.60,63126.90,3390
19-06-2026 23:30,63126.70,63130.00,63038.10,63045.30,2514
20-06-2026 00:00,63045.30,63105.50,62919.30,63041.70,2707
20-06-2026 00:30,63042.40,63046.30,62870.00,62929.00,2182
20-06-2026 01:00,62929.00,63068.10,62890.30,62958.10,2235
20-06-2026 01:30,62958.50,63014.10,62887.40,63009.50,2490
20-06-2026 02:00,63009.50,63204.20,62958.00,63179.90,2556
20-06-2026 02:30,63179.20,63206.70,63084.10,63087.90,2104
20-06-2026 03:00,63087.90,63099.30,62976.50,63002.50,1847
20-06-2026 03:30,63002.50,63231.20,62979.10,63193.30,2030
20-06-2026 04:00,63193.30,63301.80,63156.00,63244.30,2026
20-06-2026 04:30,63244.30,63267.10,63199.50,63248.60,1802
20-06-2026 05:00,63248.60,63577.80,63228.60,63466.00,2192
20-06-2026 05:30,63466.10,63569.80,63394.10,63543.30,2911
20-06-2026 06:00,63543.30,63705.90,63445.70,63456.60,2941
20-06-2026 06:30,63456.60,63474.40,63333.40,63438.80,2181
20-06-2026 07:00,63438.80,63548.10,63438.80,63509.00,2523
20-06-2026 07:30,63509.00,63512.20,63324.50,63334.60,2083
20-06-2026 08:00,63334.50,63424.40,63262.90,63266.70,2135
20-06-2026 08:30,63269.10,63386.60,63245.80,63378.30,1897
20-06-2026 09:00,63377.80,63442.90,63341.30,63404.60,1774
20-06-2026 09:30,63404.60,63492.10,63329.30,63485.90,1872
20-06-2026 10:00,63485.90,63539.30,63437.50,63511.00,2259
20-06-2026 10:30,63511.00,63803.60,63466.50,63561.90,3074
20-06-2026 11:00,63561.90,63659.50,63513.20,63604.10,2585
20-06-2026 11:30,63604.10,63677.80,63563.00,63624.60,2547
20-06-2026 12:00,63624.60,63678.00,63614.00,63665.50,1190
20-06-2026 12:30,63665.00,63715.40,63522.50,63714.50,2006
20-06-2026 13:00,63714.50,63714.50,63572.30,63580.50,1213
20-06-2026 13:30,63582.20,63584.10,63398.80,63404.60,2134
20-06-2026 14:00,63404.60,63415.40,63315.40,63348.60,2089
20-06-2026 14:30,63348.60,63510.80,63342.80,63499.00,1783
20-06-2026 15:00,63499.20,63709.30,63483.90,63660.40,1855
20-06-2026 15:30,63660.40,63702.50,63564.90,63603.20,1834
20-06-2026 16:00,63603.20,63613.90,63518.80,63597.00,1726
20-06-2026 16:30,63597.00,63665.50,63541.90,63621.90,1611
20-06-2026 17:00,63621.90,63721.60,63606.90,63609.30,1877
20-06-2026 17:30,63609.30,63712.40,63597.20,63663.20,1712
20-06-2026 18:00,63663.20,63670.70,63476.80,63582.40,1677
20-06-2026 18:30,63582.40,63582.40,63206.40,63275.30,2577
20-06-2026 19:00,63275.30,63418.20,63268.40,63325.50,2788
20-06-2026 19:30,63325.10,63342.40,63125.30,63300.30,3032
20-06-2026 20:00,63300.30,64050.70,63269.50,63879.40,4029
20-06-2026 20:30,63880.70,64295.80,63767.00,64112.90,4027
20-06-2026 21:00,64112.90,64132.20,63996.00,64073.00,3061
20-06-2026 21:30,64073.00,64093.10,63896.10,63916.70,2891
20-06-2026 22:00,63916.70,63977.50,63826.40,63954.70,2551
20-06-2026 22:30,63954.60,63955.30,63789.70,63915.20,2164
20-06-2026 23:00,63915.20,63955.20,63670.60,63753.80,2735
20-06-2026 23:30,63753.70,63847.00,63707.60,63781.90,1869
21-06-2026 00:00,63781.90,63802.60,63696.60,63720.10,1567
21-06-2026 00:30,63718.70,63850.50,63710.10,63786.60,1967
21-06-2026 01:00,63786.80,63887.80,63761.40,63854.40,1563
21-06-2026 01:30,63854.40,63895.60,63824.70,63826.90,1561
21-06-2026 02:00,63826.90,63851.80,63765.10,63846.50,1513
21-06-2026 02:30,63846.50,63960.80,63834.50,63848.60,1441
21-06-2026 03:00,63846.30,64003.40,63832.30,63924.70,1789
21-06-2026 03:30,63924.70,64239.70,63891.30,64212.90,2433
21-06-2026 04:00,64212.90,64268.40,64158.10,64186.70,2343
21-06-2026 04:30,64186.70,64229.10,64163.10,64188.20,2123
21-06-2026 05:00,64188.30,64254.90,64169.40,64213.10,2026
21-06-2026 05:30,64213.10,64227.20,64150.20,64182.30,1594
21-06-2026 06:00,64182.30,64233.50,64159.00,64206.00,1527
21-06-2026 06:30,64206.00,64234.20,64147.00,64149.20,1488
21-06-2026 07:00,64149.20,64235.70,64121.40,64157.70,1512
21-06-2026 07:30,64157.20,64176.50,64132.10,64138.90,1451
21-06-2026 08:00,64138.90,64187.50,64133.60,64154.30,2373
21-06-2026 08:30,64154.30,64385.00,64143.50,64265.30,1979
21-06-2026 09:00,64265.30,64368.00,64212.40,64335.10,3563
21-06-2026 09:30,64335.10,64477.30,64289.70,64439.10,1789
21-06-2026 10:00,64439.10,64485.90,64178.60,64192.80,2541
21-06-2026 10:30,64191.60,64217.60,64134.70,64209.90,1986
21-06-2026 11:00,64209.90,64278.40,64143.90,64165.00,1766
21-06-2026 11:30,64165.00,64207.80,64104.40,64189.40,1283
21-06-2026 12:00,64189.40,64236.80,64162.50,64211.90,1619
21-06-2026 12:30,64211.90,64214.00,64078.30,64078.30,1454
21-06-2026 13:00,64078.30,64168.20,64076.40,64098.70,1740
21-06-2026 13:30,64100.00,64138.60,63960.10,63961.00,1437
21-06-2026 14:00,63961.00,63975.90,63810.00,63926.60,2427
21-06-2026 14:30,63926.60,64001.70,63869.10,63960.40,1780
21-06-2026 15:00,63960.40,64156.90,63960.20,64118.90,2154
21-06-2026 15:30,64118.90,64291.10,64109.80,64214.90,2176
21-06-2026 16:00,64214.90,64319.90,64203.20,64273.30,2060
21-06-2026 16:30,64273.30,64384.90,64027.40,64294.60,2519
21-06-2026 17:00,64293.70,64308.70,64016.10,64083.20,2370
21-06-2026 17:30,64083.40,64142.30,63895.70,63928.20,2522
21-06-2026 18:00,63923.10,64128.90,63865.70,64097.80,2095
21-06-2026 18:30,64097.80,64100.40,64017.60,64075.30,1941
21-06-2026 19:00,64075.20,64078.20,63924.60,64055.60,1854
21-06-2026 19:30,64055.60,64063.40,63919.20,63948.00,1644
21-06-2026 20:00,63948.00,64060.50,63908.40,64048.60,1701
21-06-2026 20:30,64048.60,64203.00,64023.90,64167.50,2091
21-06-2026 21:00,64168.90,64262.40,64097.60,64133.80,2167
21-06-2026 21:30,64133.80,64157.90,64015.80,64092.30,1963
21-06-2026 22:00,64092.30,64120.20,63948.70,64053.10,2303
21-06-2026 22:30,64053.10,64127.10,64009.20,64014.10,1552
21-06-2026 23:00,64014.10,64097.20,63979.50,64052.60,1654
21-06-2026 23:30,64052.60,64065.40,63862.00,63951.20,2088
22-06-2026 00:00,63951.20,64147.80,63942.30,64119.70,3122
22-06-2026 00:30,64117.30,64203.60,64071.00,64131.70,1766
22-06-2026 01:00,64132.10,64152.90,64082.90,64110.60,1520
22-06-2026 01:30,64110.60,64179.40,63970.90,64025.90,2134
22-06-2026 02:00,64025.90,64043.50,63612.90,63754.60,2676
22-06-2026 02:30,63754.60,63786.10,63420.10,63598.00,2505
22-06-2026 03:00,63600.00,63873.40,63599.70,63715.40,2585
22-06-2026 03:30,63712.90,63767.80,63483.90,63637.20,3610
22-06-2026 04:00,63637.20,63765.90,63490.40,63712.20,3127
22-06-2026 04:30,63712.20,63712.20,63527.10,63551.00,3237
22-06-2026 05:00,63551.00,63578.40,63193.70,63222.10,4169
22-06-2026 05:30,63222.10,63666.40,63221.80,63632.60,4375
22-06-2026 06:00,63632.60,63997.00,63614.00,63800.00,3999
22-06-2026 06:30,63800.00,64692.00,63756.80,64561.60,4635
22-06-2026 07:00,64561.20,64626.20,64281.10,64516.30,4731
22-06-2026 07:30,64517.10,64573.20,64402.70,64443.40,3954
22-06-2026 08:00,64443.40,64495.50,64150.20,64165.60,3710
22-06-2026 08:30,64164.80,64367.90,63819.20,64193.10,4280
22-06-2026 09:00,64193.10,64347.70,63823.20,63875.20,3628
22-06-2026 09:30,63875.20,63931.90,63775.10,63871.90,3101
22-06-2026 10:00,63871.90,64020.40,63861.20,64004.40,2899
22-06-2026 10:30,64004.40,64201.10,63990.10,64145.10,3028
22-06-2026 11:00,64145.10,64246.00,64080.40,64153.00,2776
22-06-2026 11:30,64153.00,64231.10,63996.00,64029.40,2472
22-06-2026 12:00,64029.40,64060.70,63855.40,63897.70,2356
22-06-2026 12:30,63897.70,64212.10,63875.10,64171.00,3374
22-06-2026 13:00,64170.40,64294.60,64078.30,64120.30,2455
22-06-2026 13:30,64120.30,64259.20,64017.50,64101.30,3027
22-06-2026 14:00,64101.30,64202.30,63947.40,64076.90,2195
22-06-2026 14:30,64076.10,64171.10,64009.00,64030.60,2107
22-06-2026 15:00,64030.60,64108.30,63966.40,64058.80,1897
22-06-2026 15:30,64058.80,64191.20,64043.90,64097.00,1701
22-06-2026 16:00,64097.00,64120.80,63991.60,64053.60,1214
22-06-2026 16:30,64053.60,64381.80,64013.70,64281.50,2910
22-06-2026 17:00,64281.50,64686.70,64281.50,64574.50,3083
22-06-2026 17:30,64574.50,64903.00,64492.00,64870.40,2888
22-06-2026 18:00,64871.30,65126.50,64757.50,65069.80,3368
22-06-2026 18:30,65069.80,65116.80,64863.20,64912.90,2747
22-06-2026 19:00,64912.90,65504.20,64905.40,65488.80,5023
22-06-2026 19:30,65488.80,65535.60,64881.70,64881.70,4254
22-06-2026 20:00,64881.70,64986.40,64758.70,64892.80,4462
22-06-2026 20:30,64892.80,65062.10,64828.60,64961.50,4184
22-06-2026 21:00,64962.20,65038.50,64670.50,64752.40,3976
22-06-2026 21:30,64752.40,64773.30,64559.80,64597.50,4072
22-06-2026 22:00,64597.50,64702.00,64423.70,64629.70,3676
22-06-2026 22:30,64630.50,64681.80,64440.90,64441.70,2754
22-06-2026 23:00,64441.70,64567.40,64305.00,64522.20,3383
22-06-2026 23:30,64522.20,64646.10,64481.30,64512.80,2941
23-06-2026 00:00,64512.80,64536.90,64226.10,64253.00,2817
23-06-2026 00:30,64255.60,64348.90,64210.10,64264.60,3270
23-06-2026 01:00,64264.60,64421.50,64190.50,64414.60,3447
23-06-2026 01:30,64414.60,64584.40,64277.60,64326.20,2679
23-06-2026 02:00,64326.20,64422.70,64305.90,64346.70,2061
23-06-2026 02:30,64346.70,64401.00,64165.90,64216.10,2237
23-06-2026 03:00,64216.10,64245.60,64062.60,64233.50,1719
23-06-2026 03:30,64233.50,64311.30,63835.20,63942.20,2513
23-06-2026 04:00,63946.40,64050.10,63719.00,63879.40,3473
23-06-2026 04:30,63879.40,63968.00,63804.30,63951.50,2576
23-06-2026 05:00,63951.50,63964.30,63859.30,63937.90,2205
23-06-2026 05:30,63937.90,63944.90,63743.70,63771.90,2977
23-06-2026 06:00,63771.90,64070.60,63770.80,64066.30,2939
23-06-2026 06:30,64066.30,64192.50,64045.40,64120.50,3081
23-06-2026 07:00,64119.50,64157.90,63807.00,64065.80,3442
23-06-2026 07:30,64066.50,64141.00,63952.40,64081.20,3265
23-06-2026 08:00,64081.20,64183.00,64067.20,64109.60,2234
23-06-2026 08:30,64109.60,64113.70,63874.90,64000.60,2457
23-06-2026 09:00,64000.00,64000.00,63872.10,63975.30,2035
23-06-2026 09:30,63975.30,64003.70,63813.50,63887.50,1966
23-06-2026 10:00,63887.50,63887.50,63520.00,63535.60,3023
23-06-2026 10:30,63531.10,63641.00,63307.30,63389.00,3579
23-06-2026 11:00,63388.60,63431.40,63267.30,63308.30,3669
23-06-2026 11:30,63308.30,63310.90,62488.20,62682.20,4629
23-06-2026 12:00,62682.20,62954.20,62599.90,62851.50,3759
23-06-2026 12:30,62851.50,63007.20,62807.60,62916.30,3096
23-06-2026 13:00,62916.30,62946.10,62775.10,62794.00,3117
23-06-2026 13:30,62794.00,62856.20,61859.40,61955.70,5228
23-06-2026 14:00,61955.70,62375.40,61953.30,62296.20,3943
23-06-2026 14:30,62296.10,62428.20,62264.40,62427.20,2670
23-06-2026 15:00,62427.20,62429.10,62257.30,62291.90,2242
23-06-2026 15:30,62291.90,62491.30,62249.10,62279.50,2939
23-06-2026 16:00,62279.50,62293.20,62151.50,62230.90,2555
23-06-2026 16:30,62231.10,62490.40,62227.00,62454.00,2897
23-06-2026 17:00,62454.00,62540.80,62332.90,62421.60,2813
23-06-2026 17:30,62421.60,62472.80,62256.00,62316.60,2566
23-06-2026 18:00,62319.20,62393.00,62126.50,62174.90,3160
23-06-2026 18:30,62174.90,62205.50,61933.20,61960.30,3656
23-06-2026 19:00,61963.20,62450.10,61870.20,62389.10,5129
23-06-2026 19:30,62389.70,62761.90,62344.40,62487.20,5377
23-06-2026 20:00,62487.20,62687.30,62342.60,62403.50,5021
23-06-2026 20:30,62403.50,62426.80,62108.00,62185.50,4408
23-06-2026 21:00,62186.00,62406.00,62117.20,62395.90,3880
23-06-2026 21:30,62395.90,62732.80,62332.90,62492.10,3703
23-06-2026 22:00,62492.10,62566.70,62400.00,62464.60,3284
23-06-2026 22:30,62464.60,62576.30,62328.30,62555.10,3221
23-06-2026 23:00,62555.10,62602.40,62243.80,62264.30,2970
23-06-2026 23:30,62264.30,62358.50,62176.80,62254.80,2953
24-06-2026 00:00,62254.80,62254.80,62004.30,62147.90,3206
24-06-2026 00:30,62147.80,62353.10,62137.10,62348.10,3457
24-06-2026 01:00,62348.10,62382.10,62180.80,62313.70,3197
24-06-2026 01:30,62312.20,62440.20,62301.90,62398.20,2500
24-06-2026 02:00,62397.50,62401.60,62295.40,62375.60,2061
24-06-2026 02:30,62376.60,62523.40,62376.60,62479.30,1938
24-06-2026 03:00,62479.30,62570.70,62459.60,62508.30,1312
24-06-2026 03:30,62508.30,62688.40,62474.20,62518.30,2523
24-06-2026 04:00,62518.30,62537.40,62427.50,62498.50,2152
24-06-2026 04:30,62499.00,62595.10,62412.10,62574.80,2610
24-06-2026 05:00,62574.80,62704.00,62502.50,62635.70,2610
24-06-2026 05:30,62635.70,62834.90,62633.70,62758.00,4017
24-06-2026 06:00,62758.00,62933.50,62698.50,62919.40,3161
24-06-2026 06:30,62920.20,62932.70,62679.20,62819.00,3744
24-06-2026 07:00,62819.30,63021.60,62817.80,62841.10,3694
24-06-2026 07:30,62841.10,62916.80,62592.10,62671.20,3265
24-06-2026 08:00,62671.20,62708.50,62510.10,62537.80,2864
24-06-2026 08:30,62537.80,62588.10,62366.20,62576.40,2873
24-06-2026 09:00,62576.40,62738.70,62574.70,62638.00,2394
24-06-2026 09:30,62638.00,62659.70,62432.30,62496.00,2285
24-06-2026 10:00,62496.00,62700.20,62495.40,62650.50,2326
24-06-2026 10:30,62650.50,62790.00,62610.90,62783.80,2418
24-06-2026 11:00,62783.80,62971.00,62761.10,62790.10,2244
24-06-2026 11:30,62790.10,62816.70,62668.90,62749.20,2424
24-06-2026 12:00,62749.20,62778.80,62631.40,62679.90,2015
24-06-2026 12:30,62679.80,62747.10,62571.30,62571.70,2466
24-06-2026 13:00,62571.70,62634.40,62508.30,62552.40,2268
24-06-2026 13:30,62552.70,62618.20,62498.00,62606.10,2649
24-06-2026 14:00,62606.10,62705.60,62566.40,62695.70,1874
24-06-2026 14:30,62695.70,62697.10,62575.50,62582.40,2182
24-06-2026 15:00,62582.40,62622.00,62533.70,62581.90,1931
24-06-2026 15:30,62581.50,62587.80,62394.80,62442.00,2524
24-06-2026 16:00,62441.90,62531.70,62323.50,62344.20,2468
24-06-2026 16:30,62344.20,62376.40,62211.80,62278.30,2405
24-06-2026 17:00,62278.30,63105.70,62278.30,62822.20,2861
24-06-2026 17:30,62823.40,62879.10,62655.40,62725.80,3906
24-06-2026 18:00,62725.80,62805.40,62484.60,62516.10,3210
24-06-2026 18:30,62516.10,62530.40,61598.20,61749.10,5046
24-06-2026 19:00,61744.40,62037.70,61151.90,61224.30,5831
24-06-2026 19:30,61224.30,61357.40,60800.20,61125.30,5666
24-06-2026 20:00,61124.70,61272.20,60850.40,61006.10,5364
24-06-2026 20:30,61006.10,61029.90,60725.50,60760.90,5281
24-06-2026 21:00,60760.90,60766.90,60151.10,60164.10,5597
24-06-2026 21:30,60164.10,60562.80,60122.30,60452.60,5470
24-06-2026 22:00,60452.60,60467.40,59543.40,59747.60,5731
24-06-2026 22:30,59748.00,59957.80,59245.50,59579.60,5978
24-06-2026 23:00,59579.90,59656.80,59006.10,59306.20,6031
24-06-2026 23:30,59306.20,59825.40,59211.20,59613.80,5589
25-06-2026 00:00,59613.80,59647.60,59313.20,59501.20,4924
25-06-2026 00:30,59501.20,59736.80,59423.20,59728.70,5043
25-06-2026 01:00,59732.60,59881.90,59629.10,59862.90,4860
25-06-2026 01:30,59862.90,60729.80,59747.80,60674.00,5772
25-06-2026 02:00,60674.00,61099.80,60574.70,60857.90,4873
25-06-2026 02:30,60857.90,60918.30,60562.40,60746.80,3853
25-06-2026 03:00,60746.80,61037.70,60694.70,61003.60,2641
25-06-2026 03:30,61003.60,61152.50,60770.20,60781.00,3520
25-06-2026 04:00,60781.00,60845.90,60705.00,60768.60,2930
25-06-2026 04:30,60767.70,60925.10,60719.00,60874.80,2863
25-06-2026 05:00,60874.80,60999.00,60831.80,60970.80,3089
25-06-2026 05:30,60970.80,61053.40,60809.30,60811.70,4051
25-06-2026 06:00,60811.70,60879.10,60630.70,60707.40,3764
25-06-2026 06:30,60707.40,60826.90,60608.10,60746.60,3727
25-06-2026 07:00,60746.60,60884.20,60692.30,60812.50,3248
25-06-2026 07:30,60812.70,60856.40,60614.80,60825.90,2885
25-06-2026 08:00,60826.90,60827.50,60594.10,60686.30,2871
25-06-2026 08:30,60686.30,60764.60,60576.90,60679.70,2981
25-06-2026 09:00,60679.70,60792.20,60632.60,60769.60,2373
25-06-2026 09:30,60769.60,60809.70,60677.20,60785.90,2323
25-06-2026 10:00,60786.40,61296.60,60696.50,61239.00,3128
25-06-2026 10:30,61238.50,61685.80,61166.70,61499.90,4524
25-06-2026 11:00,61499.90,61567.10,61398.90,61486.50,3354
25-06-2026 11:30,61486.50,61686.00,61485.20,61558.80,3595
25-06-2026 12:00,61559.60,61739.10,61543.00,61612.40,3144
25-06-2026 12:30,61614.60,61783.70,61552.30,61699.00,3558
25-06-2026 13:00,61699.00,61853.40,61696.10,61804.90,3027
25-06-2026 13:30,61804.90,61813.60,61599.70,61670.40,2186
25-06-2026 14:00,61670.40,61692.60,61572.40,61598.80,2056
25-06-2026 14:30,61598.80,61679.00,61500.40,61584.70,2119
25-06-2026 15:00,61584.70,61666.80,61571.10,61624.70,2437
25-06-2026 15:30,61624.70,61643.40,61459.80,61470.20,2232
25-06-2026 16:00,61470.20,61482.40,61157.30,61168.40,2895
25-06-2026 16:30,61168.40,61310.40,60957.60,61132.80,3968
25-06-2026 17:00,61132.70,61284.60,61043.70,61170.70,2873
25-06-2026 17:30,61170.70,61255.80,60961.70,60983.30,3418
25-06-2026 18:00,60984.30,61606.00,60984.30,61120.50,5083
25-06-2026 18:30,61120.50,61248.50,61051.60,61124.90,4163
25-06-2026 19:00,61124.90,61215.60,58019.50,58158.50,5295
25-06-2026 19:30,58175.30,59623.50,58175.30,59222.60,5964
25-06-2026 20:00,59222.60,60354.30,59077.80,59369.60,5774
25-06-2026 20:30,59366.50,59370.70,58761.60,59147.40,5859
25-06-2026 21:00,59147.70,59532.50,58969.00,59456.10,5791
25-06-2026 21:30,59456.50,59947.80,59357.30,59642.70,5452
25-06-2026 22:00,59642.70,59642.70,59056.10,59205.20,4902
25-06-2026 22:30,59206.50,59489.40,59035.30,59443.30,4806
25-06-2026 23:00,59447.10,59626.90,59334.40,59573.20,4762
25-06-2026 23:30,59574.70,59681.90,59289.40,59612.20,4747
26-06-2026 00:00,59613.30,59613.70,59255.80,59396.70,4490
26-06-2026 00:30,59397.20,59422.40,59078.10,59243.70,4086
26-06-2026 01:00,59241.00,59332.20,59082.70,59214.30,3887
26-06-2026 01:30,59218.60,59636.30,59218.60,59510.40,3792
26-06-2026 02:00,59510.40,59550.60,59233.70,59346.00,3333
26-06-2026 02:30,59346.00,59605.90,59342.70,59605.70,2476
26-06-2026 03:00,59605.70,60132.70,59593.30,60105.70,2674
26-06-2026 03:30,60104.30,60104.60,59692.40,59726.80,2761
26-06-2026 04:00,59670.60,59820.20,59633.50,59739.00,2328
26-06-2026 04:30,59738.60,60068.30,59689.80,59993.40,2855
26-06-2026 05:00,59996.60,60089.90,59634.70,59694.00,3749
26-06-2026 05:30,59694.00,59804.10,59600.70,59672.90,4497
26-06-2026 06:00,59671.60,59775.30,59531.20,59561.40,4516
26-06-2026 06:30,59560.70,59683.30,59196.00,59196.40,4488
26-06-2026 07:00,59194.70,59335.00,59127.90,59332.80,4397
26-06-2026 07:30,59332.80,59356.10,58260.50,58784.50,5095
26-06-2026 08:00,58784.50,58908.90,58336.80,58456.20,5507
26-06-2026 08:30,58456.20,59078.80,58235.90,58991.70,5444
26-06-2026 09:00,58991.80,60017.00,58906.10,59930.90,5387
26-06-2026 09:30,59930.90,60122.10,59734.50,59885.20,4952
26-06-2026 10:00,59885.20,59917.90,59732.50,59820.20,4358
26-06-2026 10:30,59820.20,59937.50,59632.00,59855.50,4483
26-06-2026 11:00,59855.20,59940.00,59683.10,59843.70,4222
26-06-2026 11:30,59843.80,59991.10,59606.30,59940.60,4455
26-06-2026 12:00,59941.60,60346.60,59848.90,60221.10,4794
26-06-2026 12:30,60221.10,60583.10,60177.90,60483.80,4673
26-06-2026 13:00,60483.60,60642.50,60394.70,60423.30,4140
26-06-2026 13:30,60423.30,60462.00,60082.00,60207.30,4340
26-06-2026 14:00,60207.30,60244.80,60043.30,60140.80,3494
26-06-2026 14:30,60141.20,60155.50,59971.90,60024.30,3665
26-06-2026 15:00,60024.50,60028.90,59487.90,59632.40,4407
26-06-2026 15:30,59632.40,59750.70,59548.20,59623.30,4281
26-06-2026 16:00,59624.90,59709.90,59140.50,59212.70,4450
26-06-2026 16:30,59212.70,59480.30,59164.60,59320.80,4609
26-06-2026 17:00,59320.90,59424.70,59185.70,59317.20,4516
26-06-2026 17:30,59317.20,59626.80,59234.80,59626.80,4807
26-06-2026 18:00,59627.10,59894.60,58871.30,59082.50,5768
26-06-2026 18:30,59083.00,59163.20,58447.50,58798.90,5443
26-06-2026 19:00,58805.80,60104.10,58740.60,60067.90,5536
26-06-2026 19:30,60068.80,60171.00,59716.10,59956.30,5523
26-06-2026 20:00,59955.20,59957.90,59292.40,59491.40,5359
26-06-2026 20:30,59489.70,60271.70,59480.80,60082.40,5298
26-06-2026 21:00,60082.40,60399.10,60029.80,60229.50,5173
26-06-2026 21:30,60229.50,60455.60,59872.80,59940.20,4951
26-06-2026 22:00,59941.30,60273.90,59903.40,59935.00,4842
26-06-2026 22:30,59935.00,60180.60,59905.50,60072.30,4716
26-06-2026 23:00,60072.30,60112.20,59845.90,59919.30,4171
26-06-2026 23:30,59919.30,60053.90,59709.50,59728.10,4075
27-06-2026 00:00,59728.00,59777.30,59467.20,59563.20,3703
27-06-2026 00:30,59563.20,59980.00,59509.50,59831.90,4048
27-06-2026 01:00,59831.90,59985.60,59664.80,59664.80,4072
27-06-2026 01:30,59664.80,59884.20,59579.00,59674.60,3981
27-06-2026 02:00,59674.70,59694.10,59483.60,59617.00,3824
27-06-2026 02:30,59606.00,59780.40,59572.70,59769.10,3075
27-06-2026 03:00,59769.10,59946.10,59757.70,59814.10,2710
27-06-2026 03:30,59814.10,59879.80,59651.20,59788.60,3084
27-06-2026 04:00,59788.60,59984.90,59764.80,59944.40,2320
27-06-2026 04:30,59944.40,60017.50,59875.80,59876.60,2565
27-06-2026 05:00,59876.60,60016.20,59835.50,59998.00,2251
27-06-2026 05:30,59998.00,60096.70,59931.30,59944.60,2596
27-06-2026 06:00,59944.60,59975.10,59776.50,59963.50,2304
27-06-2026 06:30,59963.80,59975.00,59837.80,59896.90,2154
27-06-2026 07:00,59897.50,59897.50,59831.50,59842.50,1828
27-06-2026 07:30,59840.70,60273.50,59819.50,60193.80,2693
27-06-2026 08:00,60193.80,60255.90,60095.60,60182.80,2509
27-06-2026 08:30,60183.40,60304.30,60056.20,60207.50,2897
27-06-2026 09:00,60207.50,60277.30,60155.50,60203.10,2129
27-06-2026 09:30,60203.10,60374.80,60202.50,60288.60,2346
27-06-2026 10:00,60288.60,60342.70,60112.90,60140.40,2033
27-06-2026 10:30,60140.40,60210.30,60055.50,60056.60,2230
27-06-2026 11:00,60059.20,60174.70,60030.40,60136.20,2350
27-06-2026 11:30,60136.30,60139.30,60012.60,60099.50,2232
27-06-2026 12:00,60099.50,60385.40,60099.50,60264.80,2745
27-06-2026 12:30,60264.80,60341.20,60191.80,60325.30,2074
27-06-2026 13:00,60325.80,60467.70,60281.30,60443.10,2224
27-06-2026 13:30,60443.10,60444.60,60338.10,60347.10,2215
27-06-2026 14:00,60347.10,60416.60,60265.10,60347.00,1932
27-06-2026 14:30,60347.30,60391.10,60182.50,60262.60,1878
27-06-2026 15:00,60262.60,60340.50,60262.50,60311.60,1444
27-06-2026 15:30,60311.60,60389.20,60296.10,60350.00,1372
27-06-2026 16:00,60350.00,60352.30,60269.80,60310.20,1324
27-06-2026 16:30,60310.20,60342.90,60134.00,60157.50,1416
27-06-2026 17:00,60157.50,60314.70,60096.10,60258.10,2083
27-06-2026 17:30,60258.10,60258.10,60147.80,60232.80,1760
27-06-2026 18:00,60232.80,60321.60,60201.20,60317.20,1225
27-06-2026 18:30,60317.20,60378.90,60280.70,60361.40,1909
27-06-2026 19:00,60361.90,60541.70,60339.30,60473.80,2391
27-06-2026 19:30,60473.80,60609.10,60398.10,60489.60,2649
27-06-2026 20:00,60489.60,60563.80,60426.90,60502.10,2245
27-06-2026 20:30,60502.10,60794.70,60457.10,60700.00,3342
27-06-2026 21:00,60700.00,60834.90,60636.80,60731.00,2744
27-06-2026 21:30,60731.00,60740.70,60575.40,60608.70,2551
27-06-2026 22:00,60608.70,60716.80,60562.20,60701.50,2463
27-06-2026 22:30,60700.70,60708.30,60324.20,60469.40,3365
27-06-2026 23:00,60469.40,60546.00,60395.80,60413.40,2908
27-06-2026 23:30,60413.40,60456.50,60339.90,60405.50,2564
28-06-2026 00:00,60405.50,60467.10,60392.00,60467.10,1949
28-06-2026 00:30,60467.10,60500.30,60154.90,60216.10,2512
28-06-2026 01:00,60216.10,60217.90,59976.60,60069.70,3214
28-06-2026 01:30,60070.00,60196.00,60065.60,60167.00,2288
28-06-2026 02:00,60167.00,60195.20,60145.50,60192.90,1814
28-06-2026 02:30,60193.90,60344.10,60193.10,60343.60,1911
28-06-2026 03:00,60343.10,60376.00,60035.00,60094.90,2658
28-06-2026 03:30,60094.90,60094.90,59765.90,60028.80,3575
28-06-2026 04:00,60028.40,60149.50,60021.10,60125.70,2648
28-06-2026 04:30,60125.70,60214.60,59847.30,59885.20,3257
28-06-2026 05:00,59885.20,59985.30,59864.60,59928.70,2562
28-06-2026 05:30,59928.70,60091.00,59908.90,60064.20,2533
28-06-2026 06:00,60064.20,60090.00,59983.20,60048.60,2278
28-06-2026 06:30,60048.50,60135.20,59883.60,60102.50,2662
28-06-2026 07:00,60102.50,60168.10,60083.00,60120.90,2376
28-06-2026 07:30,60120.90,60235.90,59953.20,60018.00,2487
28-06-2026 08:00,60018.00,60087.00,60007.70,60051.20,1766
28-06-2026 08:30,60049.80,60178.70,60049.80,60165.90,1597
28-06-2026 09:00,60166.10,60183.60,60060.60,60101.00,1359
28-06-2026 09:30,60101.00,60137.90,60042.30,60107.40,1673
28-06-2026 10:00,60107.40,60107.40,59994.70,60034.00,1731
28-06-2026 10:30,60033.80,60039.20,59661.00,59738.10,2906
28-06-2026 11:00,59738.10,59918.00,59694.90,59885.10,2383
28-06-2026 11:30,59885.10,59922.10,59707.10,59826.90,2885
28-06-2026 12:00,59826.90,59932.90,59825.00,59910.10,1836
28-06-2026 12:30,59909.70,60072.80,59909.70,60006.10,2304
28-06-2026 13:00,60006.10,60161.50,60005.00,60120.20,2024
28-06-2026 13:30,60120.20,60154.50,60040.10,60127.50,1809
28-06-2026 14:00,60127.50,60437.40,60126.80,60268.10,2773
28-06-2026 14:30,60268.10,60358.50,60193.60,60227.50,2036
28-06-2026 15:00,60227.50,60306.70,60149.40,60160.70,2121
28-06-2026 15:30,60160.70,60193.30,59967.50,60006.20,2197
28-06-2026 16:00,60005.90,60078.30,59974.40,60068.20,1934
28-06-2026 16:30,60068.20,60266.00,60019.00,60213.50,2028
28-06-2026 17:00,60213.50,60275.40,60154.50,60242.40,1860
28-06-2026 17:30,60242.40,60301.00,60087.10,60238.10,2483
28-06-2026 18:00,60235.50,60333.90,60101.70,60194.00,2905
28-06-2026 18:30,60194.00,60194.00,59885.70,60025.10,3421
28-06-2026 19:00,60025.10,60087.80,59945.70,59969.20,2854
28-06-2026 19:30,59969.80,60146.30,59931.10,60053.20,2952
28-06-2026 20:00,60053.20,60094.10,59913.50,59926.90,3007
28-06-2026 20:30,59926.90,60030.90,59784.90,59941.60,3189
28-06-2026 21:00,59941.90,59995.20,59728.70,59791.30,3166
28-06-2026 21:30,59791.30,59846.70,59586.90,59663.80,3295
28-06-2026 22:00,59663.80,59700.00,59490.90,59589.60,4295
28-06-2026 22:30,59589.60,59745.00,59470.80,59499.60,3394
28-06-2026 23:00,59499.60,59544.90,59304.10,59485.70,3622
28-06-2026 23:30,59485.70,59601.30,59472.60,59512.10,3164
29-06-2026 00:00,59512.10,59572.80,59403.80,59507.90,2789
29-06-2026 00:30,59507.50,59510.00,59340.50,59450.60,2116
29-06-2026 01:00,59450.60,59575.90,59174.80,59380.50,3616
29-06-2026 01:30,59380.50,59658.60,59373.40,59614.60,3015
29-06-2026 02:00,59614.60,59621.90,59526.90,59553.70,2166
29-06-2026 02:30,59553.70,59635.00,59537.40,59602.20,1263
29-06-2026 03:00,59602.20,59679.20,59225.30,59340.70,2311
29-06-2026 03:30,59340.70,59802.00,59099.80,59276.10,3951
29-06-2026 04:00,59275.10,59359.00,58821.00,58963.60,4032
29-06-2026 04:30,58965.20,59476.60,58903.90,59437.60,3527
29-06-2026 05:00,59437.30,59740.60,59423.30,59466.90,3369
29-06-2026 05:30,59466.90,59585.00,59095.40,59106.30,3815
29-06-2026 06:00,59106.90,59587.70,58897.10,59551.20,3948
29-06-2026 06:30,59551.20,59581.70,59127.40,59195.00,3483
29-06-2026 07:00,59194.80,59466.20,59105.80,59331.00,3637
29-06-2026 07:30,59331.00,59480.00,58813.90,59433.60,4193
29-06-2026 08:00,59433.60,59696.80,59387.20,59645.20,3634
29-06-2026 08:30,59644.10,60097.60,59644.10,60066.30,3762
29-06-2026 09:00,60061.30,60089.50,59767.30,59936.30,3167
29-06-2026 09:30,59936.30,59947.10,59739.40,59851.30,2477
29-06-2026 10:00,59852.10,59855.30,59634.20,59721.90,2482
29-06-2026 10:30,59721.90,59754.40,59277.80,59576.80,3300
29-06-2026 11:00,59576.80,59990.80,59534.40,59990.50,3329
29-06-2026 11:30,59990.50,60228.40,59968.00,60058.20,3719
29-06-2026 12:00,60058.90,60099.00,59941.00,59973.60,3227
29-06-2026 12:30,59973.60,60079.50,59823.70,59999.00,3753
29-06-2026 13:00,59999.00,60032.00,59920.20,59922.10,3228
29-06-2026 13:30,59921.90,59987.20,59700.40,59722.00,4470
29-06-2026 14:00,59721.40,59830.10,59635.50,59734.10,3763
29-06-2026 14:30,59734.10,60003.60,59680.90,59831.40,4005
29-06-2026 15:00,59830.60,59977.70,59787.10,59957.20,4124
29-06-2026 15:30,59957.20,60212.30,59957.20,60116.70,3490
29-06-2026 16:00,60116.70,60120.20,59968.70,59987.40,2750
29-06-2026 16:30,59987.40,59998.30,59787.30,59893.70,3454
29-06-2026 17:00,59893.70,60120.40,59695.70,59855.80,3846
29-06-2026 17:30,59855.90,60672.30,59492.20,60341.50,5663
29-06-2026 18:00,60341.50,60366.00,59688.40,59851.20,4554
29-06-2026 18:30,59851.20,60224.50,59851.20,59886.70,4478
29-06-2026 19:00,59873.90,60167.90,59220.10,59458.20,4987
29-06-2026 19:30,59458.20,59472.30,58895.90,59396.50,5207
29-06-2026 20:00,59390.50,59578.90,59136.10,59347.10,5403
29-06-2026 20:30,59347.10,59372.70,58966.30,59372.70,4967
29-06-2026 21:00,59372.60,59832.20,59372.60,59699.00,4912
29-06-2026 21:30,59698.70,59803.90,59467.90,59485.00,4375
29-06-2026 22:00,59485.00,59870.60,59480.90,59773.10,4347
29-06-2026 22:30,59773.10,60525.70,59772.20,60438.40,5427
29-06-2026 23:00,60438.40,60558.80,60281.00,60306.70,4797
29-06-2026 23:30,60306.70,60421.80,60130.10,60170.40,4036
30-06-2026 00:00,60170.40,60235.20,60081.40,60189.90,3365
30-06-2026 00:30,60189.90,60376.70,60047.40,60353.40,2932
30-06-2026 01:00,60354.20,60450.00,60206.10,60324.50,4156
30-06-2026 01:30,60324.50,60443.80,60250.00,60297.50,3694
30-06-2026 02:00,60298.20,60371.90,60187.80,60190.90,2680
30-06-2026 02:30,60194.50,60311.70,60153.40,60249.60,2700
30-06-2026 03:00,60249.60,60485.90,60249.60,60384.90,2024
30-06-2026 03:30,60384.90,60415.70,60253.60,60343.70,2718
30-06-2026 04:00,60343.70,60357.30,60243.00,60249.60,2621
30-06-2026 04:30,60249.60,60280.30,60102.60,60127.20,2629
30-06-2026 05:00,60126.80,60195.10,60116.00,60155.90,2948
30-06-2026 05:30,60155.50,60174.70,59817.90,59834.20,3164
30-06-2026 06:00,59834.10,59834.10,59593.90,59736.40,4164
30-06-2026 06:30,59736.40,59945.60,59672.60,59940.30,4118
30-06-2026 07:00,59938.10,59950.30,59688.60,59840.20,2752
30-06-2026 07:30,59840.20,59886.00,59644.10,59866.80,2161
30-06-2026 08:00,59867.10,59938.10,59811.20,59837.90,2058
30-06-2026 08:30,59837.90,59914.30,59707.20,59738.70,2282
30-06-2026 09:00,59738.70,59743.20,59476.10,59505.10,2756
30-06-2026 09:30,59505.10,59506.10,59309.00,59435.30,2813
30-06-2026 10:00,59435.30,59582.20,59329.20,59375.10,2662
30-06-2026 10:30,59375.10,59412.40,59250.50,59275.80,2302
30-06-2026 11:00,59276.10,59540.70,59241.40,59537.90,2260
30-06-2026 11:30,59537.90,59600.90,59402.80,59586.00,1547
30-06-2026 12:00,59586.00,59604.50,59435.00,59484.40,1406
30-06-2026 12:30,59484.40,59524.00,59336.10,59364.10,1633
30-06-2026 13:00,59364.10,59458.30,59357.10,59415.30,1807
30-06-2026 13:30,59415.30,59445.70,59254.80,59298.00,1861
30-06-2026 14:00,59298.00,59337.10,59081.90,59202.80,2453
30-06-2026 14:30,59202.80,59292.70,59152.80,59195.30,1482
30-06-2026 15:00,59195.30,59314.30,59144.50,59264.50,1782
30-06-2026 15:30,59264.50,59318.60,59204.50,59264.90,1619
30-06-2026 16:00,59264.90,59302.50,59178.60,59220.80,1834
30-06-2026 16:30,59224.20,59308.50,59092.70,59115.00,2041
30-06-2026 17:00,59115.00,59224.50,59013.40,59071.40,2964
30-06-2026 17:30,59071.40,59080.60,58653.40,58748.00,3550
30-06-2026 18:00,58746.80,58783.20,58283.70,58293.90,3473
30-06-2026 18:30,58293.90,58536.60,58226.30,58399.70,3565
30-06-2026 19:00,58399.10,58684.10,58127.40,58629.30,4440
30-06-2026 19:30,58629.30,59165.30,58547.10,58931.80,4308
30-06-2026 20:00,58931.80,58995.10,58318.90,58363.80,4234
30-06-2026 20:30,58363.80,58482.40,58078.10,58268.60,4135
30-06-2026 21:00,58270.50,58673.00,58145.60,58269.20,3633
30-06-2026 21:30,58269.20,58518.80,58165.40,58208.40,3370
30-06-2026 22:00,58208.40,58469.20,58155.60,58389.10,3131
30-06-2026 22:30,58389.90,58508.30,58267.50,58291.50,2649
30-06-2026 23:00,58291.50,58355.60,58212.60,58321.20,2757
30-06-2026 23:30,58321.20,58590.60,58252.10,58425.60,2823
01-07-2026 00:00,58425.60,58579.80,58273.70,58572.80,3064
01-07-2026 00:30,58572.50,58618.30,58477.60,58562.30,3380
01-07-2026 01:00,58563.50,58733.10,58547.20,58720.10,3531
01-07-2026 01:30,58720.10,58773.90,58591.30,58635.50,2930
01-07-2026 02:00,58635.50,58688.90,58544.30,58627.80,2113
01-07-2026 02:30,58627.80,58667.50,58402.40,58492.30,2193
01-07-2026 03:00,58492.50,58563.10,58434.10,58543.80,2139
01-07-2026 03:30,58543.80,58689.30,58543.80,58554.50,1918
01-07-2026 04:00,58553.60,58553.60,58409.10,58502.90,2253
01-07-2026 04:30,58502.90,58554.60,58444.80,58510.20,1711
01-07-2026 05:00,58510.20,58555.80,58460.80,58520.10,1593
01-07-2026 05:30,58520.10,58643.80,58205.40,58286.60,2339
01-07-2026 06:00,58286.60,58515.10,58286.30,58474.20,2654
01-07-2026 06:30,58474.20,58484.40,57724.10,58243.10,4299
01-07-2026 07:00,58247.40,58891.00,58229.90,58664.60,4215
01-07-2026 07:30,58664.40,58904.60,58561.10,58841.80,3631
01-07-2026 08:00,58842.00,59066.40,58811.90,58983.70,3328
01-07-2026 08:30,58983.70,59016.90,58776.20,58812.50,2873
01-07-2026 09:00,58812.50,59204.70,58743.70,59089.60,2862
01-07-2026 09:30,59089.60,59176.50,58960.40,59174.40,2723
01-07-2026 10:00,59174.40,59356.80,59098.80,59239.10,3036
01-07-2026 10:30,59239.10,59280.80,59058.90,59073.50,2406
01-07-2026 11:00,59073.50,59103.30,59020.10,59053.30,2177
01-07-2026 11:30,59051.10,59058.90,58594.50,58689.60,2452
01-07-2026 12:00,58689.60,58737.60,58438.40,58660.70,2261
01-07-2026 12:30,58660.70,58726.80,58502.70,58640.50,2186
01-07-2026 13:00,58640.50,58709.90,58548.70,58675.10,2298
01-07-2026 13:30,58675.10,58720.90,58505.40,58526.20,2319
01-07-2026 14:00,58526.20,58893.10,58410.10,58888.90,2282
01-07-2026 14:30,58888.90,58997.00,58787.00,58803.90,1922
01-07-2026 15:00,58803.90,58882.50,58758.50,58856.00,2003
01-07-2026 15:30,58856.20,58861.60,58575.90,58657.10,2002
01-07-2026 16:00,58657.10,58670.40,58525.00,58569.30,1931
01-07-2026 16:30,58569.30,58667.80,58503.00,58608.90,2750
01-07-2026 17:00,58608.90,58648.00,58460.60,58525.90,3317
01-07-2026 17:30,58525.90,58591.60,58329.60,58470.00,2570
01-07-2026 18:00,58470.00,58508.30,58239.40,58438.60,3418
01-07-2026 18:30,58438.60,58816.80,58438.00,58727.10,3398
01-07-2026 19:00,58727.10,59429.90,58518.90,59420.40,4926
01-07-2026 19:30,59416.70,60014.70,59195.80,59712.60,5174
01-07-2026 20:00,59712.60,59744.20,59346.00,59462.70,4589
01-07-2026 20:30,59462.70,60462.10,59442.20,60234.00,4749
01-07-2026 21:00,60234.20,60305.30,60007.30,60074.70,3964
01-07-2026 21:30,60074.70,60183.60,59878.90,60068.40,3666
01-07-2026 22:00,60068.40,60103.10,59786.00,59846.30,3230
01-07-2026 22:30,59847.00,60129.90,59706.80,60073.90,3352
01-07-2026 23:00,60073.90,60165.20,60008.90,60116.70,3176
01-07-2026 23:30,60116.70,60137.70,59942.10,60069.60,3238
02-07-2026 00:00,60069.60,60224.40,60004.60,60092.60,3288
02-07-2026 00:30,60092.60,60278.60,60028.40,60082.40,3222
02-07-2026 01:00,60081.80,60205.30,59923.10,59956.40,3492
02-07-2026 01:30,59956.40,59988.60,59793.10,59899.00,2565
02-07-2026 02:00,59899.00,60120.30,59880.70,60059.10,2301
02-07-2026 02:30,60059.10,60522.90,60048.50,60452.30,2993
02-07-2026 03:00,60452.70,60761.10,60451.10,60741.60,3162
02-07-2026 03:30,60741.60,61237.30,60478.60,60481.90,2788
02-07-2026 04:00,60481.90,60601.10,60274.40,60396.30,3684
02-07-2026 04:30,60396.30,60396.30,60117.50,60130.40,3028
02-07-2026 05:00,60130.40,60183.30,59903.90,59951.70,3522
02-07-2026 05:30,59951.70,59953.60,59666.00,59704.80,3313
02-07-2026 06:00,59704.80,59775.60,59509.90,59677.60,3062
02-07-2026 06:30,59677.50,59942.80,59640.80,59941.60,2970
02-07-2026 07:00,59944.50,60243.30,59944.50,60101.10,3027
02-07-2026 07:30,60101.00,60189.80,59942.20,60129.70,2764
02-07-2026 08:00,60129.70,60409.40,60100.70,60341.80,2722
02-07-2026 08:30,60341.80,60634.70,60223.90,60476.50,2595
02-07-2026 09:00,60473.90,61038.50,60398.90,60973.50,3764
02-07-2026 09:30,60973.50,60974.90,60724.80,60773.50,2810
02-07-2026 10:00,60774.30,60800.50,60641.70,60700.50,2370
02-07-2026 10:30,60700.50,60782.60,60574.70,60661.40,2238
02-07-2026 11:00,60661.40,60785.40,60398.50,60421.80,2890
02-07-2026 11:30,60421.60,60472.40,60310.90,60386.50,2614
02-07-2026 12:00,60386.50,60560.70,60167.20,60178.70,2426
02-07-2026 12:30,60178.70,60201.00,60068.20,60068.20,2057
02-07-2026 13:00,60068.20,60126.70,60010.10,60052.70,2500
02-07-2026 13:30,60052.90,60313.90,60038.10,60266.70,2671
02-07-2026 14:00,60266.90,60460.70,60240.60,60423.30,2162
02-07-2026 14:30,60422.30,60539.40,60283.20,60516.80,2634
02-07-2026 15:00,60516.80,61325.40,60512.90,61081.90,4058
02-07-2026 15:30,61081.90,61197.10,60955.20,61127.40,3158
02-07-2026 16:00,61127.40,61265.60,61059.40,61174.60,3691
02-07-2026 16:30,61174.60,61279.60,61119.80,61208.00,3678
02-07-2026 17:00,61208.00,61290.90,61035.30,61272.90,3348
02-07-2026 17:30,61272.80,61325.30,61070.20,61253.40,3491
02-07-2026 18:00,61252.70,61527.60,61117.40,61458.20,4892
02-07-2026 18:30,61458.20,61889.60,61424.10,61604.20,4170
02-07-2026 19:00,61604.50,61960.50,61453.40,61860.50,4991
02-07-2026 19:30,61860.50,62124.80,61503.10,61594.80,5360
02-07-2026 20:00,61594.80,61732.80,61320.40,61619.90,4941
02-07-2026 20:30,61620.30,61756.70,61343.20,61636.20,4542
02-07-2026 21:00,61634.30,61748.90,61453.60,61527.30,4054
02-07-2026 21:30,61527.30,61673.80,61074.20,61118.60,4336
02-07-2026 22:00,61118.60,61708.90,61118.60,61609.60,4091
02-07-2026 22:30,61609.60,61870.10,61552.80,61801.90,3621
02-07-2026 23:00,61803.30,61804.60,61577.50,61596.30,3267
02-07-2026 23:30,61596.30,61797.50,61592.40,61787.30,2994
03-07-2026 00:00,61787.30,61801.90,61626.50,61687.00,2403
03-07-2026 00:30,61687.00,61694.30,61437.50,61541.30,2474
03-07-2026 01:00,61538.80,61621.80,61358.20,61411.80,2826
03-07-2026 01:30,61409.80,61463.20,61320.90,61323.40,2325
03-07-2026 02:00,61323.40,61520.50,61260.80,61501.40,1622
03-07-2026 02:30,61503.90,61576.20,61439.60,61456.30,1669
03-07-2026 03:00,61456.30,61534.10,61433.90,61510.60,1985
03-07-2026 03:30,61510.60,61516.50,61437.80,61442.70,1697
03-07-2026 04:00,61442.70,61470.30,61332.40,61385.40,1326
03-07-2026 04:30,61385.10,61448.40,61265.60,61418.00,1975
03-07-2026 05:00,61418.00,61519.50,61355.80,61474.60,2000
03-07-2026 05:30,61473.70,61491.10,61213.60,61213.60,2654
03-07-2026 06:00,61212.30,61322.90,61154.90,61214.00,2595
03-07-2026 06:30,61214.00,61623.20,61192.90,61474.70,3237
03-07-2026 07:00,61474.70,61638.90,61428.70,61498.90,2910
03-07-2026 07:30,61499.10,61575.80,61309.50,61309.50,2197
03-07-2026 08:00,61309.50,61372.00,61203.20,61344.60,2480
03-07-2026 08:30,61344.60,61484.90,61232.10,61447.40,2358
03-07-2026 09:00,61447.40,61455.70,61265.40,61342.10,1952
03-07-2026 09:30,61342.10,61373.40,61249.30,61349.00,1824
03-07-2026 10:00,61349.00,61434.20,61283.20,61357.70,1965
03-07-2026 10:30,61356.20,61590.20,61341.20,61545.40,2358
03-07-2026 11:00,61540.20,61706.90,61532.20,61610.90,2605
03-07-2026 11:30,61610.90,61758.50,61602.70,61635.50,2451
03-07-2026 12:00,61635.50,61700.80,61524.90,61624.20,2250
03-07-2026 12:30,61624.20,61694.00,61575.70,61677.10,2046
03-07-2026 13:00,61677.10,61780.10,61658.20,61668.20,2178
03-07-2026 13:30,61668.20,61743.80,61637.20,61693.70,2214
03-07-2026 14:00,61693.70,61821.20,61470.00,61495.80,3262
03-07-2026 14:30,61496.60,61652.40,61429.20,61601.30,2981
03-07-2026 15:00,61601.30,61694.60,61472.80,61628.50,2501
03-07-2026 15:30,61628.50,61686.10,61585.80,61662.40,2840
03-07-2026 16:00,61662.20,61955.80,61642.10,61831.70,3274
03-07-2026 16:30,61831.70,61982.50,61761.70,61897.20,3243
03-07-2026 17:00,61897.20,62011.00,61792.40,61933.90,2589
03-07-2026 17:30,61933.90,62087.00,61823.80,61874.00,3067
03-07-2026 18:00,61874.00,61917.30,61780.20,61896.20,2901
03-07-2026 18:30,61896.20,62046.40,61855.60,62017.70,2642
03-07-2026 19:00,62015.60,62174.60,61938.20,62038.10,3252
03-07-2026 19:30,62038.10,62038.10,61628.50,61853.10,3666
03-07-2026 20:00,61852.70,62196.30,61779.20,62092.70,3542
03-07-2026 20:30,62092.70,62321.00,61915.00,61934.40,3819
03-07-2026 21:00,61934.20,62029.80,61746.20,61851.00,3406
03-07-2026 21:30,61851.00,62038.40,61839.80,62002.40,2931
03-07-2026 22:00,62002.40,62054.90,61915.90,62036.30,2367
03-07-2026 22:30,62036.30,62216.90,61998.20,62117.30,2496
03-07-2026 23:00,62117.30,62201.60,62094.20,62124.50,2238
03-07-2026 23:30,62124.70,62135.70,62049.10,62112.10,2127
04-07-2026 00:00,62112.10,62175.80,62105.50,62136.80,2311
04-07-2026 00:30,62136.80,62221.80,62082.30,62153.70,2590
04-07-2026 01:00,62153.70,62247.10,62090.70,62140.00,2500
04-07-2026 01:30,62140.00,62603.60,62118.80,62542.60,3168
04-07-2026 02:00,62542.70,62824.60,62525.40,62700.00,3670
04-07-2026 02:30,62700.00,62881.00,62532.00,62549.10,3353
04-07-2026 03:00,62549.10,62748.00,62440.10,62654.80,3319
04-07-2026 03:30,62655.20,62665.10,62509.70,62562.20,1909
04-07-2026 04:00,62562.20,62595.00,62461.20,62503.50,1786
04-07-2026 04:30,62503.50,62603.10,62456.20,62550.40,1723
04-07-2026 05:00,62550.40,62633.90,62476.40,62512.70,1682
04-07-2026 05:30,62512.70,62870.00,62511.00,62693.00,2450
04-07-2026 06:00,62693.00,62743.10,62614.80,62684.70,1654
04-07-2026 06:30,62684.70,62684.70,62334.70,62421.60,2579
04-07-2026 07:00,62422.60,62475.10,62350.10,62399.40,2077
04-07-2026 07:30,62399.40,62495.10,62383.60,62421.10,1813
04-07-2026 08:00,62421.10,62507.40,62359.10,62468.90,1640
04-07-2026 08:30,62468.90,62515.10,62413.50,62498.40,1615
04-07-2026 09:00,62498.40,62674.70,62443.50,62555.60,2150
04-07-2026 09:30,62555.60,62646.90,62521.60,62592.90,1652
04-07-2026 10:00,62592.90,62677.80,62569.50,62618.60,2031
04-07-2026 10:30,62618.60,62619.20,62404.40,62442.60,1940
04-07-2026 11:00,62442.60,62528.60,62366.10,62399.10,1982
04-07-2026 11:30,62399.10,62495.50,62264.40,62348.10,1782
04-07-2026 12:00,62348.50,62457.80,62348.50,62427.60,1524
04-07-2026 12:30,62427.60,62560.10,62393.00,62475.10,1504
04-07-2026 13:00,62475.10,62523.40,62411.30,62504.80,1034
04-07-2026 13:30,62504.80,62516.10,62442.40,62483.10,977
04-07-2026 14:00,62483.10,62595.60,62477.70,62483.00,1582
04-07-2026 14:30,62483.00,62517.80,62379.20,62407.90,1459
04-07-2026 15:00,62406.70,62440.70,62340.50,62418.90,1450
04-07-2026 15:30,62418.90,62452.80,62372.80,62426.80,1179
04-07-2026 16:00,62426.80,62473.40,62393.00,62440.20,1115
04-07-2026 16:30,62440.20,62478.50,62396.30,62409.80,1372
04-07-2026 17:00,62409.70,62485.70,62405.50,62414.80,1325
04-07-2026 17:30,62414.80,62546.60,62412.90,62521.00,1538
04-07-2026 18:00,62521.20,62620.30,62510.30,62594.40,1724
04-07-2026 18:30,62594.40,62701.30,62522.50,62588.90,1998
04-07-2026 19:00,62588.90,62591.50,62477.00,62524.30,1690
04-07-2026 19:30,62524.30,62671.00,62522.10,62608.70,2153
04-07-2026 20:00,62608.90,62647.60,62559.80,62631.70,2049
04-07-2026 20:30,62631.70,62975.90,62627.10,62847.40,3578
04-07-2026 21:00,62847.40,62939.50,62780.90,62869.60,2820
04-07-2026 21:30,62869.60,62904.60,62716.20,62801.30,3021
04-07-2026 22:00,62801.70,62902.50,62795.90,62854.40,2603
04-07-2026 22:30,62854.40,62919.90,62734.90,62918.30,2465
04-07-2026 23:00,62918.30,63344.90,62918.30,63208.50,3369
04-07-2026 23:30,63208.50,63279.50,63077.30,63115.80,2812
05-07-2026 00:00,63115.80,63116.90,63028.20,63102.50,2063
05-07-2026 00:30,63102.50,63313.80,63055.70,63303.90,2127
05-07-2026 01:00,63303.90,63395.00,63211.20,63228.90,2244
05-07-2026 01:30,63228.90,63326.80,63089.60,63104.30,2128
05-07-2026 02:00,63104.30,63268.30,63096.00,63167.30,2008
05-07-2026 02:30,63167.40,63379.90,63135.60,63373.60,2042
05-07-2026 03:00,63373.60,63391.00,63206.50,63232.40,2063
05-07-2026 03:30,63232.90,63247.40,63128.30,63154.10,1706
05-07-2026 04:00,63154.10,63178.70,63094.00,63124.60,1358
05-07-2026 04:30,63124.30,63171.10,62868.70,63032.30,2262
05-07-2026 05:00,63032.30,63171.20,63032.30,63074.40,1886
05-07-2026 05:30,63074.30,63077.40,62911.70,62983.70,2154
05-07-2026 06:00,62983.70,63054.70,62852.50,62918.90,1865
05-07-2026 06:30,62919.10,62978.70,62773.50,62869.20,2236
05-07-2026 07:00,62869.20,62869.20,62730.70,62817.20,2268
05-07-2026 07:30,62817.20,62856.80,62584.20,62688.50,2316
05-07-2026 08:00,62688.50,62727.80,62533.70,62628.10,1844
05-07-2026 08:30,62628.10,62712.60,62584.80,62599.50,1812
05-07-2026 09:00,62599.50,62726.80,62593.60,62698.60,2154
05-07-2026 09:30,62698.50,62809.80,62640.30,62797.20,1773
05-07-2026 10:00,62797.20,62886.00,62745.30,62746.70,1618
05-07-2026 10:30,62746.70,62746.70,62665.00,62686.30,1915
05-07-2026 11:00,62686.30,62740.10,62587.50,62670.40,1403
05-07-2026 11:30,62674.20,62732.60,62602.30,62729.20,1173
05-07-2026 12:00,62729.30,62757.90,62672.10,62710.50,1324
05-07-2026 12:30,62710.50,62764.90,62651.30,62683.40,1544
05-07-2026 13:00,62683.40,62990.50,62683.40,62952.10,1833
05-07-2026 13:30,62952.10,63036.90,62845.40,62868.20,1964
05-07-2026 14:00,62868.20,62925.20,62827.80,62845.70,1547
05-07-2026 14:30,62845.70,62863.60,62661.90,62666.50,1738
05-07-2026 15:00,62666.50,62708.40,62385.90,62556.40,2959
05-07-2026 15:30,62556.40,62669.40,62475.30,62623.40,2442
05-07-2026 16:00,62623.40,62688.50,62598.00,62688.20,2312
05-07-2026 16:30,62688.20,62741.80,62543.50,62559.00,2768
05-07-2026 17:00,62559.00,62660.00,62549.60,62589.70,2847
05-07-2026 17:30,62589.70,62686.50,62499.00,62686.50,2143
05-07-2026 18:00,62686.50,62707.30,62598.70,62676.70,1507
05-07-2026 18:30,62676.90,62752.90,62584.70,62628.50,1631
05-07-2026 19:00,62628.50,62753.20,62609.00,62726.20,1570
05-07-2026 19:30,62726.20,62751.40,62603.60,62642.40,1408
05-07-2026 20:00,62642.40,62749.50,62584.80,62746.30,1924
05-07-2026 20:30,62746.30,62879.70,62667.60,62704.40,2206
05-07-2026 21:00,62704.80,62824.10,62609.40,62672.20,2181
05-07-2026 21:30,62672.20,62702.70,62548.60,62558.10,2364
05-07-2026 22:00,62558.10,62600.60,62530.40,62565.10,1706
05-07-2026 22:30,62565.10,62751.60,62565.10,62619.20,2082
05-07-2026 23:00,62619.20,62645.00,62534.00,62560.10,1923
05-07-2026 23:30,62560.10,62658.20,62549.60,62621.60,1571
06-07-2026 00:00,62621.60,62806.90,62613.20,62749.80,1754
06-07-2026 00:30,62749.80,62812.30,62659.70,62721.80,1929
06-07-2026 01:00,62721.80,62767.90,62690.50,62702.90,1664
06-07-2026 01:30,62702.90,62772.40,62631.90,62658.40,1348
06-07-2026 02:00,62658.40,62696.20,62630.90,62662.80,1516
06-07-2026 02:30,62662.80,62869.50,62542.50,62850.80,2680
06-07-2026 03:00,62850.80,63154.80,62826.00,63024.40,2705
06-07-2026 03:30,63024.20,63661.50,62936.10,63638.20,3580
06-07-2026 04:00,63640.80,63849.50,63469.70,63665.80,3441
06-07-2026 04:30,63663.90,63925.50,63600.40,63603.80,3596
06-07-2026 05:00,63603.80,63659.50,63496.70,63571.00,3237
06-07-2026 05:30,63571.20,63635.90,63337.30,63342.50,3925
06-07-2026 06:00,63342.50,63693.10,63275.10,63684.00,3921
06-07-2026 06:30,63682.90,63778.00,63530.70,63663.00,3944
06-07-2026 07:00,63663.00,63848.00,63472.40,63498.00,3645
06-07-2026 07:30,63498.00,63596.20,63341.60,63449.80,3409
06-07-2026 08:00,63447.40,63558.10,63297.00,63383.30,3370
06-07-2026 08:30,63383.30,63421.70,63125.60,63149.90,3174
06-07-2026 09:00,63149.90,63246.80,63057.40,63219.60,3445
06-07-2026 09:30,63219.60,63316.00,63108.30,63156.90,2390
06-07-2026 10:00,63156.70,63318.90,63120.20,63194.10,2482
06-07-2026 10:30,63194.10,63197.30,62921.90,62933.30,2656
06-07-2026 11:00,62932.10,63089.60,62874.30,63035.50,2578
06-07-2026 11:30,63035.50,63071.90,62921.30,62956.30,2484
06-07-2026 12:00,62956.30,63011.10,62895.40,62905.60,2001
06-07-2026 12:30,62905.60,62955.40,62809.90,62883.60,1890
06-07-2026 13:00,62883.60,63043.20,62833.10,63011.10,1735
06-07-2026 13:30,63011.10,63165.50,62902.20,62990.40,2428
06-07-2026 14:00,62990.40,62991.10,62754.60,62822.60,2158
06-07-2026 14:30,62822.60,62839.10,62661.90,62675.80,2065
06-07-2026 15:00,62675.80,62688.70,62551.00,62587.40,2218
06-07-2026 15:30,62587.40,62807.80,62583.30,62805.20,1840
06-07-2026 16:00,62805.20,62960.10,62727.70,62747.70,2100
06-07-2026 16:30,62747.70,62841.80,62707.60,62806.90,1578
06-07-2026 17:00,62806.90,62922.00,62423.20,62423.20,2022
06-07-2026 17:30,62423.20,62423.20,61786.80,62006.30,4262
06-07-2026 18:00,62006.30,62102.10,61601.70,61680.70,3587
06-07-2026 18:30,61680.60,61727.10,61353.10,61377.90,3986
06-07-2026 19:00,61377.90,61975.30,61255.00,61702.10,4556
06-07-2026 19:30,61702.10,62338.00,61649.50,62008.30,4347
06-07-2026 20:00,62008.70,62143.10,61815.60,61982.40,4511
06-07-2026 20:30,61982.40,62511.50,61982.40,62393.30,4542
06-07-2026 21:00,62393.30,63498.90,62207.80,63490.90,4988
06-07-2026 21:30,63488.20,63810.40,63333.30,63409.10,4841
06-07-2026 22:00,63408.50,63746.70,63395.70,63677.40,3779
06-07-2026 22:30,63677.40,63890.90,63611.60,63825.90,3516
06-07-2026 23:00,63825.90,63883.40,63508.70,63524.10,3289
06-07-2026 23:30,63524.10,63829.40,63495.30,63702.60,2688
07-07-2026 00:00,63702.60,63791.20,63630.70,63637.30,2438
07-07-2026 00:30,63637.30,63835.40,63590.70,63785.10,2525
07-07-2026 01:00,63784.10,63822.20,63659.70,63681.90,2544
07-07-2026 01:30,63683.50,63703.50,63531.90,63700.70,2014
07-07-2026 02:00,63700.70,63837.70,63693.10,63770.10,1846
07-07-2026 02:30,63770.10,64625.00,63749.50,64160.60,3509
07-07-2026 03:00,64160.90,64473.60,64094.00,64428.90,3446
07-07-2026 03:30,64428.90,64444.30,64139.20,64157.90,2806
07-07-2026 04:00,64158.30,64241.20,64098.60,64190.70,2324
07-07-2026 04:30,64190.70,64281.30,64033.90,64039.00,2382
07-07-2026 05:00,64039.00,64121.90,63966.80,63988.90,2143
07-07-2026 05:30,63988.90,64259.70,63950.30,64188.00,2691
07-07-2026 06:00,64188.00,64220.00,63965.10,64143.60,3139
07-07-2026 06:30,64143.60,64145.70,63823.50,63891.20,3477
07-07-2026 07:00,63891.20,63958.50,63726.40,63784.20,2674
07-07-2026 07:30,63784.20,63851.90,63509.20,63509.20,2796
07-07-2026 08:00,63509.20,63557.30,63236.10,63269.10,3118
07-07-2026 08:30,63269.10,63354.80,63173.90,63230.30,2710
07-07-2026 09:00,63230.10,63297.90,63091.80,63127.40,2469
07-07-2026 09:30,63127.40,63218.80,63081.80,63199.30,2323
07-07-2026 10:00,63199.30,63216.70,62997.80,63035.70,1947
07-07-2026 10:30,63035.70,63057.40,62731.40,62876.90,2268
07-07-2026 11:00,62876.90,63202.10,62876.20,63066.10,2204
07-07-2026 11:30,63062.30,63163.40,62923.40,63097.30,2285
07-07-2026 12:00,63097.30,63336.60,63067.60,63273.10,2181
07-07-2026 12:30,63273.10,63377.40,63170.20,63180.30,1801
07-07-2026 13:00,63180.60,63212.70,63005.50,63020.30,2217
07-07-2026 13:30,63020.30,63120.90,62973.10,63018.00,2313
07-07-2026 14:00,63018.80,63077.10,62932.10,63033.70,2078
07-07-2026 14:30,63033.70,63180.10,62990.30,63096.80,2074
07-07-2026 15:00,63096.80,63271.30,63074.00,63178.80,2241
07-07-2026 15:30,63179.00,63388.90,63172.70,63238.40,2077
07-07-2026 16:00,63238.40,63239.30,63160.00,63207.30,1802
07-07-2026 16:30,63210.60,63210.60,63047.40,63102.30,2277
07-07-2026 17:00,63102.30,63378.70,63055.20,63331.50,2496
07-07-2026 17:30,63331.50,63797.90,63320.50,63635.90,3479
07-07-2026 18:00,63636.10,63638.60,63379.60,63405.60,3057
07-07-2026 18:30,63405.60,63406.20,63004.80,63030.60,3184
07-07-2026 19:00,63030.60,63331.50,62914.60,62967.20,4604
07-07-2026 19:30,62967.20,63180.70,62801.90,63071.90,4492
07-07-2026 20:00,63071.60,63561.10,62600.20,63487.10,4771
07-07-2026 20:30,63488.40,63731.80,63302.30,63681.80,4818
07-07-2026 21:00,63681.00,64039.20,63608.50,63875.50,4509
07-07-2026 21:30,63874.70,64009.10,63748.50,63936.40,3880
07-07-2026 22:00,63936.40,64185.10,63867.70,63921.10,3534
07-07-2026 22:30,63923.60,64100.10,63831.60,64087.40,3230
07-07-2026 23:00,64087.40,64176.70,64029.30,64129.50,2937
07-07-2026 23:30,64132.60,64132.60,63914.60,63926.50,2528
08-07-2026 00:00,63926.60,64082.70,63616.60,63626.40,3495
08-07-2026 00:30,63626.90,63717.70,63325.00,63542.50,4462
08-07-2026 01:00,63544.50,63840.60,63543.90,63766.40,3825
08-07-2026 01:30,63766.20,63851.70,63637.90,63680.80,2422
08-07-2026 02:00,63680.80,63696.90,63563.70,63643.80,1675
08-07-2026 02:30,63643.30,63811.60,63334.90,63465.70,2988
08-07-2026 03:00,63465.80,63472.40,63275.40,63375.10,3404
08-07-2026 03:30,63375.10,63465.60,63168.00,63408.90,2947
08-07-2026 04:00,63407.80,63605.40,63374.80,63492.30,2164
08-07-2026 04:30,63492.30,63658.80,63468.70,63600.00,1882
08-07-2026 05:00,63600.00,63611.30,63264.00,63309.70,1913
08-07-2026 05:30,63310.20,63625.90,63256.00,63549.00,3241
08-07-2026 06:00,63550.70,63699.30,63490.40,63558.70,2966
08-07-2026 06:30,63559.00,63594.60,63379.30,63379.30,2409
08-07-2026 07:00,63379.30,63397.80,62866.90,62975.80,3823
08-07-2026 07:30,62975.80,62975.80,62755.10,62823.10,3619
08-07-2026 08:00,62823.10,63015.30,62477.30,62925.00,3599
08-07-2026 08:30,62924.90,63037.80,62910.70,62991.30,2388
08-07-2026 09:00,62991.30,62991.30,62638.30,62706.70,2788
08-07-2026 09:30,62706.70,62839.60,62670.30,62816.20,2527
08-07-2026 10:00,62816.20,62844.40,62612.00,62734.60,2603
08-07-2026 10:30,62734.60,62811.80,62652.70,62708.50,2340
08-07-2026 11:00,62707.90,62718.10,62487.20,62575.20,2417
08-07-2026 11:30,62575.50,62637.40,62434.00,62559.10,2791
08-07-2026 12:00,62559.10,62683.10,62412.90,62593.10,3125
08-07-2026 12:30,62593.10,62768.20,62481.50,62747.10,2845
08-07-2026 13:00,62747.10,62833.60,62703.60,62823.00,2260
08-07-2026 13:30,62823.00,62875.90,62011.60,62015.40,3815
08-07-2026 14:00,62015.40,62267.20,61790.40,61948.90,4505
08-07-2026 14:30,61948.90,62048.90,61671.90,61866.00,3632
08-07-2026 15:00,61865.30,62102.70,61863.40,61989.60,3276
08-07-2026 15:30,61989.80,62043.90,61833.30,62043.90,2664
08-07-2026 16:00,62043.80,62124.10,61994.00,62115.50,2458
08-07-2026 16:30,62115.20,62123.20,61988.60,62052.90,2814
08-07-2026 17:00,62052.90,62326.20,62015.10,62236.80,3411
08-07-2026 17:30,62236.80,62356.30,62138.70,62215.40,2558
08-07-2026 18:00,62215.40,62236.90,61883.90,61884.20,2802
08-07-2026 18:30,61884.20,61927.10,61680.50,61746.70,3147
08-07-2026 19:00,61746.50,62019.30,61557.20,61870.40,4557
08-07-2026 19:30,61870.40,62100.10,61754.40,61925.50,4700
08-07-2026 20:00,61923.90,61969.30,61633.40,61819.80,4516
08-07-2026 20:30,61819.80,61848.10,61469.90,61562.20,3994
08-07-2026 21:00,61562.20,61713.70,61510.10,61621.70,3615
08-07-2026 21:30,61621.70,61906.00,61612.20,61840.50,3290
08-07-2026 22:00,61840.50,62076.50,61719.90,62036.40,3081
08-07-2026 22:30,62036.40,62247.60,61953.30,62239.30,3101
08-07-2026 23:00,62239.30,62330.90,61988.20,62040.30,3091
08-07-2026 23:30,62040.30,62287.00,62022.10,62123.50,3044
09-07-2026 00:00,62123.10,62210.90,61970.20,62113.70,2775
09-07-2026 00:30,62113.70,62202.40,61998.00,62164.10,2734
09-07-2026 01:00,62164.10,62225.90,62051.80,62218.40,2932
09-07-2026 01:30,62218.40,62248.80,62082.70,62205.10,2040
09-07-2026 02:00,62205.10,62208.50,62021.40,62045.60,2577
09-07-2026 02:30,62045.60,62086.40,61899.40,62036.60,1937
09-07-2026 03:00,62036.60,62183.50,61992.80,62121.60,2197
09-07-2026 03:30,62121.60,62284.80,62110.60,62241.50,2464
09-07-2026 04:00,62241.50,62275.90,62187.90,62269.80,2134
09-07-2026 04:30,62269.80,62289.10,62144.10,62205.10,1886
09-07-2026 05:00,62205.10,62262.40,62110.90,62224.80,2169
09-07-2026 05:30,62224.80,62252.80,62052.70,62120.10,2496
09-07-2026 06:00,62149.40,62192.00,61992.00,62070.20,2672
09-07-2026 06:30,62070.20,62573.40,62048.40,62331.40,3960
09-07-2026 07:00,62331.40,62347.40,61783.00,61844.50,3834
09-07-2026 07:30,61844.50,62057.30,61743.70,61939.40,3322
09-07-2026 08:00,61939.40,61966.90,61628.80,61718.90,3331
09-07-2026 08:30,61719.00,61878.10,61656.50,61849.90,3149
09-07-2026 09:00,61849.90,61996.70,61805.00,61902.60,2654
09-07-2026 09:30,61902.60,62040.40,61893.80,62027.30,2314
09-07-2026 10:00,62027.30,62393.30,62020.80,62386.70,2681
09-07-2026 10:30,62384.10,62553.20,62205.70,62240.70,2720
09-07-2026 11:00,62240.70,62525.20,62168.90,62524.80,2761
09-07-2026 11:30,62524.80,62791.90,62417.40,62749.70,2643
09-07-2026 12:00,62749.70,62899.80,62678.70,62891.70,2814
09-07-2026 12:30,62891.70,63110.60,62779.00,62849.40,3383
09-07-2026 13:00,62849.40,63177.50,62727.40,62934.90,2923
09-07-2026 13:30,62934.90,62981.80,62848.00,62972.20,2744
09-07-2026 14:00,62972.20,63019.10,62782.80,62827.30,2367
09-07-2026 14:30,62827.30,62872.50,62742.10,62852.20,2367
09-07-2026 15:00,62852.20,62930.30,62717.80,62883.50,2669
09-07-2026 15:30,62884.40,62986.80,62801.00,62813.70,2118
09-07-2026 16:00,62813.60,62881.40,62614.30,62711.50,2306
09-07-2026 16:30,62711.50,62758.70,62592.00,62627.60,2574
09-07-2026 17:00,62627.60,62740.40,62536.90,62708.10,2529
09-07-2026 17:30,62708.10,62797.40,62586.10,62734.80,3005
09-07-2026 18:00,62735.60,62885.80,62393.50,62542.90,3411
09-07-2026 18:30,62543.50,62849.40,62535.20,62642.90,3353
09-07-2026 19:00,62642.90,63154.90,62440.90,62956.90,4974
09-07-2026 19:30,62956.90,63073.20,62588.00,62804.90,4696
09-07-2026 20:00,62805.20,62972.60,62670.90,62943.30,4066
09-07-2026 20:30,62943.30,63192.00,62852.20,62923.40,3692
09-07-2026 21:00,62923.40,63024.80,62738.40,62793.00,3216
09-07-2026 21:30,62793.30,62935.10,62491.60,62643.60,2996
09-07-2026 22:00,62643.60,62725.60,62538.50,62628.30,2747
09-07-2026 22:30,62628.30,62784.90,62598.40,62770.00,2460
09-07-2026 23:00,62770.00,63099.90,62687.60,63075.40,2414
09-07-2026 23:30,63075.60,63430.90,63006.40,63315.30,3070
10-07-2026 00:00,63315.30,63355.80,63119.40,63154.50,2590
10-07-2026 00:30,63154.50,63217.00,63087.80,63198.40,2497
10-07-2026 01:00,63198.40,63313.20,63158.60,63178.90,2534
10-07-2026 01:30,63179.20,63260.70,63112.00,63215.80,1836
10-07-2026 02:00,63215.80,63263.70,63178.90,63247.10,1645
10-07-2026 02:30,63247.10,63335.60,63177.30,63190.30,1563
10-07-2026 03:00,63190.30,63226.60,63151.90,63212.20,1950
10-07-2026 03:30,63212.20,63319.50,63168.20,63283.20,1952
10-07-2026 04:00,63283.20,63358.00,63149.70,63155.40,1703
10-07-2026 04:30,63155.90,63266.50,62998.30,63165.90,1737
10-07-2026 05:00,63165.90,63256.20,63095.60,63161.30,1880
10-07-2026 05:30,63161.30,63191.20,63000.80,63036.60,2258
10-07-2026 06:00,63036.60,63110.90,62872.20,63045.60,2632
10-07-2026 06:30,63046.30,63336.00,62891.30,63328.00,2374
10-07-2026 07:00,63328.60,63881.30,63261.00,63687.20,3301
10-07-2026 07:30,63687.20,63890.20,63630.70,63753.00,2710
10-07-2026 08:00,63752.60,63982.30,63714.70,63902.30,2262
10-07-2026 08:30,63902.30,63929.00,63783.70,63787.60,1566
10-07-2026 09:00,63787.60,63981.90,63759.80,63887.20,1942
10-07-2026 09:30,63887.20,63989.70,63832.00,63832.00,1851
10-07-2026 10:00,63832.00,64116.10,63801.50,63990.20,2012
10-07-2026 10:30,63990.20,63990.30,63887.00,63919.30,1719
10-07-2026 11:00,63919.30,64141.00,63905.60,64062.80,2027
10-07-2026 11:30,64062.80,64105.90,63810.50,63848.60,1597
10-07-2026 12:00,63847.20,63888.80,63776.00,63803.00,1330
10-07-2026 12:30,63803.00,63962.90,63751.20,63917.30,1246
10-07-2026 13:00,63913.50,63949.30,63852.20,63925.70,1086
10-07-2026 13:30,63923.40,64330.80,63917.30,64272.20,2286
10-07-2026 14:00,64272.20,64302.90,64091.20,64183.60,1879
10-07-2026 14:30,64183.10,64362.70,64044.60,64362.70,1819
10-07-2026 15:00,64362.70,64427.70,64303.70,64329.50,2345
10-07-2026 15:30,64329.30,64382.10,64219.20,64376.70,1427
10-07-2026 16:00,64376.70,64434.40,64309.20,64342.00,1808
10-07-2026 16:30,64342.00,64422.40,64303.50,64366.80,1465
10-07-2026 17:00,64366.80,64419.40,64281.10,64367.40,1561
10-07-2026 17:30,64367.20,64550.10,64273.10,64439.80,2012
10-07-2026 18:00,64439.80,64460.10,64212.00,64230.60,1963
10-07-2026 18:30,64230.60,64281.80,64097.30,64098.60,1993
10-07-2026 19:00,64098.60,64648.90,64090.40,64427.20,4450
10-07-2026 19:30,64427.70,64459.50,63908.90,64070.90,3625
10-07-2026 20:00,64070.90,64269.70,63754.80,63846.90,3932
10-07-2026 20:30,63847.20,64150.30,63831.70,64078.00,3646
10-07-2026 21:00,64078.00,64101.80,63867.40,63975.10,2894
10-07-2026 21:30,63976.30,64090.20,63891.90,63944.00,2464
10-07-2026 22:00,63944.00,64160.10,63763.20,64076.10,2890
10-07-2026 22:30,64075.80,64098.20,63799.20,63914.30,2363
10-07-2026 23:00,63914.30,63914.90,63761.90,63765.40,2096
10-07-2026 23:30,63765.40,63933.30,63765.40,63861.40,1975
11-07-2026 00:00,63861.40,63887.30,63680.90,63748.10,2258
11-07-2026 00:30,63748.00,63867.20,63712.80,63805.20,1948
11-07-2026 01:00,63805.20,63991.40,63798.90,63875.50,2369
11-07-2026 01:30,63875.50,63879.50,63605.80,63673.10,2053
11-07-2026 02:00,63673.10,63849.40,63659.10,63780.70,980
11-07-2026 02:30,63780.80,63960.30,63774.30,63945.90,1123
11-07-2026 03:00,63945.90,64031.30,63926.30,63956.30,2345
11-07-2026 03:30,63956.30,64084.60,63921.80,64076.00,1753
11-07-2026 04:00,64076.00,64111.40,64014.70,64055.50,1368
11-07-2026 04:30,64055.50,64155.30,63964.20,64142.20,1721
11-07-2026 05:00,64142.20,64162.50,64064.40,64114.90,1344
11-07-2026 05:30,64114.50,64117.20,63976.40,64054.90,1478
11-07-2026 06:00,64054.90,64096.40,63992.90,64063.50,1244
11-07-2026 06:30,64063.20,64251.10,64044.90,64171.90,1534
11-07-2026 07:00,64171.90,64215.20,63949.50,63960.70,1950
11-07-2026 07:30,63960.70,64021.20,63929.10,63982.40,1675
11-07-2026 08:00,63982.40,64116.60,63974.60,64102.60,1182
11-07-2026 08:30,64102.60,64142.20,64012.50,64065.50,1372
11-07-2026 09:00,64065.50,64135.50,64065.30,64096.10,1066
11-07-2026 09:30,64096.10,64119.20,64024.50,64085.50,1074
11-07-2026 10:00,64085.50,64155.20,64063.80,64096.20,951
11-07-2026 10:30,64096.20,64140.00,64060.70,64139.60,1079
11-07-2026 11:00,64139.30,64166.40,64082.40,64111.30,1287
11-07-2026 11:30,64112.50,64173.20,64063.30,64167.60,900
11-07-2026 12:00,64167.60,64205.80,64134.10,64157.10,1059
11-07-2026 12:30,64156.70,64195.30,64114.20,64158.20,921
11-07-2026 13:00,64158.20,64180.10,64091.30,64101.40,844
11-07-2026 13:30,64101.40,64213.50,64092.20,64190.30,1080
11-07-2026 14:00,64190.30,64243.30,64172.20,64204.30,1344
11-07-2026 14:30,64203.90,64216.40,64157.90,64212.40,1068
11-07-2026 15:00,64212.40,64235.90,64086.70,64099.00,1323
11-07-2026 15:30,64099.00,64137.90,64078.10,64115.40,1515
11-07-2026 16:00,64115.40,64125.70,64069.20,64125.10,1281
11-07-2026 16:30,64125.10,64146.00,64104.60,64111.30,1040
11-07-2026 17:00,64111.30,64149.50,64105.50,64132.00,1118
11-07-2026 17:30,64132.00,64169.90,64093.70,64111.60,1033
11-07-2026 18:00,64111.60,64134.10,64068.80,64127.40,1074
11-07-2026 18:30,64127.40,64153.10,64102.80,64128.00,855
11-07-2026 19:00,64127.70,64209.40,64126.80,64182.20,1175
11-07-2026 19:30,64182.20,64385.50,64182.20,64318.40,1208
11-07-2026 20:00,64318.40,64436.00,64284.40,64286.20,2136
11-07-2026 20:30,64286.20,64417.30,64283.20,64367.80,2237
11-07-2026 21:00,64366.50,64394.40,63903.50,64108.90,3452
11-07-2026 21:30,64108.90,64172.30,64026.40,64153.00,2425
11-07-2026 22:00,64153.00,64213.00,64041.90,64119.60,2032
11-07-2026 22:30,64119.60,64244.40,64101.10,64240.40,1311
11-07-2026 23:00,64240.40,64341.00,64238.50,64258.60,1709
11-07-2026 23:30,64258.60,64335.80,64227.00,64284.40,1412
12-07-2026 00:00,64284.40,64307.70,64236.60,64271.20,1239
12-07-2026 00:30,64271.20,64287.60,64175.70,64177.60,1062
12-07-2026 01:00,64177.60,64237.40,64175.90,64232.80,918
12-07-2026 01:30,64232.80,64306.30,64228.40,64299.00,885
12-07-2026 02:00,64299.00,64407.40,64286.70,64323.90,1093
12-07-2026 02:30,64323.90,64373.20,64295.10,64312.10,1008
12-07-2026 03:00,64312.10,64329.90,64280.70,64299.20,938
12-07-2026 03:30,64299.20,64374.50,64152.80,64193.30,1606
12-07-2026 04:00,64195.00,64252.30,64087.60,64146.00,1630
12-07-2026 04:30,64146.00,64197.00,63781.90,63875.20,2165
12-07-2026 05:00,63875.30,63968.50,63763.50,63764.80,2687
12-07-2026 05:30,63764.80,63858.30,63715.70,63773.40,2819
12-07-2026 06:00,63773.40,63819.90,63656.70,63771.30,2988
12-07-2026 06:30,63777.60,63948.60,63758.40,63894.00,2185
12-07-2026 07:00,63892.80,64120.00,63885.80,64076.70,2268
12-07-2026 07:30,64076.70,64080.30,63975.50,64061.70,1743
12-07-2026 08:00,64061.10,64069.00,64011.80,64023.10,1149
12-07-2026 08:30,64023.10,64092.80,63978.60,64078.40,1353
12-07-2026 09:00,64078.40,64166.70,64076.10,64166.20,1544
12-07-2026 09:30,64166.20,64187.50,64018.20,64018.30,1155
12-07-2026 10:00,64018.30,64029.40,63887.20,63948.60,1258
12-07-2026 10:30,63948.60,63974.50,63857.60,63860.90,947
12-07-2026 11:00,63860.90,63947.70,63848.00,63912.70,863
12-07-2026 11:30,63912.70,63912.70,63591.60,63613.80,2172
12-07-2026 12:00,63613.90,63754.60,63589.20,63702.50,1878
12-07-2026 12:30,63702.50,63827.10,63681.30,63806.60,1070
12-07-2026 13:00,63806.60,63847.60,63793.00,63832.50,1155
12-07-2026 13:30,63832.50,64047.30,63827.40,63941.20,1752
12-07-2026 14:00,63941.20,63956.30,63876.20,63927.10,1067
12-07-2026 14:30,63927.10,63935.00,63709.00,63776.60,1572
12-07-2026 15:00,63776.60,63988.20,63776.50,63905.40,1875
12-07-2026 15:30,63905.40,63905.40,63826.20,63826.20,1245
12-07-2026 16:00,63826.20,63856.20,63783.80,63813.10,1388
12-07-2026 16:30,63813.10,63855.90,63768.90,63851.30,870
12-07-2026 17:00,63851.30,63971.20,63851.30,63953.90,930
12-07-2026 17:30,63953.90,64074.80,63916.60,64002.90,1612
12-07-2026 18:00,64002.90,64019.70,63938.50,63971.80,1349
12-07-2026 18:30,63970.70,64040.60,63948.50,63989.30,1089
12-07-2026 19:00,63989.30,64035.80,63939.00,63967.80,1072
12-07-2026 19:30,63967.80,63986.40,63905.90,63942.90,1179
12-07-2026 20:00,63942.90,64225.50,63942.90,64145.90,1851
12-07-2026 20:30,64145.40,64208.50,64082.00,64167.20,2119
12-07-2026 21:00,64167.80,64196.10,64065.40,64123.40,1883
12-07-2026 21:30,64123.40,64158.10,63995.60,64124.70,1750
12-07-2026 22:00,64124.80,64130.30,64050.00,64121.20,1205
12-07-2026 22:30,64120.10,64126.50,64073.50,64075.10,959
12-07-2026 23:00,64074.80,64125.70,63974.80,64025.60,1431
12-07-2026 23:30,64025.60,64056.30,63968.10,64022.00,1463
13-07-2026 00:00,64022.00,64100.60,64008.40,64096.50,960
13-07-2026 00:30,64096.50,64178.90,64096.30,64152.20,1123
13-07-2026 01:00,64152.20,64216.10,64093.10,64180.70,1085
13-07-2026 01:30,64180.70,64208.30,64119.40,64151.80,1096
13-07-2026 02:00,64151.80,64182.10,64122.60,64148.90,1097
13-07-2026 02:30,64148.90,64185.50,64029.90,64048.90,1234
13-07-2026 03:00,64048.90,64054.80,63840.70,63871.00,1800
13-07-2026 03:30,63871.00,63871.00,63614.70,63779.70,3116
13-07-2026 04:00,63779.70,63877.70,63648.90,63832.70,1867
13-07-2026 04:30,63832.70,63861.40,63685.60,63783.20,1995
13-07-2026 05:00,63783.20,63812.90,63678.20,63727.10,1767
13-07-2026 05:30,63727.10,64365.50,63676.40,64131.40,3658
13-07-2026 06:00,64131.20,64151.50,63512.50,64016.20,3664
13-07-2026 06:30,64016.20,64018.00,63610.60,63665.50,3764
13-07-2026 07:00,63665.50,63715.00,63344.10,63363.80,3772
13-07-2026 07:30,63363.80,63490.70,63186.80,63410.70,3106
13-07-2026 08:00,63409.90,63445.70,63285.10,63314.60,2082
13-07-2026 08:30,63314.60,63331.30,62773.20,63009.30,2989
13-07-2026 09:00,63009.30,63010.90,62686.60,62751.10,2231
13-07-2026 09:30,62751.10,62846.10,62641.00,62816.60,2034
13-07-2026 10:00,62816.60,62817.10,62586.30,62618.40,1832
13-07-2026 10:30,62618.40,62852.20,62456.30,62580.50,2592
13-07-2026 11:00,62580.50,62776.60,62522.60,62740.80,2244
13-07-2026 11:30,62740.90,62813.90,62659.10,62779.40,1907
13-07-2026 12:00,62779.40,62813.90,62702.30,62734.70,1401
13-07-2026 12:30,62734.60,62935.50,62686.30,62903.70,1781
13-07-2026 13:00,62903.70,62999.00,62854.30,62925.10,1810
13-07-2026 13:30,62924.80,63026.40,62875.00,63014.80,1680
13-07-2026 14:00,63015.40,63212.40,62931.00,63131.00,1669
13-07-2026 14:30,63131.00,63137.30,63024.50,63045.40,1168
13-07-2026 15:00,63046.20,63048.60,63012.90,63028.40,1054
13-07-2026 15:30,63027.70,63069.80,63002.90,63015.70,777
13-07-2026 16:00,63015.70,63051.10,62787.70,62796.30,1554
13-07-2026 16:30,62796.30,63056.30,62795.10,62949.10,1749
13-07-2026 17:00,62949.10,62949.10,62827.90,62834.30,1446
13-07-2026 17:30,62834.30,62906.10,62654.80,62672.80,2076
13-07-2026 18:00,62672.80,62714.30,62496.90,62551.50,1948
13-07-2026 18:30,62551.50,62590.60,62307.00,62454.10,2118
13-07-2026 19:00,62454.10,62686.90,62088.30,62246.30,3743
13-07-2026 19:30,62246.30,62573.90,62046.70,62479.40,4007
13-07-2026 20:00,62479.40,62712.50,62394.20,62710.80,3482
13-07-2026 20:30,62710.80,62894.40,62604.30,62738.60,2785
13-07-2026 21:00,62739.20,62770.10,62492.80,62538.40,2918
13-07-2026 21:30,62538.40,62558.50,62197.80,62268.50,2828
13-07-2026 22:00,62268.60,62340.60,62131.40,62194.10,3375
13-07-2026 22:30,62194.10,62286.20,62091.70,62104.30,2665
13-07-2026 23:00,62104.30,62146.30,61817.40,61822.40,3166
13-07-2026 23:30,61822.40,61978.40,61743.70,61859.20,3418
14-07-2026 00:00,61859.20,62024.10,61823.50,61939.90,3241
14-07-2026 00:30,61939.90,62027.50,61901.80,61932.00,2441
14-07-2026 01:00,61932.00,62212.60,61931.50,62201.90,2224
14-07-2026 01:30,62200.90,62247.40,62002.10,62135.50,2436
14-07-2026 02:00,62134.50,62187.80,61976.90,62131.00,1715
14-07-2026 02:30,62131.00,62145.50,61918.00,61956.40,1791
14-07-2026 03:00,61956.40,62048.60,61821.90,61986.10,2607
14-07-2026 03:30,61986.10,62149.60,61977.90,62083.20,2333
14-07-2026 04:00,62083.20,62107.40,61815.60,61831.10,2101
14-07-2026 04:30,61831.50,62152.20,61789.40,62076.80,2308
14-07-2026 05:00,62076.80,62260.50,62009.80,62251.60,2504
14-07-2026 05:30,62251.60,62396.30,62181.30,62290.90,3879
14-07-2026 06:00,62290.90,62580.70,62206.60,62468.50,3131
14-07-2026 06:30,62468.50,62558.20,62372.00,62439.40,3380
14-07-2026 07:00,62439.30,62486.90,62379.10,62449.60,2513
14-07-2026 07:30,62449.60,62533.50,62241.40,62290.90,2146
14-07-2026 08:00,62290.90,62556.20,62290.90,62465.50,2065
14-07-2026 08:30,62465.50,62524.60,62229.80,62387.00,2246
14-07-2026 09:00,62387.00,62494.40,62352.00,62486.90,2040
14-07-2026 09:30,62486.90,62579.70,62457.10,62566.80,1919
14-07-2026 10:00,62566.80,62687.40,62562.90,62665.50,1815
14-07-2026 10:30,62662.40,62791.50,62619.80,62760.60,1864
14-07-2026 11:00,62760.60,62792.00,62612.80,62641.40,1740
14-07-2026 11:30,62641.40,62648.90,62571.00,62601.60,1885
14-07-2026 12:00,62601.60,62687.30,62480.50,62533.40,1890
14-07-2026 12:30,62533.50,62563.10,62451.60,62541.30,2353
14-07-2026 13:00,62541.30,62559.00,62416.10,62458.50,2100
14-07-2026 13:30,62456.90,62580.00,62403.40,62557.90,1946
14-07-2026 14:00,62557.90,62709.70,62532.80,62618.70,1948
14-07-2026 14:30,62618.70,62652.10,62563.40,62585.10,1411
14-07-2026 15:00,62585.10,62593.40,62447.80,62541.40,1554
14-07-2026 15:30,62541.40,62652.00,62541.40,62581.10,1397
14-07-2026 16:00,62581.10,62821.40,62521.70,62714.30,2418
14-07-2026 16:30,62714.30,62792.90,62629.20,62776.00,1997
14-07-2026 17:00,62776.00,62833.40,62731.40,62758.80,1800
14-07-2026 17:30,62758.80,63021.80,62698.90,62881.50,2439
14-07-2026 18:00,62881.20,63891.80,62881.20,63883.80,4996
14-07-2026 18:30,63886.80,64083.40,63679.90,63884.20,4126
14-07-2026 19:00,63884.90,63900.70,63619.50,63766.10,4126
14-07-2026 19:30,63766.10,63838.60,63522.10,63832.00,3809
14-07-2026 20:00,63832.00,64246.60,63776.50,64231.30,3708
14-07-2026 20:30,64231.30,64489.00,64130.80,64432.60,3159
14-07-2026 21:00,64430.80,64887.40,64427.30,64692.60,4059
14-07-2026 21:30,64692.20,64842.80,64556.50,64765.20,3573
14-07-2026 22:00,64765.20,64835.80,64667.60,64677.30,2072
14-07-2026 22:30,64677.30,64677.30,64283.20,64474.30,2611
14-07-2026 23:00,64474.20,64643.70,64380.60,64573.40,1878
14-07-2026 23:30,64573.40,64579.10,64428.00,64462.10,1491
15-07-2026 00:00,64462.10,64604.80,64428.30,64520.10,1702
15-07-2026 00:30,64520.10,64660.20,64493.80,64510.20,1624
15-07-2026 01:00,64510.20,64610.10,64434.30,64519.50,1868
15-07-2026 01:30,64519.40,64544.90,64387.30,64394.50,1693
15-07-2026 02:00,64394.50,64542.80,64363.10,64512.20,1101
15-07-2026 02:30,64512.20,64624.20,64467.70,64607.30,1161
15-07-2026 03:00,64607.30,64834.00,64581.80,64621.80,2040
15-07-2026 03:30,64621.80,65042.60,64467.40,64878.30,2054
15-07-2026 04:00,64878.30,64970.70,64801.80,64805.70,1930
15-07-2026 04:30,64805.70,64983.60,64725.10,64857.50,1868
15-07-2026 05:00,64857.50,64981.30,64837.40,64977.40,1845
15-07-2026 05:30,64977.40,65003.70,64779.90,64829.60,1999
15-07-2026 06:00,64829.60,64832.70,64709.80,64770.80,1462
15-07-2026 06:30,64770.80,64796.40,64648.30,64778.00,1772
15-07-2026 07:00,64778.00,64789.20,64585.40,64611.50,1687
15-07-2026 07:30,64611.50,64693.20,64459.10,64462.50,1319
15-07-2026 08:00,64462.50,64503.70,64424.60,64431.90,1081
15-07-2026 08:30,64431.90,64606.20,64430.60,64551.70,1267
15-07-2026 09:00,64551.70,64782.00,64549.80,64725.30,1891
15-07-2026 09:30,64725.30,64821.60,64696.00,64698.60,1282
15-07-2026 10:00,64698.60,64804.20,64651.80,64685.00,1375
15-07-2026 10:30,64685.00,64752.70,64539.40,64583.00,1702
15-07-2026 11:00,64583.00,64903.30,64578.60,64874.40,1680
15-07-2026 11:30,64882.90,64997.80,64808.80,64919.80,1926
15-07-2026 12:00,64919.80,65214.60,64754.80,64757.50,2618
15-07-2026 12:30,64757.50,64823.90,64426.10,64474.00,2194
15-07-2026 13:00,64474.00,64584.40,64456.00,64491.60,1751
15-07-2026 13:30,64491.60,64623.00,64491.60,64580.80,1660
15-07-2026 14:00,64581.60,64725.10,64558.80,64706.90,1587
15-07-2026 14:30,64706.90,64857.80,64691.80,64768.70,1628
15-07-2026 15:00,64768.70,64771.20,64588.20,64607.30,1685
15-07-2026 15:30,64607.30,64788.00,64560.80,64571.30,1951
15-07-2026 16:00,64571.30,64626.90,64546.60,64596.40,1677
15-07-2026 16:30,64597.60,64690.40,64554.10,64567.70,2411
15-07-2026 17:00,64567.70,64681.40,64566.50,64668.20,2014
15-07-2026 17:30,64671.80,64693.80,64535.00,64619.40,1888
15-07-2026 18:00,64616.50,65180.20,64606.00,65090.70,4604
15-07-2026 18:30,65092.70,65499.90,65083.00,65241.20,4520
15-07-2026 19:00,65242.90,65452.20,64811.30,65043.40,5508
15-07-2026 19:30,65043.40,65347.00,64992.00,65263.10,5264
15-07-2026 20:00,65263.10,65451.70,65230.30,65327.10,4905
15-07-2026 20:30,65327.10,65421.40,65183.50,65333.50,4594
15-07-2026 21:00,65333.30,65516.30,65262.60,65355.40,4247
15-07-2026 21:30,65355.10,65399.00,64973.20,65099.20,4202
15-07-2026 22:00,65099.20,65107.00,64713.70,65050.20,4075
15-07-2026 22:30,65050.20,65092.10,64916.70,64980.50,2712
15-07-2026 23:00,64980.50,65124.90,64903.90,64992.80,2527
15-07-2026 23:30,64992.80,65081.50,64906.50,65000.10,2082
16-07-2026 00:00,65000.10,65061.30,64789.30,64803.30,2073
16-07-2026 00:30,64803.60,64893.30,64687.70,64797.60,2422
16-07-2026 01:00,64797.60,64955.40,64787.30,64924.60,2267
16-07-2026 01:30,64924.60,64975.50,64858.00,64958.00,1205
16-07-2026 02:00,64958.00,65001.40,64914.60,64915.00,908
16-07-2026 02:30,64915.00,64970.30,64787.10,64817.60,1243
16-07-2026 03:00,64817.60,64833.50,64738.20,64779.10,2065
16-07-2026 03:30,64779.70,64846.30,64719.50,64845.90,1761
16-07-2026 04:00,64845.90,64909.80,64803.00,64810.20,1667
16-07-2026 04:30,64810.20,64887.70,64788.40,64793.00,1661
16-07-2026 05:00,64793.00,64814.80,64653.10,64699.00,1865
16-07-2026 05:30,64699.00,64795.60,64511.10,64511.10,1957
16-07-2026 06:00,64511.10,64596.00,64441.70,64529.20,2285
16-07-2026 06:30,64529.30,64605.50,64339.70,64505.40,2063
16-07-2026 07:00,64505.40,64775.30,64502.90,64676.10,2161
16-07-2026 07:30,64676.10,64677.80,64540.70,64618.40,1934
16-07-2026 08:00,64618.50,64630.10,64519.00,64581.20,1740
16-07-2026 08:30,64581.60,64657.60,64528.80,64623.60,1615
16-07-2026 09:00,64623.20,64682.00,64486.30,64549.10,1416
16-07-2026 09:30,64549.10,64599.80,64475.90,64584.40,1249
16-07-2026 10:00,64584.40,64627.70,64511.80,64578.70,1133
16-07-2026 10:30,64578.70,64889.40,64538.40,64864.80,1732
16-07-2026 11:00,64864.80,64933.00,64793.50,64852.10,1924
16-07-2026 11:30,64852.10,64901.60,64737.70,64757.10,1474
16-07-2026 12:00,64757.10,64765.50,64564.10,64708.40,1443
16-07-2026 12:30,64708.40,64712.20,64430.00,64437.80,1529
16-07-2026 13:00,64437.80,64442.80,64017.10,64163.90,2546
16-07-2026 13:30,64166.70,64188.10,63820.80,64091.10,3427
16-07-2026 14:00,64090.90,64297.20,63994.00,64056.70,2743
16-07-2026 14:30,64056.70,64115.20,63955.40,63967.20,1883
16-07-2026 15:00,63967.20,64061.80,63948.10,64024.90,2033
16-07-2026 15:30,64024.90,64160.40,64003.00,64158.50,1930
16-07-2026 16:00,64158.50,64196.80,64099.20,64152.80,1637
16-07-2026 16:30,64152.80,64191.20,64032.60,64112.90,1803
16-07-2026 17:00,64112.90,64207.20,64035.30,64188.20,2009
16-07-2026 17:30,64188.20,64188.20,64024.60,64129.00,2233
16-07-2026 18:00,64129.00,64145.40,63791.00,63905.20,2908
16-07-2026 18:30,63905.20,64185.80,63893.00,64178.00,2579
16-07-2026 19:00,64177.70,64413.70,64045.60,64309.40,4475
16-07-2026 19:30,64309.40,64778.00,64265.10,64696.70,4268
16-07-2026 20:00,64694.00,64769.30,64317.10,64477.30,3868
16-07-2026 20:30,64477.30,64831.20,64250.40,64759.60,3958
16-07-2026 21:00,64760.00,64767.80,64561.90,64643.60,3529
16-07-2026 21:30,64643.60,64657.80,64329.90,64479.30,3330
16-07-2026 22:00,64479.60,64600.30,64269.40,64424.00,3080
16-07-2026 22:30,64424.00,64424.00,64052.20,64156.70,2959
16-07-2026 23:00,64156.70,64229.70,63931.00,64016.10,2984
16-07-2026 23:30,64016.10,64272.10,63989.70,64159.30,2551
17-07-2026 00:00,64159.30,64269.00,64034.50,64188.00,2245
17-07-2026 00:30,64188.00,64243.40,64101.90,64200.00,2323
17-07-2026 01:00,64199.70,64226.40,64084.70,64208.00,2593
17-07-2026 01:30,64204.50,64216.10,64092.40,64120.90,1660
17-07-2026 02:00,64120.90,64143.40,64047.70,64052.10,1366
17-07-2026 02:30,64052.00,64146.20,64036.20,64109.70,1135
17-07-2026 03:00,64108.30,64178.00,64074.00,64100.70,1697
17-07-2026 03:30,64100.70,64176.70,63949.50,63962.20,2018
17-07-2026 04:00,63962.20,64112.10,63887.20,63904.70,1876
17-07-2026 04:30,63904.70,63948.70,63688.50,63752.80,2094
17-07-2026 05:00,63752.30,63841.50,63679.70,63759.80,2300
17-07-2026 05:30,63759.80,63841.40,63683.00,63732.20,2529
17-07-2026 06:00,63733.30,63823.40,63545.00,63823.40,2845
17-07-2026 06:30,63823.40,64000.00,63760.80,63906.60,2886
17-07-2026 07:00,63906.60,63912.70,63409.20,63477.00,2756
17-07-2026 07:30,63477.00,63591.80,63363.40,63464.80,2745
17-07-2026 08:00,63464.40,63505.80,63316.20,63417.40,2610
17-07-2026 08:30,63417.40,63650.00,63413.90,63613.60,2127
17-07-2026 09:00,63613.60,63627.20,63457.70,63496.60,2160
17-07-2026 09:30,63496.60,63498.20,63247.80,63317.30,1691
17-07-2026 10:00,63317.30,63503.70,63262.00,63416.60,1736
17-07-2026 10:30,63416.60,63416.60,63124.60,63135.80,1690
17-07-2026 11:00,63135.80,63162.00,62734.10,62770.00,2860
17-07-2026 11:30,62770.00,62925.20,62642.90,62860.50,2666
17-07-2026 12:00,62860.50,62894.70,62783.00,62876.00,2083
17-07-2026 12:30,62876.00,62877.90,62728.90,62862.40,1679
17-07-2026 13:00,62862.40,62914.50,62748.40,62758.20,2066
17-07-2026 13:30,62758.20,62823.60,62659.30,62723.30,2223
17-07-2026 14:00,62722.60,62863.70,62592.40,62814.10,2268
17-07-2026 14:30,62814.10,62890.10,62784.30,62875.20,1873
17-07-2026 15:00,62875.20,62991.20,62851.00,62918.00,1497
17-07-2026 15:30,62918.00,63055.70,62912.20,63020.80,1824
17-07-2026 16:00,63020.80,63121.90,63006.20,63107.80,1142
17-07-2026 16:30,63107.80,63135.10,62988.90,63058.50,1136
17-07-2026 17:00,63058.50,63287.90,63031.60,63225.00,1586
17-07-2026 17:30,63225.00,63273.20,63101.40,63124.90,1217
17-07-2026 18:00,63124.90,63132.60,62995.30,63025.30,1612
17-07-2026 18:30,63025.50,63031.80,62698.10,62777.80,2940
17-07-2026 19:00,62777.80,63101.20,62451.40,63078.40,4380
17-07-2026 19:30,63078.40,63441.70,63069.10,63176.10,4632
17-07-2026 20:00,63176.10,63282.10,63006.80,63106.30,4485
17-07-2026 20:30,63102.80,63201.90,62793.30,63196.90,4042
17-07-2026 21:00,63196.90,63393.90,63046.00,63390.90,3499
17-07-2026 21:30,63390.90,63502.30,63249.60,63412.20,3436
17-07-2026 22:00,63412.20,63650.10,63304.20,63536.00,3302
17-07-2026 22:30,63536.00,64088.90,63536.00,63972.30,3549
17-07-2026 23:00,63971.30,64171.60,63924.00,63994.30,3459
17-07-2026 23:30,63994.50,64063.90,63838.30,63905.20,3162
18-07-2026 00:00,63905.20,64340.50,63894.90,64212.50,3277
18-07-2026 00:30,64211.10,64212.60,63929.80,64044.50,2460
18-07-2026 01:00,64044.50,64165.20,64017.40,64110.50,2833
18-07-2026 01:30,64110.50,64110.50,63934.60,63984.00,1893
18-07-2026 02:00,63981.60,64148.50,63902.20,64064.60,1804
18-07-2026 02:30,64064.60,64174.30,64064.60,64091.50,1354
18-07-2026 03:00,64091.70,64104.20,64011.30,64055.80,1578
18-07-2026 03:30,64055.70,64097.70,63910.40,63912.90,1287
18-07-2026 04:00,63912.90,63942.80,63864.50,63925.40,1175
18-07-2026 04:30,63925.40,63925.40,63828.10,63908.80,975
18-07-2026 05:00,63908.80,63961.10,63872.80,63886.60,840
18-07-2026 05:30,63886.50,63962.90,63836.10,63937.60,992
18-07-2026 06:00,63937.60,63937.60,63838.10,63853.00,861
18-07-2026 06:30,63854.60,63948.50,63831.00,63944.10,689
18-07-2026 07:00,63944.10,63944.10,63861.10,63905.00,667
18-07-2026 07:30,63905.00,63953.50,63873.10,63943.00,977
18-07-2026 08:00,63943.00,63979.50,63891.10,63901.40,681
18-07-2026 08:30,63901.40,63940.10,63889.80,63900.80,575
18-07-2026 09:00,63900.80,63964.80,63875.60,63958.60,571
18-07-2026 09:30,63958.60,63964.70,63902.70,63927.80,483
18-07-2026 10:00,63927.80,63929.90,63883.20,63913.70,451
18-07-2026 10:30,63913.70,63924.00,63865.80,63916.20,664
18-07-2026 11:00,63916.20,63944.60,63881.80,63910.00,713
18-07-2026 11:30,63910.00,63952.50,63896.20,63930.70,631
18-07-2026 12:00,63930.70,63931.50,63888.60,63922.80,533
18-07-2026 12:30,63922.80,63967.00,63920.00,63967.00,646
18-07-2026 13:00,63967.00,63972.80,63942.30,63944.40,464
18-07-2026 13:30,63944.40,63962.90,63898.00,63954.40,557
18-07-2026 14:00,63954.40,63968.10,63924.30,63947.20,376
18-07-2026 14:30,63947.20,63952.50,63887.00,63887.10,530
18-07-2026 15:00,63887.10,63932.70,63887.00,63929.10,476
18-07-2026 15:30,63928.80,63954.30,63926.60,63949.00,212
18-07-2026 16:00,63949.00,63958.60,63938.50,63950.80,475
18-07-2026 16:30,63950.80,63966.70,63950.40,63961.60,348
18-07-2026 17:00,63961.60,64028.50,63961.10,64003.40,310
18-07-2026 17:30,64003.40,64140.80,63996.50,64034.00,1053
18-07-2026 18:00,64034.00,64201.00,64012.80,64151.20,1197
18-07-2026 18:30,64151.20,64152.50,63911.60,63998.90,1371
18-07-2026 19:00,63998.90,64052.80,63974.20,64052.20,896
18-07-2026 19:30,64052.20,64119.90,64040.20,64117.60,887
18-07-2026 20:00,64117.60,64140.20,64056.00,64072.60,866
18-07-2026 20:30,64072.60,64081.60,64018.70,64019.10,848
18-07-2026 21:00,64019.10,64104.70,63974.80,64063.80,898
18-07-2026 21:30,64063.80,64101.80,64030.10,64093.70,871
18-07-2026 22:00,64093.70,64260.40,64061.70,64246.10,957
18-07-2026 22:30,64246.80,64370.00,64216.70,64242.90,958
18-07-2026 23:00,64242.90,64436.60,64240.30,64427.20,1671
18-07-2026 23:30,64427.90,64584.90,64414.20,64515.80,1171
19-07-2026 00:00,64515.90,64517.80,64422.90,64455.50,1121
19-07-2026 00:30,64455.50,64547.90,64429.00,64430.10,910
19-07-2026 01:00,64430.10,64520.10,64425.10,64500.90,836
19-07-2026 01:30,64501.40,64678.10,64457.90,64588.50,1230
19-07-2026 02:00,64588.50,64665.20,64517.30,64641.60,1216
19-07-2026 02:30,64641.60,64796.10,64589.50,64667.40,1057
19-07-2026 03:00,64667.40,64762.10,64562.10,64679.00,1573
19-07-2026 03:30,64679.00,64815.20,64671.50,64678.10,1209
19-07-2026 04:00,64678.10,64778.00,64656.50,64751.70,867
19-07-2026 04:30,64751.60,64787.20,64663.00,64776.40,753
19-07-2026 05:00,64777.10,64794.30,64746.90,64783.60,745
19-07-2026 05:30,64783.70,64849.00,64733.60,64738.20,650
19-07-2026 06:00,64738.20,64762.70,64718.10,64729.60,646
19-07-2026 06:30,64729.60,64737.60,64711.40,64717.00,381
19-07-2026 07:00,64717.00,64731.30,64709.80,64713.70,360
19-07-2026 07:30,64713.70,64904.60,64646.40,64766.50,1285
19-07-2026 08:00,64766.50,64898.60,64766.50,64770.50,1162
19-07-2026 08:30,64770.50,64787.50,64572.50,64611.10,931
19-07-2026 09:00,64611.10,64657.60,64593.20,64657.10,677
19-07-2026 09:30,64657.30,64663.00,64559.60,64656.90,661
19-07-2026 10:00,64656.90,64740.80,64639.40,64667.80,666
19-07-2026 10:30,64667.80,64754.30,64656.40,64660.40,636
19-07-2026 11:00,64660.40,64692.50,64621.90,64668.60,418
19-07-2026 11:30,64668.60,64699.40,64637.20,64673.20,587
19-07-2026 12:00,64673.20,64705.90,64645.50,64654.60,522
19-07-2026 12:30,64654.60,64667.30,64631.00,64666.70,407
19-07-2026 13:00,64666.70,64723.70,64620.40,64663.60,510
19-07-2026 13:30,64663.60,64672.00,64572.60,64609.10,738
19-07-2026 14:00,64609.10,64691.20,64582.80,64655.10,750
19-07-2026 14:30,64655.10,64667.20,64498.90,64526.70,638
19-07-2026 15:00,64526.70,64549.40,64443.40,64457.30,918
19-07-2026 15:30,64457.40,64572.20,64422.70,64568.40,929
19-07-2026 16:00,64568.40,64642.90,64512.60,64533.80,1202
19-07-2026 16:30,64533.80,64580.40,64460.70,64490.40,1773
19-07-2026 17:00,64490.40,64503.80,64385.40,64410.30,1458
19-07-2026 17:30,64410.30,64410.30,64226.40,64254.60,1828
19-07-2026 18:00,64254.60,64397.60,64244.90,64386.40,1380
19-07-2026 18:30,64386.40,64396.00,64244.00,64349.40,1073
19-07-2026 19:00,64349.40,64457.40,64348.60,64419.40,1097
19-07-2026 19:30,64419.40,64493.70,64359.00,64405.20,1235
19-07-2026 20:00,64405.20,64589.70,64388.50,64533.80,1524
19-07-2026 20:30,64533.80,64565.30,64446.00,64453.20,1151
19-07-2026 21:00,64453.20,64532.50,64438.90,64523.20,990
19-07-2026 21:30,64523.20,64588.20,64447.30,64552.60,1189
19-07-2026 22:00,64552.60,64554.50,64464.40,64480.20,1105
19-07-2026 22:30,64480.20,64688.90,64356.90,64592.80,1978
19-07-2026 23:00,64592.80,64668.20,64480.20,64490.30,1362
19-07-2026 23:30,64488.40,64497.00,64258.70,64342.00,2251
20-07-2026 00:00,64342.00,64392.00,64287.70,64363.80,1304
20-07-2026 00:30,64363.80,64409.70,64287.60,64379.30,991
20-07-2026 01:00,64379.30,64405.30,64327.10,64396.50,826
20-07-2026 01:30,64396.50,64486.70,64396.50,64429.40,1232
20-07-2026 02:00,64429.40,64475.70,64417.70,64475.50,1038
20-07-2026 02:30,64475.50,64504.70,64400.90,64415.00,1004
20-07-2026 03:00,64415.00,64415.30,64287.30,64359.20,1776
20-07-2026 03:30,64359.20,64841.80,64293.50,64699.90,3501
20-07-2026 04:00,64699.90,64764.50,64605.20,64616.20,2283
20-07-2026 04:30,64616.20,64661.30,64510.90,64619.80,2086
20-07-2026 05:00,64616.10,64715.90,64583.30,64664.60,2243
20-07-2026 05:30,64668.80,65036.80,64511.90,64812.90,3505
20-07-2026 06:00,64812.90,64880.20,64355.10,64491.80,2958
20-07-2026 06:30,64491.80,64964.70,64446.10,64790.10,3693
20-07-2026 07:00,64790.10,64873.60,64441.50,64563.60,3335
20-07-2026 07:30,64563.40,64885.40,64526.00,64608.80,3186
20-07-2026 08:00,64608.80,64901.70,64596.80,64763.10,2871
20-07-2026 08:30,64763.10,64825.10,64583.00,64617.60,2468
20-07-2026 09:00,64617.60,64854.50,64599.90,64803.30,2345
20-07-2026 09:30,64803.30,64808.50,64573.90,64701.60,2146
20-07-2026 10:00,64701.60,64752.40,64472.00,64478.70,2418
20-07-2026 10:30,64478.70,64498.80,64030.40,64122.10,3527
20-07-2026 11:00,64122.10,64195.60,64030.60,64061.90,2753
20-07-2026 11:30,64062.40,64149.30,64009.10,64060.60,2522
20-07-2026 12:00,64061.40,64082.90,63691.80,63847.10,3502
20-07-2026 12:30,63847.10,64065.60,63819.80,64056.70,2525
20-07-2026 13:00,64056.70,64232.30,64022.40,64201.90,2581
20-07-2026 13:30,64201.90,64283.70,64155.00,64166.80,1925
20-07-2026 14:00,64166.80,64204.70,63812.30,63984.60,2328
20-07-2026 14:30,63984.60,64128.00,63939.60,64124.70,1537
20-07-2026 15:00,64124.70,64210.30,64110.00,64125.40,1878
20-07-2026 15:30,64125.40,64339.80,64086.40,64278.50,1921
20-07-2026 16:00,64278.50,64280.80,64183.40,64228.10,1658
20-07-2026 16:30,64227.90,64371.00,64200.20,64273.30,1939
20-07-2026 17:00,64273.30,64999.10,64267.00,64925.70,3473
20-07-2026 17:30,64925.60,64933.20,64603.90,64628.30,2578
20-07-2026 18:00,64628.30,64671.30,64531.00,64573.60,2096
20-07-2026 18:30,64573.20,64677.40,64452.20,64470.30,1867
20-07-2026 19:00,64470.30,64686.10,64135.60,64263.40,4398
20-07-2026 19:30,64263.90,64413.70,63998.10,64395.40,4566
20-07-2026 20:00,64395.80,64482.00,64229.30,64336.50,4051
20-07-2026 20:30,64339.90,64953.50,64335.10,64883.50,3926
20-07-2026 21:00,64883.50,65582.60,64738.00,65536.80,3980
20-07-2026 21:30,65536.80,65575.90,65317.60,65379.50,3307
20-07-2026 22:00,65379.50,65491.60,65289.60,65440.90,3079
20-07-2026 22:30,65440.90,65478.00,65359.90,65438.80,2473
20-07-2026 23:00,65438.80,65578.90,65276.60,65525.10,2280
20-07-2026 23:30,65525.10,65735.10,65502.70,65530.30,2660
21-07-2026 00:00,65530.30,65531.40,65137.90,65179.20,2555
21-07-2026 00:30,65179.20,65215.90,65006.90,65093.70,1963
21-07-2026 01:00,65093.70,65126.80,64984.10,65087.00,2130
21-07-2026 01:30,65086.10,65268.40,64997.90,65228.40,1674
21-07-2026 02:00,65228.00,65377.10,65219.80,65312.70,1612
21-07-2026 02:30,65312.70,65314.80,65245.20,65251.10,1010
21-07-2026 03:00,65251.10,65385.80,65212.60,65228.60,1567
21-07-2026 03:30,65228.60,65229.90,65077.60,65160.40,1580
21-07-2026 04:00,65160.40,65177.00,65036.90,65093.70,1290
21-07-2026 04:30,65093.70,65211.10,65073.20,65189.40,1033
21-07-2026 05:00,65189.40,65218.80,65106.00,65200.30,1200
21-07-2026 05:30,65200.30,65376.60,65094.20,65295.70,2687
21-07-2026 06:00,65296.10,65532.90,65294.40,65519.80,2781
21-07-2026 06:30,65509.20,65606.00,65376.40,65384.30,2354
21-07-2026 07:00,65384.30,65422.10,65174.50,65180.40,1794
21-07-2026 07:30,65180.40,65355.90,65116.20,65204.80,2100
21-07-2026 08:00,65204.80,65434.70,65203.20,65353.80,1871
21-07-2026 08:30,65353.80,65477.30,65347.70,65427.60,2129
21-07-2026 09:00,65427.60,65537.40,65386.80,65512.20,1699
21-07-2026 09:30,65509.00,65682.30,65455.20,65458.50,1906
21-07-2026 10:00,65458.50,65517.20,65419.20,65460.00,1513
21-07-2026 10:30,65460.00,65592.90,65426.00,65537.00,1344
21-07-2026 11:00,65537.00,65835.60,65500.60,65691.50,1816
21-07-2026 11:30,65691.50,65788.90,65574.70,65763.70,1944
21-07-2026 12:00,65761.70,65934.30,65749.20,65860.20,1893
21-07-2026 12:30,65860.20,65952.60,65805.20,65904.60,1912
21-07-2026 13:00,65904.60,66182.90,65885.00,66127.80,2414
21-07-2026 13:30,66126.30,66292.10,66072.30,66161.10,2244
21-07-2026 14:00,66163.20,66300.80,66133.00,66169.90,1744
21-07-2026 14:30,66169.90,66191.40,66098.10,66175.80,1238
21-07-2026 15:00,66176.70,66296.90,66170.70,66234.00,1235
21-07-2026 15:30,66234.00,66346.80,66211.70,66342.40,1472
21-07-2026 16:00,66345.50,66369.90,66123.10,66134.90,1569
21-07-2026 16:30,66134.90,66211.20,66089.90,66187.70,1303
21-07-2026 17:00,66187.70,66305.30,66181.30,66296.00,1033
21-07-2026 17:30,66296.00,66439.50,66214.40,66402.70,1613
21-07-2026 18:00,66402.70,66583.40,66370.50,66499.80,2340
21-07-2026 18:30,66499.80,66606.20,66352.70,66383.40,1800
21-07-2026 19:00,66381.80,66750.60,66265.70,66724.50,3980
21-07-2026 19:30,66724.60,66904.80,66595.70,66689.10,3789
21-07-2026 20:00,66689.30,66873.70,66611.50,66795.80,2918
21-07-2026 20:30,66795.80,66796.10,66579.20,66585.20,3117
21-07-2026 21:00,66583.70,66679.90,66486.60,66635.00,2716
21-07-2026 21:30,66635.00,66719.30,66476.80,66491.30,2104
21-07-2026 22:00,66491.30,66606.60,66422.40,66497.70,2205
21-07-2026 22:30,66497.70,66525.30,66367.00,66402.80,1859
21-07-2026 23:00,66402.80,66459.60,66093.60,66158.80,2516
21-07-2026 23:30,66158.40,66285.60,66058.20,66188.60,2487
22-07-2026 00:00,66188.60,66311.90,66058.30,66268.70,2341
22-07-2026 00:30,66267.90,66377.90,66214.50,66353.00,1464
22-07-2026 01:00,66353.00,66458.30,66343.40,66405.60,1688
22-07-2026 01:30,66405.60,66441.50,66309.20,66344.70,1378
22-07-2026 02:00,66344.70,66450.90,66344.70,66356.20,1253
22-07-2026 02:30,66356.20,66365.60,66255.50,66272.20,1235
22-07-2026 03:00,66271.50,66341.30,66235.90,66333.10,2020
22-07-2026 03:30,66333.10,66337.20,66161.80,66228.10,1830
22-07-2026 04:00,66228.10,66295.60,66189.50,66252.70,1469
22-07-2026 04:30,66252.70,66350.00,66175.60,66350.00,1718
22-07-2026 05:00,66350.00,66522.60,66328.50,66504.30,1923
22-07-2026 05:30,66504.30,66671.90,66484.50,66604.00,2575
22-07-2026 06:00,66604.00,66682.40,66556.10,66568.80,2316
22-07-2026 06:30,66569.10,66604.30,66270.20,66297.10,2049
22-07-2026 07:00,66297.10,66447.30,66227.80,66375.70,1970
22-07-2026 07:30,66375.70,66477.00,66310.30,66349.60,2404
22-07-2026 08:00,66349.60,66349.60,66239.10,66254.90,2178
22-07-2026 08:30,66254.90,66315.90,66119.50,66220.20,2103
22-07-2026 09:00,66220.20,66303.80,66120.10,66148.20,1927
22-07-2026 09:30,66147.30,66343.80,66137.30,66308.80,1556
22-07-2026 10:00,66308.80,66367.80,66260.80,66322.70,1686
22-07-2026 10:30,66322.70,66322.80,65990.30,66016.00,2102
22-07-2026 11:00,66015.20,66073.00,65888.00,65923.80,2271
22-07-2026 11:30,65923.80,65970.00,65776.40,65798.50,2404
22-07-2026 12:00,65798.50,65940.50,65772.90,65878.70,1922
22-07-2026 12:30,65878.70,65916.90,65785.60,65846.90,2120
22-07-2026 13:00,65846.90,65859.30,65647.50,65784.90,2251
22-07-2026 13:30,65784.90,66101.40,65784.90,65956.70,2221
22-07-2026 14:00,65956.70,66013.00,65867.10,65926.50,1747
22-07-2026 14:30,65926.50,66026.30,65907.10,65965.50,1628
22-07-2026 15:00,65965.50,65965.70,65786.00,65869.10,1464
22-07-2026 15:30,65869.10,65923.40,65834.20,65906.80,1437
22-07-2026 16:00,65906.80,66054.10,65892.60,65992.30,1374
22-07-2026 16:30,65992.30,66032.70,65923.20,65993.30,1619
22-07-2026 17:00,65993.30,66011.80,65848.70,65959.40,1865
22-07-2026 17:30,65959.40,65961.00,65788.50,65825.40,1324
22-07-2026 18:00,65825.40,65849.40,65492.10,65574.60,2079
22-07-2026 18:30,65572.40,65621.90,65499.80,65555.00,1981
22-07-2026 19:00,65555.00,65924.90,65541.90,65901.30,3796
22-07-2026 19:30,65901.30,66140.90,65532.80,65566.10,3744
22-07-2026 20:00,65566.10,65824.00,65531.80,65750.20,3553
22-07-2026 20:30,65748.20,66088.50,65748.10,66036.10,3301
22-07-2026 21:00,66036.10,66079.60,65901.80,65998.00,2944
22-07-2026 21:30,65997.20,66109.90,65869.00,65982.20,2631
22-07-2026 22:00,65982.20,66350.20,65965.40,66191.50,3214
22-07-2026 22:30,66190.70,66242.80,65898.20,65945.90,2815
22-07-2026 23:00,65945.90,66196.00,65935.30,65980.60,2788
22-07-2026 23:30,65980.60,66038.80,65796.70,65843.60,2481
23-07-2026 00:00,65843.60,65886.50,65684.50,65845.30,2368
23-07-2026 00:30,65845.30,65885.10,65649.80,65855.10,2199
23-07-2026 01:00,65855.50,65916.60,65799.80,65892.80,2511
23-07-2026 01:30,65883.90,65941.50,65744.90,65887.50,2809
23-07-2026 02:00,65887.50,65905.70,65851.10,65878.70,1494
23-07-2026 02:30,65878.70,65904.80,65846.80,65864.60,999
23-07-2026 03:00,65864.60,66086.70,65864.60,66028.90,1806
23-07-2026 03:30,66028.90,66035.40,65885.90,65981.50,1699
23-07-2026 04:00,65981.50,66008.30,65889.70,66001.00,1477
23-07-2026 04:30,66001.00,66031.40,65800.80,65926.90,1853
23-07-2026 05:00,65926.90,66100.80,65908.40,66073.60,1421
23-07-2026 05:30,66073.50,66268.40,66027.40,66206.50,1958
23-07-2026 06:00,66206.50,66228.40,66008.60,66015.60,1982
23-07-2026 06:30,66012.80,66166.10,65852.40,65885.10,2522
23-07-2026 07:00,65885.10,65897.60,65707.90,65783.50,2647
23-07-2026 07:30,65783.50,65798.60,65609.10,65696.80,2738
23-07-2026 08:00,65697.10,65794.50,65679.90,65763.90,2138
23-07-2026 08:30,65764.00,65773.30,65534.00,65591.00,2491
23-07-2026 09:00,65591.00,65660.40,65578.90,65611.00,1798
23-07-2026 09:30,65611.00,65688.80,65545.90,65647.30,1850
23-07-2026 10:00,65647.30,65651.00,65543.40,65562.60,1426
23-07-2026 10:30,65563.60,65676.10,65520.60,65676.10,1365
23-07-2026 11:00,65676.10,65749.80,65598.30,65646.70,1395
23-07-2026 11:30,65646.70,65706.20,65579.30,65705.20,1586
23-07-2026 12:00,65705.20,65772.40,65661.20,65744.20,900
23-07-2026 12:30,65744.20,65744.80,65300.30,65384.00,2348
23-07-2026 13:00,65384.00,65410.20,65315.00,65384.20,1976
23-07-2026 13:30,65384.20,65546.00,65359.50,65540.20,1602
23-07-2026 14:00,65540.50,65611.20,65539.70,65584.60,1523
23-07-2026 14:30,65584.60,65706.40,65552.00,65668.30,1404
23-07-2026 15:00,65669.00,65690.40,65574.40,65591.60,1169
23-07-2026 15:30,65591.60,65722.30,65544.20,65716.80,1471
23-07-2026 16:00,65716.80,65747.00,65675.60,65694.90,1038
23-07-2026 16:30,65694.90,65697.20,65575.90,65582.30,1170
23-07-2026 17:00,65582.30,65596.80,65496.00,65511.90,1425
23-07-2026 17:30,65511.90,65544.10,65346.80,65376.20,1871
23-07-2026 18:00,65376.20,65376.30,64936.50,65113.20,2794
23-07-2026 18:30,65113.20,65175.70,64905.00,64963.60,2913
23-07-2026 19:00,64963.60,65148.00,64805.40,64820.90,4288
23-07-2026 19:30,64820.90,65165.40,64767.10,65094.80,3834
23-07-2026 20:00,65094.40,65150.80,64781.20,64846.30,3357
23-07-2026 20:30,64846.30,64892.30,64659.70,64803.70,3031
23-07-2026 21:00,64803.70,64963.00,64755.90,64892.10,2534
23-07-2026 21:30,64893.20,64893.50,64677.70,64749.70,2299
23-07-2026 22:00,64748.80,64761.40,64639.60,64679.80,1909
23-07-2026 22:30,64679.30,64798.90,64651.50,64773.60,2220
23-07-2026 23:00,64773.60,64815.70,64591.30,64602.10,2081
23-07-2026 23:30,64602.10,64746.80,64599.10,64742.00,2194
24-07-2026 00:00,64742.10,64879.20,64704.70,64798.80,1936
24-07-2026 00:30,64798.90,64869.20,64684.20,64819.80,1728
24-07-2026 01:00,64819.80,64855.20,64619.20,64778.80,2238
24-07-2026 01:30,64778.80,65129.50,64758.70,65104.90,2240
24-07-2026 02:00,65104.90,65112.60,65042.50,65081.30,1181
24-07-2026 02:30,65080.40,65140.60,64942.00,65055.10,1221
24-07-2026 03:00,65054.60,65106.80,65001.70,65106.80,1365
24-07-2026 03:30,65106.80,65156.10,64949.40,65082.50,2114
24-07-2026 04:00,65082.50,65164.50,65072.90,65127.70,1368
24-07-2026 04:30,65127.70,65157.60,65080.10,65113.50,1388
24-07-2026 05:00,65113.50,65147.70,64983.60,65038.10,1459
24-07-2026 05:30,65038.10,65047.70,64815.20,64818.50,1803
24-07-2026 06:00,64818.70,64913.50,64691.30,64913.30,2016
24-07-2026 06:30,64915.00,65066.40,64878.70,64961.00,2048
24-07-2026 07:00,64961.00,65108.80,64960.50,65016.90,2171
24-07-2026 07:30,65017.70,65123.90,64995.00,65089.20,1777
24-07-2026 08:00,65089.20,65089.20,64858.10,65054.20,2301
24-07-2026 08:30,65054.20,65337.20,65009.70,65262.00,2300
24-07-2026 09:00,65262.00,65400.50,65215.30,65394.60,1675
24-07-2026 09:30,65394.60,65407.50,65265.50,65353.20,1528
24-07-2026 10:00,65353.20,65355.30,65204.90,65250.40,1217
24-07-2026 10:30,65250.40,65332.20,65179.80,65271.40,1334
24-07-2026 11:00,65271.40,65276.10,65197.60,65254.90,1270
24-07-2026 11:30,65254.90,65438.00,65213.70,65389.10,1320
24-07-2026 12:00,65389.10,65454.70,65324.00,65413.50,1175
24-07-2026 12:30,65413.50,65750.90,65410.00,65586.80,2336
24-07-2026 13:00,65586.60,65641.50,65302.70,65440.90,1665
24-07-2026 13:30,65440.90,65451.50,65250.30,65336.20,1693
24-07-2026 14:00,65336.20,65398.00,65244.60,65245.40,1327
24-07-2026 14:30,65245.40,65262.30,64887.00,64908.60,2036
24-07-2026 15:00,64908.60,65073.20,64897.40,65050.30,1595
24-07-2026 15:30,65049.60,65090.70,64901.10,64954.40,1299
24-07-2026 16:00,64954.40,64996.60,64841.80,64890.00,1390
24-07-2026 16:30,64890.00,65006.70,64853.00,64968.20,1368
24-07-2026 17:00,64968.20,65036.30,64787.00,65011.20,1943
24-07-2026 17:30,65011.30,65064.90,64920.10,64956.20,1823
24-07-2026 18:00,64956.20,64992.80,64689.40,64703.30,1681
24-07-2026 18:30,64703.30,64728.70,64281.20,64313.50,2982
24-07-2026 19:00,64312.10,64368.50,63840.30,64066.10,3854
24-07-2026 19:30,64066.10,64125.50,63658.00,63777.60,3769
24-07-2026 20:00,63778.40,63980.40,63654.50,63980.40,3533
24-07-2026 20:30,63980.40,64109.70,63768.10,64048.90,3717
24-07-2026 21:00,64048.90,64247.90,63956.50,64014.30,3276
24-07-2026 21:30,64013.50,64127.80,63941.30,64011.00,2463
24-07-2026 22:00,64010.70,64010.90,63800.10,63877.60,2285
24-07-2026 22:30,63877.60,64070.70,63826.00,64021.00,2620
24-07-2026 23:00,64020.30,64127.60,64012.50,64104.20,1867
24-07-2026 23:30,64104.20,64142.30,64056.00,64076.30,1756
25-07-2026 00:00,64076.30,64223.60,64056.10,64198.00,1733
25-07-2026 00:30,64198.00,64223.30,64068.40,64124.90,1864
25-07-2026 01:00,64124.90,64203.10,64103.20,64152.40,1963
25-07-2026 01:30,64152.40,64210.80,64117.00,64164.20,1397
25-07-2026 02:00,64164.20,64164.20,64053.10,64092.70,1277
25-07-2026 02:30,64092.70,64146.70,64056.50,64096.90,1436
25-07-2026 03:00,64097.70,64132.30,64052.70,64077.20,1704
25-07-2026 03:30,64077.20,64101.20,64054.50,64093.80,1371
25-07-2026 04:00,64093.80,64145.00,64088.70,64088.70,1419
25-07-2026 04:30,64088.70,64109.80,64068.60,64103.70,1041
25-07-2026 05:00,64103.70,64108.70,64063.90,64073.50,805
25-07-2026 05:30,64073.50,64105.30,64065.20,64082.40,1333
25-07-2026 06:00,64082.40,64095.50,63967.90,63998.50,1732
25-07-2026 06:30,63998.50,64086.90,63931.30,63973.20,1607
25-07-2026 07:00,63973.20,64070.40,63961.00,63995.60,1149
25-07-2026 07:30,63995.60,64026.00,63957.50,63983.70,852
25-07-2026 08:00,63983.70,63987.30,63944.30,63967.30,1092
25-07-2026 08:30,63967.30,64029.40,63943.00,64001.40,977
25-07-2026 09:00,64001.40,64025.80,63970.80,64008.40,851
25-07-2026 09:30,64008.50,64064.30,64008.40,64032.90,708
25-07-2026 10:00,64032.90,64131.00,64013.40,64105.90,886
25-07-2026 10:30,64105.90,64123.40,64069.30,64075.20,803
25-07-2026 11:00,64075.70,64076.30,63905.60,63943.70,1016
25-07-2026 11:30,63943.40,63992.70,63916.50,63932.70,887
25-07-2026 12:00,63932.70,63954.70,63886.70,63941.20,895
25-07-2026 12:30,63941.20,63967.70,63925.30,63945.70,810
25-07-2026 13:00,63945.70,63967.60,63928.20,63933.00,734
25-07-2026 13:30,63933.00,63934.10,63856.50,63926.00,871
25-07-2026 14:00,63926.00,63935.90,63732.30,63797.10,1077
25-07-2026 14:30,63797.10,63867.70,63753.50,63865.30,1093
25-07-2026 15:00,63865.30,63953.30,63848.10,63931.00,964
25-07-2026 15:30,63931.00,63971.70,63931.00,63956.80,1140
25-07-2026 16:00,63956.80,63990.50,63915.80,63989.20,1365
25-07-2026 16:30,63989.20,64013.90,63969.60,64005.80,1020
25-07-2026 17:00,64005.80,64035.10,63975.00,63992.50,866
25-07-2026 17:30,63992.50,64006.30,63963.50,63974.10,734
25-07-2026 18:00,63974.10,64045.80,63961.30,64044.20,438
25-07-2026 18:30,64044.20,64063.70,64030.30,64053.70,943
25-07-2026 19:00,64053.70,64187.10,64041.70,64093.50,1352
25-07-2026 19:30,64093.50,64111.40,64043.20,64092.10,1243
25-07-2026 20:00,64092.10,64145.20,64091.50,64138.40,938
25-07-2026 20:30,64136.70,64201.70,64109.20,64132.00,1385
25-07-2026 21:00,64132.00,64164.30,64094.20,64107.60,1126
25-07-2026 21:30,64107.60,64137.90,64047.20,64068.50,1137
25-07-2026 22:00,64068.50,64172.30,64065.70,64138.40,1104
25-07-2026 22:30,64138.40,64211.00,64120.70,64197.30,869
25-07-2026 23:00,64197.30,64264.90,64173.50,64192.80,1508
25-07-2026 23:30,64193.20,64346.20,64193.20,64344.90,1974
26-07-2026 00:00,64344.90,64373.60,64306.30,64342.50,1324
26-07-2026 00:30,64344.10,64370.80,64324.40,64336.90,1122
26-07-2026 01:00,64336.90,64363.60,64314.50,64317.00,1060
26-07-2026 01:30,64317.00,64325.00,64266.10,64297.30,1033
26-07-2026 02:00,64297.40,64298.50,64234.70,64263.40,978
26-07-2026 02:30,64263.40,64265.20,64187.20,64222.70,996
26-07-2026 03:00,64222.70,64358.50,64221.40,64275.30,1030
26-07-2026 03:30,64275.30,64352.00,64275.20,64324.00,1123
26-07-2026 04:00,64323.40,64356.50,64284.50,64341.00,882
26-07-2026 04:30,64341.00,64353.60,64320.60,64330.70,898
26-07-2026 05:00,64330.70,64355.60,64290.10,64295.30,691
26-07-2026 05:30,64295.30,64415.70,64274.60,64394.60,1276
26-07-2026 06:00,64394.50,64438.50,64334.00,64437.10,1344
26-07-2026 06:30,64437.10,64465.50,64390.30,64406.90,989
26-07-2026 07:00,64406.90,64430.00,64377.80,64391.40,1156
26-07-2026 07:30,64391.40,64407.60,64356.30,64406.40,1190
26-07-2026 08:00,64406.40,64454.00,64356.30,64447.60,866
26-07-2026 08:30,64447.60,64510.70,64412.50,64482.30,1142
26-07-2026 09:00,64482.60,64508.90,64453.80,64477.50,1136
26-07-2026 09:30,64477.50,64479.70,64412.40,64476.90,971
26-07-2026 10:00,64476.90,64524.80,64445.20,64457.00,878
26-07-2026 10:30,64457.00,64457.20,64414.30,64415.80,906
26-07-2026 11:00,64416.00,64416.00,64338.00,64345.50,1025
26-07-2026 11:30,64345.50,64369.20,64217.50,64227.70,770
26-07-2026 12:00,64227.70,64379.40,64225.90,64365.60,1080
26-07-2026 12:30,64365.60,64388.10,64290.80,64294.70,1051
26-07-2026 13:00,64294.70,64307.40,64272.20,64298.70,781
26-07-2026 13:30,64298.70,64339.10,64277.50,64327.20,653
26-07-2026 14:00,64327.20,64421.80,64322.60,64409.80,596
26-07-2026 14:30,64409.80,64477.90,64408.20,64463.80,689
26-07-2026 15:00,64463.80,64480.80,64439.50,64468.60,619
26-07-2026 15:30,64468.60,64469.80,64425.00,64447.40,522
26-07-2026 16:00,64447.40,64496.40,64437.80,64441.90,997
26-07-2026 16:30,64441.90,64459.40,64428.00,64431.50,674
26-07-2026 17:00,64428.60,64440.30,64418.60,64437.70,763
26-07-2026 17:30,64437.70,64588.90,64436.10,64508.90,1304
26-07-2026 18:00,64508.90,64508.90,64366.40,64393.00,1033
26-07-2026 18:30,64393.00,64445.90,64338.90,64399.10,1044
26-07-2026 19:00,64399.10,64501.00,64386.50,64452.60,1016
26-07-2026 19:30,64452.60,64696.80,64452.60,64562.30,1826
26-07-2026 20:00,64562.30,64687.00,64549.70,64646.10,1700
26-07-2026 20:30,64646.10,64712.20,64604.70,64689.60,1570
26-07-2026 21:00,64689.60,64754.80,64664.10,64697.40,1640
26-07-2026 21:30,64697.00,64739.10,64630.50,64731.70,1576
26-07-2026 22:00,64731.70,64861.80,64657.50,64659.40,1696
26-07-2026 22:30,64659.40,64727.80,64604.90,64647.20,1424
26-07-2026 23:00,64647.10,64685.20,64601.90,64627.00,1071
26-07-2026 23:30,64627.00,64642.60,64599.80,64619.20,938
27-07-2026 00:00,64619.20,64705.70,64608.40,64672.00,490
27-07-2026 00:30,64672.00,64681.10,64606.40,64653.60,943
27-07-2026 01:00,64653.60,64689.30,64625.80,64628.00,476
27-07-2026 01:30,64628.00,64635.50,64565.50,64583.00,749
27-07-2026 02:00,64583.00,64605.70,64577.50,64582.40,566
27-07-2026 02:30,64582.40,64783.70,64577.60,64744.10,1155
27-07-2026 03:00,64744.10,64845.40,64723.90,64782.70,1809
27-07-2026 03:30,64782.70,65184.10,64782.70,65143.40,3248
27-07-2026 04:00,65143.40,65434.10,65126.00,65335.00,2549
27-07-2026 04:30,65335.30,65493.70,65237.30,65262.10,2930
27-07-2026 05:00,65262.10,65390.60,65206.00,65328.50,2390
27-07-2026 05:30,65328.50,65350.30,65031.10,65122.20,3045
27-07-2026 06:00,65121.10,65153.90,64989.00,65058.90,2277
27-07-2026 06:30,65058.50,65132.40,64916.90,64943.10,2256
27-07-2026 07:00,64943.10,65144.60,64828.00,65128.50,2229
27-07-2026 07:30,65128.50,65172.70,65076.30,65109.90,1985
27-07-2026 08:00,65109.90,65204.80,65042.10,65103.50,1689
27-07-2026 08:30,65103.50,65270.40,65092.70,65241.50,1686
27-07-2026 09:00,65241.50,65294.90,65183.40,65214.40,1530
27-07-2026 09:30,65214.40,65425.40,65176.90,65249.30,1693
27-07-2026 10:00,65249.30,65366.30,65177.90,65215.30,1592
27-07-2026 10:30,65215.30,65365.10,65210.70,65342.30,1648
27-07-2026 11:00,65342.30,65423.30,65277.60,65391.90,1710
27-07-2026 11:30,65391.90,65666.70,65383.30,65422.80,2370
27-07-2026 12:00,65422.10,65512.20,65341.40,65344.30,1873
27-07-2026 12:30,65344.30,65378.10,65278.70,65339.20,2065
27-07-2026 13:00,65336.10,65336.80,65145.30,65152.70,1897
27-07-2026 13:30,65152.70,65192.40,65062.80,65166.30,2021
27-07-2026 14:00,65166.30,65167.90,65055.40,65091.10,1706
27-07-2026 14:30,65091.10,65158.60,65025.20,65151.50,1460
27-07-2026 15:00,65151.50,65272.10,65132.40,65189.40,1451
27-07-2026 15:30,65188.80,65315.80,65158.70,65278.10,1117
27-07-2026 16:00,65278.10,65357.40,65257.40,65265.30,1247
27-07-2026 16:30,65265.60,65266.50,65057.80,65061.00,1299
27-07-2026 17:00,65054.80,65143.30,65019.90,65032.60,1132
27-07-2026 17:30,65032.60,65186.80,64937.70,64937.70,1797
27-07-2026 18:00,64937.70,65064.30,64776.10,65012.60,2219
27-07-2026 18:30,65011.70,65050.90,64834.30,64866.80,2087
27-07-2026 19:00,64866.80,65613.30,64861.20,65148.60,4646
27-07-2026 19:30,65148.60,65355.90,64793.40,64794.80,4522
27-07-2026 20:00,64794.80,64802.00,64381.90,64606.70,4221
27-07-2026 20:30,64606.40,64695.10,64467.20,64573.70,3612
27-07-2026 21:00,64570.20,64617.60,64336.70,64464.90,3413
27-07-2026 21:30,64464.90,64708.30,64427.10,64641.30,3184
27-07-2026 22:00,64641.20,64889.30,64640.90,64819.30,3112
27-07-2026 22:30,64819.30,64980.40,64704.30,64924.00,2779
27-07-2026 23:00,64924.00,65009.90,64869.40,64938.10,2448
27-07-2026 23:30,64938.10,64979.10,64756.40,64827.70,2360
28-07-2026 00:00,64827.70,64849.20,64666.00,64791.50,2397
28-07-2026 00:30,64791.60,64949.80,64724.90,64914.50,2453
28-07-2026 01:00,64914.50,65002.90,64836.60,64904.70,2535
28-07-2026 01:30,64904.70,64978.10,64824.90,64937.50,1853
28-07-2026 02:00,64937.40,64951.60,64827.70,64890.50,1483
28-07-2026 02:30,64890.50,64891.00,64740.70,64750.00,1475
28-07-2026 03:00,64751.40,64810.60,64718.20,64747.10,1374
28-07-2026 03:30,64747.10,64748.20,64501.80,64530.00,2252
28-07-2026 04:00,64530.00,64530.00,63719.10,63719.70,3167
28-07-2026 04:30,63719.90,63873.90,63536.80,63809.70,3734
28-07-2026 05:00,63809.70,63855.70,63559.70,63682.40,2458
28-07-2026 05:30,63682.40,63755.80,63442.50,63629.00,3800
28-07-2026 06:00,63629.00,63641.50,63397.00,63407.60,3765
28-07-2026 06:30,63410.30,63455.80,62998.40,63238.20,3865
28-07-2026 07:00,63238.20,63322.50,63097.50,63157.70,2705
28-07-2026 07:30,63157.70,63227.00,63083.20,63160.40,1978
28-07-2026 08:00,63160.40,63171.40,63025.50,63102.90,1900
28-07-2026 08:30,63102.90,63267.20,63085.90,63216.80,1933
28-07-2026 09:00,63216.90,63298.90,63155.10,63267.40,2001
28-07-2026 09:30,63266.60,63284.40,63198.90,63211.20,1524
28-07-2026 10:00,63211.20,63278.50,63141.10,63273.80,1313
28-07-2026 10:30,63273.80,63536.10,63246.00,63463.40,1675
28-07-2026 11:00,63463.40,63485.50,63348.50,63372.70,1602
28-07-2026 11:30,63369.70,63447.60,63317.70,63438.40,1478
28-07-2026 12:00,63440.40,63574.20,63422.50,63554.70,1668
28-07-2026 12:30,63554.70,63568.80,63435.70,63489.10,1196
28-07-2026 13:00,63489.10,63495.10,63374.30,63422.60,1424
28-07-2026 13:30,63422.60,63457.20,63348.10,63390.00,1807
28-07-2026 14:00,63390.00,63434.90,63316.80,63343.30,1272
28-07-2026 14:30,63343.30,63409.50,63305.20,63407.60,1186
28-07-2026 15:00,63407.60,63495.60,63280.00,63311.90,1129
28-07-2026 15:30,63311.90,63351.40,63208.40,63302.00,1974
28-07-2026 16:00,63302.00,63474.60,63287.20,63390.50,1715
28-07-2026 16:30,63390.50,63518.80,63272.00,63371.70,2169
28-07-2026 17:00,63371.60,63505.10,63283.70,63380.80,2162
28-07-2026 17:30,63380.80,63454.00,63335.40,63345.70,1728
28-07-2026 18:00,63345.70,63485.80,63302.50,63460.30,1781
28-07-2026 18:30,63460.30,63506.00,63215.10,63219.80,1591
28-07-2026 19:00,63224.20,63302.30,62684.90,63016.10,4155
28-07-2026 19:30,63016.10,63212.70,62871.60,63094.90,4267
28-07-2026 20:00,63094.50,63452.10,63059.40,63323.70,3970
28-07-2026 20:30,63323.70,63885.90,63174.70,63663.20,4183
28-07-2026 21:00,63663.20,63936.20,63610.50,63844.70,3917
28-07-2026 21:30,63844.50,63874.10,63712.60,63755.80,2851
28-07-2026 22:00,63754.90,64021.50,63692.40,63959.00,2956
28-07-2026 22:30,63959.00,63959.20,63617.90,63650.50,3074
28-07-2026 23:00,63652.30,63655.00,63421.10,63606.70,3170
28-07-2026 23:30,63606.70,63760.70,63591.40,63617.30,2714
29-07-2026 00:00,63617.30,63713.50,63585.60,63646.70,2043
29-07-2026 00:30,63646.70,63773.00,63631.90,63662.70,2487
29-07-2026 01:00,63662.70,63810.70,63583.30,63806.40,2407
29-07-2026 01:30,63806.40,63925.60,63782.60,63810.20,2297
29-07-2026 02:00,63810.20,63856.50,63789.50,63821.70,1607
29-07-2026 02:30,63821.70,63900.20,63795.00,63827.00,1124
29-07-2026 03:00,63827.00,63971.40,63806.70,63879.80,2090
29-07-2026 03:30,63879.80,63933.20,63819.40,63824.60,2082
29-07-2026 04:00,63824.60,63826.80,63671.70,63689.10,2107
29-07-2026 04:30,63689.10,63701.50,63458.40,63547.00,2382
29-07-2026 05:00,63547.00,63862.20,63544.00,63834.60,2689
29-07-2026 05:30,63834.30,64059.00,63831.00,63921.00,2869
29-07-2026 06:00,63921.00,64095.40,63777.60,63866.60,3003
29-07-2026 06:30,63864.80,63912.20,63681.40,63817.80,3522
29-07-2026 07:00,63818.00,63847.80,63593.60,63611.80,3123
29-07-2026 07:30,63611.90,63925.50,63557.10,63925.50,3429
29-07-2026 08:00,63925.50,64031.20,63814.50,63878.10,2755
29-07-2026 08:30,63878.10,63902.20,63686.00,63697.60,2491
29-07-2026 09:00,63696.50,63772.20,63606.90,63647.10,3124
29-07-2026 09:30,63647.10,63728.60,63493.90,63703.70,3189
29-07-2026 10:00,63703.70,63872.30,63672.50,63865.40,2704
29-07-2026 10:30,63865.40,63921.30,63789.00,63852.70,2492
29-07-2026 11:00,63852.70,63996.70,63822.40,63964.30,2235
29-07-2026 11:30,63964.00,64301.70,63928.10,64299.30,2173
29-07-2026 12:00,64299.30,64364.60,64280.90,64338.80,2068
29-07-2026 12:30,64338.80,64417.30,64306.40,64417.30,1925
29-07-2026 13:00,64417.30,64481.00,64344.00,64464.80,1767
29-07-2026 13:30,64464.80,64491.10,64192.30,64210.40,1629
29-07-2026 14:00,64210.40,64433.30,64185.20,64329.30,1742
29-07-2026 14:30,64329.30,64387.40,64289.30,64370.40,1234
29-07-2026 15:00,64370.40,64630.80,64370.40,64604.30,1879
29-07-2026 15:30,64604.10,64625.10,64519.40,64537.10,1368
29-07-2026 16:00,64537.00,64591.70,64320.50,64383.10,1720
29-07-2026 16:30,64383.10,64510.30,64353.10,64414.60,1729
29-07-2026 17:00,64414.60,64423.20,64332.20,64423.20,1681
29-07-2026 17:30,64423.20,64423.20,64185.10,64251.80,2263
29-07-2026 18:00,64252.10,64298.00,64141.70,64189.10,1730
29-07-2026 18:30,64189.10,64242.10,64059.70,64116.50,2255
29-07-2026 19:00,64117.10,64583.20,64055.30,64574.10,4226
29-07-2026 19:30,64574.30,64629.20,64043.90,64111.20,4308
29-07-2026 20:00,64111.20,64223.00,63956.00,64005.60,3923
29-07-2026 20:30,64005.00,64095.40,63870.70,63998.40,3508
29-07-2026 21:00,63998.40,64081.60,63784.50,63863.40,3268
29-07-2026 21:30,63863.40,64031.90,63792.50,63928.20,3087
29-07-2026 22:00,63922.80,63973.80,63532.10,63703.80,3339
29-07-2026 22:30,63703.90,63769.80,63609.10,63659.70,2835
29-07-2026 23:00,63657.00,64179.10,63632.00,64166.30,2560
29-07-2026 23:30,64169.60,64546.80,63900.10,64006.80,4481
30-07-2026 00:00,64006.80,64547.80,63683.20,64412.60,4742
30-07-2026 00:30,64418.30,64509.00,63868.20,63940.00,4591
30-07-2026 01:00,63940.00,64030.50,63444.30,63512.50,4451
30-07-2026 01:30,63512.50,63631.10,63291.20,63439.80,4110
30-07-2026 02:00,63439.60,63648.40,63383.70,63427.50,3175
30-07-2026 02:30,63427.50,63490.90,63193.70,63481.60,2440
30-07-2026 03:00,63481.60,63768.80,63447.30,63768.80,3043
30-07-2026 03:30,63772.00,64041.80,63763.50,63953.60,3213
30-07-2026 04:00,63953.60,63964.00,63813.00,63842.40,1826
30-07-2026 04:30,63845.20,63975.40,63798.00,63907.50,1905
30-07-2026 05:00,63907.50,63963.10,63829.70,63883.70,1642
30-07-2026 05:30,63883.70,64019.20,63858.20,63904.80,2378
30-07-2026 06:00,63904.80,63916.30,63497.20,63590.60,2210
30-07-2026 06:30,63590.60,63784.40,63587.80,63733.60,2634
30-07-2026 07:00,63733.60,64267.60,63732.60,64174.70,2524
30-07-2026 07:30,64174.70,64320.80,64142.80,64260.60,2009
30-07-2026 08:00,64260.60,64260.70,64066.10,64087.80,1800
30-07-2026 08:30,64089.70,64201.50,64032.80,64163.40,1886
30-07-2026 09:00,64163.40,64166.10,64039.60,64064.80,1845
30-07-2026 09:30,64064.80,64083.80,63991.70,64001.50,1355
30-07-2026 10:00,63998.60,64063.10,63901.60,63923.00,1516
30-07-2026 10:30,63923.00,63937.70,63812.20,63912.40,2133
30-07-2026 11:00,63912.40,64083.40,63895.40,63940.00,2281
30-07-2026 11:30,63940.00,63984.30,63866.40,63983.70,1977
30-07-2026 12:00,63984.20,63986.10,63855.90,63903.70,1600
30-07-2026 12:30,63903.70,64045.50,63891.90,63963.00,2335
30-07-2026 13:00,63963.50,63971.90,63842.40,63911.70,1832
30-07-2026 13:30,63911.70,64247.00,63875.40,64160.10,2658
30-07-2026 14:00,64160.10,64254.50,64126.00,64198.00,2120
30-07-2026 14:30,64198.00,64423.70,64174.30,64390.00,2214
30-07-2026 15:00,64390.00,64535.60,64390.00,64467.70,1683
30-07-2026 15:30,64467.70,64532.60,64458.70,64519.50,1207
30-07-2026 16:00,64519.50,64529.50,64462.20,64468.70,1295
30-07-2026 16:30,64468.70,64574.60,64438.50,64480.80,1290
30-07-2026 17:00,64480.80,64775.50,64458.10,64689.20,1496
30-07-2026 17:30,64689.20,64923.10,64685.10,64788.70,2068
30-07-2026 18:00,64789.10,64850.40,64741.70,64826.30,2188
30-07-2026 18:30,64826.30,64865.00,64716.70,64735.40,1753
30-07-2026 19:00,64734.80,65076.20,64589.60,64940.50,3869
30-07-2026 19:30,64940.50,64962.10,64536.20,64694.10,3460
30-07-2026 20:00,64694.10,64782.60,64556.80,64602.90,2618
30-07-2026 20:30,64602.90,64813.00,64523.20,64605.00,2975
30-07-2026 21:00,64605.00,64719.00,64555.40,64648.00,2102
30-07-2026 21:30,64648.30,64882.80,64643.10,64809.00,2069
30-07-2026 22:00,64809.00,64822.20,64687.60,64738.80,1835
30-07-2026 22:30,64737.60,64882.10,64690.70,64866.30,1592
30-07-2026 23:00,64866.30,64912.40,64746.90,64796.70,1846
30-07-2026 23:30,64796.70,64826.30,64676.00,64719.90,1290
31-07-2026 00:00,64719.90,64752.00,64606.90,64624.70,1268
31-07-2026 00:30,64624.50,64828.80,64624.20,64808.90,1775
31-07-2026 01:00,64810.10,64810.10,64699.00,64726.70,1571
31-07-2026 01:30,64726.70,64864.90,64687.90,64715.30,1777
31-07-2026 02:00,64713.90,64810.50,64678.80,64699.00,1435
31-07-2026 02:30,64699.00,64730.40,64655.50,64671.90,969
31-07-2026 03:00,64671.90,64720.70,64629.60,64656.60,1748
31-07-2026 03:30,64656.60,64929.60,64592.60,64927.20,1718
31-07-2026 04:00,64927.20,64945.40,64763.80,64775.30,1513
31-07-2026 04:30,64775.30,64879.10,64756.10,64865.10,1423
31-07-2026 05:00,64865.10,65015.60,64667.70,64708.90,1901
31-07-2026 05:30,64708.90,64832.00,64660.00,64705.90,1824
31-07-2026 06:00,64705.90,64753.80,64616.40,64652.80,1573
31-07-2026 06:30,64652.80,65322.00,64652.60,65111.10,3175
31-07-2026 07:00,65111.10,65111.10,64414.00,64489.00,2979
31-07-2026 07:30,64489.00,64532.20,64277.40,64278.80,2448
31-07-2026 08:00,64278.80,64337.60,64124.10,64218.50,2052
31-07-2026 08:30,64218.50,64342.70,64099.20,64300.00,1932
31-07-2026 09:00,64300.00,64357.70,64218.10,64286.30,1850
31-07-2026 09:30,64286.30,64355.30,64159.10,64258.40,1393
31-07-2026 10:00,64258.30,64287.00,64202.30,64227.00,1180
31-07-2026 10:30,64227.00,64344.20,64227.00,64246.00,1082
31-07-2026 11:00,64246.00,64296.10,64194.50,64285.00,1386
31-07-2026 11:30,64285.00,64381.20,64240.90,64379.20,1317
31-07-2026 12:00,64379.20,64422.80,64126.80,64158.50,1968
31-07-2026 12:30,64158.50,64168.10,63905.50,63914.10,2276
31-07-2026 13:00,63914.10,63953.90,63804.30,63864.30,1968
31-07-2026 13:30,63864.90,63898.00,63776.20,63880.90,1722
31-07-2026 14:00,63880.00,63880.00,63733.30,63756.00,1752
31-07-2026 14:30,63756.50,63770.20,63610.30,63621.60,1661
31-07-2026 15:00,63621.60,63676.40,63557.70,63640.20,1710
31-07-2026 15:30,63640.20,63746.80,63529.20,63741.60,1803
31-07-2026 16:00,63741.60,63876.40,63738.10,63837.60,1546
31-07-2026 16:30,63838.80,63934.40,63779.70,63823.80,1618
31-07-2026 17:00,63823.80,63826.50,63715.40,63725.90,1080
31-07-2026 17:30,63725.90,63752.70,63619.90,63683.20,1147
31-07-2026 18:00,63683.20,63683.30,63549.80,63671.20,1548
31-07-2026 18:30,63671.20,63748.80,63632.40,63737.70,1438
31-07-2026 19:00,63737.60,63739.80,63151.50,63189.10,2862
31-07-2026 19:30,63189.10,63225.10,62376.40,62542.40,3970
31-07-2026 20:00,62542.40,62714.90,62493.10,62589.80,3922
31-07-2026 20:30,62589.80,62610.70,62380.50,62481.20,3037
31-07-2026 21:00,62484.20,62662.00,62455.80,62615.90,2877
31-07-2026 21:30,62615.90,62853.50,62604.10,62839.80,2417
31-07-2026 22:00,62839.80,62843.90,62720.00,62788.30,2185
31-07-2026 22:30,62788.30,62916.50,62714.10,62891.90,2464
31-07-2026 23:00,62891.30,63214.80,62871.50,63166.10,2645
31-07-2026 23:30,63166.10,63223.20,62968.70,62974.10,1975
01-08-2026 00:00,62974.10,63103.40,62877.40,63014.00,1814
01-08-2026 00:30,63014.00,63077.30,62934.40,62939.70,1402
01-08-2026 01:00,62939.10,62974.10,62850.30,62883.70,2075
01-08-2026 01:30,62883.40,62957.00,62860.10,62927.20,1342
01-08-2026 02:00,62927.20,62939.40,62850.30,62879.80,1557
01-08-2026 02:30,62879.80,62964.90,62768.90,62936.50,1269
01-08-2026 03:00,62936.50,62982.70,62848.30,62881.90,1719
01-08-2026 03:30,62881.90,62950.50,62791.50,62906.20,1730
01-08-2026 04:00,62906.20,62929.70,62834.50,62871.60,1684
01-08-2026 04:30,62872.10,62942.70,62870.70,62912.10,1453
01-08-2026 05:00,62912.00,62923.60,62781.50,62810.30,1587
01-08-2026 05:30,62810.30,62924.30,62810.30,62885.90,1854
01-08-2026 06:00,62885.90,62949.20,62854.40,62862.70,1446
01-08-2026 06:30,62862.70,62917.00,62841.40,62873.70,1362
01-08-2026 07:00,62873.70,62905.00,62849.10,62890.80,866
01-08-2026 07:30,62890.80,63000.30,62890.40,62986.60,958
01-08-2026 08:00,62986.60,63023.30,62974.00,62989.80,711
01-08-2026 08:30,62989.80,62999.20,62888.40,62938.90,504
01-08-2026 09:00,62938.90,62955.00,62897.40,62926.60,886
01-08-2026 09:30,62926.60,62974.30,62916.90,62972.30,858
01-08-2026 10:00,62972.30,63026.90,62965.50,63023.90,542
01-08-2026 10:30,63023.90,63063.30,62979.10,63021.10,775
01-08-2026 11:00,63021.10,63029.30,62922.50,62953.20,998
01-08-2026 11:30,62953.20,63002.40,62919.40,62990.30,1025
01-08-2026 12:00,62990.30,63009.60,62979.60,63001.80,845
01-08-2026 12:30,63001.80,63037.50,62989.50,62994.00,655
01-08-2026 13:00,62994.00,62994.00,62956.70,62977.50,619
01-08-2026 13:30,62977.50,63030.20,62977.50,63017.90,526
01-08-2026 14:00,63017.90,63080.30,63015.30,63048.40,1079
01-08-2026 14:30,63048.30,63068.30,63023.50,63035.40,1066
01-08-2026 15:00,63035.40,63045.00,62968.70,62977.80,1125
01-08-2026 15:30,62977.70,63035.70,62911.60,62970.60,1292
01-08-2026 16:00,62970.60,63001.90,62946.60,62986.30,1076
01-08-2026 16:30,62987.10,63012.70,62960.90,63009.80,1015
01-08-2026 17:00,63009.80,63019.90,62991.10,63003.50,1366
01-08-2026 17:30,63003.50,63047.10,63003.50,63016.60,1081
01-08-2026 18:00,63016.60,63036.80,63004.60,63028.20,1218
01-08-2026 18:30,63030.10,63032.10,63007.70,63007.70,1155
01-08-2026 19:00,63007.70,63021.40,62969.50,62992.70,1168
01-08-2026 19:30,62993.00,63052.50,62989.60,63039.60,979
01-08-2026 20:00,63039.60,63053.30,63004.40,63053.20,926
01-08-2026 20:30,63053.20,63053.20,62982.50,62986.50,948
01-08-2026 21:00,62986.50,62991.40,62926.20,62926.20,1130
01-08-2026 21:30,62926.20,62935.60,62850.60,62874.20,1292
01-08-2026 22:00,62874.80,62950.20,62798.50,62862.60,1036
01-08-2026 22:30,62862.60,62923.70,62728.70,62766.50,1627
01-08-2026 23:00,62769.40,62776.40,62591.00,62639.10,1726
01-08-2026 23:30,62639.10,62666.20,62439.30,62495.60,2177
02-08-2026 00:00,62495.60,62514.70,62200.50,62511.20,3275
02-08-2026 00:30,62510.30,62556.70,62419.60,62479.60,1876
02-08-2026 01:00,62479.60,62521.40,62385.70,62459.00,1514
02-08-2026 01:30,62459.00,62574.80,62418.40,62547.30,1375
02-08-2026 02:00,62547.30,62602.20,62487.10,62592.40,1401
02-08-2026 02:30,62592.30,62734.90,62590.30,62724.80,1652
02-08-2026 03:00,62724.80,62790.20,62697.50,62747.20,1622
02-08-2026 03:30,62747.20,62796.60,62721.20,62785.70,1476
02-08-2026 04:00,62785.70,62787.50,62749.70,62752.80,977
02-08-2026 04:30,62752.80,62786.20,62695.50,62701.50,1045
02-08-2026 05:00,62701.50,62769.40,62701.50,62747.60,731
02-08-2026 05:30,62747.60,62900.20,62747.00,62809.60,1198
02-08-2026 06:00,62809.60,62837.70,62730.10,62759.60,1106
02-08-2026 06:30,62759.60,63004.70,62759.60,62900.60,1400
02-08-2026 07:00,62900.60,62942.90,62890.70,62907.90,880
02-08-2026 07:30,62907.90,63468.60,62875.90,63327.60,2996
02-08-2026 08:00,63327.60,63401.70,63249.50,63366.70,1653
02-08-2026 08:30,63366.30,63459.50,63292.70,63363.30,1378
02-08-2026 09:00,63363.30,63429.90,63354.00,63380.50,1039
02-08-2026 09:30,63380.50,63480.50,63380.20,63462.40,972
02-08-2026 10:00,63461.70,63535.30,63441.40,63506.00,909
02-08-2026 10:30,63506.00,63558.20,63374.90,63409.80,1158
02-08-2026 11:00,63409.80,63414.00,63335.70,63377.10,1108
02-08-2026 11:30,63377.10,63418.60,63352.90,63418.60,1017
02-08-2026 12:00,63418.60,63422.80,63379.40,63404.20,788
02-08-2026 12:30,63403.80,63416.00,63399.30,63411.00,605
02-08-2026 13:00,63411.00,63462.20,63401.10,63413.50,571
02-08-2026 13:30,63428.60,63452.50,63308.90,63308.90,825
02-08-2026 14:00,63308.90,63316.90,63091.10,63113.70,1271
02-08-2026 14:30,63115.00,63232.70,63009.50,63156.70,1399
02-08-2026 15:00,63156.70,63239.20,63153.40,63192.80,1239
02-08-2026 15:30,63192.80,63197.20,63042.50,63063.20,1095
02-08-2026 16:00,63063.20,63137.30,63063.20,63129.90,797
02-08-2026 16:30,63129.90,63130.10,63037.30,63080.50,1921
02-08-2026 17:00,63080.50,63105.80,62908.80,62952.60,2777
02-08-2026 17:30,62952.60,63151.00,62952.30,63102.00,2088
02-08-2026 18:00,63102.00,63132.50,63028.40,63049.60,1318
02-08-2026 18:30,63049.40,63071.00,62977.90,63006.40,2078
02-08-2026 19:00,63006.40,63055.50,62925.10,63047.20,1556
02-08-2026 19:30,63047.20,63079.50,62980.10,63055.30,1323
02-08-2026 20:00,63055.30,63101.00,62983.50,62992.70,1424
02-08-2026 20:30,62992.20,63056.70,62974.10,63046.70,1184
02-08-2026 21:00,63046.70,63103.50,63027.00,63031.80,996
02-08-2026 21:30,63031.80,63060.30,62987.40,63034.80,1351
02-08-2026 22:00,63034.80,63188.70,63023.60,63099.00,1658
02-08-2026 22:30,63098.20,63257.30,63069.60,63210.70,1995
02-08-2026 23:00,63210.70,63257.30,63207.50,63218.20,1123
02-08-2026 23:30,63220.80,63249.10,63204.60,63208.40,1008
03-08-2026 00:00,63208.40,63523.90,63208.40,63298.20,2074
03-08-2026 00:30,63299.00,63309.70,63242.30,63243.60,1359
03-08-2026 01:00,63243.60,63395.20,63240.00,63369.70,1087
03-08-2026 01:30,63369.70,63408.70,63316.10,63325.90,1097
03-08-2026 02:00,63325.90,63420.20,63325.60,63414.10,1243
03-08-2026 02:30,63414.10,63487.00,63394.10,63459.50,1663
03-08-2026 03:00,63459.50,63693.80,63423.30,63491.60,2717
03-08-2026 03:30,63491.60,63714.40,63488.30,63512.40,3088
03-08-2026 04:00,63512.40,63522.40,63284.10,63336.40,2331
03-08-2026 04:30,63336.40,63468.20,63250.60,63454.40,2483
03-08-2026 05:00,63455.10,63511.60,63398.10,63486.70,1735
03-08-2026 05:30,63486.70,63509.40,63172.90,63173.10,2163
03-08-2026 06:00,63174.20,63335.30,63132.90,63227.70,2541
03-08-2026 06:30,63227.70,63268.00,63018.50,63080.00,2256
03-08-2026 07:00,63080.00,63161.10,63066.60,63119.30,1780
03-08-2026 07:30,63119.30,63188.00,63004.00,63032.10,1859
03-08-2026 08:00,63032.10,63122.90,63019.20,63051.30,1586
03-08-2026 08:30,63051.30,63078.30,62974.30,62987.60,1462
03-08-2026 09:00,62987.60,62998.50,62705.60,62774.10,1600
03-08-2026 09:30,62774.10,62883.10,62718.10,62877.70,1677
03-08-2026 10:00,62877.70,62909.00,62685.20,62697.60,1543
03-08-2026 10:30,62697.60,62783.10,62653.40,62720.70,1248
03-08-2026 11:00,62720.70,62769.20,62676.90,62731.40,1357
03-08-2026 11:30,62731.40,62776.10,62665.10,62699.30,1170
03-08-2026 12:00,62699.30,62744.90,62517.60,62531.50,1737
03-08-2026 12:30,62531.50,62581.90,62458.10,62542.60,2203
03-08-2026 13:00,62542.60,62606.50,62474.90,62525.00,1551
03-08-2026 13:30,62525.00,62553.80,62231.10,62244.50,2084
03-08-2026 14:00,62244.50,62445.30,62201.80,62445.10,1994
03-08-2026 14:30,62445.10,62573.20,62426.10,62556.60,1362
03-08-2026 15:00,62556.60,62769.00,62530.60,62736.20,2178
03-08-2026 15:30,62736.20,62765.10,62638.30,62644.80,1659
03-08-2026 16:00,62644.80,62686.00,62521.90,62643.40,1441
03-08-2026 16:30,62643.40,62679.00,62491.80,62608.20,1615
03-08-2026 17:00,62608.20,62683.60,62443.20,62468.20,1450
03-08-2026 17:30,62468.20,62595.10,62351.70,62535.00,2184
03-08-2026 18:00,62535.00,62702.50,62516.70,62603.60,1858
03-08-2026 18:30,62603.60,62905.90,62600.50,62676.70,2148
03-08-2026 19:00,62676.20,63298.40,62462.10,63254.30,4616
03-08-2026 19:30,63254.50,63696.00,63049.10,63680.00,4600
03-08-2026 20:00,63678.80,63890.10,63550.00,63872.30,4311
03-08-2026 20:30,63872.30,63894.80,63592.50,63624.10,4076
03-08-2026 21:00,63625.10,63831.40,63558.90,63608.60,3463
03-08-2026 21:30,63610.20,63871.10,63578.90,63830.60,3347
03-08-2026 22:00,63830.60,63830.60,63631.90,63693.80,1934
03-08-2026 22:30,63693.80,63978.60,63637.90,63747.40,2366
03-08-2026 23:00,63747.40,63887.00,63715.90,63835.90,2367
03-08-2026 23:30,63835.90,63926.60,63735.10,63777.30,2189
04-08-2026 00:00,63777.30,63857.90,63688.50,63796.30,1896
04-08-2026 00:30,63796.30,63943.50,63767.50,63901.50,1967
04-08-2026 01:00,63904.30,64015.40,63790.00,63795.70,2059
04-08-2026 01:30,63801.10,63963.20,63743.20,63887.20,1837
04-08-2026 02:00,63887.20,63887.20,63697.00,63720.00,1048
04-08-2026 02:30,63720.00,63722.00,63616.30,63654.70,1809
04-08-2026 03:00,63654.90,63663.50,63484.70,63528.70,2072
04-08-2026 03:30,63515.10,63606.00,63321.60,63457.60,2163
04-08-2026 04:00,63457.60,63565.60,63419.90,63540.60,1664
04-08-2026 04:30,63540.60,63550.70,63455.10,63503.80,1608
04-08-2026 05:00,63503.80,63503.80,63389.10,63454.10,1299
04-08-2026 05:30,63454.10,63512.80,63318.30,63378.30,2387
04-08-2026 06:00,63378.30,63402.10,63250.30,63285.50,2381
04-08-2026 06:30,63290.20,63504.50,63283.40,63452.20,2833
04-08-2026 07:00,63452.60,63846.80,63448.90,63769.60,2963
04-08-2026 07:30,63769.60,63797.30,63608.10,63615.70,1824
04-08-2026 08:00,63615.70,63890.60,63605.70,63746.60,1773
04-08-2026 08:30,63746.60,63763.90,63573.30,63704.70,1612
04-08-2026 09:00,63704.80,63788.40,63704.80,63719.90,1532
04-08-2026 09:30,63719.90,63808.40,63683.00,63761.80,1280
04-08-2026 10:00,63761.80,64167.60,63761.80,63961.80,2010
04-08-2026 10:30,63961.90,63987.50,63737.60,63749.20,1621
04-08-2026 11:00,63749.20,63790.20,63724.70,63748.40,1208
04-08-2026 11:30,63748.40,63792.40,63684.40,63689.60,1134
04-08-2026 12:00,63689.60,63703.70,63582.20,63595.30,1218
04-08-2026 12:30,63596.60,63597.80,63424.60,63562.60,1124
04-08-2026 13:00,63562.60,63679.40,63554.50,63605.80,1551
04-08-2026 13:30,63605.80,63671.50,63507.50,63548.10,1337
04-08-2026 14:00,63548.10,63548.10,63486.10,63507.20,1203
04-08-2026 14:30,63504.70,63518.50,63434.60,63496.60,1016
04-08-2026 15:00,63496.60,63527.20,63447.50,63521.60,2615
04-08-2026 15:30,63521.50,63532.00,63369.80,63383.90,4442
04-08-2026 16:00,63384.20,63761.10,63379.40,63682.30,5012
04-08-2026 16:30,63682.30,63776.40,63631.60,63700.40,4933
04-08-2026 17:00,63700.90,63871.30,63636.20,63839.70,4990
04-08-2026 17:30,63840.00,63840.00,63705.90,63758.40,4750
04-08-2026 18:00,63758.10,63972.80,63735.60,63826.10,4928
04-08-2026 18:30,63825.10,63939.90,63770.40,63813.20,4949
04-08-2026 19:00,63804.90,64019.90,63575.60,63606.10,6078
04-08-2026 19:30,63607.40,63842.20,63530.70,63811.10,5947
04-08-2026 20:00,63811.10,64122.60,63769.90,64054.90,5944
04-08-2026 20:30,64055.60,64152.80,63854.60,63882.60,5365
04-08-2026 21:00,63883.10,64163.50,63740.30,64058.60,5413
04-08-2026 21:30,64058.30,64068.40,63902.40,63965.70,5143
04-08-2026 22:00,63965.70,63993.90,63830.50,63886.50,5073
04-08-2026 22:30,63886.50,64118.40,63886.50,64099.90,5064
04-08-2026 23:00,64099.30,64116.30,63827.00,63909.00,5142
04-08-2026 23:30,63909.20,64345.70,63902.20,64305.60,5358
05-08-2026 00:00,64305.60,64343.70,64153.70,64248.30,4996
05-08-2026 00:30,64245.60,64309.30,64198.00,64224.70,4839
05-08-2026 01:00,64224.70,64354.20,64163.50,64170.60,4535
05-08-2026 01:30,64170.60,64194.40,63951.80,64067.10,4628
05-08-2026 02:00,64067.10,64358.80,64067.10,64285.40,4758
05-08-2026 02:30,64285.30,64285.40,64131.30,64192.10,3997
05-08-2026 03:00,64192.10,64213.50,64115.30,64131.10,2106
05-08-2026 03:30,64131.40,64203.30,64071.60,64197.20,4594
05-08-2026 04:00,64196.80,64231.40,64109.20,64208.40,4195
05-08-2026 04:30,64208.40,64470.70,64110.30,64110.30,4985
05-08-2026 05:00,64110.30,64198.00,64024.80,64037.20,4286
05-08-2026 05:30,64037.20,64043.20,63940.90,64004.60,4713
05-08-2026 06:00,64004.60,64129.50,63915.90,63932.20,4717
05-08-2026 06:30,63932.00,64055.30,63884.50,64049.50,4640
05-08-2026 07:00,64048.00,64282.90,64048.00,64272.30,4648
05-08-2026 07:30,64272.30,64443.80,64262.80,64349.30,5107
05-08-2026 08:00,64350.80,64418.60,64297.10,64302.30,4810
05-08-2026 08:30,64301.60,64384.20,63996.60,64001.20,4497
05-08-2026 09:00,63997.30,64125.70,63990.80,64115.30,4438
05-08-2026 09:30,64115.30,64134.80,64022.00,64095.80,4260
05-08-2026 10:00,64096.10,64153.30,64045.30,64103.50,4063
05-08-2026 10:30,64102.00,64458.20,64091.00,64362.90,4440
05-08-2026 11:00,64362.30,64368.20,64238.60,64263.60,4381
05-08-2026 11:30,64262.50,64296.20,64213.40,64236.60,4247
05-08-2026 12:00,64237.00,64306.50,64159.60,64185.90,4114
05-08-2026 12:30,64185.90,64207.90,63986.90,64007.10,4542
05-08-2026 13:00,64007.20,64097.20,63932.20,64097.20,4559
05-08-2026 13:30,64097.20,64204.50,64067.50,64202.70,4622
05-08-2026 14:00,64202.70,64211.10,64021.10,64050.90,4572
05-08-2026 14:30,64050.90,64119.70,64025.50,64085.70,4406
05-08-2026 15:00,64084.30,64139.60,64073.00,64084.00,4228
05-08-2026 15:30,64084.20,64170.50,64010.30,64140.50,4473
05-08-2026 16:00,64140.50,64165.10,63947.30,63991.20,4532
05-08-2026 16:30,63991.40,64046.30,63974.70,64005.10,4356
05-08-2026 17:00,64006.40,64079.30,63986.30,64004.80,4343
05-08-2026 17:30,64004.80,64515.60,63983.70,64457.90,4920
05-08-2026 18:00,64456.40,64487.50,64255.70,64264.00,4684
05-08-2026 18:30,64264.00,64277.70,64033.60,64074.80,4961
05-08-2026 19:00,64074.40,64345.50,63806.40,64342.70,6077
05-08-2026 19:30,64342.70,64519.30,64234.20,64314.20,5613
05-08-2026 20:00,64325.50,64478.10,64231.60,64414.60,5526
05-08-2026 20:30,64414.60,64685.00,64391.10,64441.00,5836
05-08-2026 21:00,64441.50,64650.60,64312.00,64315.90,5279
05-08-2026 21:30,64316.50,64695.20,64316.50,64683.80,5455
05-08-2026 22:00,64681.10,64690.60,64547.60,64592.10,5441
05-08-2026 22:30,64592.00,64627.20,64462.50,64531.80,5113
05-08-2026 23:00,64531.80,64723.80,64507.00,64681.50,5310
05-08-2026 23:30,64681.80,64739.30,64587.30,64654.20,5003
06-08-2026 00:00,64654.30,64775.00,64600.60,64721.50,4509
06-08-2026 00:30,64721.40,64870.40,64706.80,64850.70,4644
06-08-2026 01:00,64850.80,64870.90,64776.10,64779.80,4431
06-08-2026 01:30,64780.10,64943.10,64737.40,64917.60,5051
06-08-2026 02:00,64918.70,64929.90,64762.00,64765.90,4744
06-08-2026 02:30,64765.60,64767.10,64585.70,64598.80,4605
06-08-2026 03:00,64598.80,64683.40,64588.20,64653.50,2276
06-08-2026 03:30,64653.60,64687.60,64570.40,64657.50,4832
06-08-2026 04:00,64658.50,64711.10,64553.80,64560.50,4388
06-08-2026 04:30,64560.30,64679.40,64510.40,64622.90,4283
06-08-2026 05:00,64622.70,64637.90,64525.30,64588.50,3858
06-08-2026 05:30,64588.50,64638.80,64493.90,64609.90,4588
06-08-2026 06:00,64609.90,64638.50,64544.30,64568.70,4384
06-08-2026 06:30,64568.70,64575.20,64437.20,64442.90,4643
06-08-2026 07:00,64442.90,64586.60,64417.30,64507.60,4636
06-08-2026 07:30,64507.60,64574.90,64373.60,64452.50,4331
06-08-2026 08:00,64452.50,64523.10,64400.50,64503.90,4223
06-08-2026 08:30,64503.90,64504.50,64432.90,64468.80,4201
06-08-2026 09:00,64468.80,64512.10,64416.90,64455.40,4068
06-08-2026 09:30,64455.90,64625.30,64421.60,64625.30,4345
06-08-2026 10:00,64625.30,64662.90,64554.00,64654.30,4191
06-08-2026 10:30,64654.30,64925.00,64653.90,64824.70,4873
06-08-2026 11:00,64822.40,64844.40,64776.30,64833.90,3771
06-08-2026 11:30,64833.90,64833.90,64669.80,64749.50,3705
06-08-2026 12:00,64750.30,64785.30,64728.40,64781.50,3974
06-08-2026 12:30,64781.50,64885.50,64742.30,64817.30,4349
06-08-2026 13:00,64817.30,64827.90,64699.70,64733.10,4405
06-08-2026 13:30,64733.10,64823.40,64672.20,64823.40,4532
06-08-2026 14:00,64823.40,64917.10,64783.70,64859.70,4568
06-08-2026 14:30,64859.70,64866.30,64648.70,64653.30,4343
06-08-2026 15:00,64653.80,64653.80,64556.60,64600.30,4350
06-08-2026 15:30,64600.30,64609.10,64501.60,64601.00,4289
06-08-2026 16:00,64601.00,64601.80,64522.20,64540.30,4336
06-08-2026 16:30,64540.30,64561.10,64426.20,64498.40,4673
06-08-2026 17:00,64501.30,64573.60,64493.90,64539.30,4663
06-08-2026 17:30,64539.80,64561.30,64371.20,64461.70,4536
06-08-2026 18:00,64461.70,64512.20,64316.30,64335.20,4740
06-08-2026 18:30,64334.20,64354.40,64100.10,64157.30,5049
06-08-2026 19:00,64156.70,64442.80,64081.60,64343.80,5738
06-08-2026 19:30,64342.90,64491.00,64293.10,64346.20,5475
06-08-2026 20:00,64345.10,64765.90,64273.00,64695.00,5672
06-08-2026 20:30,64695.00,64913.80,64626.80,64747.80,5620
06-08-2026 21:00,64748.30,64799.50,64550.70,64559.20,5515
06-08-2026 21:30,64559.20,64642.50,64520.10,64578.00,5246
06-08-2026 22:00,64578.00,64700.50,64538.60,64677.90,5014
06-08-2026 22:30,64677.90,64768.10,64596.90,64611.40,4524
06-08-2026 23:00,64611.40,64643.00,64474.00,64544.00,4685
06-08-2026 23:30,64544.00,64548.50,64402.00,64445.50,4670
07-08-2026 00:00,64445.50,64448.80,64301.30,64345.10,4766
07-08-2026 00:30,64345.20,64393.90,64315.40,64326.20,4946
07-08-2026 01:00,64326.60,64410.10,64291.10,64388.80,4926
07-08-2026 01:30,64384.50,64465.80,64375.30,64419.60,4364
07-08-2026 02:00,64419.60,64426.80,64369.50,64373.10,4160
07-08-2026 02:30,64374.50,64451.40,64373.10,64379.50,4215
07-08-2026 03:00,64379.50,64413.80,64332.30,64375.90,1762
07-08-2026 03:30,64375.90,64386.60,64255.40,64295.30,4535
07-08-2026 04:00,64295.30,64325.30,64263.30,64283.80,4299
07-08-2026 04:30,64281.00,64297.40,64149.20,64179.10,4388
07-08-2026 05:00,64179.10,64260.40,64121.70,64255.30,4290
07-08-2026 05:30,64256.60,64343.50,64158.40,64202.40,4880
07-08-2026 06:00,64200.90,64272.20,64163.90,64250.30,4863
07-08-2026 06:30,64248.70,64377.30,64241.30,64352.30,4860
07-08-2026 07:00,64352.30,64408.00,64226.70,64350.70,4981
07-08-2026 07:30,64350.70,64475.80,64184.10,64248.10,4859
07-08-2026 08:00,64248.00,64404.20,64203.80,64329.30,4838
07-08-2026 08:30,64329.30,64337.90,64186.80,64247.50,4571
07-08-2026 09:00,64244.90,64305.00,64199.90,64220.90,4633
07-08-2026 09:30,64221.30,64294.10,64177.80,64227.20,4504
07-08-2026 10:00,64227.20,64286.10,64098.10,64178.70,4442
07-08-2026 10:30,64178.70,64194.50,64100.90,64109.30,4069
07-08-2026 11:00,64109.40,64332.90,64107.60,64260.50,4257
07-08-2026 11:30,64260.50,64400.40,64240.90,64352.20,4304
07-08-2026 12:00,64352.20,64357.70,64213.20,64237.20,4269
07-08-2026 12:30,64237.20,64358.80,64192.90,64337.90,4476
07-08-2026 13:00,64338.10,64351.30,64240.20,64251.30,4315
07-08-2026 13:30,64251.80,64393.30,64232.70,64383.50,4326
07-08-2026 14:00,64384.20,64608.40,64383.80,64538.50,4584
07-08-2026 14:30,64538.40,64815.30,64538.30,64773.10,4574
07-08-2026 15:00,64773.10,64902.80,64745.90,64777.80,4584
07-08-2026 15:30,64774.70,64836.20,64740.50,64835.80,4085
07-08-2026 16:00,64832.50,64858.30,64788.40,64832.90,4272
07-08-2026 16:30,64833.40,65151.30,64830.70,65020.50,4723
07-08-2026 17:00,65019.90,65040.00,64930.80,64962.50,4725
07-08-2026 17:30,64962.50,65211.30,64962.50,65059.50,4602
07-08-2026 18:00,65057.10,65332.00,64922.50,65233.60,5496
07-08-2026 18:30,65232.80,65272.60,65054.00,65106.20,4949
07-08-2026 19:00,65106.00,65282.40,64931.10,64949.80,5858
07-08-2026 19:30,64949.00,65177.50,64720.70,65118.00,5850
07-08-2026 20:00,65119.00,65215.70,64882.10,64895.30,5883
07-08-2026 20:30,64894.10,65007.60,64826.30,64959.20,5317
07-08-2026 21:00,64958.70,65070.20,64838.50,64849.80,5215
07-08-2026 21:30,64849.80,65015.90,64825.60,64871.80,5262
07-08-2026 22:00,64873.10,64909.10,64744.90,64744.90,5061
07-08-2026 22:30,64745.40,64766.90,64514.80,64535.80,5181
07-08-2026 23:00,64535.80,64706.30,64462.60,64701.90,4892
07-08-2026 23:30,64701.90,64824.90,64697.30,64749.90,4569
08-08-2026 00:00,64750.20,64780.60,64614.80,64674.00,4424
08-08-2026 00:30,64675.50,64935.80,64675.50,64888.00,4554
08-08-2026 01:00,64891.50,64979.10,64878.10,64901.20,4878
08-08-2026 01:30,64901.20,64987.20,64891.90,64924.90,4186
08-08-2026 02:00,64925.10,64930.80,64893.30,64920.80,3580
08-08-2026 02:30,64922.70,64973.40,64901.30,64947.70,3836
08-08-2026 03:00,64947.70,65042.00,64879.70,64882.50,1285
08-08-2026 03:30,64882.50,64902.40,64854.90,64879.10,814
08-08-2026 04:00,64879.10,64879.80,64799.80,64838.70,961
08-08-2026 04:30,64838.70,64844.60,64828.20,64839.10,581
08-08-2026 05:00,64839.00,64883.30,64837.10,64878.40,2920
08-08-2026 05:30,64878.40,64913.00,64778.70,64837.30,3847
08-08-2026 06:00,64836.00,64875.20,64827.30,64875.20,3759
08-08-2026 06:30,64875.20,64912.00,64860.10,64860.30,3479
08-08-2026 07:00,64860.10,64888.80,64858.00,64859.70,3953
08-08-2026 07:30,64859.90,64881.80,64843.50,64881.30,3373
08-08-2026 08:00,64881.00,64912.20,64861.80,64873.90,3152
08-08-2026 08:30,64875.10,64987.40,64866.30,64975.00,3503
08-08-2026 09:00,64975.00,65023.10,64940.70,64976.90,3751
08-08-2026 09:30,64976.90,65017.30,64915.00,64946.90,3891
08-08-2026 10:00,64946.60,65012.40,64941.40,64960.60,2434
08-08-2026 10:30,64960.60,64973.60,64939.50,64969.90,1363
08-08-2026 11:00,64969.90,64970.80,64923.20,64947.80,575
08-08-2026 11:30,64947.80,64954.00,64922.40,64923.90,552
08-08-2026 12:00,64923.90,64969.20,64908.90,64952.80,491
08-08-2026 12:30,64952.80,64960.10,64941.90,64949.70,174
08-08-2026 13:00,64949.70,64952.60,64895.60,64915.60,740
08-08-2026 13:30,64915.60,64933.20,64899.00,64932.40,411
08-08-2026 14:00,64932.40,64966.50,64931.90,64944.70,442
08-08-2026 14:30,64944.70,64971.20,64939.90,64962.50,413
08-08-2026 15:00,64962.50,65005.20,64936.60,64942.50,666
08-08-2026 15:30,64942.50,64971.70,64938.60,64970.90,512
08-08-2026 16:00,64970.90,64973.50,64951.30,64953.80,601
08-08-2026 16:30,64953.70,64978.50,64919.70,64921.60,634
08-08-2026 17:00,64921.60,64928.90,64901.70,64909.80,891
08-08-2026 17:30,64909.80,64992.60,64866.00,64925.00,799
08-08-2026 18:00,64925.00,64973.30,64925.00,64947.90,1168
08-08-2026 18:30,64947.90,64968.50,64944.90,64966.30,869
08-08-2026 19:00,64966.30,64966.30,64943.40,64961.30,860
08-08-2026 19:30,64961.30,65087.40,64959.30,65074.10,847
08-08-2026 20:00,65074.10,65135.70,65054.00,65069.70,1138
08-08-2026 20:30,65069.70,65096.60,65019.10,65032.90,851
08-08-2026 21:00,65032.90,65037.40,64997.40,65023.50,1000
08-08-2026 21:30,65023.50,65060.00,65015.00,65016.50,968
08-08-2026 22:00,65016.50,65032.70,64977.40,65027.40,727
08-08-2026 22:30,65027.40,65079.20,65016.30,65058.50,818
08-08-2026 23:00,65058.50,65094.80,65047.40,65059.50,658
08-08-2026 23:30,65059.50,65069.80,64966.00,64977.60,1023
09-08-2026 00:00,64977.60,65005.60,64976.10,64980.30,697
09-08-2026 00:30,64980.30,64986.70,64953.30,64954.60,770
09-08-2026 01:00,64957.00,65028.20,64952.50,65016.50,1086
09-08-2026 01:30,65016.50,65024.90,64998.20,65002.90,635
09-08-2026 02:00,65002.90,65033.40,65002.80,65019.30,787
09-08-2026 02:30,65019.30,65022.60,64967.10,64967.10,554
09-08-2026 03:00,64967.10,64995.30,64939.30,64955.00,827
09-08-2026 03:30,64956.00,64982.60,64925.90,64928.50,704
09-08-2026 04:00,64928.50,64938.10,64879.10,64879.50,679
09-08-2026 04:30,64879.50,64907.80,64869.20,64869.90,638
09-08-2026 05:00,64869.90,64910.20,64868.90,64895.30,620
09-08-2026 05:30,64895.30,64908.80,64890.10,64900.80,623
09-08-2026 06:00,64900.90,64926.20,64895.50,64910.10,620
09-08-2026 06:30,64910.10,64941.40,64796.50,64800.80,776
09-08-2026 07:00,64800.80,64827.60,64775.60,64795.30,578
09-08-2026 07:30,64795.30,64798.30,64750.70,64774.20,644
09-08-2026 08:00,64774.20,64782.50,64714.30,64755.50,574
09-08-2026 08:30,64755.50,64755.50,64662.90,64716.50,622
09-08-2026 09:00,64716.50,64739.30,64707.80,64722.00,449
09-08-2026 09:30,64722.00,64767.80,64721.80,64767.80,519
09-08-2026 10:00,64767.80,64767.80,64714.40,64722.30,542
09-08-2026 10:30,64722.30,64726.00,64712.40,64720.60,444
09-08-2026 11:00,64720.60,64742.00,64709.10,64741.30,509
09-08-2026 11:30,64741.30,64778.60,64735.40,64775.00,465
09-08-2026 12:00,64775.00,64801.60,64774.00,64780.50,706
09-08-2026 12:30,64780.50,64795.70,64772.50,64773.70,626
09-08-2026 13:00,64773.70,64786.40,64756.60,64765.00,679
09-08-2026 13:30,64765.00,64871.40,64762.10,64817.70,832
09-08-2026 14:00,64817.70,64831.40,64727.30,64757.60,657
09-08-2026 14:30,64757.60,64768.50,64748.40,64749.00,348
09-08-2026 15:00,64749.00,64817.60,64744.90,64817.10,372
09-08-2026 15:30,64817.10,64913.20,64814.10,64907.40,603
09-08-2026 16:00,64907.40,64915.30,64872.00,64892.50,525
09-08-2026 16:30,64892.50,64921.90,64892.50,64916.90,597
09-08-2026 17:00,64916.90,64944.80,64884.90,64886.20,560
09-08-2026 17:30,64886.20,64889.20,64853.20,64876.80,599
09-08-2026 18:00,64876.80,64893.70,64871.00,64893.60,391
09-08-2026 18:30,64893.60,65028.00,64893.60,65025.20,556
09-08-2026 19:00,65025.20,65196.40,65025.20,65162.00,762
09-08-2026 19:30,65162.00,65183.40,65100.20,65129.10,470
09-08-2026 20:00,65129.10,65232.40,65087.00,65200.00,719
09-08-2026 20:30,65200.00,65206.20,65141.40,65166.40,770
09-08-2026 21:00,65166.40,65176.40,65159.80,65161.90,748
09-08-2026 21:30,65161.90,65204.20,65115.30,65136.00,701
09-08-2026 22:00,65136.00,65197.80,65135.70,65168.90,446
09-08-2026 22:30,65168.90,65172.40,65151.80,65171.90,518
09-08-2026 23:00,65171.90,65175.10,65132.10,65134.40,625
09-08-2026 23:30,65134.40,65154.10,65124.80,65153.60,648
10-08-2026 00:00,65153.60,65161.00,65130.90,65133.20,665
10-08-2026 00:30,65133.20,65157.20,65122.50,65146.60,615
10-08-2026 01:00,65146.60,65149.10,65117.10,65117.80,551
10-08-2026 01:30,65117.80,65127.50,65012.60,65067.00,802
10-08-2026 02:00,65067.00,65110.90,65067.00,65081.10,593
10-08-2026 02:30,65081.10,65085.50,65060.20,65075.20,734
10-08-2026 03:00,65075.20,65185.00,65075.20,65131.10,1290
10-08-2026 03:30,65131.10,65392.30,65131.10,65173.50,1485
10-08-2026 04:00,65173.50,65187.50,64908.40,65010.00,1663
10-08-2026 04:30,65010.00,65044.00,64834.30,64856.80,1395
10-08-2026 05:00,64856.30,64877.80,64775.50,64835.30,1530
10-08-2026 05:30,64835.30,65247.50,64780.90,64937.70,2311
10-08-2026 06:00,64937.70,64985.20,64759.00,64908.90,2323
10-08-2026 06:30,64909.20,65010.10,64839.30,64939.00,1762
10-08-2026 07:00,64939.80,65323.60,64832.60,65131.80,1963
10-08-2026 07:30,65131.80,65145.50,64837.60,64892.00,1758
10-08-2026 08:00,64892.00,65148.40,64892.00,65031.30,1634
10-08-2026 08:30,65031.30,65101.80,64838.30,64956.30,1771
10-08-2026 09:00,64956.70,65028.70,64882.80,64911.60,1506
10-08-2026 09:30,64908.20,65034.70,64887.10,64957.30,1136
10-08-2026 10:00,64957.30,64988.90,64851.70,64941.80,1325
10-08-2026 10:30,64938.50,64997.20,64911.70,64978.90,1037
10-08-2026 11:00,64978.90,65093.90,64956.70,65072.70,1200
10-08-2026 11:30,65072.70,65219.30,65061.40,65104.50,1701
10-08-2026 12:00,65104.50,65273.90,65100.30,65233.70,1400
10-08-2026 12:30,65233.70,65266.80,65172.60,65252.70,1047
10-08-2026 13:00,65252.70,65305.10,65129.60,65139.10,1303
10-08-2026 13:30,65139.10,65264.20,65139.10,65227.90,1249
10-08-2026 14:00,65226.00,65237.50,65124.50,65177.80,1105
10-08-2026 14:30,65177.80,65177.80,65088.90,65094.50,1153
10-08-2026 15:00,65094.50,65094.50,64892.00,64900.60,1813
10-08-2026 15:30,64900.60,65008.00,64897.60,64956.50,1117
10-08-2026 16:00,64956.50,64986.30,64935.70,64949.80,1124
10-08-2026 16:30,64949.80,65020.20,64908.00,65015.00,1033
10-08-2026 17:00,65015.00,65067.80,64992.50,65060.20,845
10-08-2026 17:30,65059.20,65169.20,64976.00,64988.00,1529
10-08-2026 18:00,64988.00,64996.20,64779.70,64804.20,1575
10-08-2026 18:30,64803.80,64906.30,64778.90,64857.80,1706
10-08-2026 19:00,64857.80,64870.50,64441.30,64488.40,3435
10-08-2026 19:30,64488.40,64761.80,64472.40,64711.50,3331
10-08-2026 20:00,64711.50,64822.60,64536.60,64554.50,2913
10-08-2026 20:30,64554.50,64644.70,64244.40,64328.30,3053
10-08-2026 21:00,64328.30,64345.80,64124.20,64223.00,2673
10-08-2026 21:30,64223.00,64285.90,63915.80,64048.60,2664
10-08-2026 22:00,64048.60,64107.10,63748.10,63826.20,2633
10-08-2026 22:30,63826.20,63938.30,63750.30,63835.10,2557
10-08-2026 23:00,63835.10,63941.70,63804.20,63872.20,1882
10-08-2026 23:30,63872.20,63937.90,63805.70,63813.20,1973
11-08-2026 00:00,63813.00,63852.90,63732.40,63806.00,2003
11-08-2026 00:30,63806.00,63945.80,63800.80,63944.00,1619
11-08-2026 01:00,63944.00,64018.40,63845.70,63965.40,2186
11-08-2026 01:30,63965.40,64050.90,63938.10,64043.30,1998
11-08-2026 02:00,64043.30,64120.00,64025.00,64085.20,1461
11-08-2026 02:30,64085.20,64085.20,63996.60,64045.70,1470
11-08-2026 03:00,64045.70,64050.20,63900.80,63902.40,1335
11-08-2026 03:30,63902.40,63987.00,63880.20,63936.20,2212
11-08-2026 04:00,63936.20,63946.30,63860.00,63946.00,1990
11-08-2026 04:30,63946.00,63951.80,63875.20,63917.30,2254
11-08-2026 05:00,63917.30,63917.50,63845.50,63899.10,920
11-08-2026 05:30,63899.10,63923.80,63824.50,63911.80,1471
11-08-2026 06:00,63911.80,63978.70,63870.40,63962.20,1410
11-08-2026 06:30,63962.20,64004.50,63901.00,63992.70,1185
11-08-2026 07:00,63991.80,64000.90,63875.30,63980.40,1126
11-08-2026 07:30,63980.40,64014.40,63964.90,63978.70,903
11-08-2026 08:00,63983.20,63985.40,63952.80,63969.00,706
11-08-2026 08:30,63969.00,64105.30,63968.50,64057.40,868
11-08-2026 09:00,64057.40,64090.30,64040.30,64062.50,579
11-08-2026 09:30,64062.50,64082.00,64023.90,64030.30,574
11-08-2026 10:00,64030.10,64040.30,63948.20,63948.20,953
11-08-2026 10:30,63948.20,63980.90,63879.00,63892.60,667
