datetime,open,high,low,close,volume
16-10-2025 00:00,58.28,58.56,58.25,58.55,334
16-10-2025 00:30,58.55,58.63,58.50,58.60,176
16-10-2025 01:00,58.60,58.61,58.43,58.45,151
16-10-2025 01:30,58.45,58.76,58.45,58.72,319
16-10-2025 02:00,58.72,58.81,58.64,58.74,338
16-10-2025 03:30,58.77,58.84,58.75,58.76,101
16-10-2025 04:00,58.76,58.77,58.65,58.65,52
16-10-2025 04:30,58.65,58.66,58.59,58.63,89
16-10-2025 05:00,58.63,58.68,58.55,58.68,81
16-10-2025 05:30,58.68,58.99,58.67,58.84,308
16-10-2025 06:00,58.83,58.84,58.76,58.81,165
16-10-2025 06:30,58.81,58.88,58.68,58.70,345
16-10-2025 07:00,58.70,58.78,58.69,58.72,168
16-10-2025 07:30,58.72,58.79,58.72,58.74,148
16-10-2025 08:00,58.75,58.75,58.66,58.71,226
16-10-2025 08:30,58.71,58.82,58.67,58.74,197
16-10-2025 09:00,58.74,58.87,58.71,58.86,180
16-10-2025 09:30,58.86,58.89,58.82,58.83,102
16-10-2025 10:00,58.83,58.87,58.82,58.84,96
16-10-2025 10:30,58.84,58.87,58.67,58.69,153
16-10-2025 11:00,58.69,58.81,58.66,58.77,317
16-10-2025 11:30,58.77,58.85,58.73,58.82,217
16-10-2025 12:00,58.82,58.94,58.80,58.84,334
16-10-2025 12:30,58.84,58.91,58.71,58.85,492
16-10-2025 13:00,58.86,59.09,58.80,59.03,536
16-10-2025 13:30,59.03,59.06,58.69,58.76,741
16-10-2025 14:00,58.76,58.86,58.61,58.68,571
16-10-2025 14:30,58.68,58.80,58.56,58.57,496
16-10-2025 15:00,58.56,58.68,58.46,58.49,483
16-10-2025 15:30,58.48,58.60,58.44,58.47,486
16-10-2025 16:00,58.47,58.67,58.45,58.63,320
16-10-2025 16:30,58.64,58.88,58.62,58.88,351
16-10-2025 17:00,58.88,58.92,58.62,58.62,340
16-10-2025 17:30,58.62,58.68,58.50,58.59,492
16-10-2025 18:00,58.60,58.67,58.52,58.52,480
16-10-2025 18:30,58.53,58.66,58.38,58.60,778
16-10-2025 19:00,58.60,58.67,58.26,58.42,956
16-10-2025 19:30,58.43,58.44,58.24,58.37,791
16-10-2025 20:00,58.37,58.40,58.25,58.39,625
16-10-2025 20:30,58.39,58.65,58.21,58.24,986
16-10-2025 21:00,58.24,58.25,57.73,58.13,1631
16-10-2025 21:30,58.12,58.47,58.09,58.19,1602
16-10-2025 22:00,58.19,58.21,57.52,57.79,1702
16-10-2025 22:30,57.79,57.93,57.47,57.48,1640
16-10-2025 23:00,57.47,57.67,57.37,57.41,949
16-10-2025 23:30,57.42,57.52,57.26,57.48,1068
17-10-2025 00:00,57.48,57.70,57.47,57.60,637
17-10-2025 00:30,57.60,57.62,57.46,57.47,300
17-10-2025 01:00,57.48,57.58,57.41,57.52,258
17-10-2025 01:30,57.52,57.56,57.44,57.55,221
17-10-2025 02:00,57.55,57.56,57.34,57.40,184
17-10-2025 03:30,57.51,57.55,57.46,57.50,79
17-10-2025 04:00,57.50,57.54,57.47,57.48,77
17-10-2025 04:30,57.49,57.49,57.42,57.45,68
17-10-2025 05:00,57.46,57.46,57.37,57.39,72
17-10-2025 05:30,57.38,57.41,57.31,57.37,240
17-10-2025 06:00,57.38,57.45,57.35,57.43,150
17-10-2025 06:30,57.43,57.43,57.30,57.39,334
17-10-2025 07:00,57.39,57.39,57.10,57.10,304
17-10-2025 07:30,57.10,57.19,56.98,57.17,245
17-10-2025 08:00,57.17,57.33,57.13,57.28,218
17-10-2025 08:30,57.29,57.32,57.21,57.29,278
17-10-2025 09:00,57.29,57.39,57.20,57.30,262
17-10-2025 09:30,57.30,57.48,57.27,57.44,223
17-10-2025 10:00,57.43,57.48,57.26,57.27,259
17-10-2025 10:30,57.27,57.35,57.24,57.32,177
17-10-2025 11:00,57.32,57.36,57.23,57.25,288
17-10-2025 11:30,57.26,57.33,57.16,57.32,378
17-10-2025 12:00,57.34,57.42,57.02,57.05,380
17-10-2025 12:30,57.05,57.14,56.92,57.00,571
17-10-2025 13:00,56.99,57.25,56.90,57.15,556
17-10-2025 13:30,57.14,57.20,56.94,56.98,541
17-10-2025 14:00,56.97,56.98,56.71,56.78,523
17-10-2025 14:30,56.78,56.99,56.64,56.87,484
17-10-2025 15:00,56.87,57.00,56.59,56.81,515
17-10-2025 15:30,56.85,56.90,56.72,56.86,397
17-10-2025 16:00,56.85,57.27,56.85,57.09,567
17-10-2025 16:30,57.08,57.51,57.06,57.35,854
17-10-2025 17:00,57.35,57.53,57.29,57.49,589
17-10-2025 17:30,57.50,57.64,57.38,57.47,679
17-10-2025 18:00,57.47,57.71,57.47,57.60,616
17-10-2025 18:30,57.61,57.63,57.27,57.41,980
17-10-2025 19:00,57.41,57.58,57.15,57.33,1290
17-10-2025 19:30,57.31,57.55,57.25,57.42,1054
17-10-2025 20:00,57.42,57.55,57.27,57.46,1060
17-10-2025 20:30,57.46,57.68,57.21,57.36,1039
17-10-2025 21:00,57.37,57.59,57.29,57.51,779
17-10-2025 21:30,57.53,57.63,57.41,57.48,510
17-10-2025 22:00,57.47,57.49,57.17,57.26,432
17-10-2025 22:30,57.26,57.41,57.16,57.26,390
17-10-2025 23:00,57.26,57.59,57.26,57.40,565
17-10-2025 23:30,57.40,57.71,57.38,57.49,697
18-10-2025 00:00,57.49,57.66,57.48,57.56,297
18-10-2025 00:30,57.56,57.64,57.47,57.61,175
18-10-2025 01:00,57.61,57.61,57.50,57.51,147
18-10-2025 01:30,57.51,57.70,57.50,57.58,191
18-10-2025 02:00,57.58,57.63,57.50,57.63,237
20-10-2025 03:30,57.36,57.43,57.33,57.35,240
20-10-2025 04:00,57.35,57.36,57.09,57.14,199
20-10-2025 04:30,57.14,57.21,57.06,57.08,141
20-10-2025 05:00,57.08,57.08,56.94,56.95,125
20-10-2025 05:30,56.95,57.01,56.89,56.90,228
20-10-2025 06:00,56.90,57.02,56.89,56.98,145
20-10-2025 06:30,56.98,57.06,56.86,56.93,333
20-10-2025 07:00,56.93,56.93,56.75,56.89,298
20-10-2025 07:30,56.89,57.00,56.87,56.99,151
20-10-2025 08:00,56.99,57.03,56.92,56.94,183
20-10-2025 08:30,56.94,56.99,56.90,56.93,160
20-10-2025 09:00,56.93,57.02,56.91,56.96,123
20-10-2025 09:30,56.96,56.96,56.89,56.90,88
20-10-2025 10:00,56.90,57.00,56.90,56.97,109
20-10-2025 10:30,56.97,56.98,56.88,56.88,98
20-10-2025 11:00,56.88,56.88,56.80,56.81,152
20-10-2025 11:30,56.81,56.84,56.56,56.66,337
20-10-2025 12:00,56.66,56.72,56.60,56.62,291
20-10-2025 12:30,56.61,56.90,56.59,56.77,475
20-10-2025 13:00,56.77,56.88,56.61,56.66,380
20-10-2025 13:30,56.66,56.87,56.64,56.77,628
20-10-2025 14:00,56.77,56.97,56.65,56.94,509
20-10-2025 14:30,56.94,57.03,56.80,57.03,370
20-10-2025 15:00,57.03,57.07,56.82,56.84,355
20-10-2025 15:30,56.85,57.04,56.84,56.92,331
20-10-2025 16:00,56.91,56.92,56.68,56.74,371
20-10-2025 16:30,56.74,56.74,56.54,56.69,417
20-10-2025 17:00,56.68,56.78,56.63,56.73,291
20-10-2025 17:30,56.73,56.82,56.70,56.73,438
20-10-2025 18:00,56.73,56.83,56.53,56.57,602
20-10-2025 18:30,56.57,56.57,55.96,56.31,1575
20-10-2025 19:00,56.32,56.76,56.30,56.55,1250
20-10-2025 19:30,56.55,56.75,56.48,56.48,821
20-10-2025 20:00,56.48,56.61,56.37,56.57,723
20-10-2025 20:30,56.57,56.88,56.54,56.65,918
20-10-2025 21:00,56.65,56.81,56.35,56.48,940
20-10-2025 21:30,56.48,56.67,56.48,56.62,741
20-10-2025 22:00,56.63,56.67,56.51,56.61,414
20-10-2025 22:30,56.61,56.85,56.54,56.55,515
20-10-2025 23:00,56.55,56.99,56.55,56.91,561
20-10-2025 23:30,56.91,57.07,56.83,57.03,667
21-10-2025 00:00,57.03,57.04,56.88,56.90,254
21-10-2025 00:30,56.90,56.99,56.81,56.96,187
21-10-2025 01:00,56.96,57.03,56.94,56.98,258
21-10-2025 01:30,56.98,57.03,56.98,56.99,157
21-10-2025 02:00,56.99,56.99,56.85,56.93,159
21-10-2025 03:30,56.91,56.93,56.91,56.93,64
21-10-2025 04:00,56.93,56.98,56.93,56.93,71
21-10-2025 04:30,56.93,56.95,56.90,56.92,54
21-10-2025 05:00,56.92,56.97,56.92,56.97,34
21-10-2025 05:30,56.97,57.01,56.86,56.99,172
21-10-2025 06:00,56.99,56.99,56.94,56.97,80
21-10-2025 06:30,56.97,56.98,56.61,56.62,273
21-10-2025 07:00,56.62,56.81,56.60,56.80,151
21-10-2025 07:30,56.80,56.91,56.76,56.86,154
21-10-2025 08:00,56.86,56.86,56.77,56.81,167
21-10-2025 08:30,56.81,56.84,56.78,56.83,96
21-10-2025 09:00,56.83,56.85,56.81,56.84,69
21-10-2025 09:30,56.84,56.91,56.82,56.84,111
21-10-2025 10:00,56.84,56.88,56.80,56.87,85
21-10-2025 10:30,56.87,57.02,56.85,56.99,172
21-10-2025 11:00,56.99,57.11,56.97,57.01,213
21-10-2025 11:30,57.02,57.19,56.99,57.11,315
21-10-2025 12:00,57.11,57.15,56.86,56.88,350
21-10-2025 12:30,56.88,56.88,56.67,56.77,474
21-10-2025 13:00,56.77,56.82,56.68,56.72,310
21-10-2025 13:30,56.72,57.02,56.71,56.97,554
21-10-2025 14:00,56.97,57.28,56.93,57.17,555
21-10-2025 14:30,57.17,57.20,56.97,56.98,402
21-10-2025 15:00,56.98,57.37,56.96,57.36,548
21-10-2025 15:30,57.36,57.55,57.33,57.49,572
21-10-2025 16:00,57.49,57.61,57.45,57.51,391
21-10-2025 16:30,57.51,57.66,57.43,57.49,377
21-10-2025 17:00,57.49,57.49,57.32,57.38,400
21-10-2025 17:30,57.38,57.47,57.35,57.44,342
21-10-2025 18:00,57.44,57.76,57.43,57.45,550
21-10-2025 18:30,57.45,57.45,57.00,57.17,1148
21-10-2025 19:00,57.17,57.19,56.41,56.41,1483
21-10-2025 19:30,56.41,57.03,56.34,56.79,1386
21-10-2025 20:00,56.79,56.84,56.61,56.82,953
21-10-2025 20:30,56.82,57.43,56.75,57.25,1207
21-10-2025 21:00,57.24,57.38,57.13,57.34,962
21-10-2025 21:30,57.34,57.55,57.24,57.46,846
21-10-2025 22:00,57.46,58.05,57.18,57.20,1439
21-10-2025 22:30,57.20,57.48,56.97,57.47,813
21-10-2025 23:00,57.47,57.51,57.21,57.22,434
21-10-2025 23:30,57.22,57.30,57.12,57.24,668
22-10-2025 00:00,57.23,57.35,57.21,57.31,268
22-10-2025 00:30,57.31,57.35,57.28,57.35,188
22-10-2025 01:00,57.35,57.42,57.30,57.40,178
22-10-2025 01:30,57.40,57.57,57.40,57.55,148
22-10-2025 02:00,57.55,57.60,57.52,57.57,260
22-10-2025 03:30,57.56,57.62,57.54,57.58,72
22-10-2025 04:00,57.59,57.61,57.56,57.57,75
22-10-2025 04:30,57.57,57.63,57.55,57.56,56
22-10-2025 05:00,57.56,57.58,57.52,57.53,60
22-10-2025 05:30,57.53,57.56,57.40,57.45,184
22-10-2025 06:00,57.45,57.52,57.41,57.43,196
22-10-2025 06:30,57.43,57.44,57.33,57.40,339
22-10-2025 07:00,57.40,57.48,57.40,57.42,209
22-10-2025 07:30,57.42,57.57,57.42,57.54,135
22-10-2025 08:00,57.54,57.75,57.52,57.70,269
22-10-2025 08:30,57.70,58.36,57.70,58.35,992
22-10-2025 09:00,58.36,58.38,58.16,58.17,427
22-10-2025 09:30,58.17,58.25,58.14,58.22,222
22-10-2025 10:00,58.22,58.27,58.19,58.20,153
22-10-2025 10:30,58.20,58.30,58.18,58.28,205
22-10-2025 11:00,58.28,58.34,58.20,58.24,518
22-10-2025 11:30,58.24,58.38,58.20,58.32,430
22-10-2025 12:00,58.32,58.48,58.27,58.30,511
22-10-2025 12:30,58.30,58.34,58.04,58.06,595
22-10-2025 13:00,58.06,58.23,58.05,58.16,542
22-10-2025 13:30,58.16,58.26,58.12,58.16,641
22-10-2025 14:00,58.15,58.41,58.09,58.24,736
22-10-2025 14:30,58.24,58.32,58.05,58.15,601
22-10-2025 15:00,58.15,58.25,58.13,58.14,388
22-10-2025 15:30,58.14,58.15,57.92,58.05,504
22-10-2025 16:00,58.06,58.38,58.00,58.28,542
22-10-2025 16:30,58.29,58.46,58.25,58.45,453
22-10-2025 17:00,58.45,58.52,58.17,58.32,524
22-10-2025 17:30,58.32,58.49,58.32,58.43,425
22-10-2025 18:00,58.43,58.60,58.18,58.20,733
22-10-2025 18:30,58.20,58.57,58.14,58.45,887
22-10-2025 19:00,58.45,58.80,58.45,58.72,1071
22-10-2025 19:30,58.72,58.78,58.48,58.61,818
22-10-2025 20:00,58.61,58.71,58.43,58.58,1132
22-10-2025 20:30,58.58,58.70,58.30,58.34,1222
22-10-2025 21:00,58.34,58.91,58.33,58.75,923
22-10-2025 21:30,58.75,58.75,58.58,58.62,690
22-10-2025 22:00,58.63,58.83,58.25,58.67,1520
22-10-2025 22:30,58.67,58.74,58.48,58.52,697
22-10-2025 23:00,58.52,58.56,58.38,58.42,527
22-10-2025 23:30,58.43,58.55,58.38,58.50,695
23-10-2025 00:00,58.50,58.62,58.45,58.57,338
23-10-2025 00:30,58.57,59.61,58.56,59.54,1480
23-10-2025 01:00,59.54,59.82,59.33,59.39,1446
23-10-2025 01:30,59.39,59.40,58.89,59.28,1262
23-10-2025 02:00,59.28,59.66,59.10,59.29,1057
23-10-2025 03:30,59.95,59.97,59.63,59.76,391
23-10-2025 04:00,59.76,59.89,59.72,59.78,297
23-10-2025 04:30,59.78,60.13,59.77,59.94,388
23-10-2025 05:00,59.94,60.09,59.91,60.06,259
23-10-2025 05:30,60.06,60.25,60.06,60.15,633
23-10-2025 06:00,60.15,60.19,59.90,59.95,381
23-10-2025 06:30,59.95,59.98,59.74,59.85,726
23-10-2025 07:00,59.85,59.98,59.72,59.81,359
23-10-2025 07:30,59.81,59.92,59.76,59.89,348
23-10-2025 08:00,59.90,60.13,59.76,60.07,465
23-10-2025 08:30,60.07,60.32,59.97,60.14,733
23-10-2025 09:00,60.14,60.24,60.03,60.23,544
23-10-2025 09:30,60.23,60.41,60.22,60.38,439
23-10-2025 10:00,60.38,60.60,60.34,60.45,397
23-10-2025 10:30,60.45,60.84,60.44,60.79,524
23-10-2025 11:00,60.79,60.89,60.59,60.88,795
23-10-2025 11:30,60.88,60.89,60.56,60.69,905
23-10-2025 12:00,60.69,60.80,60.38,60.45,951
23-10-2025 12:30,60.45,60.61,60.39,60.55,948
23-10-2025 13:00,60.55,60.68,60.41,60.42,869
23-10-2025 13:30,60.42,60.86,60.40,60.81,1106
23-10-2025 14:00,60.81,61.34,60.77,61.34,1323
23-10-2025 14:30,61.34,61.57,61.31,61.44,914
23-10-2025 15:00,61.44,61.79,61.37,61.76,871
23-10-2025 15:30,61.76,61.87,61.51,61.54,936
23-10-2025 16:00,61.54,61.82,61.46,61.62,905
23-10-2025 16:30,61.62,62.07,61.58,61.72,1038
23-10-2025 17:00,61.72,61.80,61.32,61.58,1248
23-10-2025 17:30,61.58,61.66,61.38,61.39,981
23-10-2025 18:00,61.39,61.74,61.11,61.73,1757
23-10-2025 18:30,61.72,62.11,61.12,61.46,3437
23-10-2025 19:00,61.46,61.68,61.27,61.65,1633
23-10-2025 19:30,61.65,61.67,61.29,61.60,1345
23-10-2025 20:00,61.60,61.60,61.29,61.43,1073
23-10-2025 20:30,61.43,61.64,61.23,61.60,1181
23-10-2025 21:00,61.61,62.04,61.40,62.03,1622
23-10-2025 21:30,62.03,62.20,61.71,61.91,1157
23-10-2025 22:00,61.91,62.02,61.89,62.02,592
23-10-2025 22:30,62.02,62.08,61.57,61.89,938
23-10-2025 23:00,61.89,61.97,61.48,61.68,893
23-10-2025 23:30,61.68,61.85,61.56,61.78,983
24-10-2025 00:00,61.78,61.86,61.57,61.70,501
24-10-2025 00:30,61.71,61.79,61.65,61.70,303
24-10-2025 01:00,61.70,61.73,61.55,61.62,308
24-10-2025 01:30,61.62,61.70,61.58,61.68,219
24-10-2025 02:00,61.68,61.76,61.62,61.75,256
24-10-2025 03:30,61.73,61.76,61.59,61.66,84
24-10-2025 04:00,61.66,61.73,61.64,61.72,73
24-10-2025 04:30,61.72,61.72,61.62,61.62,58
24-10-2025 05:00,61.62,61.67,61.56,61.66,80
24-10-2025 05:30,61.66,61.71,61.44,61.68,378
24-10-2025 06:00,61.68,61.69,61.57,61.60,163
24-10-2025 06:30,61.60,61.60,61.45,61.46,370
24-10-2025 07:00,61.46,61.47,61.26,61.27,339
24-10-2025 07:30,61.27,61.44,61.23,61.32,287
24-10-2025 08:00,61.32,61.40,61.29,61.40,283
24-10-2025 08:30,61.40,61.55,61.33,61.52,298
24-10-2025 09:00,61.51,61.51,61.34,61.42,200
24-10-2025 09:30,61.42,61.54,61.40,61.52,181
24-10-2025 10:00,61.52,61.59,61.48,61.51,133
24-10-2025 10:30,61.52,61.58,61.47,61.54,149
24-10-2025 11:00,61.54,61.58,61.47,61.49,221
24-10-2025 11:30,61.49,61.66,61.47,61.54,361
24-10-2025 12:00,61.54,61.59,61.38,61.43,402
24-10-2025 12:30,61.43,61.63,61.36,61.60,534
24-10-2025 13:00,61.60,61.99,61.60,61.97,586
24-10-2025 13:30,61.97,62.06,61.87,61.89,681
24-10-2025 14:00,61.90,62.11,61.65,61.68,905
24-10-2025 14:30,61.68,61.81,61.61,61.72,585
24-10-2025 15:00,61.72,61.76,61.61,61.67,460
24-10-2025 15:30,61.67,61.85,61.65,61.75,519
24-10-2025 16:00,61.75,61.92,61.74,61.90,448
24-10-2025 16:30,61.91,62.27,61.88,62.23,554
24-10-2025 17:00,62.23,62.46,62.13,62.44,639
24-10-2025 17:30,62.44,62.58,62.06,62.11,933
24-10-2025 18:00,62.12,62.20,61.71,61.79,1131
24-10-2025 18:30,61.79,62.11,61.77,61.89,1264
24-10-2025 19:00,61.89,62.16,61.87,62.09,1042
24-10-2025 19:30,62.08,62.38,61.92,62.15,1113
24-10-2025 20:00,62.15,62.37,62.07,62.18,879
24-10-2025 20:30,62.18,62.35,62.11,62.29,756
24-10-2025 21:00,62.29,62.40,62.13,62.26,810
24-10-2025 21:30,62.26,62.30,62.03,62.04,581
24-10-2025 22:00,62.04,62.15,61.90,61.91,587
24-10-2025 22:30,61.91,61.93,61.66,61.75,682
24-10-2025 23:00,61.75,61.79,61.50,61.54,587
24-10-2025 23:30,61.54,61.66,61.42,61.47,838
25-10-2025 00:00,61.48,61.69,61.45,61.56,390
25-10-2025 00:30,61.56,61.58,61.44,61.46,248
25-10-2025 01:00,61.46,61.52,61.41,61.48,237
25-10-2025 01:30,61.48,61.48,61.39,61.39,169
25-10-2025 02:00,61.39,61.47,61.38,61.43,186
27-10-2025 03:30,61.95,62.07,61.91,62.03,369
27-10-2025 04:00,62.03,62.16,61.99,62.02,261
27-10-2025 04:30,62.02,62.05,61.93,61.93,189
27-10-2025 05:00,61.93,61.94,61.86,61.92,167
27-10-2025 05:30,61.92,62.02,61.85,61.94,261
27-10-2025 06:00,61.94,62.01,61.75,61.75,253
27-10-2025 06:30,61.75,61.78,61.58,61.63,646
27-10-2025 07:00,61.63,61.67,61.53,61.54,280
27-10-2025 07:30,61.55,61.65,61.54,61.63,205
27-10-2025 08:00,61.63,61.75,61.63,61.74,225
27-10-2025 08:30,61.74,61.74,61.58,61.61,209
27-10-2025 09:00,61.62,61.68,61.50,61.52,139
27-10-2025 09:30,61.52,61.61,61.49,61.58,134
27-10-2025 10:00,61.58,61.77,61.58,61.75,151
27-10-2025 10:30,61.75,61.82,61.70,61.80,158
27-10-2025 11:00,61.80,61.88,61.71,61.86,256
27-10-2025 11:30,61.86,61.94,61.84,61.92,320
27-10-2025 12:00,61.92,61.94,61.70,61.73,250
27-10-2025 12:30,61.73,61.81,61.36,61.42,558
27-10-2025 13:00,61.41,61.63,61.41,61.62,360
27-10-2025 13:30,61.62,61.64,61.05,61.07,936
27-10-2025 14:00,61.08,61.25,60.70,60.71,1103
27-10-2025 14:30,60.70,61.01,60.67,60.83,867
27-10-2025 15:00,60.83,61.02,60.77,60.81,646
27-10-2025 15:30,60.81,61.17,60.76,61.00,680
27-10-2025 16:00,61.00,61.04,60.80,60.90,482
27-10-2025 16:30,60.89,61.27,60.88,61.26,606
27-10-2025 17:00,61.26,61.49,61.24,61.45,559
27-10-2025 17:30,61.45,61.47,61.21,61.44,558
27-10-2025 18:00,61.44,61.57,61.44,61.55,537
27-10-2025 18:30,61.56,61.83,61.34,61.53,1018
27-10-2025 19:00,61.53,61.87,61.43,61.82,1063
27-10-2025 19:30,61.83,61.83,61.48,61.57,961
27-10-2025 20:00,61.57,61.98,61.57,61.90,935
27-10-2025 20:30,61.90,62.03,61.74,61.77,790
27-10-2025 21:00,61.78,61.80,61.57,61.66,1078
27-10-2025 21:30,61.65,61.74,61.51,61.68,1002
27-10-2025 22:00,61.68,61.75,61.45,61.59,862
27-10-2025 22:30,61.59,61.71,61.47,61.51,655
27-10-2025 23:00,61.51,61.54,61.34,61.46,669
27-10-2025 23:30,61.46,61.47,61.12,61.32,768
28-10-2025 00:00,61.32,61.51,61.28,61.41,361
28-10-2025 00:30,61.41,61.48,61.35,61.38,203
28-10-2025 01:00,61.38,61.41,61.31,61.41,154
28-10-2025 01:30,61.41,61.58,61.36,61.58,190
28-10-2025 02:00,61.58,61.62,61.50,61.53,141
28-10-2025 03:30,61.47,61.48,61.44,61.45,55
28-10-2025 04:00,61.45,61.47,61.34,61.34,82
28-10-2025 04:30,61.35,61.35,61.27,61.28,77
28-10-2025 05:00,61.28,61.32,61.26,61.28,77
28-10-2025 05:30,61.28,61.30,61.10,61.12,203
28-10-2025 06:00,61.12,61.19,61.10,61.12,132
28-10-2025 06:30,61.12,61.32,61.11,61.26,365
28-10-2025 07:00,61.26,61.37,61.25,61.36,227
28-10-2025 07:30,61.35,61.39,61.29,61.33,115
28-10-2025 08:00,61.33,61.35,61.18,61.28,265
28-10-2025 08:30,61.27,61.33,61.25,61.32,185
28-10-2025 09:00,61.32,61.33,61.25,61.25,94
28-10-2025 09:30,61.24,61.27,61.13,61.14,114
28-10-2025 10:00,61.14,61.19,61.14,61.17,112
28-10-2025 10:30,61.17,61.22,61.08,61.21,168
28-10-2025 11:00,61.21,61.28,61.14,61.20,261
28-10-2025 11:30,61.20,61.26,61.08,61.25,298
28-10-2025 12:00,61.25,61.29,61.06,61.08,334
28-10-2025 12:30,61.09,61.33,61.08,61.23,459
28-10-2025 13:00,61.22,61.24,60.49,60.53,917
28-10-2025 13:30,60.53,60.58,60.12,60.12,1514
28-10-2025 14:00,60.13,60.24,59.93,60.23,1220
28-10-2025 14:30,60.23,60.38,60.08,60.11,977
28-10-2025 15:00,60.11,60.37,60.10,60.36,711
28-10-2025 15:30,60.36,60.52,60.28,60.40,632
28-10-2025 16:00,60.40,60.65,60.37,60.43,602
28-10-2025 16:30,60.43,60.55,60.32,60.55,519
28-10-2025 17:00,60.55,60.67,60.34,60.49,584
28-10-2025 17:30,60.49,60.65,60.35,60.40,676
28-10-2025 18:00,60.39,60.51,60.08,60.26,720
28-10-2025 18:30,60.26,60.69,60.26,60.55,1232
28-10-2025 19:00,60.55,60.76,60.49,60.57,1213
28-10-2025 19:30,60.57,60.70,60.37,60.63,1017
28-10-2025 20:00,60.63,60.66,59.96,60.00,1200
28-10-2025 20:30,60.00,60.17,59.97,60.03,864
28-10-2025 21:00,60.03,60.08,59.76,59.89,1157
28-10-2025 21:30,59.89,60.25,59.88,59.91,1453
28-10-2025 22:00,59.92,60.20,59.85,60.07,936
28-10-2025 22:30,60.07,60.29,60.04,60.25,618
28-10-2025 23:00,60.26,60.27,60.15,60.23,501
28-10-2025 23:30,60.23,60.26,59.99,60.16,879
29-10-2025 00:00,60.16,60.18,59.92,60.00,466
29-10-2025 00:30,60.00,60.06,59.92,59.96,290
29-10-2025 01:00,59.95,59.97,59.88,59.95,309
29-10-2025 01:30,59.95,59.98,59.88,59.95,141
29-10-2025 02:00,59.95,60.24,59.94,60.18,383
29-10-2025 03:30,60.23,60.25,60.15,60.17,94
29-10-2025 04:00,60.17,60.18,60.13,60.14,47
29-10-2025 04:30,60.14,60.24,60.13,60.23,84
29-10-2025 05:00,60.24,60.26,60.22,60.23,43
29-10-2025 05:30,60.23,60.26,60.18,60.24,139
29-10-2025 06:00,60.24,60.31,60.17,60.19,127
29-10-2025 06:30,60.19,60.31,60.17,60.30,317
29-10-2025 07:00,60.30,60.40,60.28,60.32,213
29-10-2025 07:30,60.32,60.34,60.07,60.07,242
29-10-2025 08:00,60.06,60.09,59.95,60.04,317
29-10-2025 08:30,60.04,60.13,60.02,60.07,163
29-10-2025 09:00,60.07,60.16,60.01,60.15,175
29-10-2025 09:30,60.15,60.15,60.06,60.08,110
29-10-2025 10:00,60.08,60.10,60.00,60.00,80
29-10-2025 10:30,60.00,60.09,59.98,60.08,140
29-10-2025 11:00,60.08,60.20,60.04,60.11,233
29-10-2025 11:30,60.11,60.24,60.11,60.21,252
29-10-2025 12:00,60.21,60.36,60.19,60.36,307
29-10-2025 12:30,60.35,60.52,60.23,60.23,472
29-10-2025 13:00,60.23,60.41,60.23,60.26,374
29-10-2025 13:30,60.27,60.29,59.72,59.72,1003
29-10-2025 14:00,59.72,59.90,59.70,59.72,971
29-10-2025 14:30,59.72,60.03,59.71,59.95,633
29-10-2025 15:00,59.95,60.37,59.95,60.17,698
29-10-2025 15:30,60.18,60.29,60.08,60.28,476
29-10-2025 16:00,60.28,60.40,60.17,60.37,498
29-10-2025 16:30,60.37,60.52,60.29,60.45,446
29-10-2025 17:00,60.45,60.49,60.34,60.38,404
29-10-2025 17:30,60.38,60.38,60.03,60.04,567
29-10-2025 18:00,60.04,60.22,60.04,60.17,567
29-10-2025 18:30,60.17,60.36,60.05,60.35,809
29-10-2025 19:00,60.36,60.49,60.25,60.36,949
29-10-2025 19:30,60.36,60.57,60.36,60.48,731
29-10-2025 20:00,60.48,60.90,60.48,60.87,1461
29-10-2025 20:30,60.87,60.98,60.79,60.83,811
29-10-2025 21:00,60.83,60.93,60.76,60.85,607
29-10-2025 21:30,60.85,61.02,60.75,60.87,902
29-10-2025 22:00,60.87,60.90,60.58,60.62,814
29-10-2025 22:30,60.63,60.70,60.50,60.62,600
29-10-2025 23:00,60.62,60.68,60.54,60.64,480
29-10-2025 23:30,60.64,60.70,60.44,60.45,980
30-10-2025 00:00,60.45,60.58,60.30,60.46,1052
30-10-2025 00:30,60.46,60.57,60.38,60.43,556
30-10-2025 01:00,60.43,60.44,60.28,60.33,324
30-10-2025 01:30,60.33,60.41,60.31,60.38,266
30-10-2025 02:00,60.38,60.42,60.32,60.35,159
30-10-2025 03:30,60.37,60.37,60.25,60.28,125
30-10-2025 04:00,60.28,60.28,60.17,60.18,100
30-10-2025 04:30,60.18,60.22,60.12,60.16,103
30-10-2025 05:00,60.16,60.23,60.13,60.23,106
30-10-2025 05:30,60.23,60.43,60.23,60.36,290
30-10-2025 06:00,60.36,60.41,60.32,60.38,165
30-10-2025 06:30,60.38,60.41,60.26,60.27,400
30-10-2025 07:00,60.27,60.37,60.20,60.26,331
30-10-2025 07:30,60.27,60.28,60.07,60.10,267
30-10-2025 08:00,60.10,60.19,60.07,60.08,270
30-10-2025 08:30,60.09,60.24,60.09,60.17,220
30-10-2025 09:00,60.17,60.39,60.16,60.37,291
30-10-2025 09:30,60.37,60.42,60.14,60.17,342
30-10-2025 10:00,60.17,60.38,59.99,60.17,649
30-10-2025 10:30,60.16,60.24,60.10,60.23,259
30-10-2025 11:00,60.23,60.26,60.09,60.17,366
30-10-2025 11:30,60.16,60.17,60.03,60.05,325
30-10-2025 12:00,60.05,60.29,60.05,60.09,393
30-10-2025 12:30,60.09,60.22,59.98,60.00,479
30-10-2025 13:00,60.00,60.03,59.84,59.90,461
30-10-2025 13:30,59.90,60.07,59.88,59.94,652
30-10-2025 14:00,59.95,60.22,59.94,60.12,553
30-10-2025 14:30,60.12,60.22,59.96,60.20,564
30-10-2025 15:00,60.20,60.24,60.04,60.08,504
30-10-2025 15:30,60.08,60.29,60.04,60.14,510
30-10-2025 16:00,60.14,60.22,59.97,60.08,405
30-10-2025 16:30,60.08,60.14,59.97,60.07,371
30-10-2025 17:00,60.06,60.22,60.00,60.12,379
30-10-2025 17:30,60.12,60.18,59.86,60.03,690
30-10-2025 18:00,60.03,60.09,59.82,59.96,653
30-10-2025 18:30,59.96,59.98,59.64,59.97,924
30-10-2025 19:00,59.97,60.10,59.77,59.86,1286
30-10-2025 19:30,59.86,60.17,59.83,60.13,1115
30-10-2025 20:00,60.13,60.54,60.10,60.42,1182
30-10-2025 20:30,60.42,60.70,60.40,60.47,879
30-10-2025 21:00,60.47,60.60,60.38,60.45,747
30-10-2025 21:30,60.45,60.68,60.44,60.55,678
30-10-2025 22:00,60.55,60.71,60.48,60.68,578
30-10-2025 22:30,60.68,60.69,60.56,60.63,356
30-10-2025 23:00,60.63,60.78,60.56,60.66,486
30-10-2025 23:30,60.66,60.68,60.51,60.55,600
31-10-2025 00:00,60.55,60.59,60.38,60.45,395
31-10-2025 00:30,60.45,60.49,60.36,60.37,232
31-10-2025 01:00,60.37,60.39,60.21,60.23,280
31-10-2025 01:30,60.23,60.31,60.22,60.29,165
31-10-2025 02:00,60.29,60.32,60.24,60.31,194
31-10-2025 03:30,60.23,60.28,60.20,60.26,87
31-10-2025 04:00,60.26,60.27,60.22,60.24,56
31-10-2025 04:30,60.24,60.28,60.22,60.27,70
31-10-2025 05:00,60.27,60.30,60.26,60.28,50
31-10-2025 05:30,60.29,60.29,60.17,60.26,168
31-10-2025 06:00,60.25,60.29,60.23,60.26,94
31-10-2025 06:30,60.25,60.39,60.23,60.29,256
31-10-2025 07:00,60.29,60.32,60.24,60.29,214
31-10-2025 07:30,60.29,60.32,60.19,60.19,126
31-10-2025 08:00,60.20,60.26,60.14,60.24,196
31-10-2025 08:30,60.24,60.24,60.10,60.11,163
31-10-2025 09:00,60.11,60.17,60.11,60.12,113
31-10-2025 09:30,60.12,60.17,60.10,60.15,97
31-10-2025 10:00,60.15,60.16,60.10,60.15,60
31-10-2025 10:30,60.15,60.18,60.07,60.07,104
31-10-2025 11:00,60.07,60.14,60.05,60.09,179
31-10-2025 11:30,60.09,60.26,60.07,60.20,238
31-10-2025 12:00,60.20,60.25,60.05,60.23,307
31-10-2025 12:30,60.23,60.39,60.22,60.38,387
31-10-2025 13:00,60.38,60.46,60.28,60.43,399
31-10-2025 13:30,60.44,60.51,60.32,60.38,570
31-10-2025 14:00,60.37,60.52,60.17,60.18,674
31-10-2025 14:30,60.18,60.30,60.02,60.27,622
31-10-2025 15:00,60.27,60.35,60.08,60.09,479
31-10-2025 15:30,60.10,60.28,59.99,60.25,577
31-10-2025 16:00,60.25,60.41,60.20,60.38,426
31-10-2025 16:30,60.38,60.45,60.28,60.31,386
31-10-2025 17:00,60.31,60.44,60.29,60.35,391
31-10-2025 17:30,60.35,60.48,60.32,60.40,538
31-10-2025 18:00,60.40,60.89,60.34,60.84,1744
31-10-2025 18:30,60.83,61.38,60.82,60.95,1590
31-10-2025 19:00,60.95,61.21,60.90,61.21,1135
31-10-2025 19:30,61.20,61.21,60.52,60.63,1159
31-10-2025 20:00,60.62,60.98,60.61,60.93,802
31-10-2025 20:30,60.93,61.06,60.84,60.97,666
31-10-2025 21:00,60.97,61.11,60.47,60.65,1701
31-10-2025 21:30,60.65,60.72,60.48,60.58,1126
31-10-2025 22:00,60.58,60.82,60.55,60.78,871
31-10-2025 22:30,60.78,60.96,60.76,60.95,636
31-10-2025 23:00,60.95,61.00,60.86,60.88,527
31-10-2025 23:30,60.89,61.01,60.80,60.94,640
01-11-2025 00:00,60.94,61.03,60.83,60.84,299
01-11-2025 00:30,60.84,60.93,60.80,60.88,236
01-11-2025 01:00,60.88,60.92,60.84,60.87,252
01-11-2025 01:30,60.87,60.92,60.77,60.83,196
01-11-2025 02:00,60.83,60.91,60.81,60.88,163
03-11-2025 04:30,61.32,61.42,61.30,61.37,179
03-11-2025 05:00,61.37,61.43,61.34,61.39,206
03-11-2025 05:30,61.40,61.41,61.31,61.32,210
03-11-2025 06:00,61.33,61.35,61.24,61.25,178
03-11-2025 06:30,61.26,61.44,61.21,61.23,457
03-11-2025 07:00,61.23,61.25,61.12,61.16,192
03-11-2025 07:30,61.16,61.29,61.16,61.26,121
03-11-2025 08:00,61.26,61.35,61.24,61.24,177
03-11-2025 08:30,61.24,61.25,61.13,61.15,169
03-11-2025 09:00,61.15,61.26,61.14,61.26,94
03-11-2025 09:30,61.26,61.26,61.16,61.20,94
03-11-2025 10:00,61.20,61.20,61.10,61.13,106
03-11-2025 10:30,61.13,61.21,61.12,61.19,120
03-11-2025 11:00,61.19,61.44,61.19,61.42,260
03-11-2025 11:30,61.41,61.44,61.35,61.36,251
03-11-2025 12:00,61.36,61.50,61.33,61.42,255
03-11-2025 12:30,61.42,61.46,61.19,61.29,348
03-11-2025 13:00,61.29,61.42,61.26,61.27,314
03-11-2025 13:30,61.27,61.32,61.06,61.06,644
03-11-2025 14:00,61.06,61.14,60.84,60.84,582
03-11-2025 14:30,60.84,60.92,60.69,60.87,537
03-11-2025 15:00,60.87,60.99,60.80,60.96,347
03-11-2025 15:30,60.96,61.00,60.76,60.92,476
03-11-2025 16:00,60.92,61.22,60.92,61.19,447
03-11-2025 16:30,61.19,61.19,60.58,60.65,574
03-11-2025 17:00,60.65,60.85,60.60,60.82,356
03-11-2025 17:30,60.82,60.97,60.79,60.86,389
03-11-2025 18:00,60.86,60.99,60.83,60.87,326
03-11-2025 18:30,60.87,61.01,60.77,60.97,565
03-11-2025 19:00,60.96,61.03,60.84,60.84,573
03-11-2025 19:30,60.84,61.16,60.82,60.94,1054
03-11-2025 20:00,60.94,60.95,60.61,60.85,1157
03-11-2025 20:30,60.85,60.97,60.51,60.54,1019
03-11-2025 21:00,60.54,61.01,60.51,60.97,1020
03-11-2025 21:30,60.97,61.47,60.96,61.31,1045
03-11-2025 22:00,61.31,61.44,61.25,61.30,663
03-11-2025 22:30,61.30,61.32,61.15,61.28,458
03-11-2025 23:00,61.28,61.38,61.21,61.27,333
03-11-2025 23:30,61.27,61.30,61.16,61.28,345
04-11-2025 00:00,61.28,61.30,60.95,60.96,361
04-11-2025 00:30,60.97,61.10,60.74,60.99,619
04-11-2025 01:00,60.99,61.06,60.96,60.99,226
04-11-2025 01:30,60.99,61.05,60.93,61.05,218
04-11-2025 02:00,61.05,61.07,60.98,61.06,167
04-11-2025 02:30,61.06,61.07,60.96,60.99,117
04-11-2025 03:00,60.99,61.02,60.96,61.01,90
04-11-2025 04:30,60.98,61.00,60.91,60.94,70
04-11-2025 05:00,60.94,61.01,60.94,61.01,61
04-11-2025 05:30,61.01,61.01,60.94,60.94,60
04-11-2025 06:00,60.94,60.95,60.88,60.89,55
04-11-2025 06:30,60.89,60.96,60.85,60.95,195
04-11-2025 07:00,60.95,60.96,60.90,60.93,163
04-11-2025 07:30,60.93,60.93,60.85,60.88,129
04-11-2025 08:00,60.87,60.88,60.78,60.79,154
04-11-2025 08:30,60.79,60.88,60.78,60.86,198
04-11-2025 09:00,60.86,60.95,60.86,60.92,163
04-11-2025 09:30,60.92,60.93,60.87,60.90,110
04-11-2025 10:00,60.90,60.92,60.84,60.86,86
04-11-2025 10:30,60.86,60.87,60.81,60.86,122
04-11-2025 11:00,60.86,60.90,60.81,60.86,240
04-11-2025 11:30,60.86,60.88,60.80,60.83,212
04-11-2025 12:00,60.83,60.86,60.76,60.78,210
04-11-2025 12:30,60.78,60.85,60.66,60.70,356
04-11-2025 13:00,60.70,60.74,60.56,60.60,332
04-11-2025 13:30,60.60,60.61,60.32,60.44,765
04-11-2025 14:00,60.43,60.51,60.05,60.20,723
04-11-2025 14:30,60.19,60.32,60.19,60.19,445
04-11-2025 15:00,60.19,60.30,60.08,60.13,489
04-11-2025 15:30,60.13,60.13,59.94,60.09,532
04-11-2025 16:00,60.09,60.24,60.07,60.10,388
04-11-2025 16:30,60.10,60.19,60.01,60.13,313
04-11-2025 17:00,60.13,60.19,60.08,60.16,314
04-11-2025 17:30,60.16,60.21,60.10,60.12,356
04-11-2025 18:00,60.12,60.33,60.10,60.26,497
04-11-2025 18:30,60.26,60.28,60.10,60.19,596
04-11-2025 19:00,60.19,60.23,59.99,60.00,529
04-11-2025 19:30,59.99,60.47,59.99,60.41,949
04-11-2025 20:00,60.41,60.63,60.26,60.52,1284
04-11-2025 20:30,60.52,60.62,60.43,60.55,784
04-11-2025 21:00,60.55,60.77,60.51,60.76,766
04-11-2025 21:30,60.76,60.84,60.61,60.65,794
04-11-2025 22:00,60.66,60.74,60.59,60.72,496
04-11-2025 22:30,60.72,60.80,60.60,60.71,524
04-11-2025 23:00,60.71,60.89,60.58,60.78,560
04-11-2025 23:30,60.78,60.85,60.72,60.77,568
05-11-2025 00:00,60.77,60.82,60.50,60.64,549
05-11-2025 00:30,60.64,60.72,60.48,60.57,692
05-11-2025 01:00,60.57,60.68,60.48,60.52,374
05-11-2025 01:30,60.52,60.55,60.41,60.42,214
05-11-2025 02:00,60.42,60.48,60.34,60.37,189
05-11-2025 02:30,60.38,60.40,60.34,60.34,132
05-11-2025 03:00,60.34,60.44,60.32,60.41,206
05-11-2025 04:30,60.39,60.39,60.29,60.32,83
05-11-2025 05:00,60.32,60.34,60.26,60.27,88
05-11-2025 05:30,60.27,60.33,60.25,60.26,86
05-11-2025 06:00,60.26,60.26,60.19,60.24,110
05-11-2025 06:30,60.25,60.31,60.01,60.04,418
05-11-2025 07:00,60.04,60.17,60.01,60.11,254
05-11-2025 07:30,60.11,60.16,60.10,60.11,177
05-11-2025 08:00,60.11,60.26,60.10,60.21,230
05-11-2025 08:30,60.22,60.34,60.20,60.34,152
05-11-2025 09:00,60.34,60.50,60.33,60.48,228
05-11-2025 09:30,60.48,60.52,60.43,60.49,140
05-11-2025 10:00,60.49,60.56,60.47,60.49,128
05-11-2025 10:30,60.49,60.58,60.47,60.57,105
05-11-2025 11:00,60.57,60.65,60.54,60.64,264
05-11-2025 11:30,60.64,60.68,60.60,60.61,192
05-11-2025 12:00,60.61,60.70,60.52,60.56,233
05-11-2025 12:30,60.56,60.60,60.40,60.49,337
05-11-2025 13:00,60.49,60.58,60.45,60.57,399
05-11-2025 13:30,60.57,60.59,60.37,60.43,553
05-11-2025 14:00,60.44,60.72,60.42,60.64,526
05-11-2025 14:30,60.64,60.77,60.60,60.73,527
05-11-2025 15:00,60.73,60.99,60.72,60.87,528
05-11-2025 15:30,60.87,61.05,60.85,60.98,426
05-11-2025 16:00,60.99,61.07,60.87,60.89,426
05-11-2025 16:30,60.89,61.03,60.66,60.70,443
05-11-2025 17:00,60.71,60.77,60.51,60.52,392
05-11-2025 17:30,60.52,60.52,60.16,60.37,742
05-11-2025 18:00,60.37,60.42,60.28,60.33,422
05-11-2025 18:30,60.34,60.38,60.15,60.23,533
05-11-2025 19:00,60.23,60.34,60.10,60.22,614
05-11-2025 19:30,60.22,60.22,60.03,60.14,635
05-11-2025 20:00,60.15,60.24,60.03,60.13,847
05-11-2025 20:30,60.13,60.31,60.09,60.19,944
05-11-2025 21:00,60.19,60.73,60.06,60.70,1433
05-11-2025 21:30,60.71,60.84,60.42,60.47,1405
05-11-2025 22:00,60.46,60.50,59.78,59.80,1714
05-11-2025 22:30,59.80,59.88,59.67,59.77,935
05-11-2025 23:00,59.77,59.84,59.61,59.76,651
05-11-2025 23:30,59.76,59.80,59.67,59.72,533
06-11-2025 00:00,59.72,59.84,59.64,59.80,402
06-11-2025 00:30,59.80,59.82,59.56,59.60,810
06-11-2025 01:00,59.60,59.63,59.52,59.57,359
06-11-2025 01:30,59.57,59.65,59.57,59.60,201
06-11-2025 02:00,59.60,59.64,59.58,59.60,167
06-11-2025 02:30,59.60,59.65,59.59,59.63,166
06-11-2025 03:00,59.63,59.66,59.58,59.62,103
06-11-2025 04:30,59.71,59.71,59.62,59.63,92
06-11-2025 05:00,59.63,59.68,59.58,59.58,102
06-11-2025 05:30,59.58,59.65,59.58,59.63,90
06-11-2025 06:00,59.64,59.65,59.61,59.64,70
06-11-2025 06:30,59.64,59.69,59.55,59.61,301
06-11-2025 07:00,59.61,59.71,59.61,59.62,160
06-11-2025 07:30,59.62,59.72,59.57,59.70,166
06-11-2025 08:00,59.70,59.75,59.68,59.74,169
06-11-2025 08:30,59.74,59.76,59.69,59.72,122
06-11-2025 09:00,59.72,59.80,59.71,59.79,122
06-11-2025 09:30,59.79,59.87,59.78,59.79,112
06-11-2025 10:00,59.79,59.82,59.76,59.78,89
06-11-2025 10:30,59.78,59.87,59.78,59.86,123
06-11-2025 11:00,59.86,59.87,59.82,59.86,141
06-11-2025 11:30,59.86,59.91,59.82,59.83,178
06-11-2025 12:00,59.83,59.93,59.76,59.93,207
06-11-2025 12:30,59.93,59.99,59.78,59.86,331
06-11-2025 13:00,59.86,59.91,59.76,59.78,332
06-11-2025 13:30,59.77,59.79,59.46,59.75,790
06-11-2025 14:00,59.74,60.33,59.73,60.31,901
06-11-2025 14:30,60.31,60.48,60.21,60.48,695
06-11-2025 15:00,60.48,60.50,60.05,60.11,684
06-11-2025 15:30,60.11,60.17,59.96,60.00,738
06-11-2025 16:00,60.00,60.15,59.91,60.14,499
06-11-2025 16:30,60.14,60.18,59.98,60.02,435
06-11-2025 17:00,60.02,60.05,59.87,59.92,464
06-11-2025 17:30,59.92,60.12,59.92,60.00,529
06-11-2025 18:00,60.00,60.14,59.95,60.09,489
06-11-2025 18:30,60.10,60.15,59.92,60.12,767
06-11-2025 19:00,60.12,60.12,59.71,59.76,678
06-11-2025 19:30,59.77,59.85,59.19,59.23,1804
06-11-2025 20:00,59.24,59.45,59.13,59.14,1634
06-11-2025 20:30,59.14,59.21,58.97,59.03,1523
06-11-2025 21:00,59.03,59.18,58.83,59.11,1228
06-11-2025 21:30,59.11,59.39,59.10,59.35,1234
06-11-2025 22:00,59.35,59.40,58.93,58.98,1101
06-11-2025 22:30,58.98,59.10,58.94,59.03,718
06-11-2025 23:00,59.03,59.31,58.99,59.27,587
06-11-2025 23:30,59.26,59.36,59.05,59.21,566
07-11-2025 00:00,59.21,59.43,59.21,59.30,534
07-11-2025 00:30,59.30,59.46,59.26,59.44,679
07-11-2025 01:00,59.44,59.49,59.35,59.44,414
07-11-2025 01:30,59.44,59.63,59.44,59.57,288
07-11-2025 02:00,59.58,59.67,59.46,59.48,275
07-11-2025 02:30,59.48,59.55,59.48,59.53,140
07-11-2025 03:00,59.53,59.56,59.47,59.51,139
07-11-2025 04:30,59.66,59.79,59.66,59.67,166
07-11-2025 05:00,59.67,59.69,59.63,59.66,92
07-11-2025 05:30,59.66,59.68,59.63,59.66,86
07-11-2025 06:00,59.66,59.69,59.64,59.64,101
07-11-2025 06:30,59.64,59.75,59.59,59.65,367
07-11-2025 07:00,59.65,59.71,59.59,59.67,261
07-11-2025 07:30,59.67,59.73,59.62,59.65,231
07-11-2025 08:00,59.65,59.80,59.64,59.76,268
07-11-2025 08:30,59.76,59.77,59.63,59.68,155
07-11-2025 09:00,59.68,59.68,59.61,59.67,202
07-11-2025 09:30,59.67,59.82,59.59,59.80,200
07-11-2025 10:00,59.80,59.81,59.71,59.74,140
07-11-2025 10:30,59.74,59.79,59.69,59.75,169
07-11-2025 11:00,59.75,59.84,59.70,59.84,261
07-11-2025 11:30,59.84,59.96,59.82,59.92,293
07-11-2025 12:00,59.92,60.16,59.88,60.14,417
07-11-2025 12:30,60.15,60.16,59.99,60.08,463
07-11-2025 13:00,60.08,60.19,60.01,60.08,391
07-11-2025 13:30,60.08,60.21,60.00,60.05,539
07-11-2025 14:00,60.06,60.14,59.87,60.12,600
07-11-2025 14:30,60.11,60.20,60.00,60.14,469
07-11-2025 15:00,60.14,60.34,60.14,60.31,480
07-11-2025 15:30,60.31,60.46,60.19,60.23,502
07-11-2025 16:00,60.23,60.25,60.11,60.16,499
07-11-2025 16:30,60.16,60.16,59.96,60.03,561
07-11-2025 17:00,60.03,60.09,59.88,59.98,504
07-11-2025 17:30,59.98,60.08,59.96,60.06,404
07-11-2025 18:00,60.06,60.08,59.89,59.94,425
07-11-2025 18:30,59.95,60.01,59.80,59.95,686
07-11-2025 19:00,59.95,60.02,59.81,59.88,611
07-11-2025 19:30,59.88,60.10,59.80,59.81,1218
07-11-2025 20:00,59.81,59.95,59.58,59.92,1576
07-11-2025 20:30,59.93,59.94,59.61,59.62,1432
07-11-2025 21:00,59.62,59.76,59.51,59.56,1169
07-11-2025 21:30,59.56,59.75,59.53,59.63,980
07-11-2025 22:00,59.62,59.80,59.58,59.75,973
07-11-2025 22:30,59.75,59.92,59.56,59.66,785
07-11-2025 23:00,59.66,59.75,59.32,59.51,1020
07-11-2025 23:30,59.51,59.75,59.50,59.75,612
08-11-2025 00:00,59.75,59.85,59.67,59.75,515
08-11-2025 00:30,59.75,59.81,59.68,59.73,752
08-11-2025 01:00,59.73,59.84,59.72,59.83,359
08-11-2025 01:30,59.83,59.84,59.65,59.70,279
08-11-2025 02:00,59.70,59.81,59.67,59.80,260
08-11-2025 02:30,59.80,59.90,59.79,59.87,162
08-11-2025 03:00,59.87,59.88,59.78,59.82,135
10-11-2025 04:30,59.87,59.89,59.74,59.79,132
10-11-2025 05:00,59.79,59.91,59.79,59.89,93
10-11-2025 05:30,59.89,59.92,59.76,59.91,128
10-11-2025 06:00,59.91,59.98,59.89,59.96,78
10-11-2025 06:30,59.96,60.25,59.96,60.20,338
10-11-2025 07:00,60.20,60.22,60.06,60.07,277
10-11-2025 07:30,60.07,60.15,60.02,60.07,220
10-11-2025 08:00,60.07,60.18,60.03,60.18,227
10-11-2025 08:30,60.18,60.26,60.18,60.21,243
10-11-2025 09:00,60.21,60.24,60.16,60.18,183
10-11-2025 09:30,60.18,60.27,60.18,60.24,137
10-11-2025 10:00,60.24,60.26,60.21,60.22,140
10-11-2025 10:30,60.22,60.33,60.22,60.32,142
10-11-2025 11:00,60.32,60.36,60.30,60.33,155
10-11-2025 11:30,60.33,60.37,60.25,60.27,182
10-11-2025 12:00,60.27,60.35,60.26,60.30,175
10-11-2025 12:30,60.30,60.38,60.14,60.22,341
10-11-2025 13:00,60.23,60.32,60.16,60.24,378
10-11-2025 13:30,60.24,60.37,60.17,60.34,687
10-11-2025 14:00,60.34,60.47,60.00,60.09,751
10-11-2025 14:30,60.09,60.39,60.04,60.35,535
10-11-2025 15:00,60.36,60.47,60.32,60.35,498
10-11-2025 15:30,60.36,60.38,60.13,60.15,550
10-11-2025 16:00,60.15,60.18,59.82,59.82,701
10-11-2025 16:30,59.82,60.00,59.80,59.82,442
10-11-2025 17:00,59.82,59.90,59.79,59.86,388
10-11-2025 17:30,59.87,60.05,59.87,59.95,374
10-11-2025 18:00,59.95,60.09,59.94,60.05,304
10-11-2025 18:30,60.05,60.10,59.95,60.04,528
10-11-2025 19:00,60.04,60.09,59.95,59.98,378
10-11-2025 19:30,59.97,60.21,59.96,60.04,724
10-11-2025 20:00,60.03,60.03,59.58,59.62,1218
10-11-2025 20:30,59.62,59.70,59.54,59.65,850
10-11-2025 21:00,59.65,59.88,59.53,59.54,844
10-11-2025 21:30,59.54,59.64,59.46,59.48,873
10-11-2025 22:00,59.48,59.57,59.40,59.54,698
10-11-2025 22:30,59.54,59.79,59.54,59.78,517
10-11-2025 23:00,59.78,59.98,59.74,59.98,488
10-11-2025 23:30,59.98,60.03,59.90,59.98,464
11-11-2025 00:00,59.98,60.04,59.90,59.97,322
11-11-2025 00:30,59.97,60.20,59.97,60.13,599
11-11-2025 01:00,60.13,60.16,60.04,60.10,309
11-11-2025 01:30,60.10,60.17,60.10,60.13,185
11-11-2025 02:00,60.13,60.17,60.08,60.14,189
11-11-2025 02:30,60.14,60.15,60.11,60.13,96
11-11-2025 03:00,60.13,60.13,59.99,60.04,121
11-11-2025 04:30,60.03,60.04,60.00,60.03,64
11-11-2025 05:00,60.03,60.03,59.96,59.97,70
11-11-2025 05:30,59.97,60.05,59.97,60.00,80
11-11-2025 06:00,60.00,60.01,59.99,59.99,42
11-11-2025 06:30,59.99,60.02,59.88,59.93,236
11-11-2025 07:00,59.93,59.96,59.90,59.90,123
11-11-2025 07:30,59.90,59.99,59.85,59.97,143
11-11-2025 08:00,59.97,59.97,59.92,59.96,109
11-11-2025 08:30,59.96,60.06,59.95,60.05,130
11-11-2025 09:00,60.05,60.11,59.97,59.98,124
11-11-2025 09:30,59.98,60.01,59.93,59.98,74
11-11-2025 10:00,59.99,60.02,59.94,59.98,85
11-11-2025 10:30,59.98,59.99,59.89,59.91,69
11-11-2025 11:00,59.91,59.93,59.79,59.81,199
11-11-2025 11:30,59.81,59.89,59.75,59.87,177
11-11-2025 12:00,59.87,59.90,59.83,59.85,199
11-11-2025 12:30,59.85,59.88,59.74,59.79,272
11-11-2025 13:00,59.79,59.80,59.66,59.74,345
11-11-2025 13:30,59.74,59.96,59.70,59.86,514
11-11-2025 14:00,59.85,60.04,59.78,60.01,517
11-11-2025 14:30,60.01,60.47,60.00,60.34,649
11-11-2025 15:00,60.34,60.45,60.29,60.37,370
11-11-2025 15:30,60.37,60.52,60.19,60.31,353
11-11-2025 16:00,60.32,60.41,60.26,60.34,276
11-11-2025 16:30,60.34,60.43,60.25,60.41,297
11-11-2025 17:00,60.42,60.58,60.39,60.57,316
11-11-2025 17:30,60.57,60.57,60.41,60.43,356
11-11-2025 18:00,60.43,60.51,60.42,60.44,327
11-11-2025 18:30,60.44,60.66,60.36,60.65,628
11-11-2025 19:00,60.65,60.81,60.64,60.77,639
11-11-2025 19:30,60.77,60.87,60.56,60.75,833
11-11-2025 20:00,60.75,61.03,60.73,61.00,859
11-11-2025 20:30,61.00,61.01,60.82,60.89,762
11-11-2025 21:00,60.89,61.00,60.79,60.97,663
11-11-2025 21:30,60.97,61.28,60.93,61.20,845
11-11-2025 22:00,61.20,61.26,60.99,61.09,916
11-11-2025 22:30,61.09,61.19,61.02,61.13,499
11-11-2025 23:00,61.13,61.14,60.89,60.98,485
11-11-2025 23:30,60.98,61.08,60.95,61.00,398
12-11-2025 00:00,61.00,61.06,60.92,60.99,388
12-11-2025 00:30,60.99,61.11,60.94,61.02,492
12-11-2025 01:00,61.02,61.14,60.95,61.02,317
12-11-2025 01:30,61.02,61.05,60.98,60.99,181
12-11-2025 02:00,60.99,60.99,60.90,60.92,200
12-11-2025 02:30,60.92,60.98,60.91,60.96,93
12-11-2025 03:00,60.96,61.05,60.96,61.03,128
12-11-2025 04:30,61.02,61.02,60.97,61.02,52
12-11-2025 05:00,61.02,61.06,61.01,61.01,44
12-11-2025 05:30,61.01,61.03,60.94,60.96,99
12-11-2025 06:00,60.96,61.00,60.95,60.97,79
12-11-2025 06:30,60.97,60.99,60.85,60.88,302
12-11-2025 07:00,60.87,60.93,60.85,60.91,156
12-11-2025 07:30,60.92,60.95,60.90,60.93,155
12-11-2025 08:00,60.93,60.93,60.85,60.87,154
12-11-2025 08:30,60.87,60.90,60.85,60.85,130
12-11-2025 09:00,60.85,60.85,60.78,60.80,92
12-11-2025 09:30,60.80,60.89,60.80,60.86,100
12-11-2025 10:00,60.86,60.86,60.81,60.83,77
12-11-2025 10:30,60.83,60.84,60.78,60.81,104
12-11-2025 11:00,60.81,60.84,60.75,60.80,121
12-11-2025 11:30,60.80,60.84,60.78,60.84,115
12-11-2025 12:00,60.84,60.87,60.77,60.78,162
12-11-2025 12:30,60.78,60.85,60.75,60.80,255
12-11-2025 13:00,60.80,60.80,60.70,60.70,310
12-11-2025 13:30,60.70,60.79,60.66,60.70,490
12-11-2025 14:00,60.69,60.74,60.56,60.58,435
12-11-2025 14:30,60.58,60.66,60.54,60.60,395
12-11-2025 15:00,60.60,60.60,60.40,60.42,463
12-11-2025 15:30,60.42,60.51,60.36,60.48,474
12-11-2025 16:00,60.48,60.62,60.41,60.62,352
12-11-2025 16:30,60.62,60.68,60.52,60.54,279
12-11-2025 17:00,60.54,60.54,60.31,60.33,471
12-11-2025 17:30,60.33,60.44,60.32,60.36,387
12-11-2025 18:00,60.36,60.45,60.34,60.41,333
12-11-2025 18:30,60.41,60.44,60.05,60.23,869
12-11-2025 19:00,60.23,60.23,60.01,60.04,488
12-11-2025 19:30,60.04,60.06,59.47,59.55,1156
12-11-2025 20:00,59.55,59.55,59.08,59.11,1148
12-11-2025 20:30,59.11,59.36,59.09,59.14,965
12-11-2025 21:00,59.14,59.15,58.91,58.91,855
12-11-2025 21:30,58.91,58.98,58.51,58.56,972
12-11-2025 22:00,58.55,58.67,58.42,58.56,1170
12-11-2025 22:30,58.56,58.73,58.49,58.53,715
12-11-2025 23:00,58.53,58.68,58.50,58.58,576
12-11-2025 23:30,58.58,58.61,58.47,58.50,344
13-11-2025 00:00,58.50,58.52,58.31,58.36,499
13-11-2025 00:30,58.36,58.51,58.34,58.49,647
13-11-2025 01:00,58.49,58.51,58.33,58.36,335
13-11-2025 01:30,58.36,58.46,58.32,58.45,254
13-11-2025 02:00,58.45,58.48,58.40,58.44,230
13-11-2025 02:30,58.44,58.45,58.37,58.41,153
13-11-2025 03:00,58.41,58.48,58.34,58.48,286
13-11-2025 04:30,58.37,58.40,58.26,58.31,105
13-11-2025 05:00,58.31,58.32,58.19,58.20,108
13-11-2025 05:30,58.21,58.33,58.21,58.27,153
13-11-2025 06:00,58.27,58.34,58.25,58.27,126
13-11-2025 06:30,58.27,58.35,58.12,58.22,723
13-11-2025 07:00,58.22,58.36,58.19,58.30,248
13-11-2025 07:30,58.30,58.45,58.28,58.42,206
13-11-2025 08:00,58.42,58.47,58.34,58.37,248
13-11-2025 08:30,58.37,58.40,58.34,58.38,208
13-11-2025 09:00,58.37,58.49,58.34,58.49,133
13-11-2025 09:30,58.49,58.50,58.37,58.37,146
13-11-2025 10:00,58.38,58.44,58.36,58.40,91
13-11-2025 10:30,58.40,58.43,58.38,58.41,66
13-11-2025 11:00,58.41,58.45,58.32,58.39,188
13-11-2025 11:30,58.39,58.45,58.35,58.44,234
13-11-2025 12:00,58.44,58.52,58.39,58.46,279
13-11-2025 12:30,58.46,58.55,58.36,58.37,287
13-11-2025 13:00,58.37,58.52,58.37,58.40,318
13-11-2025 13:30,58.40,58.44,58.23,58.31,569
13-11-2025 14:00,58.31,58.35,58.20,58.30,463
13-11-2025 14:30,58.31,58.34,58.16,58.29,529
13-11-2025 15:00,58.29,58.37,58.14,58.36,413
13-11-2025 15:30,58.36,58.80,58.36,58.75,590
13-11-2025 16:00,58.75,58.84,58.67,58.77,407
13-11-2025 16:30,58.78,58.86,58.73,58.76,353
13-11-2025 17:00,58.76,58.89,58.73,58.85,275
13-11-2025 17:30,58.85,59.00,58.85,58.91,364
13-11-2025 18:00,58.92,58.98,58.81,58.93,343
13-11-2025 18:30,58.93,59.07,58.87,59.04,587
13-11-2025 19:00,59.05,59.21,58.98,59.11,576
13-11-2025 19:30,59.11,59.13,58.95,59.08,647
13-11-2025 20:00,59.08,59.10,58.90,59.00,914
13-11-2025 20:30,59.00,59.12,58.91,59.05,831
13-11-2025 21:00,59.05,59.11,58.76,58.82,858
13-11-2025 21:30,58.82,58.99,58.78,58.91,1024
13-11-2025 22:00,58.91,59.05,58.85,59.02,881
13-11-2025 22:30,59.02,59.02,58.76,58.85,945
13-11-2025 23:00,58.85,58.92,58.80,58.85,576
13-11-2025 23:30,58.85,58.89,58.73,58.79,475
14-11-2025 00:00,58.79,58.79,58.54,58.66,642
14-11-2025 00:30,58.66,58.77,58.53,58.74,781
14-11-2025 01:00,58.74,58.84,58.69,58.75,378
14-11-2025 01:30,58.75,58.76,58.65,58.68,312
14-11-2025 02:00,58.69,58.74,58.56,58.61,241
14-11-2025 02:30,58.61,58.69,58.60,58.67,118
14-11-2025 03:00,58.67,58.71,58.59,58.61,167
14-11-2025 04:30,58.72,58.90,58.72,58.88,119
14-11-2025 05:00,58.88,59.01,58.88,58.98,156
14-11-2025 05:30,58.98,59.13,58.97,59.12,185
14-11-2025 06:00,59.12,59.22,59.00,59.09,233
14-11-2025 06:30,59.09,59.79,59.07,59.78,935
14-11-2025 07:00,59.78,60.65,59.78,60.23,1271
14-11-2025 07:30,60.24,60.35,59.76,60.08,912
14-11-2025 08:00,60.09,60.24,59.96,59.96,505
14-11-2025 08:30,59.96,60.02,59.84,59.86,400
14-11-2025 09:00,59.86,59.86,59.53,59.62,444
14-11-2025 09:30,59.62,59.67,59.56,59.61,225
14-11-2025 10:00,59.61,59.68,59.55,59.57,187
14-11-2025 10:30,59.57,59.71,59.56,59.61,195
14-11-2025 11:00,59.63,59.76,59.58,59.64,370
14-11-2025 11:30,59.64,59.75,59.61,59.68,290
14-11-2025 12:00,59.68,59.75,59.41,59.51,457
14-11-2025 12:30,59.51,59.61,59.41,59.43,497
14-11-2025 13:00,59.44,59.67,59.41,59.63,441
14-11-2025 13:30,59.63,59.69,59.42,59.43,721
14-11-2025 14:00,59.43,59.55,59.26,59.35,817
14-11-2025 14:30,59.36,59.68,59.34,59.51,670
14-11-2025 15:00,59.51,60.01,59.47,59.85,803
14-11-2025 15:30,59.85,60.35,59.82,60.34,728
14-11-2025 16:00,60.34,60.35,60.16,60.35,674
14-11-2025 16:30,60.35,60.35,60.06,60.23,591
14-11-2025 17:00,60.23,60.29,59.37,59.56,1207
14-11-2025 17:30,59.56,59.78,59.50,59.51,813
14-11-2025 18:00,59.50,59.67,59.49,59.52,653
14-11-2025 18:30,59.52,59.76,59.52,59.55,798
14-11-2025 19:00,59.55,59.88,59.46,59.76,923
14-11-2025 19:30,59.77,60.07,59.71,59.82,1058
14-11-2025 20:00,59.83,60.04,59.67,60.03,1376
14-11-2025 20:30,60.03,60.13,59.93,60.08,975
14-11-2025 21:00,60.09,60.30,60.04,60.26,1013
14-11-2025 21:30,60.26,60.39,60.10,60.22,956
14-11-2025 22:00,60.22,60.32,60.15,60.15,837
14-11-2025 22:30,60.15,60.21,60.00,60.19,683
14-11-2025 23:00,60.19,60.29,60.11,60.19,424
14-11-2025 23:30,60.19,60.27,60.10,60.19,545
15-11-2025 00:00,60.19,60.20,60.06,60.07,450
15-11-2025 00:30,60.07,60.16,59.93,60.07,789
15-11-2025 01:00,60.07,60.09,60.00,60.07,352
15-11-2025 01:30,60.07,60.07,59.89,59.95,253
15-11-2025 02:00,59.95,60.00,59.88,59.89,201
15-11-2025 02:30,59.89,60.02,59.84,60.01,131
15-11-2025 03:00,60.01,60.01,59.82,59.94,194
17-11-2025 04:30,59.47,59.49,59.33,59.37,210
17-11-2025 05:00,59.37,59.45,59.36,59.43,216
17-11-2025 05:30,59.43,59.44,59.24,59.38,202
17-11-2025 06:00,59.38,59.46,59.35,59.45,151
17-11-2025 06:30,59.45,59.45,59.28,59.37,353
17-11-2025 07:00,59.38,59.45,59.27,59.33,202
17-11-2025 07:30,59.33,59.38,59.22,59.31,254
17-11-2025 08:00,59.31,59.38,59.29,59.35,161
17-11-2025 08:30,59.34,59.39,59.32,59.39,169
17-11-2025 09:00,59.39,59.42,59.36,59.37,132
17-11-2025 09:30,59.37,59.42,59.37,59.39,51
17-11-2025 10:00,59.39,59.39,59.29,59.29,74
17-11-2025 10:30,59.29,59.36,59.27,59.30,100
17-11-2025 11:00,59.30,59.38,59.29,59.33,178
17-11-2025 11:30,59.34,59.39,59.26,59.33,138
17-11-2025 12:00,59.33,59.33,59.21,59.29,191
17-11-2025 12:30,59.30,59.37,59.22,59.35,265
17-11-2025 13:00,59.34,59.53,59.34,59.49,315
17-11-2025 13:30,59.49,59.58,59.41,59.57,490
17-11-2025 14:00,59.57,59.65,59.36,59.42,430
17-11-2025 14:30,59.42,59.61,59.39,59.47,466
17-11-2025 15:00,59.47,59.65,59.42,59.60,489
17-11-2025 15:30,59.60,60.02,59.58,59.86,513
17-11-2025 16:00,59.86,60.05,59.78,59.95,428
17-11-2025 16:30,59.95,60.00,59.83,59.90,404
17-11-2025 17:00,59.90,60.00,59.88,59.98,274
17-11-2025 17:30,59.99,60.03,59.78,59.79,287
17-11-2025 18:00,59.79,59.98,59.78,59.97,327
17-11-2025 18:30,59.97,60.28,59.95,60.20,638
17-11-2025 19:00,60.20,60.29,60.11,60.16,540
17-11-2025 19:30,60.16,60.17,59.90,59.94,691
17-11-2025 20:00,59.94,60.08,59.85,59.91,932
17-11-2025 20:30,59.91,60.02,59.76,59.83,794
17-11-2025 21:00,59.83,59.87,59.76,59.81,672
17-11-2025 21:30,59.81,59.97,59.76,59.93,732
17-11-2025 22:00,59.93,60.08,59.86,59.98,736
17-11-2025 22:30,59.98,60.09,59.90,60.05,502
17-11-2025 23:00,60.05,60.09,59.87,59.93,499
17-11-2025 23:30,59.93,60.04,59.88,59.88,409
18-11-2025 00:00,59.88,60.02,59.88,59.91,366
18-11-2025 00:30,59.91,59.97,59.81,59.81,493
18-11-2025 01:00,59.81,59.89,59.67,59.68,438
18-11-2025 01:30,59.68,59.79,59.68,59.78,278
18-11-2025 02:00,59.78,59.78,59.69,59.70,249
18-11-2025 02:30,59.70,59.72,59.64,59.68,135
18-11-2025 03:00,59.68,59.70,59.64,59.67,96
18-11-2025 04:30,59.66,59.71,59.66,59.71,72
18-11-2025 05:00,59.71,59.72,59.68,59.72,46
18-11-2025 05:30,59.72,59.80,59.63,59.64,104
18-11-2025 06:00,59.64,59.66,59.59,59.64,99
18-11-2025 06:30,59.64,59.67,59.56,59.56,303
18-11-2025 07:00,59.56,59.60,59.47,59.49,241
18-11-2025 07:30,59.49,59.56,59.48,59.54,153
18-11-2025 08:00,59.54,59.60,59.53,59.57,164
18-11-2025 08:30,59.57,59.59,59.51,59.55,187
18-11-2025 09:00,59.55,59.58,59.49,59.51,112
18-11-2025 09:30,59.51,59.51,59.37,59.41,240
18-11-2025 10:00,59.41,59.46,59.40,59.43,127
18-11-2025 10:30,59.43,59.47,59.40,59.44,131
18-11-2025 11:00,59.44,59.49,59.41,59.44,156
18-11-2025 11:30,59.44,59.45,59.30,59.38,277
18-11-2025 12:00,59.38,59.38,59.28,59.34,187
18-11-2025 12:30,59.34,59.41,59.27,59.37,356
18-11-2025 13:00,59.38,59.48,59.31,59.32,484
18-11-2025 13:30,59.32,59.54,59.26,59.50,612
18-11-2025 14:00,59.51,59.69,59.45,59.61,572
18-11-2025 14:30,59.62,59.64,59.37,59.58,533
18-11-2025 15:00,59.58,59.73,59.51,59.56,449
18-11-2025 15:30,59.56,59.80,59.55,59.77,407
18-11-2025 16:00,59.77,59.91,59.71,59.87,380
18-11-2025 16:30,59.87,59.94,59.78,59.92,345
18-11-2025 17:00,59.92,59.98,59.84,59.97,358
18-11-2025 17:30,59.97,59.97,59.77,59.80,497
18-11-2025 18:00,59.80,59.91,59.77,59.90,440
18-11-2025 18:30,59.90,60.10,59.88,60.01,609
18-11-2025 19:00,60.01,60.05,59.77,59.79,490
18-11-2025 19:30,59.79,59.79,59.58,59.67,888
18-11-2025 20:00,59.67,59.80,59.42,59.50,1354
18-11-2025 20:30,59.50,59.74,59.35,59.57,1381
18-11-2025 21:00,59.57,59.83,59.48,59.82,1237
18-11-2025 21:30,59.82,60.06,59.75,59.86,1217
18-11-2025 22:00,59.86,60.00,59.78,59.97,987
18-11-2025 22:30,59.97,59.99,59.79,59.85,820
18-11-2025 23:00,59.85,60.31,59.78,60.29,940
18-11-2025 23:30,60.29,60.83,60.29,60.38,1419
19-11-2025 00:00,60.38,60.69,60.37,60.63,908
19-11-2025 00:30,60.63,60.81,60.57,60.65,687
19-11-2025 01:00,60.65,60.75,60.63,60.73,441
19-11-2025 01:30,60.74,60.83,60.71,60.75,380
19-11-2025 02:00,60.75,60.75,60.65,60.69,348
19-11-2025 02:30,60.69,60.69,60.56,60.62,210
19-11-2025 03:00,60.62,60.63,60.47,60.59,289
19-11-2025 04:30,60.52,60.68,60.49,60.68,104
19-11-2025 05:00,60.68,60.68,60.60,60.62,70
19-11-2025 05:30,60.62,60.62,60.48,60.55,142
19-11-2025 06:00,60.55,60.55,60.50,60.51,93
19-11-2025 06:30,60.51,60.52,60.30,60.37,507
19-11-2025 07:00,60.37,60.44,60.31,60.39,281
19-11-2025 07:30,60.39,60.48,60.38,60.45,202
19-11-2025 08:00,60.45,60.57,60.40,60.52,183
19-11-2025 08:30,60.52,60.60,60.45,60.49,247
19-11-2025 09:00,60.49,60.53,60.40,60.42,148
19-11-2025 09:30,60.43,60.51,60.41,60.45,113
19-11-2025 10:00,60.45,60.49,60.42,60.47,130
19-11-2025 10:30,60.47,60.56,60.47,60.48,178
19-11-2025 11:00,60.48,60.61,60.48,60.52,154
19-11-2025 11:30,60.53,60.55,60.47,60.49,194
19-11-2025 12:00,60.49,60.53,60.36,60.40,240
19-11-2025 12:30,60.40,60.49,60.38,60.46,340
19-11-2025 13:00,60.46,60.46,60.28,60.30,425
19-11-2025 13:30,60.30,60.32,60.02,60.07,757
19-11-2025 14:00,60.05,60.21,60.00,60.13,548
19-11-2025 14:30,60.14,60.38,60.08,60.34,541
19-11-2025 15:00,60.34,60.48,60.31,60.33,523
19-11-2025 15:30,60.33,60.34,60.18,60.29,486
19-11-2025 16:00,60.28,60.29,60.10,60.16,479
19-11-2025 16:30,60.16,60.16,59.92,59.94,519
19-11-2025 17:00,59.94,59.94,59.44,59.49,894
19-11-2025 17:30,59.49,59.54,59.21,59.25,918
19-11-2025 18:00,59.25,59.27,59.06,59.07,816
19-11-2025 18:30,59.07,59.10,58.68,59.00,1349
19-11-2025 19:00,59.00,59.14,58.89,59.13,989
19-11-2025 19:30,59.14,59.17,58.90,59.00,980
19-11-2025 20:00,59.00,59.00,58.66,58.88,968
19-11-2025 20:30,58.89,59.06,58.85,58.92,882
19-11-2025 21:00,58.92,59.25,58.90,59.03,1125
19-11-2025 21:30,59.03,59.35,58.97,59.14,1065
19-11-2025 22:00,59.13,59.27,59.04,59.08,1055
19-11-2025 22:30,59.08,59.21,58.91,59.18,746
19-11-2025 23:00,59.18,59.24,59.08,59.14,680
19-11-2025 23:30,59.14,59.21,59.04,59.18,475
20-11-2025 00:00,59.18,59.31,59.13,59.22,475
20-11-2025 00:30,59.23,59.33,59.19,59.29,772
20-11-2025 01:00,59.29,59.34,59.21,59.28,434
20-11-2025 01:30,59.28,59.29,59.19,59.23,287
20-11-2025 02:00,59.23,59.32,59.22,59.30,255
20-11-2025 02:30,59.30,59.36,59.29,59.35,167
20-11-2025 03:00,59.35,59.42,59.35,59.41,129
20-11-2025 04:30,59.37,59.47,59.34,59.47,75
20-11-2025 05:00,59.47,59.51,59.45,59.50,79
20-11-2025 05:30,59.50,59.63,59.50,59.58,106
20-11-2025 06:00,59.58,59.59,59.40,59.48,146
20-11-2025 06:30,59.48,59.50,59.39,59.47,435
20-11-2025 07:00,59.47,59.50,59.42,59.47,170
20-11-2025 07:30,59.47,59.57,59.40,59.41,199
20-11-2025 08:00,59.41,59.43,59.34,59.34,308
20-11-2025 08:30,59.35,59.48,59.35,59.46,242
20-11-2025 09:00,59.46,59.46,59.37,59.41,170
20-11-2025 09:30,59.41,59.45,59.35,59.41,104
20-11-2025 10:00,59.41,59.48,59.41,59.44,94
20-11-2025 10:30,59.44,59.52,59.43,59.49,92
20-11-2025 11:00,59.49,59.52,59.38,59.39,159
20-11-2025 11:30,59.39,59.44,59.34,59.36,257
20-11-2025 12:00,59.36,59.44,59.34,59.38,184
20-11-2025 12:30,59.38,59.46,59.26,59.31,397
20-11-2025 13:00,59.31,59.63,59.28,59.38,505
20-11-2025 13:30,59.37,59.70,59.37,59.65,598
20-11-2025 14:00,59.66,59.70,59.49,59.64,598
20-11-2025 14:30,59.64,59.75,59.55,59.60,632
20-11-2025 15:00,59.60,59.77,59.57,59.68,603
20-11-2025 15:30,59.68,59.94,59.67,59.85,552
20-11-2025 16:00,59.86,59.96,59.66,59.82,456
20-11-2025 16:30,59.82,59.82,59.66,59.80,357
20-11-2025 17:00,59.79,59.86,59.71,59.75,345
20-11-2025 17:30,59.75,59.86,59.75,59.82,321
20-11-2025 18:00,59.82,59.96,59.82,59.88,326
20-11-2025 18:30,59.88,59.95,59.70,59.72,587
20-11-2025 19:00,59.73,59.73,59.55,59.62,766
20-11-2025 19:30,59.62,59.86,59.57,59.64,839
20-11-2025 20:00,59.64,59.78,59.54,59.72,1015
20-11-2025 20:30,59.72,59.99,59.63,59.98,813
20-11-2025 21:00,59.98,60.08,59.77,59.92,756
20-11-2025 21:30,59.92,59.92,59.00,59.13,1925
20-11-2025 22:00,59.13,59.33,58.91,58.94,2041
20-11-2025 22:30,58.94,59.03,58.59,58.72,1925
20-11-2025 23:00,58.72,59.08,58.68,59.06,1221
20-11-2025 23:30,59.06,59.24,58.98,59.10,1062
21-11-2025 00:00,59.10,59.18,58.87,58.93,761
21-11-2025 00:30,58.93,59.06,58.77,59.02,849
21-11-2025 01:00,59.02,59.02,58.89,59.00,520
21-11-2025 01:30,59.00,59.01,58.89,58.92,456
21-11-2025 02:00,58.92,58.92,58.64,58.70,436
21-11-2025 02:30,58.71,58.77,58.69,58.73,165
21-11-2025 03:00,58.73,58.78,58.71,58.76,161
21-11-2025 04:30,58.73,58.73,58.59,58.64,116
21-11-2025 05:00,58.64,58.65,58.46,58.47,194
21-11-2025 05:30,58.47,58.59,58.46,58.57,152
21-11-2025 06:00,58.57,58.59,58.56,58.57,86
21-11-2025 06:30,58.57,58.64,58.42,58.42,531
21-11-2025 07:00,58.42,58.43,58.33,58.35,310
21-11-2025 07:30,58.35,58.35,58.19,58.24,251
21-11-2025 08:00,58.24,58.32,58.22,58.25,294
21-11-2025 08:30,58.25,58.27,58.14,58.17,285
21-11-2025 09:00,58.17,58.21,58.13,58.14,290
21-11-2025 09:30,58.14,58.16,58.02,58.07,195
21-11-2025 10:00,58.07,58.11,58.01,58.04,138
21-11-2025 10:30,58.04,58.34,58.04,58.26,242
21-11-2025 11:00,58.26,58.34,58.19,58.28,291
21-11-2025 11:30,58.28,58.34,58.25,58.31,279
21-11-2025 12:00,58.31,58.40,58.22,58.24,323
21-11-2025 12:30,58.24,58.24,57.92,58.00,565
21-11-2025 13:00,58.00,58.01,57.79,57.79,634
21-11-2025 13:30,57.79,58.07,57.75,58.07,884
21-11-2025 14:00,58.05,58.21,58.02,58.15,904
21-11-2025 14:30,58.15,58.29,58.10,58.19,656
21-11-2025 15:00,58.19,58.20,57.73,57.74,725
21-11-2025 15:30,57.73,57.73,57.44,57.45,894
21-11-2025 16:00,57.45,57.58,57.42,57.47,653
21-11-2025 16:30,57.47,57.86,57.47,57.83,588
21-11-2025 17:00,57.83,57.96,57.79,57.88,406
21-11-2025 17:30,57.88,58.58,57.70,58.29,1425
21-11-2025 18:00,58.30,58.60,58.22,58.48,1208
21-11-2025 18:30,58.48,58.56,58.32,58.47,910
21-11-2025 19:00,58.47,58.48,58.23,58.28,598
21-11-2025 19:30,58.28,58.28,57.83,57.96,951
21-11-2025 20:00,57.96,57.96,57.37,57.46,1955
21-11-2025 20:30,57.46,57.77,57.42,57.47,1850
21-11-2025 21:00,57.47,57.94,57.39,57.61,2207
21-11-2025 21:30,57.60,57.88,57.44,57.79,1530
21-11-2025 22:00,57.79,57.82,57.61,57.81,1281
21-11-2025 22:30,57.81,58.00,57.79,57.93,807
21-11-2025 23:00,57.93,57.96,57.72,57.83,660
21-11-2025 23:30,57.83,57.89,57.70,57.83,632
22-11-2025 00:00,57.83,57.97,57.74,57.84,700
22-11-2025 00:30,57.84,58.18,57.82,58.06,673
22-11-2025 01:00,58.06,58.07,57.84,57.87,470
22-11-2025 01:30,57.87,58.01,57.84,57.96,429
22-11-2025 02:00,57.96,58.05,57.90,57.95,411
22-11-2025 02:30,57.94,57.97,57.92,57.96,104
24-11-2025 04:30,57.84,58.02,57.64,57.69,313
24-11-2025 05:00,57.69,57.75,57.63,57.75,124
24-11-2025 05:30,57.75,57.79,57.72,57.76,109
24-11-2025 06:00,57.76,57.84,57.74,57.83,95
24-11-2025 06:30,57.84,58.03,57.82,58.03,325
24-11-2025 07:00,58.03,58.03,57.89,57.96,287
24-11-2025 07:30,57.96,58.01,57.90,57.94,209
24-11-2025 08:00,57.95,57.98,57.91,57.94,173
24-11-2025 08:30,57.94,58.00,57.93,57.98,129
24-11-2025 09:00,57.98,58.06,57.96,58.06,109
24-11-2025 09:30,58.06,58.12,58.03,58.03,135
24-11-2025 10:00,58.03,58.08,58.02,58.04,95
24-11-2025 10:30,58.04,58.07,58.00,58.07,113
24-11-2025 11:00,58.07,58.10,58.01,58.08,174
24-11-2025 11:30,58.08,58.24,58.08,58.20,281
24-11-2025 12:00,58.20,58.21,58.16,58.20,204
24-11-2025 12:30,58.20,58.25,57.90,57.91,377
24-11-2025 13:00,57.91,57.96,57.80,57.83,403
24-11-2025 13:30,57.83,57.85,57.70,57.80,616
24-11-2025 14:00,57.79,57.84,57.71,57.75,551
24-11-2025 14:30,57.74,57.81,57.59,57.62,548
24-11-2025 15:00,57.61,57.68,57.42,57.46,622
24-11-2025 15:30,57.46,57.71,57.46,57.63,572
24-11-2025 16:00,57.63,57.79,57.63,57.69,480
24-11-2025 16:30,57.69,57.89,57.67,57.88,352
24-11-2025 17:00,57.88,57.99,57.83,57.93,402
24-11-2025 17:30,57.94,58.02,57.86,57.95,405
24-11-2025 18:00,57.95,58.21,57.95,58.16,454
24-11-2025 18:30,58.17,58.23,58.01,58.07,542
24-11-2025 19:00,58.07,58.22,58.03,58.19,408
24-11-2025 19:30,58.18,58.18,57.94,57.95,645
24-11-2025 20:00,57.94,58.13,57.59,58.08,1997
24-11-2025 20:30,58.08,58.14,57.91,58.01,1102
24-11-2025 21:00,58.01,58.19,57.95,58.16,792
24-11-2025 21:30,58.16,58.42,58.15,58.37,771
24-11-2025 22:00,58.37,58.54,58.33,58.51,769
24-11-2025 22:30,58.50,58.57,58.43,58.47,481
24-11-2025 23:00,58.47,58.59,58.41,58.55,477
24-11-2025 23:30,58.55,58.73,58.53,58.73,309
25-11-2025 00:00,58.72,58.89,58.69,58.84,423
25-11-2025 00:30,58.84,58.86,58.75,58.85,450
25-11-2025 01:00,58.86,58.94,58.79,58.80,323
25-11-2025 01:30,58.80,58.95,58.80,58.93,249
25-11-2025 02:00,58.93,59.05,58.90,58.96,233
25-11-2025 02:30,58.95,58.98,58.90,58.97,142
25-11-2025 03:00,58.97,58.97,58.90,58.91,181
25-11-2025 04:30,58.87,58.95,58.87,58.90,97
25-11-2025 05:00,58.90,58.92,58.87,58.88,65
25-11-2025 05:30,58.88,58.89,58.81,58.83,104
25-11-2025 06:00,58.83,58.88,58.83,58.85,68
25-11-2025 06:30,58.85,58.87,58.69,58.72,408
25-11-2025 07:00,58.73,58.75,58.69,58.73,168
25-11-2025 07:30,58.73,58.75,58.68,58.73,84
25-11-2025 08:00,58.73,58.81,58.72,58.74,187
25-11-2025 08:30,58.74,58.76,58.69,58.69,124
25-11-2025 09:00,58.69,58.69,58.59,58.59,115
25-11-2025 09:30,58.59,58.62,58.54,58.59,117
25-11-2025 10:00,58.59,58.62,58.53,58.61,84
25-11-2025 10:30,58.61,58.68,58.57,58.57,125
25-11-2025 11:00,58.56,58.62,58.55,58.59,214
25-11-2025 11:30,58.59,58.62,58.44,58.52,250
25-11-2025 12:00,58.51,58.54,58.46,58.53,236
25-11-2025 12:30,58.53,58.58,58.46,58.54,268
25-11-2025 13:00,58.55,58.59,58.46,58.58,327
25-11-2025 13:30,58.58,58.67,58.46,58.56,472
25-11-2025 14:00,58.55,58.61,58.30,58.33,619
25-11-2025 14:30,58.33,58.54,58.30,58.35,645
25-11-2025 15:00,58.35,58.67,58.33,58.65,480
25-11-2025 15:30,58.65,58.76,58.58,58.62,547
25-11-2025 16:00,58.62,58.73,58.60,58.63,361
25-11-2025 16:30,58.63,58.78,58.56,58.58,340
25-11-2025 17:00,58.58,58.63,58.43,58.60,330
25-11-2025 17:30,58.60,58.64,58.54,58.57,319
25-11-2025 18:00,58.57,58.66,57.32,57.69,3084
25-11-2025 18:30,57.69,58.18,57.59,58.04,1751
25-11-2025 19:00,58.04,58.04,57.70,57.71,950
25-11-2025 19:30,57.71,57.76,57.43,57.68,1143
25-11-2025 20:00,57.68,57.74,57.21,57.32,1606
25-11-2025 20:30,57.32,57.49,57.15,57.25,1553
25-11-2025 21:00,57.25,57.34,57.10,57.23,1000
25-11-2025 21:30,57.23,57.56,57.20,57.53,1271
25-11-2025 22:00,57.53,57.65,57.46,57.61,866
25-11-2025 22:30,57.61,57.90,57.60,57.75,747
25-11-2025 23:00,57.75,57.79,57.65,57.71,529
25-11-2025 23:30,57.71,57.98,57.70,57.83,573
26-11-2025 00:00,57.83,57.85,57.71,57.79,382
26-11-2025 00:30,57.80,58.00,57.77,58.00,475
26-11-2025 01:00,58.00,58.02,57.67,57.82,686
26-11-2025 01:30,57.82,58.08,57.82,58.07,269
26-11-2025 02:00,58.07,58.14,57.90,57.95,283
26-11-2025 02:30,57.94,58.04,57.90,58.03,187
26-11-2025 03:00,58.03,58.11,58.02,58.10,189
26-11-2025 04:30,58.05,58.07,58.01,58.05,63
26-11-2025 05:00,58.05,58.09,58.04,58.06,55
26-11-2025 05:30,58.06,58.08,57.98,58.04,77
26-11-2025 06:00,58.04,58.12,58.04,58.08,47
26-11-2025 06:30,58.08,58.14,58.00,58.08,332
26-11-2025 07:00,58.08,58.12,58.04,58.07,193
26-11-2025 07:30,58.07,58.09,58.00,58.07,154
26-11-2025 08:00,58.07,58.24,58.07,58.17,233
26-11-2025 08:30,58.17,58.20,58.14,58.16,142
26-11-2025 09:00,58.16,58.18,58.11,58.17,132
26-11-2025 09:30,58.17,58.20,58.16,58.17,79
26-11-2025 10:00,58.17,58.19,58.15,58.16,73
26-11-2025 10:30,58.16,58.21,58.13,58.13,93
26-11-2025 11:00,58.13,58.17,58.11,58.15,187
26-11-2025 11:30,58.14,58.20,58.13,58.18,201
26-11-2025 12:00,58.19,58.21,58.07,58.09,230
26-11-2025 12:30,58.09,58.29,58.03,58.07,392
26-11-2025 13:00,58.07,58.07,57.83,57.86,354
26-11-2025 13:30,57.86,57.98,57.73,57.80,705
26-11-2025 14:00,57.80,58.05,57.67,57.96,677
26-11-2025 14:30,57.97,58.08,57.92,57.92,604
26-11-2025 15:00,57.92,58.06,57.84,57.94,601
26-11-2025 15:30,57.94,57.97,57.66,57.66,541
26-11-2025 16:00,57.66,57.97,57.66,57.93,430
26-11-2025 16:30,57.93,58.01,57.86,57.98,293
26-11-2025 17:00,57.98,58.20,57.84,57.92,616
26-11-2025 17:30,57.92,58.01,57.74,57.78,555
26-11-2025 18:00,57.78,57.86,57.72,57.78,397
26-11-2025 18:30,57.78,57.91,57.77,57.88,494
26-11-2025 19:00,57.88,58.03,57.85,57.96,479
26-11-2025 19:30,57.96,57.99,57.75,57.75,662
26-11-2025 20:00,57.75,58.04,57.75,57.88,843
26-11-2025 20:30,57.88,58.08,57.86,58.02,597
26-11-2025 21:00,58.02,58.07,57.84,57.98,968
26-11-2025 21:30,57.98,58.07,57.92,58.05,684
26-11-2025 22:00,58.05,58.35,57.83,58.33,922
26-11-2025 22:30,58.33,58.42,58.14,58.15,696
26-11-2025 23:00,58.15,58.18,58.01,58.04,517
26-11-2025 23:30,58.04,58.30,57.94,58.30,567
27-11-2025 00:00,58.30,58.32,58.17,58.31,400
27-11-2025 00:30,58.31,58.68,58.30,58.66,696
27-11-2025 01:00,58.67,58.67,58.51,58.60,354
27-11-2025 01:30,58.60,58.72,58.59,58.65,236
27-11-2025 02:00,58.65,58.67,58.56,58.57,254
27-11-2025 02:30,58.57,58.64,58.53,58.58,153
27-11-2025 03:00,58.58,58.60,58.53,58.55,85
27-11-2025 04:30,58.53,58.53,58.44,58.47,75
27-11-2025 05:00,58.47,58.48,58.47,58.47,30
27-11-2025 05:30,58.47,58.47,58.45,58.47,26
27-11-2025 06:00,58.47,58.52,58.47,58.52,48
27-11-2025 06:30,58.52,58.53,58.34,58.35,269
27-11-2025 07:00,58.35,58.35,58.29,58.32,159
27-11-2025 07:30,58.32,58.44,58.32,58.37,132
27-11-2025 08:00,58.36,58.40,58.33,58.37,111
27-11-2025 08:30,58.37,58.40,58.34,58.36,99
27-11-2025 09:00,58.36,58.36,58.28,58.33,162
27-11-2025 09:30,58.33,58.34,58.30,58.31,82
27-11-2025 10:00,58.31,58.36,58.29,58.30,69
27-11-2025 10:30,58.30,58.37,58.30,58.35,74
27-11-2025 11:00,58.35,58.37,58.33,58.36,94
27-11-2025 11:30,58.36,58.42,58.32,58.41,128
27-11-2025 12:00,58.42,58.44,58.34,58.42,150
27-11-2025 12:30,58.42,58.63,58.42,58.58,280
27-11-2025 13:00,58.58,58.64,58.55,58.61,218
27-11-2025 13:30,58.62,58.72,58.56,58.67,425
27-11-2025 14:00,58.68,58.77,58.59,58.72,449
27-11-2025 14:30,58.72,58.75,58.62,58.69,430
27-11-2025 15:00,58.70,58.78,58.67,58.77,301
27-11-2025 15:30,58.77,58.77,58.65,58.69,351
27-11-2025 16:00,58.69,58.86,58.69,58.84,341
27-11-2025 16:30,58.84,58.88,58.81,58.85,189
27-11-2025 17:00,58.85,58.95,58.77,58.82,227
27-11-2025 17:30,58.82,58.95,58.80,58.86,227
27-11-2025 18:00,58.86,58.91,58.84,58.86,176
27-11-2025 18:30,58.86,58.93,58.74,58.79,360
27-11-2025 19:00,58.79,58.81,58.52,58.69,695
27-11-2025 19:30,58.69,58.97,58.66,58.80,525
27-11-2025 20:00,58.80,58.84,58.75,58.78,244
27-11-2025 20:30,58.78,58.89,58.77,58.84,172
27-11-2025 21:00,58.84,58.90,58.79,58.88,280
27-11-2025 21:30,58.88,58.99,58.87,58.93,416
27-11-2025 22:00,58.93,58.95,58.78,58.85,395
27-11-2025 22:30,58.85,58.90,58.81,58.84,268
27-11-2025 23:00,58.84,59.07,58.83,59.05,243
27-11-2025 23:30,59.05,59.14,59.03,59.08,206
28-11-2025 00:00,59.08,59.11,59.05,59.08,76
28-11-2025 00:30,59.09,59.15,59.08,59.11,104
28-11-2025 04:30,59.01,59.01,58.92,58.95,95
28-11-2025 05:00,58.95,59.00,58.94,58.99,54
28-11-2025 05:30,58.99,58.99,58.92,58.93,71
28-11-2025 06:00,58.94,59.01,58.93,58.99,53
28-11-2025 06:30,58.99,59.05,58.97,58.97,145
28-11-2025 07:00,58.97,59.00,58.89,58.95,99
28-11-2025 07:30,58.95,59.03,58.95,59.01,99
28-11-2025 08:00,59.01,59.06,58.98,59.01,63
28-11-2025 09:00,59.00,59.00,59.00,59.00,2
28-11-2025 10:00,59.00,59.00,59.00,59.00,2
28-11-2025 14:30,59.00,59.00,59.00,59.00,1
28-11-2025 16:30,59.00,59.00,59.00,59.00,1
28-11-2025 17:30,59.00,59.00,59.00,59.00,2
28-11-2025 18:00,59.00,59.00,59.00,59.00,4
28-11-2025 18:30,59.00,59.02,58.74,58.74,90
28-11-2025 19:00,58.74,58.96,58.69,58.82,260
28-11-2025 19:30,58.83,59.02,58.76,58.92,360
28-11-2025 20:00,58.92,59.24,58.92,59.22,344
28-11-2025 20:30,59.22,59.31,59.14,59.14,260
28-11-2025 21:00,59.14,59.21,59.07,59.15,452
28-11-2025 21:30,59.15,59.39,59.08,59.36,468
28-11-2025 22:00,59.36,59.62,59.33,59.54,473
28-11-2025 22:30,59.54,59.56,59.21,59.42,569
28-11-2025 23:00,59.42,59.55,59.36,59.43,404
28-11-2025 23:30,59.43,59.55,59.43,59.55,407
29-11-2025 00:00,59.55,59.55,59.02,59.03,355
29-11-2025 00:30,59.03,59.07,58.37,58.42,729
29-11-2025 01:00,58.42,58.49,58.28,58.44,378
01-12-2025 04:30,59.29,59.61,59.29,59.44,487
01-12-2025 05:00,59.44,59.48,59.39,59.39,175
01-12-2025 05:30,59.39,59.44,59.21,59.21,204
01-12-2025 06:00,59.21,59.24,59.06,59.16,286
01-12-2025 06:30,59.16,59.29,59.06,59.25,412
01-12-2025 07:00,59.25,59.35,59.20,59.34,250
01-12-2025 07:30,59.34,59.43,59.30,59.42,196
01-12-2025 08:00,59.42,59.47,59.41,59.46,175
01-12-2025 08:30,59.46,59.57,59.44,59.46,212
01-12-2025 09:00,59.46,59.58,59.43,59.54,143
01-12-2025 09:30,59.54,59.58,59.52,59.56,108
01-12-2025 10:00,59.56,59.63,59.54,59.60,96
01-12-2025 10:30,59.60,59.67,59.59,59.66,150
01-12-2025 11:00,59.66,59.79,59.63,59.78,243
01-12-2025 11:30,59.78,59.96,59.72,59.72,366
01-12-2025 12:00,59.72,59.75,59.62,59.63,215
01-12-2025 12:30,59.63,59.75,59.57,59.72,286
01-12-2025 13:00,59.72,59.80,59.62,59.64,307
01-12-2025 13:30,59.64,59.77,59.54,59.67,675
01-12-2025 14:00,59.66,59.89,59.65,59.74,537
01-12-2025 14:30,59.74,59.77,59.61,59.73,500
01-12-2025 15:00,59.73,59.85,59.68,59.74,433
01-12-2025 15:30,59.74,59.78,59.56,59.56,437
01-12-2025 16:00,59.56,59.62,59.39,59.44,354
01-12-2025 16:30,59.44,59.45,59.10,59.33,561
01-12-2025 17:00,59.33,59.37,59.19,59.31,348
01-12-2025 17:30,59.31,59.34,59.16,59.18,374
01-12-2025 18:00,59.18,59.21,59.07,59.14,436
01-12-2025 18:30,59.14,59.19,59.04,59.07,556
01-12-2025 19:00,59.07,59.10,58.84,58.94,626
01-12-2025 19:30,58.94,59.06,58.89,59.05,684
01-12-2025 20:00,59.05,59.55,59.05,59.45,1260
01-12-2025 20:30,59.46,59.57,59.31,59.45,808
01-12-2025 21:00,59.45,59.63,59.44,59.44,647
01-12-2025 21:30,59.44,59.44,59.15,59.20,866
01-12-2025 22:00,59.20,59.33,59.12,59.17,746
01-12-2025 22:30,59.17,59.43,59.16,59.28,509
01-12-2025 23:00,59.28,59.35,59.17,59.22,374
01-12-2025 23:30,59.22,59.35,59.19,59.33,291
02-12-2025 00:00,59.33,59.48,59.33,59.37,470
02-12-2025 00:30,59.37,59.39,59.26,59.31,600
02-12-2025 01:00,59.31,59.44,59.30,59.40,282
02-12-2025 01:30,59.41,59.52,59.40,59.47,167
02-12-2025 02:00,59.47,59.57,59.41,59.44,196
02-12-2025 02:30,59.44,59.49,59.43,59.45,137
02-12-2025 03:00,59.46,59.56,59.44,59.51,116
02-12-2025 04:30,59.53,59.55,59.48,59.53,79
02-12-2025 05:00,59.54,59.65,59.54,59.58,112
02-12-2025 05:30,59.58,59.61,59.57,59.58,70
02-12-2025 06:00,59.59,59.59,59.51,59.51,42
02-12-2025 06:30,59.51,59.54,59.40,59.45,231
02-12-2025 07:00,59.45,59.46,59.35,59.35,150
02-12-2025 07:30,59.35,59.44,59.34,59.35,104
02-12-2025 08:00,59.35,59.42,59.33,59.40,125
02-12-2025 08:30,59.40,59.41,59.35,59.35,99
02-12-2025 09:00,59.35,59.41,59.32,59.40,78
02-12-2025 09:30,59.40,59.44,59.39,59.41,79
02-12-2025 10:00,59.41,59.43,59.36,59.38,98
02-12-2025 10:30,59.38,59.42,59.38,59.38,95
02-12-2025 11:00,59.38,59.44,59.35,59.39,135
02-12-2025 11:30,59.39,59.44,59.36,59.39,119
02-12-2025 12:00,59.40,59.48,59.40,59.44,183
02-12-2025 12:30,59.45,59.51,59.36,59.46,278
02-12-2025 13:00,59.46,59.53,59.26,59.27,313
02-12-2025 13:30,59.27,59.50,59.26,59.35,489
02-12-2025 14:00,59.35,59.49,59.14,59.17,584
02-12-2025 14:30,59.16,59.39,59.08,59.38,461
02-12-2025 15:00,59.38,59.39,59.12,59.20,359
02-12-2025 15:30,59.20,59.27,59.15,59.26,310
02-12-2025 16:00,59.25,59.42,59.21,59.34,396
02-12-2025 16:30,59.34,59.39,59.12,59.18,396
02-12-2025 17:00,59.17,59.22,59.07,59.10,369
02-12-2025 17:30,59.10,59.21,59.09,59.16,292
02-12-2025 18:00,59.16,59.22,59.14,59.20,322
02-12-2025 18:30,59.20,59.27,59.09,59.11,474
02-12-2025 19:00,59.11,59.13,58.84,58.93,672
02-12-2025 19:30,58.93,59.11,58.86,58.95,755
02-12-2025 20:00,58.95,59.00,58.28,58.48,1473
02-12-2025 20:30,58.48,59.38,58.45,59.24,2291
02-12-2025 21:00,59.24,59.38,59.09,59.22,988
02-12-2025 21:30,59.22,59.31,58.92,58.99,1060
02-12-2025 22:00,58.99,59.11,58.78,58.82,835
02-12-2025 22:30,58.82,59.02,58.82,58.98,486
02-12-2025 23:00,58.98,59.01,58.89,58.90,477
02-12-2025 23:30,58.90,59.01,58.83,58.99,423
03-12-2025 00:00,58.99,59.16,58.91,58.99,558
03-12-2025 00:30,58.99,59.02,58.58,58.66,888
03-12-2025 01:00,58.66,58.68,58.48,58.62,418
03-12-2025 01:30,58.62,58.66,58.57,58.60,273
03-12-2025 02:00,58.61,58.67,58.61,58.64,171
03-12-2025 02:30,58.64,58.65,58.59,58.64,134
03-12-2025 03:00,58.64,58.74,58.49,58.61,300
03-12-2025 04:30,58.65,58.71,58.61,58.66,79
03-12-2025 05:00,58.66,58.66,58.62,58.64,49
03-12-2025 05:30,58.64,58.67,58.63,58.67,77
03-12-2025 06:00,58.67,58.68,58.59,58.61,79
03-12-2025 06:30,58.61,58.72,58.59,58.63,311
03-12-2025 07:00,58.62,58.65,58.53,58.53,123
03-12-2025 07:30,58.53,58.55,58.48,58.51,124
03-12-2025 08:00,58.51,58.57,58.37,58.55,251
03-12-2025 08:30,58.55,58.65,58.54,58.61,172
03-12-2025 09:00,58.61,58.69,58.60,58.66,113
03-12-2025 09:30,58.66,58.69,58.63,58.63,67
03-12-2025 10:00,58.64,58.71,58.63,58.69,80
03-12-2025 10:30,58.69,58.74,58.66,58.69,80
03-12-2025 11:00,58.69,58.74,58.65,58.65,202
03-12-2025 11:30,58.65,58.77,58.62,58.73,190
03-12-2025 12:00,58.73,58.85,58.71,58.81,242
03-12-2025 12:30,58.81,58.93,58.81,58.92,221
03-12-2025 13:00,58.92,58.98,58.86,58.92,245
03-12-2025 13:30,58.92,59.01,58.88,58.97,486
03-12-2025 14:00,58.96,59.12,58.96,59.07,451
03-12-2025 14:30,59.07,59.38,59.05,59.30,533
03-12-2025 15:00,59.30,59.48,59.24,59.47,604
03-12-2025 15:30,59.47,59.61,59.40,59.48,478
03-12-2025 16:00,59.48,59.55,59.38,59.51,390
03-12-2025 16:30,59.51,59.51,59.40,59.41,262
03-12-2025 17:00,59.41,59.46,59.40,59.43,256
03-12-2025 17:30,59.43,59.45,59.34,59.37,369
03-12-2025 18:00,59.37,59.44,59.31,59.40,361
03-12-2025 18:30,59.40,59.48,59.30,59.37,583
03-12-2025 19:00,59.37,59.40,59.06,59.36,765
03-12-2025 19:30,59.36,59.36,58.98,59.17,958
03-12-2025 20:00,59.17,59.32,59.12,59.20,863
03-12-2025 20:30,59.20,59.30,59.13,59.18,619
03-12-2025 21:00,59.18,59.53,59.10,59.52,1012
03-12-2025 21:30,59.52,59.63,59.31,59.41,910
03-12-2025 22:00,59.41,59.42,58.87,58.95,907
03-12-2025 22:30,58.95,59.45,58.93,59.38,743
03-12-2025 23:00,59.38,59.39,59.21,59.23,380
03-12-2025 23:30,59.23,59.33,59.14,59.24,376
04-12-2025 00:00,59.24,59.26,59.06,59.10,396
04-12-2025 00:30,59.10,59.12,58.90,58.95,589
04-12-2025 01:00,58.96,59.00,58.83,58.97,325
04-12-2025 01:30,58.97,59.04,58.94,59.02,152
04-12-2025 02:00,59.02,59.11,59.00,59.09,131
04-12-2025 02:30,59.09,59.12,59.08,59.11,109
04-12-2025 03:00,59.11,59.12,59.09,59.09,65
04-12-2025 04:30,59.06,59.07,58.98,59.02,70
04-12-2025 05:00,59.02,59.05,59.00,59.01,51
04-12-2025 05:30,59.01,59.06,58.98,59.04,58
04-12-2025 06:00,59.04,59.06,59.03,59.03,42
04-12-2025 06:30,59.03,59.18,59.02,59.18,214
04-12-2025 07:00,59.18,59.18,59.10,59.11,117
04-12-2025 07:30,59.11,59.18,59.04,59.17,126
04-12-2025 08:00,59.17,59.27,59.15,59.25,159
04-12-2025 08:30,59.25,59.28,59.22,59.24,138
04-12-2025 09:00,59.24,59.26,59.20,59.26,79
04-12-2025 09:30,59.26,59.27,59.21,59.24,69
04-12-2025 10:00,59.24,59.28,59.22,59.28,64
04-12-2025 10:30,59.28,59.31,59.25,59.31,86
04-12-2025 11:00,59.31,59.35,59.18,59.21,196
04-12-2025 11:30,59.21,59.31,59.21,59.31,169
04-12-2025 12:00,59.31,59.43,59.31,59.39,215
04-12-2025 12:30,59.39,59.40,59.30,59.31,243
04-12-2025 13:00,59.32,59.39,59.31,59.34,209
04-12-2025 13:30,59.34,59.36,59.14,59.15,498
04-12-2025 14:00,59.14,59.41,59.10,59.36,447
04-12-2025 14:30,59.36,59.39,59.09,59.16,402
04-12-2025 15:00,59.16,59.31,59.14,59.21,323
04-12-2025 15:30,59.21,59.25,59.12,59.25,303
04-12-2025 16:00,59.25,59.34,59.18,59.30,306
04-12-2025 16:30,59.31,59.40,59.21,59.25,351
04-12-2025 17:00,59.25,59.27,59.18,59.23,270
04-12-2025 17:30,59.23,59.37,59.20,59.26,338
04-12-2025 18:00,59.26,59.35,59.23,59.33,277
04-12-2025 18:30,59.33,59.46,59.30,59.33,509
04-12-2025 19:00,59.34,59.49,59.32,59.38,377
04-12-2025 19:30,59.38,59.38,59.03,59.08,864
04-12-2025 20:00,59.08,59.10,58.81,58.88,1070
04-12-2025 20:30,58.88,59.20,58.86,59.10,771
04-12-2025 21:00,59.10,59.63,59.09,59.45,1042
04-12-2025 21:30,59.45,59.67,59.41,59.62,767
04-12-2025 22:00,59.62,60.02,59.62,59.86,1110
04-12-2025 22:30,59.86,59.92,59.70,59.83,615
04-12-2025 23:00,59.83,59.88,59.75,59.78,428
04-12-2025 23:30,59.78,59.91,59.77,59.90,290
05-12-2025 00:00,59.90,59.95,59.85,59.86,282
05-12-2025 00:30,59.86,59.89,59.61,59.67,656
05-12-2025 01:00,59.67,59.71,59.61,59.70,319
05-12-2025 01:30,59.70,59.75,59.66,59.72,219
05-12-2025 02:00,59.72,59.73,59.64,59.69,182
05-12-2025 02:30,59.69,59.79,59.69,59.76,112
05-12-2025 03:00,59.76,59.78,59.68,59.72,117
05-12-2025 04:30,59.64,59.70,59.63,59.69,75
05-12-2025 05:00,59.70,59.72,59.68,59.71,43
05-12-2025 05:30,59.71,59.71,59.64,59.65,73
05-12-2025 06:00,59.65,59.66,59.64,59.64,50
05-12-2025 06:30,59.64,59.70,59.59,59.63,251
05-12-2025 07:00,59.63,59.70,59.58,59.60,147
05-12-2025 07:30,59.60,59.62,59.48,59.50,129
05-12-2025 08:00,59.50,59.52,59.45,59.47,179
05-12-2025 08:30,59.47,59.49,59.41,59.49,146
05-12-2025 09:00,59.49,59.53,59.49,59.49,145
05-12-2025 09:30,59.49,59.52,59.47,59.51,53
05-12-2025 10:00,59.51,59.51,59.44,59.45,47
05-12-2025 10:30,59.45,59.53,59.45,59.50,74
05-12-2025 11:00,59.50,59.58,59.49,59.57,153
05-12-2025 11:30,59.57,59.60,59.53,59.54,122
05-12-2025 12:00,59.54,59.59,59.49,59.57,162
05-12-2025 12:30,59.57,59.63,59.54,59.62,261
05-12-2025 13:00,59.62,59.64,59.46,59.55,342
05-12-2025 13:30,59.55,59.70,59.47,59.48,503
05-12-2025 14:00,59.48,59.72,59.48,59.62,402
05-12-2025 14:30,59.62,59.73,59.49,59.68,394
05-12-2025 15:00,59.68,59.78,59.65,59.69,333
05-12-2025 15:30,59.69,59.69,59.45,59.51,347
05-12-2025 16:00,59.51,59.62,59.48,59.57,320
05-12-2025 16:30,59.57,59.62,59.47,59.58,320
05-12-2025 17:00,59.58,59.64,59.54,59.54,202
05-12-2025 17:30,59.54,59.56,59.44,59.48,287
05-12-2025 18:00,59.48,59.59,59.46,59.57,280
05-12-2025 18:30,59.57,59.76,59.56,59.64,422
05-12-2025 19:00,59.64,59.67,59.48,59.61,465
05-12-2025 19:30,59.61,59.67,59.48,59.63,490
05-12-2025 20:00,59.63,60.09,59.62,59.98,1119
05-12-2025 20:30,59.98,60.36,59.97,60.34,800
05-12-2025 21:00,60.34,60.49,60.15,60.29,1030
05-12-2025 21:30,60.29,60.36,60.02,60.11,915
05-12-2025 22:00,60.11,60.13,59.88,59.92,735
05-12-2025 22:30,59.92,60.29,59.90,60.24,467
05-12-2025 23:00,60.24,60.34,60.19,60.26,362
05-12-2025 23:30,60.26,60.29,60.13,60.18,323
06-12-2025 00:00,60.18,60.22,60.06,60.06,315
06-12-2025 00:30,60.06,60.10,60.00,60.07,475
06-12-2025 01:00,60.07,60.12,59.99,60.11,312
06-12-2025 01:30,60.11,60.11,60.04,60.06,191
06-12-2025 02:00,60.06,60.17,60.06,60.10,234
06-12-2025 02:30,60.10,60.19,60.09,60.17,100
06-12-2025 03:00,60.17,60.18,60.12,60.12,111
08-12-2025 04:30,60.10,60.22,60.09,60.22,131
08-12-2025 05:00,60.22,60.29,60.21,60.23,106
08-12-2025 05:30,60.23,60.23,60.11,60.14,88
08-12-2025 06:00,60.14,60.16,60.05,60.05,104
08-12-2025 06:30,60.05,60.15,59.97,60.00,261
08-12-2025 07:00,60.00,60.11,59.99,60.07,216
08-12-2025 07:30,60.08,60.08,60.02,60.06,134
08-12-2025 08:00,60.06,60.18,60.06,60.16,156
08-12-2025 08:30,60.17,60.19,60.13,60.16,121
08-12-2025 09:00,60.16,60.22,60.15,60.17,109
08-12-2025 09:30,60.17,60.22,60.16,60.22,56
08-12-2025 10:00,60.21,60.22,60.19,60.20,34
08-12-2025 10:30,60.20,60.20,60.09,60.14,92
08-12-2025 11:00,60.14,60.26,60.12,60.19,172
08-12-2025 11:30,60.19,60.25,60.19,60.20,113
08-12-2025 12:00,60.20,60.23,60.16,60.21,156
08-12-2025 12:30,60.21,60.26,60.15,60.21,168
08-12-2025 13:00,60.21,60.23,60.14,60.20,208
08-12-2025 13:30,60.20,60.30,60.13,60.16,472
08-12-2025 14:00,60.16,60.21,59.90,59.91,375
08-12-2025 14:30,59.91,59.95,59.63,59.64,517
08-12-2025 15:00,59.64,59.71,59.50,59.61,408
08-12-2025 15:30,59.61,59.63,59.54,59.59,273
08-12-2025 16:00,59.59,59.64,59.45,59.50,395
08-12-2025 16:30,59.50,59.59,59.38,59.46,341
08-12-2025 17:00,59.46,59.50,59.37,59.45,304
08-12-2025 17:30,59.45,59.46,59.40,59.43,253
08-12-2025 18:00,59.43,59.43,59.18,59.23,405
08-12-2025 18:30,59.23,59.41,59.19,59.39,509
08-12-2025 19:00,59.39,59.63,59.39,59.47,713
08-12-2025 19:30,59.47,59.53,59.09,59.19,796
08-12-2025 20:00,59.19,59.47,59.12,59.33,884
08-12-2025 20:30,59.32,59.40,59.15,59.23,555
08-12-2025 21:00,59.23,59.46,59.23,59.31,638
08-12-2025 21:30,59.31,59.31,59.04,59.13,747
08-12-2025 22:00,59.13,59.29,59.09,59.28,610
08-12-2025 22:30,59.27,59.28,59.04,59.13,393
08-12-2025 23:00,59.13,59.14,59.01,59.08,327
08-12-2025 23:30,59.08,59.10,58.85,58.88,379
09-12-2025 00:00,58.88,58.89,58.68,58.79,475
09-12-2025 00:30,58.79,58.90,58.71,58.88,487
09-12-2025 01:00,58.88,58.88,58.74,58.80,270
09-12-2025 01:30,58.80,58.82,58.77,58.78,168
09-12-2025 02:00,58.78,58.86,58.77,58.85,197
09-12-2025 02:30,58.85,58.87,58.79,58.85,139
09-12-2025 03:00,58.85,58.86,58.82,58.84,106
09-12-2025 04:30,58.85,58.86,58.82,58.83,94
09-12-2025 05:00,58.83,58.85,58.82,58.85,44
09-12-2025 05:30,58.85,58.89,58.82,58.88,129
09-12-2025 06:00,58.88,58.89,58.86,58.87,66
09-12-2025 06:30,58.87,58.89,58.77,58.82,248
09-12-2025 07:00,58.82,58.84,58.73,58.76,163
09-12-2025 07:30,58.76,58.82,58.76,58.80,133
09-12-2025 08:00,58.80,58.80,58.72,58.74,159
09-12-2025 08:30,58.74,58.75,58.69,58.74,153
09-12-2025 09:00,58.74,58.75,58.70,58.74,77
09-12-2025 09:30,58.74,58.76,58.71,58.71,54
09-12-2025 10:00,58.71,58.72,58.65,58.69,71
09-12-2025 10:30,58.69,58.70,58.67,58.68,52
09-12-2025 11:00,58.68,58.68,58.58,58.68,175
09-12-2025 11:30,58.68,58.68,58.58,58.66,203
09-12-2025 12:00,58.66,58.73,58.62,58.72,171
09-12-2025 12:30,58.72,58.83,58.68,58.80,215
09-12-2025 13:00,58.80,58.87,58.75,58.78,237
09-12-2025 13:30,58.78,58.86,58.69,58.74,439
09-12-2025 14:00,58.73,58.88,58.66,58.68,416
09-12-2025 14:30,58.67,58.77,58.63,58.77,402
09-12-2025 15:00,58.77,58.79,58.63,58.78,291
09-12-2025 15:30,58.78,59.13,58.78,59.07,470
09-12-2025 16:00,59.07,59.08,58.97,59.01,301
09-12-2025 16:30,59.01,59.06,58.93,59.06,260
09-12-2025 17:00,59.06,59.13,59.03,59.11,235
09-12-2025 17:30,59.11,59.17,59.00,59.04,222
09-12-2025 18:00,59.04,59.09,58.97,59.01,325
09-12-2025 18:30,59.01,59.03,58.74,58.77,409
09-12-2025 19:00,58.77,58.81,58.66,58.80,480
09-12-2025 19:30,58.80,58.87,58.64,58.75,574
09-12-2025 20:00,58.75,58.79,58.50,58.50,719
09-12-2025 20:30,58.50,58.61,58.22,58.26,944
09-12-2025 21:00,58.26,58.32,58.15,58.26,761
09-12-2025 21:30,58.26,58.38,58.21,58.27,649
09-12-2025 22:00,58.27,58.31,58.13,58.22,531
09-12-2025 22:30,58.22,58.27,58.16,58.18,370
09-12-2025 23:00,58.18,58.23,58.16,58.17,278
09-12-2025 23:30,58.17,58.29,58.14,58.23,300
10-12-2025 00:00,58.23,58.31,58.16,58.18,295
10-12-2025 00:30,58.18,58.27,58.15,58.25,469
10-12-2025 01:00,58.25,58.43,58.22,58.39,215
10-12-2025 01:30,58.39,58.41,58.34,58.35,136
10-12-2025 02:00,58.35,58.37,58.31,58.32,185
10-12-2025 02:30,58.32,58.40,58.32,58.37,77
10-12-2025 03:00,58.36,58.40,58.30,58.38,164
10-12-2025 04:30,58.37,58.42,58.37,58.38,64
10-12-2025 05:00,58.38,58.40,58.32,58.34,64
10-12-2025 05:30,58.34,58.40,58.33,58.38,65
10-12-2025 06:00,58.38,58.39,58.35,58.36,43
10-12-2025 06:30,58.36,58.39,58.32,58.35,173
10-12-2025 07:00,58.35,58.42,58.34,58.39,111
10-12-2025 07:30,58.39,58.43,58.37,58.38,113
10-12-2025 08:00,58.38,58.39,58.33,58.35,145
10-12-2025 08:30,58.35,58.36,58.27,58.34,138
10-12-2025 09:00,58.34,58.35,58.32,58.34,61
10-12-2025 09:30,58.34,58.37,58.33,58.33,61
10-12-2025 10:00,58.34,58.35,58.29,58.31,65
10-12-2025 10:30,58.31,58.36,58.29,58.36,59
10-12-2025 11:00,58.36,58.40,58.34,58.36,143
10-12-2025 11:30,58.37,58.42,58.34,58.41,144
10-12-2025 12:00,58.41,58.47,58.37,58.41,197
10-12-2025 12:30,58.41,58.43,58.36,58.39,185
10-12-2025 13:00,58.39,58.43,58.24,58.31,190
10-12-2025 13:30,58.30,58.42,58.26,58.29,467
10-12-2025 14:00,58.29,58.32,58.17,58.25,470
10-12-2025 14:30,58.25,58.48,58.15,58.43,473
10-12-2025 15:00,58.43,58.44,58.08,58.24,430
10-12-2025 15:30,58.25,58.51,58.25,58.37,444
10-12-2025 16:00,58.37,58.62,58.25,58.58,418
10-12-2025 16:30,58.58,58.65,58.51,58.62,294
10-12-2025 17:00,58.62,58.63,58.52,58.55,270
10-12-2025 17:30,58.55,58.64,58.52,58.59,270
10-12-2025 18:00,58.59,58.66,58.49,58.50,397
10-12-2025 18:30,58.50,58.51,58.32,58.35,541
10-12-2025 19:00,58.35,58.40,58.25,58.31,404
10-12-2025 19:30,58.31,58.31,57.81,57.92,873
10-12-2025 20:00,57.92,57.96,57.77,57.88,898
10-12-2025 20:30,57.88,57.97,57.81,57.86,644
10-12-2025 21:00,57.86,57.91,57.71,57.75,874
10-12-2025 21:30,57.75,57.85,57.65,57.82,603
10-12-2025 22:00,57.81,58.14,57.75,58.12,666
10-12-2025 22:30,58.12,58.18,58.05,58.13,448
10-12-2025 23:00,58.13,58.15,58.02,58.09,426
10-12-2025 23:30,58.09,58.32,58.06,58.18,464
11-12-2025 00:00,58.18,58.56,58.13,58.34,1045
11-12-2025 00:30,58.36,58.55,58.30,58.52,1150
11-12-2025 01:00,58.52,58.78,58.51,58.76,747
11-12-2025 01:30,58.76,59.03,58.75,58.99,659
11-12-2025 02:00,58.99,59.03,58.87,58.92,317
11-12-2025 02:30,58.92,58.99,58.91,58.92,143
11-12-2025 03:00,58.92,58.98,58.91,58.94,106
11-12-2025 04:30,58.91,58.94,58.78,58.79,106
11-12-2025 05:00,58.79,58.80,58.73,58.74,73
11-12-2025 05:30,58.74,58.83,58.73,58.82,75
11-12-2025 06:00,58.82,58.82,58.76,58.77,49
11-12-2025 06:30,58.77,58.91,58.72,58.91,364
11-12-2025 07:00,58.91,58.92,58.82,58.82,175
11-12-2025 07:30,58.82,58.85,58.71,58.72,115
11-12-2025 08:00,58.72,58.78,58.67,58.68,188
11-12-2025 08:30,58.68,58.70,58.41,58.45,339
11-12-2025 09:00,58.45,58.47,58.41,58.44,176
11-12-2025 09:30,58.44,58.48,58.38,58.44,145
11-12-2025 10:00,58.44,58.46,58.38,58.39,77
11-12-2025 10:30,58.39,58.44,58.38,58.38,104
11-12-2025 11:00,58.38,58.38,58.25,58.27,179
11-12-2025 11:30,58.27,58.27,58.16,58.19,230
11-12-2025 12:00,58.19,58.22,58.09,58.12,258
11-12-2025 12:30,58.12,58.17,57.98,58.00,287
11-12-2025 13:00,58.00,58.13,57.98,58.06,283
11-12-2025 13:30,58.06,58.08,57.84,57.88,606
11-12-2025 14:00,57.88,57.92,57.64,57.73,584
11-12-2025 14:30,57.74,57.80,57.64,57.72,510
11-12-2025 15:00,57.72,57.80,57.66,57.70,456
11-12-2025 15:30,57.70,57.72,57.51,57.53,516
11-12-2025 16:00,57.53,57.67,57.51,57.57,367
11-12-2025 16:30,57.57,57.71,57.52,57.69,357
11-12-2025 17:00,57.69,57.77,57.64,57.73,316
11-12-2025 17:30,57.72,57.86,57.72,57.81,482
11-12-2025 18:00,57.80,57.83,57.71,57.77,356
11-12-2025 18:30,57.77,57.86,57.74,57.78,466
11-12-2025 19:00,57.77,57.81,57.56,57.60,571
11-12-2025 19:30,57.60,57.61,57.22,57.24,963
11-12-2025 20:00,57.24,57.39,57.18,57.31,1039
11-12-2025 20:30,57.32,57.50,57.30,57.36,799
11-12-2025 21:00,57.36,57.45,57.26,57.41,695
11-12-2025 21:30,57.41,57.48,57.00,57.22,1726
11-12-2025 22:00,57.23,57.32,57.11,57.22,693
11-12-2025 22:30,57.23,57.41,57.21,57.34,462
11-12-2025 23:00,57.34,57.37,57.25,57.31,353
11-12-2025 23:30,57.31,57.39,57.25,57.35,350
12-12-2025 00:00,57.35,57.52,57.34,57.41,536
12-12-2025 00:30,57.41,57.61,57.40,57.61,533
12-12-2025 01:00,57.61,57.83,57.60,57.78,344
12-12-2025 01:30,57.78,57.79,57.66,57.69,194
12-12-2025 02:00,57.69,57.80,57.69,57.80,191
12-12-2025 02:30,57.80,57.91,57.79,57.87,130
12-12-2025 03:00,57.87,57.93,57.86,57.89,121
12-12-2025 04:30,57.94,58.08,57.88,57.92,156
12-12-2025 05:00,57.92,57.98,57.88,57.88,84
12-12-2025 05:30,57.89,57.94,57.88,57.90,47
12-12-2025 06:00,57.91,57.96,57.89,57.90,94
12-12-2025 06:30,57.90,57.98,57.88,57.96,274
12-12-2025 07:00,57.95,58.01,57.93,57.97,144
12-12-2025 07:30,57.97,58.04,57.97,58.03,180
12-12-2025 08:00,58.03,58.05,57.98,58.01,141
12-12-2025 08:30,58.01,58.18,57.98,58.07,228
12-12-2025 09:00,58.07,58.07,57.97,58.01,263
12-12-2025 09:30,58.01,58.04,57.96,58.03,90
12-12-2025 10:00,58.03,58.04,58.01,58.02,51
12-12-2025 10:30,58.02,58.14,58.01,58.10,92
12-12-2025 11:00,58.10,58.13,58.06,58.08,144
12-12-2025 11:30,58.09,58.11,58.01,58.03,140
12-12-2025 12:00,58.03,58.04,57.90,57.92,176
12-12-2025 12:30,57.92,58.00,57.84,57.86,196
12-12-2025 13:00,57.86,57.97,57.85,57.95,224
12-12-2025 13:30,57.95,57.96,57.85,57.94,461
12-12-2025 14:00,57.94,58.12,57.88,58.10,485
12-12-2025 14:30,58.10,58.13,57.75,57.76,447
12-12-2025 15:00,57.76,57.79,57.56,57.59,459
12-12-2025 15:30,57.59,57.62,57.39,57.44,455
12-12-2025 16:00,57.44,57.63,57.41,57.57,384
12-12-2025 16:30,57.57,57.58,57.40,57.40,343
12-12-2025 17:00,57.40,57.53,57.35,57.49,282
12-12-2025 17:30,57.49,57.56,57.45,57.50,332
12-12-2025 18:00,57.50,57.67,57.49,57.57,395
12-12-2025 18:30,57.57,57.68,57.54,57.55,543
12-12-2025 19:00,57.55,57.67,57.44,57.61,615
12-12-2025 19:30,57.61,57.63,57.40,57.49,782
12-12-2025 20:00,57.49,57.60,57.31,57.58,934
12-12-2025 20:30,57.58,57.58,57.21,57.24,919
12-12-2025 21:00,57.24,57.44,57.14,57.20,877
12-12-2025 21:30,57.20,57.42,57.16,57.35,1090
12-12-2025 22:00,57.36,57.71,57.34,57.66,966
12-12-2025 22:30,57.66,57.72,57.58,57.60,579
12-12-2025 23:00,57.60,57.68,57.56,57.63,463
12-12-2025 23:30,57.64,57.67,57.55,57.64,449
13-12-2025 00:00,57.63,57.64,57.49,57.50,387
13-12-2025 00:30,57.50,57.61,57.40,57.45,499
13-12-2025 01:00,57.45,57.48,57.40,57.40,260
13-12-2025 01:30,57.40,57.42,57.33,57.37,204
13-12-2025 02:00,57.37,57.50,57.34,57.45,259
13-12-2025 02:30,57.45,57.50,57.44,57.47,105
13-12-2025 03:00,57.47,57.51,57.44,57.51,75
15-12-2025 04:30,57.32,57.43,57.26,57.42,117
15-12-2025 05:00,57.42,57.46,57.39,57.40,92
15-12-2025 05:30,57.40,57.48,57.35,57.47,132
15-12-2025 06:00,57.47,57.51,57.46,57.48,67
15-12-2025 06:30,57.47,57.49,57.42,57.47,187
15-12-2025 07:00,57.47,57.52,57.44,57.47,127
15-12-2025 07:30,57.47,57.60,57.47,57.55,118
15-12-2025 08:00,57.56,57.57,57.50,57.50,126
15-12-2025 08:30,57.50,57.56,57.50,57.54,94
15-12-2025 09:00,57.54,57.56,57.50,57.51,73
15-12-2025 09:30,57.51,57.56,57.51,57.54,62
15-12-2025 10:00,57.54,57.56,57.53,57.54,56
15-12-2025 10:30,57.54,57.54,57.51,57.52,52
15-12-2025 11:00,57.52,57.55,57.48,57.48,98
15-12-2025 11:30,57.48,57.56,57.46,57.54,122
15-12-2025 12:00,57.55,57.59,57.49,57.51,134
15-12-2025 12:30,57.51,57.57,57.48,57.51,173
15-12-2025 13:00,57.51,57.56,57.44,57.45,194
15-12-2025 13:30,57.46,57.51,57.30,57.35,464
15-12-2025 14:00,57.36,57.44,57.28,57.37,307
15-12-2025 14:30,57.37,57.53,57.32,57.34,417
15-12-2025 15:00,57.33,57.41,57.24,57.35,341
15-12-2025 15:30,57.35,57.40,57.13,57.17,369
15-12-2025 16:00,57.17,57.23,57.08,57.12,320
15-12-2025 16:30,57.12,57.24,57.10,57.12,287
15-12-2025 17:00,57.12,57.12,56.88,56.96,401
15-12-2025 17:30,56.96,57.02,56.91,56.95,282
15-12-2025 18:00,56.95,57.02,56.91,57.01,289
15-12-2025 18:30,57.01,57.21,57.01,57.13,523
15-12-2025 19:00,57.13,57.15,56.79,56.89,554
15-12-2025 19:30,56.89,57.00,56.82,56.96,680
15-12-2025 20:00,56.96,57.01,56.67,56.75,999
15-12-2025 20:30,56.76,56.87,56.64,56.69,848
15-12-2025 21:00,56.69,56.76,56.54,56.63,758
15-12-2025 21:30,56.63,56.65,56.44,56.51,935
15-12-2025 22:00,56.52,56.57,56.23,56.42,1123
15-12-2025 22:30,56.42,56.48,56.34,56.44,507
15-12-2025 23:00,56.44,56.56,56.40,56.47,510
15-12-2025 23:30,56.46,56.46,56.28,56.29,471
16-12-2025 00:00,56.29,56.41,56.25,56.36,445
16-12-2025 00:30,56.36,56.72,56.35,56.67,885
16-12-2025 01:00,56.67,56.72,56.52,56.59,310
16-12-2025 01:30,56.59,56.60,56.46,56.49,214
16-12-2025 02:00,56.50,56.54,56.48,56.50,185
16-12-2025 02:30,56.50,56.51,56.41,56.44,149
16-12-2025 03:00,56.44,56.55,56.43,56.53,118
16-12-2025 04:30,56.50,56.51,56.42,56.50,105
16-12-2025 05:00,56.50,56.51,56.47,56.49,45
16-12-2025 05:30,56.49,56.54,56.49,56.52,92
16-12-2025 06:00,56.52,56.52,56.48,56.51,38
16-12-2025 06:30,56.51,56.51,56.37,56.48,327
16-12-2025 07:00,56.48,56.51,56.33,56.33,179
16-12-2025 07:30,56.33,56.43,56.28,56.41,150
16-12-2025 08:00,56.40,56.41,56.29,56.31,120
16-12-2025 08:30,56.32,56.36,56.30,56.35,104
16-12-2025 09:00,56.36,56.36,56.32,56.33,86
16-12-2025 09:30,56.33,56.38,56.31,56.35,68
16-12-2025 10:00,56.35,56.37,56.34,56.34,58
16-12-2025 10:30,56.34,56.37,56.24,56.25,112
16-12-2025 11:00,56.25,56.25,56.17,56.20,162
16-12-2025 11:30,56.20,56.29,56.20,56.28,118
16-12-2025 12:00,56.29,56.41,56.28,56.40,161
16-12-2025 12:30,56.40,56.40,56.28,56.33,264
16-12-2025 13:00,56.33,56.40,56.22,56.23,270
16-12-2025 13:30,56.24,56.30,55.97,56.02,622
16-12-2025 14:00,56.01,56.03,55.81,56.01,618
16-12-2025 14:30,56.01,56.04,55.84,55.84,372
16-12-2025 15:00,55.84,55.85,55.72,55.73,586
16-12-2025 15:30,55.72,55.73,55.57,55.71,481
16-12-2025 16:00,55.72,55.80,55.68,55.72,380
16-12-2025 16:30,55.73,55.84,55.67,55.75,359
16-12-2025 17:00,55.76,55.82,55.67,55.77,281
16-12-2025 17:30,55.77,55.88,55.73,55.81,395
16-12-2025 18:00,55.81,55.82,55.74,55.79,335
16-12-2025 18:30,55.79,55.86,55.66,55.79,574
16-12-2025 19:00,55.79,55.81,55.50,55.60,754
16-12-2025 19:30,55.60,55.60,55.33,55.50,978
16-12-2025 20:00,55.50,55.54,55.18,55.19,1105
16-12-2025 20:30,55.19,55.25,54.94,54.95,1011
16-12-2025 21:00,54.95,55.16,54.88,55.13,1049
16-12-2025 21:30,55.12,55.22,55.03,55.20,898
16-12-2025 22:00,55.20,55.40,55.19,55.38,938
16-12-2025 22:30,55.38,55.50,55.25,55.34,699
16-12-2025 23:00,55.34,55.41,55.22,55.24,559
16-12-2025 23:30,55.24,55.33,55.19,55.31,489
17-12-2025 00:00,55.31,55.47,55.26,55.27,505
17-12-2025 00:30,55.28,55.29,55.11,55.15,694
17-12-2025 01:00,55.14,55.22,55.08,55.11,325
17-12-2025 01:30,55.11,55.16,55.05,55.09,249
17-12-2025 02:00,55.09,55.13,55.04,55.05,204
17-12-2025 02:30,55.05,55.06,54.97,55.01,199
17-12-2025 03:00,55.01,55.07,54.96,55.06,162
17-12-2025 04:30,55.13,55.18,55.13,55.15,105
17-12-2025 05:00,55.15,55.43,55.15,55.43,304
17-12-2025 05:30,55.43,55.99,55.40,55.83,788
17-12-2025 06:00,55.82,55.83,55.57,55.58,308
17-12-2025 06:30,55.58,55.68,55.49,55.53,634
17-12-2025 07:00,55.53,55.70,55.52,55.58,350
17-12-2025 07:30,55.58,55.79,55.58,55.78,253
17-12-2025 08:00,55.78,55.88,55.67,55.72,299
17-12-2025 08:30,55.72,55.80,55.69,55.79,280
17-12-2025 09:00,55.79,55.85,55.73,55.81,237
17-12-2025 09:30,55.81,55.88,55.78,55.88,149
17-12-2025 10:00,55.88,55.90,55.79,55.90,126
17-12-2025 10:30,55.90,55.99,55.89,55.90,182
17-12-2025 11:00,55.90,56.08,55.89,55.96,390
17-12-2025 11:30,55.96,56.06,55.92,55.98,258
17-12-2025 12:00,55.98,55.99,55.81,55.93,207
17-12-2025 12:30,55.93,56.07,55.86,55.98,340
17-12-2025 13:00,55.98,56.01,55.86,55.87,357
17-12-2025 13:30,55.87,55.94,55.77,55.82,526
17-12-2025 14:00,55.82,56.16,55.74,56.15,556
17-12-2025 14:30,56.15,56.52,56.03,56.15,1495
17-12-2025 15:00,56.15,56.45,56.13,56.37,735
17-12-2025 15:30,56.37,56.57,56.36,56.50,559
17-12-2025 16:00,56.51,56.55,56.41,56.43,502
17-12-2025 16:30,56.43,56.47,56.32,56.43,383
17-12-2025 17:00,56.43,56.43,56.24,56.27,272
17-12-2025 17:30,56.27,56.37,56.22,56.25,318
17-12-2025 18:00,56.25,56.26,56.06,56.09,538
17-12-2025 18:30,56.09,56.20,56.04,56.09,563
17-12-2025 19:00,56.09,56.24,56.06,56.20,487
17-12-2025 19:30,56.21,56.21,55.85,55.92,812
17-12-2025 20:00,55.92,55.96,55.59,55.86,1305
17-12-2025 20:30,55.86,56.18,55.77,56.17,913
17-12-2025 21:00,56.17,56.17,55.75,55.89,1179
17-12-2025 21:30,55.89,56.19,55.89,56.03,1007
17-12-2025 22:00,56.04,56.11,55.85,56.06,757
17-12-2025 22:30,56.06,56.10,55.91,56.02,520
17-12-2025 23:00,56.02,56.05,55.88,55.98,476
17-12-2025 23:30,55.98,56.06,55.95,56.04,304
18-12-2025 00:00,56.04,56.08,55.86,55.87,402
18-12-2025 00:30,55.88,55.97,55.77,55.80,657
18-12-2025 01:00,55.80,55.98,55.76,55.97,333
18-12-2025 01:30,55.97,56.33,55.96,56.33,339
18-12-2025 02:00,56.33,56.62,56.32,56.53,527
18-12-2025 02:30,56.53,56.81,56.52,56.71,396
18-12-2025 03:00,56.71,56.75,56.63,56.73,310
18-12-2025 04:30,56.78,56.83,56.73,56.80,101
18-12-2025 05:00,56.80,56.84,56.73,56.73,125
18-12-2025 05:30,56.73,56.79,56.70,56.73,120
18-12-2025 06:00,56.73,56.74,56.66,56.71,83
18-12-2025 06:30,56.71,56.78,56.66,56.78,343
18-12-2025 07:00,56.78,56.80,56.68,56.69,188
18-12-2025 07:30,56.70,56.75,55.91,56.06,987
18-12-2025 08:00,56.06,56.25,56.04,56.22,369
18-12-2025 08:30,56.22,56.28,56.19,56.23,214
18-12-2025 09:00,56.23,56.25,56.17,56.22,151
18-12-2025 09:30,56.22,56.24,56.12,56.22,145
18-12-2025 10:00,56.22,56.25,56.18,56.18,119
18-12-2025 10:30,56.18,56.25,56.14,56.23,102
18-12-2025 11:00,56.24,56.30,56.23,56.30,172
18-12-2025 11:30,56.30,56.38,56.29,56.34,188
18-12-2025 12:00,56.34,56.40,56.31,56.39,169
18-12-2025 12:30,56.39,56.39,56.27,56.32,208
18-12-2025 13:00,56.32,56.44,56.27,56.28,299
18-12-2025 13:30,56.28,56.35,56.21,56.28,595
18-12-2025 14:00,56.29,56.35,56.10,56.12,482
18-12-2025 14:30,56.12,56.22,56.05,56.08,496
18-12-2025 15:00,56.08,56.11,55.88,56.00,412
18-12-2025 15:30,56.00,56.06,55.94,56.05,348
18-12-2025 16:00,56.05,56.08,55.80,55.81,351
18-12-2025 16:30,55.82,56.00,55.82,55.87,327
18-12-2025 17:00,55.87,55.88,55.73,55.77,289
18-12-2025 17:30,55.77,55.94,55.73,55.93,348
18-12-2025 18:00,55.93,56.00,55.88,55.92,318
18-12-2025 18:30,55.92,56.17,55.91,56.13,467
18-12-2025 19:00,56.13,56.23,56.04,56.04,538
18-12-2025 19:30,56.04,56.38,55.91,56.35,790
18-12-2025 20:00,56.35,56.40,56.12,56.38,917
18-12-2025 20:30,56.38,56.43,56.14,56.34,717
18-12-2025 21:00,56.34,56.40,56.20,56.24,630
18-12-2025 21:30,56.23,56.39,56.19,56.33,582
18-12-2025 22:00,56.34,56.51,56.13,56.25,610
18-12-2025 22:30,56.25,56.43,56.20,56.23,611
18-12-2025 23:00,56.23,56.35,56.16,56.19,399
18-12-2025 23:30,56.19,56.27,56.16,56.20,361
19-12-2025 00:00,56.21,56.23,56.05,56.11,403
19-12-2025 00:30,56.12,56.15,55.94,55.95,655
19-12-2025 01:00,55.96,56.00,55.80,55.82,308
19-12-2025 01:30,55.82,55.92,55.82,55.89,243
19-12-2025 02:00,55.89,55.93,55.86,55.88,172
19-12-2025 02:30,55.88,55.95,55.87,55.94,150
19-12-2025 03:00,55.94,55.98,55.86,55.90,131
19-12-2025 04:30,55.88,55.97,55.87,55.92,81
19-12-2025 05:00,55.93,55.93,55.85,55.85,72
19-12-2025 05:30,55.86,55.86,55.80,55.81,87
19-12-2025 06:00,55.82,55.88,55.80,55.88,84
19-12-2025 06:30,55.88,55.94,55.83,55.84,264
19-12-2025 07:00,55.84,55.86,55.74,55.81,230
19-12-2025 07:30,55.81,55.87,55.80,55.86,95
19-12-2025 08:00,55.86,55.89,55.79,55.85,169
19-12-2025 08:30,55.84,55.86,55.78,55.84,152
19-12-2025 09:00,55.83,55.91,55.82,55.85,143
19-12-2025 09:30,55.85,55.99,55.84,55.89,139
19-12-2025 10:00,55.89,55.91,55.87,55.89,76
19-12-2025 10:30,55.89,55.91,55.84,55.84,79
19-12-2025 11:00,55.84,55.89,55.79,55.81,125
19-12-2025 11:30,55.81,55.86,55.78,55.83,152
19-12-2025 12:00,55.83,55.92,55.83,55.89,152
19-12-2025 12:30,55.89,55.90,55.80,55.87,178
19-12-2025 13:00,55.87,55.96,55.65,55.67,319
19-12-2025 13:30,55.67,55.99,55.66,55.93,645
19-12-2025 14:00,55.93,55.94,55.80,55.86,413
19-12-2025 14:30,55.86,55.95,55.68,55.70,462
19-12-2025 15:00,55.70,55.89,55.65,55.83,491
19-12-2025 15:30,55.83,55.85,55.61,55.78,492
19-12-2025 16:00,55.78,56.10,55.74,56.00,540
19-12-2025 16:30,56.00,56.24,56.00,56.19,494
19-12-2025 17:00,56.19,56.24,56.13,56.22,322
19-12-2025 17:30,56.22,56.28,56.10,56.26,308
19-12-2025 18:00,56.27,56.37,56.26,56.30,273
19-12-2025 18:30,56.30,56.49,56.26,56.36,483
19-12-2025 19:00,56.37,56.55,56.37,56.48,352
19-12-2025 19:30,56.48,56.49,56.19,56.32,661
19-12-2025 20:00,56.32,56.54,56.30,56.45,760
19-12-2025 20:30,56.45,56.50,56.23,56.33,589
19-12-2025 21:00,56.33,56.33,56.08,56.17,648
19-12-2025 21:30,56.17,56.42,56.17,56.41,596
19-12-2025 22:00,56.41,56.54,56.37,56.43,529
19-12-2025 22:30,56.43,56.50,56.34,56.48,342
19-12-2025 23:00,56.48,56.50,56.38,56.47,278
19-12-2025 23:30,56.47,56.69,56.43,56.57,449
20-12-2025 00:00,56.57,56.72,56.49,56.65,339
20-12-2025 00:30,56.65,56.65,56.41,56.52,663
20-12-2025 01:00,56.52,56.58,56.49,56.51,235
20-12-2025 01:30,56.51,56.56,56.45,56.55,142
20-12-2025 02:00,56.55,56.66,56.54,56.56,219
20-12-2025 02:30,56.56,56.59,56.52,56.52,102
20-12-2025 03:00,56.52,56.56,56.47,56.54,88
22-12-2025 04:30,56.94,56.97,56.79,56.88,255
22-12-2025 05:00,56.86,56.89,56.78,56.86,160
22-12-2025 05:30,56.85,56.91,56.84,56.87,153
22-12-2025 06:00,56.87,56.90,56.85,56.89,97
22-12-2025 06:30,56.89,56.99,56.88,56.90,267
22-12-2025 07:00,56.90,56.97,56.86,56.90,191
22-12-2025 07:30,56.90,57.02,56.90,56.98,151
22-12-2025 08:00,56.98,57.08,56.96,56.98,267
22-12-2025 08:30,56.99,57.03,56.92,56.92,219
22-12-2025 09:00,56.92,57.00,56.90,56.97,109
22-12-2025 09:30,56.97,57.03,56.93,57.03,94
22-12-2025 10:00,57.03,57.06,57.00,57.01,65
22-12-2025 10:30,57.01,57.03,56.96,57.02,106
22-12-2025 11:00,57.02,57.26,57.00,57.15,347
22-12-2025 11:30,57.15,57.19,57.06,57.09,239
22-12-2025 12:00,57.09,57.23,57.08,57.18,195
22-12-2025 12:30,57.18,57.25,57.12,57.15,246
22-12-2025 13:00,57.15,57.16,57.04,57.08,219
22-12-2025 13:30,57.08,57.12,56.98,56.99,379
22-12-2025 14:00,56.99,57.11,56.95,57.09,430
22-12-2025 14:30,57.09,57.15,56.92,56.92,366
22-12-2025 15:00,56.92,57.08,56.90,57.05,302
22-12-2025 15:30,57.05,57.27,57.01,57.26,344
22-12-2025 16:00,57.26,57.48,57.26,57.42,364
22-12-2025 16:30,57.42,57.63,57.42,57.62,382
22-12-2025 17:00,57.62,57.75,57.57,57.74,335
22-12-2025 17:30,57.74,57.75,57.62,57.70,329
22-12-2025 18:00,57.70,57.74,57.65,57.71,323
22-12-2025 18:30,57.71,57.82,57.68,57.79,415
22-12-2025 19:00,57.79,58.13,57.79,57.98,763
22-12-2025 19:30,57.98,58.05,57.72,57.84,662
22-12-2025 20:00,57.84,57.98,57.66,57.77,835
22-12-2025 20:30,57.77,58.00,57.70,57.94,511
22-12-2025 21:00,57.94,57.95,57.59,57.60,537
22-12-2025 21:30,57.60,57.74,57.56,57.68,526
22-12-2025 22:00,57.69,57.87,57.68,57.79,607
22-12-2025 22:30,57.79,57.89,57.77,57.83,357
22-12-2025 23:00,57.83,57.94,57.77,57.80,272
22-12-2025 23:30,57.80,57.94,57.79,57.89,255
23-12-2025 00:00,57.89,57.97,57.84,57.91,306
23-12-2025 00:30,57.91,58.05,57.85,58.02,437
23-12-2025 01:00,58.02,58.05,57.95,58.03,208
23-12-2025 01:30,58.03,58.06,58.02,58.02,138
23-12-2025 02:00,58.02,58.08,57.97,57.99,172
23-12-2025 02:30,57.99,58.00,57.88,57.94,130
23-12-2025 03:00,57.94,58.01,57.93,57.95,100
23-12-2025 04:30,57.93,57.93,57.78,57.84,127
23-12-2025 05:00,57.84,57.94,57.84,57.86,110
23-12-2025 05:30,57.86,57.91,57.83,57.89,100
23-12-2025 06:00,57.89,57.89,57.83,57.83,58
23-12-2025 06:30,57.84,57.97,57.83,57.85,216
23-12-2025 07:00,57.86,57.91,57.83,57.87,111
23-12-2025 07:30,57.87,57.96,57.85,57.96,151
23-12-2025 08:00,57.96,57.97,57.88,57.93,102
23-12-2025 08:30,57.93,57.98,57.93,57.96,104
23-12-2025 09:00,57.96,57.97,57.90,57.94,85
23-12-2025 09:30,57.94,57.95,57.89,57.90,54
23-12-2025 10:00,57.90,57.91,57.89,57.89,36
23-12-2025 10:30,57.89,57.89,57.79,57.81,100
23-12-2025 11:00,57.81,57.86,57.76,57.79,183
23-12-2025 11:30,57.78,57.83,57.76,57.80,132
23-12-2025 12:00,57.80,57.86,57.75,57.84,117
23-12-2025 12:30,57.84,57.90,57.81,57.90,158
23-12-2025 13:00,57.90,57.92,57.85,57.87,201
23-12-2025 13:30,57.87,58.05,57.87,57.97,453
23-12-2025 14:00,57.97,57.99,57.87,57.94,358
23-12-2025 14:30,57.95,58.04,57.93,58.01,285
23-12-2025 15:00,58.01,58.09,57.98,58.02,267
23-12-2025 15:30,58.02,58.10,57.93,58.10,314
23-12-2025 16:00,58.10,58.15,58.01,58.08,243
23-12-2025 16:30,58.08,58.15,58.02,58.04,210
23-12-2025 17:00,58.04,58.09,57.97,58.08,246
23-12-2025 17:30,58.08,58.13,58.01,58.07,256
23-12-2025 18:00,58.07,58.17,58.07,58.14,259
23-12-2025 18:30,58.14,58.20,58.08,58.09,419
23-12-2025 19:00,58.09,58.23,58.07,58.17,409
23-12-2025 19:30,58.17,58.22,57.87,57.89,595
23-12-2025 20:00,57.89,58.00,57.74,57.79,650
23-12-2025 20:30,57.79,57.95,57.75,57.89,663
23-12-2025 21:00,57.89,57.94,57.77,57.78,456
23-12-2025 21:30,57.78,58.13,57.74,58.08,567
23-12-2025 22:00,58.09,58.19,58.05,58.07,430
23-12-2025 22:30,58.07,58.23,58.05,58.15,358
23-12-2025 23:00,58.15,58.26,58.11,58.23,239
23-12-2025 23:30,58.23,58.36,58.22,58.30,286
24-12-2025 00:00,58.30,58.39,58.29,58.32,263
24-12-2025 00:30,58.32,58.41,58.31,58.39,448
24-12-2025 01:00,58.39,58.48,58.36,58.45,258
24-12-2025 01:30,58.45,58.50,58.43,58.44,142
24-12-2025 02:00,58.44,58.47,58.41,58.45,135
24-12-2025 02:30,58.45,58.48,58.45,58.47,92
24-12-2025 03:00,58.47,58.55,58.46,58.47,136
24-12-2025 04:30,58.41,58.48,58.39,58.44,118
24-12-2025 05:00,58.44,58.55,58.43,58.55,72
24-12-2025 05:30,58.47,58.62,58.47,58.55,150
24-12-2025 06:00,58.55,58.57,58.51,58.51,81
24-12-2025 06:30,58.51,58.51,58.36,58.37,264
24-12-2025 07:00,58.37,58.40,58.28,58.37,248
24-12-2025 07:30,58.37,58.43,58.36,58.40,108
24-12-2025 08:00,58.40,58.44,58.36,58.38,102
24-12-2025 08:30,58.38,58.42,58.35,58.40,159
24-12-2025 09:00,58.40,58.45,58.36,58.44,128
24-12-2025 09:30,58.44,58.51,58.23,58.23,303
24-12-2025 10:00,58.24,58.49,58.24,58.48,301
24-12-2025 10:30,58.48,58.51,58.45,58.49,111
24-12-2025 11:00,58.49,58.53,58.43,58.46,128
24-12-2025 11:30,58.46,58.49,58.42,58.49,120
24-12-2025 12:00,58.49,58.62,58.49,58.57,210
24-12-2025 12:30,58.56,58.59,58.54,58.56,163
24-12-2025 13:00,58.56,58.64,58.56,58.58,189
24-12-2025 13:30,58.58,58.71,58.56,58.69,371
24-12-2025 14:00,58.69,58.75,58.59,58.60,283
24-12-2025 14:30,58.60,58.62,58.37,58.44,395
24-12-2025 15:00,58.44,58.57,58.42,58.49,250
24-12-2025 15:30,58.49,58.56,58.42,58.54,194
24-12-2025 16:00,58.54,58.61,58.50,58.57,201
24-12-2025 16:30,58.57,58.59,58.44,58.52,215
24-12-2025 17:00,58.53,58.71,58.52,58.61,280
24-12-2025 17:30,58.61,58.72,58.50,58.62,410
24-12-2025 18:00,58.62,58.66,58.42,58.47,482
24-12-2025 18:30,58.47,58.55,58.45,58.47,362
24-12-2025 19:00,58.47,58.54,58.39,58.51,297
24-12-2025 19:30,58.51,58.61,58.40,58.58,511
24-12-2025 20:00,58.58,58.69,58.52,58.56,412
24-12-2025 20:30,58.56,58.63,58.37,58.43,454
24-12-2025 21:00,58.42,58.44,58.14,58.21,513
24-12-2025 21:30,58.21,58.38,58.17,58.36,346
24-12-2025 22:00,58.36,58.45,58.24,58.42,397
24-12-2025 22:30,58.42,58.57,58.42,58.46,339
24-12-2025 23:00,58.46,58.49,58.30,58.35,398
24-12-2025 23:30,58.35,58.38,58.27,58.36,515
25-12-2025 00:00,58.36,58.40,58.33,58.38,153
26-12-2025 04:30,58.43,58.49,58.40,58.45,116
26-12-2025 05:00,58.45,58.54,58.45,58.52,167
26-12-2025 05:30,58.52,58.55,58.48,58.49,104
26-12-2025 06:00,58.49,58.50,58.39,58.44,87
26-12-2025 06:30,58.44,58.58,58.42,58.51,461
26-12-2025 07:00,58.51,58.55,58.45,58.45,145
26-12-2025 07:30,58.45,58.51,58.42,58.50,157
26-12-2025 08:00,58.50,58.54,58.45,58.48,175
26-12-2025 08:30,58.48,58.50,58.42,58.48,144
26-12-2025 09:00,58.48,58.48,58.41,58.42,100
26-12-2025 09:30,58.42,58.43,58.32,58.40,100
26-12-2025 10:00,58.41,58.44,58.40,58.41,64
26-12-2025 10:30,58.41,58.42,58.32,58.38,95
26-12-2025 11:00,58.38,58.43,58.30,58.42,253
26-12-2025 11:30,58.42,58.47,58.39,58.45,175
26-12-2025 12:00,58.45,58.54,58.43,58.48,218
26-12-2025 12:30,58.48,58.56,58.48,58.52,125
26-12-2025 13:00,58.53,58.55,58.40,58.40,155
26-12-2025 13:30,58.40,58.53,58.35,58.36,439
26-12-2025 14:00,58.36,58.59,58.32,58.56,398
26-12-2025 14:30,58.55,58.66,58.50,58.59,304
26-12-2025 15:00,58.59,58.61,58.36,58.44,325
26-12-2025 15:30,58.43,58.76,58.42,58.75,227
26-12-2025 16:00,58.75,58.87,58.53,58.55,404
26-12-2025 16:30,58.55,58.65,58.48,58.54,336
26-12-2025 17:00,58.54,58.54,58.23,58.40,465
26-12-2025 17:30,58.40,58.50,58.35,58.40,375
26-12-2025 18:00,58.40,58.49,58.33,58.35,277
26-12-2025 18:30,58.36,58.46,58.25,58.37,580
26-12-2025 19:00,58.37,58.39,58.00,58.03,657
26-12-2025 19:30,58.03,58.03,57.76,57.88,975
26-12-2025 20:00,57.88,58.00,57.74,57.87,708
26-12-2025 20:30,57.87,57.88,57.69,57.72,593
26-12-2025 21:00,57.72,57.72,57.39,57.43,555
26-12-2025 21:30,57.43,57.46,57.29,57.35,610
26-12-2025 22:00,57.35,57.37,57.21,57.26,516
26-12-2025 22:30,57.26,57.34,57.17,57.18,396
26-12-2025 23:00,57.18,57.26,57.14,57.23,355
26-12-2025 23:30,57.23,57.30,57.16,57.18,245
27-12-2025 00:00,57.18,57.25,57.01,57.02,329
27-12-2025 00:30,57.02,57.09,56.67,56.68,624
27-12-2025 01:00,56.67,56.77,56.65,56.73,362
27-12-2025 01:30,56.74,56.82,56.70,56.78,260
27-12-2025 02:00,56.78,56.93,56.77,56.90,217
27-12-2025 02:30,56.90,56.96,56.85,56.95,137
27-12-2025 03:00,56.95,57.00,56.89,56.92,152
29-12-2025 04:30,57.08,57.23,57.07,57.15,214
29-12-2025 05:00,57.15,57.21,57.13,57.20,111
29-12-2025 05:30,57.20,57.23,57.15,57.19,195
29-12-2025 06:00,57.19,57.21,57.14,57.14,101
29-12-2025 06:30,57.14,57.29,57.09,57.16,365
29-12-2025 07:00,57.16,57.21,57.07,57.13,257
29-12-2025 07:30,57.13,57.19,57.08,57.18,162
29-12-2025 08:00,57.18,57.30,57.18,57.27,154
29-12-2025 08:30,57.27,57.31,57.23,57.28,143
29-12-2025 09:00,57.29,57.35,57.28,57.33,96
29-12-2025 09:30,57.33,57.35,57.31,57.34,48
29-12-2025 10:00,57.34,57.34,57.29,57.31,71
29-12-2025 10:30,57.31,57.36,57.28,57.33,123
29-12-2025 11:00,57.33,57.51,57.33,57.39,230
29-12-2025 11:30,57.39,57.43,57.33,57.35,157
29-12-2025 12:00,57.35,57.38,57.30,57.32,168
29-12-2025 12:30,57.33,57.42,57.30,57.35,233
29-12-2025 13:00,57.36,57.41,57.26,57.36,290
29-12-2025 13:30,57.36,57.48,57.30,57.33,526
29-12-2025 14:00,57.32,57.60,57.30,57.59,511
29-12-2025 14:30,57.59,57.81,57.59,57.79,479
29-12-2025 15:00,57.79,58.08,57.74,57.97,525
29-12-2025 15:30,57.98,58.00,57.80,57.82,421
29-12-2025 16:00,57.82,58.00,57.72,57.99,344
29-12-2025 16:30,57.99,58.04,57.90,58.02,348
29-12-2025 17:00,58.02,58.06,57.92,58.01,329
29-12-2025 17:30,58.02,58.03,57.88,57.95,251
29-12-2025 18:00,57.95,58.18,57.95,58.14,380
29-12-2025 18:30,58.13,58.26,58.07,58.14,609
29-12-2025 19:00,58.14,58.18,58.06,58.09,470
29-12-2025 19:30,58.09,58.10,57.86,58.05,786
29-12-2025 20:00,58.05,58.27,57.93,58.11,1027
29-12-2025 20:30,58.11,58.20,58.04,58.10,633
29-12-2025 21:00,58.10,58.24,58.08,58.21,571
29-12-2025 21:30,58.21,58.28,58.04,58.06,829
29-12-2025 22:00,58.06,58.18,58.00,58.02,664
29-12-2025 22:30,58.02,58.19,57.99,58.14,387
29-12-2025 23:00,58.14,58.16,57.98,58.01,326
29-12-2025 23:30,58.01,58.04,57.80,57.92,435
30-12-2025 00:00,57.92,58.06,57.89,57.92,484
30-12-2025 00:30,57.92,58.10,57.90,58.09,545
30-12-2025 01:00,58.09,58.18,58.02,58.04,231
30-12-2025 01:30,58.04,58.04,57.92,57.93,141
30-12-2025 02:00,57.93,57.96,57.82,57.84,122
30-12-2025 02:30,57.84,57.88,57.80,57.81,110
30-12-2025 03:00,57.81,57.83,57.78,57.83,103
30-12-2025 04:30,57.83,57.84,57.73,57.74,109
30-12-2025 05:00,57.74,57.78,57.73,57.78,64
30-12-2025 05:30,57.78,57.80,57.77,57.79,40
30-12-2025 06:00,57.79,57.79,57.72,57.74,47
30-12-2025 06:30,57.74,57.93,57.61,57.88,329
30-12-2025 07:00,57.88,57.92,57.85,57.90,195
30-12-2025 07:30,57.90,57.96,57.88,57.88,157
30-12-2025 08:00,57.87,58.00,57.83,57.95,224
30-12-2025 08:30,57.96,58.11,57.96,58.10,204
30-12-2025 09:00,58.10,58.14,58.01,58.05,119
30-12-2025 09:30,58.05,58.09,58.04,58.05,59
30-12-2025 10:00,58.05,58.09,58.04,58.06,71
30-12-2025 10:30,58.06,58.10,58.00,58.08,82
30-12-2025 11:00,58.08,58.20,58.06,58.12,317
30-12-2025 11:30,58.12,58.17,57.98,57.99,232
30-12-2025 12:00,57.99,58.03,57.95,57.96,218
30-12-2025 12:30,57.96,58.08,57.93,58.02,209
30-12-2025 13:00,58.01,58.10,58.00,58.05,219
30-12-2025 13:30,58.05,58.24,57.98,58.14,483
30-12-2025 14:00,58.14,58.27,58.12,58.21,397
30-12-2025 14:30,58.21,58.33,58.16,58.32,467
30-12-2025 15:00,58.32,58.44,58.30,58.36,397
30-12-2025 15:30,58.36,58.43,58.25,58.26,359
30-12-2025 16:00,58.26,58.33,58.15,58.28,345
30-12-2025 16:30,58.28,58.36,58.26,58.31,241
30-12-2025 17:00,58.31,58.40,58.24,58.38,262
30-12-2025 17:30,58.38,58.47,58.33,58.33,349
30-12-2025 18:00,58.33,58.35,58.25,58.34,317
30-12-2025 18:30,58.34,58.40,58.31,58.33,392
30-12-2025 19:00,58.33,58.43,58.26,58.37,463
30-12-2025 19:30,58.37,58.47,58.34,58.38,567
30-12-2025 20:00,58.39,58.44,58.32,58.38,609
30-12-2025 20:30,58.38,58.44,58.30,58.33,469
30-12-2025 21:00,58.34,58.37,58.25,58.30,468
30-12-2025 21:30,58.30,58.35,58.03,58.04,536
30-12-2025 22:00,58.03,58.16,58.01,58.07,380
30-12-2025 22:30,58.07,58.13,57.97,58.03,320
30-12-2025 23:00,58.03,58.05,57.93,58.01,242
30-12-2025 23:30,58.01,58.06,57.95,58.02,206
31-12-2025 00:00,58.02,58.07,57.99,58.01,245
31-12-2025 00:30,58.01,58.02,57.89,57.94,376
31-12-2025 01:00,57.93,58.04,57.91,57.95,188
31-12-2025 01:30,57.95,57.97,57.89,57.90,134
31-12-2025 02:00,57.89,57.98,57.88,57.93,138
31-12-2025 02:30,57.94,57.94,57.90,57.91,66
31-12-2025 03:00,57.91,57.98,57.88,57.96,101
31-12-2025 04:30,57.88,57.94,57.84,57.94,76
31-12-2025 05:00,57.94,57.96,57.90,57.92,61
31-12-2025 05:30,57.92,57.95,57.91,57.95,28
31-12-2025 06:00,57.95,57.95,57.93,57.93,21
31-12-2025 06:30,57.93,57.94,57.84,57.88,208
31-12-2025 07:00,57.88,57.92,57.81,57.82,155
31-12-2025 07:30,57.82,57.92,57.78,57.88,172
31-12-2025 08:00,57.89,57.90,57.83,57.86,191
31-12-2025 08:30,57.86,57.94,57.81,57.85,193
31-12-2025 09:00,57.85,57.90,57.84,57.89,123
31-12-2025 09:30,57.89,58.23,57.88,58.19,359
31-12-2025 10:00,58.20,58.23,58.03,58.05,285
31-12-2025 10:30,58.05,58.05,57.95,57.95,99
31-12-2025 11:00,57.95,57.96,57.82,57.86,250
31-12-2025 11:30,57.86,57.91,57.84,57.89,181
31-12-2025 12:00,57.88,57.93,57.82,57.85,178
31-12-2025 12:30,57.85,57.96,57.84,57.93,168
31-12-2025 13:00,57.93,57.93,57.79,57.84,135
31-12-2025 13:30,57.84,57.84,57.70,57.75,344
31-12-2025 14:00,57.75,57.76,57.69,57.71,252
31-12-2025 14:30,57.72,57.87,57.72,57.84,342
31-12-2025 15:00,57.83,58.18,57.82,58.06,416
31-12-2025 15:30,58.06,58.16,57.93,58.10,397
31-12-2025 16:00,58.11,58.15,58.03,58.10,295
31-12-2025 16:30,58.10,58.16,58.06,58.13,231
31-12-2025 17:00,58.13,58.34,58.10,58.23,367
31-12-2025 17:30,58.24,58.34,58.17,58.21,464
31-12-2025 18:00,58.21,58.27,58.05,58.13,489
31-12-2025 18:30,58.13,58.38,58.10,58.37,453
31-12-2025 19:00,58.37,58.55,58.37,58.44,512
31-12-2025 19:30,58.44,58.47,58.12,58.34,653
31-12-2025 20:00,58.34,58.39,58.16,58.25,623
31-12-2025 20:30,58.25,58.38,58.08,58.09,507
31-12-2025 21:00,58.09,58.10,57.83,57.83,666
31-12-2025 21:30,57.83,58.07,57.78,57.88,505
31-12-2025 22:00,57.88,57.92,57.74,57.85,403
31-12-2025 22:30,57.85,57.90,57.83,57.86,325
31-12-2025 23:00,57.86,57.86,57.72,57.74,324
31-12-2025 23:30,57.74,57.77,57.49,57.50,359
01-01-2026 00:00,57.50,57.62,57.45,57.56,382
01-01-2026 00:30,57.56,57.61,57.38,57.40,510
01-01-2026 01:00,57.40,57.48,57.20,57.46,406
01-01-2026 01:30,57.46,57.47,57.42,57.46,95
01-01-2026 02:00,57.46,57.48,57.40,57.43,121
01-01-2026 02:30,57.43,57.46,57.40,57.44,62
02-01-2026 04:30,57.54,57.55,57.47,57.54,123
02-01-2026 05:00,57.54,57.55,57.43,57.48,87
02-01-2026 05:30,57.48,57.48,57.41,57.43,68
02-01-2026 06:00,57.43,57.44,57.41,57.41,56
02-01-2026 06:30,57.41,57.53,57.41,57.46,201
02-01-2026 07:00,57.46,57.56,57.46,57.53,97
02-01-2026 07:30,57.53,57.59,57.52,57.58,86
02-01-2026 08:00,57.58,57.63,57.53,57.61,150
02-01-2026 08:30,57.61,57.65,57.60,57.64,102
02-01-2026 09:00,57.64,57.73,57.64,57.72,103
02-01-2026 09:30,57.72,57.77,57.65,57.70,79
02-01-2026 10:00,57.70,57.71,57.64,57.67,74
02-01-2026 10:30,57.67,57.75,57.67,57.73,100
02-01-2026 11:00,57.73,57.74,57.70,57.74,63
02-01-2026 11:30,57.74,57.85,57.73,57.85,157
02-01-2026 12:00,57.85,57.89,57.79,57.85,117
02-01-2026 12:30,57.85,57.90,57.80,57.89,173
02-01-2026 13:00,57.89,57.93,57.70,57.80,269
02-01-2026 13:30,57.80,57.92,57.66,57.70,558
02-01-2026 14:00,57.70,57.74,57.31,57.31,654
02-01-2026 14:30,57.31,57.35,57.03,57.04,564
02-01-2026 15:00,57.04,57.24,57.00,57.21,452
02-01-2026 15:30,57.21,57.56,57.21,57.40,553
02-01-2026 16:00,57.40,57.49,57.28,57.40,337
02-01-2026 16:30,57.40,57.48,57.35,57.35,322
02-01-2026 17:00,57.35,57.35,57.13,57.27,446
02-01-2026 17:30,57.28,57.32,57.07,57.10,397
02-01-2026 18:00,57.10,57.10,56.89,56.92,424
02-01-2026 18:30,56.92,57.04,56.85,56.94,516
02-01-2026 19:00,56.94,57.01,56.85,56.85,458
02-01-2026 19:30,56.85,56.97,56.76,56.83,558
02-01-2026 20:00,56.83,56.93,56.63,56.69,820
02-01-2026 20:30,56.69,56.82,56.60,56.71,758
02-01-2026 21:00,56.71,56.99,56.67,56.77,774
02-01-2026 21:30,56.77,56.93,56.65,56.68,748
02-01-2026 22:00,56.68,56.84,56.63,56.76,704
02-01-2026 22:30,56.76,57.13,56.75,57.12,596
02-01-2026 23:00,57.12,57.18,56.89,56.99,566
02-01-2026 23:30,56.99,57.07,56.93,56.99,383
03-01-2026 00:00,56.99,57.22,56.98,57.17,477
03-01-2026 00:30,57.17,57.44,57.17,57.34,771
03-01-2026 01:00,57.34,57.38,57.21,57.24,315
03-01-2026 01:30,57.24,57.30,57.23,57.28,205
03-01-2026 02:00,57.28,57.31,57.22,57.28,293
03-01-2026 02:30,57.28,57.31,57.27,57.31,111
03-01-2026 03:00,57.31,57.33,57.28,57.31,96
05-01-2026 04:30,57.06,57.18,56.89,57.11,580
05-01-2026 05:00,57.11,57.37,57.00,57.32,361
05-01-2026 05:30,57.32,57.46,57.30,57.40,336
05-01-2026 06:00,57.40,57.44,57.34,57.37,186
05-01-2026 06:30,57.37,57.72,57.36,57.61,887
05-01-2026 07:00,57.60,57.61,57.25,57.27,452
05-01-2026 07:30,57.27,57.34,57.24,57.33,282
05-01-2026 08:00,57.33,57.38,57.24,57.25,293
05-01-2026 08:30,57.26,57.27,57.17,57.23,267
05-01-2026 09:00,57.23,57.25,57.01,57.05,184
05-01-2026 09:30,57.05,57.13,57.04,57.11,130
05-01-2026 10:00,57.11,57.11,56.99,57.01,130
05-01-2026 10:30,57.01,57.09,56.99,57.06,138
05-01-2026 11:00,57.06,57.07,56.83,56.89,408
05-01-2026 11:30,56.89,57.02,56.88,56.94,286
05-01-2026 12:00,56.94,56.98,56.83,56.87,268
05-01-2026 12:30,56.87,56.97,56.76,56.76,345
05-01-2026 13:00,56.76,56.84,56.70,56.76,299
05-01-2026 13:30,56.76,56.91,56.32,56.32,843
05-01-2026 14:00,56.34,56.68,56.31,56.59,791
05-01-2026 14:30,56.59,56.97,56.55,56.88,693
05-01-2026 15:00,56.88,57.44,56.88,57.40,720
05-01-2026 15:30,57.40,57.43,57.20,57.31,652
05-01-2026 16:00,57.31,57.42,57.27,57.37,571
05-01-2026 16:30,57.37,57.53,57.32,57.46,459
05-01-2026 17:00,57.46,57.75,57.41,57.64,543
05-01-2026 17:30,57.64,57.67,57.45,57.62,421
05-01-2026 18:00,57.62,57.84,57.62,57.83,439
05-01-2026 18:30,57.83,57.96,57.74,57.85,759
05-01-2026 19:00,57.85,57.92,57.77,57.89,528
05-01-2026 19:30,57.89,58.08,57.78,57.93,877
05-01-2026 20:00,57.93,58.19,57.93,57.98,1287
05-01-2026 20:30,57.98,58.00,57.52,57.87,1365
05-01-2026 21:00,57.87,58.50,57.86,58.41,1105
05-01-2026 21:30,58.41,58.41,58.15,58.16,816
05-01-2026 22:00,58.16,58.23,57.90,58.11,864
05-01-2026 22:30,58.11,58.30,58.09,58.27,537
05-01-2026 23:00,58.27,58.32,58.20,58.30,538
05-01-2026 23:30,58.30,58.35,58.22,58.32,270
06-01-2026 00:00,58.32,58.41,58.24,58.28,308
06-01-2026 00:30,58.28,58.34,58.17,58.31,472
06-01-2026 01:00,58.32,58.39,58.27,58.29,213
06-01-2026 01:30,58.29,58.40,58.29,58.38,216
06-01-2026 02:00,58.38,58.40,58.30,58.34,171
06-01-2026 02:30,58.34,58.40,58.32,58.34,140
06-01-2026 03:00,58.33,58.38,58.30,58.33,138
06-01-2026 04:30,58.24,58.25,58.05,58.12,170
06-01-2026 05:00,58.12,58.22,58.10,58.21,111
06-01-2026 05:30,58.21,58.24,58.12,58.23,133
06-01-2026 06:00,58.23,58.31,58.18,58.26,160
06-01-2026 06:30,58.27,58.27,58.03,58.06,334
06-01-2026 07:00,58.06,58.10,57.99,58.01,217
06-01-2026 07:30,58.01,58.08,57.90,58.04,192
06-01-2026 08:00,58.04,58.06,57.98,57.99,139
06-01-2026 08:30,57.99,58.08,57.95,58.08,173
06-01-2026 09:00,58.08,58.15,58.06,58.12,89
06-01-2026 09:30,58.12,58.13,58.07,58.10,87
06-01-2026 10:00,58.10,58.16,58.10,58.11,57
06-01-2026 10:30,58.11,58.13,58.07,58.13,72
06-01-2026 11:00,58.13,58.17,58.06,58.06,147
06-01-2026 11:30,58.06,58.15,58.03,58.15,172
06-01-2026 12:00,58.15,58.18,58.11,58.12,238
06-01-2026 12:30,58.12,58.13,58.01,58.04,295
06-01-2026 13:00,58.03,58.03,57.88,57.95,324
06-01-2026 13:30,57.94,57.97,57.84,57.86,557
06-01-2026 14:00,57.86,58.48,57.86,58.47,621
06-01-2026 14:30,58.46,58.67,58.29,58.55,839
06-01-2026 15:00,58.55,58.60,58.29,58.38,600
06-01-2026 15:30,58.39,58.51,58.36,58.37,476
06-01-2026 16:00,58.37,58.59,58.37,58.57,422
06-01-2026 16:30,58.57,58.59,58.42,58.49,485
06-01-2026 17:00,58.49,58.63,58.46,58.59,386
06-01-2026 17:30,58.59,58.63,58.49,58.61,352
06-01-2026 18:00,58.61,58.62,58.37,58.55,477
06-01-2026 18:30,58.55,58.64,58.50,58.57,663
06-01-2026 19:00,58.57,58.85,58.53,58.73,859
06-01-2026 19:30,58.73,58.79,58.58,58.67,963
06-01-2026 20:00,58.67,58.77,58.09,58.12,1191
06-01-2026 20:30,58.12,58.25,57.73,58.12,1925
06-01-2026 21:00,58.13,58.43,58.04,58.14,1064
06-01-2026 21:30,58.14,58.27,57.95,58.08,961
06-01-2026 22:00,58.08,58.16,57.94,57.95,671
06-01-2026 22:30,57.95,57.97,57.65,57.72,591
06-01-2026 23:00,57.72,57.75,57.57,57.62,434
06-01-2026 23:30,57.62,57.68,57.59,57.60,347
07-01-2026 00:00,57.60,57.60,57.35,57.36,411
07-01-2026 00:30,57.36,57.38,57.03,57.12,969
07-01-2026 01:00,57.12,57.16,56.92,56.93,496
07-01-2026 01:30,56.93,56.97,56.83,56.93,304
07-01-2026 02:00,56.93,57.04,56.88,56.90,269
07-01-2026 02:30,56.90,56.99,56.87,56.95,212
07-01-2026 03:00,56.95,57.04,56.90,56.95,249
07-01-2026 04:30,56.97,57.08,56.95,57.03,115
07-01-2026 05:00,57.03,57.04,56.36,56.44,486
07-01-2026 05:30,56.44,56.56,55.75,56.06,1188
07-01-2026 06:00,56.06,56.34,55.89,56.30,621
07-01-2026 06:30,56.30,56.53,56.30,56.38,1357
07-01-2026 07:00,56.38,56.66,56.33,56.37,628
07-01-2026 07:30,56.37,56.42,56.28,56.31,410
07-01-2026 08:00,56.31,56.45,56.25,56.42,373
07-01-2026 08:30,56.43,56.47,56.35,56.44,286
07-01-2026 09:00,56.44,56.46,56.26,56.31,261
07-01-2026 09:30,56.31,56.39,56.22,56.24,250
07-01-2026 10:00,56.24,56.30,56.20,56.25,144
07-01-2026 10:30,56.25,56.25,56.18,56.20,143
07-01-2026 11:00,56.20,56.26,56.12,56.26,260
07-01-2026 11:30,56.26,56.42,56.26,56.31,308
07-01-2026 12:00,56.31,56.33,56.19,56.22,284
07-01-2026 12:30,56.22,56.38,56.12,56.27,421
07-01-2026 13:00,56.27,56.36,56.19,56.33,488
07-01-2026 13:30,56.32,56.53,56.25,56.49,743
07-01-2026 14:00,56.49,56.59,56.44,56.53,695
07-01-2026 14:30,56.53,56.66,56.43,56.60,594
07-01-2026 15:00,56.60,56.62,56.28,56.34,601
07-01-2026 15:30,56.34,56.69,56.28,56.59,580
07-01-2026 16:00,56.59,56.88,56.52,56.86,572
07-01-2026 16:30,56.86,56.99,56.79,56.87,512
07-01-2026 17:00,56.87,56.90,56.73,56.84,402
07-01-2026 17:30,56.84,56.90,56.74,56.86,353
07-01-2026 18:00,56.86,57.08,56.85,57.03,613
07-01-2026 18:30,57.03,57.16,56.62,56.70,1403
07-01-2026 19:00,56.70,57.04,56.65,56.99,1065
07-01-2026 19:30,57.00,57.08,56.59,56.64,1213
07-01-2026 20:00,56.64,56.70,56.35,56.50,1307
07-01-2026 20:30,56.50,56.51,56.29,56.35,971
07-01-2026 21:00,56.35,56.64,56.25,56.44,1424
07-01-2026 21:30,56.44,56.55,56.33,56.47,974
07-01-2026 22:00,56.47,56.49,56.15,56.15,811
07-01-2026 22:30,56.15,56.19,55.96,56.00,694
07-01-2026 23:00,56.00,56.06,55.86,55.86,473
07-01-2026 23:30,55.86,55.98,55.85,55.93,363
08-01-2026 00:00,55.92,56.01,55.88,55.99,424
08-01-2026 00:30,55.99,56.07,55.96,55.99,542
08-01-2026 01:00,55.98,56.31,55.98,56.23,416
08-01-2026 01:30,56.23,56.28,56.13,56.20,281
08-01-2026 02:00,56.20,56.30,56.10,56.29,203
08-01-2026 02:30,56.28,56.35,56.25,56.30,144
08-01-2026 03:00,56.30,56.38,56.28,56.36,155
08-01-2026 04:30,56.35,56.44,56.31,56.34,170
08-01-2026 05:00,56.34,56.35,56.28,56.29,102
08-01-2026 05:30,56.29,56.34,56.27,56.30,94
08-01-2026 06:00,56.30,56.32,56.27,56.29,87
08-01-2026 06:30,56.29,56.41,56.27,56.37,332
08-01-2026 07:00,56.37,56.45,56.33,56.43,283
08-01-2026 07:30,56.43,56.43,56.26,56.33,293
08-01-2026 08:00,56.33,56.33,56.15,56.21,268
08-01-2026 08:30,56.21,56.25,56.14,56.24,224
08-01-2026 09:00,56.24,56.27,56.19,56.25,131
08-01-2026 09:30,56.25,56.31,56.21,56.30,118
08-01-2026 10:00,56.30,56.33,56.26,56.27,78
08-01-2026 10:30,56.27,56.32,56.26,56.27,98
08-01-2026 11:00,56.27,56.28,56.21,56.25,264
08-01-2026 11:30,56.25,56.25,56.09,56.14,290
08-01-2026 12:00,56.14,56.26,56.13,56.26,221
08-01-2026 12:30,56.25,56.28,56.18,56.21,257
08-01-2026 13:00,56.21,56.23,56.12,56.16,292
08-01-2026 13:30,56.16,56.17,56.04,56.10,574
08-01-2026 14:00,56.09,56.19,55.97,56.18,497
08-01-2026 14:30,56.18,56.32,56.05,56.25,417
08-01-2026 15:00,56.25,56.51,56.24,56.42,502
08-01-2026 15:30,56.42,56.58,56.38,56.52,511
08-01-2026 16:00,56.52,56.69,56.50,56.64,428
08-01-2026 16:30,56.64,56.71,56.57,56.70,322
08-01-2026 17:00,56.70,56.91,56.68,56.84,417
08-01-2026 17:30,56.84,56.89,56.78,56.84,449
08-01-2026 18:00,56.85,56.93,56.81,56.88,461
08-01-2026 18:30,56.88,56.95,56.77,56.88,620
08-01-2026 19:00,56.88,57.16,56.88,57.07,802
08-01-2026 19:30,57.07,57.18,56.98,57.05,888
08-01-2026 20:00,57.05,57.22,56.91,56.96,917
08-01-2026 20:30,56.96,57.04,56.78,56.82,733
08-01-2026 21:00,56.82,56.87,56.74,56.86,596
08-01-2026 21:30,56.86,57.06,56.84,56.99,684
08-01-2026 22:00,56.99,57.14,56.96,57.06,582
08-01-2026 22:30,57.06,57.19,57.03,57.17,489
08-01-2026 23:00,57.18,57.35,57.14,57.28,499
08-01-2026 23:30,57.28,57.42,57.24,57.37,486
09-01-2026 00:00,57.38,57.70,57.31,57.69,626
09-01-2026 00:30,57.69,57.82,57.54,57.75,900
09-01-2026 01:00,57.75,58.25,57.72,58.19,670
09-01-2026 01:30,58.19,58.39,58.19,58.37,595
09-01-2026 02:00,58.37,58.67,58.33,58.59,726
09-01-2026 02:30,58.58,58.73,58.51,58.63,393
09-01-2026 03:00,58.63,58.64,58.36,58.38,374
09-01-2026 04:30,58.38,58.44,58.28,58.35,135
09-01-2026 05:00,58.35,58.40,58.26,58.28,132
09-01-2026 05:30,58.28,58.29,58.22,58.23,143
09-01-2026 06:00,58.23,58.28,58.22,58.22,107
09-01-2026 06:30,58.22,58.25,57.98,58.07,812
09-01-2026 07:00,58.07,58.11,58.00,58.09,297
09-01-2026 07:30,58.10,58.18,58.09,58.13,214
09-01-2026 08:00,58.13,58.16,58.09,58.14,258
09-01-2026 08:30,58.14,58.15,58.01,58.03,230
09-01-2026 09:00,58.03,58.10,57.99,58.10,147
09-01-2026 09:30,58.10,58.15,58.04,58.14,122
09-01-2026 10:00,58.14,58.20,58.14,58.18,113
09-01-2026 10:30,58.18,58.18,58.10,58.14,91
09-01-2026 11:00,58.14,58.25,58.12,58.16,262
09-01-2026 11:30,58.17,58.35,58.15,58.33,202
09-01-2026 12:00,58.33,58.37,58.28,58.33,300
09-01-2026 12:30,58.33,58.52,58.32,58.50,281
09-01-2026 13:00,58.50,58.52,58.26,58.32,327
09-01-2026 13:30,58.32,58.34,58.17,58.19,664
09-01-2026 14:00,58.18,58.33,58.16,58.17,585
09-01-2026 14:30,58.16,58.27,57.93,57.95,603
09-01-2026 15:00,57.95,57.96,57.61,57.91,974
09-01-2026 15:30,57.91,58.04,57.86,57.89,459
09-01-2026 16:00,57.89,58.10,57.89,58.08,380
09-01-2026 16:30,58.09,58.26,58.09,58.20,274
09-01-2026 17:00,58.20,58.32,58.19,58.28,246
09-01-2026 17:30,58.28,58.31,58.22,58.27,321
09-01-2026 18:00,58.27,58.30,58.13,58.13,377
09-01-2026 18:30,58.13,58.28,58.06,58.14,600
09-01-2026 19:00,58.15,58.32,58.00,58.26,807
09-01-2026 19:30,58.26,59.05,58.18,58.85,1643
09-01-2026 20:00,58.86,59.33,58.82,59.23,1573
09-01-2026 20:30,59.23,59.26,58.94,59.25,1428
09-01-2026 21:00,59.25,59.51,59.15,59.46,889
09-01-2026 21:30,59.45,59.53,59.30,59.49,929
09-01-2026 22:00,59.49,59.77,59.49,59.75,897
09-01-2026 22:30,59.75,59.75,59.34,59.34,871
09-01-2026 23:00,59.34,59.41,59.26,59.36,601
09-01-2026 23:30,59.36,59.37,59.09,59.25,597
10-01-2026 00:00,59.25,59.44,59.24,59.42,520
10-01-2026 00:30,59.42,59.44,59.05,59.10,741
10-01-2026 01:00,59.10,59.15,58.97,58.98,501
10-01-2026 01:30,58.97,59.02,58.91,58.96,326
10-01-2026 02:00,58.96,59.00,58.75,58.77,368
10-01-2026 02:30,58.77,58.85,58.75,58.85,172
10-01-2026 03:00,58.84,58.95,58.71,58.77,236
12-01-2026 04:30,59.33,59.65,59.26,59.63,432
12-01-2026 05:00,59.62,59.77,59.52,59.59,357
12-01-2026 05:30,59.59,59.59,59.34,59.36,378
12-01-2026 06:00,59.36,59.51,59.35,59.45,261
12-01-2026 06:30,59.45,59.47,58.95,59.09,687
12-01-2026 07:00,59.09,59.17,58.65,58.79,849
12-01-2026 07:30,58.79,59.10,58.79,58.97,365
12-01-2026 08:00,58.97,59.19,58.90,59.15,358
12-01-2026 08:30,59.15,59.23,59.13,59.18,194
12-01-2026 09:00,59.18,59.29,59.16,59.17,240
12-01-2026 09:30,59.17,59.26,59.13,59.16,135
12-01-2026 10:00,59.15,59.21,59.13,59.20,104
12-01-2026 10:30,59.20,59.25,59.17,59.22,104
12-01-2026 11:00,59.21,59.30,59.16,59.28,254
12-01-2026 11:30,59.28,59.31,59.15,59.22,258
12-01-2026 12:00,59.22,59.29,59.19,59.21,216
12-01-2026 12:30,59.22,59.23,59.01,59.09,390
12-01-2026 13:00,59.09,59.09,58.90,58.94,478
12-01-2026 13:30,58.94,59.09,58.89,58.97,753
12-01-2026 14:00,58.97,59.12,58.66,58.94,858
12-01-2026 14:30,58.94,58.97,58.74,58.80,551
12-01-2026 15:00,58.78,58.98,58.72,58.86,514
12-01-2026 15:30,58.86,59.01,58.69,58.82,548
12-01-2026 16:00,58.83,58.87,58.69,58.81,461
12-01-2026 16:30,58.81,58.81,58.45,58.57,611
12-01-2026 17:00,58.57,58.68,58.46,58.59,452
12-01-2026 17:30,58.60,58.77,58.52,58.76,481
12-01-2026 18:00,58.76,59.04,58.75,59.01,567
12-01-2026 18:30,59.01,59.08,58.83,58.93,767
12-01-2026 19:00,58.93,58.94,58.64,58.76,668
12-01-2026 19:30,58.76,59.01,58.69,58.88,1182
12-01-2026 20:00,58.89,58.91,58.48,58.71,1175
12-01-2026 20:30,58.72,59.06,58.72,59.03,848
12-01-2026 21:00,59.03,59.20,58.98,59.09,742
12-01-2026 21:30,59.09,59.42,58.97,59.13,1198
12-01-2026 22:00,59.15,59.32,58.94,59.03,867
12-01-2026 22:30,59.03,59.16,58.95,59.02,654
12-01-2026 23:00,59.02,59.31,58.98,59.26,531
12-01-2026 23:30,59.27,59.28,59.04,59.15,546
13-01-2026 00:00,59.15,59.19,59.00,59.10,469
13-01-2026 00:30,59.10,59.55,59.07,59.54,1047
13-01-2026 01:00,59.54,59.80,59.49,59.59,526
13-01-2026 01:30,59.59,59.60,59.39,59.44,233
13-01-2026 02:00,59.44,59.57,59.34,59.50,319
13-01-2026 02:30,59.50,59.64,59.44,59.61,309
13-01-2026 03:00,59.61,59.91,59.60,59.85,461
13-01-2026 04:30,59.77,59.81,59.67,59.75,186
13-01-2026 05:00,59.75,59.87,59.74,59.79,170
13-01-2026 05:30,59.79,59.82,59.65,59.66,174
13-01-2026 06:00,59.66,59.76,59.66,59.68,98
13-01-2026 06:30,59.68,59.99,59.64,59.81,678
13-01-2026 07:00,59.80,59.82,59.67,59.68,329
13-01-2026 07:30,59.68,59.74,59.50,59.53,311
13-01-2026 08:00,59.54,59.70,59.47,59.68,429
13-01-2026 08:30,59.68,59.74,59.66,59.73,238
13-01-2026 09:00,59.73,59.76,59.64,59.73,168
13-01-2026 09:30,59.73,59.76,59.67,59.72,103
13-01-2026 10:00,59.72,59.79,59.72,59.78,92
13-01-2026 10:30,59.78,59.79,59.66,59.74,108
13-01-2026 11:00,59.74,59.82,59.64,59.77,295
13-01-2026 11:30,59.77,59.88,59.72,59.82,256
13-01-2026 12:00,59.82,60.09,59.81,60.07,303
13-01-2026 12:30,60.07,60.07,59.84,59.98,385
13-01-2026 13:00,59.98,60.00,59.82,59.83,291
13-01-2026 13:30,59.83,59.85,59.76,59.77,592
13-01-2026 14:00,59.77,60.19,59.74,60.11,726
13-01-2026 14:30,60.11,60.47,60.11,60.44,619
13-01-2026 15:00,60.44,60.82,60.42,60.52,1104
13-01-2026 15:30,60.52,60.66,60.40,60.41,645
13-01-2026 16:00,60.41,60.41,60.16,60.35,794
13-01-2026 16:30,60.35,60.53,60.23,60.52,461
13-01-2026 17:00,60.53,60.78,60.52,60.74,493
13-01-2026 17:30,60.74,60.75,60.49,60.57,561
13-01-2026 18:00,60.57,60.76,60.57,60.72,534
13-01-2026 18:30,60.72,60.78,60.50,60.63,984
13-01-2026 19:00,60.63,60.73,60.30,60.41,988
13-01-2026 19:30,60.41,60.53,60.21,60.47,1209
13-01-2026 20:00,60.47,61.42,60.46,61.00,3020
13-01-2026 20:30,60.99,61.25,60.93,61.12,1653
13-01-2026 21:00,61.12,61.41,60.98,61.34,1366
13-01-2026 21:30,61.34,61.49,61.19,61.28,1211
13-01-2026 22:00,61.27,61.48,61.21,61.35,1174
13-01-2026 22:30,61.35,61.35,60.89,61.02,1105
13-01-2026 23:00,61.01,61.04,60.73,60.77,897
13-01-2026 23:30,60.78,61.34,60.76,61.23,1547
14-01-2026 00:00,61.24,61.41,61.14,61.29,791
14-01-2026 00:30,61.29,61.30,60.43,61.16,1886
14-01-2026 01:00,61.16,61.21,60.91,61.03,643
14-01-2026 01:30,61.03,61.14,60.94,61.13,347
14-01-2026 02:00,61.13,61.13,60.93,61.03,308
14-01-2026 02:30,61.03,61.14,60.96,61.06,308
14-01-2026 03:00,61.06,61.19,60.98,61.10,347
14-01-2026 04:30,61.17,61.17,61.07,61.15,99
14-01-2026 05:00,61.15,61.18,61.12,61.15,106
14-01-2026 05:30,61.15,61.15,61.06,61.07,103
14-01-2026 06:00,61.07,61.10,61.05,61.07,105
14-01-2026 06:30,61.08,61.08,60.85,60.94,534
14-01-2026 07:00,60.94,61.03,60.89,61.01,280
14-01-2026 07:30,61.01,61.07,60.99,61.02,239
14-01-2026 08:00,61.02,61.06,60.91,60.92,293
14-01-2026 08:30,60.92,61.00,60.87,60.90,253
14-01-2026 09:00,60.90,60.97,60.79,60.96,252
14-01-2026 09:30,60.96,61.04,60.92,60.96,161
14-01-2026 10:00,60.96,61.03,60.90,60.95,128
14-01-2026 10:30,60.95,60.97,60.87,60.96,126
14-01-2026 11:00,60.96,60.97,60.83,60.87,348
14-01-2026 11:30,60.87,60.99,60.84,60.89,280
14-01-2026 12:00,60.90,60.90,60.64,60.68,328
14-01-2026 12:30,60.69,60.82,60.62,60.74,405
14-01-2026 13:00,60.74,60.80,60.66,60.70,366
14-01-2026 13:30,60.70,60.71,60.53,60.56,701
14-01-2026 14:00,60.57,60.80,60.47,60.64,747
14-01-2026 14:30,60.65,60.67,60.43,60.50,616
14-01-2026 15:00,60.50,61.01,60.38,60.99,995
14-01-2026 15:30,60.98,61.65,60.96,61.51,1289
14-01-2026 16:00,61.52,62.00,61.45,61.99,1168
14-01-2026 16:30,61.99,62.09,61.75,61.79,899
14-01-2026 17:00,61.79,62.03,61.71,61.80,673
14-01-2026 17:30,61.81,61.89,61.45,61.50,865
14-01-2026 18:00,61.51,61.92,61.44,61.89,919
14-01-2026 18:30,61.89,62.09,61.74,61.93,1497
14-01-2026 19:00,61.93,62.00,61.52,61.62,1065
14-01-2026 19:30,61.63,61.84,61.58,61.69,1017
14-01-2026 20:00,61.69,61.82,61.55,61.71,1328
14-01-2026 20:30,61.71,61.84,61.22,61.82,1627
14-01-2026 21:00,61.82,61.83,61.43,61.67,1498
14-01-2026 21:30,61.67,61.78,61.41,61.45,1402
14-01-2026 22:00,61.46,61.81,61.37,61.72,1165
14-01-2026 22:30,61.72,62.05,61.60,61.98,1064
14-01-2026 23:00,61.98,62.00,61.66,61.78,852
14-01-2026 23:30,61.78,61.82,61.61,61.81,731
15-01-2026 00:00,61.81,61.87,61.66,61.82,679
15-01-2026 00:30,61.82,62.04,61.78,62.03,966
15-01-2026 01:00,62.03,62.34,62.00,62.30,568
15-01-2026 01:30,62.30,62.35,59.78,59.92,5834
15-01-2026 02:00,59.92,60.29,59.20,60.26,2741
15-01-2026 02:30,60.25,60.40,60.03,60.38,669
15-01-2026 03:00,60.38,61.81,60.31,61.05,1407
15-01-2026 04:30,60.93,61.10,60.51,60.67,507
15-01-2026 05:00,60.67,60.94,60.60,60.72,274
15-01-2026 05:30,60.71,60.94,60.65,60.90,210
15-01-2026 06:00,60.90,61.04,60.84,60.99,183
15-01-2026 06:30,60.99,60.99,60.19,60.31,1290
15-01-2026 07:00,60.31,60.40,60.06,60.31,642
15-01-2026 07:30,60.30,60.34,60.20,60.22,364
15-01-2026 08:00,60.21,60.21,60.06,60.15,331
15-01-2026 08:30,60.15,60.27,59.89,59.93,390
15-01-2026 09:00,59.93,60.10,59.89,60.07,250
15-01-2026 09:30,60.06,60.08,59.95,60.00,167
15-01-2026 10:00,60.00,60.07,59.96,60.02,142
15-01-2026 10:30,60.03,60.05,59.94,60.03,153
15-01-2026 11:00,60.03,60.04,59.84,59.98,432
15-01-2026 11:30,59.96,60.29,59.91,60.29,342
15-01-2026 12:00,60.29,60.30,60.17,60.18,385
15-01-2026 12:30,60.17,60.18,59.81,60.07,556
15-01-2026 13:00,60.07,60.19,59.84,59.99,498
15-01-2026 13:30,59.99,60.26,59.96,60.02,818
15-01-2026 14:00,60.03,60.18,59.83,60.18,822
15-01-2026 14:30,60.18,60.25,59.91,59.98,743
15-01-2026 15:00,59.98,60.01,59.33,59.37,1059
15-01-2026 15:30,59.36,59.41,59.12,59.29,899
15-01-2026 16:00,59.29,59.71,59.29,59.58,764
15-01-2026 16:30,59.60,59.96,59.59,59.77,605
15-01-2026 17:00,59.78,60.03,59.75,59.99,490
15-01-2026 17:30,60.00,60.03,59.70,59.70,473
15-01-2026 18:00,59.70,59.72,59.34,59.42,760
15-01-2026 18:30,59.40,59.44,59.14,59.38,972
15-01-2026 19:00,59.39,59.42,59.22,59.29,720
15-01-2026 19:30,59.29,59.55,59.25,59.36,990
15-01-2026 20:00,59.36,59.43,58.87,59.30,1374
15-01-2026 20:30,59.29,59.43,59.01,59.02,946
15-01-2026 21:00,59.03,59.37,58.99,59.34,821
15-01-2026 21:30,59.32,59.43,59.05,59.16,820
15-01-2026 22:00,59.18,59.25,58.97,59.00,771
15-01-2026 22:30,59.01,59.07,58.93,59.00,572
15-01-2026 23:00,59.01,59.11,58.97,59.08,432
15-01-2026 23:30,59.08,59.48,59.03,59.38,791
16-01-2026 00:00,59.39,59.42,59.05,59.17,593
16-01-2026 00:30,59.17,59.23,59.10,59.19,484
16-01-2026 01:00,59.19,59.22,59.02,59.03,344
16-01-2026 01:30,59.03,59.10,58.94,58.94,212
16-01-2026 02:00,58.95,58.99,58.91,58.98,192
16-01-2026 02:30,58.98,59.30,58.95,59.23,273
16-01-2026 03:00,59.23,59.31,59.23,59.28,169
16-01-2026 04:30,59.29,59.30,59.09,59.17,142
16-01-2026 05:00,59.17,59.19,59.11,59.18,92
16-01-2026 05:30,59.18,59.30,59.18,59.29,96
16-01-2026 06:00,59.29,59.34,59.20,59.22,89
16-01-2026 06:30,59.24,59.41,59.21,59.31,410
16-01-2026 07:00,59.30,59.33,59.21,59.25,174
16-01-2026 07:30,59.25,59.28,59.17,59.19,163
16-01-2026 08:00,59.20,59.20,59.03,59.13,235
16-01-2026 08:30,59.12,59.19,59.01,59.04,176
16-01-2026 09:00,59.02,59.10,59.01,59.07,105
16-01-2026 09:30,59.06,59.11,59.02,59.09,77
16-01-2026 10:00,59.09,59.11,59.03,59.07,65
16-01-2026 10:30,59.07,59.11,59.02,59.02,56
16-01-2026 11:00,59.02,59.10,58.97,58.98,150
16-01-2026 11:30,58.99,59.02,58.91,58.94,189
16-01-2026 12:00,58.95,59.15,58.94,59.13,187
16-01-2026 12:30,59.12,59.37,59.12,59.30,369
16-01-2026 13:00,59.31,59.46,59.22,59.30,336
16-01-2026 13:30,59.31,59.32,59.10,59.14,475
16-01-2026 14:00,59.16,59.61,59.12,59.54,526
16-01-2026 14:30,59.55,59.85,59.44,59.84,489
16-01-2026 15:00,59.85,59.92,59.64,59.67,470
16-01-2026 15:30,59.67,59.87,59.64,59.76,411
16-01-2026 16:00,59.77,59.99,59.73,59.95,380
16-01-2026 16:30,59.95,60.01,59.80,59.92,294
16-01-2026 17:00,59.93,59.99,59.90,59.96,209
16-01-2026 17:30,59.96,60.18,59.88,60.08,392
16-01-2026 18:00,60.09,60.11,59.82,59.83,353
16-01-2026 18:30,59.79,59.88,59.72,59.80,513
16-01-2026 19:00,59.80,60.06,59.77,60.01,395
16-01-2026 19:30,60.01,60.12,59.90,59.98,693
16-01-2026 20:00,59.99,59.99,59.54,59.57,799
16-01-2026 20:30,59.59,59.81,59.48,59.72,582
16-01-2026 21:00,59.71,59.90,59.62,59.72,520
16-01-2026 21:30,59.72,59.97,59.64,59.89,506
16-01-2026 22:00,59.88,59.94,59.76,59.89,422
16-01-2026 22:30,59.88,60.02,59.82,59.87,452
16-01-2026 23:00,59.87,59.91,59.53,59.81,589
16-01-2026 23:30,59.81,59.97,59.66,59.94,347
17-01-2026 00:00,59.93,59.93,59.65,59.87,395
17-01-2026 00:30,59.85,59.87,59.38,59.43,554
17-01-2026 01:00,59.43,59.50,59.32,59.48,274
17-01-2026 01:30,59.47,59.56,59.43,59.55,133
17-01-2026 02:00,59.56,59.56,59.39,59.40,171
17-01-2026 02:30,59.40,59.46,59.35,59.41,178
17-01-2026 03:00,59.41,59.41,59.30,59.30,115
19-01-2026 04:30,58.96,59.17,58.95,59.09,501
19-01-2026 05:00,59.09,59.14,58.84,58.95,396
19-01-2026 05:30,58.96,59.07,58.92,59.06,244
19-01-2026 06:00,59.05,59.31,59.02,59.23,284
19-01-2026 06:30,59.23,59.25,59.06,59.20,456
19-01-2026 07:00,59.20,59.40,59.18,59.35,347
19-01-2026 07:30,59.35,59.40,59.31,59.36,238
19-01-2026 08:00,59.36,59.42,59.29,59.39,191
19-01-2026 08:30,59.39,59.42,59.36,59.38,164
19-01-2026 09:00,59.38,59.45,59.38,59.44,153
19-01-2026 09:30,59.44,59.55,59.39,59.48,123
19-01-2026 10:00,59.48,59.52,59.29,59.29,167
19-01-2026 10:30,59.29,59.40,59.29,59.33,118
19-01-2026 11:00,59.33,59.36,59.19,59.26,258
19-01-2026 11:30,59.26,59.28,59.00,59.09,366
19-01-2026 12:00,59.08,59.11,58.89,58.94,313
19-01-2026 12:30,58.94,59.10,58.85,59.03,415
19-01-2026 13:00,59.03,59.16,58.84,58.98,493
19-01-2026 13:30,58.98,59.09,58.78,58.85,970
19-01-2026 14:00,58.86,58.98,58.60,58.90,790
19-01-2026 14:30,58.91,58.93,58.65,58.68,531
19-01-2026 15:00,58.67,58.75,58.55,58.60,638
19-01-2026 15:30,58.60,58.93,58.59,58.82,473
19-01-2026 16:00,58.82,59.03,58.82,58.93,468
19-01-2026 16:30,58.93,58.98,58.76,58.96,488
19-01-2026 17:00,58.96,59.05,58.79,58.97,489
19-01-2026 17:30,58.97,58.98,58.82,58.88,322
19-01-2026 18:00,58.88,59.03,58.86,59.00,357
19-01-2026 18:30,59.00,59.07,58.94,59.03,399
19-01-2026 19:00,59.03,59.07,58.91,59.03,386
19-01-2026 19:30,59.03,59.10,58.97,59.04,514
19-01-2026 20:00,59.05,59.31,59.04,59.29,570
19-01-2026 20:30,59.30,59.38,59.15,59.23,488
19-01-2026 21:00,59.24,59.38,59.24,59.31,466
19-01-2026 21:30,59.31,59.46,59.21,59.44,749
19-01-2026 22:00,59.43,59.48,59.32,59.41,492
19-01-2026 22:30,59.41,59.49,59.31,59.32,299
19-01-2026 23:00,59.32,59.32,59.17,59.22,416
19-01-2026 23:30,59.23,59.40,59.21,59.37,263
20-01-2026 00:00,59.37,59.44,59.30,59.35,167
20-01-2026 00:30,59.35,59.43,59.34,59.40,141
20-01-2026 04:30,59.36,59.40,59.29,59.35,92
20-01-2026 05:00,59.34,59.38,59.33,59.37,50
20-01-2026 05:30,59.37,59.54,59.37,59.40,164
20-01-2026 06:00,59.40,59.50,59.40,59.43,98
20-01-2026 06:30,59.43,59.46,59.27,59.38,430
20-01-2026 07:00,59.38,59.40,59.26,59.26,171
20-01-2026 07:30,59.26,59.34,59.22,59.30,243
20-01-2026 08:00,59.30,59.36,59.22,59.32,233
20-01-2026 08:30,59.32,59.35,59.23,59.28,189
20-01-2026 09:00,59.27,59.41,59.27,59.39,109
20-01-2026 09:30,59.39,59.49,59.39,59.39,136
20-01-2026 10:00,59.39,59.43,59.33,59.33,111
20-01-2026 10:30,59.33,59.34,59.24,59.30,144
20-01-2026 11:00,59.30,59.37,59.27,59.31,279
20-01-2026 11:30,59.30,59.43,59.29,59.40,260
20-01-2026 12:00,59.40,59.40,59.17,59.34,328
20-01-2026 12:30,59.35,59.57,59.13,59.20,639
20-01-2026 13:00,59.20,59.20,58.93,58.99,574
20-01-2026 13:30,59.00,59.04,58.71,58.73,950
20-01-2026 14:00,58.73,59.03,58.73,59.02,755
20-01-2026 14:30,59.03,59.53,58.99,59.50,834
20-01-2026 15:00,59.50,59.51,59.19,59.48,788
20-01-2026 15:30,59.48,59.57,59.34,59.49,735
20-01-2026 16:00,59.49,59.68,59.48,59.61,749
20-01-2026 16:30,59.60,59.60,59.38,59.56,509
20-01-2026 17:00,59.56,59.70,59.47,59.68,407
20-01-2026 17:30,59.68,59.96,59.67,59.78,743
20-01-2026 18:00,59.78,59.89,59.74,59.89,567
20-01-2026 18:30,59.89,59.90,59.76,59.80,571
20-01-2026 19:00,59.80,59.83,59.49,59.57,942
20-01-2026 19:30,59.56,60.25,59.50,60.24,1324
20-01-2026 20:00,60.24,60.48,60.11,60.38,1858
20-01-2026 20:30,60.38,60.49,60.27,60.45,1159
20-01-2026 21:00,60.45,60.48,59.97,60.03,1228
20-01-2026 21:30,60.03,60.29,60.00,60.21,1138
20-01-2026 22:00,60.23,60.34,60.19,60.30,710
20-01-2026 22:30,60.30,60.43,60.28,60.33,564
20-01-2026 23:00,60.33,60.39,60.22,60.38,492
20-01-2026 23:30,60.38,60.47,60.16,60.25,463
21-01-2026 00:00,60.25,60.35,60.16,60.24,588
21-01-2026 00:30,60.25,60.39,60.08,60.34,1048
21-01-2026 01:00,60.34,60.34,59.87,59.92,664
21-01-2026 01:30,59.92,59.99,59.70,59.71,636
21-01-2026 02:00,59.71,59.71,59.31,59.46,924
21-01-2026 02:30,59.46,59.58,59.42,59.47,373
21-01-2026 03:00,59.47,59.53,59.35,59.51,320
21-01-2026 04:30,59.59,59.62,59.46,59.58,148
21-01-2026 05:00,59.58,59.82,59.57,59.61,210
21-01-2026 05:30,59.61,59.63,59.44,59.55,149
21-01-2026 06:00,59.55,59.68,59.52,59.65,126
21-01-2026 06:30,59.65,59.73,59.45,59.72,526
21-01-2026 07:00,59.72,59.76,59.64,59.74,222
21-01-2026 07:30,59.74,59.87,59.70,59.74,267
21-01-2026 08:00,59.74,59.76,59.65,59.75,253
21-01-2026 08:30,59.75,59.87,59.75,59.82,243
21-01-2026 09:00,59.82,59.82,59.71,59.71,190
21-01-2026 09:30,59.71,59.79,59.70,59.76,205
21-01-2026 10:00,59.77,59.79,59.67,59.71,128
21-01-2026 10:30,59.71,59.83,59.70,59.79,235
21-01-2026 11:00,59.80,59.89,59.74,59.80,294
21-01-2026 11:30,59.80,59.91,59.73,59.77,239
21-01-2026 12:00,59.77,59.85,59.66,59.84,381
21-01-2026 12:30,59.84,59.84,59.54,59.73,601
21-01-2026 13:00,59.73,59.75,59.45,59.56,702
21-01-2026 13:30,59.56,59.75,59.46,59.61,991
21-01-2026 14:00,59.61,59.69,59.28,59.29,932
21-01-2026 14:30,59.29,59.79,59.21,59.64,1052
21-01-2026 15:00,59.65,59.87,59.53,59.86,907
21-01-2026 15:30,59.86,60.03,59.82,59.97,774
21-01-2026 16:00,59.97,60.03,59.69,59.90,808
21-01-2026 16:30,59.90,60.40,59.88,60.38,927
21-01-2026 17:00,60.38,60.58,60.25,60.36,928
21-01-2026 17:30,60.36,60.58,60.36,60.42,720
21-01-2026 18:00,60.43,60.53,60.33,60.49,547
21-01-2026 18:30,60.49,60.80,60.43,60.76,816
21-01-2026 19:00,60.76,60.87,60.30,60.31,1265
21-01-2026 19:30,60.31,60.49,60.12,60.28,1569
21-01-2026 20:00,60.28,60.47,60.24,60.31,1358
21-01-2026 20:30,60.31,60.35,60.05,60.18,1355
21-01-2026 21:00,60.18,60.53,60.18,60.48,1004
21-01-2026 21:30,60.48,60.62,60.29,60.39,968
21-01-2026 22:00,60.38,60.57,60.27,60.43,937
21-01-2026 22:30,60.43,60.50,60.23,60.37,685
21-01-2026 23:00,60.38,60.43,60.31,60.37,545
21-01-2026 23:30,60.38,60.71,60.36,60.64,853
22-01-2026 00:00,60.64,60.77,60.59,60.66,552
22-01-2026 00:30,60.66,60.66,60.41,60.59,950
22-01-2026 01:00,60.59,60.68,60.49,60.63,630
22-01-2026 01:30,60.63,60.65,60.52,60.58,393
22-01-2026 02:00,60.58,60.70,60.56,60.66,308
22-01-2026 02:30,60.65,60.70,60.60,60.66,214
22-01-2026 03:00,60.65,60.73,60.60,60.66,184
22-01-2026 04:30,60.61,60.61,60.51,60.54,75
22-01-2026 05:00,60.54,60.54,60.41,60.48,110
22-01-2026 05:30,60.49,60.50,60.45,60.48,91
22-01-2026 06:00,60.48,60.53,60.47,60.50,80
22-01-2026 06:30,60.51,60.76,60.46,60.71,407
22-01-2026 07:00,60.71,60.72,60.63,60.69,206
22-01-2026 07:30,60.69,60.75,60.65,60.69,180
22-01-2026 08:00,60.69,60.74,60.57,60.73,270
22-01-2026 08:30,60.73,60.78,60.70,60.74,236
22-01-2026 09:00,60.74,60.79,60.72,60.75,147
22-01-2026 09:30,60.75,60.79,60.73,60.75,112
22-01-2026 10:00,60.75,60.77,60.72,60.75,69
22-01-2026 10:30,60.75,60.75,60.66,60.69,110
22-01-2026 11:00,60.69,60.78,60.69,60.70,260
22-01-2026 11:30,60.70,60.70,60.58,60.60,274
22-01-2026 12:00,60.60,60.65,60.50,60.62,308
22-01-2026 12:30,60.62,60.64,60.42,60.45,443
22-01-2026 13:00,60.45,60.46,60.36,60.42,430
22-01-2026 13:30,60.42,60.51,60.38,60.45,710
22-01-2026 14:00,60.44,60.57,60.29,60.36,671
22-01-2026 14:30,60.36,60.38,60.15,60.17,618
22-01-2026 15:00,60.17,60.19,59.99,60.05,709
22-01-2026 15:30,60.05,60.13,59.75,59.90,751
22-01-2026 16:00,59.89,60.04,59.77,59.83,662
22-01-2026 16:30,59.83,59.90,59.53,59.68,684
22-01-2026 17:00,59.68,59.79,59.47,59.73,791
22-01-2026 17:30,59.72,59.77,59.58,59.69,648
22-01-2026 18:00,59.69,59.72,59.43,59.43,617
22-01-2026 18:30,59.43,59.66,59.30,59.64,980
22-01-2026 19:00,59.65,59.76,59.58,59.68,749
22-01-2026 19:30,59.68,59.98,59.63,59.92,1036
22-01-2026 20:00,59.92,59.97,59.41,59.75,2160
22-01-2026 20:30,59.75,59.83,59.42,59.51,1157
22-01-2026 21:00,59.51,59.77,59.50,59.71,875
22-01-2026 21:30,59.71,59.91,59.58,59.67,958
22-01-2026 22:00,59.67,59.70,59.35,59.46,946
22-01-2026 22:30,59.46,59.47,59.29,59.31,1032
22-01-2026 23:00,59.31,59.34,58.95,59.13,1067
22-01-2026 23:30,59.13,59.23,59.04,59.20,744
23-01-2026 00:00,59.21,59.29,59.19,59.25,451
23-01-2026 00:30,59.25,59.38,59.16,59.35,692
23-01-2026 01:00,59.35,59.37,59.27,59.32,335
23-01-2026 01:30,59.32,59.38,59.29,59.33,278
23-01-2026 02:00,59.33,59.40,59.31,59.39,221
23-01-2026 02:30,59.39,59.45,59.38,59.43,165
23-01-2026 03:00,59.43,59.65,59.43,59.64,219
23-01-2026 04:30,59.65,59.71,59.53,59.57,172
23-01-2026 05:00,59.57,59.59,59.51,59.58,94
23-01-2026 05:30,59.59,59.62,59.56,59.61,115
23-01-2026 06:00,59.61,59.69,59.59,59.66,102
23-01-2026 06:30,59.66,59.80,59.57,59.70,508
23-01-2026 07:00,59.70,59.79,59.68,59.75,229
23-01-2026 07:30,59.75,59.79,59.68,59.71,212
23-01-2026 08:00,59.71,59.87,59.65,59.84,291
23-01-2026 08:30,59.84,59.89,59.78,59.88,239
23-01-2026 09:00,59.88,59.92,59.82,59.82,232
23-01-2026 09:30,59.82,59.89,59.79,59.86,138
23-01-2026 10:00,59.87,59.90,59.85,59.87,93
23-01-2026 10:30,59.87,59.88,59.73,59.74,123
23-01-2026 11:00,59.74,59.91,59.72,59.80,244
23-01-2026 11:30,59.80,59.92,59.74,59.87,332
23-01-2026 12:00,59.86,59.97,59.84,59.94,263
23-01-2026 12:30,59.93,59.94,59.68,59.73,389
23-01-2026 13:00,59.73,59.73,59.58,59.65,338
23-01-2026 13:30,59.65,59.88,59.63,59.82,686
23-01-2026 14:00,59.83,60.08,59.80,59.88,751
23-01-2026 14:30,59.89,60.06,59.86,60.02,678
23-01-2026 15:00,60.02,60.06,59.85,59.98,526
23-01-2026 15:30,59.98,60.21,59.96,60.19,620
23-01-2026 16:00,60.19,60.32,60.15,60.23,502
23-01-2026 16:30,60.23,60.42,60.17,60.40,479
23-01-2026 17:00,60.40,60.41,60.29,60.34,408
23-01-2026 17:30,60.35,60.50,60.32,60.49,422
23-01-2026 18:00,60.49,60.53,60.39,60.43,328
23-01-2026 18:30,60.43,60.54,60.34,60.51,635
23-01-2026 19:00,60.52,61.05,60.43,61.00,1183
23-01-2026 19:30,61.00,61.18,60.84,61.00,1687
23-01-2026 20:00,60.99,61.25,60.96,61.14,1208
23-01-2026 20:30,61.14,61.17,60.93,61.12,906
23-01-2026 21:00,61.12,61.14,60.75,60.77,915
23-01-2026 21:30,60.77,60.98,60.69,60.94,928
23-01-2026 22:00,60.94,61.18,60.93,61.10,676
23-01-2026 22:30,61.10,61.11,60.81,60.85,692
23-01-2026 23:00,60.85,61.22,60.85,61.15,678
23-01-2026 23:30,61.15,61.23,61.00,61.05,576
24-01-2026 00:00,61.05,61.10,60.94,61.07,526
24-01-2026 00:30,61.07,61.15,60.97,61.04,906
24-01-2026 01:00,61.04,61.25,61.00,61.07,487
24-01-2026 01:30,61.07,61.15,61.04,61.13,241
24-01-2026 02:00,61.13,61.21,61.08,61.15,324
24-01-2026 02:30,61.15,61.31,61.15,61.25,268
24-01-2026 03:00,61.25,61.34,61.21,61.30,167
26-01-2026 04:30,60.71,61.01,60.69,60.85,629
26-01-2026 05:00,60.86,61.05,60.79,61.02,320
26-01-2026 05:30,61.01,61.10,60.86,61.08,379
26-01-2026 06:00,61.08,61.13,61.02,61.07,221
26-01-2026 06:30,61.08,61.28,60.98,61.19,694
26-01-2026 07:00,61.19,61.24,61.05,61.10,414
26-01-2026 07:30,61.10,61.10,60.98,61.05,276
26-01-2026 08:00,61.06,61.13,60.96,60.96,339
26-01-2026 08:30,60.96,61.07,60.92,61.05,223
26-01-2026 09:00,61.05,61.09,61.02,61.08,103
26-01-2026 09:30,61.08,61.18,61.06,61.16,105
26-01-2026 10:00,61.16,61.19,61.14,61.18,86
26-01-2026 10:30,61.18,61.18,61.07,61.10,121
26-01-2026 11:00,61.10,61.27,61.01,61.21,370
26-01-2026 11:30,61.21,61.69,61.15,61.65,893
26-01-2026 12:00,61.65,61.65,61.31,61.53,734
26-01-2026 12:30,61.53,61.53,61.21,61.28,681
26-01-2026 13:00,61.28,61.36,60.92,60.93,668
26-01-2026 13:30,60.93,61.01,60.82,60.96,1094
26-01-2026 14:00,60.95,61.22,60.77,61.21,921
26-01-2026 14:30,61.21,61.32,60.89,60.96,853
26-01-2026 15:00,60.96,61.15,60.80,61.09,754
26-01-2026 15:30,61.08,61.19,60.94,61.18,615
26-01-2026 16:00,61.18,61.23,61.12,61.22,466
26-01-2026 16:30,61.22,61.26,61.05,61.23,469
26-01-2026 17:00,61.23,61.39,61.12,61.14,463
26-01-2026 17:30,61.14,61.18,60.98,61.03,475
26-01-2026 18:00,61.04,61.04,60.85,60.88,614
26-01-2026 18:30,60.88,60.99,60.66,60.76,935
26-01-2026 19:00,60.76,60.86,60.55,60.77,906
26-01-2026 19:30,60.77,60.92,60.52,60.63,971
26-01-2026 20:00,60.64,60.87,60.49,60.52,1630
26-01-2026 20:30,60.51,60.98,60.51,60.72,1032
26-01-2026 21:00,60.72,60.72,60.41,60.59,888
26-01-2026 21:30,60.59,60.64,60.43,60.52,882
26-01-2026 22:00,60.52,60.89,60.52,60.82,744
26-01-2026 22:30,60.82,60.85,60.71,60.78,612
26-01-2026 23:00,60.78,61.00,60.77,60.94,576
26-01-2026 23:30,60.94,60.95,60.58,60.59,623
27-01-2026 00:00,60.59,60.80,60.52,60.60,684
27-01-2026 00:30,60.60,60.69,60.55,60.61,787
27-01-2026 01:00,60.62,60.67,60.47,60.60,394
27-01-2026 01:30,60.60,60.74,60.32,60.72,626
27-01-2026 02:00,60.73,60.82,60.68,60.76,406
27-01-2026 02:30,60.76,60.84,60.69,60.69,231
27-01-2026 03:00,60.69,60.88,60.63,60.82,294
27-01-2026 04:30,60.77,60.84,60.77,60.81,87
27-01-2026 05:00,60.82,60.84,60.79,60.80,59
27-01-2026 05:30,60.81,60.83,60.75,60.79,89
27-01-2026 06:00,60.79,60.82,60.77,60.79,56
27-01-2026 06:30,60.79,60.84,60.36,60.36,642
27-01-2026 07:00,60.36,60.48,60.19,60.24,445
27-01-2026 07:30,60.23,60.37,60.21,60.33,337
27-01-2026 08:00,60.33,60.35,60.27,60.30,236
27-01-2026 08:30,60.30,60.30,60.20,60.25,256
27-01-2026 09:00,60.25,60.29,60.21,60.24,196
27-01-2026 09:30,60.24,60.29,60.20,60.23,121
27-01-2026 10:00,60.23,60.30,60.20,60.21,104
27-01-2026 10:30,60.21,60.28,60.16,60.27,157
27-01-2026 11:00,60.27,60.43,60.26,60.40,216
27-01-2026 11:30,60.40,60.52,60.37,60.49,251
27-01-2026 12:00,60.49,60.53,60.33,60.50,317
27-01-2026 12:30,60.51,60.53,60.33,60.34,401
27-01-2026 13:00,60.35,60.44,60.28,60.37,411
27-01-2026 13:30,60.37,60.48,60.17,60.17,759
27-01-2026 14:00,60.18,60.41,60.13,60.41,647
27-01-2026 14:30,60.41,60.64,60.28,60.59,602
27-01-2026 15:00,60.60,60.68,60.49,60.63,592
27-01-2026 15:30,60.63,60.97,60.61,60.82,685
27-01-2026 16:00,60.82,61.01,60.80,60.92,490
27-01-2026 16:30,60.92,60.96,60.76,60.76,438
27-01-2026 17:00,60.76,60.78,60.56,60.60,629
27-01-2026 17:30,60.60,60.67,60.48,60.55,496
27-01-2026 18:00,60.55,60.71,60.43,60.63,487
27-01-2026 18:30,60.63,61.13,60.60,61.12,880
27-01-2026 19:00,61.12,61.82,61.09,61.77,1933
27-01-2026 19:30,61.77,61.79,61.10,61.16,1728
27-01-2026 20:00,61.16,61.32,60.92,61.26,1654
27-01-2026 20:30,61.26,61.41,61.09,61.22,1070
27-01-2026 21:00,61.22,61.69,61.20,61.68,948
27-01-2026 21:30,61.68,61.95,61.61,61.85,1070
27-01-2026 22:00,61.85,61.96,61.82,61.88,848
27-01-2026 22:30,61.88,62.08,61.85,62.06,969
27-01-2026 23:00,62.06,62.17,61.97,62.06,830
27-01-2026 23:30,62.06,62.21,61.99,62.11,577
28-01-2026 00:00,62.11,62.12,61.91,61.93,675
28-01-2026 00:30,61.94,62.43,61.93,62.37,952
28-01-2026 01:00,62.37,62.56,62.11,62.18,935
28-01-2026 01:30,62.18,62.34,62.17,62.32,408
28-01-2026 02:00,62.32,62.60,62.20,62.55,625
28-01-2026 02:30,62.55,62.55,62.36,62.43,334
28-01-2026 03:00,62.43,62.57,62.40,62.54,308
28-01-2026 04:30,62.59,62.65,62.52,62.54,151
28-01-2026 05:00,62.54,62.57,62.44,62.53,123
28-01-2026 05:30,62.53,62.63,62.46,62.53,165
28-01-2026 06:00,62.53,62.55,62.45,62.51,97
28-01-2026 06:30,62.51,62.62,62.33,62.48,659
28-01-2026 07:00,62.48,62.59,62.42,62.43,334
28-01-2026 07:30,62.43,62.62,62.39,62.59,283
28-01-2026 08:00,62.59,62.71,62.53,62.63,375
28-01-2026 08:30,62.63,62.85,62.62,62.80,588
28-01-2026 09:00,62.80,62.81,62.64,62.69,169
28-01-2026 09:30,62.69,62.78,62.66,62.78,218
28-01-2026 10:00,62.78,62.82,62.67,62.80,133
28-01-2026 10:30,62.80,62.81,62.76,62.77,92
28-01-2026 11:00,62.77,62.86,62.75,62.85,306
28-01-2026 11:30,62.86,62.98,62.75,62.76,407
28-01-2026 12:00,62.76,62.87,62.71,62.75,334
28-01-2026 12:30,62.75,62.77,62.49,62.51,515
28-01-2026 13:00,62.51,62.56,62.39,62.48,482
28-01-2026 13:30,62.48,62.54,62.39,62.48,843
28-01-2026 14:00,62.47,62.78,62.42,62.70,740
28-01-2026 14:30,62.69,62.70,62.24,62.25,786
28-01-2026 15:00,62.25,62.31,62.06,62.15,815
28-01-2026 15:30,62.15,62.26,62.10,62.16,490
28-01-2026 16:00,62.16,62.24,62.08,62.12,435
28-01-2026 16:30,62.12,62.43,62.10,62.41,488
28-01-2026 17:00,62.41,62.59,62.30,62.56,437
28-01-2026 17:30,62.56,63.12,62.38,62.69,1698
28-01-2026 18:00,62.70,62.92,62.61,62.80,895
28-01-2026 18:30,62.80,63.11,62.74,63.09,1171
28-01-2026 19:00,63.10,63.35,62.98,63.33,1103
28-01-2026 19:30,63.33,63.50,62.86,63.03,2177
28-01-2026 20:00,63.03,63.22,62.95,63.17,1317
28-01-2026 20:30,63.17,63.25,62.63,62.95,1436
28-01-2026 21:00,62.95,63.10,62.83,62.95,1171
28-01-2026 21:30,62.95,63.08,62.87,62.90,1082
28-01-2026 22:00,62.90,62.96,62.67,62.72,1074
28-01-2026 22:30,62.72,62.79,62.53,62.68,848
28-01-2026 23:00,62.69,62.92,62.67,62.72,647
28-01-2026 23:30,62.72,62.85,62.69,62.78,529
29-01-2026 00:00,62.78,63.16,62.76,63.08,526
29-01-2026 00:30,63.08,63.27,63.02,63.14,745
29-01-2026 01:00,63.14,63.24,63.07,63.21,539
29-01-2026 01:30,63.21,63.43,63.20,63.37,440
29-01-2026 02:00,63.37,63.46,63.36,63.36,322
29-01-2026 02:30,63.36,63.54,63.31,63.50,331
29-01-2026 03:00,63.50,63.53,63.44,63.48,213
29-01-2026 04:30,63.40,63.64,63.36,63.62,207
29-01-2026 05:00,63.62,63.81,63.27,63.37,579
29-01-2026 05:30,63.37,63.63,63.30,63.53,410
29-01-2026 06:00,63.53,63.64,63.49,63.52,131
29-01-2026 06:30,63.52,63.72,63.41,63.65,825
29-01-2026 07:00,63.65,63.81,63.64,63.79,455
29-01-2026 07:30,63.79,63.82,63.62,63.81,316
29-01-2026 08:00,63.82,64.05,63.79,64.00,408
29-01-2026 08:30,64.00,64.07,63.97,64.02,691
29-01-2026 09:00,64.02,64.08,63.91,64.06,322
29-01-2026 09:30,64.06,64.28,64.03,64.26,251
29-01-2026 10:00,64.26,64.35,64.16,64.30,300
29-01-2026 10:30,64.30,64.30,64.10,64.16,236
29-01-2026 11:00,64.16,64.20,64.01,64.11,546
29-01-2026 11:30,64.11,64.15,64.01,64.12,312
29-01-2026 12:00,64.12,64.46,64.09,64.17,842
29-01-2026 12:30,64.17,64.39,64.11,64.11,596
29-01-2026 13:00,64.11,64.25,64.01,64.06,611
29-01-2026 13:30,64.06,64.26,64.03,64.18,885
29-01-2026 14:00,64.19,64.65,64.15,64.61,921
29-01-2026 14:30,64.61,64.78,64.34,64.77,852
29-01-2026 15:00,64.77,65.06,64.74,64.83,974
29-01-2026 15:30,64.83,64.86,64.39,64.43,966
29-01-2026 16:00,64.43,64.83,64.31,64.71,771
29-01-2026 16:30,64.71,64.71,64.35,64.55,648
29-01-2026 17:00,64.55,64.90,64.55,64.71,637
29-01-2026 17:30,64.71,64.87,64.58,64.73,717
29-01-2026 18:00,64.73,64.85,64.65,64.67,685
29-01-2026 18:30,64.67,65.39,64.60,65.18,1489
29-01-2026 19:00,65.18,65.60,65.01,65.44,1483
29-01-2026 19:30,65.44,66.37,65.39,66.26,2515
29-01-2026 20:00,66.26,66.46,65.96,66.11,2460
29-01-2026 20:30,66.11,66.17,64.85,65.10,4144
29-01-2026 21:00,65.10,65.47,64.63,65.42,3450
29-01-2026 21:30,65.42,65.74,65.13,65.57,2607
29-01-2026 22:00,65.56,65.69,64.87,65.23,2113
29-01-2026 22:30,65.24,65.62,65.05,65.55,1783
29-01-2026 23:00,65.55,65.66,65.31,65.48,1521
29-01-2026 23:30,65.48,65.57,65.08,65.15,1164
30-01-2026 00:00,65.15,65.41,64.89,65.09,1213
30-01-2026 00:30,65.11,65.57,65.06,65.37,1349
30-01-2026 01:00,65.37,65.48,65.14,65.36,710
30-01-2026 01:30,65.36,65.91,65.33,65.80,695
30-01-2026 02:00,65.80,65.80,65.41,65.46,737
30-01-2026 02:30,65.45,65.46,65.20,65.25,457
30-01-2026 03:00,65.25,65.49,65.22,65.49,411
30-01-2026 04:30,65.45,65.86,65.37,65.62,400
30-01-2026 05:00,65.62,65.71,65.50,65.57,261
30-01-2026 05:30,65.57,65.65,65.12,65.34,372
30-01-2026 06:00,65.34,65.47,64.12,65.33,1139
30-01-2026 06:30,65.33,65.56,64.93,64.97,1788
30-01-2026 07:00,64.97,65.17,64.67,64.76,1450
30-01-2026 07:30,64.76,64.81,64.10,64.17,1588
30-01-2026 08:00,64.16,64.49,63.63,64.44,2352
30-01-2026 08:30,64.44,64.47,64.10,64.34,1100
30-01-2026 09:00,64.34,64.37,64.13,64.22,410
30-01-2026 09:30,64.22,64.40,64.22,64.35,342
30-01-2026 10:00,64.35,64.42,64.30,64.31,263
30-01-2026 10:30,64.31,64.43,64.23,64.27,295
30-01-2026 11:00,64.27,64.72,64.27,64.46,1222
30-01-2026 11:30,64.46,64.47,64.24,64.27,816
30-01-2026 12:00,64.27,64.36,63.96,64.01,785
30-01-2026 12:30,64.02,64.33,64.00,64.31,749
30-01-2026 13:00,64.30,64.37,64.14,64.14,711
30-01-2026 13:30,64.14,64.46,64.07,64.24,1188
30-01-2026 14:00,64.24,64.67,64.14,64.48,1269
30-01-2026 14:30,64.48,65.06,64.46,64.93,1172
30-01-2026 15:00,64.93,65.08,64.52,64.66,1286
30-01-2026 15:30,64.66,64.67,64.20,64.55,1319
30-01-2026 16:00,64.55,64.87,64.48,64.62,924
30-01-2026 16:30,64.62,65.00,64.61,65.00,965
30-01-2026 17:00,65.00,65.05,64.29,65.00,2220
30-01-2026 17:30,65.00,65.15,64.85,65.02,941
30-01-2026 18:00,65.02,65.35,64.94,65.22,997
30-01-2026 18:30,65.22,65.36,64.96,65.21,1536
30-01-2026 19:00,65.21,65.43,64.90,65.28,1702
30-01-2026 19:30,65.29,65.78,65.27,65.68,1758
30-01-2026 20:00,65.68,65.90,65.46,65.67,2006
30-01-2026 20:30,65.67,65.78,65.28,65.31,1646
30-01-2026 21:00,65.32,65.70,65.29,65.60,1418
30-01-2026 21:30,65.60,66.00,65.45,65.97,1490
30-01-2026 22:00,65.97,66.09,65.53,65.68,1445
30-01-2026 22:30,65.68,65.82,64.54,64.62,3095
30-01-2026 23:00,64.62,64.91,64.33,64.51,2508
30-01-2026 23:30,64.51,64.62,64.21,64.38,1891
31-01-2026 00:00,64.38,64.77,64.17,64.68,1500
31-01-2026 00:30,64.69,65.23,64.65,65.18,1572
31-01-2026 01:00,65.18,65.67,65.18,65.55,1017
31-01-2026 01:30,65.55,65.82,65.54,65.78,909
31-01-2026 02:00,65.78,65.91,65.70,65.76,776
31-01-2026 02:30,65.76,65.85,65.72,65.78,502
31-01-2026 03:00,65.78,65.78,65.67,65.71,351
02-02-2026 04:30,63.70,63.75,62.98,63.28,1832
02-02-2026 05:00,63.28,63.41,63.22,63.26,775
02-02-2026 05:30,63.26,63.76,63.24,63.60,644
02-02-2026 06:00,63.60,63.77,63.56,63.69,377
02-02-2026 06:30,63.69,63.71,62.91,63.03,2899
02-02-2026 07:00,63.03,63.13,62.59,63.02,1640
02-02-2026 07:30,63.02,63.10,62.81,62.83,847
02-02-2026 08:00,62.82,62.94,62.31,62.42,1550
02-02-2026 08:30,62.42,62.62,62.29,62.38,1553
02-02-2026 09:00,62.38,62.52,62.27,62.28,635
02-02-2026 09:30,62.28,62.32,62.09,62.16,562
02-02-2026 10:00,62.15,62.29,62.11,62.17,336
02-02-2026 10:30,62.17,62.18,61.82,61.89,574
02-02-2026 11:00,61.89,61.91,61.42,61.59,1538
02-02-2026 11:30,61.59,61.78,61.45,61.68,989
02-02-2026 12:00,61.68,61.85,61.55,61.65,921
02-02-2026 12:30,61.66,62.24,61.64,62.00,1170
02-02-2026 13:00,62.00,62.02,61.69,61.90,1111
02-02-2026 13:30,61.90,62.19,61.68,62.16,1739
02-02-2026 14:00,62.16,62.35,61.64,61.64,1631
02-02-2026 14:30,61.64,61.82,61.40,61.76,1649
02-02-2026 15:00,61.76,62.12,61.70,62.09,1376
02-02-2026 15:30,62.09,62.26,61.94,62.03,1354
02-02-2026 16:00,62.04,62.15,61.74,61.89,894
02-02-2026 16:30,61.89,61.97,61.70,61.84,706
02-02-2026 17:00,61.84,62.00,61.60,61.85,780
02-02-2026 17:30,61.85,62.23,61.84,62.14,906
02-02-2026 18:00,62.14,62.28,61.97,62.11,953
02-02-2026 18:30,62.11,62.11,61.56,61.78,2127
02-02-2026 19:00,61.78,62.10,61.71,62.09,1543
02-02-2026 19:30,62.09,62.54,62.03,62.40,2027
02-02-2026 20:00,62.39,62.41,61.97,62.05,2418
02-02-2026 20:30,62.05,62.55,61.93,62.00,2865
02-02-2026 21:00,62.00,62.36,61.78,61.93,2202
02-02-2026 21:30,61.93,62.15,61.74,62.04,2306
02-02-2026 22:00,62.04,62.19,61.74,61.95,1764
02-02-2026 22:30,61.95,61.96,61.65,61.77,1212
02-02-2026 23:00,61.77,61.94,61.70,61.75,826
02-02-2026 23:30,61.75,62.07,61.72,61.87,731
03-02-2026 00:00,61.87,61.93,61.53,61.71,863
03-02-2026 00:30,61.71,62.20,61.56,62.17,1040
03-02-2026 01:00,62.17,62.18,61.90,62.04,514
03-02-2026 01:30,62.04,62.19,62.02,62.15,421
03-02-2026 02:00,62.15,62.27,62.14,62.24,281
03-02-2026 02:30,62.24,62.29,62.16,62.23,207
03-02-2026 03:00,62.23,62.34,62.16,62.32,207
03-02-2026 04:30,62.21,62.25,61.99,62.00,187
03-02-2026 05:00,62.00,62.06,61.78,61.92,209
03-02-2026 05:30,61.92,62.02,61.87,61.95,115
03-02-2026 06:00,61.95,62.01,61.92,61.97,99
03-02-2026 06:30,61.97,62.44,61.97,62.39,952
03-02-2026 07:00,62.39,62.45,62.24,62.33,535
03-02-2026 07:30,62.33,62.36,61.69,61.71,576
03-02-2026 08:00,61.71,61.77,61.54,61.73,1004
03-02-2026 08:30,61.72,61.83,61.60,61.79,534
03-02-2026 09:00,61.79,61.98,61.79,61.92,287
03-02-2026 09:30,61.91,62.01,61.85,61.86,161
03-02-2026 10:00,61.86,61.98,61.81,61.90,214
03-02-2026 10:30,61.90,61.96,61.79,61.88,204
03-02-2026 11:00,61.88,61.95,61.79,61.86,521
03-02-2026 11:30,61.86,61.91,61.74,61.87,444
03-02-2026 12:00,61.87,61.91,61.74,61.81,548
03-02-2026 12:30,61.81,61.96,61.71,61.83,511
03-02-2026 13:00,61.83,62.04,61.83,61.90,680
03-02-2026 13:30,61.90,62.08,61.83,62.01,1073
03-02-2026 14:00,62.01,62.14,61.34,61.61,1301
03-02-2026 14:30,61.63,61.63,61.10,61.27,1308
03-02-2026 15:00,61.27,61.86,61.26,61.72,1003
03-02-2026 15:30,61.72,62.24,61.72,62.22,885
03-02-2026 16:00,62.21,62.33,62.14,62.21,723
03-02-2026 16:30,62.20,62.24,62.08,62.21,715
03-02-2026 17:00,62.21,62.38,62.11,62.32,726
03-02-2026 17:30,62.33,62.51,62.19,62.36,734
03-02-2026 18:00,62.36,62.57,62.31,62.54,596
03-02-2026 18:30,62.54,62.58,62.34,62.52,1058
03-02-2026 19:00,62.52,62.70,62.43,62.58,791
03-02-2026 19:30,62.58,62.84,62.37,62.71,1552
03-02-2026 20:00,62.71,63.10,62.54,62.72,1889
03-02-2026 20:30,62.72,62.84,62.51,62.76,1715
03-02-2026 21:00,62.76,62.95,62.72,62.72,1402
03-02-2026 21:30,62.72,62.98,62.61,62.88,1555
03-02-2026 22:00,62.88,62.98,62.51,62.65,1659
03-02-2026 22:30,62.65,63.71,62.51,63.11,3808
03-02-2026 23:00,63.11,63.38,62.89,63.13,1771
03-02-2026 23:30,63.13,63.19,62.61,62.87,1804
04-02-2026 00:00,62.87,63.33,62.85,63.06,1029
04-02-2026 00:30,63.07,63.32,62.69,63.14,1649
04-02-2026 01:00,63.13,63.55,63.09,63.46,945
04-02-2026 01:30,63.46,63.90,63.44,63.82,732
04-02-2026 02:00,63.82,64.19,63.79,64.06,850
04-02-2026 02:30,64.06,64.12,63.91,63.91,371
04-02-2026 03:00,63.91,64.06,63.53,63.87,979
04-02-2026 04:30,63.73,63.82,63.70,63.76,184
04-02-2026 05:00,63.76,63.77,63.61,63.73,179
04-02-2026 05:30,63.73,63.88,63.70,63.82,175
04-02-2026 06:00,63.82,63.88,63.74,63.74,137
04-02-2026 06:30,63.74,64.13,63.45,64.10,1183
04-02-2026 07:00,64.10,64.14,63.96,64.03,772
04-02-2026 07:30,64.03,64.12,63.93,63.99,541
04-02-2026 08:00,63.99,64.02,63.55,63.65,1022
04-02-2026 08:30,63.64,63.78,63.56,63.70,746
04-02-2026 09:00,63.70,63.87,63.68,63.82,204
04-02-2026 09:30,63.83,63.84,63.76,63.80,143
04-02-2026 10:00,63.80,63.88,63.79,63.82,115
04-02-2026 10:30,63.82,63.84,63.74,63.80,144
04-02-2026 11:00,63.80,63.84,63.72,63.74,426
04-02-2026 11:30,63.74,63.80,63.65,63.67,364
04-02-2026 12:00,63.67,63.81,63.62,63.72,404
04-02-2026 12:30,63.72,63.78,63.25,63.43,551
04-02-2026 13:00,63.43,63.51,63.29,63.34,562
04-02-2026 13:30,63.34,63.67,63.31,63.52,878
04-02-2026 14:00,63.52,63.53,62.94,63.15,911
04-02-2026 14:30,63.15,63.28,63.07,63.18,725
04-02-2026 15:00,63.19,63.76,63.19,63.72,864
04-02-2026 15:30,63.72,63.75,63.54,63.67,606
04-02-2026 16:00,63.67,63.77,63.43,63.52,627
04-02-2026 16:30,63.52,63.52,63.25,63.34,596
04-02-2026 17:00,63.34,63.50,63.25,63.29,567
04-02-2026 17:30,63.29,63.52,63.21,63.33,568
04-02-2026 18:00,63.33,63.59,63.26,63.38,472
04-02-2026 18:30,63.39,63.48,63.22,63.33,910
04-02-2026 19:00,63.33,63.34,62.85,62.88,1106
04-02-2026 19:30,62.88,63.28,62.85,63.26,1333
04-02-2026 20:00,63.26,63.48,63.18,63.25,1982
04-02-2026 20:30,63.25,63.60,63.12,63.44,1760
04-02-2026 21:00,63.44,63.55,63.02,63.30,2538
04-02-2026 21:30,63.30,63.35,62.96,63.13,1914
04-02-2026 22:00,63.13,63.56,63.13,63.52,1306
04-02-2026 22:30,63.52,64.71,63.47,64.66,2195
04-02-2026 23:00,64.68,65.51,64.26,65.11,5076
04-02-2026 23:30,65.11,65.28,64.83,65.25,1895
05-02-2026 00:00,65.25,65.37,64.62,65.03,2330
05-02-2026 00:30,65.03,65.44,64.92,65.11,2310
05-02-2026 01:00,65.11,65.22,63.61,64.21,3176
05-02-2026 01:30,64.21,64.48,64.15,64.32,1014
05-02-2026 02:00,64.32,64.61,64.26,64.30,567
05-02-2026 02:30,64.30,64.43,64.25,64.35,334
05-02-2026 03:00,64.35,64.52,64.35,64.51,262
05-02-2026 04:30,64.29,64.38,63.99,64.38,489
05-02-2026 05:00,64.38,64.45,64.34,64.40,147
05-02-2026 05:30,64.40,64.60,64.33,64.47,196
05-02-2026 06:00,64.47,64.54,64.34,64.36,193
05-02-2026 06:30,64.36,64.50,64.09,64.29,1356
05-02-2026 07:00,64.29,64.36,64.07,64.07,628
05-02-2026 07:30,64.07,64.10,63.63,63.96,1252
05-02-2026 08:00,63.95,64.03,63.58,63.67,1562
05-02-2026 08:30,63.68,63.98,63.48,63.83,1459
05-02-2026 09:00,63.83,63.87,63.69,63.82,540
05-02-2026 09:30,63.82,63.87,63.66,63.75,353
05-02-2026 10:00,63.75,63.79,63.72,63.76,162
05-02-2026 10:30,63.76,63.77,63.58,63.74,288
05-02-2026 11:00,63.74,63.86,63.62,63.69,702
05-02-2026 11:30,63.69,63.81,63.67,63.81,460
05-02-2026 12:00,63.81,63.94,63.74,63.84,571
05-02-2026 12:30,63.85,64.04,63.79,63.98,568
05-02-2026 13:00,63.98,64.10,63.80,64.01,523
05-02-2026 13:30,64.01,64.13,63.95,63.98,947
05-02-2026 14:00,63.98,64.23,63.94,64.11,849
05-02-2026 14:30,64.11,64.38,63.94,64.38,972
05-02-2026 15:00,64.38,64.40,64.10,64.17,897
05-02-2026 15:30,64.17,64.32,64.10,64.22,747
05-02-2026 16:00,64.22,64.40,64.10,64.13,707
05-02-2026 16:30,64.13,64.54,64.05,64.45,761
05-02-2026 17:00,64.44,64.54,64.13,64.54,766
05-02-2026 17:30,64.54,64.66,64.02,64.12,983
05-02-2026 18:00,64.12,64.12,63.57,63.80,1364
05-02-2026 18:30,63.79,63.99,63.44,63.70,1694
05-02-2026 19:00,63.70,63.80,63.22,63.33,1548
05-02-2026 19:30,63.33,63.57,63.01,63.49,2316
05-02-2026 20:00,63.49,63.66,63.22,63.54,2794
05-02-2026 20:30,63.54,63.57,62.92,62.99,2397
05-02-2026 21:00,62.99,63.06,62.64,63.01,2591
05-02-2026 21:30,63.01,63.24,62.74,63.15,2084
05-02-2026 22:00,63.16,63.58,63.13,63.56,1920
05-02-2026 22:30,63.56,63.66,63.36,63.57,1184
05-02-2026 23:00,63.56,63.85,63.51,63.58,1125
05-02-2026 23:30,63.58,63.68,63.33,63.38,857
06-02-2026 00:00,63.38,63.49,63.29,63.36,690
06-02-2026 00:30,63.36,63.45,63.20,63.25,989
06-02-2026 01:00,63.25,63.27,62.92,63.17,824
06-02-2026 01:30,63.17,63.44,63.14,63.35,437
06-02-2026 02:00,63.35,63.42,63.15,63.26,447
06-02-2026 02:30,63.26,63.30,63.02,63.06,275
06-02-2026 03:00,63.06,63.23,63.00,63.11,257
06-02-2026 04:30,63.09,63.10,62.95,63.01,194
06-02-2026 05:00,63.02,63.05,62.75,62.80,221
06-02-2026 05:30,62.80,62.83,62.30,62.61,464
06-02-2026 06:00,62.61,62.98,62.61,62.89,302
06-02-2026 06:30,62.89,62.99,62.59,62.64,1142
06-02-2026 07:00,62.64,63.11,62.60,63.03,808
06-02-2026 07:30,63.03,63.40,62.99,63.38,972
06-02-2026 08:00,63.38,63.84,63.31,63.34,1589
06-02-2026 08:30,63.33,63.53,63.31,63.50,797
06-02-2026 09:00,63.50,63.60,63.40,63.59,295
06-02-2026 09:30,63.59,63.71,63.58,63.70,287
06-02-2026 10:00,63.70,63.70,63.57,63.63,206
06-02-2026 10:30,63.63,63.79,63.59,63.76,298
06-02-2026 11:00,63.76,64.24,63.70,64.07,1530
06-02-2026 11:30,64.07,64.33,63.98,64.10,926
06-02-2026 12:00,64.10,64.14,63.97,64.06,698
06-02-2026 12:30,64.06,64.23,64.02,64.14,536
06-02-2026 13:00,64.14,64.25,64.01,64.17,686
06-02-2026 13:30,64.17,64.17,63.93,63.96,1197
06-02-2026 14:00,63.97,64.18,63.64,64.07,1458
06-02-2026 14:30,64.07,64.57,63.94,64.42,1940
06-02-2026 15:00,64.41,64.50,63.89,64.17,1775
06-02-2026 15:30,64.17,64.17,63.60,63.69,1183
06-02-2026 16:00,63.69,63.76,63.26,63.38,971
06-02-2026 16:30,63.39,63.48,63.16,63.22,1068
06-02-2026 17:00,63.22,63.62,62.81,63.20,1546
06-02-2026 17:30,63.20,63.21,62.65,62.99,1130
06-02-2026 18:00,62.99,63.16,62.98,63.00,881
06-02-2026 18:30,63.00,63.25,62.84,63.09,1444
06-02-2026 19:00,63.09,63.61,62.19,62.36,3246
06-02-2026 19:30,62.35,62.92,62.24,62.91,2243
06-02-2026 20:00,62.91,63.63,62.84,63.52,2364
06-02-2026 20:30,63.52,63.92,63.51,63.88,2189
06-02-2026 21:00,63.88,64.16,63.47,64.01,2130
06-02-2026 21:30,64.01,64.16,63.79,64.11,1312
06-02-2026 22:00,64.11,64.23,63.95,64.14,1192
06-02-2026 22:30,64.14,64.36,64.08,64.29,805
06-02-2026 23:00,64.29,64.35,64.14,64.27,680
06-02-2026 23:30,64.27,64.35,63.83,64.17,882
07-02-2026 00:00,64.15,64.17,63.92,63.97,806
07-02-2026 00:30,63.97,63.97,63.44,63.56,1217
07-02-2026 01:00,63.55,63.55,63.37,63.39,591
07-02-2026 01:30,63.39,63.44,63.27,63.39,396
07-02-2026 02:00,63.39,63.48,63.25,63.46,384
07-02-2026 02:30,63.46,63.54,63.32,63.48,321
07-02-2026 03:00,63.48,63.52,63.42,63.48,202
09-02-2026 04:30,62.75,63.02,62.61,62.97,544
09-02-2026 05:00,62.97,63.12,62.94,62.94,250
09-02-2026 05:30,62.94,63.00,62.86,62.97,229
09-02-2026 06:00,62.97,63.16,62.93,63.10,233
09-02-2026 06:30,63.10,63.25,63.04,63.16,651
09-02-2026 07:00,63.16,63.26,63.07,63.20,375
09-02-2026 07:30,63.20,63.28,63.02,63.06,338
09-02-2026 08:00,63.06,63.08,62.83,62.94,456
09-02-2026 08:30,62.94,63.05,62.93,62.97,290
09-02-2026 09:00,62.97,63.03,62.88,62.97,261
09-02-2026 09:30,62.97,63.01,62.91,62.92,150
09-02-2026 10:00,62.92,62.96,62.87,62.93,145
09-02-2026 10:30,62.93,62.96,62.90,62.93,146
09-02-2026 11:00,62.93,62.99,62.75,62.87,405
09-02-2026 11:30,62.87,62.92,62.79,62.88,403
09-02-2026 12:00,62.88,62.96,62.83,62.86,436
09-02-2026 12:30,62.86,62.87,62.74,62.80,432
09-02-2026 13:00,62.80,62.82,62.67,62.72,383
09-02-2026 13:30,62.72,63.11,62.72,62.99,980
09-02-2026 14:00,63.01,63.10,62.81,62.88,729
09-02-2026 14:30,62.90,63.20,62.85,63.10,693
09-02-2026 15:00,63.10,63.11,62.74,62.88,683
09-02-2026 15:30,62.88,63.65,62.84,63.64,947
09-02-2026 16:00,63.64,63.87,63.46,63.85,784
09-02-2026 16:30,63.84,63.84,63.68,63.82,577
09-02-2026 17:00,63.82,63.85,63.49,63.81,670
09-02-2026 17:30,63.81,63.90,63.69,63.69,575
09-02-2026 18:00,63.69,63.77,63.66,63.72,581
09-02-2026 18:30,63.72,63.73,63.45,63.50,1090
09-02-2026 19:00,63.50,63.51,63.18,63.21,927
09-02-2026 19:30,63.21,63.41,63.05,63.35,1015
09-02-2026 20:00,63.36,64.30,63.30,64.05,2795
09-02-2026 20:30,64.05,64.15,63.93,64.08,1325
09-02-2026 21:00,64.08,64.22,64.04,64.15,938
09-02-2026 21:30,64.15,64.47,64.06,64.45,1078
09-02-2026 22:00,64.46,64.86,64.40,64.84,1084
09-02-2026 22:30,64.84,64.86,64.53,64.76,801
09-02-2026 23:00,64.76,64.83,64.70,64.76,504
09-02-2026 23:30,64.76,64.76,64.47,64.52,612
10-02-2026 00:00,64.52,64.53,64.38,64.48,528
10-02-2026 00:30,64.48,64.49,64.30,64.32,819
10-02-2026 01:00,64.32,64.35,64.18,64.24,346
10-02-2026 01:30,64.24,64.31,64.19,64.23,240
10-02-2026 02:00,64.23,64.32,64.21,64.27,225
10-02-2026 02:30,64.27,64.43,64.27,64.40,146
10-02-2026 03:00,64.40,64.45,64.37,64.42,159
10-02-2026 04:30,64.38,64.48,64.30,64.30,135
10-02-2026 05:00,64.30,64.40,64.29,64.39,131
10-02-2026 05:30,64.39,64.39,64.24,64.26,134
10-02-2026 06:00,64.26,64.33,64.25,64.30,98
10-02-2026 06:30,64.30,64.31,63.85,64.17,814
10-02-2026 07:00,64.16,64.32,64.14,64.27,437
10-02-2026 07:30,64.27,64.34,64.18,64.28,294
10-02-2026 08:00,64.28,64.33,64.20,64.28,482
10-02-2026 08:30,64.28,64.30,64.07,64.08,344
10-02-2026 09:00,64.08,64.19,64.07,64.18,203
10-02-2026 09:30,64.18,64.24,64.16,64.19,181
10-02-2026 10:00,64.19,64.23,64.13,64.18,188
10-02-2026 10:30,64.18,64.25,64.10,64.10,238
10-02-2026 11:00,64.10,64.16,64.06,64.07,448
10-02-2026 11:30,64.07,64.36,64.06,64.24,513
10-02-2026 12:00,64.24,64.41,64.20,64.34,489
10-02-2026 12:30,64.34,64.42,64.18,64.23,515
10-02-2026 13:00,64.23,64.36,64.23,64.30,528
10-02-2026 13:30,64.30,64.30,64.07,64.16,834
10-02-2026 14:00,64.17,64.60,64.15,64.59,849
10-02-2026 14:30,64.59,64.66,64.50,64.54,693
10-02-2026 15:00,64.54,64.55,64.10,64.13,880
10-02-2026 15:30,64.13,64.31,64.00,64.24,655
10-02-2026 16:00,64.24,64.44,64.19,64.31,564
10-02-2026 16:30,64.32,64.55,64.28,64.44,557
10-02-2026 17:00,64.44,64.64,64.41,64.57,431
10-02-2026 17:30,64.57,64.58,64.30,64.35,557
10-02-2026 18:00,64.35,64.44,64.24,64.44,552
10-02-2026 18:30,64.44,64.68,64.35,64.58,870
10-02-2026 19:00,64.58,64.61,64.44,64.49,819
10-02-2026 19:30,64.49,64.64,64.32,64.50,1052
10-02-2026 20:00,64.50,64.55,64.12,64.51,1389
10-02-2026 20:30,64.51,64.65,64.31,64.48,1223
10-02-2026 21:00,64.48,64.58,64.11,64.17,1144
10-02-2026 21:30,64.17,64.18,63.77,64.01,1631
10-02-2026 22:00,64.01,64.16,63.86,63.95,1101
10-02-2026 22:30,63.95,64.11,63.86,64.10,709
10-02-2026 23:00,64.10,64.28,64.03,64.05,727
10-02-2026 23:30,64.05,64.06,63.82,63.93,1172
11-02-2026 00:00,63.93,64.05,63.64,63.83,804
11-02-2026 00:30,63.83,63.98,63.78,63.98,777
11-02-2026 01:00,63.97,64.19,63.96,64.12,374
11-02-2026 01:30,64.12,64.18,64.00,64.08,294
11-02-2026 02:00,64.08,64.43,64.04,64.29,863
11-02-2026 02:30,64.29,64.31,64.11,64.15,334
11-02-2026 03:00,64.14,64.25,64.14,64.18,254
11-02-2026 04:30,64.19,64.33,64.19,64.25,144
11-02-2026 05:00,64.25,64.31,64.25,64.30,104
11-02-2026 05:30,64.30,64.33,64.23,64.28,93
11-02-2026 06:00,64.28,64.29,64.21,64.23,78
11-02-2026 06:30,64.23,64.32,64.16,64.22,404
11-02-2026 07:00,64.22,64.37,64.22,64.34,243
11-02-2026 07:30,64.34,64.47,64.31,64.44,235
11-02-2026 08:00,64.44,64.61,64.44,64.52,458
11-02-2026 08:30,64.52,64.55,64.44,64.50,286
11-02-2026 09:00,64.50,64.52,64.46,64.50,104
11-02-2026 09:30,64.50,64.51,64.45,64.49,138
11-02-2026 10:00,64.49,64.50,64.39,64.41,113
11-02-2026 10:30,64.41,64.43,64.31,64.35,221
11-02-2026 11:00,64.35,64.38,64.28,64.33,318
11-02-2026 11:30,64.33,64.41,64.32,64.40,246
11-02-2026 12:00,64.40,64.44,64.36,64.43,247
11-02-2026 12:30,64.43,64.67,64.37,64.58,399
11-02-2026 13:00,64.59,64.61,64.48,64.51,258
11-02-2026 13:30,64.51,64.80,64.51,64.72,620
11-02-2026 14:00,64.72,64.93,64.70,64.77,658
11-02-2026 14:30,64.78,64.95,64.72,64.90,439
11-02-2026 15:00,64.90,64.96,64.78,64.81,423
11-02-2026 15:30,64.81,64.91,64.71,64.87,534
11-02-2026 16:00,64.87,64.89,64.73,64.88,333
11-02-2026 16:30,64.88,65.01,64.85,64.92,390
11-02-2026 17:00,64.92,65.39,64.91,65.37,663
11-02-2026 17:30,65.37,65.41,65.30,65.33,596
11-02-2026 18:00,65.33,65.47,64.92,65.40,998
11-02-2026 18:30,65.40,65.52,65.31,65.44,948
11-02-2026 19:00,65.44,65.48,65.24,65.45,1330
11-02-2026 19:30,65.45,65.77,65.41,65.68,1080
11-02-2026 20:00,65.68,65.82,65.54,65.55,1368
11-02-2026 20:30,65.55,65.57,64.93,65.01,1666
11-02-2026 21:00,65.01,65.08,64.77,64.96,2188
11-02-2026 21:30,64.96,65.15,64.81,65.12,1677
11-02-2026 22:00,65.13,65.28,65.01,65.06,1106
11-02-2026 22:30,65.06,65.14,64.77,64.95,1155
11-02-2026 23:00,64.95,64.99,64.75,64.85,860
11-02-2026 23:30,64.85,65.04,64.84,65.00,628
12-02-2026 00:00,65.00,65.12,64.45,64.66,1079
12-02-2026 00:30,64.66,65.07,64.47,64.59,1641
12-02-2026 01:00,64.58,64.95,64.49,64.86,679
12-02-2026 01:30,64.86,64.98,64.82,64.94,268
12-02-2026 02:00,64.94,65.03,64.85,64.98,329
12-02-2026 02:30,64.98,65.03,64.91,64.97,174
12-02-2026 03:00,64.97,64.98,64.89,64.89,166
12-02-2026 04:30,64.81,64.90,64.78,64.88,117
12-02-2026 05:00,64.88,64.93,64.84,64.89,84
12-02-2026 05:30,64.89,64.99,64.88,64.97,129
12-02-2026 06:00,64.97,64.99,64.94,64.96,81
12-02-2026 06:30,64.96,65.01,64.77,65.00,451
12-02-2026 07:00,65.00,65.02,64.82,64.88,293
12-02-2026 07:30,64.88,64.94,64.81,64.88,183
12-02-2026 08:00,64.89,64.93,64.80,64.89,251
12-02-2026 08:30,64.89,64.96,64.85,64.88,244
12-02-2026 09:00,64.88,64.99,64.88,64.98,158
12-02-2026 09:30,64.98,65.09,64.94,64.99,206
12-02-2026 10:00,64.99,65.05,64.94,64.96,107
12-02-2026 10:30,64.96,64.98,64.76,64.78,247
12-02-2026 11:00,64.78,64.90,64.69,64.90,386
12-02-2026 11:30,64.90,64.92,64.73,64.76,309
12-02-2026 12:00,64.76,64.82,64.63,64.80,430
12-02-2026 12:30,64.80,64.88,64.73,64.81,332
12-02-2026 13:00,64.81,64.88,64.72,64.83,339
12-02-2026 13:30,64.83,64.97,64.77,64.82,692
12-02-2026 14:00,64.82,65.04,64.68,64.97,802
12-02-2026 14:30,64.97,65.04,64.37,64.41,862
12-02-2026 15:00,64.41,64.56,64.34,64.46,795
12-02-2026 15:30,64.46,64.50,64.28,64.29,725
12-02-2026 16:00,64.29,64.43,64.17,64.42,541
12-02-2026 16:30,64.42,64.58,64.29,64.54,609
12-02-2026 17:00,64.54,64.64,64.41,64.48,534
12-02-2026 17:30,64.48,64.61,64.37,64.52,570
12-02-2026 18:00,64.52,64.60,64.35,64.41,510
12-02-2026 18:30,64.41,64.59,64.29,64.37,879
12-02-2026 19:00,64.37,64.41,63.95,64.23,1253
12-02-2026 19:30,64.23,64.39,64.16,64.28,958
12-02-2026 20:00,64.27,64.35,63.88,63.95,1646
12-02-2026 20:30,63.95,64.10,63.89,63.95,1194
12-02-2026 21:00,63.95,64.01,63.51,63.61,1551
12-02-2026 21:30,63.61,63.65,63.20,63.26,1812
12-02-2026 22:00,63.26,63.40,62.69,62.75,2414
12-02-2026 22:30,62.75,62.92,62.53,62.69,2017
12-02-2026 23:00,62.69,62.79,62.53,62.61,1229
12-02-2026 23:30,62.61,62.74,62.58,62.68,929
13-02-2026 00:00,62.68,62.77,62.60,62.65,824
13-02-2026 00:30,62.65,62.87,62.38,62.87,1110
13-02-2026 01:00,62.87,63.06,62.85,62.93,575
13-02-2026 01:30,62.93,62.95,62.81,62.85,361
13-02-2026 02:00,62.85,62.92,62.81,62.91,332
13-02-2026 02:30,62.91,62.93,62.81,62.92,162
13-02-2026 03:00,62.92,62.97,62.85,62.91,169
13-02-2026 04:30,62.91,62.94,62.84,62.85,127
13-02-2026 05:00,62.85,62.85,62.79,62.83,94
13-02-2026 05:30,62.83,62.96,62.83,62.88,181
13-02-2026 06:00,62.89,62.89,62.80,62.86,125
13-02-2026 06:30,62.86,62.99,62.76,62.94,872
13-02-2026 07:00,62.94,62.97,62.82,62.83,383
13-02-2026 07:30,62.83,62.87,62.80,62.84,268
13-02-2026 08:00,62.85,62.86,62.69,62.76,300
13-02-2026 08:30,62.76,62.81,62.68,62.71,228
13-02-2026 09:00,62.71,62.78,62.64,62.69,165
13-02-2026 09:30,62.69,62.79,62.68,62.74,160
13-02-2026 10:00,62.74,62.77,62.70,62.74,111
13-02-2026 10:30,62.74,62.76,62.62,62.65,195
13-02-2026 11:00,62.65,62.72,62.59,62.60,428
13-02-2026 11:30,62.60,62.76,62.59,62.73,350
13-02-2026 12:00,62.73,62.84,62.68,62.81,409
13-02-2026 12:30,62.81,62.82,62.66,62.72,367
13-02-2026 13:00,62.72,62.83,62.65,62.67,498
13-02-2026 13:30,62.67,62.91,62.65,62.76,828
13-02-2026 14:00,62.77,63.03,62.52,62.90,986
13-02-2026 14:30,62.91,62.95,62.74,62.86,679
13-02-2026 15:00,62.86,63.15,62.82,63.09,721
13-02-2026 15:30,63.09,63.11,62.91,63.02,681
13-02-2026 16:00,63.02,63.25,62.95,63.14,695
13-02-2026 16:30,63.14,63.14,62.87,63.00,582
13-02-2026 17:00,63.00,63.00,62.13,62.37,1941
13-02-2026 17:30,62.37,62.46,62.28,62.37,942
13-02-2026 18:00,62.37,62.62,62.31,62.57,819
13-02-2026 18:30,62.58,62.90,62.54,62.79,809
13-02-2026 19:00,62.79,63.04,62.79,62.95,1074
13-02-2026 19:30,62.95,62.95,62.58,62.71,1205
13-02-2026 20:00,62.71,62.82,62.32,62.67,2438
13-02-2026 20:30,62.67,62.86,62.54,62.77,2146
13-02-2026 21:00,62.77,62.96,62.66,62.69,1345
13-02-2026 21:30,62.69,62.84,62.54,62.83,1298
13-02-2026 22:00,62.81,62.95,62.43,62.64,1215
13-02-2026 22:30,62.64,62.85,62.63,62.81,914
13-02-2026 23:00,62.81,63.20,62.80,63.09,809
13-02-2026 23:30,63.09,63.16,62.97,63.03,640
14-02-2026 00:00,63.03,63.18,62.97,63.00,653
14-02-2026 00:30,63.00,63.02,62.84,62.84,1011
14-02-2026 01:00,62.84,62.96,62.68,62.69,502
14-02-2026 01:30,62.69,62.77,62.57,62.60,480
14-02-2026 02:00,62.60,62.75,62.38,62.73,641
14-02-2026 02:30,62.73,62.87,62.72,62.82,194
14-02-2026 03:00,62.82,62.92,62.77,62.78,237
16-02-2026 04:30,62.65,62.84,62.62,62.80,192
16-02-2026 05:00,62.80,62.81,62.67,62.74,142
16-02-2026 05:30,62.74,62.79,62.72,62.73,113
16-02-2026 06:00,62.73,62.75,62.69,62.71,82
16-02-2026 06:30,62.71,62.78,62.69,62.71,138
16-02-2026 07:00,62.71,62.73,62.69,62.71,101
16-02-2026 07:30,62.71,62.72,62.61,62.67,160
16-02-2026 08:00,62.67,62.80,62.67,62.74,134
16-02-2026 08:30,62.74,62.82,62.72,62.77,207
16-02-2026 09:00,62.77,62.80,62.68,62.76,205
16-02-2026 09:30,62.76,62.81,62.73,62.74,221
16-02-2026 10:00,62.75,62.82,62.73,62.77,205
16-02-2026 10:30,62.77,62.82,62.73,62.74,92
16-02-2026 11:00,62.74,62.76,62.69,62.71,137
16-02-2026 11:30,62.71,62.82,62.68,62.75,144
16-02-2026 12:00,62.75,62.81,62.72,62.75,141
16-02-2026 12:30,62.75,62.78,62.64,62.73,254
16-02-2026 13:00,62.73,62.76,62.60,62.64,266
16-02-2026 13:30,62.64,62.67,62.55,62.64,445
16-02-2026 14:00,62.64,62.65,62.34,62.40,405
16-02-2026 14:30,62.40,62.70,62.37,62.70,440
16-02-2026 15:00,62.70,62.71,62.38,62.39,438
16-02-2026 15:30,62.39,62.63,62.36,62.58,547
16-02-2026 16:00,62.58,62.89,62.53,62.79,683
16-02-2026 16:30,62.79,62.89,62.69,62.76,381
16-02-2026 17:00,62.76,62.87,62.73,62.74,297
16-02-2026 17:30,62.74,62.80,62.68,62.76,353
16-02-2026 18:00,62.76,62.95,62.69,62.87,555
16-02-2026 18:30,62.87,62.92,62.79,62.90,339
16-02-2026 19:00,62.90,63.00,62.86,62.90,359
16-02-2026 19:30,62.90,63.23,62.82,63.19,481
16-02-2026 20:00,63.19,63.36,63.16,63.26,602
16-02-2026 20:30,63.26,63.28,63.11,63.14,460
16-02-2026 21:00,63.14,63.39,63.04,63.35,658
16-02-2026 21:30,63.35,63.47,63.26,63.40,740
16-02-2026 22:00,63.41,63.53,63.34,63.34,665
16-02-2026 22:30,63.34,63.44,63.29,63.41,364
16-02-2026 23:00,63.41,63.63,63.32,63.62,462
16-02-2026 23:30,63.62,63.68,63.56,63.64,301
17-02-2026 00:00,63.64,63.64,63.54,63.59,162
17-02-2026 00:30,63.59,63.61,63.51,63.54,191
17-02-2026 04:30,63.52,63.55,63.47,63.52,78
17-02-2026 05:00,63.52,63.56,63.50,63.56,60
17-02-2026 05:30,63.56,63.57,63.52,63.54,80
17-02-2026 06:00,63.54,63.56,63.48,63.48,68
17-02-2026 06:30,63.48,63.57,63.45,63.54,214
17-02-2026 07:00,63.54,63.58,63.40,63.43,195
17-02-2026 07:30,63.43,63.51,63.41,63.48,170
17-02-2026 08:00,63.48,63.48,63.36,63.37,96
17-02-2026 08:30,63.37,63.40,63.34,63.36,140
17-02-2026 09:00,63.36,63.42,63.30,63.36,155
17-02-2026 09:30,63.36,63.39,63.30,63.30,118
17-02-2026 10:00,63.30,63.34,63.27,63.33,99
17-02-2026 10:30,63.33,63.34,63.21,63.26,174
17-02-2026 11:00,63.26,63.26,63.18,63.20,152
17-02-2026 11:30,63.20,63.24,63.16,63.18,104
17-02-2026 12:00,63.18,63.22,63.15,63.17,142
17-02-2026 12:30,63.17,63.20,62.99,63.03,255
17-02-2026 13:00,63.03,63.12,63.00,63.03,364
17-02-2026 13:30,63.03,63.11,62.90,62.97,636
17-02-2026 14:00,62.98,63.06,62.82,62.93,552
17-02-2026 14:30,62.93,63.14,62.83,63.04,545
17-02-2026 15:00,63.04,63.14,62.86,63.11,647
17-02-2026 15:30,63.11,63.35,63.03,63.23,746
17-02-2026 16:00,63.23,63.47,63.22,63.45,594
17-02-2026 16:30,63.45,63.83,63.42,63.64,924
17-02-2026 17:00,63.64,63.94,63.50,63.66,1008
17-02-2026 17:30,63.65,63.75,63.57,63.67,685
17-02-2026 18:00,63.67,63.68,63.36,63.42,705
17-02-2026 18:30,63.41,63.46,63.05,63.26,1111
17-02-2026 19:00,63.26,63.38,62.16,62.28,2822
17-02-2026 19:30,62.28,62.83,62.20,62.61,1873
17-02-2026 20:00,62.61,62.81,62.28,62.34,2410
17-02-2026 20:30,62.34,62.70,61.93,61.95,2321
17-02-2026 21:00,61.95,62.07,61.75,61.91,1844
17-02-2026 21:30,61.90,62.24,61.87,62.13,1718
17-02-2026 22:00,62.13,62.37,61.96,62.25,1394
17-02-2026 22:30,62.24,62.25,61.81,62.04,1263
17-02-2026 23:00,62.04,62.15,61.93,62.09,854
17-02-2026 23:30,62.09,62.30,62.05,62.29,892
18-02-2026 00:00,62.29,62.41,62.23,62.31,753
18-02-2026 00:30,62.31,62.41,62.19,62.25,886
18-02-2026 01:00,62.25,62.29,62.08,62.16,501
18-02-2026 01:30,62.16,62.29,62.13,62.25,479
18-02-2026 02:00,62.25,62.25,62.14,62.17,351
18-02-2026 02:30,62.17,62.18,62.10,62.13,169
18-02-2026 03:00,62.13,62.25,62.08,62.18,172
18-02-2026 04:30,62.14,62.21,62.13,62.17,103
18-02-2026 05:00,62.17,62.18,62.13,62.16,73
18-02-2026 05:30,62.16,62.25,62.12,62.13,110
18-02-2026 06:00,62.13,62.15,62.10,62.12,81
18-02-2026 06:30,62.12,62.25,62.12,62.20,255
18-02-2026 07:00,62.20,62.24,62.16,62.22,122
18-02-2026 07:30,62.22,62.31,62.19,62.26,123
18-02-2026 08:00,62.26,62.33,62.25,62.25,103
18-02-2026 08:30,62.25,62.34,62.24,62.32,88
18-02-2026 09:00,62.32,62.40,62.32,62.38,116
18-02-2026 09:30,62.37,62.43,62.36,62.43,89
18-02-2026 10:00,62.43,62.47,62.40,62.46,89
18-02-2026 10:30,62.46,62.46,62.33,62.37,98
18-02-2026 11:00,62.37,62.42,62.31,62.31,75
18-02-2026 11:30,62.31,62.32,62.26,62.31,113
18-02-2026 12:00,62.31,62.48,62.24,62.32,194
18-02-2026 12:30,62.32,62.43,62.30,62.33,263
18-02-2026 13:00,62.33,62.42,62.29,62.39,348
18-02-2026 13:30,62.39,62.59,62.35,62.57,616
18-02-2026 14:00,62.58,62.64,62.33,62.33,444
18-02-2026 14:30,62.33,62.52,62.33,62.45,433
18-02-2026 15:00,62.45,62.58,62.32,62.41,538
18-02-2026 15:30,62.41,62.67,62.41,62.52,674
18-02-2026 16:00,62.52,63.02,62.47,62.96,677
18-02-2026 16:30,62.96,63.36,62.93,63.30,613
18-02-2026 17:00,63.30,63.56,63.27,63.56,654
18-02-2026 17:30,63.56,64.06,63.40,63.94,1075
18-02-2026 18:00,63.94,64.00,63.83,63.95,698
18-02-2026 18:30,63.95,64.03,63.72,63.80,842
18-02-2026 19:00,63.81,63.85,63.71,63.76,658
18-02-2026 19:30,63.76,64.01,63.62,63.98,867
18-02-2026 20:00,63.98,64.40,63.93,64.24,1470
18-02-2026 20:30,64.25,64.28,64.05,64.12,1104
18-02-2026 21:00,64.12,64.28,64.04,64.18,788
18-02-2026 21:30,64.18,64.35,64.09,64.30,853
18-02-2026 22:00,64.30,64.63,64.30,64.53,919
18-02-2026 22:30,64.53,64.82,64.44,64.72,863
18-02-2026 23:00,64.72,64.99,64.70,64.95,662
18-02-2026 23:30,64.95,65.08,64.92,64.95,625
19-02-2026 00:00,64.95,65.06,64.61,65.03,1459
19-02-2026 00:30,65.03,65.28,64.95,64.97,1217
19-02-2026 01:00,64.98,65.15,64.79,65.02,905
19-02-2026 01:30,65.02,65.17,65.00,65.16,548
19-02-2026 02:00,65.16,65.41,65.14,65.23,444
19-02-2026 02:30,65.23,65.29,64.90,64.94,566
19-02-2026 03:00,64.94,65.01,64.79,64.90,665
19-02-2026 04:30,64.82,65.29,64.82,65.06,414
19-02-2026 05:00,65.06,65.08,64.96,64.99,182
19-02-2026 05:30,65.00,65.05,64.90,64.99,189
19-02-2026 06:00,64.99,65.06,64.97,65.02,145
19-02-2026 06:30,65.02,65.08,64.90,65.06,304
19-02-2026 07:00,65.06,65.15,65.01,65.15,169
19-02-2026 07:30,65.15,65.27,65.13,65.17,260
19-02-2026 08:00,65.17,65.29,65.11,65.26,242
19-02-2026 08:30,65.26,65.37,65.23,65.29,190
19-02-2026 09:00,65.29,65.39,65.28,65.34,220
19-02-2026 09:30,65.34,65.40,65.29,65.35,160
19-02-2026 10:00,65.34,65.36,65.13,65.19,212
19-02-2026 10:30,65.19,65.31,65.19,65.25,187
19-02-2026 11:00,65.25,65.25,65.18,65.22,212
19-02-2026 11:30,65.22,65.29,65.17,65.17,156
19-02-2026 12:00,65.17,65.26,65.15,65.21,199
19-02-2026 12:30,65.21,65.38,65.21,65.26,393
19-02-2026 13:00,65.26,65.78,65.25,65.76,676
19-02-2026 13:30,65.76,65.81,65.61,65.73,796
19-02-2026 14:00,65.73,66.23,65.68,66.19,908
19-02-2026 14:30,66.18,66.25,65.68,65.72,1209
19-02-2026 15:00,65.72,65.92,65.64,65.74,907
19-02-2026 15:30,65.74,66.01,65.61,65.70,909
19-02-2026 16:00,65.70,66.02,65.67,65.95,710
19-02-2026 16:30,65.95,65.98,65.80,65.96,560
19-02-2026 17:00,65.96,66.27,65.96,66.02,845
19-02-2026 17:30,66.02,66.14,65.95,66.02,678
19-02-2026 18:00,66.02,66.15,65.96,66.06,505
19-02-2026 18:30,66.06,66.32,66.00,66.29,574
19-02-2026 19:00,66.29,66.55,65.98,66.41,1406
19-02-2026 19:30,66.41,66.45,66.04,66.07,1233
19-02-2026 20:00,66.07,66.53,65.94,66.34,1799
19-02-2026 20:30,66.35,66.39,65.44,66.37,3625
19-02-2026 21:00,66.37,66.50,66.21,66.45,1298
19-02-2026 21:30,66.45,66.56,66.27,66.32,1339
19-02-2026 22:00,66.32,66.63,66.31,66.58,1125
19-02-2026 22:30,66.58,66.76,66.47,66.51,1300
19-02-2026 23:00,66.51,66.59,66.37,66.54,857
19-02-2026 23:30,66.54,66.56,66.19,66.35,1004
20-02-2026 00:00,66.35,66.54,66.30,66.47,637
20-02-2026 00:30,66.48,66.50,66.32,66.41,846
20-02-2026 01:00,66.41,66.58,66.35,66.57,484
20-02-2026 01:30,66.57,66.62,66.51,66.57,266
20-02-2026 02:00,66.57,66.70,66.57,66.69,239
20-02-2026 02:30,66.69,66.84,65.94,66.39,1149
20-02-2026 03:00,66.39,66.71,66.35,66.68,533
20-02-2026 04:30,66.43,66.58,66.41,66.55,261
20-02-2026 05:00,66.55,66.56,66.43,66.43,194
20-02-2026 05:30,66.43,66.52,66.29,66.35,232
20-02-2026 06:00,66.35,66.47,66.34,66.45,165
20-02-2026 06:30,66.45,66.71,66.35,66.55,500
20-02-2026 07:00,66.55,66.62,66.51,66.56,274
20-02-2026 07:30,66.56,66.84,66.55,66.69,409
20-02-2026 08:00,66.69,66.72,66.49,66.56,304
20-02-2026 08:30,66.56,66.62,66.47,66.51,190
20-02-2026 09:00,66.51,66.69,66.50,66.62,182
20-02-2026 09:30,66.62,66.68,66.61,66.65,109
20-02-2026 10:00,66.65,66.71,66.63,66.71,133
20-02-2026 10:30,66.70,66.79,66.68,66.79,125
20-02-2026 11:00,66.79,66.90,66.77,66.83,231
20-02-2026 11:30,66.83,67.01,66.83,66.97,258
20-02-2026 12:00,66.97,67.02,66.69,66.71,384
20-02-2026 12:30,66.71,66.74,66.52,66.55,467
20-02-2026 13:00,66.55,66.62,66.29,66.32,582
20-02-2026 13:30,66.31,66.40,66.25,66.34,896
20-02-2026 14:00,66.34,66.42,66.08,66.14,839
20-02-2026 14:30,66.15,66.54,66.13,66.54,806
20-02-2026 15:00,66.54,66.58,65.86,66.00,983
20-02-2026 15:30,66.00,66.04,65.86,65.97,1086
20-02-2026 16:00,65.97,66.11,65.93,65.96,741
20-02-2026 16:30,65.96,66.14,65.94,66.11,696
20-02-2026 17:00,66.11,66.37,65.80,65.98,977
20-02-2026 17:30,65.97,66.20,65.94,66.07,919
20-02-2026 18:00,66.07,66.20,65.94,66.15,792
20-02-2026 18:30,66.15,66.22,66.01,66.12,768
20-02-2026 19:00,66.12,66.27,66.06,66.25,856
20-02-2026 19:30,66.25,66.32,65.99,66.12,806
20-02-2026 20:00,66.12,66.48,65.87,66.25,2143
20-02-2026 20:30,66.25,66.63,66.10,66.18,3043
20-02-2026 21:00,66.18,66.20,65.85,65.94,1790
20-02-2026 21:30,65.95,66.13,65.82,66.02,1485
20-02-2026 22:00,66.02,66.33,65.98,66.18,1255
20-02-2026 22:30,66.18,66.34,66.13,66.18,909
20-02-2026 23:00,66.18,66.49,66.13,66.43,835
20-02-2026 23:30,66.43,66.71,66.27,66.30,1021
21-02-2026 00:00,66.32,66.63,66.27,66.54,1217
21-02-2026 00:30,66.54,66.55,66.27,66.47,1266
21-02-2026 01:00,66.47,66.51,66.27,66.45,605
21-02-2026 01:30,66.45,66.49,66.24,66.28,377
21-02-2026 02:00,66.28,66.37,66.23,66.36,353
21-02-2026 02:30,66.36,66.42,66.28,66.34,237
21-02-2026 03:00,66.34,66.39,66.29,66.31,259
23-02-2026 04:30,65.95,66.09,65.74,65.94,628
23-02-2026 05:00,65.95,66.03,65.82,65.98,316
23-02-2026 05:30,65.98,65.99,65.83,65.84,224
23-02-2026 06:00,65.84,65.85,65.64,65.71,282
23-02-2026 06:30,65.71,65.77,65.59,65.76,348
23-02-2026 07:00,65.76,65.97,65.74,65.89,259
23-02-2026 07:30,65.89,66.02,65.89,65.99,302
23-02-2026 08:00,65.99,66.02,65.87,65.88,214
23-02-2026 08:30,65.88,65.89,65.76,65.78,155
23-02-2026 09:00,65.78,65.79,65.68,65.70,203
23-02-2026 09:30,65.70,65.75,65.51,65.56,188
23-02-2026 10:00,65.56,65.65,65.56,65.57,158
23-02-2026 10:30,65.57,65.76,65.54,65.70,159
23-02-2026 11:00,65.70,65.80,65.68,65.73,176
23-02-2026 11:30,65.73,65.77,65.67,65.77,183
23-02-2026 12:00,65.77,65.81,65.62,65.65,216
23-02-2026 12:30,65.65,65.78,65.62,65.65,333
23-02-2026 13:00,65.65,65.71,65.51,65.64,434
23-02-2026 13:30,65.64,65.90,65.64,65.69,801
23-02-2026 14:00,65.69,65.87,65.55,65.85,697
23-02-2026 14:30,65.85,66.17,65.75,66.03,640
23-02-2026 15:00,66.03,66.29,66.03,66.21,585
23-02-2026 15:30,66.21,66.21,65.99,66.02,566
23-02-2026 16:00,66.02,66.14,66.01,66.08,391
23-02-2026 16:30,66.08,66.20,66.00,66.15,388
23-02-2026 17:00,66.15,66.45,66.15,66.43,592
23-02-2026 17:30,66.43,66.65,66.41,66.63,561
23-02-2026 18:00,66.63,66.71,66.56,66.69,423
23-02-2026 18:30,66.69,66.70,66.56,66.62,556
23-02-2026 19:00,66.62,66.92,66.53,66.89,698
23-02-2026 19:30,66.89,66.97,66.72,66.93,817
23-02-2026 20:00,66.93,67.20,66.91,66.99,1497
23-02-2026 20:30,66.99,67.26,66.99,67.23,1037
23-02-2026 21:00,67.23,67.26,66.76,66.78,1036
23-02-2026 21:30,66.78,67.12,66.45,67.01,1561
23-02-2026 22:00,67.02,67.04,66.27,66.38,1326
23-02-2026 22:30,66.39,66.44,66.23,66.29,738
23-02-2026 23:00,66.29,66.32,66.11,66.23,747
23-02-2026 23:30,66.23,66.29,66.16,66.18,546
24-02-2026 00:00,66.18,66.33,66.09,66.19,528
24-02-2026 00:30,66.19,66.37,66.09,66.29,739
24-02-2026 01:00,66.29,66.36,66.17,66.31,387
24-02-2026 01:30,66.31,66.42,66.31,66.39,239
24-02-2026 02:00,66.39,66.48,66.36,66.42,238
24-02-2026 02:30,66.42,66.48,66.34,66.37,269
24-02-2026 03:00,66.37,66.39,66.25,66.28,126
24-02-2026 04:30,66.29,66.30,66.15,66.23,141
24-02-2026 05:00,66.23,66.30,66.23,66.24,86
24-02-2026 05:30,66.24,66.30,66.21,66.22,114
24-02-2026 06:00,66.22,66.32,66.20,66.31,86
24-02-2026 06:30,66.31,66.41,66.05,66.20,1111
24-02-2026 07:00,66.20,66.46,66.19,66.43,775
24-02-2026 07:30,66.43,66.63,66.39,66.57,611
24-02-2026 08:00,66.57,66.80,66.56,66.79,493
24-02-2026 08:30,66.79,66.92,66.76,66.91,519
24-02-2026 09:00,66.91,66.91,66.82,66.87,217
24-02-2026 09:30,66.87,66.89,66.81,66.82,116
24-02-2026 10:00,66.82,66.87,66.77,66.78,120
24-02-2026 10:30,66.78,66.78,66.60,66.69,223
24-02-2026 11:00,66.69,66.94,66.68,66.82,499
24-02-2026 11:30,66.82,66.84,66.68,66.70,280
24-02-2026 12:00,66.70,66.77,66.62,66.76,445
24-02-2026 12:30,66.76,66.78,66.57,66.61,389
24-02-2026 13:00,66.61,66.62,66.46,66.54,313
24-02-2026 13:30,66.54,66.59,66.29,66.32,915
24-02-2026 14:00,66.33,66.56,66.27,66.54,834
24-02-2026 14:30,66.54,66.56,66.32,66.40,665
24-02-2026 15:00,66.40,66.57,66.39,66.54,552
24-02-2026 15:30,66.54,66.59,66.29,66.44,740
24-02-2026 16:00,66.44,66.48,66.18,66.26,584
24-02-2026 16:30,66.26,66.38,66.14,66.28,534
24-02-2026 17:00,66.28,66.38,66.20,66.34,420
24-02-2026 17:30,66.34,66.48,66.24,66.44,559
24-02-2026 18:00,66.44,66.62,66.40,66.61,644
24-02-2026 18:30,66.61,67.02,66.60,67.01,1091
24-02-2026 19:00,67.01,67.13,66.79,66.85,994
24-02-2026 19:30,66.85,66.86,66.62,66.66,830
24-02-2026 20:00,66.66,66.68,66.35,66.51,1449
24-02-2026 20:30,66.51,66.64,65.73,65.88,2053
24-02-2026 21:00,65.88,66.14,65.63,65.87,2230
24-02-2026 21:30,65.87,66.20,65.76,66.01,1312
24-02-2026 22:00,66.01,66.16,65.83,65.97,1049
24-02-2026 22:30,65.97,66.31,65.92,66.17,696
24-02-2026 23:00,66.17,66.17,65.68,65.82,941
24-02-2026 23:30,65.82,65.96,65.77,65.89,575
25-02-2026 00:00,65.89,66.02,65.78,65.93,479
25-02-2026 00:30,65.93,65.94,65.54,65.65,866
25-02-2026 01:00,65.64,65.92,65.59,65.88,416
25-02-2026 01:30,65.88,66.45,65.78,66.31,847
25-02-2026 02:00,66.31,66.38,66.17,66.28,423
25-02-2026 02:30,66.28,66.31,66.16,66.26,247
25-02-2026 03:00,66.26,66.26,65.96,66.06,357
25-02-2026 04:30,66.09,66.09,65.93,65.97,223
25-02-2026 05:00,65.97,66.04,65.92,66.01,156
25-02-2026 05:30,66.02,66.10,65.94,66.10,148
25-02-2026 06:00,66.10,66.21,66.04,66.08,176
25-02-2026 06:30,66.07,66.28,66.02,66.11,624
25-02-2026 07:00,66.11,66.12,65.94,66.04,406
25-02-2026 07:30,66.04,66.26,66.04,66.16,350
25-02-2026 08:00,66.16,66.33,66.15,66.29,440
25-02-2026 08:30,66.29,66.32,66.14,66.24,315
25-02-2026 09:00,66.24,66.57,65.97,66.00,641
25-02-2026 09:30,66.00,66.09,65.96,66.08,219
25-02-2026 10:00,66.08,66.12,66.00,66.00,145
25-02-2026 10:30,66.00,66.07,65.95,66.05,159
25-02-2026 11:00,66.05,66.09,65.96,66.02,377
25-02-2026 11:30,66.02,66.02,65.75,65.79,403
25-02-2026 12:00,65.79,66.00,65.77,65.97,389
25-02-2026 12:30,65.98,66.16,65.98,66.04,349
25-02-2026 13:00,66.04,66.06,65.82,65.88,402
25-02-2026 13:30,65.88,65.90,65.77,65.87,846
25-02-2026 14:00,65.87,66.12,65.72,65.99,890
25-02-2026 14:30,65.99,66.03,65.88,65.95,639
25-02-2026 15:00,65.95,65.96,65.44,65.62,923
25-02-2026 15:30,65.62,66.02,65.59,65.90,671
25-02-2026 16:00,65.90,65.94,65.68,65.89,511
25-02-2026 16:30,65.89,65.97,65.78,65.81,535
25-02-2026 17:00,65.81,65.91,65.80,65.86,421
25-02-2026 17:30,65.86,66.12,65.74,66.11,731
25-02-2026 18:00,66.12,66.28,65.93,66.20,853
25-02-2026 18:30,66.20,66.30,66.10,66.23,801
25-02-2026 19:00,66.23,66.26,65.85,65.89,951
25-02-2026 19:30,65.89,66.00,65.75,65.75,761
25-02-2026 20:00,65.75,65.76,65.27,65.31,1622
25-02-2026 20:30,65.30,65.62,65.28,65.51,1099
25-02-2026 21:00,65.50,65.54,65.24,65.40,1348
25-02-2026 21:30,65.40,65.53,65.11,65.49,1400
25-02-2026 22:00,65.49,65.52,65.28,65.45,853
25-02-2026 22:30,65.45,65.52,65.33,65.49,637
25-02-2026 23:00,65.49,65.55,65.38,65.51,472
25-02-2026 23:30,65.51,65.78,65.46,65.71,524
26-02-2026 00:00,65.71,65.76,65.54,65.58,466
26-02-2026 00:30,65.58,65.61,65.33,65.46,782
26-02-2026 01:00,65.45,65.73,65.44,65.71,383
26-02-2026 01:30,65.71,65.72,65.57,65.58,263
26-02-2026 02:00,65.58,65.58,65.41,65.44,242
26-02-2026 02:30,65.44,65.53,65.41,65.48,207
26-02-2026 03:00,65.48,65.60,65.46,65.56,224
26-02-2026 04:30,65.65,65.70,65.55,65.63,142
26-02-2026 05:00,65.63,65.65,65.60,65.61,97
26-02-2026 05:30,65.61,65.84,65.52,65.78,181
26-02-2026 06:00,65.78,65.80,65.69,65.73,112
26-02-2026 06:30,65.73,65.74,65.52,65.65,414
26-02-2026 07:00,65.65,65.71,65.60,65.61,296
26-02-2026 07:30,65.61,65.66,65.49,65.50,228
26-02-2026 08:00,65.50,65.51,65.33,65.45,462
26-02-2026 08:30,65.45,65.59,65.43,65.54,244
26-02-2026 09:00,65.54,65.55,65.47,65.50,111
26-02-2026 09:30,65.51,65.59,65.50,65.56,92
26-02-2026 10:00,65.56,65.60,65.53,65.56,73
26-02-2026 10:30,65.56,65.62,65.54,65.57,121
26-02-2026 11:00,65.56,65.64,65.47,65.53,346
26-02-2026 11:30,65.53,65.56,65.42,65.45,248
26-02-2026 12:00,65.45,65.51,65.42,65.48,313
26-02-2026 12:30,65.48,65.59,65.46,65.50,326
26-02-2026 13:00,65.50,65.57,65.36,65.46,393
26-02-2026 13:30,65.46,65.64,65.40,65.54,612
26-02-2026 14:00,65.55,65.58,65.39,65.44,660
26-02-2026 14:30,65.44,65.46,64.87,64.96,923
26-02-2026 15:00,64.96,65.13,64.79,65.09,881
26-02-2026 15:30,65.09,65.11,64.40,64.42,1214
26-02-2026 16:00,64.42,64.46,64.20,64.35,1026
26-02-2026 16:30,64.35,64.63,64.28,64.38,740
26-02-2026 17:00,64.38,64.42,64.26,64.29,415
26-02-2026 17:30,64.29,64.41,63.85,64.08,1008
26-02-2026 18:00,64.08,64.22,64.04,64.11,655
26-02-2026 18:30,64.11,64.13,63.60,64.12,1496
26-02-2026 19:00,64.12,64.47,64.09,64.36,1141
26-02-2026 19:30,64.36,64.45,64.06,64.16,1040
26-02-2026 20:00,64.16,64.69,64.05,64.69,1878
26-02-2026 20:30,64.69,65.64,64.69,65.63,2832
26-02-2026 21:00,65.63,66.50,65.56,66.47,2434
26-02-2026 21:30,66.47,66.69,66.25,66.60,2102
26-02-2026 22:00,66.59,66.62,65.87,66.42,1750
26-02-2026 22:30,66.41,66.57,66.11,66.42,1122
26-02-2026 23:00,66.40,66.57,66.39,66.45,672
26-02-2026 23:30,66.45,66.60,66.10,66.22,1671
27-02-2026 00:00,66.22,66.44,64.96,65.69,3481
27-02-2026 00:30,65.69,65.78,64.90,65.20,2673
27-02-2026 01:00,65.20,65.51,65.15,65.31,884
27-02-2026 01:30,65.31,65.45,65.22,65.39,516
27-02-2026 02:00,65.39,65.55,65.30,65.48,499
27-02-2026 02:30,65.48,65.62,65.39,65.48,396
27-02-2026 03:00,65.47,65.55,65.39,65.42,375
27-02-2026 04:30,65.28,65.35,65.20,65.28,233
27-02-2026 05:00,65.28,65.31,65.20,65.20,140
27-02-2026 05:30,65.20,65.29,65.13,65.26,169
27-02-2026 06:00,65.27,65.29,65.20,65.24,121
27-02-2026 06:30,65.24,65.25,64.86,65.00,771
27-02-2026 07:00,65.00,65.12,64.92,65.09,443
27-02-2026 07:30,65.09,65.11,64.94,65.03,322
27-02-2026 08:00,65.03,65.09,64.95,65.03,514
27-02-2026 08:30,65.03,65.21,65.02,65.19,351
27-02-2026 09:00,65.19,65.29,65.16,65.29,279
27-02-2026 09:30,65.29,65.31,65.23,65.31,173
27-02-2026 10:00,65.31,65.41,65.28,65.32,175
27-02-2026 10:30,65.32,65.47,65.31,65.45,190
27-02-2026 11:00,65.45,65.66,65.41,65.55,721
27-02-2026 11:30,65.55,65.71,65.48,65.66,310
27-02-2026 12:00,65.66,65.73,65.63,65.70,449
27-02-2026 12:30,65.70,65.75,65.64,65.69,392
27-02-2026 13:00,65.69,65.79,65.64,65.74,437
27-02-2026 13:30,65.74,66.03,65.65,65.92,960
27-02-2026 14:00,65.92,65.92,65.54,65.70,941
27-02-2026 14:30,65.69,66.15,65.62,65.96,1062
27-02-2026 15:00,65.96,66.44,65.92,66.42,964
27-02-2026 15:30,66.42,66.52,66.21,66.25,1014
27-02-2026 16:00,66.25,66.59,66.11,66.54,855
27-02-2026 16:30,66.54,66.74,66.45,66.61,827
27-02-2026 17:00,66.61,66.92,66.60,66.85,783
27-02-2026 17:30,66.85,66.94,66.74,66.78,688
27-02-2026 18:00,66.79,67.03,66.79,67.02,721
27-02-2026 18:30,67.02,67.61,67.01,67.53,2161
27-02-2026 19:00,67.53,67.79,67.42,67.74,1771
27-02-2026 19:30,67.74,67.81,67.17,67.29,1891
27-02-2026 20:00,67.29,67.40,66.85,66.88,2517
27-02-2026 20:30,66.88,67.06,66.77,66.91,1764
27-02-2026 21:00,66.91,67.01,66.49,66.89,1666
27-02-2026 21:30,66.89,66.90,66.49,66.50,1567
27-02-2026 22:00,66.50,66.66,66.40,66.52,1201
27-02-2026 22:30,66.52,66.78,66.47,66.64,969
27-02-2026 23:00,66.64,66.78,66.11,66.74,2168
27-02-2026 23:30,66.74,66.93,66.69,66.89,893
28-02-2026 00:00,66.89,67.04,66.79,67.02,856
28-02-2026 00:30,67.02,67.16,66.84,67.05,1175
28-02-2026 01:00,67.05,67.20,66.95,67.05,659
28-02-2026 01:30,67.04,67.29,66.99,67.16,500
28-02-2026 02:00,67.16,67.39,67.04,67.25,700
28-02-2026 02:30,67.25,67.37,66.97,67.33,723
28-02-2026 03:00,67.33,67.40,67.15,67.29,580
02-03-2026 04:30,74.70,74.95,71.00,72.50,6419
02-03-2026 05:00,72.51,72.89,71.85,71.95,2984
02-03-2026 05:30,71.95,72.11,71.55,71.70,1994
02-03-2026 06:00,71.71,72.08,71.54,71.76,1924
02-03-2026 06:30,71.76,71.81,69.39,69.52,3715
02-03-2026 07:00,69.52,70.27,69.32,69.71,4481
02-03-2026 07:30,69.70,70.28,69.43,69.84,2208
02-03-2026 08:00,69.84,70.23,69.59,69.98,2055
02-03-2026 08:30,69.98,70.46,69.90,70.37,1376
02-03-2026 09:00,70.37,71.09,70.35,70.69,1546
02-03-2026 09:30,70.69,71.21,70.45,70.86,1494
02-03-2026 10:00,70.86,71.33,70.62,71.17,1445
02-03-2026 10:30,71.18,71.42,70.90,71.24,1435
02-03-2026 11:00,71.23,71.55,70.93,71.55,1622
02-03-2026 11:30,71.55,72.00,71.54,71.84,2085
02-03-2026 12:00,71.84,72.29,71.59,71.96,2305
02-03-2026 12:30,71.96,73.13,71.95,72.60,4996
02-03-2026 13:00,72.61,73.31,72.41,73.22,3339
02-03-2026 13:30,73.22,73.34,72.73,72.96,3750
02-03-2026 14:00,72.97,73.24,72.07,72.52,3674
02-03-2026 14:30,72.52,72.52,71.79,71.87,3610
02-03-2026 15:00,71.87,72.46,71.78,72.40,2884
02-03-2026 15:30,72.41,72.43,71.28,72.01,3628
02-03-2026 16:00,72.01,72.10,71.65,71.99,2150
02-03-2026 16:30,71.99,72.33,71.70,71.79,1966
02-03-2026 17:00,71.79,71.98,71.12,71.93,2552
02-03-2026 17:30,71.93,72.81,71.91,72.75,2483
02-03-2026 18:00,72.75,72.91,72.37,72.59,2160
02-03-2026 18:30,72.59,72.59,71.70,72.31,3949
02-03-2026 19:00,72.31,72.56,71.98,72.27,2785
02-03-2026 19:30,72.28,72.41,71.84,71.91,3275
02-03-2026 20:00,71.91,72.07,70.76,71.04,4414
02-03-2026 20:30,71.04,71.69,70.90,71.65,3680
02-03-2026 21:00,71.65,71.79,71.18,71.24,2631
02-03-2026 21:30,71.24,71.34,70.53,71.09,3210
02-03-2026 22:00,71.08,71.32,70.08,70.86,4056
02-03-2026 22:30,70.86,70.87,70.16,70.43,2844
02-03-2026 23:00,70.43,70.94,70.37,70.59,1934
02-03-2026 23:30,70.59,70.95,70.31,70.88,1704
03-03-2026 00:00,70.88,71.23,70.83,71.09,1679
03-03-2026 00:30,71.09,71.27,70.79,71.22,2020
03-03-2026 01:00,71.21,71.32,70.82,70.88,1292
03-03-2026 01:30,70.88,72.76,70.88,72.61,4815
03-03-2026 02:00,72.61,72.67,71.53,71.57,2575
03-03-2026 02:30,71.56,71.77,71.24,71.48,1857
03-03-2026 03:00,71.48,71.53,71.00,71.04,1346
03-03-2026 04:30,71.22,71.50,70.60,70.67,678
03-03-2026 05:00,70.67,70.90,70.39,70.87,628
03-03-2026 05:30,70.88,71.31,70.86,71.26,758
03-03-2026 06:00,71.26,71.66,71.17,71.61,668
03-03-2026 06:30,71.61,72.12,71.61,72.04,2555
03-03-2026 07:00,72.04,72.10,71.73,71.74,1130
03-03-2026 07:30,71.74,72.42,71.53,72.31,1240
03-03-2026 08:00,72.31,72.47,72.07,72.37,1337
03-03-2026 08:30,72.38,72.70,72.34,72.52,1136
03-03-2026 09:00,72.52,72.53,72.29,72.43,713
03-03-2026 09:30,72.43,72.65,72.26,72.56,671
03-03-2026 10:00,72.56,72.78,72.47,72.67,640
03-03-2026 10:30,72.68,72.76,72.52,72.66,592
03-03-2026 11:00,72.66,73.37,72.52,72.83,2214
03-03-2026 11:30,72.83,72.87,72.31,72.66,1549
03-03-2026 12:00,72.66,73.08,72.65,73.04,1424
03-03-2026 12:30,73.04,73.51,72.98,73.34,2334
03-03-2026 13:00,73.34,74.09,73.13,73.84,2339
03-03-2026 13:30,73.84,74.09,73.47,73.78,2812
03-03-2026 14:00,73.79,74.49,73.49,74.44,2862
03-03-2026 14:30,74.44,75.27,74.30,74.81,3312
03-03-2026 15:00,74.81,75.53,74.78,75.20,2920
03-03-2026 15:30,75.20,76.00,74.86,75.82,3036
03-03-2026 16:00,75.82,77.16,75.73,76.45,4546
03-03-2026 16:30,76.46,77.50,76.16,76.60,5095
03-03-2026 17:00,76.60,77.17,75.89,77.16,4530
03-03-2026 17:30,77.16,77.56,75.68,76.02,5660
03-03-2026 18:00,76.02,76.78,75.70,75.92,4766
03-03-2026 18:30,75.92,76.45,75.34,76.30,5803
03-03-2026 19:00,76.30,76.51,75.87,76.19,4744
03-03-2026 19:30,76.19,77.96,76.18,77.36,5546
03-03-2026 20:00,77.36,77.37,76.55,76.67,5188
03-03-2026 20:30,76.67,77.62,76.47,77.49,4317
03-03-2026 21:00,77.49,77.55,76.50,76.95,4051
03-03-2026 21:30,76.95,77.30,76.62,76.81,3998
03-03-2026 22:00,76.81,76.84,74.58,75.96,6193
03-03-2026 22:30,75.96,76.41,75.61,75.75,4066
03-03-2026 23:00,75.75,75.94,75.16,75.53,3053
03-03-2026 23:30,75.53,75.53,74.90,75.25,2797
04-03-2026 00:00,75.23,75.30,73.69,74.68,4972
04-03-2026 00:30,74.68,74.84,74.20,74.57,3373
04-03-2026 01:00,74.57,74.82,71.68,73.56,7284
04-03-2026 01:30,73.56,73.82,73.06,73.41,3053
04-03-2026 02:00,73.42,74.16,73.40,74.06,2332
04-03-2026 02:30,74.07,74.80,74.00,74.57,2107
04-03-2026 03:00,74.57,75.11,74.50,74.81,2006
04-03-2026 04:30,74.90,75.29,74.54,75.18,738
04-03-2026 05:00,75.19,75.54,75.05,75.52,702
04-03-2026 05:30,75.52,75.67,74.42,74.53,1390
04-03-2026 06:00,74.53,75.18,74.53,74.94,995
04-03-2026 06:30,74.94,75.59,74.36,75.28,4902
04-03-2026 07:00,75.27,75.67,74.55,74.93,4230
04-03-2026 07:30,74.93,75.52,74.82,74.97,2206
04-03-2026 08:00,74.97,75.30,74.74,75.01,3001
04-03-2026 08:30,75.01,75.31,74.66,74.81,2618
04-03-2026 09:00,74.81,75.14,74.79,75.10,1040
04-03-2026 09:30,75.10,75.45,74.98,75.37,859
04-03-2026 10:00,75.37,75.56,75.28,75.47,780
04-03-2026 10:30,75.47,75.95,75.25,75.73,1153
04-03-2026 11:00,75.73,76.29,75.41,75.89,2834
04-03-2026 11:30,75.89,76.49,75.75,76.39,1896
04-03-2026 12:00,76.39,76.83,76.06,76.83,1911
04-03-2026 12:30,76.83,76.96,76.38,76.77,2244
04-03-2026 13:00,76.77,76.85,76.32,76.43,2118
04-03-2026 13:30,76.43,76.85,76.09,76.71,2988
04-03-2026 14:00,76.72,77.21,76.64,76.72,3016
04-03-2026 14:30,76.72,76.90,75.89,76.14,2803
04-03-2026 15:00,76.14,76.81,75.56,76.74,3088
04-03-2026 15:30,76.74,76.78,74.97,75.74,5668
04-03-2026 16:00,75.74,75.76,74.84,75.21,3082
04-03-2026 16:30,75.21,75.58,74.43,74.66,3118
04-03-2026 17:00,74.66,75.10,74.45,74.92,2346
04-03-2026 17:30,74.92,75.27,74.22,74.65,3694
04-03-2026 18:00,74.65,75.05,74.24,74.63,2778
04-03-2026 18:30,74.63,74.67,73.30,74.04,5822
04-03-2026 19:00,74.04,74.38,73.28,73.89,3786
04-03-2026 19:30,73.90,74.37,73.66,74.12,3854
04-03-2026 20:00,74.12,75.13,74.07,74.33,5196
04-03-2026 20:30,74.33,74.52,73.71,74.02,4304
04-03-2026 21:00,74.02,74.37,73.65,74.21,3749
04-03-2026 21:30,74.21,74.77,73.76,73.81,3448
04-03-2026 22:00,73.81,74.15,73.64,74.14,2887
04-03-2026 22:30,74.14,75.14,74.04,74.93,2393
04-03-2026 23:00,74.93,75.17,74.62,75.11,2674
04-03-2026 23:30,75.12,75.14,74.71,74.86,2334
05-03-2026 00:00,74.86,75.22,74.71,74.89,1797
05-03-2026 00:30,74.89,74.90,74.38,74.68,2294
05-03-2026 01:00,74.67,74.75,74.39,74.50,970
05-03-2026 01:30,74.50,75.22,74.49,75.19,1127
05-03-2026 02:00,75.19,75.35,75.05,75.28,1349
05-03-2026 02:30,75.28,76.22,75.23,75.98,1505
05-03-2026 03:00,75.98,76.16,75.75,76.05,1161
05-03-2026 04:30,75.94,76.10,75.80,76.04,536
05-03-2026 05:00,76.05,76.11,75.89,75.93,227
05-03-2026 05:30,75.94,75.94,75.55,75.75,662
05-03-2026 06:00,75.75,75.78,75.62,75.69,270
05-03-2026 06:30,75.69,76.85,75.69,76.71,3302
05-03-2026 07:00,76.71,76.93,76.41,76.89,2054
05-03-2026 07:30,76.89,77.33,76.73,77.30,1334
05-03-2026 08:00,77.30,77.39,76.87,77.36,2046
05-03-2026 08:30,77.36,77.36,76.91,77.14,1632
05-03-2026 09:00,77.14,77.24,77.01,77.07,1182
05-03-2026 09:30,77.07,77.63,77.04,77.43,950
05-03-2026 10:00,77.43,77.47,77.13,77.36,812
05-03-2026 10:30,77.36,77.60,77.30,77.42,1045
05-03-2026 11:00,77.42,78.06,77.36,77.73,2147
05-03-2026 11:30,77.73,77.73,77.24,77.45,2655
05-03-2026 12:00,77.46,77.73,76.08,76.56,4164
05-03-2026 12:30,76.55,77.12,76.51,76.88,2876
05-03-2026 13:00,76.88,77.28,76.87,77.15,2027
05-03-2026 13:30,77.15,77.64,76.87,77.64,3162
05-03-2026 14:00,77.63,77.63,76.83,76.99,2440
05-03-2026 14:30,76.97,77.11,74.96,75.70,5947
05-03-2026 15:00,75.70,76.53,75.58,76.38,3314
05-03-2026 15:30,76.38,76.60,76.10,76.27,2427
05-03-2026 16:00,76.27,76.68,76.10,76.49,2335
05-03-2026 16:30,76.49,76.84,76.33,76.66,1906
05-03-2026 17:00,76.66,77.15,76.62,77.05,1789
05-03-2026 17:30,77.05,77.30,76.62,76.95,2226
05-03-2026 18:00,76.95,77.46,76.61,77.19,2115
05-03-2026 18:30,77.19,77.35,76.56,76.93,3765
05-03-2026 19:00,76.93,77.31,76.65,77.13,3525
05-03-2026 19:30,77.13,78.34,76.85,77.87,3612
05-03-2026 20:00,77.87,78.21,77.52,77.95,3840
05-03-2026 20:30,77.95,78.78,77.71,78.72,3731
05-03-2026 21:00,78.73,79.03,78.51,78.64,3867
05-03-2026 21:30,78.64,79.94,78.29,79.57,4687
05-03-2026 22:00,79.57,79.62,78.91,79.20,3505
05-03-2026 22:30,79.20,79.78,79.07,79.55,2994
05-03-2026 23:00,79.54,79.71,78.76,79.63,3493
05-03-2026 23:30,79.63,80.83,79.05,80.81,3524
06-03-2026 00:00,80.81,81.12,80.43,80.83,2971
06-03-2026 00:30,80.82,81.61,80.67,80.96,3815
06-03-2026 01:00,80.96,81.70,80.63,81.59,2473
06-03-2026 01:30,81.59,82.13,79.39,79.78,6492
06-03-2026 02:00,79.78,80.37,79.58,79.78,3324
06-03-2026 02:30,79.78,79.96,78.87,79.00,2411
06-03-2026 03:00,78.97,79.21,78.60,78.87,2207
06-03-2026 04:30,79.40,79.89,79.04,79.61,906
06-03-2026 05:00,79.61,79.72,78.95,79.41,756
06-03-2026 05:30,79.41,79.59,79.07,79.22,773
06-03-2026 06:00,79.22,79.36,78.51,78.64,1030
06-03-2026 06:30,78.64,79.10,78.21,79.05,4294
06-03-2026 07:00,79.05,79.82,78.93,79.79,2977
06-03-2026 07:30,79.78,79.83,79.24,79.46,2121
06-03-2026 08:00,79.46,79.70,79.14,79.66,2269
06-03-2026 08:30,79.66,80.13,79.47,79.96,2074
06-03-2026 09:00,79.96,80.16,79.85,80.00,997
06-03-2026 09:30,80.00,80.05,79.78,79.86,728
06-03-2026 10:00,79.86,80.07,79.77,80.00,761
06-03-2026 10:30,80.00,80.15,79.91,79.96,752
06-03-2026 11:00,79.96,80.42,79.68,80.30,3342
06-03-2026 11:30,80.31,80.75,80.23,80.67,2477
06-03-2026 12:00,80.67,80.91,80.36,80.69,2302
06-03-2026 12:30,80.69,80.79,80.26,80.58,1751
06-03-2026 13:00,80.58,81.11,80.34,81.08,1874
06-03-2026 13:30,81.08,81.73,80.83,81.63,2903
06-03-2026 14:00,81.62,81.66,81.08,81.37,2407
06-03-2026 14:30,81.35,82.92,81.16,82.86,3186
06-03-2026 15:00,82.86,84.87,82.71,84.68,5358
06-03-2026 15:30,84.69,84.69,83.53,83.75,4612
06-03-2026 16:00,83.75,84.44,83.66,84.00,3707
06-03-2026 16:30,84.00,84.88,83.92,84.50,3716
06-03-2026 17:00,84.50,86.20,84.46,86.02,4709
06-03-2026 17:30,86.02,86.57,85.29,85.93,4410
06-03-2026 18:00,85.93,86.68,85.87,86.07,3547
06-03-2026 18:30,86.07,86.54,84.85,86.34,6619
06-03-2026 19:00,86.34,87.77,85.79,87.34,6329
06-03-2026 19:30,87.34,88.42,87.09,88.07,6301
06-03-2026 20:00,88.07,89.60,87.79,88.71,8279
06-03-2026 20:30,88.72,89.02,87.50,89.00,6892
06-03-2026 21:00,89.00,89.52,88.36,88.81,5621
06-03-2026 21:30,88.81,89.24,88.20,88.71,5555
06-03-2026 22:00,88.72,90.35,88.72,90.27,5321
06-03-2026 22:30,90.28,91.42,89.66,91.23,5723
06-03-2026 23:00,91.23,92.50,91.10,92.38,6277
06-03-2026 23:30,92.38,92.49,89.54,90.66,8294
07-03-2026 00:00,90.66,91.74,90.23,91.58,4941
07-03-2026 00:30,91.57,91.57,90.18,90.84,6673
07-03-2026 01:00,90.84,91.69,90.21,91.32,4808
07-03-2026 01:30,91.32,91.35,90.58,91.11,2935
07-03-2026 02:00,91.10,91.11,90.30,90.66,3089
07-03-2026 02:30,90.68,91.51,90.57,91.02,2193
07-03-2026 03:00,90.98,91.40,90.59,91.35,2077
09-03-2026 03:30,101.00,111.19,100.69,106.24,10496
09-03-2026 04:00,106.24,109.02,106.18,106.86,7300
09-03-2026 04:30,106.86,107.13,105.03,106.16,5822
09-03-2026 05:00,106.16,108.45,105.97,108.00,4411
09-03-2026 05:30,108.00,108.08,106.41,107.66,4880
09-03-2026 06:00,107.66,109.97,107.62,108.23,4800
09-03-2026 06:30,108.23,109.92,108.02,109.09,4840
09-03-2026 07:00,109.09,115.58,109.07,115.00,7393
09-03-2026 07:30,115.00,118.78,113.02,116.52,10065
09-03-2026 08:00,116.51,119.39,111.99,114.23,9829
09-03-2026 08:30,114.24,114.89,111.26,114.37,7662
09-03-2026 09:00,114.36,116.43,113.60,115.53,5528
09-03-2026 09:30,115.53,116.34,114.55,115.03,4465
09-03-2026 10:00,115.08,116.71,114.88,115.80,4044
09-03-2026 10:30,115.80,115.88,106.46,107.01,9761
09-03-2026 11:00,106.99,109.02,102.98,103.61,12566
09-03-2026 11:30,103.62,105.38,99.98,104.61,11096
09-03-2026 12:00,104.61,107.30,103.48,104.42,8337
09-03-2026 12:30,104.42,104.42,101.17,101.27,6958
09-03-2026 13:00,101.23,103.54,100.31,102.79,6673
09-03-2026 13:30,102.74,104.88,101.51,104.80,7823
09-03-2026 14:00,104.85,104.85,102.51,103.07,6505
09-03-2026 14:30,103.07,104.74,101.28,101.56,6322
09-03-2026 15:00,101.56,102.00,96.31,101.05,9463
09-03-2026 15:30,101.05,102.43,100.56,102.39,6613
09-03-2026 16:00,102.39,103.87,101.99,103.17,6945
09-03-2026 16:30,103.17,103.73,101.64,103.30,5515
09-03-2026 17:00,103.30,103.64,101.54,102.15,4494
09-03-2026 17:30,102.15,102.26,100.09,100.97,5305
09-03-2026 18:00,100.98,103.47,100.60,102.20,4973
09-03-2026 18:30,102.18,102.18,98.74,100.11,8397
09-03-2026 19:00,100.11,101.33,97.19,99.64,9256
09-03-2026 19:30,99.64,104.50,99.32,101.43,10769
09-03-2026 20:00,101.43,101.76,99.56,100.51,7739
09-03-2026 20:30,100.51,100.59,95.20,95.60,8507
09-03-2026 21:00,95.63,97.04,94.64,95.58,7916
09-03-2026 21:30,95.58,97.33,93.14,94.68,10350
09-03-2026 22:00,94.69,95.76,93.15,94.75,5912
09-03-2026 22:30,94.75,96.00,94.20,94.84,4438
09-03-2026 23:00,94.83,95.52,94.25,94.92,4152
09-03-2026 23:30,94.92,94.96,91.61,94.80,6976
10-03-2026 00:00,94.85,95.38,93.99,95.24,4388
10-03-2026 00:30,95.25,95.54,86.68,87.53,6900
10-03-2026 01:00,87.55,88.91,81.16,85.84,10623
10-03-2026 01:30,85.89,88.77,84.56,85.19,7778
10-03-2026 02:00,85.20,85.61,82.60,84.74,6432
10-03-2026 03:30,85.46,89.91,84.97,87.86,3950
10-03-2026 04:00,87.88,88.88,87.28,87.84,2564
10-03-2026 04:30,87.85,89.17,87.08,88.97,1783
10-03-2026 05:00,88.98,90.18,88.62,88.62,2088
10-03-2026 05:30,88.62,89.30,87.05,88.37,4048
10-03-2026 06:00,88.37,88.37,85.22,86.75,3737
10-03-2026 06:30,86.75,86.96,84.47,86.44,5127
10-03-2026 07:00,86.46,86.49,84.41,84.86,3939
10-03-2026 07:30,84.86,85.67,84.67,85.43,2750
10-03-2026 08:00,85.43,88.84,85.39,88.59,3940
10-03-2026 08:30,88.59,89.73,88.13,89.38,4132
10-03-2026 09:00,89.40,91.40,89.16,89.85,3757
10-03-2026 09:30,89.84,91.02,89.59,90.55,2453
10-03-2026 10:00,90.56,90.84,89.78,90.46,1945
10-03-2026 10:30,90.48,90.48,87.69,88.77,3124
10-03-2026 11:00,88.78,89.05,87.42,89.03,4061
10-03-2026 11:30,89.02,89.57,87.83,89.18,3770
10-03-2026 12:00,89.21,89.99,89.01,89.76,3569
10-03-2026 12:30,89.76,89.99,86.15,86.22,3908
10-03-2026 13:00,86.22,87.46,85.51,85.77,3637
10-03-2026 13:30,85.77,87.46,85.24,87.08,4478
10-03-2026 14:00,87.10,88.59,86.59,88.55,3277
10-03-2026 14:30,88.54,88.70,86.69,87.41,3566
10-03-2026 15:00,87.41,87.50,85.89,86.90,3765
10-03-2026 15:30,86.90,89.46,86.71,88.14,3772
10-03-2026 16:00,88.14,90.11,88.06,88.75,3515
10-03-2026 16:30,88.75,89.35,86.43,88.04,4372
10-03-2026 17:00,88.04,89.83,87.92,89.17,3243
10-03-2026 17:30,89.17,91.04,88.88,90.73,4401
10-03-2026 18:00,90.73,90.98,88.72,89.48,3676
10-03-2026 18:30,89.49,89.49,88.07,88.77,4987
10-03-2026 19:00,88.77,89.03,87.17,87.56,5617
10-03-2026 19:30,87.55,88.44,86.29,86.38,4911
10-03-2026 20:00,86.39,86.44,82.99,84.20,6569
10-03-2026 20:30,84.18,84.64,82.80,83.21,5366
10-03-2026 21:00,83.22,84.87,83.01,84.28,4598
10-03-2026 21:30,84.28,85.74,84.28,84.56,4604
10-03-2026 22:00,84.57,84.74,82.05,82.30,4645
10-03-2026 22:30,82.30,82.65,76.74,78.48,9078
10-03-2026 23:00,78.48,81.51,78.42,80.16,7577
10-03-2026 23:30,80.16,86.68,79.60,83.79,8463
11-03-2026 00:00,83.82,84.98,82.80,84.06,5789
11-03-2026 00:30,84.05,87.14,83.89,86.97,4232
11-03-2026 01:00,86.97,87.70,85.20,86.62,4685
11-03-2026 01:30,86.61,86.93,85.74,86.67,2958
11-03-2026 02:00,86.67,87.20,86.33,86.47,1727
11-03-2026 03:30,87.21,87.79,87.00,87.46,849
11-03-2026 04:00,87.46,88.54,87.38,88.27,1030
11-03-2026 04:30,88.29,88.29,85.54,85.77,1655
11-03-2026 05:00,85.77,86.21,85.22,85.60,1237
11-03-2026 05:30,85.61,85.69,81.76,83.12,4036
11-03-2026 06:00,83.12,83.68,82.53,82.92,2481
11-03-2026 06:30,82.92,84.43,82.42,83.54,3881
11-03-2026 07:00,83.54,84.02,82.76,83.09,2640
11-03-2026 07:30,83.09,84.13,82.94,84.06,2383
11-03-2026 08:00,84.05,85.04,83.93,84.11,2781
11-03-2026 08:30,84.11,84.31,83.41,83.62,2434
11-03-2026 09:00,83.62,83.68,82.61,82.83,1630
11-03-2026 09:30,82.82,83.53,82.64,82.75,1449
11-03-2026 10:00,82.75,83.18,82.33,83.03,1445
11-03-2026 10:30,83.03,83.73,82.91,83.25,1199
11-03-2026 11:00,83.24,84.26,83.09,83.98,2398
11-03-2026 11:30,83.98,84.52,83.82,83.93,1939
11-03-2026 12:00,83.93,84.09,83.13,83.53,2003
11-03-2026 12:30,83.53,84.64,83.31,84.31,2389
11-03-2026 13:00,84.31,85.74,84.25,85.46,2991
11-03-2026 13:30,85.45,85.96,84.88,85.78,2805
11-03-2026 14:00,85.79,86.79,84.89,86.49,3212
11-03-2026 14:30,86.49,88.60,86.29,88.57,3742
11-03-2026 15:00,88.57,88.88,87.70,88.74,3124
11-03-2026 15:30,88.74,88.74,86.21,86.87,3644
11-03-2026 16:00,86.85,87.15,84.68,84.88,3590
11-03-2026 16:30,84.90,86.16,84.64,85.96,3001
11-03-2026 17:00,85.96,87.23,85.80,86.66,4104
11-03-2026 17:30,86.66,87.35,86.17,86.75,3027
11-03-2026 18:00,86.75,88.03,86.42,87.19,3253
11-03-2026 18:30,87.18,87.24,85.21,85.57,5064
11-03-2026 19:00,85.58,86.09,83.54,84.02,4995
11-03-2026 19:30,84.02,86.78,82.19,86.68,6980
11-03-2026 20:00,86.67,86.99,85.78,86.16,4321
11-03-2026 20:30,86.16,87.43,85.76,87.39,4009
11-03-2026 21:00,87.39,87.62,86.75,87.58,3571
11-03-2026 21:30,87.58,88.58,87.46,87.87,4190
11-03-2026 22:00,87.86,88.04,86.88,87.11,3209
11-03-2026 22:30,87.09,87.10,86.15,86.70,2802
11-03-2026 23:00,86.70,88.33,86.60,87.82,3916
11-03-2026 23:30,87.82,88.41,86.67,86.84,4280
12-03-2026 00:00,86.84,87.81,86.77,87.22,2802
12-03-2026 00:30,87.22,87.60,86.91,87.58,1632
12-03-2026 01:00,87.58,88.06,87.52,87.95,1146
12-03-2026 01:30,87.95,88.54,87.78,88.14,1430
12-03-2026 02:00,88.14,88.56,87.90,88.33,1037
12-03-2026 03:30,89.24,91.33,88.80,91.12,2080
12-03-2026 04:00,91.12,92.94,90.62,90.80,3304
12-03-2026 04:30,90.80,92.62,90.69,92.58,2193
12-03-2026 05:00,92.58,94.33,92.39,92.40,2949
12-03-2026 05:30,92.43,94.17,92.05,93.69,3954
12-03-2026 06:00,93.69,93.71,92.52,93.11,2112
12-03-2026 06:30,93.11,93.52,91.70,92.30,3546
12-03-2026 07:00,92.30,93.65,92.18,93.21,2517
12-03-2026 07:30,93.21,93.81,93.17,93.61,1905
12-03-2026 08:00,93.62,95.93,93.62,94.53,3827
12-03-2026 08:30,94.53,95.51,94.27,95.14,2796
12-03-2026 09:00,95.15,95.35,93.91,94.45,2028
12-03-2026 09:30,94.45,94.60,94.03,94.45,1314
12-03-2026 10:00,94.45,95.19,94.35,94.79,1599
12-03-2026 10:30,94.79,94.80,92.33,94.20,3336
12-03-2026 11:00,94.20,94.52,93.04,93.06,3440
12-03-2026 11:30,93.06,93.69,92.63,92.77,3097
12-03-2026 12:00,92.77,93.12,91.46,92.53,3041
12-03-2026 12:30,92.53,92.53,90.31,90.89,3131
12-03-2026 13:00,90.89,91.38,89.89,90.43,2455
12-03-2026 13:30,90.34,92.10,90.23,92.03,2956
12-03-2026 14:00,92.03,92.48,91.67,92.07,2170
12-03-2026 14:30,92.07,92.86,91.80,92.44,2040
12-03-2026 15:00,92.44,92.63,91.05,91.21,2079
12-03-2026 15:30,91.19,91.82,90.88,91.32,2043
12-03-2026 16:00,91.32,91.35,90.70,91.05,1811
12-03-2026 16:30,91.05,92.38,90.98,91.70,1845
12-03-2026 17:00,91.70,92.82,91.26,92.67,2016
12-03-2026 17:30,92.55,93.51,92.37,93.22,2328
12-03-2026 18:00,93.22,93.52,92.60,92.87,2081
12-03-2026 18:30,92.85,95.13,92.57,94.33,3953
12-03-2026 19:00,94.34,95.04,93.57,94.76,3383
12-03-2026 19:30,94.78,96.07,94.21,95.99,2944
12-03-2026 20:00,95.99,96.17,94.28,95.66,3768
12-03-2026 20:30,95.67,96.99,95.48,96.53,3442
12-03-2026 21:00,96.56,97.16,94.31,94.53,4262
12-03-2026 21:30,94.52,95.76,94.45,94.77,3358
12-03-2026 22:00,94.74,95.05,93.02,94.81,3225
12-03-2026 22:30,94.81,95.49,94.42,95.11,2494
12-03-2026 23:00,95.11,95.35,94.20,94.34,2180
12-03-2026 23:30,94.34,95.88,93.91,95.70,2812
13-03-2026 00:00,95.71,96.66,95.58,96.53,2084
13-03-2026 00:30,96.54,96.94,95.68,96.16,1981
13-03-2026 01:00,96.16,96.53,95.43,96.30,1560
13-03-2026 01:30,96.30,96.62,95.70,96.26,1282
13-03-2026 02:00,96.26,96.63,96.13,96.32,976
13-03-2026 03:30,97.08,97.98,96.77,97.24,1389
13-03-2026 04:00,97.24,97.32,95.68,96.21,1368
13-03-2026 04:30,96.21,97.47,96.21,96.86,964
13-03-2026 05:00,96.86,97.01,96.41,96.56,852
13-03-2026 05:30,96.65,96.69,94.82,95.16,1646
13-03-2026 06:00,95.15,95.71,94.87,95.53,1428
13-03-2026 06:30,95.53,95.58,94.65,94.97,2354
13-03-2026 07:00,94.96,96.19,94.89,95.69,1833
13-03-2026 07:30,95.69,95.87,95.30,95.78,1313
13-03-2026 08:00,95.78,96.44,95.47,96.22,1622
13-03-2026 08:30,96.22,96.57,95.83,95.91,1570
13-03-2026 09:00,95.90,95.94,95.18,95.54,1138
13-03-2026 09:30,95.54,95.75,95.28,95.65,621
13-03-2026 10:00,95.65,95.85,95.21,95.26,826
13-03-2026 10:30,95.26,95.60,95.08,95.25,931
13-03-2026 11:00,95.24,95.40,94.89,95.11,1658
13-03-2026 11:30,95.10,95.79,94.50,95.62,2049
13-03-2026 12:00,95.62,96.28,95.20,96.19,1733
13-03-2026 12:30,96.20,97.04,96.02,96.65,1588
13-03-2026 13:00,96.64,97.56,96.23,97.17,1938
13-03-2026 13:30,97.15,97.81,96.88,97.04,2465
13-03-2026 14:00,97.09,97.14,95.47,95.64,2420
13-03-2026 14:30,95.62,96.00,94.97,95.88,2285
13-03-2026 15:00,95.90,96.25,95.62,95.75,1339
13-03-2026 15:30,95.75,95.90,94.95,95.13,1531
13-03-2026 16:00,95.12,95.38,93.34,93.65,2369
13-03-2026 16:30,93.66,95.01,93.11,94.42,2729
13-03-2026 17:00,94.43,94.55,93.19,93.42,1891
13-03-2026 17:30,93.41,94.01,93.01,93.86,2016
13-03-2026 18:00,93.87,94.36,92.10,93.56,2672
13-03-2026 18:30,93.55,94.19,92.89,93.59,3094
13-03-2026 19:00,93.59,94.55,93.18,94.42,3203
13-03-2026 19:30,94.38,94.84,94.17,94.53,2575
13-03-2026 20:00,94.54,95.72,94.01,95.62,2731
13-03-2026 20:30,95.58,96.12,95.40,95.74,2248
13-03-2026 21:00,95.73,96.78,95.60,96.37,2763
13-03-2026 21:30,96.35,97.52,96.20,97.15,2615
13-03-2026 22:00,97.17,97.23,96.42,96.86,2103
13-03-2026 22:30,96.84,97.01,96.38,96.69,1938
13-03-2026 23:00,96.69,98.20,96.68,97.96,2222
13-03-2026 23:30,97.91,99.28,97.72,98.55,3232
14-03-2026 00:00,98.55,98.56,96.98,97.43,2333
14-03-2026 00:30,97.43,98.05,97.23,97.92,1508
14-03-2026 01:00,97.92,98.31,97.68,98.19,1433
14-03-2026 01:30,98.18,98.94,98.18,98.63,1284
14-03-2026 02:00,98.63,99.28,98.31,99.25,1211
16-03-2026 03:30,98.88,99.66,98.10,99.22,2508
16-03-2026 04:00,99.23,99.42,97.62,97.79,1778
16-03-2026 04:30,97.79,98.47,97.69,97.91,1523
16-03-2026 05:00,97.91,98.54,96.64,96.99,1486
16-03-2026 05:30,96.99,97.09,95.81,96.29,1906
16-03-2026 06:00,96.29,96.40,95.65,95.72,1274
16-03-2026 06:30,95.72,96.64,95.08,96.63,2500
16-03-2026 07:00,96.62,97.18,96.41,96.98,2055
16-03-2026 07:30,96.98,97.46,96.54,97.42,1530
16-03-2026 08:00,97.42,97.86,97.13,97.39,2088
16-03-2026 08:30,97.39,97.65,97.20,97.27,1402
16-03-2026 09:00,97.27,97.67,96.99,97.55,864
16-03-2026 09:30,97.55,97.93,97.50,97.78,705
16-03-2026 10:00,97.79,98.00,97.71,97.84,478
16-03-2026 10:30,97.84,97.99,97.68,97.90,605
16-03-2026 11:00,97.90,98.05,96.73,96.83,1771
16-03-2026 11:30,96.84,97.86,96.52,97.60,1554
16-03-2026 12:00,97.60,98.07,97.30,97.34,1302
16-03-2026 12:30,97.34,98.83,97.02,98.74,1633
16-03-2026 13:00,98.73,99.24,98.59,98.77,1311
16-03-2026 13:30,98.73,99.16,98.33,98.64,1929
16-03-2026 14:00,98.64,99.16,98.00,98.22,1633
16-03-2026 14:30,98.21,98.71,97.70,97.83,1363
16-03-2026 15:00,97.83,97.96,97.24,97.71,1551
16-03-2026 15:30,97.67,97.87,96.29,96.38,1692
16-03-2026 16:00,96.35,96.66,95.56,95.67,2056
16-03-2026 16:30,95.68,96.65,95.55,96.45,2003
16-03-2026 17:00,96.42,96.48,95.78,95.96,1633
16-03-2026 17:30,95.96,96.33,95.29,95.59,1821
16-03-2026 18:00,95.59,95.66,93.38,94.13,3101
16-03-2026 18:30,94.05,94.63,93.27,93.89,3341
16-03-2026 19:00,93.84,94.06,91.84,92.17,3610
16-03-2026 19:30,92.15,93.32,91.90,93.22,3270
16-03-2026 20:00,93.22,94.40,93.21,94.09,2692
16-03-2026 20:30,94.10,94.61,93.70,94.27,2168
16-03-2026 21:00,94.31,94.48,93.49,94.35,2282
16-03-2026 21:30,94.35,95.46,93.86,95.16,2416
16-03-2026 22:00,95.14,95.22,94.17,94.47,1722
16-03-2026 22:30,94.48,94.50,92.68,92.91,2791
16-03-2026 23:00,92.88,93.53,92.80,93.16,1773
16-03-2026 23:30,93.16,93.42,91.95,92.45,2969
17-03-2026 00:00,92.48,92.97,92.28,92.44,1268
17-03-2026 00:30,92.44,93.67,92.44,92.90,1252
17-03-2026 01:00,92.90,93.24,91.96,92.34,1976
17-03-2026 01:30,92.32,92.84,92.08,92.79,1261
17-03-2026 02:00,92.79,93.32,92.51,93.06,1022
17-03-2026 03:30,93.39,93.58,92.86,93.29,685
17-03-2026 04:00,93.29,94.15,93.26,93.89,753
17-03-2026 04:30,93.89,94.23,93.72,93.99,534
17-03-2026 05:00,93.99,93.99,93.39,93.85,497
17-03-2026 05:30,93.85,94.48,93.79,94.39,1093
17-03-2026 06:00,94.39,95.36,94.36,94.90,983
17-03-2026 06:30,94.90,95.20,94.52,94.59,1831
17-03-2026 07:00,94.61,95.06,94.27,94.99,1374
17-03-2026 07:30,94.99,95.27,94.98,95.09,808
17-03-2026 08:00,95.09,95.27,94.71,95.10,1121
17-03-2026 08:30,95.10,95.24,94.91,95.06,933
17-03-2026 09:00,95.05,95.36,94.89,95.16,763
17-03-2026 09:30,95.16,95.43,94.93,95.03,615
17-03-2026 10:00,95.05,95.05,94.61,95.01,658
17-03-2026 10:30,95.01,95.02,94.55,94.57,487
17-03-2026 11:00,94.57,97.17,94.45,97.01,1874
17-03-2026 11:30,97.02,97.61,96.25,96.37,2425
17-03-2026 12:00,96.37,96.99,96.21,96.78,1585
17-03-2026 12:30,96.78,97.00,95.85,96.10,1690
17-03-2026 13:00,96.10,96.46,95.71,96.02,1414
17-03-2026 13:30,96.04,97.03,95.86,96.74,2296
17-03-2026 14:00,96.75,96.97,96.04,96.62,1800
17-03-2026 14:30,96.62,96.64,95.16,95.23,1792
17-03-2026 15:00,95.23,95.68,94.97,95.21,1798
17-03-2026 15:30,95.21,96.21,95.20,96.01,1406
17-03-2026 16:00,96.04,96.14,95.45,95.53,1308
17-03-2026 16:30,95.53,95.91,95.52,95.85,1235
17-03-2026 17:00,95.85,96.36,95.77,96.20,1342
17-03-2026 17:30,96.20,96.32,94.70,94.86,2053
17-03-2026 18:00,94.85,95.27,94.58,94.63,1824
17-03-2026 18:30,94.58,94.80,93.93,94.24,2674
17-03-2026 19:00,94.23,94.42,93.23,94.39,2557
17-03-2026 19:30,94.40,94.77,94.15,94.19,1941
17-03-2026 20:00,94.19,94.31,93.18,93.49,2267
17-03-2026 20:30,93.49,94.25,93.27,94.15,1799
17-03-2026 21:00,94.15,95.16,94.03,94.87,2113
17-03-2026 21:30,94.87,95.04,93.60,93.63,2471
17-03-2026 22:00,93.65,94.60,93.61,94.30,1649
17-03-2026 22:30,94.30,95.35,94.27,95.00,1665
17-03-2026 23:00,95.00,95.27,94.34,95.13,1584
17-03-2026 23:30,95.13,95.62,94.79,95.42,1926
18-03-2026 00:00,95.43,95.53,95.12,95.26,916
18-03-2026 00:30,95.26,95.54,95.00,95.15,1011
18-03-2026 01:00,95.15,95.57,95.12,95.42,973
18-03-2026 01:30,95.42,95.59,95.07,95.22,646
18-03-2026 02:00,95.22,95.45,95.13,95.24,701
18-03-2026 03:30,95.28,95.59,94.23,94.86,939
18-03-2026 04:00,94.86,95.31,94.59,95.12,534
18-03-2026 04:30,95.12,95.60,94.94,95.54,532
18-03-2026 05:00,95.54,95.62,95.07,95.26,508
18-03-2026 05:30,95.26,95.30,94.75,94.86,860
18-03-2026 06:00,94.86,94.98,93.92,94.13,951
18-03-2026 06:30,94.13,94.40,93.76,94.36,1605
18-03-2026 07:00,94.36,94.46,94.07,94.27,1002
18-03-2026 07:30,94.27,94.46,93.96,93.99,835
18-03-2026 08:00,93.99,93.99,93.20,93.75,1274
18-03-2026 08:30,93.75,93.83,93.26,93.54,1050
18-03-2026 09:00,93.54,93.71,92.39,92.45,1083
18-03-2026 09:30,92.46,92.62,92.09,92.51,1222
18-03-2026 10:00,92.51,92.61,92.21,92.48,800
18-03-2026 10:30,92.48,92.90,92.12,92.32,800
18-03-2026 11:00,92.32,92.42,91.86,92.04,1395
18-03-2026 11:30,92.04,92.60,91.44,91.97,1734
18-03-2026 12:00,91.96,92.87,91.85,92.75,1314
18-03-2026 12:30,92.74,93.10,92.60,92.99,1195
18-03-2026 13:00,92.99,93.30,92.90,93.23,898
18-03-2026 13:30,93.23,93.85,93.14,93.80,1405
18-03-2026 14:00,93.81,94.20,93.72,93.83,1477
18-03-2026 14:30,93.83,94.40,93.69,93.98,1393
18-03-2026 15:00,93.98,94.48,93.91,94.27,1022
18-03-2026 15:30,94.27,94.39,93.99,94.20,1146
18-03-2026 16:00,94.20,94.52,94.03,94.25,1163
18-03-2026 16:30,94.28,95.45,93.88,95.34,1779
18-03-2026 17:00,95.36,95.52,94.02,94.51,2406
18-03-2026 17:30,94.51,95.98,94.43,95.49,2693
18-03-2026 18:00,95.50,97.30,95.29,97.15,3775
18-03-2026 18:30,97.07,97.92,96.82,97.16,3683
18-03-2026 19:00,97.17,98.19,96.94,98.02,3312
18-03-2026 19:30,98.02,98.38,97.37,98.06,2659
18-03-2026 20:00,98.08,98.61,97.83,98.00,2631
18-03-2026 20:30,98.00,98.36,97.42,98.28,2854
18-03-2026 21:00,98.27,98.28,96.94,97.17,2587
18-03-2026 21:30,97.18,97.48,96.54,96.77,2788
18-03-2026 22:00,96.78,97.16,96.56,97.04,2156
18-03-2026 22:30,97.05,97.37,96.81,97.11,1653
18-03-2026 23:00,97.11,97.34,95.00,95.14,2999
18-03-2026 23:30,95.14,95.91,94.23,95.33,3875
19-03-2026 00:00,95.33,96.44,95.27,96.25,2269
19-03-2026 00:30,96.25,97.14,95.84,96.97,1766
19-03-2026 01:00,96.98,97.97,96.92,97.65,1662
19-03-2026 01:30,97.65,99.12,97.57,99.06,1853
19-03-2026 02:00,99.06,99.75,98.80,99.06,1909
19-03-2026 03:30,97.59,98.61,97.59,98.16,1163
19-03-2026 04:00,98.16,98.33,97.70,98.15,700
19-03-2026 04:30,98.15,98.54,98.08,98.12,721
19-03-2026 05:00,98.12,98.55,97.33,98.29,1152
19-03-2026 05:30,98.29,99.13,98.15,98.54,2336
19-03-2026 06:00,98.54,98.95,98.16,98.33,1539
19-03-2026 06:30,98.34,98.63,97.71,97.77,2197
19-03-2026 07:00,97.77,98.24,97.41,98.04,1919
19-03-2026 07:30,98.04,98.21,96.11,96.59,2331
19-03-2026 08:00,96.59,96.62,95.74,96.17,2222
19-03-2026 08:30,96.18,96.44,95.84,95.94,1462
19-03-2026 09:00,95.94,96.52,95.94,96.45,1024
19-03-2026 09:30,96.45,96.78,96.29,96.57,751
19-03-2026 10:00,96.57,96.82,96.32,96.50,700
19-03-2026 10:30,96.50,96.56,95.95,96.27,843
19-03-2026 11:00,96.28,97.23,96.24,96.44,1846
19-03-2026 11:30,96.44,96.67,96.02,96.44,1527
19-03-2026 12:00,96.44,96.78,96.19,96.30,1856
19-03-2026 12:30,96.32,96.95,95.31,95.79,2526
19-03-2026 13:00,95.78,96.86,95.68,96.75,2218
19-03-2026 13:30,96.75,96.75,95.79,96.39,2739
19-03-2026 14:00,96.40,97.23,96.21,96.78,2904
19-03-2026 14:30,96.77,98.90,95.82,98.25,3564
19-03-2026 15:00,98.27,98.32,94.40,95.13,4182
19-03-2026 15:30,95.15,96.01,94.87,95.27,3028
19-03-2026 16:00,95.27,96.44,95.24,96.22,2420
19-03-2026 16:30,96.22,97.00,95.95,96.64,1831
19-03-2026 17:00,96.64,97.70,96.52,96.62,2115
19-03-2026 17:30,96.67,96.92,95.52,96.16,2616
19-03-2026 18:00,96.18,96.44,95.30,96.28,2475
19-03-2026 18:30,96.28,97.08,95.40,96.64,3992
19-03-2026 19:00,96.64,97.21,95.63,96.08,3843
19-03-2026 19:30,96.08,97.18,95.78,96.94,3300
19-03-2026 20:00,96.94,97.21,96.11,96.47,2689
19-03-2026 20:30,96.48,96.70,95.70,96.06,2918
19-03-2026 21:00,96.05,100.44,95.99,98.04,4570
19-03-2026 21:30,98.04,98.65,96.93,98.39,3666
19-03-2026 22:00,98.40,98.45,96.64,97.12,2857
19-03-2026 22:30,97.11,97.26,95.33,95.38,2598
19-03-2026 23:00,95.38,96.37,95.14,95.78,2526
19-03-2026 23:30,95.78,96.06,94.29,95.59,3504
20-03-2026 00:00,95.59,96.18,94.62,94.95,2253
20-03-2026 00:30,94.95,95.26,92.09,93.90,4804
20-03-2026 01:00,93.90,94.51,93.60,94.21,2289
20-03-2026 01:30,94.20,94.65,94.14,94.31,1342
20-03-2026 02:00,94.31,94.75,93.95,94.63,1218
20-03-2026 03:30,94.60,94.79,94.01,94.23,609
20-03-2026 04:00,94.23,94.28,93.94,93.94,399
20-03-2026 04:30,93.94,94.01,93.60,93.91,572
20-03-2026 05:00,93.91,94.11,93.75,93.94,463
20-03-2026 05:30,93.94,94.05,93.41,93.92,1086
20-03-2026 06:00,93.92,94.38,93.90,94.17,951
20-03-2026 06:30,94.17,94.33,92.59,92.89,2699
20-03-2026 07:00,92.89,93.10,92.46,92.95,1706
20-03-2026 07:30,92.95,93.42,92.84,93.24,1182
20-03-2026 08:00,93.24,93.68,93.13,93.62,1321
20-03-2026 08:30,93.62,94.14,93.36,93.96,1175
20-03-2026 09:00,93.96,93.96,93.50,93.85,638
20-03-2026 09:30,93.85,93.85,93.39,93.59,574
20-03-2026 10:00,93.61,94.06,93.59,94.03,562
20-03-2026 10:30,94.03,94.05,93.71,93.84,658
20-03-2026 11:00,93.84,94.20,93.27,93.41,1550
20-03-2026 11:30,93.41,94.11,93.40,93.88,1307
20-03-2026 12:00,93.88,94.73,93.86,94.48,1489
20-03-2026 12:30,94.49,94.75,94.28,94.40,1452
20-03-2026 13:00,94.41,94.46,93.53,93.65,1377
20-03-2026 13:30,93.65,94.53,93.27,94.53,2354
20-03-2026 14:00,94.49,95.49,94.04,95.46,2304
20-03-2026 14:30,95.46,95.78,95.22,95.70,1771
20-03-2026 15:00,95.70,96.14,95.07,95.86,2107
20-03-2026 15:30,95.86,96.42,95.73,95.97,1744
20-03-2026 16:00,95.97,96.12,95.31,95.43,1445
20-03-2026 16:30,95.42,95.49,94.45,94.59,1806
20-03-2026 17:00,94.59,94.75,94.07,94.17,1688
20-03-2026 17:30,94.15,94.70,93.89,94.19,2089
20-03-2026 18:00,94.19,95.18,94.19,94.99,1920
20-03-2026 18:30,94.97,95.60,94.79,95.51,2543
20-03-2026 19:00,95.51,96.19,94.99,96.00,2772
20-03-2026 19:30,96.00,96.16,95.27,95.84,2372
20-03-2026 20:00,95.86,97.03,95.75,96.83,2256
20-03-2026 20:30,96.83,97.01,95.72,96.69,2766
20-03-2026 21:00,96.68,96.87,96.23,96.55,1992
20-03-2026 21:30,96.54,97.40,96.22,97.17,2248
20-03-2026 22:00,97.15,97.76,97.01,97.52,1781
20-03-2026 22:30,97.52,98.30,97.38,98.13,2501
20-03-2026 23:00,98.15,98.48,97.81,98.01,2148
20-03-2026 23:30,98.01,98.33,96.96,98.07,3705
21-03-2026 00:00,98.10,98.72,97.98,98.58,2354
21-03-2026 00:30,98.57,98.73,97.92,98.24,1845
21-03-2026 01:00,98.24,98.48,97.42,97.47,2008
21-03-2026 01:30,97.46,98.05,97.42,97.84,1490
21-03-2026 02:00,97.86,98.10,97.71,98.05,1177
23-03-2026 03:30,99.79,100.19,96.95,97.41,2900
23-03-2026 04:00,97.41,98.21,96.81,98.09,2071
23-03-2026 04:30,98.06,98.40,97.82,98.25,1118
23-03-2026 05:00,98.25,98.74,97.90,98.57,1023
23-03-2026 05:30,98.57,98.91,97.92,97.93,1261
23-03-2026 06:00,97.93,98.36,97.89,98.13,1128
23-03-2026 06:30,98.14,98.61,98.00,98.50,2230
23-03-2026 07:00,98.48,98.73,98.14,98.56,1359
23-03-2026 07:30,98.56,99.01,98.40,98.71,1397
23-03-2026 08:00,98.70,99.04,98.61,98.85,1265
23-03-2026 08:30,98.86,99.14,98.84,98.98,1019
23-03-2026 09:00,98.98,99.30,98.98,99.19,627
23-03-2026 09:30,99.19,99.28,99.04,99.13,524
23-03-2026 10:00,99.14,99.25,98.78,98.87,543
23-03-2026 10:30,98.88,98.95,98.67,98.68,591
23-03-2026 11:00,98.69,98.81,97.95,98.49,1600
23-03-2026 11:30,98.49,100.30,98.37,99.87,2134
23-03-2026 12:00,99.87,100.74,99.40,100.54,2416
23-03-2026 12:30,100.54,101.45,100.33,101.43,1823
23-03-2026 13:00,101.43,101.65,101.03,101.09,1780
23-03-2026 13:30,101.09,101.09,99.82,100.26,3086
23-03-2026 14:00,100.24,100.31,99.32,99.34,2564
23-03-2026 14:30,99.31,99.42,98.09,98.90,2447
23-03-2026 15:00,98.90,99.35,98.77,98.87,1633
23-03-2026 15:30,98.87,99.40,98.73,99.14,1703
23-03-2026 16:00,99.14,99.16,97.44,98.56,1990
23-03-2026 16:30,98.56,98.73,84.42,90.68,5874
23-03-2026 17:00,90.66,92.90,89.49,92.48,5268
23-03-2026 17:30,92.48,93.27,90.99,91.61,4362
23-03-2026 18:00,91.62,91.68,88.56,89.37,4727
23-03-2026 18:30,89.35,91.25,88.12,90.92,4994
23-03-2026 19:00,90.92,91.01,88.37,89.11,4697
23-03-2026 19:30,89.12,89.47,87.97,89.43,4498
23-03-2026 20:00,89.44,90.27,89.03,89.26,3797
23-03-2026 20:30,89.22,89.23,85.41,86.95,5439
23-03-2026 21:00,86.95,90.80,86.65,90.47,4759
23-03-2026 21:30,90.43,91.84,90.00,91.57,4335
23-03-2026 22:00,91.59,91.70,89.11,89.63,4202
23-03-2026 22:30,89.64,90.28,89.01,89.16,3218
23-03-2026 23:00,89.16,89.51,88.50,88.67,3106
23-03-2026 23:30,88.63,89.46,87.21,88.17,3675
24-03-2026 00:00,88.17,88.22,86.71,87.69,2718
24-03-2026 00:30,87.69,88.46,87.41,87.99,1904
24-03-2026 01:00,88.00,88.83,87.87,88.69,1581
24-03-2026 01:30,88.69,89.27,88.37,89.22,1188
24-03-2026 02:00,89.22,89.44,88.76,88.91,887
24-03-2026 03:30,88.92,89.47,88.82,89.01,620
24-03-2026 04:00,89.01,89.11,88.84,89.09,348
24-03-2026 04:30,89.09,89.28,88.50,88.68,587
24-03-2026 05:00,88.68,89.55,88.64,89.42,664
24-03-2026 05:30,89.40,90.23,89.33,90.17,1967
24-03-2026 06:00,90.17,90.98,90.06,90.38,1787
24-03-2026 06:30,90.39,91.48,90.38,91.28,2188
24-03-2026 07:00,91.28,91.87,91.25,91.51,1493
24-03-2026 07:30,91.51,91.98,91.31,91.33,1360
24-03-2026 08:00,91.33,91.58,90.93,91.23,1538
24-03-2026 08:30,91.23,91.68,91.21,91.40,1064
24-03-2026 09:00,91.40,91.83,91.34,91.61,601
24-03-2026 09:30,91.61,92.02,91.55,91.79,589
24-03-2026 10:00,91.79,91.93,91.47,91.51,659
24-03-2026 10:30,91.51,92.05,91.33,91.97,921
24-03-2026 11:00,91.97,92.24,91.40,91.57,1379
24-03-2026 11:30,91.57,91.58,90.78,91.18,2189
24-03-2026 12:00,91.19,91.62,90.59,90.82,1923
24-03-2026 12:30,90.82,91.06,89.81,90.37,2136
24-03-2026 13:00,90.37,90.84,89.38,89.41,1970
24-03-2026 13:30,89.48,90.65,89.10,90.48,3067
24-03-2026 14:00,90.43,90.80,89.81,90.53,2214
24-03-2026 14:30,90.52,91.33,90.41,91.28,1475
24-03-2026 15:00,91.28,91.41,90.26,90.39,1616
24-03-2026 15:30,90.39,90.61,89.42,90.08,1898
24-03-2026 16:00,90.07,90.53,89.83,90.36,1523
24-03-2026 16:30,90.36,90.63,89.96,90.58,1617
24-03-2026 17:00,90.59,91.40,90.25,90.84,1990
24-03-2026 17:30,90.84,91.77,90.76,91.37,1554
24-03-2026 18:00,91.39,92.18,91.35,91.78,2486
24-03-2026 18:30,91.77,92.50,91.43,92.46,3017
24-03-2026 19:00,92.42,92.66,91.99,92.05,2334
24-03-2026 19:30,92.05,92.12,91.26,91.68,2567
24-03-2026 20:00,91.69,92.28,90.51,91.15,3560
24-03-2026 20:30,91.13,91.63,90.58,91.08,2677
24-03-2026 21:00,91.13,92.36,91.03,92.21,2259
24-03-2026 21:30,92.21,92.57,92.00,92.00,2199
24-03-2026 22:00,91.99,92.83,91.91,92.63,1634
24-03-2026 22:30,92.63,93.34,92.58,92.90,1757
24-03-2026 23:00,92.90,92.99,91.18,91.73,2431
24-03-2026 23:30,91.73,92.60,91.33,92.26,3076
25-03-2026 00:00,92.26,92.47,90.95,91.75,2194
25-03-2026 00:30,91.75,91.78,91.16,91.62,1397
25-03-2026 01:00,91.62,91.96,91.52,91.89,1043
25-03-2026 01:30,91.87,91.92,86.31,88.64,2636
25-03-2026 02:00,88.66,89.54,87.58,88.46,3597
25-03-2026 03:30,88.87,89.31,87.77,88.95,968
25-03-2026 04:00,88.95,88.97,88.46,88.74,627
25-03-2026 04:30,88.74,88.98,88.55,88.61,554
25-03-2026 05:00,88.61,88.89,88.49,88.85,517
25-03-2026 05:30,88.85,88.96,87.18,87.61,1963
25-03-2026 06:00,87.62,88.11,86.72,87.76,1631
25-03-2026 06:30,87.76,87.91,86.77,87.50,2569
25-03-2026 07:00,87.50,88.03,87.35,87.56,1545
25-03-2026 07:30,87.56,88.15,87.32,88.13,1489
25-03-2026 08:00,88.13,89.11,87.97,89.00,1555
25-03-2026 08:30,88.99,89.09,88.35,88.64,1324
25-03-2026 09:00,88.64,89.20,88.62,88.93,1129
25-03-2026 09:30,88.93,89.08,88.31,88.50,953
25-03-2026 10:00,88.50,88.72,88.26,88.31,895
25-03-2026 10:30,88.31,88.88,88.31,88.85,950
25-03-2026 11:00,88.85,89.33,88.67,89.14,1280
25-03-2026 11:30,89.14,89.40,88.93,89.32,1368
25-03-2026 12:00,89.32,89.55,89.11,89.20,1156
25-03-2026 12:30,89.18,89.24,88.67,89.03,1431
25-03-2026 13:00,89.03,89.10,88.26,88.35,1605
25-03-2026 13:30,88.35,88.52,86.78,87.09,2874
25-03-2026 14:00,87.06,87.74,86.58,87.61,2539
25-03-2026 14:30,87.61,88.26,87.20,88.22,1620
25-03-2026 15:00,88.22,88.77,87.18,87.70,1890
25-03-2026 15:30,87.64,87.73,87.03,87.67,1872
25-03-2026 16:00,87.67,87.91,86.89,87.07,1701
25-03-2026 16:30,87.07,87.16,86.45,86.83,1865
25-03-2026 17:00,86.81,87.91,86.66,87.25,1890
25-03-2026 17:30,87.23,89.02,87.02,88.87,2826
25-03-2026 18:00,88.87,89.37,88.25,88.44,2284
25-03-2026 18:30,88.43,88.72,87.42,87.67,2344
25-03-2026 19:00,87.68,88.80,87.47,88.67,2762
25-03-2026 19:30,88.67,89.01,88.30,88.52,2442
25-03-2026 20:00,88.53,89.16,88.37,89.00,2047
25-03-2026 20:30,89.01,90.16,88.83,89.43,2486
25-03-2026 21:00,89.42,90.35,89.08,90.33,2088
25-03-2026 21:30,90.33,90.67,89.37,89.98,2896
25-03-2026 22:00,89.96,90.48,89.75,90.17,1986
25-03-2026 22:30,90.16,90.94,89.96,90.38,2127
25-03-2026 23:00,90.38,90.53,89.56,90.28,2305
25-03-2026 23:30,90.30,90.51,89.90,90.30,2338
26-03-2026 00:00,90.29,91.33,90.02,91.19,1620
26-03-2026 00:30,91.19,91.50,90.57,90.64,1328
26-03-2026 01:00,90.64,91.11,90.64,90.93,938
26-03-2026 01:30,90.91,91.36,90.91,91.28,784
26-03-2026 02:00,91.28,91.45,91.17,91.31,719
26-03-2026 03:30,91.20,91.28,90.84,91.13,394
26-03-2026 04:00,91.13,91.18,90.89,90.96,247
26-03-2026 04:30,90.97,91.11,90.70,91.03,345
26-03-2026 05:00,91.03,91.12,90.87,91.04,237
26-03-2026 05:30,91.04,91.47,90.93,91.22,877
26-03-2026 06:00,91.21,91.57,91.04,91.20,800
26-03-2026 06:30,91.19,91.59,90.94,91.36,1119
26-03-2026 07:00,91.36,91.47,91.19,91.26,951
26-03-2026 07:30,91.26,91.49,91.05,91.35,783
26-03-2026 08:00,91.36,91.96,91.32,91.88,1008
26-03-2026 08:30,91.89,92.06,91.64,91.79,733
26-03-2026 09:00,91.78,91.79,91.56,91.71,641
26-03-2026 09:30,91.72,91.86,91.60,91.78,419
26-03-2026 10:00,91.78,92.07,91.76,92.05,396
26-03-2026 10:30,92.05,92.20,91.97,92.08,540
26-03-2026 11:00,92.08,92.38,91.91,92.32,923
26-03-2026 11:30,92.32,92.46,92.10,92.21,945
26-03-2026 12:00,92.20,92.45,92.08,92.28,940
26-03-2026 12:30,92.28,93.08,92.28,93.03,1447
26-03-2026 13:00,93.03,93.30,92.82,93.05,1269
26-03-2026 13:30,93.01,93.62,92.69,93.56,1767
26-03-2026 14:00,93.51,94.09,93.39,93.63,1932
26-03-2026 14:30,93.62,93.87,93.19,93.67,1581
26-03-2026 15:00,93.67,93.88,93.24,93.50,1359
26-03-2026 15:30,93.49,93.73,92.71,92.87,1491
26-03-2026 16:00,92.87,93.47,92.65,93.23,1623
26-03-2026 16:30,93.23,93.70,93.03,93.57,1300
26-03-2026 17:00,93.58,94.81,93.55,94.64,1517
26-03-2026 17:30,94.66,94.79,93.95,94.04,1666
26-03-2026 18:00,94.09,94.62,94.07,94.42,1510
26-03-2026 18:30,94.43,94.45,93.44,93.61,2049
26-03-2026 19:00,93.62,94.12,92.74,92.81,2975
26-03-2026 19:30,92.83,93.16,92.62,93.04,2263
26-03-2026 20:00,93.04,94.16,92.43,93.67,3070
26-03-2026 20:30,93.67,94.30,93.49,94.03,2101
26-03-2026 21:00,94.03,94.71,93.85,94.56,2289
26-03-2026 21:30,94.57,95.07,94.31,94.91,2068
26-03-2026 22:00,94.93,95.18,94.51,94.69,1788
26-03-2026 22:30,94.69,95.16,94.68,94.68,1558
26-03-2026 23:00,94.68,95.41,94.62,95.22,1448
26-03-2026 23:30,95.22,95.27,94.34,94.40,2009
27-03-2026 00:00,94.41,94.48,94.05,94.31,1197
27-03-2026 00:30,94.31,94.64,94.21,94.28,932
27-03-2026 01:00,94.28,94.50,93.97,94.10,973
27-03-2026 01:30,94.09,94.43,89.50,93.37,3240
27-03-2026 02:00,93.37,93.94,92.88,93.70,2356
27-03-2026 03:30,93.38,93.67,93.06,93.46,544
27-03-2026 04:00,93.46,93.47,93.06,93.22,319
27-03-2026 04:30,93.22,93.44,93.17,93.33,288
27-03-2026 05:00,93.34,93.43,93.04,93.23,388
27-03-2026 05:30,93.21,93.76,92.72,93.56,1258
27-03-2026 06:00,93.56,94.11,93.53,94.04,1093
27-03-2026 06:30,94.04,94.16,93.05,93.40,1379
27-03-2026 07:00,93.40,93.56,92.99,93.03,1225
27-03-2026 07:30,93.03,93.24,92.08,93.06,1399
27-03-2026 08:00,93.06,93.53,93.03,93.37,1070
27-03-2026 08:30,93.37,93.71,93.33,93.68,1016
27-03-2026 09:00,93.69,93.78,93.41,93.48,626
27-03-2026 09:30,93.48,93.72,93.44,93.69,477
27-03-2026 10:00,93.69,93.84,93.65,93.80,495
27-03-2026 10:30,93.80,93.86,93.56,93.76,483
27-03-2026 11:00,93.76,94.07,93.53,94.05,1098
27-03-2026 11:30,94.04,94.23,93.64,93.93,1002
27-03-2026 12:00,93.94,94.42,93.82,94.32,907
27-03-2026 12:30,94.31,95.13,94.22,95.08,1136
27-03-2026 13:00,95.07,95.42,94.76,95.07,1483
27-03-2026 13:30,95.07,96.08,94.86,95.95,2094
27-03-2026 14:00,95.96,96.28,95.68,96.14,1471
27-03-2026 14:30,96.08,96.73,95.93,96.09,1628
27-03-2026 15:00,96.09,96.19,95.77,96.09,1274
27-03-2026 15:30,96.08,96.34,95.79,96.33,1322
27-03-2026 16:00,96.32,97.10,96.23,97.02,1187
27-03-2026 16:30,97.02,97.19,96.61,96.68,1414
27-03-2026 17:00,96.67,96.81,96.37,96.62,1250
27-03-2026 17:30,96.62,97.22,96.42,96.99,1522
27-03-2026 18:00,96.99,97.01,96.63,96.76,1384
27-03-2026 18:30,96.76,97.66,96.56,96.89,2477
27-03-2026 19:00,96.90,97.84,96.67,97.75,2058
27-03-2026 19:30,97.75,97.97,96.85,97.92,2351
27-03-2026 20:00,97.92,98.32,97.72,98.17,1724
27-03-2026 20:30,98.17,98.18,97.11,97.34,2287
27-03-2026 21:00,97.33,98.11,96.99,97.97,2287
27-03-2026 21:30,97.96,98.45,97.73,98.18,1897
27-03-2026 22:00,98.19,98.88,98.04,98.80,1847
27-03-2026 22:30,98.80,98.81,98.09,98.65,1456
27-03-2026 23:00,98.65,98.76,98.21,98.57,1542
27-03-2026 23:30,98.57,100.02,98.54,99.49,2669
28-03-2026 00:00,99.47,99.63,98.79,99.15,2120
28-03-2026 00:30,99.15,99.86,98.83,99.81,1574
28-03-2026 01:00,99.81,100.51,99.24,99.62,2239
28-03-2026 01:30,99.62,100.74,99.00,100.50,2093
28-03-2026 02:00,100.50,101.17,100.33,101.01,2176
30-03-2026 03:30,102.58,103.34,101.17,102.67,2522
30-03-2026 04:00,102.66,102.66,102.01,102.06,1014
30-03-2026 04:30,102.06,102.35,101.84,102.25,820
30-03-2026 05:00,102.25,102.85,102.22,102.75,1092
30-03-2026 05:30,102.76,103.08,101.03,102.08,2309
30-03-2026 06:00,102.07,103.11,101.85,103.00,1846
30-03-2026 06:30,103.00,103.16,102.64,102.83,1602
30-03-2026 07:00,102.84,102.98,101.70,101.95,1567
30-03-2026 07:30,101.96,102.99,101.87,102.83,1248
30-03-2026 08:00,102.83,102.83,101.25,101.65,1712
30-03-2026 08:30,101.65,101.65,100.27,100.69,2363
30-03-2026 09:00,100.68,101.72,100.67,101.54,1618
30-03-2026 09:30,101.54,101.56,101.02,101.14,1056
30-03-2026 10:00,101.13,101.45,101.07,101.45,798
30-03-2026 10:30,101.45,101.50,100.78,101.36,1107
30-03-2026 11:00,101.36,101.37,100.53,100.81,1586
30-03-2026 11:30,100.80,100.97,100.38,100.93,1425
30-03-2026 12:00,100.93,101.72,100.57,101.56,1628
30-03-2026 12:30,101.54,102.15,101.12,101.86,1815
30-03-2026 13:00,101.86,102.07,101.62,101.66,1513
30-03-2026 13:30,101.65,102.40,101.35,102.34,2168
30-03-2026 14:00,102.39,102.42,100.64,101.05,2061
30-03-2026 14:30,101.03,101.80,100.74,101.52,1728
30-03-2026 15:00,101.53,101.70,101.11,101.56,1138
30-03-2026 15:30,101.56,101.76,101.27,101.58,865
30-03-2026 16:00,101.58,102.01,101.57,101.67,894
30-03-2026 16:30,101.67,101.70,99.35,101.07,1688
30-03-2026 17:00,101.07,101.74,100.69,101.08,1876
30-03-2026 17:30,101.08,101.45,100.59,100.96,1501
30-03-2026 18:00,100.96,101.13,100.48,100.65,1597
30-03-2026 18:30,100.62,101.76,99.96,101.72,2355
30-03-2026 19:00,101.73,102.81,101.41,102.38,2515
30-03-2026 19:30,102.39,102.47,101.58,101.73,2528
30-03-2026 20:00,101.72,102.38,101.32,102.04,2508
30-03-2026 20:30,102.05,102.67,101.78,102.24,2427
30-03-2026 21:00,102.23,102.98,101.48,102.94,2274
30-03-2026 21:30,102.94,103.83,102.86,103.07,2119
30-03-2026 22:00,103.06,103.15,102.44,102.90,1754
30-03-2026 22:30,102.85,103.61,102.70,103.32,1744
30-03-2026 23:00,103.32,103.69,102.94,103.32,1859
30-03-2026 23:30,103.32,103.38,102.33,102.90,2458
31-03-2026 00:00,102.88,103.37,102.86,103.29,1081
31-03-2026 00:30,103.29,104.17,103.13,103.91,1342
31-03-2026 01:00,103.91,104.31,103.62,104.10,1292
31-03-2026 01:30,104.09,105.18,104.09,105.08,1314
31-03-2026 02:00,105.08,105.32,104.81,104.95,1048
31-03-2026 03:30,104.82,104.93,104.48,104.68,512
31-03-2026 04:00,104.68,105.62,104.68,105.59,464
31-03-2026 04:30,105.52,106.55,105.47,106.11,1185
31-03-2026 05:00,106.10,106.80,105.99,106.14,810
31-03-2026 05:30,106.16,106.49,105.64,106.22,1513
31-03-2026 06:00,106.21,106.40,104.03,104.03,2191
31-03-2026 06:30,104.03,104.69,102.79,102.83,2848
31-03-2026 07:00,102.82,102.88,100.81,101.64,3587
31-03-2026 07:30,101.64,102.26,101.40,102.19,1874
31-03-2026 08:00,102.18,102.55,101.82,102.22,1592
31-03-2026 08:30,102.22,102.32,101.55,102.14,1293
31-03-2026 09:00,102.15,103.13,102.14,102.96,1102
31-03-2026 09:30,102.96,103.10,102.75,102.98,591
31-03-2026 10:00,102.97,102.99,102.57,102.77,767
31-03-2026 10:30,102.77,103.40,102.68,102.90,1152
31-03-2026 11:00,102.90,103.09,102.49,102.69,1344
31-03-2026 11:30,102.69,103.04,102.43,102.66,1374
31-03-2026 12:00,102.67,103.03,102.53,102.64,1212
31-03-2026 12:30,102.62,103.41,102.58,103.30,1182
31-03-2026 13:00,103.29,103.32,101.77,102.02,1642
31-03-2026 13:30,102.02,102.60,101.91,102.25,2160
31-03-2026 14:00,102.24,102.89,102.17,102.46,1697
31-03-2026 14:30,102.46,102.50,101.30,102.06,1848
31-03-2026 15:00,102.04,104.30,101.96,104.19,2027
31-03-2026 15:30,104.19,104.57,103.65,104.27,1662
31-03-2026 16:00,104.27,104.97,104.22,104.81,1568
31-03-2026 16:30,104.81,105.17,103.11,103.50,2764
31-03-2026 17:00,103.51,104.05,102.53,102.80,2457
31-03-2026 17:30,102.79,104.01,102.29,102.57,2772
31-03-2026 18:00,102.57,103.27,102.57,103.15,1834
31-03-2026 18:30,103.07,103.85,102.67,103.73,2149
31-03-2026 19:00,103.76,103.78,102.20,102.44,2791
31-03-2026 19:30,102.44,103.01,102.10,102.64,2623
31-03-2026 20:00,102.64,104.38,102.19,104.29,2755
31-03-2026 20:30,104.28,104.67,103.52,104.46,3525
31-03-2026 21:00,104.47,104.75,103.99,104.60,2336
31-03-2026 21:30,104.60,104.88,104.12,104.72,1847
31-03-2026 22:00,104.74,105.01,100.01,101.81,4970
31-03-2026 22:30,101.80,101.85,99.61,101.54,4784
31-03-2026 23:00,101.53,102.62,100.73,102.41,3773
31-03-2026 23:30,102.43,102.49,100.93,101.14,3418
01-04-2026 00:00,101.14,102.44,100.82,102.32,2285
01-04-2026 00:30,102.31,102.46,101.83,102.26,1335
01-04-2026 01:00,102.26,102.26,101.63,102.07,1691
01-04-2026 01:30,102.06,102.14,101.51,101.58,1503
01-04-2026 02:00,101.58,101.69,100.66,101.52,1751
01-04-2026 03:30,101.69,102.80,101.53,102.60,784
01-04-2026 04:00,102.60,102.61,102.12,102.19,389
01-04-2026 04:30,102.19,102.20,101.74,101.97,358
01-04-2026 05:00,101.97,102.21,101.60,101.60,439
01-04-2026 05:30,101.60,102.55,101.54,102.34,975
01-04-2026 06:00,102.34,102.43,102.09,102.12,536
01-04-2026 06:30,102.12,103.01,101.87,102.60,1460
01-04-2026 07:00,102.59,103.14,102.44,102.95,1286
01-04-2026 07:30,102.95,102.95,102.56,102.57,854
01-04-2026 08:00,102.57,103.27,102.52,103.17,828
01-04-2026 08:30,103.16,103.30,102.87,103.16,698
01-04-2026 09:00,103.17,103.25,102.79,102.93,602
01-04-2026 09:30,102.93,103.02,102.81,102.94,269
01-04-2026 10:00,102.94,103.10,102.49,102.55,570
01-04-2026 10:30,102.55,102.63,102.18,102.34,630
01-04-2026 11:00,102.34,102.34,101.02,101.25,1726
01-04-2026 11:30,101.24,101.33,99.08,99.28,2292
01-04-2026 12:00,99.30,99.31,96.64,96.94,4152
01-04-2026 12:30,96.90,97.84,96.62,97.30,2718
01-04-2026 13:00,97.30,98.54,96.49,98.35,2584
01-04-2026 13:30,98.34,99.17,97.94,99.15,2523
01-04-2026 14:00,99.06,99.40,98.58,99.31,1808
01-04-2026 14:30,99.31,100.40,99.09,100.10,1768
01-04-2026 15:00,100.13,100.61,99.82,100.04,1838
01-04-2026 15:30,100.03,100.32,99.65,100.31,1776
01-04-2026 16:00,100.32,100.56,99.44,99.96,1835
01-04-2026 16:30,99.95,100.14,99.10,99.15,1572
01-04-2026 17:00,99.14,99.20,98.32,98.77,2265
01-04-2026 17:30,98.70,99.56,98.06,99.49,2031
01-04-2026 18:00,99.49,100.86,98.63,100.59,3116
01-04-2026 18:30,100.58,100.98,99.87,100.11,2881
01-04-2026 19:00,100.12,100.22,98.43,98.95,3525
01-04-2026 19:30,98.95,99.41,98.46,98.84,2893
01-04-2026 20:00,98.84,99.53,98.21,99.05,3110
01-04-2026 20:30,99.05,100.18,98.93,100.02,2855
01-04-2026 21:00,99.99,100.25,99.52,99.72,2086
01-04-2026 21:30,99.72,100.84,99.62,100.07,1747
01-04-2026 22:00,100.03,100.28,99.80,100.00,1349
01-04-2026 22:30,100.00,100.00,99.14,99.30,1598
01-04-2026 23:00,99.31,99.47,98.56,99.30,1743
01-04-2026 23:30,99.28,100.23,99.16,100.12,2451
02-04-2026 00:00,100.12,100.41,99.74,99.81,1621
02-04-2026 00:30,99.81,99.85,99.55,99.64,924
02-04-2026 01:00,99.64,99.69,98.83,99.49,1484
02-04-2026 01:30,99.50,99.91,99.16,99.27,830
02-04-2026 02:00,99.27,99.31,98.75,98.87,811
02-04-2026 03:30,98.75,98.96,98.58,98.88,463
02-04-2026 04:00,98.88,99.17,98.85,99.00,313
02-04-2026 04:30,99.01,99.12,98.66,98.90,290
02-04-2026 05:00,98.89,99.00,98.62,98.87,465
02-04-2026 05:30,98.87,98.97,97.70,98.52,1351
02-04-2026 06:00,98.52,98.73,97.50,97.99,1245
02-04-2026 06:30,97.98,103.53,97.76,102.83,4620
02-04-2026 07:00,102.82,104.46,102.81,104.11,3192
02-04-2026 07:30,104.11,104.61,103.70,104.11,1959
02-04-2026 08:00,104.11,104.14,103.54,103.78,1430
02-04-2026 08:30,103.80,104.25,103.70,103.93,1079
02-04-2026 09:00,103.93,104.80,103.87,104.69,1511
02-04-2026 09:30,104.69,105.57,104.63,105.41,2371
02-04-2026 10:00,105.43,105.61,104.85,104.94,1343
02-04-2026 10:30,104.93,105.02,104.63,104.76,1234
02-04-2026 11:00,104.75,106.10,104.50,106.09,1998
02-04-2026 11:30,106.09,106.55,105.82,106.23,2352
02-04-2026 12:00,106.24,106.72,105.94,106.06,1740
02-04-2026 12:30,106.05,106.62,105.82,106.48,1654
02-04-2026 13:00,106.50,106.65,106.17,106.22,1304
02-04-2026 13:30,106.22,107.07,106.05,106.75,1626
02-04-2026 14:00,106.76,107.22,106.49,107.19,1435
02-04-2026 14:30,107.19,107.36,106.92,107.33,1301
02-04-2026 15:00,107.34,107.99,107.33,107.64,1662
02-04-2026 15:30,107.57,108.18,107.47,108.15,1570
02-04-2026 16:00,108.15,108.59,107.72,108.40,1987
02-04-2026 16:30,108.39,109.23,108.32,109.06,2121
02-04-2026 17:00,109.06,109.92,109.06,109.75,2189
02-04-2026 17:30,109.76,110.64,109.39,110.07,2817
02-04-2026 18:00,110.07,113.32,109.99,113.11,3921
02-04-2026 18:30,113.11,113.93,111.79,112.62,4751
02-04-2026 19:00,112.63,113.44,110.68,110.98,4860
02-04-2026 19:30,111.03,111.68,110.24,110.93,4174
02-04-2026 20:00,110.94,111.15,106.60,108.79,5573
02-04-2026 20:30,108.80,110.46,108.37,110.00,4454
02-04-2026 21:00,109.99,112.09,109.97,111.49,4134
02-04-2026 21:30,111.49,112.13,110.76,111.72,3025
02-04-2026 22:00,111.70,111.87,110.51,110.98,3054
02-04-2026 22:30,111.00,111.50,110.03,111.09,3221
02-04-2026 23:00,111.07,111.97,111.06,111.69,2788
02-04-2026 23:30,111.69,112.28,111.06,111.45,3361
03-04-2026 00:00,111.47,111.84,110.78,111.11,2108
03-04-2026 00:30,111.06,111.57,110.75,111.46,1749
03-04-2026 01:00,111.46,111.72,111.20,111.44,1613
03-04-2026 01:30,111.41,111.93,111.31,111.65,1329
03-04-2026 02:00,111.65,111.99,111.52,111.97,1509
06-04-2026 03:30,112.95,115.39,112.50,114.88,2618
06-04-2026 04:00,114.88,114.94,113.18,113.62,1490
06-04-2026 04:30,113.61,113.96,112.87,113.82,1674
06-04-2026 05:00,113.82,114.40,113.50,114.24,741
06-04-2026 05:30,114.23,114.28,112.19,112.39,1971
06-04-2026 06:00,112.39,112.63,111.84,112.19,1868
06-04-2026 06:30,112.19,112.75,111.49,111.64,1941
06-04-2026 07:00,111.61,112.08,111.51,111.79,1752
06-04-2026 07:30,111.79,111.98,109.49,110.59,2383
06-04-2026 08:00,110.59,111.70,110.56,111.49,2531
06-04-2026 08:30,111.49,112.34,111.37,111.63,2142
06-04-2026 09:00,111.62,112.03,111.19,111.29,1992
06-04-2026 09:30,111.30,111.42,110.78,111.12,1989
06-04-2026 10:00,111.13,111.62,110.96,111.37,1576
06-04-2026 10:30,111.38,111.59,111.01,111.56,1305
06-04-2026 11:00,111.55,112.05,111.49,111.72,1175
06-04-2026 11:30,111.74,112.25,110.80,111.50,2110
06-04-2026 12:00,111.50,111.85,110.63,110.83,1878
06-04-2026 12:30,110.83,111.60,110.27,110.96,2104
06-04-2026 13:00,110.94,111.01,108.88,109.35,2864
06-04-2026 13:30,109.36,109.97,108.92,109.72,2954
06-04-2026 14:00,109.65,110.15,109.41,109.47,1784
06-04-2026 14:30,109.47,109.77,109.17,109.58,2025
06-04-2026 15:00,109.58,111.64,109.20,111.43,2221
06-04-2026 15:30,111.41,111.44,109.95,110.50,2127
06-04-2026 16:00,110.50,111.36,109.72,109.91,2281
06-04-2026 16:30,109.85,110.52,109.59,110.11,2187
06-04-2026 17:00,110.11,110.33,109.75,110.09,1897
06-04-2026 17:30,110.10,110.92,109.90,110.59,1888
06-04-2026 18:00,110.59,110.71,110.15,110.15,1709
06-04-2026 18:30,110.15,112.42,109.82,112.25,2602
06-04-2026 19:00,112.24,113.10,111.78,111.94,3281
06-04-2026 19:30,111.93,112.81,110.56,110.84,3548
06-04-2026 20:00,110.84,111.92,110.28,110.93,3559
06-04-2026 20:30,110.95,112.37,110.84,112.18,2804
06-04-2026 21:00,112.17,112.68,111.74,111.86,2225
06-04-2026 21:30,111.86,112.04,111.16,111.88,1899
06-04-2026 22:00,111.90,112.25,111.26,112.24,1990
06-04-2026 22:30,112.24,113.98,112.20,112.88,2576
06-04-2026 23:00,112.88,114.26,112.74,114.06,2468
06-04-2026 23:30,114.02,114.20,112.07,112.25,3579
07-04-2026 00:00,112.23,112.52,111.71,112.19,2098
07-04-2026 00:30,112.17,112.96,112.12,112.72,1453
07-04-2026 01:00,112.72,112.82,111.86,112.43,1698
07-04-2026 01:30,112.44,112.59,112.20,112.47,1229
07-04-2026 02:00,112.47,113.04,112.47,112.64,1215
07-04-2026 03:30,112.71,113.10,112.49,112.94,467
07-04-2026 04:00,112.94,113.55,112.86,113.35,502
07-04-2026 04:30,113.35,113.52,113.01,113.51,392
07-04-2026 05:00,113.51,113.92,113.40,113.82,393
07-04-2026 05:30,113.81,113.81,112.65,113.04,1369
07-04-2026 06:00,113.04,113.63,112.99,113.30,700
07-04-2026 06:30,113.30,113.86,112.74,113.65,1582
07-04-2026 07:00,113.65,115.15,113.62,114.90,1703
07-04-2026 07:30,114.90,115.46,114.69,114.83,1373
07-04-2026 08:00,114.83,115.12,114.50,114.92,1157
07-04-2026 08:30,114.93,115.70,114.80,115.16,1057
07-04-2026 09:00,115.15,115.68,115.13,115.62,806
07-04-2026 09:30,115.62,116.52,115.51,116.06,1257
07-04-2026 10:00,116.06,116.06,115.12,115.42,1075
07-04-2026 10:30,115.42,115.75,114.94,115.66,1009
07-04-2026 11:00,115.66,116.01,115.06,115.25,1313
07-04-2026 11:30,115.25,115.71,114.99,115.01,1372
07-04-2026 12:00,115.01,115.42,114.67,114.84,1532
07-04-2026 12:30,114.79,115.05,114.60,115.00,1482
07-04-2026 13:00,114.99,115.60,114.77,115.35,1375
07-04-2026 13:30,115.35,115.38,112.44,113.46,3626
07-04-2026 14:00,113.49,113.55,112.36,112.66,2522
07-04-2026 14:30,112.67,113.05,111.55,111.89,2414
07-04-2026 15:00,111.90,112.63,111.27,112.53,2426
07-04-2026 15:30,112.48,114.37,111.82,113.79,2958
07-04-2026 16:00,113.79,114.59,113.37,114.16,2859
07-04-2026 16:30,114.09,114.85,113.89,114.66,2096
07-04-2026 17:00,114.67,115.90,114.33,115.81,2002
07-04-2026 17:30,115.81,116.36,114.52,114.69,2792
07-04-2026 18:00,114.69,115.79,114.09,115.04,2371
07-04-2026 18:30,114.96,115.83,114.52,115.27,3001
07-04-2026 19:00,115.27,116.24,115.04,116.19,2750
07-04-2026 19:30,116.18,117.03,115.85,116.52,2838
07-04-2026 20:00,116.52,116.86,115.41,116.40,3238
07-04-2026 20:30,116.40,117.59,115.68,115.78,3755
07-04-2026 21:00,115.79,116.32,114.49,114.95,2845
07-04-2026 21:30,114.95,115.61,113.68,114.81,3464
07-04-2026 22:00,114.81,115.35,114.30,115.12,2561
07-04-2026 22:30,115.11,115.82,114.39,115.39,2483
07-04-2026 23:00,115.39,115.39,113.33,113.90,3181
07-04-2026 23:30,113.90,114.07,112.52,112.82,3316
08-04-2026 00:00,112.83,115.46,112.71,115.09,2535
08-04-2026 00:30,115.09,115.35,112.04,113.17,3605
08-04-2026 01:00,113.18,113.97,109.30,112.17,3873
08-04-2026 01:30,112.21,112.45,110.99,111.28,3245
08-04-2026 02:00,111.28,111.57,110.29,110.29,3224
08-04-2026 03:30,108.81,108.98,107.49,107.94,1896
08-04-2026 04:00,107.92,108.06,97.36,98.76,4284
08-04-2026 04:30,98.76,98.76,91.05,93.62,4593
08-04-2026 05:00,93.68,96.75,93.17,96.43,3403
08-04-2026 05:30,96.43,97.71,94.04,97.28,4300
08-04-2026 06:00,97.24,98.28,96.10,96.91,2916
08-04-2026 06:30,96.91,97.23,95.80,97.18,2987
08-04-2026 07:00,97.18,97.40,96.70,96.70,2141
08-04-2026 07:30,96.70,97.28,96.02,97.00,2329
08-04-2026 08:00,96.99,96.99,95.99,96.41,2042
08-04-2026 08:30,96.40,96.40,95.49,95.76,1596
08-04-2026 09:00,95.76,96.63,95.53,96.35,1539
08-04-2026 09:30,96.35,96.42,95.85,95.86,1265
08-04-2026 10:00,95.85,97.20,95.49,96.69,1982
08-04-2026 10:30,96.65,96.88,95.92,95.94,1371
08-04-2026 11:00,95.94,96.01,95.36,95.72,1939
08-04-2026 11:30,95.72,95.89,94.59,94.66,2174
08-04-2026 12:00,94.64,95.97,94.54,95.87,2370
08-04-2026 12:30,95.85,96.56,95.80,96.16,2322
08-04-2026 13:00,96.16,96.47,95.60,95.95,1934
08-04-2026 13:30,95.95,96.63,95.41,96.48,2566
08-04-2026 14:00,96.45,96.63,94.89,94.90,2789
08-04-2026 14:30,94.90,95.36,94.81,95.33,2012
08-04-2026 15:00,95.29,95.33,94.12,94.59,2580
08-04-2026 15:30,94.64,95.58,94.10,94.74,2370
08-04-2026 16:00,94.75,94.93,94.22,94.90,1948
08-04-2026 16:30,94.91,95.20,93.15,93.33,2511
08-04-2026 17:00,93.33,94.03,93.10,93.23,2751
08-04-2026 17:30,93.23,95.17,92.19,94.06,4000
08-04-2026 18:00,94.05,94.06,92.35,92.55,3222
08-04-2026 18:30,92.55,93.15,91.83,93.12,3480
08-04-2026 19:00,93.12,94.41,92.44,93.21,4338
08-04-2026 19:30,93.24,94.76,92.45,94.33,4016
08-04-2026 20:00,94.33,96.28,94.20,95.55,4578
08-04-2026 20:30,95.55,96.36,94.88,96.34,3937
08-04-2026 21:00,96.35,96.41,94.64,94.94,3046
08-04-2026 21:30,94.94,95.54,94.51,95.04,2929
08-04-2026 22:00,95.03,95.39,94.12,94.40,2474
08-04-2026 22:30,94.40,96.25,94.09,95.90,2948
08-04-2026 23:00,95.90,96.13,94.87,95.29,2885
08-04-2026 23:30,95.28,95.62,93.59,94.37,4021
09-04-2026 00:00,94.40,95.43,94.09,95.39,2233
09-04-2026 00:30,95.39,96.86,95.27,96.81,2099
09-04-2026 01:00,96.81,96.84,95.83,96.02,2483
09-04-2026 01:30,96.05,96.50,95.69,96.25,1308
09-04-2026 02:00,96.25,96.71,96.04,96.54,1139
09-04-2026 03:30,96.61,97.83,96.25,97.00,979
09-04-2026 04:00,97.00,97.17,96.60,96.78,510
09-04-2026 04:30,96.78,97.09,96.49,96.76,548
09-04-2026 05:00,96.76,97.21,96.63,97.09,668
09-04-2026 05:30,97.09,97.48,96.35,97.00,1660
09-04-2026 06:00,97.00,97.77,96.90,97.64,1144
09-04-2026 06:30,97.64,98.34,97.32,98.11,1735
09-04-2026 07:00,98.11,98.15,96.84,96.93,1745
09-04-2026 07:30,96.93,97.06,96.48,96.93,1482
09-04-2026 08:00,96.93,97.23,96.73,97.21,814
09-04-2026 08:30,97.20,97.26,96.68,96.96,764
09-04-2026 09:00,96.96,97.35,96.92,97.17,687
09-04-2026 09:30,97.17,97.50,97.11,97.43,563
09-04-2026 10:00,97.43,97.78,97.43,97.75,474
09-04-2026 10:30,97.75,98.05,97.41,97.66,921
09-04-2026 11:00,97.66,97.71,97.25,97.34,1074
09-04-2026 11:30,97.32,97.79,96.94,97.44,1186
09-04-2026 12:00,97.45,97.82,97.00,97.00,1352
09-04-2026 12:30,97.00,97.70,96.94,97.62,1503
09-04-2026 13:00,97.61,98.06,97.13,97.66,1552
09-04-2026 13:30,97.59,97.79,97.25,97.79,1930
09-04-2026 14:00,97.77,98.07,97.42,97.87,1221
09-04-2026 14:30,97.88,97.93,97.18,97.36,1330
09-04-2026 15:00,97.36,97.66,97.23,97.63,975
09-04-2026 15:30,97.63,99.54,97.56,99.07,1973
09-04-2026 16:00,99.07,99.66,98.73,99.59,1544
09-04-2026 16:30,99.60,99.64,99.13,99.51,1508
09-04-2026 17:00,99.51,99.51,98.38,98.86,2067
09-04-2026 17:30,98.86,99.46,98.59,99.05,1529
09-04-2026 18:00,99.05,99.97,98.72,99.34,2339
09-04-2026 18:30,99.30,100.26,99.04,99.05,2650
09-04-2026 19:00,99.00,100.72,99.00,100.64,2734
09-04-2026 19:30,100.63,101.95,100.25,101.80,2714
09-04-2026 20:00,101.83,102.56,101.58,101.88,3037
09-04-2026 20:30,101.88,102.62,100.84,101.66,3569
09-04-2026 21:00,101.65,101.72,98.85,99.13,4882
09-04-2026 21:30,99.12,99.17,96.85,97.14,4091
09-04-2026 22:00,97.14,98.36,97.09,97.41,3344
09-04-2026 22:30,97.41,97.69,96.15,96.57,2932
09-04-2026 23:00,96.57,96.98,95.25,96.30,3138
09-04-2026 23:30,96.30,98.42,96.03,97.85,4007
10-04-2026 00:00,97.87,98.61,97.82,98.38,2455
10-04-2026 00:30,98.38,99.37,97.88,99.00,1968
10-04-2026 01:00,99.00,99.46,98.83,99.28,1590
10-04-2026 01:30,99.27,99.31,98.30,98.53,1450
10-04-2026 02:00,98.53,98.92,97.82,97.86,1085
10-04-2026 03:30,98.05,98.61,97.99,98.46,479
10-04-2026 04:00,98.47,99.15,98.47,98.97,818
10-04-2026 04:30,98.98,99.07,98.22,98.45,490
10-04-2026 05:00,98.44,98.66,98.36,98.60,380
10-04-2026 05:30,98.60,98.60,98.25,98.33,827
10-04-2026 06:00,98.33,99.06,98.29,98.89,747
10-04-2026 06:30,98.88,99.21,98.57,98.69,1234
10-04-2026 07:00,98.69,98.84,98.32,98.58,853
10-04-2026 07:30,98.56,98.88,98.49,98.82,708
10-04-2026 08:00,98.82,98.88,98.46,98.73,643
10-04-2026 08:30,98.74,98.78,98.41,98.69,636
10-04-2026 09:00,98.69,98.69,97.57,97.77,1025
10-04-2026 09:30,97.77,98.24,97.67,98.13,527
10-04-2026 10:00,98.13,98.41,98.03,98.38,581
10-04-2026 10:30,98.38,98.49,98.23,98.39,455
10-04-2026 11:00,98.40,98.72,98.10,98.59,744
10-04-2026 11:30,98.59,98.66,98.35,98.51,757
10-04-2026 12:00,98.51,98.82,98.27,98.60,1060
10-04-2026 12:30,98.66,99.98,98.58,99.52,1550
10-04-2026 13:00,99.52,99.98,99.42,99.65,1178
10-04-2026 13:30,99.60,99.80,99.31,99.61,1472
10-04-2026 14:00,99.62,100.38,99.36,100.24,1339
10-04-2026 14:30,100.24,100.24,98.33,98.64,1945
10-04-2026 15:00,98.64,99.24,98.14,98.55,1720
10-04-2026 15:30,98.55,98.96,98.14,98.49,1196
10-04-2026 16:00,98.49,98.63,97.56,97.99,1573
10-04-2026 16:30,97.99,98.47,97.39,97.91,1425
10-04-2026 17:00,97.91,98.20,97.67,98.07,1173
10-04-2026 17:30,98.08,98.34,97.01,97.55,1884
10-04-2026 18:00,97.55,98.18,97.23,98.16,1679
10-04-2026 18:30,98.15,98.43,97.39,98.27,2209
10-04-2026 19:00,98.27,98.76,98.14,98.38,2139
10-04-2026 19:30,98.39,98.62,97.21,97.49,2225
10-04-2026 20:00,97.48,98.97,97.27,98.49,2760
10-04-2026 20:30,98.50,98.98,98.27,98.74,2839
10-04-2026 21:00,98.73,99.42,98.45,99.17,2391
10-04-2026 21:30,99.11,99.48,98.60,98.80,1851
10-04-2026 22:00,98.80,98.90,98.11,98.18,1570
10-04-2026 22:30,98.17,98.53,97.96,98.32,1531
10-04-2026 23:00,98.32,98.69,97.91,97.95,1733
10-04-2026 23:30,97.95,98.37,96.39,96.55,2907
11-04-2026 00:00,96.54,96.62,95.93,96.32,2087
11-04-2026 00:30,96.32,96.43,95.52,95.85,1556
11-04-2026 01:00,95.86,96.38,95.86,96.18,1222
11-04-2026 01:30,96.18,96.27,95.52,95.61,767
11-04-2026 02:00,95.61,95.87,95.50,95.53,749
13-04-2026 03:30,101.98,105.50,101.98,104.69,3257
13-04-2026 04:00,104.67,104.87,104.16,104.54,1285
13-04-2026 04:30,104.54,105.35,104.50,105.21,1209
13-04-2026 05:00,105.21,105.59,104.68,104.71,1052
13-04-2026 05:30,104.71,105.02,104.24,104.50,1448
13-04-2026 06:00,104.52,104.64,104.07,104.08,917
13-04-2026 06:30,104.09,104.51,103.85,104.09,1613
13-04-2026 07:00,104.09,104.46,103.94,104.29,863
13-04-2026 07:30,104.29,104.96,104.27,104.94,811
13-04-2026 08:00,104.92,105.08,104.72,104.88,557
13-04-2026 08:30,104.88,104.98,104.73,104.78,534
13-04-2026 09:00,104.78,105.16,104.77,104.83,701
13-04-2026 09:30,104.83,104.98,104.54,104.67,485
13-04-2026 10:00,104.67,104.84,104.59,104.76,459
13-04-2026 10:30,104.76,104.87,104.60,104.73,440
13-04-2026 11:00,104.73,104.90,104.15,104.29,781
13-04-2026 11:30,104.29,104.30,103.59,103.76,1176
13-04-2026 12:00,103.76,103.82,103.12,103.26,1010
13-04-2026 12:30,103.26,103.68,102.94,103.50,1296
13-04-2026 13:00,103.49,103.68,103.29,103.67,1206
13-04-2026 13:30,103.68,104.23,103.35,104.06,1717
13-04-2026 14:00,104.01,104.78,103.86,104.59,1520
13-04-2026 14:30,104.59,104.70,104.01,104.67,1250
13-04-2026 15:00,104.67,104.67,104.29,104.47,941
13-04-2026 15:30,104.47,104.65,104.18,104.45,953
13-04-2026 16:00,104.45,104.47,103.82,103.82,1043
13-04-2026 16:30,103.82,104.10,103.40,104.02,1239
13-04-2026 17:00,104.02,104.37,103.70,104.24,1354
13-04-2026 17:30,104.24,104.34,103.69,104.13,1467
13-04-2026 18:00,104.13,104.20,103.36,103.64,1471
13-04-2026 18:30,103.61,103.75,103.30,103.48,1666
13-04-2026 19:00,103.49,103.67,100.33,101.69,3200
13-04-2026 19:30,101.72,102.03,100.56,101.94,3396
13-04-2026 20:00,101.93,102.48,101.45,102.01,2342
13-04-2026 20:30,102.01,102.72,102.00,102.58,2803
13-04-2026 21:00,102.60,103.15,102.31,102.82,2194
13-04-2026 21:30,102.82,102.98,101.38,101.56,2669
13-04-2026 22:00,101.57,101.59,99.23,99.47,4198
13-04-2026 22:30,99.46,99.97,98.98,99.14,2659
13-04-2026 23:00,99.14,99.37,98.73,99.15,2074
13-04-2026 23:30,99.14,99.38,98.46,98.95,2506
14-04-2026 00:00,98.96,99.10,97.03,97.10,2321
14-04-2026 00:30,97.10,97.85,97.01,97.68,1673
14-04-2026 01:00,97.68,98.16,97.47,98.01,1406
14-04-2026 01:30,98.02,98.24,97.69,97.90,925
14-04-2026 02:00,97.90,98.23,97.69,97.96,833
14-04-2026 03:30,97.95,97.98,97.46,97.77,506
14-04-2026 04:00,97.77,97.89,97.47,97.51,336
14-04-2026 04:30,97.52,97.56,96.04,96.89,1026
14-04-2026 05:00,96.89,96.98,96.15,96.55,608
14-04-2026 05:30,96.54,96.95,96.24,96.51,1114
14-04-2026 06:00,96.51,96.55,95.67,95.95,815
14-04-2026 06:30,95.95,97.12,95.93,96.94,1402
14-04-2026 07:00,96.94,97.24,96.88,97.16,735
14-04-2026 07:30,97.17,97.22,96.77,96.99,560
14-04-2026 08:00,96.99,97.22,96.98,97.07,652
14-04-2026 08:30,97.07,97.60,96.86,97.53,779
14-04-2026 09:00,97.53,97.53,96.74,96.97,545
14-04-2026 09:30,96.98,96.98,96.67,96.79,448
14-04-2026 10:00,96.80,96.88,96.65,96.70,312
14-04-2026 10:30,96.69,97.11,96.62,97.08,448
14-04-2026 11:00,97.08,97.44,97.04,97.33,736
14-04-2026 11:30,97.33,97.42,97.13,97.25,901
14-04-2026 12:00,97.24,97.71,97.24,97.38,1076
14-04-2026 12:30,97.31,97.47,95.20,96.33,2622
14-04-2026 13:00,96.30,96.75,96.02,96.50,1615
14-04-2026 13:30,96.50,97.03,96.47,96.77,2041
14-04-2026 14:00,96.78,96.90,96.35,96.37,1266
14-04-2026 14:30,96.36,97.12,96.23,97.11,1150
14-04-2026 15:00,97.12,97.28,96.85,96.85,1029
14-04-2026 15:30,96.85,96.91,96.14,96.68,1164
14-04-2026 16:00,96.68,97.54,96.65,97.32,1160
14-04-2026 16:30,97.31,97.69,97.23,97.60,1012
14-04-2026 17:00,97.60,97.94,96.13,97.15,1618
14-04-2026 17:30,97.15,97.15,95.79,95.89,2016
14-04-2026 18:00,95.87,96.29,95.64,95.82,1857
14-04-2026 18:30,95.82,96.31,95.32,95.65,2440
14-04-2026 19:00,95.61,95.77,94.65,94.67,2619
14-04-2026 19:30,94.67,94.67,92.19,93.46,3710
14-04-2026 20:00,93.45,93.65,92.88,93.40,2592
14-04-2026 20:30,93.40,94.30,93.19,93.83,3030
14-04-2026 21:00,93.84,93.88,92.19,92.60,2490
14-04-2026 21:30,92.59,92.73,91.94,92.10,1908
14-04-2026 22:00,92.12,92.78,91.96,92.75,2108
14-04-2026 22:30,92.75,92.98,92.40,92.47,1813
14-04-2026 23:00,92.47,92.56,91.49,92.04,2109
14-04-2026 23:30,92.04,92.13,91.04,91.29,2778
15-04-2026 00:00,91.35,91.87,91.14,91.74,1364
15-04-2026 00:30,91.74,91.81,91.56,91.67,758
15-04-2026 01:00,91.67,92.17,91.60,92.00,828
15-04-2026 01:30,91.99,92.28,91.98,92.22,589
15-04-2026 02:00,92.22,92.32,91.58,92.04,824
15-04-2026 03:30,92.24,92.36,91.22,91.33,711
15-04-2026 04:00,91.33,91.90,91.17,91.69,519
15-04-2026 04:30,91.69,91.96,91.30,91.31,430
15-04-2026 05:00,91.31,91.33,86.98,90.27,2054
15-04-2026 05:30,90.31,91.08,90.13,90.17,934
15-04-2026 06:00,90.17,90.54,90.13,90.33,684
15-04-2026 06:30,90.32,90.65,89.97,90.12,1513
15-04-2026 07:00,90.12,90.83,90.08,90.47,964
15-04-2026 07:30,90.48,90.81,90.43,90.70,691
15-04-2026 08:00,90.71,91.28,90.71,91.24,1012
15-04-2026 08:30,91.24,91.47,91.11,91.33,690
15-04-2026 09:00,91.33,91.33,90.86,90.91,614
15-04-2026 09:30,90.92,91.20,90.86,91.19,339
15-04-2026 10:00,91.20,91.78,91.19,91.65,693
15-04-2026 10:30,91.65,91.67,91.39,91.60,614
15-04-2026 11:00,91.60,91.72,91.12,91.19,788
15-04-2026 11:30,91.19,91.24,90.41,90.48,1218
15-04-2026 12:00,90.48,90.90,90.28,90.88,1265
15-04-2026 12:30,90.88,91.46,90.85,91.39,1401
15-04-2026 13:00,91.39,91.44,90.58,90.73,1222
15-04-2026 13:30,90.73,91.20,90.37,91.05,1670
15-04-2026 14:00,91.06,91.72,91.02,91.32,1424
15-04-2026 14:30,91.32,92.64,91.26,92.58,2009
15-04-2026 15:00,92.58,92.69,92.23,92.24,1405
15-04-2026 15:30,92.24,93.10,91.67,92.94,1752
15-04-2026 16:00,92.95,93.26,92.36,92.72,1936
15-04-2026 16:30,92.72,92.91,92.14,92.41,1384
15-04-2026 17:00,92.41,92.46,91.17,91.68,2006
15-04-2026 17:30,91.64,92.47,91.64,91.74,1773
15-04-2026 18:00,91.74,92.07,91.20,91.95,1774
15-04-2026 18:30,91.95,92.17,90.71,90.93,2440
15-04-2026 19:00,90.92,91.53,90.39,91.04,2524
15-04-2026 19:30,91.03,91.31,90.59,90.69,2257
15-04-2026 20:00,90.68,92.44,90.68,92.34,2629
15-04-2026 20:30,92.34,92.77,92.13,92.65,2526
15-04-2026 21:00,92.65,92.90,92.00,92.31,2249
15-04-2026 21:30,92.31,92.51,91.71,91.76,1712
15-04-2026 22:00,91.76,91.89,91.40,91.74,1542
15-04-2026 22:30,91.74,91.96,91.53,91.60,1462
15-04-2026 23:00,91.60,92.55,91.60,92.49,1458
15-04-2026 23:30,92.49,92.68,91.12,91.28,2725
16-04-2026 00:00,91.29,91.38,90.99,91.12,1094
16-04-2026 00:30,91.12,91.12,90.69,90.87,850
16-04-2026 01:00,90.89,91.08,90.87,90.98,612
16-04-2026 01:30,90.98,91.23,90.97,91.18,361
16-04-2026 02:00,91.18,91.45,91.18,91.37,312
16-04-2026 03:30,91.29,91.31,90.84,91.04,428
16-04-2026 04:00,91.04,91.09,90.79,90.99,226
16-04-2026 04:30,90.99,91.01,90.66,90.82,293
16-04-2026 05:00,90.82,90.97,90.81,90.91,207
16-04-2026 05:30,90.91,90.95,90.51,90.58,548
16-04-2026 06:00,90.58,91.02,90.57,90.96,423
16-04-2026 06:30,90.96,91.14,90.83,91.12,682
16-04-2026 07:00,91.12,91.48,91.09,91.42,564
16-04-2026 07:30,91.42,91.73,91.40,91.67,545
16-04-2026 08:00,91.67,91.69,91.35,91.47,404
16-04-2026 08:30,91.47,91.52,91.18,91.52,433
16-04-2026 09:00,91.52,91.71,91.50,91.68,465
16-04-2026 09:30,91.66,91.86,91.63,91.68,409
16-04-2026 10:00,91.68,91.82,91.65,91.74,250
16-04-2026 10:30,91.74,91.81,91.58,91.60,399
16-04-2026 11:00,91.60,91.86,91.46,91.54,631
16-04-2026 11:30,91.54,91.63,91.30,91.58,671
16-04-2026 12:00,91.58,91.65,91.43,91.57,779
16-04-2026 12:30,91.57,92.12,91.53,91.82,1225
16-04-2026 13:00,91.83,92.67,91.78,92.62,1073
16-04-2026 13:30,92.59,92.78,92.33,92.71,1473
16-04-2026 14:00,92.72,92.98,92.33,92.37,1069
16-04-2026 14:30,92.38,92.43,92.17,92.28,823
16-04-2026 15:00,92.27,92.82,92.12,92.62,948
16-04-2026 15:30,92.60,92.63,92.25,92.45,839
16-04-2026 16:00,92.45,92.53,91.84,91.85,832
16-04-2026 16:30,91.85,91.85,91.40,91.69,1297
16-04-2026 17:00,91.69,91.78,91.08,91.49,920
16-04-2026 17:30,91.47,91.65,91.12,91.56,1113
16-04-2026 18:00,91.56,92.20,91.55,92.19,1410
16-04-2026 18:30,92.19,92.56,91.85,91.95,1676
16-04-2026 19:00,91.96,93.45,91.89,93.16,2278
16-04-2026 19:30,93.16,93.66,92.88,93.36,2046
16-04-2026 20:00,93.36,93.91,93.16,93.41,2315
16-04-2026 20:30,93.41,93.78,92.81,93.78,2354
16-04-2026 21:00,93.79,93.95,93.11,93.35,2382
16-04-2026 21:30,93.35,93.75,93.33,93.51,1702
16-04-2026 22:00,93.52,94.51,93.47,94.43,2226
16-04-2026 22:30,94.42,95.15,94.31,95.09,1769
16-04-2026 23:00,95.07,95.37,94.96,95.13,1467
16-04-2026 23:30,95.13,95.15,94.48,94.70,2311
17-04-2026 00:00,94.70,94.88,93.70,93.78,1237
17-04-2026 00:30,93.78,94.08,93.50,93.63,1033
17-04-2026 01:00,93.63,93.63,93.28,93.52,980
17-04-2026 01:30,93.53,93.59,93.36,93.52,485
17-04-2026 02:00,93.52,93.60,93.11,93.16,675
17-04-2026 03:30,93.23,93.63,92.87,93.37,540
17-04-2026 04:00,93.37,93.39,92.99,92.99,242
17-04-2026 04:30,92.99,93.38,92.99,93.34,279
17-04-2026 05:00,93.34,93.53,93.26,93.30,321
17-04-2026 05:30,93.30,93.48,92.99,93.10,666
17-04-2026 06:00,93.11,93.42,92.99,93.40,448
17-04-2026 06:30,93.38,93.66,93.28,93.46,738
17-04-2026 07:00,93.46,93.56,93.08,93.29,485
17-04-2026 07:30,93.30,93.53,93.28,93.39,361
17-04-2026 08:00,93.39,93.42,93.22,93.29,457
17-04-2026 08:30,93.30,93.52,93.12,93.47,248
17-04-2026 09:00,93.47,93.61,93.34,93.48,248
17-04-2026 09:30,93.48,93.54,93.40,93.52,276
17-04-2026 10:00,93.52,93.54,93.23,93.31,247
17-04-2026 10:30,93.30,93.52,93.24,93.29,425
17-04-2026 11:00,93.28,93.37,93.13,93.28,552
17-04-2026 11:30,93.29,93.58,93.22,93.55,806
17-04-2026 12:00,93.56,94.00,93.44,93.78,896
17-04-2026 12:30,93.78,93.81,93.40,93.59,927
17-04-2026 13:00,93.58,93.95,93.42,93.65,1088
17-04-2026 13:30,93.66,93.71,93.26,93.59,1553
17-04-2026 14:00,93.59,93.77,92.31,92.56,1392
17-04-2026 14:30,92.54,92.71,91.47,91.53,1359
17-04-2026 15:00,91.53,91.54,90.50,90.81,1716
17-04-2026 15:30,90.81,91.12,90.25,91.04,1267
17-04-2026 16:00,91.04,91.53,90.95,91.25,928
17-04-2026 16:30,91.26,91.36,91.08,91.24,748
17-04-2026 17:00,91.25,91.41,90.64,90.86,1035
17-04-2026 17:30,90.86,91.05,89.44,89.79,1620
17-04-2026 18:00,89.74,90.23,84.66,85.41,3777
17-04-2026 18:30,85.35,86.14,82.98,84.52,4676
17-04-2026 19:00,84.51,85.31,83.61,84.57,4278
17-04-2026 19:30,84.57,84.67,83.12,83.53,2999
17-04-2026 20:00,83.54,83.60,80.54,82.18,3508
17-04-2026 20:30,82.17,83.39,81.67,83.37,3394
17-04-2026 21:00,83.35,83.63,82.70,82.96,2717
17-04-2026 21:30,82.96,83.60,82.59,83.57,1910
17-04-2026 22:00,83.58,83.62,82.93,83.01,1463
17-04-2026 22:30,83.01,84.55,82.91,84.43,2214
17-04-2026 23:00,84.43,84.56,83.34,83.38,1805
17-04-2026 23:30,83.37,84.39,82.99,84.18,2300
18-04-2026 00:00,84.16,84.94,84.02,84.64,1520
18-04-2026 00:30,84.64,84.96,84.50,84.81,1012
18-04-2026 01:00,84.81,84.84,84.15,84.67,942
18-04-2026 01:30,84.68,85.25,84.55,85.07,531
18-04-2026 02:00,85.07,85.56,84.91,85.15,555
20-04-2026 03:30,88.13,89.56,87.34,88.21,2815
20-04-2026 04:00,88.20,88.45,87.69,87.97,1015
20-04-2026 04:30,87.97,88.47,87.83,88.43,758
20-04-2026 05:00,88.43,88.64,88.30,88.61,843
20-04-2026 05:30,88.60,88.82,88.01,88.08,1499
20-04-2026 06:00,88.08,88.28,87.96,88.06,726
20-04-2026 06:30,88.08,88.08,87.27,87.31,1789
20-04-2026 07:00,87.31,87.46,86.44,86.69,1498
20-04-2026 07:30,86.69,87.01,86.57,86.78,950
20-04-2026 08:00,86.78,87.41,86.67,87.14,984
20-04-2026 08:30,87.14,87.40,87.09,87.30,628
20-04-2026 09:00,87.30,87.45,87.19,87.38,454
20-04-2026 09:30,87.38,87.62,87.36,87.61,466
20-04-2026 10:00,87.61,87.84,87.30,87.40,583
20-04-2026 10:30,87.40,87.76,87.31,87.67,560
20-04-2026 11:00,87.67,87.77,87.41,87.53,740
20-04-2026 11:30,87.53,87.74,87.26,87.61,1012
20-04-2026 12:00,87.61,88.01,87.36,87.37,1183
20-04-2026 12:30,87.33,87.61,86.60,87.32,1816
20-04-2026 13:00,87.32,88.22,87.22,87.69,1781
20-04-2026 13:30,87.69,88.38,87.62,88.06,1823
20-04-2026 14:00,88.06,88.36,87.35,87.42,1368
20-04-2026 14:30,87.44,87.80,86.94,87.27,1469
20-04-2026 15:00,87.27,87.62,87.01,87.59,1265
20-04-2026 15:30,87.59,87.60,86.69,87.13,1384
20-04-2026 16:00,87.13,87.62,87.05,87.49,1049
20-04-2026 16:30,87.48,87.92,87.42,87.71,1006
20-04-2026 17:00,87.71,87.84,86.95,87.08,1735
20-04-2026 17:30,87.08,87.52,86.78,86.93,1509
20-04-2026 18:00,86.93,87.34,86.67,86.95,1644
20-04-2026 18:30,86.95,87.44,85.67,85.78,2893
20-04-2026 19:00,85.75,86.40,85.45,85.94,2481
20-04-2026 19:30,85.94,86.73,85.92,86.20,2192
20-04-2026 20:00,86.21,87.76,85.98,87.25,2557
20-04-2026 20:30,87.25,87.48,86.48,86.53,2853
20-04-2026 21:00,86.59,87.43,86.53,87.31,1826
20-04-2026 21:30,87.29,87.67,87.13,87.26,1398
20-04-2026 22:00,87.27,87.48,87.00,87.25,1309
20-04-2026 22:30,87.25,87.73,87.07,87.73,1178
20-04-2026 23:00,87.73,87.96,87.14,87.50,1434
20-04-2026 23:30,87.46,87.73,86.96,87.34,1912
21-04-2026 00:00,87.33,87.69,87.24,87.35,927
21-04-2026 00:30,87.35,87.39,87.11,87.15,429
21-04-2026 01:00,87.15,87.17,86.81,86.86,607
21-04-2026 01:30,86.87,87.02,86.76,86.89,397
21-04-2026 02:00,86.90,86.96,85.57,85.86,836
21-04-2026 03:30,86.04,86.34,85.97,86.16,541
21-04-2026 04:00,86.17,86.51,86.12,86.34,383
21-04-2026 04:30,86.34,86.49,86.29,86.40,210
21-04-2026 05:00,86.40,86.40,86.12,86.17,225
21-04-2026 05:30,86.17,86.52,86.10,86.31,567
21-04-2026 06:00,86.31,86.56,86.17,86.47,649
21-04-2026 06:30,86.46,86.70,86.46,86.63,776
21-04-2026 07:00,86.63,86.69,86.40,86.64,485
21-04-2026 07:30,86.64,86.76,86.51,86.52,383
21-04-2026 08:00,86.52,86.69,86.48,86.63,321
21-04-2026 08:30,86.62,86.76,86.53,86.56,360
21-04-2026 09:00,86.56,86.74,86.52,86.67,247
21-04-2026 09:30,86.67,86.67,86.40,86.47,291
21-04-2026 10:00,86.47,86.54,86.25,86.27,226
21-04-2026 10:30,86.26,86.26,85.66,85.70,533
21-04-2026 11:00,85.70,86.25,85.65,86.15,631
21-04-2026 11:30,86.14,86.42,86.12,86.33,610
21-04-2026 12:00,86.33,86.71,86.29,86.59,614
21-04-2026 12:30,86.59,87.45,86.59,86.89,1311
21-04-2026 13:00,86.88,86.98,85.85,86.42,1297
21-04-2026 13:30,86.42,86.76,86.02,86.18,1515
21-04-2026 14:00,86.19,86.83,85.98,86.79,1173
21-04-2026 14:30,86.79,87.47,86.76,86.79,1252
21-04-2026 15:00,86.79,86.96,86.54,86.69,863
21-04-2026 15:30,86.68,86.78,86.41,86.55,804
21-04-2026 16:00,86.54,86.63,86.13,86.63,923
21-04-2026 16:30,86.63,87.55,86.63,87.23,1454
21-04-2026 17:00,87.23,87.68,87.11,87.58,941
21-04-2026 17:30,87.54,87.70,87.20,87.20,1065
21-04-2026 18:00,87.20,87.67,86.77,87.34,1861
21-04-2026 18:30,87.29,87.32,86.52,86.93,1659
21-04-2026 19:00,86.94,87.16,86.62,86.77,1854
21-04-2026 19:30,86.77,88.00,86.75,87.85,1897
21-04-2026 20:00,87.86,88.75,87.64,88.71,2020
21-04-2026 20:30,88.72,89.84,88.39,89.78,2335
21-04-2026 21:00,89.78,90.07,89.38,89.76,2177
21-04-2026 21:30,89.76,90.13,89.40,89.93,1775
21-04-2026 22:00,89.93,90.42,89.76,90.40,1519
21-04-2026 22:30,90.40,91.43,90.27,91.08,2401
21-04-2026 23:00,91.09,91.09,88.95,89.41,2965
21-04-2026 23:30,89.41,89.99,89.10,89.54,2947
22-04-2026 00:00,89.53,89.83,87.98,88.81,2128
22-04-2026 00:30,88.81,89.18,87.87,88.36,2501
22-04-2026 01:00,88.36,92.19,88.36,91.76,3591
22-04-2026 01:30,91.76,91.92,87.87,89.97,3104
22-04-2026 02:00,89.97,90.82,89.71,90.43,1328
22-04-2026 03:30,90.06,90.65,89.70,90.19,502
22-04-2026 04:00,90.19,90.49,90.15,90.32,347
22-04-2026 04:30,90.32,90.47,90.29,90.40,231
22-04-2026 05:00,90.40,90.68,90.35,90.49,352
22-04-2026 05:30,90.49,90.49,88.76,89.35,1488
22-04-2026 06:00,89.35,89.83,89.19,89.78,877
22-04-2026 06:30,89.78,89.78,89.03,89.12,1321
22-04-2026 07:00,89.12,89.53,89.09,89.38,801
22-04-2026 07:30,89.38,89.50,89.22,89.22,492
22-04-2026 08:00,89.22,89.47,89.13,89.32,600
22-04-2026 08:30,89.33,89.68,89.15,89.37,679
22-04-2026 09:00,89.37,89.48,89.16,89.24,377
22-04-2026 09:30,89.24,89.52,89.18,89.51,397
22-04-2026 10:00,89.51,89.60,89.27,89.55,392
22-04-2026 10:30,89.55,89.57,87.62,88.32,1528
22-04-2026 11:00,88.33,88.81,88.10,88.74,1193
22-04-2026 11:30,88.74,88.93,88.60,88.72,813
22-04-2026 12:00,88.76,88.87,88.61,88.70,986
22-04-2026 12:30,88.69,89.39,88.49,89.03,1243
22-04-2026 13:00,89.03,89.37,88.96,89.35,1194
22-04-2026 13:30,89.35,90.75,89.20,90.75,1874
22-04-2026 14:00,90.75,91.39,90.55,90.78,1897
22-04-2026 14:30,90.78,90.94,90.12,90.26,1540
22-04-2026 15:00,90.25,91.13,90.15,90.85,1372
22-04-2026 15:30,90.84,90.94,90.05,90.13,1347
22-04-2026 16:00,90.13,90.41,89.93,90.10,1110
22-04-2026 16:30,90.10,90.56,89.99,90.39,1149
22-04-2026 17:00,90.40,90.61,89.78,90.20,1292
22-04-2026 17:30,90.20,90.53,89.69,90.52,1578
22-04-2026 18:00,90.52,91.56,90.43,91.41,2074
22-04-2026 18:30,91.41,91.85,90.44,91.14,2896
22-04-2026 19:00,91.15,92.07,91.11,91.72,2512
22-04-2026 19:30,91.72,91.80,91.12,91.26,2087
22-04-2026 20:00,91.26,92.42,90.94,92.18,2746
22-04-2026 20:30,92.18,92.44,91.29,92.24,2860
22-04-2026 21:00,92.26,93.23,92.15,93.08,2040
22-04-2026 21:30,93.04,93.48,92.87,93.19,1512
22-04-2026 22:00,93.19,93.71,93.19,93.60,1596
22-04-2026 22:30,93.60,93.67,92.51,93.00,2029
22-04-2026 23:00,93.00,93.17,92.33,92.59,1662
22-04-2026 23:30,92.61,93.29,92.59,92.99,1531
23-04-2026 00:00,92.98,93.13,92.77,92.92,818
23-04-2026 00:30,92.92,93.07,92.50,92.57,772
23-04-2026 01:00,92.57,92.68,92.40,92.59,848
23-04-2026 01:30,92.60,92.61,92.40,92.49,428
23-04-2026 02:00,92.49,93.03,92.49,92.86,578
23-04-2026 03:30,92.63,92.70,92.44,92.60,375
23-04-2026 04:00,92.60,92.64,92.31,92.52,224
23-04-2026 04:30,92.52,92.55,92.40,92.45,168
23-04-2026 05:00,92.45,92.75,92.38,92.72,228
23-04-2026 05:30,92.72,97.19,92.59,93.42,3065
23-04-2026 06:00,93.42,93.53,92.86,92.91,1399
23-04-2026 06:30,92.91,93.64,92.81,93.58,1302
23-04-2026 07:00,93.58,93.68,93.09,93.45,860
23-04-2026 07:30,93.46,94.59,93.44,94.30,1189
23-04-2026 08:00,94.31,95.16,93.92,95.05,1426
23-04-2026 08:30,95.05,95.24,94.56,94.77,1512
23-04-2026 09:00,94.77,95.05,94.41,94.53,887
23-04-2026 09:30,94.53,94.63,94.35,94.52,560
23-04-2026 10:00,94.52,94.53,94.02,94.04,625
23-04-2026 10:30,94.05,94.41,93.95,94.29,675
23-04-2026 11:00,94.29,94.38,93.83,93.85,999
23-04-2026 11:30,93.81,94.34,93.64,94.16,1075
23-04-2026 12:00,94.15,94.63,94.12,94.39,1143
23-04-2026 12:30,94.35,94.71,94.14,94.35,1439
23-04-2026 13:00,94.35,94.49,93.22,93.68,1854
23-04-2026 13:30,93.64,94.45,93.64,94.22,1920
23-04-2026 14:00,94.21,95.02,94.14,94.88,1665
23-04-2026 14:30,94.88,95.62,94.39,94.61,1794
23-04-2026 15:00,94.62,94.95,94.26,94.91,1237
23-04-2026 15:30,94.92,95.03,94.24,94.29,1083
23-04-2026 16:00,94.30,94.64,93.75,93.93,1076
23-04-2026 16:30,93.94,94.12,93.75,94.03,1128
23-04-2026 17:00,94.03,94.19,93.01,93.22,2036
23-04-2026 17:30,93.22,93.31,92.32,92.89,2322
23-04-2026 18:00,92.90,93.94,92.44,93.20,2336
23-04-2026 18:30,93.15,93.98,92.97,93.95,2030
23-04-2026 19:00,93.95,94.42,93.73,93.96,2085
23-04-2026 19:30,93.97,94.60,93.24,93.38,2468
23-04-2026 20:00,93.36,93.72,93.02,93.07,2207
23-04-2026 20:30,93.06,93.76,92.95,93.64,2217
23-04-2026 21:00,93.66,94.61,93.59,94.42,2047
23-04-2026 21:30,94.42,94.68,94.27,94.33,1543
23-04-2026 22:00,94.32,94.62,93.92,94.43,1489
23-04-2026 22:30,94.42,96.91,94.41,96.72,3766
23-04-2026 23:00,96.73,98.37,95.91,96.17,4535
23-04-2026 23:30,96.18,96.26,95.23,95.75,3981
24-04-2026 00:00,95.74,96.78,95.30,96.65,1941
24-04-2026 00:30,96.66,96.84,95.94,96.24,1336
24-04-2026 01:00,96.24,96.71,96.17,96.38,1208
24-04-2026 01:30,96.38,97.28,96.37,96.54,1040
24-04-2026 02:00,96.54,97.38,96.44,96.95,818
24-04-2026 03:30,96.42,96.94,96.34,96.86,435
24-04-2026 04:00,96.86,97.29,96.80,97.04,414
24-04-2026 04:30,97.04,97.10,96.93,96.93,187
24-04-2026 05:00,96.93,96.93,96.67,96.78,320
24-04-2026 05:30,96.78,97.00,96.67,96.69,726
24-04-2026 06:00,96.69,97.50,96.67,97.15,882
24-04-2026 06:30,97.15,97.15,96.67,97.13,1014
24-04-2026 07:00,97.13,97.56,96.91,96.97,885
24-04-2026 07:30,96.99,97.05,96.67,96.74,617
24-04-2026 08:00,96.74,96.78,96.37,96.44,686
24-04-2026 08:30,96.45,96.67,96.12,96.34,614
24-04-2026 09:00,96.35,96.65,96.33,96.61,472
24-04-2026 09:30,96.61,96.69,96.42,96.47,374
24-04-2026 10:00,96.47,96.49,95.93,96.00,453
24-04-2026 10:30,95.93,96.15,95.86,96.03,643
24-04-2026 11:00,96.03,96.03,95.69,95.95,879
24-04-2026 11:30,95.95,96.09,95.54,96.02,944
24-04-2026 12:00,96.02,96.53,95.82,96.48,1162
24-04-2026 12:30,96.48,96.61,95.99,96.14,1174
24-04-2026 13:00,96.14,96.77,96.14,96.67,1197
24-04-2026 13:30,96.67,97.81,96.67,97.21,2213
24-04-2026 14:00,97.23,97.45,96.92,96.96,1377
24-04-2026 14:30,96.96,97.51,96.65,97.38,1376
24-04-2026 15:00,97.40,97.76,97.32,97.71,1003
24-04-2026 15:30,97.71,97.71,97.28,97.39,1001
24-04-2026 16:00,97.39,97.52,96.89,96.92,981
24-04-2026 16:30,96.92,96.92,93.67,93.71,3883
24-04-2026 17:00,93.69,94.95,93.63,94.47,2611
24-04-2026 17:30,94.47,95.10,94.14,94.90,1990
24-04-2026 18:00,94.89,96.47,94.89,95.90,2428
24-04-2026 18:30,95.90,95.91,94.61,94.90,2469
24-04-2026 19:00,94.90,95.52,94.86,95.18,2496
24-04-2026 19:30,95.17,95.56,94.75,95.32,2711
24-04-2026 20:00,95.31,95.42,94.65,95.09,2280
24-04-2026 20:30,95.09,95.78,95.03,95.47,2459
24-04-2026 21:00,95.47,95.53,92.68,93.51,3402
24-04-2026 21:30,93.51,94.20,93.11,93.97,2337
24-04-2026 22:00,93.96,94.40,93.65,93.75,1870
24-04-2026 22:30,93.76,93.92,93.35,93.87,1840
24-04-2026 23:00,93.87,94.08,92.74,93.59,1941
24-04-2026 23:30,93.60,94.48,93.60,94.40,1984
25-04-2026 00:00,94.41,94.61,94.03,94.21,1014
25-04-2026 00:30,94.21,94.90,94.07,94.82,1065
25-04-2026 01:00,94.82,95.19,94.60,94.75,1093
25-04-2026 01:30,94.76,95.54,94.76,95.40,714
25-04-2026 02:00,95.39,95.41,94.77,94.78,785
27-04-2026 03:30,95.58,96.64,95.39,96.48,1151
27-04-2026 04:00,96.48,96.60,95.95,96.00,499
27-04-2026 04:30,96.00,96.27,95.94,96.15,404
27-04-2026 05:00,96.15,96.26,96.09,96.11,359
27-04-2026 05:30,96.11,96.51,95.97,96.18,611
27-04-2026 06:00,96.18,96.47,95.84,96.05,530
27-04-2026 06:30,96.05,96.09,95.41,95.87,1328
27-04-2026 07:00,95.87,96.03,95.67,95.85,734
27-04-2026 07:30,95.84,95.84,95.35,95.45,556
27-04-2026 08:00,95.44,95.56,95.22,95.23,556
27-04-2026 08:30,95.23,95.34,94.97,95.18,612
27-04-2026 09:00,95.18,95.31,95.12,95.28,407
27-04-2026 09:30,95.28,95.36,95.23,95.32,291
27-04-2026 10:00,95.32,95.64,95.18,95.56,384
27-04-2026 10:30,95.56,96.03,95.52,95.95,596
27-04-2026 11:00,95.95,96.24,95.81,96.05,722
27-04-2026 11:30,96.05,96.38,96.02,96.16,811
27-04-2026 12:00,96.16,96.34,96.01,96.06,687
27-04-2026 12:30,96.06,96.73,96.05,96.64,1163
27-04-2026 13:00,96.64,96.86,96.43,96.81,1080
27-04-2026 13:30,96.81,97.08,96.68,96.94,1558
27-04-2026 14:00,96.91,96.95,96.38,96.46,1129
27-04-2026 14:30,96.45,96.65,96.13,96.62,1020
27-04-2026 15:00,96.62,96.68,96.35,96.48,664
27-04-2026 15:30,96.48,96.49,96.16,96.30,720
27-04-2026 16:00,96.30,96.30,95.05,95.39,1413
27-04-2026 16:30,95.39,95.43,94.65,94.71,1267
27-04-2026 17:00,94.69,95.25,94.57,95.09,1262
27-04-2026 17:30,95.09,95.67,94.84,95.50,1204
27-04-2026 18:00,95.50,96.50,95.47,96.29,1932
27-04-2026 18:30,96.27,96.36,95.60,95.82,1838
27-04-2026 19:00,95.82,96.51,95.66,95.70,2175
27-04-2026 19:30,95.70,96.35,95.29,96.21,2519
27-04-2026 20:00,96.21,96.77,95.68,96.73,2321
27-04-2026 20:30,96.73,97.47,96.67,96.87,2272
27-04-2026 21:00,96.87,97.18,96.08,96.14,1894
27-04-2026 21:30,96.14,96.42,96.04,96.33,1445
27-04-2026 22:00,96.33,96.58,96.11,96.55,1026
27-04-2026 22:30,96.55,97.65,96.50,96.85,1543
27-04-2026 23:00,96.85,96.87,96.15,96.53,1676
27-04-2026 23:30,96.54,97.10,96.23,96.37,2175
28-04-2026 00:00,96.37,96.58,96.20,96.53,899
28-04-2026 00:30,96.53,96.57,96.03,96.08,677
28-04-2026 01:00,96.09,96.61,95.89,96.39,959
28-04-2026 01:30,96.39,96.72,96.25,96.47,452
28-04-2026 02:00,96.47,96.79,96.41,96.65,422
28-04-2026 03:30,96.53,96.77,96.29,96.49,292
28-04-2026 04:00,96.49,96.68,96.29,96.62,244
28-04-2026 04:30,96.61,96.75,96.57,96.62,132
28-04-2026 05:00,96.62,96.77,96.58,96.64,156
28-04-2026 05:30,96.64,97.03,96.23,96.89,922
28-04-2026 06:00,96.89,97.17,96.87,97.01,438
28-04-2026 06:30,97.01,97.33,96.98,97.06,712
28-04-2026 07:00,97.05,97.37,96.84,97.30,551
28-04-2026 07:30,97.30,97.54,97.23,97.37,360
28-04-2026 08:00,97.37,97.46,97.23,97.37,422
28-04-2026 08:30,97.37,97.41,97.17,97.29,350
28-04-2026 09:00,97.29,97.58,97.27,97.58,316
28-04-2026 09:30,97.58,97.79,97.38,97.40,333
28-04-2026 10:00,97.40,97.48,97.31,97.45,252
28-04-2026 10:30,97.44,97.60,97.39,97.48,294
28-04-2026 11:00,97.48,98.81,97.39,98.19,1524
28-04-2026 11:30,98.19,98.23,97.71,97.83,1092
28-04-2026 12:00,97.83,98.43,97.74,98.36,1032
28-04-2026 12:30,98.36,99.03,98.27,98.85,1478
28-04-2026 13:00,98.85,99.21,98.68,98.87,1706
28-04-2026 13:30,98.87,99.18,98.29,98.29,1930
28-04-2026 14:00,98.22,99.25,98.22,98.94,1469
28-04-2026 14:30,98.94,99.56,98.94,99.47,1243
28-04-2026 15:00,99.47,99.87,99.46,99.79,1096
28-04-2026 15:30,99.79,100.08,99.44,99.80,1152
28-04-2026 16:00,99.80,99.83,99.54,99.72,919
28-04-2026 16:30,99.73,100.97,99.53,100.93,1617
28-04-2026 17:00,100.94,101.81,100.57,101.25,2086
28-04-2026 17:30,101.25,101.26,98.13,100.35,2949
28-04-2026 18:00,100.35,100.48,99.37,99.38,2714
28-04-2026 18:30,99.39,100.38,98.95,99.36,2695
28-04-2026 19:00,99.33,99.72,98.72,99.39,3450
28-04-2026 19:30,99.39,100.19,99.39,99.89,2546
28-04-2026 20:00,99.89,100.44,99.23,99.34,3282
28-04-2026 20:30,99.34,99.79,99.00,99.61,3261
28-04-2026 21:00,99.65,100.00,99.24,99.78,2309
28-04-2026 21:30,99.78,100.18,99.50,99.67,1892
28-04-2026 22:00,99.67,99.82,99.04,99.22,1924
28-04-2026 22:30,99.20,100.44,99.12,100.37,1592
28-04-2026 23:00,100.36,100.37,99.92,100.21,1271
28-04-2026 23:30,100.21,100.21,99.33,99.93,1841
29-04-2026 00:00,99.93,100.31,99.90,99.99,943
29-04-2026 00:30,99.99,100.05,99.77,99.93,700
29-04-2026 01:00,99.93,100.03,99.81,99.89,552
29-04-2026 01:30,99.89,99.92,99.50,99.61,650
29-04-2026 02:00,99.60,99.68,99.54,99.67,535
29-04-2026 03:30,99.57,99.62,99.33,99.41,251
29-04-2026 04:00,99.41,99.68,99.36,99.59,221
29-04-2026 04:30,99.59,99.67,99.34,99.46,230
29-04-2026 05:00,99.46,99.50,99.37,99.41,133
29-04-2026 05:30,99.41,99.41,98.91,99.18,781
29-04-2026 06:00,99.18,99.37,99.03,99.29,473
29-04-2026 06:30,99.28,100.35,99.22,100.16,1301
29-04-2026 07:00,100.17,100.71,100.08,100.36,904
29-04-2026 07:30,100.37,100.37,98.40,98.81,1276
29-04-2026 08:00,98.82,99.30,98.64,99.29,883
29-04-2026 08:30,99.29,99.40,98.78,99.15,808
29-04-2026 09:00,99.18,99.45,99.13,99.29,400
29-04-2026 09:30,99.29,99.37,99.24,99.35,277
29-04-2026 10:00,99.34,99.59,99.20,99.53,437
29-04-2026 10:30,99.53,99.82,99.53,99.68,482
29-04-2026 11:00,99.68,99.84,99.55,99.82,551
29-04-2026 11:30,99.82,100.11,99.58,100.10,660
29-04-2026 12:00,100.10,100.61,100.05,100.55,1215
29-04-2026 12:30,100.55,100.98,100.33,100.86,1273
29-04-2026 13:00,100.86,101.90,100.79,101.67,1763
29-04-2026 13:30,101.68,103.10,101.61,102.97,2300
29-04-2026 14:00,102.97,103.76,102.81,103.58,2249
29-04-2026 14:30,103.58,103.69,103.30,103.44,1469
29-04-2026 15:00,103.45,103.64,102.89,103.54,1360
29-04-2026 15:30,103.55,103.79,103.23,103.42,1115
29-04-2026 16:00,103.41,103.41,103.07,103.12,957
29-04-2026 16:30,103.11,103.43,102.96,103.17,1304
29-04-2026 17:00,103.17,103.42,102.72,103.39,1625
29-04-2026 17:30,103.39,103.74,102.96,103.69,1505
29-04-2026 18:00,103.71,104.32,103.57,103.80,2060
29-04-2026 18:30,103.76,104.60,103.05,104.52,2731
29-04-2026 19:00,104.52,105.22,104.39,104.94,2816
29-04-2026 19:30,104.94,105.07,104.44,104.71,2126
29-04-2026 20:00,104.70,105.39,104.46,105.15,2605
29-04-2026 20:30,105.16,105.61,104.92,105.49,2359
29-04-2026 21:00,105.52,107.00,105.41,106.78,2894
29-04-2026 21:30,106.77,106.83,106.17,106.68,2341
29-04-2026 22:00,106.68,107.24,106.52,107.12,2096
29-04-2026 22:30,107.12,107.66,106.76,106.79,2325
29-04-2026 23:00,106.73,107.19,106.28,106.52,2583
29-04-2026 23:30,106.53,107.16,106.45,106.97,2569
30-04-2026 00:00,106.96,107.44,106.76,106.79,1946
30-04-2026 00:30,106.79,107.54,106.68,107.53,1378
30-04-2026 01:00,107.53,108.47,107.53,107.73,1738
30-04-2026 01:30,107.76,108.31,107.52,107.92,1168
30-04-2026 02:00,107.92,108.47,107.85,108.44,901
30-04-2026 03:30,108.15,108.46,107.56,108.40,757
30-04-2026 04:00,108.41,108.84,108.21,108.39,571
30-04-2026 04:30,108.39,108.47,108.16,108.16,297
30-04-2026 05:00,108.16,108.20,107.82,107.95,363
30-04-2026 05:30,107.95,107.95,106.44,106.98,1760
30-04-2026 06:00,106.98,107.60,106.89,107.39,910
30-04-2026 06:30,107.38,107.57,107.12,107.24,1203
30-04-2026 07:00,107.24,107.56,107.12,107.15,988
30-04-2026 07:30,107.15,108.49,107.15,108.44,1242
30-04-2026 08:00,108.44,109.21,108.24,108.38,1976
30-04-2026 08:30,108.38,109.54,108.12,108.98,1608
30-04-2026 09:00,108.97,109.42,108.72,109.08,1375
30-04-2026 09:30,109.08,110.27,109.04,109.95,2153
30-04-2026 10:00,109.97,110.90,109.67,109.83,1610
30-04-2026 10:30,109.83,109.83,109.03,109.45,1162
30-04-2026 11:00,109.45,109.48,108.84,109.34,1368
30-04-2026 11:30,109.30,110.30,109.01,110.13,1871
30-04-2026 12:00,110.12,110.12,108.25,108.29,2407
30-04-2026 12:30,108.23,108.51,107.63,108.15,2290
30-04-2026 13:00,108.15,108.61,107.74,108.23,1896
30-04-2026 13:30,108.24,108.46,107.75,107.85,2098
30-04-2026 14:00,107.84,108.28,107.49,107.99,1801
30-04-2026 14:30,107.99,108.84,107.20,107.21,2197
30-04-2026 15:00,107.20,107.39,106.41,106.90,3075
30-04-2026 15:30,106.90,107.01,106.20,106.83,2290
30-04-2026 16:00,106.84,107.29,106.33,106.41,2002
30-04-2026 16:30,106.41,106.43,103.50,103.69,3211
30-04-2026 17:00,103.68,104.58,103.66,104.51,2850
30-04-2026 17:30,104.50,105.13,104.46,104.81,2146
30-04-2026 18:00,104.76,105.80,104.76,105.27,2326
30-04-2026 18:30,105.25,105.25,103.82,104.62,3012
30-04-2026 19:00,104.62,105.94,104.58,105.44,3092
30-04-2026 19:30,105.44,105.73,104.69,105.05,3349
30-04-2026 20:00,105.03,106.44,104.97,105.96,3344
30-04-2026 20:30,105.96,106.61,104.07,104.41,4154
30-04-2026 21:00,104.39,104.87,103.55,104.07,3080
30-04-2026 21:30,104.08,104.74,104.00,104.64,2003
30-04-2026 22:00,104.64,105.15,104.36,104.76,1909
30-04-2026 22:30,104.73,104.83,103.89,104.50,2284
30-04-2026 23:00,104.51,104.51,103.35,103.66,2721
30-04-2026 23:30,103.64,105.29,103.42,105.14,2713
01-05-2026 00:00,105.14,105.57,105.11,105.38,1510
01-05-2026 00:30,105.38,105.42,104.69,104.78,1256
01-05-2026 01:00,104.78,105.26,104.75,105.19,1122
01-05-2026 01:30,105.19,105.93,105.09,105.51,1260
01-05-2026 02:00,105.51,106.13,105.34,105.42,770
01-05-2026 03:30,105.24,105.70,105.24,105.70,308
01-05-2026 04:00,105.70,105.95,105.57,105.67,334
01-05-2026 04:30,105.67,105.79,105.49,105.73,242
01-05-2026 05:00,105.73,105.82,105.60,105.61,215
01-05-2026 05:30,105.61,106.02,105.37,105.56,655
01-05-2026 06:00,105.56,105.78,105.40,105.61,458
01-05-2026 06:30,105.61,105.95,105.60,105.65,446
01-05-2026 07:00,105.65,105.66,105.13,105.29,600
01-05-2026 07:30,105.28,105.94,105.09,105.84,569
01-05-2026 08:00,105.85,106.35,105.43,105.45,643
01-05-2026 08:30,105.44,105.71,105.35,105.67,499
01-05-2026 09:00,105.67,105.72,105.41,105.51,349
01-05-2026 09:30,105.51,105.58,105.17,105.34,435
01-05-2026 10:00,105.34,105.39,104.96,104.97,510
01-05-2026 10:30,104.97,105.25,104.96,105.16,519
01-05-2026 11:00,105.16,105.29,104.98,105.07,427
01-05-2026 11:30,105.07,106.09,105.07,106.00,869
01-05-2026 12:00,106.01,106.61,105.86,105.91,1239
01-05-2026 12:30,105.92,106.13,104.12,104.57,2346
01-05-2026 13:00,104.57,105.51,104.50,105.50,1754
01-05-2026 13:30,105.51,105.72,104.66,105.10,2189
01-05-2026 14:00,105.11,105.62,105.11,105.50,1160
01-05-2026 14:30,105.50,106.16,105.50,105.79,1383
01-05-2026 15:00,105.79,105.90,105.20,105.40,1146
01-05-2026 15:30,105.40,105.66,105.19,105.38,725
01-05-2026 16:00,105.39,105.68,104.94,104.98,893
01-05-2026 16:30,104.99,105.17,104.23,104.47,1216
01-05-2026 17:00,104.48,104.50,103.93,104.07,1589
01-05-2026 17:30,104.07,104.38,102.19,102.79,2548
01-05-2026 18:00,102.79,104.00,102.51,103.75,1857
01-05-2026 18:30,103.76,103.85,102.51,102.60,2206
01-05-2026 19:00,102.59,102.87,100.42,100.79,3203
01-05-2026 19:30,100.80,100.91,99.29,100.64,3512
01-05-2026 20:00,100.65,101.70,100.53,101.58,2562
01-05-2026 20:30,101.58,102.45,101.47,102.04,2654
01-05-2026 21:00,102.02,102.02,100.74,101.05,2284
01-05-2026 21:30,101.06,102.52,100.70,102.52,2520
01-05-2026 22:00,102.52,102.55,101.54,101.81,2109
01-05-2026 22:30,101.82,101.86,101.39,101.59,1490
01-05-2026 23:00,101.59,102.11,101.22,101.42,1761
01-05-2026 23:30,101.42,102.13,101.12,101.84,2341
02-05-2026 00:00,101.83,102.68,101.78,102.17,1311
02-05-2026 00:30,102.17,102.21,101.82,102.02,786
02-05-2026 01:00,102.01,102.41,101.81,102.16,994
02-05-2026 01:30,102.17,102.65,102.01,102.50,670
02-05-2026 02:00,102.49,102.71,102.24,102.42,794
04-05-2026 03:30,99.71,101.53,99.10,101.25,1749
04-05-2026 04:00,101.25,101.48,100.84,101.03,634
04-05-2026 04:30,101.03,101.52,100.98,101.52,460
04-05-2026 05:00,101.51,101.74,101.20,101.69,548
04-05-2026 05:30,101.69,102.30,101.69,102.15,901
04-05-2026 06:00,102.15,102.15,101.06,101.14,877
04-05-2026 06:30,101.14,101.92,101.14,101.92,667
04-05-2026 07:00,101.91,101.97,101.56,101.60,440
04-05-2026 07:30,101.60,102.07,101.39,102.02,550
04-05-2026 08:00,102.02,102.02,101.70,101.78,403
04-05-2026 08:30,101.78,101.95,101.75,101.82,293
04-05-2026 09:00,101.82,102.18,101.80,101.88,420
04-05-2026 09:30,101.88,101.90,101.11,101.60,640
04-05-2026 10:00,101.62,101.77,101.54,101.66,286
04-05-2026 10:30,101.66,101.75,100.11,101.07,1074
04-05-2026 11:00,101.07,101.39,100.79,100.93,622
04-05-2026 11:30,100.93,101.71,100.82,101.54,951
04-05-2026 12:00,101.53,102.76,101.38,102.40,1404
04-05-2026 12:30,102.40,103.00,102.38,102.63,1396
04-05-2026 13:00,102.64,103.41,102.63,103.41,1427
04-05-2026 13:30,103.43,104.51,103.43,103.67,2167
04-05-2026 14:00,103.66,103.68,103.11,103.23,1620
04-05-2026 14:30,103.23,103.32,102.60,103.18,1262
04-05-2026 15:00,103.18,103.21,102.72,103.04,929
04-05-2026 15:30,103.03,107.42,102.96,106.86,4233
04-05-2026 16:00,106.86,107.09,104.60,105.65,3239
04-05-2026 16:30,105.63,105.98,105.00,105.13,1952
04-05-2026 17:00,105.15,105.86,103.87,104.12,2120
04-05-2026 17:30,104.12,104.17,102.90,103.22,2489
04-05-2026 18:00,103.22,103.71,102.10,102.83,2476
04-05-2026 18:30,102.81,104.15,101.82,102.77,3370
04-05-2026 19:00,102.77,102.98,101.89,102.19,2824
04-05-2026 19:30,102.18,102.84,101.51,102.25,3016
04-05-2026 20:00,102.28,103.61,101.97,103.44,2564
04-05-2026 20:30,103.45,105.81,103.00,105.19,4203
04-05-2026 21:00,105.20,105.99,105.00,105.59,3472
04-05-2026 21:30,105.59,106.59,104.69,105.53,3270
04-05-2026 22:00,105.53,106.41,105.43,106.10,2375
04-05-2026 22:30,106.10,106.23,104.94,105.05,2642
04-05-2026 23:00,105.05,105.60,105.02,105.25,1779
04-05-2026 23:30,105.25,106.73,104.74,106.26,2710
05-05-2026 00:00,106.26,106.36,105.63,105.67,1589
05-05-2026 00:30,105.67,105.82,104.81,105.19,1717
05-05-2026 01:00,105.18,105.39,104.94,105.28,1124
05-05-2026 01:30,105.28,105.30,104.79,104.87,596
05-05-2026 02:00,104.87,105.20,104.60,105.06,509
05-05-2026 03:30,105.06,105.39,104.73,104.79,418
05-05-2026 04:00,104.79,104.98,104.74,104.90,203
05-05-2026 04:30,104.90,105.00,104.80,104.88,217
05-05-2026 05:00,104.88,105.05,104.87,104.96,207
05-05-2026 05:30,104.96,105.15,104.51,105.05,725
05-05-2026 06:00,105.05,105.22,104.70,104.81,530
05-05-2026 06:30,104.80,105.03,104.67,104.81,572
05-05-2026 07:00,104.81,104.88,104.53,104.75,619
05-05-2026 07:30,104.76,104.76,104.17,104.36,695
05-05-2026 08:00,104.39,104.43,103.91,104.18,782
05-05-2026 08:30,104.18,104.34,104.09,104.32,342
05-05-2026 09:00,104.32,104.50,104.30,104.36,472
05-05-2026 09:30,104.36,104.37,104.01,104.09,365
05-05-2026 10:00,104.09,104.23,103.85,104.16,474
05-05-2026 10:30,104.15,104.56,104.14,104.34,742
05-05-2026 11:00,104.34,104.53,104.24,104.25,641
05-05-2026 11:30,104.25,105.32,103.97,104.98,1337
05-05-2026 12:00,104.98,105.01,104.19,104.39,1287
05-05-2026 12:30,104.39,104.48,103.87,104.39,1660
05-05-2026 13:00,104.39,104.81,103.12,104.53,2320
05-05-2026 13:30,104.53,104.67,103.31,103.89,2477
05-05-2026 14:00,103.91,103.95,103.07,103.41,1891
05-05-2026 14:30,103.40,104.47,103.40,103.90,1677
05-05-2026 15:00,103.89,104.32,103.70,104.00,1284
05-05-2026 15:30,103.99,104.36,103.99,104.08,1025
05-05-2026 16:00,104.08,104.36,103.49,104.16,1203
05-05-2026 16:30,104.16,105.06,104.10,104.21,1629
05-05-2026 17:00,104.21,104.34,103.71,103.73,1315
05-05-2026 17:30,103.73,104.19,102.71,102.82,2818
05-05-2026 18:00,102.82,103.35,102.58,103.19,1857
05-05-2026 18:30,103.20,103.35,102.02,102.42,2387
05-05-2026 19:00,102.42,102.66,102.05,102.07,2306
05-05-2026 19:30,102.06,102.94,101.07,101.86,3603
05-05-2026 20:00,101.85,102.59,101.57,101.60,2701
05-05-2026 20:30,101.61,102.50,101.50,101.93,2675
05-05-2026 21:00,101.97,102.20,101.33,102.07,2440
05-05-2026 21:30,102.07,102.36,101.78,102.14,1739
05-05-2026 22:00,102.13,102.39,101.89,102.30,1519
05-05-2026 22:30,102.30,102.36,101.62,101.73,1538
05-05-2026 23:00,101.73,102.10,101.43,102.05,1713
05-05-2026 23:30,102.04,102.61,101.82,102.14,2014
06-05-2026 00:00,102.15,102.27,101.95,102.26,974
06-05-2026 00:30,102.26,102.53,102.15,102.53,671
06-05-2026 01:00,102.53,102.88,102.51,102.76,1008
06-05-2026 01:30,102.78,102.78,102.52,102.60,584
06-05-2026 02:00,102.60,102.72,102.34,102.57,712
06-05-2026 03:30,102.43,102.65,102.41,102.43,311
06-05-2026 04:00,102.43,102.50,99.10,100.99,910
06-05-2026 04:30,100.99,101.04,99.28,100.05,1148
06-05-2026 05:00,100.05,100.23,99.66,99.76,729
06-05-2026 05:30,99.73,101.38,99.62,101.23,1490
06-05-2026 06:00,101.23,101.31,100.85,100.88,938
06-05-2026 06:30,100.88,101.26,100.35,100.95,1498
06-05-2026 07:00,100.95,100.96,100.10,100.56,1283
06-05-2026 07:30,100.56,100.71,100.47,100.59,677
06-05-2026 08:00,100.59,100.76,100.54,100.62,496
06-05-2026 08:30,100.62,100.97,100.56,100.92,529
06-05-2026 09:00,100.92,100.92,100.30,100.56,472
06-05-2026 09:30,100.56,100.72,100.31,100.34,374
06-05-2026 10:00,100.34,100.41,100.19,100.36,458
06-05-2026 10:30,100.36,101.34,100.33,100.90,824
06-05-2026 11:00,100.90,101.05,100.18,100.27,977
06-05-2026 11:30,100.28,100.71,99.73,100.40,1513
06-05-2026 12:00,100.40,101.28,100.20,100.83,1366
06-05-2026 12:30,100.83,101.18,100.24,100.33,1489
06-05-2026 13:00,100.33,100.73,97.69,97.77,2749
06-05-2026 13:30,97.74,99.07,97.59,98.99,3096
06-05-2026 14:00,99.02,99.06,95.17,95.44,3291
06-05-2026 14:30,95.44,96.18,94.29,95.37,3855
06-05-2026 15:00,95.36,95.55,93.29,93.34,3920
06-05-2026 15:30,93.33,93.34,92.10,93.00,3678
06-05-2026 16:00,92.99,93.00,89.56,89.78,4649
06-05-2026 16:30,89.79,90.90,88.69,90.49,4784
06-05-2026 17:00,90.48,92.60,90.25,92.55,3775
06-05-2026 17:30,92.56,96.06,92.46,94.10,4399
06-05-2026 18:00,94.12,95.65,94.02,95.38,3129
06-05-2026 18:30,95.39,96.74,95.11,96.25,3776
06-05-2026 19:00,96.25,96.59,95.41,96.02,3518
06-05-2026 19:30,96.03,97.30,94.86,95.57,3753
06-05-2026 20:00,95.57,95.84,94.46,94.76,3206
06-05-2026 20:30,94.76,96.07,94.76,94.98,3280
06-05-2026 21:00,94.97,95.53,94.61,95.31,2477
06-05-2026 21:30,95.31,95.69,94.74,94.84,2027
06-05-2026 22:00,94.84,96.32,94.55,95.84,2061
06-05-2026 22:30,95.84,95.92,95.12,95.24,1848
06-05-2026 23:00,95.24,95.67,94.97,95.21,1654
06-05-2026 23:30,95.23,95.29,94.32,95.22,2516
07-05-2026 00:00,95.21,95.26,94.80,95.19,1324
07-05-2026 00:30,95.19,95.23,94.81,95.18,1011
07-05-2026 01:00,95.20,95.55,94.89,95.34,1097
07-05-2026 01:30,95.33,95.64,95.04,95.54,861
07-05-2026 02:00,95.53,96.35,95.41,96.18,838
07-05-2026 03:30,95.64,95.95,95.60,95.80,330
07-05-2026 04:00,95.80,96.20,95.79,95.84,349
07-05-2026 04:30,95.83,96.01,95.71,95.94,220
07-05-2026 05:00,95.94,96.05,95.84,95.86,215
07-05-2026 05:30,95.86,96.45,95.73,96.21,884
07-05-2026 06:00,96.21,96.40,96.02,96.14,581
07-05-2026 06:30,96.14,96.41,95.58,95.63,1296
07-05-2026 07:00,95.63,95.77,95.36,95.40,868
07-05-2026 07:30,95.40,95.72,94.81,95.59,1115
07-05-2026 08:00,95.59,95.75,95.46,95.67,563
07-05-2026 08:30,95.67,95.92,95.66,95.85,494
07-05-2026 09:00,95.85,95.91,95.33,95.78,465
07-05-2026 09:30,95.79,95.83,95.63,95.70,237
07-05-2026 10:00,95.70,95.81,95.49,95.52,370
07-05-2026 10:30,95.52,95.75,95.50,95.65,373
07-05-2026 11:00,95.65,95.65,95.25,95.35,530
07-05-2026 11:30,95.34,95.65,94.96,95.48,947
07-05-2026 12:00,95.47,95.53,94.16,94.62,1739
07-05-2026 12:30,94.61,94.70,91.92,92.77,3642
07-05-2026 13:00,92.78,93.70,92.64,93.31,2334
07-05-2026 13:30,93.30,94.54,92.93,93.85,2858
07-05-2026 14:00,93.86,93.90,92.72,92.87,1905
07-05-2026 14:30,92.87,93.17,92.44,92.47,1753
07-05-2026 15:00,92.48,93.07,92.12,92.85,2055
07-05-2026 15:30,92.85,93.05,92.22,92.68,1853
07-05-2026 16:00,92.67,93.30,92.62,92.82,1628
07-05-2026 16:30,92.81,92.93,91.32,91.68,2034
07-05-2026 17:00,91.67,92.12,91.49,91.79,1834
07-05-2026 17:30,91.79,92.04,90.52,90.60,2429
07-05-2026 18:00,90.60,90.74,89.85,90.66,2580
07-05-2026 18:30,90.72,91.77,90.72,91.27,2827
07-05-2026 19:00,91.28,92.66,91.05,91.12,3137
07-05-2026 19:30,91.13,91.25,90.30,90.95,2875
07-05-2026 20:00,90.95,91.56,90.82,91.17,2609
07-05-2026 20:30,91.15,92.67,91.14,92.14,3162
07-05-2026 21:00,92.10,93.41,91.67,93.30,2705
07-05-2026 21:30,93.30,95.06,93.26,93.98,3514
07-05-2026 22:00,94.00,95.86,93.94,95.62,2734
07-05-2026 22:30,95.56,97.39,95.15,96.98,3126
07-05-2026 23:00,96.97,97.15,94.55,94.89,3844
07-05-2026 23:30,94.85,95.29,94.56,94.88,3261
08-05-2026 00:00,94.88,96.55,94.82,95.59,2973
08-05-2026 00:30,95.59,97.18,95.46,96.64,2342
08-05-2026 01:00,96.64,97.16,95.68,96.35,2173
08-05-2026 01:30,96.36,96.36,94.71,95.98,1895
08-05-2026 02:00,95.98,97.95,95.82,97.72,1931
08-05-2026 03:30,97.59,97.98,96.12,96.85,1284
08-05-2026 04:00,96.85,97.70,96.69,97.24,663
08-05-2026 04:30,97.20,97.24,96.83,96.92,412
08-05-2026 05:00,96.92,97.19,96.68,96.95,362
08-05-2026 05:30,96.95,97.29,96.40,97.05,1044
08-05-2026 06:00,97.05,97.09,96.56,96.56,567
08-05-2026 06:30,96.56,96.56,95.52,95.75,1527
08-05-2026 07:00,95.75,96.10,95.70,96.00,909
08-05-2026 07:30,96.00,96.01,95.71,95.89,587
08-05-2026 08:00,95.89,96.42,95.07,95.71,1311
08-05-2026 08:30,95.71,95.73,95.53,95.65,569
08-05-2026 09:00,95.65,95.79,95.34,95.68,502
08-05-2026 09:30,95.68,96.46,95.65,96.26,622
08-05-2026 10:00,96.27,96.33,95.64,95.76,621
08-05-2026 10:30,95.76,95.88,95.29,95.76,677
08-05-2026 11:00,95.76,95.79,95.34,95.39,756
08-05-2026 11:30,95.41,95.77,94.18,94.59,1590
08-05-2026 12:00,94.60,95.50,94.50,95.11,1742
08-05-2026 12:30,95.11,95.90,94.75,95.47,2005
08-05-2026 13:00,95.47,95.60,95.00,95.26,1682
08-05-2026 13:30,95.24,95.50,94.35,94.44,2218
08-05-2026 14:00,94.44,94.77,94.15,94.56,1790
08-05-2026 14:30,94.56,94.70,93.83,94.13,1491
08-05-2026 15:00,94.13,95.36,94.06,95.12,1692
08-05-2026 15:30,95.13,95.28,94.51,94.64,1476
08-05-2026 16:00,94.64,95.26,94.44,94.88,1491
08-05-2026 16:30,94.87,94.91,94.19,94.58,1547
08-05-2026 17:00,94.58,95.24,94.58,94.94,1437
08-05-2026 17:30,94.94,95.32,94.60,95.11,1669
08-05-2026 18:00,95.06,95.56,94.62,95.32,1812
08-05-2026 18:30,95.32,95.37,93.90,94.10,2532
08-05-2026 19:00,94.09,94.80,93.99,94.30,2336
08-05-2026 19:30,94.30,95.56,94.30,95.52,2793
08-05-2026 20:00,95.54,95.81,94.74,95.37,2422
08-05-2026 20:30,95.39,96.03,95.09,95.60,2762
08-05-2026 21:00,95.59,96.09,95.18,95.80,2461
08-05-2026 21:30,95.80,96.06,95.45,95.60,1724
08-05-2026 22:00,95.60,96.14,95.54,96.10,1380
08-05-2026 22:30,96.10,96.12,95.29,95.42,1325
08-05-2026 23:00,95.42,95.76,95.33,95.46,1309
08-05-2026 23:30,95.47,95.61,94.60,95.38,2460
09-05-2026 00:00,95.37,95.78,94.79,95.53,1402
09-05-2026 00:30,95.54,95.62,95.28,95.36,767
09-05-2026 01:00,95.36,95.45,94.69,94.90,1279
09-05-2026 01:30,94.90,95.02,94.59,94.83,667
09-05-2026 02:00,94.83,94.85,94.40,94.73,688
11-05-2026 03:30,98.17,98.54,97.64,97.88,1413
11-05-2026 04:00,97.87,98.40,97.81,98.28,733
11-05-2026 04:30,98.29,98.45,98.18,98.32,511
11-05-2026 05:00,98.32,98.90,98.25,98.85,530
11-05-2026 05:30,98.85,98.89,98.49,98.61,750
11-05-2026 06:00,98.62,99.89,98.60,99.22,1130
11-05-2026 06:30,99.22,99.28,98.82,99.00,1231
11-05-2026 07:00,99.00,99.35,98.93,98.99,701
11-05-2026 07:30,98.99,99.10,98.87,99.09,444
11-05-2026 08:00,99.09,99.79,99.03,99.67,570
11-05-2026 08:30,99.67,99.67,99.67,99.67,1
11-05-2026 09:00,99.83,99.96,99.67,99.93,383
11-05-2026 09:30,99.93,100.25,99.92,100.09,499
11-05-2026 10:00,100.09,100.34,100.04,100.28,386
11-05-2026 10:30,100.28,100.31,99.83,99.97,720
11-05-2026 11:00,99.97,100.11,99.66,99.74,780
11-05-2026 11:30,99.74,100.10,99.69,99.83,892
11-05-2026 12:00,99.83,99.83,98.89,99.00,1278
11-05-2026 12:30,99.00,99.29,98.71,98.95,1566
11-05-2026 13:00,98.95,99.09,98.24,98.28,1313
11-05-2026 13:30,98.28,98.41,96.90,97.52,2695
11-05-2026 14:00,97.54,97.68,97.31,97.57,1292
11-05-2026 14:30,97.57,97.84,97.36,97.62,1191
11-05-2026 15:00,97.62,98.07,97.47,98.07,1013
11-05-2026 15:30,98.06,98.10,97.27,97.66,1459
11-05-2026 16:00,97.65,98.02,97.46,98.00,1152
11-05-2026 16:30,98.00,98.04,97.82,97.89,821
11-05-2026 17:00,97.89,98.55,97.69,98.28,1065
11-05-2026 17:30,98.29,98.68,97.46,97.53,1432
11-05-2026 18:00,97.56,98.61,96.59,98.04,2206
11-05-2026 18:30,98.07,98.10,96.45,96.83,2521
11-05-2026 19:00,96.78,97.25,96.13,96.59,2423
11-05-2026 19:30,96.60,97.30,96.53,97.25,1911
11-05-2026 20:00,97.25,97.87,97.12,97.66,2332
11-05-2026 20:30,97.66,97.90,97.21,97.50,1943
11-05-2026 21:00,97.48,98.27,97.18,97.85,1926
11-05-2026 21:30,97.86,98.73,97.84,98.70,1515
11-05-2026 22:00,98.72,99.79,98.61,99.24,2109
11-05-2026 22:30,99.25,99.25,98.39,98.62,1626
11-05-2026 23:00,98.62,98.65,98.10,98.33,1462
11-05-2026 23:30,98.33,98.88,97.85,98.06,2625
12-05-2026 00:00,98.06,98.27,97.87,98.11,1040
12-05-2026 00:30,98.10,98.12,97.82,98.01,760
12-05-2026 01:00,98.01,98.48,97.91,98.29,872
12-05-2026 01:30,98.29,98.94,98.15,98.24,891
12-05-2026 02:00,98.24,98.50,98.17,98.35,410
12-05-2026 03:30,98.31,98.34,98.00,98.11,262
12-05-2026 04:00,98.11,98.26,98.02,98.20,200
12-05-2026 04:30,98.20,98.24,98.13,98.17,110
12-05-2026 05:00,98.17,98.17,97.99,98.08,115
12-05-2026 05:30,98.08,98.47,98.08,98.41,586
12-05-2026 06:00,98.41,98.77,98.29,98.70,634
12-05-2026 06:30,98.70,98.88,98.35,98.80,706
12-05-2026 07:00,98.80,99.11,98.71,99.02,678
12-05-2026 07:30,99.01,99.25,98.92,99.09,446
12-05-2026 08:00,99.10,99.20,98.94,98.95,399
12-05-2026 08:30,98.97,99.07,98.95,99.03,270
12-05-2026 09:00,99.03,99.19,98.81,99.13,362
12-05-2026 09:30,99.13,99.15,98.66,98.93,349
12-05-2026 10:00,98.95,99.01,98.75,99.00,253
12-05-2026 10:30,99.00,99.02,98.79,98.95,255
12-05-2026 11:00,98.93,99.49,98.82,99.18,592
12-05-2026 11:30,99.19,99.76,99.17,99.45,1076
12-05-2026 12:00,99.46,100.67,99.40,100.51,1349
12-05-2026 12:30,100.51,100.66,100.27,100.35,1249
12-05-2026 13:00,100.35,100.70,100.29,100.66,982
12-05-2026 13:30,100.59,101.45,100.59,101.17,1963
12-05-2026 14:00,101.15,101.28,100.80,100.88,1272
12-05-2026 14:30,100.89,101.73,100.83,101.45,1531
12-05-2026 15:00,101.45,101.46,100.95,101.07,1362
12-05-2026 15:30,101.07,101.25,100.82,101.09,1174
12-05-2026 16:00,101.09,101.94,101.05,101.65,1199
12-05-2026 16:30,101.64,102.02,101.12,101.22,1476
12-05-2026 17:00,101.22,101.49,101.15,101.25,937
12-05-2026 17:30,101.25,101.73,101.15,101.52,1327
12-05-2026 18:00,101.52,101.59,100.59,100.72,1790
12-05-2026 18:30,100.75,101.65,100.66,101.64,1911
12-05-2026 19:00,101.64,102.07,101.28,101.75,2118
12-05-2026 19:30,101.74,101.96,101.36,101.93,1763
12-05-2026 20:00,101.93,102.14,101.49,101.92,2038
12-05-2026 20:30,101.92,102.21,101.57,101.89,2163
12-05-2026 21:00,101.91,101.92,101.14,101.48,1815
12-05-2026 21:30,101.47,101.73,101.21,101.68,1268
12-05-2026 22:00,101.68,101.94,101.60,101.62,1200
12-05-2026 22:30,101.61,101.61,101.23,101.34,1309
12-05-2026 23:00,101.34,101.70,101.22,101.66,1194
12-05-2026 23:30,101.66,102.63,101.51,102.27,2253
13-05-2026 00:00,102.28,102.70,102.23,102.53,1036
13-05-2026 00:30,102.53,102.53,102.19,102.25,621
13-05-2026 01:00,102.25,102.47,102.21,102.36,679
13-05-2026 01:30,102.35,102.44,102.21,102.25,397
13-05-2026 02:00,102.25,102.32,101.89,102.14,613
13-05-2026 03:30,102.08,102.25,101.72,101.81,408
13-05-2026 04:00,101.81,101.94,101.75,101.91,174
13-05-2026 04:30,101.91,102.04,101.91,101.95,200
13-05-2026 05:00,101.95,102.10,101.94,102.04,152
13-05-2026 05:30,102.04,102.05,101.43,101.51,700
13-05-2026 06:00,101.51,101.67,101.02,101.43,708
13-05-2026 06:30,101.43,101.52,101.25,101.44,747
13-05-2026 07:00,101.44,101.62,101.41,101.56,571
13-05-2026 07:30,101.56,101.68,101.47,101.55,337
13-05-2026 08:00,101.55,101.62,100.76,101.04,476
13-05-2026 08:30,101.05,101.19,100.84,101.02,532
13-05-2026 09:00,101.01,101.14,100.83,101.04,399
13-05-2026 09:30,101.04,101.04,100.84,100.86,272
13-05-2026 10:00,100.86,100.95,100.58,100.74,389
13-05-2026 10:30,100.74,100.87,100.61,100.73,358
13-05-2026 11:00,100.72,100.77,100.54,100.63,495
13-05-2026 11:30,100.64,101.04,100.55,100.73,916
13-05-2026 12:00,100.74,101.11,100.71,100.96,768
13-05-2026 12:30,100.96,101.33,100.65,100.76,1153
13-05-2026 13:00,100.76,101.31,100.71,101.22,975
13-05-2026 13:30,101.23,101.40,101.05,101.17,1564
13-05-2026 14:00,101.18,101.79,101.10,101.55,1150
13-05-2026 14:30,101.55,101.96,101.34,101.47,1057
13-05-2026 15:00,101.47,101.65,101.16,101.31,1002
13-05-2026 15:30,101.31,102.05,101.30,102.01,1060
13-05-2026 16:00,102.01,102.37,101.93,102.28,1116
13-05-2026 16:30,102.29,102.33,101.94,102.04,1110
13-05-2026 17:00,102.05,102.10,101.65,101.84,1024
13-05-2026 17:30,101.83,102.26,101.75,102.18,969
13-05-2026 18:00,102.18,102.73,102.14,102.32,1514
13-05-2026 18:30,102.32,102.62,102.01,102.55,1548
13-05-2026 19:00,102.58,102.87,102.27,102.85,1771
13-05-2026 19:30,102.85,103.64,102.85,103.52,1595
13-05-2026 20:00,103.50,103.62,102.67,103.12,1906
13-05-2026 20:30,103.14,103.21,102.54,102.58,1848
13-05-2026 21:00,102.59,102.76,102.01,102.20,1757
13-05-2026 21:30,102.20,102.36,100.84,101.25,2069
13-05-2026 22:00,101.25,102.20,101.12,102.08,1934
13-05-2026 22:30,102.08,102.16,101.67,101.68,1321
13-05-2026 23:00,101.67,101.69,101.22,101.31,1249
13-05-2026 23:30,101.31,101.38,100.92,100.99,1671
14-05-2026 00:00,101.00,101.09,100.70,101.00,1111
14-05-2026 00:30,101.00,101.17,100.94,101.13,599
14-05-2026 01:00,101.13,101.39,101.09,101.34,632
14-05-2026 01:30,101.35,101.55,101.16,101.22,486
14-05-2026 02:00,101.22,101.23,100.68,100.93,519
14-05-2026 03:30,101.01,101.21,100.71,100.81,298
14-05-2026 04:00,100.82,100.92,100.76,100.83,151
14-05-2026 04:30,100.82,101.05,100.78,100.98,163
14-05-2026 05:00,100.99,101.04,100.92,101.01,124
14-05-2026 05:30,101.02,101.25,100.89,101.09,452
14-05-2026 06:00,101.09,101.25,101.02,101.11,356
14-05-2026 06:30,101.11,101.39,100.85,101.06,820
14-05-2026 07:00,101.06,101.11,100.71,101.03,641
14-05-2026 07:30,101.03,101.21,100.91,101.14,425
14-05-2026 08:00,101.14,101.49,101.12,101.46,471
14-05-2026 08:30,101.45,101.46,101.14,101.21,434
14-05-2026 09:00,101.22,101.72,101.22,101.37,602
14-05-2026 09:30,101.37,101.56,101.34,101.43,336
14-05-2026 10:00,101.44,101.55,101.38,101.44,283
14-05-2026 10:30,101.44,101.71,101.44,101.61,420
14-05-2026 11:00,101.61,101.78,101.33,101.44,665
14-05-2026 11:30,101.44,101.44,101.07,101.22,765
14-05-2026 12:00,101.22,101.23,99.59,101.02,1720
14-05-2026 12:30,101.06,101.54,100.92,101.24,1483
14-05-2026 13:00,101.24,102.07,100.99,101.92,1307
14-05-2026 13:30,101.93,102.32,101.28,101.51,2380
14-05-2026 14:00,101.51,101.61,100.99,101.32,1795
14-05-2026 14:30,101.32,101.94,101.19,101.75,1326
14-05-2026 15:00,101.77,101.79,100.79,101.03,1344
14-05-2026 15:30,101.04,101.12,100.10,100.73,1965
14-05-2026 16:00,100.74,101.71,100.68,101.05,1977
14-05-2026 16:30,101.09,101.29,100.72,100.81,1483
14-05-2026 17:00,100.80,100.99,100.03,100.25,1568
14-05-2026 17:30,100.25,100.49,99.38,100.46,2234
14-05-2026 18:00,100.44,100.91,100.16,100.35,1779
14-05-2026 18:30,100.37,100.73,100.16,100.33,1874
14-05-2026 19:00,100.33,101.07,100.24,100.88,2471
14-05-2026 19:30,100.91,101.73,100.75,101.28,1915
14-05-2026 20:00,101.30,101.50,100.33,100.57,2246
14-05-2026 20:30,100.57,100.95,100.38,100.71,2169
14-05-2026 21:00,100.72,101.04,100.58,100.95,1658
14-05-2026 21:30,100.95,101.04,100.23,100.86,1535
14-05-2026 22:00,100.86,101.16,100.75,101.05,1463
14-05-2026 22:30,101.05,101.65,100.89,101.50,1281
14-05-2026 23:00,101.50,102.00,101.49,101.73,1233
14-05-2026 23:30,101.71,101.96,101.07,101.15,1545
15-05-2026 00:00,101.14,101.62,101.06,101.40,698
15-05-2026 00:30,101.40,101.72,101.32,101.59,501
15-05-2026 01:00,101.59,101.99,101.59,101.98,439
15-05-2026 01:30,101.98,102.16,101.82,101.90,460
15-05-2026 02:00,101.90,102.11,101.88,101.99,330
15-05-2026 03:30,101.93,101.94,101.46,101.53,364
15-05-2026 04:00,101.55,101.94,101.52,101.92,203
15-05-2026 04:30,101.92,102.00,101.69,101.88,196
15-05-2026 05:00,101.88,101.98,101.85,101.88,176
15-05-2026 05:30,101.88,101.93,101.57,101.73,427
15-05-2026 06:00,101.74,102.00,101.73,101.81,330
15-05-2026 06:30,101.80,102.58,101.67,102.50,760
15-05-2026 07:00,102.50,102.88,102.12,102.38,900
15-05-2026 07:30,102.38,102.72,102.29,102.71,445
15-05-2026 08:00,102.71,102.90,102.01,102.61,1010
15-05-2026 08:30,102.62,102.66,102.40,102.51,421
15-05-2026 09:00,102.51,102.60,102.32,102.33,351
15-05-2026 09:30,102.32,102.58,102.32,102.46,335
15-05-2026 10:00,102.46,102.52,102.35,102.37,263
15-05-2026 10:30,102.37,102.68,102.37,102.51,344
15-05-2026 11:00,102.51,103.71,102.51,103.31,948
15-05-2026 11:30,103.32,103.59,103.10,103.35,1194
15-05-2026 12:00,103.35,103.41,103.05,103.20,1021
15-05-2026 12:30,103.22,103.46,102.65,102.92,934
15-05-2026 13:00,102.92,103.58,102.83,103.56,902
15-05-2026 13:30,103.52,104.98,103.39,104.86,2136
15-05-2026 14:00,104.90,105.20,104.72,104.84,1602
15-05-2026 14:30,104.84,104.98,104.41,104.66,1329
15-05-2026 15:00,104.66,105.29,104.61,105.21,1264
15-05-2026 15:30,105.18,105.20,104.26,104.48,1366
15-05-2026 16:00,104.47,104.75,102.85,103.20,2023
15-05-2026 16:30,103.20,104.03,103.02,103.84,1517
15-05-2026 17:00,103.84,104.59,103.75,104.44,1114
15-05-2026 17:30,104.44,104.68,103.99,104.31,1277
15-05-2026 18:00,104.31,104.50,104.16,104.21,1095
15-05-2026 18:30,104.21,104.24,103.65,103.84,1224
15-05-2026 19:00,103.83,104.26,103.45,104.25,1733
15-05-2026 19:30,104.25,104.42,103.51,104.11,1764
15-05-2026 20:00,104.10,104.97,104.01,104.63,1726
15-05-2026 20:30,104.61,104.77,104.30,104.51,1574
15-05-2026 21:00,104.50,105.69,104.32,105.41,1472
15-05-2026 21:30,105.41,105.77,104.99,105.04,1136
15-05-2026 22:00,105.04,105.20,104.95,105.07,884
15-05-2026 22:30,105.08,105.13,104.71,105.01,816
15-05-2026 23:00,105.01,105.28,104.97,105.06,851
15-05-2026 23:30,105.06,105.49,105.02,105.48,1378
16-05-2026 00:00,105.46,105.78,105.28,105.30,720
16-05-2026 00:30,105.30,105.59,105.21,105.44,617
16-05-2026 01:00,105.44,105.71,105.31,105.57,759
16-05-2026 01:30,105.57,105.97,105.55,105.71,563
16-05-2026 02:00,105.71,105.75,105.34,105.61,471
18-05-2026 03:30,101.72,102.89,101.51,102.52,979
18-05-2026 04:00,102.52,102.52,102.24,102.24,290
18-05-2026 04:30,102.24,102.64,102.24,102.61,279
18-05-2026 05:00,102.61,102.67,102.35,102.44,403
18-05-2026 05:30,102.43,102.43,101.99,102.28,831
18-05-2026 06:00,102.28,103.16,102.27,102.97,850
18-05-2026 06:30,102.97,104.33,102.63,103.97,1800
18-05-2026 07:00,103.97,103.98,103.09,103.27,1101
18-05-2026 07:30,103.27,103.69,103.21,103.27,656
18-05-2026 08:00,103.27,103.36,103.13,103.24,613
18-05-2026 08:30,103.24,103.30,103.07,103.18,742
18-05-2026 09:00,103.18,103.37,103.10,103.16,424
18-05-2026 09:30,103.16,103.30,103.03,103.29,415
18-05-2026 10:00,103.31,103.32,102.99,103.14,431
18-05-2026 10:30,103.14,103.27,102.86,103.14,476
18-05-2026 11:00,103.14,103.20,102.55,102.85,783
18-05-2026 11:30,102.86,103.30,102.78,103.23,985
18-05-2026 12:00,103.23,103.41,102.78,102.85,946
18-05-2026 12:30,102.80,102.90,102.01,102.08,1177
18-05-2026 13:00,102.09,102.26,101.59,102.17,1702
18-05-2026 13:30,102.17,102.41,101.62,102.08,1798
18-05-2026 14:00,102.10,102.15,101.70,101.79,1097
18-05-2026 14:30,101.79,102.53,101.69,102.20,1016
18-05-2026 15:00,102.21,102.28,101.84,102.19,825
18-05-2026 15:30,102.18,102.38,102.09,102.11,715
18-05-2026 16:00,102.11,102.49,102.04,102.42,824
18-05-2026 16:30,102.44,103.18,102.25,102.37,1320
18-05-2026 17:00,102.37,102.45,100.16,100.87,2999
18-05-2026 17:30,100.88,101.55,100.72,101.08,1756
18-05-2026 18:00,101.08,101.08,98.64,99.03,3232
18-05-2026 18:30,99.03,99.95,98.95,99.58,2351
18-05-2026 19:00,99.59,100.20,99.01,99.57,2435
18-05-2026 19:30,99.57,101.39,99.53,101.35,2651
18-05-2026 20:00,101.35,102.35,101.24,102.21,2233
18-05-2026 20:30,102.19,103.00,102.02,102.97,2739
18-05-2026 21:00,102.98,103.10,102.59,102.83,1688
18-05-2026 21:30,102.83,103.57,102.71,103.30,1509
18-05-2026 22:00,103.31,103.45,102.72,102.90,1274
18-05-2026 22:30,102.90,103.05,102.18,102.58,1502
18-05-2026 23:00,102.58,103.09,102.56,103.01,1112
18-05-2026 23:30,103.01,105.18,103.00,104.41,2328
19-05-2026 00:00,104.41,104.67,104.15,104.63,1437
19-05-2026 00:30,104.63,104.78,101.91,102.37,3067
19-05-2026 01:00,102.38,102.43,101.41,101.93,1668
19-05-2026 01:30,101.95,102.03,101.10,101.69,1000
19-05-2026 02:00,101.69,102.58,101.63,102.48,850
19-05-2026 03:30,102.26,102.50,102.12,102.37,464
19-05-2026 04:00,102.37,102.52,102.31,102.44,262
19-05-2026 04:30,102.44,102.49,102.31,102.42,165
19-05-2026 05:00,102.42,102.50,102.24,102.29,211
19-05-2026 05:30,102.29,102.72,102.24,102.49,901
19-05-2026 06:00,102.50,102.54,102.22,102.47,648
19-05-2026 06:30,102.47,102.97,102.46,102.76,1200
19-05-2026 07:00,102.75,102.79,102.23,102.49,730
19-05-2026 07:30,102.49,102.80,102.41,102.56,512
19-05-2026 08:00,102.56,103.07,102.56,102.88,579
19-05-2026 08:30,102.88,103.11,102.78,102.80,508
19-05-2026 09:00,102.80,102.89,102.66,102.83,328
19-05-2026 09:30,102.83,102.89,102.64,102.70,273
19-05-2026 10:00,102.72,102.90,102.58,102.63,382
19-05-2026 10:30,102.63,103.36,102.57,103.02,656
19-05-2026 11:00,103.01,103.43,103.01,103.13,753
19-05-2026 11:30,103.13,103.68,102.73,103.41,1360
19-05-2026 12:00,103.41,103.82,103.34,103.71,1158
19-05-2026 12:30,103.71,103.98,103.48,103.52,1088
19-05-2026 13:00,103.52,103.73,103.01,103.14,1387
19-05-2026 13:30,103.14,103.83,103.01,103.44,1901
19-05-2026 14:00,103.43,103.49,103.02,103.22,1088
19-05-2026 14:30,103.22,103.55,103.06,103.32,1134
19-05-2026 15:00,103.31,103.41,102.56,102.77,1040
19-05-2026 15:30,102.76,103.18,102.72,103.02,920
19-05-2026 16:00,103.00,104.15,102.97,103.41,1589
19-05-2026 16:30,103.41,104.07,103.40,103.82,1225
19-05-2026 17:00,103.83,103.97,103.67,103.96,815
19-05-2026 17:30,103.96,103.99,103.26,103.45,1168
19-05-2026 18:00,103.45,103.60,103.21,103.49,1111
19-05-2026 18:30,103.46,104.60,103.12,104.39,2106
19-05-2026 19:00,104.38,104.69,103.18,103.44,2537
19-05-2026 19:30,103.47,103.77,102.59,103.12,2716
19-05-2026 20:00,103.12,103.72,102.79,103.47,2280
19-05-2026 20:30,103.47,103.67,102.94,103.46,2143
19-05-2026 21:00,103.49,103.88,103.20,103.81,1503
19-05-2026 21:30,103.81,104.03,103.65,103.81,1101
19-05-2026 22:00,103.81,104.13,103.49,103.69,1212
19-05-2026 22:30,103.71,104.07,103.66,103.89,1009
19-05-2026 23:00,103.90,103.91,103.26,103.42,1482
19-05-2026 23:30,103.42,104.44,103.08,104.39,1876
20-05-2026 00:00,104.38,104.84,104.21,104.63,1273
20-05-2026 00:30,104.63,104.64,104.12,104.43,879
20-05-2026 01:00,104.42,104.48,104.20,104.46,622
20-05-2026 01:30,104.46,104.57,104.14,104.20,444
20-05-2026 02:00,104.20,104.22,103.93,103.99,653
20-05-2026 03:30,104.04,104.33,104.04,104.19,242
20-05-2026 04:00,104.19,104.23,104.09,104.19,170
20-05-2026 04:30,104.19,104.27,104.01,104.03,166
20-05-2026 05:00,104.05,104.07,103.74,103.91,250
20-05-2026 05:30,103.91,103.99,103.70,103.79,553
20-05-2026 06:00,103.79,103.89,103.69,103.83,361
20-05-2026 06:30,103.83,104.41,103.82,104.10,1063
20-05-2026 07:00,104.10,104.36,103.12,103.57,1117
20-05-2026 07:30,103.57,103.92,103.38,103.89,679
20-05-2026 08:00,103.89,104.43,103.87,104.17,850
20-05-2026 08:30,104.17,104.31,103.99,104.04,583
20-05-2026 09:00,104.04,104.05,103.56,103.67,476
20-05-2026 09:30,103.66,103.67,103.30,103.51,472
20-05-2026 10:00,103.51,103.95,103.50,103.88,340
20-05-2026 10:30,103.88,103.89,103.59,103.75,362
20-05-2026 11:00,103.75,103.93,103.58,103.83,577
20-05-2026 11:30,103.83,103.96,102.93,103.02,1097
20-05-2026 12:00,103.02,103.33,102.63,102.76,1299
20-05-2026 12:30,102.76,103.15,102.49,102.64,1191
20-05-2026 13:00,102.65,103.14,102.65,103.03,1199
20-05-2026 13:30,103.03,103.09,102.50,102.80,1705
20-05-2026 14:00,102.74,102.82,101.81,102.06,1730
20-05-2026 14:30,102.10,102.63,101.63,102.47,1534
20-05-2026 15:00,102.47,102.70,102.28,102.32,989
20-05-2026 15:30,102.32,102.48,102.09,102.14,940
20-05-2026 16:00,102.14,102.14,100.85,101.47,1812
20-05-2026 16:30,101.47,102.26,101.40,102.06,1096
20-05-2026 17:00,102.06,102.74,102.03,102.50,1267
20-05-2026 17:30,102.50,102.62,101.22,101.25,1588
20-05-2026 18:00,101.26,101.77,100.74,101.65,1888
20-05-2026 18:30,101.67,102.06,101.28,102.03,1776
20-05-2026 19:00,102.04,102.30,101.65,102.26,1810
20-05-2026 19:30,102.23,102.77,99.45,100.30,3799
20-05-2026 20:00,100.30,100.95,99.45,100.46,3334
20-05-2026 20:30,100.46,100.64,97.02,99.68,3964
20-05-2026 21:00,99.67,99.72,98.71,99.20,2794
20-05-2026 21:30,99.20,99.60,98.40,99.41,2386
20-05-2026 22:00,99.41,99.47,97.60,97.85,2391
20-05-2026 22:30,97.84,98.02,96.94,97.41,2365
20-05-2026 23:00,97.39,98.30,97.12,98.28,1998
20-05-2026 23:30,98.28,98.67,97.94,98.16,2190
21-05-2026 00:00,98.15,98.25,97.74,97.93,1283
21-05-2026 00:30,97.93,98.25,97.76,98.20,836
21-05-2026 01:00,98.20,98.54,97.84,98.52,944
21-05-2026 01:30,98.51,98.56,98.32,98.40,575
21-05-2026 02:00,98.40,99.09,98.32,98.99,658
21-05-2026 03:30,98.82,99.19,98.76,99.19,290
21-05-2026 04:00,99.19,99.19,98.85,98.95,206
21-05-2026 04:30,98.95,99.13,98.92,99.09,118
21-05-2026 05:00,99.09,99.20,98.74,98.85,251
21-05-2026 05:30,98.85,100.01,98.77,99.52,1017
21-05-2026 06:00,99.52,99.59,99.07,99.09,614
21-05-2026 06:30,99.09,99.14,98.59,98.78,1282
21-05-2026 07:00,98.78,98.89,98.49,98.58,813
21-05-2026 07:30,98.58,98.85,98.50,98.66,527
21-05-2026 08:00,98.65,99.22,98.63,99.13,770
21-05-2026 08:30,99.13,99.23,99.01,99.03,463
21-05-2026 09:00,99.03,99.17,98.92,99.07,316
21-05-2026 09:30,99.07,99.25,99.06,99.22,344
21-05-2026 10:00,99.22,99.26,98.78,98.83,372
21-05-2026 10:30,98.83,99.22,98.79,99.20,611
21-05-2026 11:00,99.19,100.04,99.10,99.40,1042
21-05-2026 11:30,99.41,99.79,98.90,99.27,1157
21-05-2026 12:00,99.27,99.84,99.22,99.55,1027
21-05-2026 12:30,99.55,99.89,99.55,99.62,936
21-05-2026 13:00,99.62,99.64,99.23,99.27,863
21-05-2026 13:30,99.27,99.31,98.08,98.75,2258
21-05-2026 14:00,98.73,99.54,98.31,98.46,1891
21-05-2026 14:30,98.45,98.49,97.57,97.61,1881
21-05-2026 15:00,97.59,97.87,97.27,97.57,1619
21-05-2026 15:30,97.57,99.79,97.46,99.62,1924
21-05-2026 16:00,99.57,101.31,99.56,101.03,3185
21-05-2026 16:30,101.03,101.06,100.15,100.36,1777
21-05-2026 17:00,100.36,100.68,100.32,100.56,1255
21-05-2026 17:30,100.56,101.18,100.47,101.14,1300
21-05-2026 18:00,101.15,101.26,100.44,101.08,2105
21-05-2026 18:30,101.08,102.14,100.73,101.90,2327
21-05-2026 19:00,101.91,102.60,100.28,100.51,3122
21-05-2026 19:30,100.56,101.51,100.27,100.56,2591
21-05-2026 20:00,100.56,101.43,100.35,101.34,2046
21-05-2026 20:30,101.34,102.11,101.16,101.74,2705
21-05-2026 21:00,101.76,101.77,100.71,100.71,1731
21-05-2026 21:30,100.71,100.71,99.78,100.40,2215
21-05-2026 22:00,100.40,100.49,99.99,99.99,1288
21-05-2026 22:30,99.99,100.41,97.56,98.44,3644
21-05-2026 23:00,98.48,98.86,95.76,96.32,3704
21-05-2026 23:30,96.31,97.23,96.00,96.27,3411
22-05-2026 00:00,96.26,98.25,96.18,98.00,2814
22-05-2026 00:30,97.99,98.06,97.17,97.43,1946
22-05-2026 01:00,97.43,98.18,97.07,97.35,1816
22-05-2026 01:30,97.35,97.86,97.18,97.85,916
22-05-2026 02:00,97.85,98.16,97.80,97.98,798
22-05-2026 03:30,97.62,97.75,97.28,97.51,361
22-05-2026 04:00,97.51,97.83,97.50,97.70,282
22-05-2026 04:30,97.70,97.88,97.59,97.59,232
22-05-2026 05:00,97.59,97.76,97.50,97.70,231
22-05-2026 05:30,97.70,98.11,97.58,98.05,658
22-05-2026 06:00,98.05,98.13,97.73,97.91,452
22-05-2026 06:30,97.91,98.33,97.77,98.07,907
22-05-2026 07:00,98.07,98.11,97.61,97.66,722
22-05-2026 07:30,97.66,97.94,97.62,97.80,448
22-05-2026 08:00,97.80,97.80,97.32,97.44,599
22-05-2026 08:30,97.44,97.53,97.23,97.52,463
22-05-2026 09:00,97.52,97.54,97.39,97.45,243
22-05-2026 09:30,97.45,97.45,96.91,97.24,341
22-05-2026 10:00,97.24,97.40,97.19,97.33,240
22-05-2026 10:30,97.33,97.73,97.33,97.68,408
22-05-2026 11:00,97.68,98.53,97.64,98.36,657
22-05-2026 11:30,98.36,98.69,97.94,97.96,958
22-05-2026 12:00,97.96,98.33,97.90,97.97,803
22-05-2026 12:30,97.97,98.55,97.94,98.14,996
22-05-2026 13:00,98.14,98.89,98.14,98.44,1448
22-05-2026 13:30,98.41,98.70,98.10,98.36,1872
22-05-2026 14:00,98.35,99.41,98.25,98.69,1708
22-05-2026 14:30,98.70,99.06,98.69,98.78,1210
22-05-2026 15:00,98.79,98.83,97.88,98.50,1311
22-05-2026 15:30,98.49,98.51,97.65,98.48,1179
22-05-2026 16:00,98.47,98.76,98.07,98.27,1008
22-05-2026 16:30,98.28,98.61,98.11,98.57,778
22-05-2026 17:00,98.57,98.64,97.17,97.50,1244
22-05-2026 17:30,97.50,97.74,95.69,96.59,2895
22-05-2026 18:00,96.59,96.93,96.16,96.20,1682
22-05-2026 18:30,96.19,96.86,95.46,96.55,2557
22-05-2026 19:00,96.56,98.07,96.35,97.75,2725
22-05-2026 19:30,97.75,98.14,97.45,97.53,1862
22-05-2026 20:00,97.53,97.73,97.31,97.56,1561
22-05-2026 20:30,97.56,97.94,97.40,97.44,1976
22-05-2026 21:00,97.42,97.45,96.79,97.05,1656
22-05-2026 21:30,97.04,97.38,96.84,96.88,1384
22-05-2026 22:00,96.87,97.19,96.51,96.82,1410
22-05-2026 22:30,96.79,97.21,94.72,94.96,2126
22-05-2026 23:00,94.96,96.23,94.81,96.05,2703
22-05-2026 23:30,96.05,96.74,95.99,96.74,2307
23-05-2026 00:00,96.75,96.75,95.99,96.22,1115
23-05-2026 00:30,96.22,96.92,96.17,96.79,1074
23-05-2026 01:00,96.79,96.92,96.10,96.21,1024
23-05-2026 01:30,96.21,96.45,95.97,96.17,713
23-05-2026 02:00,96.17,97.23,96.06,97.07,1391
25-05-2026 03:30,93.86,93.86,91.38,92.10,1900
25-05-2026 04:00,92.10,92.18,91.30,91.51,905
25-05-2026 04:30,91.51,91.80,91.29,91.75,640
25-05-2026 05:00,91.75,92.12,91.42,92.09,723
25-05-2026 05:30,92.10,92.27,91.85,92.00,785
25-05-2026 06:00,92.00,92.16,90.91,91.89,955
25-05-2026 06:30,91.89,92.34,91.69,92.27,1575
25-05-2026 07:00,92.27,92.50,92.20,92.39,965
25-05-2026 07:30,92.39,92.52,92.03,92.10,699
25-05-2026 08:00,92.10,92.13,91.70,91.71,809
25-05-2026 08:30,91.71,91.76,90.66,90.78,1507
25-05-2026 09:00,90.78,91.20,90.30,90.94,1138
25-05-2026 09:30,90.94,91.27,90.93,91.01,584
25-05-2026 10:00,91.01,91.12,90.85,90.96,479
25-05-2026 10:30,90.96,91.02,90.57,90.87,712
25-05-2026 11:00,90.87,91.01,90.73,90.97,869
25-05-2026 11:30,90.98,91.36,90.85,91.24,1009
25-05-2026 12:00,91.24,91.58,91.23,91.40,871
25-05-2026 12:30,91.40,92.65,91.22,92.39,1575
25-05-2026 13:00,92.39,92.54,91.60,91.73,1433
25-05-2026 13:30,91.73,92.45,91.61,92.43,1629
25-05-2026 14:00,92.41,92.50,91.68,91.74,1222
25-05-2026 14:30,91.73,91.84,91.45,91.82,957
25-05-2026 15:00,91.81,91.81,91.01,91.21,1087
25-05-2026 15:30,91.22,91.31,90.69,91.15,1057
25-05-2026 16:00,91.15,91.25,90.78,90.89,952
25-05-2026 16:30,90.90,91.39,90.66,91.23,891
25-05-2026 17:00,91.23,91.23,90.54,90.88,1027
25-05-2026 17:30,90.88,91.02,90.35,90.91,1131
25-05-2026 18:00,90.91,91.54,90.84,91.47,1087
25-05-2026 18:30,91.47,91.84,91.43,91.72,1269
25-05-2026 19:00,91.72,91.84,91.31,91.37,1113
25-05-2026 19:30,91.37,91.48,90.87,90.97,1071
25-05-2026 20:00,90.94,91.48,90.94,91.41,1023
25-05-2026 20:30,91.41,91.80,90.41,90.87,1999
25-05-2026 21:00,90.89,91.09,90.79,91.07,953
25-05-2026 21:30,91.08,91.57,91.06,91.25,890
25-05-2026 22:00,91.25,91.29,89.73,89.82,2059
25-05-2026 22:30,89.84,90.04,89.40,89.86,1616
25-05-2026 23:00,89.85,90.41,89.85,90.30,583
25-05-2026 23:30,90.30,90.41,90.13,90.33,611
26-05-2026 03:30,90.91,91.21,90.33,90.51,696
26-05-2026 04:00,90.51,90.74,90.37,90.72,421
26-05-2026 04:30,90.73,91.01,90.59,90.89,416
26-05-2026 05:00,90.89,91.11,90.85,90.91,256
26-05-2026 05:30,90.91,91.58,90.91,91.25,1306
26-05-2026 06:00,91.26,91.56,91.03,91.47,723
26-05-2026 06:30,91.47,91.96,91.36,91.89,776
26-05-2026 07:00,91.89,92.02,91.76,91.83,582
26-05-2026 07:30,91.83,91.92,91.67,91.72,406
26-05-2026 08:00,91.72,91.73,91.40,91.56,521
26-05-2026 08:30,91.55,91.61,91.39,91.47,471
26-05-2026 09:00,91.47,91.70,91.41,91.64,276
26-05-2026 09:30,91.64,91.87,91.56,91.82,312
26-05-2026 10:00,91.82,92.09,91.68,92.00,367
26-05-2026 10:30,92.00,92.51,91.97,92.02,603
26-05-2026 11:00,92.03,92.18,91.81,91.87,755
26-05-2026 11:30,91.88,92.29,91.56,91.93,836
26-05-2026 12:00,91.93,92.17,91.39,91.65,1002
26-05-2026 12:30,91.65,92.72,91.52,92.28,1910
26-05-2026 13:00,92.28,92.90,92.25,92.46,1717
26-05-2026 13:30,92.42,92.83,92.32,92.74,1937
26-05-2026 14:00,92.75,93.58,92.66,93.20,1610
26-05-2026 14:30,93.18,93.27,92.68,93.00,1360
26-05-2026 15:00,93.00,93.10,92.52,92.59,1078
26-05-2026 15:30,92.58,92.70,91.78,91.84,1296
26-05-2026 16:00,91.84,92.06,91.49,91.99,1405
26-05-2026 16:30,91.99,92.47,91.96,92.41,1085
26-05-2026 17:00,92.42,92.86,92.15,92.69,1352
26-05-2026 17:30,92.69,93.30,92.41,92.70,1221
26-05-2026 18:00,92.70,92.99,92.49,92.78,974
26-05-2026 18:30,92.77,93.03,92.52,93.03,1348
26-05-2026 19:00,93.04,94.45,92.78,94.15,2239
26-05-2026 19:30,94.15,94.41,93.51,93.79,2089
26-05-2026 20:00,93.79,94.37,93.16,94.17,2276
26-05-2026 20:30,94.17,94.66,94.11,94.64,2071
26-05-2026 21:00,94.61,94.61,93.79,93.88,1667
26-05-2026 21:30,93.88,94.34,93.83,94.04,1159
26-05-2026 22:00,94.04,94.29,93.70,94.01,1210
26-05-2026 22:30,94.01,94.12,93.82,94.04,989
26-05-2026 23:00,94.04,94.12,93.55,93.75,1330
26-05-2026 23:30,93.75,94.07,93.54,93.86,1926
27-05-2026 00:00,93.88,94.03,93.39,93.66,1059
27-05-2026 00:30,93.66,94.04,93.66,93.95,902
27-05-2026 01:00,93.95,94.00,93.49,93.49,781
27-05-2026 01:30,93.49,93.71,93.19,93.69,619
27-05-2026 02:00,93.69,93.85,93.46,93.52,526
27-05-2026 03:30,93.49,93.66,93.31,93.64,346
27-05-2026 04:00,93.64,93.64,93.54,93.55,151
27-05-2026 04:30,93.55,93.59,93.27,93.30,262
27-05-2026 05:00,93.30,93.38,93.10,93.30,233
27-05-2026 05:30,93.30,93.38,92.80,93.12,794
27-05-2026 06:00,93.12,93.22,92.80,92.96,533
27-05-2026 06:30,92.96,93.18,92.54,92.87,1122
27-05-2026 07:00,92.87,92.94,92.71,92.84,560
27-05-2026 07:30,92.84,92.84,92.40,92.61,546
27-05-2026 08:00,92.61,92.74,92.14,92.37,878
27-05-2026 08:30,92.38,92.38,91.87,92.01,896
27-05-2026 09:00,92.01,92.28,91.99,92.08,495
27-05-2026 09:30,92.08,92.11,91.80,91.95,341
27-05-2026 10:00,91.95,92.04,91.87,91.93,404
27-05-2026 10:30,91.93,92.07,91.72,91.90,460
27-05-2026 11:00,91.90,92.20,91.72,91.83,851
27-05-2026 11:30,91.83,92.03,91.52,91.87,1060
27-05-2026 12:00,91.88,92.01,91.40,91.52,1075
27-05-2026 12:30,91.52,91.62,91.01,91.16,1277
27-05-2026 13:00,91.16,91.46,90.83,91.09,1169
27-05-2026 13:30,91.08,91.23,90.36,90.55,1942
27-05-2026 14:00,90.54,90.80,89.68,90.14,1827
27-05-2026 14:30,90.14,90.51,89.63,89.98,1498
27-05-2026 15:00,89.98,90.44,89.76,89.84,1180
27-05-2026 15:30,89.85,90.33,89.82,90.31,921
27-05-2026 16:00,90.32,90.49,90.07,90.19,969
27-05-2026 16:30,90.19,90.81,89.99,90.67,1551
27-05-2026 17:00,90.68,90.83,90.37,90.52,1250
27-05-2026 17:30,90.51,90.76,88.25,88.50,2654
27-05-2026 18:00,88.50,88.98,87.76,88.81,2829
27-05-2026 18:30,88.82,89.74,88.75,89.70,2242
27-05-2026 19:00,89.73,89.94,89.34,89.79,2145
27-05-2026 19:30,89.78,90.26,89.45,89.56,2132
27-05-2026 20:00,89.56,90.98,89.46,90.80,2570
27-05-2026 20:30,90.80,91.17,90.46,90.60,2220
27-05-2026 21:00,90.57,90.73,89.93,90.01,2313
27-05-2026 21:30,90.00,90.38,89.64,89.87,1587
27-05-2026 22:00,89.86,90.06,89.40,89.87,1232
27-05-2026 22:30,89.87,90.08,89.50,89.64,1346
27-05-2026 23:00,89.63,89.74,89.15,89.50,1221
27-05-2026 23:30,89.50,89.58,88.56,88.59,1823
28-05-2026 00:00,88.61,89.04,88.47,88.92,803
28-05-2026 00:30,88.92,89.39,88.81,89.32,579
28-05-2026 01:00,89.32,89.55,89.11,89.41,817
28-05-2026 01:30,89.41,89.58,89.29,89.48,381
28-05-2026 02:00,89.48,89.52,89.33,89.37,324
28-05-2026 03:30,89.30,89.84,89.30,89.82,313
28-05-2026 04:00,89.82,90.02,89.44,89.70,490
28-05-2026 04:30,89.70,90.14,89.60,89.97,406
28-05-2026 05:00,89.97,90.37,89.87,90.18,470
28-05-2026 05:30,90.18,90.65,90.18,90.29,825
28-05-2026 06:00,90.29,90.64,90.29,90.45,554
28-05-2026 06:30,90.45,90.45,90.04,90.08,894
28-05-2026 07:00,90.08,90.38,89.96,90.17,557
28-05-2026 07:30,90.17,90.26,90.02,90.18,409
28-05-2026 08:00,90.18,90.94,89.92,90.92,1045
28-05-2026 08:30,90.92,91.86,90.85,91.44,1223
28-05-2026 09:00,91.42,92.20,91.39,92.17,951
28-05-2026 09:30,92.17,92.50,91.98,92.40,877
28-05-2026 10:00,92.40,92.40,92.03,92.14,581
28-05-2026 10:30,92.14,92.22,91.92,92.00,527
28-05-2026 11:00,91.98,91.98,91.41,91.56,941
28-05-2026 11:30,91.55,91.60,91.14,91.26,823
28-05-2026 12:00,91.26,91.31,90.75,91.13,938
28-05-2026 12:30,91.13,91.27,90.83,91.19,988
28-05-2026 13:00,91.19,91.39,90.79,90.91,1104
28-05-2026 13:30,90.91,91.02,90.58,90.82,1740
28-05-2026 14:00,90.82,90.99,90.47,90.55,1259
28-05-2026 14:30,90.55,90.64,90.15,90.42,1091
28-05-2026 15:00,90.41,90.75,89.86,90.23,1109
28-05-2026 15:30,90.24,90.35,89.98,90.21,862
28-05-2026 16:00,90.21,91.33,90.20,90.98,1287
28-05-2026 16:30,90.98,91.35,90.73,91.22,1322
28-05-2026 17:00,91.23,91.54,91.18,91.29,1042
28-05-2026 17:30,91.30,91.43,90.99,91.01,961
28-05-2026 18:00,91.02,91.07,90.39,90.52,1497
28-05-2026 18:30,90.53,90.98,90.29,90.97,1489
28-05-2026 19:00,90.98,91.32,90.53,90.82,1693
28-05-2026 19:30,90.82,91.12,87.15,89.10,2656
28-05-2026 20:00,89.10,89.91,88.87,89.48,2593
28-05-2026 20:30,89.49,90.10,88.98,89.77,2513
28-05-2026 21:00,89.77,89.99,89.40,89.76,1713
28-05-2026 21:30,89.70,90.15,88.78,89.15,2125
28-05-2026 22:00,89.15,89.24,88.03,88.21,2074
28-05-2026 22:30,88.22,89.13,88.18,89.02,1708
28-05-2026 23:00,89.02,89.04,88.63,88.83,1203
28-05-2026 23:30,88.83,89.32,88.58,88.90,2317
29-05-2026 00:00,88.90,89.49,88.85,89.22,992
29-05-2026 00:30,89.23,89.29,89.09,89.29,501
29-05-2026 01:00,89.28,89.46,88.99,89.46,814
29-05-2026 01:30,89.42,89.61,88.73,88.78,628
29-05-2026 02:00,88.78,88.95,88.60,88.64,596
29-05-2026 03:30,88.55,88.83,88.24,88.76,444
29-05-2026 04:00,88.76,88.79,88.46,88.49,225
29-05-2026 04:30,88.49,88.56,88.19,88.45,291
29-05-2026 05:00,88.46,88.55,88.31,88.50,249
29-05-2026 05:30,88.50,88.50,87.62,87.88,884
29-05-2026 06:00,87.89,88.42,87.85,88.34,503
29-05-2026 06:30,88.33,88.41,87.65,88.28,1058
29-05-2026 07:00,88.29,88.43,87.84,87.88,697
29-05-2026 07:30,87.89,88.01,87.55,87.87,765
29-05-2026 08:00,87.87,88.03,87.71,87.76,594
29-05-2026 08:30,87.75,87.84,87.36,87.62,704
29-05-2026 09:00,87.62,88.27,87.60,88.18,832
29-05-2026 09:30,88.17,88.23,87.46,87.70,1432
29-05-2026 10:00,87.68,87.95,87.54,87.70,666
29-05-2026 10:30,87.70,87.81,87.69,87.74,326
29-05-2026 11:00,87.74,88.11,87.65,87.99,753
29-05-2026 11:30,88.00,88.03,87.36,87.39,766
29-05-2026 12:00,87.39,87.67,87.17,87.46,856
29-05-2026 12:30,87.46,88.14,87.31,88.02,856
29-05-2026 13:00,88.02,88.99,88.00,88.71,1239
29-05-2026 13:30,88.72,89.01,88.56,88.73,1195
29-05-2026 14:00,88.73,88.96,88.51,88.66,843
29-05-2026 14:30,88.66,88.68,86.86,87.06,2304
29-05-2026 15:00,87.05,87.50,86.95,87.49,1398
29-05-2026 15:30,87.50,87.80,87.34,87.68,919
29-05-2026 16:00,87.68,87.73,86.78,87.33,1285
29-05-2026 16:30,87.33,87.48,87.14,87.26,986
29-05-2026 17:00,87.26,88.29,87.26,87.59,1126
29-05-2026 17:30,87.59,87.97,87.53,87.67,1047
29-05-2026 18:00,87.65,88.13,87.20,87.31,1436
29-05-2026 18:30,87.31,87.84,86.72,87.53,1881
29-05-2026 19:00,87.56,87.82,87.18,87.67,1477
29-05-2026 19:30,87.67,88.53,87.66,88.43,1769
29-05-2026 20:00,88.43,88.92,87.45,87.94,2395
29-05-2026 20:30,87.94,87.99,86.33,87.23,3321
29-05-2026 21:00,87.23,87.77,86.90,87.58,2330
29-05-2026 21:30,87.59,87.93,87.37,87.44,1381
29-05-2026 22:00,87.41,87.44,86.42,86.56,2010
29-05-2026 22:30,86.56,87.30,86.55,87.09,1269
29-05-2026 23:00,87.09,87.23,86.55,87.16,1347
29-05-2026 23:30,87.17,87.51,86.99,87.40,1720
30-05-2026 00:00,87.41,87.94,87.11,87.65,1451
30-05-2026 00:30,87.65,87.75,87.49,87.60,744
30-05-2026 01:00,87.60,88.15,87.58,88.04,993
30-05-2026 01:30,88.06,88.12,87.69,87.84,602
30-05-2026 02:00,87.83,87.95,87.62,87.77,510
01-06-2026 03:30,88.47,90.03,88.47,89.63,1087
01-06-2026 04:00,89.63,89.66,89.33,89.58,478
01-06-2026 04:30,89.58,89.60,89.19,89.32,370
01-06-2026 05:00,89.32,89.63,89.09,89.42,476
01-06-2026 05:30,89.42,89.87,89.39,89.69,475
01-06-2026 06:00,89.69,89.91,89.24,89.31,595
01-06-2026 06:30,89.32,89.78,89.02,89.71,909
01-06-2026 07:00,89.71,90.09,89.69,89.86,762
01-06-2026 07:30,89.86,89.98,89.73,89.83,483
01-06-2026 08:00,89.82,89.91,89.49,89.60,514
01-06-2026 08:30,89.60,90.00,89.46,89.62,557
01-06-2026 09:00,89.62,89.78,89.14,89.72,573
01-06-2026 09:30,89.72,89.91,89.67,89.70,289
01-06-2026 10:00,89.70,89.72,89.26,89.62,444
01-06-2026 10:30,89.62,89.76,89.49,89.69,265
01-06-2026 11:00,89.69,89.99,89.67,89.71,521
01-06-2026 11:30,89.71,90.10,89.68,90.00,647
01-06-2026 12:00,89.99,90.69,89.89,90.14,1006
01-06-2026 12:30,90.14,90.47,90.07,90.39,921
01-06-2026 13:00,90.38,90.67,90.25,90.35,866
01-06-2026 13:30,90.36,90.90,90.19,90.84,1189
01-06-2026 14:00,90.84,91.23,90.72,90.80,1053
01-06-2026 14:30,90.80,91.22,90.54,91.01,991
01-06-2026 15:00,91.02,91.04,90.70,90.77,695
01-06-2026 15:30,90.77,90.91,90.45,90.55,779
01-06-2026 16:00,90.55,90.78,90.51,90.61,607
01-06-2026 16:30,90.61,90.77,90.34,90.50,738
01-06-2026 17:00,90.50,90.54,90.15,90.23,797
01-06-2026 17:30,90.23,90.46,89.70,89.92,1264
01-06-2026 18:00,89.92,89.99,89.26,89.64,1566
01-06-2026 18:30,89.60,92.71,89.44,92.54,3662
01-06-2026 19:00,92.55,94.16,92.09,94.13,3310
01-06-2026 19:30,94.18,94.35,92.91,94.16,2843
01-06-2026 20:00,94.16,94.63,93.76,94.50,1771
01-06-2026 20:30,94.50,94.72,93.57,93.72,2017
01-06-2026 21:00,93.75,93.92,92.30,93.75,2401
01-06-2026 21:30,93.75,94.41,93.47,94.13,1760
01-06-2026 22:00,94.12,94.43,92.73,92.80,2221
01-06-2026 22:30,92.79,93.17,91.33,91.47,1933
01-06-2026 23:00,91.45,92.03,90.85,91.78,2785
01-06-2026 23:30,91.76,92.25,91.42,92.18,2127
02-06-2026 00:00,92.18,92.63,92.10,92.50,870
02-06-2026 00:30,92.50,92.62,92.09,92.18,772
02-06-2026 01:00,92.18,92.59,92.08,92.43,800
02-06-2026 01:30,92.43,92.53,92.13,92.27,487
02-06-2026 02:00,92.26,92.53,92.07,92.45,584
02-06-2026 03:30,92.51,92.56,92.12,92.20,247
02-06-2026 04:00,92.20,92.42,92.17,92.28,182
02-06-2026 04:30,92.28,92.35,92.22,92.31,177
02-06-2026 05:00,92.31,92.35,91.72,91.90,348
02-06-2026 05:30,91.90,92.07,91.63,91.84,514
02-06-2026 06:00,91.84,92.46,91.79,92.36,588
02-06-2026 06:30,92.36,92.63,91.57,92.00,1423
02-06-2026 07:00,91.99,92.00,91.48,91.67,953
02-06-2026 07:30,91.66,91.80,91.44,91.76,659
02-06-2026 08:00,91.75,91.87,91.55,91.75,614
02-06-2026 08:30,91.76,91.79,91.54,91.63,472
02-06-2026 09:00,91.63,91.72,91.25,91.43,400
02-06-2026 09:30,91.43,91.50,91.17,91.27,319
02-06-2026 10:00,91.28,91.41,91.17,91.20,213
02-06-2026 10:30,91.20,91.38,91.13,91.34,303
02-06-2026 11:00,91.35,91.45,90.99,91.35,801
02-06-2026 11:30,91.36,91.47,91.09,91.13,741
02-06-2026 12:00,91.13,91.67,90.99,91.53,916
02-06-2026 12:30,91.52,91.71,91.02,91.43,1124
02-06-2026 13:00,91.43,91.65,90.55,90.78,1317
02-06-2026 13:30,90.75,91.21,90.47,91.11,1929
02-06-2026 14:00,91.08,91.08,90.15,90.62,1413
02-06-2026 14:30,90.62,90.68,90.12,90.63,1049
02-06-2026 15:00,90.63,91.07,90.57,91.00,1157
02-06-2026 15:30,90.99,91.49,90.90,91.25,919
02-06-2026 16:00,91.25,91.30,91.01,91.15,645
02-06-2026 16:30,91.14,91.17,90.73,91.04,797
02-06-2026 17:00,91.04,91.23,90.90,91.02,712
02-06-2026 17:30,91.01,91.06,90.57,90.79,947
02-06-2026 18:00,90.79,91.59,90.76,91.12,1463
02-06-2026 18:30,91.10,92.19,91.07,92.14,2079
02-06-2026 19:00,92.14,92.43,91.92,92.25,1801
02-06-2026 19:30,92.25,92.46,91.81,92.13,1994
02-06-2026 20:00,92.13,92.13,91.67,91.90,1713
02-06-2026 20:30,91.90,91.94,91.45,91.78,1661
02-06-2026 21:00,91.78,93.06,91.77,92.85,1546
02-06-2026 21:30,92.85,93.21,92.44,93.18,1478
02-06-2026 22:00,93.18,93.38,93.03,93.10,1119
02-06-2026 22:30,93.10,93.66,92.90,93.63,1190
02-06-2026 23:00,93.63,93.93,93.49,93.82,944
02-06-2026 23:30,93.82,93.86,93.23,93.73,1578
03-06-2026 00:00,93.72,93.98,93.70,93.88,710
03-06-2026 00:30,93.88,93.89,93.53,93.56,416
03-06-2026 01:00,93.56,93.73,93.44,93.66,545
03-06-2026 01:30,93.66,93.70,93.46,93.48,328
03-06-2026 02:00,93.48,93.51,93.33,93.41,545
03-06-2026 03:30,93.73,94.04,93.61,93.83,474
03-06-2026 04:00,93.83,94.45,93.78,94.22,598
03-06-2026 04:30,94.22,96.01,94.11,95.59,1411
03-06-2026 05:00,95.55,95.75,94.54,94.58,897
03-06-2026 05:30,94.58,94.87,94.22,94.60,1027
03-06-2026 06:00,94.60,94.67,94.33,94.37,437
03-06-2026 06:30,94.37,95.09,94.18,94.80,970
03-06-2026 07:00,94.80,94.95,94.73,94.82,551
03-06-2026 07:30,94.82,94.86,94.57,94.62,427
03-06-2026 08:00,94.62,94.79,94.53,94.70,450
03-06-2026 08:30,94.70,94.72,94.50,94.65,353
03-06-2026 09:00,94.65,94.78,94.51,94.70,258
03-06-2026 09:30,94.70,94.93,94.69,94.87,262
03-06-2026 10:00,94.87,95.15,94.87,94.89,285
03-06-2026 10:30,94.89,94.96,94.76,94.93,321
03-06-2026 11:00,94.93,95.56,94.89,95.55,765
03-06-2026 11:30,95.56,95.57,95.13,95.27,937
03-06-2026 12:00,95.27,95.82,95.27,95.73,944
03-06-2026 12:30,95.72,95.88,95.48,95.79,1052
03-06-2026 13:00,95.79,95.99,95.65,95.86,959
03-06-2026 13:30,95.86,96.54,95.60,95.99,1774
03-06-2026 14:00,96.01,96.38,95.92,96.32,1160
03-06-2026 14:30,96.32,96.53,95.87,96.26,1209
03-06-2026 15:00,96.28,96.96,96.14,96.85,1345
03-06-2026 15:30,96.85,96.97,95.64,96.29,2080
03-06-2026 16:00,96.29,96.50,95.85,95.97,1035
03-06-2026 16:30,95.97,96.02,95.57,95.69,941
03-06-2026 17:00,95.68,95.96,95.52,95.69,985
03-06-2026 17:30,95.69,96.37,95.31,96.31,1275
03-06-2026 18:00,96.32,96.48,95.96,95.99,1161
03-06-2026 18:30,96.00,96.13,94.94,95.10,1994
03-06-2026 19:00,95.10,95.14,94.44,94.47,2096
03-06-2026 19:30,94.47,95.34,94.32,95.15,1915
03-06-2026 20:00,95.15,95.61,94.95,95.23,2009
03-06-2026 20:30,95.19,95.83,95.05,95.44,1961
03-06-2026 21:00,95.47,96.28,95.43,95.88,1636
03-06-2026 21:30,95.88,96.30,95.68,96.15,1438
03-06-2026 22:00,96.15,96.17,95.63,95.65,1290
03-06-2026 22:30,95.64,96.29,95.32,96.14,1280
03-06-2026 23:00,96.14,96.42,96.07,96.21,934
03-06-2026 23:30,96.21,96.35,95.84,95.99,1386
04-06-2026 00:00,96.01,96.54,95.98,96.04,780
04-06-2026 00:30,96.04,96.14,95.67,96.12,658
04-06-2026 01:00,96.12,96.21,95.90,96.20,508
04-06-2026 01:30,96.19,96.44,96.15,96.22,540
04-06-2026 02:00,96.22,96.47,96.00,96.11,575
04-06-2026 03:30,95.79,95.88,95.45,95.81,348
04-06-2026 04:00,95.81,95.81,94.99,95.22,658
04-06-2026 04:30,95.22,95.47,95.14,95.37,343
04-06-2026 05:00,95.36,95.43,95.22,95.37,231
04-06-2026 05:30,95.37,95.72,95.23,95.64,762
04-06-2026 06:00,95.64,95.66,95.28,95.29,454
04-06-2026 06:30,95.29,95.49,95.05,95.08,891
04-06-2026 07:00,95.07,95.16,94.83,94.98,608
04-06-2026 07:30,94.98,95.07,94.77,94.91,516
04-06-2026 08:00,94.92,94.96,94.80,94.80,377
04-06-2026 08:30,94.80,94.93,94.74,94.93,338
04-06-2026 09:00,94.93,95.50,94.92,95.09,517
04-06-2026 09:30,95.10,95.33,95.04,95.18,369
04-06-2026 10:00,95.19,95.32,95.10,95.18,287
04-06-2026 10:30,95.18,95.59,95.17,95.54,441
04-06-2026 11:00,95.54,95.57,95.14,95.15,626
04-06-2026 11:30,95.14,95.44,94.97,95.17,648
04-06-2026 12:00,95.17,95.30,94.91,95.20,739
04-06-2026 12:30,95.20,95.41,94.91,95.28,881
04-06-2026 13:00,95.30,95.59,95.05,95.43,991
04-06-2026 13:30,95.44,95.68,94.78,94.82,1998
04-06-2026 14:00,94.72,95.37,94.39,94.85,1560
04-06-2026 14:30,94.85,95.00,94.45,94.80,1296
04-06-2026 15:00,94.80,94.96,94.05,94.49,1316
04-06-2026 15:30,94.49,95.22,94.49,95.06,1195
04-06-2026 16:00,95.06,95.27,94.81,94.88,825
04-06-2026 16:30,94.86,94.91,93.62,93.77,1611
04-06-2026 17:00,93.76,94.04,92.33,92.45,2248
04-06-2026 17:30,92.44,92.93,91.95,92.75,2780
04-06-2026 18:00,92.75,92.98,92.32,92.65,1442
04-06-2026 18:30,92.65,93.11,92.34,93.06,1839
04-06-2026 19:00,93.06,93.14,92.11,92.35,1911
04-06-2026 19:30,92.35,92.69,92.00,92.59,1802
04-06-2026 20:00,92.59,93.10,92.59,93.04,1183
04-06-2026 20:30,93.04,93.22,92.62,92.71,1802
04-06-2026 21:00,92.72,93.16,92.63,92.98,1304
04-06-2026 21:30,92.98,93.13,92.74,92.95,952
04-06-2026 22:00,92.94,93.01,92.28,92.37,1018
04-06-2026 22:30,92.37,92.56,92.16,92.17,867
04-06-2026 23:00,92.17,92.38,91.92,92.33,940
04-06-2026 23:30,92.31,93.22,91.95,93.07,1919
05-06-2026 00:00,93.09,93.42,93.05,93.30,998
05-06-2026 00:30,93.30,93.34,93.07,93.11,484
05-06-2026 01:00,93.11,93.23,92.96,93.14,479
05-06-2026 01:30,93.14,93.18,92.95,93.01,410
05-06-2026 02:00,93.01,93.06,92.85,92.85,288
05-06-2026 03:30,92.80,92.87,92.61,92.77,239
05-06-2026 04:00,92.77,92.87,92.75,92.87,118
05-06-2026 04:30,92.87,92.88,92.81,92.83,76
05-06-2026 05:00,92.83,93.01,92.83,92.95,131
05-06-2026 05:30,92.95,93.00,92.68,92.70,405
05-06-2026 06:00,92.70,92.91,92.60,92.67,397
05-06-2026 06:30,92.67,93.12,92.51,93.06,788
05-06-2026 07:00,93.06,93.16,92.91,93.12,459
05-06-2026 07:30,93.12,93.46,93.08,93.36,525
05-06-2026 08:00,93.36,93.51,93.35,93.39,498
05-06-2026 08:30,93.39,93.47,93.07,93.21,447
05-06-2026 09:00,93.21,93.21,92.99,93.15,329
05-06-2026 09:30,93.15,93.19,92.93,93.09,242
05-06-2026 10:00,93.09,93.13,92.94,93.01,297
05-06-2026 10:30,93.01,93.17,93.01,93.01,408
05-06-2026 11:00,93.01,93.20,92.92,92.93,538
05-06-2026 11:30,92.94,93.10,92.57,92.81,807
05-06-2026 12:00,92.81,92.91,92.67,92.75,721
05-06-2026 12:30,92.75,92.83,92.06,92.08,1033
05-06-2026 13:00,92.08,92.75,92.01,92.67,944
05-06-2026 13:30,92.67,92.88,91.58,91.58,1704
05-06-2026 14:00,91.51,92.96,91.51,92.81,1630
05-06-2026 14:30,92.81,93.14,91.93,92.45,1901
05-06-2026 15:00,92.45,92.95,92.36,92.83,1185
05-06-2026 15:30,92.82,92.90,92.46,92.60,857
05-06-2026 16:00,92.60,93.11,92.48,92.85,845
05-06-2026 16:30,92.86,93.59,92.82,92.98,1066
05-06-2026 17:00,92.98,93.02,92.57,92.89,1022
05-06-2026 17:30,92.89,93.12,92.50,92.80,1132
05-06-2026 18:00,92.80,93.01,92.33,92.39,1439
05-06-2026 18:30,92.39,92.57,91.51,91.86,2073
05-06-2026 19:00,91.86,91.92,91.25,91.46,2114
05-06-2026 19:30,91.46,91.65,90.55,91.31,2731
05-06-2026 20:00,91.30,91.63,91.02,91.29,1662
05-06-2026 20:30,91.29,91.50,90.94,91.07,1884
05-06-2026 21:00,91.08,91.15,90.47,90.76,1606
05-06-2026 21:30,90.76,90.99,89.95,90.09,1510
05-06-2026 22:00,90.10,90.16,89.66,90.06,1393
05-06-2026 22:30,90.06,90.21,89.91,90.09,965
05-06-2026 23:00,90.09,90.32,89.94,90.01,1217
05-06-2026 23:30,90.01,90.63,89.88,90.55,1676
06-06-2026 00:00,90.56,90.70,90.03,90.27,1033
06-06-2026 00:30,90.27,90.35,90.01,90.13,796
06-06-2026 01:00,90.13,90.39,90.09,90.21,666
06-06-2026 01:30,90.21,90.40,90.17,90.34,549
06-06-2026 02:00,90.35,90.35,90.15,90.19,627
08-06-2026 03:30,92.98,93.88,92.63,92.93,1704
08-06-2026 04:00,92.93,93.20,92.50,92.87,816
08-06-2026 04:30,92.87,92.90,92.50,92.53,425
08-06-2026 05:00,92.53,92.83,92.38,92.74,411
08-06-2026 05:30,92.74,92.83,92.43,92.53,673
08-06-2026 06:00,92.53,92.64,92.30,92.38,593
08-06-2026 06:30,92.37,94.45,92.20,94.36,2395
08-06-2026 07:00,94.37,94.77,93.19,93.28,2023
08-06-2026 07:30,93.28,94.14,93.21,93.92,1227
08-06-2026 08:00,93.92,94.31,93.26,93.62,1589
08-06-2026 08:30,93.62,94.00,93.54,93.65,1047
08-06-2026 09:00,93.65,93.65,93.35,93.51,788
08-06-2026 09:30,93.51,94.07,93.51,93.96,762
08-06-2026 10:00,93.96,94.58,93.89,94.44,1086
08-06-2026 10:30,94.45,94.61,94.12,94.20,994
08-06-2026 11:00,94.20,94.82,94.09,94.46,1525
08-06-2026 11:30,94.46,94.66,93.92,94.17,1567
08-06-2026 12:00,94.17,94.81,94.16,94.60,1319
08-06-2026 12:30,94.60,94.91,94.19,94.36,1581
08-06-2026 13:00,94.35,94.72,94.00,94.59,1409
08-06-2026 13:30,94.59,95.20,94.43,94.43,2108
08-06-2026 14:00,94.45,95.06,94.19,94.65,1498
08-06-2026 14:30,94.65,94.74,94.38,94.74,1024
08-06-2026 15:00,94.74,94.90,94.24,94.66,1406
08-06-2026 15:30,94.66,95.45,94.16,94.52,1622
08-06-2026 16:00,94.52,94.60,93.44,93.74,1730
08-06-2026 16:30,93.75,94.05,91.84,91.85,2669
08-06-2026 17:00,91.84,92.20,91.04,91.21,2297
08-06-2026 17:30,91.21,92.09,91.00,91.58,1977
08-06-2026 18:00,91.58,92.11,91.40,91.90,1560
08-06-2026 18:30,91.92,92.05,90.94,91.21,2033
08-06-2026 19:00,91.20,91.25,90.38,91.04,2232
08-06-2026 19:30,91.04,91.57,90.96,91.40,1813
08-06-2026 20:00,91.41,92.18,91.26,91.75,1582
08-06-2026 20:30,91.75,92.36,91.39,91.84,1912
08-06-2026 21:00,91.83,91.85,91.38,91.59,1463
08-06-2026 21:30,91.59,91.76,91.13,91.74,1342
08-06-2026 22:00,91.73,91.73,91.03,91.39,1158
08-06-2026 22:30,91.39,91.43,90.94,90.95,1131
08-06-2026 23:00,90.95,91.11,90.75,91.10,1193
08-06-2026 23:30,91.10,91.47,91.07,91.25,1531
09-06-2026 00:00,91.25,91.30,90.89,91.13,734
09-06-2026 00:30,91.13,91.32,91.00,91.31,532
09-06-2026 01:00,91.31,91.48,91.12,91.21,475
09-06-2026 01:30,91.23,91.52,91.18,91.22,406
09-06-2026 02:00,91.22,91.32,91.08,91.24,606
09-06-2026 03:30,91.36,91.51,91.24,91.41,203
09-06-2026 04:00,91.41,91.42,91.24,91.35,176
09-06-2026 04:30,91.35,91.40,91.29,91.35,151
09-06-2026 05:00,91.35,91.41,91.29,91.35,201
09-06-2026 05:30,91.34,91.44,90.85,90.89,602
09-06-2026 06:00,90.88,91.36,90.69,91.02,709
09-06-2026 06:30,91.01,91.12,90.81,90.82,909
09-06-2026 07:00,90.82,91.03,90.57,90.94,771
09-06-2026 07:30,90.94,90.99,90.49,90.90,708
09-06-2026 08:00,90.90,90.90,90.47,90.61,651
09-06-2026 08:30,90.61,90.69,90.29,90.38,783
09-06-2026 09:00,90.37,90.37,89.84,90.13,783
09-06-2026 09:30,90.11,90.25,90.02,90.21,388
09-06-2026 10:00,90.21,90.34,90.00,90.25,549
09-06-2026 10:30,90.25,90.34,89.88,90.01,556
09-06-2026 11:00,90.01,90.16,89.80,90.12,1187
09-06-2026 11:30,90.12,90.14,89.63,89.89,1125
09-06-2026 12:00,89.89,90.11,89.71,89.89,1126
09-06-2026 12:30,89.89,90.08,89.64,89.70,1247
09-06-2026 13:00,89.70,89.84,89.33,89.68,1270
09-06-2026 13:30,89.68,89.88,89.04,89.23,1961
09-06-2026 14:00,89.21,89.42,88.79,89.24,1454
09-06-2026 14:30,89.22,89.34,88.81,88.87,1144
09-06-2026 15:00,88.87,89.20,88.79,89.14,1142
09-06-2026 15:30,89.14,89.44,89.06,89.22,1064
09-06-2026 16:00,89.22,89.35,88.69,88.98,1003
09-06-2026 16:30,88.98,89.58,88.95,89.36,966
09-06-2026 17:00,89.36,89.77,89.29,89.55,1151
09-06-2026 17:30,89.54,89.62,89.19,89.58,1209
09-06-2026 18:00,89.58,89.66,88.86,89.02,1291
09-06-2026 18:30,89.02,89.53,88.65,88.73,2150
09-06-2026 19:00,88.71,88.77,87.45,87.83,2678
09-06-2026 19:30,87.83,88.19,87.44,87.49,2303
09-06-2026 20:00,87.49,88.10,87.37,87.76,1989
09-06-2026 20:30,87.76,87.89,87.37,87.74,1835
09-06-2026 21:00,87.70,87.82,86.68,86.70,1983
09-06-2026 21:30,86.69,86.70,85.96,86.53,2155
09-06-2026 22:00,86.52,89.38,86.28,87.85,4088
09-06-2026 22:30,87.85,88.36,87.10,87.54,2943
09-06-2026 23:00,87.55,88.48,87.48,88.13,2069
09-06-2026 23:30,88.13,88.60,87.94,88.14,2056
10-06-2026 00:00,88.15,88.34,87.98,88.05,990
10-06-2026 00:30,88.05,88.20,87.92,88.13,679
10-06-2026 01:00,88.13,88.59,88.04,88.28,866
10-06-2026 01:30,88.28,88.54,88.22,88.45,638
10-06-2026 02:00,88.45,88.74,88.32,88.69,663
10-06-2026 03:30,89.39,89.84,88.64,88.82,840
10-06-2026 04:00,88.82,89.24,88.82,89.11,464
10-06-2026 04:30,89.11,89.20,88.85,89.14,316
10-06-2026 05:00,89.14,89.32,88.95,89.15,261
10-06-2026 05:30,89.14,89.78,88.84,89.61,982
10-06-2026 06:00,89.61,89.93,88.74,88.84,804
10-06-2026 06:30,88.84,89.08,88.27,88.67,1265
10-06-2026 07:00,88.67,89.33,88.62,89.25,749
10-06-2026 07:30,89.25,89.37,88.73,88.93,685
10-06-2026 08:00,88.93,89.01,88.70,88.95,540
10-06-2026 08:30,88.95,89.14,88.81,89.01,435
10-06-2026 09:00,89.01,89.01,88.56,88.60,435
10-06-2026 09:30,88.60,88.86,88.59,88.85,372
10-06-2026 10:00,88.86,88.92,88.63,88.66,390
10-06-2026 10:30,88.66,88.76,88.06,88.16,658
10-06-2026 11:00,88.16,88.24,87.87,88.05,947
10-06-2026 11:30,88.05,88.14,87.61,87.89,1063
10-06-2026 12:00,87.89,88.28,87.79,88.23,899
10-06-2026 12:30,88.23,88.26,87.67,88.18,1230
10-06-2026 13:00,88.18,88.66,87.99,88.00,1232
10-06-2026 13:30,88.01,88.82,87.94,88.57,1824
10-06-2026 14:00,88.59,88.70,87.38,87.65,1539
10-06-2026 14:30,87.66,87.79,87.38,87.75,1212
10-06-2026 15:00,87.75,88.47,87.56,87.90,1281
10-06-2026 15:30,87.89,88.46,87.84,88.14,1095
10-06-2026 16:00,88.14,88.26,87.73,88.00,1053
10-06-2026 16:30,87.99,90.33,87.75,89.83,3653
10-06-2026 17:00,89.85,90.25,89.64,90.02,2346
10-06-2026 17:30,90.03,90.08,89.54,89.71,2039
10-06-2026 18:00,89.71,89.78,88.69,89.07,2177
10-06-2026 18:30,89.06,89.61,88.89,89.33,1632
10-06-2026 19:00,89.33,89.86,89.14,89.77,1820
10-06-2026 19:30,89.77,89.98,89.47,89.73,1527
10-06-2026 20:00,89.69,90.37,89.64,90.24,1686
10-06-2026 20:30,90.24,90.27,89.40,89.53,1777
10-06-2026 21:00,89.52,91.45,89.35,90.61,2697
10-06-2026 21:30,90.61,91.22,90.52,90.90,2033
10-06-2026 22:00,90.89,91.21,90.89,91.03,1243
10-06-2026 22:30,91.03,91.43,90.81,91.41,1187
10-06-2026 23:00,91.41,91.81,90.84,90.89,1609
10-06-2026 23:30,90.87,90.88,89.79,89.92,1848
11-06-2026 00:00,89.90,90.46,89.90,90.17,1186
11-06-2026 00:30,90.17,90.55,90.11,90.36,741
11-06-2026 01:00,90.36,90.59,90.34,90.40,556
11-06-2026 01:30,90.40,91.12,90.25,91.02,982
11-06-2026 02:00,91.02,91.84,90.99,91.75,984
11-06-2026 03:30,91.95,92.41,91.95,92.29,599
11-06-2026 04:00,92.29,93.32,92.00,93.30,885
11-06-2026 04:30,93.31,93.60,92.49,92.63,1195
11-06-2026 05:00,92.63,93.05,92.46,92.48,750
11-06-2026 05:30,92.48,92.73,91.90,92.36,1724
11-06-2026 06:00,92.36,92.56,92.12,92.32,1157
11-06-2026 06:30,92.32,92.37,91.49,91.54,1848
11-06-2026 07:00,91.54,91.68,91.20,91.63,1338
11-06-2026 07:30,91.63,91.97,91.42,91.84,1208
11-06-2026 08:00,91.84,91.88,91.44,91.55,1034
11-06-2026 08:30,91.55,91.93,91.52,91.85,826
11-06-2026 09:00,91.85,92.09,91.71,91.80,680
11-06-2026 09:30,91.80,91.93,91.57,91.60,603
11-06-2026 10:00,91.60,91.66,90.99,91.10,863
11-06-2026 10:30,91.10,91.16,90.75,90.93,907
11-06-2026 11:00,90.93,90.93,90.33,90.61,1472
11-06-2026 11:30,90.61,90.95,90.43,90.47,1102
11-06-2026 12:00,90.46,90.66,90.38,90.44,1162
11-06-2026 12:30,90.46,90.50,89.81,89.84,1573
11-06-2026 13:00,89.84,89.84,89.40,89.82,1549
11-06-2026 13:30,89.85,89.89,89.07,89.45,1959
11-06-2026 14:00,89.49,89.54,88.75,89.08,1789
11-06-2026 14:30,89.08,89.61,89.07,89.39,1409
11-06-2026 15:00,89.38,89.78,89.05,89.28,1208
11-06-2026 15:30,89.28,89.47,89.01,89.26,1362
11-06-2026 16:00,89.25,89.33,88.77,88.94,1405
11-06-2026 16:30,88.94,89.36,88.86,89.13,1209
11-06-2026 17:00,89.13,89.24,88.65,89.03,1532
11-06-2026 17:30,89.04,91.38,88.94,90.57,2457
11-06-2026 18:00,90.59,91.22,89.87,90.03,3293
11-06-2026 18:30,90.02,90.65,89.97,90.18,2044
11-06-2026 19:00,90.20,90.22,89.05,89.34,2710
11-06-2026 19:30,89.33,90.22,89.33,90.13,2223
11-06-2026 20:00,90.13,90.39,89.90,90.06,1736
11-06-2026 20:30,90.06,90.54,89.95,90.46,2209
11-06-2026 21:00,90.45,91.19,90.35,90.83,1952
11-06-2026 21:30,90.81,91.43,90.65,91.17,1424
11-06-2026 22:00,91.17,91.40,90.66,90.83,1647
11-06-2026 22:30,90.83,90.90,88.29,88.32,1916
11-06-2026 23:00,88.31,88.34,86.52,87.37,4769
11-06-2026 23:30,87.39,88.26,87.10,87.80,3769
12-06-2026 00:00,87.80,88.29,87.75,87.79,1907
12-06-2026 00:30,87.79,87.84,86.68,86.73,2492
12-06-2026 01:00,86.73,86.73,85.80,86.51,2782
12-06-2026 01:30,86.52,86.57,85.76,85.96,1518
12-06-2026 02:00,85.96,86.56,85.88,86.46,1221
12-06-2026 03:30,85.65,86.04,85.12,86.04,961
12-06-2026 04:00,86.04,86.08,85.64,85.92,449
12-06-2026 04:30,85.92,85.93,85.67,85.82,337
12-06-2026 05:00,85.82,86.17,85.82,86.05,291
12-06-2026 05:30,86.05,86.41,86.03,86.26,744
12-06-2026 06:00,86.26,86.72,86.23,86.62,562
12-06-2026 06:30,86.62,86.90,86.62,86.67,1140
12-06-2026 07:00,86.67,86.87,86.58,86.79,695
12-06-2026 07:30,86.79,86.88,86.65,86.87,426
12-06-2026 08:00,86.87,86.87,86.49,86.72,487
12-06-2026 08:30,86.72,86.96,86.67,86.70,516
12-06-2026 09:00,86.70,86.74,86.20,86.24,647
12-06-2026 09:30,86.20,86.33,86.05,86.16,545
12-06-2026 10:00,86.15,86.35,86.06,86.07,412
12-06-2026 10:30,86.06,86.11,85.87,85.91,781
12-06-2026 11:00,85.91,86.14,85.67,86.04,1059
12-06-2026 11:30,86.04,86.12,85.80,85.94,1051
12-06-2026 12:00,85.94,86.13,85.72,86.07,992
12-06-2026 12:30,86.07,86.37,85.96,86.04,1289
12-06-2026 13:00,86.03,86.17,84.89,85.17,1627
12-06-2026 13:30,85.20,85.20,83.39,83.45,2854
12-06-2026 14:00,83.41,83.97,83.18,83.86,2206
12-06-2026 14:30,83.85,84.06,83.45,83.79,1791
12-06-2026 15:00,83.79,84.20,83.55,84.14,1404
12-06-2026 15:30,84.15,85.02,84.00,84.89,1522
12-06-2026 16:00,84.89,85.26,84.51,84.68,1564
12-06-2026 16:30,84.68,84.75,84.03,84.28,1350
12-06-2026 17:00,84.28,85.17,84.16,84.88,1436
12-06-2026 17:30,84.87,85.22,84.71,85.22,1431
12-06-2026 18:00,85.22,85.64,85.08,85.11,1864
12-06-2026 18:30,85.07,85.58,84.94,85.32,1553
12-06-2026 19:00,85.32,87.02,85.29,86.99,2893
12-06-2026 19:30,87.00,87.22,86.13,86.45,2241
12-06-2026 20:00,86.46,86.64,84.72,84.93,2694
12-06-2026 20:30,84.94,85.01,84.21,84.46,2854
12-06-2026 21:00,84.41,84.73,84.11,84.40,2131
12-06-2026 21:30,84.40,84.81,84.16,84.78,1787
12-06-2026 22:00,84.76,84.98,84.45,84.84,1563
12-06-2026 22:30,84.84,84.94,84.47,84.53,1589
12-06-2026 23:00,84.53,85.03,84.53,84.89,1429
12-06-2026 23:30,84.89,85.06,84.70,84.86,1429
13-06-2026 00:00,84.87,84.87,84.31,84.43,802
13-06-2026 00:30,84.43,84.60,84.32,84.43,577
13-06-2026 01:00,84.43,84.63,84.23,84.28,817
13-06-2026 01:30,84.29,84.43,84.19,84.24,408
13-06-2026 02:00,84.24,84.28,84.17,84.20,538
15-06-2026 03:30,81.38,82.25,80.24,81.34,2267
15-06-2026 04:00,81.34,81.66,81.13,81.26,1005
15-06-2026 04:30,81.26,81.33,80.87,81.10,756
15-06-2026 05:00,81.11,81.13,80.86,80.99,419
15-06-2026 05:30,80.98,81.00,80.42,80.83,1096
15-06-2026 06:00,80.83,81.20,80.76,80.96,934
15-06-2026 06:30,80.96,81.20,80.50,80.62,1650
15-06-2026 07:00,80.62,80.94,80.48,80.88,949
15-06-2026 07:30,80.88,80.88,80.31,80.33,630
15-06-2026 08:00,80.33,80.33,79.99,80.07,984
15-06-2026 08:30,80.07,80.26,79.99,80.10,908
15-06-2026 09:00,80.10,80.65,80.10,80.51,1210
15-06-2026 09:30,80.51,80.63,80.44,80.58,463
15-06-2026 10:00,80.58,80.69,80.48,80.53,503
15-06-2026 10:30,80.52,80.88,80.49,80.79,571
15-06-2026 11:00,80.79,80.99,80.64,80.77,1066
15-06-2026 11:30,80.77,81.09,80.45,80.71,1238
15-06-2026 12:00,80.71,80.84,80.42,80.49,1161
15-06-2026 12:30,80.46,80.66,79.79,79.84,1344
15-06-2026 13:00,79.84,80.52,79.69,80.48,1096
15-06-2026 13:30,80.48,80.83,80.24,80.27,1741
15-06-2026 14:00,80.27,80.51,80.15,80.40,1397
15-06-2026 14:30,80.40,80.40,79.94,80.08,1412
15-06-2026 15:00,80.08,80.47,80.00,80.24,1276
15-06-2026 15:30,80.24,80.37,80.04,80.33,1162
15-06-2026 16:00,80.33,80.66,80.30,80.58,1008
15-06-2026 16:30,80.58,80.59,80.10,80.14,1159
15-06-2026 17:00,80.13,80.47,80.05,80.40,1075
15-06-2026 17:30,80.40,80.60,80.11,80.20,1213
15-06-2026 18:00,80.20,80.41,79.96,80.32,1085
15-06-2026 18:30,80.32,80.63,80.24,80.49,1362
15-06-2026 19:00,80.49,80.64,80.20,80.22,1550
15-06-2026 19:30,80.20,80.33,79.81,79.89,1499
15-06-2026 20:00,79.90,80.47,79.79,80.46,1466
15-06-2026 20:30,80.46,80.84,80.32,80.61,1665
15-06-2026 21:00,80.61,80.75,80.14,80.25,1426
15-06-2026 21:30,80.25,80.35,80.01,80.07,1110
15-06-2026 22:00,80.07,80.49,80.06,80.48,869
15-06-2026 22:30,80.48,80.70,80.36,80.55,866
15-06-2026 23:00,80.55,80.62,80.27,80.57,960
15-06-2026 23:30,80.57,80.92,80.35,80.88,1265
16-06-2026 00:00,80.87,80.99,80.77,80.86,702
16-06-2026 00:30,80.86,81.17,80.86,81.07,417
16-06-2026 01:00,81.07,81.45,81.04,81.30,528
16-06-2026 01:30,81.30,81.59,81.27,81.30,453
16-06-2026 02:00,81.30,81.36,81.10,81.12,389
16-06-2026 03:30,81.15,81.43,80.91,81.29,280
16-06-2026 04:00,81.29,81.45,81.23,81.39,148
16-06-2026 04:30,81.39,81.45,81.29,81.37,105
16-06-2026 05:00,81.36,81.52,81.36,81.50,133
16-06-2026 05:30,81.50,81.50,81.18,81.31,394
16-06-2026 06:00,81.31,81.38,81.20,81.30,343
16-06-2026 06:30,81.30,81.35,80.92,81.00,785
16-06-2026 07:00,81.00,81.14,80.83,80.89,609
16-06-2026 07:30,80.89,80.96,80.74,80.90,381
16-06-2026 08:00,80.90,80.96,80.55,80.69,638
16-06-2026 08:30,80.69,80.73,80.57,80.66,436
16-06-2026 09:00,80.66,80.69,80.55,80.66,272
16-06-2026 09:30,80.66,80.80,80.59,80.65,348
16-06-2026 10:00,80.65,80.74,80.55,80.59,313
16-06-2026 10:30,80.59,80.61,80.36,80.38,286
16-06-2026 11:00,80.38,80.50,80.27,80.45,726
16-06-2026 11:30,80.45,80.51,80.35,80.40,591
16-06-2026 12:00,80.41,80.78,80.38,80.54,641
16-06-2026 12:30,80.53,80.54,79.94,79.97,1132
16-06-2026 13:00,79.97,80.01,79.30,79.36,1480
16-06-2026 13:30,79.36,79.56,78.49,78.59,1924
16-06-2026 14:00,78.56,78.89,78.43,78.65,1373
16-06-2026 14:30,78.65,78.93,78.65,78.84,1017
16-06-2026 15:00,78.84,79.22,78.74,78.91,798
16-06-2026 15:30,78.91,78.94,78.48,78.59,1150
16-06-2026 16:00,78.59,78.68,78.26,78.41,883
16-06-2026 16:30,78.40,78.41,78.15,78.24,881
16-06-2026 17:00,78.23,78.55,78.14,78.40,945
16-06-2026 17:30,78.40,78.41,77.55,77.55,1545
16-06-2026 18:00,77.55,77.57,76.85,77.31,1904
16-06-2026 18:30,77.31,77.74,77.25,77.59,1734
16-06-2026 19:00,77.60,78.05,77.54,77.76,1393
16-06-2026 19:30,77.76,77.84,77.34,77.43,1345
16-06-2026 20:00,77.43,77.47,76.83,77.06,1591
16-06-2026 20:30,77.07,77.26,76.91,76.97,1577
16-06-2026 21:00,76.98,77.05,75.67,76.00,1969
16-06-2026 21:30,76.00,76.16,75.83,75.85,1480
16-06-2026 22:00,75.85,76.01,75.51,75.76,1552
16-06-2026 22:30,75.76,76.12,75.72,75.77,1550
16-06-2026 23:00,75.77,75.92,75.61,75.85,1263
16-06-2026 23:30,75.86,76.10,75.71,76.03,1234
17-06-2026 00:00,76.04,76.47,75.94,76.43,774
17-06-2026 00:30,76.43,77.07,76.38,77.04,693
17-06-2026 01:00,77.04,77.14,76.82,76.86,593
17-06-2026 01:30,76.86,76.89,76.50,76.54,559
17-06-2026 02:00,76.53,76.72,76.48,76.62,641
17-06-2026 03:30,76.54,76.80,76.28,76.77,393
17-06-2026 04:00,76.77,76.77,76.59,76.70,174
17-06-2026 04:30,76.70,76.74,76.52,76.54,179
17-06-2026 05:00,76.55,76.60,76.43,76.59,185
17-06-2026 05:30,76.59,76.60,76.39,76.58,465
17-06-2026 06:00,76.58,76.62,76.45,76.57,258
17-06-2026 06:30,76.57,76.62,76.24,76.28,792
17-06-2026 07:00,76.27,76.41,76.05,76.14,615
17-06-2026 07:30,76.14,76.23,76.02,76.09,400
17-06-2026 08:00,76.10,76.17,75.99,76.05,408
17-06-2026 08:30,76.05,76.05,75.65,75.68,363
17-06-2026 09:00,75.68,75.83,75.34,75.40,447
17-06-2026 09:30,75.40,75.76,75.40,75.69,408
17-06-2026 10:00,75.67,75.73,75.36,75.49,350
17-06-2026 10:30,75.50,75.54,75.10,75.13,541
17-06-2026 11:00,75.14,76.33,75.06,76.11,1033
17-06-2026 11:30,76.12,76.26,75.86,75.91,897
17-06-2026 12:00,75.91,75.95,75.04,75.32,1111
17-06-2026 12:30,75.32,75.58,74.57,75.55,1373
17-06-2026 13:00,75.55,75.63,75.06,75.58,1200
17-06-2026 13:30,75.58,76.27,75.46,76.13,1730
17-06-2026 14:00,76.12,76.44,75.87,76.04,1263
17-06-2026 14:30,76.04,76.30,75.68,75.80,1004
17-06-2026 15:00,75.80,76.09,75.49,76.01,940
17-06-2026 15:30,76.02,76.44,76.01,76.33,790
17-06-2026 16:00,76.33,76.57,75.88,76.46,1112
17-06-2026 16:30,76.46,76.68,76.33,76.42,910
17-06-2026 17:00,76.43,77.01,76.43,76.77,930
17-06-2026 17:30,76.76,76.78,76.33,76.63,973
17-06-2026 18:00,76.63,76.74,76.48,76.56,808
17-06-2026 18:30,76.54,76.85,76.50,76.83,1176
17-06-2026 19:00,76.83,77.33,76.76,77.20,1255
17-06-2026 19:30,77.20,77.88,76.95,77.37,1911
17-06-2026 20:00,77.38,79.94,77.38,77.80,2575
17-06-2026 20:30,77.81,78.02,76.73,76.91,2147
17-06-2026 21:00,76.91,77.08,76.51,76.60,1270
17-06-2026 21:30,76.60,76.94,76.50,76.73,980
17-06-2026 22:00,76.75,76.83,76.36,76.39,894
17-06-2026 22:30,76.39,76.98,76.16,76.25,1229
17-06-2026 23:00,76.25,76.55,76.17,76.47,941
17-06-2026 23:30,76.47,76.90,76.30,76.88,1533
18-06-2026 00:00,76.87,76.99,76.44,76.50,1583
18-06-2026 00:30,76.50,76.62,75.97,76.06,972
18-06-2026 01:00,76.06,76.23,75.90,75.96,778
18-06-2026 01:30,75.95,76.02,75.85,75.90,367
18-06-2026 02:00,75.90,75.93,75.55,75.57,321
18-06-2026 03:30,75.76,76.39,75.68,76.19,530
18-06-2026 04:00,76.19,76.27,75.96,76.06,231
18-06-2026 04:30,76.06,76.08,75.85,75.95,211
18-06-2026 05:00,75.95,76.13,75.90,75.99,178
18-06-2026 05:30,75.99,76.03,75.69,75.77,504
18-06-2026 06:00,75.77,76.08,75.69,76.04,361
18-06-2026 06:30,76.04,76.15,75.43,75.51,769
18-06-2026 07:00,75.50,75.65,75.35,75.51,584
18-06-2026 07:30,75.51,75.58,74.97,75.43,424
18-06-2026 08:00,75.42,75.73,75.40,75.54,608
18-06-2026 08:30,75.54,75.56,75.27,75.29,329
18-06-2026 09:00,75.29,75.41,75.23,75.24,270
18-06-2026 09:30,75.24,75.31,74.89,74.90,300
18-06-2026 10:00,74.90,74.98,74.77,74.84,373
18-06-2026 10:30,74.84,74.96,74.49,74.52,534
18-06-2026 11:00,74.52,74.89,74.47,74.77,758
18-06-2026 11:30,74.77,74.77,74.14,74.28,1026
18-06-2026 12:00,74.28,75.07,74.20,74.91,1134
18-06-2026 12:30,74.91,75.45,74.69,75.05,1095
18-06-2026 13:00,75.05,75.19,74.85,75.04,921
18-06-2026 13:30,75.02,75.09,74.72,75.00,1375
18-06-2026 14:00,75.06,75.20,74.51,74.75,1168
18-06-2026 14:30,74.75,75.04,74.47,74.79,1001
18-06-2026 15:00,74.78,74.96,74.32,74.35,1004
18-06-2026 15:30,74.39,75.00,74.36,74.90,927
18-06-2026 16:00,74.90,75.71,74.89,75.28,1279
18-06-2026 16:30,75.28,75.51,75.10,75.49,879
18-06-2026 17:00,75.49,75.60,75.09,75.42,816
18-06-2026 17:30,75.42,75.50,74.94,75.20,965
18-06-2026 18:00,75.20,75.32,74.94,75.05,790
18-06-2026 18:30,75.05,75.26,74.25,74.79,1877
18-06-2026 19:00,74.78,74.80,73.62,73.74,2136
18-06-2026 19:30,73.74,74.02,73.56,73.87,1779
18-06-2026 20:00,73.87,74.24,73.86,74.08,1370
18-06-2026 20:30,74.09,74.55,73.72,74.45,1565
18-06-2026 21:00,74.45,74.79,74.40,74.70,1517
18-06-2026 21:30,74.71,75.09,74.58,74.67,1184
18-06-2026 22:00,74.67,75.30,74.49,75.14,1243
18-06-2026 22:30,75.14,75.35,74.99,75.33,1180
18-06-2026 23:00,75.33,75.53,75.07,75.35,1486
18-06-2026 23:30,75.35,76.77,75.34,76.58,2376
19-06-2026 00:00,76.58,76.84,76.52,76.61,769
19-06-2026 00:30,76.61,76.87,76.61,76.84,381
19-06-2026 01:00,76.84,76.90,76.48,76.87,521
19-06-2026 01:30,76.87,76.98,76.37,76.54,615
19-06-2026 02:00,76.55,76.59,76.39,76.55,387
19-06-2026 03:30,76.41,77.01,76.31,76.59,216
19-06-2026 04:00,76.59,76.74,76.21,76.34,215
19-06-2026 04:30,76.34,76.40,75.97,76.07,262
19-06-2026 05:00,76.07,76.23,75.86,76.23,155
19-06-2026 05:30,76.22,76.22,75.78,75.92,453
19-06-2026 06:00,75.93,76.02,75.87,75.87,167
19-06-2026 06:30,75.88,76.20,75.79,76.15,419
19-06-2026 07:00,76.15,76.43,76.11,76.39,442
19-06-2026 07:30,76.39,76.55,76.31,76.33,394
19-06-2026 08:00,76.33,76.40,76.25,76.32,217
19-06-2026 08:30,76.32,76.54,76.24,76.29,272
19-06-2026 09:00,76.29,76.32,75.93,75.98,330
19-06-2026 09:30,75.97,76.26,75.91,76.22,323
19-06-2026 10:00,76.22,76.63,76.18,76.38,507
19-06-2026 10:30,76.39,77.31,76.38,77.31,244
19-06-2026 11:00,77.31,77.31,76.97,77.05,339
19-06-2026 11:30,77.05,78.02,77.05,77.36,461
19-06-2026 12:00,77.36,77.84,77.24,77.31,594
19-06-2026 12:30,77.30,77.55,77.21,77.46,259
19-06-2026 13:00,77.46,77.87,77.30,77.71,511
19-06-2026 13:30,77.71,78.12,77.52,77.86,1395
19-06-2026 14:00,77.86,78.35,77.72,77.80,488
19-06-2026 14:30,77.80,77.82,76.76,76.92,515
19-06-2026 15:30,76.92,76.92,76.92,76.92,1
19-06-2026 16:00,76.92,76.92,75.67,75.85,839
19-06-2026 16:30,75.85,76.50,75.71,76.07,1083
19-06-2026 17:00,76.07,76.27,75.71,75.96,771
19-06-2026 17:30,75.96,76.32,75.95,76.27,787
19-06-2026 18:00,76.27,76.71,75.23,75.28,2022
19-06-2026 18:30,75.29,75.81,75.06,75.68,1546
19-06-2026 19:00,75.68,75.99,75.59,75.99,1147
19-06-2026 19:30,75.99,76.17,75.87,76.05,838
19-06-2026 20:00,76.05,76.23,75.92,76.17,764
19-06-2026 20:30,76.17,76.42,76.11,76.37,1146
19-06-2026 21:00,76.39,76.62,76.28,76.48,992
19-06-2026 21:30,76.48,76.75,76.42,76.48,643
19-06-2026 22:00,76.48,76.75,76.45,76.49,584
22-06-2026 03:30,77.98,78.07,77.31,77.61,1261
22-06-2026 04:00,77.61,77.63,77.20,77.45,544
22-06-2026 04:30,77.45,77.73,77.43,77.71,458
22-06-2026 05:00,77.72,77.84,77.59,77.66,439
22-06-2026 05:30,77.66,77.80,77.12,77.23,650
22-06-2026 06:00,77.23,77.68,76.91,76.99,748
22-06-2026 06:30,77.00,77.00,75.65,75.71,1990
22-06-2026 07:00,75.71,75.79,75.47,75.74,1048
22-06-2026 07:30,75.74,75.76,75.39,75.46,670
22-06-2026 08:00,75.46,75.46,75.00,75.31,837
22-06-2026 08:30,75.31,75.76,75.28,75.75,645
22-06-2026 09:00,75.75,75.84,75.54,75.62,444
22-06-2026 09:30,75.62,75.69,75.47,75.58,292
22-06-2026 10:00,75.58,75.58,75.39,75.39,281
22-06-2026 10:30,75.39,75.39,75.06,75.06,425
22-06-2026 11:00,75.06,75.39,75.01,75.28,841
22-06-2026 11:30,75.29,75.35,74.90,75.12,834
22-06-2026 12:00,75.12,75.46,75.08,75.31,860
22-06-2026 12:30,75.31,75.53,75.19,75.42,859
22-06-2026 13:00,75.42,75.98,75.36,75.62,1093
22-06-2026 13:30,75.62,76.18,75.35,75.38,1809
22-06-2026 14:00,75.39,75.66,75.08,75.21,1179
22-06-2026 14:30,75.20,75.45,75.08,75.28,931
22-06-2026 15:00,75.28,75.46,75.10,75.33,869
22-06-2026 15:30,75.33,75.41,75.17,75.35,758
22-06-2026 16:00,75.36,75.45,75.24,75.31,643
22-06-2026 16:30,75.32,75.45,74.62,75.40,1369
22-06-2026 17:00,75.40,75.44,74.90,74.99,932
22-06-2026 17:30,74.99,75.07,74.49,74.59,1024
22-06-2026 18:00,74.60,74.80,74.41,74.51,1046
22-06-2026 18:30,74.51,75.03,74.15,74.22,1813
22-06-2026 19:00,74.22,74.28,73.50,73.75,1948
22-06-2026 19:30,73.75,73.95,73.52,73.85,1458
22-06-2026 20:00,73.84,74.30,73.83,74.00,1368
22-06-2026 20:30,74.00,74.02,73.26,73.61,1681
22-06-2026 21:00,73.62,73.70,73.23,73.39,1277
22-06-2026 21:30,73.40,73.69,73.35,73.64,760
22-06-2026 22:00,73.64,73.80,73.54,73.55,807
22-06-2026 22:30,73.55,73.70,73.43,73.51,720
22-06-2026 23:00,73.51,73.74,73.28,73.31,763
22-06-2026 23:30,73.31,73.91,73.31,73.89,1214
23-06-2026 00:00,73.88,74.04,73.66,73.99,567
23-06-2026 00:30,73.99,74.21,73.98,74.19,373
23-06-2026 01:00,74.19,74.34,74.16,74.26,332
23-06-2026 01:30,74.26,74.28,73.97,74.00,346
23-06-2026 02:00,74.00,74.09,73.96,74.06,288
23-06-2026 03:30,74.12,74.22,74.01,74.21,182
23-06-2026 04:00,74.21,74.41,74.20,74.30,129
23-06-2026 04:30,74.30,74.30,74.09,74.13,145
23-06-2026 05:00,74.13,74.19,74.08,74.15,88
23-06-2026 05:30,74.15,74.23,74.04,74.11,300
23-06-2026 06:00,74.11,74.21,74.00,74.20,320
23-06-2026 06:30,74.19,74.25,73.77,74.16,944
23-06-2026 07:00,74.16,74.24,73.89,73.91,534
23-06-2026 07:30,73.91,74.07,73.76,74.04,359
23-06-2026 08:00,74.04,74.29,73.90,73.90,652
23-06-2026 08:30,73.90,73.90,73.58,73.60,747
23-06-2026 09:00,73.60,73.74,73.56,73.61,248
23-06-2026 09:30,73.62,73.73,73.58,73.61,218
23-06-2026 10:00,73.60,73.76,73.56,73.72,361
23-06-2026 10:30,73.73,73.77,73.55,73.56,241
23-06-2026 11:00,73.56,73.58,73.00,73.07,878
23-06-2026 11:30,73.07,73.17,72.84,72.85,943
23-06-2026 12:00,72.86,73.13,72.54,72.91,1014
23-06-2026 12:30,72.91,72.95,72.48,72.51,842
23-06-2026 13:00,72.54,73.19,72.49,73.16,1033
23-06-2026 13:30,73.15,73.68,73.15,73.62,1518
23-06-2026 14:00,73.62,73.84,73.39,73.43,1043
23-06-2026 14:30,73.43,73.64,73.20,73.20,830
23-06-2026 15:00,73.20,73.58,73.16,73.49,704
23-06-2026 15:30,73.49,73.73,73.35,73.70,667
23-06-2026 16:00,73.70,73.94,73.58,73.88,801
23-06-2026 16:30,73.87,73.97,73.59,73.78,826
23-06-2026 17:00,73.78,74.05,73.64,73.83,869
23-06-2026 17:30,73.83,73.88,73.21,73.28,939
23-06-2026 18:00,73.28,73.62,73.20,73.59,857
23-06-2026 18:30,73.60,73.71,72.98,73.07,1248
23-06-2026 19:00,73.06,73.29,72.88,72.96,1394
23-06-2026 19:30,72.96,72.99,72.52,72.59,1181
23-06-2026 20:00,72.59,73.37,72.59,73.15,1780
23-06-2026 20:30,73.15,73.47,73.00,73.10,1337
23-06-2026 21:00,73.10,73.21,72.71,72.98,1176
23-06-2026 21:30,72.98,73.23,72.98,73.07,699
23-06-2026 22:00,73.07,73.08,72.81,72.95,610
23-06-2026 22:30,72.96,73.28,72.96,73.23,735
23-06-2026 23:00,73.23,73.30,72.98,73.02,824
23-06-2026 23:30,73.03,73.41,73.03,73.26,1121
24-06-2026 00:00,73.27,73.38,73.16,73.34,464
24-06-2026 00:30,73.34,73.40,73.21,73.35,315
24-06-2026 01:00,73.35,73.40,73.26,73.30,292
24-06-2026 01:30,73.30,73.48,73.27,73.29,215
24-06-2026 02:00,73.29,73.32,73.01,73.05,281
24-06-2026 03:30,73.12,73.13,73.03,73.11,136
24-06-2026 04:00,73.11,73.12,72.87,72.92,147
24-06-2026 04:30,72.92,72.95,72.83,72.85,140
24-06-2026 05:00,72.85,72.88,72.62,72.67,175
24-06-2026 05:30,72.67,72.94,72.64,72.87,426
24-06-2026 06:00,72.87,72.87,72.73,72.81,306
24-06-2026 06:30,72.80,73.00,72.33,72.98,1035
24-06-2026 07:00,72.99,73.04,72.57,72.65,672
24-06-2026 07:30,72.65,72.88,72.64,72.74,370
24-06-2026 08:00,72.74,72.74,72.14,72.17,736
24-06-2026 08:30,72.16,72.43,72.07,72.36,563
24-06-2026 09:00,72.36,72.46,72.32,72.41,199
24-06-2026 09:30,72.41,72.75,72.41,72.66,260
24-06-2026 10:00,72.66,72.69,72.58,72.65,153
24-06-2026 10:30,72.65,72.76,72.57,72.64,233
24-06-2026 11:00,72.64,72.72,72.42,72.47,608
24-06-2026 11:30,72.47,73.15,72.47,72.65,1122
24-06-2026 12:00,72.64,72.65,72.44,72.58,873
24-06-2026 12:30,72.58,72.61,72.08,72.19,955
24-06-2026 13:00,72.19,72.33,71.91,71.94,901
24-06-2026 13:30,71.94,72.05,71.74,71.75,1476
24-06-2026 14:00,71.76,72.10,71.68,72.03,1032
24-06-2026 14:30,72.03,72.06,71.53,71.69,983
24-06-2026 15:00,71.69,72.12,71.67,71.97,1007
24-06-2026 15:30,71.97,72.26,71.86,71.99,878
24-06-2026 16:00,71.99,72.14,71.71,71.81,730
24-06-2026 16:30,71.81,71.88,71.38,71.44,735
24-06-2026 17:00,71.44,71.71,70.91,70.93,1338
24-06-2026 17:30,70.92,71.15,70.82,71.08,1199
24-06-2026 18:00,71.08,71.18,70.92,71.02,951
24-06-2026 18:30,71.01,71.05,70.01,70.04,1866
24-06-2026 19:00,70.05,70.26,69.67,69.75,1988
24-06-2026 19:30,69.75,70.36,69.63,70.14,1575
24-06-2026 20:00,70.14,70.22,69.71,69.85,1551
24-06-2026 20:30,69.85,70.04,69.67,70.00,1510
24-06-2026 21:00,69.99,70.57,69.90,70.47,1310
24-06-2026 21:30,70.47,70.69,70.27,70.62,878
24-06-2026 22:00,70.62,70.91,70.44,70.51,867
24-06-2026 22:30,70.51,70.64,70.12,70.20,816
24-06-2026 23:00,70.20,70.50,70.03,70.46,848
24-06-2026 23:30,70.46,70.50,70.12,70.40,1107
25-06-2026 00:00,70.40,70.42,69.91,69.94,652
25-06-2026 00:30,69.94,70.07,69.88,70.07,394
25-06-2026 01:00,70.07,70.12,69.95,70.02,368
25-06-2026 01:30,70.02,70.02,69.75,69.84,326
25-06-2026 02:00,69.84,69.88,69.78,69.83,248
25-06-2026 03:30,69.87,69.87,69.71,69.82,165
25-06-2026 04:00,69.82,69.89,69.78,69.86,95
25-06-2026 04:30,69.86,69.94,69.85,69.94,84
25-06-2026 05:00,69.94,69.99,69.87,69.99,115
25-06-2026 05:30,69.98,70.14,69.93,70.09,275
25-06-2026 06:00,70.09,70.20,69.93,69.97,247
25-06-2026 06:30,69.97,70.05,69.36,69.40,1256
25-06-2026 07:00,69.40,69.43,69.10,69.33,941
25-06-2026 07:30,69.33,69.37,69.05,69.15,625
25-06-2026 08:00,69.15,69.47,69.11,69.36,668
25-06-2026 08:30,69.36,69.41,69.04,69.15,661
25-06-2026 09:00,69.15,69.31,69.13,69.30,288
25-06-2026 09:30,69.30,69.41,69.24,69.34,232
25-06-2026 10:00,69.34,69.54,69.32,69.47,205
25-06-2026 10:30,69.47,69.49,69.34,69.48,212
25-06-2026 11:00,69.48,69.59,69.19,69.34,676
25-06-2026 11:30,69.34,69.74,69.22,69.72,880
25-06-2026 12:00,69.73,69.80,69.39,69.56,917
25-06-2026 12:30,69.56,69.98,69.40,69.69,825
25-06-2026 13:00,69.69,70.04,69.57,69.93,843
25-06-2026 13:30,69.95,70.03,69.41,69.45,1449
25-06-2026 14:00,69.48,69.68,69.03,69.20,1322
25-06-2026 14:30,69.19,69.63,68.89,69.37,1272
25-06-2026 15:00,69.37,69.58,69.34,69.56,899
25-06-2026 15:30,69.56,69.64,69.41,69.51,689
25-06-2026 16:00,69.51,69.63,69.36,69.40,559
25-06-2026 16:30,69.39,69.68,69.25,69.68,656
25-06-2026 17:00,69.68,69.93,69.65,69.78,649
25-06-2026 17:30,69.78,69.92,69.58,69.89,777
25-06-2026 18:00,69.89,69.94,69.31,69.53,1160
25-06-2026 18:30,69.51,70.17,69.44,69.86,1537
25-06-2026 19:00,69.86,70.45,69.74,70.43,1507
25-06-2026 19:30,70.43,70.97,70.34,70.93,1464
25-06-2026 20:00,70.93,70.94,70.53,70.80,1368
25-06-2026 20:30,70.80,71.74,70.75,71.34,1984
25-06-2026 21:00,71.34,71.50,71.20,71.42,1236
25-06-2026 21:30,71.42,71.67,71.42,71.59,961
25-06-2026 22:00,71.59,71.66,71.40,71.54,756
25-06-2026 22:30,71.53,71.77,71.29,71.50,907
25-06-2026 23:00,71.50,71.77,71.42,71.76,821
25-06-2026 23:30,71.77,72.00,71.71,71.95,1308
26-06-2026 00:00,71.95,72.21,71.94,72.11,944
26-06-2026 00:30,72.11,72.48,72.10,72.28,567
26-06-2026 01:00,72.28,72.29,71.89,72.02,569
26-06-2026 01:30,72.01,72.16,71.77,71.77,295
26-06-2026 02:00,71.77,71.80,71.37,71.44,463
26-06-2026 03:30,71.52,71.54,71.28,71.34,186
26-06-2026 04:00,71.35,71.50,71.35,71.49,89
26-06-2026 04:30,71.49,71.51,71.42,71.49,150
26-06-2026 05:00,71.49,71.54,71.44,71.50,105
26-06-2026 05:30,71.50,71.77,71.42,71.67,418
26-06-2026 06:00,71.67,71.79,71.54,71.78,209
26-06-2026 06:30,71.78,71.82,71.44,71.55,1067
26-06-2026 07:00,71.54,71.56,71.21,71.22,630
26-06-2026 07:30,71.23,71.28,71.12,71.17,437
26-06-2026 08:00,71.17,71.17,70.78,70.80,609
26-06-2026 08:30,70.80,70.81,70.51,70.66,632
26-06-2026 09:00,70.66,70.72,70.47,70.56,267
26-06-2026 09:30,70.56,70.63,70.41,70.46,288
26-06-2026 10:00,70.46,70.52,70.38,70.39,251
26-06-2026 10:30,70.39,70.49,70.33,70.46,324
26-06-2026 11:00,70.46,70.92,70.37,70.86,754
26-06-2026 11:30,70.87,70.89,70.62,70.66,649
26-06-2026 12:00,70.66,70.66,70.33,70.47,767
26-06-2026 12:30,70.47,70.51,70.19,70.19,803
26-06-2026 13:00,70.19,70.39,69.81,69.86,751
26-06-2026 13:30,69.86,70.15,69.01,69.07,1613
26-06-2026 14:00,69.11,69.47,68.97,69.28,1303
26-06-2026 14:30,69.27,69.50,69.20,69.33,874
26-06-2026 15:00,69.32,69.45,69.00,69.06,935
26-06-2026 15:30,69.05,69.40,68.95,69.28,898
26-06-2026 16:00,69.28,69.56,69.08,69.50,825
26-06-2026 16:30,69.50,69.78,69.49,69.71,941
26-06-2026 17:00,69.71,70.32,69.68,70.07,959
26-06-2026 17:30,70.07,70.10,69.61,69.67,1017
26-06-2026 18:00,69.67,69.71,69.35,69.36,1003
26-06-2026 18:30,69.36,70.49,69.33,69.73,2328
26-06-2026 19:00,69.76,69.93,69.20,69.39,1806
26-06-2026 19:30,69.38,69.50,68.92,69.16,1505
26-06-2026 20:00,69.16,69.25,68.82,69.20,1660
26-06-2026 20:30,69.20,69.23,68.54,68.74,1671
26-06-2026 21:00,68.73,69.49,68.63,69.07,1678
26-06-2026 21:30,69.07,69.21,68.92,68.99,1216
26-06-2026 22:00,68.99,69.34,68.83,69.29,932
26-06-2026 22:30,69.29,69.30,69.02,69.29,694
26-06-2026 23:00,69.29,69.50,69.21,69.25,855
26-06-2026 23:30,69.26,69.36,69.10,69.23,1033
27-06-2026 00:00,69.23,69.23,69.05,69.11,450
27-06-2026 00:30,69.11,69.21,69.01,69.18,285
27-06-2026 01:00,69.18,69.59,69.18,69.50,456
27-06-2026 01:30,69.49,69.53,69.35,69.53,381
27-06-2026 02:00,69.53,70.37,69.53,70.20,1366
29-06-2026 03:30,70.48,70.72,69.77,70.33,1170
29-06-2026 04:00,70.33,70.36,70.00,70.02,299
29-06-2026 04:30,70.02,70.07,69.82,69.84,237
29-06-2026 05:00,69.85,69.91,69.64,69.74,262
29-06-2026 05:30,69.75,69.78,69.31,69.76,549
29-06-2026 06:00,69.76,70.03,69.73,69.83,431
29-06-2026 06:30,69.83,70.25,69.73,70.10,1204
29-06-2026 07:00,70.10,70.18,69.94,69.98,689
29-06-2026 07:30,69.97,70.09,69.93,70.01,419
29-06-2026 08:00,70.01,70.07,69.76,69.93,599
29-06-2026 08:30,69.93,70.07,69.88,69.99,473
29-06-2026 09:00,69.99,70.08,69.90,70.03,208
29-06-2026 09:30,70.03,70.10,69.99,70.01,181
29-06-2026 10:00,70.01,70.03,69.93,69.93,183
29-06-2026 10:30,69.93,69.95,69.65,69.74,325
29-06-2026 11:00,69.74,69.75,69.42,69.47,827
29-06-2026 11:30,69.47,70.06,69.45,70.05,789
29-06-2026 12:00,70.05,70.27,69.84,69.93,804
29-06-2026 12:30,69.93,69.98,69.75,69.92,709
29-06-2026 13:00,69.93,69.99,69.46,69.51,691
29-06-2026 13:30,69.51,70.20,69.47,70.15,1225
29-06-2026 14:00,70.14,70.26,69.90,70.11,974
29-06-2026 14:30,70.11,70.34,69.89,70.31,881
29-06-2026 15:00,70.31,70.71,70.28,70.58,905
29-06-2026 15:30,70.57,70.59,69.85,69.97,815
29-06-2026 16:00,69.97,70.08,69.78,69.83,702
29-06-2026 16:30,69.84,70.01,69.67,69.99,642
29-06-2026 17:00,69.99,70.06,69.60,69.95,862
29-06-2026 17:30,69.95,70.12,69.69,70.11,843
29-06-2026 18:00,70.11,70.15,69.82,70.02,801
29-06-2026 18:30,70.02,70.27,69.87,70.24,1456
29-06-2026 19:00,70.24,70.28,69.96,70.06,1193
29-06-2026 19:30,70.06,70.45,69.94,70.41,1469
29-06-2026 20:00,70.41,70.57,70.27,70.46,994
29-06-2026 20:30,70.46,70.52,70.25,70.45,1112
29-06-2026 21:00,70.45,70.68,70.39,70.58,879
29-06-2026 21:30,70.58,70.82,70.54,70.80,595
29-06-2026 22:00,70.80,71.02,70.76,70.79,649
29-06-2026 22:30,70.79,71.12,70.66,70.88,702
29-06-2026 23:00,70.87,70.97,70.81,70.89,683
29-06-2026 23:30,70.89,70.98,70.46,70.80,1006
30-06-2026 00:00,70.80,70.83,70.43,70.45,454
30-06-2026 00:30,70.45,70.53,70.39,70.40,225
30-06-2026 01:00,70.40,70.53,70.35,70.51,277
30-06-2026 01:30,70.51,70.56,70.45,70.46,146
30-06-2026 02:00,70.46,70.58,70.40,70.42,180
30-06-2026 03:30,70.40,70.45,70.22,70.35,136
30-06-2026 04:00,70.35,70.36,70.24,70.25,86
30-06-2026 04:30,70.25,70.30,70.17,70.28,116
30-06-2026 05:00,70.28,70.28,70.12,70.12,125
30-06-2026 05:30,70.12,70.38,70.12,70.33,303
30-06-2026 06:00,70.33,70.33,70.18,70.28,254
30-06-2026 06:30,70.28,70.40,70.10,70.18,801
30-06-2026 07:00,70.18,70.38,70.12,70.32,607
30-06-2026 07:30,70.32,70.46,70.26,70.42,367
30-06-2026 08:00,70.42,70.84,70.33,70.66,641
30-06-2026 08:30,70.66,70.71,70.44,70.46,489
30-06-2026 09:00,70.45,70.58,70.30,70.36,264
30-06-2026 09:30,70.36,70.46,70.26,70.26,205
30-06-2026 10:00,70.26,70.31,70.19,70.20,163
30-06-2026 10:30,70.20,70.21,69.91,70.20,361
30-06-2026 11:00,70.20,70.35,70.06,70.09,611
30-06-2026 11:30,70.09,70.12,69.79,69.81,758
30-06-2026 12:00,69.81,70.19,69.74,70.11,747
30-06-2026 12:30,70.12,70.41,70.08,70.32,698
30-06-2026 13:00,70.32,70.41,70.14,70.25,768
30-06-2026 13:30,70.25,70.75,70.13,70.49,1292
30-06-2026 14:00,70.48,70.86,70.37,70.52,1247
30-06-2026 14:30,70.51,70.76,70.45,70.69,1092
30-06-2026 15:00,70.68,71.03,70.66,71.01,898
30-06-2026 15:30,71.00,71.15,70.65,70.68,748
30-06-2026 16:00,70.68,70.89,70.53,70.67,730
30-06-2026 16:30,70.68,70.79,70.52,70.75,859
30-06-2026 17:00,70.74,71.18,70.70,71.14,816
30-06-2026 17:30,71.15,71.53,71.02,71.21,987
30-06-2026 18:00,71.21,71.21,70.81,70.96,914
30-06-2026 18:30,70.94,71.55,70.83,71.21,1831
30-06-2026 19:00,71.20,71.20,70.69,70.87,1296
30-06-2026 19:30,70.88,70.95,70.54,70.80,1199
30-06-2026 20:00,70.80,70.87,70.33,70.41,1375
30-06-2026 20:30,70.41,70.42,70.00,70.05,1413
30-06-2026 21:00,70.02,70.17,69.71,69.74,1043
30-06-2026 21:30,69.76,70.15,69.74,69.97,791
30-06-2026 22:00,69.98,69.98,69.74,69.78,594
30-06-2026 22:30,69.78,69.88,69.55,69.65,638
30-06-2026 23:00,69.64,69.75,69.55,69.66,605
30-06-2026 23:30,69.66,69.72,69.22,69.50,1001
01-07-2026 00:00,69.52,70.02,69.49,69.96,598
01-07-2026 00:30,69.97,70.06,69.89,70.01,333
01-07-2026 01:00,70.01,70.13,70.01,70.07,354
01-07-2026 01:30,70.07,70.15,70.01,70.05,262
01-07-2026 02:00,70.05,70.09,69.98,70.05,249
01-07-2026 03:30,70.06,70.08,69.87,69.92,127
01-07-2026 04:00,69.92,69.98,69.90,69.97,60
01-07-2026 04:30,69.97,70.05,69.89,70.01,83
01-07-2026 05:00,70.01,70.10,69.94,70.10,126
01-07-2026 05:30,70.09,70.17,69.96,69.98,296
01-07-2026 06:00,69.98,70.10,69.98,70.10,203
01-07-2026 06:30,70.10,70.12,69.82,69.92,740
01-07-2026 07:00,69.91,69.96,69.64,69.76,540
01-07-2026 07:30,69.76,69.83,69.66,69.75,337
01-07-2026 08:00,69.75,69.87,69.71,69.78,423
01-07-2026 08:30,69.78,69.85,69.75,69.75,326
01-07-2026 09:00,69.75,69.86,69.74,69.79,129
01-07-2026 09:30,69.79,69.83,69.72,69.75,118
01-07-2026 10:00,69.75,69.75,69.66,69.71,165
01-07-2026 10:30,69.71,69.85,69.69,69.75,157
01-07-2026 11:00,69.74,69.77,69.56,69.58,446
01-07-2026 11:30,69.58,69.67,69.43,69.51,545
01-07-2026 12:00,69.51,69.62,69.42,69.57,661
01-07-2026 12:30,69.57,69.70,69.31,69.37,661
01-07-2026 13:00,69.37,69.51,69.16,69.34,593
01-07-2026 13:30,69.34,69.42,68.90,68.92,1001
01-07-2026 14:00,68.92,68.99,68.28,68.33,1214
01-07-2026 14:30,68.33,68.54,68.23,68.45,996
01-07-2026 15:00,68.45,68.77,68.43,68.77,847
01-07-2026 15:30,68.78,69.00,68.67,68.74,821
01-07-2026 16:00,68.74,68.93,68.59,68.83,670
01-07-2026 16:30,68.84,69.03,68.70,68.97,723
01-07-2026 17:00,68.96,69.15,68.86,69.12,673
01-07-2026 17:30,69.12,69.17,68.77,68.87,891
01-07-2026 18:00,68.87,68.91,68.64,68.74,906
01-07-2026 18:30,68.75,69.23,68.75,68.86,1411
01-07-2026 19:00,68.85,69.14,68.74,69.06,1256
01-07-2026 19:30,69.06,69.10,68.71,68.78,1198
01-07-2026 20:00,68.78,68.86,68.16,68.17,1554
01-07-2026 20:30,68.17,68.54,68.09,68.10,1398
01-07-2026 21:00,68.09,68.37,68.06,68.14,1107
01-07-2026 21:30,68.14,68.27,68.02,68.19,790
01-07-2026 22:00,68.19,68.46,68.10,68.26,750
01-07-2026 22:30,68.26,68.39,68.13,68.38,548
01-07-2026 23:00,68.38,68.40,68.12,68.28,539
01-07-2026 23:30,68.28,68.71,68.25,68.67,779
02-07-2026 00:00,68.68,68.71,68.27,68.28,445
02-07-2026 00:30,68.28,68.33,68.18,68.25,283
02-07-2026 01:00,68.25,68.25,67.91,68.01,428
02-07-2026 01:30,68.01,68.13,67.94,68.11,246
02-07-2026 02:00,68.11,68.12,68.03,68.06,180
02-07-2026 03:30,68.09,68.14,67.94,67.95,122
02-07-2026 04:00,67.95,68.06,67.95,68.00,88
02-07-2026 04:30,68.00,68.02,67.94,68.02,67
02-07-2026 05:00,68.03,68.03,67.95,67.97,74
02-07-2026 05:30,67.97,68.11,67.77,67.85,382
02-07-2026 06:00,67.86,67.91,67.71,67.88,267
02-07-2026 06:30,67.87,67.90,67.59,67.60,801
02-07-2026 07:00,67.60,67.83,67.58,67.79,410
02-07-2026 07:30,67.79,67.96,67.62,67.82,314
02-07-2026 08:00,67.82,67.88,67.65,67.69,385
02-07-2026 08:30,67.69,67.75,67.55,67.62,354
02-07-2026 09:00,67.62,67.76,67.61,67.71,345
02-07-2026 09:30,67.70,67.83,67.70,67.81,116
02-07-2026 10:00,67.81,67.90,67.79,67.88,127
02-07-2026 10:30,67.88,67.90,67.81,67.85,122
02-07-2026 11:00,67.85,67.89,67.70,67.86,489
02-07-2026 11:30,67.86,67.97,67.66,67.96,679
02-07-2026 12:00,67.96,67.97,67.50,67.54,688
02-07-2026 12:30,67.53,68.04,67.44,67.94,775
02-07-2026 13:00,67.94,68.22,67.87,67.94,772
02-07-2026 13:30,67.92,68.22,67.86,68.15,1145
02-07-2026 14:00,68.14,68.22,67.77,67.84,860
02-07-2026 14:30,67.86,67.87,67.47,67.47,779
02-07-2026 15:00,67.47,67.65,67.37,67.49,692
02-07-2026 15:30,67.49,67.68,67.44,67.62,609
02-07-2026 16:00,67.62,67.68,67.41,67.44,499
02-07-2026 16:30,67.44,67.60,67.23,67.28,674
02-07-2026 17:00,67.28,67.30,67.03,67.17,636
02-07-2026 17:30,67.17,67.31,67.09,67.31,635
02-07-2026 18:00,67.31,67.65,67.24,67.55,1019
02-07-2026 18:30,67.55,67.72,67.45,67.70,1163
02-07-2026 19:00,67.69,68.07,67.62,67.75,1182
02-07-2026 19:30,67.75,67.82,67.51,67.60,1089
02-07-2026 20:00,67.60,67.82,67.56,67.72,997
02-07-2026 20:30,67.72,67.87,67.45,67.69,1294
02-07-2026 21:00,67.68,67.72,67.42,67.71,860
02-07-2026 21:30,67.72,68.20,67.66,68.10,1016
02-07-2026 22:00,68.10,68.26,67.98,68.11,551
02-07-2026 22:30,68.11,68.33,68.08,68.31,519
02-07-2026 23:00,68.31,68.50,68.28,68.46,688
02-07-2026 23:30,68.46,68.79,68.33,68.66,944
03-07-2026 00:00,68.65,68.70,68.42,68.43,401
03-07-2026 00:30,68.43,68.52,68.40,68.44,242
03-07-2026 01:00,68.44,68.53,68.41,68.47,177
03-07-2026 01:30,68.46,68.50,68.42,68.46,139
03-07-2026 02:00,68.46,68.49,68.42,68.43,111
03-07-2026 03:30,68.41,68.53,68.40,68.47,114
03-07-2026 04:00,68.47,68.51,68.44,68.47,59
03-07-2026 04:30,68.47,68.47,68.38,68.45,64
03-07-2026 05:00,68.45,68.47,68.37,68.37,50
03-07-2026 05:30,68.37,68.42,68.32,68.38,210
03-07-2026 06:00,68.38,68.51,68.34,68.42,198
03-07-2026 06:30,68.41,68.58,68.30,68.52,912
03-07-2026 07:00,68.52,68.90,68.51,68.88,771
03-07-2026 07:30,68.88,68.99,68.86,68.93,406
03-07-2026 08:00,68.93,69.12,68.81,68.88,678
03-07-2026 08:30,68.88,69.15,68.87,69.07,469
03-07-2026 09:00,69.07,69.08,68.96,69.00,212
03-07-2026 09:30,69.01,69.03,68.95,69.00,116
03-07-2026 10:00,69.00,69.08,68.95,68.96,167
03-07-2026 10:30,68.96,69.08,68.96,68.98,182
03-07-2026 11:00,68.98,69.22,68.98,69.18,435
03-07-2026 11:30,69.18,69.24,68.89,68.92,519
03-07-2026 12:00,68.92,69.08,68.88,68.93,544
03-07-2026 12:30,68.92,68.98,68.53,68.55,663
03-07-2026 13:00,68.55,68.69,68.40,68.50,603
03-07-2026 13:30,68.50,68.72,68.13,68.24,992
03-07-2026 14:00,68.25,68.77,68.15,68.76,1007
03-07-2026 14:30,68.76,68.83,68.47,68.71,847
03-07-2026 15:00,68.71,68.75,68.52,68.65,608
03-07-2026 15:30,68.65,68.72,68.48,68.55,633
03-07-2026 16:00,68.55,68.67,68.40,68.59,502
03-07-2026 16:30,68.59,68.70,68.40,68.48,583
03-07-2026 17:00,68.48,68.50,68.34,68.38,546
03-07-2026 17:30,68.38,68.40,68.15,68.27,604
03-07-2026 18:00,68.28,68.29,68.07,68.24,503
03-07-2026 18:30,68.24,68.65,68.21,68.62,1076
03-07-2026 19:00,68.61,68.75,68.52,68.74,737
03-07-2026 19:30,68.74,68.92,68.56,68.64,800
03-07-2026 20:00,68.64,68.81,68.56,68.61,707
03-07-2026 20:30,68.61,68.65,68.35,68.52,978
03-07-2026 21:00,68.52,68.77,68.43,68.74,682
03-07-2026 21:30,68.74,68.79,68.60,68.68,443
03-07-2026 22:00,68.68,68.75,68.58,68.74,491
06-07-2026 03:30,68.62,68.63,68.31,68.37,413
06-07-2026 04:00,68.35,68.40,68.29,68.30,120
06-07-2026 04:30,68.30,68.42,68.26,68.27,138
06-07-2026 05:00,68.27,68.31,68.21,68.23,145
06-07-2026 05:30,68.23,68.60,68.20,68.32,321
06-07-2026 06:00,68.32,68.38,68.22,68.22,229
06-07-2026 06:30,68.22,68.70,68.15,68.57,821
06-07-2026 07:00,68.57,68.88,68.39,68.85,659
06-07-2026 07:30,68.85,69.14,68.82,69.07,425
06-07-2026 08:00,69.07,69.10,68.51,68.56,679
06-07-2026 08:30,68.57,68.57,68.36,68.49,551
06-07-2026 09:00,68.49,68.54,68.35,68.41,215
06-07-2026 09:30,68.41,68.61,68.39,68.58,201
06-07-2026 10:00,68.58,68.65,68.53,68.58,193
06-07-2026 10:30,68.58,68.74,68.57,68.70,220
06-07-2026 11:00,68.70,68.87,68.66,68.84,396
06-07-2026 11:30,68.84,69.18,68.82,68.90,615
06-07-2026 12:00,68.90,68.94,68.69,68.74,464
06-07-2026 12:30,68.74,68.74,68.40,68.51,749
06-07-2026 13:00,68.51,68.51,67.81,67.92,956
06-07-2026 13:30,67.91,68.27,67.88,68.07,1173
06-07-2026 14:00,68.07,68.55,68.03,68.18,902
06-07-2026 14:30,68.18,68.54,68.18,68.29,667
06-07-2026 15:00,68.28,68.52,68.09,68.30,699
06-07-2026 15:30,68.30,68.42,68.09,68.28,662
06-07-2026 16:00,68.28,68.66,68.08,68.58,693
06-07-2026 16:30,68.58,68.73,68.52,68.57,645
06-07-2026 17:00,68.57,68.64,68.30,68.63,466
06-07-2026 17:30,68.63,68.73,68.13,68.18,886
06-07-2026 18:00,68.19,68.36,68.17,68.27,701
06-07-2026 18:30,68.27,68.84,68.06,68.83,1226
06-07-2026 19:00,68.82,68.93,68.45,68.69,1038
06-07-2026 19:30,68.69,68.93,68.44,68.89,1008
06-07-2026 20:00,68.89,69.10,68.69,68.74,1113
06-07-2026 20:30,68.74,68.92,68.56,68.86,1059
06-07-2026 21:00,68.86,69.02,68.67,68.72,845
06-07-2026 21:30,68.72,68.79,68.33,68.34,639
06-07-2026 22:00,68.34,68.40,68.22,68.29,585
06-07-2026 22:30,68.29,68.48,68.20,68.40,462
06-07-2026 23:00,68.40,68.57,68.37,68.51,549
06-07-2026 23:30,68.52,68.60,68.43,68.53,583
07-07-2026 00:00,68.55,68.58,68.34,68.52,346
07-07-2026 00:30,68.52,68.72,68.52,68.70,214
07-07-2026 01:00,68.70,68.74,68.64,68.67,208
07-07-2026 01:30,68.67,68.69,68.60,68.65,136
07-07-2026 02:00,68.65,68.73,68.58,68.59,112
07-07-2026 03:30,68.63,68.68,68.62,68.66,67
07-07-2026 04:00,68.66,68.74,68.65,68.74,54
07-07-2026 04:30,68.74,68.89,68.64,68.78,120
07-07-2026 05:00,68.78,68.81,68.73,68.73,78
07-07-2026 05:30,68.73,68.89,68.69,68.75,264
07-07-2026 06:00,68.75,68.87,68.69,68.86,221
07-07-2026 06:30,68.85,68.93,68.61,68.74,506
07-07-2026 07:00,68.74,69.07,68.72,69.05,426
07-07-2026 07:30,69.04,69.25,68.98,69.20,358
07-07-2026 08:00,69.20,69.29,68.95,68.97,380
07-07-2026 08:30,68.97,69.20,68.95,69.04,314
07-07-2026 09:00,69.04,69.05,68.83,68.92,267
07-07-2026 09:30,68.92,68.99,68.90,68.98,199
07-07-2026 10:00,68.98,69.01,68.94,68.95,136
07-07-2026 10:30,68.95,69.21,68.94,69.18,260
07-07-2026 11:00,69.18,69.40,69.11,69.34,457
07-07-2026 11:30,69.34,69.42,69.18,69.23,533
07-07-2026 12:00,69.23,69.45,69.18,69.43,521
07-07-2026 12:30,69.43,69.52,69.29,69.46,765
07-07-2026 13:00,69.46,69.61,69.29,69.32,775
07-07-2026 13:30,69.33,69.42,69.04,69.04,1022
07-07-2026 14:00,69.03,69.53,68.95,69.34,1001
07-07-2026 14:30,69.34,69.72,69.17,69.28,930
07-07-2026 15:00,69.28,69.40,69.04,69.26,761
07-07-2026 15:30,69.26,69.26,69.07,69.15,658
07-07-2026 16:00,69.18,69.39,69.04,69.37,643
07-07-2026 16:30,69.37,69.45,69.06,69.07,673
07-07-2026 17:00,69.07,69.21,68.92,69.01,670
07-07-2026 17:30,69.01,69.09,68.87,69.01,681
07-07-2026 18:00,69.01,69.31,68.91,69.12,729
07-07-2026 18:30,69.12,69.80,69.10,69.58,1410
07-07-2026 19:00,69.58,70.05,69.47,70.02,1570
07-07-2026 19:30,70.02,70.50,69.77,70.22,1664
07-07-2026 20:00,70.22,70.39,69.96,70.22,1079
07-07-2026 20:30,70.22,70.46,70.14,70.19,1156
07-07-2026 21:00,70.17,70.54,70.07,70.33,879
07-07-2026 21:30,70.32,70.54,70.29,70.49,706
07-07-2026 22:00,70.48,70.50,70.31,70.42,464
07-07-2026 22:30,70.42,70.64,70.33,70.57,612
07-07-2026 23:00,70.57,70.68,70.33,70.41,479
07-07-2026 23:30,70.41,70.57,70.35,70.46,760
08-07-2026 00:00,70.47,71.44,70.32,71.44,1295
08-07-2026 00:30,71.43,72.49,71.41,72.20,1999
08-07-2026 01:00,72.20,72.30,71.74,71.87,1153
08-07-2026 01:30,71.88,72.09,71.86,72.05,483
08-07-2026 02:00,72.05,72.29,72.05,72.17,426
08-07-2026 03:30,72.44,72.44,72.10,72.39,457
08-07-2026 04:00,72.39,72.47,72.33,72.44,219
08-07-2026 04:30,72.44,72.46,72.26,72.42,204
08-07-2026 05:00,72.42,72.48,72.24,72.40,247
08-07-2026 05:30,72.40,72.69,72.34,72.53,534
08-07-2026 06:00,72.53,72.53,71.95,71.97,637
08-07-2026 06:30,71.97,72.11,71.73,71.80,1319
08-07-2026 07:00,71.79,72.15,71.76,72.12,1001
08-07-2026 07:30,72.12,72.51,71.99,72.42,658
08-07-2026 08:00,72.42,72.45,72.08,72.23,753
08-07-2026 08:30,72.23,72.38,72.20,72.21,592
08-07-2026 09:00,72.21,72.31,72.15,72.25,369
08-07-2026 09:30,72.25,72.37,72.23,72.24,291
08-07-2026 10:00,72.24,72.35,72.19,72.34,328
08-07-2026 10:30,72.35,72.88,72.34,72.72,541
08-07-2026 11:00,72.72,72.80,72.31,72.75,1015
08-07-2026 11:30,72.75,72.91,72.58,72.64,1206
08-07-2026 12:00,72.64,72.82,72.53,72.55,998
08-07-2026 12:30,72.55,72.83,71.99,72.01,1354
08-07-2026 13:00,72.01,72.08,71.80,72.07,1087
08-07-2026 13:30,72.06,74.24,71.91,74.03,2960
08-07-2026 14:00,74.04,74.90,73.94,74.84,2861
08-07-2026 14:30,74.84,75.28,74.75,74.84,2025
08-07-2026 15:00,74.84,75.04,74.43,74.88,1801
08-07-2026 15:30,74.88,74.95,74.18,74.19,1616
08-07-2026 16:00,74.20,74.22,73.80,74.12,1679
08-07-2026 16:30,74.13,74.41,73.94,74.28,1156
08-07-2026 17:00,74.28,74.56,73.49,74.06,1940
08-07-2026 17:30,74.06,74.32,73.40,73.44,1794
08-07-2026 18:00,73.44,73.87,73.13,73.82,1982
08-07-2026 18:30,73.82,74.27,73.61,74.23,2539
08-07-2026 19:00,74.21,74.29,73.30,73.74,2112
08-07-2026 19:30,73.74,75.47,73.73,75.47,2237
08-07-2026 20:00,75.49,75.77,75.09,75.29,2738
08-07-2026 20:30,75.29,75.82,75.23,75.26,2522
08-07-2026 21:00,75.27,76.06,75.24,75.83,1746
08-07-2026 21:30,75.81,75.96,74.90,75.04,1991
08-07-2026 22:00,75.05,75.26,74.37,74.55,2460
08-07-2026 22:30,74.58,74.61,73.80,73.84,1663
08-07-2026 23:00,73.82,73.96,73.53,73.76,1599
08-07-2026 23:30,73.75,73.78,73.42,73.52,1585
09-07-2026 00:00,73.52,73.82,73.33,73.59,1060
09-07-2026 00:30,73.59,73.71,73.48,73.61,588
09-07-2026 01:00,73.60,74.29,73.57,74.04,1058
09-07-2026 01:30,74.05,74.76,74.04,74.59,1014
09-07-2026 02:00,74.59,75.03,74.56,74.59,932
09-07-2026 03:30,74.66,74.74,74.50,74.65,240
09-07-2026 04:00,74.65,74.65,74.65,74.65,1
09-07-2026 04:30,74.65,74.65,74.65,74.65,1
09-07-2026 06:00,74.13,74.36,73.99,74.00,406
09-07-2026 06:30,73.98,74.57,73.86,74.37,1238
09-07-2026 07:00,74.37,74.38,74.08,74.11,688
09-07-2026 07:30,74.09,74.30,73.96,74.23,579
09-07-2026 08:00,74.23,74.65,74.23,74.50,858
09-07-2026 08:30,74.50,74.58,74.24,74.39,648
09-07-2026 09:00,74.39,74.40,74.15,74.25,336
09-07-2026 09:30,74.25,74.40,74.24,74.38,176
09-07-2026 10:00,74.37,74.38,74.23,74.33,205
09-07-2026 10:30,74.33,74.53,74.00,74.29,605
09-07-2026 11:00,74.29,74.29,72.99,73.05,1591
09-07-2026 11:30,73.05,73.51,73.01,73.32,1295
09-07-2026 12:00,73.33,73.37,73.17,73.30,940
09-07-2026 12:30,73.30,73.71,73.13,73.19,1062
09-07-2026 13:00,73.19,73.23,72.53,72.75,1491
09-07-2026 13:30,72.74,72.89,72.39,72.48,1488
09-07-2026 14:00,72.48,73.03,72.36,73.02,1138
09-07-2026 14:30,73.03,73.21,72.95,73.18,957
09-07-2026 15:00,73.18,73.65,73.08,73.49,1118
09-07-2026 15:30,73.49,73.81,73.40,73.78,944
09-07-2026 16:00,73.79,74.60,73.59,74.24,1321
09-07-2026 16:30,74.24,74.28,73.87,74.05,1287
09-07-2026 17:00,74.05,74.21,73.83,73.94,1033
09-07-2026 17:30,73.94,74.09,73.61,73.82,1149
09-07-2026 18:00,73.82,74.10,73.65,73.90,1166
09-07-2026 18:30,73.90,73.98,72.92,73.16,1906
09-07-2026 19:00,73.17,73.23,72.61,72.64,1757
09-07-2026 19:30,72.63,72.90,72.45,72.68,1462
09-07-2026 20:00,72.68,73.05,72.20,72.30,1650
09-07-2026 20:30,72.29,72.51,72.06,72.16,1533
09-07-2026 21:00,72.16,72.42,71.81,72.12,1387
09-07-2026 21:30,72.12,72.26,71.89,71.97,1078
09-07-2026 22:00,71.97,72.11,71.64,71.92,1073
09-07-2026 22:30,71.92,72.10,71.77,71.79,727
09-07-2026 23:00,71.79,71.87,71.41,71.51,906
09-07-2026 23:30,71.50,72.17,71.42,72.08,1316
10-07-2026 00:00,72.08,72.12,71.55,71.59,876
10-07-2026 00:30,71.59,71.67,71.43,71.67,479
10-07-2026 01:00,71.68,71.87,71.66,71.87,380
10-07-2026 01:30,71.87,71.91,71.61,71.80,309
10-07-2026 02:00,71.80,71.89,71.72,71.80,295
10-07-2026 03:30,71.72,71.82,71.30,71.73,323
10-07-2026 04:00,71.73,71.84,71.72,71.80,122
10-07-2026 04:30,71.80,71.87,71.72,71.84,130
10-07-2026 05:00,71.84,71.93,71.79,71.90,102
10-07-2026 05:30,71.90,71.96,71.75,71.82,398
10-07-2026 06:00,71.82,72.00,71.82,71.96,294
10-07-2026 06:30,71.95,72.16,71.75,72.08,919
10-07-2026 07:00,72.09,72.17,72.00,72.13,662
10-07-2026 07:30,72.13,72.27,72.07,72.27,436
10-07-2026 08:00,72.27,72.39,72.18,72.34,495
10-07-2026 08:30,72.34,72.37,72.16,72.27,368
10-07-2026 09:00,72.27,72.39,72.20,72.39,226
10-07-2026 09:30,72.38,72.54,72.34,72.44,238
10-07-2026 10:00,72.44,72.44,72.16,72.27,295
10-07-2026 10:30,72.28,72.40,72.26,72.28,262
10-07-2026 11:00,72.28,72.38,71.96,72.14,594
10-07-2026 11:30,72.16,72.17,71.73,71.86,758
10-07-2026 12:00,71.86,72.25,71.86,72.03,724
10-07-2026 12:30,72.01,72.07,71.45,71.57,1028
10-07-2026 13:00,71.57,71.65,71.29,71.55,1009
10-07-2026 13:30,71.53,71.64,71.16,71.63,1599
10-07-2026 14:00,71.62,72.16,71.62,71.87,1266
10-07-2026 14:30,71.87,72.04,71.50,71.62,1051
10-07-2026 15:00,71.62,71.93,71.52,71.84,891
10-07-2026 15:30,71.84,72.04,71.78,71.96,758
10-07-2026 16:00,71.96,72.28,71.89,72.23,691
10-07-2026 16:30,72.23,72.50,72.13,72.47,921
10-07-2026 17:00,72.47,72.82,72.43,72.71,886
10-07-2026 17:30,72.71,72.83,71.46,72.03,1623
10-07-2026 18:00,72.03,72.32,71.91,71.93,1145
10-07-2026 18:30,71.95,72.36,71.86,72.09,1333
10-07-2026 19:00,72.09,72.15,71.50,71.57,1542
10-07-2026 19:30,71.57,71.84,71.51,71.71,1164
10-07-2026 20:00,71.71,73.10,71.33,71.92,2768
10-07-2026 20:30,71.92,71.92,71.14,71.31,1850
10-07-2026 21:00,71.31,71.40,70.76,70.99,1474
10-07-2026 21:30,70.98,71.46,70.98,71.23,1120
10-07-2026 22:00,71.23,71.29,71.00,71.07,763
10-07-2026 22:30,71.07,71.38,71.03,71.24,842
10-07-2026 23:00,71.24,71.38,71.11,71.27,840
10-07-2026 23:30,71.27,71.49,71.07,71.39,1168
11-07-2026 00:00,71.39,71.59,71.35,71.57,507
11-07-2026 00:30,71.58,71.68,71.48,71.60,249
11-07-2026 01:00,71.60,71.67,71.43,71.55,340
11-07-2026 01:30,71.55,71.58,71.48,71.55,224
11-07-2026 02:00,71.55,71.64,71.44,71.48,248
13-07-2026 03:30,73.59,74.17,73.17,73.65,1304
13-07-2026 04:00,73.65,73.74,73.55,73.67,362
13-07-2026 04:30,73.67,73.73,73.60,73.72,213
13-07-2026 05:00,73.72,73.85,73.65,73.76,275
13-07-2026 05:30,73.76,74.14,73.70,73.90,417
13-07-2026 06:00,73.90,74.46,73.88,74.25,696
13-07-2026 06:30,74.24,74.54,74.16,74.29,1678
13-07-2026 07:00,74.29,74.62,74.29,74.37,1018
13-07-2026 07:30,74.37,74.57,74.28,74.46,827
13-07-2026 08:00,74.46,74.49,74.09,74.23,1067
13-07-2026 08:30,74.23,74.43,74.21,74.29,535
13-07-2026 09:00,74.29,74.36,74.11,74.27,477
13-07-2026 09:30,74.27,74.38,74.26,74.32,263
13-07-2026 10:00,74.32,74.54,74.30,74.51,238
13-07-2026 10:30,74.51,74.68,74.46,74.68,360
13-07-2026 11:00,74.68,75.06,74.60,74.68,1038
13-07-2026 11:30,74.68,74.70,74.24,74.30,934
13-07-2026 12:00,74.30,74.34,73.98,74.04,1022
13-07-2026 12:30,74.04,74.20,73.91,74.08,879
13-07-2026 13:00,74.08,74.21,73.66,74.02,1007
13-07-2026 13:30,73.98,74.03,73.08,73.19,1744
13-07-2026 14:00,73.21,73.50,72.74,73.04,1265
13-07-2026 14:30,73.06,73.14,72.63,72.84,1138
13-07-2026 15:00,72.83,73.17,72.60,73.11,1173
13-07-2026 15:30,73.10,73.70,73.10,73.68,1190
13-07-2026 16:00,73.69,73.92,73.62,73.79,958
13-07-2026 16:30,73.79,74.03,73.57,73.77,1239
13-07-2026 17:00,73.78,73.93,73.66,73.80,928
13-07-2026 17:30,73.79,74.12,73.62,74.09,1197
13-07-2026 18:00,74.09,74.45,73.76,73.78,1309
13-07-2026 18:30,73.76,74.01,73.42,73.63,1510
13-07-2026 19:00,73.63,74.08,73.59,73.72,1424
13-07-2026 19:30,73.72,75.19,73.50,74.77,2630
13-07-2026 20:00,74.77,74.80,74.14,74.48,1852
13-07-2026 20:30,74.48,74.96,74.40,74.50,1595
13-07-2026 21:00,74.50,74.85,74.45,74.83,1239
13-07-2026 21:30,74.83,75.16,74.76,75.10,1026
13-07-2026 22:00,75.10,75.94,74.97,75.72,1540
13-07-2026 22:30,75.73,76.02,75.38,75.98,1350
13-07-2026 23:00,75.98,77.62,75.93,77.59,2010
13-07-2026 23:30,77.58,78.43,77.36,78.13,2822
14-07-2026 00:00,78.12,78.37,77.47,77.62,1778
14-07-2026 00:30,77.62,77.80,77.46,77.74,978
14-07-2026 01:00,77.74,77.96,77.60,77.64,975
14-07-2026 01:30,77.64,78.55,77.62,78.13,1188
14-07-2026 02:00,78.13,78.33,77.91,77.91,818
14-07-2026 03:30,77.89,78.20,77.89,78.11,365
14-07-2026 04:00,78.11,79.07,78.10,79.03,486
14-07-2026 04:30,79.03,79.12,78.58,78.94,593
14-07-2026 05:00,78.94,79.56,78.94,78.95,691
14-07-2026 05:30,78.95,80.40,78.57,80.11,2390
14-07-2026 06:00,80.12,80.19,79.70,79.83,1563
14-07-2026 06:30,79.83,79.92,79.07,79.46,2737
14-07-2026 07:00,79.46,79.58,79.17,79.52,1569
14-07-2026 07:30,79.52,79.56,79.09,79.18,1276
14-07-2026 08:00,79.18,79.59,78.90,79.50,1492
14-07-2026 08:30,79.50,80.03,79.46,79.79,1192
14-07-2026 09:00,79.79,80.04,79.41,79.60,1065
14-07-2026 09:30,79.60,79.79,79.42,79.60,695
14-07-2026 10:00,79.61,79.89,79.55,79.76,551
14-07-2026 10:30,79.77,79.88,79.63,79.68,598
14-07-2026 11:00,79.67,79.67,78.82,79.34,1955
14-07-2026 11:30,79.34,80.30,79.30,80.20,1486
14-07-2026 12:00,80.19,80.56,79.96,80.42,1748
14-07-2026 12:30,80.40,80.62,79.95,80.41,2071
14-07-2026 13:00,80.41,80.91,80.07,80.36,2225
14-07-2026 13:30,80.33,81.10,79.95,80.35,2834
14-07-2026 14:00,80.37,81.03,80.29,81.01,2253
14-07-2026 14:30,81.01,81.22,80.04,80.66,2347
14-07-2026 15:00,80.66,80.67,80.14,80.56,1741
14-07-2026 15:30,80.55,81.05,80.49,80.86,1451
14-07-2026 16:00,80.86,81.26,80.29,80.89,1791
14-07-2026 16:30,80.90,81.03,79.92,79.96,1868
14-07-2026 17:00,79.96,79.96,79.46,79.51,1983
14-07-2026 17:30,79.48,80.14,79.48,80.04,1743
14-07-2026 18:00,80.04,80.87,79.69,80.68,2415
14-07-2026 18:30,80.68,80.94,79.82,80.03,2695
14-07-2026 19:00,80.02,80.50,79.57,79.91,2941
14-07-2026 19:30,79.93,79.98,79.31,79.40,2676
14-07-2026 20:00,79.39,79.49,78.13,78.83,2974
14-07-2026 20:30,78.84,79.02,77.83,78.53,3471
14-07-2026 21:00,78.55,79.77,78.55,79.47,2486
14-07-2026 21:30,79.45,79.62,78.78,79.34,1979
14-07-2026 22:00,79.34,79.37,78.95,79.19,1333
14-07-2026 22:30,79.19,79.30,78.79,79.05,1556
14-07-2026 23:00,79.07,79.15,78.49,78.71,1556
14-07-2026 23:30,78.72,79.38,78.71,79.38,1704
15-07-2026 00:00,79.39,79.80,79.31,79.62,1206
15-07-2026 00:30,79.63,79.79,79.48,79.57,878
15-07-2026 01:00,79.57,79.94,79.56,79.67,876
15-07-2026 01:30,79.66,79.99,79.66,79.92,556
15-07-2026 02:00,79.92,80.26,79.78,79.86,685
15-07-2026 03:30,79.77,80.22,79.77,79.85,499
15-07-2026 04:00,79.84,79.98,79.81,79.89,191
15-07-2026 04:30,79.89,79.95,79.67,79.74,144
15-07-2026 05:00,79.74,79.91,79.73,79.83,172
15-07-2026 05:30,79.83,80.30,79.60,80.24,711
15-07-2026 06:00,80.24,80.57,80.18,80.19,659
15-07-2026 06:30,80.19,80.19,79.76,80.05,1510
15-07-2026 07:00,80.05,80.23,79.88,80.20,931
15-07-2026 07:30,80.20,80.36,80.02,80.18,566
15-07-2026 08:00,80.18,80.42,80.13,80.27,668
15-07-2026 08:30,80.27,80.29,80.06,80.07,644
15-07-2026 09:00,80.07,80.22,79.81,79.92,537
15-07-2026 09:30,79.92,80.06,79.74,79.84,480
15-07-2026 10:00,79.83,79.88,79.64,79.77,380
15-07-2026 10:30,79.77,79.97,79.71,79.85,595
15-07-2026 11:00,79.85,79.89,79.46,79.69,1254
15-07-2026 11:30,79.69,79.85,79.48,79.69,1023
15-07-2026 12:00,79.70,80.02,79.56,79.96,1053
15-07-2026 12:30,79.99,80.48,79.99,80.32,1242
15-07-2026 13:00,80.32,80.61,80.13,80.53,1310
15-07-2026 13:30,80.51,80.92,79.84,79.84,2068
15-07-2026 14:00,79.85,80.01,79.33,79.38,1939
15-07-2026 14:30,79.38,79.96,79.28,79.92,1426
15-07-2026 15:00,79.92,80.15,79.70,80.11,1121
15-07-2026 15:30,80.11,80.32,79.93,80.26,1138
15-07-2026 16:00,80.26,80.29,79.83,79.85,1047
15-07-2026 16:30,79.85,80.07,79.72,79.72,1070
15-07-2026 17:00,79.72,79.89,79.35,79.54,1200
15-07-2026 17:30,79.54,79.91,79.52,79.82,1103
15-07-2026 18:00,79.82,79.88,79.59,79.75,1154
15-07-2026 18:30,79.75,80.43,79.58,80.36,1729
15-07-2026 19:00,80.37,80.37,79.38,79.77,2049
15-07-2026 19:30,79.77,79.84,79.22,79.43,1962
15-07-2026 20:00,79.43,79.43,78.54,78.62,2488
15-07-2026 20:30,78.61,78.95,78.32,78.38,2194
15-07-2026 21:00,78.38,78.87,78.19,78.86,2024
15-07-2026 21:30,78.86,79.37,78.84,79.19,1470
15-07-2026 22:00,79.20,79.71,78.83,79.47,1298
15-07-2026 22:30,79.47,79.47,78.96,78.97,1207
15-07-2026 23:00,78.97,79.15,78.78,78.96,1437
15-07-2026 23:30,78.95,79.66,78.81,79.65,1256
16-07-2026 00:00,79.63,79.88,79.60,79.73,931
16-07-2026 00:30,79.73,79.90,79.55,79.87,672
16-07-2026 01:00,79.87,80.66,79.82,80.29,1235
16-07-2026 01:30,80.30,80.46,80.16,80.29,509
16-07-2026 02:00,80.29,80.44,80.17,80.22,373
16-07-2026 03:30,79.97,80.36,79.96,80.34,268
16-07-2026 04:00,80.34,80.55,80.22,80.28,292
16-07-2026 04:30,80.28,80.34,80.15,80.17,170
16-07-2026 05:00,80.17,80.25,80.05,80.15,160
16-07-2026 05:30,80.14,80.15,79.86,79.97,469
16-07-2026 06:00,79.96,80.20,79.94,80.11,320
16-07-2026 06:30,80.11,80.35,80.00,80.12,992
16-07-2026 07:00,80.12,80.28,79.93,80.04,694
16-07-2026 07:30,80.04,80.26,80.03,80.21,431
16-07-2026 08:00,80.21,80.24,79.98,80.01,677
16-07-2026 08:30,80.01,80.07,79.64,79.69,717
16-07-2026 09:00,79.69,79.73,79.26,79.53,570
16-07-2026 09:30,79.53,79.60,79.44,79.49,374
16-07-2026 10:00,79.49,79.50,79.24,79.36,336
16-07-2026 10:30,79.36,79.39,79.22,79.28,378
16-07-2026 11:00,79.27,79.48,79.13,79.39,952
16-07-2026 11:30,79.39,79.67,79.28,79.56,1013
16-07-2026 12:00,79.56,79.67,79.24,79.40,1022
16-07-2026 12:30,79.40,79.73,79.20,79.67,1139
16-07-2026 13:00,79.67,79.76,79.45,79.53,1041
16-07-2026 13:30,79.53,79.62,79.25,79.40,1520
16-07-2026 14:00,79.40,79.66,79.26,79.30,1073
16-07-2026 14:30,79.30,79.38,78.89,79.07,1303
16-07-2026 15:00,79.07,79.63,79.02,79.53,1037
16-07-2026 15:30,79.54,79.59,79.38,79.56,785
16-07-2026 16:00,79.56,79.67,79.43,79.61,613
16-07-2026 16:30,79.61,79.61,79.31,79.36,878
16-07-2026 17:00,79.36,80.30,79.33,79.66,1548
16-07-2026 17:30,79.66,80.71,79.60,80.43,1475
16-07-2026 18:00,80.43,80.68,80.27,80.47,1656
16-07-2026 18:30,80.48,80.85,80.11,80.14,1823
16-07-2026 19:00,80.14,80.34,79.86,80.06,1804
16-07-2026 19:30,80.06,80.29,79.68,80.02,1533
16-07-2026 20:00,80.02,80.05,79.44,79.57,1644
16-07-2026 20:30,79.56,79.75,79.29,79.51,1703
16-07-2026 21:00,79.50,79.65,79.16,79.33,1385
16-07-2026 21:30,79.33,80.05,79.29,79.42,1859
16-07-2026 22:00,79.43,79.43,78.82,78.96,1497
16-07-2026 22:30,78.96,79.23,78.78,78.93,1086
16-07-2026 23:00,78.93,79.10,78.69,78.76,1279
16-07-2026 23:30,78.75,79.06,78.57,78.95,1277
17-07-2026 00:00,78.95,79.06,78.74,78.99,580
17-07-2026 00:30,79.00,79.08,78.93,78.97,337
17-07-2026 01:00,78.97,79.16,78.97,79.04,371
17-07-2026 01:30,79.05,79.14,78.85,79.09,358
17-07-2026 02:00,79.09,79.66,79.09,79.55,470
17-07-2026 03:30,79.52,79.68,79.46,79.57,223
17-07-2026 04:00,79.57,79.66,79.53,79.57,137
17-07-2026 04:30,79.57,79.66,79.54,79.64,98
17-07-2026 05:00,79.65,79.68,79.58,79.65,108
17-07-2026 05:30,79.65,79.65,79.40,79.61,385
17-07-2026 06:00,79.61,79.77,79.44,79.74,304
17-07-2026 06:30,79.74,80.16,79.62,80.15,702
17-07-2026 07:00,80.15,80.20,79.74,79.86,568
17-07-2026 07:30,79.86,79.93,79.73,79.74,387
17-07-2026 08:00,79.74,79.74,79.41,79.68,738
17-07-2026 08:30,79.67,79.78,79.54,79.73,446
17-07-2026 09:00,79.73,79.85,79.60,79.83,225
17-07-2026 09:30,79.83,79.94,79.74,79.92,259
17-07-2026 10:00,79.92,79.94,79.76,79.85,162
17-07-2026 10:30,79.85,79.86,79.59,79.64,229
17-07-2026 11:00,79.64,79.77,78.82,79.08,1633
17-07-2026 11:30,79.08,79.17,78.59,79.14,1350
17-07-2026 12:00,79.14,79.59,79.06,79.33,1028
17-07-2026 12:30,79.33,79.82,79.33,79.70,988
17-07-2026 13:00,79.70,79.76,79.44,79.47,915
17-07-2026 13:30,79.47,79.82,79.22,79.81,1435
17-07-2026 14:00,79.77,80.04,79.50,80.02,1039
17-07-2026 14:30,80.03,80.54,79.99,80.48,1227
17-07-2026 15:00,80.49,80.64,80.37,80.49,1007
17-07-2026 15:30,80.48,80.82,80.28,80.59,889
17-07-2026 16:00,80.59,80.79,80.49,80.73,697
17-07-2026 16:30,80.73,81.05,80.67,80.79,745
17-07-2026 17:00,80.79,80.91,80.59,80.86,765
17-07-2026 17:30,80.86,80.97,80.71,80.89,742
17-07-2026 18:00,80.90,81.08,80.67,80.89,906
17-07-2026 18:30,80.88,81.65,80.85,81.61,1607
17-07-2026 19:00,81.62,81.91,81.26,81.85,1421
17-07-2026 19:30,81.85,81.96,81.51,81.58,1209
17-07-2026 20:00,81.58,81.58,80.87,80.89,1167
17-07-2026 20:30,80.89,81.26,80.48,81.11,1782
17-07-2026 21:00,81.13,81.57,81.02,81.39,1310
17-07-2026 21:30,81.39,82.24,81.34,82.12,1586
17-07-2026 22:00,82.11,82.27,81.92,82.18,852
17-07-2026 22:30,82.19,82.43,81.99,82.35,802
17-07-2026 23:00,82.35,82.57,82.21,82.45,1008
17-07-2026 23:30,82.44,82.75,82.29,82.37,1382
18-07-2026 00:00,82.35,82.39,82.06,82.10,777
18-07-2026 00:30,82.10,82.17,82.01,82.07,585
18-07-2026 01:00,82.07,82.16,81.79,82.12,795
18-07-2026 01:30,82.12,82.47,82.03,82.45,401
18-07-2026 02:00,82.45,82.56,82.32,82.51,548
20-07-2026 03:30,82.89,84.56,82.87,84.56,1611
20-07-2026 04:00,84.57,84.58,84.00,84.02,693
20-07-2026 04:30,84.03,84.15,83.77,83.93,536
20-07-2026 05:00,83.94,83.99,83.70,83.83,407
20-07-2026 05:30,83.83,83.87,83.51,83.69,821
20-07-2026 06:00,83.70,83.76,83.52,83.55,562
20-07-2026 06:30,83.54,83.67,83.35,83.57,1847
20-07-2026 07:00,83.57,83.84,83.49,83.67,1095
20-07-2026 07:30,83.67,83.83,83.41,83.59,751
20-07-2026 08:00,83.58,83.67,83.30,83.33,1212
20-07-2026 08:30,83.34,83.61,83.31,83.51,690
20-07-2026 09:00,83.51,83.63,83.49,83.62,277
20-07-2026 09:30,83.62,83.76,83.58,83.67,213
20-07-2026 10:00,83.67,83.68,83.45,83.53,363
20-07-2026 10:30,83.53,83.69,83.42,83.67,382
20-07-2026 11:00,83.67,83.84,83.46,83.79,905
20-07-2026 11:30,83.79,84.17,83.71,83.78,1174
20-07-2026 12:00,83.78,84.08,83.65,83.87,1200
20-07-2026 12:30,83.87,84.14,83.11,83.18,1555
20-07-2026 13:00,83.17,83.22,82.10,82.20,2322
20-07-2026 13:30,82.21,82.21,81.38,81.61,2136
20-07-2026 14:00,81.59,81.67,81.24,81.55,1779
20-07-2026 14:30,81.55,81.69,81.10,81.32,1357
20-07-2026 15:00,81.32,81.32,80.96,81.16,1294
20-07-2026 15:30,81.18,81.48,81.13,81.44,1000
20-07-2026 16:00,81.44,81.81,81.42,81.63,892
20-07-2026 16:30,81.60,81.71,81.40,81.58,922
20-07-2026 17:00,81.58,81.59,79.58,80.25,3053
20-07-2026 17:30,80.24,81.95,80.23,81.81,2422
20-07-2026 18:00,81.81,82.11,81.57,81.85,1814
20-07-2026 18:30,81.86,81.96,81.14,81.32,2218
20-07-2026 19:00,81.30,81.75,81.08,81.69,1977
20-07-2026 19:30,81.69,82.00,81.46,81.50,1722
20-07-2026 20:00,81.50,82.05,81.27,81.96,1742
20-07-2026 20:30,81.96,82.07,81.10,81.38,2335
20-07-2026 21:00,81.39,81.62,81.25,81.55,1418
20-07-2026 21:30,81.55,81.60,81.17,81.59,1040
20-07-2026 22:00,81.59,82.39,81.55,81.88,1757
20-07-2026 22:30,81.88,81.96,81.65,81.74,1124
20-07-2026 23:00,81.75,82.27,81.74,82.15,1330
20-07-2026 23:30,82.15,82.59,81.82,82.56,1709
21-07-2026 00:00,82.56,83.13,82.54,82.84,1048
21-07-2026 00:30,82.84,82.97,82.37,82.50,715
21-07-2026 01:00,82.51,82.57,82.16,82.41,1197
21-07-2026 01:30,82.41,82.51,82.35,82.46,584
21-07-2026 02:00,82.46,82.53,82.39,82.40,423
21-07-2026 03:30,82.52,82.68,82.44,82.56,261
21-07-2026 04:00,82.56,82.66,82.49,82.62,195
21-07-2026 04:30,82.62,82.71,82.50,82.50,209
21-07-2026 05:00,82.50,82.59,82.42,82.46,137
21-07-2026 05:30,82.44,82.53,82.30,82.52,413
21-07-2026 06:00,82.51,82.53,82.37,82.48,252
21-07-2026 06:30,82.48,82.52,81.93,82.14,1176
21-07-2026 07:00,82.14,82.45,82.09,82.40,722
21-07-2026 07:30,82.40,82.41,82.20,82.34,390
21-07-2026 08:00,82.34,82.52,82.11,82.13,627
21-07-2026 08:30,82.13,82.38,82.09,82.27,527
21-07-2026 09:00,82.26,82.30,82.12,82.16,353
21-07-2026 09:30,82.16,82.17,81.90,82.13,314
21-07-2026 10:00,82.13,82.23,82.06,82.11,196
21-07-2026 10:30,82.11,82.39,82.08,82.30,326
21-07-2026 11:00,82.30,82.32,81.80,82.03,888
21-07-2026 11:30,82.06,82.23,81.92,81.92,1006
21-07-2026 12:00,81.91,82.30,81.89,82.30,979
21-07-2026 12:30,82.29,82.87,82.23,82.87,1030
21-07-2026 13:00,82.87,83.02,81.88,81.89,1509
21-07-2026 13:30,81.90,82.04,81.38,81.93,1756
21-07-2026 14:00,81.95,82.43,81.87,82.22,1305
21-07-2026 14:30,82.22,82.92,81.93,82.90,1158
21-07-2026 15:00,82.92,83.35,82.61,83.24,1395
21-07-2026 15:30,83.25,83.25,82.27,82.85,1845
21-07-2026 16:00,82.85,83.35,82.66,83.24,1514
21-07-2026 16:30,83.24,83.70,83.19,83.62,1181
21-07-2026 17:00,83.62,83.98,83.46,83.83,1125
21-07-2026 17:30,83.83,84.13,83.32,84.09,1525
21-07-2026 18:00,84.10,84.40,83.92,84.11,1659
21-07-2026 18:30,84.12,84.64,84.06,84.59,1846
21-07-2026 19:00,84.59,84.92,84.27,84.37,1848
21-07-2026 19:30,84.36,84.66,84.18,84.60,1664
21-07-2026 20:00,84.61,85.00,84.06,84.69,1741
21-07-2026 20:30,84.72,84.83,83.74,84.54,2118
21-07-2026 21:00,84.58,84.77,84.33,84.49,1603
21-07-2026 21:30,84.49,84.53,84.08,84.31,1260
21-07-2026 22:00,84.32,84.54,84.17,84.37,893
21-07-2026 22:30,84.37,84.48,84.02,84.18,842
21-07-2026 23:00,84.18,84.48,84.17,84.34,759
21-07-2026 23:30,84.34,84.38,83.95,84.36,1489
22-07-2026 00:00,84.36,84.55,84.10,84.50,803
22-07-2026 00:30,84.50,84.67,84.43,84.62,562
22-07-2026 01:00,84.62,84.74,84.51,84.64,509
22-07-2026 01:30,84.63,84.72,84.46,84.49,390
22-07-2026 02:00,84.48,84.54,84.30,84.52,439
22-07-2026 03:30,84.60,84.66,84.57,84.63,144
22-07-2026 04:00,84.63,84.78,84.63,84.69,147
22-07-2026 04:30,84.69,84.70,84.60,84.67,88
22-07-2026 05:00,84.67,84.89,84.64,84.77,185
22-07-2026 05:30,84.75,84.75,84.53,84.70,399
22-07-2026 06:00,84.70,84.80,84.45,84.63,403
22-07-2026 06:30,84.63,85.72,84.56,85.46,1551
22-07-2026 07:00,85.46,85.72,85.42,85.58,1116
22-07-2026 07:30,85.58,85.63,85.15,85.27,829
22-07-2026 08:00,85.26,85.27,84.90,85.04,1008
22-07-2026 08:30,85.04,85.29,85.02,85.15,696
22-07-2026 09:00,85.15,85.33,85.12,85.33,295
22-07-2026 09:30,85.33,85.40,85.20,85.25,360
22-07-2026 10:00,85.25,85.44,85.23,85.41,303
22-07-2026 10:30,85.41,85.54,85.33,85.37,341
22-07-2026 11:00,85.37,85.44,85.01,85.13,1040
22-07-2026 11:30,85.13,86.12,85.03,86.02,1467
22-07-2026 12:00,86.01,86.36,85.88,86.12,1244
22-07-2026 12:30,86.12,86.78,86.10,86.73,1325
22-07-2026 13:00,86.73,87.84,86.67,87.68,2054
22-07-2026 13:30,87.65,87.70,87.13,87.36,1966
22-07-2026 14:00,87.38,87.78,87.13,87.60,1611
22-07-2026 14:30,87.61,88.07,87.32,87.99,1713
22-07-2026 15:00,88.03,88.59,87.78,88.43,1812
22-07-2026 15:30,88.43,88.44,86.91,86.98,1897
22-07-2026 16:00,86.97,87.42,86.91,87.15,1783
22-07-2026 16:30,87.16,87.48,87.16,87.39,1275
22-07-2026 17:00,87.39,87.83,87.00,87.33,1793
22-07-2026 17:30,87.33,87.54,86.72,86.76,1415
22-07-2026 18:00,86.76,87.71,86.53,87.21,1728
22-07-2026 18:30,87.20,87.36,86.14,86.34,2158
22-07-2026 19:00,86.33,86.99,86.16,86.93,1948
22-07-2026 19:30,86.95,87.15,86.71,87.04,1461
22-07-2026 20:00,87.08,87.12,86.40,86.69,1726
22-07-2026 20:30,86.69,87.30,86.55,86.77,1549
22-07-2026 21:00,86.79,86.86,85.77,86.00,1803
22-07-2026 21:30,86.00,86.40,85.90,86.39,1088
22-07-2026 22:00,86.39,86.53,86.10,86.30,898
22-07-2026 22:30,86.31,86.90,86.31,86.70,991
22-07-2026 23:00,86.70,86.92,86.65,86.79,771
22-07-2026 23:30,86.80,87.05,86.63,86.83,1402
23-07-2026 00:00,86.84,87.08,86.83,87.05,669
23-07-2026 00:30,87.06,87.14,86.86,86.87,515
23-07-2026 01:00,86.87,86.89,86.45,86.50,658
23-07-2026 01:30,86.50,86.51,86.22,86.38,785
23-07-2026 02:00,86.38,86.65,86.35,86.41,620
23-07-2026 03:30,87.56,88.30,87.38,88.15,736
23-07-2026 04:00,88.15,88.32,87.79,87.93,535
23-07-2026 04:30,87.93,87.98,87.76,87.76,290
23-07-2026 05:00,87.76,87.94,87.72,87.79,252
23-07-2026 05:30,87.79,88.37,87.34,88.02,1095
23-07-2026 06:00,88.02,88.26,87.80,87.96,629
23-07-2026 06:30,87.95,88.51,87.81,88.45,1546
23-07-2026 07:00,88.46,88.61,87.92,88.08,1282
23-07-2026 07:30,88.08,88.23,88.03,88.19,762
23-07-2026 08:00,88.19,88.46,88.03,88.23,838
23-07-2026 08:30,88.23,88.66,88.19,88.47,863
23-07-2026 09:00,88.47,88.52,88.30,88.39,398
23-07-2026 09:30,88.39,88.45,88.09,88.12,415
23-07-2026 10:00,88.12,88.26,87.91,88.11,476
23-07-2026 10:30,88.11,88.39,87.98,87.98,454
23-07-2026 11:00,87.98,88.36,87.64,88.27,1317
23-07-2026 11:30,88.27,88.29,87.92,88.24,1103
23-07-2026 12:00,88.24,88.77,88.20,88.62,1171
23-07-2026 12:30,88.62,89.61,88.58,89.21,1705
23-07-2026 13:00,89.21,89.83,89.10,89.29,1705
23-07-2026 13:30,89.28,89.51,88.91,89.19,1985
23-07-2026 14:00,89.24,89.71,89.21,89.49,1643
23-07-2026 14:30,89.49,90.34,89.22,90.14,1574
23-07-2026 15:00,90.15,90.32,89.81,90.20,1565
23-07-2026 15:30,90.20,90.57,89.85,90.54,1381
23-07-2026 16:00,90.54,90.70,90.10,90.11,1294
23-07-2026 16:30,90.11,90.86,90.09,90.69,1160
23-07-2026 17:00,90.69,91.17,90.27,90.67,1493
23-07-2026 17:30,90.67,91.35,90.53,90.82,1715
23-07-2026 18:00,90.82,91.21,90.50,90.81,2038
23-07-2026 18:30,90.81,91.57,90.68,90.94,2475
23-07-2026 19:00,90.91,91.88,90.72,91.71,2158
23-07-2026 19:30,91.70,91.95,90.97,91.73,2156
23-07-2026 20:00,91.75,92.14,91.30,91.88,2052
23-07-2026 20:30,91.85,92.75,91.72,92.47,2463
23-07-2026 21:00,92.46,92.76,91.77,91.84,2246
23-07-2026 21:30,91.84,92.35,91.57,91.87,1817
23-07-2026 22:00,91.85,92.55,91.85,92.31,1352
23-07-2026 22:30,92.31,92.77,92.29,92.56,1458
23-07-2026 23:00,92.57,93.26,92.54,93.22,1494
23-07-2026 23:30,93.21,93.48,92.00,92.08,2267
24-07-2026 00:00,92.09,92.33,91.92,92.02,1351
24-07-2026 00:30,92.01,92.01,91.54,91.60,1085
24-07-2026 01:00,91.60,91.84,91.19,91.59,1224
24-07-2026 01:30,91.59,92.06,91.41,91.89,726
24-07-2026 02:00,91.90,92.39,91.78,92.37,647
24-07-2026 03:30,92.47,92.60,92.11,92.15,439
24-07-2026 04:00,92.15,92.19,92.04,92.07,227
24-07-2026 04:30,92.07,92.19,92.07,92.12,187
24-07-2026 05:00,92.12,92.50,92.04,92.25,433
24-07-2026 05:30,92.25,92.80,92.16,92.22,1132
24-07-2026 06:00,92.23,92.33,91.88,91.89,586
24-07-2026 06:30,91.88,91.88,91.35,91.51,1841
24-07-2026 07:00,91.52,91.67,91.15,91.63,1418
24-07-2026 07:30,91.63,91.87,91.59,91.82,835
24-07-2026 08:00,91.82,92.03,91.66,91.89,919
24-07-2026 08:30,91.89,92.32,91.85,92.20,1232
24-07-2026 09:00,92.20,92.38,91.89,91.89,608
24-07-2026 09:30,91.89,91.97,91.63,91.66,489
24-07-2026 10:00,91.66,91.73,91.52,91.64,411
24-07-2026 10:30,91.64,91.83,91.57,91.71,410
24-07-2026 11:00,91.71,91.78,91.16,91.48,1301
24-07-2026 11:30,91.49,91.63,91.09,91.30,1383
24-07-2026 12:00,91.29,91.34,90.50,90.55,1586
24-07-2026 12:30,90.55,90.73,90.29,90.31,1540
24-07-2026 13:00,90.30,90.69,90.14,90.43,1492
24-07-2026 13:30,90.43,90.78,90.04,90.05,1921
24-07-2026 14:00,90.09,90.24,89.41,89.58,2087
24-07-2026 14:30,89.58,89.61,88.75,89.05,2120
24-07-2026 15:00,89.02,89.24,88.73,89.01,1739
24-07-2026 15:30,89.01,89.80,88.82,89.62,1524
24-07-2026 16:00,89.62,90.16,89.61,89.89,1252
24-07-2026 16:30,89.89,90.00,89.68,89.83,1017
24-07-2026 17:00,89.83,90.10,88.94,89.38,1447
24-07-2026 17:30,89.34,90.00,89.21,89.47,1718
24-07-2026 18:00,89.47,89.58,88.95,89.36,1504
24-07-2026 18:30,89.37,90.53,89.11,90.45,1859
24-07-2026 19:00,90.46,90.49,89.68,89.91,1883
24-07-2026 19:30,89.92,90.03,89.27,89.46,2009
24-07-2026 20:00,89.45,89.88,89.28,89.67,2008
24-07-2026 20:30,89.67,89.98,87.84,88.05,3500
24-07-2026 21:00,88.03,88.67,87.68,88.39,2657
24-07-2026 21:30,88.37,88.64,88.16,88.31,1551
24-07-2026 22:00,88.30,88.53,88.06,88.37,1362
24-07-2026 22:30,88.36,88.89,88.18,88.84,1254
24-07-2026 23:00,88.84,89.18,88.78,89.05,1059
24-07-2026 23:30,89.05,89.36,88.57,89.32,1704
25-07-2026 00:00,89.32,89.40,88.99,89.35,951
25-07-2026 00:30,89.36,89.69,89.31,89.69,645
25-07-2026 01:00,89.69,89.79,88.92,89.75,1553
25-07-2026 01:30,89.74,90.42,89.74,90.37,1033
25-07-2026 02:00,90.37,90.63,90.29,90.48,877
27-07-2026 03:30,86.10,86.10,83.13,84.30,2656
27-07-2026 04:00,84.31,84.83,84.23,84.80,884
27-07-2026 04:30,84.80,85.13,84.78,84.95,636
27-07-2026 05:00,84.95,84.98,84.49,84.60,621
27-07-2026 05:30,84.60,84.92,84.05,84.48,1417
27-07-2026 06:00,84.47,84.87,84.39,84.76,793
27-07-2026 06:30,84.77,85.43,84.61,85.09,1882
27-07-2026 07:00,85.09,85.35,84.92,85.25,1188
27-07-2026 07:30,85.25,85.63,85.15,85.61,833
27-07-2026 08:00,85.62,85.68,85.32,85.56,1016
27-07-2026 08:30,85.56,85.57,85.21,85.30,802
27-07-2026 09:00,85.30,85.36,85.04,85.20,456
27-07-2026 09:30,85.20,85.20,84.78,84.83,622
27-07-2026 10:00,84.83,84.85,84.47,84.83,650
27-07-2026 10:30,84.83,84.94,84.56,84.63,621
27-07-2026 11:00,84.63,84.85,84.35,84.54,1322
27-07-2026 11:30,84.54,84.62,83.47,83.83,1988
27-07-2026 12:00,83.83,83.95,83.40,83.45,1718
27-07-2026 12:30,83.48,84.16,83.33,84.15,1692
27-07-2026 13:00,84.16,84.58,83.89,84.57,1978
27-07-2026 13:30,84.57,84.83,83.56,83.68,2642
27-07-2026 14:00,83.69,83.94,82.86,82.93,2247
27-07-2026 14:30,82.94,83.26,82.56,82.73,1651
27-07-2026 15:00,82.74,82.90,82.13,82.32,2086
27-07-2026 15:30,82.33,83.54,82.31,83.00,1944
27-07-2026 16:00,83.00,83.30,82.92,83.25,1160
27-07-2026 16:30,83.25,83.79,83.13,83.79,1190
27-07-2026 17:00,83.76,83.92,83.01,83.34,1603
27-07-2026 17:30,83.34,84.22,83.34,84.08,2054
27-07-2026 18:00,84.08,84.32,83.80,83.99,1871
27-07-2026 18:30,83.99,84.53,83.86,84.47,2076
27-07-2026 19:00,84.47,84.49,83.68,84.21,2130
27-07-2026 19:30,84.20,84.25,83.44,83.64,1932
27-07-2026 20:00,83.64,83.80,83.48,83.55,1605
27-07-2026 20:30,83.56,83.82,83.01,83.14,2146
27-07-2026 21:00,83.11,83.40,82.97,83.38,1849
27-07-2026 21:30,83.36,83.76,82.81,83.05,2025
27-07-2026 22:00,83.05,83.25,82.31,82.83,2007
27-07-2026 22:30,82.84,82.88,82.50,82.65,1302
27-07-2026 23:00,82.65,82.99,82.56,82.60,1254
27-07-2026 23:30,82.60,82.65,81.98,82.64,1621
28-07-2026 00:00,82.62,82.93,82.10,82.12,1214
28-07-2026 00:30,82.12,82.43,82.03,82.31,669
28-07-2026 01:00,82.31,82.38,81.89,81.91,678
28-07-2026 01:30,81.92,81.98,81.64,81.84,646
28-07-2026 02:00,81.84,82.06,81.61,81.87,494
28-07-2026 03:30,81.85,82.09,81.85,81.95,247
28-07-2026 04:00,81.95,82.16,81.57,82.10,231
28-07-2026 04:30,82.11,82.14,81.99,82.02,165
28-07-2026 05:00,82.02,82.19,82.02,82.03,155
28-07-2026 05:30,82.03,82.03,81.41,81.64,851
28-07-2026 06:00,81.64,82.18,81.62,82.10,622
28-07-2026 06:30,82.10,82.23,81.44,81.55,1527
28-07-2026 07:00,81.54,82.01,81.53,81.61,1039
28-07-2026 07:30,81.60,81.77,81.17,81.27,961
28-07-2026 08:00,81.27,81.31,80.69,80.81,1158
28-07-2026 08:30,80.82,81.35,80.59,81.34,974
28-07-2026 09:00,81.34,81.56,81.29,81.55,404
28-07-2026 09:30,81.55,81.91,81.52,81.65,383
28-07-2026 10:00,81.64,81.74,81.56,81.61,284
28-07-2026 10:30,81.61,81.68,81.45,81.64,401
28-07-2026 11:00,81.64,82.40,81.64,82.11,1472
28-07-2026 11:30,82.11,82.31,81.73,81.80,1190
28-07-2026 12:00,81.80,81.85,80.61,80.79,1849
28-07-2026 12:30,80.79,81.39,80.65,81.24,1611
28-07-2026 13:00,81.24,81.52,80.54,80.76,1539
28-07-2026 13:30,80.76,80.83,80.27,80.27,2288
28-07-2026 14:00,80.23,80.53,79.79,80.18,1732
28-07-2026 14:30,80.22,81.21,80.22,80.45,1487
28-07-2026 15:00,80.45,80.84,80.39,80.60,1117
28-07-2026 15:30,80.60,81.22,80.56,81.16,949
28-07-2026 16:00,81.16,81.45,80.87,81.15,1226
28-07-2026 16:30,81.16,81.37,80.67,81.37,1363
28-07-2026 17:00,81.37,81.89,81.27,81.70,1229
28-07-2026 17:30,81.70,81.72,81.27,81.56,1125
28-07-2026 18:00,81.55,81.65,80.61,80.78,1611
28-07-2026 18:30,80.78,81.38,80.78,81.19,1506
28-07-2026 19:00,81.21,81.63,80.72,81.43,1798
28-07-2026 19:30,81.42,81.80,81.05,81.12,1611
28-07-2026 20:00,81.11,81.60,80.88,81.43,1635
28-07-2026 20:30,81.43,81.55,79.21,79.39,3489
28-07-2026 21:00,79.39,79.56,78.26,78.34,3036
28-07-2026 21:30,78.34,78.63,78.01,78.22,2214
28-07-2026 22:00,78.23,78.82,77.77,78.65,2393
28-07-2026 22:30,78.65,79.18,78.32,79.14,2301
28-07-2026 23:00,79.14,79.59,78.97,79.41,1670
28-07-2026 23:30,79.41,79.42,78.79,79.30,1879
29-07-2026 00:00,79.29,79.48,78.94,79.19,1093
29-07-2026 00:30,79.19,79.22,78.87,78.90,600
29-07-2026 01:00,78.90,79.13,78.87,79.10,562
29-07-2026 01:30,79.10,79.26,78.95,79.15,560
29-07-2026 02:00,79.15,79.24,78.85,79.09,646
29-07-2026 03:30,80.56,82.83,80.44,82.65,1084
29-07-2026 04:00,82.65,83.19,82.40,82.62,1178
29-07-2026 04:30,82.62,83.26,82.42,82.49,835
29-07-2026 05:00,82.49,82.72,81.79,81.85,797
29-07-2026 05:30,81.86,82.28,81.63,81.81,1521
29-07-2026 06:00,81.82,82.57,81.82,82.44,1254
29-07-2026 06:30,82.44,82.88,82.30,82.42,2186
29-07-2026 07:00,82.42,83.03,82.42,82.73,1409
29-07-2026 07:30,82.73,82.81,82.42,82.43,706
29-07-2026 08:00,82.43,82.43,82.04,82.29,950
29-07-2026 08:30,82.29,82.58,82.28,82.37,752
29-07-2026 09:00,82.37,82.74,82.37,82.68,529
29-07-2026 09:30,82.68,82.68,82.42,82.42,434
29-07-2026 10:00,82.42,82.43,81.87,82.03,712
29-07-2026 10:30,82.03,82.13,81.79,81.89,782
29-07-2026 11:00,81.89,82.25,81.81,82.21,1155
29-07-2026 11:30,82.21,82.41,81.98,82.33,1097
29-07-2026 12:00,82.33,82.38,81.78,82.08,1172
29-07-2026 12:30,82.08,82.34,81.73,82.20,1363
29-07-2026 13:00,82.20,82.30,81.69,82.01,1245
29-07-2026 13:30,82.01,82.37,81.69,82.20,1734
29-07-2026 14:00,82.21,82.35,81.49,81.86,1496
29-07-2026 14:30,81.86,82.13,81.69,81.91,1216
29-07-2026 15:00,81.92,82.29,81.85,82.15,1122
29-07-2026 15:30,82.09,82.81,81.95,82.70,1586
29-07-2026 16:00,82.70,83.26,82.57,83.17,1245
29-07-2026 16:30,83.17,83.31,82.81,82.85,1042
29-07-2026 17:00,82.86,83.02,82.34,82.52,1327
29-07-2026 17:30,82.51,84.61,82.49,84.46,2579
29-07-2026 18:00,84.46,84.73,84.02,84.53,1920
29-07-2026 18:30,84.54,84.80,84.09,84.31,1898
29-07-2026 19:00,84.30,84.92,84.22,84.84,1986
29-07-2026 19:30,84.82,84.98,84.32,84.95,1822
29-07-2026 20:00,84.95,85.45,84.86,85.34,2254
29-07-2026 20:30,85.35,85.55,84.79,84.86,2095
29-07-2026 21:00,84.81,84.99,84.35,84.98,1886
29-07-2026 21:30,84.98,85.20,84.16,84.17,1752
29-07-2026 22:00,84.19,84.66,84.16,84.57,1210
29-07-2026 22:30,84.57,84.80,84.34,84.47,1037
29-07-2026 23:00,84.45,84.72,84.29,84.55,1040
29-07-2026 23:30,84.57,84.89,84.34,84.46,2260
30-07-2026 00:00,84.47,84.92,84.30,84.42,1730
30-07-2026 00:30,84.42,84.70,84.04,84.64,1692
30-07-2026 01:00,84.65,85.23,84.56,84.88,1782
30-07-2026 01:30,84.86,85.00,84.58,84.89,755
30-07-2026 02:00,84.89,84.89,84.49,84.62,603
30-07-2026 03:30,84.32,84.56,84.23,84.42,363
30-07-2026 04:00,84.42,84.47,84.30,84.39,233
30-07-2026 04:30,84.39,84.69,84.10,84.39,429
30-07-2026 05:00,84.39,84.46,84.14,84.18,297
30-07-2026 05:30,84.18,84.28,83.22,83.94,1314
30-07-2026 06:00,83.94,84.59,83.87,84.51,996
30-07-2026 06:30,84.51,84.51,83.72,83.96,1625
30-07-2026 07:00,83.96,84.03,83.62,83.77,1121
30-07-2026 07:30,83.78,83.78,83.42,83.44,705
30-07-2026 08:00,83.43,83.69,83.23,83.41,1147
30-07-2026 08:30,83.41,83.62,83.21,83.60,808
30-07-2026 09:00,83.60,83.74,83.48,83.62,513
30-07-2026 09:30,83.61,83.85,83.60,83.75,315
30-07-2026 10:00,83.75,84.13,83.64,84.04,411
30-07-2026 10:30,84.04,84.77,83.95,84.53,884
30-07-2026 11:00,84.53,85.37,84.51,85.22,1992
30-07-2026 11:30,85.21,85.87,85.07,85.81,1876
30-07-2026 12:00,85.81,85.88,85.29,85.29,1470
30-07-2026 12:30,85.29,85.38,84.58,85.28,1958
30-07-2026 13:00,85.28,85.92,84.92,85.15,1558
30-07-2026 13:30,85.15,85.35,84.62,84.95,2277
30-07-2026 14:00,84.95,85.06,84.29,84.71,1519
30-07-2026 14:30,84.71,84.81,83.83,84.02,1973
30-07-2026 15:00,84.01,84.48,83.89,84.44,1332
30-07-2026 15:30,84.44,84.63,84.09,84.21,1226
30-07-2026 16:00,84.21,84.25,83.25,83.74,1656
30-07-2026 16:30,83.74,83.90,83.47,83.63,1318
30-07-2026 17:00,83.63,83.70,83.27,83.52,1309
30-07-2026 17:30,83.52,84.36,83.38,84.22,1381
30-07-2026 18:00,84.21,84.48,83.62,84.47,1465
30-07-2026 18:30,84.46,84.47,82.96,83.46,2426
30-07-2026 19:00,83.44,83.90,83.30,83.73,1911
30-07-2026 19:30,83.74,84.26,83.61,83.95,2420
30-07-2026 20:00,83.94,84.44,83.94,84.19,1812
30-07-2026 20:30,84.19,84.83,84.05,84.29,2228
30-07-2026 21:00,84.28,84.50,83.57,84.04,1666
30-07-2026 21:30,84.06,84.26,83.49,83.58,1342
30-07-2026 22:00,83.58,84.10,83.53,84.07,1050
30-07-2026 22:30,84.08,84.18,83.72,83.84,1149
30-07-2026 23:00,83.84,84.36,83.63,84.06,1447
30-07-2026 23:30,84.06,84.27,83.47,83.54,1644
31-07-2026 00:00,83.54,83.79,83.47,83.51,876
31-07-2026 00:30,83.51,83.72,83.45,83.52,542
31-07-2026 01:00,83.52,83.81,83.43,83.64,489
31-07-2026 01:30,83.65,84.15,83.58,84.09,434
31-07-2026 02:00,84.06,84.20,83.85,83.91,457
31-07-2026 03:30,83.97,84.29,83.85,84.15,279
31-07-2026 04:00,84.15,84.16,83.91,84.04,153
31-07-2026 04:30,84.04,84.09,83.91,84.04,131
31-07-2026 05:00,84.04,84.09,83.96,84.05,112
31-07-2026 05:30,84.05,84.17,83.94,84.10,422
31-07-2026 06:00,84.10,84.12,83.51,83.53,508
31-07-2026 06:30,83.52,83.52,82.30,82.76,1857
31-07-2026 07:00,82.75,82.86,82.26,82.46,1119
31-07-2026 07:30,82.46,82.46,81.60,82.16,1105
31-07-2026 08:00,82.16,82.43,82.04,82.25,850
31-07-2026 08:30,82.25,82.35,82.05,82.19,716
31-07-2026 09:00,82.19,82.47,82.11,82.31,644
31-07-2026 09:30,82.31,82.37,81.97,82.14,514
31-07-2026 10:00,82.14,82.16,81.61,81.64,569
31-07-2026 10:30,81.64,81.97,81.52,81.64,754
31-07-2026 11:00,81.63,81.68,81.19,81.67,1311
31-07-2026 11:30,81.67,82.21,81.59,82.00,1178
31-07-2026 12:00,82.00,82.12,81.77,82.01,984
31-07-2026 12:30,81.98,82.59,81.98,82.54,1288
31-07-2026 13:00,82.54,82.66,82.04,82.15,1307
31-07-2026 13:30,82.15,82.72,81.92,82.71,1712
31-07-2026 14:00,82.71,82.86,82.21,82.57,1393
31-07-2026 14:30,82.56,83.20,82.53,82.85,1740
31-07-2026 15:00,82.87,83.77,82.82,83.70,1350
31-07-2026 15:30,83.70,84.16,83.70,84.08,1106
31-07-2026 16:00,84.09,84.46,83.98,84.28,1079
31-07-2026 16:30,84.28,84.89,84.09,84.76,1823
31-07-2026 17:00,84.78,85.07,84.62,84.86,1582
31-07-2026 17:30,84.86,85.48,84.85,85.21,1314
31-07-2026 18:00,85.21,86.25,84.94,85.86,1644
31-07-2026 18:30,85.87,85.96,85.25,85.47,2121
31-07-2026 19:00,85.47,85.89,85.28,85.50,2082
31-07-2026 19:30,85.50,85.55,84.76,85.22,1945
31-07-2026 20:00,85.22,85.90,85.18,85.77,1534
31-07-2026 20:30,85.77,85.97,85.36,85.52,1781
31-07-2026 21:00,85.53,85.58,83.98,84.06,2272
31-07-2026 21:30,84.06,84.75,84.04,84.50,1855
31-07-2026 22:00,84.50,84.82,84.50,84.70,1139
31-07-2026 22:30,84.71,85.08,84.51,84.76,1361
31-07-2026 23:00,84.75,85.08,84.60,84.67,1377
31-07-2026 23:30,84.65,85.13,84.52,84.55,1832
01-08-2026 00:00,84.54,84.71,84.47,84.58,857
01-08-2026 00:30,84.58,84.93,84.52,84.79,595
01-08-2026 01:00,84.79,84.86,84.69,84.74,589
01-08-2026 01:30,84.74,84.78,84.45,84.60,588
01-08-2026 02:00,84.60,86.77,84.45,86.28,1313
03-08-2026 03:30,80.05,80.99,78.79,80.60,1961
03-08-2026 04:00,80.60,81.27,80.53,81.21,762
03-08-2026 04:30,81.21,81.28,80.76,80.82,590
03-08-2026 05:00,80.81,80.85,80.40,80.70,587
03-08-2026 05:30,80.69,80.97,80.44,80.44,794
03-08-2026 06:00,80.44,80.73,80.31,80.60,688
03-08-2026 06:30,80.60,80.77,80.35,80.39,1655
03-08-2026 07:00,80.39,80.56,80.01,80.10,1011
03-08-2026 07:30,80.09,80.26,79.89,80.12,793
03-08-2026 08:00,80.12,80.35,79.55,79.68,1058
03-08-2026 08:30,79.68,79.96,79.60,79.87,752
03-08-2026 09:00,79.87,80.14,79.71,79.73,695
03-08-2026 09:30,79.72,79.81,79.57,79.65,504
03-08-2026 10:00,79.64,79.79,79.50,79.50,382
03-08-2026 10:30,79.50,79.58,79.37,79.44,492
03-08-2026 11:00,79.44,79.87,79.36,79.62,817
03-08-2026 11:30,79.63,79.70,79.19,79.22,983
03-08-2026 12:00,79.23,79.35,78.87,79.07,1207
03-08-2026 12:30,79.08,80.42,79.04,79.71,1818
03-08-2026 13:00,79.71,80.03,79.33,79.67,1532
03-08-2026 13:30,79.67,80.03,79.53,79.78,1867
03-08-2026 14:00,79.77,80.63,79.70,80.25,1659
03-08-2026 14:30,80.25,80.30,79.65,79.79,1195
03-08-2026 15:00,79.79,80.06,79.46,80.03,1299
03-08-2026 15:30,80.03,80.03,79.53,79.71,1105
03-08-2026 16:00,79.71,79.75,79.30,79.49,1052
03-08-2026 16:30,79.50,79.86,79.34,79.83,1101
03-08-2026 17:00,79.81,79.87,79.00,79.03,1215
03-08-2026 17:30,79.03,79.18,78.80,79.11,1454
03-08-2026 18:00,79.10,79.37,78.82,79.00,1529
03-08-2026 18:30,79.00,79.37,78.63,79.27,2107
03-08-2026 19:00,79.29,79.36,78.43,79.11,2011
03-08-2026 19:30,79.11,79.42,79.01,79.22,1638
03-08-2026 20:00,79.21,79.65,79.21,79.65,1621
03-08-2026 20:30,79.65,80.13,79.38,79.99,2108
03-08-2026 21:00,79.96,79.96,79.37,79.62,1560
03-08-2026 21:30,79.61,79.77,79.32,79.46,1242
03-08-2026 22:00,79.47,79.87,79.40,79.56,1234
03-08-2026 22:30,79.56,80.20,79.56,79.99,1282
03-08-2026 23:00,79.99,80.29,79.83,79.99,1071
03-08-2026 23:30,80.01,80.38,79.45,80.34,2077
04-08-2026 00:00,80.35,80.62,80.17,80.36,967
04-08-2026 00:30,80.36,80.55,80.19,80.45,710
04-08-2026 01:00,80.45,80.48,80.10,80.12,473
04-08-2026 01:30,80.12,80.21,80.03,80.08,309
04-08-2026 02:00,80.08,80.08,79.84,80.02,371
04-08-2026 03:30,79.97,80.05,79.94,79.97,167
04-08-2026 04:00,79.97,80.11,79.61,80.06,290
04-08-2026 04:30,80.06,80.28,79.82,79.84,277
04-08-2026 05:00,79.84,80.32,79.81,80.23,399
04-08-2026 05:30,80.21,80.82,80.21,80.62,614
04-08-2026 06:00,80.62,81.16,80.59,81.00,711
04-08-2026 06:30,81.00,81.17,80.64,80.84,1012
04-08-2026 07:00,80.84,81.07,80.73,80.97,798
04-08-2026 07:30,80.97,81.06,80.78,81.02,646
04-08-2026 08:00,81.02,81.24,80.98,81.14,755
04-08-2026 08:30,81.14,81.26,80.94,80.94,651
04-08-2026 09:00,80.93,81.22,80.86,81.16,428
04-08-2026 09:30,81.17,81.23,81.05,81.07,332
04-08-2026 10:00,81.06,81.27,81.05,81.20,344
04-08-2026 10:30,81.20,81.40,81.15,81.32,436
04-08-2026 11:00,81.32,81.42,80.87,80.87,1100
04-08-2026 11:30,80.89,81.06,80.72,80.80,978
04-08-2026 12:00,80.80,80.97,80.40,80.43,986
04-08-2026 12:30,80.43,80.99,80.21,80.95,1223
04-08-2026 13:00,80.95,81.02,80.67,80.73,1164
04-08-2026 13:30,80.72,80.94,80.44,80.75,1771
04-08-2026 14:00,80.78,82.25,80.76,82.09,1905
04-08-2026 14:30,82.10,82.31,82.01,82.05,1288
04-08-2026 15:00,82.05,82.30,81.70,81.83,1314
04-08-2026 15:30,81.82,82.00,81.47,81.96,1261
04-08-2026 16:00,81.93,81.93,80.54,80.82,2151
04-08-2026 16:30,80.81,80.94,79.60,79.63,2150
04-08-2026 17:00,79.63,79.96,76.57,76.65,3354
04-08-2026 17:30,76.69,78.11,76.69,77.87,2571
04-08-2026 18:00,77.86,78.06,77.23,77.49,1783
04-08-2026 18:30,77.50,77.85,76.26,76.44,2907
04-08-2026 19:00,76.43,76.59,75.76,75.93,2815
04-08-2026 19:30,75.93,76.44,75.79,76.43,2449
04-08-2026 20:00,76.45,76.98,76.16,76.88,2226
04-08-2026 20:30,76.87,77.03,76.29,76.29,2160
04-08-2026 21:00,76.30,76.39,75.19,75.71,2668
04-08-2026 21:30,75.71,76.25,75.69,76.01,1547
04-08-2026 22:00,76.01,76.30,76.00,76.19,1180
04-08-2026 22:30,76.19,76.25,75.57,75.92,1196
04-08-2026 23:00,75.92,75.98,75.56,75.87,1198
04-08-2026 23:30,75.87,75.96,75.55,75.71,1650
05-08-2026 00:00,75.72,75.90,75.62,75.78,676
05-08-2026 00:30,75.78,75.88,75.66,75.72,568
05-08-2026 01:00,75.72,75.98,75.64,75.76,563
05-08-2026 01:30,75.76,75.82,75.18,75.38,761
05-08-2026 02:00,75.38,75.62,75.12,75.17,723
05-08-2026 03:30,75.27,75.39,75.21,75.29,193
05-08-2026 04:00,75.29,75.39,75.14,75.33,231
05-08-2026 04:30,75.33,75.36,75.06,75.11,250
05-08-2026 05:00,75.10,75.28,75.07,75.21,185
05-08-2026 05:30,75.21,75.40,74.51,75.35,1006
05-08-2026 06:00,75.36,75.48,75.28,75.37,637
05-08-2026 06:30,75.37,76.00,75.37,75.98,1038
05-08-2026 07:00,75.98,76.03,75.82,75.95,604
05-08-2026 07:30,75.95,76.01,74.73,74.85,1172
05-08-2026 08:00,74.85,74.90,74.21,74.72,1336
05-08-2026 08:30,74.72,74.76,74.42,74.69,807
05-08-2026 09:00,74.69,74.83,74.43,74.54,627
05-08-2026 09:30,74.54,75.06,74.48,74.94,576
05-08-2026 10:00,74.94,75.26,74.89,75.15,488
05-08-2026 10:30,75.15,75.31,75.05,75.21,586
05-08-2026 11:00,75.21,75.21,74.74,75.03,1161
05-08-2026 11:30,75.04,75.39,74.92,75.16,1303
05-08-2026 12:00,75.16,75.47,74.98,75.01,1323
05-08-2026 12:30,75.01,76.11,74.87,76.09,1851
05-08-2026 13:00,76.09,76.25,75.85,76.00,1257
05-08-2026 13:30,75.98,76.28,75.74,76.01,1911
05-08-2026 14:00,76.00,76.38,75.84,76.21,1638
05-08-2026 14:30,76.20,76.37,75.84,76.25,1391
05-08-2026 15:00,76.26,76.53,76.10,76.49,1127
05-08-2026 15:30,76.49,76.68,76.32,76.62,1072
05-08-2026 16:00,76.62,76.65,76.12,76.21,1065
05-08-2026 16:30,76.21,76.37,75.98,76.17,958
05-08-2026 17:00,76.17,76.21,75.80,76.03,1202
05-08-2026 17:30,76.04,76.36,75.79,76.35,1430
05-08-2026 18:00,76.34,76.58,76.05,76.49,1363
05-08-2026 18:30,76.50,76.51,75.67,75.83,1783
05-08-2026 19:00,75.83,75.84,74.97,75.48,2202
05-08-2026 19:30,75.53,75.56,74.66,74.91,2298
05-08-2026 20:00,74.87,75.35,74.78,75.13,1819
05-08-2026 20:30,75.12,75.80,74.51,75.16,2602
05-08-2026 21:00,75.16,75.61,75.05,75.58,1701
05-08-2026 21:30,75.60,75.76,75.43,75.62,1352
05-08-2026 22:00,75.64,75.67,74.74,74.89,1444
05-08-2026 22:30,74.89,74.99,74.43,74.51,1428
05-08-2026 23:00,74.51,74.86,74.44,74.86,1094
05-08-2026 23:30,74.85,75.38,74.84,75.17,1567
06-08-2026 00:00,75.17,75.41,75.05,75.30,813
06-08-2026 00:30,75.30,75.37,75.09,75.25,497
06-08-2026 01:00,75.25,75.25,75.00,75.14,452
06-08-2026 01:30,75.14,75.14,74.86,75.06,438
06-08-2026 02:00,75.06,75.10,74.90,75.03,409
06-08-2026 03:30,75.00,75.19,74.93,75.08,207
06-08-2026 04:00,75.08,75.16,75.01,75.03,113
06-08-2026 04:30,75.03,75.08,74.90,75.03,122
06-08-2026 05:00,75.03,75.03,74.83,74.86,164
06-08-2026 05:30,74.86,75.01,74.62,74.97,521
06-08-2026 06:00,74.97,75.14,74.72,74.92,613
06-08-2026 06:30,74.93,76.02,74.89,75.70,1737
06-08-2026 07:00,75.70,75.87,75.62,75.74,1208
06-08-2026 07:30,75.74,75.78,75.42,75.48,638
06-08-2026 08:00,75.48,75.68,75.40,75.45,727
06-08-2026 08:30,75.46,75.53,75.17,75.23,579
06-08-2026 09:00,75.22,75.22,74.89,74.89,554
06-08-2026 09:30,74.89,74.94,74.68,74.73,393
06-08-2026 10:00,74.74,74.82,74.60,74.79,388
06-08-2026 10:30,74.78,74.95,74.62,74.64,402
06-08-2026 11:00,74.64,74.94,74.56,74.86,985
06-08-2026 11:30,74.86,75.46,74.83,75.21,1162
06-08-2026 12:00,75.21,75.62,75.21,75.25,1117
06-08-2026 12:30,75.26,75.43,74.97,75.15,1312
06-08-2026 13:00,75.15,75.52,75.05,75.40,1237
06-08-2026 13:30,75.41,75.78,75.08,75.14,1709
06-08-2026 14:00,75.14,75.29,74.90,75.15,1644
06-08-2026 14:30,75.15,75.51,75.09,75.16,1128
06-08-2026 15:00,75.16,75.45,75.05,75.13,914
06-08-2026 15:30,75.13,75.93,75.09,75.72,1173
06-08-2026 16:00,75.73,76.03,75.69,75.86,1041
06-08-2026 16:30,75.87,75.98,75.74,75.84,717
06-08-2026 17:00,75.83,76.20,75.67,75.68,1059
06-08-2026 17:30,75.68,76.31,75.59,76.19,1325
06-08-2026 18:00,76.19,76.41,76.10,76.21,1046
06-08-2026 18:30,76.21,76.82,76.12,76.18,1773
06-08-2026 19:00,76.18,76.26,75.89,76.12,1554
06-08-2026 19:30,76.12,76.43,75.91,76.37,1266
06-08-2026 20:00,76.39,76.73,76.17,76.56,1376
06-08-2026 20:30,76.56,77.17,76.49,76.82,1821
06-08-2026 21:00,76.82,78.12,76.76,77.73,2181
06-08-2026 21:30,77.73,78.02,77.56,77.67,2073
06-08-2026 22:00,77.68,78.06,77.59,77.86,1490
06-08-2026 22:30,77.86,77.87,77.57,77.61,1194
06-08-2026 23:00,77.61,77.68,77.13,77.29,1198
06-08-2026 23:30,77.30,77.47,77.10,77.26,1506
07-08-2026 00:00,77.27,77.42,77.13,77.39,548
07-08-2026 00:30,77.39,78.28,77.39,78.12,993
07-08-2026 01:00,78.12,78.28,77.39,77.68,1265
07-08-2026 01:30,77.66,78.15,77.58,78.08,856
07-08-2026 02:00,78.07,78.50,77.96,78.26,702
07-08-2026 03:30,77.98,78.14,77.94,78.06,248
07-08-2026 04:00,78.06,78.14,78.01,78.09,107
07-08-2026 04:30,78.09,78.11,77.99,78.04,102
07-08-2026 05:00,78.04,78.09,77.94,77.97,165
07-08-2026 05:30,77.95,78.31,77.92,78.24,671
07-08-2026 06:00,78.25,78.40,77.85,77.91,637
07-08-2026 06:30,77.91,78.01,77.73,77.84,1146
07-08-2026 07:00,77.84,77.98,77.73,77.91,688
07-08-2026 07:30,77.91,78.13,77.91,78.10,562
07-08-2026 08:00,78.10,78.19,77.96,77.99,581
07-08-2026 08:30,77.99,78.24,77.88,78.05,555
07-08-2026 09:00,78.04,78.08,77.94,78.03,304
07-08-2026 09:30,78.03,78.67,77.97,78.67,1139
07-08-2026 10:00,78.63,78.74,78.22,78.31,769
07-08-2026 10:30,78.31,78.34,78.20,78.31,417
07-08-2026 11:00,78.32,78.38,78.04,78.04,916
07-08-2026 11:30,78.04,78.14,77.57,77.57,923
07-08-2026 12:00,77.57,78.10,77.54,77.85,996
07-08-2026 12:30,77.85,78.03,77.52,77.54,849
07-08-2026 13:00,77.54,77.93,77.50,77.74,769
07-08-2026 13:30,77.74,77.95,77.45,77.83,1180
07-08-2026 14:00,77.84,78.02,77.58,77.72,1049
07-08-2026 14:30,77.72,77.82,77.50,77.50,879
07-08-2026 15:00,77.51,77.53,77.08,77.23,1071
07-08-2026 15:30,77.23,77.29,76.92,77.09,1037
07-08-2026 16:00,77.08,77.09,76.78,76.81,1046
07-08-2026 16:30,76.81,77.06,76.69,76.75,818
07-08-2026 17:00,76.75,76.83,76.56,76.73,799
07-08-2026 17:30,76.73,77.48,76.62,77.33,963
07-08-2026 18:00,77.33,77.36,76.57,76.72,1499
07-08-2026 18:30,76.72,77.11,76.54,76.92,1467
07-08-2026 19:00,76.92,77.32,76.83,77.31,1363
07-08-2026 19:30,77.30,77.95,77.16,77.63,1664
07-08-2026 20:00,77.64,78.09,77.40,78.07,1391
07-08-2026 20:30,78.07,78.42,77.95,78.15,1957
07-08-2026 21:00,78.15,78.47,77.93,78.38,1305
07-08-2026 21:30,78.39,78.47,78.15,78.38,1114
07-08-2026 22:00,78.38,78.44,78.13,78.34,845
07-08-2026 22:30,78.34,78.35,77.89,77.98,1040
07-08-2026 23:00,77.98,78.12,77.73,78.06,928
07-08-2026 23:30,78.06,78.35,77.92,78.17,1277
08-08-2026 00:00,78.17,78.28,78.03,78.08,515
08-08-2026 00:30,78.09,78.09,76.80,76.87,1648
08-08-2026 01:00,76.87,77.06,76.81,77.01,950
08-08-2026 01:30,77.00,77.08,76.81,77.02,603
08-08-2026 02:00,77.02,77.35,77.00,77.06,622
10-08-2026 03:30,78.40,79.40,78.27,78.86,1154
10-08-2026 04:00,78.86,78.89,78.55,78.83,531
10-08-2026 04:30,78.83,78.85,78.60,78.73,337
10-08-2026 05:00,78.72,78.91,78.70,78.75,288
10-08-2026 05:30,78.75,78.88,78.49,78.87,469
10-08-2026 06:00,78.87,78.94,78.61,78.64,509
10-08-2026 06:30,78.64,79.02,78.16,78.95,1434
10-08-2026 07:00,78.96,79.12,78.80,78.85,790
10-08-2026 07:30,78.85,78.98,78.64,78.67,460
10-08-2026 08:00,78.67,78.90,78.57,78.81,621
10-08-2026 08:30,78.82,78.85,78.53,78.62,570
10-08-2026 09:00,78.62,78.83,78.62,78.76,412
10-08-2026 09:30,78.76,78.85,78.66,78.76,193
10-08-2026 10:00,78.76,78.76,78.31,78.43,406
10-08-2026 10:30,78.43,78.59,78.36,78.43,467
10-08-2026 11:00,78.44,78.48,77.78,77.81,967
10-08-2026 11:30,77.81,78.30,77.78,78.03,952
10-08-2026 12:00,78.04,78.18,77.82,77.91,969
10-08-2026 12:30,77.89,78.64,77.87,78.03,1450
10-08-2026 13:00,78.03,78.34,77.80,78.18,1303
10-08-2026 13:30,78.18,78.60,78.16,78.51,1504
10-08-2026 14:00,78.52,79.33,78.37,79.12,1348
10-08-2026 14:30,79.12,79.12,78.65,78.74,1009
10-08-2026 15:00,78.75,79.12,78.69,78.99,907
10-08-2026 15:30,79.00,79.02,78.44,78.80,876
10-08-2026 16:00,78.79,79.54,78.75,79.44,1179
10-08-2026 16:30,79.44,79.57,78.96,79.06,894
10-08-2026 17:00,79.06,79.63,78.99,79.56,1168
10-08-2026 17:30,79.56,79.61,79.25,79.29,1084
10-08-2026 18:00,79.29,79.93,79.29,79.71,1197
10-08-2026 18:30,79.71,79.71,79.16,79.65,1874
10-08-2026 19:00,79.65,80.97,79.60,80.84,2125
10-08-2026 19:30,80.85,80.88,80.28,80.31,1726
10-08-2026 20:00,80.31,80.88,80.27,80.77,1476
10-08-2026 20:30,80.77,81.29,80.65,81.16,1805
10-08-2026 21:00,81.17,81.35,81.02,81.02,1476
10-08-2026 21:30,81.03,81.21,80.81,81.12,1176
10-08-2026 22:00,81.13,81.55,81.05,81.41,1309
10-08-2026 22:30,81.41,81.64,81.41,81.59,1221
10-08-2026 23:00,81.59,81.94,81.50,81.93,1193
10-08-2026 23:30,81.93,82.30,81.75,82.15,1321
11-08-2026 00:00,82.17,82.28,81.86,81.87,713
11-08-2026 00:30,81.87,81.97,81.65,81.96,734
11-08-2026 01:00,81.96,82.13,81.93,82.13,472
11-08-2026 01:30,82.12,82.31,82.08,82.27,416
11-08-2026 02:00,82.27,82.36,82.23,82.29,445
11-08-2026 03:30,82.14,82.26,82.08,82.13,220
11-08-2026 04:00,82.13,82.16,82.05,82.11,149
11-08-2026 04:30,82.11,82.11,81.97,82.06,145
11-08-2026 05:00,82.06,82.16,82.05,82.09,169
11-08-2026 05:30,82.11,82.28,82.00,82.17,529
11-08-2026 06:00,82.18,82.38,82.12,82.19,497
11-08-2026 06:30,82.19,82.36,81.99,82.16,1186
11-08-2026 07:00,82.16,82.49,82.15,82.38,865
11-08-2026 07:30,82.37,82.43,82.22,82.28,619
11-08-2026 08:00,82.28,82.42,82.15,82.32,709
11-08-2026 08:30,82.32,82.39,82.22,82.23,623
11-08-2026 09:00,82.23,82.23,82.07,82.07,258
11-08-2026 09:30,82.07,82.09,81.92,82.00,349
11-08-2026 10:00,82.00,82.31,81.94,82.23,548
11-08-2026 10:30,82.23,82.53,82.20,82.41,528
