datetime,open,high,low,close,volume
02-01-2026 04:30,57.54,57.55,57.47,57.51,74
02-01-2026 04:45,57.51,57.54,57.48,57.54,49
02-01-2026 05:00,57.54,57.55,57.43,57.45,53
02-01-2026 05:15,57.45,57.48,57.44,57.48,34
02-01-2026 05:30,57.48,57.48,57.43,57.44,36
02-01-2026 05:45,57.44,57.46,57.41,57.43,32
02-01-2026 06:00,57.43,57.44,57.41,57.43,29
02-01-2026 06:15,57.44,57.44,57.41,57.41,27
02-01-2026 06:30,57.41,57.52,57.41,57.48,146
02-01-2026 06:45,57.48,57.53,57.43,57.46,55
02-01-2026 07:00,57.46,57.56,57.46,57.55,57
02-01-2026 07:15,57.55,57.56,57.52,57.53,40
02-01-2026 07:30,57.53,57.57,57.52,57.56,48
02-01-2026 07:45,57.56,57.59,57.55,57.58,38
02-01-2026 08:00,57.58,57.59,57.53,57.56,79
02-01-2026 08:15,57.56,57.63,57.56,57.61,71
02-01-2026 08:30,57.61,57.64,57.60,57.63,58
02-01-2026 08:45,57.63,57.65,57.61,57.64,44
02-01-2026 09:00,57.64,57.72,57.64,57.70,61
02-01-2026 09:15,57.70,57.73,57.68,57.72,42
02-01-2026 09:30,57.72,57.77,57.71,57.75,41
02-01-2026 09:45,57.75,57.75,57.65,57.70,38
02-01-2026 10:00,57.70,57.71,57.67,57.67,32
02-01-2026 10:15,57.67,57.67,57.64,57.67,42
02-01-2026 10:30,57.67,57.72,57.67,57.72,66
02-01-2026 10:45,57.72,57.75,57.72,57.73,34
02-01-2026 11:00,57.73,57.73,57.70,57.72,32
02-01-2026 11:15,57.72,57.74,57.70,57.74,31
02-01-2026 11:30,57.74,57.82,57.73,57.79,91
02-01-2026 11:45,57.79,57.85,57.76,57.85,66
02-01-2026 12:00,57.85,57.89,57.82,57.82,60
02-01-2026 12:15,57.82,57.85,57.79,57.85,57
02-01-2026 12:30,57.85,57.88,57.82,57.84,84
02-01-2026 12:45,57.83,57.90,57.80,57.89,89
02-01-2026 13:00,57.89,57.93,57.80,57.81,97
02-01-2026 13:15,57.81,57.81,57.70,57.80,172
02-01-2026 13:30,57.80,57.84,57.66,57.81,249
02-01-2026 13:45,57.81,57.92,57.67,57.70,309
02-01-2026 14:00,57.70,57.74,57.53,57.53,375
02-01-2026 14:15,57.54,57.55,57.31,57.31,279
02-01-2026 14:30,57.31,57.35,57.15,57.15,280
02-01-2026 14:45,57.15,57.21,57.03,57.04,284
02-01-2026 15:00,57.04,57.15,57.00,57.14,239
02-01-2026 15:15,57.14,57.24,57.13,57.21,213
02-01-2026 15:30,57.21,57.56,57.21,57.48,346
02-01-2026 15:45,57.48,57.49,57.35,57.40,207
02-01-2026 16:00,57.40,57.42,57.28,57.36,191
02-01-2026 16:15,57.37,57.49,57.32,57.40,146
02-01-2026 16:30,57.40,57.48,57.38,57.40,195
02-01-2026 16:45,57.40,57.43,57.35,57.35,127
02-01-2026 17:00,57.35,57.35,57.13,57.18,222
02-01-2026 17:15,57.18,57.29,57.18,57.27,224
02-01-2026 17:30,57.28,57.32,57.11,57.14,220
02-01-2026 17:45,57.14,57.21,57.07,57.10,177
02-01-2026 18:00,57.10,57.10,57.01,57.05,216
02-01-2026 18:15,57.05,57.08,56.89,56.92,208
02-01-2026 18:30,56.92,57.04,56.87,56.88,278
02-01-2026 18:45,56.88,56.96,56.85,56.94,238
02-01-2026 19:00,56.94,57.00,56.85,56.99,205
02-01-2026 19:15,56.99,57.01,56.85,56.85,253
02-01-2026 19:30,56.85,56.97,56.77,56.84,345
02-01-2026 19:45,56.84,56.87,56.76,56.83,213
02-01-2026 20:00,56.83,56.93,56.63,56.69,462
02-01-2026 20:15,56.69,56.74,56.63,56.69,358
02-01-2026 20:30,56.69,56.82,56.67,56.74,393
02-01-2026 20:45,56.74,56.81,56.60,56.71,365
02-01-2026 21:00,56.71,56.86,56.67,56.86,318
02-01-2026 21:15,56.86,56.99,56.70,56.77,456
02-01-2026 21:30,56.77,56.89,56.72,56.88,369
02-01-2026 21:45,56.88,56.93,56.65,56.68,379
02-01-2026 22:00,56.68,56.84,56.63,56.82,397
02-01-2026 22:15,56.82,56.83,56.69,56.76,307
02-01-2026 22:30,56.76,56.95,56.75,56.92,249
02-01-2026 22:45,56.92,57.13,56.92,57.12,347
02-01-2026 23:00,57.12,57.18,56.89,56.95,363
02-01-2026 23:15,56.95,57.03,56.89,56.99,203
02-01-2026 23:30,56.99,57.04,56.93,57.02,174
02-01-2026 23:45,57.02,57.07,56.98,56.99,209
03-01-2026 00:00,56.99,57.14,56.98,57.13,207
03-01-2026 00:15,57.13,57.22,57.09,57.17,270
03-01-2026 00:30,57.17,57.44,57.17,57.42,343
03-01-2026 00:45,57.42,57.43,57.28,57.34,428
03-01-2026 01:00,57.34,57.38,57.28,57.33,193
03-01-2026 01:15,57.33,57.33,57.21,57.24,122
03-01-2026 01:30,57.24,57.28,57.23,57.28,94
03-01-2026 01:45,57.28,57.30,57.25,57.28,111
03-01-2026 02:00,57.28,57.31,57.26,57.28,138
03-01-2026 02:15,57.28,57.29,57.22,57.28,155
03-01-2026 02:30,57.28,57.31,57.28,57.28,59
03-01-2026 02:45,57.28,57.31,57.27,57.31,52
03-01-2026 03:00,57.31,57.33,57.29,57.29,40
03-01-2026 03:15,57.29,57.33,57.28,57.31,56
05-01-2026 04:30,57.06,57.18,56.89,56.96,347
05-01-2026 04:45,56.96,57.14,56.96,57.11,233
05-01-2026 05:00,57.11,57.13,57.00,57.09,159
05-01-2026 05:15,57.09,57.37,57.06,57.32,202
05-01-2026 05:30,57.32,57.44,57.30,57.38,196
05-01-2026 05:45,57.38,57.46,57.35,57.40,140
05-01-2026 06:00,57.40,57.43,57.37,57.39,89
05-01-2026 06:15,57.39,57.44,57.34,57.37,97
05-01-2026 06:30,57.37,57.72,57.36,57.65,625
05-01-2026 06:45,57.65,57.66,57.48,57.61,262
05-01-2026 07:00,57.60,57.61,57.46,57.47,166
05-01-2026 07:15,57.47,57.48,57.25,57.27,286
05-01-2026 07:30,57.27,57.32,57.24,57.30,179
05-01-2026 07:45,57.29,57.34,57.27,57.33,103
05-01-2026 08:00,57.33,57.38,57.27,57.29,165
05-01-2026 08:15,57.29,57.32,57.24,57.25,128
05-01-2026 08:30,57.26,57.27,57.17,57.22,148
05-01-2026 08:45,57.22,57.26,57.20,57.23,119
05-01-2026 09:00,57.23,57.25,57.11,57.11,81
05-01-2026 09:15,57.11,57.13,57.01,57.05,103
05-01-2026 09:30,57.05,57.12,57.04,57.09,77
05-01-2026 09:45,57.09,57.13,57.09,57.11,53
05-01-2026 10:00,57.11,57.11,57.06,57.08,62
05-01-2026 10:15,57.08,57.08,56.99,57.01,68
05-01-2026 10:30,57.01,57.05,56.99,57.05,70
05-01-2026 10:45,57.05,57.09,57.04,57.06,68
05-01-2026 11:00,57.06,57.07,56.90,56.92,231
05-01-2026 11:15,56.92,56.93,56.83,56.89,177
05-01-2026 11:30,56.89,56.98,56.88,56.98,132
05-01-2026 11:45,56.98,57.02,56.88,56.94,154
05-01-2026 12:00,56.94,56.98,56.88,56.97,114
05-01-2026 12:15,56.97,56.97,56.83,56.87,154
05-01-2026 12:30,56.87,56.97,56.87,56.90,172
05-01-2026 12:45,56.90,56.91,56.76,56.76,173
05-01-2026 13:00,56.76,56.84,56.72,56.72,143
05-01-2026 13:15,56.72,56.80,56.70,56.76,156
05-01-2026 13:30,56.76,56.91,56.75,56.83,306
05-01-2026 13:45,56.83,56.83,56.32,56.32,537
05-01-2026 14:00,56.34,56.52,56.31,56.47,436
05-01-2026 14:15,56.47,56.68,56.46,56.59,355
05-01-2026 14:30,56.59,56.80,56.55,56.76,368
05-01-2026 14:45,56.76,56.97,56.72,56.88,325
05-01-2026 15:00,56.88,57.21,56.88,57.20,374
05-01-2026 15:15,57.20,57.44,57.20,57.40,346
05-01-2026 15:30,57.40,57.43,57.20,57.33,347
05-01-2026 15:45,57.34,57.36,57.28,57.31,305
05-01-2026 16:00,57.31,57.42,57.28,57.32,323
05-01-2026 16:15,57.32,57.41,57.27,57.37,248
05-01-2026 16:30,57.37,57.50,57.32,57.50,242
05-01-2026 16:45,57.50,57.53,57.46,57.46,217
05-01-2026 17:00,57.46,57.75,57.41,57.71,290
05-01-2026 17:15,57.71,57.74,57.58,57.64,253
05-01-2026 17:30,57.64,57.64,57.45,57.61,227
05-01-2026 17:45,57.61,57.67,57.59,57.62,194
05-01-2026 18:00,57.62,57.80,57.62,57.70,221
05-01-2026 18:15,57.70,57.84,57.69,57.83,218
05-01-2026 18:30,57.83,57.96,57.78,57.84,491
05-01-2026 18:45,57.83,57.87,57.74,57.85,268
05-01-2026 19:00,57.85,57.92,57.79,57.80,287
05-01-2026 19:15,57.80,57.89,57.77,57.89,241
05-01-2026 19:30,57.89,58.08,57.78,57.87,551
05-01-2026 19:45,57.87,57.99,57.85,57.93,326
05-01-2026 20:00,57.93,58.19,57.93,58.06,787
05-01-2026 20:15,58.06,58.13,57.96,57.98,500
05-01-2026 20:30,57.98,58.00,57.52,57.65,896
05-01-2026 20:45,57.66,57.95,57.65,57.87,469
05-01-2026 21:00,57.87,58.28,57.86,58.26,534
05-01-2026 21:15,58.25,58.50,58.21,58.41,571
05-01-2026 21:30,58.41,58.41,58.20,58.36,405
05-01-2026 21:45,58.36,58.39,58.15,58.16,411
05-01-2026 22:00,58.16,58.23,57.94,57.95,479
05-01-2026 22:15,57.95,58.15,57.90,58.11,385
05-01-2026 22:30,58.11,58.27,58.09,58.25,278
05-01-2026 22:45,58.25,58.30,58.18,58.27,259
05-01-2026 23:00,58.27,58.32,58.20,58.29,322
05-01-2026 23:15,58.29,58.32,58.20,58.30,216
05-01-2026 23:30,58.30,58.31,58.22,58.27,116
05-01-2026 23:45,58.27,58.35,58.27,58.32,154
06-01-2026 00:00,58.32,58.41,58.24,58.26,162
06-01-2026 00:15,58.26,58.33,58.26,58.28,146
06-01-2026 00:30,58.28,58.32,58.17,58.28,205
06-01-2026 00:45,58.28,58.34,58.24,58.31,267
06-01-2026 01:00,58.32,58.39,58.29,58.31,127
06-01-2026 01:15,58.31,58.33,58.27,58.29,86
06-01-2026 01:30,58.29,58.36,58.29,58.35,100
06-01-2026 01:45,58.35,58.40,58.34,58.38,116
06-01-2026 02:00,58.38,58.38,58.30,58.32,71
06-01-2026 02:15,58.32,58.40,58.32,58.34,100
06-01-2026 02:30,58.34,58.40,58.32,58.36,80
06-01-2026 02:45,58.36,58.37,58.32,58.34,60
06-01-2026 03:00,58.33,58.38,58.32,58.36,72
06-01-2026 03:15,58.36,58.38,58.30,58.33,66
06-01-2026 04:30,58.24,58.25,58.09,58.11,82
06-01-2026 04:45,58.11,58.16,58.05,58.12,88
06-01-2026 05:00,58.12,58.18,58.10,58.16,63
06-01-2026 05:15,58.17,58.22,58.16,58.21,48
06-01-2026 05:30,58.21,58.22,58.14,58.14,48
06-01-2026 05:45,58.14,58.24,58.12,58.23,85
06-01-2026 06:00,58.23,58.26,58.18,58.19,68
06-01-2026 06:15,58.19,58.31,58.19,58.26,92
06-01-2026 06:30,58.27,58.27,58.10,58.14,221
06-01-2026 06:45,58.14,58.17,58.03,58.06,113
06-01-2026 07:00,58.06,58.09,57.99,58.07,135
06-01-2026 07:15,58.08,58.10,58.01,58.01,82
06-01-2026 07:30,58.01,58.08,57.90,58.07,125
06-01-2026 07:45,58.07,58.07,58.03,58.04,67
06-01-2026 08:00,58.04,58.06,58.01,58.05,75
06-01-2026 08:15,58.05,58.06,57.98,57.99,64
06-01-2026 08:30,57.99,58.04,57.95,58.03,82
06-01-2026 08:45,58.04,58.08,58.02,58.08,91
06-01-2026 09:00,58.08,58.15,58.06,58.14,60
06-01-2026 09:15,58.14,58.15,58.11,58.12,29
06-01-2026 09:30,58.12,58.13,58.09,58.09,47
06-01-2026 09:45,58.09,58.10,58.07,58.10,40
06-01-2026 10:00,58.10,58.16,58.10,58.15,36
06-01-2026 10:15,58.15,58.15,58.11,58.11,21
06-01-2026 10:30,58.11,58.11,58.07,58.07,25
06-01-2026 10:45,58.07,58.13,58.07,58.13,47
06-01-2026 11:00,58.13,58.17,58.08,58.10,76
06-01-2026 11:15,58.10,58.11,58.06,58.06,71
06-01-2026 11:30,58.06,58.11,58.03,58.05,80
06-01-2026 11:45,58.05,58.15,58.03,58.15,92
06-01-2026 12:00,58.15,58.17,58.11,58.13,140
06-01-2026 12:15,58.14,58.18,58.11,58.12,98
06-01-2026 12:30,58.12,58.13,58.01,58.05,189
06-01-2026 12:45,58.05,58.11,58.02,58.04,106
06-01-2026 13:00,58.03,58.03,57.93,57.93,132
06-01-2026 13:15,57.93,57.97,57.88,57.95,192
06-01-2026 13:30,57.94,57.97,57.86,57.87,265
06-01-2026 13:45,57.87,57.94,57.84,57.86,292
06-01-2026 14:00,57.86,58.05,57.86,58.02,300
06-01-2026 14:15,58.02,58.48,58.02,58.47,321
06-01-2026 14:30,58.46,58.67,58.29,58.35,540
06-01-2026 14:45,58.35,58.55,58.33,58.55,299
06-01-2026 15:00,58.55,58.60,58.39,58.39,268
06-01-2026 15:15,58.39,58.48,58.29,58.38,332
06-01-2026 15:30,58.39,58.51,58.37,58.50,227
06-01-2026 15:45,58.50,58.50,58.36,58.37,249
06-01-2026 16:00,58.37,58.54,58.37,58.50,184
06-01-2026 16:15,58.50,58.59,58.50,58.57,238
06-01-2026 16:30,58.57,58.59,58.49,58.56,200
06-01-2026 16:45,58.56,58.56,58.42,58.49,285
06-01-2026 17:00,58.49,58.61,58.46,58.61,208
06-01-2026 17:15,58.61,58.63,58.54,58.59,178
06-01-2026 17:30,58.59,58.61,58.49,58.55,196
06-01-2026 17:45,58.55,58.63,58.49,58.61,156
06-01-2026 18:00,58.61,58.62,58.37,58.45,260
06-01-2026 18:15,58.45,58.57,58.41,58.55,217
06-01-2026 18:30,58.55,58.64,58.50,58.56,401
06-01-2026 18:45,58.56,58.61,58.56,58.57,262
06-01-2026 19:00,58.57,58.77,58.53,58.70,398
06-01-2026 19:15,58.70,58.85,58.69,58.73,461
06-01-2026 19:30,58.73,58.79,58.58,58.63,541
06-01-2026 19:45,58.63,58.76,58.58,58.67,422
06-01-2026 20:00,58.67,58.77,58.63,58.67,443
06-01-2026 20:15,58.67,58.69,58.09,58.12,748
06-01-2026 20:30,58.12,58.15,57.73,57.82,1178
06-01-2026 20:45,57.82,58.25,57.80,58.12,747
06-01-2026 21:00,58.13,58.43,58.04,58.42,625
06-01-2026 21:15,58.42,58.42,58.11,58.14,439
06-01-2026 21:30,58.14,58.27,58.00,58.10,505
06-01-2026 21:45,58.11,58.11,57.95,58.08,456
06-01-2026 22:00,58.08,58.16,57.98,58.06,437
06-01-2026 22:15,58.06,58.08,57.94,57.95,234
06-01-2026 22:30,57.95,57.97,57.78,57.79,273
06-01-2026 22:45,57.79,57.81,57.65,57.72,318
06-01-2026 23:00,57.72,57.75,57.57,57.60,248
06-01-2026 23:15,57.60,57.66,57.59,57.62,186
06-01-2026 23:30,57.62,57.68,57.59,57.66,185
06-01-2026 23:45,57.66,57.67,57.59,57.60,162
07-01-2026 00:00,57.60,57.60,57.46,57.50,219
07-01-2026 00:15,57.50,57.51,57.35,57.36,192
07-01-2026 00:30,57.36,57.38,57.13,57.15,348
07-01-2026 00:45,57.15,57.20,57.03,57.12,621
07-01-2026 01:00,57.12,57.16,57.00,57.02,296
07-01-2026 01:15,57.02,57.04,56.92,56.93,200
07-01-2026 01:30,56.93,56.97,56.89,56.89,148
07-01-2026 01:45,56.89,56.94,56.83,56.93,156
07-01-2026 02:00,56.93,57.04,56.93,57.01,137
07-01-2026 02:15,57.02,57.02,56.88,56.90,132
07-01-2026 02:30,56.90,56.95,56.87,56.91,85
07-01-2026 02:45,56.91,56.99,56.91,56.95,127
07-01-2026 03:00,56.95,57.04,56.95,56.98,159
07-01-2026 03:15,56.98,56.99,56.90,56.95,90
07-01-2026 04:30,56.97,57.06,56.95,57.04,68
07-01-2026 04:45,57.04,57.08,57.02,57.03,47
07-01-2026 05:00,57.03,57.04,57.01,57.02,34
07-01-2026 05:15,57.03,57.04,56.36,56.44,452
07-01-2026 05:30,56.44,56.56,56.13,56.22,519
07-01-2026 05:45,56.23,56.26,55.75,56.06,669
07-01-2026 06:00,56.06,56.29,55.89,56.23,359
07-01-2026 06:15,56.23,56.34,56.18,56.30,262
07-01-2026 06:30,56.30,56.53,56.30,56.42,933
07-01-2026 06:45,56.42,56.53,56.36,56.38,424
07-01-2026 07:00,56.38,56.66,56.33,56.64,384
07-01-2026 07:15,56.63,56.64,56.35,56.37,244
07-01-2026 07:30,56.37,56.41,56.28,56.34,271
07-01-2026 07:45,56.34,56.42,56.29,56.31,139
07-01-2026 08:00,56.31,56.44,56.25,56.39,217
07-01-2026 08:15,56.39,56.45,56.37,56.42,156
07-01-2026 08:30,56.43,56.47,56.35,56.36,151
07-01-2026 08:45,56.36,56.46,56.36,56.44,135
07-01-2026 09:00,56.44,56.46,56.26,56.29,161
07-01-2026 09:15,56.29,56.34,56.29,56.31,100
07-01-2026 09:30,56.31,56.39,56.29,56.32,147
07-01-2026 09:45,56.32,56.33,56.22,56.24,103
07-01-2026 10:00,56.24,56.27,56.20,56.27,91
07-01-2026 10:15,56.27,56.30,56.24,56.25,53
07-01-2026 10:30,56.25,56.25,56.20,56.23,51
07-01-2026 10:45,56.23,56.24,56.18,56.20,92
07-01-2026 11:00,56.20,56.22,56.12,56.14,134
07-01-2026 11:15,56.14,56.26,56.12,56.26,126
07-01-2026 11:30,56.26,56.42,56.26,56.37,174
07-01-2026 11:45,56.37,56.41,56.30,56.31,134
07-01-2026 12:00,56.31,56.33,56.19,56.22,142
07-01-2026 12:15,56.23,56.26,56.19,56.22,142
07-01-2026 12:30,56.22,56.32,56.12,56.31,187
07-01-2026 12:45,56.31,56.38,56.23,56.27,234
07-01-2026 13:00,56.27,56.34,56.20,56.21,178
07-01-2026 13:15,56.21,56.36,56.19,56.33,310
07-01-2026 13:30,56.32,56.48,56.25,56.46,400
07-01-2026 13:45,56.46,56.53,56.42,56.49,343
07-01-2026 14:00,56.49,56.56,56.44,56.54,374
07-01-2026 14:15,56.54,56.59,56.50,56.53,321
07-01-2026 14:30,56.53,56.53,56.43,56.52,259
07-01-2026 14:45,56.52,56.66,56.47,56.60,335
07-01-2026 15:00,56.60,56.62,56.44,56.49,335
07-01-2026 15:15,56.49,56.49,56.28,56.34,266
07-01-2026 15:30,56.34,56.49,56.28,56.44,284
07-01-2026 15:45,56.44,56.69,56.43,56.59,296
07-01-2026 16:00,56.59,56.74,56.52,56.73,314
07-01-2026 16:15,56.73,56.88,56.66,56.86,258
07-01-2026 16:30,56.86,56.99,56.79,56.89,327
07-01-2026 16:45,56.89,56.89,56.80,56.87,185
07-01-2026 17:00,56.87,56.90,56.75,56.79,209
07-01-2026 17:15,56.79,56.85,56.73,56.84,193
07-01-2026 17:30,56.84,56.86,56.76,56.79,160
07-01-2026 17:45,56.78,56.90,56.74,56.86,193
07-01-2026 18:00,56.86,57.05,56.85,57.00,346
07-01-2026 18:15,57.00,57.08,56.99,57.03,267
07-01-2026 18:30,57.03,57.08,56.94,57.07,384
07-01-2026 18:45,57.07,57.16,56.62,56.70,1019
07-01-2026 19:00,56.70,56.96,56.65,56.89,705
07-01-2026 19:15,56.89,57.04,56.80,56.99,360
07-01-2026 19:30,57.00,57.08,56.83,56.93,623
07-01-2026 19:45,56.93,56.93,56.59,56.64,590
07-01-2026 20:00,56.64,56.70,56.35,56.51,775
07-01-2026 20:15,56.51,56.62,56.47,56.50,532
07-01-2026 20:30,56.50,56.51,56.33,56.37,536
07-01-2026 20:45,56.37,56.40,56.29,56.35,435
07-01-2026 21:00,56.35,56.45,56.25,56.44,818
07-01-2026 21:15,56.44,56.64,56.42,56.44,606
07-01-2026 21:30,56.44,56.45,56.33,56.44,410
07-01-2026 21:45,56.44,56.55,56.34,56.47,564
07-01-2026 22:00,56.47,56.49,56.26,56.32,500
07-01-2026 22:15,56.32,56.32,56.15,56.15,311
07-01-2026 22:30,56.15,56.19,55.96,56.04,373
07-01-2026 22:45,56.04,56.13,55.99,56.00,321
07-01-2026 23:00,56.00,56.06,55.86,55.94,239
07-01-2026 23:15,55.94,55.97,55.86,55.86,234
07-01-2026 23:30,55.86,55.97,55.85,55.95,186
07-01-2026 23:45,55.95,55.98,55.89,55.93,177
08-01-2026 00:00,55.92,56.01,55.88,55.93,218
08-01-2026 00:15,55.93,56.00,55.91,55.99,206
08-01-2026 00:30,55.99,56.07,55.98,55.98,274
08-01-2026 00:45,55.98,56.04,55.96,55.99,268
08-01-2026 01:00,55.98,56.24,55.98,56.18,232
08-01-2026 01:15,56.18,56.31,56.17,56.23,184
08-01-2026 01:30,56.23,56.28,56.15,56.19,174
08-01-2026 01:45,56.19,56.21,56.13,56.20,107
08-01-2026 02:00,56.20,56.23,56.10,56.22,98
08-01-2026 02:15,56.22,56.30,56.22,56.29,105
08-01-2026 02:30,56.28,56.34,56.25,56.33,91
08-01-2026 02:45,56.34,56.35,56.29,56.30,53
08-01-2026 03:00,56.30,56.33,56.29,56.31,56
08-01-2026 03:15,56.31,56.38,56.28,56.36,99
08-01-2026 04:30,56.35,56.38,56.31,56.33,93
08-01-2026 04:45,56.33,56.44,56.33,56.34,77
08-01-2026 05:00,56.34,56.35,56.29,56.34,47
08-01-2026 05:15,56.34,56.35,56.28,56.29,55
08-01-2026 05:30,56.29,56.34,56.27,56.28,59
08-01-2026 05:45,56.29,56.32,56.28,56.30,35
08-01-2026 06:00,56.30,56.32,56.30,56.32,32
08-01-2026 06:15,56.31,56.32,56.27,56.29,55
08-01-2026 06:30,56.29,56.41,56.27,56.35,217
08-01-2026 06:45,56.35,56.40,56.34,56.37,115
08-01-2026 07:00,56.37,56.40,56.33,56.38,147
08-01-2026 07:15,56.38,56.45,56.38,56.43,136
08-01-2026 07:30,56.43,56.43,56.26,56.35,212
08-01-2026 07:45,56.35,56.39,56.33,56.33,81
08-01-2026 08:00,56.33,56.33,56.17,56.20,140
08-01-2026 08:15,56.20,56.24,56.15,56.21,128
08-01-2026 08:30,56.21,56.22,56.14,56.17,108
08-01-2026 08:45,56.17,56.25,56.14,56.24,116
08-01-2026 09:00,56.24,56.25,56.19,56.20,79
08-01-2026 09:15,56.20,56.27,56.19,56.25,52
08-01-2026 09:30,56.25,56.25,56.21,56.22,62
08-01-2026 09:45,56.22,56.31,56.22,56.30,56
08-01-2026 10:00,56.30,56.33,56.28,56.28,43
08-01-2026 10:15,56.28,56.29,56.26,56.27,35
08-01-2026 10:30,56.27,56.32,56.26,56.31,54
08-01-2026 10:45,56.31,56.31,56.27,56.27,44
08-01-2026 11:00,56.27,56.28,56.22,56.23,135
08-01-2026 11:15,56.24,56.26,56.21,56.25,129
08-01-2026 11:30,56.25,56.25,56.10,56.11,177
08-01-2026 11:45,56.11,56.15,56.09,56.14,113
08-01-2026 12:00,56.14,56.23,56.13,56.20,108
08-01-2026 12:15,56.20,56.26,56.18,56.26,113
08-01-2026 12:30,56.25,56.28,56.19,56.27,130
08-01-2026 12:45,56.27,56.28,56.18,56.21,127
08-01-2026 13:00,56.21,56.23,56.14,56.17,151
08-01-2026 13:15,56.17,56.21,56.12,56.16,141
08-01-2026 13:30,56.16,56.16,56.04,56.08,257
08-01-2026 13:45,56.08,56.17,56.06,56.10,317
08-01-2026 14:00,56.09,56.16,55.97,56.09,307
08-01-2026 14:15,56.09,56.19,56.03,56.18,190
08-01-2026 14:30,56.18,56.27,56.05,56.26,223
08-01-2026 14:45,56.26,56.32,56.16,56.25,194
08-01-2026 15:00,56.25,56.43,56.24,56.42,240
08-01-2026 15:15,56.42,56.51,56.39,56.42,262
08-01-2026 15:30,56.42,56.56,56.38,56.53,266
08-01-2026 15:45,56.54,56.58,56.49,56.52,245
08-01-2026 16:00,56.52,56.62,56.50,56.60,207
08-01-2026 16:15,56.60,56.69,56.59,56.64,221
08-01-2026 16:30,56.64,56.69,56.57,56.65,174
08-01-2026 16:45,56.65,56.71,56.63,56.70,148
08-01-2026 17:00,56.70,56.91,56.68,56.83,239
08-01-2026 17:15,56.83,56.87,56.75,56.84,178
08-01-2026 17:30,56.84,56.89,56.80,56.86,209
08-01-2026 17:45,56.86,56.87,56.78,56.84,240
08-01-2026 18:00,56.85,56.93,56.83,56.90,260
08-01-2026 18:15,56.90,56.92,56.81,56.88,201
08-01-2026 18:30,56.88,56.89,56.77,56.83,342
08-01-2026 18:45,56.83,56.95,56.80,56.88,278
08-01-2026 19:00,56.88,57.16,56.88,57.12,396
08-01-2026 19:15,57.11,57.13,56.95,57.07,406
08-01-2026 19:30,57.07,57.11,56.98,57.05,502
08-01-2026 19:45,57.05,57.18,56.99,57.05,386
08-01-2026 20:00,57.05,57.22,57.00,57.08,478
08-01-2026 20:15,57.08,57.08,56.91,56.96,439
08-01-2026 20:30,56.96,57.04,56.93,56.96,360
08-01-2026 20:45,56.97,56.97,56.78,56.82,373
08-01-2026 21:00,56.82,56.86,56.78,56.82,305
08-01-2026 21:15,56.82,56.87,56.74,56.86,291
08-01-2026 21:30,56.86,57.05,56.84,57.02,327
08-01-2026 21:45,57.02,57.06,56.97,56.99,357
08-01-2026 22:00,56.99,57.10,56.96,57.08,312
08-01-2026 22:15,57.08,57.14,57.00,57.06,270
08-01-2026 22:30,57.06,57.18,57.03,57.16,255
08-01-2026 22:45,57.16,57.19,57.11,57.17,234
08-01-2026 23:00,57.18,57.35,57.14,57.23,314
08-01-2026 23:15,57.23,57.28,57.21,57.28,185
08-01-2026 23:30,57.28,57.34,57.24,57.29,212
08-01-2026 23:45,57.29,57.42,57.28,57.37,274
09-01-2026 00:00,57.38,57.58,57.31,57.52,260
09-01-2026 00:15,57.52,57.70,57.52,57.69,366
09-01-2026 00:30,57.69,57.69,57.54,57.62,444
09-01-2026 00:45,57.62,57.82,57.61,57.75,456
09-01-2026 01:00,57.75,58.01,57.72,57.99,259
09-01-2026 01:15,57.99,58.25,57.97,58.19,411
09-01-2026 01:30,58.19,58.33,58.19,58.28,362
09-01-2026 01:45,58.28,58.39,58.27,58.37,233
09-01-2026 02:00,58.37,58.56,58.33,58.52,341
09-01-2026 02:15,58.53,58.67,58.52,58.59,385
09-01-2026 02:30,58.58,58.59,58.51,58.54,192
09-01-2026 02:45,58.54,58.73,58.54,58.63,201
09-01-2026 03:00,58.63,58.64,58.36,58.42,206
09-01-2026 03:15,58.41,58.48,58.36,58.38,168
09-01-2026 04:30,58.38,58.40,58.28,58.40,75
09-01-2026 04:45,58.40,58.44,58.35,58.35,60
09-01-2026 05:00,58.35,58.40,58.29,58.37,69
09-01-2026 05:15,58.37,58.37,58.26,58.28,63
09-01-2026 05:30,58.28,58.29,58.23,58.24,107
09-01-2026 05:45,58.24,58.25,58.22,58.23,36
09-01-2026 06:00,58.23,58.28,58.23,58.24,51
09-01-2026 06:15,58.24,58.28,58.22,58.22,56
09-01-2026 06:30,58.22,58.25,58.01,58.04,557
09-01-2026 06:45,58.04,58.13,57.98,58.07,255
09-01-2026 07:00,58.07,58.10,58.00,58.03,142
09-01-2026 07:15,58.03,58.11,58.03,58.09,155
09-01-2026 07:30,58.10,58.17,58.09,58.11,149
09-01-2026 07:45,58.11,58.18,58.10,58.13,65
09-01-2026 08:00,58.13,58.16,58.10,58.14,133
09-01-2026 08:15,58.14,58.16,58.09,58.14,125
09-01-2026 08:30,58.14,58.15,58.06,58.07,125
09-01-2026 08:45,58.07,58.08,58.01,58.03,105
09-01-2026 09:00,58.03,58.08,57.99,58.07,97
09-01-2026 09:15,58.07,58.10,58.05,58.10,50
09-01-2026 09:30,58.10,58.13,58.04,58.12,82
09-01-2026 09:45,58.12,58.15,58.12,58.14,40
09-01-2026 10:00,58.14,58.20,58.14,58.20,65
09-01-2026 10:15,58.20,58.20,58.14,58.18,48
09-01-2026 10:30,58.18,58.18,58.11,58.14,58
09-01-2026 10:45,58.14,58.14,58.10,58.14,33
09-01-2026 11:00,58.14,58.25,58.12,58.18,160
09-01-2026 11:15,58.18,58.20,58.15,58.16,102
09-01-2026 11:30,58.17,58.24,58.15,58.23,66
09-01-2026 11:45,58.23,58.35,58.20,58.33,136
09-01-2026 12:00,58.33,58.37,58.29,58.31,132
09-01-2026 12:15,58.31,58.36,58.28,58.33,168
09-01-2026 12:30,58.33,58.47,58.32,58.39,139
09-01-2026 12:45,58.39,58.52,58.39,58.50,142
09-01-2026 13:00,58.50,58.52,58.39,58.40,159
09-01-2026 13:15,58.41,58.42,58.26,58.32,168
09-01-2026 13:30,58.32,58.34,58.17,58.23,338
09-01-2026 13:45,58.23,58.27,58.17,58.19,326
09-01-2026 14:00,58.18,58.33,58.18,58.23,318
09-01-2026 14:15,58.23,58.31,58.16,58.17,267
09-01-2026 14:30,58.16,58.27,58.14,58.16,276
09-01-2026 14:45,58.16,58.17,57.93,57.95,327
09-01-2026 15:00,57.95,57.96,57.61,57.67,567
09-01-2026 15:15,57.67,57.93,57.66,57.91,407
09-01-2026 15:30,57.91,57.99,57.86,57.91,236
09-01-2026 15:45,57.91,58.04,57.86,57.89,223
09-01-2026 16:00,57.89,58.05,57.89,58.02,215
09-01-2026 16:15,58.02,58.10,57.98,58.08,165
09-01-2026 16:30,58.09,58.26,58.09,58.22,149
09-01-2026 16:45,58.22,58.23,58.15,58.20,125
09-01-2026 17:00,58.20,58.29,58.19,58.27,123
09-01-2026 17:15,58.27,58.32,58.23,58.28,123
09-01-2026 17:30,58.28,58.31,58.22,58.25,151
09-01-2026 17:45,58.25,58.31,58.23,58.27,170
09-01-2026 18:00,58.27,58.30,58.16,58.19,188
09-01-2026 18:15,58.19,58.23,58.13,58.13,189
09-01-2026 18:30,58.13,58.28,58.11,58.22,349
09-01-2026 18:45,58.22,58.22,58.06,58.14,251
09-01-2026 19:00,58.15,58.19,58.00,58.09,457
09-01-2026 19:15,58.10,58.32,58.06,58.26,350
09-01-2026 19:30,58.26,58.63,58.18,58.62,553
09-01-2026 19:45,58.62,59.05,58.62,58.85,1090
09-01-2026 20:00,58.86,59.17,58.82,59.11,808
09-01-2026 20:15,59.11,59.33,59.08,59.23,765
09-01-2026 20:30,59.23,59.24,58.94,59.07,859
09-01-2026 20:45,59.08,59.26,58.99,59.25,569
09-01-2026 21:00,59.25,59.31,59.15,59.27,460
09-01-2026 21:15,59.27,59.51,59.23,59.46,429
09-01-2026 21:30,59.45,59.50,59.31,59.39,552
09-01-2026 21:45,59.39,59.53,59.30,59.49,377
09-01-2026 22:00,59.49,59.58,59.49,59.54,449
09-01-2026 22:15,59.54,59.77,59.53,59.75,448
09-01-2026 22:30,59.75,59.75,59.56,59.61,423
09-01-2026 22:45,59.61,59.63,59.34,59.34,448
09-01-2026 23:00,59.34,59.41,59.28,59.32,330
09-01-2026 23:15,59.32,59.39,59.26,59.36,271
09-01-2026 23:30,59.36,59.37,59.12,59.15,289
09-01-2026 23:45,59.15,59.30,59.09,59.25,308
10-01-2026 00:00,59.25,59.36,59.24,59.35,263
10-01-2026 00:15,59.35,59.44,59.32,59.42,257
10-01-2026 00:30,59.42,59.44,59.30,59.36,326
10-01-2026 00:45,59.36,59.38,59.05,59.10,415
10-01-2026 01:00,59.10,59.15,59.02,59.06,294
10-01-2026 01:15,59.06,59.07,58.97,58.98,207
10-01-2026 01:30,58.97,59.02,58.93,59.00,160
10-01-2026 01:45,59.00,59.01,58.91,58.96,166
10-01-2026 02:00,58.96,59.00,58.84,58.85,160
10-01-2026 02:15,58.85,58.88,58.75,58.77,208
10-01-2026 02:30,58.77,58.82,58.75,58.80,98
10-01-2026 02:45,58.80,58.85,58.79,58.85,74
10-01-2026 03:00,58.84,58.95,58.77,58.78,136
10-01-2026 03:15,58.78,58.80,58.71,58.77,100
12-01-2026 04:30,59.33,59.62,59.26,59.58,251
12-01-2026 04:45,59.58,59.65,59.56,59.63,181
12-01-2026 05:00,59.62,59.67,59.52,59.66,158
12-01-2026 05:15,59.66,59.77,59.57,59.59,199
12-01-2026 05:30,59.59,59.59,59.34,59.39,224
12-01-2026 05:45,59.40,59.46,59.35,59.36,154
12-01-2026 06:00,59.36,59.46,59.35,59.41,110
12-01-2026 06:15,59.41,59.51,59.40,59.45,151
12-01-2026 06:30,59.45,59.47,58.95,58.99,418
12-01-2026 06:45,58.99,59.11,58.96,59.09,269
12-01-2026 07:00,59.09,59.17,58.65,58.75,496
12-01-2026 07:15,58.75,58.86,58.65,58.79,353
12-01-2026 07:30,58.79,59.04,58.79,59.04,230
12-01-2026 07:45,59.04,59.10,58.97,58.97,135
12-01-2026 08:00,58.97,59.15,58.90,59.14,226
12-01-2026 08:15,59.15,59.19,59.13,59.15,132
12-01-2026 08:30,59.15,59.18,59.13,59.17,87
12-01-2026 08:45,59.17,59.23,59.15,59.18,107
12-01-2026 09:00,59.18,59.29,59.16,59.27,168
12-01-2026 09:15,59.28,59.29,59.17,59.17,72
12-01-2026 09:30,59.17,59.26,59.14,59.20,85
12-01-2026 09:45,59.20,59.22,59.13,59.16,50
12-01-2026 10:00,59.15,59.19,59.13,59.15,51
12-01-2026 10:15,59.15,59.21,59.15,59.20,53
12-01-2026 10:30,59.20,59.25,59.17,59.21,56
12-01-2026 10:45,59.21,59.24,59.20,59.22,48
12-01-2026 11:00,59.21,59.29,59.18,59.22,126
12-01-2026 11:15,59.23,59.30,59.16,59.28,128
12-01-2026 11:30,59.28,59.31,59.20,59.20,126
12-01-2026 11:45,59.21,59.25,59.15,59.22,132
12-01-2026 12:00,59.22,59.27,59.19,59.26,112
12-01-2026 12:15,59.26,59.29,59.20,59.21,104
12-01-2026 12:30,59.22,59.22,59.01,59.11,169
12-01-2026 12:45,59.11,59.23,59.07,59.09,221
12-01-2026 13:00,59.09,59.09,59.02,59.04,211
12-01-2026 13:15,59.03,59.06,58.90,58.94,267
12-01-2026 13:30,58.94,59.08,58.89,59.05,342
12-01-2026 13:45,59.05,59.09,58.96,58.97,411
12-01-2026 14:00,58.97,58.98,58.66,58.94,567
12-01-2026 14:15,58.95,59.12,58.89,58.94,291
12-01-2026 14:30,58.94,58.97,58.82,58.82,276
12-01-2026 14:45,58.82,58.86,58.74,58.80,275
12-01-2026 15:00,58.78,58.98,58.72,58.90,286
12-01-2026 15:15,58.92,58.95,58.80,58.86,228
12-01-2026 15:30,58.86,59.01,58.73,58.75,311
12-01-2026 15:45,58.75,58.85,58.69,58.82,237
12-01-2026 16:00,58.83,58.87,58.69,58.77,259
12-01-2026 16:15,58.78,58.82,58.70,58.81,202
12-01-2026 16:30,58.81,58.81,58.53,58.66,284
12-01-2026 16:45,58.66,58.68,58.45,58.57,327
12-01-2026 17:00,58.57,58.63,58.46,58.58,244
12-01-2026 17:15,58.58,58.68,58.55,58.59,208
12-01-2026 17:30,58.60,58.67,58.56,58.59,212
12-01-2026 17:45,58.59,58.77,58.52,58.76,269
12-01-2026 18:00,58.76,58.92,58.75,58.90,308
12-01-2026 18:15,58.90,59.04,58.88,59.01,259
12-01-2026 18:30,59.01,59.08,58.83,58.87,444
12-01-2026 18:45,58.88,58.98,58.86,58.93,323
12-01-2026 19:00,58.93,58.94,58.65,58.66,365
12-01-2026 19:15,58.66,58.77,58.64,58.76,303
12-01-2026 19:30,58.76,59.01,58.69,58.98,645
12-01-2026 19:45,58.98,59.00,58.71,58.88,537
12-01-2026 20:00,58.89,58.91,58.66,58.67,547
12-01-2026 20:15,58.67,58.76,58.48,58.71,628
12-01-2026 20:30,58.72,58.92,58.72,58.89,426
12-01-2026 20:45,58.89,59.06,58.74,59.03,422
12-01-2026 21:00,59.03,59.20,58.99,59.05,436
12-01-2026 21:15,59.05,59.12,58.98,59.09,306
12-01-2026 21:30,59.09,59.42,58.97,59.30,551
12-01-2026 21:45,59.30,59.41,59.12,59.13,647
12-01-2026 22:00,59.15,59.32,59.15,59.20,457
12-01-2026 22:15,59.20,59.25,58.94,59.03,410
12-01-2026 22:30,59.03,59.16,58.95,59.10,328
12-01-2026 22:45,59.10,59.13,58.95,59.02,326
12-01-2026 23:00,59.02,59.23,58.98,59.21,268
12-01-2026 23:15,59.22,59.31,59.16,59.26,263
12-01-2026 23:30,59.27,59.28,59.04,59.09,285
12-01-2026 23:45,59.09,59.24,59.08,59.15,261
13-01-2026 00:00,59.15,59.17,59.00,59.05,229
13-01-2026 00:15,59.05,59.19,59.05,59.10,240
13-01-2026 00:30,59.10,59.25,59.07,59.23,250
13-01-2026 00:45,59.23,59.55,59.21,59.54,797
13-01-2026 01:00,59.54,59.80,59.53,59.69,304
13-01-2026 01:15,59.69,59.70,59.49,59.59,222
13-01-2026 01:30,59.59,59.60,59.41,59.42,117
13-01-2026 01:45,59.42,59.44,59.39,59.44,116
13-01-2026 02:00,59.44,59.46,59.34,59.44,176
13-01-2026 02:15,59.44,59.57,59.44,59.50,143
13-01-2026 02:30,59.50,59.54,59.44,59.50,126
13-01-2026 02:45,59.50,59.64,59.50,59.61,183
13-01-2026 03:00,59.61,59.66,59.61,59.61,67
13-01-2026 03:15,59.61,59.91,59.60,59.85,394
13-01-2026 04:30,59.77,59.81,59.67,59.69,117
13-01-2026 04:45,59.71,59.76,59.67,59.75,69
13-01-2026 05:00,59.75,59.87,59.75,59.79,99
13-01-2026 05:15,59.79,59.81,59.74,59.79,71
13-01-2026 05:30,59.79,59.79,59.68,59.79,93
13-01-2026 05:45,59.79,59.82,59.65,59.66,81
13-01-2026 06:00,59.66,59.74,59.66,59.74,42
13-01-2026 06:15,59.74,59.76,59.66,59.68,56
13-01-2026 06:30,59.68,59.99,59.64,59.88,455
13-01-2026 06:45,59.88,59.89,59.79,59.81,223
13-01-2026 07:00,59.80,59.82,59.67,59.71,189
13-01-2026 07:15,59.72,59.75,59.67,59.68,140
13-01-2026 07:30,59.68,59.74,59.64,59.66,167
13-01-2026 07:45,59.66,59.67,59.50,59.53,144
13-01-2026 08:00,59.54,59.60,59.47,59.56,264
13-01-2026 08:15,59.57,59.70,59.56,59.68,165
13-01-2026 08:30,59.68,59.72,59.66,59.69,121
13-01-2026 08:45,59.70,59.74,59.68,59.73,117
13-01-2026 09:00,59.73,59.76,59.64,59.74,109
13-01-2026 09:15,59.74,59.75,59.71,59.73,59
13-01-2026 09:30,59.73,59.76,59.67,59.67,60
13-01-2026 09:45,59.68,59.75,59.67,59.72,43
13-01-2026 10:00,59.72,59.76,59.72,59.74,37
13-01-2026 10:15,59.74,59.79,59.72,59.78,55
13-01-2026 10:30,59.78,59.79,59.68,59.69,58
13-01-2026 10:45,59.69,59.74,59.66,59.74,50
13-01-2026 11:00,59.74,59.75,59.64,59.74,173
13-01-2026 11:15,59.75,59.82,59.74,59.77,122
13-01-2026 11:30,59.77,59.88,59.72,59.88,136
13-01-2026 11:45,59.88,59.88,59.81,59.82,120
13-01-2026 12:00,59.82,59.88,59.81,59.86,114
13-01-2026 12:15,59.86,60.09,59.86,60.07,189
13-01-2026 12:30,60.07,60.07,59.84,59.90,223
13-01-2026 12:45,59.90,60.00,59.86,59.98,162
13-01-2026 13:00,59.98,60.00,59.84,59.93,157
13-01-2026 13:15,59.93,59.93,59.82,59.83,134
13-01-2026 13:30,59.83,59.85,59.76,59.83,281
13-01-2026 13:45,59.82,59.85,59.76,59.77,311
13-01-2026 14:00,59.77,59.98,59.74,59.98,398
13-01-2026 14:15,59.98,60.19,59.93,60.11,328
13-01-2026 14:30,60.11,60.24,60.11,60.21,318
13-01-2026 14:45,60.21,60.47,60.20,60.44,301
13-01-2026 15:00,60.44,60.78,60.44,60.76,520
13-01-2026 15:15,60.76,60.82,60.42,60.52,584
13-01-2026 15:30,60.52,60.66,60.47,60.59,325
13-01-2026 15:45,60.59,60.63,60.40,60.41,320
13-01-2026 16:00,60.41,60.41,60.16,60.38,489
13-01-2026 16:15,60.38,60.41,60.24,60.35,305
13-01-2026 16:30,60.35,60.36,60.23,60.34,271
13-01-2026 16:45,60.34,60.53,60.32,60.52,190
13-01-2026 17:00,60.53,60.70,60.52,60.66,245
13-01-2026 17:15,60.66,60.78,60.64,60.74,248
13-01-2026 17:30,60.74,60.75,60.52,60.61,340
13-01-2026 17:45,60.62,60.62,60.49,60.57,221
13-01-2026 18:00,60.57,60.71,60.57,60.69,241
13-01-2026 18:15,60.69,60.76,60.63,60.72,293
13-01-2026 18:30,60.72,60.78,60.50,60.58,591
13-01-2026 18:45,60.58,60.70,60.51,60.63,393
13-01-2026 19:00,60.63,60.73,60.57,60.60,481
13-01-2026 19:15,60.60,60.65,60.30,60.41,507
13-01-2026 19:30,60.41,60.53,60.24,60.32,656
13-01-2026 19:45,60.32,60.50,60.21,60.47,553
13-01-2026 20:00,60.47,61.21,60.46,61.20,1054
13-01-2026 20:15,61.20,61.42,60.80,61.00,1966
13-01-2026 20:30,60.99,61.21,60.93,61.11,970
13-01-2026 20:45,61.11,61.25,61.08,61.12,683
13-01-2026 21:00,61.12,61.37,60.98,61.35,752
13-01-2026 21:15,61.35,61.41,61.24,61.34,614
13-01-2026 21:30,61.34,61.36,61.22,61.35,537
13-01-2026 21:45,61.35,61.49,61.19,61.28,674
13-01-2026 22:00,61.27,61.48,61.21,61.37,644
13-01-2026 22:15,61.36,61.41,61.29,61.35,530
13-01-2026 22:30,61.35,61.35,60.95,61.07,685
13-01-2026 22:45,61.07,61.16,60.89,61.02,420
13-01-2026 23:00,61.01,61.04,60.83,60.89,443
13-01-2026 23:15,60.89,60.97,60.73,60.77,454
13-01-2026 23:30,60.78,61.34,60.76,61.16,1155
13-01-2026 23:45,61.16,61.23,61.02,61.23,392
14-01-2026 00:00,61.24,61.41,61.14,61.23,476
14-01-2026 00:15,61.23,61.32,61.15,61.29,315
14-01-2026 00:30,61.29,61.30,61.19,61.21,348
14-01-2026 00:45,61.20,61.26,60.43,61.16,1538
14-01-2026 01:00,61.16,61.21,60.91,61.10,443
14-01-2026 01:15,61.10,61.14,61.02,61.03,200
14-01-2026 01:30,61.03,61.13,60.94,61.12,230
14-01-2026 01:45,61.12,61.14,61.08,61.13,117
14-01-2026 02:00,61.13,61.13,61.00,61.01,113
14-01-2026 02:15,61.01,61.04,60.93,61.03,195
14-01-2026 02:30,61.03,61.14,60.96,61.07,157
14-01-2026 02:45,61.07,61.10,61.02,61.06,151
14-01-2026 03:00,61.06,61.09,60.98,61.07,188
14-01-2026 03:15,61.07,61.19,61.05,61.10,159
14-01-2026 04:30,61.17,61.17,61.07,61.07,69
14-01-2026 04:45,61.08,61.15,61.07,61.15,30
14-01-2026 05:00,61.15,61.18,61.14,61.16,68
14-01-2026 05:15,61.16,61.16,61.12,61.15,38
14-01-2026 05:30,61.15,61.15,61.08,61.11,62
14-01-2026 05:45,61.11,61.13,61.06,61.07,41
14-01-2026 06:00,61.07,61.10,61.05,61.07,60
14-01-2026 06:15,61.07,61.09,61.06,61.07,45
14-01-2026 06:30,61.08,61.08,60.85,60.87,339
14-01-2026 06:45,60.87,60.99,60.85,60.94,195
14-01-2026 07:00,60.94,61.01,60.92,60.92,145
14-01-2026 07:15,60.92,61.03,60.89,61.01,135
14-01-2026 07:30,61.01,61.07,60.99,61.02,162
14-01-2026 07:45,61.03,61.06,61.00,61.02,77
14-01-2026 08:00,61.02,61.06,60.95,60.97,179
14-01-2026 08:15,60.97,60.99,60.91,60.92,114
14-01-2026 08:30,60.92,61.00,60.91,60.96,123
14-01-2026 08:45,60.97,61.00,60.87,60.90,130
14-01-2026 09:00,60.90,60.94,60.79,60.84,129
14-01-2026 09:15,60.84,60.97,60.83,60.96,123
14-01-2026 09:30,60.96,61.04,60.95,60.95,120
14-01-2026 09:45,60.95,60.97,60.92,60.96,41
14-01-2026 10:00,60.96,61.03,60.90,61.02,83
14-01-2026 10:15,61.02,61.02,60.95,60.95,45
14-01-2026 10:30,60.95,60.97,60.91,60.93,63
14-01-2026 10:45,60.93,60.96,60.87,60.96,63
14-01-2026 11:00,60.96,60.97,60.87,60.95,183
14-01-2026 11:15,60.95,60.96,60.83,60.87,165
14-01-2026 11:30,60.87,60.96,60.84,60.94,155
14-01-2026 11:45,60.93,60.99,60.88,60.89,125
14-01-2026 12:00,60.90,60.90,60.85,60.87,114
14-01-2026 12:15,60.87,60.88,60.64,60.68,214
14-01-2026 12:30,60.69,60.78,60.62,60.78,240
14-01-2026 12:45,60.78,60.82,60.73,60.74,165
14-01-2026 13:00,60.74,60.80,60.68,60.76,172
14-01-2026 13:15,60.75,60.78,60.66,60.70,194
14-01-2026 13:30,60.70,60.71,60.60,60.63,303
14-01-2026 13:45,60.63,60.69,60.53,60.56,398
14-01-2026 14:00,60.57,60.68,60.47,60.60,428
14-01-2026 14:15,60.60,60.80,60.60,60.64,319
14-01-2026 14:30,60.65,60.67,60.52,60.59,373
14-01-2026 14:45,60.59,60.59,60.43,60.50,243
14-01-2026 15:00,60.50,60.58,60.38,60.55,407
14-01-2026 15:15,60.56,61.01,60.56,60.99,588
14-01-2026 15:30,60.98,61.41,60.96,61.33,632
14-01-2026 15:45,61.34,61.65,61.29,61.51,657
14-01-2026 16:00,61.52,61.83,61.45,61.83,660
14-01-2026 16:15,61.83,62.00,61.76,61.99,508
14-01-2026 16:30,61.99,62.09,61.81,61.99,481
14-01-2026 16:45,61.99,62.00,61.75,61.79,418
14-01-2026 17:00,61.79,62.00,61.71,62.00,326
14-01-2026 17:15,62.00,62.03,61.78,61.80,347
14-01-2026 17:30,61.81,61.89,61.63,61.72,423
14-01-2026 17:45,61.72,61.74,61.45,61.50,442
14-01-2026 18:00,61.51,61.70,61.44,61.67,452
14-01-2026 18:15,61.67,61.92,61.66,61.89,467
14-01-2026 18:30,61.89,62.09,61.80,61.84,713
14-01-2026 18:45,61.84,61.97,61.74,61.93,784
14-01-2026 19:00,61.93,62.00,61.74,61.79,546
14-01-2026 19:15,61.79,61.83,61.52,61.62,519
14-01-2026 19:30,61.63,61.84,61.61,61.63,595
14-01-2026 19:45,61.63,61.77,61.58,61.69,422
14-01-2026 20:00,61.69,61.71,61.55,61.64,683
14-01-2026 20:15,61.64,61.82,61.62,61.71,645
14-01-2026 20:30,61.71,61.74,61.22,61.58,990
14-01-2026 20:45,61.58,61.84,61.54,61.82,637
14-01-2026 21:00,61.82,61.83,61.61,61.63,858
14-01-2026 21:15,61.63,61.68,61.43,61.67,640
14-01-2026 21:30,61.67,61.78,61.51,61.59,766
14-01-2026 21:45,61.59,61.60,61.41,61.45,636
14-01-2026 22:00,61.46,61.53,61.37,61.50,554
14-01-2026 22:15,61.50,61.81,61.40,61.72,611
14-01-2026 22:30,61.72,61.84,61.60,61.81,516
14-01-2026 22:45,61.81,62.05,61.78,61.98,548
14-01-2026 23:00,61.98,62.00,61.81,61.87,403
14-01-2026 23:15,61.87,61.89,61.66,61.78,449
14-01-2026 23:30,61.78,61.82,61.61,61.62,429
14-01-2026 23:45,61.62,61.82,61.61,61.81,302
15-01-2026 00:00,61.81,61.85,61.66,61.75,344
15-01-2026 00:15,61.75,61.87,61.72,61.82,335
15-01-2026 00:30,61.82,61.96,61.78,61.92,347
15-01-2026 00:45,61.92,62.04,61.84,62.03,619
15-01-2026 01:00,62.03,62.19,62.00,62.08,328
15-01-2026 01:15,62.08,62.34,62.06,62.30,240
15-01-2026 01:30,62.30,62.35,59.78,59.95,4322
15-01-2026 01:45,59.97,60.53,59.90,59.92,1512
15-01-2026 02:00,59.92,60.24,59.20,59.64,1837
15-01-2026 02:15,59.63,60.29,59.63,60.26,904
15-01-2026 02:30,60.25,60.25,60.03,60.17,354
15-01-2026 02:45,60.18,60.40,60.07,60.38,315
15-01-2026 03:00,60.38,60.53,60.31,60.46,395
15-01-2026 03:15,60.47,61.81,60.42,61.05,1012
15-01-2026 04:30,60.93,61.10,60.58,60.87,220
15-01-2026 04:45,60.88,61.10,60.51,60.67,287
15-01-2026 05:00,60.67,60.94,60.64,60.73,158
15-01-2026 05:15,60.72,60.83,60.60,60.72,116
15-01-2026 05:30,60.71,60.90,60.65,60.86,129
15-01-2026 05:45,60.86,60.94,60.82,60.90,81
15-01-2026 06:00,60.90,60.94,60.84,60.91,105
15-01-2026 06:15,60.91,61.04,60.91,60.99,78
15-01-2026 06:30,60.99,60.99,60.19,60.46,876
15-01-2026 06:45,60.46,60.52,60.23,60.31,414
15-01-2026 07:00,60.31,60.40,60.20,60.23,353
15-01-2026 07:15,60.23,60.36,60.06,60.31,289
15-01-2026 07:30,60.30,60.34,60.21,60.24,237
15-01-2026 07:45,60.24,60.31,60.20,60.22,127
15-01-2026 08:00,60.21,60.21,60.06,60.15,194
15-01-2026 08:15,60.14,60.18,60.07,60.15,137
15-01-2026 08:30,60.15,60.27,60.07,60.16,176
15-01-2026 08:45,60.15,60.23,59.89,59.93,214
15-01-2026 09:00,59.93,60.02,59.89,59.99,149
15-01-2026 09:15,59.99,60.10,59.96,60.07,101
15-01-2026 09:30,60.06,60.08,59.99,60.01,86
15-01-2026 09:45,60.01,60.03,59.95,60.00,81
15-01-2026 10:00,60.00,60.03,59.96,60.00,62
15-01-2026 10:15,60.00,60.07,59.99,60.02,80
15-01-2026 10:30,60.03,60.03,59.94,59.98,76
15-01-2026 10:45,59.98,60.05,59.95,60.03,77
15-01-2026 11:00,60.03,60.03,59.86,59.91,221
15-01-2026 11:15,59.92,60.04,59.84,59.98,211
15-01-2026 11:30,59.96,60.15,59.91,60.14,165
15-01-2026 11:45,60.15,60.29,60.12,60.29,177
15-01-2026 12:00,60.29,60.30,60.17,60.20,204
15-01-2026 12:15,60.19,60.29,60.17,60.18,181
15-01-2026 12:30,60.17,60.18,59.81,59.86,297
15-01-2026 12:45,59.87,60.10,59.86,60.07,259
15-01-2026 13:00,60.07,60.19,59.84,59.92,268
15-01-2026 13:15,59.93,60.00,59.88,59.99,230
15-01-2026 13:30,59.99,60.17,59.96,60.13,354
15-01-2026 13:45,60.14,60.26,59.96,60.02,464
15-01-2026 14:00,60.03,60.04,59.83,59.94,434
15-01-2026 14:15,59.94,60.18,59.93,60.18,388
15-01-2026 14:30,60.18,60.25,60.05,60.19,371
15-01-2026 14:45,60.18,60.19,59.91,59.98,372
15-01-2026 15:00,59.98,60.01,59.67,59.74,473
15-01-2026 15:15,59.73,59.76,59.33,59.37,586
15-01-2026 15:30,59.36,59.41,59.22,59.29,490
15-01-2026 15:45,59.29,59.34,59.12,59.29,409
15-01-2026 16:00,59.29,59.42,59.29,59.38,353
15-01-2026 16:15,59.37,59.71,59.37,59.58,411
15-01-2026 16:30,59.60,59.81,59.59,59.80,270
15-01-2026 16:45,59.78,59.96,59.73,59.77,335
15-01-2026 17:00,59.78,59.95,59.75,59.89,250
15-01-2026 17:15,59.88,60.03,59.88,59.99,240
15-01-2026 17:30,60.00,60.03,59.91,59.96,211
15-01-2026 17:45,59.96,60.03,59.70,59.70,262
15-01-2026 18:00,59.70,59.72,59.50,59.55,332
15-01-2026 18:15,59.55,59.56,59.34,59.42,428
15-01-2026 18:30,59.40,59.44,59.29,59.40,504
15-01-2026 18:45,59.41,59.43,59.14,59.38,468
15-01-2026 19:00,59.39,59.42,59.24,59.28,366
15-01-2026 19:15,59.29,59.35,59.22,59.29,354
15-01-2026 19:30,59.29,59.55,59.29,59.45,598
15-01-2026 19:45,59.45,59.45,59.25,59.36,392
15-01-2026 20:00,59.36,59.43,58.87,59.13,888
15-01-2026 20:15,59.13,59.32,59.09,59.30,486
15-01-2026 20:30,59.29,59.43,59.08,59.08,505
15-01-2026 20:45,59.08,59.19,59.01,59.02,441
15-01-2026 21:00,59.03,59.32,58.99,59.22,474
15-01-2026 21:15,59.21,59.37,59.21,59.34,347
15-01-2026 21:30,59.32,59.43,59.30,59.37,355
15-01-2026 21:45,59.38,59.38,59.05,59.16,465
15-01-2026 22:00,59.18,59.25,58.98,59.11,386
15-01-2026 22:15,59.13,59.14,58.97,59.00,385
15-01-2026 22:30,59.01,59.06,58.93,59.03,307
15-01-2026 22:45,59.03,59.07,58.95,59.00,265
15-01-2026 23:00,59.01,59.11,58.97,59.06,252
15-01-2026 23:15,59.06,59.08,58.99,59.08,180
15-01-2026 23:30,59.08,59.24,59.03,59.15,305
15-01-2026 23:45,59.15,59.48,59.12,59.38,486
16-01-2026 00:00,59.39,59.42,59.27,59.29,321
16-01-2026 00:15,59.29,59.33,59.05,59.17,272
16-01-2026 00:30,59.17,59.23,59.10,59.20,214
16-01-2026 00:45,59.21,59.23,59.14,59.19,270
16-01-2026 01:00,59.19,59.22,59.08,59.09,232
16-01-2026 01:15,59.09,59.10,59.02,59.03,112
16-01-2026 01:30,59.03,59.10,59.01,59.09,121
16-01-2026 01:45,59.09,59.09,58.94,58.94,91
16-01-2026 02:00,58.95,58.99,58.91,58.96,105
16-01-2026 02:15,58.95,58.99,58.91,58.98,87
16-01-2026 02:30,58.98,59.15,58.95,59.12,133
16-01-2026 02:45,59.14,59.30,59.13,59.23,140
16-01-2026 03:00,59.23,59.31,59.23,59.29,84
16-01-2026 03:15,59.28,59.31,59.25,59.28,85
16-01-2026 04:30,59.29,59.30,59.22,59.26,75
16-01-2026 04:45,59.26,59.26,59.09,59.17,67
16-01-2026 05:00,59.17,59.17,59.11,59.12,36
16-01-2026 05:15,59.14,59.19,59.14,59.18,56
16-01-2026 05:30,59.18,59.28,59.18,59.24,54
16-01-2026 05:45,59.25,59.30,59.23,59.29,42
16-01-2026 06:00,59.29,59.34,59.26,59.27,47
16-01-2026 06:15,59.26,59.27,59.20,59.22,42
16-01-2026 06:30,59.24,59.41,59.21,59.31,295
16-01-2026 06:45,59.32,59.33,59.28,59.31,115
16-01-2026 07:00,59.30,59.33,59.21,59.22,90
16-01-2026 07:15,59.22,59.27,59.21,59.25,84
16-01-2026 07:30,59.25,59.28,59.17,59.20,122
16-01-2026 07:45,59.21,59.27,59.19,59.19,41
16-01-2026 08:00,59.20,59.20,59.03,59.06,155
16-01-2026 08:15,59.07,59.13,59.05,59.13,80
16-01-2026 08:30,59.12,59.19,59.08,59.09,100
16-01-2026 08:45,59.10,59.10,59.01,59.04,76
16-01-2026 09:00,59.02,59.10,59.01,59.06,55
16-01-2026 09:15,59.06,59.10,59.05,59.07,50
16-01-2026 09:30,59.06,59.07,59.03,59.04,37
16-01-2026 09:45,59.03,59.11,59.02,59.09,40
16-01-2026 10:00,59.09,59.11,59.07,59.10,34
16-01-2026 10:15,59.11,59.11,59.03,59.07,31
16-01-2026 10:30,59.07,59.11,59.04,59.04,39
16-01-2026 10:45,59.04,59.06,59.02,59.02,17
16-01-2026 11:00,59.02,59.07,58.97,59.05,86
16-01-2026 11:15,59.05,59.10,58.98,58.98,64
16-01-2026 11:30,58.99,59.02,58.95,58.98,74
16-01-2026 11:45,58.99,59.01,58.91,58.94,115
16-01-2026 12:00,58.95,59.00,58.94,59.00,99
16-01-2026 12:15,59.00,59.15,59.00,59.13,88
16-01-2026 12:30,59.12,59.34,59.12,59.31,187
16-01-2026 12:45,59.31,59.37,59.27,59.30,182
16-01-2026 13:00,59.31,59.46,59.28,59.34,196
16-01-2026 13:15,59.34,59.37,59.22,59.30,140
16-01-2026 13:30,59.31,59.32,59.17,59.25,192
16-01-2026 13:45,59.25,59.27,59.10,59.14,283
16-01-2026 14:00,59.16,59.33,59.12,59.29,236
16-01-2026 14:15,59.27,59.61,59.24,59.54,290
16-01-2026 14:30,59.55,59.75,59.44,59.75,254
16-01-2026 14:45,59.74,59.85,59.66,59.84,235
16-01-2026 15:00,59.85,59.92,59.74,59.80,235
16-01-2026 15:15,59.79,59.85,59.64,59.67,235
16-01-2026 15:30,59.67,59.87,59.64,59.82,217
16-01-2026 15:45,59.82,59.86,59.72,59.76,194
16-01-2026 16:00,59.77,59.87,59.73,59.80,179
16-01-2026 16:15,59.81,59.99,59.78,59.95,201
16-01-2026 16:30,59.95,60.01,59.80,59.88,188
16-01-2026 16:45,59.88,59.97,59.87,59.92,106
16-01-2026 17:00,59.93,59.99,59.92,59.98,106
16-01-2026 17:15,59.98,59.98,59.90,59.96,103
16-01-2026 17:30,59.96,60.04,59.88,59.98,159
16-01-2026 17:45,59.98,60.18,59.98,60.08,233
16-01-2026 18:00,60.09,60.11,59.99,60.04,170
16-01-2026 18:15,60.03,60.04,59.82,59.83,183
16-01-2026 18:30,59.79,59.88,59.72,59.83,317
16-01-2026 18:45,59.84,59.85,59.77,59.80,196
16-01-2026 19:00,59.80,59.89,59.77,59.86,185
16-01-2026 19:15,59.86,60.06,59.86,60.01,210
16-01-2026 19:30,60.01,60.05,59.90,59.94,392
16-01-2026 19:45,59.93,60.12,59.93,59.98,301
16-01-2026 20:00,59.99,59.99,59.54,59.59,465
16-01-2026 20:15,59.58,59.76,59.54,59.57,334
16-01-2026 20:30,59.59,59.74,59.48,59.74,323
16-01-2026 20:45,59.73,59.81,59.68,59.72,259
16-01-2026 21:00,59.71,59.90,59.62,59.80,262
16-01-2026 21:15,59.80,59.88,59.64,59.72,258
16-01-2026 21:30,59.72,59.86,59.64,59.85,233
16-01-2026 21:45,59.86,59.97,59.84,59.89,273
16-01-2026 22:00,59.88,59.94,59.81,59.86,233
16-01-2026 22:15,59.87,59.92,59.76,59.89,189
16-01-2026 22:30,59.88,59.93,59.82,59.85,198
16-01-2026 22:45,59.86,60.02,59.84,59.87,254
16-01-2026 23:00,59.87,59.91,59.53,59.68,325
16-01-2026 23:15,59.69,59.90,59.67,59.81,264
16-01-2026 23:30,59.81,59.97,59.66,59.91,179
16-01-2026 23:45,59.91,59.95,59.82,59.94,168
17-01-2026 00:00,59.93,59.93,59.66,59.68,177
17-01-2026 00:15,59.67,59.89,59.65,59.87,218
17-01-2026 00:30,59.85,59.87,59.59,59.66,193
17-01-2026 00:45,59.67,59.72,59.38,59.43,361
17-01-2026 01:00,59.43,59.44,59.32,59.36,152
17-01-2026 01:15,59.35,59.50,59.35,59.48,122
17-01-2026 01:30,59.47,59.50,59.43,59.48,62
17-01-2026 01:45,59.48,59.56,59.44,59.55,71
17-01-2026 02:00,59.56,59.56,59.50,59.50,74
17-01-2026 02:15,59.49,59.53,59.39,59.40,97
17-01-2026 02:30,59.40,59.46,59.35,59.45,100
17-01-2026 02:45,59.45,59.46,59.39,59.41,78
17-01-2026 03:00,59.41,59.41,59.37,59.38,37
17-01-2026 03:15,59.37,59.38,59.30,59.30,78
19-01-2026 04:30,58.96,59.17,58.95,59.12,289
19-01-2026 04:45,59.11,59.14,58.99,59.09,212
19-01-2026 05:00,59.09,59.14,58.91,58.96,201
19-01-2026 05:15,58.96,58.99,58.84,58.95,195
19-01-2026 05:30,58.96,59.05,58.92,59.01,155
19-01-2026 05:45,59.00,59.07,58.95,59.06,89
19-01-2026 06:00,59.05,59.22,59.02,59.20,149
19-01-2026 06:15,59.20,59.31,59.17,59.23,135
19-01-2026 06:30,59.23,59.25,59.06,59.12,315
19-01-2026 06:45,59.12,59.20,59.12,59.20,141
19-01-2026 07:00,59.20,59.29,59.18,59.27,172
19-01-2026 07:15,59.27,59.40,59.26,59.35,175
19-01-2026 07:30,59.35,59.40,59.31,59.35,173
19-01-2026 07:45,59.35,59.37,59.31,59.36,65
19-01-2026 08:00,59.36,59.39,59.29,59.31,102
19-01-2026 08:15,59.31,59.42,59.30,59.39,89
19-01-2026 08:30,59.39,59.42,59.36,59.38,76
19-01-2026 08:45,59.38,59.39,59.37,59.38,88
19-01-2026 09:00,59.38,59.45,59.38,59.41,81
19-01-2026 09:15,59.41,59.44,59.39,59.44,72
19-01-2026 09:30,59.44,59.45,59.39,59.45,49
19-01-2026 09:45,59.45,59.55,59.44,59.48,74
19-01-2026 10:00,59.48,59.52,59.47,59.49,71
19-01-2026 10:15,59.50,59.50,59.29,59.29,96
19-01-2026 10:30,59.29,59.40,59.29,59.37,64
19-01-2026 10:45,59.38,59.40,59.32,59.33,54
19-01-2026 11:00,59.33,59.36,59.28,59.30,130
19-01-2026 11:15,59.30,59.32,59.19,59.26,128
19-01-2026 11:30,59.26,59.28,59.05,59.07,184
19-01-2026 11:45,59.07,59.09,59.00,59.09,182
19-01-2026 12:00,59.08,59.11,58.92,58.96,137
19-01-2026 12:15,58.96,58.98,58.89,58.94,176
19-01-2026 12:30,58.94,58.96,58.85,58.93,185
19-01-2026 12:45,58.93,59.10,58.90,59.03,230
19-01-2026 13:00,59.03,59.16,58.95,59.03,221
19-01-2026 13:15,59.03,59.08,58.84,58.98,272
19-01-2026 13:30,58.98,59.09,58.96,59.07,368
19-01-2026 13:45,59.06,59.07,58.78,58.85,602
19-01-2026 14:00,58.86,58.93,58.60,58.74,447
19-01-2026 14:15,58.75,58.98,58.70,58.90,343
19-01-2026 14:30,58.91,58.93,58.66,58.78,295
19-01-2026 14:45,58.78,58.81,58.65,58.68,236
19-01-2026 15:00,58.67,58.68,58.55,58.58,348
19-01-2026 15:15,58.59,58.75,58.57,58.60,290
19-01-2026 15:30,58.60,58.82,58.59,58.81,239
19-01-2026 15:45,58.81,58.93,58.81,58.82,234
19-01-2026 16:00,58.82,59.00,58.82,58.98,256
19-01-2026 16:15,58.99,59.03,58.85,58.93,212
19-01-2026 16:30,58.93,58.96,58.83,58.86,227
19-01-2026 16:45,58.85,58.98,58.76,58.96,261
19-01-2026 17:00,58.96,59.02,58.79,58.94,266
19-01-2026 17:15,58.93,59.05,58.93,58.97,223
19-01-2026 17:30,58.97,58.98,58.86,58.93,175
19-01-2026 17:45,58.93,58.97,58.82,58.88,147
19-01-2026 18:00,58.88,59.02,58.86,58.97,191
19-01-2026 18:15,58.97,59.03,58.93,59.00,166
19-01-2026 18:30,59.00,59.07,58.94,58.97,231
19-01-2026 18:45,58.97,59.07,58.94,59.03,168
19-01-2026 19:00,59.03,59.07,58.91,58.96,209
19-01-2026 19:15,58.96,59.06,58.94,59.03,177
19-01-2026 19:30,59.03,59.09,58.97,59.04,241
19-01-2026 19:45,59.04,59.10,59.00,59.04,273
19-01-2026 20:00,59.05,59.23,59.04,59.19,287
19-01-2026 20:15,59.19,59.31,59.18,59.29,283
19-01-2026 20:30,59.30,59.38,59.26,59.26,246
19-01-2026 20:45,59.27,59.27,59.15,59.23,242
19-01-2026 21:00,59.24,59.38,59.24,59.32,248
19-01-2026 21:15,59.32,59.37,59.28,59.31,218
19-01-2026 21:30,59.31,59.44,59.21,59.42,367
19-01-2026 21:45,59.41,59.46,59.33,59.44,382
19-01-2026 22:00,59.43,59.45,59.32,59.38,296
19-01-2026 22:15,59.38,59.48,59.38,59.41,196
19-01-2026 22:30,59.41,59.49,59.35,59.40,158
19-01-2026 22:45,59.40,59.42,59.31,59.32,141
19-01-2026 23:00,59.32,59.32,59.19,59.26,193
19-01-2026 23:15,59.26,59.32,59.17,59.22,223
19-01-2026 23:30,59.23,59.39,59.21,59.37,155
19-01-2026 23:45,59.37,59.40,59.35,59.37,108
20-01-2026 00:00,59.37,59.44,59.36,59.41,98
20-01-2026 00:15,59.41,59.43,59.30,59.35,69
20-01-2026 00:30,59.35,59.40,59.34,59.39,67
20-01-2026 00:45,59.39,59.43,59.39,59.40,74
20-01-2026 04:30,59.36,59.40,59.29,59.39,57
20-01-2026 04:45,59.39,59.39,59.32,59.35,35
20-01-2026 05:00,59.34,59.38,59.33,59.36,35
20-01-2026 05:15,59.37,59.38,59.34,59.37,15
20-01-2026 05:30,59.37,59.54,59.37,59.47,76
20-01-2026 05:45,59.47,59.52,59.40,59.40,88
20-01-2026 06:00,59.40,59.45,59.40,59.43,29
20-01-2026 06:15,59.43,59.50,59.42,59.43,69
20-01-2026 06:30,59.43,59.46,59.29,59.33,292
20-01-2026 06:45,59.34,59.39,59.27,59.38,138
20-01-2026 07:00,59.38,59.40,59.31,59.32,89
20-01-2026 07:15,59.32,59.38,59.26,59.26,82
20-01-2026 07:30,59.26,59.30,59.22,59.29,156
20-01-2026 07:45,59.29,59.34,59.28,59.30,87
20-01-2026 08:00,59.30,59.30,59.22,59.26,127
20-01-2026 08:15,59.26,59.36,59.24,59.32,106
20-01-2026 08:30,59.32,59.35,59.23,59.29,112
20-01-2026 08:45,59.29,59.29,59.24,59.28,77
20-01-2026 09:00,59.27,59.34,59.27,59.30,61
20-01-2026 09:15,59.30,59.41,59.29,59.39,48
20-01-2026 09:30,59.39,59.49,59.39,59.44,92
20-01-2026 09:45,59.44,59.44,59.39,59.39,44
20-01-2026 10:00,59.39,59.43,59.38,59.39,62
20-01-2026 10:15,59.39,59.40,59.33,59.33,49
20-01-2026 10:30,59.33,59.34,59.24,59.26,72
20-01-2026 10:45,59.26,59.31,59.26,59.30,72
20-01-2026 11:00,59.30,59.37,59.30,59.31,147
20-01-2026 11:15,59.32,59.37,59.27,59.31,132
20-01-2026 11:30,59.30,59.40,59.29,59.38,140
20-01-2026 11:45,59.38,59.43,59.32,59.40,120
20-01-2026 12:00,59.40,59.40,59.17,59.26,185
20-01-2026 12:15,59.26,59.35,59.26,59.34,143
20-01-2026 12:30,59.35,59.57,59.20,59.27,362
20-01-2026 12:45,59.27,59.27,59.13,59.20,277
20-01-2026 13:00,59.20,59.20,59.03,59.06,298
20-01-2026 13:15,59.06,59.10,58.93,58.99,276
20-01-2026 13:30,59.00,59.04,58.92,58.96,405
20-01-2026 13:45,58.96,58.96,58.71,58.73,545
20-01-2026 14:00,58.73,58.92,58.73,58.88,478
20-01-2026 14:15,58.88,59.03,58.82,59.02,277
20-01-2026 14:30,59.03,59.16,58.99,59.13,408
20-01-2026 14:45,59.13,59.53,59.13,59.50,426
20-01-2026 15:00,59.50,59.51,59.26,59.32,447
20-01-2026 15:15,59.32,59.48,59.19,59.48,341
20-01-2026 15:30,59.48,59.57,59.35,59.35,420
20-01-2026 15:45,59.35,59.50,59.34,59.49,315
20-01-2026 16:00,59.49,59.68,59.48,59.60,507
20-01-2026 16:15,59.60,59.61,59.52,59.61,242
20-01-2026 16:30,59.60,59.60,59.38,59.45,295
20-01-2026 16:45,59.46,59.57,59.45,59.56,214
20-01-2026 17:00,59.56,59.57,59.47,59.53,164
20-01-2026 17:15,59.53,59.70,59.53,59.68,243
20-01-2026 17:30,59.68,59.96,59.67,59.91,445
20-01-2026 17:45,59.91,59.91,59.77,59.78,298
20-01-2026 18:00,59.78,59.88,59.77,59.79,287
20-01-2026 18:15,59.79,59.89,59.74,59.89,280
20-01-2026 18:30,59.89,59.90,59.77,59.84,296
20-01-2026 18:45,59.85,59.86,59.76,59.80,275
20-01-2026 19:00,59.80,59.83,59.52,59.64,517
20-01-2026 19:15,59.64,59.65,59.49,59.57,425
20-01-2026 19:30,59.56,59.76,59.50,59.69,528
20-01-2026 19:45,59.69,60.25,59.67,60.24,796
20-01-2026 20:00,60.24,60.48,60.11,60.22,1209
20-01-2026 20:15,60.22,60.40,60.16,60.38,649
20-01-2026 20:30,60.38,60.46,60.27,60.37,644
20-01-2026 20:45,60.37,60.49,60.30,60.45,515
20-01-2026 21:00,60.45,60.48,60.26,60.28,531
20-01-2026 21:15,60.29,60.29,59.97,60.03,697
20-01-2026 21:30,60.03,60.22,60.00,60.19,640
20-01-2026 21:45,60.20,60.29,60.13,60.21,498
20-01-2026 22:00,60.23,60.32,60.20,60.23,373
20-01-2026 22:15,60.23,60.34,60.19,60.30,337
20-01-2026 22:30,60.30,60.43,60.28,60.37,340
20-01-2026 22:45,60.37,60.39,60.31,60.33,224
20-01-2026 23:00,60.33,60.39,60.29,60.33,217
20-01-2026 23:15,60.33,60.39,60.22,60.38,275
20-01-2026 23:30,60.38,60.47,60.33,60.36,234
20-01-2026 23:45,60.36,60.37,60.16,60.25,229
21-01-2026 00:00,60.25,60.35,60.23,60.25,296
21-01-2026 00:15,60.25,60.29,60.16,60.24,292
21-01-2026 00:30,60.25,60.25,60.08,60.18,405
21-01-2026 00:45,60.18,60.39,60.08,60.34,643
21-01-2026 01:00,60.34,60.34,60.01,60.04,366
21-01-2026 01:15,60.04,60.05,59.87,59.92,298
21-01-2026 01:30,59.92,59.99,59.81,59.83,320
21-01-2026 01:45,59.83,59.88,59.70,59.71,316
21-01-2026 02:00,59.71,59.71,59.36,59.39,487
21-01-2026 02:15,59.39,59.50,59.31,59.46,437
21-01-2026 02:30,59.46,59.53,59.42,59.49,249
21-01-2026 02:45,59.49,59.58,59.47,59.47,124
21-01-2026 03:00,59.47,59.47,59.35,59.42,138
21-01-2026 03:15,59.42,59.53,59.42,59.51,182
21-01-2026 04:30,59.59,59.62,59.46,59.57,95
21-01-2026 04:45,59.57,59.62,59.56,59.58,53
21-01-2026 05:00,59.58,59.82,59.57,59.65,146
21-01-2026 05:15,59.66,59.69,59.57,59.61,64
21-01-2026 05:30,59.61,59.63,59.44,59.56,106
21-01-2026 05:45,59.56,59.58,59.53,59.55,43
21-01-2026 06:00,59.55,59.63,59.52,59.63,53
21-01-2026 06:15,59.63,59.68,59.61,59.65,73
21-01-2026 06:30,59.65,59.67,59.45,59.62,382
21-01-2026 06:45,59.63,59.73,59.60,59.72,144
21-01-2026 07:00,59.72,59.72,59.64,59.66,116
21-01-2026 07:15,59.67,59.76,59.65,59.74,106
21-01-2026 07:30,59.74,59.87,59.70,59.85,145
21-01-2026 07:45,59.85,59.86,59.73,59.74,122
21-01-2026 08:00,59.74,59.74,59.67,59.68,139
21-01-2026 08:15,59.68,59.76,59.65,59.75,114
21-01-2026 08:30,59.75,59.87,59.75,59.82,119
21-01-2026 08:45,59.83,59.85,59.76,59.82,124
21-01-2026 09:00,59.82,59.82,59.74,59.76,100
21-01-2026 09:15,59.76,59.78,59.71,59.71,90
21-01-2026 09:30,59.71,59.76,59.70,59.74,107
21-01-2026 09:45,59.74,59.79,59.72,59.76,98
21-01-2026 10:00,59.77,59.79,59.73,59.73,68
21-01-2026 10:15,59.73,59.75,59.67,59.71,60
21-01-2026 10:30,59.71,59.83,59.70,59.80,105
21-01-2026 10:45,59.80,59.80,59.70,59.79,130
21-01-2026 11:00,59.80,59.83,59.74,59.81,147
21-01-2026 11:15,59.81,59.89,59.78,59.80,147
21-01-2026 11:30,59.80,59.91,59.78,59.89,107
21-01-2026 11:45,59.89,59.91,59.73,59.77,132
21-01-2026 12:00,59.77,59.79,59.66,59.71,197
21-01-2026 12:15,59.71,59.85,59.71,59.84,184
21-01-2026 12:30,59.84,59.84,59.54,59.64,272
21-01-2026 12:45,59.64,59.80,59.62,59.73,329
21-01-2026 13:00,59.73,59.75,59.45,59.49,364
21-01-2026 13:15,59.49,59.69,59.48,59.56,338
21-01-2026 13:30,59.56,59.61,59.46,59.52,442
21-01-2026 13:45,59.52,59.75,59.47,59.61,549
21-01-2026 14:00,59.61,59.69,59.46,59.55,491
21-01-2026 14:15,59.55,59.57,59.28,59.29,441
21-01-2026 14:30,59.29,59.56,59.21,59.56,549
21-01-2026 14:45,59.56,59.79,59.51,59.64,503
21-01-2026 15:00,59.65,59.76,59.53,59.71,463
21-01-2026 15:15,59.71,59.87,59.71,59.86,444
21-01-2026 15:30,59.86,59.97,59.82,59.97,341
21-01-2026 15:45,59.97,60.03,59.92,59.97,433
21-01-2026 16:00,59.97,60.03,59.71,59.72,444
21-01-2026 16:15,59.72,59.97,59.69,59.90,364
21-01-2026 16:30,59.90,60.17,59.88,60.13,540
21-01-2026 16:45,60.13,60.40,60.12,60.38,387
21-01-2026 17:00,60.38,60.58,60.37,60.39,472
21-01-2026 17:15,60.39,60.42,60.25,60.36,456
21-01-2026 17:30,60.36,60.57,60.36,60.52,379
21-01-2026 17:45,60.52,60.58,60.42,60.42,341
21-01-2026 18:00,60.43,60.46,60.34,60.36,270
21-01-2026 18:15,60.36,60.53,60.33,60.49,277
21-01-2026 18:30,60.49,60.64,60.43,60.60,383
21-01-2026 18:45,60.60,60.80,60.53,60.76,433
21-01-2026 19:00,60.76,60.87,60.41,60.44,743
21-01-2026 19:15,60.44,60.49,60.30,60.31,522
21-01-2026 19:30,60.31,60.49,60.29,60.30,809
21-01-2026 19:45,60.30,60.36,60.12,60.28,760
21-01-2026 20:00,60.28,60.47,60.25,60.42,751
21-01-2026 20:15,60.41,60.43,60.24,60.31,607
21-01-2026 20:30,60.31,60.35,60.08,60.08,726
21-01-2026 20:45,60.08,60.24,60.05,60.18,629
21-01-2026 21:00,60.18,60.49,60.18,60.37,562
21-01-2026 21:15,60.37,60.53,60.36,60.48,442
21-01-2026 21:30,60.48,60.62,60.44,60.49,405
21-01-2026 21:45,60.49,60.53,60.29,60.39,563
21-01-2026 22:00,60.38,60.57,60.27,60.38,556
21-01-2026 22:15,60.37,60.50,60.33,60.43,381
21-01-2026 22:30,60.43,60.50,60.39,60.43,315
21-01-2026 22:45,60.43,60.43,60.23,60.37,370
21-01-2026 23:00,60.38,60.42,60.34,60.42,271
21-01-2026 23:15,60.42,60.43,60.31,60.37,274
21-01-2026 23:30,60.38,60.71,60.36,60.58,502
21-01-2026 23:45,60.58,60.66,60.55,60.64,351
22-01-2026 00:00,60.64,60.74,60.59,60.67,286
22-01-2026 00:15,60.67,60.77,60.64,60.66,266
22-01-2026 00:30,60.66,60.66,60.47,60.48,455
22-01-2026 00:45,60.48,60.65,60.41,60.59,495
22-01-2026 01:00,60.59,60.68,60.50,60.51,406
22-01-2026 01:15,60.51,60.65,60.49,60.63,224
22-01-2026 01:30,60.63,60.65,60.52,60.61,181
22-01-2026 01:45,60.61,60.62,60.52,60.58,212
22-01-2026 02:00,60.58,60.68,60.56,60.66,158
22-01-2026 02:15,60.66,60.70,60.64,60.66,150
22-01-2026 02:30,60.65,60.70,60.62,60.62,100
22-01-2026 02:45,60.62,60.67,60.60,60.66,114
22-01-2026 03:00,60.65,60.67,60.60,60.65,85
22-01-2026 03:15,60.65,60.73,60.64,60.66,99
22-01-2026 04:30,60.61,60.61,60.53,60.55,45
22-01-2026 04:45,60.55,60.56,60.51,60.54,30
22-01-2026 05:00,60.54,60.54,60.41,60.41,63
22-01-2026 05:15,60.41,60.49,60.41,60.48,47
22-01-2026 05:30,60.49,60.50,60.45,60.48,53
22-01-2026 05:45,60.48,60.49,60.45,60.48,38
22-01-2026 06:00,60.48,60.53,60.47,60.51,43
22-01-2026 06:15,60.51,60.53,60.50,60.50,37
22-01-2026 06:30,60.51,60.72,60.46,60.72,289
22-01-2026 06:45,60.72,60.76,60.71,60.71,118
22-01-2026 07:00,60.71,60.72,60.63,60.65,115
22-01-2026 07:15,60.65,60.72,60.63,60.69,91
22-01-2026 07:30,60.69,60.75,60.65,60.69,105
22-01-2026 07:45,60.69,60.75,60.69,60.69,75
22-01-2026 08:00,60.69,60.69,60.57,60.62,153
22-01-2026 08:15,60.63,60.74,60.62,60.73,117
22-01-2026 08:30,60.73,60.78,60.71,60.74,133
22-01-2026 08:45,60.74,60.76,60.70,60.74,103
22-01-2026 09:00,60.74,60.77,60.72,60.75,83
22-01-2026 09:15,60.75,60.79,60.75,60.75,64
22-01-2026 09:30,60.75,60.79,60.74,60.78,66
22-01-2026 09:45,60.78,60.79,60.73,60.75,46
22-01-2026 10:00,60.75,60.77,60.72,60.74,31
22-01-2026 10:15,60.74,60.76,60.74,60.75,38
22-01-2026 10:30,60.75,60.75,60.69,60.70,41
22-01-2026 10:45,60.70,60.73,60.66,60.69,69
22-01-2026 11:00,60.69,60.78,60.69,60.72,137
22-01-2026 11:15,60.72,60.78,60.70,60.70,123
22-01-2026 11:30,60.70,60.70,60.58,60.61,161
22-01-2026 11:45,60.62,60.68,60.60,60.60,113
22-01-2026 12:00,60.60,60.61,60.52,60.53,144
22-01-2026 12:15,60.52,60.65,60.50,60.62,164
22-01-2026 12:30,60.62,60.64,60.54,60.55,179
22-01-2026 12:45,60.54,60.55,60.42,60.45,264
22-01-2026 13:00,60.45,60.46,60.36,60.41,225
22-01-2026 13:15,60.41,60.46,60.36,60.42,205
22-01-2026 13:30,60.42,60.50,60.38,60.41,302
22-01-2026 13:45,60.41,60.51,60.39,60.45,408
22-01-2026 14:00,60.44,60.57,60.42,60.44,370
22-01-2026 14:15,60.44,60.47,60.29,60.36,301
22-01-2026 14:30,60.36,60.38,60.16,60.23,360
22-01-2026 14:45,60.24,60.27,60.15,60.17,258
22-01-2026 15:00,60.17,60.19,59.99,60.11,321
22-01-2026 15:15,60.10,60.15,60.02,60.05,388
22-01-2026 15:30,60.05,60.13,60.00,60.11,263
22-01-2026 15:45,60.11,60.13,59.75,59.90,488
22-01-2026 16:00,59.89,60.04,59.77,59.99,382
22-01-2026 16:15,59.99,60.01,59.80,59.83,280
22-01-2026 16:30,59.83,59.90,59.83,59.84,243
22-01-2026 16:45,59.83,59.83,59.53,59.68,441
22-01-2026 17:00,59.68,59.68,59.47,59.60,406
22-01-2026 17:15,59.59,59.79,59.59,59.73,385
22-01-2026 17:30,59.72,59.77,59.58,59.61,322
22-01-2026 17:45,59.61,59.72,59.58,59.69,326
22-01-2026 18:00,59.69,59.72,59.59,59.69,289
22-01-2026 18:15,59.69,59.70,59.43,59.43,328
22-01-2026 18:30,59.43,59.51,59.30,59.47,602
22-01-2026 18:45,59.46,59.66,59.44,59.64,378
22-01-2026 19:00,59.65,59.74,59.60,59.61,380
22-01-2026 19:15,59.61,59.76,59.58,59.68,369
22-01-2026 19:30,59.68,59.95,59.63,59.93,605
22-01-2026 19:45,59.94,59.98,59.86,59.92,431
22-01-2026 20:00,59.92,59.97,59.41,59.46,1422
22-01-2026 20:15,59.46,59.81,59.46,59.75,738
22-01-2026 20:30,59.75,59.83,59.45,59.47,628
22-01-2026 20:45,59.47,59.61,59.42,59.51,529
22-01-2026 21:00,59.51,59.73,59.50,59.70,458
22-01-2026 21:15,59.70,59.77,59.65,59.71,417
22-01-2026 21:30,59.71,59.91,59.70,59.75,487
22-01-2026 21:45,59.76,59.80,59.58,59.67,471
22-01-2026 22:00,59.67,59.70,59.35,59.37,543
22-01-2026 22:15,59.37,59.48,59.37,59.46,403
22-01-2026 22:30,59.46,59.47,59.33,59.41,662
22-01-2026 22:45,59.41,59.46,59.29,59.31,370
22-01-2026 23:00,59.31,59.34,59.11,59.18,469
22-01-2026 23:15,59.18,59.20,58.95,59.13,598
22-01-2026 23:30,59.13,59.18,59.04,59.14,411
22-01-2026 23:45,59.14,59.23,59.14,59.20,333
23-01-2026 00:00,59.21,59.29,59.19,59.25,227
23-01-2026 00:15,59.25,59.29,59.21,59.25,224
23-01-2026 00:30,59.25,59.29,59.16,59.25,271
23-01-2026 00:45,59.25,59.38,59.22,59.35,421
23-01-2026 01:00,59.35,59.37,59.27,59.32,211
23-01-2026 01:15,59.32,59.33,59.29,59.32,124
23-01-2026 01:30,59.32,59.37,59.29,59.35,162
23-01-2026 01:45,59.35,59.38,59.31,59.33,116
23-01-2026 02:00,59.33,59.37,59.31,59.35,109
23-01-2026 02:15,59.35,59.40,59.32,59.39,112
23-01-2026 02:30,59.39,59.44,59.38,59.41,98
23-01-2026 02:45,59.41,59.45,59.40,59.43,67
23-01-2026 03:00,59.43,59.56,59.43,59.53,81
23-01-2026 03:15,59.53,59.65,59.51,59.64,138
23-01-2026 04:30,59.65,59.71,59.54,59.58,116
23-01-2026 04:45,59.59,59.61,59.53,59.57,56
23-01-2026 05:00,59.57,59.58,59.51,59.53,49
23-01-2026 05:15,59.54,59.59,59.54,59.58,45
23-01-2026 05:30,59.59,59.61,59.56,59.60,79
23-01-2026 05:45,59.61,59.62,59.60,59.61,36
23-01-2026 06:00,59.61,59.64,59.59,59.59,49
23-01-2026 06:15,59.59,59.69,59.59,59.66,53
23-01-2026 06:30,59.66,59.73,59.57,59.66,262
23-01-2026 06:45,59.66,59.80,59.65,59.70,246
23-01-2026 07:00,59.70,59.76,59.68,59.71,123
23-01-2026 07:15,59.71,59.79,59.71,59.75,106
23-01-2026 07:30,59.75,59.79,59.74,59.76,125
23-01-2026 07:45,59.76,59.76,59.68,59.71,87
23-01-2026 08:00,59.71,59.74,59.65,59.68,125
23-01-2026 08:15,59.68,59.87,59.68,59.84,166
23-01-2026 08:30,59.84,59.87,59.80,59.81,112
23-01-2026 08:45,59.81,59.89,59.78,59.88,127
23-01-2026 09:00,59.88,59.92,59.84,59.88,153
23-01-2026 09:15,59.88,59.92,59.82,59.82,79
23-01-2026 09:30,59.82,59.82,59.79,59.82,70
23-01-2026 09:45,59.82,59.89,59.81,59.86,68
23-01-2026 10:00,59.87,59.90,59.85,59.89,52
23-01-2026 10:15,59.89,59.90,59.87,59.87,41
23-01-2026 10:30,59.87,59.88,59.80,59.80,66
23-01-2026 10:45,59.80,59.80,59.73,59.74,57
23-01-2026 11:00,59.74,59.79,59.72,59.79,138
23-01-2026 11:15,59.79,59.91,59.78,59.80,106
23-01-2026 11:30,59.80,59.83,59.74,59.77,160
23-01-2026 11:45,59.77,59.92,59.76,59.87,172
23-01-2026 12:00,59.86,59.90,59.84,59.90,113
23-01-2026 12:15,59.90,59.97,59.89,59.94,150
23-01-2026 12:30,59.93,59.94,59.78,59.82,191
23-01-2026 12:45,59.82,59.82,59.68,59.73,198
23-01-2026 13:00,59.73,59.73,59.60,59.63,201
23-01-2026 13:15,59.63,59.69,59.58,59.65,137
23-01-2026 13:30,59.65,59.78,59.63,59.67,271
23-01-2026 13:45,59.67,59.88,59.66,59.82,415
23-01-2026 14:00,59.83,60.08,59.80,59.99,423
23-01-2026 14:15,59.99,60.05,59.84,59.88,328
23-01-2026 14:30,59.89,60.04,59.86,59.91,398
23-01-2026 14:45,59.91,60.06,59.91,60.02,280
23-01-2026 15:00,60.02,60.06,59.85,59.89,294
23-01-2026 15:15,59.89,60.02,59.87,59.98,232
23-01-2026 15:30,59.98,60.19,59.96,60.17,313
23-01-2026 15:45,60.17,60.21,60.09,60.19,307
23-01-2026 16:00,60.19,60.32,60.15,60.25,263
23-01-2026 16:15,60.25,60.26,60.17,60.23,239
23-01-2026 16:30,60.23,60.34,60.17,60.33,225
23-01-2026 16:45,60.33,60.42,60.30,60.40,254
23-01-2026 17:00,60.40,60.41,60.31,60.35,210
23-01-2026 17:15,60.35,60.38,60.29,60.34,198
23-01-2026 17:30,60.35,60.48,60.32,60.48,212
23-01-2026 17:45,60.48,60.50,60.41,60.49,210
23-01-2026 18:00,60.49,60.53,60.44,60.51,178
23-01-2026 18:15,60.51,60.51,60.39,60.43,150
23-01-2026 18:30,60.43,60.52,60.34,60.52,355
23-01-2026 18:45,60.52,60.54,60.45,60.51,280
23-01-2026 19:00,60.52,60.57,60.43,60.50,367
23-01-2026 19:15,60.51,61.05,60.50,61.00,816
23-01-2026 19:30,61.00,61.18,60.88,60.90,1117
23-01-2026 19:45,60.90,61.07,60.84,61.00,570
23-01-2026 20:00,60.99,61.25,60.96,61.21,722
23-01-2026 20:15,61.21,61.22,61.03,61.14,486
23-01-2026 20:30,61.14,61.17,60.99,61.04,435
23-01-2026 20:45,61.04,61.13,60.93,61.12,471
23-01-2026 21:00,61.12,61.14,60.88,60.91,451
23-01-2026 21:15,60.91,60.91,60.75,60.77,464
23-01-2026 21:30,60.77,60.90,60.69,60.86,449
23-01-2026 21:45,60.86,60.98,60.85,60.94,479
23-01-2026 22:00,60.94,61.11,60.93,61.07,359
23-01-2026 22:15,61.07,61.18,61.03,61.10,317
23-01-2026 22:30,61.10,61.11,60.89,60.90,375
23-01-2026 22:45,60.90,60.92,60.81,60.85,317
23-01-2026 23:00,60.85,61.07,60.85,61.07,295
23-01-2026 23:15,61.07,61.22,61.07,61.15,383
23-01-2026 23:30,61.15,61.23,61.08,61.18,313
23-01-2026 23:45,61.18,61.18,61.00,61.05,263
24-01-2026 00:00,61.05,61.10,60.97,61.08,258
24-01-2026 00:15,61.08,61.09,60.94,61.07,268
24-01-2026 00:30,61.07,61.15,60.97,61.10,412
24-01-2026 00:45,61.10,61.14,61.03,61.04,494
24-01-2026 01:00,61.04,61.25,61.00,61.21,293
24-01-2026 01:15,61.21,61.22,61.00,61.07,194
24-01-2026 01:30,61.07,61.14,61.04,61.12,140
24-01-2026 01:45,61.12,61.15,61.11,61.13,101
24-01-2026 02:00,61.13,61.21,61.11,61.12,142
24-01-2026 02:15,61.12,61.16,61.08,61.15,182
24-01-2026 02:30,61.15,61.31,61.15,61.27,143
24-01-2026 02:45,61.28,61.28,61.20,61.25,125
24-01-2026 03:00,61.25,61.34,61.21,61.31,89
24-01-2026 03:15,61.31,61.32,61.26,61.30,78
26-01-2026 04:30,60.71,61.01,60.69,60.77,348
26-01-2026 04:45,60.75,60.92,60.74,60.85,281
26-01-2026 05:00,60.86,60.91,60.79,60.83,158
26-01-2026 05:15,60.82,61.05,60.81,61.02,162
26-01-2026 05:30,61.01,61.07,60.86,60.99,230
26-01-2026 05:45,60.99,61.10,60.98,61.08,149
26-01-2026 06:00,61.08,61.11,61.02,61.10,101
26-01-2026 06:15,61.10,61.13,61.04,61.07,120
26-01-2026 06:30,61.08,61.17,60.98,61.04,358
26-01-2026 06:45,61.04,61.28,61.04,61.19,336
26-01-2026 07:00,61.19,61.24,61.09,61.09,270
26-01-2026 07:15,61.09,61.16,61.05,61.10,144
26-01-2026 07:30,61.10,61.10,60.99,61.03,175
26-01-2026 07:45,61.03,61.08,60.98,61.05,101
26-01-2026 08:00,61.06,61.13,61.06,61.06,166
26-01-2026 08:15,61.06,61.08,60.96,60.96,173
26-01-2026 08:30,60.96,61.03,60.92,61.03,100
26-01-2026 08:45,61.03,61.07,61.00,61.05,123
26-01-2026 09:00,61.05,61.07,61.02,61.03,61
26-01-2026 09:15,61.03,61.09,61.03,61.08,42
26-01-2026 09:30,61.08,61.09,61.06,61.08,41
26-01-2026 09:45,61.08,61.18,61.08,61.16,64
26-01-2026 10:00,61.16,61.19,61.14,61.16,47
26-01-2026 10:15,61.16,61.18,61.16,61.18,39
26-01-2026 10:30,61.18,61.18,61.07,61.07,66
26-01-2026 10:45,61.07,61.12,61.07,61.10,55
26-01-2026 11:00,61.10,61.16,61.06,61.10,170
26-01-2026 11:15,61.09,61.27,61.01,61.21,200
26-01-2026 11:30,61.21,61.41,61.15,61.36,414
26-01-2026 11:45,61.36,61.69,61.33,61.65,479
26-01-2026 12:00,61.65,61.65,61.31,61.37,398
26-01-2026 12:15,61.38,61.61,61.32,61.53,336
26-01-2026 12:30,61.53,61.53,61.41,61.50,362
26-01-2026 12:45,61.51,61.52,61.21,61.28,319
26-01-2026 13:00,61.28,61.36,61.12,61.13,277
26-01-2026 13:15,61.13,61.23,60.92,60.93,391
26-01-2026 13:30,60.93,61.01,60.82,60.97,549
26-01-2026 13:45,60.98,61.01,60.89,60.96,545
26-01-2026 14:00,60.95,61.09,60.77,61.08,503
26-01-2026 14:15,61.07,61.22,60.93,61.21,418
26-01-2026 14:30,61.21,61.32,61.09,61.10,451
26-01-2026 14:45,61.10,61.15,60.89,60.96,402
26-01-2026 15:00,60.96,60.98,60.80,60.92,376
26-01-2026 15:15,60.92,61.15,60.87,61.09,378
26-01-2026 15:30,61.08,61.13,60.94,61.10,308
26-01-2026 15:45,61.10,61.19,61.10,61.18,307
26-01-2026 16:00,61.18,61.21,61.12,61.16,272
26-01-2026 16:15,61.16,61.23,61.14,61.22,194
26-01-2026 16:30,61.22,61.26,61.05,61.19,246
26-01-2026 16:45,61.18,61.24,61.08,61.23,223
26-01-2026 17:00,61.23,61.39,61.23,61.27,248
26-01-2026 17:15,61.27,61.27,61.12,61.14,215
26-01-2026 17:30,61.14,61.17,61.03,61.17,236
26-01-2026 17:45,61.17,61.18,60.98,61.03,239
26-01-2026 18:00,61.04,61.04,60.89,60.97,302
26-01-2026 18:15,60.97,61.03,60.85,60.88,312
26-01-2026 18:30,60.88,60.99,60.84,60.95,441
26-01-2026 18:45,60.95,60.96,60.66,60.76,494
26-01-2026 19:00,60.76,60.76,60.55,60.71,457
26-01-2026 19:15,60.71,60.86,60.68,60.77,449
26-01-2026 19:30,60.77,60.92,60.68,60.87,517
26-01-2026 19:45,60.87,60.87,60.52,60.63,454
26-01-2026 20:00,60.64,60.87,60.52,60.72,1059
26-01-2026 20:15,60.72,60.76,60.49,60.52,571
26-01-2026 20:30,60.51,60.98,60.51,60.86,582
26-01-2026 20:45,60.86,60.86,60.68,60.72,450
26-01-2026 21:00,60.72,60.72,60.41,60.53,461
26-01-2026 21:15,60.53,60.66,60.48,60.59,427
26-01-2026 21:30,60.59,60.64,60.43,60.51,464
26-01-2026 21:45,60.51,60.59,60.43,60.52,418
26-01-2026 22:00,60.52,60.89,60.52,60.82,432
26-01-2026 22:15,60.82,60.84,60.72,60.82,312
26-01-2026 22:30,60.82,60.85,60.71,60.83,324
26-01-2026 22:45,60.83,60.84,60.75,60.78,288
26-01-2026 23:00,60.78,60.97,60.77,60.96,279
26-01-2026 23:15,60.97,61.00,60.88,60.94,297
26-01-2026 23:30,60.94,60.95,60.67,60.73,263
26-01-2026 23:45,60.73,60.73,60.58,60.59,360
27-01-2026 00:00,60.59,60.67,60.52,60.55,304
27-01-2026 00:15,60.55,60.80,60.55,60.60,380
27-01-2026 00:30,60.60,60.69,60.55,60.63,328
27-01-2026 00:45,60.63,60.69,60.58,60.61,459
27-01-2026 01:00,60.62,60.67,60.47,60.54,249
27-01-2026 01:15,60.55,60.60,60.54,60.60,145
27-01-2026 01:30,60.60,60.71,60.59,60.69,132
27-01-2026 01:45,60.69,60.74,60.32,60.72,494
27-01-2026 02:00,60.73,60.79,60.68,60.77,242
27-01-2026 02:15,60.77,60.82,60.74,60.76,164
27-01-2026 02:30,60.76,60.84,60.75,60.79,128
27-01-2026 02:45,60.79,60.80,60.69,60.69,103
27-01-2026 03:00,60.69,60.78,60.63,60.75,96
27-01-2026 03:15,60.75,60.88,60.75,60.82,198
27-01-2026 04:30,60.77,60.84,60.77,60.84,44
27-01-2026 04:45,60.84,60.84,60.79,60.81,43
27-01-2026 05:00,60.82,60.84,60.79,60.79,33
27-01-2026 05:15,60.79,60.83,60.79,60.80,26
27-01-2026 05:30,60.81,60.82,60.75,60.81,51
27-01-2026 05:45,60.83,60.83,60.78,60.79,38
27-01-2026 06:00,60.79,60.81,60.78,60.80,23
27-01-2026 06:15,60.80,60.82,60.77,60.79,33
27-01-2026 06:30,60.79,60.84,60.48,60.59,424
27-01-2026 06:45,60.59,60.59,60.36,60.36,218
27-01-2026 07:00,60.36,60.48,60.32,60.39,195
27-01-2026 07:15,60.40,60.40,60.19,60.24,250
27-01-2026 07:30,60.23,60.37,60.21,60.32,274
27-01-2026 07:45,60.32,60.35,60.30,60.33,63
27-01-2026 08:00,60.33,60.35,60.28,60.34,132
27-01-2026 08:15,60.34,60.34,60.27,60.30,104
27-01-2026 08:30,60.30,60.30,60.20,60.24,136
27-01-2026 08:45,60.24,60.29,60.22,60.25,120
27-01-2026 09:00,60.25,60.29,60.24,60.24,123
27-01-2026 09:15,60.24,60.25,60.21,60.24,73
27-01-2026 09:30,60.24,60.28,60.23,60.27,49
27-01-2026 09:45,60.26,60.29,60.20,60.23,72
27-01-2026 10:00,60.23,60.30,60.22,60.23,57
27-01-2026 10:15,60.23,60.25,60.20,60.21,47
27-01-2026 10:30,60.21,60.28,60.16,60.23,100
27-01-2026 10:45,60.23,60.28,60.22,60.27,57
27-01-2026 11:00,60.27,60.34,60.26,60.32,122
27-01-2026 11:15,60.32,60.43,60.32,60.40,94
27-01-2026 11:30,60.40,60.48,60.37,60.45,103
27-01-2026 11:45,60.45,60.52,60.43,60.49,148
27-01-2026 12:00,60.49,60.50,60.33,60.37,163
27-01-2026 12:15,60.37,60.53,60.37,60.50,154
27-01-2026 12:30,60.51,60.53,60.39,60.40,222
27-01-2026 12:45,60.40,60.41,60.33,60.34,179
27-01-2026 13:00,60.35,60.44,60.28,60.37,210
27-01-2026 13:15,60.37,60.44,60.34,60.37,201
27-01-2026 13:30,60.37,60.48,60.37,60.41,350
27-01-2026 13:45,60.41,60.46,60.17,60.17,409
27-01-2026 14:00,60.18,60.39,60.13,60.37,330
27-01-2026 14:15,60.37,60.41,60.25,60.41,317
27-01-2026 14:30,60.41,60.46,60.28,60.33,271
27-01-2026 14:45,60.33,60.64,60.31,60.59,331
27-01-2026 15:00,60.60,60.68,60.50,60.53,326
27-01-2026 15:15,60.53,60.64,60.49,60.63,266
27-01-2026 15:30,60.63,60.97,60.61,60.87,447
27-01-2026 15:45,60.88,60.94,60.80,60.82,238
27-01-2026 16:00,60.82,61.01,60.80,60.95,267
27-01-2026 16:15,60.96,60.97,60.87,60.92,223
27-01-2026 16:30,60.92,60.96,60.82,60.90,232
27-01-2026 16:45,60.90,60.93,60.76,60.76,206
27-01-2026 17:00,60.76,60.78,60.57,60.62,335
27-01-2026 17:15,60.62,60.68,60.56,60.60,294
27-01-2026 17:30,60.60,60.67,60.54,60.60,225
27-01-2026 17:45,60.61,60.65,60.48,60.55,271
27-01-2026 18:00,60.55,60.57,60.43,60.49,244
27-01-2026 18:15,60.49,60.71,60.48,60.63,243
27-01-2026 18:30,60.63,60.83,60.60,60.75,392
27-01-2026 18:45,60.75,61.13,60.75,61.12,488
27-01-2026 19:00,61.12,61.63,61.09,61.61,910
27-01-2026 19:15,61.60,61.82,61.48,61.77,1023
27-01-2026 19:30,61.77,61.79,61.44,61.45,965
27-01-2026 19:45,61.45,61.49,61.10,61.16,763
27-01-2026 20:00,61.16,61.32,60.92,61.23,1054
27-01-2026 20:15,61.23,61.32,61.14,61.26,600
27-01-2026 20:30,61.26,61.41,61.09,61.31,640
27-01-2026 20:45,61.32,61.35,61.09,61.22,430
27-01-2026 21:00,61.22,61.48,61.20,61.47,482
27-01-2026 21:15,61.47,61.69,61.41,61.68,466
27-01-2026 21:30,61.68,61.75,61.61,61.70,479
27-01-2026 21:45,61.70,61.95,61.63,61.85,591
27-01-2026 22:00,61.85,61.96,61.82,61.90,483
27-01-2026 22:15,61.90,61.94,61.85,61.88,365
27-01-2026 22:30,61.88,62.05,61.85,61.97,567
27-01-2026 22:45,61.97,62.08,61.93,62.06,402
27-01-2026 23:00,62.06,62.17,62.04,62.06,458
27-01-2026 23:15,62.06,62.08,61.97,62.06,372
27-01-2026 23:30,62.06,62.11,61.99,62.07,251
27-01-2026 23:45,62.07,62.21,62.06,62.11,326
28-01-2026 00:00,62.11,62.12,61.91,61.95,356
28-01-2026 00:15,61.96,62.03,61.91,61.93,319
28-01-2026 00:30,61.94,62.18,61.93,62.16,331
28-01-2026 00:45,62.16,62.43,62.15,62.37,621
28-01-2026 01:00,62.37,62.56,62.35,62.41,558
28-01-2026 01:15,62.41,62.42,62.11,62.18,377
28-01-2026 01:30,62.18,62.27,62.17,62.24,249
28-01-2026 01:45,62.24,62.34,62.22,62.32,159
28-01-2026 02:00,62.32,62.33,62.22,62.22,217
28-01-2026 02:15,62.22,62.60,62.20,62.55,408
28-01-2026 02:30,62.55,62.55,62.36,62.43,195
28-01-2026 02:45,62.43,62.45,62.38,62.43,139
28-01-2026 03:00,62.43,62.47,62.40,62.45,160
28-01-2026 03:15,62.44,62.57,62.43,62.54,148
28-01-2026 04:30,62.59,62.59,62.52,62.54,64
28-01-2026 04:45,62.54,62.65,62.52,62.54,87
28-01-2026 05:00,62.54,62.57,62.44,62.48,59
28-01-2026 05:15,62.49,62.55,62.48,62.53,64
28-01-2026 05:30,62.53,62.63,62.51,62.56,91
28-01-2026 05:45,62.56,62.56,62.46,62.53,74
28-01-2026 06:00,62.53,62.54,62.50,62.52,46
28-01-2026 06:15,62.52,62.55,62.45,62.51,51
28-01-2026 06:30,62.51,62.62,62.33,62.42,435
28-01-2026 06:45,62.42,62.48,62.37,62.48,224
28-01-2026 07:00,62.48,62.59,62.45,62.56,183
28-01-2026 07:15,62.56,62.56,62.42,62.43,151
28-01-2026 07:30,62.43,62.58,62.39,62.54,199
28-01-2026 07:45,62.55,62.62,62.52,62.59,84
28-01-2026 08:00,62.59,62.63,62.53,62.55,176
28-01-2026 08:15,62.56,62.71,62.55,62.63,199
28-01-2026 08:30,62.63,62.73,62.62,62.72,232
28-01-2026 08:45,62.72,62.85,62.71,62.80,356
28-01-2026 09:00,62.80,62.81,62.74,62.74,99
28-01-2026 09:15,62.74,62.75,62.64,62.69,70
28-01-2026 09:30,62.69,62.74,62.66,62.74,137
28-01-2026 09:45,62.74,62.78,62.71,62.78,81
28-01-2026 10:00,62.78,62.80,62.67,62.70,57
28-01-2026 10:15,62.70,62.82,62.69,62.80,76
28-01-2026 10:30,62.80,62.81,62.77,62.78,45
28-01-2026 10:45,62.78,62.80,62.76,62.77,47
28-01-2026 11:00,62.77,62.86,62.75,62.78,182
28-01-2026 11:15,62.78,62.86,62.75,62.85,124
28-01-2026 11:30,62.86,62.98,62.84,62.87,239
28-01-2026 11:45,62.87,62.90,62.75,62.76,168
28-01-2026 12:00,62.76,62.83,62.74,62.82,172
28-01-2026 12:15,62.83,62.87,62.71,62.75,162
28-01-2026 12:30,62.75,62.77,62.53,62.55,280
28-01-2026 12:45,62.56,62.60,62.49,62.51,235
28-01-2026 13:00,62.51,62.56,62.45,62.46,219
28-01-2026 13:15,62.46,62.48,62.39,62.48,263
28-01-2026 13:30,62.48,62.54,62.40,62.46,428
28-01-2026 13:45,62.46,62.52,62.39,62.48,415
28-01-2026 14:00,62.47,62.61,62.42,62.48,418
28-01-2026 14:15,62.48,62.78,62.47,62.70,322
28-01-2026 14:30,62.69,62.70,62.34,62.37,389
28-01-2026 14:45,62.37,62.45,62.24,62.25,397
28-01-2026 15:00,62.25,62.31,62.06,62.18,465
28-01-2026 15:15,62.18,62.29,62.10,62.15,350
28-01-2026 15:30,62.15,62.26,62.10,62.10,292
28-01-2026 15:45,62.10,62.23,62.10,62.16,198
28-01-2026 16:00,62.16,62.23,62.09,62.20,219
28-01-2026 16:15,62.20,62.24,62.08,62.12,216
28-01-2026 16:30,62.12,62.30,62.10,62.28,251
28-01-2026 16:45,62.28,62.43,62.27,62.41,237
28-01-2026 17:00,62.41,62.45,62.30,62.38,187
28-01-2026 17:15,62.38,62.59,62.38,62.56,250
28-01-2026 17:30,62.56,63.12,62.38,62.47,841
28-01-2026 17:45,62.48,62.80,62.43,62.69,857
28-01-2026 18:00,62.70,62.77,62.61,62.76,438
28-01-2026 18:15,62.76,62.92,62.76,62.80,457
28-01-2026 18:30,62.80,63.00,62.74,62.91,649
28-01-2026 18:45,62.91,63.11,62.80,63.09,522
28-01-2026 19:00,63.10,63.17,62.98,63.11,499
28-01-2026 19:15,63.10,63.35,63.09,63.33,604
28-01-2026 19:30,63.33,63.50,63.27,63.32,821
28-01-2026 19:45,63.33,63.43,62.86,63.03,1356
28-01-2026 20:00,63.03,63.20,62.95,63.12,767
28-01-2026 20:15,63.13,63.22,62.97,63.17,550
28-01-2026 20:30,63.17,63.25,62.63,62.87,979
28-01-2026 20:45,62.88,63.03,62.80,62.95,457
28-01-2026 21:00,62.95,63.10,62.88,62.94,687
28-01-2026 21:15,62.94,63.03,62.83,62.95,484
28-01-2026 21:30,62.95,63.08,62.87,62.95,558
28-01-2026 21:45,62.96,63.02,62.87,62.90,524
28-01-2026 22:00,62.90,62.96,62.79,62.86,516
28-01-2026 22:15,62.85,62.93,62.67,62.72,558
28-01-2026 22:30,62.72,62.76,62.53,62.57,479
28-01-2026 22:45,62.57,62.79,62.53,62.68,369
28-01-2026 23:00,62.69,62.92,62.67,62.87,289
28-01-2026 23:15,62.87,62.89,62.67,62.72,358
28-01-2026 23:30,62.72,62.81,62.69,62.73,274
28-01-2026 23:45,62.73,62.85,62.71,62.78,255
29-01-2026 00:00,62.78,62.97,62.76,62.95,283
29-01-2026 00:15,62.95,63.16,62.94,63.08,243
29-01-2026 00:30,63.08,63.16,63.02,63.11,356
29-01-2026 00:45,63.11,63.27,63.11,63.14,389
29-01-2026 01:00,63.14,63.17,63.07,63.15,362
29-01-2026 01:15,63.15,63.24,63.14,63.21,177
29-01-2026 01:30,63.21,63.43,63.20,63.37,297
29-01-2026 01:45,63.37,63.38,63.27,63.37,143
29-01-2026 02:00,63.37,63.45,63.36,63.45,148
29-01-2026 02:15,63.44,63.46,63.36,63.36,174
29-01-2026 02:30,63.36,63.39,63.31,63.37,150
29-01-2026 02:45,63.38,63.54,63.36,63.50,181
29-01-2026 03:00,63.50,63.53,63.48,63.49,111
29-01-2026 03:15,63.49,63.50,63.44,63.48,102
29-01-2026 04:30,63.40,63.58,63.36,63.51,109
29-01-2026 04:45,63.51,63.64,63.43,63.62,98
29-01-2026 05:00,63.62,63.73,63.58,63.63,193
29-01-2026 05:15,63.63,63.81,63.27,63.37,386
29-01-2026 05:30,63.37,63.62,63.30,63.55,253
29-01-2026 05:45,63.55,63.63,63.53,63.53,157
29-01-2026 06:00,63.53,63.64,63.51,63.59,65
29-01-2026 06:15,63.59,63.60,63.49,63.52,66
29-01-2026 06:30,63.52,63.72,63.41,63.58,594
29-01-2026 06:45,63.58,63.67,63.57,63.65,231
29-01-2026 07:00,63.65,63.79,63.64,63.71,232
29-01-2026 07:15,63.71,63.81,63.67,63.79,223
29-01-2026 07:30,63.79,63.80,63.62,63.76,213
29-01-2026 07:45,63.76,63.82,63.71,63.81,103
29-01-2026 08:00,63.82,63.85,63.79,63.85,159
29-01-2026 08:15,63.85,64.05,63.82,64.00,249
29-01-2026 08:30,64.00,64.06,63.98,64.03,341
29-01-2026 08:45,64.03,64.07,63.97,64.02,350
29-01-2026 09:00,64.02,64.02,63.91,64.00,190
29-01-2026 09:15,64.00,64.08,64.00,64.06,132
29-01-2026 09:30,64.06,64.10,64.03,64.09,89
29-01-2026 09:45,64.09,64.28,64.08,64.26,162
29-01-2026 10:00,64.26,64.31,64.16,64.30,153
29-01-2026 10:15,64.30,64.35,64.28,64.30,147
29-01-2026 10:30,64.30,64.30,64.12,64.18,110
29-01-2026 10:45,64.18,64.18,64.10,64.16,126
29-01-2026 11:00,64.16,64.20,64.07,64.10,343
29-01-2026 11:15,64.09,64.13,64.01,64.11,203
29-01-2026 11:30,64.11,64.11,64.01,64.06,144
29-01-2026 11:45,64.06,64.15,64.05,64.12,168
29-01-2026 12:00,64.12,64.46,64.09,64.37,433
29-01-2026 12:15,64.37,64.39,64.12,64.17,409
29-01-2026 12:30,64.17,64.39,64.16,64.23,318
29-01-2026 12:45,64.23,64.28,64.11,64.11,278
29-01-2026 13:00,64.11,64.25,64.10,64.21,209
29-01-2026 13:15,64.21,64.25,64.01,64.06,402
29-01-2026 13:30,64.06,64.17,64.03,64.15,425
29-01-2026 13:45,64.15,64.26,64.09,64.18,460
29-01-2026 14:00,64.19,64.41,64.15,64.39,485
29-01-2026 14:15,64.39,64.65,64.35,64.61,436
29-01-2026 14:30,64.61,64.62,64.34,64.41,434
29-01-2026 14:45,64.41,64.78,64.37,64.77,418
29-01-2026 15:00,64.77,64.89,64.74,64.84,460
29-01-2026 15:15,64.84,65.06,64.82,64.83,514
29-01-2026 15:30,64.83,64.86,64.48,64.51,558
29-01-2026 15:45,64.51,64.55,64.39,64.43,408
29-01-2026 16:00,64.43,64.59,64.31,64.58,368
29-01-2026 16:15,64.58,64.83,64.57,64.71,403
29-01-2026 16:30,64.71,64.71,64.49,64.59,337
29-01-2026 16:45,64.59,64.62,64.35,64.55,311
29-01-2026 17:00,64.55,64.90,64.55,64.88,294
29-01-2026 17:15,64.88,64.89,64.64,64.71,343
29-01-2026 17:30,64.71,64.76,64.58,64.64,393
29-01-2026 17:45,64.65,64.87,64.64,64.73,324
29-01-2026 18:00,64.73,64.85,64.68,64.76,355
29-01-2026 18:15,64.76,64.80,64.65,64.67,330
29-01-2026 18:30,64.67,65.04,64.60,65.01,603
29-01-2026 18:45,65.01,65.39,65.01,65.18,886
29-01-2026 19:00,65.18,65.33,65.01,65.20,678
29-01-2026 19:15,65.20,65.60,65.10,65.44,805
29-01-2026 19:30,65.44,66.09,65.39,66.08,1042
29-01-2026 19:45,66.08,66.37,65.95,66.26,1473
29-01-2026 20:00,66.26,66.46,66.03,66.33,1208
29-01-2026 20:15,66.33,66.33,65.96,66.11,1252
29-01-2026 20:30,66.11,66.17,65.17,65.23,1662
29-01-2026 20:45,65.23,65.48,64.85,65.10,2482
29-01-2026 21:00,65.10,65.19,64.63,64.71,2003
29-01-2026 21:15,64.72,65.47,64.71,65.42,1447
29-01-2026 21:30,65.42,65.62,65.13,65.50,1317
29-01-2026 21:45,65.50,65.74,65.35,65.57,1290
29-01-2026 22:00,65.56,65.69,65.14,65.15,1075
29-01-2026 22:15,65.15,65.27,64.87,65.23,1038
29-01-2026 22:30,65.24,65.41,65.05,65.32,1066
29-01-2026 22:45,65.32,65.62,65.27,65.55,717
29-01-2026 23:00,65.55,65.66,65.42,65.54,674
29-01-2026 23:15,65.54,65.65,65.31,65.48,847
29-01-2026 23:30,65.48,65.57,65.26,65.43,630
29-01-2026 23:45,65.43,65.45,65.08,65.15,534
30-01-2026 00:00,65.15,65.24,64.89,65.14,682
30-01-2026 00:15,65.15,65.41,65.07,65.09,531
30-01-2026 00:30,65.11,65.53,65.06,65.45,648
30-01-2026 00:45,65.45,65.57,65.30,65.37,701
30-01-2026 01:00,65.37,65.38,65.14,65.33,414
30-01-2026 01:15,65.33,65.48,65.32,65.36,296
30-01-2026 01:30,65.36,65.54,65.33,65.52,278
30-01-2026 01:45,65.52,65.91,65.49,65.80,417
30-01-2026 02:00,65.80,65.80,65.56,65.63,318
30-01-2026 02:15,65.63,65.70,65.41,65.46,419
30-01-2026 02:30,65.45,65.46,65.23,65.27,248
30-01-2026 02:45,65.27,65.36,65.20,65.25,209
30-01-2026 03:00,65.25,65.43,65.22,65.36,236
30-01-2026 03:15,65.36,65.49,65.34,65.49,175
30-01-2026 04:30,65.45,65.86,65.37,65.80,252
30-01-2026 04:45,65.80,65.80,65.52,65.62,148
30-01-2026 05:00,65.62,65.71,65.50,65.62,141
30-01-2026 05:15,65.63,65.71,65.55,65.57,120
30-01-2026 05:30,65.57,65.64,65.51,65.63,89
30-01-2026 05:45,65.63,65.65,65.12,65.34,283
30-01-2026 06:00,65.34,65.45,64.12,65.19,862
30-01-2026 06:15,65.19,65.47,65.19,65.33,277
30-01-2026 06:30,65.33,65.56,65.10,65.17,1050
30-01-2026 06:45,65.17,65.27,64.93,64.97,738
30-01-2026 07:00,64.97,65.17,64.72,64.72,712
30-01-2026 07:15,64.72,64.85,64.67,64.76,738
30-01-2026 07:30,64.76,64.81,64.24,64.27,899
30-01-2026 07:45,64.27,64.34,64.10,64.17,689
30-01-2026 08:00,64.16,64.30,63.63,64.19,1657
30-01-2026 08:15,64.20,64.49,64.19,64.44,695
30-01-2026 08:30,64.44,64.47,64.12,64.18,598
30-01-2026 08:45,64.18,64.41,64.10,64.34,502
30-01-2026 09:00,64.34,64.37,64.18,64.20,212
30-01-2026 09:15,64.20,64.32,64.13,64.22,198
30-01-2026 09:30,64.22,64.36,64.22,64.31,189
30-01-2026 09:45,64.31,64.40,64.24,64.35,153
30-01-2026 10:00,64.35,64.42,64.30,64.39,154
30-01-2026 10:15,64.39,64.41,64.30,64.31,109
30-01-2026 10:30,64.31,64.37,64.23,64.34,139
30-01-2026 10:45,64.34,64.43,64.26,64.27,156
30-01-2026 11:00,64.27,64.63,64.27,64.56,731
30-01-2026 11:15,64.56,64.72,64.42,64.46,491
30-01-2026 11:30,64.46,64.47,64.33,64.41,401
30-01-2026 11:45,64.41,64.43,64.24,64.27,415
30-01-2026 12:00,64.27,64.36,64.20,64.21,331
30-01-2026 12:15,64.21,64.29,63.96,64.01,454
30-01-2026 12:30,64.02,64.29,64.00,64.15,459
30-01-2026 12:45,64.15,64.33,64.12,64.31,290
30-01-2026 13:00,64.30,64.36,64.20,64.33,379
30-01-2026 13:15,64.33,64.37,64.14,64.14,332
30-01-2026 13:30,64.14,64.46,64.07,64.22,570
30-01-2026 13:45,64.22,64.32,64.14,64.24,618
30-01-2026 14:00,64.24,64.56,64.14,64.53,779
30-01-2026 14:15,64.53,64.67,64.45,64.48,490
30-01-2026 14:30,64.48,65.03,64.46,64.95,624
30-01-2026 14:45,64.95,65.06,64.76,64.93,548
30-01-2026 15:00,64.93,65.08,64.74,64.75,622
30-01-2026 15:15,64.75,64.81,64.52,64.66,664
30-01-2026 15:30,64.66,64.67,64.25,64.27,610
30-01-2026 15:45,64.27,64.55,64.20,64.55,709
30-01-2026 16:00,64.55,64.73,64.48,64.73,483
30-01-2026 16:15,64.73,64.87,64.59,64.62,441
30-01-2026 16:30,64.62,64.99,64.61,64.94,501
30-01-2026 16:45,64.94,65.00,64.79,65.00,464
30-01-2026 17:00,65.00,65.01,64.29,64.58,1446
30-01-2026 17:15,64.58,65.05,64.55,65.00,774
30-01-2026 17:30,65.00,65.10,64.85,65.09,496
30-01-2026 17:45,65.09,65.15,64.87,65.02,445
30-01-2026 18:00,65.02,65.12,64.94,65.11,353
30-01-2026 18:15,65.11,65.35,65.08,65.22,644
30-01-2026 18:30,65.22,65.36,64.97,65.08,857
30-01-2026 18:45,65.08,65.25,64.96,65.21,679
30-01-2026 19:00,65.21,65.43,65.17,65.21,758
30-01-2026 19:15,65.22,65.36,64.90,65.28,944
30-01-2026 19:30,65.29,65.66,65.27,65.61,1115
30-01-2026 19:45,65.61,65.78,65.54,65.68,643
30-01-2026 20:00,65.68,65.90,65.64,65.81,1097
30-01-2026 20:15,65.81,65.85,65.46,65.67,909
30-01-2026 20:30,65.67,65.72,65.47,65.54,767
30-01-2026 20:45,65.54,65.78,65.28,65.31,879
30-01-2026 21:00,65.32,65.70,65.29,65.47,739
30-01-2026 21:15,65.47,65.64,65.36,65.60,679
30-01-2026 21:30,65.60,65.79,65.45,65.73,725
30-01-2026 21:45,65.73,66.00,65.70,65.97,765
30-01-2026 22:00,65.97,66.09,65.63,65.66,782
30-01-2026 22:15,65.66,65.74,65.53,65.68,663
30-01-2026 22:30,65.68,65.81,65.43,65.77,691
30-01-2026 22:45,65.77,65.82,64.54,64.62,2404
30-01-2026 23:00,64.62,64.91,64.40,64.68,1521
30-01-2026 23:15,64.68,64.68,64.33,64.51,987
30-01-2026 23:30,64.51,64.62,64.21,64.31,893
30-01-2026 23:45,64.31,64.51,64.28,64.38,998
31-01-2026 00:00,64.38,64.49,64.17,64.46,753
31-01-2026 00:15,64.46,64.77,64.42,64.68,747
31-01-2026 00:30,64.69,65.08,64.65,65.02,747
31-01-2026 00:45,65.02,65.23,65.00,65.18,825
31-01-2026 01:00,65.18,65.57,65.18,65.51,601
31-01-2026 01:15,65.51,65.67,65.47,65.55,416
31-01-2026 01:30,65.55,65.77,65.54,65.70,478
31-01-2026 01:45,65.70,65.82,65.66,65.78,431
31-01-2026 02:00,65.78,65.91,65.71,65.89,431
31-01-2026 02:15,65.90,65.91,65.70,65.76,345
31-01-2026 02:30,65.76,65.85,65.72,65.75,320
31-01-2026 02:45,65.75,65.84,65.73,65.78,182
31-01-2026 03:00,65.78,65.78,65.69,65.73,123
31-01-2026 03:15,65.73,65.77,65.67,65.71,228
02-02-2026 04:30,63.70,63.75,62.98,63.52,1004
02-02-2026 04:45,63.52,63.54,63.07,63.28,828
02-02-2026 05:00,63.28,63.41,63.22,63.31,489
02-02-2026 05:15,63.31,63.39,63.25,63.26,286
02-02-2026 05:30,63.26,63.59,63.24,63.57,333
02-02-2026 05:45,63.57,63.76,63.57,63.60,311
02-02-2026 06:00,63.60,63.68,63.56,63.57,188
02-02-2026 06:15,63.57,63.77,63.57,63.69,189
02-02-2026 06:30,63.69,63.71,62.92,62.92,1983
02-02-2026 06:45,62.93,63.13,62.91,63.03,916
02-02-2026 07:00,63.03,63.13,62.82,62.91,781
02-02-2026 07:15,62.91,63.06,62.59,63.02,859
02-02-2026 07:30,63.02,63.10,62.91,62.94,606
02-02-2026 07:45,62.94,63.01,62.81,62.83,241
02-02-2026 08:00,62.82,62.94,62.63,62.64,913
02-02-2026 08:15,62.64,62.79,62.31,62.42,637
02-02-2026 08:30,62.42,62.62,62.29,62.33,882
02-02-2026 08:45,62.33,62.56,62.33,62.38,671
02-02-2026 09:00,62.38,62.52,62.35,62.36,360
02-02-2026 09:15,62.36,62.43,62.27,62.28,275
02-02-2026 09:30,62.28,62.32,62.09,62.19,354
02-02-2026 09:45,62.19,62.24,62.13,62.16,208
02-02-2026 10:00,62.15,62.26,62.11,62.19,159
02-02-2026 10:15,62.19,62.29,62.16,62.17,177
02-02-2026 10:30,62.17,62.18,61.98,62.01,197
02-02-2026 10:45,62.01,62.01,61.82,61.89,377
02-02-2026 11:00,61.89,61.91,61.43,61.55,933
02-02-2026 11:15,61.55,61.67,61.42,61.59,605
02-02-2026 11:30,61.59,61.78,61.56,61.72,538
02-02-2026 11:45,61.72,61.76,61.45,61.68,451
02-02-2026 12:00,61.68,61.85,61.55,61.75,466
02-02-2026 12:15,61.75,61.80,61.64,61.65,455
02-02-2026 12:30,61.66,62.24,61.64,62.15,689
02-02-2026 12:45,62.15,62.23,61.97,62.00,481
02-02-2026 13:00,62.00,62.02,61.69,61.78,553
02-02-2026 13:15,61.78,62.01,61.76,61.90,558
02-02-2026 13:30,61.90,62.00,61.68,61.88,933
02-02-2026 13:45,61.88,62.19,61.84,62.16,806
02-02-2026 14:00,62.16,62.35,61.94,62.10,903
02-02-2026 14:15,62.10,62.13,61.64,61.64,728
02-02-2026 14:30,61.64,61.82,61.40,61.57,897
02-02-2026 14:45,61.57,61.79,61.44,61.76,752
02-02-2026 15:00,61.76,61.95,61.70,61.75,699
02-02-2026 15:15,61.75,62.12,61.75,62.09,677
02-02-2026 15:30,62.09,62.26,61.95,62.20,668
02-02-2026 15:45,62.20,62.23,61.94,62.03,686
02-02-2026 16:00,62.04,62.15,61.96,62.03,420
02-02-2026 16:15,62.04,62.04,61.74,61.89,474
02-02-2026 16:30,61.89,61.97,61.80,61.80,328
02-02-2026 16:45,61.80,61.86,61.70,61.84,378
02-02-2026 17:00,61.84,61.85,61.60,61.72,381
02-02-2026 17:15,61.72,62.00,61.72,61.85,399
02-02-2026 17:30,61.85,62.10,61.84,62.05,540
02-02-2026 17:45,62.05,62.23,61.96,62.14,366
02-02-2026 18:00,62.14,62.28,62.11,62.23,480
02-02-2026 18:15,62.23,62.23,61.97,62.11,473
02-02-2026 18:30,62.11,62.11,61.70,61.79,1280
02-02-2026 18:45,61.79,61.87,61.56,61.78,847
02-02-2026 19:00,61.78,61.91,61.71,61.73,783
02-02-2026 19:15,61.73,62.10,61.73,62.09,760
02-02-2026 19:30,62.09,62.47,62.03,62.42,1136
02-02-2026 19:45,62.42,62.54,62.29,62.40,891
02-02-2026 20:00,62.39,62.41,62.14,62.25,1419
02-02-2026 20:15,62.25,62.37,61.97,62.05,999
02-02-2026 20:30,62.05,62.55,62.01,62.43,1273
02-02-2026 20:45,62.43,62.45,61.93,62.00,1592
02-02-2026 21:00,62.00,62.36,61.95,61.97,1131
02-02-2026 21:15,61.97,62.03,61.78,61.93,1071
02-02-2026 21:30,61.93,62.15,61.84,61.99,1041
02-02-2026 21:45,61.99,62.15,61.74,62.04,1265
02-02-2026 22:00,62.04,62.12,61.74,61.88,946
02-02-2026 22:15,61.88,62.19,61.88,61.95,818
02-02-2026 22:30,61.95,61.96,61.72,61.85,662
02-02-2026 22:45,61.85,61.85,61.65,61.77,550
02-02-2026 23:00,61.77,61.88,61.73,61.76,437
02-02-2026 23:15,61.76,61.94,61.70,61.75,389
02-02-2026 23:30,61.75,61.96,61.72,61.91,345
02-02-2026 23:45,61.91,62.07,61.86,61.87,386
03-02-2026 00:00,61.87,61.93,61.83,61.88,339
03-02-2026 00:15,61.88,61.93,61.53,61.71,524
03-02-2026 00:30,61.71,61.72,61.56,61.69,343
03-02-2026 00:45,61.69,62.20,61.65,62.17,697
03-02-2026 01:00,62.17,62.18,61.90,61.94,312
03-02-2026 01:15,61.94,62.12,61.90,62.04,202
03-02-2026 01:30,62.04,62.19,62.02,62.18,215
03-02-2026 01:45,62.18,62.19,62.02,62.15,206
03-02-2026 02:00,62.15,62.20,62.14,62.18,108
03-02-2026 02:15,62.18,62.27,62.15,62.24,173
03-02-2026 02:30,62.24,62.29,62.16,62.19,133
03-02-2026 02:45,62.19,62.27,62.18,62.23,74
03-02-2026 03:00,62.23,62.23,62.17,62.17,85
03-02-2026 03:15,62.17,62.34,62.16,62.32,122
03-02-2026 04:30,62.21,62.25,62.13,62.23,94
03-02-2026 04:45,62.23,62.24,61.99,62.00,93
03-02-2026 05:00,62.00,62.06,61.93,61.94,115
03-02-2026 05:15,61.94,61.94,61.78,61.92,94
03-02-2026 05:30,61.92,61.95,61.87,61.92,61
03-02-2026 05:45,61.92,62.02,61.92,61.95,54
03-02-2026 06:00,61.95,62.01,61.95,61.97,53
03-02-2026 06:15,61.97,62.00,61.92,61.97,46
03-02-2026 06:30,61.97,62.38,61.97,62.34,573
03-02-2026 06:45,62.34,62.44,62.33,62.39,379
03-02-2026 07:00,62.39,62.40,62.24,62.39,297
03-02-2026 07:15,62.39,62.45,62.32,62.33,238
03-02-2026 07:30,62.33,62.36,62.02,62.02,239
03-02-2026 07:45,62.02,62.02,61.69,61.71,337
03-02-2026 08:00,61.71,61.76,61.54,61.65,569
03-02-2026 08:15,61.64,61.77,61.60,61.73,435
03-02-2026 08:30,61.72,61.76,61.63,61.63,258
03-02-2026 08:45,61.63,61.83,61.60,61.79,276
03-02-2026 09:00,61.79,61.98,61.79,61.93,151
03-02-2026 09:15,61.93,61.93,61.86,61.92,136
03-02-2026 09:30,61.91,62.01,61.91,61.91,98
03-02-2026 09:45,61.92,61.94,61.85,61.86,63
03-02-2026 10:00,61.86,61.98,61.81,61.91,140
03-02-2026 10:15,61.91,61.91,61.86,61.90,74
03-02-2026 10:30,61.90,61.96,61.79,61.81,118
03-02-2026 10:45,61.81,61.91,61.80,61.88,86
03-02-2026 11:00,61.88,61.95,61.79,61.80,266
03-02-2026 11:15,61.80,61.95,61.79,61.86,255
03-02-2026 11:30,61.86,61.89,61.74,61.82,229
03-02-2026 11:45,61.82,61.91,61.78,61.87,215
03-02-2026 12:00,61.87,61.91,61.82,61.85,253
03-02-2026 12:15,61.85,61.88,61.74,61.81,295
03-02-2026 12:30,61.81,61.96,61.80,61.91,246
03-02-2026 12:45,61.91,61.93,61.71,61.83,265
03-02-2026 13:00,61.83,62.04,61.83,62.01,374
03-02-2026 13:15,62.01,62.01,61.83,61.90,306
03-02-2026 13:30,61.90,62.02,61.83,62.02,507
03-02-2026 13:45,62.01,62.08,61.86,62.01,566
03-02-2026 14:00,62.01,62.14,61.84,61.85,576
03-02-2026 14:15,61.85,61.87,61.34,61.61,725
03-02-2026 14:30,61.63,61.63,61.37,61.37,614
03-02-2026 14:45,61.37,61.47,61.10,61.27,694
03-02-2026 15:00,61.27,61.64,61.26,61.60,550
03-02-2026 15:15,61.59,61.86,61.58,61.72,453
03-02-2026 15:30,61.72,62.14,61.72,62.12,548
03-02-2026 15:45,62.12,62.24,61.97,62.22,337
03-02-2026 16:00,62.21,62.27,62.14,62.24,378
03-02-2026 16:15,62.24,62.33,62.16,62.21,345
03-02-2026 16:30,62.20,62.24,62.09,62.18,339
03-02-2026 16:45,62.18,62.24,62.08,62.21,376
03-02-2026 17:00,62.21,62.38,62.11,62.28,429
03-02-2026 17:15,62.28,62.36,62.14,62.32,297
03-02-2026 17:30,62.33,62.51,62.33,62.47,369
03-02-2026 17:45,62.47,62.47,62.19,62.36,365
03-02-2026 18:00,62.36,62.53,62.31,62.48,273
03-02-2026 18:15,62.48,62.57,62.43,62.54,323
03-02-2026 18:30,62.54,62.58,62.40,62.43,649
03-02-2026 18:45,62.43,62.57,62.34,62.52,409
03-02-2026 19:00,62.52,62.70,62.43,62.64,369
03-02-2026 19:15,62.64,62.67,62.47,62.58,422
03-02-2026 19:30,62.58,62.76,62.37,62.67,896
03-02-2026 19:45,62.67,62.84,62.64,62.71,656
03-02-2026 20:00,62.71,62.95,62.54,62.81,1093
03-02-2026 20:15,62.81,63.10,62.69,62.72,796
03-02-2026 20:30,62.72,62.80,62.51,62.64,967
03-02-2026 20:45,62.64,62.84,62.59,62.76,748
03-02-2026 21:00,62.76,62.87,62.73,62.79,733
03-02-2026 21:15,62.79,62.95,62.72,62.72,669
03-02-2026 21:30,62.72,62.85,62.61,62.80,785
03-02-2026 21:45,62.80,62.98,62.72,62.88,770
03-02-2026 22:00,62.88,62.98,62.69,62.70,858
03-02-2026 22:15,62.70,62.75,62.51,62.65,801
03-02-2026 22:30,62.65,63.71,62.51,63.44,1884
03-02-2026 22:45,63.44,63.51,62.89,63.11,1924
03-02-2026 23:00,63.11,63.38,63.02,63.02,1018
03-02-2026 23:15,63.03,63.28,62.89,63.13,753
03-02-2026 23:30,63.13,63.19,62.61,63.07,1157
03-02-2026 23:45,63.06,63.10,62.83,62.87,647
04-02-2026 00:00,62.87,63.33,62.85,63.25,516
04-02-2026 00:15,63.25,63.25,63.04,63.06,513
04-02-2026 00:30,63.07,63.09,62.69,63.06,762
04-02-2026 00:45,63.06,63.32,63.04,63.14,887
04-02-2026 01:00,63.13,63.55,63.09,63.43,579
04-02-2026 01:15,63.43,63.48,63.29,63.46,366
04-02-2026 01:30,63.46,63.63,63.44,63.58,236
04-02-2026 01:45,63.58,63.90,63.55,63.82,496
04-02-2026 02:00,63.82,64.01,63.79,63.97,397
04-02-2026 02:15,63.97,64.19,63.96,64.06,453
04-02-2026 02:30,64.06,64.12,63.97,64.03,232
04-02-2026 02:45,64.03,64.04,63.91,63.91,139
04-02-2026 03:00,63.91,64.06,63.53,63.76,568
04-02-2026 03:15,63.76,63.98,63.67,63.87,411
04-02-2026 04:30,63.73,63.79,63.70,63.76,113
04-02-2026 04:45,63.75,63.82,63.75,63.76,71
04-02-2026 05:00,63.76,63.77,63.61,63.65,95
04-02-2026 05:15,63.65,63.75,63.64,63.73,84
04-02-2026 05:30,63.73,63.80,63.70,63.78,99
04-02-2026 05:45,63.78,63.88,63.77,63.82,76
04-02-2026 06:00,63.82,63.87,63.78,63.85,68
04-02-2026 06:15,63.84,63.88,63.74,63.74,69
04-02-2026 06:30,63.74,63.94,63.45,63.84,835
04-02-2026 06:45,63.84,64.13,63.83,64.10,348
04-02-2026 07:00,64.10,64.14,64.01,64.04,441
04-02-2026 07:15,64.04,64.07,63.96,64.03,331
04-02-2026 07:30,64.03,64.12,63.93,63.99,409
04-02-2026 07:45,63.99,64.02,63.96,63.99,132
04-02-2026 08:00,63.99,64.02,63.77,63.82,470
04-02-2026 08:15,63.82,63.84,63.55,63.65,552
04-02-2026 08:30,63.64,63.78,63.56,63.74,452
04-02-2026 08:45,63.74,63.76,63.63,63.70,294
04-02-2026 09:00,63.70,63.73,63.68,63.71,113
04-02-2026 09:15,63.71,63.87,63.69,63.82,91
04-02-2026 09:30,63.83,63.83,63.78,63.82,83
04-02-2026 09:45,63.82,63.84,63.76,63.80,60
04-02-2026 10:00,63.80,63.86,63.79,63.85,65
04-02-2026 10:15,63.85,63.88,63.82,63.82,50
04-02-2026 10:30,63.82,63.84,63.79,63.80,75
04-02-2026 10:45,63.80,63.82,63.74,63.80,69
04-02-2026 11:00,63.80,63.84,63.72,63.76,239
04-02-2026 11:15,63.77,63.84,63.73,63.74,187
04-02-2026 11:30,63.74,63.80,63.66,63.78,216
04-02-2026 11:45,63.78,63.79,63.65,63.67,148
04-02-2026 12:00,63.67,63.72,63.62,63.69,161
04-02-2026 12:15,63.69,63.81,63.68,63.72,243
04-02-2026 12:30,63.72,63.78,63.57,63.59,249
04-02-2026 12:45,63.59,63.60,63.25,63.43,302
04-02-2026 13:00,63.43,63.51,63.35,63.47,281
04-02-2026 13:15,63.47,63.49,63.29,63.34,281
04-02-2026 13:30,63.34,63.50,63.31,63.48,411
04-02-2026 13:45,63.48,63.67,63.44,63.52,467
04-02-2026 14:00,63.52,63.53,63.10,63.10,473
04-02-2026 14:15,63.10,63.22,62.94,63.15,438
04-02-2026 14:30,63.15,63.28,63.08,63.09,408
04-02-2026 14:45,63.09,63.20,63.07,63.18,317
04-02-2026 15:00,63.19,63.58,63.19,63.46,528
04-02-2026 15:15,63.46,63.76,63.46,63.72,336
04-02-2026 15:30,63.72,63.75,63.54,63.58,387
04-02-2026 15:45,63.58,63.74,63.54,63.67,219
04-02-2026 16:00,63.67,63.77,63.57,63.61,301
04-02-2026 16:15,63.61,63.61,63.43,63.52,326
04-02-2026 16:30,63.52,63.52,63.29,63.33,312
04-02-2026 16:45,63.33,63.39,63.25,63.34,284
04-02-2026 17:00,63.34,63.41,63.25,63.36,264
04-02-2026 17:15,63.36,63.50,63.27,63.29,303
04-02-2026 17:30,63.29,63.48,63.21,63.46,305
04-02-2026 17:45,63.47,63.52,63.30,63.33,263
04-02-2026 18:00,63.33,63.49,63.26,63.48,206
04-02-2026 18:15,63.48,63.59,63.35,63.38,266
04-02-2026 18:30,63.39,63.47,63.29,63.37,502
04-02-2026 18:45,63.37,63.48,63.22,63.33,408
04-02-2026 19:00,63.33,63.34,63.07,63.11,547
04-02-2026 19:15,63.11,63.13,62.85,62.88,559
04-02-2026 19:30,62.88,63.23,62.85,63.20,811
04-02-2026 19:45,63.20,63.28,63.15,63.26,522
04-02-2026 20:00,63.26,63.44,63.23,63.38,1073
04-02-2026 20:15,63.38,63.48,63.18,63.25,909
04-02-2026 20:30,63.25,63.45,63.12,63.40,913
04-02-2026 20:45,63.40,63.60,63.38,63.44,847
04-02-2026 21:00,63.44,63.55,63.02,63.40,1545
04-02-2026 21:15,63.40,63.49,63.24,63.30,993
04-02-2026 21:30,63.30,63.35,63.06,63.09,1053
04-02-2026 21:45,63.09,63.19,62.96,63.13,861
04-02-2026 22:00,63.13,63.35,63.13,63.23,690
04-02-2026 22:15,63.23,63.56,63.18,63.52,616
04-02-2026 22:30,63.52,63.65,63.47,63.61,590
04-02-2026 22:45,63.61,64.71,63.52,64.66,1605
04-02-2026 23:00,64.68,65.51,64.26,64.95,3442
04-02-2026 23:15,64.95,65.17,64.74,65.11,1634
04-02-2026 23:30,65.11,65.19,64.95,65.07,1046
04-02-2026 23:45,65.07,65.28,64.83,65.25,849
05-02-2026 00:00,65.25,65.37,64.62,64.87,1296
05-02-2026 00:15,64.87,65.09,64.80,65.03,1034
05-02-2026 00:30,65.03,65.44,64.92,65.16,1328
05-02-2026 00:45,65.16,65.30,65.05,65.11,982
05-02-2026 01:00,65.11,65.22,64.70,65.06,977
05-02-2026 01:15,65.06,65.06,63.61,64.21,2199
05-02-2026 01:30,64.21,64.48,64.15,64.28,631
05-02-2026 01:45,64.29,64.45,64.21,64.32,383
05-02-2026 02:00,64.32,64.61,64.31,64.47,245
05-02-2026 02:15,64.47,64.47,64.26,64.30,322
05-02-2026 02:30,64.30,64.43,64.28,64.42,187
05-02-2026 02:45,64.42,64.42,64.25,64.35,147
05-02-2026 03:00,64.35,64.46,64.35,64.45,117
05-02-2026 03:15,64.45,64.52,64.42,64.51,145
05-02-2026 04:30,64.29,64.32,63.99,64.29,361
05-02-2026 04:45,64.29,64.38,64.20,64.38,128
05-02-2026 05:00,64.38,64.43,64.37,64.39,68
05-02-2026 05:15,64.39,64.45,64.34,64.40,79
05-02-2026 05:30,64.40,64.53,64.33,64.50,69
05-02-2026 05:45,64.50,64.60,64.45,64.47,127
05-02-2026 06:00,64.47,64.49,64.42,64.45,95
05-02-2026 06:15,64.45,64.54,64.34,64.36,98
05-02-2026 06:30,64.36,64.50,64.09,64.30,904
05-02-2026 06:45,64.30,64.36,64.17,64.29,452
05-02-2026 07:00,64.29,64.36,64.23,64.25,377
05-02-2026 07:15,64.25,64.25,64.07,64.07,251
05-02-2026 07:30,64.07,64.10,63.65,63.74,763
05-02-2026 07:45,63.74,63.98,63.63,63.96,489
05-02-2026 08:00,63.95,64.03,63.85,63.95,672
05-02-2026 08:15,63.95,63.97,63.58,63.67,890
05-02-2026 08:30,63.68,63.98,63.48,63.88,956
05-02-2026 08:45,63.88,63.92,63.79,63.83,503
05-02-2026 09:00,63.83,63.85,63.69,63.85,340
05-02-2026 09:15,63.85,63.87,63.77,63.82,200
05-02-2026 09:30,63.82,63.87,63.66,63.72,187
05-02-2026 09:45,63.72,63.81,63.69,63.75,166
05-02-2026 10:00,63.75,63.79,63.72,63.79,105
05-02-2026 10:15,63.79,63.79,63.74,63.76,57
05-02-2026 10:30,63.76,63.77,63.68,63.69,139
05-02-2026 10:45,63.69,63.75,63.58,63.74,149
05-02-2026 11:00,63.74,63.83,63.62,63.82,419
05-02-2026 11:15,63.82,63.86,63.66,63.69,283
05-02-2026 11:30,63.69,63.79,63.67,63.76,228
05-02-2026 11:45,63.76,63.81,63.70,63.81,232
05-02-2026 12:00,63.81,63.94,63.74,63.84,228
05-02-2026 12:15,63.84,63.91,63.74,63.84,343
05-02-2026 12:30,63.85,63.92,63.79,63.90,317
05-02-2026 12:45,63.90,64.04,63.90,63.98,251
05-02-2026 13:00,63.98,64.01,63.80,63.97,291
05-02-2026 13:15,63.97,64.10,63.96,64.01,232
05-02-2026 13:30,64.01,64.13,64.00,64.09,408
05-02-2026 13:45,64.09,64.11,63.95,63.98,539
05-02-2026 14:00,63.98,64.20,63.94,64.12,418
05-02-2026 14:15,64.12,64.23,64.04,64.11,431
05-02-2026 14:30,64.11,64.12,63.94,64.00,480
05-02-2026 14:45,64.00,64.38,63.97,64.38,492
05-02-2026 15:00,64.38,64.40,64.15,64.15,480
05-02-2026 15:15,64.15,64.28,64.10,64.17,417
05-02-2026 15:30,64.17,64.30,64.10,64.29,410
05-02-2026 15:45,64.29,64.32,64.19,64.22,337
05-02-2026 16:00,64.22,64.40,64.20,64.26,339
05-02-2026 16:15,64.26,64.27,64.10,64.13,368
05-02-2026 16:30,64.13,64.36,64.05,64.35,367
05-02-2026 16:45,64.35,64.54,64.35,64.45,394
05-02-2026 17:00,64.44,64.50,64.13,64.17,418
05-02-2026 17:15,64.18,64.54,64.18,64.54,348
05-02-2026 17:30,64.54,64.66,64.37,64.43,461
05-02-2026 17:45,64.43,64.46,64.02,64.12,522
05-02-2026 18:00,64.12,64.12,63.59,63.61,771
05-02-2026 18:15,63.61,63.82,63.57,63.80,593
05-02-2026 18:30,63.79,63.81,63.44,63.79,984
05-02-2026 18:45,63.79,63.99,63.65,63.70,710
05-02-2026 19:00,63.70,63.80,63.43,63.46,703
05-02-2026 19:15,63.46,63.52,63.22,63.33,845
05-02-2026 19:30,63.33,63.52,63.06,63.06,1093
05-02-2026 19:45,63.07,63.57,63.01,63.49,1223
05-02-2026 20:00,63.49,63.60,63.22,63.40,1578
05-02-2026 20:15,63.40,63.66,63.36,63.54,1216
05-02-2026 20:30,63.54,63.57,63.29,63.31,1182
05-02-2026 20:45,63.30,63.51,62.92,62.99,1215
05-02-2026 21:00,62.99,63.04,62.64,62.96,1529
05-02-2026 21:15,62.96,63.06,62.83,63.01,1062
05-02-2026 21:30,63.01,63.24,62.74,62.83,1028
05-02-2026 21:45,62.83,63.16,62.81,63.15,1056
05-02-2026 22:00,63.16,63.42,63.13,63.40,1029
05-02-2026 22:15,63.40,63.58,63.33,63.56,891
05-02-2026 22:30,63.56,63.58,63.41,63.43,570
05-02-2026 22:45,63.43,63.66,63.36,63.57,614
05-02-2026 23:00,63.56,63.75,63.51,63.66,537
05-02-2026 23:15,63.66,63.85,63.53,63.58,588
05-02-2026 23:30,63.58,63.68,63.52,63.56,359
05-02-2026 23:45,63.56,63.59,63.33,63.38,498
06-02-2026 00:00,63.38,63.49,63.31,63.43,370
06-02-2026 00:15,63.43,63.49,63.29,63.36,320
06-02-2026 00:30,63.36,63.42,63.28,63.37,407
06-02-2026 00:45,63.37,63.45,63.20,63.25,582
06-02-2026 01:00,63.25,63.27,62.92,63.10,536
06-02-2026 01:15,63.10,63.23,63.10,63.17,288
06-02-2026 01:30,63.17,63.44,63.14,63.43,256
06-02-2026 01:45,63.43,63.44,63.31,63.35,181
06-02-2026 02:00,63.35,63.42,63.24,63.27,193
06-02-2026 02:15,63.27,63.27,63.15,63.26,254
06-02-2026 02:30,63.26,63.30,63.18,63.19,136
06-02-2026 02:45,63.19,63.20,63.02,63.06,139
06-02-2026 03:00,63.06,63.16,63.00,63.16,105
06-02-2026 03:15,63.16,63.23,63.06,63.11,152
06-02-2026 04:30,63.09,63.10,62.95,63.03,115
06-02-2026 04:45,63.03,63.04,62.95,63.01,79
06-02-2026 05:00,63.02,63.05,62.83,62.83,93
06-02-2026 05:15,62.84,62.91,62.75,62.80,128
06-02-2026 05:30,62.80,62.83,62.41,62.45,247
06-02-2026 05:45,62.45,62.71,62.30,62.61,217
06-02-2026 06:00,62.61,62.98,62.61,62.93,176
06-02-2026 06:15,62.93,62.98,62.86,62.89,126
06-02-2026 06:30,62.89,62.97,62.74,62.91,625
06-02-2026 06:45,62.91,62.99,62.59,62.64,517
06-02-2026 07:00,62.64,62.79,62.60,62.78,387
06-02-2026 07:15,62.78,63.11,62.77,63.03,421
06-02-2026 07:30,63.03,63.34,62.99,63.31,642
06-02-2026 07:45,63.31,63.40,63.22,63.38,330
06-02-2026 08:00,63.38,63.84,63.38,63.59,1103
06-02-2026 08:15,63.59,63.62,63.31,63.34,486
06-02-2026 08:30,63.33,63.49,63.31,63.37,360
06-02-2026 08:45,63.37,63.53,63.37,63.50,437
06-02-2026 09:00,63.50,63.54,63.40,63.46,185
06-02-2026 09:15,63.46,63.60,63.46,63.59,110
06-02-2026 09:30,63.59,63.70,63.58,63.65,150
06-02-2026 09:45,63.65,63.71,63.60,63.70,137
06-02-2026 10:00,63.70,63.70,63.62,63.67,94
06-02-2026 10:15,63.67,63.68,63.57,63.63,112
06-02-2026 10:30,63.63,63.67,63.59,63.66,145
06-02-2026 10:45,63.66,63.79,63.62,63.76,153
06-02-2026 11:00,63.76,64.18,63.70,64.15,847
06-02-2026 11:15,64.15,64.24,63.98,64.07,683
06-02-2026 11:30,64.07,64.33,63.98,64.21,561
06-02-2026 11:45,64.22,64.23,64.04,64.10,365
06-02-2026 12:00,64.10,64.14,64.00,64.08,337
06-02-2026 12:15,64.08,64.09,63.97,64.06,361
06-02-2026 12:30,64.06,64.23,64.02,64.11,313
06-02-2026 12:45,64.11,64.22,64.06,64.14,223
06-02-2026 13:00,64.14,64.25,64.01,64.08,324
06-02-2026 13:15,64.08,64.19,64.05,64.17,362
06-02-2026 13:30,64.17,64.17,63.93,64.02,584
06-02-2026 13:45,64.02,64.14,63.93,63.96,613
06-02-2026 14:00,63.97,64.18,63.64,63.86,826
06-02-2026 14:15,63.86,64.18,63.84,64.07,632
06-02-2026 14:30,64.07,64.25,63.94,64.18,543
06-02-2026 14:45,64.18,64.57,64.13,64.42,1397
06-02-2026 15:00,64.41,64.50,64.10,64.11,972
06-02-2026 15:15,64.11,64.25,63.89,64.17,803
06-02-2026 15:30,64.17,64.17,63.68,63.84,676
06-02-2026 15:45,63.84,63.89,63.60,63.69,507
06-02-2026 16:00,63.69,63.76,63.39,63.40,434
06-02-2026 16:15,63.40,63.44,63.26,63.38,537
06-02-2026 16:30,63.39,63.48,63.24,63.44,540
06-02-2026 16:45,63.44,63.47,63.16,63.22,528
06-02-2026 17:00,63.22,63.42,63.22,63.37,402
06-02-2026 17:15,63.37,63.62,62.81,63.20,1144
06-02-2026 17:30,63.20,63.21,62.99,63.00,392
06-02-2026 17:45,63.00,63.04,62.65,62.99,738
06-02-2026 18:00,62.99,63.16,62.98,63.13,496
06-02-2026 18:15,63.13,63.13,62.98,63.00,385
06-02-2026 18:30,63.00,63.24,62.84,63.15,882
06-02-2026 18:45,63.14,63.25,62.99,63.09,562
06-02-2026 19:00,63.09,63.61,62.66,62.89,1817
06-02-2026 19:15,62.89,63.02,62.19,62.36,1429
06-02-2026 19:30,62.35,62.86,62.24,62.80,1497
06-02-2026 19:45,62.80,62.92,62.60,62.91,746
06-02-2026 20:00,62.91,63.30,62.84,63.23,1348
06-02-2026 20:15,63.23,63.63,63.10,63.52,1016
06-02-2026 20:30,63.52,63.91,63.51,63.83,1210
06-02-2026 20:45,63.83,63.92,63.68,63.88,979
06-02-2026 21:00,63.88,64.03,63.47,63.76,1241
06-02-2026 21:15,63.76,64.16,63.63,64.01,889
06-02-2026 21:30,64.01,64.07,63.79,63.99,691
06-02-2026 21:45,63.99,64.16,63.98,64.11,621
06-02-2026 22:00,64.11,64.20,63.95,64.02,686
06-02-2026 22:15,64.02,64.23,63.98,64.14,506
06-02-2026 22:30,64.14,64.27,64.08,64.21,431
06-02-2026 22:45,64.21,64.36,64.20,64.29,374
06-02-2026 23:00,64.29,64.31,64.17,64.19,362
06-02-2026 23:15,64.19,64.35,64.14,64.27,318
06-02-2026 23:30,64.27,64.35,64.19,64.34,289
06-02-2026 23:45,64.34,64.35,63.83,64.17,593
07-02-2026 00:00,64.15,64.17,63.96,64.02,453
07-02-2026 00:15,64.02,64.12,63.92,63.97,353
07-02-2026 00:30,63.97,63.97,63.67,63.69,473
07-02-2026 00:45,63.69,63.76,63.44,63.56,744
07-02-2026 01:00,63.55,63.55,63.42,63.50,367
07-02-2026 01:15,63.50,63.53,63.37,63.39,224
07-02-2026 01:30,63.39,63.41,63.33,63.38,207
07-02-2026 01:45,63.38,63.44,63.27,63.39,189
07-02-2026 02:00,63.39,63.40,63.25,63.38,184
07-02-2026 02:15,63.38,63.48,63.38,63.46,200
07-02-2026 02:30,63.46,63.52,63.32,63.50,195
07-02-2026 02:45,63.50,63.54,63.47,63.48,126
07-02-2026 03:00,63.48,63.52,63.42,63.52,87
07-02-2026 03:15,63.52,63.52,63.42,63.48,115
09-02-2026 04:30,62.75,62.82,62.61,62.79,309
09-02-2026 04:45,62.79,63.02,62.79,62.97,235
09-02-2026 05:00,62.97,63.12,62.95,62.96,161
09-02-2026 05:15,62.96,63.04,62.94,62.94,89
09-02-2026 05:30,62.94,62.97,62.86,62.92,121
09-02-2026 05:45,62.92,63.00,62.91,62.97,108
09-02-2026 06:00,62.97,63.16,62.93,63.12,124
09-02-2026 06:15,63.12,63.13,63.05,63.10,109
09-02-2026 06:30,63.10,63.25,63.04,63.19,414
09-02-2026 06:45,63.19,63.21,63.11,63.16,237
09-02-2026 07:00,63.16,63.22,63.07,63.21,210
09-02-2026 07:15,63.21,63.26,63.16,63.20,165
09-02-2026 07:30,63.20,63.28,63.02,63.10,239
09-02-2026 07:45,63.10,63.11,63.05,63.06,99
09-02-2026 08:00,63.06,63.08,62.85,62.89,252
09-02-2026 08:15,62.89,63.04,62.83,62.94,204
09-02-2026 08:30,62.94,63.05,62.94,63.01,168
09-02-2026 08:45,63.01,63.01,62.93,62.97,122
09-02-2026 09:00,62.97,63.03,62.88,62.92,138
09-02-2026 09:15,62.92,63.00,62.92,62.97,123
09-02-2026 09:30,62.97,63.01,62.91,62.96,87
09-02-2026 09:45,62.96,62.98,62.91,62.92,63
09-02-2026 10:00,62.92,62.95,62.87,62.93,74
09-02-2026 10:15,62.93,62.96,62.92,62.93,71
09-02-2026 10:30,62.93,62.96,62.90,62.94,71
09-02-2026 10:45,62.94,62.96,62.92,62.93,75
09-02-2026 11:00,62.93,62.99,62.84,62.85,179
09-02-2026 11:15,62.85,62.91,62.75,62.87,226
09-02-2026 11:30,62.87,62.92,62.79,62.89,215
09-02-2026 11:45,62.88,62.91,62.83,62.88,188
09-02-2026 12:00,62.88,62.96,62.84,62.84,200
09-02-2026 12:15,62.84,62.88,62.83,62.86,236
09-02-2026 12:30,62.86,62.86,62.74,62.81,245
09-02-2026 12:45,62.81,62.87,62.75,62.80,187
09-02-2026 13:00,62.80,62.82,62.67,62.70,222
09-02-2026 13:15,62.70,62.76,62.67,62.72,161
09-02-2026 13:30,62.72,62.87,62.72,62.81,382
09-02-2026 13:45,62.81,63.11,62.81,62.99,598
09-02-2026 14:00,63.01,63.10,62.81,62.87,400
09-02-2026 14:15,62.87,62.96,62.84,62.88,329
09-02-2026 14:30,62.90,63.16,62.85,63.09,416
09-02-2026 14:45,63.09,63.20,63.04,63.10,277
09-02-2026 15:00,63.10,63.11,62.86,62.88,351
09-02-2026 15:15,62.88,62.93,62.74,62.88,332
09-02-2026 15:30,62.88,63.11,62.84,63.11,362
09-02-2026 15:45,63.11,63.65,63.09,63.64,585
09-02-2026 16:00,63.64,63.74,63.46,63.70,461
09-02-2026 16:15,63.69,63.87,63.64,63.85,323
09-02-2026 16:30,63.84,63.84,63.68,63.75,301
09-02-2026 16:45,63.75,63.84,63.73,63.82,276
09-02-2026 17:00,63.82,63.85,63.75,63.77,202
09-02-2026 17:15,63.77,63.83,63.49,63.81,468
09-02-2026 17:30,63.81,63.90,63.75,63.81,320
09-02-2026 17:45,63.81,63.85,63.69,63.69,255
09-02-2026 18:00,63.69,63.76,63.67,63.75,267
09-02-2026 18:15,63.75,63.77,63.66,63.72,314
09-02-2026 18:30,63.72,63.73,63.48,63.55,660
09-02-2026 18:45,63.55,63.67,63.45,63.50,430
09-02-2026 19:00,63.50,63.51,63.24,63.25,560
09-02-2026 19:15,63.25,63.34,63.18,63.21,367
09-02-2026 19:30,63.21,63.30,63.12,63.14,590
09-02-2026 19:45,63.14,63.41,63.05,63.35,425
09-02-2026 20:00,63.36,64.16,63.30,64.10,1436
09-02-2026 20:15,64.09,64.30,63.91,64.05,1359
09-02-2026 20:30,64.05,64.15,63.93,64.03,746
09-02-2026 20:45,64.03,64.11,63.94,64.08,579
09-02-2026 21:00,64.08,64.20,64.04,64.15,527
09-02-2026 21:15,64.15,64.22,64.08,64.15,411
09-02-2026 21:30,64.15,64.23,64.06,64.14,493
09-02-2026 21:45,64.14,64.47,64.14,64.45,585
09-02-2026 22:00,64.46,64.53,64.40,64.49,484
09-02-2026 22:15,64.49,64.86,64.49,64.84,600
09-02-2026 22:30,64.84,64.86,64.53,64.61,517
09-02-2026 22:45,64.61,64.82,64.59,64.76,284
09-02-2026 23:00,64.76,64.82,64.70,64.77,250
09-02-2026 23:15,64.77,64.83,64.72,64.76,254
09-02-2026 23:30,64.76,64.76,64.57,64.64,257
09-02-2026 23:45,64.64,64.67,64.47,64.52,355
10-02-2026 00:00,64.52,64.53,64.38,64.45,325
10-02-2026 00:15,64.45,64.51,64.40,64.48,203
10-02-2026 00:30,64.48,64.49,64.30,64.39,292
10-02-2026 00:45,64.39,64.45,64.30,64.32,527
10-02-2026 01:00,64.32,64.35,64.26,64.28,190
10-02-2026 01:15,64.28,64.28,64.18,64.24,156
10-02-2026 01:30,64.24,64.31,64.22,64.25,146
10-02-2026 01:45,64.25,64.26,64.19,64.23,94
10-02-2026 02:00,64.23,64.27,64.21,64.22,78
10-02-2026 02:15,64.22,64.32,64.22,64.27,147
10-02-2026 02:30,64.27,64.42,64.27,64.37,84
10-02-2026 02:45,64.37,64.43,64.35,64.40,62
10-02-2026 03:00,64.40,64.45,64.37,64.40,72
10-02-2026 03:15,64.40,64.43,64.38,64.42,87
10-02-2026 04:30,64.38,64.48,64.38,64.40,70
10-02-2026 04:45,64.39,64.42,64.30,64.30,65
10-02-2026 05:00,64.30,64.39,64.29,64.37,71
10-02-2026 05:15,64.37,64.40,64.34,64.39,60
10-02-2026 05:30,64.39,64.39,64.32,64.32,53
10-02-2026 05:45,64.32,64.36,64.24,64.26,81
10-02-2026 06:00,64.26,64.29,64.25,64.28,45
10-02-2026 06:15,64.28,64.33,64.28,64.30,53
10-02-2026 06:30,64.30,64.31,63.85,64.09,540
10-02-2026 06:45,64.09,64.17,64.04,64.17,274
10-02-2026 07:00,64.16,64.27,64.14,64.23,243
10-02-2026 07:15,64.23,64.32,64.20,64.27,194
10-02-2026 07:30,64.27,64.34,64.18,64.28,214
10-02-2026 07:45,64.28,64.34,64.27,64.28,80
10-02-2026 08:00,64.28,64.33,64.20,64.27,283
10-02-2026 08:15,64.27,64.33,64.27,64.28,199
10-02-2026 08:30,64.28,64.30,64.16,64.20,200
10-02-2026 08:45,64.20,64.22,64.07,64.08,144
10-02-2026 09:00,64.08,64.19,64.07,64.14,148
10-02-2026 09:15,64.14,64.18,64.09,64.18,55
10-02-2026 09:30,64.18,64.22,64.16,64.21,83
10-02-2026 09:45,64.21,64.24,64.17,64.19,98
10-02-2026 10:00,64.19,64.21,64.13,64.18,110
10-02-2026 10:15,64.18,64.23,64.15,64.18,78
10-02-2026 10:30,64.18,64.25,64.16,64.19,121
10-02-2026 10:45,64.19,64.20,64.10,64.10,117
10-02-2026 11:00,64.10,64.16,64.06,64.12,230
10-02-2026 11:15,64.12,64.14,64.06,64.07,218
10-02-2026 11:30,64.07,64.25,64.06,64.21,275
10-02-2026 11:45,64.21,64.36,64.17,64.24,238
10-02-2026 12:00,64.24,64.41,64.20,64.38,275
10-02-2026 12:15,64.38,64.40,64.29,64.34,214
10-02-2026 12:30,64.34,64.42,64.27,64.27,301
10-02-2026 12:45,64.27,64.29,64.18,64.23,214
10-02-2026 13:00,64.23,64.36,64.23,64.25,285
10-02-2026 13:15,64.25,64.34,64.23,64.30,243
10-02-2026 13:30,64.30,64.30,64.08,64.09,425
10-02-2026 13:45,64.09,64.22,64.07,64.16,409
10-02-2026 14:00,64.17,64.30,64.15,64.20,421
10-02-2026 14:15,64.20,64.60,64.18,64.59,428
10-02-2026 14:30,64.59,64.66,64.53,64.55,395
10-02-2026 14:45,64.55,64.66,64.50,64.54,298
10-02-2026 15:00,64.54,64.55,64.13,64.19,495
10-02-2026 15:15,64.19,64.26,64.10,64.13,385
10-02-2026 15:30,64.13,64.23,64.00,64.18,380
10-02-2026 15:45,64.18,64.31,64.12,64.24,275
10-02-2026 16:00,64.24,64.44,64.19,64.33,329
10-02-2026 16:15,64.33,64.35,64.23,64.31,235
10-02-2026 16:30,64.32,64.55,64.28,64.42,343
10-02-2026 16:45,64.42,64.50,64.39,64.44,214
10-02-2026 17:00,64.44,64.61,64.41,64.57,213
10-02-2026 17:15,64.57,64.64,64.53,64.57,218
10-02-2026 17:30,64.57,64.58,64.43,64.43,243
10-02-2026 17:45,64.43,64.43,64.30,64.35,314
10-02-2026 18:00,64.35,64.44,64.24,64.31,301
10-02-2026 18:15,64.31,64.44,64.31,64.44,251
10-02-2026 18:30,64.44,64.60,64.35,64.57,453
10-02-2026 18:45,64.57,64.68,64.51,64.58,417
10-02-2026 19:00,64.58,64.61,64.45,64.56,440
10-02-2026 19:15,64.56,64.60,64.44,64.49,379
10-02-2026 19:30,64.49,64.63,64.32,64.62,592
10-02-2026 19:45,64.62,64.64,64.47,64.50,460
10-02-2026 20:00,64.50,64.55,64.21,64.28,827
10-02-2026 20:15,64.28,64.51,64.12,64.51,562
10-02-2026 20:30,64.51,64.57,64.33,64.41,633
10-02-2026 20:45,64.41,64.65,64.31,64.48,590
10-02-2026 21:00,64.48,64.58,64.37,64.41,455
10-02-2026 21:15,64.41,64.51,64.11,64.17,689
10-02-2026 21:30,64.17,64.18,63.77,63.95,918
10-02-2026 21:45,63.95,64.07,63.93,64.01,713
10-02-2026 22:00,64.01,64.16,63.93,64.01,642
10-02-2026 22:15,64.01,64.03,63.86,63.95,459
10-02-2026 22:30,63.95,64.00,63.86,63.87,371
10-02-2026 22:45,63.87,64.11,63.87,64.10,338
10-02-2026 23:00,64.10,64.28,64.03,64.17,388
10-02-2026 23:15,64.17,64.18,64.03,64.05,339
10-02-2026 23:30,64.05,64.06,63.84,63.89,403
10-02-2026 23:45,63.89,64.05,63.82,63.93,769
11-02-2026 00:00,63.93,64.05,63.90,64.00,359
11-02-2026 00:15,64.00,64.05,63.64,63.83,445
11-02-2026 00:30,63.83,63.95,63.78,63.93,342
11-02-2026 00:45,63.93,63.98,63.86,63.98,435
11-02-2026 01:00,63.97,64.15,63.96,64.14,228
11-02-2026 01:15,64.14,64.19,64.08,64.12,146
11-02-2026 01:30,64.12,64.18,64.00,64.02,153
11-02-2026 01:45,64.02,64.11,64.02,64.08,141
11-02-2026 02:00,64.08,64.10,64.06,64.06,120
11-02-2026 02:15,64.06,64.43,64.04,64.29,743
11-02-2026 02:30,64.29,64.31,64.17,64.17,221
11-02-2026 02:45,64.17,64.19,64.11,64.15,113
11-02-2026 03:00,64.14,64.21,64.14,64.20,130
11-02-2026 03:15,64.20,64.25,64.14,64.18,124
11-02-2026 04:30,64.19,64.31,64.19,64.27,75
11-02-2026 04:45,64.27,64.33,64.24,64.25,69
11-02-2026 05:00,64.25,64.31,64.25,64.30,71
11-02-2026 05:15,64.30,64.31,64.26,64.30,33
11-02-2026 05:30,64.30,64.33,64.23,64.28,51
11-02-2026 05:45,64.28,64.29,64.25,64.28,42
11-02-2026 06:00,64.28,64.29,64.26,64.26,41
11-02-2026 06:15,64.26,64.27,64.21,64.23,37
11-02-2026 06:30,64.23,64.32,64.16,64.25,299
11-02-2026 06:45,64.25,64.28,64.22,64.22,105
11-02-2026 07:00,64.22,64.37,64.22,64.34,140
11-02-2026 07:15,64.34,64.37,64.32,64.34,103
11-02-2026 07:30,64.34,64.41,64.31,64.41,167
11-02-2026 07:45,64.41,64.47,64.39,64.44,68
11-02-2026 08:00,64.44,64.60,64.44,64.60,280
11-02-2026 08:15,64.60,64.61,64.50,64.52,178
11-02-2026 08:30,64.52,64.55,64.46,64.48,145
11-02-2026 08:45,64.48,64.50,64.44,64.50,141
11-02-2026 09:00,64.50,64.50,64.46,64.47,60
11-02-2026 09:15,64.47,64.52,64.47,64.50,44
11-02-2026 09:30,64.50,64.50,64.45,64.48,67
11-02-2026 09:45,64.48,64.51,64.46,64.49,71
11-02-2026 10:00,64.49,64.50,64.39,64.42,66
11-02-2026 10:15,64.42,64.44,64.41,64.41,47
11-02-2026 10:30,64.41,64.43,64.31,64.42,137
11-02-2026 10:45,64.42,64.42,64.34,64.35,84
11-02-2026 11:00,64.35,64.38,64.29,64.33,165
11-02-2026 11:15,64.33,64.38,64.28,64.33,153
11-02-2026 11:30,64.33,64.41,64.32,64.36,144
11-02-2026 11:45,64.36,64.40,64.34,64.40,102
11-02-2026 12:00,64.40,64.43,64.36,64.38,125
11-02-2026 12:15,64.38,64.44,64.36,64.43,122
11-02-2026 12:30,64.43,64.58,64.37,64.56,233
11-02-2026 12:45,64.57,64.67,64.51,64.58,166
11-02-2026 13:00,64.59,64.61,64.48,64.54,147
11-02-2026 13:15,64.54,64.54,64.48,64.51,111
11-02-2026 13:30,64.51,64.80,64.51,64.74,292
11-02-2026 13:45,64.74,64.75,64.65,64.72,328
11-02-2026 14:00,64.72,64.93,64.70,64.85,382
11-02-2026 14:15,64.85,64.87,64.72,64.77,276
11-02-2026 14:30,64.78,64.85,64.72,64.85,241
11-02-2026 14:45,64.85,64.95,64.82,64.90,198
11-02-2026 15:00,64.90,64.96,64.86,64.95,167
11-02-2026 15:15,64.95,64.96,64.78,64.81,256
11-02-2026 15:30,64.81,64.89,64.71,64.82,337
11-02-2026 15:45,64.82,64.91,64.76,64.87,197
11-02-2026 16:00,64.87,64.88,64.79,64.80,161
11-02-2026 16:15,64.81,64.89,64.73,64.88,172
11-02-2026 16:30,64.88,65.00,64.85,64.98,202
11-02-2026 16:45,64.98,65.01,64.89,64.92,188
11-02-2026 17:00,64.92,65.22,64.91,65.22,244
11-02-2026 17:15,65.22,65.39,65.20,65.37,419
11-02-2026 17:30,65.37,65.40,65.30,65.34,335
11-02-2026 17:45,65.34,65.41,65.32,65.33,261
11-02-2026 18:00,65.33,65.37,64.92,65.28,566
11-02-2026 18:15,65.28,65.47,65.24,65.40,432
11-02-2026 18:30,65.40,65.49,65.31,65.42,580
11-02-2026 18:45,65.42,65.52,65.40,65.44,368
11-02-2026 19:00,65.44,65.48,65.24,65.32,821
11-02-2026 19:15,65.32,65.47,65.27,65.45,509
11-02-2026 19:30,65.45,65.73,65.41,65.65,692
11-02-2026 19:45,65.65,65.77,65.57,65.68,388
11-02-2026 20:00,65.68,65.82,65.62,65.71,733
11-02-2026 20:15,65.71,65.72,65.54,65.55,635
11-02-2026 20:30,65.55,65.57,65.14,65.18,910
11-02-2026 20:45,65.18,65.22,64.93,65.01,756
11-02-2026 21:00,65.01,65.08,64.77,64.86,1281
11-02-2026 21:15,64.86,65.01,64.80,64.96,907
11-02-2026 21:30,64.96,65.10,64.81,65.07,949
11-02-2026 21:45,65.07,65.15,64.98,65.12,728
11-02-2026 22:00,65.13,65.28,65.13,65.25,623
11-02-2026 22:15,65.25,65.26,65.01,65.06,483
11-02-2026 22:30,65.06,65.14,64.92,65.11,455
11-02-2026 22:45,65.11,65.13,64.77,64.95,700
11-02-2026 23:00,64.95,64.99,64.77,64.81,461
11-02-2026 23:15,64.81,64.94,64.75,64.85,399
11-02-2026 23:30,64.85,64.98,64.84,64.96,305
11-02-2026 23:45,64.96,65.04,64.91,65.00,323
12-02-2026 00:00,65.00,65.12,64.99,65.05,220
12-02-2026 00:15,65.05,65.06,64.45,64.66,859
12-02-2026 00:30,64.66,65.07,64.48,64.55,1014
12-02-2026 00:45,64.55,64.66,64.47,64.59,627
12-02-2026 01:00,64.58,64.92,64.49,64.91,444
12-02-2026 01:15,64.91,64.95,64.81,64.86,235
12-02-2026 01:30,64.86,64.88,64.82,64.88,132
12-02-2026 01:45,64.88,64.98,64.85,64.94,136
12-02-2026 02:00,64.94,64.99,64.91,64.91,139
12-02-2026 02:15,64.91,65.03,64.85,64.98,190
12-02-2026 02:30,64.98,65.03,64.91,65.02,113
12-02-2026 02:45,65.02,65.02,64.96,64.97,61
12-02-2026 03:00,64.97,64.98,64.92,64.94,92
12-02-2026 03:15,64.94,64.95,64.89,64.89,74
12-02-2026 04:30,64.81,64.89,64.78,64.84,65
12-02-2026 04:45,64.84,64.90,64.81,64.88,52
12-02-2026 05:00,64.88,64.91,64.84,64.90,39
12-02-2026 05:15,64.90,64.93,64.88,64.89,45
12-02-2026 05:30,64.89,64.99,64.88,64.97,65
12-02-2026 05:45,64.97,64.98,64.92,64.97,64
12-02-2026 06:00,64.97,64.99,64.96,64.98,39
12-02-2026 06:15,64.98,64.99,64.94,64.96,42
12-02-2026 06:30,64.96,64.96,64.77,64.88,288
12-02-2026 06:45,64.88,65.01,64.86,65.00,163
12-02-2026 07:00,65.00,65.02,64.83,64.85,155
12-02-2026 07:15,64.85,64.88,64.82,64.88,138
12-02-2026 07:30,64.88,64.94,64.81,64.94,123
12-02-2026 07:45,64.94,64.94,64.88,64.88,60
12-02-2026 08:00,64.89,64.93,64.81,64.81,138
12-02-2026 08:15,64.81,64.90,64.80,64.89,113
12-02-2026 08:30,64.89,64.96,64.87,64.94,117
12-02-2026 08:45,64.94,64.94,64.85,64.88,127
12-02-2026 09:00,64.88,64.94,64.88,64.92,79
12-02-2026 09:15,64.92,64.99,64.88,64.98,79
12-02-2026 09:30,64.98,65.09,64.94,65.07,109
12-02-2026 09:45,65.07,65.09,64.98,64.99,97
12-02-2026 10:00,64.99,65.05,64.98,65.01,66
12-02-2026 10:15,65.01,65.01,64.94,64.96,41
12-02-2026 10:30,64.96,64.98,64.76,64.83,171
12-02-2026 10:45,64.83,64.87,64.78,64.78,76
12-02-2026 11:00,64.78,64.79,64.69,64.78,237
12-02-2026 11:15,64.78,64.90,64.76,64.90,149
12-02-2026 11:30,64.90,64.92,64.81,64.83,124
12-02-2026 11:45,64.83,64.84,64.73,64.76,185
12-02-2026 12:00,64.76,64.78,64.63,64.75,228
12-02-2026 12:15,64.75,64.82,64.73,64.80,202
12-02-2026 12:30,64.80,64.88,64.73,64.85,166
12-02-2026 12:45,64.85,64.88,64.76,64.81,166
12-02-2026 13:00,64.81,64.88,64.72,64.77,153
12-02-2026 13:15,64.77,64.88,64.77,64.83,186
12-02-2026 13:30,64.83,64.97,64.77,64.90,326
12-02-2026 13:45,64.90,64.92,64.81,64.82,366
12-02-2026 14:00,64.82,64.87,64.68,64.80,465
12-02-2026 14:15,64.80,65.04,64.80,64.97,337
12-02-2026 14:30,64.97,65.04,64.79,64.79,338
12-02-2026 14:45,64.80,64.80,64.37,64.41,524
12-02-2026 15:00,64.41,64.54,64.34,64.44,487
12-02-2026 15:15,64.44,64.56,64.43,64.46,308
12-02-2026 15:30,64.46,64.50,64.39,64.39,358
12-02-2026 15:45,64.39,64.41,64.28,64.29,367
12-02-2026 16:00,64.29,64.33,64.17,64.29,328
12-02-2026 16:15,64.29,64.43,64.29,64.42,213
12-02-2026 16:30,64.42,64.49,64.29,64.37,333
12-02-2026 16:45,64.37,64.58,64.36,64.54,276
12-02-2026 17:00,64.54,64.64,64.49,64.50,222
12-02-2026 17:15,64.50,64.57,64.41,64.48,312
12-02-2026 17:30,64.48,64.61,64.37,64.59,332
12-02-2026 17:45,64.59,64.59,64.41,64.52,238
12-02-2026 18:00,64.52,64.60,64.35,64.38,272
12-02-2026 18:15,64.38,64.47,64.36,64.41,238
12-02-2026 18:30,64.41,64.54,64.29,64.47,475
12-02-2026 18:45,64.46,64.59,64.36,64.37,404
12-02-2026 19:00,64.37,64.41,64.00,64.06,632
12-02-2026 19:15,64.06,64.28,63.95,64.23,621
12-02-2026 19:30,64.23,64.39,64.16,64.30,524
12-02-2026 19:45,64.30,64.30,64.17,64.28,434
12-02-2026 20:00,64.27,64.35,64.01,64.04,825
12-02-2026 20:15,64.04,64.14,63.88,63.95,821
12-02-2026 20:30,63.95,64.10,63.89,64.08,715
12-02-2026 20:45,64.08,64.10,63.91,63.95,479
12-02-2026 21:00,63.95,64.01,63.54,63.55,824
12-02-2026 21:15,63.55,63.67,63.51,63.61,727
12-02-2026 21:30,63.61,63.65,63.41,63.41,835
12-02-2026 21:45,63.42,63.50,63.20,63.26,977
12-02-2026 22:00,63.26,63.40,63.18,63.23,990
12-02-2026 22:15,63.23,63.28,62.69,62.75,1424
12-02-2026 22:30,62.75,62.92,62.56,62.59,1158
12-02-2026 22:45,62.58,62.81,62.53,62.69,859
12-02-2026 23:00,62.69,62.79,62.63,62.73,670
12-02-2026 23:15,62.73,62.76,62.53,62.61,559
12-02-2026 23:30,62.61,62.74,62.58,62.64,459
12-02-2026 23:45,62.64,62.70,62.58,62.68,470
13-02-2026 00:00,62.68,62.77,62.65,62.73,476
13-02-2026 00:15,62.73,62.73,62.60,62.65,348
13-02-2026 00:30,62.65,62.70,62.38,62.66,637
13-02-2026 00:45,62.66,62.87,62.55,62.87,473
13-02-2026 01:00,62.87,63.04,62.85,63.04,357
13-02-2026 01:15,63.04,63.06,62.90,62.93,218
13-02-2026 01:30,62.93,62.95,62.81,62.90,198
13-02-2026 01:45,62.90,62.90,62.84,62.85,163
13-02-2026 02:00,62.85,62.86,62.81,62.86,157
13-02-2026 02:15,62.86,62.92,62.82,62.91,175
13-02-2026 02:30,62.91,62.92,62.81,62.84,99
13-02-2026 02:45,62.84,62.93,62.84,62.92,63
13-02-2026 03:00,62.92,62.92,62.85,62.89,54
13-02-2026 03:15,62.89,62.97,62.87,62.91,115
13-02-2026 04:30,62.91,62.94,62.85,62.85,82
13-02-2026 04:45,62.85,62.89,62.84,62.85,45
13-02-2026 05:00,62.85,62.85,62.79,62.81,58
13-02-2026 05:15,62.80,62.84,62.79,62.83,36
13-02-2026 05:30,62.83,62.95,62.83,62.89,102
13-02-2026 05:45,62.89,62.96,62.88,62.88,79
13-02-2026 06:00,62.89,62.89,62.83,62.83,56
13-02-2026 06:15,62.83,62.87,62.80,62.86,69
13-02-2026 06:30,62.86,62.90,62.76,62.85,588
13-02-2026 06:45,62.85,62.99,62.84,62.94,284
13-02-2026 07:00,62.94,62.97,62.88,62.95,234
13-02-2026 07:15,62.95,62.95,62.82,62.83,149
13-02-2026 07:30,62.83,62.87,62.80,62.84,176
13-02-2026 07:45,62.84,62.87,62.82,62.84,92
13-02-2026 08:00,62.85,62.86,62.73,62.77,152
13-02-2026 08:15,62.77,62.82,62.69,62.76,148
13-02-2026 08:30,62.76,62.81,62.73,62.76,114
13-02-2026 08:45,62.76,62.77,62.68,62.71,114
13-02-2026 09:00,62.71,62.78,62.69,62.74,73
13-02-2026 09:15,62.74,62.75,62.64,62.69,92
13-02-2026 09:30,62.69,62.77,62.68,62.75,60
13-02-2026 09:45,62.75,62.79,62.72,62.74,100
13-02-2026 10:00,62.74,62.75,62.70,62.71,48
13-02-2026 10:15,62.71,62.77,62.71,62.74,63
13-02-2026 10:30,62.74,62.76,62.70,62.71,68
13-02-2026 10:45,62.71,62.71,62.62,62.65,127
13-02-2026 11:00,62.65,62.68,62.60,62.66,254
13-02-2026 11:15,62.66,62.72,62.59,62.60,174
13-02-2026 11:30,62.60,62.67,62.59,62.67,164
13-02-2026 11:45,62.67,62.76,62.65,62.73,186
13-02-2026 12:00,62.73,62.76,62.68,62.72,168
13-02-2026 12:15,62.72,62.84,62.70,62.81,241
13-02-2026 12:30,62.81,62.82,62.68,62.72,213
13-02-2026 12:45,62.72,62.74,62.66,62.72,154
13-02-2026 13:00,62.72,62.83,62.68,62.74,208
13-02-2026 13:15,62.74,62.78,62.65,62.67,290
13-02-2026 13:30,62.67,62.91,62.65,62.81,371
13-02-2026 13:45,62.81,62.86,62.70,62.76,457
13-02-2026 14:00,62.77,62.87,62.52,62.87,545
13-02-2026 14:15,62.87,63.03,62.86,62.90,441
13-02-2026 14:30,62.91,62.95,62.74,62.86,376
13-02-2026 14:45,62.86,62.94,62.79,62.86,303
13-02-2026 15:00,62.86,63.15,62.82,63.10,396
13-02-2026 15:15,63.10,63.11,62.98,63.09,325
13-02-2026 15:30,63.09,63.11,62.91,62.97,380
13-02-2026 15:45,62.97,63.04,62.92,63.02,301
13-02-2026 16:00,63.02,63.25,62.95,63.22,380
13-02-2026 16:15,63.22,63.23,63.14,63.14,315
13-02-2026 16:30,63.14,63.14,62.99,63.03,341
13-02-2026 16:45,63.03,63.04,62.87,63.00,241
13-02-2026 17:00,63.00,63.00,62.13,62.25,711
13-02-2026 17:15,62.25,62.41,62.13,62.37,1230
13-02-2026 17:30,62.37,62.46,62.28,62.37,538
13-02-2026 17:45,62.37,62.43,62.29,62.37,404
13-02-2026 18:00,62.37,62.62,62.31,62.59,424
13-02-2026 18:15,62.59,62.62,62.45,62.57,395
13-02-2026 18:30,62.58,62.75,62.54,62.71,425
13-02-2026 18:45,62.71,62.90,62.69,62.79,384
13-02-2026 19:00,62.79,63.01,62.79,62.96,637
13-02-2026 19:15,62.96,63.04,62.91,62.95,437
13-02-2026 19:30,62.95,62.95,62.58,62.73,624
13-02-2026 19:45,62.73,62.83,62.61,62.71,581
13-02-2026 20:00,62.71,62.78,62.32,62.59,1162
13-02-2026 20:15,62.59,62.82,62.50,62.67,1276
13-02-2026 20:30,62.67,62.86,62.64,62.68,1135
13-02-2026 20:45,62.68,62.79,62.54,62.77,1011
13-02-2026 21:00,62.77,62.96,62.72,62.75,706
13-02-2026 21:15,62.75,62.82,62.66,62.69,639
13-02-2026 21:30,62.69,62.69,62.54,62.65,701
13-02-2026 21:45,62.65,62.84,62.63,62.83,597
13-02-2026 22:00,62.81,62.95,62.76,62.82,676
13-02-2026 22:15,62.82,62.86,62.43,62.64,539
13-02-2026 22:30,62.64,62.84,62.63,62.77,403
13-02-2026 22:45,62.77,62.85,62.63,62.81,511
13-02-2026 23:00,62.81,63.10,62.80,63.04,377
13-02-2026 23:15,63.04,63.20,63.04,63.09,432
13-02-2026 23:30,63.09,63.15,63.04,63.15,334
13-02-2026 23:45,63.15,63.16,62.97,63.03,306
14-02-2026 00:00,63.03,63.16,63.01,63.11,299
14-02-2026 00:15,63.11,63.18,62.97,63.00,354
14-02-2026 00:30,63.00,63.02,62.86,62.94,501
14-02-2026 00:45,62.94,62.99,62.84,62.84,510
14-02-2026 01:00,62.84,62.96,62.80,62.86,286
14-02-2026 01:15,62.86,62.91,62.68,62.69,216
14-02-2026 01:30,62.69,62.77,62.67,62.73,265
14-02-2026 01:45,62.73,62.74,62.57,62.60,215
14-02-2026 02:00,62.60,62.68,62.54,62.64,228
14-02-2026 02:15,62.64,62.75,62.38,62.73,413
14-02-2026 02:30,62.73,62.87,62.72,62.81,125
14-02-2026 02:45,62.81,62.85,62.77,62.82,69
14-02-2026 03:00,62.82,62.87,62.78,62.83,79
14-02-2026 03:15,62.83,62.92,62.77,62.78,158
16-02-2026 04:30,62.65,62.74,62.62,62.72,92
16-02-2026 04:45,62.72,62.84,62.68,62.80,100
16-02-2026 05:00,62.80,62.81,62.72,62.74,72
16-02-2026 05:15,62.74,62.75,62.67,62.74,70
16-02-2026 05:30,62.74,62.79,62.72,62.78,54
16-02-2026 05:45,62.78,62.78,62.72,62.73,59
16-02-2026 06:00,62.73,62.75,62.72,62.72,33
16-02-2026 06:15,62.72,62.75,62.69,62.71,49
16-02-2026 06:30,62.71,62.78,62.69,62.72,70
16-02-2026 06:45,62.72,62.76,62.70,62.71,68
16-02-2026 07:00,62.71,62.73,62.69,62.71,48
16-02-2026 07:15,62.71,62.73,62.69,62.71,53
16-02-2026 07:30,62.71,62.72,62.61,62.64,90
16-02-2026 07:45,62.64,62.70,62.64,62.67,70
16-02-2026 08:00,62.67,62.80,62.67,62.78,82
16-02-2026 08:15,62.78,62.78,62.72,62.74,52
16-02-2026 08:30,62.74,62.82,62.72,62.77,105
16-02-2026 08:45,62.77,62.79,62.74,62.77,102
16-02-2026 09:00,62.77,62.80,62.68,62.68,105
16-02-2026 09:15,62.68,62.80,62.68,62.76,100
16-02-2026 09:30,62.76,62.79,62.73,62.76,76
16-02-2026 09:45,62.76,62.81,62.73,62.74,145
16-02-2026 10:00,62.75,62.82,62.73,62.78,147
16-02-2026 10:15,62.78,62.80,62.73,62.77,58
16-02-2026 10:30,62.77,62.81,62.77,62.80,41
16-02-2026 10:45,62.80,62.82,62.73,62.74,51
16-02-2026 11:00,62.74,62.76,62.69,62.71,80
16-02-2026 11:15,62.71,62.74,62.70,62.71,57
16-02-2026 11:30,62.71,62.82,62.68,62.78,93
16-02-2026 11:45,62.78,62.81,62.74,62.75,51
16-02-2026 12:00,62.75,62.78,62.73,62.75,75
16-02-2026 12:15,62.75,62.81,62.72,62.75,66
16-02-2026 12:30,62.75,62.78,62.65,62.66,130
16-02-2026 12:45,62.67,62.74,62.64,62.73,124
16-02-2026 13:00,62.73,62.76,62.65,62.71,118
16-02-2026 13:15,62.71,62.71,62.60,62.64,148
16-02-2026 13:30,62.64,62.67,62.56,62.60,226
16-02-2026 13:45,62.60,62.64,62.55,62.64,219
16-02-2026 14:00,62.64,62.65,62.55,62.62,190
16-02-2026 14:15,62.62,62.62,62.34,62.40,215
16-02-2026 14:30,62.40,62.60,62.37,62.50,229
16-02-2026 14:45,62.50,62.70,62.49,62.70,211
16-02-2026 15:00,62.70,62.71,62.53,62.56,216
16-02-2026 15:15,62.56,62.56,62.38,62.39,222
16-02-2026 15:30,62.39,62.54,62.36,62.44,263
16-02-2026 15:45,62.44,62.63,62.42,62.58,284
16-02-2026 16:00,62.58,62.69,62.53,62.66,240
16-02-2026 16:15,62.66,62.89,62.66,62.79,443
16-02-2026 16:30,62.79,62.89,62.76,62.77,212
16-02-2026 16:45,62.77,62.80,62.69,62.76,169
16-02-2026 17:00,62.76,62.86,62.75,62.85,120
16-02-2026 17:15,62.85,62.87,62.73,62.74,177
16-02-2026 17:30,62.74,62.77,62.68,62.69,224
16-02-2026 17:45,62.69,62.80,62.69,62.76,129
16-02-2026 18:00,62.76,62.89,62.69,62.88,312
16-02-2026 18:15,62.88,62.95,62.84,62.87,243
16-02-2026 18:30,62.87,62.92,62.81,62.81,194
16-02-2026 18:45,62.81,62.91,62.79,62.90,145
16-02-2026 19:00,62.90,63.00,62.89,62.92,222
16-02-2026 19:15,62.92,62.95,62.86,62.90,137
16-02-2026 19:30,62.90,63.04,62.82,63.04,192
16-02-2026 19:45,63.04,63.23,63.02,63.19,289
16-02-2026 20:00,63.19,63.36,63.16,63.31,336
16-02-2026 20:15,63.31,63.31,63.21,63.26,266
16-02-2026 20:30,63.26,63.28,63.11,63.17,254
16-02-2026 20:45,63.17,63.21,63.13,63.14,206
16-02-2026 21:00,63.14,63.32,63.04,63.27,322
16-02-2026 21:15,63.27,63.39,63.26,63.35,336
16-02-2026 21:30,63.35,63.40,63.26,63.35,333
16-02-2026 21:45,63.35,63.47,63.34,63.40,407
16-02-2026 22:00,63.41,63.53,63.40,63.47,355
16-02-2026 22:15,63.48,63.49,63.34,63.34,310
16-02-2026 22:30,63.34,63.43,63.29,63.43,201
16-02-2026 22:45,63.42,63.44,63.35,63.41,163
16-02-2026 23:00,63.41,63.44,63.32,63.43,159
16-02-2026 23:15,63.43,63.63,63.40,63.62,303
16-02-2026 23:30,63.62,63.68,63.56,63.63,215
16-02-2026 23:45,63.63,63.66,63.61,63.64,86
17-02-2026 00:00,63.64,63.64,63.54,63.54,73
17-02-2026 00:15,63.54,63.64,63.54,63.59,89
17-02-2026 00:30,63.59,63.61,63.55,63.56,90
17-02-2026 00:45,63.56,63.60,63.51,63.54,101
17-02-2026 04:30,63.52,63.54,63.47,63.53,48
17-02-2026 04:45,63.53,63.55,63.52,63.52,30
17-02-2026 05:00,63.52,63.56,63.50,63.55,35
17-02-2026 05:15,63.55,63.56,63.54,63.56,25
17-02-2026 05:30,63.56,63.57,63.52,63.56,40
17-02-2026 05:45,63.56,63.56,63.53,63.54,40
17-02-2026 06:00,63.54,63.56,63.53,63.53,35
17-02-2026 06:15,63.53,63.54,63.48,63.48,33
17-02-2026 06:30,63.48,63.57,63.45,63.51,146
17-02-2026 06:45,63.51,63.56,63.46,63.54,68
17-02-2026 07:00,63.54,63.58,63.44,63.44,97
17-02-2026 07:15,63.44,63.47,63.40,63.43,98
17-02-2026 07:30,63.43,63.50,63.41,63.48,97
17-02-2026 07:45,63.48,63.51,63.44,63.48,73
17-02-2026 08:00,63.48,63.48,63.40,63.41,45
17-02-2026 08:15,63.41,63.43,63.36,63.37,51
17-02-2026 08:30,63.37,63.39,63.34,63.38,96
17-02-2026 08:45,63.38,63.40,63.36,63.36,44
17-02-2026 09:00,63.36,63.42,63.30,63.41,105
17-02-2026 09:15,63.40,63.41,63.35,63.36,50
17-02-2026 09:30,63.36,63.39,63.33,63.34,61
17-02-2026 09:45,63.34,63.34,63.30,63.30,57
17-02-2026 10:00,63.30,63.33,63.27,63.32,51
17-02-2026 10:15,63.32,63.34,63.30,63.33,48
17-02-2026 10:30,63.33,63.34,63.27,63.27,71
17-02-2026 10:45,63.27,63.30,63.21,63.26,103
17-02-2026 11:00,63.26,63.26,63.19,63.20,74
17-02-2026 11:15,63.20,63.22,63.18,63.20,78
17-02-2026 11:30,63.20,63.22,63.16,63.18,62
17-02-2026 11:45,63.18,63.24,63.17,63.18,42
17-02-2026 12:00,63.18,63.20,63.15,63.18,64
17-02-2026 12:15,63.18,63.22,63.15,63.17,78
17-02-2026 12:30,63.17,63.20,63.01,63.01,124
17-02-2026 12:45,63.01,63.09,62.99,63.03,131
17-02-2026 13:00,63.03,63.12,63.00,63.04,156
17-02-2026 13:15,63.04,63.09,63.01,63.03,208
17-02-2026 13:30,63.03,63.11,62.97,62.98,311
17-02-2026 13:45,62.98,63.02,62.90,62.97,325
17-02-2026 14:00,62.98,63.06,62.83,62.97,298
17-02-2026 14:15,62.96,62.98,62.82,62.93,254
17-02-2026 14:30,62.93,62.95,62.83,62.92,280
17-02-2026 14:45,62.92,63.14,62.92,63.04,265
17-02-2026 15:00,63.04,63.04,62.86,62.91,311
17-02-2026 15:15,62.91,63.14,62.91,63.11,336
17-02-2026 15:30,63.11,63.35,63.03,63.25,416
17-02-2026 15:45,63.25,63.29,63.17,63.23,330
17-02-2026 16:00,63.23,63.46,63.22,63.45,341
17-02-2026 16:15,63.45,63.47,63.38,63.45,253
17-02-2026 16:30,63.45,63.83,63.42,63.70,581
17-02-2026 16:45,63.70,63.75,63.58,63.64,343
17-02-2026 17:00,63.64,63.92,63.64,63.92,388
17-02-2026 17:15,63.92,63.94,63.50,63.66,620
17-02-2026 17:30,63.65,63.75,63.57,63.63,416
17-02-2026 17:45,63.63,63.73,63.59,63.67,269
17-02-2026 18:00,63.67,63.68,63.52,63.66,323
17-02-2026 18:15,63.66,63.66,63.36,63.42,382
17-02-2026 18:30,63.41,63.46,63.21,63.32,528
17-02-2026 18:45,63.32,63.45,63.05,63.26,583
17-02-2026 19:00,63.26,63.33,63.10,63.33,495
17-02-2026 19:15,63.33,63.38,62.16,62.28,2327
17-02-2026 19:30,62.28,62.73,62.20,62.69,1168
17-02-2026 19:45,62.69,62.83,62.52,62.61,705
17-02-2026 20:00,62.61,62.81,62.54,62.64,1261
17-02-2026 20:15,62.64,62.65,62.28,62.34,1149
17-02-2026 20:30,62.34,62.70,62.33,62.42,1224
17-02-2026 20:45,62.42,62.43,61.93,61.95,1097
17-02-2026 21:00,61.95,62.07,61.75,61.85,912
17-02-2026 21:15,61.85,61.96,61.75,61.91,932
17-02-2026 21:30,61.90,62.16,61.87,62.06,867
17-02-2026 21:45,62.06,62.24,62.00,62.13,851
17-02-2026 22:00,62.13,62.19,61.96,62.01,588
17-02-2026 22:15,62.01,62.37,62.01,62.25,806
17-02-2026 22:30,62.24,62.25,61.91,61.98,610
17-02-2026 22:45,61.98,62.07,61.81,62.04,653
17-02-2026 23:00,62.04,62.11,61.93,62.08,476
17-02-2026 23:15,62.08,62.15,61.95,62.09,378
17-02-2026 23:30,62.09,62.19,62.05,62.16,415
17-02-2026 23:45,62.16,62.30,62.15,62.29,477
18-02-2026 00:00,62.29,62.41,62.29,62.35,397
18-02-2026 00:15,62.35,62.36,62.23,62.31,356
18-02-2026 00:30,62.31,62.36,62.19,62.34,425
18-02-2026 00:45,62.34,62.41,62.22,62.25,461
18-02-2026 01:00,62.25,62.27,62.08,62.25,319
18-02-2026 01:15,62.25,62.29,62.15,62.16,182
18-02-2026 01:30,62.16,62.22,62.13,62.19,190
18-02-2026 01:45,62.19,62.29,62.18,62.25,289
18-02-2026 02:00,62.25,62.25,62.16,62.20,200
18-02-2026 02:15,62.20,62.22,62.14,62.17,151
18-02-2026 02:30,62.17,62.18,62.13,62.17,102
18-02-2026 02:45,62.17,62.18,62.10,62.13,67
18-02-2026 03:00,62.13,62.19,62.08,62.16,84
18-02-2026 03:15,62.16,62.25,62.15,62.18,88
18-02-2026 04:30,62.14,62.21,62.14,62.15,68
18-02-2026 04:45,62.15,62.18,62.13,62.17,35
18-02-2026 05:00,62.17,62.18,62.14,62.17,36
18-02-2026 05:15,62.18,62.18,62.13,62.16,37
18-02-2026 05:30,62.16,62.25,62.16,62.22,47
18-02-2026 05:45,62.22,62.23,62.12,62.13,63
18-02-2026 06:00,62.13,62.15,62.10,62.11,37
18-02-2026 06:15,62.11,62.15,62.11,62.12,44
18-02-2026 06:30,62.12,62.25,62.12,62.20,167
18-02-2026 06:45,62.20,62.24,62.17,62.20,88
18-02-2026 07:00,62.20,62.21,62.16,62.19,70
18-02-2026 07:15,62.19,62.24,62.17,62.22,52
18-02-2026 07:30,62.22,62.30,62.19,62.27,71
18-02-2026 07:45,62.27,62.31,62.26,62.26,52
18-02-2026 08:00,62.26,62.33,62.25,62.30,57
18-02-2026 08:15,62.30,62.31,62.25,62.25,46
18-02-2026 08:30,62.25,62.31,62.24,62.29,46
18-02-2026 08:45,62.29,62.34,62.29,62.32,42
18-02-2026 09:00,62.32,62.39,62.32,62.38,63
18-02-2026 09:15,62.38,62.40,62.36,62.38,53
18-02-2026 09:30,62.37,62.41,62.36,62.41,47
18-02-2026 09:45,62.41,62.43,62.39,62.43,42
18-02-2026 10:00,62.43,62.47,62.41,62.43,55
18-02-2026 10:15,62.43,62.46,62.40,62.46,34
18-02-2026 10:30,62.46,62.46,62.35,62.35,56
18-02-2026 10:45,62.35,62.37,62.33,62.37,42
18-02-2026 11:00,62.37,62.42,62.37,62.40,35
18-02-2026 11:15,62.40,62.40,62.31,62.31,40
18-02-2026 11:30,62.31,62.32,62.27,62.27,51
18-02-2026 11:45,62.27,62.32,62.26,62.31,62
18-02-2026 12:00,62.31,62.37,62.24,62.34,80
18-02-2026 12:15,62.34,62.48,62.32,62.32,114
18-02-2026 12:30,62.32,62.43,62.30,62.43,137
18-02-2026 12:45,62.43,62.43,62.31,62.33,126
18-02-2026 13:00,62.33,62.37,62.29,62.30,173
18-02-2026 13:15,62.30,62.42,62.29,62.39,175
18-02-2026 13:30,62.39,62.54,62.35,62.46,328
18-02-2026 13:45,62.46,62.59,62.45,62.57,288
18-02-2026 14:00,62.58,62.61,62.48,62.56,233
18-02-2026 14:15,62.56,62.64,62.33,62.33,211
18-02-2026 14:30,62.33,62.52,62.33,62.43,249
18-02-2026 14:45,62.43,62.47,62.34,62.45,184
18-02-2026 15:00,62.45,62.49,62.37,62.45,263
18-02-2026 15:15,62.45,62.58,62.32,62.41,275
18-02-2026 15:30,62.41,62.67,62.41,62.54,432
18-02-2026 15:45,62.54,62.56,62.42,62.52,242
18-02-2026 16:00,62.52,62.87,62.47,62.80,348
18-02-2026 16:15,62.80,63.02,62.77,62.96,329
18-02-2026 16:30,62.96,63.20,62.93,63.15,322
18-02-2026 16:45,63.15,63.36,63.13,63.30,291
18-02-2026 17:00,63.30,63.51,63.27,63.50,309
18-02-2026 17:15,63.50,63.56,63.38,63.56,345
18-02-2026 17:30,63.56,63.87,63.40,63.86,638
18-02-2026 17:45,63.86,64.06,63.84,63.94,437
18-02-2026 18:00,63.94,63.97,63.83,63.83,396
18-02-2026 18:15,63.83,64.00,63.83,63.95,302
18-02-2026 18:30,63.95,64.03,63.76,63.92,477
18-02-2026 18:45,63.92,63.94,63.72,63.80,365
18-02-2026 19:00,63.81,63.83,63.72,63.78,339
18-02-2026 19:15,63.78,63.85,63.71,63.76,319
18-02-2026 19:30,63.76,63.99,63.62,63.83,528
18-02-2026 19:45,63.83,64.01,63.82,63.98,339
18-02-2026 20:00,63.98,64.22,63.93,64.20,872
18-02-2026 20:15,64.20,64.40,64.14,64.24,598
18-02-2026 20:30,64.25,64.28,64.10,64.18,550
18-02-2026 20:45,64.18,64.23,64.05,64.12,554
18-02-2026 21:00,64.12,64.24,64.04,64.19,396
18-02-2026 21:15,64.19,64.28,64.14,64.18,392
18-02-2026 21:30,64.18,64.22,64.09,64.19,384
18-02-2026 21:45,64.19,64.35,64.18,64.30,469
18-02-2026 22:00,64.30,64.63,64.30,64.49,516
18-02-2026 22:15,64.49,64.59,64.46,64.53,403
18-02-2026 22:30,64.53,64.76,64.44,64.67,454
18-02-2026 22:45,64.67,64.82,64.67,64.72,409
18-02-2026 23:00,64.72,64.83,64.70,64.77,284
18-02-2026 23:15,64.77,64.99,64.74,64.95,378
18-02-2026 23:30,64.95,65.08,64.92,65.06,339
18-02-2026 23:45,65.06,65.07,64.93,64.95,286
19-02-2026 00:00,64.95,65.03,64.61,64.94,872
19-02-2026 00:15,64.94,65.06,64.76,65.03,587
19-02-2026 00:30,65.03,65.14,65.01,65.10,527
19-02-2026 00:45,65.10,65.28,64.95,64.97,690
19-02-2026 01:00,64.98,65.03,64.79,64.94,526
19-02-2026 01:15,64.94,65.15,64.88,65.02,379
19-02-2026 01:30,65.02,65.13,65.00,65.02,352
19-02-2026 01:45,65.02,65.17,65.01,65.16,196
19-02-2026 02:00,65.16,65.28,65.14,65.25,195
19-02-2026 02:15,65.25,65.41,65.23,65.23,249
19-02-2026 02:30,65.23,65.29,65.18,65.21,149
19-02-2026 02:45,65.21,65.21,64.90,64.94,417
19-02-2026 03:00,64.94,64.99,64.79,64.86,444
19-02-2026 03:15,64.86,65.01,64.86,64.90,221
19-02-2026 04:30,64.82,65.29,64.82,65.12,226
19-02-2026 04:45,65.12,65.23,65.01,65.06,188
19-02-2026 05:00,65.06,65.08,64.96,65.01,108
19-02-2026 05:15,65.01,65.06,64.98,64.99,74
19-02-2026 05:30,65.00,65.00,64.90,64.99,122
19-02-2026 05:45,64.98,65.05,64.97,64.99,67
19-02-2026 06:00,64.99,65.05,64.97,65.04,78
19-02-2026 06:15,65.04,65.06,65.00,65.02,67
19-02-2026 06:30,65.02,65.08,64.90,65.05,209
19-02-2026 06:45,65.05,65.08,65.00,65.06,95
19-02-2026 07:00,65.06,65.10,65.01,65.08,94
19-02-2026 07:15,65.08,65.15,65.08,65.15,75
19-02-2026 07:30,65.15,65.27,65.13,65.26,141
19-02-2026 07:45,65.26,65.26,65.13,65.17,119
19-02-2026 08:00,65.17,65.26,65.11,65.21,153
19-02-2026 08:15,65.21,65.29,65.21,65.26,89
19-02-2026 08:30,65.26,65.37,65.25,65.30,112
19-02-2026 08:45,65.30,65.31,65.23,65.29,78
19-02-2026 09:00,65.29,65.34,65.28,65.34,128
19-02-2026 09:15,65.34,65.39,65.33,65.34,92
19-02-2026 09:30,65.34,65.40,65.31,65.32,89
19-02-2026 09:45,65.32,65.37,65.29,65.35,71
19-02-2026 10:00,65.34,65.36,65.23,65.29,91
19-02-2026 10:15,65.29,65.30,65.13,65.19,121
19-02-2026 10:30,65.19,65.28,65.19,65.27,92
19-02-2026 10:45,65.27,65.31,65.22,65.25,95
19-02-2026 11:00,65.25,65.25,65.19,65.20,126
19-02-2026 11:15,65.20,65.22,65.18,65.22,86
19-02-2026 11:30,65.22,65.23,65.18,65.20,65
19-02-2026 11:45,65.20,65.29,65.17,65.17,91
19-02-2026 12:00,65.17,65.21,65.15,65.20,86
19-02-2026 12:15,65.21,65.26,65.16,65.21,113
19-02-2026 12:30,65.21,65.33,65.21,65.25,194
19-02-2026 12:45,65.25,65.38,65.21,65.26,199
19-02-2026 13:00,65.26,65.54,65.25,65.46,314
19-02-2026 13:15,65.46,65.78,65.43,65.76,362
19-02-2026 13:30,65.76,65.76,65.61,65.70,369
19-02-2026 13:45,65.70,65.81,65.65,65.73,427
19-02-2026 14:00,65.73,66.06,65.68,66.06,468
19-02-2026 14:15,66.06,66.23,66.04,66.19,440
19-02-2026 14:30,66.18,66.25,65.95,66.05,522
19-02-2026 14:45,66.05,66.14,65.68,65.72,687
19-02-2026 15:00,65.72,65.92,65.67,65.68,476
19-02-2026 15:15,65.68,65.79,65.64,65.74,431
19-02-2026 15:30,65.74,66.01,65.61,65.98,530
19-02-2026 15:45,65.98,66.00,65.66,65.70,379
19-02-2026 16:00,65.70,65.88,65.67,65.84,371
19-02-2026 16:15,65.84,66.02,65.83,65.95,339
19-02-2026 16:30,65.95,65.97,65.83,65.87,313
19-02-2026 16:45,65.87,65.98,65.80,65.96,247
19-02-2026 17:00,65.96,66.20,65.96,66.17,408
19-02-2026 17:15,66.17,66.27,65.98,66.02,437
19-02-2026 17:30,66.02,66.14,65.95,66.10,431
19-02-2026 17:45,66.10,66.14,65.98,66.02,247
19-02-2026 18:00,66.02,66.09,65.96,66.09,231
19-02-2026 18:15,66.09,66.15,65.98,66.06,274
19-02-2026 18:30,66.06,66.13,66.00,66.05,293
19-02-2026 18:45,66.05,66.32,66.05,66.29,281
19-02-2026 19:00,66.29,66.55,66.29,66.49,513
19-02-2026 19:15,66.49,66.51,65.98,66.41,893
19-02-2026 19:30,66.41,66.45,66.06,66.09,701
19-02-2026 19:45,66.09,66.24,66.04,66.07,532
19-02-2026 20:00,66.07,66.53,65.94,66.48,1151
19-02-2026 20:15,66.48,66.50,66.31,66.34,648
19-02-2026 20:30,66.35,66.39,65.44,66.01,2538
19-02-2026 20:45,66.01,66.38,65.95,66.37,1087
19-02-2026 21:00,66.37,66.45,66.21,66.41,669
19-02-2026 21:15,66.41,66.50,66.31,66.45,629
19-02-2026 21:30,66.45,66.56,66.35,66.41,609
19-02-2026 21:45,66.41,66.44,66.27,66.32,730
19-02-2026 22:00,66.32,66.62,66.31,66.59,621
19-02-2026 22:15,66.58,66.63,66.49,66.58,504
19-02-2026 22:30,66.58,66.76,66.58,66.63,815
19-02-2026 22:45,66.63,66.69,66.47,66.51,485
19-02-2026 23:00,66.51,66.55,66.37,66.38,434
19-02-2026 23:15,66.38,66.59,66.37,66.54,423
19-02-2026 23:30,66.54,66.56,66.23,66.36,602
19-02-2026 23:45,66.36,66.40,66.19,66.35,402
20-02-2026 00:00,66.35,66.41,66.30,66.39,297
20-02-2026 00:15,66.39,66.54,66.39,66.47,340
20-02-2026 00:30,66.48,66.50,66.42,66.45,303
20-02-2026 00:45,66.45,66.45,66.32,66.41,543
20-02-2026 01:00,66.41,66.52,66.35,66.50,317
20-02-2026 01:15,66.50,66.58,66.49,66.57,167
20-02-2026 01:30,66.57,66.61,66.52,66.57,124
20-02-2026 01:45,66.57,66.62,66.51,66.57,142
20-02-2026 02:00,66.57,66.67,66.57,66.61,120
20-02-2026 02:15,66.61,66.70,66.60,66.69,119
20-02-2026 02:30,66.69,66.71,66.61,66.69,112
20-02-2026 02:45,66.69,66.84,65.94,66.39,1037
20-02-2026 03:00,66.39,66.58,66.35,66.46,318
20-02-2026 03:15,66.46,66.71,66.42,66.68,215
20-02-2026 04:30,66.43,66.58,66.41,66.51,192
20-02-2026 04:45,66.51,66.58,66.49,66.55,69
20-02-2026 05:00,66.55,66.56,66.43,66.47,111
20-02-2026 05:15,66.47,66.53,66.43,66.43,83
20-02-2026 05:30,66.43,66.52,66.42,66.51,104
20-02-2026 05:45,66.51,66.51,66.29,66.35,128
20-02-2026 06:00,66.35,66.43,66.34,66.41,82
20-02-2026 06:15,66.41,66.47,66.41,66.45,83
20-02-2026 06:30,66.45,66.71,66.35,66.59,296
20-02-2026 06:45,66.59,66.63,66.48,66.55,204
20-02-2026 07:00,66.55,66.60,66.53,66.56,139
20-02-2026 07:15,66.56,66.62,66.51,66.56,135
20-02-2026 07:30,66.56,66.84,66.55,66.69,273
20-02-2026 07:45,66.69,66.72,66.59,66.69,136
20-02-2026 08:00,66.69,66.72,66.57,66.59,132
20-02-2026 08:15,66.59,66.61,66.49,66.56,172
20-02-2026 08:30,66.56,66.62,66.55,66.57,101
20-02-2026 08:45,66.57,66.57,66.47,66.51,89
20-02-2026 09:00,66.51,66.59,66.50,66.59,73
20-02-2026 09:15,66.59,66.69,66.58,66.62,109
20-02-2026 09:30,66.62,66.68,66.61,66.64,65
20-02-2026 09:45,66.64,66.66,66.62,66.65,44
20-02-2026 10:00,66.65,66.69,66.63,66.67,64
20-02-2026 10:15,66.68,66.71,66.65,66.71,69
20-02-2026 10:30,66.70,66.76,66.70,66.73,74
20-02-2026 10:45,66.73,66.79,66.68,66.79,51
20-02-2026 11:00,66.79,66.85,66.77,66.81,101
20-02-2026 11:15,66.81,66.90,66.79,66.83,130
20-02-2026 11:30,66.83,66.92,66.83,66.90,155
20-02-2026 11:45,66.89,67.01,66.86,66.97,103
20-02-2026 12:00,66.97,67.02,66.90,66.94,178
20-02-2026 12:15,66.94,66.98,66.69,66.71,206
20-02-2026 12:30,66.71,66.74,66.65,66.68,218
20-02-2026 12:45,66.69,66.73,66.52,66.55,249
20-02-2026 13:00,66.55,66.62,66.50,66.52,228
20-02-2026 13:15,66.52,66.54,66.29,66.32,354
20-02-2026 13:30,66.31,66.40,66.25,66.32,438
20-02-2026 13:45,66.32,66.40,66.27,66.34,458
20-02-2026 14:00,66.34,66.42,66.14,66.19,490
20-02-2026 14:15,66.19,66.25,66.08,66.14,349
20-02-2026 14:30,66.15,66.24,66.13,66.24,352
20-02-2026 14:45,66.24,66.54,66.17,66.54,454
20-02-2026 15:00,66.54,66.58,66.23,66.24,390
20-02-2026 15:15,66.24,66.24,65.86,66.00,593
20-02-2026 15:30,66.00,66.04,65.86,65.89,577
20-02-2026 15:45,65.89,66.03,65.87,65.97,509
20-02-2026 16:00,65.97,66.11,65.95,66.01,377
20-02-2026 16:15,66.02,66.05,65.93,65.96,364
20-02-2026 16:30,65.96,66.09,65.94,66.04,337
20-02-2026 16:45,66.04,66.14,65.94,66.11,359
20-02-2026 17:00,66.11,66.34,66.04,66.34,338
20-02-2026 17:15,66.34,66.37,65.80,65.98,639
20-02-2026 17:30,65.97,66.20,65.94,66.13,611
20-02-2026 17:45,66.14,66.16,66.05,66.07,308
20-02-2026 18:00,66.07,66.16,65.94,66.11,371
20-02-2026 18:15,66.11,66.20,66.07,66.15,421
20-02-2026 18:30,66.15,66.22,66.07,66.10,389
20-02-2026 18:45,66.10,66.13,66.01,66.12,379
20-02-2026 19:00,66.12,66.18,66.06,66.15,442
20-02-2026 19:15,66.15,66.27,66.12,66.25,414
20-02-2026 19:30,66.25,66.32,66.08,66.10,421
20-02-2026 19:45,66.09,66.12,65.99,66.12,385
20-02-2026 20:00,66.12,66.48,65.87,66.31,1289
20-02-2026 20:15,66.31,66.35,66.06,66.25,854
20-02-2026 20:30,66.25,66.63,66.15,66.16,1985
20-02-2026 20:45,66.16,66.36,66.10,66.18,1058
20-02-2026 21:00,66.18,66.20,65.89,66.12,1092
20-02-2026 21:15,66.12,66.19,65.85,65.94,698
20-02-2026 21:30,65.95,66.13,65.82,66.02,701
20-02-2026 21:45,66.02,66.06,65.88,66.02,784
20-02-2026 22:00,66.02,66.30,65.98,66.30,670
20-02-2026 22:15,66.30,66.33,66.06,66.18,585
20-02-2026 22:30,66.18,66.34,66.18,66.23,424
20-02-2026 22:45,66.23,66.29,66.13,66.18,485
20-02-2026 23:00,66.18,66.24,66.13,66.23,379
20-02-2026 23:15,66.23,66.49,66.23,66.43,456
20-02-2026 23:30,66.43,66.71,66.41,66.62,420
20-02-2026 23:45,66.62,66.63,66.27,66.30,601
21-02-2026 00:00,66.32,66.58,66.27,66.57,665
21-02-2026 00:15,66.57,66.63,66.45,66.54,552
21-02-2026 00:30,66.54,66.55,66.27,66.36,664
21-02-2026 00:45,66.37,66.51,66.27,66.47,602
21-02-2026 01:00,66.47,66.51,66.27,66.39,397
21-02-2026 01:15,66.39,66.48,66.38,66.45,208
21-02-2026 01:30,66.45,66.49,66.29,66.30,184
21-02-2026 01:45,66.30,66.33,66.24,66.28,193
21-02-2026 02:00,66.28,66.32,66.24,66.30,153
21-02-2026 02:15,66.30,66.37,66.23,66.36,200
21-02-2026 02:30,66.36,66.42,66.28,66.33,129
21-02-2026 02:45,66.33,66.36,66.29,66.34,108
21-02-2026 03:00,66.34,66.39,66.30,66.36,106
21-02-2026 03:15,66.36,66.38,66.29,66.31,153
23-02-2026 04:30,65.95,65.97,65.74,65.93,394
23-02-2026 04:45,65.94,66.09,65.89,65.94,234
23-02-2026 05:00,65.95,66.01,65.84,65.90,162
23-02-2026 05:15,65.89,66.03,65.82,65.98,154
23-02-2026 05:30,65.98,65.99,65.83,65.91,138
23-02-2026 05:45,65.91,65.94,65.84,65.84,86
23-02-2026 06:00,65.84,65.85,65.64,65.72,161
23-02-2026 06:15,65.72,65.78,65.65,65.71,121
23-02-2026 06:30,65.71,65.71,65.61,65.64,188
23-02-2026 06:45,65.64,65.77,65.59,65.76,160
23-02-2026 07:00,65.76,65.90,65.74,65.88,139
23-02-2026 07:15,65.89,65.97,65.86,65.89,120
23-02-2026 07:30,65.89,66.00,65.89,65.94,165
23-02-2026 07:45,65.94,66.02,65.92,65.99,137
23-02-2026 08:00,65.99,66.01,65.94,66.00,102
23-02-2026 08:15,65.99,66.02,65.87,65.88,112
23-02-2026 08:30,65.88,65.89,65.81,65.82,87
23-02-2026 08:45,65.82,65.84,65.76,65.78,68
23-02-2026 09:00,65.78,65.79,65.68,65.73,104
23-02-2026 09:15,65.73,65.79,65.68,65.70,99
23-02-2026 09:30,65.70,65.75,65.69,65.69,74
23-02-2026 09:45,65.69,65.69,65.51,65.56,114
23-02-2026 10:00,65.56,65.65,65.56,65.65,80
23-02-2026 10:15,65.65,65.65,65.56,65.57,78
23-02-2026 10:30,65.57,65.65,65.54,65.64,72
23-02-2026 10:45,65.64,65.76,65.64,65.70,87
23-02-2026 11:00,65.70,65.75,65.68,65.72,86
23-02-2026 11:15,65.72,65.80,65.72,65.73,90
23-02-2026 11:30,65.73,65.74,65.67,65.72,111
23-02-2026 11:45,65.72,65.77,65.70,65.77,72
23-02-2026 12:00,65.77,65.81,65.67,65.69,77
23-02-2026 12:15,65.69,65.78,65.62,65.65,139
23-02-2026 12:30,65.65,65.78,65.64,65.68,177
23-02-2026 12:45,65.68,65.70,65.62,65.65,156
23-02-2026 13:00,65.65,65.71,65.52,65.55,189
23-02-2026 13:15,65.55,65.64,65.51,65.64,245
23-02-2026 13:30,65.64,65.90,65.64,65.79,419
23-02-2026 13:45,65.79,65.80,65.66,65.69,382
23-02-2026 14:00,65.69,65.71,65.55,65.68,412
23-02-2026 14:15,65.68,65.87,65.66,65.85,285
23-02-2026 14:30,65.85,65.99,65.75,65.98,321
23-02-2026 14:45,65.98,66.17,65.97,66.03,319
23-02-2026 15:00,66.03,66.28,66.03,66.24,329
23-02-2026 15:15,66.24,66.29,66.16,66.21,256
23-02-2026 15:30,66.21,66.21,66.09,66.13,279
23-02-2026 15:45,66.13,66.17,65.99,66.02,287
23-02-2026 16:00,66.02,66.12,66.01,66.04,216
23-02-2026 16:15,66.04,66.14,66.02,66.08,175
23-02-2026 16:30,66.08,66.15,66.01,66.08,204
23-02-2026 16:45,66.08,66.20,66.00,66.15,184
23-02-2026 17:00,66.15,66.34,66.15,66.32,335
23-02-2026 17:15,66.32,66.45,66.28,66.43,257
23-02-2026 17:30,66.43,66.50,66.41,66.47,238
23-02-2026 17:45,66.47,66.65,66.45,66.63,323
23-02-2026 18:00,66.63,66.67,66.56,66.62,246
23-02-2026 18:15,66.62,66.71,66.61,66.69,177
23-02-2026 18:30,66.69,66.70,66.56,66.64,281
23-02-2026 18:45,66.64,66.70,66.61,66.62,275
23-02-2026 19:00,66.62,66.73,66.53,66.72,298
23-02-2026 19:15,66.72,66.92,66.71,66.89,400
23-02-2026 19:30,66.89,66.97,66.72,66.77,528
23-02-2026 19:45,66.77,66.94,66.72,66.93,289
23-02-2026 20:00,66.93,67.20,66.91,67.02,869
23-02-2026 20:15,67.02,67.09,66.95,66.99,628
23-02-2026 20:30,66.99,67.21,66.99,67.14,588
23-02-2026 20:45,67.14,67.26,67.10,67.23,449
23-02-2026 21:00,67.23,67.26,67.06,67.08,423
23-02-2026 21:15,67.08,67.08,66.76,66.78,613
23-02-2026 21:30,66.78,66.89,66.45,66.88,857
23-02-2026 21:45,66.88,67.12,66.88,67.01,704
23-02-2026 22:00,67.02,67.04,66.43,66.49,760
23-02-2026 22:15,66.49,66.53,66.27,66.38,566
23-02-2026 22:30,66.39,66.44,66.25,66.28,376
23-02-2026 22:45,66.28,66.36,66.23,66.29,362
23-02-2026 23:00,66.29,66.32,66.12,66.18,347
23-02-2026 23:15,66.18,66.31,66.11,66.23,400
23-02-2026 23:30,66.23,66.29,66.18,66.23,315
23-02-2026 23:45,66.23,66.29,66.16,66.18,231
24-02-2026 00:00,66.18,66.25,66.09,66.12,241
24-02-2026 00:15,66.12,66.33,66.11,66.19,287
24-02-2026 00:30,66.19,66.22,66.09,66.16,325
24-02-2026 00:45,66.16,66.37,66.15,66.29,414
24-02-2026 01:00,66.29,66.36,66.17,66.20,213
24-02-2026 01:15,66.20,66.32,66.20,66.31,174
24-02-2026 01:30,66.31,66.42,66.31,66.34,141
24-02-2026 01:45,66.34,66.42,66.33,66.39,98
24-02-2026 02:00,66.39,66.41,66.36,66.40,87
24-02-2026 02:15,66.40,66.48,66.37,66.42,151
24-02-2026 02:30,66.42,66.48,66.34,66.37,194
24-02-2026 02:45,66.37,66.43,66.34,66.37,75
24-02-2026 03:00,66.37,66.39,66.34,66.34,54
24-02-2026 03:15,66.34,66.34,66.25,66.28,72
24-02-2026 04:30,66.29,66.30,66.23,66.24,78
24-02-2026 04:45,66.25,66.25,66.15,66.23,63
24-02-2026 05:00,66.23,66.30,66.23,66.28,48
24-02-2026 05:15,66.28,66.29,66.23,66.24,38
24-02-2026 05:30,66.24,66.30,66.21,66.22,75
24-02-2026 05:45,66.22,66.27,66.22,66.22,39
24-02-2026 06:00,66.22,66.25,66.21,66.22,38
24-02-2026 06:15,66.22,66.32,66.20,66.31,48
24-02-2026 06:30,66.31,66.41,66.17,66.21,734
24-02-2026 06:45,66.21,66.22,66.05,66.20,377
24-02-2026 07:00,66.20,66.46,66.19,66.45,441
24-02-2026 07:15,66.45,66.46,66.28,66.43,334
24-02-2026 07:30,66.43,66.63,66.39,66.61,479
24-02-2026 07:45,66.61,66.63,66.55,66.57,132
24-02-2026 08:00,66.57,66.69,66.56,66.67,284
24-02-2026 08:15,66.67,66.80,66.66,66.79,209
24-02-2026 08:30,66.79,66.92,66.78,66.83,278
24-02-2026 08:45,66.83,66.92,66.76,66.91,241
24-02-2026 09:00,66.91,66.91,66.83,66.88,137
24-02-2026 09:15,66.88,66.90,66.82,66.87,80
24-02-2026 09:30,66.87,66.89,66.83,66.84,60
24-02-2026 09:45,66.84,66.87,66.81,66.82,56
24-02-2026 10:00,66.82,66.86,66.82,66.84,47
24-02-2026 10:15,66.84,66.87,66.77,66.78,73
24-02-2026 10:30,66.78,66.78,66.60,66.73,134
24-02-2026 10:45,66.73,66.73,66.68,66.69,89
24-02-2026 11:00,66.69,66.94,66.68,66.91,262
24-02-2026 11:15,66.91,66.93,66.80,66.82,237
24-02-2026 11:30,66.82,66.84,66.74,66.75,131
24-02-2026 11:45,66.74,66.74,66.68,66.70,149
24-02-2026 12:00,66.70,66.71,66.62,66.71,177
24-02-2026 12:15,66.71,66.77,66.67,66.76,268
24-02-2026 12:30,66.76,66.78,66.70,66.74,191
24-02-2026 12:45,66.75,66.78,66.57,66.61,198
24-02-2026 13:00,66.61,66.62,66.52,66.55,161
24-02-2026 13:15,66.55,66.57,66.46,66.54,152
24-02-2026 13:30,66.54,66.59,66.39,66.41,366
24-02-2026 13:45,66.41,66.42,66.29,66.32,549
24-02-2026 14:00,66.33,66.49,66.27,66.40,528
24-02-2026 14:15,66.40,66.56,66.38,66.54,306
24-02-2026 14:30,66.54,66.56,66.33,66.48,363
24-02-2026 14:45,66.48,66.54,66.32,66.40,302
24-02-2026 15:00,66.40,66.57,66.39,66.50,268
24-02-2026 15:15,66.50,66.57,66.43,66.54,284
24-02-2026 15:30,66.54,66.59,66.30,66.35,467
24-02-2026 15:45,66.35,66.51,66.29,66.44,273
24-02-2026 16:00,66.44,66.48,66.23,66.23,268
24-02-2026 16:15,66.23,66.34,66.18,66.26,316
24-02-2026 16:30,66.26,66.38,66.14,66.23,307
24-02-2026 16:45,66.23,66.33,66.17,66.28,227
24-02-2026 17:00,66.28,66.30,66.20,66.24,186
24-02-2026 17:15,66.24,66.38,66.23,66.34,234
24-02-2026 17:30,66.34,66.48,66.27,66.27,305
24-02-2026 17:45,66.27,66.47,66.24,66.44,254
24-02-2026 18:00,66.44,66.62,66.40,66.53,342
24-02-2026 18:15,66.53,66.61,66.43,66.61,302
24-02-2026 18:30,66.61,66.90,66.60,66.84,594
24-02-2026 18:45,66.84,67.02,66.75,67.01,497
24-02-2026 19:00,67.01,67.13,66.85,66.87,553
24-02-2026 19:15,66.87,66.90,66.79,66.85,441
24-02-2026 19:30,66.85,66.86,66.71,66.73,448
24-02-2026 19:45,66.73,66.78,66.62,66.66,382
24-02-2026 20:00,66.66,66.68,66.35,66.49,833
24-02-2026 20:15,66.49,66.62,66.43,66.51,616
24-02-2026 20:30,66.51,66.64,66.20,66.40,794
24-02-2026 20:45,66.40,66.47,65.73,65.88,1259
24-02-2026 21:00,65.88,66.14,65.63,65.99,1473
24-02-2026 21:15,65.99,66.01,65.77,65.87,757
24-02-2026 21:30,65.87,66.04,65.76,66.02,647
24-02-2026 21:45,66.02,66.20,65.95,66.01,665
24-02-2026 22:00,66.01,66.16,65.96,66.04,541
24-02-2026 22:15,66.04,66.06,65.83,65.97,508
24-02-2026 22:30,65.97,66.11,65.92,66.10,347
24-02-2026 22:45,66.10,66.31,66.09,66.17,349
24-02-2026 23:00,66.17,66.17,65.81,65.89,390
24-02-2026 23:15,65.89,65.92,65.68,65.82,551
24-02-2026 23:30,65.82,65.94,65.77,65.92,312
24-02-2026 23:45,65.92,65.96,65.88,65.89,263
25-02-2026 00:00,65.89,65.94,65.78,65.87,241
25-02-2026 00:15,65.87,66.02,65.87,65.93,238
25-02-2026 00:30,65.93,65.94,65.67,65.68,393
25-02-2026 00:45,65.68,65.68,65.54,65.65,473
25-02-2026 01:00,65.64,65.92,65.59,65.83,274
25-02-2026 01:15,65.83,65.91,65.82,65.88,142
25-02-2026 01:30,65.88,65.94,65.78,65.85,207
25-02-2026 01:45,65.85,66.45,65.82,66.31,640
25-02-2026 02:00,66.31,66.31,66.17,66.30,182
25-02-2026 02:15,66.29,66.38,66.26,66.28,241
25-02-2026 02:30,66.28,66.31,66.16,66.22,125
25-02-2026 02:45,66.22,66.30,66.21,66.26,122
25-02-2026 03:00,66.26,66.26,66.06,66.08,210
25-02-2026 03:15,66.08,66.12,65.96,66.06,147
25-02-2026 04:30,66.09,66.09,65.98,66.02,148
25-02-2026 04:45,66.02,66.02,65.93,65.97,75
25-02-2026 05:00,65.97,66.04,65.92,65.96,89
25-02-2026 05:15,65.96,66.03,65.96,66.01,67
25-02-2026 05:30,66.02,66.03,65.94,65.96,84
25-02-2026 05:45,65.96,66.10,65.96,66.10,64
25-02-2026 06:00,66.10,66.21,66.08,66.18,100
25-02-2026 06:15,66.18,66.19,66.04,66.08,76
25-02-2026 06:30,66.07,66.28,66.02,66.15,397
25-02-2026 06:45,66.15,66.20,66.10,66.11,227
25-02-2026 07:00,66.11,66.11,65.94,66.04,256
25-02-2026 07:15,66.04,66.12,66.03,66.04,150
25-02-2026 07:30,66.04,66.26,66.04,66.22,231
25-02-2026 07:45,66.22,66.22,66.05,66.16,119
25-02-2026 08:00,66.16,66.27,66.15,66.22,226
25-02-2026 08:15,66.22,66.33,66.18,66.29,214
25-02-2026 08:30,66.29,66.32,66.16,66.22,148
25-02-2026 08:45,66.22,66.25,66.14,66.24,167
25-02-2026 09:00,66.24,66.57,66.07,66.10,517
25-02-2026 09:15,66.09,66.10,65.97,66.00,124
25-02-2026 09:30,66.00,66.05,65.96,66.03,123
25-02-2026 09:45,66.03,66.09,65.99,66.08,96
25-02-2026 10:00,66.08,66.12,66.00,66.03,101
25-02-2026 10:15,66.03,66.05,66.00,66.00,44
25-02-2026 10:30,66.00,66.03,65.95,65.98,86
25-02-2026 10:45,65.98,66.07,65.98,66.05,73
25-02-2026 11:00,66.05,66.08,65.96,66.02,223
25-02-2026 11:15,66.02,66.09,65.99,66.02,154
25-02-2026 11:30,66.02,66.02,65.87,65.92,180
25-02-2026 11:45,65.93,65.94,65.75,65.79,223
25-02-2026 12:00,65.79,65.96,65.77,65.94,214
25-02-2026 12:15,65.94,66.00,65.91,65.97,175
25-02-2026 12:30,65.98,66.16,65.98,66.09,207
25-02-2026 12:45,66.09,66.12,66.02,66.04,142
25-02-2026 13:00,66.04,66.06,65.90,65.94,183
25-02-2026 13:15,65.94,65.96,65.82,65.88,219
25-02-2026 13:30,65.88,65.90,65.77,65.82,386
25-02-2026 13:45,65.82,65.87,65.77,65.87,460
25-02-2026 14:00,65.87,66.12,65.72,66.11,526
25-02-2026 14:15,66.11,66.11,65.80,65.99,364
25-02-2026 14:30,65.99,66.01,65.89,65.91,354
25-02-2026 14:45,65.91,66.03,65.88,65.95,285
25-02-2026 15:00,65.95,65.96,65.48,65.58,506
25-02-2026 15:15,65.58,65.69,65.44,65.62,417
25-02-2026 15:30,65.62,66.00,65.59,66.00,374
25-02-2026 15:45,66.00,66.02,65.85,65.90,297
25-02-2026 16:00,65.90,65.92,65.68,65.76,273
25-02-2026 16:15,65.77,65.94,65.73,65.89,238
25-02-2026 16:30,65.89,65.97,65.81,65.85,321
25-02-2026 16:45,65.85,65.86,65.78,65.81,214
25-02-2026 17:00,65.81,65.89,65.80,65.86,197
25-02-2026 17:15,65.86,65.91,65.81,65.86,224
25-02-2026 17:30,65.86,66.00,65.81,65.95,244
25-02-2026 17:45,65.95,66.12,65.74,66.11,487
25-02-2026 18:00,66.12,66.28,65.93,66.08,437
25-02-2026 18:15,66.08,66.24,66.04,66.20,416
25-02-2026 18:30,66.20,66.25,66.10,66.21,473
25-02-2026 18:45,66.21,66.30,66.20,66.23,328
25-02-2026 19:00,66.23,66.26,65.94,66.00,525
25-02-2026 19:15,66.00,66.03,65.85,65.89,426
25-02-2026 19:30,65.89,66.00,65.82,65.86,443
25-02-2026 19:45,65.86,65.90,65.75,65.75,318
25-02-2026 20:00,65.75,65.76,65.39,65.46,990
25-02-2026 20:15,65.46,65.50,65.27,65.31,632
25-02-2026 20:30,65.30,65.54,65.28,65.51,572
25-02-2026 20:45,65.51,65.62,65.50,65.51,527
25-02-2026 21:00,65.50,65.53,65.25,65.45,761
25-02-2026 21:15,65.45,65.54,65.24,65.40,587
25-02-2026 21:30,65.40,65.44,65.11,65.31,727
25-02-2026 21:45,65.31,65.53,65.24,65.49,673
25-02-2026 22:00,65.49,65.52,65.30,65.32,475
25-02-2026 22:15,65.32,65.46,65.28,65.45,378
25-02-2026 22:30,65.45,65.51,65.33,65.45,366
25-02-2026 22:45,65.45,65.52,65.42,65.49,271
25-02-2026 23:00,65.49,65.52,65.41,65.42,205
25-02-2026 23:15,65.42,65.55,65.38,65.51,267
25-02-2026 23:30,65.51,65.69,65.46,65.67,263
25-02-2026 23:45,65.67,65.78,65.65,65.71,261
26-02-2026 00:00,65.71,65.76,65.63,65.67,218
26-02-2026 00:15,65.67,65.67,65.54,65.58,248
26-02-2026 00:30,65.58,65.61,65.35,65.39,324
26-02-2026 00:45,65.39,65.49,65.33,65.46,458
26-02-2026 01:00,65.45,65.70,65.44,65.63,222
26-02-2026 01:15,65.63,65.73,65.60,65.71,161
26-02-2026 01:30,65.71,65.72,65.65,65.67,136
26-02-2026 01:45,65.67,65.68,65.57,65.58,127
26-02-2026 02:00,65.58,65.58,65.44,65.48,104
26-02-2026 02:15,65.48,65.50,65.41,65.44,138
26-02-2026 02:30,65.44,65.48,65.41,65.46,123
26-02-2026 02:45,65.46,65.53,65.44,65.48,84
26-02-2026 03:00,65.48,65.54,65.46,65.51,112
26-02-2026 03:15,65.50,65.60,65.50,65.56,112
26-02-2026 04:30,65.65,65.70,65.55,65.59,91
26-02-2026 04:45,65.59,65.67,65.57,65.63,51
26-02-2026 05:00,65.63,65.65,65.60,65.63,46
26-02-2026 05:15,65.63,65.64,65.60,65.61,51
26-02-2026 05:30,65.61,65.61,65.52,65.59,71
26-02-2026 05:45,65.59,65.84,65.59,65.78,110
26-02-2026 06:00,65.78,65.80,65.73,65.76,51
26-02-2026 06:15,65.76,65.76,65.69,65.73,61
26-02-2026 06:30,65.73,65.74,65.52,65.55,268
26-02-2026 06:45,65.55,65.69,65.54,65.65,146
26-02-2026 07:00,65.65,65.71,65.62,65.68,150
26-02-2026 07:15,65.68,65.70,65.60,65.61,146
26-02-2026 07:30,65.61,65.66,65.57,65.57,152
26-02-2026 07:45,65.57,65.58,65.49,65.50,76
26-02-2026 08:00,65.50,65.50,65.33,65.37,326
26-02-2026 08:15,65.37,65.51,65.37,65.45,136
26-02-2026 08:30,65.45,65.49,65.43,65.45,97
26-02-2026 08:45,65.45,65.59,65.44,65.54,147
26-02-2026 09:00,65.54,65.55,65.47,65.47,71
26-02-2026 09:15,65.47,65.53,65.47,65.50,40
26-02-2026 09:30,65.51,65.56,65.50,65.55,46
26-02-2026 09:45,65.55,65.59,65.54,65.56,46
26-02-2026 10:00,65.56,65.57,65.53,65.54,39
26-02-2026 10:15,65.54,65.60,65.54,65.56,34
26-02-2026 10:30,65.56,65.60,65.54,65.58,58
26-02-2026 10:45,65.58,65.62,65.55,65.57,63
26-02-2026 11:00,65.56,65.64,65.56,65.58,203
26-02-2026 11:15,65.58,65.58,65.47,65.53,143
26-02-2026 11:30,65.53,65.56,65.48,65.51,107
26-02-2026 11:45,65.51,65.53,65.42,65.45,141
26-02-2026 12:00,65.45,65.48,65.43,65.48,121
26-02-2026 12:15,65.48,65.51,65.42,65.48,192
26-02-2026 12:30,65.48,65.58,65.46,65.52,162
26-02-2026 12:45,65.52,65.59,65.48,65.50,164
26-02-2026 13:00,65.50,65.57,65.44,65.52,177
26-02-2026 13:15,65.52,65.55,65.36,65.46,216
26-02-2026 13:30,65.46,65.61,65.40,65.57,287
26-02-2026 13:45,65.57,65.64,65.49,65.54,325
26-02-2026 14:00,65.55,65.58,65.45,65.50,396
26-02-2026 14:15,65.50,65.55,65.39,65.44,264
26-02-2026 14:30,65.44,65.46,65.04,65.09,431
26-02-2026 14:45,65.09,65.16,64.87,64.96,492
26-02-2026 15:00,64.96,65.02,64.79,64.84,455
26-02-2026 15:15,64.84,65.13,64.82,65.09,426
26-02-2026 15:30,65.09,65.11,64.64,64.71,658
26-02-2026 15:45,64.71,64.72,64.40,64.42,556
26-02-2026 16:00,64.42,64.46,64.20,64.21,556
26-02-2026 16:15,64.21,64.45,64.21,64.35,470
26-02-2026 16:30,64.35,64.63,64.28,64.39,479
26-02-2026 16:45,64.39,64.40,64.32,64.38,261
26-02-2026 17:00,64.38,64.42,64.31,64.34,194
26-02-2026 17:15,64.34,64.38,64.26,64.29,221
26-02-2026 17:30,64.29,64.41,64.23,64.32,316
26-02-2026 17:45,64.32,64.32,63.85,64.08,692
26-02-2026 18:00,64.08,64.22,64.06,64.13,307
26-02-2026 18:15,64.13,64.18,64.04,64.11,348
26-02-2026 18:30,64.11,64.11,63.68,63.70,793
26-02-2026 18:45,63.70,64.13,63.60,64.12,703
26-02-2026 19:00,64.12,64.46,64.09,64.46,662
26-02-2026 19:15,64.46,64.47,64.25,64.36,479
26-02-2026 19:30,64.36,64.45,64.19,64.26,582
26-02-2026 19:45,64.26,64.30,64.06,64.16,458
26-02-2026 20:00,64.16,64.38,64.05,64.12,1014
26-02-2026 20:15,64.12,64.69,64.10,64.69,864
26-02-2026 20:30,64.69,65.27,64.69,65.25,1453
26-02-2026 20:45,65.25,65.64,65.18,65.63,1379
26-02-2026 21:00,65.63,66.21,65.56,66.21,1174
26-02-2026 21:15,66.22,66.50,65.99,66.47,1260
26-02-2026 21:30,66.47,66.61,66.27,66.31,1201
26-02-2026 21:45,66.31,66.69,66.25,66.60,901
26-02-2026 22:00,66.59,66.62,66.02,66.17,1003
26-02-2026 22:15,66.17,66.44,65.87,66.42,747
26-02-2026 22:30,66.41,66.54,66.11,66.49,679
26-02-2026 22:45,66.49,66.57,66.40,66.42,443
26-02-2026 23:00,66.40,66.54,66.39,66.49,331
26-02-2026 23:15,66.49,66.57,66.39,66.45,341
26-02-2026 23:30,66.45,66.60,66.14,66.34,1094
26-02-2026 23:45,66.34,66.35,66.10,66.22,577
27-02-2026 00:00,66.22,66.44,64.96,65.46,2367
27-02-2026 00:15,65.47,65.69,65.17,65.69,1114
27-02-2026 00:30,65.69,65.78,65.24,65.48,1180
27-02-2026 00:45,65.48,65.54,64.90,65.20,1493
27-02-2026 01:00,65.20,65.51,65.15,65.25,573
27-02-2026 01:15,65.25,65.42,65.25,65.31,311
27-02-2026 01:30,65.31,65.38,65.22,65.34,300
27-02-2026 01:45,65.34,65.45,65.24,65.39,216
27-02-2026 02:00,65.39,65.55,65.30,65.40,294
27-02-2026 02:15,65.40,65.49,65.38,65.48,205
27-02-2026 02:30,65.48,65.62,65.39,65.53,238
27-02-2026 02:45,65.53,65.55,65.42,65.48,158
27-02-2026 03:00,65.47,65.55,65.39,65.44,237
27-02-2026 03:15,65.45,65.47,65.41,65.42,138
27-02-2026 04:30,65.28,65.35,65.20,65.23,174
27-02-2026 04:45,65.23,65.29,65.20,65.28,59
27-02-2026 05:00,65.28,65.31,65.26,65.29,65
27-02-2026 05:15,65.29,65.30,65.20,65.20,75
27-02-2026 05:30,65.20,65.28,65.13,65.26,99
27-02-2026 05:45,65.26,65.29,65.20,65.26,70
27-02-2026 06:00,65.27,65.27,65.20,65.23,57
27-02-2026 06:15,65.23,65.29,65.23,65.24,64
27-02-2026 06:30,65.24,65.25,64.86,64.93,466
27-02-2026 06:45,64.93,65.03,64.87,65.00,305
27-02-2026 07:00,65.00,65.05,64.95,64.98,225
27-02-2026 07:15,64.98,65.12,64.92,65.09,218
27-02-2026 07:30,65.09,65.11,64.98,64.98,224
27-02-2026 07:45,64.98,65.07,64.94,65.03,98
27-02-2026 08:00,65.03,65.09,64.96,65.04,310
27-02-2026 08:15,65.04,65.08,64.95,65.03,204
27-02-2026 08:30,65.03,65.11,65.02,65.07,153
27-02-2026 08:45,65.07,65.21,65.02,65.19,198
27-02-2026 09:00,65.19,65.26,65.16,65.22,169
27-02-2026 09:15,65.22,65.29,65.19,65.29,110
27-02-2026 09:30,65.29,65.31,65.23,65.29,83
27-02-2026 09:45,65.29,65.31,65.26,65.31,90
27-02-2026 10:00,65.31,65.41,65.30,65.37,101
27-02-2026 10:15,65.37,65.37,65.28,65.32,74
27-02-2026 10:30,65.32,65.40,65.31,65.39,80
27-02-2026 10:45,65.39,65.47,65.38,65.45,110
27-02-2026 11:00,65.45,65.66,65.44,65.47,431
27-02-2026 11:15,65.47,65.58,65.41,65.55,290
27-02-2026 11:30,65.55,65.61,65.48,65.54,147
27-02-2026 11:45,65.54,65.71,65.54,65.66,163
27-02-2026 12:00,65.66,65.72,65.63,65.68,215
27-02-2026 12:15,65.69,65.73,65.67,65.70,234
27-02-2026 12:30,65.70,65.75,65.67,65.68,226
27-02-2026 12:45,65.68,65.73,65.64,65.69,166
27-02-2026 13:00,65.69,65.79,65.68,65.75,200
27-02-2026 13:15,65.75,65.78,65.64,65.74,237
27-02-2026 13:30,65.74,65.86,65.65,65.83,425
27-02-2026 13:45,65.83,66.03,65.83,65.92,535
27-02-2026 14:00,65.92,65.92,65.54,65.60,514
27-02-2026 14:15,65.60,65.77,65.58,65.70,427
27-02-2026 14:30,65.69,65.96,65.62,65.86,452
27-02-2026 14:45,65.86,66.15,65.78,65.96,610
27-02-2026 15:00,65.96,66.16,65.92,66.15,488
27-02-2026 15:15,66.15,66.44,66.03,66.42,476
27-02-2026 15:30,66.42,66.52,66.36,66.44,534
27-02-2026 15:45,66.44,66.45,66.21,66.25,480
27-02-2026 16:00,66.25,66.36,66.11,66.35,455
27-02-2026 16:15,66.35,66.59,66.34,66.54,400
27-02-2026 16:30,66.54,66.63,66.50,66.55,416
27-02-2026 16:45,66.55,66.74,66.45,66.61,411
27-02-2026 17:00,66.61,66.79,66.60,66.74,399
27-02-2026 17:15,66.74,66.92,66.70,66.85,384
27-02-2026 17:30,66.85,66.92,66.74,66.89,346
27-02-2026 17:45,66.89,66.94,66.75,66.78,342
27-02-2026 18:00,66.79,66.93,66.79,66.91,247
27-02-2026 18:15,66.91,67.03,66.83,67.02,474
27-02-2026 18:30,67.02,67.40,67.01,67.37,1193
27-02-2026 18:45,67.37,67.61,67.35,67.53,968
27-02-2026 19:00,67.53,67.63,67.42,67.61,977
27-02-2026 19:15,67.61,67.79,67.46,67.74,794
27-02-2026 19:30,67.74,67.81,67.39,67.50,1045
27-02-2026 19:45,67.51,67.63,67.17,67.29,846
27-02-2026 20:00,67.29,67.40,67.01,67.12,1475
27-02-2026 20:15,67.12,67.21,66.85,66.88,1042
27-02-2026 20:30,66.88,67.05,66.77,66.99,921
27-02-2026 20:45,66.99,67.06,66.80,66.91,843
27-02-2026 21:00,66.91,66.96,66.49,66.94,1031
27-02-2026 21:15,66.94,67.01,66.80,66.89,635
27-02-2026 21:30,66.89,66.90,66.69,66.79,825
27-02-2026 21:45,66.79,66.81,66.49,66.50,742
27-02-2026 22:00,66.50,66.66,66.44,66.52,649
27-02-2026 22:15,66.52,66.55,66.40,66.52,552
27-02-2026 22:30,66.52,66.78,66.47,66.73,526
27-02-2026 22:45,66.73,66.76,66.55,66.64,443
27-02-2026 23:00,66.64,66.78,66.11,66.54,1560
27-02-2026 23:15,66.54,66.76,66.49,66.74,608
27-02-2026 23:30,66.74,66.84,66.69,66.79,435
27-02-2026 23:45,66.79,66.93,66.73,66.89,458
28-02-2026 00:00,66.89,67.03,66.84,66.93,392
28-02-2026 00:15,66.93,67.04,66.79,67.02,464
28-02-2026 00:30,67.02,67.16,66.89,66.96,619
28-02-2026 00:45,66.96,67.05,66.84,67.05,556
28-02-2026 01:00,67.05,67.20,66.97,67.00,407
28-02-2026 01:15,67.00,67.08,66.95,67.05,252
28-02-2026 01:30,67.04,67.10,66.99,67.08,245
28-02-2026 01:45,67.08,67.29,67.08,67.16,255
28-02-2026 02:00,67.16,67.31,67.15,67.30,165
28-02-2026 02:15,67.30,67.39,67.04,67.25,535
28-02-2026 02:30,67.25,67.31,66.97,67.21,439
28-02-2026 02:45,67.21,67.37,67.16,67.33,284
28-02-2026 03:00,67.33,67.40,67.28,67.38,255
28-02-2026 03:15,67.38,67.38,67.15,67.29,325
02-03-2026 04:30,74.70,74.95,71.00,72.48,4441
02-03-2026 04:45,72.48,72.95,72.05,72.50,1978
02-03-2026 05:00,72.51,72.89,72.25,72.34,1536
02-03-2026 05:15,72.35,72.45,71.85,71.95,1448
02-03-2026 05:30,71.95,72.11,71.80,71.94,983
02-03-2026 05:45,71.94,71.96,71.55,71.70,1011
02-03-2026 06:00,71.71,72.01,71.58,71.86,790
02-03-2026 06:15,71.86,72.08,71.54,71.76,1134
02-03-2026 06:30,71.76,71.81,70.34,70.94,2076
02-03-2026 06:45,70.94,70.95,69.39,69.52,1639
02-03-2026 07:00,69.52,70.27,69.44,69.65,2552
02-03-2026 07:15,69.65,70.05,69.32,69.71,1929
02-03-2026 07:30,69.70,69.92,69.43,69.73,1416
02-03-2026 07:45,69.73,70.28,69.70,69.84,792
02-03-2026 08:00,69.84,70.05,69.59,70.02,1081
02-03-2026 08:15,70.02,70.23,69.68,69.98,974
02-03-2026 08:30,69.98,70.36,69.90,70.27,815
02-03-2026 08:45,70.27,70.46,70.26,70.37,561
02-03-2026 09:00,70.37,71.09,70.35,71.07,891
02-03-2026 09:15,71.08,71.08,70.61,70.69,655
02-03-2026 09:30,70.69,70.74,70.45,70.53,480
02-03-2026 09:45,70.53,71.21,70.51,70.86,1014
02-03-2026 10:00,70.86,70.99,70.62,70.93,820
02-03-2026 10:15,70.92,71.33,70.92,71.17,625
02-03-2026 10:30,71.18,71.27,70.90,71.24,671
02-03-2026 10:45,71.24,71.42,71.08,71.24,764
02-03-2026 11:00,71.23,71.31,70.93,71.26,903
02-03-2026 11:15,71.26,71.55,71.25,71.55,719
02-03-2026 11:30,71.55,71.96,71.54,71.69,1134
02-03-2026 11:45,71.69,72.00,71.65,71.84,951
02-03-2026 12:00,71.84,72.29,71.70,72.22,1025
02-03-2026 12:15,72.22,72.25,71.59,71.96,1280
02-03-2026 12:30,71.96,73.13,71.95,72.93,2537
02-03-2026 12:45,72.93,73.01,72.17,72.60,2459
02-03-2026 13:00,72.61,72.95,72.41,72.47,1592
02-03-2026 13:15,72.47,73.31,72.46,73.22,1747
02-03-2026 13:30,73.22,73.22,72.73,72.87,1994
02-03-2026 13:45,72.86,73.34,72.80,72.96,1756
02-03-2026 14:00,72.97,73.24,72.07,72.41,2137
02-03-2026 14:15,72.41,72.84,72.36,72.52,1537
02-03-2026 14:30,72.52,72.52,71.79,72.06,2103
02-03-2026 14:45,72.06,72.30,71.80,71.87,1507
02-03-2026 15:00,71.87,72.38,71.78,72.12,1663
02-03-2026 15:15,72.12,72.46,71.91,72.40,1221
02-03-2026 15:30,72.41,72.43,71.28,72.01,2373
02-03-2026 15:45,72.01,72.25,71.80,72.01,1255
02-03-2026 16:00,72.01,72.10,71.65,71.89,1301
02-03-2026 16:15,71.90,72.09,71.87,71.99,849
02-03-2026 16:30,71.99,72.20,71.85,72.14,925
02-03-2026 16:45,72.14,72.33,71.70,71.79,1041
02-03-2026 17:00,71.79,71.96,71.68,71.77,830
02-03-2026 17:15,71.77,71.98,71.12,71.93,1722
02-03-2026 17:30,71.93,72.53,71.91,72.35,1419
02-03-2026 17:45,72.35,72.81,72.32,72.75,1064
02-03-2026 18:00,72.75,72.91,72.54,72.81,1146
02-03-2026 18:15,72.82,72.89,72.37,72.59,1014
02-03-2026 18:30,72.59,72.59,71.70,71.92,2392
02-03-2026 18:45,71.92,72.43,71.91,72.31,1557
02-03-2026 19:00,72.31,72.56,72.13,72.30,1588
02-03-2026 19:15,72.30,72.39,71.98,72.27,1197
02-03-2026 19:30,72.28,72.31,71.84,72.27,1847
02-03-2026 19:45,72.27,72.41,71.87,71.91,1428
02-03-2026 20:00,71.91,72.07,71.30,71.50,2314
02-03-2026 20:15,71.50,71.51,70.76,71.04,2100
02-03-2026 20:30,71.04,71.42,70.90,71.38,1859
02-03-2026 20:45,71.39,71.69,71.15,71.65,1821
02-03-2026 21:00,71.65,71.79,71.18,71.24,1421
02-03-2026 21:15,71.24,71.53,71.19,71.24,1210
02-03-2026 21:30,71.24,71.27,70.53,70.58,1649
02-03-2026 21:45,70.58,71.34,70.58,71.09,1561
02-03-2026 22:00,71.08,71.32,70.64,71.27,1786
02-03-2026 22:15,71.27,71.27,70.08,70.86,2270
02-03-2026 22:30,70.86,70.87,70.54,70.55,1462
02-03-2026 22:45,70.55,70.56,70.16,70.43,1382
02-03-2026 23:00,70.43,70.94,70.43,70.51,1091
02-03-2026 23:15,70.51,70.74,70.37,70.59,843
02-03-2026 23:30,70.59,70.59,70.31,70.56,848
02-03-2026 23:45,70.56,70.95,70.55,70.88,856
03-03-2026 00:00,70.88,71.23,70.87,70.92,937
03-03-2026 00:15,70.92,71.09,70.83,71.09,742
03-03-2026 00:30,71.09,71.16,70.79,70.84,997
03-03-2026 00:45,70.84,71.27,70.80,71.22,1023
03-03-2026 01:00,71.21,71.32,71.09,71.13,663
03-03-2026 01:15,71.13,71.15,70.82,70.88,629
03-03-2026 01:30,70.88,72.47,70.88,72.28,2292
03-03-2026 01:45,72.29,72.76,71.47,72.61,2523
03-03-2026 02:00,72.61,72.67,72.24,72.37,1068
03-03-2026 02:15,72.36,72.44,71.53,71.57,1507
03-03-2026 02:30,71.56,71.61,71.24,71.54,1112
03-03-2026 02:45,71.54,71.77,71.41,71.48,745
03-03-2026 03:00,71.48,71.53,71.20,71.25,695
03-03-2026 03:15,71.25,71.41,71.00,71.04,651
03-03-2026 04:30,71.22,71.50,71.22,71.28,311
03-03-2026 04:45,71.28,71.29,70.60,70.67,367
03-03-2026 05:00,70.67,70.82,70.39,70.41,334
03-03-2026 05:15,70.41,70.90,70.40,70.87,294
03-03-2026 05:30,70.88,71.11,70.86,71.02,365
03-03-2026 05:45,71.02,71.31,70.99,71.26,393
03-03-2026 06:00,71.26,71.44,71.17,71.39,261
03-03-2026 06:15,71.40,71.66,71.26,71.61,407
03-03-2026 06:30,71.61,72.12,71.61,71.69,1746
03-03-2026 06:45,71.68,72.10,71.63,72.04,809
03-03-2026 07:00,72.04,72.10,71.82,71.90,564
03-03-2026 07:15,71.89,71.96,71.73,71.74,566
03-03-2026 07:30,71.74,71.89,71.53,71.89,637
03-03-2026 07:45,71.89,72.42,71.89,72.31,603
03-03-2026 08:00,72.31,72.47,72.07,72.15,831
03-03-2026 08:15,72.16,72.44,72.10,72.37,506
03-03-2026 08:30,72.38,72.51,72.34,72.42,496
03-03-2026 08:45,72.42,72.70,72.40,72.52,640
03-03-2026 09:00,72.52,72.53,72.30,72.32,442
03-03-2026 09:15,72.32,72.43,72.29,72.43,271
03-03-2026 09:30,72.43,72.47,72.26,72.46,287
03-03-2026 09:45,72.46,72.65,72.38,72.56,384
03-03-2026 10:00,72.56,72.70,72.47,72.60,320
03-03-2026 10:15,72.61,72.78,72.55,72.67,320
03-03-2026 10:30,72.68,72.73,72.63,72.69,283
03-03-2026 10:45,72.69,72.76,72.52,72.66,309
03-03-2026 11:00,72.66,73.37,72.52,73.13,1336
03-03-2026 11:15,73.13,73.16,72.62,72.83,878
03-03-2026 11:30,72.83,72.87,72.31,72.37,947
03-03-2026 11:45,72.37,72.68,72.34,72.66,602
03-03-2026 12:00,72.66,72.94,72.65,72.84,692
03-03-2026 12:15,72.84,73.08,72.67,73.04,732
03-03-2026 12:30,73.04,73.27,72.98,73.22,1166
03-03-2026 12:45,73.22,73.51,73.03,73.34,1168
03-03-2026 13:00,73.34,73.85,73.13,73.77,1178
03-03-2026 13:15,73.77,74.09,73.62,73.84,1161
03-03-2026 13:30,73.84,74.09,73.65,73.80,1331
03-03-2026 13:45,73.80,73.87,73.47,73.78,1481
03-03-2026 14:00,73.79,74.49,73.49,74.49,1583
03-03-2026 14:15,74.49,74.49,74.05,74.44,1279
03-03-2026 14:30,74.44,75.10,74.30,74.95,1579
03-03-2026 14:45,74.95,75.27,74.76,74.81,1733
03-03-2026 15:00,74.81,75.18,74.78,75.08,1391
03-03-2026 15:15,75.08,75.53,74.79,75.20,1529
03-03-2026 15:30,75.20,75.71,74.86,75.55,1614
03-03-2026 15:45,75.55,76.00,75.51,75.82,1422
03-03-2026 16:00,75.82,76.49,75.73,76.03,2025
03-03-2026 16:15,76.03,77.16,75.96,76.45,2521
03-03-2026 16:30,76.46,76.95,76.16,76.84,2433
03-03-2026 16:45,76.84,77.50,76.60,76.60,2662
03-03-2026 17:00,76.60,76.74,75.89,76.68,2552
03-03-2026 17:15,76.68,77.17,76.64,77.16,1978
03-03-2026 17:30,77.16,77.56,75.89,76.13,2654
03-03-2026 17:45,76.14,76.42,75.68,76.02,3006
03-03-2026 18:00,76.02,76.78,75.96,76.27,2313
03-03-2026 18:15,76.27,76.58,75.70,75.92,2453
03-03-2026 18:30,75.92,76.40,75.34,76.20,3499
03-03-2026 18:45,76.20,76.45,75.99,76.30,2304
03-03-2026 19:00,76.30,76.49,75.91,76.16,2464
03-03-2026 19:15,76.16,76.51,75.87,76.19,2280
03-03-2026 19:30,76.19,77.62,76.18,77.52,2798
03-03-2026 19:45,77.51,77.96,77.17,77.36,2748
03-03-2026 20:00,77.36,77.37,76.71,77.02,2641
03-03-2026 20:15,77.02,77.14,76.55,76.67,2547
03-03-2026 20:30,76.67,77.38,76.47,77.10,2253
03-03-2026 20:45,77.10,77.62,76.87,77.49,2064
03-03-2026 21:00,77.49,77.55,76.82,76.84,2004
03-03-2026 21:15,76.84,77.23,76.50,76.95,2047
03-03-2026 21:30,76.95,77.30,76.62,76.96,1995
03-03-2026 21:45,76.96,77.17,76.62,76.81,2003
03-03-2026 22:00,76.81,76.84,75.37,75.72,2520
03-03-2026 22:15,75.72,76.02,74.58,75.96,3673
03-03-2026 22:30,75.96,76.41,75.61,76.32,2332
03-03-2026 22:45,76.32,76.34,75.64,75.75,1734
03-03-2026 23:00,75.75,75.94,75.39,75.74,1560
03-03-2026 23:15,75.74,75.78,75.16,75.53,1493
03-03-2026 23:30,75.53,75.53,74.96,75.19,1512
03-03-2026 23:45,75.18,75.50,74.90,75.25,1285
04-03-2026 00:00,75.23,75.30,73.69,74.30,3231
04-03-2026 00:15,74.30,74.75,74.16,74.68,1741
04-03-2026 00:30,74.68,74.84,74.49,74.55,1607
04-03-2026 00:45,74.56,74.67,74.20,74.57,1766
04-03-2026 01:00,74.57,74.82,72.05,72.13,3713
04-03-2026 01:15,72.15,73.57,71.68,73.56,3571
04-03-2026 01:30,73.56,73.82,73.06,73.31,1905
04-03-2026 01:45,73.31,73.47,73.09,73.41,1148
04-03-2026 02:00,73.42,73.97,73.40,73.72,1223
04-03-2026 02:15,73.72,74.16,73.66,74.06,1109
04-03-2026 02:30,74.07,74.80,74.00,74.66,1066
04-03-2026 02:45,74.66,74.66,74.38,74.57,1041
04-03-2026 03:00,74.57,74.88,74.50,74.85,1070
04-03-2026 03:15,74.85,75.11,74.80,74.81,936
04-03-2026 04:30,74.90,74.93,74.54,74.79,354
04-03-2026 04:45,74.79,75.29,74.66,75.18,384
04-03-2026 05:00,75.19,75.40,75.05,75.21,328
04-03-2026 05:15,75.21,75.54,75.20,75.52,374
04-03-2026 05:30,75.52,75.67,75.21,75.26,568
04-03-2026 05:45,75.26,75.26,74.42,74.53,822
04-03-2026 06:00,74.53,75.09,74.53,75.03,527
04-03-2026 06:15,75.03,75.18,74.90,74.94,468
04-03-2026 06:30,74.94,75.32,74.36,75.24,2845
04-03-2026 06:45,75.24,75.59,75.19,75.28,2057
04-03-2026 07:00,75.27,75.67,75.26,75.45,2070
04-03-2026 07:15,75.45,75.55,74.55,74.93,2160
04-03-2026 07:30,74.93,75.52,74.90,75.20,1486
04-03-2026 07:45,75.20,75.21,74.82,74.97,720
04-03-2026 08:00,74.97,75.30,74.74,75.17,1685
04-03-2026 08:15,75.18,75.30,74.86,75.01,1316
04-03-2026 08:30,75.01,75.04,74.68,75.02,1266
04-03-2026 08:45,75.02,75.31,74.66,74.81,1352
04-03-2026 09:00,74.81,75.14,74.79,74.97,619
04-03-2026 09:15,74.97,75.11,74.85,75.10,421
04-03-2026 09:30,75.10,75.45,74.98,75.35,492
04-03-2026 09:45,75.35,75.41,75.22,75.37,367
04-03-2026 10:00,75.37,75.54,75.28,75.50,406
04-03-2026 10:15,75.50,75.56,75.41,75.47,374
04-03-2026 10:30,75.47,75.53,75.25,75.49,484
04-03-2026 10:45,75.49,75.95,75.43,75.73,669
04-03-2026 11:00,75.73,75.88,75.41,75.86,1464
04-03-2026 11:15,75.86,76.29,75.72,75.89,1370
04-03-2026 11:30,75.89,76.20,75.75,76.03,969
04-03-2026 11:45,76.03,76.49,76.00,76.39,927
04-03-2026 12:00,76.39,76.52,76.06,76.46,964
04-03-2026 12:15,76.46,76.83,76.40,76.83,947
04-03-2026 12:30,76.83,76.96,76.59,76.71,1207
04-03-2026 12:45,76.71,76.86,76.38,76.77,1037
04-03-2026 13:00,76.77,76.85,76.43,76.68,1111
04-03-2026 13:15,76.68,76.71,76.32,76.43,1007
04-03-2026 13:30,76.43,76.60,76.09,76.19,1427
04-03-2026 13:45,76.19,76.85,76.09,76.71,1561
04-03-2026 14:00,76.72,77.21,76.71,77.13,1813
04-03-2026 14:15,77.13,77.16,76.64,76.72,1203
04-03-2026 14:30,76.72,76.90,76.26,76.30,1358
04-03-2026 14:45,76.30,76.33,75.89,76.14,1445
04-03-2026 15:00,76.14,76.65,75.56,76.36,1692
04-03-2026 15:15,76.36,76.81,76.36,76.74,1396
04-03-2026 15:30,76.74,76.78,75.06,75.19,3108
04-03-2026 15:45,75.20,75.81,74.97,75.74,2560
04-03-2026 16:00,75.74,75.76,74.90,75.03,1689
04-03-2026 16:15,75.02,75.42,74.84,75.21,1393
04-03-2026 16:30,75.21,75.58,74.95,75.21,1500
04-03-2026 16:45,75.21,75.28,74.43,74.66,1618
04-03-2026 17:00,74.66,74.98,74.45,74.96,1246
04-03-2026 17:15,74.96,75.10,74.65,74.92,1100
04-03-2026 17:30,74.92,75.27,74.42,74.51,1936
04-03-2026 17:45,74.51,74.75,74.22,74.65,1758
04-03-2026 18:00,74.65,74.90,74.24,74.54,1643
04-03-2026 18:15,74.54,75.05,74.54,74.63,1135
04-03-2026 18:30,74.63,74.67,73.57,73.86,3461
04-03-2026 18:45,73.86,74.31,73.30,74.04,2361
04-03-2026 19:00,74.04,74.38,73.83,73.98,1863
04-03-2026 19:15,73.98,74.07,73.28,73.89,1923
04-03-2026 19:30,73.90,74.37,73.87,74.12,1944
04-03-2026 19:45,74.12,74.15,73.66,74.12,1910
04-03-2026 20:00,74.12,75.13,74.07,74.85,3033
04-03-2026 20:15,74.85,74.89,74.10,74.33,2163
04-03-2026 20:30,74.33,74.52,73.73,73.75,2383
04-03-2026 20:45,73.75,74.16,73.71,74.02,1921
04-03-2026 21:00,74.02,74.36,73.65,74.29,2201
04-03-2026 21:15,74.29,74.37,73.90,74.21,1548
04-03-2026 21:30,74.21,74.77,74.08,74.15,1794
04-03-2026 21:45,74.15,74.44,73.76,73.81,1654
04-03-2026 22:00,73.81,74.04,73.64,73.82,1723
04-03-2026 22:15,73.83,74.15,73.83,74.14,1164
04-03-2026 22:30,74.14,74.60,74.04,74.49,1200
04-03-2026 22:45,74.49,75.14,74.48,74.93,1193
04-03-2026 23:00,74.93,75.17,74.88,75.00,1271
04-03-2026 23:15,75.00,75.15,74.62,75.11,1403
04-03-2026 23:30,75.12,75.14,74.77,74.99,1290
04-03-2026 23:45,74.99,75.08,74.71,74.86,1044
05-03-2026 00:00,74.86,75.05,74.71,74.99,864
05-03-2026 00:15,74.99,75.22,74.73,74.89,933
05-03-2026 00:30,74.89,74.90,74.38,74.59,1017
05-03-2026 00:45,74.59,74.79,74.55,74.68,1277
05-03-2026 01:00,74.67,74.75,74.39,74.55,578
05-03-2026 01:15,74.55,74.67,74.48,74.50,392
05-03-2026 01:30,74.50,74.75,74.49,74.64,407
05-03-2026 01:45,74.64,75.22,74.63,75.19,720
05-03-2026 02:00,75.19,75.33,75.05,75.21,745
05-03-2026 02:15,75.21,75.35,75.14,75.28,604
05-03-2026 02:30,75.28,75.68,75.23,75.58,589
05-03-2026 02:45,75.58,76.22,75.57,75.98,916
05-03-2026 03:00,75.98,76.02,75.75,75.98,615
05-03-2026 03:15,75.98,76.16,75.90,76.05,546
05-03-2026 04:30,75.94,76.07,75.80,75.99,364
05-03-2026 04:45,75.99,76.10,75.93,76.04,172
05-03-2026 05:00,76.05,76.11,75.97,76.03,123
05-03-2026 05:15,76.03,76.04,75.89,75.93,104
05-03-2026 05:30,75.94,75.94,75.55,75.57,456
05-03-2026 05:45,75.57,75.78,75.57,75.75,206
05-03-2026 06:00,75.75,75.78,75.71,75.73,121
05-03-2026 06:15,75.74,75.74,75.62,75.69,149
05-03-2026 06:30,75.69,76.71,75.69,76.63,2172
05-03-2026 06:45,76.62,76.85,76.59,76.71,1130
05-03-2026 07:00,76.71,76.72,76.41,76.46,1114
05-03-2026 07:15,76.46,76.93,76.44,76.89,940
05-03-2026 07:30,76.89,77.04,76.73,77.00,785
05-03-2026 07:45,77.00,77.33,76.95,77.30,549
05-03-2026 08:00,77.30,77.39,76.87,76.95,1249
05-03-2026 08:15,76.95,77.39,76.91,77.36,797
05-03-2026 08:30,77.36,77.36,76.91,77.00,858
05-03-2026 08:45,77.00,77.36,76.98,77.14,774
05-03-2026 09:00,77.14,77.24,77.03,77.05,695
05-03-2026 09:15,77.05,77.20,77.01,77.07,487
05-03-2026 09:30,77.07,77.46,77.04,77.42,493
05-03-2026 09:45,77.42,77.63,77.36,77.43,457
05-03-2026 10:00,77.43,77.47,77.34,77.34,331
05-03-2026 10:15,77.34,77.36,77.13,77.36,481
05-03-2026 10:30,77.36,77.60,77.32,77.52,619
05-03-2026 10:45,77.52,77.59,77.30,77.42,426
05-03-2026 11:00,77.42,77.82,77.36,77.75,1165
05-03-2026 11:15,77.75,78.06,77.67,77.73,982
05-03-2026 11:30,77.73,77.73,77.24,77.45,1721
05-03-2026 11:45,77.45,77.72,77.40,77.45,934
05-03-2026 12:00,77.46,77.61,77.24,77.53,1008
05-03-2026 12:15,77.53,77.73,76.08,76.56,3156
05-03-2026 12:30,76.55,77.00,76.51,76.83,1831
05-03-2026 12:45,76.83,77.12,76.71,76.88,1045
05-03-2026 13:00,76.88,77.28,76.87,77.09,1091
05-03-2026 13:15,77.09,77.27,77.02,77.15,936
05-03-2026 13:30,77.15,77.57,76.87,77.30,1645
05-03-2026 13:45,77.30,77.64,77.20,77.64,1517
05-03-2026 14:00,77.63,77.63,76.83,77.01,1409
05-03-2026 14:15,77.01,77.28,76.89,76.99,1031
05-03-2026 14:30,76.97,77.11,75.13,75.79,3230
05-03-2026 14:45,75.79,76.04,74.96,75.70,2717
05-03-2026 15:00,75.70,76.31,75.58,76.26,1883
05-03-2026 15:15,76.26,76.53,76.13,76.38,1431
05-03-2026 15:30,76.38,76.48,76.14,76.27,1347
05-03-2026 15:45,76.28,76.60,76.10,76.27,1080
05-03-2026 16:00,76.27,76.57,76.10,76.53,1243
05-03-2026 16:15,76.53,76.68,76.34,76.49,1092
05-03-2026 16:30,76.49,76.84,76.37,76.54,994
05-03-2026 16:45,76.54,76.69,76.33,76.66,912
05-03-2026 17:00,76.66,76.98,76.62,76.85,1004
05-03-2026 17:15,76.85,77.15,76.74,77.05,785
05-03-2026 17:30,77.05,77.27,76.92,77.26,780
05-03-2026 17:45,77.26,77.30,76.62,76.95,1446
05-03-2026 18:00,76.95,76.99,76.61,76.90,1092
05-03-2026 18:15,76.89,77.46,76.88,77.19,1023
05-03-2026 18:30,77.19,77.35,76.81,76.89,2056
05-03-2026 18:45,76.89,77.13,76.56,76.93,1709
05-03-2026 19:00,76.93,77.12,76.80,76.85,1943
05-03-2026 19:15,76.85,77.31,76.65,77.13,1582
05-03-2026 19:30,77.13,77.84,76.85,77.70,1941
05-03-2026 19:45,77.70,78.34,77.60,77.87,1671
05-03-2026 20:00,77.87,78.00,77.52,77.98,2094
05-03-2026 20:15,77.98,78.21,77.74,77.95,1746
05-03-2026 20:30,77.95,78.22,77.71,77.95,1956
05-03-2026 20:45,77.96,78.78,77.91,78.72,1775
05-03-2026 21:00,78.73,78.96,78.59,78.67,1916
05-03-2026 21:15,78.66,79.03,78.51,78.64,1951
05-03-2026 21:30,78.64,79.56,78.29,79.53,2294
05-03-2026 21:45,79.53,79.94,79.25,79.57,2393
05-03-2026 22:00,79.57,79.62,78.97,79.19,1903
05-03-2026 22:15,79.19,79.46,78.91,79.20,1602
05-03-2026 22:30,79.20,79.61,79.07,79.51,1520
05-03-2026 22:45,79.51,79.78,79.34,79.55,1474
05-03-2026 23:00,79.54,79.57,78.76,79.18,2182
05-03-2026 23:15,79.18,79.71,79.16,79.63,1311
05-03-2026 23:30,79.63,79.64,79.05,79.43,1329
05-03-2026 23:45,79.42,80.83,79.41,80.81,2195
06-03-2026 00:00,80.81,80.82,80.43,80.75,1567
06-03-2026 00:15,80.75,81.12,80.53,80.83,1404
06-03-2026 00:30,80.82,81.61,80.67,81.52,1703
06-03-2026 00:45,81.53,81.57,80.81,80.96,2112
06-03-2026 01:00,80.96,81.14,80.63,81.08,1312
06-03-2026 01:15,81.08,81.70,81.03,81.59,1161
06-03-2026 01:30,81.59,82.13,79.93,79.98,3865
06-03-2026 01:45,80.00,80.54,79.39,79.78,2627
06-03-2026 02:00,79.78,80.37,79.58,80.17,1850
06-03-2026 02:15,80.18,80.28,79.59,79.78,1474
06-03-2026 02:30,79.78,79.96,79.04,79.05,1274
06-03-2026 02:45,79.05,79.67,78.87,79.00,1137
06-03-2026 03:00,78.97,79.21,78.68,78.68,1316
06-03-2026 03:15,78.68,78.92,78.60,78.87,891
06-03-2026 04:30,79.40,79.89,79.34,79.50,513
06-03-2026 04:45,79.50,79.63,79.04,79.61,393
06-03-2026 05:00,79.61,79.68,79.42,79.63,280
06-03-2026 05:15,79.62,79.72,78.95,79.41,476
06-03-2026 05:30,79.41,79.59,79.23,79.44,428
06-03-2026 05:45,79.43,79.51,79.07,79.22,345
06-03-2026 06:00,79.22,79.36,78.62,78.64,547
06-03-2026 06:15,78.64,78.83,78.51,78.64,483
06-03-2026 06:30,78.64,79.09,78.21,78.54,2584
06-03-2026 06:45,78.54,79.10,78.52,79.05,1710
06-03-2026 07:00,79.05,79.28,78.93,79.07,1534
06-03-2026 07:15,79.07,79.82,79.07,79.79,1443
06-03-2026 07:30,79.78,79.83,79.25,79.35,1509
06-03-2026 07:45,79.36,79.53,79.24,79.46,612
06-03-2026 08:00,79.46,79.52,79.14,79.44,1280
06-03-2026 08:15,79.44,79.70,79.43,79.66,989
06-03-2026 08:30,79.66,79.83,79.47,79.67,1170
06-03-2026 08:45,79.67,80.13,79.54,79.96,904
06-03-2026 09:00,79.96,80.16,79.85,79.99,626
06-03-2026 09:15,79.99,80.07,79.88,80.00,371
06-03-2026 09:30,80.00,80.01,79.78,79.94,363
06-03-2026 09:45,79.94,80.05,79.81,79.86,365
06-03-2026 10:00,79.86,80.02,79.77,79.93,403
06-03-2026 10:15,79.93,80.07,79.87,80.00,358
06-03-2026 10:30,80.00,80.15,79.96,80.01,394
06-03-2026 10:45,80.01,80.05,79.91,79.96,358
06-03-2026 11:00,79.96,80.09,79.68,80.07,1645
06-03-2026 11:15,80.07,80.42,79.81,80.30,1697
06-03-2026 11:30,80.31,80.63,80.23,80.43,1379
06-03-2026 11:45,80.43,80.75,80.23,80.67,1098
06-03-2026 12:00,80.67,80.85,80.50,80.55,1138
06-03-2026 12:15,80.55,80.91,80.36,80.69,1164
06-03-2026 12:30,80.69,80.79,80.43,80.55,884
06-03-2026 12:45,80.55,80.69,80.26,80.58,867
06-03-2026 13:00,80.58,80.70,80.34,80.66,806
06-03-2026 13:15,80.66,81.11,80.64,81.08,1068
06-03-2026 13:30,81.08,81.43,80.83,81.27,1383
06-03-2026 13:45,81.27,81.73,81.21,81.63,1520
06-03-2026 14:00,81.62,81.66,81.08,81.52,1432
06-03-2026 14:15,81.52,81.59,81.27,81.37,975
06-03-2026 14:30,81.35,81.79,81.16,81.79,1360
06-03-2026 14:45,81.79,82.92,81.71,82.86,1826
06-03-2026 15:00,82.86,84.31,82.71,83.96,2715
06-03-2026 15:15,83.95,84.87,83.86,84.68,2643
06-03-2026 15:30,84.69,84.69,83.76,84.00,2485
06-03-2026 15:45,84.00,84.35,83.53,83.75,2127
06-03-2026 16:00,83.75,84.44,83.66,84.19,2250
06-03-2026 16:15,84.19,84.23,83.78,84.00,1457
06-03-2026 16:30,84.00,84.88,83.92,84.65,2087
06-03-2026 16:45,84.66,84.68,84.17,84.50,1629
06-03-2026 17:00,84.50,85.46,84.46,85.40,2080
06-03-2026 17:15,85.40,86.20,85.08,86.02,2629
06-03-2026 17:30,86.02,86.57,85.67,86.20,2518
06-03-2026 17:45,86.20,86.24,85.29,85.93,1892
06-03-2026 18:00,85.93,86.43,85.87,86.36,1608
06-03-2026 18:15,86.36,86.68,86.07,86.07,1939
06-03-2026 18:30,86.07,86.08,84.85,85.46,3968
06-03-2026 18:45,85.46,86.54,85.43,86.34,2651
06-03-2026 19:00,86.34,86.65,85.79,86.65,2551
06-03-2026 19:15,86.63,87.77,86.60,87.34,3778
06-03-2026 19:30,87.34,88.22,87.09,87.31,3315
06-03-2026 19:45,87.32,88.42,87.28,88.07,2986
06-03-2026 20:00,88.07,89.60,87.79,88.43,4422
06-03-2026 20:15,88.44,89.22,88.12,88.71,3857
06-03-2026 20:30,88.72,88.72,87.50,88.29,3900
06-03-2026 20:45,88.30,89.02,87.78,89.00,2992
06-03-2026 21:00,89.00,89.35,88.41,89.21,2810
06-03-2026 21:15,89.21,89.52,88.36,88.81,2811
06-03-2026 21:30,88.81,89.24,88.70,88.91,2604
06-03-2026 21:45,88.91,89.03,88.20,88.71,2951
06-03-2026 22:00,88.72,89.37,88.72,89.30,2631
06-03-2026 22:15,89.31,90.35,88.91,90.27,2690
06-03-2026 22:30,90.28,90.43,89.66,90.20,2883
06-03-2026 22:45,90.20,91.42,89.88,91.23,2840
06-03-2026 23:00,91.23,92.50,91.10,92.31,3187
06-03-2026 23:15,92.31,92.50,91.66,92.38,3090
06-03-2026 23:30,92.38,92.49,89.54,90.03,4515
06-03-2026 23:45,90.03,91.16,89.56,90.66,3779
07-03-2026 00:00,90.66,91.46,90.23,91.23,2696
07-03-2026 00:15,91.23,91.74,90.90,91.58,2245
07-03-2026 00:30,91.57,91.57,90.18,90.46,2747
07-03-2026 00:45,90.46,91.41,90.28,90.84,3926
07-03-2026 01:00,90.84,91.07,90.21,90.86,2678
07-03-2026 01:15,90.86,91.69,90.80,91.32,2130
07-03-2026 01:30,91.32,91.35,90.62,90.63,1445
07-03-2026 01:45,90.63,91.32,90.58,91.11,1490
07-03-2026 02:00,91.10,91.11,90.37,90.62,1585
07-03-2026 02:15,90.62,90.79,90.30,90.66,1504
07-03-2026 02:30,90.68,91.06,90.57,90.92,1117
07-03-2026 02:45,90.93,91.51,90.89,91.02,1076
07-03-2026 03:00,90.98,91.09,90.59,90.80,1091
07-03-2026 03:15,90.79,91.40,90.75,91.35,986
09-03-2026 03:30,101.00,111.19,100.69,108.94,5263
09-03-2026 03:45,108.95,109.47,105.33,106.24,5233
09-03-2026 04:00,106.24,109.02,106.18,108.08,3817
09-03-2026 04:15,108.09,108.48,106.60,106.86,3483
09-03-2026 04:30,106.86,106.91,105.03,106.28,3457
09-03-2026 04:45,106.28,107.13,105.77,106.16,2365
09-03-2026 05:00,106.16,106.92,105.97,106.55,1900
09-03-2026 05:15,106.55,108.45,106.50,108.00,2511
09-03-2026 05:30,108.00,108.04,106.41,106.95,2704
09-03-2026 05:45,106.94,108.08,106.94,107.66,2176
09-03-2026 06:00,107.66,109.43,107.62,109.25,2186
09-03-2026 06:15,109.27,109.97,108.13,108.23,2614
09-03-2026 06:30,108.23,109.37,108.02,109.04,2686
09-03-2026 06:45,109.10,109.92,108.91,109.09,2154
09-03-2026 07:00,109.09,110.85,109.07,110.84,2252
09-03-2026 07:15,110.85,115.58,110.81,115.00,5141
09-03-2026 07:30,115.00,115.42,113.02,115.27,4276
09-03-2026 07:45,115.25,118.78,115.24,116.52,5789
09-03-2026 08:00,116.51,119.39,115.28,115.61,5034
09-03-2026 08:15,115.61,116.36,111.99,114.23,4795
09-03-2026 08:30,114.24,114.29,111.26,112.67,4106
09-03-2026 08:45,112.66,114.89,112.65,114.37,3556
09-03-2026 09:00,114.36,115.83,113.60,115.02,2776
09-03-2026 09:15,115.01,116.43,114.92,115.53,2752
09-03-2026 09:30,115.53,115.62,114.55,115.43,2234
09-03-2026 09:45,115.43,116.34,114.82,115.03,2231
09-03-2026 10:00,115.08,116.32,114.88,116.15,2089
09-03-2026 10:15,116.15,116.71,115.53,115.80,1955
09-03-2026 10:30,115.80,115.88,112.70,113.31,3377
09-03-2026 10:45,113.27,113.73,106.46,107.01,6384
09-03-2026 11:00,106.99,109.02,106.43,106.46,6137
09-03-2026 11:15,106.47,107.40,102.98,103.61,6429
09-03-2026 11:30,103.62,104.36,99.98,103.50,5818
09-03-2026 11:45,103.50,105.38,102.52,104.61,5278
09-03-2026 12:00,104.61,106.07,104.40,105.03,4057
09-03-2026 12:15,105.03,107.30,103.48,104.42,4280
09-03-2026 12:30,104.42,104.42,101.31,102.30,4147
09-03-2026 12:45,102.30,103.22,101.17,101.27,2811
09-03-2026 13:00,101.23,102.86,100.31,102.54,3192
09-03-2026 13:15,102.53,103.54,102.17,102.79,3481
09-03-2026 13:30,102.74,103.06,101.51,102.88,3873
09-03-2026 13:45,102.88,104.88,102.48,104.80,3950
09-03-2026 14:00,104.85,104.85,102.82,103.36,3456
09-03-2026 14:15,103.36,104.24,102.51,103.07,3049
09-03-2026 14:30,103.07,104.74,102.92,104.23,2916
09-03-2026 14:45,104.23,104.30,101.28,101.56,3406
09-03-2026 15:00,101.56,102.00,96.31,98.56,5289
09-03-2026 15:15,98.56,101.19,97.08,101.05,4174
09-03-2026 15:30,101.05,101.96,100.56,101.82,3696
09-03-2026 15:45,101.82,102.43,101.42,102.39,2917
09-03-2026 16:00,102.39,103.87,101.99,102.96,3354
09-03-2026 16:15,102.96,103.75,102.26,103.17,3591
09-03-2026 16:30,103.17,103.24,101.64,102.46,2911
09-03-2026 16:45,102.46,103.73,102.41,103.30,2604
09-03-2026 17:00,103.30,103.64,101.78,102.47,2139
09-03-2026 17:15,102.48,102.66,101.54,102.15,2355
09-03-2026 17:30,102.15,102.26,100.57,100.93,2932
09-03-2026 17:45,100.93,101.50,100.09,100.97,2373
09-03-2026 18:00,100.98,102.74,100.60,102.52,2298
09-03-2026 18:15,102.53,103.47,102.16,102.20,2675
09-03-2026 18:30,102.18,102.18,99.16,99.58,4444
09-03-2026 18:45,99.58,100.52,98.74,100.11,3953
09-03-2026 19:00,100.11,100.12,97.19,99.78,4253
09-03-2026 19:15,99.77,101.33,98.95,99.64,5003
09-03-2026 19:30,99.64,104.50,99.32,102.44,5925
09-03-2026 19:45,102.45,102.74,99.97,101.43,4844
09-03-2026 20:00,101.43,101.76,100.29,100.32,3813
09-03-2026 20:15,100.32,101.25,99.56,100.51,3926
09-03-2026 20:30,100.51,100.59,97.57,98.55,3933
09-03-2026 20:45,98.55,98.67,95.20,95.60,4574
09-03-2026 21:00,95.63,96.93,94.64,96.82,4350
09-03-2026 21:15,96.82,97.04,95.08,95.58,3566
09-03-2026 21:30,95.58,97.33,95.50,96.65,3952
09-03-2026 21:45,96.65,96.85,93.14,94.68,6398
09-03-2026 22:00,94.69,95.76,94.48,94.77,3235
09-03-2026 22:15,94.75,95.08,93.15,94.75,2677
09-03-2026 22:30,94.75,95.41,94.20,95.28,2064
09-03-2026 22:45,95.28,96.00,94.56,94.84,2374
09-03-2026 23:00,94.83,95.40,94.25,95.15,2084
09-03-2026 23:15,95.15,95.52,94.66,94.92,2068
09-03-2026 23:30,94.92,94.94,91.61,91.91,3400
09-03-2026 23:45,91.92,94.96,91.91,94.80,3576
10-03-2026 00:00,94.85,95.38,93.99,94.90,2709
10-03-2026 00:15,94.90,95.31,94.45,95.24,1679
10-03-2026 00:30,95.25,95.54,94.45,94.89,1675
10-03-2026 00:45,94.89,95.14,86.68,87.53,5225
10-03-2026 01:00,87.55,88.91,81.16,86.04,5556
10-03-2026 01:15,86.03,86.84,84.68,85.84,5067
10-03-2026 01:30,85.89,88.77,85.89,86.98,4059
10-03-2026 01:45,86.98,88.22,84.56,85.19,3719
10-03-2026 02:00,85.20,85.61,83.14,83.37,3505
10-03-2026 02:15,83.37,84.90,82.60,84.74,2927
10-03-2026 03:30,85.46,87.89,84.97,87.33,1968
10-03-2026 03:45,87.33,89.91,87.00,87.86,1982
10-03-2026 04:00,87.88,88.88,87.28,88.02,1590
10-03-2026 04:15,88.02,88.80,87.49,87.84,974
10-03-2026 04:30,87.85,88.14,87.08,87.69,894
10-03-2026 04:45,87.68,89.17,87.68,88.97,889
10-03-2026 05:00,88.98,90.18,88.65,90.02,1043
10-03-2026 05:15,90.02,90.05,88.62,88.62,1045
10-03-2026 05:30,88.62,89.00,87.05,88.61,2373
10-03-2026 05:45,88.61,89.30,87.87,88.37,1675
10-03-2026 06:00,88.37,88.37,85.22,85.58,1901
10-03-2026 06:15,85.58,86.82,85.54,86.75,1836
10-03-2026 06:30,86.75,86.96,85.12,85.28,3079
10-03-2026 06:45,85.28,86.48,84.47,86.44,2048
10-03-2026 07:00,86.46,86.49,85.15,85.62,2046
10-03-2026 07:15,85.62,86.04,84.41,84.86,1893
10-03-2026 07:30,84.86,85.48,84.67,84.93,1651
10-03-2026 07:45,84.94,85.67,84.94,85.43,1099
10-03-2026 08:00,85.43,86.65,85.39,86.61,1671
10-03-2026 08:15,86.61,88.84,86.53,88.59,2269
10-03-2026 08:30,88.59,89.46,88.35,88.60,2174
10-03-2026 08:45,88.61,89.73,88.13,89.38,1958
10-03-2026 09:00,89.40,91.10,89.16,91.07,1789
10-03-2026 09:15,91.07,91.40,89.82,89.85,1968
10-03-2026 09:30,89.84,91.02,89.59,90.51,1327
10-03-2026 09:45,90.51,90.66,89.90,90.55,1126
10-03-2026 10:00,90.56,90.70,89.94,90.18,841
10-03-2026 10:15,90.18,90.84,89.78,90.46,1104
10-03-2026 10:30,90.48,90.48,87.69,88.53,1705
10-03-2026 10:45,88.53,89.15,88.18,88.77,1419
10-03-2026 11:00,88.78,88.84,87.99,88.40,2250
10-03-2026 11:15,88.40,89.05,87.42,89.03,1811
10-03-2026 11:30,89.02,89.06,87.83,88.14,1756
10-03-2026 11:45,88.14,89.57,88.00,89.18,2014
10-03-2026 12:00,89.21,89.99,89.01,89.69,1743
10-03-2026 12:15,89.69,89.85,89.16,89.76,1826
10-03-2026 12:30,89.76,89.99,87.81,88.50,1950
10-03-2026 12:45,88.50,88.59,86.15,86.22,1958
10-03-2026 13:00,86.22,87.46,86.12,86.79,1908
10-03-2026 13:15,86.79,86.90,85.51,85.77,1729
10-03-2026 13:30,85.77,87.22,85.24,87.09,2355
10-03-2026 13:45,87.09,87.46,86.49,87.08,2123
10-03-2026 14:00,87.10,88.26,86.59,87.86,1843
10-03-2026 14:15,87.86,88.59,87.18,88.55,1434
10-03-2026 14:30,88.54,88.70,87.22,87.22,1676
10-03-2026 14:45,87.22,87.80,86.69,87.41,1890
10-03-2026 15:00,87.41,87.50,85.89,86.57,2093
10-03-2026 15:15,86.57,87.12,86.19,86.90,1672
10-03-2026 15:30,86.90,88.59,86.71,88.59,1931
10-03-2026 15:45,88.59,89.46,88.03,88.14,1841
10-03-2026 16:00,88.14,90.11,88.06,88.96,2035
10-03-2026 16:15,88.96,89.46,88.34,88.75,1480
10-03-2026 16:30,88.75,89.35,86.43,87.97,2644
10-03-2026 16:45,87.97,88.40,87.56,88.04,1728
10-03-2026 17:00,88.04,88.69,87.92,88.51,1660
10-03-2026 17:15,88.51,89.83,88.48,89.17,1583
10-03-2026 17:30,89.17,91.04,88.88,90.04,2489
10-03-2026 17:45,90.04,90.77,89.76,90.73,1912
10-03-2026 18:00,90.73,90.98,89.88,90.06,1635
10-03-2026 18:15,90.06,90.08,88.72,89.48,2041
10-03-2026 18:30,89.49,89.49,88.07,88.33,2903
10-03-2026 18:45,88.33,89.26,88.13,88.77,2084
10-03-2026 19:00,88.77,89.03,87.25,87.79,3313
10-03-2026 19:15,87.82,88.48,87.17,87.56,2304
10-03-2026 19:30,87.55,88.44,87.32,87.84,2456
10-03-2026 19:45,87.85,88.00,86.29,86.38,2455
10-03-2026 20:00,86.39,86.44,82.99,83.67,3563
10-03-2026 20:15,83.67,84.68,83.56,84.20,3006
10-03-2026 20:30,84.18,84.64,83.58,84.05,2567
10-03-2026 20:45,84.05,84.40,82.80,83.21,2799
10-03-2026 21:00,83.22,84.14,83.01,83.92,2343
10-03-2026 21:15,83.92,84.87,83.91,84.28,2255
10-03-2026 21:30,84.28,85.74,84.28,85.31,2294
10-03-2026 21:45,85.30,85.40,84.42,84.56,2310
10-03-2026 22:00,84.57,84.74,83.19,83.61,2129
10-03-2026 22:15,83.60,84.43,82.05,82.30,2516
10-03-2026 22:30,82.30,82.65,79.70,80.91,4022
10-03-2026 22:45,80.91,81.03,76.74,78.48,5056
10-03-2026 23:00,78.48,81.51,78.42,81.29,4436
10-03-2026 23:15,81.28,81.48,80.00,80.16,3141
10-03-2026 23:30,80.16,84.59,79.60,84.51,3445
10-03-2026 23:45,84.48,86.68,82.80,83.79,5018
11-03-2026 00:00,83.82,84.77,82.80,84.49,3540
11-03-2026 00:15,84.50,84.98,83.66,84.06,2249
11-03-2026 00:30,84.05,85.12,83.89,84.69,1573
11-03-2026 00:45,84.69,87.14,84.66,86.97,2659
11-03-2026 01:00,86.97,87.70,85.20,86.35,2719
11-03-2026 01:15,86.32,87.12,86.30,86.62,1966
11-03-2026 01:30,86.61,86.93,85.88,86.32,1424
11-03-2026 01:45,86.33,86.83,85.74,86.67,1534
11-03-2026 02:00,86.67,87.20,86.42,86.80,1065
11-03-2026 02:15,86.80,86.85,86.33,86.47,662
11-03-2026 03:30,87.21,87.79,87.00,87.33,590
11-03-2026 03:45,87.33,87.55,87.10,87.46,259
11-03-2026 04:00,87.46,88.52,87.38,88.50,522
11-03-2026 04:15,88.50,88.54,88.10,88.27,508
11-03-2026 04:30,88.29,88.29,85.84,85.90,917
11-03-2026 04:45,85.90,86.38,85.54,85.77,738
11-03-2026 05:00,85.77,86.21,85.63,85.99,535
11-03-2026 05:15,85.98,86.03,85.22,85.60,702
11-03-2026 05:30,85.61,85.69,83.57,83.63,1553
11-03-2026 05:45,83.62,83.80,81.76,83.12,2483
11-03-2026 06:00,83.12,83.68,82.53,82.91,1338
11-03-2026 06:15,82.91,83.33,82.54,82.92,1143
11-03-2026 06:30,82.92,84.43,82.42,84.00,2190
11-03-2026 06:45,84.00,84.03,83.09,83.54,1691
11-03-2026 07:00,83.54,84.02,82.76,82.85,1366
11-03-2026 07:15,82.85,83.62,82.85,83.09,1274
11-03-2026 07:30,83.09,84.13,82.94,83.81,1489
11-03-2026 07:45,83.81,84.11,83.43,84.06,894
11-03-2026 08:00,84.05,85.04,84.04,84.40,1500
11-03-2026 08:15,84.40,84.70,83.93,84.11,1281
11-03-2026 08:30,84.11,84.31,83.86,83.99,1143
11-03-2026 08:45,83.99,84.02,83.41,83.62,1291
11-03-2026 09:00,83.62,83.68,83.19,83.38,941
11-03-2026 09:15,83.38,83.38,82.61,82.83,689
11-03-2026 09:30,82.82,83.53,82.70,83.38,824
11-03-2026 09:45,83.38,83.42,82.64,82.75,625
11-03-2026 10:00,82.75,83.00,82.33,82.86,872
11-03-2026 10:15,82.86,83.18,82.80,83.03,573
11-03-2026 10:30,83.03,83.73,82.91,83.59,631
11-03-2026 10:45,83.59,83.68,83.09,83.25,568
11-03-2026 11:00,83.24,84.11,83.09,84.06,1357
11-03-2026 11:15,84.06,84.26,83.80,83.98,1041
11-03-2026 11:30,83.98,84.52,83.92,84.23,1062
11-03-2026 11:45,84.23,84.46,83.82,83.93,877
11-03-2026 12:00,83.93,83.97,83.13,83.64,946
11-03-2026 12:15,83.64,84.09,83.53,83.53,1057
11-03-2026 12:30,83.53,84.11,83.31,83.68,1178
11-03-2026 12:45,83.68,84.64,83.38,84.31,1211
11-03-2026 13:00,84.31,85.73,84.25,85.66,1501
11-03-2026 13:15,85.65,85.74,85.26,85.46,1490
11-03-2026 13:30,85.45,85.45,84.88,85.30,1414
11-03-2026 13:45,85.30,85.96,85.20,85.78,1391
11-03-2026 14:00,85.79,85.80,84.89,85.18,1338
11-03-2026 14:15,85.18,86.79,85.16,86.49,1874
11-03-2026 14:30,86.49,87.63,86.29,87.18,2026
11-03-2026 14:45,87.18,88.60,86.90,88.57,1716
11-03-2026 15:00,88.57,88.59,87.98,88.18,1624
11-03-2026 15:15,88.18,88.88,87.70,88.74,1500
11-03-2026 15:30,88.74,88.74,86.21,86.43,2057
11-03-2026 15:45,86.44,87.53,86.32,86.87,1587
11-03-2026 16:00,86.85,87.15,85.07,85.36,1811
11-03-2026 16:15,85.36,85.78,84.68,84.88,1779
11-03-2026 16:30,84.90,85.60,84.64,85.16,1570
11-03-2026 16:45,85.16,86.16,84.93,85.96,1431
11-03-2026 17:00,85.96,86.71,85.80,86.26,1931
11-03-2026 17:15,86.27,87.23,86.17,86.66,2173
11-03-2026 17:30,86.66,87.35,86.17,87.09,1614
11-03-2026 17:45,87.08,87.27,86.37,86.75,1413
11-03-2026 18:00,86.75,87.27,86.42,86.96,1525
11-03-2026 18:15,86.96,88.03,86.89,87.19,1728
11-03-2026 18:30,87.18,87.24,85.54,85.99,2886
11-03-2026 18:45,85.99,86.37,85.21,85.57,2178
11-03-2026 19:00,85.58,85.69,84.51,85.39,2474
11-03-2026 19:15,85.39,86.09,83.54,84.02,2521
11-03-2026 19:30,84.02,86.25,82.19,85.78,4276
11-03-2026 19:45,85.78,86.78,85.11,86.68,2704
11-03-2026 20:00,86.67,86.99,85.78,85.97,2643
11-03-2026 20:15,85.97,86.54,85.90,86.16,1678
11-03-2026 20:30,86.16,87.43,85.76,86.24,2248
11-03-2026 20:45,86.23,87.41,86.18,87.39,1761
11-03-2026 21:00,87.39,87.61,86.75,87.40,1709
11-03-2026 21:15,87.40,87.62,86.81,87.58,1862
11-03-2026 21:30,87.58,88.58,87.46,87.78,2076
11-03-2026 21:45,87.78,88.30,87.60,87.87,2114
11-03-2026 22:00,87.86,88.04,86.88,87.28,1853
11-03-2026 22:15,87.27,87.60,87.04,87.11,1356
11-03-2026 22:30,87.09,87.10,86.20,86.28,1564
11-03-2026 22:45,86.28,86.85,86.15,86.70,1238
11-03-2026 23:00,86.70,88.33,86.60,87.84,2194
11-03-2026 23:15,87.84,88.12,87.28,87.82,1722
11-03-2026 23:30,87.82,88.23,87.59,87.63,1592
11-03-2026 23:45,87.63,88.41,86.67,86.84,2688
12-03-2026 00:00,86.84,87.54,86.77,87.43,1682
12-03-2026 00:15,87.43,87.81,86.89,87.22,1120
12-03-2026 00:30,87.22,87.58,87.08,87.31,830
12-03-2026 00:45,87.31,87.60,86.91,87.58,802
12-03-2026 01:00,87.58,87.74,87.52,87.70,538
12-03-2026 01:15,87.70,88.06,87.63,87.95,608
12-03-2026 01:30,87.95,88.35,87.78,88.33,811
12-03-2026 01:45,88.33,88.54,87.94,88.14,619
12-03-2026 02:00,88.14,88.19,87.90,88.08,557
12-03-2026 02:15,88.07,88.56,88.02,88.33,480
12-03-2026 03:30,89.24,89.95,88.80,88.88,832
12-03-2026 03:45,88.88,91.33,88.88,91.12,1248
12-03-2026 04:00,91.12,92.94,91.11,91.76,1993
12-03-2026 04:15,91.72,92.29,90.62,90.80,1311
12-03-2026 04:30,90.80,92.16,90.69,91.75,1255
12-03-2026 04:45,91.75,92.62,91.59,92.58,938
12-03-2026 05:00,92.58,94.33,92.44,94.27,1479
12-03-2026 05:15,94.27,94.29,92.39,92.40,1470
12-03-2026 05:30,92.43,94.11,92.05,93.75,2555
12-03-2026 05:45,93.75,94.17,93.23,93.69,1399
12-03-2026 06:00,93.69,93.71,92.79,92.86,1034
12-03-2026 06:15,92.86,93.27,92.52,93.11,1078
12-03-2026 06:30,93.11,93.52,92.26,92.68,2047
12-03-2026 06:45,92.68,92.70,91.70,92.30,1499
12-03-2026 07:00,92.30,93.26,92.18,93.04,1283
12-03-2026 07:15,93.04,93.65,92.90,93.21,1234
12-03-2026 07:30,93.21,93.69,93.17,93.68,1144
12-03-2026 07:45,93.69,93.81,93.39,93.61,761
12-03-2026 08:00,93.62,95.93,93.62,94.93,2169
12-03-2026 08:15,94.93,95.34,94.42,94.53,1658
12-03-2026 08:30,94.53,95.16,94.27,95.10,1525
12-03-2026 08:45,95.10,95.51,94.71,95.14,1271
12-03-2026 09:00,95.15,95.35,94.51,94.72,1023
12-03-2026 09:15,94.72,94.89,93.91,94.45,1005
12-03-2026 09:30,94.45,94.53,94.03,94.23,723
12-03-2026 09:45,94.23,94.60,94.19,94.45,591
12-03-2026 10:00,94.45,94.83,94.35,94.67,747
12-03-2026 10:15,94.67,95.19,94.65,94.79,852
12-03-2026 10:30,94.79,94.80,92.33,93.13,2008
12-03-2026 10:45,93.13,94.41,93.08,94.20,1328
12-03-2026 11:00,94.20,94.52,93.55,93.63,1756
12-03-2026 11:15,93.63,94.39,93.04,93.06,1684
12-03-2026 11:30,93.06,93.69,92.87,93.46,1611
12-03-2026 11:45,93.46,93.63,92.63,92.77,1486
12-03-2026 12:00,92.77,93.12,92.46,92.65,1376
12-03-2026 12:15,92.65,92.76,91.46,92.53,1665
12-03-2026 12:30,92.53,92.53,91.31,91.56,1589
12-03-2026 12:45,91.56,91.62,90.31,90.89,1542
12-03-2026 13:00,90.89,91.38,90.11,90.45,1315
12-03-2026 13:15,90.45,90.98,89.89,90.43,1140
12-03-2026 13:30,90.34,91.16,90.23,91.00,1374
12-03-2026 13:45,91.00,92.10,90.99,92.03,1582
12-03-2026 14:00,92.03,92.24,91.67,91.82,1231
12-03-2026 14:15,91.82,92.48,91.69,92.07,939
12-03-2026 14:30,92.07,92.68,91.80,92.43,1107
12-03-2026 14:45,92.44,92.86,92.32,92.44,933
12-03-2026 15:00,92.44,92.63,91.81,92.02,1041
12-03-2026 15:15,92.00,92.15,91.05,91.21,1038
12-03-2026 15:30,91.19,91.54,90.88,91.10,1101
12-03-2026 15:45,91.10,91.82,91.06,91.32,942
12-03-2026 16:00,91.32,91.32,90.70,90.86,895
12-03-2026 16:15,90.86,91.35,90.76,91.05,916
12-03-2026 16:30,91.05,91.88,90.98,91.84,920
12-03-2026 16:45,91.80,92.38,91.64,91.70,925
12-03-2026 17:00,91.70,91.83,91.26,91.75,929
12-03-2026 17:15,91.75,92.82,91.60,92.67,1087
12-03-2026 17:30,92.55,93.49,92.37,93.25,1370
12-03-2026 17:45,93.24,93.51,92.90,93.22,958
12-03-2026 18:00,93.22,93.52,92.85,93.21,1005
12-03-2026 18:15,93.21,93.31,92.60,92.87,1076
12-03-2026 18:30,92.85,93.63,92.57,93.61,1635
12-03-2026 18:45,93.61,95.13,93.61,94.33,2318
12-03-2026 19:00,94.34,94.60,93.57,94.32,1777
12-03-2026 19:15,94.32,95.04,94.29,94.76,1606
12-03-2026 19:30,94.78,95.26,94.21,94.77,1558
12-03-2026 19:45,94.77,96.07,94.75,95.99,1386
12-03-2026 20:00,95.99,95.99,95.15,95.52,1553
12-03-2026 20:15,95.52,96.17,94.28,95.66,2215
12-03-2026 20:30,95.67,96.51,95.48,96.10,1842
12-03-2026 20:45,96.10,96.99,96.03,96.53,1600
12-03-2026 21:00,96.56,97.16,94.67,94.93,2210
12-03-2026 21:15,94.92,95.41,94.31,94.53,2052
12-03-2026 21:30,94.52,95.76,94.52,95.34,1717
12-03-2026 21:45,95.34,95.72,94.45,94.77,1641
12-03-2026 22:00,94.74,95.03,93.02,93.94,1835
12-03-2026 22:15,93.94,95.05,93.81,94.81,1390
12-03-2026 22:30,94.81,95.31,94.42,95.08,1451
12-03-2026 22:45,95.08,95.49,94.69,95.11,1043
12-03-2026 23:00,95.11,95.28,94.76,95.17,1020
12-03-2026 23:15,95.16,95.35,94.20,94.34,1160
12-03-2026 23:30,94.34,94.67,93.91,94.58,1299
12-03-2026 23:45,94.59,95.88,94.48,95.70,1513
13-03-2026 00:00,95.71,96.23,95.58,96.04,1138
13-03-2026 00:15,96.04,96.66,95.88,96.53,946
13-03-2026 00:30,96.54,96.94,96.31,96.34,1092
13-03-2026 00:45,96.34,96.42,95.68,96.16,889
13-03-2026 01:00,96.16,96.18,95.43,95.69,738
13-03-2026 01:15,95.69,96.53,95.69,96.30,822
13-03-2026 01:30,96.30,96.62,95.70,96.07,697
13-03-2026 01:45,96.07,96.44,95.81,96.26,585
13-03-2026 02:00,96.26,96.54,96.13,96.52,444
13-03-2026 02:15,96.52,96.63,96.17,96.32,532
13-03-2026 03:30,97.08,97.71,96.77,97.54,806
13-03-2026 03:45,97.54,97.98,97.03,97.24,583
13-03-2026 04:00,97.24,97.32,95.68,96.60,829
13-03-2026 04:15,96.60,97.21,96.16,96.21,539
13-03-2026 04:30,96.21,96.65,96.21,96.44,418
13-03-2026 04:45,96.44,97.47,96.42,96.86,546
13-03-2026 05:00,96.86,97.01,96.41,96.73,481
13-03-2026 05:15,96.74,96.94,96.51,96.56,371
13-03-2026 05:30,96.65,96.69,95.54,95.71,853
13-03-2026 05:45,95.71,95.73,94.82,95.16,793
13-03-2026 06:00,95.15,95.61,94.87,95.57,723
13-03-2026 06:15,95.58,95.71,95.20,95.53,705
13-03-2026 06:30,95.53,95.58,94.65,95.28,1286
13-03-2026 06:45,95.28,95.34,94.69,94.97,1068
13-03-2026 07:00,94.96,95.72,94.89,95.61,939
13-03-2026 07:15,95.61,96.19,95.41,95.69,894
13-03-2026 07:30,95.69,95.81,95.30,95.49,835
13-03-2026 07:45,95.49,95.87,95.41,95.78,478
13-03-2026 08:00,95.78,96.44,95.47,96.38,933
13-03-2026 08:15,96.37,96.39,96.09,96.22,689
13-03-2026 08:30,96.22,96.57,95.95,96.14,858
13-03-2026 08:45,96.14,96.20,95.83,95.91,712
13-03-2026 09:00,95.90,95.94,95.18,95.35,675
13-03-2026 09:15,95.35,95.58,95.22,95.54,463
13-03-2026 09:30,95.54,95.58,95.39,95.48,260
13-03-2026 09:45,95.48,95.75,95.28,95.65,361
13-03-2026 10:00,95.65,95.85,95.23,95.25,461
13-03-2026 10:15,95.25,95.50,95.21,95.26,365
13-03-2026 10:30,95.26,95.58,95.09,95.53,406
13-03-2026 10:45,95.53,95.60,95.08,95.25,525
13-03-2026 11:00,95.24,95.40,94.89,95.30,897
13-03-2026 11:15,95.30,95.34,94.89,95.11,761
13-03-2026 11:30,95.10,95.35,94.50,95.02,1033
13-03-2026 11:45,95.02,95.79,94.92,95.62,1016
13-03-2026 12:00,95.62,95.77,95.20,95.75,798
13-03-2026 12:15,95.75,96.28,95.65,96.19,935
13-03-2026 12:30,96.20,97.04,96.02,96.89,901
13-03-2026 12:45,96.89,96.98,96.50,96.65,687
13-03-2026 13:00,96.64,96.91,96.23,96.53,858
13-03-2026 13:15,96.53,97.56,96.44,97.17,1080
13-03-2026 13:30,97.15,97.81,96.88,97.57,1161
13-03-2026 13:45,97.57,97.73,96.94,97.04,1304
13-03-2026 14:00,97.09,97.14,95.92,96.36,1392
13-03-2026 14:15,96.36,96.40,95.47,95.64,1028
13-03-2026 14:30,95.62,95.73,94.97,95.61,1460
13-03-2026 14:45,95.61,96.00,95.61,95.88,825
13-03-2026 15:00,95.90,96.25,95.67,95.81,710
13-03-2026 15:15,95.81,95.95,95.62,95.75,629
13-03-2026 15:30,95.75,95.90,95.16,95.42,883
13-03-2026 15:45,95.42,95.49,94.95,95.13,648
13-03-2026 16:00,95.12,95.38,94.64,94.87,791
13-03-2026 16:15,94.87,94.91,93.34,93.65,1578
13-03-2026 16:30,93.66,94.91,93.11,94.81,1531
13-03-2026 16:45,94.81,95.01,93.77,94.42,1198
13-03-2026 17:00,94.43,94.55,93.79,93.81,922
13-03-2026 17:15,93.83,93.97,93.19,93.42,969
13-03-2026 17:30,93.41,93.78,93.01,93.39,1074
13-03-2026 17:45,93.40,94.01,93.31,93.86,942
13-03-2026 18:00,93.87,94.36,93.59,93.96,1011
13-03-2026 18:15,93.96,93.96,92.10,93.56,1661
13-03-2026 18:30,93.55,94.19,92.89,93.77,1899
13-03-2026 18:45,93.77,94.19,93.40,93.59,1195
13-03-2026 19:00,93.59,94.06,93.18,93.79,1639
13-03-2026 19:15,93.80,94.55,93.39,94.42,1564
13-03-2026 19:30,94.38,94.84,94.35,94.44,1429
13-03-2026 19:45,94.43,94.81,94.17,94.53,1146
13-03-2026 20:00,94.54,95.36,94.01,95.24,1334
13-03-2026 20:15,95.24,95.72,94.93,95.62,1397
13-03-2026 20:30,95.58,96.12,95.40,95.69,1307
13-03-2026 20:45,95.69,96.09,95.60,95.74,941
13-03-2026 21:00,95.73,96.77,95.73,96.52,1201
13-03-2026 21:15,96.52,96.78,95.60,96.37,1562
13-03-2026 21:30,96.35,96.75,96.20,96.44,1228
13-03-2026 21:45,96.43,97.52,96.39,97.15,1387
13-03-2026 22:00,97.17,97.23,96.42,96.93,1153
13-03-2026 22:15,96.93,97.05,96.65,96.86,950
13-03-2026 22:30,96.84,96.98,96.38,96.62,966
13-03-2026 22:45,96.62,97.01,96.51,96.69,972
13-03-2026 23:00,96.69,97.65,96.68,97.53,1022
13-03-2026 23:15,97.53,98.20,97.49,97.96,1200
13-03-2026 23:30,97.91,99.25,97.72,98.87,1498
13-03-2026 23:45,98.86,99.28,98.50,98.55,1734
14-03-2026 00:00,98.55,98.56,97.32,97.64,1296
14-03-2026 00:15,97.64,97.69,96.98,97.43,1037
14-03-2026 00:30,97.43,97.66,97.23,97.57,706
14-03-2026 00:45,97.57,98.05,97.40,97.92,802
14-03-2026 01:00,97.92,98.31,97.70,98.10,687
14-03-2026 01:15,98.10,98.26,97.68,98.19,746
14-03-2026 01:30,98.18,98.81,98.18,98.65,673
14-03-2026 01:45,98.65,98.94,98.45,98.63,611
14-03-2026 02:00,98.63,98.91,98.38,98.88,522
14-03-2026 02:15,98.88,99.28,98.31,99.25,689
16-03-2026 03:30,98.88,99.64,98.10,99.28,1611
16-03-2026 03:45,99.28,99.66,98.84,99.22,897
16-03-2026 04:00,99.23,99.42,98.61,98.69,813
16-03-2026 04:15,98.69,98.77,97.62,97.79,965
16-03-2026 04:30,97.79,98.47,97.69,98.02,797
16-03-2026 04:45,98.02,98.25,97.69,97.91,726
16-03-2026 05:00,97.91,98.54,97.57,97.67,605
16-03-2026 05:15,97.67,97.73,96.64,96.99,881
16-03-2026 05:30,96.99,97.09,95.95,96.12,1129
16-03-2026 05:45,96.12,96.64,95.81,96.29,777
16-03-2026 06:00,96.29,96.40,95.89,95.99,572
16-03-2026 06:15,96.00,96.25,95.65,95.72,702
16-03-2026 06:30,95.72,96.42,95.08,96.09,1365
16-03-2026 06:45,96.09,96.64,95.99,96.63,1135
16-03-2026 07:00,96.62,96.96,96.41,96.94,1109
16-03-2026 07:15,96.94,97.18,96.75,96.98,946
16-03-2026 07:30,96.98,97.43,96.54,97.29,1012
16-03-2026 07:45,97.28,97.46,96.97,97.42,518
16-03-2026 08:00,97.42,97.86,97.42,97.56,1124
16-03-2026 08:15,97.55,97.76,97.13,97.39,964
16-03-2026 08:30,97.39,97.65,97.25,97.46,701
16-03-2026 08:45,97.46,97.54,97.20,97.27,701
16-03-2026 09:00,97.27,97.67,96.99,97.40,506
16-03-2026 09:15,97.41,97.60,97.26,97.55,358
16-03-2026 09:30,97.55,97.77,97.50,97.60,383
16-03-2026 09:45,97.60,97.93,97.57,97.78,322
16-03-2026 10:00,97.79,98.00,97.71,97.89,262
16-03-2026 10:15,97.89,97.91,97.77,97.84,216
16-03-2026 10:30,97.84,97.99,97.76,97.83,294
16-03-2026 10:45,97.83,97.97,97.68,97.90,311
16-03-2026 11:00,97.90,98.05,97.30,97.58,818
16-03-2026 11:15,97.58,97.59,96.73,96.83,953
16-03-2026 11:30,96.84,97.44,96.52,97.42,936
16-03-2026 11:45,97.42,97.86,97.39,97.60,618
16-03-2026 12:00,97.60,97.86,97.60,97.78,602
16-03-2026 12:15,97.79,98.07,97.30,97.34,700
16-03-2026 12:30,97.34,98.25,97.02,98.06,798
16-03-2026 12:45,98.06,98.83,97.95,98.74,835
16-03-2026 13:00,98.73,99.24,98.61,98.92,743
16-03-2026 13:15,98.92,99.23,98.59,98.77,568
16-03-2026 13:30,98.73,99.16,98.51,99.11,902
16-03-2026 13:45,99.12,99.16,98.33,98.64,1027
16-03-2026 14:00,98.64,99.16,98.37,98.83,844
16-03-2026 14:15,98.83,98.83,98.00,98.22,789
16-03-2026 14:30,98.21,98.71,98.16,98.35,638
16-03-2026 14:45,98.34,98.40,97.70,97.83,725
16-03-2026 15:00,97.83,97.96,97.48,97.59,771
16-03-2026 15:15,97.59,97.81,97.24,97.71,780
16-03-2026 15:30,97.67,97.87,97.01,97.18,801
16-03-2026 15:45,97.18,97.19,96.29,96.38,891
16-03-2026 16:00,96.35,96.66,95.94,96.22,1031
16-03-2026 16:15,96.22,96.30,95.56,95.67,1025
16-03-2026 16:30,95.68,96.18,95.55,95.98,927
16-03-2026 16:45,95.98,96.65,95.58,96.45,1076
16-03-2026 17:00,96.42,96.48,95.99,96.07,905
16-03-2026 17:15,96.07,96.40,95.78,95.96,728
16-03-2026 17:30,95.96,96.33,95.29,95.74,983
16-03-2026 17:45,95.74,95.96,95.42,95.59,838
16-03-2026 18:00,95.59,95.66,94.19,94.38,1381
16-03-2026 18:15,94.39,94.40,93.38,94.13,1720
16-03-2026 18:30,94.05,94.63,93.27,94.32,1856
16-03-2026 18:45,94.32,94.61,93.71,93.89,1485
16-03-2026 19:00,93.84,94.06,93.20,93.73,1708
16-03-2026 19:15,93.74,93.74,91.84,92.17,1902
16-03-2026 19:30,92.15,92.79,91.90,92.48,1883
16-03-2026 19:45,92.49,93.32,92.49,93.22,1387
16-03-2026 20:00,93.22,94.40,93.21,94.25,1484
16-03-2026 20:15,94.25,94.31,93.85,94.09,1208
16-03-2026 20:30,94.10,94.54,93.70,94.26,1153
16-03-2026 20:45,94.26,94.61,94.02,94.27,1015
16-03-2026 21:00,94.31,94.38,93.49,93.62,1126
16-03-2026 21:15,93.63,94.48,93.60,94.35,1156
16-03-2026 21:30,94.35,94.53,94.06,94.18,1031
16-03-2026 21:45,94.18,95.46,93.86,95.16,1385
16-03-2026 22:00,95.14,95.22,94.38,94.60,962
16-03-2026 22:15,94.60,94.74,94.17,94.47,760
16-03-2026 22:30,94.48,94.50,93.31,93.90,1511
16-03-2026 22:45,93.90,94.10,92.68,92.91,1280
16-03-2026 23:00,92.88,93.47,92.80,93.41,992
16-03-2026 23:15,93.41,93.53,93.07,93.16,781
16-03-2026 23:30,93.16,93.42,92.64,92.94,1232
16-03-2026 23:45,92.94,92.96,91.95,92.45,1737
17-03-2026 00:00,92.48,92.97,92.28,92.73,810
17-03-2026 00:15,92.73,92.85,92.41,92.44,458
17-03-2026 00:30,92.44,93.04,92.44,92.96,567
17-03-2026 00:45,92.95,93.67,92.64,92.90,685
17-03-2026 01:00,92.90,93.24,92.64,92.64,1062
17-03-2026 01:15,92.64,92.71,91.96,92.34,914
17-03-2026 01:30,92.32,92.84,92.08,92.09,665
17-03-2026 01:45,92.08,92.82,92.08,92.79,596
17-03-2026 02:00,92.79,93.32,92.51,92.88,554
17-03-2026 02:15,92.88,93.26,92.86,93.06,468
17-03-2026 03:30,93.39,93.58,92.86,93.13,365
17-03-2026 03:45,93.11,93.38,92.99,93.29,320
17-03-2026 04:00,93.29,93.96,93.26,93.87,416
17-03-2026 04:15,93.87,94.15,93.75,93.89,337
17-03-2026 04:30,93.89,94.17,93.72,94.12,308
17-03-2026 04:45,94.12,94.23,93.87,93.99,226
17-03-2026 05:00,93.99,93.99,93.39,93.57,268
17-03-2026 05:15,93.57,93.94,93.43,93.85,229
17-03-2026 05:30,93.85,94.48,93.79,94.08,658
17-03-2026 05:45,94.08,94.47,94.03,94.39,435
17-03-2026 06:00,94.39,94.88,94.36,94.76,358
17-03-2026 06:15,94.76,95.36,94.64,94.90,625
17-03-2026 06:30,94.90,95.20,94.52,94.72,1053
17-03-2026 06:45,94.72,95.20,94.52,94.59,778
17-03-2026 07:00,94.61,94.76,94.27,94.65,765
17-03-2026 07:15,94.65,95.06,94.60,94.99,609
17-03-2026 07:30,94.99,95.27,94.98,95.15,501
17-03-2026 07:45,95.15,95.23,95.06,95.09,307
17-03-2026 08:00,95.09,95.16,94.71,95.10,694
17-03-2026 08:15,95.10,95.27,94.97,95.10,427
17-03-2026 08:30,95.10,95.24,94.93,95.22,488
17-03-2026 08:45,95.23,95.24,94.91,95.06,445
17-03-2026 09:00,95.05,95.36,94.89,95.03,472
17-03-2026 09:15,95.03,95.32,95.03,95.16,291
17-03-2026 09:30,95.16,95.43,95.15,95.30,317
17-03-2026 09:45,95.31,95.34,94.93,95.03,298
17-03-2026 10:00,95.05,95.05,94.65,94.72,405
17-03-2026 10:15,94.72,95.02,94.61,95.01,253
17-03-2026 10:30,95.01,95.02,94.63,94.67,254
17-03-2026 10:45,94.67,94.82,94.55,94.57,233
17-03-2026 11:00,94.57,95.70,94.45,95.68,757
17-03-2026 11:15,95.68,97.17,95.66,97.01,1117
17-03-2026 11:30,97.02,97.61,96.84,96.95,1325
17-03-2026 11:45,96.95,97.11,96.25,96.37,1100
17-03-2026 12:00,96.37,96.83,96.21,96.59,817
17-03-2026 12:15,96.59,96.99,96.58,96.78,768
17-03-2026 12:30,96.78,97.00,96.52,96.80,755
17-03-2026 12:45,96.80,96.81,95.85,96.10,935
17-03-2026 13:00,96.10,96.15,95.71,95.97,766
17-03-2026 13:15,95.97,96.46,95.94,96.02,648
17-03-2026 13:30,96.04,96.72,95.86,96.65,1094
17-03-2026 13:45,96.64,97.03,96.50,96.74,1202
17-03-2026 14:00,96.75,96.97,96.04,96.30,965
17-03-2026 14:15,96.30,96.85,96.04,96.62,835
17-03-2026 14:30,96.62,96.64,95.86,96.02,832
17-03-2026 14:45,96.02,96.28,95.16,95.23,960
17-03-2026 15:00,95.23,95.68,95.03,95.37,1058
17-03-2026 15:15,95.38,95.50,94.97,95.21,740
17-03-2026 15:30,95.21,95.82,95.20,95.69,640
17-03-2026 15:45,95.69,96.21,95.68,96.01,766
17-03-2026 16:00,96.04,96.14,95.56,95.65,711
17-03-2026 16:15,95.65,95.95,95.45,95.53,597
17-03-2026 16:30,95.53,95.85,95.52,95.71,634
17-03-2026 16:45,95.71,95.91,95.53,95.85,601
17-03-2026 17:00,95.85,96.33,95.77,96.27,767
17-03-2026 17:15,96.27,96.36,95.96,96.20,575
17-03-2026 17:30,96.20,96.32,94.70,95.06,1012
17-03-2026 17:45,95.07,95.33,94.71,94.86,1041
17-03-2026 18:00,94.85,95.22,94.58,95.16,981
17-03-2026 18:15,95.14,95.27,94.58,94.63,843
17-03-2026 18:30,94.58,94.80,94.02,94.16,1468
17-03-2026 18:45,94.16,94.46,93.93,94.24,1206
17-03-2026 19:00,94.23,94.33,93.73,93.75,1360
17-03-2026 19:15,93.75,94.42,93.23,94.39,1197
17-03-2026 19:30,94.40,94.68,94.23,94.55,1074
17-03-2026 19:45,94.56,94.77,94.15,94.19,867
17-03-2026 20:00,94.19,94.31,93.44,93.52,1116
17-03-2026 20:15,93.52,93.64,93.18,93.49,1151
17-03-2026 20:30,93.49,93.95,93.27,93.92,969
17-03-2026 20:45,93.92,94.25,93.80,94.15,830
17-03-2026 21:00,94.15,94.96,94.03,94.64,1166
17-03-2026 21:15,94.64,95.16,94.59,94.87,947
17-03-2026 21:30,94.87,95.04,94.28,94.65,1251
17-03-2026 21:45,94.65,94.71,93.60,93.63,1220
17-03-2026 22:00,93.65,94.27,93.61,94.18,865
17-03-2026 22:15,94.18,94.60,94.04,94.30,784
17-03-2026 22:30,94.30,95.20,94.27,95.16,866
17-03-2026 22:45,95.16,95.35,94.95,95.00,799
17-03-2026 23:00,95.00,95.04,94.34,94.81,829
17-03-2026 23:15,94.81,95.27,94.75,95.13,755
17-03-2026 23:30,95.13,95.17,94.79,95.08,846
17-03-2026 23:45,95.07,95.62,94.89,95.42,1080
18-03-2026 00:00,95.43,95.53,95.25,95.35,551
18-03-2026 00:15,95.35,95.41,95.12,95.26,365
18-03-2026 00:30,95.26,95.54,95.00,95.29,602
18-03-2026 00:45,95.29,95.29,95.02,95.15,409
18-03-2026 01:00,95.15,95.45,95.12,95.38,443
18-03-2026 01:15,95.38,95.57,95.21,95.42,530
18-03-2026 01:30,95.42,95.59,95.37,95.39,293
18-03-2026 01:45,95.39,95.40,95.07,95.22,353
18-03-2026 02:00,95.22,95.45,95.20,95.38,415
18-03-2026 02:15,95.38,95.40,95.13,95.24,286
18-03-2026 03:30,95.28,95.59,94.23,94.29,541
18-03-2026 03:45,94.29,94.93,94.29,94.86,398
18-03-2026 04:00,94.86,95.10,94.59,94.95,324
18-03-2026 04:15,94.95,95.31,94.89,95.12,210
18-03-2026 04:30,95.12,95.25,94.94,95.11,253
18-03-2026 04:45,95.11,95.60,95.10,95.54,279
18-03-2026 05:00,95.54,95.62,95.28,95.32,303
18-03-2026 05:15,95.32,95.35,95.07,95.26,205
18-03-2026 05:30,95.26,95.30,94.82,94.98,554
18-03-2026 05:45,94.98,95.01,94.75,94.86,306
18-03-2026 06:00,94.86,94.98,94.16,94.30,368
18-03-2026 06:15,94.30,94.47,93.92,94.13,583
18-03-2026 06:30,94.13,94.27,93.76,94.15,937
18-03-2026 06:45,94.15,94.40,94.10,94.36,668
18-03-2026 07:00,94.36,94.46,94.07,94.41,538
18-03-2026 07:15,94.41,94.45,94.24,94.27,464
18-03-2026 07:30,94.27,94.46,94.05,94.09,541
18-03-2026 07:45,94.09,94.23,93.96,93.99,294
18-03-2026 08:00,93.99,93.99,93.66,93.74,570
18-03-2026 08:15,93.73,93.80,93.20,93.75,704
18-03-2026 08:30,93.75,93.83,93.54,93.68,552
18-03-2026 08:45,93.68,93.79,93.26,93.54,498
18-03-2026 09:00,93.54,93.71,93.26,93.34,374
18-03-2026 09:15,93.33,93.36,92.39,92.45,709
18-03-2026 09:30,92.46,92.60,92.09,92.37,749
18-03-2026 09:45,92.37,92.62,92.16,92.51,473
18-03-2026 10:00,92.51,92.61,92.21,92.39,461
18-03-2026 10:15,92.39,92.59,92.35,92.48,339
18-03-2026 10:30,92.48,92.90,92.34,92.42,456
18-03-2026 10:45,92.44,92.48,92.12,92.32,344
18-03-2026 11:00,92.32,92.42,91.86,92.33,779
18-03-2026 11:15,92.35,92.40,91.99,92.04,616
18-03-2026 11:30,92.04,92.60,91.95,91.99,812
18-03-2026 11:45,91.99,92.07,91.44,91.97,922
18-03-2026 12:00,91.96,92.37,91.85,92.33,610
18-03-2026 12:15,92.33,92.87,92.29,92.75,704
18-03-2026 12:30,92.74,93.10,92.64,92.79,682
18-03-2026 12:45,92.79,93.04,92.60,92.99,513
18-03-2026 13:00,92.99,93.27,92.90,93.02,484
18-03-2026 13:15,93.02,93.30,92.99,93.23,414
18-03-2026 13:30,93.23,93.53,93.14,93.37,629
18-03-2026 13:45,93.37,93.85,93.31,93.80,776
18-03-2026 14:00,93.81,94.20,93.75,93.92,891
18-03-2026 14:15,93.92,94.08,93.72,93.83,586
18-03-2026 14:30,93.83,94.40,93.69,94.36,822
18-03-2026 14:45,94.36,94.36,93.94,93.98,571
18-03-2026 15:00,93.98,94.24,93.91,94.18,486
18-03-2026 15:15,94.18,94.48,94.11,94.27,536
18-03-2026 15:30,94.27,94.37,93.99,94.12,511
18-03-2026 15:45,94.12,94.39,94.02,94.20,635
18-03-2026 16:00,94.20,94.41,94.13,94.18,558
18-03-2026 16:15,94.18,94.52,94.03,94.25,605
18-03-2026 16:30,94.28,94.31,93.88,94.04,649
18-03-2026 16:45,94.04,95.45,93.98,95.34,1130
18-03-2026 17:00,95.36,95.52,94.26,94.43,1302
18-03-2026 17:15,94.43,94.68,94.02,94.51,1104
18-03-2026 17:30,94.51,95.26,94.43,94.98,1227
18-03-2026 17:45,94.98,95.98,94.93,95.49,1466
18-03-2026 18:00,95.50,96.40,95.29,96.10,1474
18-03-2026 18:15,96.10,97.30,95.95,97.15,2301
18-03-2026 18:30,97.07,97.68,96.82,97.67,2032
18-03-2026 18:45,97.64,97.92,96.84,97.16,1651
18-03-2026 19:00,97.17,98.01,96.94,97.78,1758
18-03-2026 19:15,97.77,98.19,97.54,98.02,1554
18-03-2026 19:30,98.02,98.11,97.37,98.10,1343
18-03-2026 19:45,98.10,98.38,97.95,98.06,1316
18-03-2026 20:00,98.08,98.41,98.01,98.30,1205
18-03-2026 20:15,98.31,98.61,97.83,98.00,1426
18-03-2026 20:30,98.00,98.07,97.42,97.77,1767
18-03-2026 20:45,97.77,98.36,97.73,98.28,1087
18-03-2026 21:00,98.27,98.28,97.86,97.92,1170
18-03-2026 21:15,97.94,98.02,96.94,97.17,1417
18-03-2026 21:30,97.18,97.48,96.54,96.77,1456
18-03-2026 21:45,96.75,97.06,96.56,96.77,1332
18-03-2026 22:00,96.78,97.16,96.70,96.83,1133
18-03-2026 22:15,96.79,97.05,96.56,97.04,1023
18-03-2026 22:30,97.05,97.37,97.03,97.32,856
18-03-2026 22:45,97.30,97.35,96.81,97.11,797
18-03-2026 23:00,97.11,97.34,96.10,96.25,1256
18-03-2026 23:15,96.25,96.26,95.00,95.14,1743
18-03-2026 23:30,95.14,95.23,94.23,94.88,2003
18-03-2026 23:45,94.87,95.91,94.81,95.33,1872
19-03-2026 00:00,95.33,96.44,95.27,96.20,1445
19-03-2026 00:15,96.20,96.36,95.91,96.25,824
19-03-2026 00:30,96.25,96.54,95.84,96.35,913
19-03-2026 00:45,96.35,97.14,96.32,96.97,853
19-03-2026 01:00,96.98,97.68,96.92,97.67,741
19-03-2026 01:15,97.67,97.97,97.56,97.65,921
19-03-2026 01:30,97.65,98.70,97.57,98.67,816
19-03-2026 01:45,98.67,99.12,98.55,99.06,1037
19-03-2026 02:00,99.06,99.75,99.03,99.44,1017
19-03-2026 02:15,99.44,99.46,98.80,99.06,892
19-03-2026 03:30,97.59,98.61,97.59,98.43,691
19-03-2026 03:45,98.43,98.43,97.66,98.16,472
19-03-2026 04:00,98.16,98.33,97.70,97.85,393
19-03-2026 04:15,97.85,98.20,97.77,98.15,307
19-03-2026 04:30,98.15,98.45,98.09,98.35,346
19-03-2026 04:45,98.35,98.54,98.08,98.12,375
19-03-2026 05:00,98.12,98.30,97.33,98.01,412
19-03-2026 05:15,98.01,98.55,97.87,98.29,740
19-03-2026 05:30,98.29,99.13,98.24,98.47,1388
19-03-2026 05:45,98.47,98.98,98.15,98.54,948
19-03-2026 06:00,98.54,98.95,98.46,98.75,753
19-03-2026 06:15,98.75,98.75,98.16,98.33,786
19-03-2026 06:30,98.34,98.63,97.99,98.09,1281
19-03-2026 06:45,98.09,98.11,97.71,97.77,916
19-03-2026 07:00,97.77,98.12,97.41,97.86,871
19-03-2026 07:15,97.86,98.24,97.44,98.04,1048
19-03-2026 07:30,98.04,98.21,96.54,96.70,1404
19-03-2026 07:45,96.70,96.79,96.11,96.59,927
19-03-2026 08:00,96.59,96.62,95.74,96.20,1270
19-03-2026 08:15,96.20,96.61,96.07,96.17,952
19-03-2026 08:30,96.18,96.44,95.84,96.03,689
19-03-2026 08:45,96.03,96.11,95.84,95.94,773
19-03-2026 09:00,95.94,96.45,95.94,96.34,605
19-03-2026 09:15,96.34,96.52,96.32,96.45,419
19-03-2026 09:30,96.45,96.67,96.29,96.50,422
19-03-2026 09:45,96.50,96.78,96.42,96.57,329
19-03-2026 10:00,96.57,96.82,96.32,96.59,436
19-03-2026 10:15,96.59,96.73,96.49,96.50,264
19-03-2026 10:30,96.50,96.56,96.06,96.08,456
19-03-2026 10:45,96.08,96.41,95.95,96.27,387
19-03-2026 11:00,96.28,97.11,96.27,97.01,920
19-03-2026 11:15,97.04,97.23,96.24,96.44,926
19-03-2026 11:30,96.44,96.67,96.10,96.19,860
19-03-2026 11:45,96.19,96.47,96.02,96.44,667
19-03-2026 12:00,96.44,96.78,96.19,96.30,941
19-03-2026 12:15,96.30,96.72,96.25,96.30,915
19-03-2026 12:30,96.32,96.95,96.08,96.66,1165
19-03-2026 12:45,96.67,96.70,95.31,95.79,1361
19-03-2026 13:00,95.78,96.72,95.68,96.46,1180
19-03-2026 13:15,96.46,96.86,96.17,96.75,1038
19-03-2026 13:30,96.75,96.75,96.02,96.13,1288
19-03-2026 13:45,96.13,96.50,95.79,96.39,1451
19-03-2026 14:00,96.40,97.23,96.21,96.87,1468
19-03-2026 14:15,96.88,97.08,96.39,96.78,1436
19-03-2026 14:30,96.77,96.77,95.82,96.35,1628
19-03-2026 14:45,96.34,98.90,96.16,98.25,1936
19-03-2026 15:00,98.27,98.32,96.95,96.99,1912
19-03-2026 15:15,96.99,97.04,94.40,95.13,2270
19-03-2026 15:30,95.15,95.67,94.87,95.54,1697
19-03-2026 15:45,95.53,96.01,95.03,95.27,1331
19-03-2026 16:00,95.27,96.23,95.24,95.94,1222
19-03-2026 16:15,95.94,96.44,95.84,96.22,1198
19-03-2026 16:30,96.22,96.76,95.95,96.64,1089
19-03-2026 16:45,96.64,97.00,96.63,96.64,742
19-03-2026 17:00,96.64,97.70,96.62,97.53,1069
19-03-2026 17:15,97.52,97.62,96.52,96.62,1046
19-03-2026 17:30,96.67,96.92,95.52,96.31,1536
19-03-2026 17:45,96.31,96.75,96.12,96.16,1080
19-03-2026 18:00,96.18,96.41,95.30,95.84,1447
19-03-2026 18:15,95.83,96.44,95.75,96.28,1028
19-03-2026 18:30,96.28,96.97,95.90,96.42,1723
19-03-2026 18:45,96.41,97.08,95.40,96.64,2269
19-03-2026 19:00,96.64,97.21,96.34,96.60,1907
19-03-2026 19:15,96.61,96.82,95.63,96.08,1936
19-03-2026 19:30,96.08,96.86,95.78,96.38,1788
19-03-2026 19:45,96.38,97.18,96.28,96.94,1512
19-03-2026 20:00,96.94,97.21,96.33,96.54,1321
19-03-2026 20:15,96.55,96.76,96.11,96.47,1368
19-03-2026 20:30,96.48,96.63,95.70,96.01,1480
19-03-2026 20:45,96.00,96.70,95.80,96.06,1438
19-03-2026 21:00,96.05,98.71,95.99,98.69,1599
19-03-2026 21:15,98.68,100.44,98.00,98.04,2971
19-03-2026 21:30,98.04,98.40,96.93,97.68,2080
19-03-2026 21:45,97.69,98.65,97.68,98.39,1586
19-03-2026 22:00,98.40,98.45,97.21,97.26,1454
19-03-2026 22:15,97.26,97.39,96.64,97.12,1403
19-03-2026 22:30,97.11,97.26,96.48,96.92,1120
19-03-2026 22:45,96.92,97.10,95.33,95.38,1478
19-03-2026 23:00,95.38,96.37,95.14,95.91,1461
19-03-2026 23:15,95.91,96.25,95.51,95.78,1065
19-03-2026 23:30,95.78,96.06,94.29,94.71,1783
19-03-2026 23:45,94.71,95.81,94.44,95.59,1721
20-03-2026 00:00,95.59,96.06,95.53,96.00,1024
20-03-2026 00:15,95.99,96.18,94.62,94.95,1229
20-03-2026 00:30,94.95,95.26,92.09,93.43,2730
20-03-2026 00:45,93.43,93.97,92.20,93.90,2074
20-03-2026 01:00,93.90,94.39,93.60,93.91,1343
20-03-2026 01:15,93.91,94.51,93.91,94.21,946
20-03-2026 01:30,94.20,94.65,94.18,94.52,823
20-03-2026 01:45,94.49,94.49,94.14,94.31,519
20-03-2026 02:00,94.31,94.75,93.95,94.71,665
20-03-2026 02:15,94.70,94.74,94.40,94.63,553
20-03-2026 03:30,94.60,94.79,94.01,94.56,326
20-03-2026 03:45,94.56,94.61,94.21,94.23,283
20-03-2026 04:00,94.23,94.28,93.94,94.05,261
20-03-2026 04:15,94.05,94.12,93.94,93.94,138
20-03-2026 04:30,93.94,93.94,93.60,93.79,328
20-03-2026 04:45,93.79,94.01,93.77,93.91,244
20-03-2026 05:00,93.91,93.97,93.75,93.88,236
20-03-2026 05:15,93.88,94.11,93.87,93.94,227
20-03-2026 05:30,93.94,93.94,93.41,93.59,538
20-03-2026 05:45,93.59,94.05,93.54,93.92,548
20-03-2026 06:00,93.92,94.38,93.90,94.31,515
20-03-2026 06:15,94.31,94.33,93.98,94.17,436
20-03-2026 06:30,94.17,94.33,92.78,92.85,1457
20-03-2026 06:45,92.84,93.06,92.59,92.89,1242
20-03-2026 07:00,92.89,93.10,92.46,92.56,983
20-03-2026 07:15,92.56,93.03,92.55,92.95,723
20-03-2026 07:30,92.95,93.42,92.95,93.08,777
20-03-2026 07:45,93.07,93.26,92.84,93.24,405
20-03-2026 08:00,93.24,93.68,93.13,93.50,779
20-03-2026 08:15,93.50,93.67,93.36,93.62,542
20-03-2026 08:30,93.62,93.64,93.36,93.59,516
20-03-2026 08:45,93.59,94.14,93.43,93.96,659
20-03-2026 09:00,93.96,93.96,93.50,93.61,372
20-03-2026 09:15,93.62,93.87,93.52,93.85,266
20-03-2026 09:30,93.85,93.85,93.39,93.45,282
20-03-2026 09:45,93.45,93.64,93.39,93.59,292
20-03-2026 10:00,93.61,93.83,93.59,93.73,274
20-03-2026 10:15,93.73,94.06,93.73,94.03,288
20-03-2026 10:30,94.03,94.05,93.71,93.92,391
20-03-2026 10:45,93.92,94.01,93.80,93.84,267
20-03-2026 11:00,93.84,94.20,93.68,93.73,897
20-03-2026 11:15,93.72,93.72,93.27,93.41,653
20-03-2026 11:30,93.41,93.68,93.40,93.54,627
20-03-2026 11:45,93.54,94.11,93.49,93.88,680
20-03-2026 12:00,93.88,94.43,93.86,94.13,738
20-03-2026 12:15,94.13,94.73,94.12,94.48,751
20-03-2026 12:30,94.49,94.75,94.30,94.70,796
20-03-2026 12:45,94.70,94.71,94.28,94.40,656
20-03-2026 13:00,94.41,94.46,93.83,93.88,659
20-03-2026 13:15,93.89,93.89,93.53,93.65,718
20-03-2026 13:30,93.65,93.96,93.27,93.68,1037
20-03-2026 13:45,93.68,94.53,93.44,94.53,1317
20-03-2026 14:00,94.49,95.10,94.04,95.07,1288
20-03-2026 14:15,95.09,95.49,95.04,95.46,1016
20-03-2026 14:30,95.46,95.69,95.22,95.69,924
20-03-2026 14:45,95.69,95.78,95.44,95.70,847
20-03-2026 15:00,95.70,95.82,95.07,95.47,902
20-03-2026 15:15,95.47,96.14,95.20,95.86,1205
20-03-2026 15:30,95.86,96.42,95.82,95.86,1009
20-03-2026 15:45,95.87,96.09,95.73,95.97,735
20-03-2026 16:00,95.97,96.12,95.60,95.63,694
20-03-2026 16:15,95.63,96.01,95.31,95.43,751
20-03-2026 16:30,95.42,95.49,94.97,95.09,780
20-03-2026 16:45,95.09,95.14,94.45,94.59,1026
20-03-2026 17:00,94.59,94.75,94.30,94.37,906
20-03-2026 17:15,94.37,94.58,94.07,94.17,782
20-03-2026 17:30,94.15,94.62,93.89,94.20,1235
20-03-2026 17:45,94.19,94.70,94.17,94.19,854
20-03-2026 18:00,94.19,94.94,94.19,94.80,926
20-03-2026 18:15,94.80,95.18,94.79,94.99,994
20-03-2026 18:30,94.97,95.42,94.79,95.25,1431
20-03-2026 18:45,95.26,95.60,95.06,95.51,1112
20-03-2026 19:00,95.51,95.62,94.99,95.47,1287
20-03-2026 19:15,95.46,96.19,95.03,96.00,1485
20-03-2026 19:30,96.00,96.00,95.27,95.93,1229
20-03-2026 19:45,95.92,96.16,95.50,95.84,1143
20-03-2026 20:00,95.86,96.64,95.75,96.64,998
20-03-2026 20:15,96.64,97.03,96.45,96.83,1258
20-03-2026 20:30,96.83,97.01,96.30,96.38,1368
20-03-2026 20:45,96.38,96.73,95.72,96.69,1398
20-03-2026 21:00,96.68,96.87,96.34,96.38,1141
20-03-2026 21:15,96.37,96.68,96.23,96.55,851
20-03-2026 21:30,96.54,97.32,96.22,97.25,1094
20-03-2026 21:45,97.25,97.40,97.00,97.17,1154
20-03-2026 22:00,97.15,97.53,97.01,97.27,892
20-03-2026 22:15,97.27,97.76,97.27,97.52,889
20-03-2026 22:30,97.52,98.11,97.38,97.85,1262
20-03-2026 22:45,97.85,98.30,97.74,98.13,1239
20-03-2026 23:00,98.15,98.36,97.94,98.32,1029
20-03-2026 23:15,98.32,98.48,97.81,98.01,1119
20-03-2026 23:30,98.01,98.01,96.96,97.35,1654
20-03-2026 23:45,97.35,98.33,97.10,98.07,2051
21-03-2026 00:00,98.10,98.72,97.98,98.66,1265
21-03-2026 00:15,98.66,98.71,98.09,98.58,1089
21-03-2026 00:30,98.57,98.73,98.25,98.65,924
21-03-2026 00:45,98.65,98.65,97.92,98.24,921
21-03-2026 01:00,98.24,98.48,97.77,97.91,752
21-03-2026 01:15,97.91,98.29,97.42,97.47,1256
21-03-2026 01:30,97.46,98.05,97.42,97.50,854
21-03-2026 01:45,97.51,97.91,97.47,97.84,636
21-03-2026 02:00,97.86,97.97,97.71,97.90,573
21-03-2026 02:15,97.90,98.10,97.81,98.05,604
23-03-2026 03:30,99.79,100.19,98.20,98.64,1529
23-03-2026 03:45,98.63,98.78,96.95,97.41,1371
23-03-2026 04:00,97.41,98.21,96.81,97.92,1190
23-03-2026 04:15,97.93,98.17,97.66,98.09,881
23-03-2026 04:30,98.06,98.20,97.84,97.92,556
23-03-2026 04:45,97.92,98.40,97.82,98.25,562
23-03-2026 05:00,98.25,98.33,97.90,98.04,444
23-03-2026 05:15,98.04,98.74,97.98,98.57,579
23-03-2026 05:30,98.57,98.91,98.24,98.32,732
23-03-2026 05:45,98.32,98.52,97.92,97.93,529
23-03-2026 06:00,97.93,98.36,97.89,98.20,600
23-03-2026 06:15,98.20,98.35,98.02,98.13,528
23-03-2026 06:30,98.14,98.61,98.00,98.25,1400
23-03-2026 06:45,98.25,98.59,98.09,98.50,830
23-03-2026 07:00,98.48,98.68,98.14,98.54,842
23-03-2026 07:15,98.55,98.73,98.49,98.56,517
23-03-2026 07:30,98.56,99.01,98.40,98.62,933
23-03-2026 07:45,98.62,98.79,98.44,98.71,464
23-03-2026 08:00,98.70,99.04,98.61,98.89,654
23-03-2026 08:15,98.89,98.97,98.67,98.85,611
23-03-2026 08:30,98.86,99.11,98.84,99.07,526
23-03-2026 08:45,99.06,99.14,98.94,98.98,493
23-03-2026 09:00,98.98,99.22,98.98,99.02,367
23-03-2026 09:15,99.02,99.30,99.00,99.19,260
23-03-2026 09:30,99.19,99.20,99.04,99.14,276
23-03-2026 09:45,99.13,99.28,99.08,99.13,248
23-03-2026 10:00,99.14,99.25,99.01,99.05,224
23-03-2026 10:15,99.05,99.14,98.78,98.87,319
23-03-2026 10:30,98.88,98.95,98.68,98.76,285
23-03-2026 10:45,98.76,98.92,98.67,98.68,306
23-03-2026 11:00,98.69,98.81,97.95,98.14,878
23-03-2026 11:15,98.14,98.56,98.14,98.49,722
23-03-2026 11:30,98.49,99.66,98.37,99.46,1037
23-03-2026 11:45,99.46,100.30,99.45,99.87,1097
23-03-2026 12:00,99.87,100.74,99.40,100.64,1257
23-03-2026 12:15,100.64,100.66,100.06,100.54,1159
23-03-2026 12:30,100.54,100.97,100.33,100.79,927
23-03-2026 12:45,100.79,101.45,100.76,101.43,896
23-03-2026 13:00,101.43,101.61,101.19,101.39,937
23-03-2026 13:15,101.39,101.65,101.03,101.09,843
23-03-2026 13:30,101.09,101.09,99.82,100.28,1469
23-03-2026 13:45,100.29,100.45,100.03,100.26,1617
23-03-2026 14:00,100.24,100.31,99.43,99.71,1419
23-03-2026 14:15,99.71,100.04,99.32,99.34,1145
23-03-2026 14:30,99.31,99.42,98.23,98.34,1231
23-03-2026 14:45,98.35,98.96,98.09,98.90,1216
23-03-2026 15:00,98.90,99.35,98.77,99.14,855
23-03-2026 15:15,99.14,99.19,98.82,98.87,778
23-03-2026 15:30,98.87,99.40,98.73,98.97,938
23-03-2026 15:45,98.97,99.36,98.89,99.14,765
23-03-2026 16:00,99.14,99.16,98.44,98.51,797
23-03-2026 16:15,98.52,98.66,97.44,98.56,1193
23-03-2026 16:30,98.56,98.73,84.42,88.31,2505
23-03-2026 16:45,88.27,91.08,87.83,90.68,3369
23-03-2026 17:00,90.66,91.43,89.49,91.17,2631
23-03-2026 17:15,91.17,92.90,91.13,92.48,2637
23-03-2026 17:30,92.48,93.27,91.94,92.43,2321
23-03-2026 17:45,92.42,92.43,90.99,91.61,2041
23-03-2026 18:00,91.62,91.68,89.17,89.57,2200
23-03-2026 18:15,89.58,89.90,88.56,89.37,2527
23-03-2026 18:30,89.35,90.17,88.12,90.17,2732
23-03-2026 18:45,90.15,91.25,89.95,90.92,2262
23-03-2026 19:00,90.92,91.01,88.99,89.54,2369
23-03-2026 19:15,89.54,89.61,88.37,89.11,2328
23-03-2026 19:30,89.12,89.21,87.97,88.96,2381
23-03-2026 19:45,88.96,89.47,88.12,89.43,2117
23-03-2026 20:00,89.44,90.25,89.03,90.14,1842
23-03-2026 20:15,90.14,90.27,89.21,89.26,1955
23-03-2026 20:30,89.22,89.23,85.41,85.81,3119
23-03-2026 20:45,85.81,87.12,85.77,86.95,2320
23-03-2026 21:00,86.95,88.71,86.65,88.62,2246
23-03-2026 21:15,88.59,90.80,88.49,90.47,2513
23-03-2026 21:30,90.43,90.91,90.00,90.74,2306
23-03-2026 21:45,90.75,91.84,90.58,91.57,2029
23-03-2026 22:00,91.59,91.70,89.59,89.86,2223
23-03-2026 22:15,89.83,90.13,89.11,89.63,1979
23-03-2026 22:30,89.64,90.12,89.02,89.99,1718
23-03-2026 22:45,89.99,90.28,89.01,89.16,1500
23-03-2026 23:00,89.16,89.51,88.50,89.17,1683
23-03-2026 23:15,89.17,89.47,88.50,88.67,1423
23-03-2026 23:30,88.63,89.46,87.38,87.61,1710
23-03-2026 23:45,87.68,88.48,87.21,88.17,1965
24-03-2026 00:00,88.17,88.22,86.71,87.38,1761
24-03-2026 00:15,87.38,87.70,87.14,87.69,957
24-03-2026 00:30,87.69,87.80,87.41,87.68,800
24-03-2026 00:45,87.68,88.46,87.64,87.99,1104
24-03-2026 01:00,88.00,88.55,87.87,88.42,775
24-03-2026 01:15,88.42,88.83,88.24,88.69,806
24-03-2026 01:30,88.69,88.95,88.37,88.78,639
24-03-2026 01:45,88.78,89.27,88.67,89.22,549
24-03-2026 02:00,89.22,89.44,88.80,88.87,473
24-03-2026 02:15,88.87,88.93,88.76,88.91,414
24-03-2026 03:30,88.92,89.47,88.84,89.08,390
24-03-2026 03:45,89.08,89.18,88.82,89.01,230
24-03-2026 04:00,89.01,89.06,88.84,89.02,164
24-03-2026 04:15,89.02,89.11,88.91,89.09,184
24-03-2026 04:30,89.09,89.28,89.01,89.04,240
24-03-2026 04:45,89.04,89.07,88.50,88.68,347
24-03-2026 05:00,88.68,88.95,88.64,88.88,226
24-03-2026 05:15,88.88,89.55,88.88,89.42,438
24-03-2026 05:30,89.40,90.10,89.33,90.07,1132
24-03-2026 05:45,90.07,90.23,89.91,90.17,835
24-03-2026 06:00,90.17,90.91,90.06,90.85,934
24-03-2026 06:15,90.85,90.98,90.18,90.38,853
24-03-2026 06:30,90.39,91.42,90.38,90.99,1280
24-03-2026 06:45,90.99,91.48,90.94,91.28,908
24-03-2026 07:00,91.28,91.68,91.25,91.67,765
24-03-2026 07:15,91.67,91.87,91.38,91.51,728
24-03-2026 07:30,91.51,91.81,91.35,91.71,686
24-03-2026 07:45,91.71,91.98,91.31,91.33,674
24-03-2026 08:00,91.33,91.58,91.10,91.16,772
24-03-2026 08:15,91.16,91.49,90.93,91.23,766
24-03-2026 08:30,91.23,91.61,91.21,91.46,652
24-03-2026 08:45,91.47,91.68,91.37,91.40,412
24-03-2026 09:00,91.40,91.73,91.34,91.67,280
24-03-2026 09:15,91.67,91.83,91.59,91.61,321
24-03-2026 09:30,91.61,91.94,91.55,91.89,312
24-03-2026 09:45,91.88,92.02,91.79,91.79,277
24-03-2026 10:00,91.79,91.93,91.64,91.67,311
24-03-2026 10:15,91.67,91.72,91.47,91.51,348
24-03-2026 10:30,91.51,91.88,91.46,91.61,447
24-03-2026 10:45,91.61,92.05,91.33,91.97,474
24-03-2026 11:00,91.97,92.24,91.49,91.57,751
24-03-2026 11:15,91.56,91.74,91.40,91.57,628
24-03-2026 11:30,91.57,91.58,90.88,91.19,1190
24-03-2026 11:45,91.19,91.29,90.78,91.18,999
24-03-2026 12:00,91.19,91.36,90.77,91.28,857
24-03-2026 12:15,91.28,91.62,90.59,90.82,1066
24-03-2026 12:30,90.82,91.06,90.24,90.52,1038
24-03-2026 12:45,90.54,90.67,89.81,90.37,1098
24-03-2026 13:00,90.37,90.84,90.31,90.53,818
24-03-2026 13:15,90.53,90.62,89.38,89.41,1152
24-03-2026 13:30,89.48,89.77,89.31,89.39,1452
24-03-2026 13:45,89.38,90.65,89.10,90.48,1615
24-03-2026 14:00,90.43,90.58,89.93,90.25,1171
24-03-2026 14:15,90.25,90.80,89.81,90.53,1043
24-03-2026 14:30,90.52,91.15,90.41,91.13,738
24-03-2026 14:45,91.14,91.33,90.76,91.28,737
24-03-2026 15:00,91.28,91.41,90.50,90.61,875
24-03-2026 15:15,90.61,90.81,90.26,90.39,741
24-03-2026 15:30,90.39,90.61,89.44,89.58,981
24-03-2026 15:45,89.58,90.14,89.42,90.08,917
24-03-2026 16:00,90.07,90.27,89.83,90.10,822
24-03-2026 16:15,90.10,90.53,90.10,90.36,701
24-03-2026 16:30,90.36,90.63,89.96,90.40,966
24-03-2026 16:45,90.40,90.61,90.21,90.58,651
24-03-2026 17:00,90.59,90.91,90.25,90.90,762
24-03-2026 17:15,90.88,91.40,90.34,90.84,1228
24-03-2026 17:30,90.84,91.51,90.76,91.47,749
24-03-2026 17:45,91.47,91.77,91.19,91.37,805
24-03-2026 18:00,91.39,91.90,91.35,91.82,1093
24-03-2026 18:15,91.82,92.18,91.50,91.78,1393
24-03-2026 18:30,91.77,92.50,91.43,91.90,1808
24-03-2026 18:45,91.88,92.48,91.69,92.46,1209
24-03-2026 19:00,92.42,92.66,91.99,92.62,1282
24-03-2026 19:15,92.62,92.63,92.05,92.05,1052
24-03-2026 19:30,92.05,92.12,91.26,91.44,1415
24-03-2026 19:45,91.44,91.77,91.34,91.68,1152
24-03-2026 20:00,91.69,92.28,91.56,91.86,1268
24-03-2026 20:15,91.86,92.05,90.51,91.15,2292
24-03-2026 20:30,91.13,91.46,90.58,91.35,1472
24-03-2026 20:45,91.35,91.63,90.99,91.08,1205
24-03-2026 21:00,91.13,91.69,91.03,91.61,1091
24-03-2026 21:15,91.61,92.36,91.36,92.21,1168
24-03-2026 21:30,92.21,92.57,92.21,92.46,1053
24-03-2026 21:45,92.46,92.53,92.00,92.00,1146
24-03-2026 22:00,91.99,92.53,91.91,92.31,770
24-03-2026 22:15,92.31,92.83,92.21,92.63,864
24-03-2026 22:30,92.63,93.34,92.58,93.19,1089
24-03-2026 22:45,93.19,93.19,92.81,92.90,668
24-03-2026 23:00,92.90,92.92,92.51,92.83,840
24-03-2026 23:15,92.83,92.99,91.18,91.73,1591
24-03-2026 23:30,91.73,92.21,91.33,92.21,1448
24-03-2026 23:45,92.19,92.60,91.73,92.26,1628
25-03-2026 00:00,92.26,92.47,90.95,91.80,1300
25-03-2026 00:15,91.80,92.09,91.52,91.75,894
25-03-2026 00:30,91.75,91.78,91.16,91.40,791
25-03-2026 00:45,91.40,91.69,91.31,91.62,606
25-03-2026 01:00,91.62,91.82,91.52,91.54,535
25-03-2026 01:15,91.54,91.96,91.52,91.89,508
25-03-2026 01:30,91.87,91.92,91.76,91.88,266
25-03-2026 01:45,91.88,91.88,86.31,88.64,2370
25-03-2026 02:00,88.66,89.54,87.58,88.92,2152
25-03-2026 02:15,88.92,89.11,87.72,88.46,1445
25-03-2026 03:30,88.87,88.87,87.77,88.59,505
25-03-2026 03:45,88.59,89.31,88.59,88.95,463
25-03-2026 04:00,88.95,88.97,88.68,88.71,302
25-03-2026 04:15,88.72,88.90,88.46,88.74,325
25-03-2026 04:30,88.74,88.97,88.55,88.96,300
25-03-2026 04:45,88.96,88.98,88.61,88.61,254
25-03-2026 05:00,88.61,88.89,88.49,88.71,288
25-03-2026 05:15,88.71,88.87,88.63,88.85,229
25-03-2026 05:30,88.85,88.96,87.51,87.78,1134
25-03-2026 05:45,87.78,87.92,87.18,87.61,829
25-03-2026 06:00,87.62,88.11,86.72,87.32,919
25-03-2026 06:15,87.32,87.83,87.26,87.76,712
25-03-2026 06:30,87.76,87.91,86.77,87.32,1601
25-03-2026 06:45,87.32,87.70,87.10,87.50,968
25-03-2026 07:00,87.50,88.03,87.35,87.53,903
25-03-2026 07:15,87.54,87.66,87.38,87.56,642
25-03-2026 07:30,87.56,88.10,87.32,87.91,830
25-03-2026 07:45,87.91,88.15,87.82,88.13,659
25-03-2026 08:00,88.13,88.56,87.97,88.52,763
25-03-2026 08:15,88.52,89.11,88.32,89.00,792
25-03-2026 08:30,88.99,89.09,88.39,88.52,694
25-03-2026 08:45,88.52,88.85,88.35,88.64,630
25-03-2026 09:00,88.64,89.20,88.62,89.15,707
25-03-2026 09:15,89.15,89.16,88.85,88.93,422
25-03-2026 09:30,88.93,89.08,88.45,88.52,478
25-03-2026 09:45,88.52,88.61,88.31,88.50,475
25-03-2026 10:00,88.50,88.70,88.44,88.57,427
25-03-2026 10:15,88.57,88.72,88.26,88.31,468
25-03-2026 10:30,88.31,88.81,88.31,88.71,503
25-03-2026 10:45,88.71,88.88,88.54,88.85,447
25-03-2026 11:00,88.85,89.01,88.67,88.68,606
25-03-2026 11:15,88.69,89.33,88.68,89.14,674
25-03-2026 11:30,89.14,89.40,89.11,89.24,644
25-03-2026 11:45,89.24,89.35,88.93,89.32,724
25-03-2026 12:00,89.32,89.48,89.17,89.45,578
25-03-2026 12:15,89.46,89.55,89.11,89.20,578
25-03-2026 12:30,89.18,89.18,88.81,88.87,691
25-03-2026 12:45,88.87,89.24,88.67,89.03,740
25-03-2026 13:00,89.03,89.10,88.39,88.54,779
25-03-2026 13:15,88.54,88.68,88.26,88.35,826
25-03-2026 13:30,88.35,88.52,87.74,87.92,1238
25-03-2026 13:45,87.92,87.95,86.78,87.09,1636
25-03-2026 14:00,87.06,87.45,86.58,87.20,1551
25-03-2026 14:15,87.20,87.74,87.17,87.61,988
25-03-2026 14:30,87.61,87.61,87.20,87.37,706
25-03-2026 14:45,87.37,88.26,87.31,88.22,914
25-03-2026 15:00,88.22,88.57,87.92,88.53,764
25-03-2026 15:15,88.53,88.77,87.18,87.70,1126
25-03-2026 15:30,87.64,87.73,87.03,87.28,1163
25-03-2026 15:45,87.29,87.73,87.03,87.67,709
25-03-2026 16:00,87.67,87.91,87.44,87.78,697
25-03-2026 16:15,87.78,87.79,86.89,87.07,1004
25-03-2026 16:30,87.07,87.16,86.45,86.64,1016
25-03-2026 16:45,86.64,86.96,86.55,86.83,849
25-03-2026 17:00,86.81,87.27,86.66,87.20,794
25-03-2026 17:15,87.21,87.91,87.08,87.25,1096
25-03-2026 17:30,87.23,87.49,87.02,87.16,929
25-03-2026 17:45,87.16,89.02,87.16,88.87,1897
25-03-2026 18:00,88.87,89.37,88.27,88.54,1344
25-03-2026 18:15,88.53,88.67,88.25,88.44,940
25-03-2026 18:30,88.43,88.72,87.49,87.60,1413
25-03-2026 18:45,87.60,87.82,87.42,87.67,931
25-03-2026 19:00,87.68,88.11,87.47,88.03,1346
25-03-2026 19:15,88.02,88.80,87.95,88.67,1416
25-03-2026 19:30,88.67,89.01,88.36,88.64,1241
25-03-2026 19:45,88.64,88.99,88.30,88.52,1201
25-03-2026 20:00,88.53,88.88,88.37,88.81,1075
25-03-2026 20:15,88.81,89.16,88.43,89.00,972
25-03-2026 20:30,89.01,89.58,88.83,89.53,1125
25-03-2026 20:45,89.53,90.16,89.41,89.43,1361
25-03-2026 21:00,89.42,89.77,89.08,89.69,994
25-03-2026 21:15,89.69,90.35,89.69,90.33,1094
25-03-2026 21:30,90.33,90.67,90.07,90.28,1406
25-03-2026 21:45,90.29,90.33,89.37,89.98,1490
25-03-2026 22:00,89.96,90.32,89.75,90.18,1044
25-03-2026 22:15,90.18,90.48,90.05,90.17,942
25-03-2026 22:30,90.16,90.78,89.96,90.58,988
25-03-2026 22:45,90.58,90.94,90.18,90.38,1139
25-03-2026 23:00,90.38,90.53,89.64,90.07,1103
25-03-2026 23:15,90.06,90.46,89.56,90.28,1202
25-03-2026 23:30,90.30,90.51,90.08,90.32,1066
25-03-2026 23:45,90.31,90.45,89.90,90.30,1272
26-03-2026 00:00,90.29,90.48,90.02,90.46,674
26-03-2026 00:15,90.46,91.33,90.45,91.19,946
26-03-2026 00:30,91.19,91.50,90.82,90.84,781
26-03-2026 00:45,90.84,90.89,90.57,90.64,547
26-03-2026 01:00,90.64,90.98,90.64,90.96,497
26-03-2026 01:15,90.96,91.11,90.92,90.93,441
26-03-2026 01:30,90.91,91.25,90.91,91.22,410
26-03-2026 01:45,91.22,91.36,91.13,91.28,374
26-03-2026 02:00,91.28,91.41,91.17,91.26,300
26-03-2026 02:15,91.26,91.45,91.24,91.31,419
26-03-2026 03:30,91.20,91.28,90.84,91.04,267
26-03-2026 03:45,91.04,91.25,91.04,91.13,127
26-03-2026 04:00,91.13,91.18,90.96,91.02,138
26-03-2026 04:15,91.02,91.05,90.89,90.96,109
26-03-2026 04:30,90.97,90.99,90.70,90.93,163
26-03-2026 04:45,90.93,91.11,90.87,91.03,182
26-03-2026 05:00,91.03,91.12,90.87,90.93,134
26-03-2026 05:15,90.93,91.06,90.90,91.04,103
26-03-2026 05:30,91.04,91.47,90.93,91.28,509
26-03-2026 05:45,91.28,91.38,91.02,91.22,368
26-03-2026 06:00,91.21,91.33,91.04,91.28,349
26-03-2026 06:15,91.29,91.57,91.17,91.20,451
26-03-2026 06:30,91.19,91.59,90.94,91.44,731
26-03-2026 06:45,91.44,91.56,91.35,91.36,388
26-03-2026 07:00,91.36,91.45,91.19,91.34,413
26-03-2026 07:15,91.34,91.47,91.24,91.26,538
26-03-2026 07:30,91.26,91.48,91.05,91.37,438
26-03-2026 07:45,91.37,91.49,91.27,91.35,345
26-03-2026 08:00,91.36,91.67,91.32,91.46,533
26-03-2026 08:15,91.46,91.96,91.43,91.88,475
26-03-2026 08:30,91.89,92.06,91.64,91.67,418
26-03-2026 08:45,91.68,91.83,91.65,91.79,315
26-03-2026 09:00,91.78,91.79,91.56,91.67,351
26-03-2026 09:15,91.67,91.77,91.65,91.71,290
26-03-2026 09:30,91.72,91.86,91.60,91.65,225
26-03-2026 09:45,91.65,91.81,91.62,91.78,194
26-03-2026 10:00,91.78,91.87,91.76,91.86,155
26-03-2026 10:15,91.86,92.07,91.80,92.05,241
26-03-2026 10:30,92.05,92.15,91.97,92.12,306
26-03-2026 10:45,92.13,92.20,91.99,92.08,234
26-03-2026 11:00,92.08,92.28,91.91,92.26,493
26-03-2026 11:15,92.26,92.38,92.17,92.32,430
26-03-2026 11:30,92.32,92.46,92.28,92.44,475
26-03-2026 11:45,92.43,92.45,92.10,92.21,470
26-03-2026 12:00,92.20,92.45,92.12,92.22,552
26-03-2026 12:15,92.23,92.32,92.08,92.28,388
26-03-2026 12:30,92.28,92.92,92.28,92.85,847
26-03-2026 12:45,92.85,93.08,92.77,93.03,600
26-03-2026 13:00,93.03,93.30,92.98,93.06,588
26-03-2026 13:15,93.05,93.23,92.82,93.05,681
26-03-2026 13:30,93.01,93.06,92.69,92.98,791
26-03-2026 13:45,92.98,93.62,92.74,93.56,976
26-03-2026 14:00,93.51,94.09,93.42,93.78,1214
26-03-2026 14:15,93.78,93.90,93.39,93.63,718
26-03-2026 14:30,93.62,93.75,93.19,93.56,778
26-03-2026 14:45,93.56,93.87,93.52,93.67,803
26-03-2026 15:00,93.67,93.88,93.33,93.62,764
26-03-2026 15:15,93.62,93.71,93.24,93.50,595
26-03-2026 15:30,93.49,93.73,93.02,93.03,671
26-03-2026 15:45,93.03,93.26,92.71,92.87,820
26-03-2026 16:00,92.87,93.26,92.65,93.08,918
26-03-2026 16:15,93.08,93.47,92.97,93.23,705
26-03-2026 16:30,93.23,93.41,93.03,93.28,701
26-03-2026 16:45,93.28,93.70,93.19,93.57,599
26-03-2026 17:00,93.58,94.22,93.55,94.13,741
26-03-2026 17:15,94.13,94.81,94.08,94.64,776
26-03-2026 17:30,94.66,94.79,94.13,94.18,912
26-03-2026 17:45,94.18,94.25,93.95,94.04,754
26-03-2026 18:00,94.09,94.52,94.07,94.50,713
26-03-2026 18:15,94.49,94.62,94.24,94.42,797
26-03-2026 18:30,94.43,94.45,93.44,93.84,1080
26-03-2026 18:45,93.84,93.97,93.56,93.61,969
26-03-2026 19:00,93.62,94.12,93.37,93.37,1295
26-03-2026 19:15,93.35,93.54,92.74,92.81,1680
26-03-2026 19:30,92.83,93.15,92.62,92.68,1256
26-03-2026 19:45,92.68,93.16,92.63,93.04,1007
26-03-2026 20:00,93.04,93.72,92.43,93.61,1597
26-03-2026 20:15,93.61,94.16,93.31,93.67,1473
26-03-2026 20:30,93.67,94.25,93.49,94.14,1159
26-03-2026 20:45,94.14,94.30,93.94,94.03,942
26-03-2026 21:00,94.03,94.71,94.01,94.54,1026
26-03-2026 21:15,94.54,94.70,93.85,94.56,1263
26-03-2026 21:30,94.57,94.68,94.37,94.44,858
26-03-2026 21:45,94.44,95.07,94.31,94.91,1210
26-03-2026 22:00,94.93,95.18,94.71,94.72,985
26-03-2026 22:15,94.72,94.88,94.51,94.69,803
26-03-2026 22:30,94.69,95.16,94.69,94.88,888
26-03-2026 22:45,94.88,95.06,94.68,94.68,670
26-03-2026 23:00,94.68,95.34,94.62,95.23,708
26-03-2026 23:15,95.24,95.41,95.17,95.22,740
26-03-2026 23:30,95.22,95.27,94.62,94.62,946
26-03-2026 23:45,94.62,94.70,94.34,94.40,1063
27-03-2026 00:00,94.41,94.48,94.18,94.35,747
27-03-2026 00:15,94.34,94.38,94.05,94.31,450
27-03-2026 00:30,94.31,94.64,94.31,94.51,545
27-03-2026 00:45,94.51,94.52,94.21,94.28,387
27-03-2026 01:00,94.28,94.50,94.16,94.44,426
27-03-2026 01:15,94.44,94.45,93.97,94.10,547
27-03-2026 01:30,94.09,94.43,89.50,92.26,1236
27-03-2026 01:45,92.28,93.90,91.78,93.37,2004
27-03-2026 02:00,93.37,93.58,92.88,93.53,1338
27-03-2026 02:15,93.52,93.94,93.49,93.70,1018
27-03-2026 03:30,93.38,93.67,93.06,93.15,288
27-03-2026 03:45,93.15,93.48,93.14,93.46,256
27-03-2026 04:00,93.46,93.47,93.06,93.22,217
27-03-2026 04:15,93.22,93.32,93.17,93.22,102
27-03-2026 04:30,93.22,93.44,93.17,93.29,165
27-03-2026 04:45,93.29,93.41,93.26,93.33,123
27-03-2026 05:00,93.34,93.43,93.09,93.23,173
27-03-2026 05:15,93.23,93.28,93.04,93.23,215
27-03-2026 05:30,93.21,93.32,92.72,92.89,670
27-03-2026 05:45,92.89,93.76,92.84,93.56,588
27-03-2026 06:00,93.56,93.90,93.53,93.79,424
27-03-2026 06:15,93.79,94.11,93.73,94.04,669
27-03-2026 06:30,94.04,94.16,93.05,93.44,785
27-03-2026 06:45,93.44,93.62,93.31,93.40,594
27-03-2026 07:00,93.40,93.47,93.08,93.30,571
27-03-2026 07:15,93.30,93.56,92.99,93.03,654
27-03-2026 07:30,93.03,93.03,92.08,92.94,872
27-03-2026 07:45,92.93,93.24,92.88,93.06,527
27-03-2026 08:00,93.06,93.43,93.03,93.29,582
27-03-2026 08:15,93.29,93.53,93.15,93.37,488
27-03-2026 08:30,93.37,93.54,93.33,93.36,526
27-03-2026 08:45,93.36,93.71,93.35,93.68,490
27-03-2026 09:00,93.69,93.78,93.46,93.55,380
27-03-2026 09:15,93.55,93.61,93.41,93.48,246
27-03-2026 09:30,93.48,93.71,93.44,93.60,263
27-03-2026 09:45,93.61,93.72,93.55,93.69,214
27-03-2026 10:00,93.69,93.80,93.65,93.78,247
27-03-2026 10:15,93.78,93.84,93.69,93.80,248
27-03-2026 10:30,93.80,93.86,93.61,93.63,248
27-03-2026 10:45,93.63,93.77,93.56,93.76,235
27-03-2026 11:00,93.76,94.00,93.53,93.71,590
27-03-2026 11:15,93.72,94.07,93.62,94.05,508
27-03-2026 11:30,94.04,94.23,93.86,93.92,500
27-03-2026 11:45,93.92,94.11,93.64,93.93,502
27-03-2026 12:00,93.94,94.11,93.82,94.07,437
27-03-2026 12:15,94.07,94.42,94.05,94.32,470
27-03-2026 12:30,94.31,94.88,94.22,94.85,580
27-03-2026 12:45,94.86,95.13,94.72,95.08,556
27-03-2026 13:00,95.07,95.42,95.06,95.37,643
27-03-2026 13:15,95.37,95.41,94.76,95.07,840
27-03-2026 13:30,95.07,95.27,94.86,95.04,848
27-03-2026 13:45,95.04,96.08,95.04,95.95,1246
27-03-2026 14:00,95.96,96.08,95.68,95.89,807
27-03-2026 14:15,95.90,96.28,95.82,96.14,664
27-03-2026 14:30,96.08,96.73,95.93,96.23,937
27-03-2026 14:45,96.23,96.37,95.96,96.09,691
27-03-2026 15:00,96.09,96.19,95.77,95.93,713
27-03-2026 15:15,95.94,96.17,95.84,96.09,561
27-03-2026 15:30,96.08,96.26,95.79,96.11,818
27-03-2026 15:45,96.11,96.34,96.03,96.33,504
27-03-2026 16:00,96.32,96.66,96.23,96.64,550
27-03-2026 16:15,96.64,97.10,96.48,97.02,637
27-03-2026 16:30,97.02,97.19,96.79,96.96,764
27-03-2026 16:45,96.96,97.11,96.61,96.68,650
27-03-2026 17:00,96.67,96.73,96.37,96.56,687
27-03-2026 17:15,96.57,96.81,96.44,96.62,563
27-03-2026 17:30,96.62,96.97,96.42,96.97,783
27-03-2026 17:45,96.96,97.22,96.79,96.99,739
27-03-2026 18:00,96.99,97.01,96.73,96.80,697
27-03-2026 18:15,96.80,96.94,96.63,96.76,687
27-03-2026 18:30,96.76,97.66,96.56,97.19,1372
27-03-2026 18:45,97.19,97.22,96.73,96.89,1105
27-03-2026 19:00,96.90,97.39,96.67,97.35,1024
27-03-2026 19:15,97.35,97.84,97.14,97.75,1034
27-03-2026 19:30,97.75,97.81,97.08,97.11,1160
27-03-2026 19:45,97.11,97.97,96.85,97.92,1191
27-03-2026 20:00,97.92,98.28,97.72,97.95,909
27-03-2026 20:15,97.95,98.32,97.89,98.17,815
27-03-2026 20:30,98.17,98.18,97.69,97.95,867
27-03-2026 20:45,97.94,98.06,97.11,97.34,1420
27-03-2026 21:00,97.33,97.70,96.99,97.62,1288
27-03-2026 21:15,97.62,98.11,97.48,97.97,999
27-03-2026 21:30,97.96,98.36,97.73,98.24,955
27-03-2026 21:45,98.24,98.45,98.17,98.18,942
27-03-2026 22:00,98.19,98.60,98.04,98.47,950
27-03-2026 22:15,98.47,98.88,98.19,98.80,897
27-03-2026 22:30,98.80,98.81,98.09,98.55,813
27-03-2026 22:45,98.54,98.77,98.52,98.65,643
27-03-2026 23:00,98.65,98.76,98.50,98.59,666
27-03-2026 23:15,98.58,98.68,98.21,98.57,876
27-03-2026 23:30,98.57,99.56,98.54,99.37,1017
27-03-2026 23:45,99.37,100.02,99.35,99.49,1652
28-03-2026 00:00,99.47,99.63,98.79,99.28,1340
28-03-2026 00:15,99.27,99.53,99.09,99.15,780
28-03-2026 00:30,99.15,99.50,98.83,99.06,762
28-03-2026 00:45,99.07,99.86,99.03,99.81,812
28-03-2026 01:00,99.81,100.51,99.71,100.07,1008
28-03-2026 01:15,100.07,100.29,99.24,99.62,1231
28-03-2026 01:30,99.62,100.16,99.00,100.00,1109
28-03-2026 01:45,100.00,100.74,99.95,100.50,984
28-03-2026 02:00,100.50,101.17,100.33,100.80,1246
28-03-2026 02:15,100.79,101.12,100.50,101.01,930
30-03-2026 03:30,102.58,103.34,101.17,102.45,1661
30-03-2026 03:45,102.49,102.85,102.26,102.67,861
30-03-2026 04:00,102.66,102.66,102.04,102.46,603
30-03-2026 04:15,102.46,102.62,102.01,102.06,411
30-03-2026 04:30,102.06,102.32,101.84,102.28,448
30-03-2026 04:45,102.28,102.35,102.09,102.25,372
30-03-2026 05:00,102.25,102.84,102.22,102.70,445
30-03-2026 05:15,102.70,102.85,102.38,102.75,647
30-03-2026 05:30,102.76,103.08,102.73,102.79,747
30-03-2026 05:45,102.79,102.85,101.03,102.08,1562
30-03-2026 06:00,102.07,102.53,101.85,102.43,932
30-03-2026 06:15,102.43,103.11,102.37,103.00,914
30-03-2026 06:30,103.00,103.16,102.64,102.95,864
30-03-2026 06:45,102.96,103.08,102.65,102.83,738
30-03-2026 07:00,102.84,102.98,101.88,101.91,746
30-03-2026 07:15,101.91,102.07,101.70,101.95,821
30-03-2026 07:30,101.96,102.55,101.87,102.54,650
30-03-2026 07:45,102.51,102.99,102.45,102.83,598
30-03-2026 08:00,102.83,102.83,102.14,102.25,808
30-03-2026 08:15,102.26,102.29,101.25,101.65,904
30-03-2026 08:30,101.65,101.65,100.72,100.96,1077
30-03-2026 08:45,100.97,101.07,100.27,100.69,1286
30-03-2026 09:00,100.68,101.59,100.67,101.43,1099
30-03-2026 09:15,101.43,101.72,101.40,101.54,519
30-03-2026 09:30,101.54,101.56,101.13,101.37,620
30-03-2026 09:45,101.37,101.41,101.02,101.14,436
30-03-2026 10:00,101.13,101.41,101.07,101.26,439
30-03-2026 10:15,101.24,101.45,101.16,101.45,359
30-03-2026 10:30,101.45,101.50,100.78,101.01,614
30-03-2026 10:45,101.01,101.44,100.96,101.36,493
30-03-2026 11:00,101.36,101.37,100.66,101.14,859
30-03-2026 11:15,101.14,101.28,100.53,100.81,727
30-03-2026 11:30,100.80,100.93,100.38,100.66,755
30-03-2026 11:45,100.66,100.97,100.49,100.93,670
30-03-2026 12:00,100.93,101.07,100.73,100.93,737
30-03-2026 12:15,100.93,101.72,100.57,101.56,891
30-03-2026 12:30,101.54,102.15,101.25,101.30,997
30-03-2026 12:45,101.29,101.92,101.12,101.86,818
30-03-2026 13:00,101.86,102.07,101.68,101.94,813
30-03-2026 13:15,101.95,102.00,101.62,101.66,700
30-03-2026 13:30,101.65,101.96,101.35,101.61,948
30-03-2026 13:45,101.61,102.40,101.40,102.34,1220
30-03-2026 14:00,102.39,102.42,101.11,101.16,1144
30-03-2026 14:15,101.16,101.17,100.64,101.05,917
30-03-2026 14:30,101.03,101.29,100.74,101.25,948
30-03-2026 14:45,101.25,101.80,101.25,101.52,780
30-03-2026 15:00,101.53,101.58,101.11,101.51,573
30-03-2026 15:15,101.50,101.70,101.18,101.56,565
30-03-2026 15:30,101.56,101.76,101.27,101.44,485
30-03-2026 15:45,101.44,101.65,101.32,101.58,380
30-03-2026 16:00,101.58,102.01,101.57,101.72,496
30-03-2026 16:15,101.72,101.95,101.63,101.67,398
30-03-2026 16:30,101.67,101.70,100.95,100.97,637
30-03-2026 16:45,100.97,101.56,99.35,101.07,1051
30-03-2026 17:00,101.07,101.74,100.94,101.45,1109
30-03-2026 17:15,101.46,101.46,100.69,101.08,767
30-03-2026 17:30,101.08,101.39,100.59,101.32,860
30-03-2026 17:45,101.32,101.45,100.88,100.96,641
30-03-2026 18:00,100.96,101.01,100.48,100.56,823
30-03-2026 18:15,100.56,101.13,100.48,100.65,774
30-03-2026 18:30,100.62,101.44,99.96,101.24,1389
30-03-2026 18:45,101.25,101.76,101.19,101.72,966
30-03-2026 19:00,101.73,102.61,101.41,102.55,1345
30-03-2026 19:15,102.55,102.81,102.32,102.38,1170
30-03-2026 19:30,102.39,102.47,101.68,101.91,1361
30-03-2026 19:45,101.91,102.37,101.58,101.73,1167
30-03-2026 20:00,101.72,102.38,101.67,102.20,1066
30-03-2026 20:15,102.19,102.25,101.32,102.04,1442
30-03-2026 20:30,102.05,102.57,101.78,102.48,1254
30-03-2026 20:45,102.47,102.67,102.13,102.24,1173
30-03-2026 21:00,102.23,102.56,101.48,101.51,1078
30-03-2026 21:15,101.51,102.98,101.48,102.94,1196
30-03-2026 21:30,102.94,103.83,102.89,103.21,1280
30-03-2026 21:45,103.21,103.37,102.86,103.07,839
30-03-2026 22:00,103.06,103.15,102.44,102.61,929
30-03-2026 22:15,102.61,103.10,102.61,102.90,825
30-03-2026 22:30,102.85,103.47,102.70,103.44,982
30-03-2026 22:45,103.44,103.61,103.16,103.32,762
30-03-2026 23:00,103.32,103.69,103.26,103.30,802
30-03-2026 23:15,103.30,103.47,102.94,103.32,1057
30-03-2026 23:30,103.32,103.38,102.74,102.85,1075
30-03-2026 23:45,102.84,102.96,102.33,102.90,1383
31-03-2026 00:00,102.88,103.23,102.86,103.09,708
31-03-2026 00:15,103.09,103.37,103.08,103.29,373
31-03-2026 00:30,103.29,104.17,103.13,104.09,816
31-03-2026 00:45,104.09,104.13,103.87,103.91,526
31-03-2026 01:00,103.91,103.99,103.78,103.84,535
31-03-2026 01:15,103.84,104.31,103.62,104.10,757
31-03-2026 01:30,104.09,104.92,104.09,104.87,668
31-03-2026 01:45,104.88,105.18,104.68,105.08,646
31-03-2026 02:00,105.08,105.32,104.90,104.98,563
31-03-2026 02:15,104.97,105.15,104.81,104.95,485
31-03-2026 03:30,104.82,104.93,104.48,104.75,325
31-03-2026 03:45,104.75,104.79,104.54,104.68,187
31-03-2026 04:00,104.68,105.00,104.68,104.84,215
31-03-2026 04:15,104.84,105.62,104.77,105.59,249
31-03-2026 04:30,105.52,106.55,105.47,106.04,792
31-03-2026 04:45,106.04,106.20,105.84,106.11,393
31-03-2026 05:00,106.10,106.46,105.99,106.40,313
31-03-2026 05:15,106.43,106.80,106.14,106.14,497
31-03-2026 05:30,106.16,106.23,105.64,106.22,973
31-03-2026 05:45,106.24,106.49,106.16,106.22,540
31-03-2026 06:00,106.21,106.40,105.73,105.73,736
31-03-2026 06:15,105.73,105.73,104.03,104.03,1455
31-03-2026 06:30,104.03,104.69,103.54,103.58,1477
31-03-2026 06:45,103.60,103.98,102.79,102.83,1371
31-03-2026 07:00,102.82,102.88,100.87,101.60,2101
31-03-2026 07:15,101.60,101.92,100.81,101.64,1486
31-03-2026 07:30,101.64,102.18,101.40,101.78,986
31-03-2026 07:45,101.79,102.26,101.66,102.19,888
31-03-2026 08:00,102.18,102.55,101.98,102.02,903
31-03-2026 08:15,102.02,102.35,101.82,102.22,689
31-03-2026 08:30,102.22,102.32,101.55,101.78,711
31-03-2026 08:45,101.78,102.15,101.78,102.14,582
31-03-2026 09:00,102.15,102.85,102.14,102.80,630
31-03-2026 09:15,102.80,103.13,102.73,102.96,472
31-03-2026 09:30,102.96,103.04,102.75,102.99,297
31-03-2026 09:45,103.00,103.10,102.88,102.98,294
31-03-2026 10:00,102.97,102.99,102.57,102.81,428
31-03-2026 10:15,102.81,102.84,102.62,102.77,339
31-03-2026 10:30,102.77,103.32,102.68,103.32,617
31-03-2026 10:45,103.30,103.40,102.86,102.90,535
31-03-2026 11:00,102.90,103.09,102.72,102.77,680
31-03-2026 11:15,102.77,102.87,102.49,102.69,664
31-03-2026 11:30,102.69,103.04,102.61,102.94,726
31-03-2026 11:45,102.94,103.03,102.43,102.66,648
31-03-2026 12:00,102.67,102.98,102.53,102.94,582
31-03-2026 12:15,102.92,103.03,102.57,102.64,630
31-03-2026 12:30,102.62,103.33,102.58,103.27,678
31-03-2026 12:45,103.26,103.41,103.11,103.30,504
31-03-2026 13:00,103.29,103.32,102.70,102.72,628
31-03-2026 13:15,102.72,102.75,101.77,102.02,1014
31-03-2026 13:30,102.02,102.60,101.91,102.45,1054
31-03-2026 13:45,102.45,102.59,101.99,102.25,1106
31-03-2026 14:00,102.24,102.89,102.17,102.70,992
31-03-2026 14:15,102.70,102.85,102.35,102.46,705
31-03-2026 14:30,102.46,102.50,101.82,102.06,826
31-03-2026 14:45,102.06,102.13,101.30,102.06,1022
31-03-2026 15:00,102.04,103.15,101.96,103.04,1021
31-03-2026 15:15,103.03,104.30,103.03,104.19,1006
31-03-2026 15:30,104.19,104.25,103.65,104.10,923
31-03-2026 15:45,104.11,104.57,104.10,104.27,739
31-03-2026 16:00,104.27,104.97,104.22,104.81,855
31-03-2026 16:15,104.80,104.94,104.52,104.81,713
31-03-2026 16:30,104.81,105.17,103.72,104.28,1087
31-03-2026 16:45,104.29,104.37,103.11,103.50,1677
31-03-2026 17:00,103.51,104.05,102.69,102.71,1188
31-03-2026 17:15,102.70,103.29,102.53,102.80,1269
31-03-2026 17:30,102.79,103.89,102.71,103.87,1290
31-03-2026 17:45,103.87,104.01,102.29,102.57,1482
31-03-2026 18:00,102.57,102.96,102.57,102.86,932
31-03-2026 18:15,102.87,103.27,102.69,103.15,902
31-03-2026 18:30,103.07,103.55,102.67,103.16,1084
31-03-2026 18:45,103.16,103.85,102.87,103.73,1065
31-03-2026 19:00,103.76,103.78,102.99,103.33,1338
31-03-2026 19:15,103.33,103.33,102.20,102.44,1453
31-03-2026 19:30,102.44,103.01,102.15,102.18,1247
31-03-2026 19:45,102.18,102.83,102.10,102.64,1376
31-03-2026 20:00,102.64,103.55,102.19,103.35,1410
31-03-2026 20:15,103.35,104.38,103.34,104.29,1345
31-03-2026 20:30,104.28,104.67,103.75,103.87,1733
31-03-2026 20:45,103.88,104.67,103.52,104.46,1792
31-03-2026 21:00,104.47,104.75,104.08,104.33,1203
31-03-2026 21:15,104.33,104.65,103.99,104.60,1133
31-03-2026 21:30,104.60,104.88,104.12,104.59,1008
31-03-2026 21:45,104.61,104.80,104.36,104.72,839
31-03-2026 22:00,104.74,105.01,100.01,101.50,2135
31-03-2026 22:15,101.50,102.79,100.88,101.81,2835
31-03-2026 22:30,101.80,101.85,99.61,100.74,2608
31-03-2026 22:45,100.74,101.79,100.18,101.54,2176
31-03-2026 23:00,101.53,102.33,100.73,101.96,2136
31-03-2026 23:15,101.97,102.62,101.61,102.41,1637
31-03-2026 23:30,102.43,102.49,101.49,101.59,1477
31-03-2026 23:45,101.58,102.11,100.93,101.14,1941
01-04-2026 00:00,101.14,102.33,100.82,102.24,1461
01-04-2026 00:15,102.24,102.44,102.03,102.32,824
01-04-2026 00:30,102.31,102.46,102.10,102.17,652
01-04-2026 00:45,102.17,102.42,101.83,102.26,683
01-04-2026 01:00,102.26,102.26,101.78,102.00,763
01-04-2026 01:15,101.98,102.24,101.63,102.07,928
01-04-2026 01:30,102.06,102.14,101.61,101.82,898
01-04-2026 01:45,101.82,101.95,101.51,101.58,605
01-04-2026 02:00,101.58,101.69,100.66,101.40,921
01-04-2026 02:15,101.40,101.69,101.31,101.52,830
01-04-2026 03:30,101.69,102.34,101.53,102.19,417
01-04-2026 03:45,102.19,102.80,102.02,102.60,367
01-04-2026 04:00,102.60,102.61,102.12,102.23,229
01-04-2026 04:15,102.23,102.31,102.14,102.19,160
01-04-2026 04:30,102.19,102.20,101.74,101.83,229
01-04-2026 04:45,101.83,101.97,101.77,101.97,129
01-04-2026 05:00,101.97,102.08,101.74,102.03,151
01-04-2026 05:15,102.03,102.21,101.60,101.60,288
01-04-2026 05:30,101.60,102.51,101.54,102.41,659
01-04-2026 05:45,102.41,102.55,102.31,102.34,316
01-04-2026 06:00,102.34,102.43,102.16,102.25,292
01-04-2026 06:15,102.25,102.34,102.09,102.12,244
01-04-2026 06:30,102.12,102.74,101.87,102.57,869
01-04-2026 06:45,102.57,103.01,102.56,102.60,591
01-04-2026 07:00,102.59,103.13,102.44,103.02,747
01-04-2026 07:15,103.02,103.14,102.90,102.95,539
01-04-2026 07:30,102.95,102.95,102.66,102.72,497
01-04-2026 07:45,102.72,102.76,102.56,102.57,357
01-04-2026 08:00,102.57,102.86,102.52,102.78,416
01-04-2026 08:15,102.78,103.27,102.68,103.17,412
01-04-2026 08:30,103.16,103.23,102.87,103.10,420
01-04-2026 08:45,103.10,103.30,103.07,103.16,278
01-04-2026 09:00,103.17,103.25,102.82,102.85,367
01-04-2026 09:15,102.85,102.97,102.79,102.93,235
01-04-2026 09:30,102.93,103.00,102.81,102.97,135
01-04-2026 09:45,102.97,103.02,102.90,102.94,134
01-04-2026 10:00,102.94,103.10,102.82,102.84,208
01-04-2026 10:15,102.85,102.90,102.49,102.55,362
01-04-2026 10:30,102.55,102.63,102.31,102.36,291
01-04-2026 10:45,102.36,102.43,102.18,102.34,339
01-04-2026 11:00,102.34,102.34,101.62,101.69,774
01-04-2026 11:15,101.69,101.83,101.02,101.25,952
01-04-2026 11:30,101.24,101.33,100.41,100.49,906
01-04-2026 11:45,100.50,100.74,99.08,99.28,1386
01-04-2026 12:00,99.30,99.31,96.87,97.21,2131
01-04-2026 12:15,97.21,98.41,96.64,96.94,2021
01-04-2026 12:30,96.90,97.84,96.62,97.30,1597
01-04-2026 12:45,97.30,97.75,97.17,97.30,1121
01-04-2026 13:00,97.30,97.37,96.49,96.74,1130
01-04-2026 13:15,96.74,98.54,96.49,98.35,1454
01-04-2026 13:30,98.34,98.92,97.94,98.82,1303
01-04-2026 13:45,98.83,99.17,98.39,99.15,1220
01-04-2026 14:00,99.06,99.25,98.58,98.74,1007
01-04-2026 14:15,98.72,99.40,98.59,99.31,801
01-04-2026 14:30,99.31,99.77,99.09,99.50,878
01-04-2026 14:45,99.51,100.40,99.44,100.10,890
01-04-2026 15:00,100.13,100.61,99.98,100.20,843
01-04-2026 15:15,100.19,100.47,99.82,100.04,995
01-04-2026 15:30,100.03,100.28,99.86,100.11,814
01-04-2026 15:45,100.11,100.32,99.65,100.31,962
01-04-2026 16:00,100.32,100.56,99.90,99.90,900
01-04-2026 16:15,99.90,100.15,99.44,99.96,935
01-04-2026 16:30,99.95,100.14,99.65,99.79,704
01-04-2026 16:45,99.79,100.09,99.10,99.15,868
01-04-2026 17:00,99.14,99.20,98.32,98.53,1320
01-04-2026 17:15,98.53,98.86,98.37,98.77,945
01-04-2026 17:30,98.70,98.98,98.06,98.81,1079
01-04-2026 17:45,98.81,99.56,98.60,99.49,952
01-04-2026 18:00,99.49,100.26,98.63,98.95,1132
01-04-2026 18:15,98.96,100.86,98.73,100.59,1984
01-04-2026 18:30,100.58,100.98,100.11,100.44,1610
01-04-2026 18:45,100.44,100.88,99.87,100.11,1271
01-04-2026 19:00,100.12,100.22,98.78,99.44,1963
01-04-2026 19:15,99.44,99.54,98.43,98.95,1562
01-04-2026 19:30,98.95,99.41,98.58,98.65,1529
01-04-2026 19:45,98.65,99.09,98.46,98.84,1364
01-04-2026 20:00,98.84,99.53,98.21,98.91,1878
01-04-2026 20:15,98.92,99.22,98.59,99.05,1232
01-04-2026 20:30,99.05,99.37,98.93,99.25,1342
01-04-2026 20:45,99.25,100.18,99.11,100.02,1513
01-04-2026 21:00,99.99,100.12,99.52,99.82,1162
01-04-2026 21:15,99.82,100.25,99.60,99.72,924
01-04-2026 21:30,99.72,100.69,99.62,100.66,884
01-04-2026 21:45,100.66,100.84,100.04,100.07,863
01-04-2026 22:00,100.03,100.28,99.80,99.81,684
01-04-2026 22:15,99.80,100.23,99.80,100.00,665
01-04-2026 22:30,100.00,100.00,99.15,99.20,856
01-04-2026 22:45,99.20,99.53,99.14,99.30,742
01-04-2026 23:00,99.31,99.35,98.87,98.93,756
01-04-2026 23:15,98.93,99.47,98.56,99.30,987
01-04-2026 23:30,99.28,99.77,99.16,99.39,1031
01-04-2026 23:45,99.39,100.23,99.39,100.12,1420
02-04-2026 00:00,100.12,100.41,99.80,99.85,1007
02-04-2026 00:15,99.85,100.08,99.74,99.81,614
02-04-2026 00:30,99.81,99.85,99.65,99.78,423
02-04-2026 00:45,99.78,99.78,99.55,99.64,501
02-04-2026 01:00,99.64,99.69,98.83,99.20,818
02-04-2026 01:15,99.20,99.64,99.15,99.49,666
02-04-2026 01:30,99.50,99.91,99.49,99.53,427
02-04-2026 01:45,99.54,99.58,99.16,99.27,403
02-04-2026 02:00,99.27,99.31,98.84,98.89,411
02-04-2026 02:15,98.90,98.96,98.75,98.87,400
02-04-2026 03:30,98.75,98.88,98.58,98.69,276
02-04-2026 03:45,98.69,98.96,98.69,98.88,187
02-04-2026 04:00,98.88,99.16,98.85,99.11,158
02-04-2026 04:15,99.11,99.17,98.94,99.00,155
02-04-2026 04:30,99.01,99.12,98.94,98.96,111
02-04-2026 04:45,98.96,98.96,98.66,98.90,179
02-04-2026 05:00,98.89,98.95,98.79,98.88,150
02-04-2026 05:15,98.88,99.00,98.62,98.87,315
02-04-2026 05:30,98.87,98.97,97.70,98.07,987
02-04-2026 05:45,98.07,98.57,98.07,98.52,364
02-04-2026 06:00,98.52,98.73,97.82,97.90,493
02-04-2026 06:15,97.90,98.29,97.50,97.99,752
02-04-2026 06:30,97.98,101.36,97.76,100.27,2104
02-04-2026 06:45,100.27,103.53,100.27,102.83,2516
02-04-2026 07:00,102.82,104.21,102.81,103.56,1927
02-04-2026 07:15,103.53,104.46,103.33,104.11,1265
02-04-2026 07:30,104.11,104.61,103.70,104.50,1051
02-04-2026 07:45,104.50,104.50,103.75,104.11,908
02-04-2026 08:00,104.11,104.14,103.60,103.65,800
02-04-2026 08:15,103.66,104.12,103.54,103.78,630
02-04-2026 08:30,103.80,104.25,103.77,104.16,510
02-04-2026 08:45,104.17,104.18,103.70,103.93,569
02-04-2026 09:00,103.93,104.34,103.87,104.18,740
02-04-2026 09:15,104.18,104.80,104.15,104.69,771
02-04-2026 09:30,104.69,105.57,104.63,105.14,1110
02-04-2026 09:45,105.14,105.56,105.06,105.41,1261
02-04-2026 10:00,105.43,105.61,105.18,105.27,724
02-04-2026 10:15,105.26,105.29,104.85,104.94,619
02-04-2026 10:30,104.93,105.01,104.63,104.93,790
02-04-2026 10:45,104.93,105.02,104.75,104.76,444
02-04-2026 11:00,104.75,105.31,104.50,105.19,970
02-04-2026 11:15,105.19,106.10,105.17,106.09,1028
02-04-2026 11:30,106.09,106.54,105.82,106.54,1316
02-04-2026 11:45,106.54,106.55,105.87,106.23,1036
02-04-2026 12:00,106.24,106.72,106.20,106.32,898
02-04-2026 12:15,106.32,106.55,105.94,106.06,842
02-04-2026 12:30,106.05,106.35,105.95,106.13,837
02-04-2026 12:45,106.13,106.62,105.82,106.48,817
02-04-2026 13:00,106.50,106.65,106.27,106.31,663
02-04-2026 13:15,106.32,106.57,106.17,106.22,641
02-04-2026 13:30,106.22,107.00,106.05,106.77,861
02-04-2026 13:45,106.79,107.07,106.71,106.75,765
02-04-2026 14:00,106.76,107.12,106.49,107.12,858
02-04-2026 14:15,107.11,107.22,106.95,107.19,577
02-04-2026 14:30,107.19,107.33,107.01,107.06,703
02-04-2026 14:45,107.06,107.36,106.92,107.33,598
02-04-2026 15:00,107.34,107.99,107.33,107.98,815
02-04-2026 15:15,107.97,107.98,107.41,107.64,847
02-04-2026 15:30,107.57,107.99,107.47,107.89,875
02-04-2026 15:45,107.89,108.18,107.79,108.15,695
02-04-2026 16:00,108.15,108.35,107.72,108.04,901
02-04-2026 16:15,108.05,108.59,107.99,108.40,1086
02-04-2026 16:30,108.39,108.70,108.32,108.63,968
02-04-2026 16:45,108.64,109.23,108.55,109.06,1153
02-04-2026 17:00,109.06,109.43,109.06,109.33,1003
02-04-2026 17:15,109.33,109.92,109.27,109.75,1186
02-04-2026 17:30,109.76,110.41,109.44,110.30,1322
02-04-2026 17:45,110.30,110.64,109.39,110.07,1495
02-04-2026 18:00,110.07,111.69,109.99,111.51,1584
02-04-2026 18:15,111.51,113.32,111.49,113.11,2337
02-04-2026 18:30,113.11,113.93,111.79,113.37,2612
02-04-2026 18:45,113.36,113.59,112.49,112.62,2139
02-04-2026 19:00,112.63,113.44,111.51,113.18,2367
02-04-2026 19:15,113.16,113.20,110.68,110.98,2493
02-04-2026 19:30,111.03,111.68,110.32,111.49,2178
02-04-2026 19:45,111.48,111.50,110.24,110.93,1996
02-04-2026 20:00,110.94,111.15,106.60,107.63,2952
02-04-2026 20:15,107.62,109.63,107.13,108.79,2621
02-04-2026 20:30,108.80,109.53,108.37,109.09,2270
02-04-2026 20:45,109.09,110.46,108.53,110.00,2184
02-04-2026 21:00,109.99,111.46,109.97,111.06,2157
02-04-2026 21:15,111.06,112.09,111.04,111.49,1977
02-04-2026 21:30,111.49,111.74,110.76,111.62,1714
02-04-2026 21:45,111.62,112.13,111.39,111.72,1311
02-04-2026 22:00,111.70,111.87,110.65,111.43,1544
02-04-2026 22:15,111.44,111.50,110.51,110.98,1510
02-04-2026 22:30,111.00,111.50,110.20,110.44,1686
02-04-2026 22:45,110.43,111.20,110.03,111.09,1535
02-04-2026 23:00,111.07,111.90,111.06,111.39,1465
02-04-2026 23:15,111.39,111.97,111.36,111.69,1323
02-04-2026 23:30,111.69,112.27,111.06,111.91,1498
02-04-2026 23:45,111.91,112.28,111.35,111.45,1863
03-04-2026 00:00,111.47,111.84,111.00,111.26,1180
03-04-2026 00:15,111.26,111.40,110.78,111.11,928
03-04-2026 00:30,111.06,111.29,110.75,111.12,959
03-04-2026 00:45,111.11,111.57,111.11,111.46,790
03-04-2026 01:00,111.46,111.72,111.20,111.42,793
03-04-2026 01:15,111.42,111.58,111.23,111.44,820
03-04-2026 01:30,111.41,111.93,111.31,111.77,681
03-04-2026 01:45,111.76,111.80,111.44,111.65,648
03-04-2026 02:00,111.65,111.85,111.52,111.59,662
03-04-2026 02:15,111.60,111.99,111.56,111.97,847
06-04-2026 03:30,112.95,115.39,112.50,114.29,1709
06-04-2026 03:45,114.32,115.02,114.30,114.88,909
06-04-2026 04:00,114.88,114.94,114.28,114.53,752
06-04-2026 04:15,114.53,114.56,113.18,113.62,738
06-04-2026 04:30,113.61,113.93,112.87,113.72,1069
06-04-2026 04:45,113.72,113.96,113.44,113.82,605
06-04-2026 05:00,113.82,114.40,113.50,114.26,473
06-04-2026 05:15,114.27,114.32,113.97,114.24,268
06-04-2026 05:30,114.23,114.28,112.77,112.96,1023
06-04-2026 05:45,112.96,113.01,112.19,112.39,948
06-04-2026 06:00,112.39,112.63,111.84,112.22,1019
06-04-2026 06:15,112.22,112.49,112.10,112.19,849
06-04-2026 06:30,112.19,112.30,111.84,112.15,941
06-04-2026 06:45,112.15,112.75,111.49,111.64,1000
06-04-2026 07:00,111.61,112.08,111.51,111.73,941
06-04-2026 07:15,111.73,112.02,111.62,111.79,811
06-04-2026 07:30,111.79,111.98,111.26,111.55,842
06-04-2026 07:45,111.56,111.62,109.49,110.59,1541
06-04-2026 08:00,110.59,111.70,110.56,111.45,1358
06-04-2026 08:15,111.46,111.65,110.99,111.49,1173
06-04-2026 08:30,111.49,111.88,111.37,111.60,966
06-04-2026 08:45,111.61,112.34,111.40,111.63,1176
06-04-2026 09:00,111.62,112.03,111.50,111.56,1054
06-04-2026 09:15,111.56,111.69,111.19,111.29,938
06-04-2026 09:30,111.30,111.40,110.78,110.97,1153
06-04-2026 09:45,110.98,111.42,110.87,111.12,836
06-04-2026 10:00,111.13,111.33,111.01,111.31,701
06-04-2026 10:15,111.31,111.62,110.96,111.37,875
06-04-2026 10:30,111.38,111.49,111.01,111.24,768
06-04-2026 10:45,111.24,111.59,111.15,111.56,537
06-04-2026 11:00,111.55,112.05,111.49,111.83,641
06-04-2026 11:15,111.83,112.02,111.64,111.72,534
06-04-2026 11:30,111.74,112.25,110.80,110.97,1279
06-04-2026 11:45,110.96,111.66,110.95,111.50,831
06-04-2026 12:00,111.50,111.72,111.26,111.53,639
06-04-2026 12:15,111.52,111.85,110.63,110.83,1239
06-04-2026 12:30,110.83,111.60,110.54,110.75,978
06-04-2026 12:45,110.75,111.21,110.27,110.96,1126
06-04-2026 13:00,110.94,111.01,109.88,110.21,1143
06-04-2026 13:15,110.21,110.36,108.88,109.35,1721
06-04-2026 13:30,109.36,109.75,108.92,109.60,1314
06-04-2026 13:45,109.62,109.97,109.35,109.72,1640
06-04-2026 14:00,109.65,110.15,109.56,109.69,1061
06-04-2026 14:15,109.68,109.78,109.41,109.47,723
06-04-2026 14:30,109.47,109.70,109.17,109.30,1025
06-04-2026 14:45,109.30,109.77,109.17,109.58,1000
06-04-2026 15:00,109.58,109.95,109.20,109.93,806
06-04-2026 15:15,109.92,111.64,109.92,111.43,1415
06-04-2026 15:30,111.41,111.44,109.95,110.24,1238
06-04-2026 15:45,110.24,110.68,110.21,110.50,889
06-04-2026 16:00,110.50,110.58,110.12,110.27,874
06-04-2026 16:15,110.26,111.36,109.72,109.91,1407
06-04-2026 16:30,109.85,110.48,109.59,110.39,1212
06-04-2026 16:45,110.41,110.52,109.99,110.11,975
06-04-2026 17:00,110.11,110.33,109.75,110.28,1028
06-04-2026 17:15,110.28,110.30,109.96,110.09,869
06-04-2026 17:30,110.10,110.92,109.90,110.87,994
06-04-2026 17:45,110.87,110.91,110.42,110.59,894
06-04-2026 18:00,110.59,110.71,110.16,110.54,945
06-04-2026 18:15,110.54,110.69,110.15,110.15,764
06-04-2026 18:30,110.15,111.38,109.82,111.29,1351
06-04-2026 18:45,111.29,112.42,111.21,112.25,1251
06-04-2026 19:00,112.24,113.10,111.91,112.97,1902
06-04-2026 19:15,112.97,113.01,111.78,111.94,1379
06-04-2026 19:30,111.93,112.81,111.51,111.66,1692
06-04-2026 19:45,111.65,111.65,110.56,110.84,1856
06-04-2026 20:00,110.84,111.92,110.28,111.20,2108
06-04-2026 20:15,111.16,111.40,110.68,110.93,1451
06-04-2026 20:30,110.95,111.92,110.84,111.56,1439
06-04-2026 20:45,111.58,112.37,111.51,112.18,1365
06-04-2026 21:00,112.17,112.68,112.09,112.30,1082
06-04-2026 21:15,112.30,112.38,111.74,111.86,1143
06-04-2026 21:30,111.86,112.04,111.34,111.34,1009
06-04-2026 21:45,111.35,111.98,111.16,111.88,890
06-04-2026 22:00,111.90,111.95,111.26,111.37,914
06-04-2026 22:15,111.36,112.25,111.28,112.24,1076
06-04-2026 22:30,112.24,113.83,112.20,113.61,1468
06-04-2026 22:45,113.61,113.98,112.85,112.88,1108
06-04-2026 23:00,112.88,114.26,112.74,113.95,1460
06-04-2026 23:15,113.96,114.12,113.57,114.06,1008
06-04-2026 23:30,114.02,114.20,112.49,113.10,1676
06-04-2026 23:45,113.11,113.12,112.07,112.25,1903
07-04-2026 00:00,112.23,112.52,111.71,112.45,1318
07-04-2026 00:15,112.42,112.44,111.86,112.19,780
07-04-2026 00:30,112.17,112.64,112.12,112.58,779
07-04-2026 00:45,112.58,112.96,112.53,112.72,674
07-04-2026 01:00,112.72,112.82,112.45,112.65,670
07-04-2026 01:15,112.65,112.69,111.86,112.43,1028
07-04-2026 01:30,112.44,112.59,112.20,112.52,646
07-04-2026 01:45,112.49,112.56,112.23,112.47,583
07-04-2026 02:00,112.47,113.04,112.47,112.81,605
07-04-2026 02:15,112.81,112.81,112.49,112.64,610
07-04-2026 03:30,112.71,112.84,112.49,112.75,232
07-04-2026 03:45,112.75,113.10,112.73,112.94,235
07-04-2026 04:00,112.94,113.43,112.86,113.43,294
07-04-2026 04:15,113.43,113.55,113.19,113.35,208
07-04-2026 04:30,113.35,113.43,113.01,113.35,229
07-04-2026 04:45,113.35,113.52,113.17,113.51,163
07-04-2026 05:00,113.51,113.62,113.40,113.55,194
07-04-2026 05:15,113.55,113.92,113.55,113.82,199
07-04-2026 05:30,113.81,113.81,113.03,113.03,727
07-04-2026 05:45,113.04,113.15,112.65,113.04,642
07-04-2026 06:00,113.04,113.63,112.99,113.40,409
07-04-2026 06:15,113.40,113.40,113.24,113.30,291
07-04-2026 06:30,113.30,113.49,112.74,113.22,861
07-04-2026 06:45,113.22,113.86,112.74,113.65,721
07-04-2026 07:00,113.65,114.56,113.62,114.48,733
07-04-2026 07:15,114.48,115.15,114.23,114.90,970
07-04-2026 07:30,114.90,115.46,114.87,115.27,814
07-04-2026 07:45,115.28,115.32,114.69,114.83,559
07-04-2026 08:00,114.83,115.12,114.74,114.89,559
07-04-2026 08:15,114.89,115.01,114.50,114.92,598
07-04-2026 08:30,114.93,115.35,114.80,115.20,519
07-04-2026 08:45,115.20,115.70,115.04,115.16,538
07-04-2026 09:00,115.15,115.53,115.13,115.42,432
07-04-2026 09:15,115.42,115.68,115.33,115.62,374
07-04-2026 09:30,115.62,116.52,115.51,116.45,738
07-04-2026 09:45,116.45,116.45,116.01,116.06,519
07-04-2026 10:00,116.06,116.06,115.44,115.55,574
07-04-2026 10:15,115.55,115.63,115.12,115.42,501
07-04-2026 10:30,115.42,115.42,114.94,115.18,507
07-04-2026 10:45,115.18,115.75,115.08,115.66,502
07-04-2026 11:00,115.66,116.01,115.44,115.53,708
07-04-2026 11:15,115.52,115.55,115.06,115.25,605
07-04-2026 11:30,115.25,115.39,115.04,115.31,665
07-04-2026 11:45,115.31,115.71,114.99,115.01,707
07-04-2026 12:00,115.01,115.42,114.74,114.88,795
07-04-2026 12:15,114.88,115.10,114.67,114.84,737
07-04-2026 12:30,114.79,115.01,114.60,114.69,774
07-04-2026 12:45,114.69,115.05,114.62,115.00,708
07-04-2026 13:00,114.99,115.17,114.77,115.08,608
07-04-2026 13:15,115.08,115.60,115.00,115.35,767
07-04-2026 13:30,115.35,115.38,113.74,113.88,1653
07-04-2026 13:45,113.88,113.93,112.44,113.46,1973
07-04-2026 14:00,113.49,113.55,112.36,112.56,1436
07-04-2026 14:15,112.56,113.08,112.40,112.66,1086
07-04-2026 14:30,112.67,113.05,112.09,112.60,1087
07-04-2026 14:45,112.60,112.68,111.55,111.89,1327
07-04-2026 15:00,111.90,111.92,111.27,111.70,1342
07-04-2026 15:15,111.71,112.63,111.69,112.53,1084
07-04-2026 15:30,112.48,114.23,111.82,112.68,1364
07-04-2026 15:45,112.68,114.37,112.30,113.79,1594
07-04-2026 16:00,113.79,114.07,113.37,113.71,1497
07-04-2026 16:15,113.69,114.59,113.69,114.16,1362
07-04-2026 16:30,114.09,114.85,113.89,114.65,1091
07-04-2026 16:45,114.65,114.83,114.37,114.66,1005
07-04-2026 17:00,114.67,114.77,114.33,114.62,900
07-04-2026 17:15,114.62,115.90,114.60,115.81,1102
07-04-2026 17:30,115.81,116.36,115.55,116.16,1223
07-04-2026 17:45,116.16,116.16,114.52,114.69,1569
07-04-2026 18:00,114.69,115.44,114.45,115.36,1129
07-04-2026 18:15,115.36,115.79,114.09,115.04,1242
07-04-2026 18:30,114.96,115.83,114.52,115.24,1642
07-04-2026 18:45,115.24,115.70,114.99,115.27,1359
07-04-2026 19:00,115.27,116.08,115.04,116.00,1466
07-04-2026 19:15,116.00,116.24,115.53,116.19,1284
07-04-2026 19:30,116.18,116.86,116.03,116.71,1321
07-04-2026 19:45,116.71,117.03,115.85,116.52,1517
07-04-2026 20:00,116.52,116.86,115.99,116.25,1603
07-04-2026 20:15,116.25,116.45,115.41,116.40,1635
07-04-2026 20:30,116.40,117.59,116.40,117.33,1603
07-04-2026 20:45,117.30,117.34,115.68,115.78,2152
07-04-2026 21:00,115.79,116.32,115.64,115.79,1458
07-04-2026 21:15,115.77,115.84,114.49,114.95,1387
07-04-2026 21:30,114.95,115.15,113.68,115.13,1968
07-04-2026 21:45,115.13,115.61,114.50,114.81,1496
07-04-2026 22:00,114.81,115.35,114.56,114.89,1321
07-04-2026 22:15,114.88,115.12,114.30,115.12,1240
07-04-2026 22:30,115.11,115.31,114.39,115.22,1285
07-04-2026 22:45,115.22,115.82,114.96,115.39,1198
07-04-2026 23:00,115.39,115.39,113.82,114.27,1740
07-04-2026 23:15,114.29,114.47,113.33,113.90,1441
07-04-2026 23:30,113.90,114.07,113.36,113.57,1352
07-04-2026 23:45,113.56,113.73,112.52,112.82,1964
08-04-2026 00:00,112.83,114.37,112.71,114.27,1383
08-04-2026 00:15,114.27,115.46,114.25,115.09,1152
08-04-2026 00:30,115.09,115.35,114.56,115.12,1254
08-04-2026 00:45,115.13,115.13,112.04,113.17,2351
08-04-2026 01:00,113.18,113.97,113.08,113.58,1378
08-04-2026 01:15,113.58,113.65,109.30,112.17,2495
08-04-2026 01:30,112.21,112.45,110.99,112.14,1802
08-04-2026 01:45,112.11,112.43,111.06,111.28,1443
08-04-2026 02:00,111.28,111.57,110.31,110.70,1670
08-04-2026 02:15,110.70,111.26,110.29,110.29,1554
08-04-2026 03:30,108.81,108.98,107.49,108.03,1152
08-04-2026 03:45,108.04,108.83,107.71,107.94,744
08-04-2026 04:00,107.92,108.06,100.93,102.67,2096
08-04-2026 04:15,102.65,103.66,97.36,98.76,2188
08-04-2026 04:30,98.76,98.76,93.24,94.61,2437
08-04-2026 04:45,94.56,95.06,91.05,93.62,2156
08-04-2026 05:00,93.68,95.87,93.17,95.79,1904
08-04-2026 05:15,95.77,96.75,94.99,96.43,1499
08-04-2026 05:30,96.43,96.60,94.04,96.32,2422
08-04-2026 05:45,96.33,97.71,96.17,97.28,1878
08-04-2026 06:00,97.24,98.28,96.62,97.67,1583
08-04-2026 06:15,97.66,97.69,96.10,96.91,1333
08-04-2026 06:30,96.91,97.20,95.80,96.16,1761
08-04-2026 06:45,96.16,97.23,96.01,97.18,1226
08-04-2026 07:00,97.18,97.36,96.71,97.31,1067
08-04-2026 07:15,97.31,97.40,96.70,96.70,1074
08-04-2026 07:30,96.70,96.70,96.02,96.43,1267
08-04-2026 07:45,96.42,97.28,96.31,97.00,1062
08-04-2026 08:00,96.99,96.99,95.99,96.39,1278
08-04-2026 08:15,96.32,96.55,96.12,96.41,764
08-04-2026 08:30,96.40,96.40,95.66,95.88,890
08-04-2026 08:45,95.90,95.96,95.49,95.76,706
08-04-2026 09:00,95.76,96.11,95.53,95.91,717
08-04-2026 09:15,95.91,96.63,95.77,96.35,822
08-04-2026 09:30,96.35,96.42,96.00,96.14,605
08-04-2026 09:45,96.14,96.34,95.85,95.86,660
08-04-2026 10:00,95.85,96.55,95.49,96.53,862
08-04-2026 10:15,96.53,97.20,96.43,96.69,1120
08-04-2026 10:30,96.65,96.79,96.44,96.58,583
08-04-2026 10:45,96.58,96.88,95.92,95.94,788
08-04-2026 11:00,95.94,96.01,95.36,95.71,1134
08-04-2026 11:15,95.71,95.98,95.55,95.72,805
08-04-2026 11:30,95.72,95.89,94.69,94.76,1105
08-04-2026 11:45,94.76,95.01,94.59,94.66,1069
08-04-2026 12:00,94.64,94.94,94.56,94.63,1067
08-04-2026 12:15,94.63,95.97,94.54,95.87,1303
08-04-2026 12:30,95.85,96.56,95.80,96.27,1351
08-04-2026 12:45,96.27,96.51,96.12,96.16,971
08-04-2026 13:00,96.16,96.47,96.12,96.20,815
08-04-2026 13:15,96.20,96.22,95.60,95.95,1119
08-04-2026 13:30,95.95,95.95,95.41,95.63,1143
08-04-2026 13:45,95.66,96.63,95.46,96.48,1423
08-04-2026 14:00,96.45,96.63,95.18,95.61,1587
08-04-2026 14:15,95.60,95.64,94.89,94.90,1202
08-04-2026 14:30,94.90,95.34,94.81,95.23,1031
08-04-2026 14:45,95.23,95.36,94.87,95.33,981
08-04-2026 15:00,95.29,95.29,94.12,94.89,1295
08-04-2026 15:15,94.89,95.33,94.59,94.59,1285
08-04-2026 15:30,94.64,94.83,94.10,94.66,1149
08-04-2026 15:45,94.66,95.58,94.61,94.74,1221
08-04-2026 16:00,94.75,94.75,94.22,94.35,1094
08-04-2026 16:15,94.35,94.93,94.24,94.90,854
08-04-2026 16:30,94.91,95.20,94.29,94.37,1051
08-04-2026 16:45,94.36,94.62,93.15,93.33,1460
08-04-2026 17:00,93.33,94.03,93.10,93.44,1544
08-04-2026 17:15,93.44,93.52,93.14,93.23,1207
08-04-2026 17:30,93.23,93.25,92.19,92.26,1678
08-04-2026 17:45,92.27,95.17,92.19,94.06,2322
08-04-2026 18:00,94.05,94.06,92.85,92.85,1694
08-04-2026 18:15,92.85,92.90,92.35,92.55,1528
08-04-2026 18:30,92.55,92.76,92.02,92.10,1809
08-04-2026 18:45,92.10,93.15,91.83,93.12,1671
08-04-2026 19:00,93.12,94.41,92.87,93.88,2350
08-04-2026 19:15,93.89,93.89,92.44,93.21,1988
08-04-2026 19:30,93.24,93.33,92.45,92.65,2011
08-04-2026 19:45,92.65,94.76,92.51,94.33,2005
08-04-2026 20:00,94.33,96.07,94.20,95.83,2379
08-04-2026 20:15,95.80,96.28,95.15,95.55,2199
08-04-2026 20:30,95.55,95.98,94.88,95.56,2082
08-04-2026 20:45,95.57,96.36,95.24,96.34,1855
08-04-2026 21:00,96.35,96.41,95.00,95.32,1699
08-04-2026 21:15,95.33,95.41,94.64,94.94,1347
08-04-2026 21:30,94.94,95.22,94.51,95.19,1397
08-04-2026 21:45,95.19,95.54,94.92,95.04,1532
08-04-2026 22:00,95.03,95.39,94.70,95.27,1287
08-04-2026 22:15,95.27,95.31,94.12,94.40,1187
08-04-2026 22:30,94.40,94.96,94.09,94.55,1300
08-04-2026 22:45,94.54,96.25,94.49,95.90,1648
08-04-2026 23:00,95.90,96.13,94.92,95.01,1614
08-04-2026 23:15,95.00,95.33,94.87,95.29,1271
08-04-2026 23:30,95.28,95.32,93.70,93.87,1599
08-04-2026 23:45,93.87,95.62,93.59,94.37,2422
09-04-2026 00:00,94.40,95.05,94.09,94.88,1320
09-04-2026 00:15,94.89,95.43,94.75,95.39,913
09-04-2026 00:30,95.39,95.89,95.27,95.72,1031
09-04-2026 00:45,95.72,96.86,95.65,96.81,1068
09-04-2026 01:00,96.81,96.84,95.85,96.41,1436
09-04-2026 01:15,96.41,96.44,95.83,96.02,1047
09-04-2026 01:30,96.05,96.50,95.69,96.13,855
09-04-2026 01:45,96.13,96.38,96.08,96.25,453
09-04-2026 02:00,96.25,96.70,96.25,96.62,521
09-04-2026 02:15,96.62,96.71,96.04,96.54,618
09-04-2026 03:30,96.61,96.79,96.25,96.65,350
09-04-2026 03:45,96.65,97.83,96.50,97.00,629
09-04-2026 04:00,97.00,97.17,96.60,96.84,267
09-04-2026 04:15,96.84,97.01,96.70,96.78,243
09-04-2026 04:30,96.78,97.09,96.49,96.70,339
09-04-2026 04:45,96.70,96.97,96.59,96.76,209
09-04-2026 05:00,96.76,97.21,96.63,97.12,324
09-04-2026 05:15,97.12,97.15,96.76,97.09,344
09-04-2026 05:30,97.09,97.48,96.84,97.07,812
09-04-2026 05:45,97.07,97.16,96.35,97.00,848
09-04-2026 06:00,97.00,97.20,96.90,97.14,504
09-04-2026 06:15,97.14,97.77,97.11,97.64,640
09-04-2026 06:30,97.64,97.91,97.32,97.80,963
09-04-2026 06:45,97.82,98.34,97.80,98.11,772
09-04-2026 07:00,98.11,98.15,97.48,97.69,815
09-04-2026 07:15,97.69,97.73,96.84,96.93,930
09-04-2026 07:30,96.93,97.06,96.68,96.92,793
09-04-2026 07:45,96.92,97.02,96.48,96.93,689
09-04-2026 08:00,96.93,97.06,96.73,97.00,473
09-04-2026 08:15,97.00,97.23,96.90,97.21,341
09-04-2026 08:30,97.20,97.26,96.68,96.89,450
09-04-2026 08:45,96.89,97.02,96.76,96.96,314
09-04-2026 09:00,96.96,97.17,96.92,97.13,305
09-04-2026 09:15,97.12,97.35,96.98,97.17,382
09-04-2026 09:30,97.17,97.44,97.11,97.41,337
09-04-2026 09:45,97.41,97.50,97.31,97.43,226
09-04-2026 10:00,97.43,97.72,97.43,97.68,254
09-04-2026 10:15,97.68,97.78,97.51,97.75,220
09-04-2026 10:30,97.75,98.05,97.69,97.79,453
09-04-2026 10:45,97.79,97.79,97.41,97.66,468
09-04-2026 11:00,97.66,97.71,97.27,97.37,530
09-04-2026 11:15,97.37,97.70,97.25,97.34,544
09-04-2026 11:30,97.32,97.53,96.94,97.49,714
09-04-2026 11:45,97.49,97.79,97.36,97.44,472
09-04-2026 12:00,97.45,97.67,97.34,97.34,650
09-04-2026 12:15,97.34,97.82,97.00,97.00,702
09-04-2026 12:30,97.00,97.53,96.94,97.39,795
09-04-2026 12:45,97.39,97.70,97.29,97.62,708
09-04-2026 13:00,97.61,97.64,97.13,97.51,784
09-04-2026 13:15,97.52,98.06,97.48,97.66,768
09-04-2026 13:30,97.59,97.70,97.25,97.40,859
09-04-2026 13:45,97.41,97.79,97.30,97.79,1071
09-04-2026 14:00,97.77,97.85,97.44,97.45,653
09-04-2026 14:15,97.45,98.07,97.42,97.87,568
09-04-2026 14:30,97.88,97.93,97.18,97.42,762
09-04-2026 14:45,97.44,97.57,97.21,97.36,568
09-04-2026 15:00,97.36,97.47,97.23,97.39,522
09-04-2026 15:15,97.40,97.66,97.32,97.63,453
09-04-2026 15:30,97.63,98.88,97.56,98.82,868
09-04-2026 15:45,98.82,99.54,98.78,99.07,1105
09-04-2026 16:00,99.07,99.21,98.73,99.06,751
09-04-2026 16:15,99.06,99.66,99.04,99.59,793
09-04-2026 16:30,99.60,99.64,99.13,99.42,811
09-04-2026 16:45,99.43,99.58,99.27,99.51,697
09-04-2026 17:00,99.51,99.51,98.90,98.92,842
09-04-2026 17:15,98.92,98.95,98.38,98.86,1225
09-04-2026 17:30,98.86,99.36,98.59,99.30,787
09-04-2026 17:45,99.29,99.46,99.04,99.05,742
09-04-2026 18:00,99.05,99.71,98.72,99.50,1326
09-04-2026 18:15,99.50,99.97,99.32,99.34,1013
09-04-2026 18:30,99.30,100.26,99.22,99.69,1517
09-04-2026 18:45,99.68,99.84,99.04,99.05,1133
09-04-2026 19:00,99.00,99.53,99.00,99.38,1298
09-04-2026 19:15,99.38,100.72,99.33,100.64,1436
09-04-2026 19:30,100.63,100.84,100.34,100.35,1224
09-04-2026 19:45,100.36,101.95,100.25,101.80,1490
09-04-2026 20:00,101.83,102.56,101.68,102.17,1588
09-04-2026 20:15,102.17,102.19,101.58,101.88,1449
09-04-2026 20:30,101.88,102.62,101.62,101.79,1496
09-04-2026 20:45,101.79,101.81,100.84,101.66,2073
09-04-2026 21:00,101.65,101.72,99.32,100.05,2760
09-04-2026 21:15,100.06,100.34,98.85,99.13,2122
09-04-2026 21:30,99.12,99.17,97.53,98.20,2188
09-04-2026 21:45,98.21,98.31,96.85,97.14,1903
09-04-2026 22:00,97.14,97.75,97.09,97.69,1669
09-04-2026 22:15,97.70,98.36,97.22,97.41,1675
09-04-2026 22:30,97.41,97.69,96.49,96.79,1460
09-04-2026 22:45,96.79,96.84,96.15,96.57,1472
09-04-2026 23:00,96.57,96.98,95.25,95.73,1686
09-04-2026 23:15,95.74,96.52,95.49,96.30,1452
09-04-2026 23:30,96.30,97.44,96.03,97.23,1920
09-04-2026 23:45,97.23,98.42,96.69,97.85,2087
10-04-2026 00:00,97.87,98.61,97.82,98.22,1358
10-04-2026 00:15,98.21,98.48,97.83,98.38,1097
10-04-2026 00:30,98.38,98.51,97.88,98.37,817
10-04-2026 00:45,98.37,99.37,98.21,99.00,1151
10-04-2026 01:00,99.00,99.35,98.83,99.08,819
10-04-2026 01:15,99.08,99.46,98.99,99.28,771
10-04-2026 01:30,99.27,99.31,98.66,98.90,645
10-04-2026 01:45,98.90,98.97,98.30,98.53,805
10-04-2026 02:00,98.53,98.92,98.37,98.60,536
10-04-2026 02:15,98.61,98.65,97.82,97.86,549
10-04-2026 03:30,98.05,98.48,97.99,98.00,228
10-04-2026 03:45,98.01,98.61,98.01,98.46,251
10-04-2026 04:00,98.47,99.00,98.47,98.68,535
10-04-2026 04:15,98.67,99.15,98.66,98.97,283
10-04-2026 04:30,98.98,99.07,98.41,98.42,264
10-04-2026 04:45,98.42,98.52,98.22,98.45,226
10-04-2026 05:00,98.44,98.60,98.36,98.51,221
10-04-2026 05:15,98.51,98.66,98.37,98.60,159
10-04-2026 05:30,98.60,98.60,98.29,98.39,521
10-04-2026 05:45,98.39,98.51,98.25,98.33,306
10-04-2026 06:00,98.33,98.61,98.29,98.51,233
10-04-2026 06:15,98.51,99.06,98.51,98.89,514
10-04-2026 06:30,98.88,99.21,98.71,98.72,742
10-04-2026 06:45,98.72,98.94,98.57,98.69,492
10-04-2026 07:00,98.69,98.84,98.32,98.69,538
10-04-2026 07:15,98.69,98.74,98.45,98.58,315
10-04-2026 07:30,98.56,98.78,98.49,98.65,390
10-04-2026 07:45,98.66,98.88,98.64,98.82,318
10-04-2026 08:00,98.82,98.88,98.66,98.70,346
10-04-2026 08:15,98.70,98.79,98.46,98.73,297
10-04-2026 08:30,98.74,98.75,98.41,98.62,349
10-04-2026 08:45,98.62,98.78,98.60,98.69,287
10-04-2026 09:00,98.69,98.69,97.99,98.00,482
10-04-2026 09:15,97.99,98.00,97.57,97.77,543
10-04-2026 09:30,97.77,98.04,97.67,97.94,272
10-04-2026 09:45,97.94,98.24,97.89,98.13,255
10-04-2026 10:00,98.13,98.36,98.03,98.21,327
10-04-2026 10:15,98.21,98.41,98.19,98.38,254
10-04-2026 10:30,98.38,98.49,98.23,98.46,226
10-04-2026 10:45,98.46,98.46,98.32,98.39,229
10-04-2026 11:00,98.40,98.72,98.10,98.62,423
10-04-2026 11:15,98.62,98.65,98.43,98.59,321
10-04-2026 11:30,98.59,98.66,98.35,98.49,410
10-04-2026 11:45,98.49,98.64,98.42,98.51,347
10-04-2026 12:00,98.51,98.82,98.27,98.62,508
10-04-2026 12:15,98.62,98.76,98.34,98.60,552
10-04-2026 12:30,98.66,99.63,98.58,99.62,904
10-04-2026 12:45,99.62,99.98,99.42,99.52,646
10-04-2026 13:00,99.52,99.98,99.42,99.88,605
10-04-2026 13:15,99.88,99.93,99.53,99.65,573
10-04-2026 13:30,99.60,99.80,99.37,99.68,692
10-04-2026 13:45,99.68,99.75,99.31,99.61,780
10-04-2026 14:00,99.62,99.77,99.36,99.69,604
10-04-2026 14:15,99.69,100.38,99.69,100.24,735
10-04-2026 14:30,100.24,100.24,99.77,100.01,537
10-04-2026 14:45,100.01,100.09,98.33,98.64,1408
10-04-2026 15:00,98.64,99.24,98.56,98.79,863
10-04-2026 15:15,98.80,99.05,98.14,98.55,857
10-04-2026 15:30,98.55,98.96,98.49,98.81,566
10-04-2026 15:45,98.81,98.89,98.14,98.49,630
10-04-2026 16:00,98.49,98.63,97.74,97.98,855
10-04-2026 16:15,97.98,98.08,97.56,97.99,718
10-04-2026 16:30,97.99,98.47,97.96,98.13,709
10-04-2026 16:45,98.11,98.28,97.39,97.91,716
10-04-2026 17:00,97.91,98.02,97.67,97.88,590
10-04-2026 17:15,97.88,98.20,97.81,98.07,583
10-04-2026 17:30,98.08,98.34,97.66,97.68,842
10-04-2026 17:45,97.68,97.82,97.01,97.55,1042
10-04-2026 18:00,97.55,97.69,97.23,97.46,843
10-04-2026 18:15,97.46,98.18,97.38,98.16,836
10-04-2026 18:30,98.15,98.43,97.39,97.90,1247
10-04-2026 18:45,97.89,98.40,97.70,98.27,962
10-04-2026 19:00,98.27,98.76,98.14,98.54,1185
10-04-2026 19:15,98.54,98.56,98.16,98.38,954
10-04-2026 19:30,98.39,98.62,97.84,97.91,1129
10-04-2026 19:45,97.91,97.96,97.21,97.49,1096
10-04-2026 20:00,97.48,98.97,97.27,98.72,1375
10-04-2026 20:15,98.71,98.96,98.38,98.49,1385
10-04-2026 20:30,98.50,98.75,98.37,98.64,1143
10-04-2026 20:45,98.64,98.98,98.27,98.74,1696
10-04-2026 21:00,98.73,99.42,98.45,99.20,1398
10-04-2026 21:15,99.20,99.33,99.00,99.17,993
10-04-2026 21:30,99.11,99.48,98.78,98.87,999
10-04-2026 21:45,98.88,98.95,98.60,98.80,852
10-04-2026 22:00,98.80,98.90,98.38,98.70,782
10-04-2026 22:15,98.70,98.76,98.11,98.18,788
10-04-2026 22:30,98.17,98.42,97.99,98.08,742
10-04-2026 22:45,98.08,98.53,97.96,98.32,789
10-04-2026 23:00,98.32,98.56,98.12,98.56,864
10-04-2026 23:15,98.56,98.69,97.91,97.95,869
10-04-2026 23:30,97.95,98.37,97.59,97.63,1170
10-04-2026 23:45,97.62,97.72,96.39,96.55,1737
11-04-2026 00:00,96.54,96.62,95.93,96.25,1331
11-04-2026 00:15,96.24,96.50,96.04,96.32,756
11-04-2026 00:30,96.32,96.43,95.70,95.75,761
11-04-2026 00:45,95.75,96.06,95.52,95.85,795
11-04-2026 01:00,95.86,96.28,95.86,96.13,643
11-04-2026 01:15,96.13,96.38,96.04,96.18,579
11-04-2026 01:30,96.18,96.27,95.84,95.87,395
11-04-2026 01:45,95.86,95.90,95.52,95.61,372
11-04-2026 02:00,95.61,95.87,95.60,95.65,344
11-04-2026 02:15,95.65,95.82,95.50,95.53,405
13-04-2026 03:30,101.98,105.50,101.98,104.32,2037
13-04-2026 03:45,104.32,104.81,103.79,104.69,1220
13-04-2026 04:00,104.67,104.87,104.24,104.34,704
13-04-2026 04:15,104.34,104.70,104.16,104.54,581
13-04-2026 04:30,104.54,104.96,104.50,104.89,568
13-04-2026 04:45,104.89,105.35,104.86,105.21,641
13-04-2026 05:00,105.21,105.59,105.04,105.21,520
13-04-2026 05:15,105.20,105.25,104.68,104.71,532
13-04-2026 05:30,104.71,105.02,104.37,104.38,842
13-04-2026 05:45,104.38,104.50,104.24,104.50,606
13-04-2026 06:00,104.52,104.64,104.49,104.53,362
13-04-2026 06:15,104.52,104.57,104.07,104.08,555
13-04-2026 06:30,104.09,104.51,103.85,104.29,1105
13-04-2026 06:45,104.29,104.32,103.97,104.09,508
13-04-2026 07:00,104.09,104.44,103.94,104.32,474
13-04-2026 07:15,104.32,104.46,104.17,104.29,389
13-04-2026 07:30,104.29,104.79,104.27,104.70,452
13-04-2026 07:45,104.71,104.96,104.65,104.94,359
13-04-2026 08:00,104.92,104.96,104.72,104.89,292
13-04-2026 08:15,104.89,105.08,104.83,104.88,265
13-04-2026 08:30,104.88,104.98,104.80,104.86,268
13-04-2026 08:45,104.86,104.92,104.73,104.78,266
13-04-2026 09:00,104.78,105.16,104.77,104.81,390
13-04-2026 09:15,104.81,104.98,104.78,104.83,311
13-04-2026 09:30,104.83,104.98,104.75,104.87,203
13-04-2026 09:45,104.87,104.87,104.54,104.67,282
13-04-2026 10:00,104.67,104.82,104.59,104.82,237
13-04-2026 10:15,104.82,104.84,104.61,104.76,222
13-04-2026 10:30,104.76,104.87,104.60,104.74,244
13-04-2026 10:45,104.73,104.75,104.66,104.73,196
13-04-2026 11:00,104.73,104.90,104.43,104.43,361
13-04-2026 11:15,104.43,104.53,104.15,104.29,420
13-04-2026 11:30,104.29,104.29,103.89,104.26,572
13-04-2026 11:45,104.26,104.30,103.59,103.76,604
13-04-2026 12:00,103.76,103.82,103.51,103.58,415
13-04-2026 12:15,103.57,103.59,103.12,103.26,595
13-04-2026 12:30,103.26,103.57,102.94,103.54,773
13-04-2026 12:45,103.54,103.68,103.40,103.50,523
13-04-2026 13:00,103.49,103.68,103.29,103.44,629
13-04-2026 13:15,103.44,103.68,103.37,103.67,577
13-04-2026 13:30,103.68,104.06,103.35,104.06,756
13-04-2026 13:45,104.06,104.23,103.76,104.06,961
13-04-2026 14:00,104.01,104.72,103.86,104.66,877
13-04-2026 14:15,104.66,104.78,104.50,104.59,643
13-04-2026 14:30,104.59,104.63,104.01,104.47,744
13-04-2026 14:45,104.46,104.70,104.40,104.67,506
13-04-2026 15:00,104.67,104.67,104.29,104.41,510
13-04-2026 15:15,104.41,104.66,104.33,104.47,431
13-04-2026 15:30,104.47,104.47,104.18,104.34,544
13-04-2026 15:45,104.34,104.65,104.31,104.45,409
13-04-2026 16:00,104.45,104.47,104.26,104.41,424
13-04-2026 16:15,104.41,104.42,103.82,103.82,619
13-04-2026 16:30,103.82,103.94,103.40,103.86,660
13-04-2026 16:45,103.86,104.10,103.62,104.02,579
13-04-2026 17:00,104.02,104.09,103.85,103.88,508
13-04-2026 17:15,103.87,104.37,103.70,104.24,846
13-04-2026 17:30,104.24,104.34,103.69,104.07,871
13-04-2026 17:45,104.06,104.19,103.95,104.13,596
13-04-2026 18:00,104.13,104.20,103.84,103.88,577
13-04-2026 18:15,103.88,103.90,103.36,103.64,894
13-04-2026 18:30,103.61,103.69,103.30,103.39,947
13-04-2026 18:45,103.39,103.75,103.35,103.48,719
13-04-2026 19:00,103.49,103.67,103.04,103.28,1111
13-04-2026 19:15,103.29,103.30,100.33,101.69,2089
13-04-2026 19:30,101.72,101.92,100.56,101.10,1912
13-04-2026 19:45,101.10,102.03,101.03,101.94,1484
13-04-2026 20:00,101.93,102.05,101.45,101.63,1178
13-04-2026 20:15,101.63,102.48,101.52,102.01,1164
13-04-2026 20:30,102.01,102.72,102.00,102.25,1493
13-04-2026 20:45,102.24,102.68,102.10,102.58,1310
13-04-2026 21:00,102.60,103.15,102.31,103.02,1278
13-04-2026 21:15,103.02,103.09,102.81,102.82,916
13-04-2026 21:30,102.82,102.98,102.00,102.26,1322
13-04-2026 21:45,102.26,102.39,101.38,101.56,1347
13-04-2026 22:00,101.57,101.59,99.23,100.20,2368
13-04-2026 22:15,100.21,100.54,99.37,99.47,1830
13-04-2026 22:30,99.46,99.97,99.03,99.48,1364
13-04-2026 22:45,99.47,99.76,98.98,99.14,1295
13-04-2026 23:00,99.14,99.37,98.73,98.94,1096
13-04-2026 23:15,98.94,99.33,98.86,99.15,978
13-04-2026 23:30,99.14,99.17,98.49,98.63,1032
13-04-2026 23:45,98.63,99.38,98.46,98.95,1474
14-04-2026 00:00,98.96,99.10,98.59,98.61,892
14-04-2026 00:15,98.61,98.63,97.03,97.10,1429
14-04-2026 00:30,97.10,97.84,97.01,97.70,993
14-04-2026 00:45,97.69,97.85,97.53,97.68,680
14-04-2026 01:00,97.68,98.16,97.47,97.93,750
14-04-2026 01:15,97.93,98.06,97.72,98.01,656
14-04-2026 01:30,98.02,98.24,97.69,97.90,525
14-04-2026 01:45,97.90,98.20,97.84,97.90,400
14-04-2026 02:00,97.90,98.23,97.85,98.01,381
14-04-2026 02:15,98.00,98.01,97.69,97.96,452
14-04-2026 03:30,97.95,97.98,97.46,97.82,336
14-04-2026 03:45,97.82,97.92,97.59,97.77,170
14-04-2026 04:00,97.77,97.89,97.72,97.73,153
14-04-2026 04:15,97.73,97.84,97.47,97.51,183
14-04-2026 04:30,97.52,97.56,96.04,96.51,546
14-04-2026 04:45,96.51,96.99,96.39,96.89,480
14-04-2026 05:00,96.89,96.98,96.74,96.78,189
14-04-2026 05:15,96.78,96.78,96.15,96.55,419
14-04-2026 05:30,96.54,96.95,96.50,96.63,686
14-04-2026 05:45,96.63,96.63,96.24,96.51,428
14-04-2026 06:00,96.51,96.55,95.67,96.12,397
14-04-2026 06:15,96.12,96.35,95.85,95.95,418
14-04-2026 06:30,95.95,96.90,95.93,96.76,919
14-04-2026 06:45,96.76,97.12,96.69,96.94,483
14-04-2026 07:00,96.94,97.24,96.88,97.00,416
14-04-2026 07:15,97.00,97.22,96.95,97.16,319
14-04-2026 07:30,97.17,97.22,96.77,96.87,351
14-04-2026 07:45,96.87,97.03,96.81,96.99,209
14-04-2026 08:00,96.99,97.22,96.98,97.00,343
14-04-2026 08:15,97.00,97.22,96.98,97.07,309
14-04-2026 08:30,97.07,97.39,96.86,97.37,397
14-04-2026 08:45,97.37,97.60,97.35,97.53,382
14-04-2026 09:00,97.53,97.53,97.04,97.10,250
14-04-2026 09:15,97.10,97.12,96.74,96.97,295
14-04-2026 09:30,96.98,96.98,96.85,96.92,145
14-04-2026 09:45,96.93,96.96,96.67,96.79,303
14-04-2026 10:00,96.80,96.88,96.72,96.74,175
14-04-2026 10:15,96.75,96.81,96.65,96.70,137
14-04-2026 10:30,96.69,96.84,96.62,96.75,205
14-04-2026 10:45,96.75,97.11,96.73,97.08,243
14-04-2026 11:00,97.08,97.43,97.04,97.43,427
14-04-2026 11:15,97.43,97.44,97.23,97.33,309
14-04-2026 11:30,97.33,97.42,97.18,97.24,468
14-04-2026 11:45,97.25,97.42,97.13,97.25,433
14-04-2026 12:00,97.24,97.59,97.24,97.40,480
14-04-2026 12:15,97.40,97.71,97.38,97.38,596
14-04-2026 12:30,97.31,97.47,95.20,95.47,1639
14-04-2026 12:45,95.45,96.36,95.27,96.33,983
14-04-2026 13:00,96.30,96.75,96.15,96.47,841
14-04-2026 13:15,96.47,96.57,96.02,96.50,774
14-04-2026 13:30,96.50,97.00,96.47,96.80,987
14-04-2026 13:45,96.80,97.03,96.66,96.77,1054
14-04-2026 14:00,96.78,96.84,96.35,96.57,721
14-04-2026 14:15,96.57,96.90,96.35,96.37,545
14-04-2026 14:30,96.36,97.11,96.23,96.97,719
14-04-2026 14:45,96.97,97.12,96.81,97.11,431
14-04-2026 15:00,97.12,97.28,96.90,97.06,496
14-04-2026 15:15,97.06,97.27,96.85,96.85,533
14-04-2026 15:30,96.85,96.91,96.35,96.56,610
14-04-2026 15:45,96.56,96.74,96.14,96.68,554
14-04-2026 16:00,96.68,97.44,96.65,97.38,684
14-04-2026 16:15,97.38,97.54,97.06,97.32,476
14-04-2026 16:30,97.31,97.69,97.23,97.61,582
14-04-2026 16:45,97.61,97.67,97.34,97.60,430
14-04-2026 17:00,97.60,97.94,97.17,97.38,642
14-04-2026 17:15,97.38,97.52,96.13,97.15,976
14-04-2026 17:30,97.15,97.15,96.31,96.59,1108
14-04-2026 17:45,96.59,96.66,95.79,95.89,908
14-04-2026 18:00,95.87,96.29,95.79,96.01,928
14-04-2026 18:15,96.01,96.07,95.64,95.82,929
14-04-2026 18:30,95.82,96.31,95.62,96.05,1241
14-04-2026 18:45,96.05,96.11,95.32,95.65,1199
14-04-2026 19:00,95.61,95.77,94.86,95.19,1469
14-04-2026 19:15,95.20,95.40,94.65,94.67,1150
14-04-2026 19:30,94.67,94.67,92.19,92.74,2247
14-04-2026 19:45,92.75,93.74,92.70,93.46,1463
14-04-2026 20:00,93.45,93.65,92.88,93.50,1277
14-04-2026 20:15,93.49,93.63,93.13,93.40,1315
14-04-2026 20:30,93.40,94.30,93.36,94.06,1394
14-04-2026 20:45,94.06,94.12,93.19,93.83,1636
14-04-2026 21:00,93.84,93.88,92.65,92.87,1253
14-04-2026 21:15,92.87,92.88,92.19,92.60,1237
14-04-2026 21:30,92.59,92.73,92.12,92.15,926
14-04-2026 21:45,92.15,92.49,91.94,92.10,982
14-04-2026 22:00,92.12,92.60,91.96,92.25,1153
14-04-2026 22:15,92.25,92.78,92.22,92.75,955
14-04-2026 22:30,92.75,92.98,92.44,92.54,949
14-04-2026 22:45,92.54,92.77,92.40,92.47,864
14-04-2026 23:00,92.47,92.56,91.74,91.82,1000
14-04-2026 23:15,91.82,92.28,91.49,92.04,1109
14-04-2026 23:30,92.04,92.13,91.23,91.59,1213
14-04-2026 23:45,91.59,91.95,91.04,91.29,1565
15-04-2026 00:00,91.35,91.75,91.14,91.71,831
15-04-2026 00:15,91.71,91.87,91.57,91.74,533
15-04-2026 00:30,91.74,91.81,91.56,91.68,440
15-04-2026 00:45,91.67,91.75,91.57,91.67,318
15-04-2026 01:00,91.67,91.89,91.60,91.87,372
15-04-2026 01:15,91.87,92.17,91.84,92.00,456
15-04-2026 01:30,91.99,92.22,91.98,92.08,307
15-04-2026 01:45,92.08,92.28,92.05,92.22,282
15-04-2026 02:00,92.22,92.32,91.67,91.74,399
15-04-2026 02:15,91.74,92.08,91.58,92.04,425
15-04-2026 03:30,92.24,92.36,91.76,91.76,331
15-04-2026 03:45,91.75,91.79,91.22,91.33,380
15-04-2026 04:00,91.33,91.55,91.17,91.38,288
15-04-2026 04:15,91.38,91.90,91.32,91.69,231
15-04-2026 04:30,91.69,91.96,91.36,91.67,239
15-04-2026 04:45,91.66,91.66,91.30,91.31,191
15-04-2026 05:00,91.31,91.33,86.98,88.92,1257
15-04-2026 05:15,88.88,90.31,88.27,90.27,797
15-04-2026 05:30,90.31,91.08,90.31,90.71,602
15-04-2026 05:45,90.71,90.81,90.13,90.17,332
15-04-2026 06:00,90.17,90.54,90.13,90.35,354
15-04-2026 06:15,90.35,90.41,90.16,90.33,330
15-04-2026 06:30,90.32,90.65,89.97,90.14,950
15-04-2026 06:45,90.15,90.32,89.99,90.12,563
15-04-2026 07:00,90.12,90.75,90.08,90.74,546
15-04-2026 07:15,90.74,90.83,90.45,90.47,418
15-04-2026 07:30,90.48,90.78,90.43,90.63,378
15-04-2026 07:45,90.64,90.81,90.51,90.70,313
15-04-2026 08:00,90.71,91.17,90.71,91.06,616
15-04-2026 08:15,91.06,91.28,90.92,91.24,396
15-04-2026 08:30,91.24,91.47,91.11,91.33,363
15-04-2026 08:45,91.34,91.35,91.11,91.33,327
15-04-2026 09:00,91.33,91.33,90.86,90.92,346
15-04-2026 09:15,90.93,91.12,90.88,90.91,268
15-04-2026 09:30,90.92,91.09,90.86,90.96,175
15-04-2026 09:45,90.96,91.20,90.96,91.19,164
15-04-2026 10:00,91.20,91.55,91.19,91.46,338
15-04-2026 10:15,91.45,91.78,91.44,91.65,355
15-04-2026 10:30,91.65,91.65,91.39,91.48,393
15-04-2026 10:45,91.48,91.67,91.45,91.60,221
15-04-2026 11:00,91.60,91.72,91.44,91.62,383
15-04-2026 11:15,91.62,91.67,91.12,91.19,405
15-04-2026 11:30,91.19,91.24,90.85,90.92,566
15-04-2026 11:45,90.92,90.92,90.41,90.48,652
15-04-2026 12:00,90.48,90.68,90.31,90.51,572
15-04-2026 12:15,90.51,90.90,90.28,90.88,693
15-04-2026 12:30,90.88,91.16,90.85,90.97,708
15-04-2026 12:45,90.97,91.46,90.97,91.39,693
15-04-2026 13:00,91.39,91.44,90.82,90.87,640
15-04-2026 13:15,90.88,90.91,90.58,90.73,582
15-04-2026 13:30,90.73,90.92,90.37,90.81,836
15-04-2026 13:45,90.81,91.20,90.69,91.05,834
15-04-2026 14:00,91.06,91.72,91.02,91.57,833
15-04-2026 14:15,91.57,91.68,91.21,91.32,591
15-04-2026 14:30,91.32,92.48,91.26,92.42,1052
15-04-2026 14:45,92.41,92.64,92.10,92.58,957
15-04-2026 15:00,92.58,92.69,92.38,92.57,714
15-04-2026 15:15,92.59,92.68,92.23,92.24,691
15-04-2026 15:30,92.24,92.40,91.67,92.17,741
15-04-2026 15:45,92.17,93.10,92.17,92.94,1011
15-04-2026 16:00,92.95,93.26,92.58,92.65,989
15-04-2026 16:15,92.65,92.95,92.36,92.72,947
15-04-2026 16:30,92.72,92.91,92.49,92.54,693
15-04-2026 16:45,92.54,92.64,92.14,92.41,691
15-04-2026 17:00,92.41,92.46,92.01,92.13,834
15-04-2026 17:15,92.14,92.17,91.17,91.68,1172
15-04-2026 17:30,91.64,92.41,91.64,92.21,1085
15-04-2026 17:45,92.21,92.47,91.71,91.74,688
15-04-2026 18:00,91.74,91.93,91.20,91.23,841
15-04-2026 18:15,91.23,92.07,91.22,91.95,933
15-04-2026 18:30,91.95,92.17,90.99,91.40,1246
15-04-2026 18:45,91.40,91.41,90.71,90.93,1194
15-04-2026 19:00,90.92,91.32,90.39,91.18,1437
15-04-2026 19:15,91.18,91.53,90.95,91.04,1087
15-04-2026 19:30,91.03,91.29,90.79,91.01,1003
15-04-2026 19:45,91.01,91.31,90.59,90.69,1254
15-04-2026 20:00,90.68,92.08,90.68,91.84,1547
15-04-2026 20:15,91.83,92.44,91.66,92.34,1082
15-04-2026 20:30,92.34,92.77,92.13,92.46,1256
15-04-2026 20:45,92.47,92.73,92.24,92.65,1270
15-04-2026 21:00,92.65,92.90,92.11,92.40,1188
15-04-2026 21:15,92.40,92.51,92.00,92.31,1061
15-04-2026 21:30,92.31,92.51,91.99,92.05,873
15-04-2026 21:45,92.05,92.26,91.71,91.76,839
15-04-2026 22:00,91.76,91.82,91.40,91.81,923
15-04-2026 22:15,91.81,91.89,91.62,91.74,619
15-04-2026 22:30,91.74,91.96,91.53,91.89,740
15-04-2026 22:45,91.89,91.89,91.55,91.60,722
15-04-2026 23:00,91.60,92.42,91.60,92.13,712
15-04-2026 23:15,92.13,92.55,91.96,92.49,746
15-04-2026 23:30,92.49,92.68,91.24,91.35,1551
15-04-2026 23:45,91.35,91.70,91.12,91.28,1174
16-04-2026 00:00,91.29,91.38,91.09,91.20,610
16-04-2026 00:15,91.20,91.26,90.99,91.12,484
16-04-2026 00:30,91.12,91.12,90.75,91.01,491
16-04-2026 00:45,91.01,91.08,90.69,90.87,359
16-04-2026 01:00,90.89,91.08,90.89,91.03,337
16-04-2026 01:15,91.03,91.05,90.87,90.98,275
16-04-2026 01:30,90.98,91.23,90.97,91.18,214
16-04-2026 01:45,91.18,91.23,91.10,91.18,147
16-04-2026 02:00,91.18,91.40,91.18,91.32,145
16-04-2026 02:15,91.32,91.45,91.27,91.37,167
16-04-2026 03:30,91.29,91.31,90.84,90.96,242
16-04-2026 03:45,90.96,91.10,90.90,91.04,186
16-04-2026 04:00,91.04,91.09,90.87,90.95,120
16-04-2026 04:15,90.95,91.01,90.79,90.99,106
16-04-2026 04:30,90.99,91.01,90.66,90.76,151
16-04-2026 04:45,90.76,90.87,90.67,90.82,142
16-04-2026 05:00,90.82,90.95,90.81,90.86,91
16-04-2026 05:15,90.86,90.97,90.82,90.91,116
16-04-2026 05:30,90.91,90.95,90.65,90.80,314
16-04-2026 05:45,90.80,90.82,90.51,90.58,234
16-04-2026 06:00,90.58,90.88,90.57,90.76,235
16-04-2026 06:15,90.76,91.02,90.76,90.96,188
16-04-2026 06:30,90.96,91.11,90.83,90.95,413
16-04-2026 06:45,90.95,91.14,90.84,91.12,269
16-04-2026 07:00,91.12,91.39,91.09,91.35,300
16-04-2026 07:15,91.35,91.48,91.23,91.42,264
16-04-2026 07:30,91.42,91.64,91.40,91.58,330
16-04-2026 07:45,91.58,91.73,91.53,91.67,215
16-04-2026 08:00,91.67,91.69,91.54,91.54,222
16-04-2026 08:15,91.55,91.55,91.35,91.47,182
16-04-2026 08:30,91.47,91.48,91.18,91.22,200
16-04-2026 08:45,91.22,91.52,91.20,91.52,233
16-04-2026 09:00,91.52,91.70,91.51,91.60,243
16-04-2026 09:15,91.60,91.71,91.50,91.68,222
16-04-2026 09:30,91.66,91.86,91.63,91.72,266
16-04-2026 09:45,91.72,91.73,91.66,91.68,143
16-04-2026 10:00,91.68,91.82,91.65,91.78,128
16-04-2026 10:15,91.78,91.82,91.71,91.74,122
16-04-2026 10:30,91.74,91.81,91.59,91.67,234
16-04-2026 10:45,91.67,91.75,91.58,91.60,165
16-04-2026 11:00,91.60,91.86,91.54,91.82,350
16-04-2026 11:15,91.81,91.83,91.46,91.54,281
16-04-2026 11:30,91.54,91.56,91.30,91.47,360
16-04-2026 11:45,91.47,91.63,91.42,91.58,311
16-04-2026 12:00,91.58,91.65,91.44,91.54,360
16-04-2026 12:15,91.55,91.65,91.43,91.57,419
16-04-2026 12:30,91.57,92.10,91.53,91.96,684
16-04-2026 12:45,91.92,92.12,91.73,91.82,541
16-04-2026 13:00,91.83,92.08,91.78,92.05,496
16-04-2026 13:15,92.06,92.67,91.97,92.62,577
16-04-2026 13:30,92.59,92.78,92.42,92.54,754
16-04-2026 13:45,92.54,92.76,92.33,92.71,719
16-04-2026 14:00,92.72,92.98,92.61,92.69,630
16-04-2026 14:15,92.70,92.70,92.33,92.37,439
16-04-2026 14:30,92.38,92.43,92.26,92.31,382
16-04-2026 14:45,92.31,92.43,92.17,92.28,441
16-04-2026 15:00,92.27,92.40,92.12,92.35,452
16-04-2026 15:15,92.35,92.82,92.35,92.62,496
16-04-2026 15:30,92.60,92.63,92.28,92.30,488
16-04-2026 15:45,92.29,92.59,92.25,92.45,351
16-04-2026 16:00,92.45,92.53,92.34,92.43,365
16-04-2026 16:15,92.43,92.46,91.84,91.85,467
16-04-2026 16:30,91.85,91.85,91.41,91.55,766
16-04-2026 16:45,91.55,91.80,91.40,91.69,531
16-04-2026 17:00,91.69,91.78,91.43,91.46,357
16-04-2026 17:15,91.46,91.51,91.08,91.49,563
16-04-2026 17:30,91.47,91.65,91.12,91.37,646
16-04-2026 17:45,91.37,91.63,91.31,91.56,467
16-04-2026 18:00,91.56,92.10,91.55,92.00,791
16-04-2026 18:15,92.00,92.20,91.93,92.19,619
16-04-2026 18:30,92.19,92.56,92.01,92.37,923
16-04-2026 18:45,92.37,92.38,91.85,91.95,753
16-04-2026 19:00,91.96,92.80,91.89,92.57,1164
16-04-2026 19:15,92.57,93.45,92.53,93.16,1114
16-04-2026 19:30,93.16,93.25,92.88,93.07,1058
16-04-2026 19:45,93.07,93.66,93.04,93.36,988
16-04-2026 20:00,93.36,93.91,93.16,93.28,1250
16-04-2026 20:15,93.33,93.65,93.17,93.41,1065
16-04-2026 20:30,93.41,93.43,92.81,93.14,1188
16-04-2026 20:45,93.14,93.78,92.88,93.78,1166
16-04-2026 21:00,93.79,93.95,93.11,93.60,1482
16-04-2026 21:15,93.59,93.78,93.28,93.35,900
16-04-2026 21:30,93.35,93.70,93.33,93.64,830
16-04-2026 21:45,93.64,93.75,93.40,93.51,872
16-04-2026 22:00,93.52,94.41,93.47,94.36,1288
16-04-2026 22:15,94.36,94.51,94.19,94.43,938
16-04-2026 22:30,94.42,95.03,94.31,95.00,900
16-04-2026 22:45,95.00,95.15,94.80,95.09,869
16-04-2026 23:00,95.07,95.34,94.96,95.04,782
16-04-2026 23:15,95.04,95.37,94.98,95.13,685
16-04-2026 23:30,95.13,95.15,94.55,94.66,1113
16-04-2026 23:45,94.66,94.95,94.48,94.70,1198
17-04-2026 00:00,94.70,94.88,94.25,94.30,629
17-04-2026 00:15,94.30,94.32,93.70,93.78,608
17-04-2026 00:30,93.78,94.08,93.62,94.08,586
17-04-2026 00:45,94.08,94.08,93.50,93.63,447
17-04-2026 01:00,93.63,93.63,93.33,93.42,551
17-04-2026 01:15,93.41,93.55,93.28,93.52,429
17-04-2026 01:30,93.53,93.59,93.41,93.50,266
17-04-2026 01:45,93.50,93.58,93.36,93.52,219
17-04-2026 02:00,93.52,93.60,93.36,93.36,318
17-04-2026 02:15,93.37,93.48,93.11,93.16,357
17-04-2026 03:30,93.23,93.37,92.87,93.09,276
17-04-2026 03:45,93.09,93.63,93.08,93.37,264
17-04-2026 04:00,93.37,93.39,93.15,93.22,125
17-04-2026 04:15,93.22,93.27,92.99,92.99,117
17-04-2026 04:30,92.99,93.26,92.99,93.22,142
17-04-2026 04:45,93.22,93.38,93.15,93.34,137
17-04-2026 05:00,93.34,93.43,93.26,93.42,145
17-04-2026 05:15,93.41,93.53,93.30,93.30,176
17-04-2026 05:30,93.30,93.36,92.99,93.30,384
17-04-2026 05:45,93.30,93.48,93.00,93.10,282
17-04-2026 06:00,93.11,93.19,92.99,93.14,226
17-04-2026 06:15,93.14,93.42,93.14,93.40,222
17-04-2026 06:30,93.38,93.52,93.28,93.47,460
17-04-2026 06:45,93.47,93.66,93.43,93.46,278
17-04-2026 07:00,93.46,93.56,93.10,93.16,218
17-04-2026 07:15,93.15,93.38,93.08,93.29,267
17-04-2026 07:30,93.30,93.53,93.28,93.52,229
17-04-2026 07:45,93.52,93.53,93.36,93.39,132
17-04-2026 08:00,93.39,93.42,93.22,93.35,252
17-04-2026 08:15,93.36,93.39,93.26,93.29,205
17-04-2026 08:30,93.30,93.42,93.12,93.41,147
17-04-2026 08:45,93.42,93.52,93.36,93.47,101
17-04-2026 09:00,93.47,93.61,93.42,93.46,132
17-04-2026 09:15,93.46,93.48,93.34,93.48,116
17-04-2026 09:30,93.48,93.52,93.40,93.52,143
17-04-2026 09:45,93.52,93.54,93.42,93.52,133
17-04-2026 10:00,93.52,93.54,93.30,93.30,119
17-04-2026 10:15,93.30,93.36,93.23,93.31,128
17-04-2026 10:30,93.30,93.52,93.27,93.31,202
17-04-2026 10:45,93.31,93.42,93.24,93.29,223
17-04-2026 11:00,93.28,93.37,93.17,93.21,277
17-04-2026 11:15,93.21,93.31,93.13,93.28,275
17-04-2026 11:30,93.29,93.47,93.22,93.32,433
17-04-2026 11:45,93.32,93.58,93.28,93.55,373
17-04-2026 12:00,93.56,93.75,93.44,93.68,406
17-04-2026 12:15,93.68,94.00,93.68,93.78,490
17-04-2026 12:30,93.78,93.81,93.45,93.49,438
17-04-2026 12:45,93.49,93.60,93.40,93.59,489
17-04-2026 13:00,93.58,93.95,93.42,93.67,583
17-04-2026 13:15,93.67,93.89,93.61,93.65,505
17-04-2026 13:30,93.66,93.71,93.26,93.37,684
17-04-2026 13:45,93.37,93.64,93.31,93.59,869
17-04-2026 14:00,93.59,93.77,92.79,92.82,745
17-04-2026 14:15,92.82,93.03,92.31,92.56,647
17-04-2026 14:30,92.54,92.57,92.27,92.46,554
17-04-2026 14:45,92.45,92.71,91.47,91.53,805
17-04-2026 15:00,91.53,91.54,90.50,90.85,1020
17-04-2026 15:15,90.85,91.08,90.68,90.81,696
17-04-2026 15:30,90.81,91.02,90.25,90.50,658
17-04-2026 15:45,90.51,91.12,90.47,91.04,609
17-04-2026 16:00,91.04,91.45,90.95,91.44,458
17-04-2026 16:15,91.44,91.53,91.24,91.25,470
17-04-2026 16:30,91.26,91.33,91.08,91.29,444
17-04-2026 16:45,91.29,91.36,91.16,91.24,304
17-04-2026 17:00,91.25,91.41,91.00,91.00,490
17-04-2026 17:15,91.00,91.09,90.64,90.86,545
17-04-2026 17:30,90.86,91.05,90.66,90.76,521
17-04-2026 17:45,90.76,90.85,89.44,89.79,1099
17-04-2026 18:00,89.74,90.23,89.55,90.09,990
17-04-2026 18:15,90.09,90.12,84.66,85.41,2787
17-04-2026 18:30,85.35,86.14,82.98,83.59,2556
17-04-2026 18:45,83.59,84.94,83.59,84.52,2120
17-04-2026 19:00,84.51,84.78,83.63,84.06,2111
17-04-2026 19:15,84.06,85.31,83.61,84.57,2167
17-04-2026 19:30,84.57,84.67,83.86,83.86,1533
17-04-2026 19:45,83.84,83.95,83.12,83.53,1466
17-04-2026 20:00,83.54,83.60,80.54,81.25,1848
17-04-2026 20:15,81.25,82.21,80.89,82.18,1660
17-04-2026 20:30,82.17,82.58,81.67,82.53,1766
17-04-2026 20:45,82.53,83.39,82.13,83.37,1628
17-04-2026 21:00,83.35,83.63,82.72,83.22,1441
17-04-2026 21:15,83.20,83.53,82.70,82.96,1276
17-04-2026 21:30,82.96,83.37,82.70,82.75,1053
17-04-2026 21:45,82.72,83.60,82.59,83.57,857
17-04-2026 22:00,83.58,83.62,83.07,83.12,795
17-04-2026 22:15,83.12,83.20,82.93,83.01,668
17-04-2026 22:30,83.01,84.09,82.91,83.51,974
17-04-2026 22:45,83.51,84.55,83.42,84.43,1240
17-04-2026 23:00,84.43,84.56,84.03,84.15,924
17-04-2026 23:15,84.15,84.18,83.34,83.38,881
17-04-2026 23:30,83.37,84.39,83.23,84.37,896
17-04-2026 23:45,84.35,84.35,82.99,84.18,1404
18-04-2026 00:00,84.16,84.75,84.02,84.60,826
18-04-2026 00:15,84.60,84.94,84.46,84.64,694
18-04-2026 00:30,84.64,84.96,84.53,84.76,518
18-04-2026 00:45,84.76,84.86,84.50,84.81,494
18-04-2026 01:00,84.81,84.84,84.15,84.25,478
18-04-2026 01:15,84.25,84.84,84.25,84.67,464
18-04-2026 01:30,84.68,84.79,84.55,84.73,246
18-04-2026 01:45,84.73,85.25,84.72,85.07,285
18-04-2026 02:00,85.07,85.19,84.91,85.19,179
18-04-2026 02:15,85.19,85.56,85.04,85.15,376
20-04-2026 03:30,88.13,89.56,87.34,87.83,1740
20-04-2026 03:45,87.83,88.22,87.56,88.21,1075
20-04-2026 04:00,88.20,88.45,87.69,87.73,628
20-04-2026 04:15,87.73,88.01,87.72,87.97,387
20-04-2026 04:30,87.97,88.07,87.83,87.89,320
20-04-2026 04:45,87.89,88.47,87.89,88.43,438
20-04-2026 05:00,88.43,88.64,88.39,88.43,420
20-04-2026 05:15,88.42,88.62,88.30,88.61,423
20-04-2026 05:30,88.60,88.82,88.37,88.45,803
20-04-2026 05:45,88.45,88.52,88.01,88.08,696
20-04-2026 06:00,88.08,88.28,87.96,88.19,404
20-04-2026 06:15,88.19,88.28,88.06,88.06,322
20-04-2026 06:30,88.08,88.08,87.29,87.51,1178
20-04-2026 06:45,87.51,87.64,87.27,87.31,611
20-04-2026 07:00,87.31,87.46,86.70,87.05,788
20-04-2026 07:15,87.05,87.17,86.44,86.69,710
20-04-2026 07:30,86.69,86.83,86.57,86.79,513
20-04-2026 07:45,86.79,87.01,86.69,86.78,437
20-04-2026 08:00,86.78,87.22,86.67,87.08,564
20-04-2026 08:15,87.08,87.41,87.00,87.14,420
20-04-2026 08:30,87.14,87.37,87.09,87.27,375
20-04-2026 08:45,87.27,87.40,87.17,87.30,253
20-04-2026 09:00,87.30,87.45,87.19,87.36,234
20-04-2026 09:15,87.35,87.45,87.29,87.38,220
20-04-2026 09:30,87.38,87.52,87.36,87.42,252
20-04-2026 09:45,87.42,87.62,87.42,87.61,214
20-04-2026 10:00,87.61,87.84,87.46,87.48,293
20-04-2026 10:15,87.48,87.54,87.30,87.40,290
20-04-2026 10:30,87.40,87.65,87.31,87.51,289
20-04-2026 10:45,87.51,87.76,87.47,87.67,271
20-04-2026 11:00,87.67,87.77,87.45,87.77,403
20-04-2026 11:15,87.77,87.77,87.41,87.53,337
20-04-2026 11:30,87.53,87.68,87.26,87.33,575
20-04-2026 11:45,87.33,87.74,87.33,87.61,437
20-04-2026 12:00,87.61,87.62,87.37,87.42,465
20-04-2026 12:15,87.42,88.01,87.36,87.37,718
20-04-2026 12:30,87.33,87.61,86.60,87.17,1044
20-04-2026 12:45,87.18,87.41,86.72,87.32,772
20-04-2026 13:00,87.32,88.22,87.22,87.79,1078
20-04-2026 13:15,87.78,88.07,87.66,87.69,703
20-04-2026 13:30,87.69,88.12,87.62,87.83,817
20-04-2026 13:45,87.83,88.38,87.75,88.06,1006
20-04-2026 14:00,88.06,88.36,88.04,88.08,655
20-04-2026 14:15,88.08,88.17,87.35,87.42,713
20-04-2026 14:30,87.44,87.80,86.94,87.57,833
20-04-2026 14:45,87.57,87.69,87.25,87.27,636
20-04-2026 15:00,87.27,87.42,87.04,87.08,662
20-04-2026 15:15,87.08,87.62,87.01,87.59,603
20-04-2026 15:30,87.59,87.60,86.78,87.21,758
20-04-2026 15:45,87.22,87.36,86.69,87.13,626
20-04-2026 16:00,87.13,87.37,87.05,87.32,450
20-04-2026 16:15,87.33,87.62,87.18,87.49,599
20-04-2026 16:30,87.48,87.69,87.42,87.54,511
20-04-2026 16:45,87.54,87.92,87.45,87.71,495
20-04-2026 17:00,87.71,87.84,87.23,87.40,959
20-04-2026 17:15,87.40,87.47,86.95,87.08,776
20-04-2026 17:30,87.08,87.52,86.78,87.03,864
20-04-2026 17:45,87.02,87.23,86.90,86.93,645
20-04-2026 18:00,86.93,87.33,86.84,87.27,824
20-04-2026 18:15,87.27,87.34,86.67,86.95,820
20-04-2026 18:30,86.95,87.44,85.90,86.41,1556
20-04-2026 18:45,86.41,86.57,85.67,85.78,1337
20-04-2026 19:00,85.75,86.40,85.45,85.74,1542
20-04-2026 19:15,85.74,86.14,85.74,85.94,939
20-04-2026 19:30,85.94,86.73,85.92,86.31,1203
20-04-2026 19:45,86.31,86.56,85.99,86.20,989
20-04-2026 20:00,86.21,86.87,85.98,86.60,1147
20-04-2026 20:15,86.61,87.76,86.57,87.25,1410
20-04-2026 20:30,87.25,87.48,87.04,87.17,1243
20-04-2026 20:45,87.17,87.47,86.48,86.53,1610
20-04-2026 21:00,86.59,87.39,86.53,87.04,1089
20-04-2026 21:15,87.04,87.43,87.00,87.31,737
20-04-2026 21:30,87.29,87.67,87.24,87.42,781
20-04-2026 21:45,87.43,87.54,87.13,87.26,617
20-04-2026 22:00,87.27,87.48,87.06,87.40,750
20-04-2026 22:15,87.41,87.46,87.00,87.25,559
20-04-2026 22:30,87.25,87.47,87.07,87.11,655
20-04-2026 22:45,87.11,87.73,87.11,87.73,523
20-04-2026 23:00,87.73,87.96,87.16,87.20,872
20-04-2026 23:15,87.20,87.56,87.14,87.50,562
20-04-2026 23:30,87.46,87.73,87.14,87.36,862
20-04-2026 23:45,87.36,87.54,86.96,87.34,1050
21-04-2026 00:00,87.33,87.69,87.26,87.48,610
21-04-2026 00:15,87.48,87.57,87.24,87.35,317
21-04-2026 00:30,87.35,87.39,87.11,87.19,213
21-04-2026 00:45,87.19,87.28,87.11,87.15,216
21-04-2026 01:00,87.15,87.17,86.84,86.96,280
21-04-2026 01:15,86.96,86.99,86.81,86.86,327
21-04-2026 01:30,86.87,87.00,86.76,86.93,223
21-04-2026 01:45,86.93,87.02,86.89,86.89,174
21-04-2026 02:00,86.90,86.95,86.62,86.90,327
21-04-2026 02:15,86.90,86.96,85.57,85.86,509
21-04-2026 03:30,86.04,86.34,85.97,86.07,404
21-04-2026 03:45,86.07,86.22,86.03,86.16,137
21-04-2026 04:00,86.17,86.51,86.17,86.27,237
21-04-2026 04:15,86.27,86.39,86.12,86.34,146
21-04-2026 04:30,86.34,86.48,86.29,86.43,114
21-04-2026 04:45,86.43,86.49,86.37,86.40,96
21-04-2026 05:00,86.40,86.40,86.19,86.24,94
21-04-2026 05:15,86.24,86.35,86.12,86.17,131
21-04-2026 05:30,86.17,86.52,86.10,86.24,402
21-04-2026 05:45,86.24,86.39,86.22,86.31,165
21-04-2026 06:00,86.31,86.56,86.29,86.41,223
21-04-2026 06:15,86.41,86.49,86.17,86.47,426
21-04-2026 06:30,86.46,86.70,86.46,86.69,493
21-04-2026 06:45,86.69,86.70,86.48,86.63,283
21-04-2026 07:00,86.63,86.66,86.41,86.46,263
21-04-2026 07:15,86.46,86.69,86.40,86.64,222
21-04-2026 07:30,86.64,86.76,86.60,86.69,234
21-04-2026 07:45,86.69,86.69,86.51,86.52,149
21-04-2026 08:00,86.52,86.69,86.48,86.54,166
21-04-2026 08:15,86.54,86.65,86.51,86.63,155
21-04-2026 08:30,86.62,86.69,86.53,86.67,185
21-04-2026 08:45,86.67,86.76,86.55,86.56,175
21-04-2026 09:00,86.56,86.74,86.52,86.69,157
21-04-2026 09:15,86.69,86.69,86.55,86.67,90
21-04-2026 09:30,86.67,86.67,86.40,86.47,191
21-04-2026 09:45,86.47,86.49,86.42,86.47,100
21-04-2026 10:00,86.47,86.54,86.44,86.52,96
21-04-2026 10:15,86.52,86.53,86.25,86.27,130
21-04-2026 10:30,86.26,86.26,85.87,85.95,256
21-04-2026 10:45,85.96,86.04,85.66,85.70,277
21-04-2026 11:00,85.70,85.95,85.65,85.91,352
21-04-2026 11:15,85.91,86.25,85.91,86.15,279
21-04-2026 11:30,86.14,86.42,86.12,86.24,336
21-04-2026 11:45,86.23,86.37,86.21,86.33,274
21-04-2026 12:00,86.33,86.53,86.29,86.53,283
21-04-2026 12:15,86.52,86.71,86.39,86.59,331
21-04-2026 12:30,86.59,87.45,86.59,86.89,791
21-04-2026 12:45,86.88,86.99,86.67,86.89,520
21-04-2026 13:00,86.88,86.98,86.49,86.53,519
21-04-2026 13:15,86.52,86.55,85.85,86.42,778
21-04-2026 13:30,86.42,86.76,86.31,86.63,715
21-04-2026 13:45,86.62,86.66,86.02,86.18,800
21-04-2026 14:00,86.19,86.57,85.98,86.01,621
21-04-2026 14:15,86.01,86.83,85.99,86.79,552
21-04-2026 14:30,86.79,87.47,86.76,87.00,747
21-04-2026 14:45,86.99,87.09,86.77,86.79,505
21-04-2026 15:00,86.79,86.96,86.54,86.90,469
21-04-2026 15:15,86.90,86.95,86.57,86.69,394
21-04-2026 15:30,86.68,86.78,86.45,86.50,409
21-04-2026 15:45,86.50,86.73,86.41,86.55,395
21-04-2026 16:00,86.54,86.60,86.13,86.46,466
21-04-2026 16:15,86.46,86.63,86.25,86.63,457
21-04-2026 16:30,86.63,87.55,86.63,87.36,859
21-04-2026 16:45,87.36,87.50,87.14,87.23,595
21-04-2026 17:00,87.23,87.53,87.11,87.50,443
21-04-2026 17:15,87.50,87.68,87.35,87.58,498
21-04-2026 17:30,87.54,87.70,87.38,87.62,521
21-04-2026 17:45,87.62,87.70,87.20,87.20,544
21-04-2026 18:00,87.20,87.67,86.77,87.56,1041
21-04-2026 18:15,87.55,87.62,87.12,87.34,820
21-04-2026 18:30,87.29,87.32,86.95,87.14,882
21-04-2026 18:45,87.13,87.27,86.52,86.93,777
21-04-2026 19:00,86.94,87.16,86.73,86.97,1032
21-04-2026 19:15,86.97,87.00,86.62,86.77,822
21-04-2026 19:30,86.77,87.80,86.75,87.75,1029
21-04-2026 19:45,87.75,88.00,87.57,87.85,868
21-04-2026 20:00,87.86,88.11,87.64,88.03,898
21-04-2026 20:15,88.03,88.75,88.03,88.71,1122
21-04-2026 20:30,88.72,88.96,88.39,88.74,1094
21-04-2026 20:45,88.74,89.84,88.64,89.78,1241
21-04-2026 21:00,89.78,90.07,89.65,89.85,1158
21-04-2026 21:15,89.85,89.88,89.38,89.76,1019
21-04-2026 21:30,89.76,90.13,89.40,89.97,1018
21-04-2026 21:45,89.97,90.09,89.72,89.93,757
21-04-2026 22:00,89.93,90.32,89.76,90.24,874
21-04-2026 22:15,90.24,90.42,90.11,90.40,645
21-04-2026 22:30,90.40,91.43,90.27,91.26,1406
21-04-2026 22:45,91.26,91.41,90.83,91.08,995
21-04-2026 23:00,91.09,91.09,88.95,89.38,1603
21-04-2026 23:15,89.39,89.95,89.26,89.41,1362
21-04-2026 23:30,89.41,89.66,89.10,89.48,1303
21-04-2026 23:45,89.48,89.99,89.24,89.54,1644
22-04-2026 00:00,89.53,89.83,89.27,89.65,887
22-04-2026 00:15,89.65,89.72,87.98,88.81,1241
22-04-2026 00:30,88.81,89.08,88.30,88.83,1344
22-04-2026 00:45,88.83,89.18,87.87,88.36,1157
22-04-2026 01:00,88.36,91.80,88.36,91.68,1891
22-04-2026 01:15,91.67,92.19,91.10,91.76,1700
22-04-2026 01:30,91.76,91.92,87.87,89.83,1593
22-04-2026 01:45,89.81,90.80,89.51,89.97,1511
22-04-2026 02:00,89.97,90.63,89.71,90.60,732
22-04-2026 02:15,90.60,90.82,90.16,90.43,596
22-04-2026 03:30,90.06,90.65,89.70,90.24,344
22-04-2026 03:45,90.24,90.34,90.01,90.19,158
22-04-2026 04:00,90.19,90.44,90.15,90.37,181
22-04-2026 04:15,90.37,90.49,90.27,90.32,166
22-04-2026 04:30,90.32,90.47,90.32,90.41,124
22-04-2026 04:45,90.42,90.45,90.29,90.40,107
22-04-2026 05:00,90.40,90.60,90.35,90.57,139
22-04-2026 05:15,90.57,90.68,90.46,90.49,213
22-04-2026 05:30,90.49,90.49,89.14,89.38,768
22-04-2026 05:45,89.38,89.48,88.76,89.35,720
22-04-2026 06:00,89.35,89.63,89.19,89.47,397
22-04-2026 06:15,89.49,89.83,89.33,89.78,480
22-04-2026 06:30,89.78,89.78,89.12,89.31,908
22-04-2026 06:45,89.31,89.42,89.03,89.12,413
22-04-2026 07:00,89.12,89.38,89.09,89.37,465
22-04-2026 07:15,89.38,89.53,89.34,89.38,336
22-04-2026 07:30,89.38,89.44,89.31,89.36,200
22-04-2026 07:45,89.36,89.50,89.22,89.22,292
22-04-2026 08:00,89.22,89.40,89.13,89.33,323
22-04-2026 08:15,89.33,89.47,89.23,89.32,277
22-04-2026 08:30,89.33,89.68,89.15,89.59,325
22-04-2026 08:45,89.59,89.62,89.34,89.37,354
22-04-2026 09:00,89.37,89.48,89.23,89.24,191
22-04-2026 09:15,89.24,89.29,89.16,89.24,186
22-04-2026 09:30,89.24,89.39,89.18,89.33,171
22-04-2026 09:45,89.33,89.52,89.30,89.51,226
22-04-2026 10:00,89.51,89.54,89.39,89.48,148
22-04-2026 10:15,89.48,89.60,89.27,89.55,244
22-04-2026 10:30,89.55,89.57,89.15,89.22,231
22-04-2026 10:45,89.22,89.26,87.62,88.32,1297
22-04-2026 11:00,88.33,88.48,88.10,88.36,751
22-04-2026 11:15,88.36,88.81,88.32,88.74,442
22-04-2026 11:30,88.74,88.93,88.60,88.80,437
22-04-2026 11:45,88.79,88.91,88.71,88.72,376
22-04-2026 12:00,88.76,88.87,88.61,88.82,554
22-04-2026 12:15,88.82,88.84,88.62,88.70,432
22-04-2026 12:30,88.69,88.87,88.49,88.84,551
22-04-2026 12:45,88.84,89.39,88.84,89.03,692
22-04-2026 13:00,89.03,89.32,88.96,89.11,635
22-04-2026 13:15,89.11,89.37,89.09,89.35,559
22-04-2026 13:30,89.35,89.75,89.20,89.73,735
22-04-2026 13:45,89.73,90.75,89.71,90.75,1139
22-04-2026 14:00,90.75,91.39,90.55,90.91,1138
22-04-2026 14:15,90.90,91.19,90.76,90.78,759
22-04-2026 14:30,90.78,90.94,90.30,90.31,944
22-04-2026 14:45,90.31,90.52,90.12,90.26,596
22-04-2026 15:00,90.25,90.46,90.15,90.43,598
22-04-2026 15:15,90.44,91.13,90.37,90.85,774
22-04-2026 15:30,90.84,90.94,90.55,90.74,710
22-04-2026 15:45,90.74,90.74,90.05,90.13,637
22-04-2026 16:00,90.13,90.41,89.93,90.22,595
22-04-2026 16:15,90.22,90.31,90.03,90.10,515
22-04-2026 16:30,90.10,90.42,89.99,90.42,589
22-04-2026 16:45,90.41,90.56,90.23,90.39,560
22-04-2026 17:00,90.40,90.61,90.23,90.51,585
22-04-2026 17:15,90.51,90.51,89.78,90.20,707
22-04-2026 17:30,90.20,90.23,89.84,89.98,721
22-04-2026 17:45,89.98,90.53,89.69,90.52,857
22-04-2026 18:00,90.52,91.10,90.43,91.01,1095
22-04-2026 18:15,90.99,91.56,90.96,91.41,979
22-04-2026 18:30,91.41,91.48,90.44,91.26,1430
22-04-2026 18:45,91.26,91.85,90.69,91.14,1466
22-04-2026 19:00,91.15,92.07,91.11,91.79,1378
22-04-2026 19:15,91.79,91.88,91.45,91.72,1134
22-04-2026 19:30,91.72,91.80,91.36,91.43,991
22-04-2026 19:45,91.43,91.71,91.12,91.26,1096
22-04-2026 20:00,91.26,91.99,90.94,91.97,1418
22-04-2026 20:15,91.97,92.42,91.60,92.18,1328
22-04-2026 20:30,92.18,92.40,91.29,91.88,1590
22-04-2026 20:45,91.88,92.44,91.88,92.24,1270
22-04-2026 21:00,92.26,93.12,92.15,92.93,1187
22-04-2026 21:15,92.93,93.23,92.83,93.08,853
22-04-2026 21:30,93.04,93.20,92.87,93.13,783
22-04-2026 21:45,93.13,93.48,93.07,93.19,729
22-04-2026 22:00,93.19,93.62,93.19,93.56,758
22-04-2026 22:15,93.56,93.71,93.26,93.60,838
22-04-2026 22:30,93.60,93.67,92.51,93.01,1258
22-04-2026 22:45,93.01,93.40,92.87,93.00,771
22-04-2026 23:00,93.00,93.17,92.80,92.80,758
22-04-2026 23:15,92.79,93.00,92.33,92.59,904
22-04-2026 23:30,92.61,93.00,92.59,92.84,653
22-04-2026 23:45,92.84,93.29,92.79,92.99,878
23-04-2026 00:00,92.98,93.13,92.93,92.98,484
23-04-2026 00:15,92.98,93.06,92.77,92.92,334
23-04-2026 00:30,92.92,93.07,92.81,92.90,331
23-04-2026 00:45,92.90,92.90,92.50,92.57,441
23-04-2026 01:00,92.57,92.68,92.40,92.60,412
23-04-2026 01:15,92.60,92.65,92.46,92.59,436
23-04-2026 01:30,92.60,92.61,92.49,92.55,202
23-04-2026 01:45,92.54,92.54,92.40,92.49,226
23-04-2026 02:00,92.49,93.03,92.49,92.72,337
23-04-2026 02:15,92.72,92.88,92.66,92.86,241
23-04-2026 03:30,92.63,92.70,92.44,92.54,191
23-04-2026 03:45,92.54,92.68,92.44,92.60,184
23-04-2026 04:00,92.60,92.64,92.31,92.41,129
23-04-2026 04:15,92.41,92.57,92.39,92.52,95
23-04-2026 04:30,92.52,92.55,92.40,92.49,90
23-04-2026 04:45,92.49,92.52,92.40,92.45,78
23-04-2026 05:00,92.45,92.58,92.44,92.45,85
23-04-2026 05:15,92.45,92.75,92.38,92.72,143
23-04-2026 05:30,92.72,95.60,92.59,95.57,926
23-04-2026 05:45,95.60,97.19,93.19,93.42,2139
23-04-2026 06:00,93.42,93.53,92.86,93.44,793
23-04-2026 06:15,93.44,93.49,92.88,92.91,606
23-04-2026 06:30,92.91,93.60,92.81,93.50,898
23-04-2026 06:45,93.50,93.64,93.37,93.58,404
23-04-2026 07:00,93.58,93.63,93.12,93.15,460
23-04-2026 07:15,93.15,93.68,93.09,93.45,400
23-04-2026 07:30,93.46,93.90,93.44,93.88,445
23-04-2026 07:45,93.89,94.59,93.88,94.30,744
23-04-2026 08:00,94.31,94.62,93.92,94.12,691
23-04-2026 08:15,94.11,95.16,94.09,95.05,735
23-04-2026 08:30,95.05,95.24,94.74,95.08,841
23-04-2026 08:45,95.08,95.09,94.56,94.77,671
23-04-2026 09:00,94.77,95.05,94.61,94.63,493
23-04-2026 09:15,94.63,94.67,94.41,94.53,394
23-04-2026 09:30,94.53,94.63,94.36,94.43,319
23-04-2026 09:45,94.43,94.62,94.35,94.52,241
23-04-2026 10:00,94.52,94.53,94.14,94.20,341
23-04-2026 10:15,94.20,94.31,94.02,94.04,284
23-04-2026 10:30,94.05,94.40,93.95,94.35,375
23-04-2026 10:45,94.35,94.41,94.19,94.29,300
23-04-2026 11:00,94.29,94.38,94.02,94.24,547
23-04-2026 11:15,94.24,94.30,93.83,93.85,452
23-04-2026 11:30,93.81,93.98,93.64,93.85,562
23-04-2026 11:45,93.85,94.34,93.78,94.16,513
23-04-2026 12:00,94.15,94.46,94.12,94.43,484
23-04-2026 12:15,94.44,94.63,94.28,94.39,659
23-04-2026 12:30,94.35,94.50,94.18,94.22,684
23-04-2026 12:45,94.22,94.71,94.14,94.35,755
23-04-2026 13:00,94.35,94.49,93.84,93.84,817
23-04-2026 13:15,93.85,93.98,93.22,93.68,1037
23-04-2026 13:30,93.64,94.45,93.64,94.25,887
23-04-2026 13:45,94.25,94.28,93.64,94.22,1033
23-04-2026 14:00,94.21,95.02,94.14,94.97,1000
23-04-2026 14:15,94.97,95.00,94.70,94.88,665
23-04-2026 14:30,94.88,95.62,94.81,95.34,892
23-04-2026 14:45,95.34,95.39,94.39,94.61,902
23-04-2026 15:00,94.62,94.66,94.26,94.63,657
23-04-2026 15:15,94.63,94.95,94.59,94.91,580
23-04-2026 15:30,94.92,95.03,94.71,94.90,538
23-04-2026 15:45,94.90,94.90,94.24,94.29,545
23-04-2026 16:00,94.30,94.64,94.16,94.58,491
23-04-2026 16:15,94.58,94.60,93.75,93.93,585
23-04-2026 16:30,93.94,94.10,93.78,93.98,567
23-04-2026 16:45,93.98,94.12,93.75,94.03,561
23-04-2026 17:00,94.03,94.19,93.41,93.54,945
23-04-2026 17:15,93.54,93.65,93.01,93.22,1091
23-04-2026 17:30,93.22,93.31,92.32,92.62,1349
23-04-2026 17:45,92.62,93.18,92.39,92.89,973
23-04-2026 18:00,92.90,92.93,92.44,92.87,820
23-04-2026 18:15,92.85,93.94,92.70,93.20,1516
23-04-2026 18:30,93.15,93.93,92.97,93.69,1147
23-04-2026 18:45,93.69,93.98,93.34,93.95,883
23-04-2026 19:00,93.95,94.37,93.73,94.35,1149
23-04-2026 19:15,94.36,94.42,93.80,93.96,936
23-04-2026 19:30,93.97,94.60,93.66,93.79,1375
23-04-2026 19:45,93.80,93.81,93.24,93.38,1093
23-04-2026 20:00,93.36,93.72,93.20,93.27,1107
23-04-2026 20:15,93.27,93.56,93.02,93.07,1100
23-04-2026 20:30,93.06,93.75,92.95,93.61,1064
23-04-2026 20:45,93.61,93.76,93.31,93.64,1153
23-04-2026 21:00,93.66,94.19,93.59,94.11,1001
23-04-2026 21:15,94.11,94.61,94.11,94.42,1046
23-04-2026 21:30,94.42,94.68,94.33,94.49,823
23-04-2026 21:45,94.49,94.57,94.27,94.33,720
23-04-2026 22:00,94.32,94.44,93.92,94.19,692
23-04-2026 22:15,94.20,94.62,93.96,94.43,797
23-04-2026 22:30,94.42,96.21,94.41,95.92,2035
23-04-2026 22:45,95.92,96.91,95.90,96.72,1731
23-04-2026 23:00,96.73,98.16,96.38,97.82,1972
23-04-2026 23:15,97.83,98.37,95.91,96.17,2563
23-04-2026 23:30,96.18,96.26,95.23,95.64,2180
23-04-2026 23:45,95.65,96.04,95.40,95.75,1801
24-04-2026 00:00,95.74,96.53,95.30,96.01,1150
24-04-2026 00:15,96.02,96.78,96.00,96.65,791
24-04-2026 00:30,96.66,96.84,96.18,96.24,819
24-04-2026 00:45,96.24,96.43,95.94,96.24,517
24-04-2026 01:00,96.24,96.71,96.17,96.59,615
24-04-2026 01:15,96.59,96.59,96.30,96.38,593
24-04-2026 01:30,96.38,97.10,96.37,96.79,612
24-04-2026 01:45,96.81,97.28,96.53,96.54,428
24-04-2026 02:00,96.54,96.93,96.44,96.87,352
24-04-2026 02:15,96.87,97.38,96.78,96.95,466
24-04-2026 03:30,96.42,96.71,96.34,96.55,256
24-04-2026 03:45,96.54,96.94,96.53,96.86,179
24-04-2026 04:00,96.86,97.29,96.80,97.06,306
24-04-2026 04:15,97.06,97.08,96.93,97.04,108
24-04-2026 04:30,97.04,97.10,96.99,97.09,100
24-04-2026 04:45,97.08,97.08,96.93,96.93,87
24-04-2026 05:00,96.93,96.93,96.79,96.92,119
24-04-2026 05:15,96.91,96.92,96.67,96.78,201
24-04-2026 05:30,96.78,97.00,96.67,96.87,403
24-04-2026 05:45,96.87,96.87,96.67,96.69,323
24-04-2026 06:00,96.69,97.00,96.67,97.00,316
24-04-2026 06:15,97.00,97.50,96.97,97.15,566
24-04-2026 06:30,97.15,97.15,96.67,96.71,562
24-04-2026 06:45,96.70,97.15,96.67,97.13,452
24-04-2026 07:00,97.13,97.56,97.05,97.34,532
24-04-2026 07:15,97.34,97.35,96.91,96.97,353
24-04-2026 07:30,96.99,97.05,96.82,96.89,379
24-04-2026 07:45,96.89,96.89,96.67,96.74,238
24-04-2026 08:00,96.74,96.78,96.40,96.42,442
24-04-2026 08:15,96.42,96.57,96.37,96.44,244
24-04-2026 08:30,96.45,96.67,96.39,96.51,256
24-04-2026 08:45,96.51,96.53,96.12,96.34,358
24-04-2026 09:00,96.35,96.65,96.33,96.50,290
24-04-2026 09:15,96.50,96.64,96.50,96.61,182
24-04-2026 09:30,96.61,96.69,96.52,96.59,165
24-04-2026 09:45,96.59,96.67,96.42,96.47,209
24-04-2026 10:00,96.47,96.49,96.31,96.31,175
24-04-2026 10:15,96.31,96.32,95.93,96.00,278
24-04-2026 10:30,95.93,96.15,95.86,95.99,378
24-04-2026 10:45,95.99,96.12,95.87,96.03,265
24-04-2026 11:00,96.03,96.03,95.69,95.82,522
24-04-2026 11:15,95.82,96.03,95.80,95.95,357
24-04-2026 11:30,95.95,96.03,95.54,95.58,439
24-04-2026 11:45,95.58,96.09,95.54,96.02,505
24-04-2026 12:00,96.02,96.16,95.82,95.95,486
24-04-2026 12:15,95.95,96.53,95.95,96.48,676
24-04-2026 12:30,96.48,96.61,96.19,96.29,607
24-04-2026 12:45,96.29,96.42,95.99,96.14,567
24-04-2026 13:00,96.14,96.66,96.14,96.62,570
24-04-2026 13:15,96.62,96.77,96.52,96.67,627
24-04-2026 13:30,96.67,97.81,96.67,97.56,1023
24-04-2026 13:45,97.55,97.55,96.96,97.21,1190
24-04-2026 14:00,97.23,97.45,97.06,97.36,756
24-04-2026 14:15,97.37,97.40,96.92,96.96,621
24-04-2026 14:30,96.96,97.37,96.65,97.13,737
24-04-2026 14:45,97.13,97.51,97.10,97.38,639
24-04-2026 15:00,97.40,97.71,97.32,97.44,509
24-04-2026 15:15,97.43,97.76,97.35,97.71,494
24-04-2026 15:30,97.71,97.71,97.44,97.64,539
24-04-2026 15:45,97.64,97.68,97.28,97.39,462
24-04-2026 16:00,97.39,97.52,97.10,97.13,483
24-04-2026 16:15,97.13,97.22,96.89,96.92,498
24-04-2026 16:30,96.92,96.92,94.83,95.12,1851
24-04-2026 16:45,95.12,95.54,93.67,93.71,2032
24-04-2026 17:00,93.69,94.63,93.63,94.58,1549
24-04-2026 17:15,94.58,94.95,94.36,94.47,1062
24-04-2026 17:30,94.47,94.95,94.29,94.48,827
24-04-2026 17:45,94.48,95.10,94.14,94.90,1163
24-04-2026 18:00,94.89,96.03,94.89,95.84,1162
24-04-2026 18:15,95.85,96.47,95.60,95.90,1266
24-04-2026 18:30,95.90,95.91,94.73,95.00,1183
24-04-2026 18:45,95.00,95.31,94.61,94.90,1286
24-04-2026 19:00,94.90,95.52,94.86,95.38,1273
24-04-2026 19:15,95.37,95.46,95.00,95.18,1223
24-04-2026 19:30,95.17,95.56,94.75,95.15,1503
24-04-2026 19:45,95.17,95.52,94.89,95.32,1208
24-04-2026 20:00,95.31,95.42,94.68,94.78,1219
24-04-2026 20:15,94.78,95.15,94.65,95.09,1061
24-04-2026 20:30,95.09,95.78,95.03,95.41,1210
24-04-2026 20:45,95.40,95.70,95.21,95.47,1249
24-04-2026 21:00,95.47,95.53,93.66,93.68,1172
24-04-2026 21:15,93.68,93.72,92.68,93.51,2230
24-04-2026 21:30,93.51,94.05,93.11,93.79,1394
24-04-2026 21:45,93.78,94.20,93.72,93.97,943
24-04-2026 22:00,93.96,94.40,93.65,94.00,939
24-04-2026 22:15,94.00,94.19,93.67,93.75,931
24-04-2026 22:30,93.76,93.76,93.35,93.73,1044
24-04-2026 22:45,93.72,93.92,93.57,93.87,796
24-04-2026 23:00,93.87,94.08,93.14,93.49,949
24-04-2026 23:15,93.49,93.63,92.74,93.59,992
24-04-2026 23:30,93.60,94.16,93.60,93.97,913
24-04-2026 23:45,93.96,94.48,93.91,94.40,1071
25-04-2026 00:00,94.41,94.61,94.15,94.40,611
25-04-2026 00:15,94.40,94.41,94.03,94.21,403
25-04-2026 00:30,94.21,94.40,94.09,94.17,483
25-04-2026 00:45,94.18,94.90,94.07,94.82,582
25-04-2026 01:00,94.82,94.91,94.67,94.77,452
25-04-2026 01:15,94.77,95.19,94.60,94.75,641
25-04-2026 01:30,94.76,95.39,94.76,95.31,429
25-04-2026 01:45,95.31,95.54,95.23,95.40,285
25-04-2026 02:00,95.39,95.41,94.85,94.95,416
25-04-2026 02:15,94.95,95.03,94.77,94.78,369
27-04-2026 03:30,95.58,96.59,95.39,96.42,825
27-04-2026 03:45,96.42,96.64,96.36,96.48,326
27-04-2026 04:00,96.48,96.60,96.44,96.47,226
27-04-2026 04:15,96.47,96.48,95.95,96.00,273
27-04-2026 04:30,96.00,96.27,95.94,96.13,261
27-04-2026 04:45,96.12,96.19,96.03,96.15,143
27-04-2026 05:00,96.15,96.26,96.14,96.21,188
27-04-2026 05:15,96.21,96.21,96.09,96.11,171
27-04-2026 05:30,96.11,96.51,95.97,95.99,389
27-04-2026 05:45,95.99,96.21,95.99,96.18,222
27-04-2026 06:00,96.18,96.46,96.15,96.46,208
27-04-2026 06:15,96.46,96.47,95.84,96.05,322
27-04-2026 06:30,96.05,96.05,95.41,95.66,866
27-04-2026 06:45,95.66,96.09,95.66,95.87,462
27-04-2026 07:00,95.87,95.97,95.71,95.80,363
27-04-2026 07:15,95.80,96.03,95.67,95.85,371
27-04-2026 07:30,95.84,95.84,95.60,95.60,262
27-04-2026 07:45,95.61,95.63,95.35,95.45,294
27-04-2026 08:00,95.44,95.53,95.29,95.48,307
27-04-2026 08:15,95.48,95.56,95.22,95.23,249
27-04-2026 08:30,95.23,95.34,94.97,95.29,315
27-04-2026 08:45,95.29,95.33,95.12,95.18,297
27-04-2026 09:00,95.18,95.26,95.12,95.16,235
27-04-2026 09:15,95.16,95.31,95.14,95.28,172
27-04-2026 09:30,95.28,95.36,95.23,95.33,178
27-04-2026 09:45,95.32,95.36,95.28,95.32,113
27-04-2026 10:00,95.32,95.37,95.18,95.21,148
27-04-2026 10:15,95.21,95.64,95.20,95.56,236
27-04-2026 10:30,95.56,95.98,95.52,95.98,285
27-04-2026 10:45,95.98,96.03,95.84,95.95,311
27-04-2026 11:00,95.95,96.24,95.81,96.06,447
27-04-2026 11:15,96.06,96.13,95.90,96.05,275
27-04-2026 11:30,96.05,96.38,96.02,96.20,461
27-04-2026 11:45,96.20,96.27,96.10,96.16,350
27-04-2026 12:00,96.16,96.34,96.15,96.25,335
27-04-2026 12:15,96.25,96.26,96.01,96.06,352
27-04-2026 12:30,96.06,96.58,96.05,96.37,634
27-04-2026 12:45,96.37,96.73,96.34,96.64,529
27-04-2026 13:00,96.64,96.71,96.44,96.53,502
27-04-2026 13:15,96.53,96.86,96.43,96.81,578
27-04-2026 13:30,96.81,97.08,96.73,96.79,769
27-04-2026 13:45,96.79,96.99,96.68,96.94,789
27-04-2026 14:00,96.91,96.95,96.56,96.56,633
27-04-2026 14:15,96.56,96.58,96.38,96.46,496
27-04-2026 14:30,96.45,96.46,96.13,96.35,553
27-04-2026 14:45,96.35,96.65,96.25,96.62,467
27-04-2026 15:00,96.62,96.68,96.40,96.42,328
27-04-2026 15:15,96.43,96.63,96.35,96.48,336
27-04-2026 15:30,96.48,96.49,96.30,96.36,371
27-04-2026 15:45,96.36,96.41,96.16,96.30,349
27-04-2026 16:00,96.30,96.30,95.37,95.42,635
27-04-2026 16:15,95.41,95.46,95.05,95.39,778
27-04-2026 16:30,95.39,95.43,95.15,95.25,527
27-04-2026 16:45,95.25,95.34,94.65,94.71,740
27-04-2026 17:00,94.69,95.25,94.57,95.04,772
27-04-2026 17:15,95.04,95.24,94.94,95.09,490
27-04-2026 17:30,95.09,95.15,94.94,95.01,478
27-04-2026 17:45,95.01,95.67,94.84,95.50,726
27-04-2026 18:00,95.50,96.38,95.47,96.33,1000
27-04-2026 18:15,96.33,96.50,96.01,96.29,932
27-04-2026 18:30,96.27,96.36,95.76,96.00,1044
27-04-2026 18:45,96.00,96.09,95.60,95.82,794
27-04-2026 19:00,95.82,96.49,95.71,96.41,1121
27-04-2026 19:15,96.41,96.51,95.66,95.70,1054
27-04-2026 19:30,95.70,96.04,95.29,95.94,1404
27-04-2026 19:45,95.94,96.35,95.90,96.21,1115
27-04-2026 20:00,96.21,96.44,95.68,96.19,1255
27-04-2026 20:15,96.19,96.77,96.14,96.73,1066
27-04-2026 20:30,96.73,97.20,96.67,97.08,1037
27-04-2026 20:45,97.08,97.47,96.82,96.87,1235
27-04-2026 21:00,96.87,97.18,96.55,96.61,1004
27-04-2026 21:15,96.60,96.75,96.08,96.14,890
27-04-2026 21:30,96.14,96.39,96.04,96.37,855
27-04-2026 21:45,96.37,96.42,96.12,96.33,590
27-04-2026 22:00,96.33,96.46,96.11,96.45,568
27-04-2026 22:15,96.45,96.58,96.36,96.55,458
27-04-2026 22:30,96.55,96.99,96.50,96.89,549
27-04-2026 22:45,96.89,97.65,96.68,96.85,994
27-04-2026 23:00,96.85,96.87,96.15,96.46,969
27-04-2026 23:15,96.45,96.78,96.41,96.53,707
27-04-2026 23:30,96.54,97.10,96.54,96.81,1072
27-04-2026 23:45,96.81,96.85,96.23,96.37,1103
28-04-2026 00:00,96.37,96.58,96.20,96.38,577
28-04-2026 00:15,96.38,96.56,96.33,96.53,322
28-04-2026 00:30,96.53,96.57,96.38,96.48,309
28-04-2026 00:45,96.49,96.49,96.03,96.08,368
28-04-2026 01:00,96.09,96.22,95.93,96.22,360
28-04-2026 01:15,96.23,96.61,95.89,96.39,599
28-04-2026 01:30,96.39,96.57,96.25,96.51,261
28-04-2026 01:45,96.51,96.72,96.43,96.47,191
28-04-2026 02:00,96.47,96.70,96.41,96.68,202
28-04-2026 02:15,96.68,96.79,96.54,96.65,220
28-04-2026 03:30,96.53,96.77,96.29,96.49,217
28-04-2026 03:45,96.49,96.56,96.39,96.49,75
28-04-2026 04:00,96.49,96.53,96.29,96.37,132
28-04-2026 04:15,96.37,96.68,96.37,96.62,112
28-04-2026 04:30,96.61,96.75,96.60,96.66,81
28-04-2026 04:45,96.66,96.66,96.57,96.62,51
28-04-2026 05:00,96.62,96.69,96.58,96.64,63
28-04-2026 05:15,96.64,96.77,96.61,96.64,93
28-04-2026 05:30,96.64,96.74,96.23,96.35,602
28-04-2026 05:45,96.35,97.03,96.35,96.89,320
28-04-2026 06:00,96.89,97.17,96.87,97.03,287
28-04-2026 06:15,97.03,97.08,96.92,97.01,151
28-04-2026 06:30,97.01,97.33,96.98,97.18,443
28-04-2026 06:45,97.17,97.32,97.04,97.06,269
28-04-2026 07:00,97.05,97.12,96.84,96.87,227
28-04-2026 07:15,96.87,97.37,96.86,97.30,324
28-04-2026 07:30,97.30,97.35,97.23,97.32,178
28-04-2026 07:45,97.32,97.54,97.30,97.37,182
28-04-2026 08:00,97.37,97.46,97.24,97.26,233
28-04-2026 08:15,97.26,97.40,97.23,97.37,189
28-04-2026 08:30,97.37,97.41,97.22,97.23,175
28-04-2026 08:45,97.23,97.36,97.17,97.29,175
28-04-2026 09:00,97.29,97.37,97.27,97.33,160
28-04-2026 09:15,97.33,97.58,97.31,97.58,156
28-04-2026 09:30,97.58,97.79,97.52,97.56,215
28-04-2026 09:45,97.56,97.57,97.38,97.40,118
28-04-2026 10:00,97.40,97.42,97.34,97.38,104
28-04-2026 10:15,97.39,97.48,97.31,97.45,148
28-04-2026 10:30,97.44,97.60,97.43,97.44,160
28-04-2026 10:45,97.44,97.52,97.39,97.48,134
28-04-2026 11:00,97.48,98.81,97.39,98.37,1042
28-04-2026 11:15,98.37,98.52,98.07,98.19,482
28-04-2026 11:30,98.19,98.23,97.71,97.79,608
28-04-2026 11:45,97.79,98.01,97.73,97.83,484
28-04-2026 12:00,97.83,98.32,97.74,98.21,585
28-04-2026 12:15,98.21,98.43,98.20,98.36,447
28-04-2026 12:30,98.36,98.71,98.27,98.59,649
28-04-2026 12:45,98.59,99.03,98.52,98.85,829
28-04-2026 13:00,98.85,99.21,98.70,98.94,830
28-04-2026 13:15,98.94,99.07,98.68,98.87,876
28-04-2026 13:30,98.87,99.18,98.86,99.11,957
28-04-2026 13:45,99.11,99.11,98.29,98.29,973
28-04-2026 14:00,98.22,98.96,98.22,98.92,869
28-04-2026 14:15,98.94,99.25,98.92,98.94,600
28-04-2026 14:30,98.94,99.52,98.94,99.41,679
28-04-2026 14:45,99.41,99.56,99.31,99.47,564
28-04-2026 15:00,99.47,99.77,99.46,99.60,582
28-04-2026 15:15,99.61,99.87,99.55,99.79,514
28-04-2026 15:30,99.79,99.81,99.44,99.79,612
28-04-2026 15:45,99.79,100.08,99.67,99.80,540
28-04-2026 16:00,99.80,99.80,99.54,99.78,503
28-04-2026 16:15,99.78,99.83,99.61,99.72,416
28-04-2026 16:30,99.73,100.38,99.53,100.34,739
28-04-2026 16:45,100.35,100.97,100.28,100.93,878
28-04-2026 17:00,100.94,101.01,100.59,100.61,836
28-04-2026 17:15,100.61,101.81,100.57,101.25,1250
28-04-2026 17:30,101.25,101.26,100.35,100.41,1107
28-04-2026 17:45,100.41,100.75,98.13,100.35,1842
28-04-2026 18:00,100.35,100.48,99.64,100.02,1413
28-04-2026 18:15,100.03,100.06,99.37,99.38,1301
28-04-2026 18:30,99.39,100.38,99.39,100.30,1382
28-04-2026 18:45,100.33,100.37,98.95,99.36,1313
28-04-2026 19:00,99.33,99.72,98.82,99.06,1875
28-04-2026 19:15,99.07,99.57,98.72,99.39,1575
28-04-2026 19:30,99.39,100.18,99.39,100.05,1349
28-04-2026 19:45,100.05,100.19,99.80,99.89,1197
28-04-2026 20:00,99.89,100.44,99.56,99.84,1500
28-04-2026 20:15,99.84,100.36,99.23,99.34,1782
28-04-2026 20:30,99.34,99.75,99.00,99.59,1739
28-04-2026 20:45,99.59,99.79,99.38,99.61,1522
28-04-2026 21:00,99.65,99.96,99.24,99.81,1289
28-04-2026 21:15,99.81,100.00,99.62,99.78,1020
28-04-2026 21:30,99.78,99.97,99.66,99.78,927
28-04-2026 21:45,99.79,100.18,99.50,99.67,965
28-04-2026 22:00,99.67,99.79,99.47,99.64,879
28-04-2026 22:15,99.64,99.82,99.04,99.22,1045
28-04-2026 22:30,99.20,99.96,99.12,99.92,849
28-04-2026 22:45,99.92,100.44,99.90,100.37,743
28-04-2026 23:00,100.36,100.37,99.94,100.05,649
28-04-2026 23:15,100.04,100.28,99.92,100.21,622
28-04-2026 23:30,100.21,100.21,99.81,99.81,642
28-04-2026 23:45,99.81,100.06,99.33,99.93,1199
29-04-2026 00:00,99.93,100.31,99.93,100.15,518
29-04-2026 00:15,100.15,100.22,99.90,99.99,425
29-04-2026 00:30,99.99,100.05,99.77,99.90,418
29-04-2026 00:45,99.89,100.00,99.84,99.93,282
29-04-2026 01:00,99.93,100.03,99.85,99.85,242
29-04-2026 01:15,99.85,99.96,99.81,99.89,310
29-04-2026 01:30,99.89,99.92,99.50,99.51,347
29-04-2026 01:45,99.51,99.67,99.50,99.61,303
29-04-2026 02:00,99.60,99.68,99.54,99.57,323
29-04-2026 02:15,99.57,99.68,99.56,99.67,212
29-04-2026 03:30,99.57,99.62,99.39,99.44,152
29-04-2026 03:45,99.44,99.48,99.33,99.41,99
29-04-2026 04:00,99.41,99.57,99.36,99.49,126
29-04-2026 04:15,99.49,99.68,99.46,99.59,95
29-04-2026 04:30,99.59,99.67,99.51,99.58,80
29-04-2026 04:45,99.58,99.58,99.34,99.46,150
29-04-2026 05:00,99.46,99.50,99.37,99.44,63
29-04-2026 05:15,99.44,99.46,99.37,99.41,70
29-04-2026 05:30,99.41,99.41,98.93,99.04,516
29-04-2026 05:45,99.05,99.27,98.91,99.18,265
29-04-2026 06:00,99.18,99.24,99.03,99.13,164
29-04-2026 06:15,99.13,99.37,99.12,99.29,309
29-04-2026 06:30,99.28,100.35,99.22,100.16,865
29-04-2026 06:45,100.19,100.22,99.94,100.16,436
29-04-2026 07:00,100.17,100.37,100.08,100.17,411
29-04-2026 07:15,100.18,100.71,100.15,100.36,493
29-04-2026 07:30,100.37,100.37,99.55,99.56,494
29-04-2026 07:45,99.56,99.59,98.40,98.81,782
29-04-2026 08:00,98.82,99.19,98.64,99.08,529
29-04-2026 08:15,99.08,99.30,99.04,99.29,354
29-04-2026 08:30,99.29,99.40,98.78,98.89,502
29-04-2026 08:45,98.89,99.19,98.88,99.15,306
29-04-2026 09:00,99.18,99.37,99.13,99.35,224
29-04-2026 09:15,99.35,99.45,99.26,99.29,176
29-04-2026 09:30,99.29,99.37,99.24,99.31,147
29-04-2026 09:45,99.31,99.37,99.29,99.35,130
29-04-2026 10:00,99.34,99.42,99.20,99.34,195
29-04-2026 10:15,99.34,99.59,99.34,99.53,242
29-04-2026 10:30,99.53,99.77,99.53,99.73,259
29-04-2026 10:45,99.73,99.82,99.66,99.68,223
29-04-2026 11:00,99.68,99.72,99.55,99.58,258
29-04-2026 11:15,99.57,99.84,99.55,99.82,293
29-04-2026 11:30,99.82,99.82,99.58,99.69,320
29-04-2026 11:45,99.69,100.11,99.59,100.10,340
29-04-2026 12:00,100.10,100.47,100.05,100.39,663
29-04-2026 12:15,100.37,100.61,100.33,100.55,552
29-04-2026 12:30,100.55,100.78,100.33,100.61,620
29-04-2026 12:45,100.61,100.98,100.53,100.86,653
29-04-2026 13:00,100.86,101.65,100.79,101.49,820
29-04-2026 13:15,101.50,101.90,101.44,101.67,943
29-04-2026 13:30,101.68,102.74,101.61,102.63,1248
29-04-2026 13:45,102.63,103.10,102.54,102.97,1052
29-04-2026 14:00,102.97,103.76,102.81,103.36,1353
29-04-2026 14:15,103.36,103.73,103.27,103.58,896
29-04-2026 14:30,103.58,103.69,103.30,103.55,799
29-04-2026 14:45,103.55,103.60,103.30,103.44,670
29-04-2026 15:00,103.45,103.53,102.89,103.41,807
29-04-2026 15:15,103.41,103.64,103.36,103.54,553
29-04-2026 15:30,103.55,103.79,103.28,103.43,664
29-04-2026 15:45,103.44,103.48,103.23,103.42,451
29-04-2026 16:00,103.41,103.41,103.19,103.38,461
29-04-2026 16:15,103.38,103.41,103.07,103.12,496
29-04-2026 16:30,103.11,103.32,102.96,103.13,681
29-04-2026 16:45,103.13,103.43,103.11,103.17,623
29-04-2026 17:00,103.17,103.23,102.72,102.99,838
29-04-2026 17:15,102.99,103.42,102.93,103.39,787
29-04-2026 17:30,103.39,103.47,103.00,103.13,680
29-04-2026 17:45,103.13,103.74,102.96,103.69,825
29-04-2026 18:00,103.71,104.32,103.57,103.85,1296
29-04-2026 18:15,103.86,104.00,103.69,103.80,764
29-04-2026 18:30,103.76,103.79,103.05,103.32,1219
29-04-2026 18:45,103.33,104.60,103.26,104.52,1512
29-04-2026 19:00,104.52,104.96,104.39,104.84,1518
29-04-2026 19:15,104.84,105.22,104.65,104.94,1298
29-04-2026 19:30,104.94,105.07,104.62,104.72,1085
29-04-2026 19:45,104.73,104.96,104.44,104.71,1041
29-04-2026 20:00,104.70,105.30,104.46,105.04,1515
29-04-2026 20:15,105.04,105.39,104.98,105.15,1090
29-04-2026 20:30,105.16,105.38,105.00,105.33,1078
29-04-2026 20:45,105.33,105.61,104.92,105.49,1281
29-04-2026 21:00,105.52,105.94,105.41,105.76,1194
29-04-2026 21:15,105.76,107.00,105.52,106.78,1700
29-04-2026 21:30,106.77,106.83,106.17,106.60,1383
29-04-2026 21:45,106.59,106.81,106.43,106.68,958
29-04-2026 22:00,106.68,107.00,106.64,106.72,1037
29-04-2026 22:15,106.73,107.24,106.52,107.12,1059
29-04-2026 22:30,107.12,107.60,107.05,107.51,1185
29-04-2026 22:45,107.51,107.66,106.76,106.79,1140
29-04-2026 23:00,106.73,107.17,106.28,107.13,1302
29-04-2026 23:15,107.12,107.19,106.36,106.52,1281
29-04-2026 23:30,106.53,107.16,106.45,107.13,1125
29-04-2026 23:45,107.11,107.14,106.65,106.97,1444
30-04-2026 00:00,106.96,107.44,106.89,107.29,1112
30-04-2026 00:15,107.29,107.36,106.76,106.79,834
30-04-2026 00:30,106.79,107.16,106.68,107.09,761
30-04-2026 00:45,107.09,107.54,107.06,107.53,617
30-04-2026 01:00,107.53,108.47,107.53,107.97,1015
30-04-2026 01:15,107.97,108.01,107.54,107.73,723
30-04-2026 01:30,107.76,108.16,107.52,108.01,716
30-04-2026 01:45,108.01,108.31,107.86,107.92,452
30-04-2026 02:00,107.92,108.16,107.85,107.92,439
30-04-2026 02:15,107.92,108.47,107.90,108.44,462
30-04-2026 03:30,108.15,108.35,107.56,107.83,518
30-04-2026 03:45,107.84,108.46,107.71,108.40,239
30-04-2026 04:00,108.41,108.84,108.21,108.52,407
30-04-2026 04:15,108.52,108.59,108.39,108.39,164
30-04-2026 04:30,108.39,108.47,108.28,108.30,137
30-04-2026 04:45,108.30,108.37,108.16,108.16,160
30-04-2026 05:00,108.16,108.20,107.89,107.91,174
30-04-2026 05:15,107.91,108.02,107.82,107.95,189
30-04-2026 05:30,107.95,107.95,106.59,106.99,1105
30-04-2026 05:45,106.99,107.15,106.44,106.98,655
30-04-2026 06:00,106.98,107.28,106.89,107.20,441
30-04-2026 06:15,107.20,107.60,107.18,107.39,469
30-04-2026 06:30,107.38,107.57,107.12,107.31,748
30-04-2026 06:45,107.29,107.47,107.18,107.24,455
30-04-2026 07:00,107.24,107.47,107.12,107.24,549
30-04-2026 07:15,107.24,107.56,107.13,107.15,439
30-04-2026 07:30,107.15,107.56,107.15,107.41,447
30-04-2026 07:45,107.42,108.49,107.42,108.44,795
30-04-2026 08:00,108.44,109.21,108.24,109.14,1156
30-04-2026 08:15,109.14,109.17,108.26,108.38,820
30-04-2026 08:30,108.38,109.54,108.12,109.27,875
30-04-2026 08:45,109.27,109.37,108.88,108.98,733
30-04-2026 09:00,108.97,109.42,108.72,109.26,802
30-04-2026 09:15,109.26,109.42,109.03,109.08,573
30-04-2026 09:30,109.08,110.01,109.04,109.80,855
30-04-2026 09:45,109.80,110.27,109.48,109.95,1298
30-04-2026 10:00,109.97,110.90,109.85,109.86,1008
30-04-2026 10:15,109.86,110.07,109.67,109.83,602
30-04-2026 10:30,109.83,109.83,109.03,109.25,628
30-04-2026 10:45,109.25,109.67,109.15,109.45,534
30-04-2026 11:00,109.45,109.45,108.84,109.29,788
30-04-2026 11:15,109.31,109.48,109.16,109.34,580
30-04-2026 11:30,109.30,109.99,109.01,109.63,983
30-04-2026 11:45,109.63,110.30,109.56,110.13,888
30-04-2026 12:00,110.12,110.12,108.40,108.73,1366
30-04-2026 12:15,108.74,109.15,108.25,108.29,1041
30-04-2026 12:30,108.23,108.51,107.63,108.02,1363
30-04-2026 12:45,108.04,108.41,107.91,108.15,927
30-04-2026 13:00,108.15,108.61,107.74,108.38,952
30-04-2026 13:15,108.38,108.54,108.01,108.23,944
30-04-2026 13:30,108.24,108.46,107.99,108.06,989
30-04-2026 13:45,108.07,108.34,107.75,107.85,1109
30-04-2026 14:00,107.84,108.28,107.49,107.89,1011
30-04-2026 14:15,107.89,108.01,107.58,107.99,790
30-04-2026 14:30,107.99,108.71,107.81,108.44,996
30-04-2026 14:45,108.44,108.84,107.20,107.21,1201
30-04-2026 15:00,107.20,107.39,106.41,107.02,1800
30-04-2026 15:15,107.02,107.15,106.59,106.90,1275
30-04-2026 15:30,106.90,106.93,106.20,106.77,1379
30-04-2026 15:45,106.77,107.01,106.56,106.83,911
30-04-2026 16:00,106.84,107.29,106.40,106.53,1106
30-04-2026 16:15,106.53,106.79,106.33,106.41,896
30-04-2026 16:30,106.41,106.43,105.19,105.46,1426
30-04-2026 16:45,105.45,105.53,103.50,103.69,1785
30-04-2026 17:00,103.68,104.42,103.66,104.21,1604
30-04-2026 17:15,104.21,104.58,103.87,104.51,1246
30-04-2026 17:30,104.50,105.13,104.46,104.96,1222
30-04-2026 17:45,104.96,105.06,104.52,104.81,924
30-04-2026 18:00,104.76,105.80,104.76,105.65,1272
30-04-2026 18:15,105.66,105.71,105.02,105.27,1054
30-04-2026 18:30,105.25,105.25,104.01,104.12,1537
30-04-2026 18:45,104.12,104.63,103.82,104.62,1475
30-04-2026 19:00,104.62,105.94,104.58,105.39,1726
30-04-2026 19:15,105.38,105.79,105.22,105.44,1366
30-04-2026 19:30,105.44,105.72,104.77,105.05,1615
30-04-2026 19:45,105.06,105.73,104.69,105.05,1734
30-04-2026 20:00,105.03,106.44,104.97,105.91,1824
30-04-2026 20:15,105.91,106.13,105.45,105.96,1520
30-04-2026 20:30,105.96,106.61,104.57,104.71,2091
30-04-2026 20:45,104.71,104.95,104.07,104.41,2063
30-04-2026 21:00,104.39,104.66,103.55,104.33,1681
30-04-2026 21:15,104.35,104.87,103.88,104.07,1399
30-04-2026 21:30,104.08,104.53,104.00,104.12,1173
30-04-2026 21:45,104.12,104.74,104.11,104.64,830
30-04-2026 22:00,104.64,104.76,104.36,104.54,864
30-04-2026 22:15,104.54,105.15,104.52,104.76,1045
30-04-2026 22:30,104.73,104.76,103.89,104.05,1168
30-04-2026 22:45,104.05,104.83,104.05,104.50,1116
30-04-2026 23:00,104.51,104.51,103.42,103.94,1451
30-04-2026 23:15,103.92,103.94,103.35,103.66,1270
30-04-2026 23:30,103.64,104.15,103.42,104.13,1154
30-04-2026 23:45,104.13,105.29,103.97,105.14,1559
01-05-2026 00:00,105.14,105.57,105.11,105.45,912
01-05-2026 00:15,105.45,105.51,105.18,105.38,598
01-05-2026 00:30,105.38,105.42,104.69,104.76,753
01-05-2026 00:45,104.76,104.92,104.69,104.78,503
01-05-2026 01:00,104.78,105.13,104.75,105.10,510
01-05-2026 01:15,105.10,105.26,104.80,105.19,612
01-05-2026 01:30,105.19,105.93,105.09,105.74,747
01-05-2026 01:45,105.74,105.84,105.24,105.51,513
01-05-2026 02:00,105.51,106.13,105.48,106.04,407
01-05-2026 02:15,106.04,106.06,105.34,105.42,363
01-05-2026 03:30,105.24,105.52,105.24,105.45,189
01-05-2026 03:45,105.45,105.70,105.36,105.70,119
01-05-2026 04:00,105.70,105.95,105.57,105.92,206
01-05-2026 04:15,105.92,105.95,105.63,105.67,128
01-05-2026 04:30,105.67,105.79,105.49,105.72,138
01-05-2026 04:45,105.74,105.78,105.61,105.73,104
01-05-2026 05:00,105.73,105.76,105.66,105.76,61
01-05-2026 05:15,105.76,105.82,105.60,105.61,154
01-05-2026 05:30,105.61,106.02,105.37,105.88,350
01-05-2026 05:45,105.87,105.87,105.51,105.56,305
01-05-2026 06:00,105.56,105.67,105.42,105.54,217
01-05-2026 06:15,105.54,105.78,105.40,105.61,241
01-05-2026 06:30,105.61,105.95,105.60,105.81,258
01-05-2026 06:45,105.81,105.95,105.63,105.65,188
01-05-2026 07:00,105.65,105.66,105.13,105.36,359
01-05-2026 07:15,105.36,105.51,105.26,105.29,241
01-05-2026 07:30,105.28,105.52,105.09,105.52,243
01-05-2026 07:45,105.52,105.94,105.50,105.84,326
01-05-2026 08:00,105.85,106.35,105.83,106.04,367
01-05-2026 08:15,106.05,106.17,105.43,105.45,276
01-05-2026 08:30,105.44,105.61,105.35,105.50,311
01-05-2026 08:45,105.50,105.71,105.49,105.67,188
01-05-2026 09:00,105.67,105.72,105.52,105.62,185
01-05-2026 09:15,105.62,105.69,105.41,105.51,164
01-05-2026 09:30,105.51,105.58,105.35,105.49,223
01-05-2026 09:45,105.49,105.51,105.17,105.34,212
01-05-2026 10:00,105.34,105.39,105.21,105.23,234
01-05-2026 10:15,105.23,105.29,104.96,104.97,276
01-05-2026 10:30,104.97,105.25,104.96,105.19,300
01-05-2026 10:45,105.19,105.20,105.04,105.16,219
01-05-2026 11:00,105.16,105.29,105.12,105.14,190
01-05-2026 11:15,105.14,105.26,104.98,105.07,237
01-05-2026 11:30,105.07,105.57,105.07,105.44,402
01-05-2026 11:45,105.44,106.09,105.34,106.00,467
01-05-2026 12:00,106.01,106.61,105.99,106.31,663
01-05-2026 12:15,106.30,106.46,105.86,105.91,576
01-05-2026 12:30,105.92,106.13,104.69,104.71,1117
01-05-2026 12:45,104.71,104.82,104.12,104.57,1229
01-05-2026 13:00,104.57,105.24,104.50,105.24,947
01-05-2026 13:15,105.24,105.51,104.81,105.50,807
01-05-2026 13:30,105.51,105.72,105.36,105.36,870
01-05-2026 13:45,105.36,105.66,104.66,105.10,1319
01-05-2026 14:00,105.11,105.62,105.11,105.30,704
01-05-2026 14:15,105.30,105.62,105.30,105.50,456
01-05-2026 14:30,105.50,106.16,105.50,105.92,756
01-05-2026 14:45,105.92,105.92,105.63,105.79,627
01-05-2026 15:00,105.79,105.90,105.20,105.40,636
01-05-2026 15:15,105.39,105.57,105.27,105.40,510
01-05-2026 15:30,105.40,105.66,105.19,105.20,402
01-05-2026 15:45,105.20,105.52,105.19,105.38,323
01-05-2026 16:00,105.39,105.68,105.28,105.29,354
01-05-2026 16:15,105.29,105.30,104.94,104.98,539
01-05-2026 16:30,104.99,105.17,104.81,104.87,518
01-05-2026 16:45,104.88,105.00,104.23,104.47,698
01-05-2026 17:00,104.48,104.50,103.93,104.35,826
01-05-2026 17:15,104.36,104.43,104.00,104.07,763
01-05-2026 17:30,104.07,104.38,102.68,103.32,974
01-05-2026 17:45,103.32,103.39,102.19,102.79,1574
01-05-2026 18:00,102.79,103.71,102.51,103.70,1015
01-05-2026 18:15,103.71,104.00,103.58,103.75,842
01-05-2026 18:30,103.76,103.85,102.79,103.15,1163
01-05-2026 18:45,103.16,103.32,102.51,102.60,1043
01-05-2026 19:00,102.59,102.87,101.60,101.61,1518
01-05-2026 19:15,101.61,102.07,100.42,100.79,1685
01-05-2026 19:30,100.80,100.91,99.29,99.70,1960
01-05-2026 19:45,99.70,100.73,99.59,100.64,1552
01-05-2026 20:00,100.65,101.58,100.53,101.55,1445
01-05-2026 20:15,101.54,101.70,101.33,101.58,1117
01-05-2026 20:30,101.58,102.19,101.58,101.71,1299
01-05-2026 20:45,101.69,102.45,101.47,102.04,1355
01-05-2026 21:00,102.02,102.02,101.24,101.25,1078
01-05-2026 21:15,101.26,101.60,100.74,101.05,1206
01-05-2026 21:30,101.06,101.23,100.70,101.01,1026
01-05-2026 21:45,101.01,102.52,100.79,102.52,1494
01-05-2026 22:00,102.52,102.55,101.67,101.93,1206
01-05-2026 22:15,101.95,102.06,101.54,101.81,903
01-05-2026 22:30,101.82,101.86,101.39,101.57,764
01-05-2026 22:45,101.57,101.80,101.44,101.59,726
01-05-2026 23:00,101.59,101.97,101.45,101.89,750
01-05-2026 23:15,101.89,102.11,101.22,101.42,1011
01-05-2026 23:30,101.42,101.96,101.12,101.89,1114
01-05-2026 23:45,101.89,102.13,101.70,101.84,1227
02-05-2026 00:00,101.83,102.68,101.78,102.09,846
02-05-2026 00:15,102.09,102.29,102.03,102.17,465
02-05-2026 00:30,102.17,102.21,101.83,101.87,426
02-05-2026 00:45,101.87,102.08,101.82,102.02,360
02-05-2026 01:00,102.01,102.13,101.81,101.94,441
02-05-2026 01:15,101.95,102.41,101.93,102.16,553
02-05-2026 01:30,102.17,102.27,102.01,102.24,322
02-05-2026 01:45,102.24,102.65,102.22,102.50,348
02-05-2026 02:00,102.49,102.71,102.30,102.33,296
02-05-2026 02:15,102.33,102.67,102.24,102.42,498
04-05-2026 03:30,99.71,100.33,99.10,100.18,957
04-05-2026 03:45,100.18,101.53,100.15,101.25,792
04-05-2026 04:00,101.25,101.48,100.99,101.00,316
04-05-2026 04:15,101.00,101.22,100.84,101.03,318
04-05-2026 04:30,101.03,101.22,100.98,101.19,240
04-05-2026 04:45,101.19,101.52,101.17,101.52,220
04-05-2026 05:00,101.51,101.68,101.20,101.61,294
04-05-2026 05:15,101.61,101.74,101.53,101.69,254
04-05-2026 05:30,101.69,102.16,101.69,102.00,554
04-05-2026 05:45,102.00,102.30,101.94,102.15,347
04-05-2026 06:00,102.15,102.15,101.68,101.68,322
04-05-2026 06:15,101.68,101.69,101.06,101.14,555
04-05-2026 06:30,101.14,101.75,101.14,101.59,421
04-05-2026 06:45,101.59,101.92,101.49,101.92,246
04-05-2026 07:00,101.91,101.97,101.67,101.79,233
04-05-2026 07:15,101.78,101.83,101.56,101.60,207
04-05-2026 07:30,101.60,101.73,101.39,101.48,205
04-05-2026 07:45,101.49,102.07,101.49,102.02,345
04-05-2026 08:00,102.02,102.02,101.70,101.81,213
04-05-2026 08:15,101.81,101.87,101.73,101.78,190
04-05-2026 08:30,101.78,101.87,101.75,101.83,116
04-05-2026 08:45,101.83,101.95,101.77,101.82,177
04-05-2026 09:00,101.82,102.11,101.80,102.06,199
04-05-2026 09:15,102.06,102.18,101.86,101.88,221
04-05-2026 09:30,101.88,101.90,101.11,101.46,419
04-05-2026 09:45,101.45,101.67,101.40,101.60,221
04-05-2026 10:00,101.62,101.77,101.54,101.68,167
04-05-2026 10:15,101.68,101.72,101.57,101.66,119
04-05-2026 10:30,101.66,101.75,101.35,101.40,203
04-05-2026 10:45,101.40,101.42,100.11,101.07,871
04-05-2026 11:00,101.07,101.39,100.97,101.09,313
04-05-2026 11:15,101.09,101.10,100.79,100.93,309
04-05-2026 11:30,100.93,101.18,100.82,100.89,473
04-05-2026 11:45,100.89,101.71,100.85,101.54,478
04-05-2026 12:00,101.53,102.75,101.38,102.58,690
04-05-2026 12:15,102.58,102.76,102.23,102.40,714
04-05-2026 12:30,102.40,102.81,102.39,102.61,800
04-05-2026 12:45,102.61,103.00,102.38,102.63,596
04-05-2026 13:00,102.64,103.01,102.63,102.78,622
04-05-2026 13:15,102.78,103.41,102.63,103.41,805
04-05-2026 13:30,103.43,104.30,103.43,104.09,1065
04-05-2026 13:45,104.09,104.51,103.55,103.67,1102
04-05-2026 14:00,103.66,103.68,103.15,103.22,960
04-05-2026 14:15,103.22,103.34,103.11,103.23,660
04-05-2026 14:30,103.23,103.32,102.60,102.68,732
04-05-2026 14:45,102.67,103.30,102.67,103.18,530
04-05-2026 15:00,103.18,103.21,102.75,102.83,429
04-05-2026 15:15,102.83,103.11,102.72,103.04,500
04-05-2026 15:30,103.03,106.76,102.96,106.24,2202
04-05-2026 15:45,106.25,107.42,106.15,106.86,2031
04-05-2026 16:00,106.86,107.09,104.67,104.92,2007
04-05-2026 16:15,104.93,105.76,104.60,105.65,1232
04-05-2026 16:30,105.63,105.98,105.00,105.35,1206
04-05-2026 16:45,105.34,105.45,105.01,105.13,746
04-05-2026 17:00,105.15,105.86,104.87,104.97,1077
04-05-2026 17:15,104.97,105.04,103.87,104.12,1043
04-05-2026 17:30,104.12,104.17,103.26,103.32,1264
04-05-2026 17:45,103.34,103.62,102.90,103.22,1225
04-05-2026 18:00,103.22,103.71,102.43,102.56,1291
04-05-2026 18:15,102.56,102.94,102.10,102.83,1185
04-05-2026 18:30,102.81,104.15,102.01,102.29,2054
04-05-2026 18:45,102.29,102.88,101.82,102.77,1316
04-05-2026 19:00,102.77,102.98,101.89,102.31,1575
04-05-2026 19:15,102.31,102.53,102.12,102.19,1249
04-05-2026 19:30,102.18,102.84,101.80,102.40,1526
04-05-2026 19:45,102.39,102.40,101.51,102.25,1490
04-05-2026 20:00,102.28,102.57,101.97,102.44,1186
04-05-2026 20:15,102.44,103.61,102.25,103.44,1378
04-05-2026 20:30,103.45,104.02,103.00,103.68,1908
04-05-2026 20:45,103.69,105.81,103.41,105.19,2295
04-05-2026 21:00,105.20,105.78,105.00,105.06,1768
04-05-2026 21:15,105.07,105.99,105.04,105.59,1704
04-05-2026 21:30,105.59,106.59,105.31,105.67,1693
04-05-2026 21:45,105.67,105.88,104.69,105.53,1577
04-05-2026 22:00,105.53,106.07,105.43,106.06,1218
04-05-2026 22:15,106.06,106.41,105.91,106.10,1157
04-05-2026 22:30,106.10,106.23,105.33,105.70,1259
04-05-2026 22:45,105.70,105.70,104.94,105.05,1383
04-05-2026 23:00,105.05,105.60,105.02,105.17,944
04-05-2026 23:15,105.17,105.38,105.07,105.25,835
04-05-2026 23:30,105.25,105.32,104.74,105.13,1078
04-05-2026 23:45,105.13,106.73,105.06,106.26,1632
05-05-2026 00:00,106.26,106.36,105.82,106.08,895
05-05-2026 00:15,106.08,106.16,105.63,105.67,694
05-05-2026 00:30,105.67,105.82,104.81,105.22,979
05-05-2026 00:45,105.22,105.56,105.00,105.19,738
05-05-2026 01:00,105.18,105.39,104.94,105.39,484
05-05-2026 01:15,105.38,105.39,105.03,105.28,640
05-05-2026 01:30,105.28,105.30,104.93,104.93,321
05-05-2026 01:45,104.93,104.97,104.79,104.87,275
05-05-2026 02:00,104.87,104.99,104.60,104.72,299
05-05-2026 02:15,104.73,105.20,104.71,105.06,210
05-05-2026 03:30,105.06,105.39,104.73,104.93,260
05-05-2026 03:45,104.95,105.14,104.78,104.79,158
05-05-2026 04:00,104.79,104.98,104.74,104.88,115
05-05-2026 04:15,104.88,104.96,104.78,104.90,88
05-05-2026 04:30,104.90,105.00,104.80,104.87,152
05-05-2026 04:45,104.87,104.96,104.80,104.88,65
05-05-2026 05:00,104.88,105.05,104.87,105.01,99
05-05-2026 05:15,105.02,105.03,104.87,104.96,108
05-05-2026 05:30,104.96,105.02,104.51,104.86,430
05-05-2026 05:45,104.86,105.15,104.83,105.05,295
05-05-2026 06:00,105.05,105.22,104.93,104.97,274
05-05-2026 06:15,104.97,104.99,104.70,104.81,256
05-05-2026 06:30,104.80,105.03,104.74,104.92,299
05-05-2026 06:45,104.92,104.97,104.67,104.81,273
05-05-2026 07:00,104.81,104.88,104.53,104.79,312
05-05-2026 07:15,104.79,104.84,104.65,104.75,307
05-05-2026 07:30,104.76,104.76,104.32,104.49,396
05-05-2026 07:45,104.49,104.50,104.17,104.36,299
05-05-2026 08:00,104.39,104.42,103.91,103.95,377
05-05-2026 08:15,103.95,104.43,103.94,104.18,405
05-05-2026 08:30,104.18,104.34,104.09,104.31,160
05-05-2026 08:45,104.31,104.34,104.20,104.32,182
05-05-2026 09:00,104.32,104.50,104.30,104.46,316
05-05-2026 09:15,104.46,104.46,104.30,104.36,156
05-05-2026 09:30,104.36,104.37,104.26,104.32,153
05-05-2026 09:45,104.32,104.35,104.01,104.09,212
05-05-2026 10:00,104.09,104.17,103.93,103.95,223
05-05-2026 10:15,103.95,104.23,103.85,104.16,251
05-05-2026 10:30,104.15,104.56,104.14,104.32,428
05-05-2026 10:45,104.33,104.49,104.15,104.34,314
05-05-2026 11:00,104.34,104.53,104.29,104.31,392
05-05-2026 11:15,104.31,104.38,104.24,104.25,249
05-05-2026 11:30,104.25,104.58,103.97,104.53,640
05-05-2026 11:45,104.52,105.32,104.48,104.98,697
05-05-2026 12:00,104.98,105.01,104.19,104.35,732
05-05-2026 12:15,104.35,104.52,104.30,104.39,555
05-05-2026 12:30,104.39,104.41,103.97,104.21,881
05-05-2026 12:45,104.21,104.48,103.87,104.39,779
05-05-2026 13:00,104.39,104.49,103.12,103.87,1249
05-05-2026 13:15,103.87,104.81,103.74,104.53,1071
05-05-2026 13:30,104.53,104.67,104.01,104.04,990
05-05-2026 13:45,104.05,104.23,103.31,103.89,1487
05-05-2026 14:00,103.91,103.95,103.36,103.70,969
05-05-2026 14:15,103.69,103.76,103.07,103.41,922
05-05-2026 14:30,103.40,104.34,103.40,104.25,907
05-05-2026 14:45,104.25,104.47,103.86,103.90,770
05-05-2026 15:00,103.89,104.16,103.70,103.84,674
05-05-2026 15:15,103.84,104.32,103.72,104.00,610
05-05-2026 15:30,103.99,104.36,103.99,104.22,595
05-05-2026 15:45,104.25,104.25,104.00,104.08,430
05-05-2026 16:00,104.08,104.12,103.49,104.09,677
05-05-2026 16:15,104.09,104.36,104.08,104.16,526
05-05-2026 16:30,104.16,104.88,104.14,104.86,825
05-05-2026 16:45,104.86,105.06,104.10,104.21,804
05-05-2026 17:00,104.21,104.34,103.82,103.88,740
05-05-2026 17:15,103.87,104.10,103.71,103.73,575
05-05-2026 17:30,103.73,104.19,103.03,103.16,1467
05-05-2026 17:45,103.16,103.34,102.71,102.82,1351
05-05-2026 18:00,102.82,103.14,102.58,103.07,1058
05-05-2026 18:15,103.07,103.35,103.03,103.19,799
05-05-2026 18:30,103.20,103.35,102.02,102.72,1397
05-05-2026 18:45,102.71,102.80,102.37,102.42,990
05-05-2026 19:00,102.42,102.66,102.28,102.33,1183
05-05-2026 19:15,102.33,102.47,102.05,102.07,1123
05-05-2026 19:30,102.06,102.68,101.07,102.47,1748
05-05-2026 19:45,102.47,102.94,101.73,101.86,1855
05-05-2026 20:00,101.85,102.43,101.81,102.21,1338
05-05-2026 20:15,102.21,102.59,101.57,101.60,1363
05-05-2026 20:30,101.61,101.83,101.50,101.83,1327
05-05-2026 20:45,101.82,102.50,101.69,101.93,1348
05-05-2026 21:00,101.97,102.04,101.58,101.71,1278
05-05-2026 21:15,101.71,102.20,101.33,102.07,1162
05-05-2026 21:30,102.07,102.36,101.78,101.91,862
05-05-2026 21:45,101.90,102.26,101.85,102.14,877
05-05-2026 22:00,102.13,102.35,101.89,102.06,821
05-05-2026 22:15,102.06,102.39,102.02,102.30,698
05-05-2026 22:30,102.30,102.36,101.95,102.00,722
05-05-2026 22:45,102.00,102.06,101.62,101.73,816
05-05-2026 23:00,101.73,101.75,101.43,101.65,880
05-05-2026 23:15,101.65,102.10,101.54,102.05,833
05-05-2026 23:30,102.04,102.35,101.82,102.32,993
05-05-2026 23:45,102.32,102.61,102.06,102.14,1021
06-05-2026 00:00,102.15,102.27,102.02,102.12,552
06-05-2026 00:15,102.12,102.27,101.95,102.26,422
06-05-2026 00:30,102.26,102.38,102.15,102.38,367
06-05-2026 00:45,102.38,102.53,102.33,102.53,304
06-05-2026 01:00,102.53,102.73,102.51,102.59,451
06-05-2026 01:15,102.59,102.88,102.57,102.76,557
06-05-2026 01:30,102.78,102.78,102.54,102.56,302
06-05-2026 01:45,102.56,102.64,102.52,102.60,282
06-05-2026 02:00,102.60,102.66,102.41,102.50,380
06-05-2026 02:15,102.50,102.72,102.34,102.57,332
06-05-2026 03:30,102.43,102.61,102.43,102.51,169
06-05-2026 03:45,102.51,102.65,102.41,102.43,142
06-05-2026 04:00,102.43,102.50,102.29,102.36,110
06-05-2026 04:15,102.36,102.45,99.10,100.99,800
06-05-2026 04:30,100.99,101.04,99.28,99.81,698
06-05-2026 04:45,99.80,100.30,99.61,100.05,450
06-05-2026 05:00,100.05,100.23,99.75,100.21,349
06-05-2026 05:15,100.21,100.22,99.66,99.76,380
06-05-2026 05:30,99.73,101.03,99.62,100.85,863
06-05-2026 05:45,100.85,101.38,100.79,101.23,627
06-05-2026 06:00,101.23,101.31,100.96,101.04,381
06-05-2026 06:15,101.04,101.27,100.85,100.88,557
06-05-2026 06:30,100.88,101.26,100.35,101.19,1042
06-05-2026 06:45,101.19,101.21,100.94,100.95,456
06-05-2026 07:00,100.95,100.96,100.10,100.28,725
06-05-2026 07:15,100.27,100.58,100.23,100.56,558
06-05-2026 07:30,100.56,100.71,100.53,100.60,407
06-05-2026 07:45,100.60,100.67,100.47,100.59,270
06-05-2026 08:00,100.59,100.71,100.54,100.67,239
06-05-2026 08:15,100.67,100.76,100.56,100.62,257
06-05-2026 08:30,100.62,100.92,100.56,100.88,314
06-05-2026 08:45,100.89,100.97,100.79,100.92,215
06-05-2026 09:00,100.92,100.92,100.32,100.38,288
06-05-2026 09:15,100.38,100.57,100.30,100.56,184
06-05-2026 09:30,100.56,100.72,100.56,100.66,165
06-05-2026 09:45,100.65,100.65,100.31,100.34,209
06-05-2026 10:00,100.34,100.40,100.19,100.30,259
06-05-2026 10:15,100.30,100.41,100.26,100.36,199
06-05-2026 10:30,100.36,100.75,100.33,100.74,277
06-05-2026 10:45,100.74,101.34,100.74,100.90,547
06-05-2026 11:00,100.90,101.05,100.84,100.90,473
06-05-2026 11:15,100.90,100.99,100.18,100.27,504
06-05-2026 11:30,100.28,100.30,99.73,100.24,850
06-05-2026 11:45,100.24,100.71,100.18,100.40,663
06-05-2026 12:00,100.40,101.28,100.20,100.80,750
06-05-2026 12:15,100.80,100.92,100.64,100.83,616
06-05-2026 12:30,100.83,101.18,100.63,100.70,769
06-05-2026 12:45,100.69,100.71,100.24,100.33,720
06-05-2026 13:00,100.33,100.73,99.89,99.91,803
06-05-2026 13:15,99.93,99.93,97.69,97.77,1946
06-05-2026 13:30,97.74,98.64,97.59,98.41,1718
06-05-2026 13:45,98.41,99.07,98.36,98.99,1378
06-05-2026 14:00,99.02,99.06,98.38,98.60,1037
06-05-2026 14:15,98.59,98.89,95.17,95.44,2254
06-05-2026 14:30,95.44,96.18,94.62,95.66,1969
06-05-2026 14:45,95.66,95.78,94.29,95.37,1886
06-05-2026 15:00,95.36,95.55,93.97,94.51,2054
06-05-2026 15:15,94.51,94.62,93.29,93.34,1866
06-05-2026 15:30,93.33,93.34,92.47,93.02,1945
06-05-2026 15:45,93.02,93.15,92.10,93.00,1733
06-05-2026 16:00,92.99,93.00,91.10,91.51,2203
06-05-2026 16:15,91.48,92.13,89.56,89.78,2446
06-05-2026 16:30,89.79,90.26,88.69,89.99,2736
06-05-2026 16:45,90.01,90.90,89.78,90.49,2048
06-05-2026 17:00,90.48,91.64,90.25,91.53,1835
06-05-2026 17:15,91.53,92.60,91.49,92.55,1940
06-05-2026 17:30,92.56,95.02,92.46,94.87,2121
06-05-2026 17:45,94.83,96.06,94.07,94.10,2278
06-05-2026 18:00,94.12,94.96,94.02,94.68,1597
06-05-2026 18:15,94.68,95.65,94.39,95.38,1532
06-05-2026 18:30,95.39,96.74,95.11,96.07,2245
06-05-2026 18:45,96.04,96.60,95.77,96.25,1531
06-05-2026 19:00,96.25,96.59,95.41,96.32,1910
06-05-2026 19:15,96.32,96.57,95.82,96.02,1608
06-05-2026 19:30,96.03,97.30,94.90,95.12,2060
06-05-2026 19:45,95.11,95.57,94.86,95.57,1693
06-05-2026 20:00,95.57,95.84,94.46,94.71,1584
06-05-2026 20:15,94.72,95.65,94.54,94.76,1622
06-05-2026 20:30,94.76,96.07,94.76,95.51,1638
06-05-2026 20:45,95.50,95.68,94.80,94.98,1642
06-05-2026 21:00,94.97,95.52,94.61,95.13,1348
06-05-2026 21:15,95.12,95.53,95.07,95.31,1129
06-05-2026 21:30,95.31,95.69,95.25,95.32,1106
06-05-2026 21:45,95.34,95.40,94.74,94.84,921
06-05-2026 22:00,94.84,95.07,94.55,95.07,906
06-05-2026 22:15,95.07,96.32,94.99,95.84,1155
06-05-2026 22:30,95.84,95.92,95.12,95.55,991
06-05-2026 22:45,95.55,95.70,95.21,95.24,857
06-05-2026 23:00,95.24,95.67,94.97,95.41,870
06-05-2026 23:15,95.41,95.50,95.14,95.21,784
06-05-2026 23:30,95.23,95.29,94.43,94.63,1067
06-05-2026 23:45,94.63,95.23,94.32,95.22,1449
07-05-2026 00:00,95.21,95.22,94.80,95.12,860
07-05-2026 00:15,95.12,95.26,94.97,95.19,464
07-05-2026 00:30,95.19,95.23,94.86,95.06,598
07-05-2026 00:45,95.06,95.18,94.81,95.18,413
07-05-2026 01:00,95.20,95.55,95.16,95.17,498
07-05-2026 01:15,95.17,95.34,94.89,95.34,599
07-05-2026 01:30,95.33,95.61,95.04,95.48,422
07-05-2026 01:45,95.48,95.64,95.44,95.54,439
07-05-2026 02:00,95.53,96.29,95.41,96.06,478
07-05-2026 02:15,96.05,96.35,96.03,96.18,360
07-05-2026 03:30,95.64,95.95,95.60,95.82,234
07-05-2026 03:45,95.82,95.87,95.63,95.80,96
07-05-2026 04:00,95.80,96.20,95.79,96.05,216
07-05-2026 04:15,96.06,96.11,95.81,95.84,133
07-05-2026 04:30,95.83,95.95,95.71,95.87,128
07-05-2026 04:45,95.87,96.01,95.86,95.94,92
07-05-2026 05:00,95.94,96.05,95.88,96.02,88
07-05-2026 05:15,96.02,96.03,95.84,95.86,127
07-05-2026 05:30,95.86,96.45,95.73,95.91,525
07-05-2026 05:45,95.91,96.32,95.91,96.21,359
07-05-2026 06:00,96.21,96.40,96.08,96.30,221
07-05-2026 06:15,96.30,96.35,96.02,96.14,360
07-05-2026 06:30,96.14,96.41,95.64,95.93,826
07-05-2026 06:45,95.93,96.07,95.58,95.63,470
07-05-2026 07:00,95.63,95.77,95.52,95.56,408
07-05-2026 07:15,95.56,95.77,95.36,95.40,460
07-05-2026 07:30,95.40,95.43,94.81,95.27,715
07-05-2026 07:45,95.27,95.72,95.20,95.59,400
07-05-2026 08:00,95.59,95.75,95.46,95.61,337
07-05-2026 08:15,95.61,95.71,95.58,95.67,226
07-05-2026 08:30,95.67,95.85,95.67,95.67,253
07-05-2026 08:45,95.69,95.92,95.66,95.85,241
07-05-2026 09:00,95.85,95.91,95.33,95.59,279
07-05-2026 09:15,95.59,95.85,95.57,95.78,186
07-05-2026 09:30,95.79,95.83,95.66,95.72,115
07-05-2026 09:45,95.72,95.74,95.63,95.70,122
07-05-2026 10:00,95.70,95.81,95.66,95.67,144
07-05-2026 10:15,95.67,95.75,95.49,95.52,226
07-05-2026 10:30,95.52,95.70,95.50,95.60,167
07-05-2026 10:45,95.59,95.75,95.55,95.65,206
07-05-2026 11:00,95.65,95.65,95.39,95.55,219
07-05-2026 11:15,95.56,95.57,95.25,95.35,311
07-05-2026 11:30,95.34,95.55,94.96,95.55,515
07-05-2026 11:45,95.57,95.65,95.42,95.48,432
07-05-2026 12:00,95.47,95.53,94.16,94.24,797
07-05-2026 12:15,94.24,95.00,94.16,94.62,942
07-05-2026 12:30,94.61,94.70,92.22,92.22,1847
07-05-2026 12:45,92.21,92.99,91.92,92.77,1795
07-05-2026 13:00,92.78,93.30,92.64,93.16,1181
07-05-2026 13:15,93.16,93.70,93.12,93.31,1153
07-05-2026 13:30,93.30,93.92,92.93,93.55,1324
07-05-2026 13:45,93.56,94.54,93.47,93.85,1534
07-05-2026 14:00,93.86,93.90,93.07,93.36,1138
07-05-2026 14:15,93.36,93.47,92.72,92.87,767
07-05-2026 14:30,92.87,93.17,92.79,93.10,924
07-05-2026 14:45,93.10,93.17,92.44,92.47,829
07-05-2026 15:00,92.48,92.69,92.12,92.39,956
07-05-2026 15:15,92.38,93.07,92.18,92.85,1099
07-05-2026 15:30,92.85,93.05,92.67,92.68,875
07-05-2026 15:45,92.68,92.99,92.22,92.68,978
07-05-2026 16:00,92.67,93.30,92.62,92.78,886
07-05-2026 16:15,92.78,93.18,92.69,92.82,742
07-05-2026 16:30,92.81,92.93,92.25,92.38,788
07-05-2026 16:45,92.38,92.50,91.32,91.68,1246
07-05-2026 17:00,91.67,91.90,91.49,91.68,974
07-05-2026 17:15,91.68,92.12,91.68,91.79,860
07-05-2026 17:30,91.79,92.04,91.21,91.41,1017
07-05-2026 17:45,91.45,91.58,90.52,90.60,1412
07-05-2026 18:00,90.60,90.74,90.30,90.44,1240
07-05-2026 18:15,90.44,90.74,89.85,90.66,1340
07-05-2026 18:30,90.72,91.77,90.72,91.69,1547
07-05-2026 18:45,91.69,91.69,91.00,91.27,1280
07-05-2026 19:00,91.28,91.39,91.05,91.37,1319
07-05-2026 19:15,91.36,92.66,91.12,91.12,1818
07-05-2026 19:30,91.13,91.25,90.32,90.35,1464
07-05-2026 19:45,90.35,91.01,90.30,90.95,1411
07-05-2026 20:00,90.95,91.56,90.82,91.45,1474
07-05-2026 20:15,91.45,91.53,91.03,91.17,1135
07-05-2026 20:30,91.15,91.80,91.14,91.67,1418
07-05-2026 20:45,91.67,92.67,91.53,92.14,1744
07-05-2026 21:00,92.10,92.18,91.67,92.08,1326
07-05-2026 21:15,92.09,93.41,92.02,93.30,1379
07-05-2026 21:30,93.30,94.27,93.26,94.12,1646
07-05-2026 21:45,94.12,95.06,93.69,93.98,1868
07-05-2026 22:00,94.00,95.28,93.94,95.06,1329
07-05-2026 22:15,95.06,95.86,95.06,95.62,1405
07-05-2026 22:30,95.56,95.89,95.33,95.57,1258
07-05-2026 22:45,95.57,97.39,95.15,96.98,1868
07-05-2026 23:00,96.97,97.15,95.80,96.05,2051
07-05-2026 23:15,96.06,96.17,94.55,94.89,1793
07-05-2026 23:30,94.85,95.29,94.64,95.12,1642
07-05-2026 23:45,95.12,95.16,94.56,94.88,1619
08-05-2026 00:00,94.88,96.50,94.82,96.17,1298
08-05-2026 00:15,96.17,96.55,95.50,95.59,1675
08-05-2026 00:30,95.59,96.00,95.46,95.75,900
08-05-2026 00:45,95.75,97.18,95.47,96.64,1442
08-05-2026 01:00,96.64,96.80,95.68,96.30,918
08-05-2026 01:15,96.29,97.16,95.89,96.35,1255
08-05-2026 01:30,96.36,96.36,94.71,95.57,1193
08-05-2026 01:45,95.57,96.18,95.56,95.98,702
08-05-2026 02:00,95.98,97.40,95.82,97.12,1086
08-05-2026 02:15,97.12,97.95,96.89,97.72,845
08-05-2026 03:30,97.59,97.98,96.91,97.20,720
08-05-2026 03:45,97.22,97.36,96.12,96.85,564
08-05-2026 04:00,96.85,97.70,96.69,97.38,395
08-05-2026 04:15,97.35,97.43,97.05,97.24,268
08-05-2026 04:30,97.20,97.24,96.95,97.09,221
08-05-2026 04:45,97.09,97.11,96.83,96.92,191
08-05-2026 05:00,96.92,97.19,96.91,96.99,187
08-05-2026 05:15,97.00,97.07,96.68,96.95,175
08-05-2026 05:30,96.95,97.03,96.40,96.62,503
08-05-2026 05:45,96.62,97.29,96.55,97.05,541
08-05-2026 06:00,97.05,97.09,96.79,96.85,257
08-05-2026 06:15,96.85,96.94,96.56,96.56,310
08-05-2026 06:30,96.56,96.56,95.52,96.01,958
08-05-2026 06:45,96.01,96.10,95.69,95.75,569
08-05-2026 07:00,95.75,96.10,95.71,95.91,565
08-05-2026 07:15,95.91,96.02,95.70,96.00,344
08-05-2026 07:30,96.00,96.01,95.71,95.83,326
08-05-2026 07:45,95.83,95.93,95.71,95.89,261
08-05-2026 08:00,95.89,96.42,95.77,96.26,541
08-05-2026 08:15,96.26,96.27,95.07,95.71,770
08-05-2026 08:30,95.71,95.73,95.53,95.61,390
08-05-2026 08:45,95.61,95.70,95.58,95.65,179
08-05-2026 09:00,95.65,95.79,95.34,95.54,326
08-05-2026 09:15,95.54,95.77,95.53,95.68,176
08-05-2026 09:30,95.68,96.02,95.65,96.00,241
08-05-2026 09:45,96.00,96.46,96.00,96.26,381
08-05-2026 10:00,96.27,96.33,96.05,96.22,271
08-05-2026 10:15,96.22,96.26,95.64,95.76,350
08-05-2026 10:30,95.76,95.88,95.29,95.77,449
08-05-2026 10:45,95.77,95.87,95.66,95.76,228
08-05-2026 11:00,95.76,95.79,95.34,95.60,441
08-05-2026 11:15,95.60,95.62,95.34,95.39,315
08-05-2026 11:30,95.41,95.77,94.86,95.18,766
08-05-2026 11:45,95.18,95.19,94.18,94.59,824
08-05-2026 12:00,94.60,95.13,94.50,94.83,799
08-05-2026 12:15,94.83,95.50,94.80,95.11,943
08-05-2026 12:30,95.11,95.23,94.75,95.21,930
08-05-2026 12:45,95.21,95.90,95.02,95.47,1075
08-05-2026 13:00,95.47,95.60,95.09,95.24,744
08-05-2026 13:15,95.22,95.52,95.00,95.26,938
08-05-2026 13:30,95.24,95.50,95.11,95.28,1075
08-05-2026 13:45,95.27,95.27,94.35,94.44,1143
08-05-2026 14:00,94.44,94.77,94.15,94.52,1004
08-05-2026 14:15,94.52,94.75,94.15,94.56,786
08-05-2026 14:30,94.56,94.70,94.05,94.30,765
08-05-2026 14:45,94.30,94.45,93.83,94.13,726
08-05-2026 15:00,94.13,94.65,94.06,94.56,666
08-05-2026 15:15,94.56,95.36,94.53,95.12,1026
08-05-2026 15:30,95.13,95.28,94.66,95.17,840
08-05-2026 15:45,95.14,95.19,94.51,94.64,636
08-05-2026 16:00,94.64,94.72,94.44,94.68,688
08-05-2026 16:15,94.69,95.26,94.54,94.88,803
08-05-2026 16:30,94.87,94.91,94.19,94.80,923
08-05-2026 16:45,94.80,94.90,94.51,94.58,624
08-05-2026 17:00,94.58,95.01,94.58,95.01,716
08-05-2026 17:15,95.00,95.24,94.78,94.94,721
08-05-2026 17:30,94.94,95.32,94.60,95.10,927
08-05-2026 17:45,95.12,95.31,94.89,95.11,742
08-05-2026 18:00,95.06,95.16,94.62,94.87,915
08-05-2026 18:15,94.88,95.56,94.84,95.32,897
08-05-2026 18:30,95.32,95.37,94.55,94.89,1367
08-05-2026 18:45,94.89,95.01,93.90,94.10,1165
08-05-2026 19:00,94.09,94.80,93.99,94.44,1313
08-05-2026 19:15,94.40,94.41,94.07,94.30,1023
08-05-2026 19:30,94.30,95.41,94.30,95.14,1428
08-05-2026 19:45,95.15,95.56,95.12,95.52,1365
08-05-2026 20:00,95.54,95.81,94.74,94.93,1344
08-05-2026 20:15,94.92,95.46,94.83,95.37,1078
08-05-2026 20:30,95.39,95.69,95.09,95.54,1281
08-05-2026 20:45,95.54,96.03,95.49,95.60,1481
08-05-2026 21:00,95.59,96.09,95.18,95.96,1413
08-05-2026 21:15,95.95,96.09,95.59,95.80,1048
08-05-2026 21:30,95.80,96.06,95.45,95.90,997
08-05-2026 21:45,95.90,95.98,95.52,95.60,727
08-05-2026 22:00,95.60,96.14,95.54,96.10,671
08-05-2026 22:15,96.10,96.13,95.77,96.10,709
08-05-2026 22:30,96.10,96.12,95.76,95.83,645
08-05-2026 22:45,95.81,95.87,95.29,95.42,680
08-05-2026 23:00,95.42,95.67,95.33,95.65,655
08-05-2026 23:15,95.65,95.76,95.34,95.46,654
08-05-2026 23:30,95.47,95.61,94.60,95.22,1188
08-05-2026 23:45,95.21,95.58,95.00,95.38,1272
09-05-2026 00:00,95.37,95.40,94.79,95.28,799
09-05-2026 00:15,95.28,95.78,95.18,95.53,603
09-05-2026 00:30,95.54,95.62,95.32,95.40,429
09-05-2026 00:45,95.41,95.46,95.28,95.36,338
09-05-2026 01:00,95.36,95.45,94.69,94.87,664
09-05-2026 01:15,94.86,94.98,94.70,94.90,615
09-05-2026 01:30,94.90,95.02,94.59,94.92,435
09-05-2026 01:45,94.92,94.93,94.76,94.83,232
09-05-2026 02:00,94.83,94.85,94.50,94.56,271
09-05-2026 02:15,94.56,94.75,94.40,94.73,417
11-05-2026 03:30,98.17,98.54,97.64,97.76,1000
11-05-2026 03:45,97.76,98.12,97.69,97.88,413
11-05-2026 04:00,97.87,98.05,97.81,98.03,323
11-05-2026 04:15,98.03,98.40,97.97,98.28,410
11-05-2026 04:30,98.29,98.45,98.21,98.30,302
11-05-2026 04:45,98.30,98.35,98.18,98.32,209
11-05-2026 05:00,98.32,98.53,98.29,98.37,235
11-05-2026 05:15,98.37,98.90,98.25,98.85,295
11-05-2026 05:30,98.85,98.89,98.53,98.63,477
11-05-2026 05:45,98.63,98.65,98.49,98.61,273
11-05-2026 06:00,98.62,99.16,98.60,99.12,314
11-05-2026 06:15,99.15,99.89,99.01,99.22,816
11-05-2026 06:30,99.22,99.28,98.82,98.95,805
11-05-2026 06:45,98.95,99.04,98.82,99.00,426
11-05-2026 07:00,99.00,99.35,99.00,99.15,377
11-05-2026 07:15,99.15,99.17,98.93,98.99,324
11-05-2026 07:30,98.99,99.09,98.87,98.97,254
11-05-2026 07:45,98.97,99.10,98.94,99.09,190
11-05-2026 08:00,99.09,99.47,99.03,99.43,388
11-05-2026 08:15,99.42,99.79,99.38,99.67,182
11-05-2026 08:30,99.67,99.67,99.67,99.67,1
11-05-2026 09:00,99.83,99.84,99.69,99.77,142
11-05-2026 09:15,99.77,99.96,99.67,99.93,241
11-05-2026 09:30,99.93,100.25,99.92,100.17,312
11-05-2026 09:45,100.17,100.19,100.03,100.09,187
11-05-2026 10:00,100.09,100.17,100.04,100.15,171
11-05-2026 10:15,100.15,100.34,100.07,100.28,215
11-05-2026 10:30,100.28,100.31,99.83,99.90,368
11-05-2026 10:45,99.90,100.15,99.89,99.97,352
11-05-2026 11:00,99.97,100.11,99.74,99.79,443
11-05-2026 11:15,99.79,99.92,99.66,99.74,337
11-05-2026 11:30,99.74,99.88,99.69,99.86,445
11-05-2026 11:45,99.86,100.10,99.76,99.83,447
11-05-2026 12:00,99.83,99.83,98.89,99.02,596
11-05-2026 12:15,99.01,99.19,98.89,99.00,682
11-05-2026 12:30,99.00,99.29,98.71,99.13,949
11-05-2026 12:45,99.12,99.14,98.86,98.95,617
11-05-2026 13:00,98.95,99.09,98.64,98.75,651
11-05-2026 13:15,98.76,98.95,98.24,98.28,662
11-05-2026 13:30,98.28,98.41,97.11,97.34,1287
11-05-2026 13:45,97.34,97.54,96.90,97.52,1408
11-05-2026 14:00,97.54,97.68,97.31,97.58,772
11-05-2026 14:15,97.58,97.65,97.38,97.57,520
11-05-2026 14:30,97.57,97.84,97.40,97.54,697
11-05-2026 14:45,97.54,97.66,97.36,97.62,494
11-05-2026 15:00,97.62,97.70,97.47,97.62,445
11-05-2026 15:15,97.62,98.07,97.55,98.07,568
11-05-2026 15:30,98.06,98.10,97.33,97.55,831
11-05-2026 15:45,97.55,97.67,97.27,97.66,628
11-05-2026 16:00,97.65,97.83,97.46,97.76,620
11-05-2026 16:15,97.76,98.02,97.63,98.00,532
11-05-2026 16:30,98.00,98.04,97.82,97.87,420
11-05-2026 16:45,97.87,98.04,97.84,97.89,401
11-05-2026 17:00,97.89,97.92,97.69,97.87,439
11-05-2026 17:15,97.87,98.55,97.85,98.28,626
11-05-2026 17:30,98.29,98.68,98.29,98.54,655
11-05-2026 17:45,98.54,98.58,97.46,97.53,777
11-05-2026 18:00,97.56,97.83,96.59,97.81,1112
11-05-2026 18:15,97.81,98.61,97.59,98.04,1094
11-05-2026 18:30,98.07,98.10,96.56,96.79,1466
11-05-2026 18:45,96.79,96.99,96.45,96.83,1055
11-05-2026 19:00,96.78,97.25,96.43,96.50,1261
11-05-2026 19:15,96.52,96.62,96.13,96.59,1162
11-05-2026 19:30,96.60,97.12,96.53,96.96,977
11-05-2026 19:45,96.96,97.30,96.74,97.25,934
11-05-2026 20:00,97.25,97.87,97.12,97.21,1314
11-05-2026 20:15,97.21,97.73,97.15,97.66,1018
11-05-2026 20:30,97.66,97.77,97.40,97.73,929
11-05-2026 20:45,97.73,97.90,97.21,97.50,1014
11-05-2026 21:00,97.48,98.14,97.18,97.98,909
11-05-2026 21:15,97.97,98.27,97.59,97.85,1017
11-05-2026 21:30,97.86,98.38,97.84,98.34,727
11-05-2026 21:45,98.34,98.73,98.31,98.70,788
11-05-2026 22:00,98.72,99.79,98.61,99.68,1134
11-05-2026 22:15,99.69,99.75,99.23,99.24,975
11-05-2026 22:30,99.25,99.25,98.81,98.94,871
11-05-2026 22:45,98.94,99.01,98.39,98.62,755
11-05-2026 23:00,98.62,98.65,98.10,98.16,763
11-05-2026 23:15,98.16,98.49,98.10,98.33,699
11-05-2026 23:30,98.33,98.65,97.85,98.53,1114
11-05-2026 23:45,98.53,98.88,97.96,98.06,1511
12-05-2026 00:00,98.06,98.27,97.92,98.16,567
12-05-2026 00:15,98.16,98.24,97.87,98.11,473
12-05-2026 00:30,98.10,98.12,97.83,97.90,416
12-05-2026 00:45,97.91,98.02,97.82,98.01,344
12-05-2026 01:00,98.01,98.17,97.91,98.00,405
12-05-2026 01:15,98.00,98.48,98.00,98.29,467
12-05-2026 01:30,98.29,98.94,98.15,98.67,545
12-05-2026 01:45,98.66,98.67,98.22,98.24,346
12-05-2026 02:00,98.24,98.30,98.17,98.29,178
12-05-2026 02:15,98.29,98.50,98.29,98.35,232
12-05-2026 03:30,98.31,98.34,98.00,98.08,174
12-05-2026 03:45,98.08,98.17,98.07,98.11,88
12-05-2026 04:00,98.11,98.26,98.02,98.13,126
12-05-2026 04:15,98.13,98.22,98.10,98.20,74
12-05-2026 04:30,98.20,98.24,98.13,98.17,65
12-05-2026 04:45,98.17,98.21,98.16,98.17,45
12-05-2026 05:00,98.17,98.17,98.09,98.09,48
12-05-2026 05:15,98.09,98.10,97.99,98.08,67
12-05-2026 05:30,98.08,98.40,98.08,98.20,330
12-05-2026 05:45,98.20,98.47,98.09,98.41,256
12-05-2026 06:00,98.41,98.68,98.29,98.67,296
12-05-2026 06:15,98.67,98.77,98.54,98.70,338
12-05-2026 06:30,98.70,98.72,98.35,98.61,394
12-05-2026 06:45,98.61,98.88,98.59,98.80,312
12-05-2026 07:00,98.80,99.11,98.71,99.05,379
12-05-2026 07:15,99.05,99.06,98.79,99.02,299
12-05-2026 07:30,99.01,99.21,98.92,98.92,267
12-05-2026 07:45,98.92,99.25,98.92,99.09,179
12-05-2026 08:00,99.10,99.20,99.08,99.15,192
12-05-2026 08:15,99.15,99.15,98.94,98.95,207
12-05-2026 08:30,98.97,99.07,98.95,99.03,158
12-05-2026 08:45,99.03,99.04,98.96,99.03,112
12-05-2026 09:00,99.03,99.03,98.81,98.90,194
12-05-2026 09:15,98.90,99.19,98.90,99.13,168
12-05-2026 09:30,99.13,99.15,99.03,99.08,90
12-05-2026 09:45,99.07,99.07,98.66,98.93,259
12-05-2026 10:00,98.95,98.95,98.75,98.82,149
12-05-2026 10:15,98.82,99.01,98.81,99.00,104
12-05-2026 10:30,99.00,99.02,98.79,98.96,155
12-05-2026 10:45,98.96,99.02,98.89,98.95,100
12-05-2026 11:00,98.93,99.20,98.82,99.18,237
12-05-2026 11:15,99.18,99.49,99.10,99.18,355
12-05-2026 11:30,99.19,99.76,99.17,99.62,614
12-05-2026 11:45,99.62,99.62,99.38,99.45,462
12-05-2026 12:00,99.46,100.12,99.40,99.88,596
12-05-2026 12:15,99.88,100.67,99.85,100.51,753
12-05-2026 12:30,100.51,100.66,100.27,100.53,697
12-05-2026 12:45,100.53,100.63,100.29,100.35,552
12-05-2026 13:00,100.35,100.54,100.29,100.47,494
12-05-2026 13:15,100.47,100.70,100.37,100.66,488
12-05-2026 13:30,100.59,101.21,100.59,101.17,833
12-05-2026 13:45,101.17,101.45,100.77,101.17,1130
12-05-2026 14:00,101.15,101.28,100.90,101.15,680
12-05-2026 14:15,101.15,101.15,100.80,100.88,592
12-05-2026 14:30,100.89,101.41,100.83,101.25,848
12-05-2026 14:45,101.25,101.73,101.24,101.45,683
12-05-2026 15:00,101.45,101.46,100.95,101.31,824
12-05-2026 15:15,101.31,101.31,101.01,101.07,538
12-05-2026 15:30,101.07,101.15,100.82,100.97,613
12-05-2026 15:45,100.97,101.25,100.93,101.09,561
12-05-2026 16:00,101.09,101.67,101.05,101.58,590
12-05-2026 16:15,101.58,101.94,101.57,101.65,609
12-05-2026 16:30,101.64,102.02,101.12,101.40,900
12-05-2026 16:45,101.41,101.42,101.19,101.22,576
12-05-2026 17:00,101.22,101.49,101.15,101.26,510
12-05-2026 17:15,101.26,101.45,101.25,101.25,427
12-05-2026 17:30,101.25,101.64,101.15,101.45,680
12-05-2026 17:45,101.45,101.73,101.32,101.52,647
12-05-2026 18:00,101.52,101.59,101.08,101.25,850
12-05-2026 18:15,101.25,101.26,100.59,100.72,940
12-05-2026 18:30,100.75,101.47,100.66,101.26,1093
12-05-2026 18:45,101.26,101.65,101.18,101.64,818
12-05-2026 19:00,101.64,102.07,101.28,101.48,1228
12-05-2026 19:15,101.48,101.81,101.38,101.75,890
12-05-2026 19:30,101.74,101.78,101.37,101.44,911
12-05-2026 19:45,101.44,101.96,101.36,101.93,852
12-05-2026 20:00,101.93,102.14,101.49,101.52,960
12-05-2026 20:15,101.53,102.04,101.49,101.92,1078
12-05-2026 20:30,101.92,102.17,101.57,101.79,1057
12-05-2026 20:45,101.79,102.21,101.72,101.89,1106
12-05-2026 21:00,101.91,101.92,101.21,101.26,1032
12-05-2026 21:15,101.26,101.62,101.14,101.48,783
12-05-2026 21:30,101.47,101.66,101.24,101.27,676
12-05-2026 21:45,101.28,101.73,101.21,101.68,592
12-05-2026 22:00,101.68,101.94,101.64,101.89,619
12-05-2026 22:15,101.89,101.93,101.60,101.62,581
12-05-2026 22:30,101.61,101.61,101.34,101.53,723
12-05-2026 22:45,101.53,101.54,101.23,101.34,586
12-05-2026 23:00,101.34,101.53,101.22,101.47,563
12-05-2026 23:15,101.47,101.70,101.36,101.66,631
12-05-2026 23:30,101.66,102.63,101.51,102.29,980
12-05-2026 23:45,102.29,102.31,101.95,102.27,1273
13-05-2026 00:00,102.28,102.55,102.23,102.42,604
13-05-2026 00:15,102.42,102.70,102.41,102.53,432
13-05-2026 00:30,102.53,102.53,102.22,102.25,330
13-05-2026 00:45,102.25,102.43,102.19,102.25,291
13-05-2026 01:00,102.25,102.43,102.21,102.33,264
13-05-2026 01:15,102.33,102.47,102.24,102.36,415
13-05-2026 01:30,102.35,102.44,102.32,102.44,218
13-05-2026 01:45,102.43,102.44,102.21,102.25,179
13-05-2026 02:00,102.25,102.32,102.13,102.14,300
13-05-2026 02:15,102.14,102.15,101.89,102.14,313
13-05-2026 03:30,102.08,102.25,101.98,101.99,194
13-05-2026 03:45,101.99,101.99,101.72,101.81,214
13-05-2026 04:00,101.81,101.89,101.75,101.83,92
13-05-2026 04:15,101.83,101.94,101.80,101.91,82
13-05-2026 04:30,101.91,102.03,101.91,102.00,120
13-05-2026 04:45,102.00,102.04,101.91,101.95,80
13-05-2026 05:00,101.95,102.04,101.94,102.01,65
13-05-2026 05:15,102.01,102.10,102.01,102.04,87
13-05-2026 05:30,102.04,102.05,101.63,101.83,405
13-05-2026 05:45,101.83,101.93,101.43,101.51,295
13-05-2026 06:00,101.51,101.67,101.02,101.35,333
13-05-2026 06:15,101.35,101.57,101.35,101.43,375
13-05-2026 06:30,101.43,101.50,101.25,101.41,465
13-05-2026 06:45,101.41,101.52,101.33,101.44,282
13-05-2026 07:00,101.44,101.62,101.41,101.59,360
13-05-2026 07:15,101.59,101.61,101.44,101.56,211
13-05-2026 07:30,101.56,101.68,101.47,101.54,237
13-05-2026 07:45,101.55,101.60,101.50,101.55,100
13-05-2026 08:00,101.55,101.62,101.50,101.52,134
13-05-2026 08:15,101.52,101.53,100.76,101.04,342
13-05-2026 08:30,101.05,101.19,100.84,100.91,294
13-05-2026 08:45,100.91,101.06,100.88,101.02,238
13-05-2026 09:00,101.01,101.14,100.83,100.95,212
13-05-2026 09:15,100.95,101.12,100.93,101.04,187
13-05-2026 09:30,101.04,101.04,100.88,100.92,142
13-05-2026 09:45,100.92,100.99,100.84,100.86,130
13-05-2026 10:00,100.86,100.95,100.86,100.87,116
13-05-2026 10:15,100.88,100.90,100.58,100.74,273
13-05-2026 10:30,100.74,100.87,100.64,100.86,170
13-05-2026 10:45,100.86,100.86,100.61,100.73,188
13-05-2026 11:00,100.72,100.77,100.61,100.72,244
13-05-2026 11:15,100.72,100.72,100.54,100.63,251
13-05-2026 11:30,100.64,101.04,100.57,100.91,459
13-05-2026 11:45,100.91,100.91,100.55,100.73,457
13-05-2026 12:00,100.74,100.98,100.71,100.89,381
13-05-2026 12:15,100.88,101.11,100.88,100.96,387
13-05-2026 12:30,100.96,101.33,100.80,101.05,666
13-05-2026 12:45,101.05,101.07,100.65,100.76,487
13-05-2026 13:00,100.76,101.07,100.71,101.04,449
13-05-2026 13:15,101.04,101.31,100.96,101.22,526
13-05-2026 13:30,101.23,101.40,101.05,101.09,692
13-05-2026 13:45,101.09,101.39,101.08,101.17,872
13-05-2026 14:00,101.18,101.77,101.10,101.73,620
13-05-2026 14:15,101.73,101.79,101.45,101.55,530
13-05-2026 14:30,101.55,101.96,101.47,101.88,536
13-05-2026 14:45,101.87,101.88,101.34,101.47,521
13-05-2026 15:00,101.47,101.65,101.39,101.56,520
13-05-2026 15:15,101.55,101.61,101.16,101.31,482
13-05-2026 15:30,101.31,101.62,101.30,101.58,518
13-05-2026 15:45,101.58,102.05,101.56,102.01,542
13-05-2026 16:00,102.01,102.28,101.98,102.04,617
13-05-2026 16:15,102.04,102.37,101.93,102.28,499
13-05-2026 16:30,102.29,102.33,102.07,102.11,577
13-05-2026 16:45,102.11,102.18,101.94,102.04,533
13-05-2026 17:00,102.05,102.10,101.65,101.78,566
13-05-2026 17:15,101.78,101.98,101.73,101.84,458
13-05-2026 17:30,101.83,101.93,101.75,101.84,443
13-05-2026 17:45,101.84,102.26,101.81,102.18,526
13-05-2026 18:00,102.18,102.73,102.14,102.54,854
13-05-2026 18:15,102.53,102.59,102.21,102.32,660
13-05-2026 18:30,102.32,102.32,102.01,102.30,911
13-05-2026 18:45,102.31,102.62,102.29,102.55,637
13-05-2026 19:00,102.58,102.60,102.27,102.34,893
13-05-2026 19:15,102.34,102.87,102.34,102.85,878
13-05-2026 19:30,102.85,103.64,102.85,103.38,919
13-05-2026 19:45,103.37,103.54,103.24,103.52,676
13-05-2026 20:00,103.50,103.62,102.97,103.02,1008
13-05-2026 20:15,103.02,103.15,102.67,103.12,898
13-05-2026 20:30,103.14,103.21,102.66,102.83,1044
13-05-2026 20:45,102.83,102.99,102.54,102.58,804
13-05-2026 21:00,102.59,102.76,102.01,102.25,982
13-05-2026 21:15,102.25,102.50,102.13,102.20,775
13-05-2026 21:30,102.20,102.36,101.73,101.89,854
13-05-2026 21:45,101.89,101.90,100.84,101.25,1215
13-05-2026 22:00,101.25,101.91,101.12,101.83,1025
13-05-2026 22:15,101.83,102.20,101.83,102.08,909
13-05-2026 22:30,102.08,102.16,101.73,101.80,710
13-05-2026 22:45,101.80,101.93,101.67,101.68,611
13-05-2026 23:00,101.67,101.69,101.44,101.64,552
13-05-2026 23:15,101.64,101.64,101.22,101.31,697
13-05-2026 23:30,101.31,101.38,101.00,101.14,691
13-05-2026 23:45,101.14,101.31,100.92,100.99,980
14-05-2026 00:00,101.00,101.09,100.78,100.88,552
14-05-2026 00:15,100.88,101.04,100.70,101.00,559
14-05-2026 00:30,101.00,101.09,100.94,101.02,337
14-05-2026 00:45,101.03,101.17,101.02,101.13,262
14-05-2026 01:00,101.13,101.39,101.09,101.18,317
14-05-2026 01:15,101.18,101.35,101.16,101.34,315
14-05-2026 01:30,101.35,101.55,101.19,101.22,305
14-05-2026 01:45,101.22,101.30,101.16,101.22,181
14-05-2026 02:00,101.22,101.23,100.72,100.72,251
14-05-2026 02:15,100.73,101.02,100.68,100.93,268
14-05-2026 03:30,101.01,101.21,100.84,100.86,163
14-05-2026 03:45,100.87,100.89,100.71,100.81,135
14-05-2026 04:00,100.82,100.88,100.76,100.79,82
14-05-2026 04:15,100.79,100.92,100.77,100.83,69
14-05-2026 04:30,100.82,101.04,100.78,101.01,82
14-05-2026 04:45,101.01,101.05,100.91,100.98,81
14-05-2026 05:00,100.99,101.02,100.96,100.97,60
14-05-2026 05:15,100.97,101.04,100.92,101.01,64
14-05-2026 05:30,101.02,101.20,100.89,101.16,254
14-05-2026 05:45,101.16,101.25,101.03,101.09,198
14-05-2026 06:00,101.09,101.25,101.02,101.15,175
14-05-2026 06:15,101.15,101.17,101.03,101.11,181
14-05-2026 06:30,101.11,101.39,100.85,100.94,483
14-05-2026 06:45,100.94,101.18,100.88,101.06,337
14-05-2026 07:00,101.06,101.11,100.72,100.74,346
14-05-2026 07:15,100.74,101.09,100.71,101.03,295
14-05-2026 07:30,101.03,101.10,100.91,101.04,254
14-05-2026 07:45,101.03,101.21,101.03,101.14,171
14-05-2026 08:00,101.14,101.30,101.12,101.25,213
14-05-2026 08:15,101.25,101.49,101.23,101.46,258
14-05-2026 08:30,101.45,101.46,101.26,101.33,246
14-05-2026 08:45,101.33,101.33,101.14,101.21,188
14-05-2026 09:00,101.22,101.54,101.22,101.52,286
14-05-2026 09:15,101.52,101.72,101.30,101.37,316
14-05-2026 09:30,101.37,101.53,101.34,101.51,193
14-05-2026 09:45,101.51,101.56,101.40,101.43,143
14-05-2026 10:00,101.44,101.55,101.44,101.49,124
14-05-2026 10:15,101.49,101.52,101.38,101.44,159
14-05-2026 10:30,101.44,101.71,101.44,101.55,232
14-05-2026 10:45,101.55,101.62,101.51,101.61,188
14-05-2026 11:00,101.61,101.78,101.60,101.61,330
14-05-2026 11:15,101.61,101.62,101.33,101.44,335
14-05-2026 11:30,101.44,101.44,101.10,101.31,402
14-05-2026 11:45,101.31,101.38,101.07,101.22,363
14-05-2026 12:00,101.22,101.23,99.97,99.97,567
14-05-2026 12:15,99.97,101.04,99.59,101.02,1153
14-05-2026 12:30,101.06,101.54,100.92,101.31,943
14-05-2026 12:45,101.31,101.40,101.04,101.24,540
14-05-2026 13:00,101.24,101.36,100.99,101.21,530
14-05-2026 13:15,101.20,102.07,101.18,101.92,777
14-05-2026 13:30,101.93,102.32,101.64,101.95,1081
14-05-2026 13:45,101.95,101.95,101.28,101.51,1299
14-05-2026 14:00,101.51,101.61,100.99,101.46,1044
14-05-2026 14:15,101.46,101.46,101.12,101.32,751
14-05-2026 14:30,101.32,101.94,101.19,101.63,801
14-05-2026 14:45,101.63,101.83,101.55,101.75,525
14-05-2026 15:00,101.77,101.79,101.38,101.41,637
14-05-2026 15:15,101.41,101.42,100.79,101.03,707
14-05-2026 15:30,101.04,101.12,100.10,100.77,837
14-05-2026 15:45,100.77,100.87,100.30,100.73,1128
14-05-2026 16:00,100.74,101.43,100.68,101.33,824
14-05-2026 16:15,101.33,101.71,100.80,101.05,1153
14-05-2026 16:30,101.09,101.29,100.72,101.01,816
14-05-2026 16:45,101.01,101.19,100.75,100.81,667
14-05-2026 17:00,100.80,100.99,100.67,100.80,665
14-05-2026 17:15,100.80,100.83,100.03,100.25,903
14-05-2026 17:30,100.25,100.36,99.55,99.69,1095
14-05-2026 17:45,99.69,100.49,99.38,100.46,1139
14-05-2026 18:00,100.44,100.59,100.16,100.58,811
14-05-2026 18:15,100.59,100.91,100.32,100.35,968
14-05-2026 18:30,100.37,100.73,100.31,100.49,1075
14-05-2026 18:45,100.48,100.55,100.16,100.33,799
14-05-2026 19:00,100.33,101.02,100.32,100.86,1150
14-05-2026 19:15,100.86,101.07,100.24,100.88,1321
14-05-2026 19:30,100.91,101.23,100.75,101.12,972
14-05-2026 19:45,101.12,101.73,100.97,101.28,943
14-05-2026 20:00,101.30,101.50,101.12,101.30,919
14-05-2026 20:15,101.30,101.30,100.33,100.57,1327
14-05-2026 20:30,100.57,100.95,100.38,100.84,1034
14-05-2026 20:45,100.84,100.92,100.51,100.71,1135
14-05-2026 21:00,100.72,100.91,100.58,100.70,837
14-05-2026 21:15,100.70,101.04,100.62,100.95,821
14-05-2026 21:30,100.95,101.04,100.48,100.51,796
14-05-2026 21:45,100.51,100.93,100.23,100.86,739
14-05-2026 22:00,100.86,101.16,100.75,100.97,928
14-05-2026 22:15,100.97,101.05,100.85,101.05,535
14-05-2026 22:30,101.05,101.45,100.89,101.38,674
14-05-2026 22:45,101.38,101.65,101.32,101.50,607
14-05-2026 23:00,101.50,101.80,101.49,101.63,573
14-05-2026 23:15,101.63,102.00,101.62,101.73,660
14-05-2026 23:30,101.71,101.96,101.39,101.39,627
14-05-2026 23:45,101.40,101.54,101.07,101.15,918
15-05-2026 00:00,101.14,101.62,101.06,101.51,477
15-05-2026 00:15,101.51,101.53,101.32,101.40,221
15-05-2026 00:30,101.40,101.63,101.32,101.61,307
15-05-2026 00:45,101.61,101.72,101.51,101.59,194
15-05-2026 01:00,101.59,101.80,101.59,101.75,217
15-05-2026 01:15,101.75,101.99,101.73,101.98,222
15-05-2026 01:30,101.98,102.11,101.82,102.08,305
15-05-2026 01:45,102.08,102.16,101.87,101.90,155
15-05-2026 02:00,101.90,102.11,101.88,102.06,173
15-05-2026 02:15,102.06,102.06,101.99,101.99,157
15-05-2026 03:30,101.93,101.94,101.49,101.51,207
15-05-2026 03:45,101.51,101.66,101.46,101.53,157
15-05-2026 04:00,101.55,101.64,101.54,101.61,66
15-05-2026 04:15,101.61,101.94,101.52,101.92,137
15-05-2026 04:30,101.92,101.92,101.69,101.78,81
15-05-2026 04:45,101.78,102.00,101.74,101.88,115
15-05-2026 05:00,101.88,101.97,101.85,101.96,80
15-05-2026 05:15,101.96,101.98,101.86,101.88,96
15-05-2026 05:30,101.88,101.93,101.66,101.79,243
15-05-2026 05:45,101.79,101.82,101.57,101.73,184
15-05-2026 06:00,101.74,101.95,101.73,101.91,182
15-05-2026 06:15,101.92,102.00,101.79,101.81,148
15-05-2026 06:30,101.80,102.13,101.67,102.04,347
15-05-2026 06:45,102.04,102.58,102.00,102.50,413
15-05-2026 07:00,102.50,102.88,102.19,102.22,558
15-05-2026 07:15,102.22,102.42,102.12,102.38,342
15-05-2026 07:30,102.38,102.48,102.29,102.44,250
15-05-2026 07:45,102.44,102.72,102.41,102.71,195
15-05-2026 08:00,102.71,102.90,102.59,102.73,409
15-05-2026 08:15,102.73,102.73,102.01,102.61,601
15-05-2026 08:30,102.62,102.66,102.40,102.41,226
15-05-2026 08:45,102.43,102.53,102.41,102.51,195
15-05-2026 09:00,102.51,102.60,102.39,102.40,195
15-05-2026 09:15,102.40,102.45,102.32,102.33,156
15-05-2026 09:30,102.32,102.58,102.32,102.53,170
15-05-2026 09:45,102.53,102.56,102.41,102.46,165
15-05-2026 10:00,102.46,102.52,102.35,102.49,137
15-05-2026 10:15,102.49,102.51,102.35,102.37,126
15-05-2026 10:30,102.37,102.68,102.37,102.56,162
15-05-2026 10:45,102.56,102.65,102.42,102.51,182
15-05-2026 11:00,102.51,103.18,102.51,103.07,388
15-05-2026 11:15,103.07,103.71,103.07,103.31,560
15-05-2026 11:30,103.32,103.59,103.20,103.30,619
15-05-2026 11:45,103.30,103.41,103.10,103.35,575
15-05-2026 12:00,103.35,103.41,103.07,103.17,517
15-05-2026 12:15,103.16,103.37,103.05,103.20,504
15-05-2026 12:30,103.22,103.46,103.08,103.11,426
15-05-2026 12:45,103.11,103.16,102.65,102.92,508
15-05-2026 13:00,102.92,103.10,102.83,103.03,412
15-05-2026 13:15,103.04,103.58,103.04,103.56,490
15-05-2026 13:30,103.52,103.97,103.39,103.89,844
15-05-2026 13:45,103.89,104.98,103.89,104.86,1292
15-05-2026 14:00,104.90,105.20,104.72,104.87,981
15-05-2026 14:15,104.87,105.06,104.78,104.84,621
15-05-2026 14:30,104.84,104.98,104.41,104.58,712
15-05-2026 14:45,104.58,104.91,104.58,104.66,617
15-05-2026 15:00,104.66,104.97,104.61,104.86,483
15-05-2026 15:15,104.84,105.29,104.77,105.21,781
15-05-2026 15:30,105.18,105.20,104.43,104.56,625
15-05-2026 15:45,104.57,104.75,104.26,104.48,741
15-05-2026 16:00,104.47,104.75,103.95,104.00,677
15-05-2026 16:15,104.00,104.18,102.85,103.20,1346
15-05-2026 16:30,103.20,104.03,103.02,103.66,950
15-05-2026 16:45,103.66,103.86,103.46,103.84,567
15-05-2026 17:00,103.84,104.27,103.75,104.13,606
15-05-2026 17:15,104.13,104.59,103.95,104.44,508
15-05-2026 17:30,104.44,104.68,104.41,104.52,573
15-05-2026 17:45,104.51,104.57,103.99,104.31,704
15-05-2026 18:00,104.31,104.50,104.29,104.40,525
15-05-2026 18:15,104.40,104.47,104.16,104.21,570
15-05-2026 18:30,104.21,104.24,103.73,103.83,622
15-05-2026 18:45,103.83,103.97,103.65,103.84,602
15-05-2026 19:00,103.83,103.93,103.45,103.91,856
15-05-2026 19:15,103.91,104.26,103.87,104.25,877
15-05-2026 19:30,104.25,104.42,103.69,103.71,840
15-05-2026 19:45,103.71,104.32,103.51,104.11,924
15-05-2026 20:00,104.10,104.62,104.01,104.49,819
15-05-2026 20:15,104.49,104.97,104.45,104.63,907
15-05-2026 20:30,104.61,104.71,104.30,104.58,847
15-05-2026 20:45,104.58,104.77,104.51,104.51,727
15-05-2026 21:00,104.50,104.99,104.32,104.90,782
15-05-2026 21:15,104.89,105.69,104.89,105.41,690
15-05-2026 21:30,105.41,105.77,105.14,105.23,661
15-05-2026 21:45,105.23,105.41,104.99,105.04,475
15-05-2026 22:00,105.04,105.17,104.97,105.14,456
15-05-2026 22:15,105.14,105.20,104.95,105.07,428
15-05-2026 22:30,105.08,105.13,104.75,104.78,406
15-05-2026 22:45,104.78,105.03,104.71,105.01,410
15-05-2026 23:00,105.01,105.16,104.97,105.07,410
15-05-2026 23:15,105.07,105.28,104.99,105.06,441
15-05-2026 23:30,105.06,105.44,105.02,105.26,584
15-05-2026 23:45,105.27,105.49,105.17,105.48,794
16-05-2026 00:00,105.46,105.78,105.43,105.44,442
16-05-2026 00:15,105.44,105.53,105.28,105.30,278
16-05-2026 00:30,105.30,105.41,105.21,105.28,268
16-05-2026 00:45,105.29,105.59,105.29,105.44,349
16-05-2026 01:00,105.44,105.50,105.31,105.42,285
16-05-2026 01:15,105.41,105.71,105.39,105.57,474
16-05-2026 01:30,105.57,105.97,105.55,105.91,310
16-05-2026 01:45,105.89,105.90,105.61,105.71,253
16-05-2026 02:00,105.71,105.75,105.41,105.42,206
16-05-2026 02:15,105.42,105.68,105.34,105.61,265
18-05-2026 03:30,101.72,102.89,101.51,102.23,690
18-05-2026 03:45,102.22,102.53,102.17,102.52,289
18-05-2026 04:00,102.52,102.52,102.26,102.29,174
18-05-2026 04:15,102.29,102.43,102.24,102.24,116
18-05-2026 04:30,102.24,102.45,102.24,102.39,119
18-05-2026 04:45,102.39,102.64,102.39,102.61,160
18-05-2026 05:00,102.61,102.67,102.49,102.60,196
18-05-2026 05:15,102.60,102.61,102.35,102.44,207
18-05-2026 05:30,102.43,102.43,101.99,102.23,519
18-05-2026 05:45,102.23,102.38,102.15,102.28,312
18-05-2026 06:00,102.28,102.84,102.27,102.84,348
18-05-2026 06:15,102.83,103.16,102.79,102.97,502
18-05-2026 06:30,102.97,103.55,102.63,103.55,950
18-05-2026 06:45,103.55,104.33,103.42,103.97,850
18-05-2026 07:00,103.97,103.98,103.62,103.68,528
18-05-2026 07:15,103.68,103.68,103.09,103.27,573
18-05-2026 07:30,103.27,103.69,103.24,103.34,471
18-05-2026 07:45,103.34,103.35,103.21,103.27,185
18-05-2026 08:00,103.27,103.36,103.13,103.23,345
18-05-2026 08:15,103.24,103.32,103.13,103.24,268
18-05-2026 08:30,103.24,103.30,103.15,103.26,384
18-05-2026 08:45,103.27,103.30,103.07,103.18,358
18-05-2026 09:00,103.18,103.37,103.10,103.14,219
18-05-2026 09:15,103.14,103.28,103.13,103.16,205
18-05-2026 09:30,103.16,103.17,103.03,103.12,220
18-05-2026 09:45,103.12,103.30,103.11,103.29,195
18-05-2026 10:00,103.31,103.32,103.01,103.02,203
18-05-2026 10:15,103.02,103.25,102.99,103.14,228
18-05-2026 10:30,103.14,103.17,102.86,103.11,235
18-05-2026 10:45,103.09,103.27,103.04,103.14,241
18-05-2026 11:00,103.14,103.20,102.69,102.80,414
18-05-2026 11:15,102.80,102.88,102.55,102.85,369
18-05-2026 11:30,102.86,103.09,102.78,103.04,538
18-05-2026 11:45,103.04,103.30,102.95,103.23,447
18-05-2026 12:00,103.23,103.41,103.16,103.16,387
18-05-2026 12:15,103.16,103.19,102.78,102.85,559
18-05-2026 12:30,102.80,102.90,102.56,102.88,474
18-05-2026 12:45,102.88,102.88,102.01,102.08,703
18-05-2026 13:00,102.09,102.09,101.59,101.92,938
18-05-2026 13:15,101.92,102.26,101.84,102.17,764
18-05-2026 13:30,102.17,102.17,101.62,102.14,769
18-05-2026 13:45,102.14,102.41,101.93,102.08,1029
18-05-2026 14:00,102.10,102.15,101.75,101.98,649
18-05-2026 14:15,101.98,101.98,101.70,101.79,448
18-05-2026 14:30,101.79,102.18,101.69,102.06,576
18-05-2026 14:45,102.07,102.53,102.03,102.20,440
18-05-2026 15:00,102.21,102.21,101.84,102.06,435
18-05-2026 15:15,102.05,102.28,101.99,102.19,390
18-05-2026 15:30,102.18,102.38,102.09,102.25,405
18-05-2026 15:45,102.25,102.29,102.10,102.11,310
18-05-2026 16:00,102.11,102.49,102.04,102.23,424
18-05-2026 16:15,102.23,102.49,102.14,102.42,400
18-05-2026 16:30,102.44,103.18,102.30,102.56,785
18-05-2026 16:45,102.56,102.63,102.25,102.37,535
18-05-2026 17:00,102.37,102.45,100.16,100.36,1748
18-05-2026 17:15,100.35,101.07,100.33,100.87,1251
18-05-2026 17:30,100.88,101.35,100.72,101.31,913
18-05-2026 17:45,101.31,101.55,101.02,101.08,843
18-05-2026 18:00,101.08,101.08,99.21,99.21,1534
18-05-2026 18:15,99.21,99.47,98.64,99.03,1698
18-05-2026 18:30,99.03,99.95,98.95,99.56,1407
18-05-2026 18:45,99.54,99.76,99.42,99.58,944
18-05-2026 19:00,99.59,100.20,99.50,100.01,1216
18-05-2026 19:15,100.01,100.04,99.01,99.57,1219
18-05-2026 19:30,99.57,101.02,99.53,100.76,1496
18-05-2026 19:45,100.76,101.39,100.50,101.35,1155
18-05-2026 20:00,101.35,102.19,101.24,102.04,1309
18-05-2026 20:15,102.04,102.35,101.91,102.21,924
18-05-2026 20:30,102.19,103.00,102.02,102.65,1562
18-05-2026 20:45,102.66,102.97,102.59,102.97,1177
18-05-2026 21:00,102.98,103.10,102.59,102.90,965
18-05-2026 21:15,102.90,102.91,102.67,102.83,723
18-05-2026 21:30,102.83,103.10,102.78,102.95,631
18-05-2026 21:45,102.95,103.57,102.71,103.30,878
18-05-2026 22:00,103.31,103.45,102.86,103.08,715
18-05-2026 22:15,103.10,103.16,102.72,102.90,559
18-05-2026 22:30,102.90,103.05,102.23,102.49,927
18-05-2026 22:45,102.49,102.62,102.18,102.58,575
18-05-2026 23:00,102.58,103.05,102.56,102.95,575
18-05-2026 23:15,102.95,103.09,102.85,103.01,537
18-05-2026 23:30,103.01,103.70,103.00,103.68,735
18-05-2026 23:45,103.68,105.18,103.65,104.41,1593
19-05-2026 00:00,104.41,104.52,104.15,104.19,850
19-05-2026 00:15,104.19,104.67,104.15,104.63,587
19-05-2026 00:30,104.63,104.78,101.91,102.48,2033
19-05-2026 00:45,102.49,102.78,101.96,102.37,1034
19-05-2026 01:00,102.38,102.43,101.55,101.77,852
19-05-2026 01:15,101.77,101.99,101.41,101.93,816
19-05-2026 01:30,101.95,102.03,101.38,101.38,482
19-05-2026 01:45,101.38,101.71,101.10,101.69,518
19-05-2026 02:00,101.69,101.99,101.63,101.89,374
19-05-2026 02:15,101.89,102.58,101.85,102.48,476
19-05-2026 03:30,102.26,102.45,102.12,102.43,293
19-05-2026 03:45,102.43,102.50,102.29,102.37,171
19-05-2026 04:00,102.37,102.49,102.31,102.42,171
19-05-2026 04:15,102.43,102.52,102.39,102.44,91
19-05-2026 04:30,102.44,102.49,102.44,102.44,82
19-05-2026 04:45,102.44,102.45,102.31,102.42,83
19-05-2026 05:00,102.42,102.47,102.34,102.34,55
19-05-2026 05:15,102.34,102.50,102.24,102.29,156
19-05-2026 05:30,102.29,102.72,102.24,102.44,549
19-05-2026 05:45,102.43,102.68,102.42,102.49,352
19-05-2026 06:00,102.50,102.52,102.30,102.33,245
19-05-2026 06:15,102.33,102.54,102.22,102.47,403
19-05-2026 06:30,102.47,102.92,102.46,102.87,763
19-05-2026 06:45,102.87,102.97,102.72,102.76,437
19-05-2026 07:00,102.75,102.79,102.23,102.39,330
19-05-2026 07:15,102.39,102.63,102.35,102.49,400
19-05-2026 07:30,102.49,102.66,102.41,102.56,299
19-05-2026 07:45,102.56,102.80,102.49,102.56,213
19-05-2026 08:00,102.56,103.07,102.56,102.84,335
19-05-2026 08:15,102.84,102.93,102.78,102.88,244
19-05-2026 08:30,102.88,103.11,102.87,102.91,334
19-05-2026 08:45,102.90,102.92,102.78,102.80,174
19-05-2026 09:00,102.80,102.80,102.66,102.72,184
19-05-2026 09:15,102.72,102.89,102.72,102.83,144
19-05-2026 09:30,102.83,102.89,102.64,102.73,140
19-05-2026 09:45,102.71,102.80,102.69,102.70,133
19-05-2026 10:00,102.72,102.88,102.66,102.82,187
19-05-2026 10:15,102.83,102.90,102.58,102.63,195
19-05-2026 10:30,102.63,102.71,102.57,102.62,219
19-05-2026 10:45,102.62,103.36,102.61,103.02,437
19-05-2026 11:00,103.01,103.43,103.01,103.26,461
19-05-2026 11:15,103.26,103.30,103.08,103.13,292
19-05-2026 11:30,103.13,103.68,102.73,102.88,814
19-05-2026 11:45,102.88,103.49,102.85,103.41,546
19-05-2026 12:00,103.41,103.61,103.34,103.49,546
19-05-2026 12:15,103.50,103.82,103.49,103.71,612
19-05-2026 12:30,103.71,103.98,103.48,103.52,656
19-05-2026 12:45,103.52,103.69,103.48,103.52,432
19-05-2026 13:00,103.52,103.73,103.47,103.52,473
19-05-2026 13:15,103.51,103.56,103.01,103.14,914
19-05-2026 13:30,103.14,103.83,103.01,103.68,945
19-05-2026 13:45,103.67,103.69,103.30,103.44,956
19-05-2026 14:00,103.43,103.49,103.11,103.22,592
19-05-2026 14:15,103.22,103.25,103.02,103.22,496
19-05-2026 14:30,103.22,103.38,103.14,103.31,565
19-05-2026 14:45,103.31,103.55,103.06,103.32,569
19-05-2026 15:00,103.31,103.41,103.21,103.24,440
19-05-2026 15:15,103.25,103.33,102.56,102.77,600
19-05-2026 15:30,102.76,103.04,102.72,103.02,492
19-05-2026 15:45,103.02,103.18,102.98,103.02,428
19-05-2026 16:00,103.00,103.92,102.97,103.75,656
19-05-2026 16:15,103.73,104.15,103.28,103.41,933
19-05-2026 16:30,103.41,104.01,103.40,103.98,734
19-05-2026 16:45,103.97,104.07,103.64,103.82,491
19-05-2026 17:00,103.83,103.91,103.67,103.74,401
19-05-2026 17:15,103.75,103.97,103.69,103.96,414
19-05-2026 17:30,103.96,103.99,103.54,103.56,580
19-05-2026 17:45,103.56,103.76,103.26,103.45,588
19-05-2026 18:00,103.45,103.52,103.21,103.33,589
19-05-2026 18:15,103.33,103.60,103.30,103.49,522
19-05-2026 18:30,103.46,103.62,103.12,103.49,974
19-05-2026 18:45,103.49,104.60,103.47,104.39,1132
19-05-2026 19:00,104.38,104.69,103.94,104.07,1270
19-05-2026 19:15,104.07,104.14,103.18,103.44,1267
19-05-2026 19:30,103.47,103.73,102.59,103.68,1676
19-05-2026 19:45,103.68,103.77,103.05,103.12,1040
19-05-2026 20:00,103.12,103.48,102.79,103.26,1339
19-05-2026 20:15,103.26,103.72,103.18,103.47,941
19-05-2026 20:30,103.47,103.49,102.94,103.41,1060
19-05-2026 20:45,103.41,103.67,103.07,103.46,1083
19-05-2026 21:00,103.49,103.62,103.20,103.56,822
19-05-2026 21:15,103.56,103.88,103.53,103.81,681
19-05-2026 21:30,103.81,104.03,103.74,103.95,537
19-05-2026 21:45,103.95,104.00,103.65,103.81,564
19-05-2026 22:00,103.81,104.13,103.64,103.95,617
19-05-2026 22:15,103.95,103.95,103.49,103.69,595
19-05-2026 22:30,103.71,104.07,103.66,103.91,572
19-05-2026 22:45,103.91,104.04,103.83,103.89,437
19-05-2026 23:00,103.90,103.91,103.26,103.45,724
19-05-2026 23:15,103.45,103.81,103.41,103.42,758
19-05-2026 23:30,103.42,103.48,103.08,103.15,721
19-05-2026 23:45,103.15,104.44,103.13,104.39,1155
20-05-2026 00:00,104.38,104.63,104.21,104.41,757
20-05-2026 00:15,104.41,104.84,104.40,104.63,516
20-05-2026 00:30,104.63,104.64,104.15,104.18,450
20-05-2026 00:45,104.18,104.56,104.12,104.43,429
20-05-2026 01:00,104.42,104.48,104.33,104.40,264
20-05-2026 01:15,104.40,104.46,104.20,104.46,358
20-05-2026 01:30,104.46,104.57,104.37,104.42,214
20-05-2026 01:45,104.42,104.44,104.14,104.20,230
20-05-2026 02:00,104.20,104.22,103.93,104.04,407
20-05-2026 02:15,104.05,104.16,103.97,103.99,246
20-05-2026 03:30,104.04,104.32,104.04,104.30,150
20-05-2026 03:45,104.30,104.33,104.16,104.19,92
20-05-2026 04:00,104.19,104.23,104.09,104.15,108
20-05-2026 04:15,104.15,104.21,104.14,104.19,62
20-05-2026 04:30,104.19,104.27,104.12,104.14,83
20-05-2026 04:45,104.14,104.20,104.01,104.03,83
20-05-2026 05:00,104.05,104.07,103.74,103.86,139
20-05-2026 05:15,103.86,103.98,103.79,103.91,111
20-05-2026 05:30,103.91,103.99,103.76,103.81,312
20-05-2026 05:45,103.81,103.97,103.70,103.79,241
20-05-2026 06:00,103.79,103.88,103.69,103.78,184
20-05-2026 06:15,103.78,103.89,103.77,103.83,177
20-05-2026 06:30,103.83,104.41,103.82,104.20,617
20-05-2026 06:45,104.19,104.24,103.91,104.10,446
20-05-2026 07:00,104.10,104.36,104.05,104.08,396
20-05-2026 07:15,104.07,104.10,103.12,103.57,721
20-05-2026 07:30,103.57,103.72,103.38,103.60,420
20-05-2026 07:45,103.60,103.92,103.59,103.89,259
20-05-2026 08:00,103.89,104.43,103.87,104.12,545
20-05-2026 08:15,104.12,104.19,104.05,104.17,305
20-05-2026 08:30,104.17,104.30,104.13,104.26,313
20-05-2026 08:45,104.25,104.31,103.99,104.04,270
20-05-2026 09:00,104.04,104.05,103.71,103.80,249
20-05-2026 09:15,103.80,103.90,103.56,103.67,227
20-05-2026 09:30,103.66,103.67,103.30,103.48,314
20-05-2026 09:45,103.49,103.58,103.48,103.51,158
20-05-2026 10:00,103.51,103.79,103.50,103.71,194
20-05-2026 10:15,103.72,103.95,103.69,103.88,146
20-05-2026 10:30,103.88,103.89,103.59,103.69,181
20-05-2026 10:45,103.69,103.82,103.64,103.75,181
20-05-2026 11:00,103.75,103.82,103.58,103.71,306
20-05-2026 11:15,103.71,103.93,103.70,103.83,271
20-05-2026 11:30,103.83,103.96,103.61,103.84,378
20-05-2026 11:45,103.84,103.85,102.93,103.02,719
20-05-2026 12:00,103.02,103.33,102.87,103.05,648
20-05-2026 12:15,103.05,103.07,102.63,102.76,651
20-05-2026 12:30,102.76,103.15,102.68,103.05,682
20-05-2026 12:45,103.06,103.12,102.49,102.64,509
20-05-2026 13:00,102.65,103.14,102.65,102.96,672
20-05-2026 13:15,102.97,103.12,102.92,103.03,527
20-05-2026 13:30,103.03,103.06,102.50,102.95,891
20-05-2026 13:45,102.95,103.09,102.75,102.80,814
20-05-2026 14:00,102.74,102.82,102.20,102.34,859
20-05-2026 14:15,102.35,102.35,101.81,102.06,871
20-05-2026 14:30,102.10,102.53,101.63,102.48,956
20-05-2026 14:45,102.48,102.63,102.33,102.47,578
20-05-2026 15:00,102.47,102.60,102.28,102.56,500
20-05-2026 15:15,102.56,102.70,102.29,102.32,489
20-05-2026 15:30,102.32,102.48,102.12,102.17,529
20-05-2026 15:45,102.16,102.31,102.09,102.14,411
20-05-2026 16:00,102.14,102.14,101.00,101.23,925
20-05-2026 16:15,101.23,101.53,100.85,101.47,887
20-05-2026 16:30,101.47,101.98,101.40,101.95,518
20-05-2026 16:45,101.95,102.26,101.82,102.06,578
20-05-2026 17:00,102.06,102.49,102.03,102.35,538
20-05-2026 17:15,102.35,102.74,102.24,102.50,729
20-05-2026 17:30,102.50,102.62,101.88,101.89,709
20-05-2026 17:45,101.88,101.90,101.22,101.25,879
20-05-2026 18:00,101.26,101.39,100.74,101.26,1122
20-05-2026 18:15,101.25,101.77,101.22,101.65,766
20-05-2026 18:30,101.67,101.97,101.32,101.32,944
20-05-2026 18:45,101.32,102.06,101.28,102.03,832
20-05-2026 19:00,102.04,102.15,101.84,101.96,889
20-05-2026 19:15,101.96,102.30,101.65,102.26,921
20-05-2026 19:30,102.23,102.77,101.45,101.71,1157
20-05-2026 19:45,101.71,101.77,99.45,100.30,2642
20-05-2026 20:00,100.30,100.95,99.45,100.45,1927
20-05-2026 20:15,100.45,100.94,100.22,100.46,1407
20-05-2026 20:30,100.46,100.64,99.99,100.55,1291
20-05-2026 20:45,100.55,100.56,97.02,99.68,2673
20-05-2026 21:00,99.67,99.72,98.80,99.01,1434
20-05-2026 21:15,99.01,99.58,98.71,99.20,1360
20-05-2026 21:30,99.20,99.26,98.40,98.52,1125
20-05-2026 21:45,98.52,99.60,98.52,99.41,1261
20-05-2026 22:00,99.41,99.47,97.95,98.02,1111
20-05-2026 22:15,98.03,98.14,97.60,97.85,1280
20-05-2026 22:30,97.84,98.02,97.00,97.45,1174
20-05-2026 22:45,97.46,97.77,96.94,97.41,1191
20-05-2026 23:00,97.39,97.77,97.12,97.70,1026
20-05-2026 23:15,97.70,98.30,97.50,98.28,972
20-05-2026 23:30,98.28,98.48,97.94,98.39,967
20-05-2026 23:45,98.38,98.67,98.04,98.16,1223
21-05-2026 00:00,98.15,98.24,97.74,98.24,804
21-05-2026 00:15,98.24,98.25,97.88,97.93,479
21-05-2026 00:30,97.93,98.10,97.76,98.05,479
21-05-2026 00:45,98.05,98.25,98.05,98.20,357
21-05-2026 01:00,98.20,98.38,97.84,98.15,504
21-05-2026 01:15,98.16,98.54,98.16,98.52,440
21-05-2026 01:30,98.51,98.56,98.32,98.44,279
21-05-2026 01:45,98.44,98.56,98.33,98.40,296
21-05-2026 02:00,98.40,98.66,98.32,98.64,276
21-05-2026 02:15,98.64,99.09,98.63,98.99,382
21-05-2026 03:30,98.82,99.00,98.76,98.82,183
21-05-2026 03:45,98.82,99.19,98.81,99.19,107
21-05-2026 04:00,99.19,99.19,98.87,98.94,109
21-05-2026 04:15,98.94,99.04,98.85,98.95,97
21-05-2026 04:30,98.95,99.13,98.92,99.10,66
21-05-2026 04:45,99.10,99.12,99.05,99.09,52
21-05-2026 05:00,99.09,99.20,98.94,98.94,77
21-05-2026 05:15,98.94,98.96,98.74,98.85,174
21-05-2026 05:30,98.85,99.25,98.77,99.11,455
21-05-2026 05:45,99.12,100.01,99.09,99.52,562
21-05-2026 06:00,99.52,99.59,99.15,99.32,310
21-05-2026 06:15,99.33,99.36,99.07,99.09,304
21-05-2026 06:30,99.09,99.14,98.64,98.67,720
21-05-2026 06:45,98.67,98.82,98.59,98.78,562
21-05-2026 07:00,98.78,98.89,98.68,98.72,389
21-05-2026 07:15,98.72,98.82,98.49,98.58,424
21-05-2026 07:30,98.58,98.78,98.50,98.75,307
21-05-2026 07:45,98.75,98.85,98.61,98.66,220
21-05-2026 08:00,98.65,98.86,98.63,98.81,340
21-05-2026 08:15,98.81,99.22,98.81,99.13,430
21-05-2026 08:30,99.13,99.17,99.03,99.10,245
21-05-2026 08:45,99.11,99.23,99.01,99.03,218
21-05-2026 09:00,99.03,99.13,98.92,98.94,182
21-05-2026 09:15,98.94,99.17,98.94,99.07,134
21-05-2026 09:30,99.07,99.25,99.06,99.15,177
21-05-2026 09:45,99.15,99.24,99.12,99.22,167
21-05-2026 10:00,99.22,99.26,98.99,99.00,159
21-05-2026 10:15,99.00,99.16,98.78,98.83,213
21-05-2026 10:30,98.83,98.98,98.79,98.93,381
21-05-2026 10:45,98.93,99.22,98.85,99.20,230
21-05-2026 11:00,99.19,99.39,99.10,99.33,449
21-05-2026 11:15,99.33,100.04,99.24,99.40,593
21-05-2026 11:30,99.41,99.46,99.00,99.41,429
21-05-2026 11:45,99.41,99.79,98.90,99.27,728
21-05-2026 12:00,99.27,99.66,99.22,99.63,493
21-05-2026 12:15,99.64,99.84,99.49,99.55,534
21-05-2026 12:30,99.55,99.89,99.55,99.75,499
21-05-2026 12:45,99.76,99.85,99.60,99.62,437
21-05-2026 13:00,99.62,99.64,99.26,99.41,495
21-05-2026 13:15,99.41,99.44,99.23,99.27,368
21-05-2026 13:30,99.27,99.31,98.13,98.23,956
21-05-2026 13:45,98.23,99.17,98.08,98.75,1302
21-05-2026 14:00,98.73,99.52,98.71,99.38,801
21-05-2026 14:15,99.38,99.54,98.31,98.46,1090
21-05-2026 14:30,98.45,98.49,97.76,98.14,1059
21-05-2026 14:45,98.14,98.35,97.57,97.61,822
21-05-2026 15:00,97.59,97.80,97.27,97.79,955
21-05-2026 15:15,97.78,97.87,97.55,97.57,664
21-05-2026 15:30,97.57,97.75,97.46,97.57,602
21-05-2026 15:45,97.57,99.79,97.56,99.62,1322
21-05-2026 16:00,99.57,100.98,99.56,100.65,1882
21-05-2026 16:15,100.65,101.31,100.55,101.03,1303
21-05-2026 16:30,101.03,101.06,100.51,100.66,928
21-05-2026 16:45,100.67,100.81,100.15,100.36,849
21-05-2026 17:00,100.36,100.62,100.32,100.60,687
21-05-2026 17:15,100.60,100.68,100.37,100.56,568
21-05-2026 17:30,100.56,100.86,100.47,100.85,575
21-05-2026 17:45,100.84,101.18,100.75,101.14,725
21-05-2026 18:00,101.15,101.26,100.44,100.72,1242
21-05-2026 18:15,100.71,101.17,100.56,101.08,863
21-05-2026 18:30,101.08,101.91,100.73,101.79,1292
21-05-2026 18:45,101.79,102.14,101.69,101.90,1035
21-05-2026 19:00,101.91,102.60,101.85,102.23,1293
21-05-2026 19:15,102.23,102.28,100.28,100.51,1829
21-05-2026 19:30,100.56,101.30,100.27,101.13,1349
21-05-2026 19:45,101.20,101.51,100.42,100.56,1242
21-05-2026 20:00,100.56,101.17,100.35,101.06,951
21-05-2026 20:15,101.06,101.43,100.94,101.34,1095
21-05-2026 20:30,101.34,102.11,101.16,101.41,1406
21-05-2026 20:45,101.41,101.98,101.29,101.74,1299
21-05-2026 21:00,101.76,101.77,101.31,101.38,921
21-05-2026 21:15,101.36,101.38,100.71,100.71,810
21-05-2026 21:30,100.71,100.71,99.78,100.29,1414
21-05-2026 21:45,100.29,100.64,100.24,100.40,801
21-05-2026 22:00,100.40,100.49,100.16,100.18,627
21-05-2026 22:15,100.18,100.42,99.99,99.99,661
21-05-2026 22:30,99.99,100.41,98.81,99.23,1329
21-05-2026 22:45,99.23,99.28,97.56,98.44,2315
21-05-2026 23:00,98.48,98.86,97.17,97.26,1674
21-05-2026 23:15,97.26,97.42,95.76,96.32,2030
21-05-2026 23:30,96.31,97.23,96.00,96.74,1876
21-05-2026 23:45,96.73,97.02,96.20,96.27,1535
22-05-2026 00:00,96.26,96.75,96.18,96.51,1010
22-05-2026 00:15,96.50,98.25,96.43,98.00,1804
22-05-2026 00:30,97.99,98.06,97.36,97.41,1170
22-05-2026 00:45,97.41,97.59,97.17,97.43,776
22-05-2026 01:00,97.43,97.55,97.07,97.48,718
22-05-2026 01:15,97.49,98.18,97.08,97.35,1098
22-05-2026 01:30,97.35,97.62,97.18,97.55,576
22-05-2026 01:45,97.55,97.86,97.50,97.85,340
22-05-2026 02:00,97.85,98.10,97.80,98.05,389
22-05-2026 02:15,98.05,98.16,97.97,97.98,409
22-05-2026 03:30,97.62,97.75,97.28,97.55,249
22-05-2026 03:45,97.55,97.72,97.46,97.51,112
22-05-2026 04:00,97.51,97.83,97.50,97.75,157
22-05-2026 04:15,97.75,97.79,97.64,97.70,125
22-05-2026 04:30,97.70,97.88,97.70,97.73,119
22-05-2026 04:45,97.73,97.87,97.59,97.59,113
22-05-2026 05:00,97.59,97.68,97.50,97.64,128
22-05-2026 05:15,97.65,97.76,97.63,97.70,103
22-05-2026 05:30,97.70,97.97,97.61,97.69,408
22-05-2026 05:45,97.69,98.11,97.58,98.05,250
22-05-2026 06:00,98.05,98.13,98.02,98.04,181
22-05-2026 06:15,98.04,98.07,97.73,97.91,271
22-05-2026 06:30,97.91,98.22,97.77,98.19,571
22-05-2026 06:45,98.19,98.33,98.03,98.07,336
22-05-2026 07:00,98.07,98.11,97.84,97.86,305
22-05-2026 07:15,97.86,97.91,97.61,97.66,417
22-05-2026 07:30,97.66,97.90,97.62,97.85,273
22-05-2026 07:45,97.85,97.94,97.66,97.80,175
22-05-2026 08:00,97.80,97.80,97.40,97.47,317
22-05-2026 08:15,97.47,97.54,97.32,97.44,282
22-05-2026 08:30,97.44,97.44,97.23,97.34,240
22-05-2026 08:45,97.35,97.53,97.31,97.52,223
22-05-2026 09:00,97.52,97.54,97.39,97.46,131
22-05-2026 09:15,97.46,97.51,97.42,97.45,112
22-05-2026 09:30,97.45,97.45,97.17,97.19,138
22-05-2026 09:45,97.19,97.27,96.91,97.24,203
22-05-2026 10:00,97.24,97.30,97.19,97.29,101
22-05-2026 10:15,97.29,97.40,97.20,97.33,139
22-05-2026 10:30,97.33,97.70,97.33,97.70,226
22-05-2026 10:45,97.70,97.73,97.59,97.68,182
22-05-2026 11:00,97.68,97.86,97.64,97.75,261
22-05-2026 11:15,97.75,98.53,97.69,98.36,396
22-05-2026 11:30,98.36,98.69,98.17,98.19,562
22-05-2026 11:45,98.20,98.26,97.94,97.96,396
22-05-2026 12:00,97.96,98.10,97.90,98.03,360
22-05-2026 12:15,98.04,98.33,97.95,97.97,443
22-05-2026 12:30,97.97,98.51,97.94,98.51,492
22-05-2026 12:45,98.50,98.55,97.97,98.14,504
22-05-2026 13:00,98.14,98.85,98.14,98.61,760
22-05-2026 13:15,98.61,98.89,98.41,98.44,688
22-05-2026 13:30,98.41,98.67,98.25,98.54,800
22-05-2026 13:45,98.54,98.70,98.10,98.36,1072
22-05-2026 14:00,98.35,99.41,98.32,98.85,1080
22-05-2026 14:15,98.85,98.86,98.25,98.69,628
22-05-2026 14:30,98.70,99.04,98.69,98.96,607
22-05-2026 14:45,98.96,99.06,98.77,98.78,603
22-05-2026 15:00,98.79,98.83,97.88,98.38,795
22-05-2026 15:15,98.38,98.64,98.31,98.50,516
22-05-2026 15:30,98.49,98.49,97.65,98.03,642
22-05-2026 15:45,98.03,98.51,98.02,98.48,537
22-05-2026 16:00,98.47,98.76,98.21,98.27,557
22-05-2026 16:15,98.27,98.36,98.07,98.27,451
22-05-2026 16:30,98.28,98.51,98.11,98.47,422
22-05-2026 16:45,98.47,98.61,98.40,98.57,356
22-05-2026 17:00,98.57,98.64,97.65,97.68,526
22-05-2026 17:15,97.68,97.88,97.17,97.50,718
22-05-2026 17:30,97.50,97.74,96.05,96.10,1081
22-05-2026 17:45,96.13,96.85,95.69,96.59,1814
22-05-2026 18:00,96.59,96.93,96.33,96.70,892
22-05-2026 18:15,96.71,96.80,96.16,96.20,790
22-05-2026 18:30,96.19,96.86,95.46,96.16,1472
22-05-2026 18:45,96.14,96.55,95.85,96.55,1085
22-05-2026 19:00,96.56,97.61,96.35,97.24,1443
22-05-2026 19:15,97.24,98.07,97.15,97.75,1282
22-05-2026 19:30,97.75,98.14,97.65,97.84,1002
22-05-2026 19:45,97.84,97.84,97.45,97.53,860
22-05-2026 20:00,97.53,97.73,97.31,97.53,790
22-05-2026 20:15,97.53,97.61,97.32,97.56,771
22-05-2026 20:30,97.56,97.94,97.40,97.70,931
22-05-2026 20:45,97.70,97.81,97.42,97.44,1045
22-05-2026 21:00,97.42,97.45,96.91,96.91,917
22-05-2026 21:15,96.91,97.07,96.79,97.05,739
22-05-2026 21:30,97.04,97.38,96.90,97.01,789
22-05-2026 21:45,97.01,97.29,96.84,96.88,595
22-05-2026 22:00,96.87,96.96,96.51,96.85,723
22-05-2026 22:15,96.85,97.19,96.62,96.82,687
22-05-2026 22:30,96.79,96.79,96.26,96.54,841
22-05-2026 22:45,96.53,97.21,94.72,94.96,1285
22-05-2026 23:00,94.96,95.97,94.81,95.67,1604
22-05-2026 23:15,95.67,96.23,95.57,96.05,1099
22-05-2026 23:30,96.05,96.66,95.99,96.45,1139
22-05-2026 23:45,96.45,96.74,96.17,96.74,1168
23-05-2026 00:00,96.75,96.75,96.15,96.31,643
23-05-2026 00:15,96.31,96.43,95.99,96.22,472
23-05-2026 00:30,96.22,96.92,96.17,96.79,662
23-05-2026 00:45,96.79,96.83,96.57,96.79,412
23-05-2026 01:00,96.79,96.92,96.53,96.57,414
23-05-2026 01:15,96.57,96.69,96.10,96.21,610
23-05-2026 01:30,96.21,96.45,96.12,96.20,372
23-05-2026 01:45,96.21,96.24,95.97,96.17,341
23-05-2026 02:00,96.17,97.23,96.06,97.14,856
23-05-2026 02:15,97.13,97.13,96.68,97.07,535
25-05-2026 03:30,93.86,93.86,91.38,91.97,1359
25-05-2026 03:45,91.97,92.11,91.83,92.10,541
25-05-2026 04:00,92.10,92.18,91.57,91.59,415
25-05-2026 04:15,91.59,91.60,91.30,91.51,490
25-05-2026 04:30,91.51,91.66,91.29,91.62,356
25-05-2026 04:45,91.62,91.80,91.55,91.75,284
25-05-2026 05:00,91.75,91.79,91.42,91.66,375
25-05-2026 05:15,91.67,92.12,91.65,92.09,348
25-05-2026 05:30,92.10,92.27,91.94,92.16,464
25-05-2026 05:45,92.16,92.19,91.85,92.00,321
25-05-2026 06:00,92.00,92.16,91.85,92.07,305
25-05-2026 06:15,92.07,92.09,90.91,91.89,650
25-05-2026 06:30,91.89,92.31,91.69,92.25,945
25-05-2026 06:45,92.25,92.34,92.11,92.27,630
25-05-2026 07:00,92.27,92.50,92.20,92.44,548
25-05-2026 07:15,92.44,92.50,92.24,92.39,417
25-05-2026 07:30,92.39,92.52,92.09,92.11,450
25-05-2026 07:45,92.10,92.25,92.03,92.10,249
25-05-2026 08:00,92.10,92.13,91.86,91.88,398
25-05-2026 08:15,91.88,92.02,91.70,91.71,411
25-05-2026 08:30,91.71,91.76,91.20,91.38,597
25-05-2026 08:45,91.37,91.38,90.66,90.78,910
25-05-2026 09:00,90.78,90.99,90.30,90.91,704
25-05-2026 09:15,90.91,91.20,90.81,90.94,434
25-05-2026 09:30,90.94,91.25,90.93,91.22,319
25-05-2026 09:45,91.22,91.27,90.97,91.01,265
25-05-2026 10:00,91.01,91.12,90.99,91.04,197
25-05-2026 10:15,91.04,91.11,90.85,90.96,282
25-05-2026 10:30,90.96,91.02,90.60,90.75,340
25-05-2026 10:45,90.74,90.87,90.57,90.87,372
25-05-2026 11:00,90.87,90.99,90.73,90.88,515
25-05-2026 11:15,90.88,91.01,90.77,90.97,354
25-05-2026 11:30,90.98,91.28,90.85,91.22,573
25-05-2026 11:45,91.22,91.36,91.17,91.24,436
25-05-2026 12:00,91.24,91.56,91.23,91.49,453
25-05-2026 12:15,91.49,91.58,91.35,91.40,418
25-05-2026 12:30,91.40,91.89,91.22,91.89,557
25-05-2026 12:45,91.89,92.65,91.81,92.39,1018
25-05-2026 13:00,92.39,92.54,91.61,91.90,867
25-05-2026 13:15,91.91,92.04,91.60,91.73,566
25-05-2026 13:30,91.73,91.94,91.61,91.92,631
25-05-2026 13:45,91.92,92.45,91.91,92.43,998
25-05-2026 14:00,92.41,92.50,91.96,92.08,679
25-05-2026 14:15,92.08,92.10,91.68,91.74,543
25-05-2026 14:30,91.73,91.76,91.45,91.54,510
25-05-2026 14:45,91.54,91.84,91.49,91.82,447
25-05-2026 15:00,91.81,91.81,91.13,91.15,535
25-05-2026 15:15,91.15,91.25,91.01,91.21,552
25-05-2026 15:30,91.22,91.31,91.04,91.08,488
25-05-2026 15:45,91.08,91.23,90.69,91.15,569
25-05-2026 16:00,91.15,91.25,90.84,90.87,518
25-05-2026 16:15,90.88,91.01,90.78,90.89,434
25-05-2026 16:30,90.90,91.39,90.77,90.87,473
25-05-2026 16:45,90.87,91.31,90.66,91.23,418
25-05-2026 17:00,91.23,91.23,90.76,90.77,456
25-05-2026 17:15,90.77,90.97,90.54,90.88,571
25-05-2026 17:30,90.88,91.02,90.62,90.75,528
25-05-2026 17:45,90.75,90.98,90.35,90.91,603
25-05-2026 18:00,90.91,91.23,90.84,91.11,499
25-05-2026 18:15,91.12,91.54,91.09,91.47,588
25-05-2026 18:30,91.47,91.84,91.43,91.65,713
25-05-2026 18:45,91.65,91.80,91.63,91.72,556
25-05-2026 19:00,91.72,91.76,91.44,91.65,578
25-05-2026 19:15,91.66,91.84,91.31,91.37,535
25-05-2026 19:30,91.37,91.48,91.20,91.47,455
25-05-2026 19:45,91.48,91.48,90.87,90.97,616
25-05-2026 20:00,90.94,91.39,90.94,91.29,470
25-05-2026 20:15,91.29,91.48,91.04,91.41,553
25-05-2026 20:30,91.41,91.80,90.41,90.85,989
25-05-2026 20:45,90.85,91.13,90.60,90.87,1010
25-05-2026 21:00,90.89,91.05,90.79,90.97,628
25-05-2026 21:15,90.97,91.09,90.87,91.07,325
25-05-2026 21:30,91.08,91.57,91.06,91.14,463
25-05-2026 21:45,91.14,91.38,91.10,91.25,427
25-05-2026 22:00,91.25,91.29,90.75,90.77,650
25-05-2026 22:15,90.77,90.80,89.73,89.82,1409
25-05-2026 22:30,89.84,90.04,89.40,89.98,922
25-05-2026 22:45,89.98,90.01,89.61,89.86,694
25-05-2026 23:00,89.85,90.24,89.85,90.13,334
25-05-2026 23:15,90.13,90.41,90.13,90.30,249
25-05-2026 23:30,90.30,90.41,90.13,90.26,313
25-05-2026 23:45,90.26,90.39,90.24,90.33,298
26-05-2026 03:30,90.91,91.21,90.33,90.59,552
26-05-2026 03:45,90.59,90.65,90.36,90.51,144
26-05-2026 04:00,90.51,90.56,90.37,90.40,193
26-05-2026 04:15,90.44,90.74,90.44,90.72,228
26-05-2026 04:30,90.73,91.01,90.59,90.80,266
26-05-2026 04:45,90.80,90.97,90.80,90.89,150
26-05-2026 05:00,90.89,91.11,90.89,91.06,120
26-05-2026 05:15,91.06,91.06,90.85,90.91,136
26-05-2026 05:30,90.91,91.58,90.91,91.32,800
26-05-2026 05:45,91.34,91.44,91.16,91.25,506
26-05-2026 06:00,91.26,91.30,91.03,91.24,408
26-05-2026 06:15,91.24,91.56,91.20,91.47,315
26-05-2026 06:30,91.47,91.85,91.36,91.73,494
26-05-2026 06:45,91.73,91.96,91.72,91.89,282
26-05-2026 07:00,91.89,92.02,91.88,91.96,306
26-05-2026 07:15,91.96,92.02,91.76,91.83,276
26-05-2026 07:30,91.83,91.92,91.67,91.75,219
26-05-2026 07:45,91.76,91.77,91.67,91.72,187
26-05-2026 08:00,91.72,91.73,91.40,91.67,338
26-05-2026 08:15,91.67,91.67,91.51,91.56,183
26-05-2026 08:30,91.55,91.59,91.43,91.57,225
26-05-2026 08:45,91.57,91.61,91.39,91.47,246
26-05-2026 09:00,91.47,91.52,91.41,91.49,116
26-05-2026 09:15,91.49,91.70,91.49,91.64,160
26-05-2026 09:30,91.64,91.83,91.56,91.73,151
26-05-2026 09:45,91.73,91.87,91.73,91.82,161
26-05-2026 10:00,91.82,91.86,91.68,91.85,133
26-05-2026 10:15,91.85,92.09,91.85,92.00,234
26-05-2026 10:30,92.00,92.51,91.97,92.45,356
26-05-2026 10:45,92.45,92.45,92.00,92.02,247
26-05-2026 11:00,92.03,92.08,91.81,91.97,406
26-05-2026 11:15,91.97,92.18,91.86,91.87,349
26-05-2026 11:30,91.88,91.94,91.60,91.69,434
26-05-2026 11:45,91.69,92.29,91.56,91.93,402
26-05-2026 12:00,91.93,92.17,91.60,91.67,546
26-05-2026 12:15,91.67,91.76,91.39,91.65,456
26-05-2026 12:30,91.65,92.57,91.52,92.41,1098
26-05-2026 12:45,92.40,92.72,92.23,92.28,812
26-05-2026 13:00,92.28,92.90,92.25,92.63,897
26-05-2026 13:15,92.62,92.76,92.37,92.46,820
26-05-2026 13:30,92.42,92.71,92.32,92.69,913
26-05-2026 13:45,92.69,92.83,92.55,92.74,1024
26-05-2026 14:00,92.75,93.34,92.66,93.32,818
26-05-2026 14:15,93.32,93.58,93.16,93.20,792
26-05-2026 14:30,93.18,93.27,92.77,93.05,677
26-05-2026 14:45,93.05,93.24,92.68,93.00,683
26-05-2026 15:00,93.00,93.06,92.77,93.03,522
26-05-2026 15:15,93.03,93.10,92.52,92.59,556
26-05-2026 15:30,92.58,92.70,92.18,92.20,632
26-05-2026 15:45,92.20,92.42,91.78,91.84,664
26-05-2026 16:00,91.84,92.06,91.49,91.91,911
26-05-2026 16:15,91.91,92.04,91.84,91.99,494
26-05-2026 16:30,91.99,92.40,91.96,92.40,505
26-05-2026 16:45,92.39,92.47,92.17,92.41,580
26-05-2026 17:00,92.42,92.86,92.15,92.58,856
26-05-2026 17:15,92.58,92.76,92.49,92.69,496
26-05-2026 17:30,92.69,93.30,92.53,92.63,738
26-05-2026 17:45,92.63,92.77,92.41,92.70,483
26-05-2026 18:00,92.70,92.99,92.70,92.93,469
26-05-2026 18:15,92.93,92.93,92.49,92.78,505
26-05-2026 18:30,92.77,92.94,92.52,92.78,732
26-05-2026 18:45,92.79,93.03,92.67,93.03,616
26-05-2026 19:00,93.04,93.19,92.78,93.12,851
26-05-2026 19:15,93.12,94.45,93.02,94.15,1388
26-05-2026 19:30,94.15,94.41,93.51,93.81,1207
26-05-2026 19:45,93.81,94.09,93.72,93.79,882
26-05-2026 20:00,93.79,93.80,93.16,93.73,1222
26-05-2026 20:15,93.73,94.37,93.52,94.17,1054
26-05-2026 20:30,94.17,94.46,94.12,94.23,1008
26-05-2026 20:45,94.24,94.66,94.11,94.64,1063
26-05-2026 21:00,94.61,94.61,94.04,94.05,944
26-05-2026 21:15,94.05,94.06,93.79,93.88,723
26-05-2026 21:30,93.88,94.30,93.83,94.29,620
26-05-2026 21:45,94.29,94.34,93.94,94.04,539
26-05-2026 22:00,94.04,94.15,93.70,94.13,747
26-05-2026 22:15,94.13,94.29,94.01,94.01,463
26-05-2026 22:30,94.01,94.07,93.84,93.95,537
26-05-2026 22:45,93.94,94.12,93.82,94.04,452
26-05-2026 23:00,94.04,94.12,93.57,93.60,677
26-05-2026 23:15,93.59,93.93,93.55,93.75,653
26-05-2026 23:30,93.75,94.07,93.69,93.79,922
26-05-2026 23:45,93.79,93.98,93.54,93.86,1004
27-05-2026 00:00,93.88,94.03,93.71,93.83,614
27-05-2026 00:15,93.83,93.86,93.39,93.66,445
27-05-2026 00:30,93.66,94.03,93.66,93.93,546
27-05-2026 00:45,93.93,94.04,93.85,93.95,356
27-05-2026 01:00,93.95,94.00,93.65,93.86,364
27-05-2026 01:15,93.85,93.90,93.49,93.49,417
27-05-2026 01:30,93.49,93.70,93.19,93.63,405
27-05-2026 01:45,93.63,93.71,93.54,93.69,214
27-05-2026 02:00,93.69,93.85,93.62,93.62,253
27-05-2026 02:15,93.61,93.63,93.46,93.52,273
27-05-2026 03:30,93.49,93.56,93.31,93.46,209
27-05-2026 03:45,93.46,93.66,93.37,93.64,137
27-05-2026 04:00,93.64,93.64,93.54,93.54,84
27-05-2026 04:15,93.55,93.63,93.54,93.55,67
27-05-2026 04:30,93.55,93.59,93.54,93.58,66
27-05-2026 04:45,93.57,93.59,93.27,93.30,196
27-05-2026 05:00,93.30,93.38,93.19,93.19,86
27-05-2026 05:15,93.19,93.31,93.10,93.30,147
27-05-2026 05:30,93.30,93.38,92.80,93.07,504
27-05-2026 05:45,93.07,93.19,93.00,93.12,290
27-05-2026 06:00,93.12,93.22,93.06,93.06,245
27-05-2026 06:15,93.06,93.07,92.80,92.96,288
27-05-2026 06:30,92.96,93.18,92.54,92.77,734
27-05-2026 06:45,92.77,92.94,92.77,92.87,388
27-05-2026 07:00,92.87,92.94,92.71,92.87,290
27-05-2026 07:15,92.87,92.94,92.73,92.84,270
27-05-2026 07:30,92.84,92.84,92.61,92.74,300
27-05-2026 07:45,92.73,92.81,92.40,92.61,246
27-05-2026 08:00,92.61,92.74,92.49,92.67,335
27-05-2026 08:15,92.67,92.67,92.14,92.37,543
27-05-2026 08:30,92.38,92.38,91.87,92.06,566
27-05-2026 08:45,92.06,92.09,91.92,92.01,330
27-05-2026 09:00,92.01,92.28,91.99,92.21,326
27-05-2026 09:15,92.21,92.24,92.05,92.08,169
27-05-2026 09:30,92.08,92.11,91.91,92.04,186
27-05-2026 09:45,92.04,92.05,91.80,91.95,155
27-05-2026 10:00,91.95,92.04,91.87,91.96,207
27-05-2026 10:15,91.96,92.02,91.89,91.93,197
27-05-2026 10:30,91.93,92.07,91.80,91.87,205
27-05-2026 10:45,91.87,91.95,91.72,91.90,255
27-05-2026 11:00,91.90,92.20,91.85,91.93,454
27-05-2026 11:15,91.93,92.06,91.72,91.83,397
27-05-2026 11:30,91.83,92.03,91.52,91.82,564
27-05-2026 11:45,91.82,92.00,91.79,91.87,496
27-05-2026 12:00,91.88,92.01,91.63,91.81,505
27-05-2026 12:15,91.81,91.83,91.40,91.52,570
27-05-2026 12:30,91.52,91.62,91.10,91.31,683
27-05-2026 12:45,91.31,91.36,91.01,91.16,594
27-05-2026 13:00,91.16,91.20,90.83,91.04,601
27-05-2026 13:15,91.04,91.46,91.00,91.09,568
27-05-2026 13:30,91.08,91.23,90.57,90.94,898
27-05-2026 13:45,90.94,91.03,90.36,90.55,1044
27-05-2026 14:00,90.54,90.80,90.12,90.15,935
27-05-2026 14:15,90.15,90.21,89.68,90.14,892
27-05-2026 14:30,90.14,90.51,90.00,90.05,808
27-05-2026 14:45,90.05,90.05,89.63,89.98,690
27-05-2026 15:00,89.98,90.44,89.98,90.33,619
27-05-2026 15:15,90.33,90.37,89.76,89.84,561
27-05-2026 15:30,89.85,90.22,89.82,89.98,507
27-05-2026 15:45,89.98,90.33,89.92,90.31,414
27-05-2026 16:00,90.32,90.49,90.11,90.17,539
27-05-2026 16:15,90.17,90.40,90.07,90.19,430
27-05-2026 16:30,90.19,90.81,90.06,90.36,777
27-05-2026 16:45,90.36,90.69,89.99,90.67,774
27-05-2026 17:00,90.68,90.83,90.37,90.52,708
27-05-2026 17:15,90.52,90.75,90.50,90.52,542
27-05-2026 17:30,90.51,90.76,90.27,90.31,566
27-05-2026 17:45,90.31,90.40,88.25,88.50,2088
27-05-2026 18:00,88.50,88.73,87.76,88.69,1773
27-05-2026 18:15,88.69,88.98,88.51,88.81,1056
27-05-2026 18:30,88.82,89.66,88.75,89.32,1297
27-05-2026 18:45,89.35,89.74,89.24,89.70,945
27-05-2026 19:00,89.73,89.84,89.42,89.66,1141
27-05-2026 19:15,89.66,89.94,89.34,89.79,1004
27-05-2026 19:30,89.78,89.97,89.54,89.90,867
27-05-2026 19:45,89.90,90.26,89.45,89.56,1265
27-05-2026 20:00,89.56,90.77,89.46,90.71,1541
27-05-2026 20:15,90.69,90.98,90.40,90.80,1029
27-05-2026 20:30,90.80,91.17,90.46,90.78,1123
27-05-2026 20:45,90.77,90.95,90.60,90.60,1097
27-05-2026 21:00,90.57,90.72,89.93,90.57,1319
27-05-2026 21:15,90.56,90.73,89.94,90.01,994
27-05-2026 21:30,90.00,90.38,89.86,90.25,905
27-05-2026 21:45,90.25,90.29,89.64,89.87,682
27-05-2026 22:00,89.86,90.06,89.40,89.60,624
27-05-2026 22:15,89.60,89.92,89.51,89.87,608
27-05-2026 22:30,89.87,90.08,89.80,89.83,801
27-05-2026 22:45,89.81,89.83,89.50,89.64,545
27-05-2026 23:00,89.63,89.74,89.36,89.69,529
27-05-2026 23:15,89.69,89.72,89.15,89.50,692
27-05-2026 23:30,89.50,89.58,89.31,89.33,660
27-05-2026 23:45,89.33,89.35,88.56,88.59,1163
28-05-2026 00:00,88.61,88.98,88.47,88.97,503
28-05-2026 00:15,88.97,89.04,88.81,88.92,300
28-05-2026 00:30,88.92,89.18,88.81,89.15,295
28-05-2026 00:45,89.15,89.39,89.12,89.32,284
28-05-2026 01:00,89.32,89.46,89.11,89.39,428
28-05-2026 01:15,89.39,89.55,89.34,89.41,389
28-05-2026 01:30,89.41,89.43,89.29,89.39,195
28-05-2026 01:45,89.39,89.58,89.35,89.48,186
28-05-2026 02:00,89.48,89.52,89.33,89.44,173
28-05-2026 02:15,89.44,89.51,89.36,89.37,151
28-05-2026 03:30,89.30,89.56,89.30,89.47,140
28-05-2026 03:45,89.48,89.84,89.46,89.82,173
28-05-2026 04:00,89.82,90.02,89.44,89.59,338
28-05-2026 04:15,89.59,89.70,89.50,89.70,152
28-05-2026 04:30,89.70,89.77,89.67,89.76,107
28-05-2026 04:45,89.76,90.14,89.60,89.97,299
28-05-2026 05:00,89.97,89.99,89.87,89.96,164
28-05-2026 05:15,89.97,90.37,89.96,90.18,306
28-05-2026 05:30,90.18,90.48,90.18,90.38,457
28-05-2026 05:45,90.38,90.65,90.25,90.29,368
28-05-2026 06:00,90.29,90.64,90.29,90.56,260
28-05-2026 06:15,90.57,90.59,90.35,90.45,294
28-05-2026 06:30,90.45,90.45,90.14,90.28,547
28-05-2026 06:45,90.28,90.29,90.04,90.08,347
28-05-2026 07:00,90.08,90.33,89.96,90.23,306
28-05-2026 07:15,90.24,90.38,90.15,90.17,251
28-05-2026 07:30,90.17,90.26,90.02,90.03,249
28-05-2026 07:45,90.03,90.21,90.03,90.18,160
28-05-2026 08:00,90.18,90.64,89.92,90.58,505
28-05-2026 08:15,90.58,90.94,90.53,90.92,540
28-05-2026 08:30,90.92,91.52,90.85,91.47,551
28-05-2026 08:45,91.51,91.86,91.36,91.44,672
28-05-2026 09:00,91.42,92.11,91.39,92.01,587
28-05-2026 09:15,92.01,92.20,91.96,92.17,364
28-05-2026 09:30,92.17,92.39,91.98,92.17,480
28-05-2026 09:45,92.17,92.50,92.15,92.40,397
28-05-2026 10:00,92.40,92.40,92.08,92.19,307
28-05-2026 10:15,92.19,92.21,92.03,92.14,274
28-05-2026 10:30,92.14,92.22,91.94,91.99,300
28-05-2026 10:45,92.00,92.07,91.92,92.00,227
28-05-2026 11:00,91.98,91.98,91.41,91.67,654
28-05-2026 11:15,91.66,91.69,91.44,91.56,287
28-05-2026 11:30,91.55,91.60,91.20,91.34,460
28-05-2026 11:45,91.34,91.42,91.14,91.26,363
28-05-2026 12:00,91.26,91.31,90.89,90.91,477
28-05-2026 12:15,90.90,91.13,90.75,91.13,461
28-05-2026 12:30,91.13,91.15,90.83,91.05,504
28-05-2026 12:45,91.05,91.27,90.97,91.19,484
28-05-2026 13:00,91.19,91.22,90.79,91.01,529
28-05-2026 13:15,91.02,91.39,90.84,90.91,575
28-05-2026 13:30,90.91,90.99,90.64,90.79,777
28-05-2026 13:45,90.79,91.02,90.58,90.82,963
28-05-2026 14:00,90.82,90.99,90.66,90.91,670
28-05-2026 14:15,90.90,90.93,90.47,90.55,589
28-05-2026 14:30,90.55,90.64,90.15,90.43,610
28-05-2026 14:45,90.42,90.63,90.36,90.42,481
28-05-2026 15:00,90.41,90.75,90.40,90.51,457
28-05-2026 15:15,90.51,90.54,89.86,90.23,652
28-05-2026 15:30,90.24,90.35,90.03,90.05,427
28-05-2026 15:45,90.05,90.35,89.98,90.21,435
28-05-2026 16:00,90.21,90.77,90.20,90.75,473
28-05-2026 16:15,90.75,91.33,90.65,90.98,814
28-05-2026 16:30,90.98,91.35,90.73,91.24,833
28-05-2026 16:45,91.23,91.31,91.05,91.22,489
28-05-2026 17:00,91.23,91.44,91.18,91.30,589
28-05-2026 17:15,91.30,91.54,91.26,91.29,453
28-05-2026 17:30,91.30,91.43,90.99,91.08,528
28-05-2026 17:45,91.08,91.35,91.01,91.01,433
28-05-2026 18:00,91.02,91.07,90.52,90.71,807
28-05-2026 18:15,90.71,90.72,90.39,90.52,690
28-05-2026 18:30,90.53,90.90,90.29,90.86,870
28-05-2026 18:45,90.84,90.98,90.73,90.97,619
28-05-2026 19:00,90.98,91.32,90.79,90.93,969
28-05-2026 19:15,90.93,90.93,90.53,90.82,724
28-05-2026 19:30,90.82,91.12,87.15,88.43,1037
28-05-2026 19:45,88.43,89.41,88.16,89.10,1619
28-05-2026 20:00,89.10,89.91,88.89,89.10,1291
28-05-2026 20:15,89.10,89.86,88.87,89.48,1302
28-05-2026 20:30,89.49,89.76,88.98,89.68,1283
28-05-2026 20:45,89.68,90.10,89.54,89.77,1230
28-05-2026 21:00,89.77,89.98,89.40,89.96,1053
28-05-2026 21:15,89.96,89.99,89.76,89.76,660
28-05-2026 21:30,89.70,90.15,89.57,89.58,868
28-05-2026 21:45,89.57,89.79,88.78,89.15,1257
28-05-2026 22:00,89.15,89.24,88.47,88.53,863
28-05-2026 22:15,88.53,88.53,88.03,88.21,1211
28-05-2026 22:30,88.22,88.99,88.18,88.96,963
28-05-2026 22:45,88.96,89.13,88.80,89.02,745
28-05-2026 23:00,89.02,89.04,88.77,88.89,545
28-05-2026 23:15,88.90,88.99,88.63,88.83,658
28-05-2026 23:30,88.83,89.32,88.58,88.93,891
28-05-2026 23:45,88.93,89.20,88.58,88.90,1426
29-05-2026 00:00,88.90,89.49,88.85,89.33,629
29-05-2026 00:15,89.33,89.36,89.08,89.22,363
29-05-2026 00:30,89.23,89.29,89.09,89.12,247
29-05-2026 00:45,89.13,89.29,89.11,89.29,254
29-05-2026 01:00,89.28,89.30,88.99,89.23,386
29-05-2026 01:15,89.23,89.46,89.21,89.46,428
29-05-2026 01:30,89.42,89.61,89.31,89.31,303
29-05-2026 01:45,89.31,89.33,88.73,88.78,325
29-05-2026 02:00,88.78,88.95,88.64,88.78,286
29-05-2026 02:15,88.78,88.85,88.60,88.64,310
29-05-2026 03:30,88.55,88.74,88.24,88.55,276
29-05-2026 03:45,88.55,88.83,88.45,88.76,168
29-05-2026 04:00,88.76,88.79,88.46,88.52,146
29-05-2026 04:15,88.51,88.61,88.49,88.49,79
29-05-2026 04:30,88.49,88.55,88.19,88.43,148
29-05-2026 04:45,88.43,88.56,88.35,88.45,143
29-05-2026 05:00,88.46,88.55,88.31,88.40,114
29-05-2026 05:15,88.40,88.53,88.39,88.50,135
29-05-2026 05:30,88.50,88.50,88.21,88.28,427
29-05-2026 05:45,88.28,88.35,87.62,87.88,457
29-05-2026 06:00,87.89,88.12,87.85,88.10,291
29-05-2026 06:15,88.10,88.42,88.08,88.34,212
29-05-2026 06:30,88.33,88.34,87.65,87.86,665
29-05-2026 06:45,87.86,88.41,87.85,88.28,393
29-05-2026 07:00,88.29,88.43,88.22,88.23,297
29-05-2026 07:15,88.23,88.23,87.84,87.88,400
29-05-2026 07:30,87.89,87.89,87.55,87.78,518
29-05-2026 07:45,87.78,88.01,87.78,87.87,247
29-05-2026 08:00,87.87,88.03,87.72,87.83,314
29-05-2026 08:15,87.83,87.94,87.71,87.76,280
29-05-2026 08:30,87.75,87.84,87.36,87.46,388
29-05-2026 08:45,87.46,87.68,87.46,87.62,316
29-05-2026 09:00,87.62,87.80,87.60,87.74,310
29-05-2026 09:15,87.74,88.27,87.73,88.18,522
29-05-2026 09:30,88.17,88.23,87.74,87.81,505
29-05-2026 09:45,87.81,87.82,87.46,87.70,927
29-05-2026 10:00,87.68,87.95,87.54,87.75,425
29-05-2026 10:15,87.76,87.81,87.63,87.70,241
29-05-2026 10:30,87.70,87.79,87.69,87.79,184
29-05-2026 10:45,87.79,87.81,87.69,87.74,142
29-05-2026 11:00,87.74,87.98,87.65,87.88,435
29-05-2026 11:15,87.89,88.11,87.83,87.99,318
29-05-2026 11:30,88.00,88.03,87.80,87.80,304
29-05-2026 11:45,87.80,87.91,87.36,87.39,462
29-05-2026 12:00,87.39,87.58,87.17,87.55,488
29-05-2026 12:15,87.55,87.67,87.44,87.46,368
29-05-2026 12:30,87.46,87.66,87.31,87.59,364
29-05-2026 12:45,87.59,88.14,87.59,88.02,492
29-05-2026 13:00,88.02,88.99,88.00,88.74,682
29-05-2026 13:15,88.76,88.79,88.48,88.71,557
29-05-2026 13:30,88.72,89.01,88.58,88.89,498
29-05-2026 13:45,88.89,88.93,88.56,88.73,697
29-05-2026 14:00,88.73,88.96,88.69,88.85,353
29-05-2026 14:15,88.85,88.95,88.51,88.66,490
29-05-2026 14:30,88.66,88.68,87.67,87.68,1014
29-05-2026 14:45,87.68,87.75,86.86,87.06,1290
29-05-2026 15:00,87.05,87.44,87.00,87.30,709
29-05-2026 15:15,87.30,87.50,86.95,87.49,689
29-05-2026 15:30,87.50,87.63,87.34,87.39,483
29-05-2026 15:45,87.39,87.80,87.37,87.68,436
29-05-2026 16:00,87.68,87.73,86.98,87.04,600
29-05-2026 16:15,87.04,87.42,86.78,87.33,685
29-05-2026 16:30,87.33,87.46,87.17,87.22,443
29-05-2026 16:45,87.22,87.48,87.14,87.26,543
29-05-2026 17:00,87.26,87.69,87.26,87.64,464
29-05-2026 17:15,87.63,88.29,87.53,87.59,662
29-05-2026 17:30,87.59,87.97,87.53,87.89,550
29-05-2026 17:45,87.88,87.91,87.60,87.67,497
29-05-2026 18:00,87.65,88.13,87.45,87.81,771
29-05-2026 18:15,87.81,87.90,87.20,87.31,665
29-05-2026 18:30,87.31,87.49,86.72,87.45,1044
29-05-2026 18:45,87.44,87.84,87.41,87.53,837
29-05-2026 19:00,87.56,87.65,87.18,87.22,744
29-05-2026 19:15,87.22,87.82,87.21,87.67,733
29-05-2026 19:30,87.67,88.36,87.66,88.20,976
29-05-2026 19:45,88.20,88.53,88.04,88.43,793
29-05-2026 20:00,88.43,88.88,88.28,88.66,778
29-05-2026 20:15,88.66,88.92,87.45,87.94,1617
29-05-2026 20:30,87.94,87.99,86.33,86.48,1769
29-05-2026 20:45,86.47,87.24,86.46,87.23,1552
29-05-2026 21:00,87.23,87.62,86.90,87.47,1378
29-05-2026 21:15,87.47,87.77,87.38,87.58,952
29-05-2026 21:30,87.59,87.93,87.56,87.81,684
29-05-2026 21:45,87.81,87.84,87.37,87.44,697
29-05-2026 22:00,87.41,87.44,86.42,86.55,1254
29-05-2026 22:15,86.55,86.78,86.51,86.56,756
29-05-2026 22:30,86.56,86.97,86.55,86.89,515
29-05-2026 22:45,86.89,87.30,86.74,87.09,754
29-05-2026 23:00,87.09,87.09,86.61,86.61,654
29-05-2026 23:15,86.61,87.23,86.55,87.16,693
29-05-2026 23:30,87.17,87.32,87.02,87.28,616
29-05-2026 23:45,87.28,87.51,86.99,87.40,1104
30-05-2026 00:00,87.41,87.41,87.11,87.17,516
30-05-2026 00:15,87.17,87.94,87.17,87.65,935
30-05-2026 00:30,87.65,87.71,87.49,87.55,374
30-05-2026 00:45,87.55,87.75,87.49,87.60,370
30-05-2026 01:00,87.60,88.10,87.58,88.04,390
30-05-2026 01:15,88.04,88.15,87.82,88.04,603
30-05-2026 01:30,88.06,88.12,87.69,87.71,332
30-05-2026 01:45,87.71,87.97,87.71,87.84,270
30-05-2026 02:00,87.83,87.95,87.66,87.67,187
30-05-2026 02:15,87.67,87.86,87.62,87.77,323
01-06-2026 03:30,88.47,90.03,88.47,89.59,781
01-06-2026 03:45,89.59,89.78,89.59,89.63,306
01-06-2026 04:00,89.63,89.66,89.33,89.37,288
01-06-2026 04:15,89.37,89.61,89.35,89.58,190
01-06-2026 04:30,89.58,89.60,89.40,89.48,171
01-06-2026 04:45,89.48,89.59,89.19,89.32,199
01-06-2026 05:00,89.32,89.63,89.09,89.43,321
01-06-2026 05:15,89.43,89.46,89.34,89.42,155
01-06-2026 05:30,89.42,89.62,89.39,89.61,219
01-06-2026 05:45,89.60,89.87,89.56,89.69,256
01-06-2026 06:00,89.69,89.91,89.60,89.66,251
01-06-2026 06:15,89.66,89.68,89.24,89.31,344
01-06-2026 06:30,89.32,89.74,89.02,89.67,610
01-06-2026 06:45,89.68,89.78,89.62,89.71,299
01-06-2026 07:00,89.71,89.98,89.69,89.74,354
01-06-2026 07:15,89.74,90.09,89.72,89.86,408
01-06-2026 07:30,89.86,89.98,89.79,89.93,309
01-06-2026 07:45,89.93,89.93,89.73,89.83,174
01-06-2026 08:00,89.82,89.91,89.52,89.63,298
01-06-2026 08:15,89.61,89.66,89.49,89.60,216
01-06-2026 08:30,89.60,89.81,89.46,89.69,257
01-06-2026 08:45,89.68,90.00,89.57,89.62,300
01-06-2026 09:00,89.62,89.68,89.14,89.65,388
01-06-2026 09:15,89.65,89.78,89.55,89.72,185
01-06-2026 09:30,89.72,89.91,89.67,89.84,144
01-06-2026 09:45,89.84,89.85,89.68,89.70,145
01-06-2026 10:00,89.70,89.72,89.26,89.37,247
01-06-2026 10:15,89.37,89.66,89.37,89.62,197
01-06-2026 10:30,89.62,89.69,89.49,89.60,142
01-06-2026 10:45,89.60,89.76,89.59,89.69,123
01-06-2026 11:00,89.69,89.99,89.68,89.78,324
01-06-2026 11:15,89.78,89.95,89.67,89.71,197
01-06-2026 11:30,89.71,90.02,89.68,90.01,320
01-06-2026 11:45,90.00,90.10,89.97,90.00,327
01-06-2026 12:00,89.99,90.28,89.89,90.25,395
01-06-2026 12:15,90.25,90.69,90.12,90.14,611
01-06-2026 12:30,90.14,90.33,90.07,90.17,496
01-06-2026 12:45,90.17,90.47,90.15,90.39,425
01-06-2026 13:00,90.38,90.66,90.25,90.51,410
01-06-2026 13:15,90.51,90.67,90.32,90.35,456
01-06-2026 13:30,90.36,90.66,90.19,90.59,552
01-06-2026 13:45,90.60,90.90,90.59,90.84,637
01-06-2026 14:00,90.84,91.14,90.79,90.97,557
01-06-2026 14:15,90.97,91.23,90.72,90.80,496
01-06-2026 14:30,90.80,91.04,90.54,90.95,549
01-06-2026 14:45,90.94,91.22,90.93,91.01,442
01-06-2026 15:00,91.02,91.04,90.70,90.79,349
01-06-2026 15:15,90.79,90.91,90.74,90.77,346
01-06-2026 15:30,90.77,90.91,90.47,90.55,425
01-06-2026 15:45,90.55,90.69,90.45,90.55,354
01-06-2026 16:00,90.55,90.78,90.51,90.67,282
01-06-2026 16:15,90.67,90.76,90.56,90.61,325
01-06-2026 16:30,90.61,90.77,90.43,90.63,400
01-06-2026 16:45,90.63,90.65,90.34,90.50,338
01-06-2026 17:00,90.50,90.54,90.23,90.31,425
01-06-2026 17:15,90.31,90.52,90.15,90.23,372
01-06-2026 17:30,90.23,90.46,90.16,90.39,464
01-06-2026 17:45,90.40,90.40,89.70,89.92,800
01-06-2026 18:00,89.92,89.99,89.26,89.38,678
01-06-2026 18:15,89.38,89.85,89.26,89.64,888
01-06-2026 18:30,89.60,91.64,89.44,91.15,1539
01-06-2026 18:45,91.16,92.71,90.85,92.54,2123
01-06-2026 19:00,92.55,93.09,92.09,93.05,1755
01-06-2026 19:15,93.05,94.16,92.86,94.13,1555
01-06-2026 19:30,94.18,94.27,93.44,93.46,1443
01-06-2026 19:45,93.46,94.35,92.91,94.16,1400
01-06-2026 20:00,94.16,94.39,93.76,94.15,921
01-06-2026 20:15,94.15,94.63,94.14,94.50,850
01-06-2026 20:30,94.50,94.72,94.01,94.16,1028
01-06-2026 20:45,94.16,94.21,93.57,93.72,989
01-06-2026 21:00,93.75,93.79,92.30,93.59,1613
01-06-2026 21:15,93.57,93.92,93.51,93.75,788
01-06-2026 21:30,93.75,94.41,93.47,94.20,1069
01-06-2026 21:45,94.20,94.36,94.03,94.13,691
01-06-2026 22:00,94.12,94.43,93.93,94.21,871
01-06-2026 22:15,94.21,94.28,92.73,92.80,1350
01-06-2026 22:30,92.79,93.17,92.63,92.72,1107
01-06-2026 22:45,92.72,92.85,91.33,91.47,826
01-06-2026 23:00,91.45,92.03,90.85,91.45,1698
01-06-2026 23:15,91.45,91.82,91.39,91.78,1087
01-06-2026 23:30,91.76,91.95,91.42,91.89,891
01-06-2026 23:45,91.89,92.25,91.76,92.18,1236
02-06-2026 00:00,92.18,92.45,92.10,92.34,553
02-06-2026 00:15,92.34,92.63,92.34,92.50,317
02-06-2026 00:30,92.50,92.62,92.17,92.27,476
02-06-2026 00:45,92.27,92.31,92.09,92.18,296
02-06-2026 01:00,92.18,92.55,92.08,92.49,404
02-06-2026 01:15,92.49,92.59,92.37,92.43,396
02-06-2026 01:30,92.43,92.53,92.25,92.31,259
02-06-2026 01:45,92.31,92.32,92.13,92.27,228
02-06-2026 02:00,92.26,92.39,92.07,92.19,231
02-06-2026 02:15,92.19,92.53,92.19,92.45,353
02-06-2026 03:30,92.51,92.56,92.32,92.36,161
02-06-2026 03:45,92.36,92.38,92.12,92.20,86
02-06-2026 04:00,92.20,92.38,92.17,92.37,94
02-06-2026 04:15,92.36,92.42,92.27,92.28,88
02-06-2026 04:30,92.28,92.35,92.23,92.30,118
02-06-2026 04:45,92.30,92.31,92.22,92.31,59
02-06-2026 05:00,92.31,92.35,91.72,92.02,222
02-06-2026 05:15,92.02,92.05,91.87,91.90,126
02-06-2026 05:30,91.90,92.07,91.84,91.88,272
02-06-2026 05:45,91.88,91.93,91.63,91.84,242
02-06-2026 06:00,91.84,92.22,91.79,92.15,210
02-06-2026 06:15,92.15,92.46,92.15,92.36,378
02-06-2026 06:30,92.36,92.63,91.57,91.77,934
02-06-2026 06:45,91.78,92.12,91.72,92.00,489
02-06-2026 07:00,91.99,92.00,91.48,91.70,448
02-06-2026 07:15,91.70,91.92,91.61,91.67,505
02-06-2026 07:30,91.66,91.66,91.44,91.60,467
02-06-2026 07:45,91.60,91.80,91.60,91.76,192
02-06-2026 08:00,91.75,91.80,91.55,91.76,331
02-06-2026 08:15,91.75,91.87,91.70,91.75,283
02-06-2026 08:30,91.76,91.79,91.67,91.75,202
02-06-2026 08:45,91.75,91.77,91.54,91.63,270
02-06-2026 09:00,91.63,91.72,91.39,91.48,220
02-06-2026 09:15,91.48,91.49,91.25,91.43,180
02-06-2026 09:30,91.43,91.50,91.32,91.34,128
02-06-2026 09:45,91.34,91.34,91.17,91.27,191
02-06-2026 10:00,91.28,91.41,91.25,91.35,99
02-06-2026 10:15,91.34,91.34,91.17,91.20,114
02-06-2026 10:30,91.20,91.38,91.13,91.25,161
02-06-2026 10:45,91.25,91.35,91.16,91.34,142
02-06-2026 11:00,91.35,91.35,90.99,91.02,473
02-06-2026 11:15,91.01,91.45,90.99,91.35,328
02-06-2026 11:30,91.36,91.47,91.09,91.22,379
02-06-2026 11:45,91.22,91.25,91.09,91.13,362
02-06-2026 12:00,91.13,91.44,90.99,91.44,409
02-06-2026 12:15,91.43,91.67,91.39,91.53,507
02-06-2026 12:30,91.52,91.71,91.28,91.30,535
02-06-2026 12:45,91.30,91.48,91.02,91.43,589
02-06-2026 13:00,91.43,91.65,90.92,90.97,522
02-06-2026 13:15,90.98,91.02,90.55,90.78,795
02-06-2026 13:30,90.75,90.96,90.59,90.94,744
02-06-2026 13:45,90.94,91.21,90.47,91.11,1185
02-06-2026 14:00,91.08,91.08,90.40,90.50,708
02-06-2026 14:15,90.50,90.65,90.15,90.62,705
02-06-2026 14:30,90.62,90.68,90.31,90.52,524
02-06-2026 14:45,90.50,90.63,90.12,90.63,525
02-06-2026 15:00,90.63,90.98,90.57,90.81,637
02-06-2026 15:15,90.80,91.07,90.63,91.00,520
02-06-2026 15:30,90.99,91.23,90.90,91.09,403
02-06-2026 15:45,91.09,91.49,91.08,91.25,516
02-06-2026 16:00,91.25,91.30,91.08,91.22,273
02-06-2026 16:15,91.22,91.23,91.01,91.15,372
02-06-2026 16:30,91.14,91.17,90.73,90.89,406
02-06-2026 16:45,90.89,91.14,90.83,91.04,391
02-06-2026 17:00,91.04,91.23,90.90,91.03,364
02-06-2026 17:15,91.03,91.20,90.99,91.02,348
02-06-2026 17:30,91.01,91.03,90.70,90.74,455
02-06-2026 17:45,90.74,91.06,90.57,90.79,492
02-06-2026 18:00,90.79,91.59,90.76,91.21,876
02-06-2026 18:15,91.22,91.26,91.01,91.12,587
02-06-2026 18:30,91.10,92.02,91.07,91.70,1249
02-06-2026 18:45,91.71,92.19,91.62,92.14,830
02-06-2026 19:00,92.14,92.39,91.92,92.22,1062
02-06-2026 19:15,92.22,92.43,92.07,92.25,739
02-06-2026 19:30,92.25,92.40,91.97,92.01,825
02-06-2026 19:45,92.01,92.46,91.81,92.13,1169
02-06-2026 20:00,92.13,92.13,91.67,91.87,940
02-06-2026 20:15,91.87,92.12,91.73,91.90,773
02-06-2026 20:30,91.90,91.91,91.45,91.75,784
02-06-2026 20:45,91.73,91.94,91.50,91.78,877
02-06-2026 21:00,91.78,92.40,91.77,92.38,675
02-06-2026 21:15,92.38,93.06,92.30,92.85,871
02-06-2026 21:30,92.85,93.04,92.44,92.74,817
02-06-2026 21:45,92.73,93.21,92.72,93.18,661
02-06-2026 22:00,93.18,93.38,93.11,93.29,634
02-06-2026 22:15,93.29,93.30,93.03,93.10,485
02-06-2026 22:30,93.10,93.42,92.90,93.26,641
02-06-2026 22:45,93.25,93.66,93.22,93.63,549
02-06-2026 23:00,93.63,93.78,93.52,93.53,464
02-06-2026 23:15,93.53,93.93,93.49,93.82,480
02-06-2026 23:30,93.82,93.84,93.23,93.59,701
02-06-2026 23:45,93.59,93.86,93.43,93.73,877
03-06-2026 00:00,93.72,93.98,93.70,93.86,500
03-06-2026 00:15,93.86,93.91,93.81,93.88,210
03-06-2026 00:30,93.88,93.89,93.75,93.78,204
03-06-2026 00:45,93.78,93.78,93.53,93.56,212
03-06-2026 01:00,93.56,93.65,93.44,93.45,236
03-06-2026 01:15,93.45,93.73,93.44,93.66,309
03-06-2026 01:30,93.66,93.70,93.46,93.57,196
03-06-2026 01:45,93.56,93.60,93.47,93.48,132
03-06-2026 02:00,93.48,93.51,93.33,93.46,288
03-06-2026 02:15,93.46,93.50,93.36,93.41,257
03-06-2026 03:30,93.73,94.03,93.61,93.95,323
03-06-2026 03:45,93.95,94.04,93.81,93.83,151
03-06-2026 04:00,93.83,93.91,93.78,93.90,116
03-06-2026 04:15,93.90,94.45,93.87,94.22,482
03-06-2026 04:30,94.22,94.89,94.11,94.81,609
03-06-2026 04:45,94.82,96.01,94.77,95.59,802
03-06-2026 05:00,95.55,95.75,94.85,94.85,468
03-06-2026 05:15,94.86,95.02,94.54,94.58,429
03-06-2026 05:30,94.58,94.82,94.22,94.73,652
03-06-2026 05:45,94.73,94.87,94.46,94.60,375
03-06-2026 06:00,94.60,94.67,94.52,94.53,203
03-06-2026 06:15,94.53,94.61,94.33,94.37,234
03-06-2026 06:30,94.37,94.97,94.18,94.91,636
03-06-2026 06:45,94.90,95.09,94.78,94.80,334
03-06-2026 07:00,94.80,94.94,94.73,94.93,296
03-06-2026 07:15,94.93,94.95,94.80,94.82,255
03-06-2026 07:30,94.82,94.86,94.59,94.63,269
03-06-2026 07:45,94.63,94.72,94.57,94.62,158
03-06-2026 08:00,94.62,94.65,94.53,94.55,187
03-06-2026 08:15,94.55,94.79,94.55,94.70,263
03-06-2026 08:30,94.70,94.72,94.50,94.56,193
03-06-2026 08:45,94.56,94.67,94.56,94.65,160
03-06-2026 09:00,94.65,94.70,94.51,94.68,121
03-06-2026 09:15,94.67,94.78,94.62,94.70,137
03-06-2026 09:30,94.70,94.93,94.69,94.86,159
03-06-2026 09:45,94.86,94.93,94.83,94.87,103
03-06-2026 10:00,94.87,95.01,94.87,95.01,115
03-06-2026 10:15,95.01,95.15,94.88,94.89,170
03-06-2026 10:30,94.89,94.95,94.76,94.83,160
03-06-2026 10:45,94.83,94.96,94.82,94.93,161
03-06-2026 11:00,94.93,95.22,94.89,95.20,320
03-06-2026 11:15,95.21,95.56,95.21,95.55,445
03-06-2026 11:30,95.56,95.57,95.13,95.40,550
03-06-2026 11:45,95.40,95.48,95.21,95.27,387
03-06-2026 12:00,95.27,95.80,95.27,95.49,497
03-06-2026 12:15,95.50,95.82,95.48,95.73,447
03-06-2026 12:30,95.72,95.88,95.48,95.50,645
03-06-2026 12:45,95.50,95.81,95.49,95.79,407
03-06-2026 13:00,95.79,95.98,95.65,95.89,574
03-06-2026 13:15,95.89,95.99,95.72,95.86,385
03-06-2026 13:30,95.86,95.99,95.66,95.69,553
03-06-2026 13:45,95.70,96.54,95.60,95.99,1221
03-06-2026 14:00,96.01,96.29,95.92,96.19,672
03-06-2026 14:15,96.19,96.38,95.99,96.32,488
03-06-2026 14:30,96.32,96.47,95.87,96.15,558
03-06-2026 14:45,96.15,96.53,96.13,96.26,651
03-06-2026 15:00,96.28,96.47,96.14,96.34,564
03-06-2026 15:15,96.34,96.96,96.33,96.85,781
03-06-2026 15:30,96.85,96.97,95.64,96.17,1358
03-06-2026 15:45,96.16,96.48,96.15,96.29,722
03-06-2026 16:00,96.29,96.50,96.07,96.41,556
03-06-2026 16:15,96.41,96.44,95.85,95.97,479
03-06-2026 16:30,95.97,96.02,95.68,95.77,487
03-06-2026 16:45,95.78,95.93,95.57,95.69,454
03-06-2026 17:00,95.68,95.81,95.54,95.72,400
03-06-2026 17:15,95.72,95.96,95.52,95.69,585
03-06-2026 17:30,95.69,95.92,95.31,95.92,631
03-06-2026 17:45,95.92,96.37,95.92,96.31,644
03-06-2026 18:00,96.32,96.48,96.10,96.13,544
03-06-2026 18:15,96.13,96.32,95.96,95.99,617
03-06-2026 18:30,96.00,96.13,95.05,95.17,1063
03-06-2026 18:45,95.17,95.27,94.94,95.10,931
03-06-2026 19:00,95.10,95.14,94.74,95.01,1087
03-06-2026 19:15,95.00,95.13,94.44,94.47,1009
03-06-2026 19:30,94.47,94.69,94.32,94.64,824
03-06-2026 19:45,94.64,95.34,94.59,95.15,1091
03-06-2026 20:00,95.15,95.56,94.95,95.52,1171
03-06-2026 20:15,95.52,95.61,95.19,95.23,838
03-06-2026 20:30,95.19,95.83,95.05,95.66,951
03-06-2026 20:45,95.66,95.80,95.07,95.44,1010
03-06-2026 21:00,95.47,96.28,95.43,95.86,991
03-06-2026 21:15,95.87,96.00,95.81,95.88,645
03-06-2026 21:30,95.88,96.17,95.68,96.11,681
03-06-2026 21:45,96.11,96.30,95.84,96.15,757
03-06-2026 22:00,96.15,96.17,95.82,95.86,616
03-06-2026 22:15,95.86,96.01,95.63,95.65,674
03-06-2026 22:30,95.64,96.20,95.32,96.13,713
03-06-2026 22:45,96.13,96.29,96.03,96.14,567
03-06-2026 23:00,96.14,96.42,96.13,96.36,474
03-06-2026 23:15,96.37,96.42,96.07,96.21,460
03-06-2026 23:30,96.21,96.25,95.91,96.10,559
03-06-2026 23:45,96.10,96.35,95.84,95.99,827
04-06-2026 00:00,96.01,96.54,95.98,96.33,536
04-06-2026 00:15,96.32,96.32,96.02,96.04,244
04-06-2026 00:30,96.04,96.12,95.94,95.99,282
04-06-2026 00:45,95.99,96.14,95.67,96.12,376
04-06-2026 01:00,96.12,96.14,95.96,96.01,219
04-06-2026 01:15,96.01,96.21,95.90,96.20,289
04-06-2026 01:30,96.19,96.44,96.15,96.42,291
04-06-2026 01:45,96.42,96.42,96.19,96.22,249
04-06-2026 02:00,96.22,96.47,96.00,96.40,275
04-06-2026 02:15,96.40,96.42,96.00,96.11,300
04-06-2026 03:30,95.79,95.88,95.45,95.60,223
04-06-2026 03:45,95.60,95.87,95.58,95.81,125
04-06-2026 04:00,95.81,95.81,94.99,95.63,353
04-06-2026 04:15,95.64,95.64,95.04,95.22,305
04-06-2026 04:30,95.22,95.44,95.14,95.33,225
04-06-2026 04:45,95.32,95.47,95.30,95.37,118
04-06-2026 05:00,95.36,95.37,95.22,95.32,103
04-06-2026 05:15,95.32,95.43,95.27,95.37,128
04-06-2026 05:30,95.37,95.51,95.23,95.36,463
04-06-2026 05:45,95.36,95.72,95.36,95.64,299
04-06-2026 06:00,95.64,95.66,95.37,95.46,255
04-06-2026 06:15,95.46,95.54,95.28,95.29,199
04-06-2026 06:30,95.29,95.49,95.06,95.19,558
04-06-2026 06:45,95.19,95.30,95.05,95.08,333
04-06-2026 07:00,95.07,95.07,94.83,95.02,344
04-06-2026 07:15,95.02,95.16,94.91,94.98,264
04-06-2026 07:30,94.98,95.07,94.89,94.97,249
04-06-2026 07:45,94.97,95.05,94.77,94.91,267
04-06-2026 08:00,94.92,94.96,94.86,94.88,179
04-06-2026 08:15,94.88,94.91,94.80,94.80,198
04-06-2026 08:30,94.80,94.91,94.74,94.80,181
04-06-2026 08:45,94.80,94.93,94.80,94.93,157
04-06-2026 09:00,94.93,95.50,94.92,95.46,335
04-06-2026 09:15,95.46,95.50,95.08,95.09,182
04-06-2026 09:30,95.10,95.24,95.04,95.14,179
04-06-2026 09:45,95.14,95.33,95.12,95.18,190
04-06-2026 10:00,95.19,95.32,95.10,95.18,166
04-06-2026 10:15,95.18,95.29,95.18,95.18,121
04-06-2026 10:30,95.18,95.35,95.17,95.32,188
04-06-2026 10:45,95.31,95.59,95.31,95.54,253
04-06-2026 11:00,95.54,95.57,95.15,95.18,312
04-06-2026 11:15,95.17,95.46,95.14,95.15,314
04-06-2026 11:30,95.14,95.29,94.97,95.27,340
04-06-2026 11:45,95.27,95.44,95.15,95.17,308
04-06-2026 12:00,95.17,95.22,94.91,95.14,352
04-06-2026 12:15,95.15,95.30,95.07,95.20,387
04-06-2026 12:30,95.20,95.30,94.99,95.09,420
04-06-2026 12:45,95.10,95.41,94.91,95.28,461
04-06-2026 13:00,95.30,95.49,95.05,95.41,459
04-06-2026 13:15,95.41,95.59,95.30,95.43,532
04-06-2026 13:30,95.44,95.68,94.99,95.34,928
04-06-2026 13:45,95.37,95.48,94.78,94.82,1070
04-06-2026 14:00,94.72,95.37,94.39,95.05,973
04-06-2026 14:15,95.06,95.06,94.80,94.85,587
04-06-2026 14:30,94.85,95.00,94.45,94.76,780
04-06-2026 14:45,94.75,94.88,94.64,94.80,516
04-06-2026 15:00,94.80,94.96,94.27,94.35,543
04-06-2026 15:15,94.35,94.55,94.05,94.49,773
04-06-2026 15:30,94.49,95.12,94.49,94.93,661
04-06-2026 15:45,94.93,95.22,94.88,95.06,534
04-06-2026 16:00,95.06,95.26,94.81,95.05,444
04-06-2026 16:15,95.05,95.27,94.88,94.88,381
04-06-2026 16:30,94.86,94.91,94.55,94.57,522
04-06-2026 16:45,94.58,94.61,93.62,93.77,1089
04-06-2026 17:00,93.76,94.04,93.28,93.39,871
04-06-2026 17:15,93.40,93.42,92.33,92.45,1377
04-06-2026 17:30,92.44,92.65,91.95,92.31,1667
04-06-2026 17:45,92.31,92.93,92.15,92.75,1113
04-06-2026 18:00,92.75,92.98,92.58,92.87,692
04-06-2026 18:15,92.87,92.97,92.32,92.65,750
04-06-2026 18:30,92.65,93.00,92.34,92.89,1081
04-06-2026 18:45,92.89,93.11,92.66,93.06,758
04-06-2026 19:00,93.06,93.14,92.69,92.84,929
04-06-2026 19:15,92.84,92.88,92.11,92.35,982
04-06-2026 19:30,92.35,92.52,92.20,92.31,922
04-06-2026 19:45,92.31,92.69,92.00,92.59,880
04-06-2026 20:00,92.59,92.93,92.59,92.75,615
04-06-2026 20:15,92.75,93.10,92.65,93.04,568
04-06-2026 20:30,93.04,93.22,92.81,92.81,852
04-06-2026 20:45,92.81,92.94,92.62,92.71,950
04-06-2026 21:00,92.72,93.16,92.63,92.98,685
04-06-2026 21:15,92.98,93.12,92.76,92.98,619
04-06-2026 21:30,92.98,93.07,92.74,92.98,555
04-06-2026 21:45,92.98,93.13,92.86,92.95,397
04-06-2026 22:00,92.94,93.01,92.28,92.62,540
04-06-2026 22:15,92.62,92.69,92.29,92.37,478
04-06-2026 22:30,92.37,92.49,92.22,92.27,472
04-06-2026 22:45,92.27,92.56,92.16,92.17,395
04-06-2026 23:00,92.17,92.34,91.92,92.20,530
04-06-2026 23:15,92.20,92.38,92.18,92.33,410
04-06-2026 23:30,92.31,92.59,91.95,92.04,851
04-06-2026 23:45,92.04,93.22,91.95,93.07,1068
05-06-2026 00:00,93.09,93.42,93.05,93.32,667
05-06-2026 00:15,93.32,93.42,93.16,93.30,331
05-06-2026 00:30,93.30,93.34,93.09,93.21,297
05-06-2026 00:45,93.21,93.24,93.07,93.11,187
05-06-2026 01:00,93.11,93.15,92.96,93.13,186
05-06-2026 01:15,93.13,93.23,93.03,93.14,293
05-06-2026 01:30,93.14,93.18,93.00,93.05,228
05-06-2026 01:45,93.05,93.11,92.95,93.01,182
05-06-2026 02:00,93.01,93.06,92.95,92.98,146
05-06-2026 02:15,92.98,93.01,92.85,92.85,142
05-06-2026 03:30,92.80,92.87,92.62,92.62,151
05-06-2026 03:45,92.62,92.80,92.61,92.77,88
05-06-2026 04:00,92.77,92.84,92.75,92.82,62
05-06-2026 04:15,92.82,92.87,92.82,92.87,56
05-06-2026 04:30,92.87,92.87,92.83,92.83,33
05-06-2026 04:45,92.84,92.88,92.81,92.83,43
05-06-2026 05:00,92.83,92.93,92.83,92.91,48
05-06-2026 05:15,92.91,93.01,92.88,92.95,83
05-06-2026 05:30,92.95,93.00,92.85,92.97,218
05-06-2026 05:45,92.97,93.00,92.68,92.70,187
05-06-2026 06:00,92.70,92.75,92.61,92.71,197
05-06-2026 06:15,92.71,92.91,92.60,92.67,200
05-06-2026 06:30,92.67,92.74,92.51,92.67,391
05-06-2026 06:45,92.67,93.12,92.67,93.06,397
05-06-2026 07:00,93.06,93.12,92.91,93.08,246
05-06-2026 07:15,93.08,93.16,93.03,93.12,213
05-06-2026 07:30,93.12,93.26,93.08,93.15,269
05-06-2026 07:45,93.15,93.46,93.09,93.36,256
05-06-2026 08:00,93.36,93.48,93.35,93.43,295
05-06-2026 08:15,93.43,93.51,93.38,93.39,203
05-06-2026 08:30,93.39,93.47,93.19,93.24,229
05-06-2026 08:45,93.24,93.26,93.07,93.21,218
05-06-2026 09:00,93.21,93.21,92.99,93.18,193
05-06-2026 09:15,93.18,93.20,93.05,93.15,136
05-06-2026 09:30,93.15,93.19,92.93,93.07,148
05-06-2026 09:45,93.07,93.12,93.00,93.09,94
05-06-2026 10:00,93.09,93.13,93.03,93.07,116
05-06-2026 10:15,93.07,93.13,92.94,93.01,181
05-06-2026 10:30,93.01,93.17,93.01,93.08,233
05-06-2026 10:45,93.08,93.17,93.01,93.01,175
05-06-2026 11:00,93.01,93.20,92.92,93.10,282
05-06-2026 11:15,93.09,93.11,92.92,92.93,256
05-06-2026 11:30,92.94,93.10,92.57,92.67,454
05-06-2026 11:45,92.68,92.97,92.68,92.81,353
05-06-2026 12:00,92.81,92.84,92.67,92.75,339
05-06-2026 12:15,92.76,92.91,92.70,92.75,382
05-06-2026 12:30,92.75,92.83,92.37,92.39,522
05-06-2026 12:45,92.39,92.44,92.06,92.08,511
05-06-2026 13:00,92.08,92.55,92.01,92.46,489
05-06-2026 13:15,92.46,92.75,92.18,92.67,455
05-06-2026 13:30,92.67,92.88,92.44,92.66,583
05-06-2026 13:45,92.66,92.68,91.58,91.58,1121
05-06-2026 14:00,91.51,92.20,91.51,92.11,878
05-06-2026 14:15,92.11,92.96,92.11,92.81,752
05-06-2026 14:30,92.81,93.14,92.09,92.44,916
05-06-2026 14:45,92.43,92.72,91.93,92.45,985
05-06-2026 15:00,92.45,92.87,92.36,92.84,634
05-06-2026 15:15,92.84,92.95,92.56,92.83,551
05-06-2026 15:30,92.82,92.90,92.62,92.78,431
05-06-2026 15:45,92.78,92.84,92.46,92.60,426
05-06-2026 16:00,92.60,92.96,92.48,92.83,438
05-06-2026 16:15,92.84,93.11,92.78,92.85,407
05-06-2026 16:30,92.86,93.17,92.82,92.95,443
05-06-2026 16:45,92.96,93.59,92.93,92.98,623
05-06-2026 17:00,92.98,93.02,92.58,92.70,643
05-06-2026 17:15,92.70,92.91,92.57,92.89,379
05-06-2026 17:30,92.89,93.12,92.65,92.66,566
05-06-2026 17:45,92.66,92.91,92.50,92.80,566
05-06-2026 18:00,92.80,93.01,92.61,92.62,767
05-06-2026 18:15,92.61,92.67,92.33,92.39,672
05-06-2026 18:30,92.39,92.57,91.51,91.89,1208
05-06-2026 18:45,91.88,92.16,91.70,91.86,865
05-06-2026 19:00,91.86,91.92,91.31,91.51,1002
05-06-2026 19:15,91.51,91.79,91.25,91.46,1112
05-06-2026 19:30,91.46,91.56,90.55,91.00,1655
05-06-2026 19:45,91.00,91.65,90.99,91.31,1076
05-06-2026 20:00,91.30,91.63,91.12,91.33,862
05-06-2026 20:15,91.33,91.34,91.02,91.29,800
05-06-2026 20:30,91.29,91.37,90.94,91.16,764
05-06-2026 20:45,91.16,91.50,90.96,91.07,1120
05-06-2026 21:00,91.08,91.15,90.49,90.54,953
05-06-2026 21:15,90.54,90.82,90.47,90.76,653
05-06-2026 21:30,90.76,90.99,90.39,90.45,764
05-06-2026 21:45,90.45,90.55,89.95,90.09,746
05-06-2026 22:00,90.10,90.16,89.77,89.93,724
05-06-2026 22:15,89.93,90.07,89.66,90.06,669
05-06-2026 22:30,90.06,90.21,89.91,90.01,567
05-06-2026 22:45,90.01,90.17,89.95,90.09,398
05-06-2026 23:00,90.09,90.32,89.99,90.13,596
05-06-2026 23:15,90.13,90.32,89.94,90.01,621
05-06-2026 23:30,90.01,90.24,89.88,90.21,705
05-06-2026 23:45,90.25,90.63,89.99,90.55,971
06-06-2026 00:00,90.56,90.70,90.39,90.66,546
06-06-2026 00:15,90.65,90.69,90.03,90.27,487
06-06-2026 00:30,90.27,90.35,90.03,90.12,444
06-06-2026 00:45,90.13,90.26,90.01,90.13,352
06-06-2026 01:00,90.13,90.34,90.09,90.31,318
06-06-2026 01:15,90.30,90.39,90.18,90.21,348
06-06-2026 01:30,90.21,90.40,90.17,90.37,310
06-06-2026 01:45,90.37,90.37,90.19,90.34,239
06-06-2026 02:00,90.35,90.35,90.21,90.24,259
06-06-2026 02:15,90.24,90.27,90.15,90.19,368
08-06-2026 03:30,92.98,93.88,92.75,92.81,1193
08-06-2026 03:45,92.81,93.00,92.63,92.93,511
08-06-2026 04:00,92.93,93.20,92.79,92.93,359
08-06-2026 04:15,92.94,93.02,92.50,92.87,457
08-06-2026 04:30,92.87,92.90,92.68,92.68,184
08-06-2026 04:45,92.69,92.75,92.50,92.53,241
08-06-2026 05:00,92.53,92.83,92.38,92.69,223
08-06-2026 05:15,92.69,92.74,92.61,92.74,188
08-06-2026 05:30,92.74,92.83,92.49,92.65,326
08-06-2026 05:45,92.65,92.68,92.43,92.53,347
08-06-2026 06:00,92.53,92.64,92.48,92.55,291
08-06-2026 06:15,92.56,92.58,92.30,92.38,302
08-06-2026 06:30,92.37,93.59,92.20,93.52,992
08-06-2026 06:45,93.52,94.45,93.43,94.36,1403
08-06-2026 07:00,94.37,94.77,93.46,93.58,1201
08-06-2026 07:15,93.59,93.62,93.19,93.28,822
08-06-2026 07:30,93.28,93.73,93.21,93.70,610
08-06-2026 07:45,93.70,94.14,93.58,93.92,617
08-06-2026 08:00,93.92,94.31,93.34,93.36,821
08-06-2026 08:15,93.36,93.92,93.26,93.62,768
08-06-2026 08:30,93.62,94.00,93.54,93.77,629
08-06-2026 08:45,93.77,93.89,93.59,93.65,418
08-06-2026 09:00,93.65,93.65,93.35,93.47,482
08-06-2026 09:15,93.47,93.59,93.39,93.51,306
08-06-2026 09:30,93.51,93.88,93.51,93.77,362
08-06-2026 09:45,93.76,94.07,93.68,93.96,400
08-06-2026 10:00,93.96,94.54,93.89,94.40,610
08-06-2026 10:15,94.39,94.58,94.26,94.44,476
08-06-2026 10:30,94.45,94.61,94.18,94.49,546
08-06-2026 10:45,94.51,94.51,94.12,94.20,448
08-06-2026 11:00,94.20,94.82,94.09,94.63,904
08-06-2026 11:15,94.63,94.75,94.45,94.46,621
08-06-2026 11:30,94.46,94.66,94.23,94.31,874
08-06-2026 11:45,94.32,94.66,93.92,94.17,693
08-06-2026 12:00,94.17,94.81,94.16,94.48,701
08-06-2026 12:15,94.48,94.77,94.40,94.60,618
08-06-2026 12:30,94.60,94.91,94.43,94.59,776
08-06-2026 12:45,94.60,94.77,94.19,94.36,805
08-06-2026 13:00,94.35,94.55,94.00,94.37,800
08-06-2026 13:15,94.37,94.72,94.26,94.59,609
08-06-2026 13:30,94.59,95.20,94.57,95.05,836
08-06-2026 13:45,95.05,95.11,94.43,94.43,1272
08-06-2026 14:00,94.45,94.87,94.19,94.77,859
08-06-2026 14:15,94.77,95.06,94.65,94.65,639
08-06-2026 14:30,94.65,94.74,94.40,94.41,599
08-06-2026 14:45,94.41,94.74,94.38,94.74,425
08-06-2026 15:00,94.74,94.82,94.24,94.44,813
08-06-2026 15:15,94.45,94.90,94.40,94.66,593
08-06-2026 15:30,94.66,95.45,94.16,94.49,954
08-06-2026 15:45,94.49,94.69,94.46,94.52,668
08-06-2026 16:00,94.52,94.60,93.44,93.95,1046
08-06-2026 16:15,93.95,94.13,93.70,93.74,684
08-06-2026 16:30,93.75,94.05,92.42,92.46,987
08-06-2026 16:45,92.47,92.63,91.84,91.85,1682
08-06-2026 17:00,91.84,92.20,91.39,91.49,1175
08-06-2026 17:15,91.50,91.69,91.04,91.21,1122
08-06-2026 17:30,91.21,91.98,91.00,91.95,1087
08-06-2026 17:45,91.95,92.09,91.53,91.58,890
08-06-2026 18:00,91.58,92.11,91.40,91.50,838
08-06-2026 18:15,91.50,91.94,91.45,91.90,722
08-06-2026 18:30,91.92,91.94,91.45,91.82,944
08-06-2026 18:45,91.82,92.05,90.94,91.21,1089
08-06-2026 19:00,91.20,91.21,90.38,90.72,1364
08-06-2026 19:15,90.72,91.25,90.69,91.04,868
08-06-2026 19:30,91.04,91.57,90.96,91.27,953
08-06-2026 19:45,91.27,91.47,91.20,91.40,860
08-06-2026 20:00,91.41,92.18,91.40,91.64,862
08-06-2026 20:15,91.64,91.90,91.26,91.75,720
08-06-2026 20:30,91.75,92.30,91.65,92.27,758
08-06-2026 20:45,92.26,92.36,91.39,91.84,1154
08-06-2026 21:00,91.83,91.85,91.44,91.48,867
08-06-2026 21:15,91.48,91.64,91.38,91.59,596
08-06-2026 21:30,91.59,91.73,91.22,91.23,678
08-06-2026 21:45,91.23,91.76,91.13,91.74,664
08-06-2026 22:00,91.73,91.73,91.03,91.05,677
08-06-2026 22:15,91.05,91.39,91.05,91.39,481
08-06-2026 22:30,91.39,91.43,91.15,91.40,502
08-06-2026 22:45,91.40,91.40,90.94,90.95,629
08-06-2026 23:00,90.95,91.08,90.82,90.99,696
08-06-2026 23:15,90.99,91.11,90.75,91.10,497
08-06-2026 23:30,91.10,91.45,91.10,91.33,665
08-06-2026 23:45,91.33,91.47,91.07,91.25,866
09-06-2026 00:00,91.25,91.30,90.89,91.10,537
09-06-2026 00:15,91.10,91.20,91.06,91.13,197
09-06-2026 00:30,91.13,91.21,91.00,91.16,248
09-06-2026 00:45,91.16,91.32,91.07,91.31,284
09-06-2026 01:00,91.31,91.48,91.31,91.38,190
09-06-2026 01:15,91.38,91.43,91.12,91.21,285
09-06-2026 01:30,91.23,91.47,91.18,91.34,219
09-06-2026 01:45,91.35,91.52,91.20,91.22,187
09-06-2026 02:00,91.22,91.30,91.08,91.14,248
09-06-2026 02:15,91.14,91.32,91.14,91.24,358
09-06-2026 03:30,91.36,91.51,91.24,91.38,134
09-06-2026 03:45,91.38,91.46,91.32,91.41,69
09-06-2026 04:00,91.41,91.42,91.26,91.27,83
09-06-2026 04:15,91.27,91.39,91.24,91.35,93
09-06-2026 04:30,91.35,91.40,91.29,91.32,86
09-06-2026 04:45,91.32,91.39,91.32,91.35,65
09-06-2026 05:00,91.35,91.40,91.29,91.37,83
09-06-2026 05:15,91.37,91.41,91.34,91.35,118
09-06-2026 05:30,91.34,91.44,91.02,91.09,369
09-06-2026 05:45,91.09,91.18,90.85,90.89,233
09-06-2026 06:00,90.88,90.98,90.69,90.74,274
09-06-2026 06:15,90.74,91.36,90.74,91.02,435
09-06-2026 06:30,91.01,91.12,90.82,90.99,556
09-06-2026 06:45,90.97,91.08,90.81,90.82,353
09-06-2026 07:00,90.82,90.93,90.75,90.86,410
09-06-2026 07:15,90.86,91.03,90.57,90.94,361
09-06-2026 07:30,90.94,90.99,90.49,90.72,458
09-06-2026 07:45,90.73,90.93,90.73,90.90,250
09-06-2026 08:00,90.90,90.90,90.47,90.63,411
09-06-2026 08:15,90.62,90.69,90.56,90.61,240
09-06-2026 08:30,90.61,90.69,90.31,90.39,400
09-06-2026 08:45,90.39,90.44,90.29,90.38,383
09-06-2026 09:00,90.37,90.37,89.94,89.97,422
09-06-2026 09:15,89.97,90.18,89.84,90.13,361
09-06-2026 09:30,90.11,90.19,90.02,90.19,172
09-06-2026 09:45,90.19,90.25,90.11,90.21,216
09-06-2026 10:00,90.21,90.34,90.00,90.06,345
09-06-2026 10:15,90.06,90.26,90.05,90.25,204
09-06-2026 10:30,90.25,90.34,90.10,90.15,173
09-06-2026 10:45,90.16,90.20,89.88,90.01,383
09-06-2026 11:00,90.01,90.12,89.80,89.90,660
09-06-2026 11:15,89.90,90.16,89.81,90.12,527
09-06-2026 11:30,90.12,90.14,89.73,89.96,535
09-06-2026 11:45,89.96,89.97,89.63,89.89,590
09-06-2026 12:00,89.89,90.10,89.71,89.84,587
09-06-2026 12:15,89.84,90.11,89.73,89.89,539
09-06-2026 12:30,89.89,90.08,89.64,90.01,705
09-06-2026 12:45,90.01,90.08,89.69,89.70,542
09-06-2026 13:00,89.70,89.75,89.34,89.38,674
09-06-2026 13:15,89.38,89.84,89.33,89.68,596
09-06-2026 13:30,89.68,89.88,89.24,89.40,881
09-06-2026 13:45,89.40,89.45,89.04,89.23,1080
09-06-2026 14:00,89.21,89.37,88.79,88.99,867
09-06-2026 14:15,88.99,89.42,88.97,89.24,587
09-06-2026 14:30,89.22,89.34,88.87,88.94,618
09-06-2026 14:45,88.94,89.07,88.81,88.87,526
09-06-2026 15:00,88.87,89.10,88.79,89.09,553
09-06-2026 15:15,89.09,89.20,88.80,89.14,589
09-06-2026 15:30,89.14,89.44,89.06,89.32,651
09-06-2026 15:45,89.32,89.37,89.11,89.22,413
09-06-2026 16:00,89.22,89.35,89.15,89.27,383
09-06-2026 16:15,89.28,89.29,88.69,88.98,620
09-06-2026 16:30,88.98,89.27,88.95,89.21,552
09-06-2026 16:45,89.21,89.58,89.17,89.36,414
09-06-2026 17:00,89.36,89.67,89.29,89.64,555
09-06-2026 17:15,89.64,89.77,89.50,89.55,596
09-06-2026 17:30,89.54,89.55,89.19,89.45,609
09-06-2026 17:45,89.45,89.62,89.27,89.58,600
09-06-2026 18:00,89.58,89.66,89.04,89.38,679
09-06-2026 18:15,89.38,89.43,88.86,89.02,612
09-06-2026 18:30,89.02,89.53,88.88,89.02,1177
09-06-2026 18:45,89.02,89.04,88.65,88.73,973
09-06-2026 19:00,88.71,88.77,88.35,88.36,1141
09-06-2026 19:15,88.36,88.40,87.45,87.83,1537
09-06-2026 19:30,87.83,87.98,87.44,87.96,1169
09-06-2026 19:45,87.95,88.19,87.49,87.49,1134
09-06-2026 20:00,87.49,88.03,87.37,88.02,1069
09-06-2026 20:15,88.02,88.10,87.65,87.76,920
09-06-2026 20:30,87.76,87.86,87.45,87.55,741
09-06-2026 20:45,87.55,87.89,87.37,87.74,1094
09-06-2026 21:00,87.70,87.82,87.48,87.54,957
09-06-2026 21:15,87.54,87.57,86.68,86.70,1026
09-06-2026 21:30,86.69,86.70,85.96,86.14,1272
09-06-2026 21:45,86.14,86.59,86.11,86.53,883
09-06-2026 22:00,86.52,89.38,86.28,87.94,2015
09-06-2026 22:15,87.95,88.40,87.52,87.85,2073
09-06-2026 22:30,87.85,88.36,87.62,88.02,1538
09-06-2026 22:45,88.02,88.13,87.10,87.54,1405
09-06-2026 23:00,87.55,88.32,87.48,88.25,1058
09-06-2026 23:15,88.25,88.48,88.11,88.13,1011
09-06-2026 23:30,88.13,88.53,87.94,88.35,923
09-06-2026 23:45,88.36,88.60,88.06,88.14,1133
10-06-2026 00:00,88.15,88.34,87.98,88.11,592
10-06-2026 00:15,88.11,88.25,87.99,88.05,398
10-06-2026 00:30,88.05,88.20,87.92,88.13,322
10-06-2026 00:45,88.13,88.16,87.99,88.13,357
10-06-2026 01:00,88.13,88.28,88.04,88.25,272
10-06-2026 01:15,88.25,88.59,88.23,88.28,594
10-06-2026 01:30,88.28,88.53,88.22,88.51,430
10-06-2026 01:45,88.51,88.54,88.39,88.45,208
10-06-2026 02:00,88.45,88.67,88.32,88.64,386
10-06-2026 02:15,88.63,88.74,88.61,88.69,277
10-06-2026 03:30,89.39,89.84,88.76,88.92,589
10-06-2026 03:45,88.92,88.98,88.64,88.82,251
10-06-2026 04:00,88.82,89.08,88.82,88.98,261
10-06-2026 04:15,88.98,89.24,88.98,89.11,203
10-06-2026 04:30,89.11,89.13,88.85,88.96,136
10-06-2026 04:45,88.96,89.20,88.91,89.14,180
10-06-2026 05:00,89.14,89.14,88.95,88.98,85
10-06-2026 05:15,88.98,89.32,88.98,89.15,176
10-06-2026 05:30,89.14,89.38,88.84,89.26,572
10-06-2026 05:45,89.27,89.78,89.27,89.61,410
10-06-2026 06:00,89.61,89.93,89.60,89.77,306
10-06-2026 06:15,89.77,89.77,88.74,88.84,498
10-06-2026 06:30,88.84,89.08,88.51,88.70,729
10-06-2026 06:45,88.70,88.80,88.27,88.67,536
10-06-2026 07:00,88.67,89.01,88.62,88.98,325
10-06-2026 07:15,88.98,89.33,88.94,89.25,424
10-06-2026 07:30,89.25,89.37,89.02,89.05,398
10-06-2026 07:45,89.04,89.08,88.73,88.93,287
10-06-2026 08:00,88.93,89.01,88.80,88.80,281
10-06-2026 08:15,88.79,88.98,88.70,88.95,259
10-06-2026 08:30,88.95,89.10,88.81,88.99,189
10-06-2026 08:45,88.97,89.14,88.90,89.01,246
10-06-2026 09:00,89.01,89.01,88.72,88.89,248
10-06-2026 09:15,88.89,88.90,88.56,88.60,187
10-06-2026 09:30,88.60,88.81,88.59,88.70,145
10-06-2026 09:45,88.70,88.86,88.65,88.85,227
10-06-2026 10:00,88.86,88.92,88.64,88.69,220
10-06-2026 10:15,88.69,88.78,88.63,88.66,170
10-06-2026 10:30,88.66,88.76,88.42,88.55,297
10-06-2026 10:45,88.55,88.61,88.06,88.16,361
10-06-2026 11:00,88.16,88.23,87.87,88.12,556
10-06-2026 11:15,88.12,88.24,87.93,88.05,391
10-06-2026 11:30,88.05,88.14,87.81,87.95,567
10-06-2026 11:45,87.94,88.01,87.61,87.89,496
10-06-2026 12:00,87.89,88.13,87.79,87.95,532
10-06-2026 12:15,87.95,88.28,87.94,88.23,367
10-06-2026 12:30,88.23,88.26,87.75,87.81,578
10-06-2026 12:45,87.81,88.24,87.67,88.18,652
10-06-2026 13:00,88.18,88.66,88.18,88.36,633
10-06-2026 13:15,88.36,88.53,87.99,88.00,599
10-06-2026 13:30,88.01,88.58,87.94,88.53,733
10-06-2026 13:45,88.53,88.82,88.39,88.57,1091
10-06-2026 14:00,88.59,88.70,87.96,88.03,763
10-06-2026 14:15,88.04,88.05,87.38,87.65,776
10-06-2026 14:30,87.66,87.73,87.38,87.71,574
10-06-2026 14:45,87.71,87.79,87.42,87.75,638
10-06-2026 15:00,87.75,88.47,87.56,88.36,718
10-06-2026 15:15,88.35,88.36,87.85,87.90,563
10-06-2026 15:30,87.89,88.28,87.84,88.27,633
10-06-2026 15:45,88.27,88.46,88.10,88.14,462
10-06-2026 16:00,88.14,88.26,87.82,87.82,520
10-06-2026 16:15,87.82,88.07,87.73,88.00,533
10-06-2026 16:30,87.99,89.91,87.75,89.36,1857
10-06-2026 16:45,89.37,90.33,88.93,89.83,1796
10-06-2026 17:00,89.85,90.25,89.64,90.03,1388
10-06-2026 17:15,90.03,90.11,89.74,90.02,958
10-06-2026 17:30,90.03,90.08,89.54,89.80,1117
10-06-2026 17:45,89.80,89.89,89.56,89.71,922
10-06-2026 18:00,89.71,89.78,89.01,89.19,1154
10-06-2026 18:15,89.19,89.21,88.69,89.07,1023
10-06-2026 18:30,89.06,89.61,88.89,89.51,931
10-06-2026 18:45,89.51,89.53,89.23,89.33,701
10-06-2026 19:00,89.33,89.57,89.14,89.28,944
10-06-2026 19:15,89.28,89.86,89.18,89.77,876
10-06-2026 19:30,89.77,89.98,89.64,89.77,735
10-06-2026 19:45,89.77,89.88,89.47,89.73,792
10-06-2026 20:00,89.69,90.26,89.64,90.22,857
10-06-2026 20:15,90.22,90.37,89.89,90.24,829
10-06-2026 20:30,90.24,90.27,89.59,89.72,917
10-06-2026 20:45,89.72,89.88,89.40,89.53,860
10-06-2026 21:00,89.52,90.04,89.35,89.98,749
10-06-2026 21:15,89.98,91.45,89.89,90.61,1948
10-06-2026 21:30,90.61,91.22,90.52,91.00,1225
10-06-2026 21:45,91.00,91.06,90.66,90.90,808
10-06-2026 22:00,90.89,91.10,90.89,90.97,660
10-06-2026 22:15,90.97,91.21,90.95,91.03,583
10-06-2026 22:30,91.03,91.24,90.81,91.18,658
10-06-2026 22:45,91.18,91.43,91.18,91.41,529
10-06-2026 23:00,91.41,91.70,91.41,91.59,610
10-06-2026 23:15,91.59,91.81,90.84,90.89,999
10-06-2026 23:30,90.87,90.88,90.39,90.47,826
10-06-2026 23:45,90.47,90.86,89.79,89.92,1022
11-06-2026 00:00,89.90,90.46,89.90,90.17,747
11-06-2026 00:15,90.16,90.32,90.10,90.17,439
11-06-2026 00:30,90.17,90.55,90.11,90.33,410
11-06-2026 00:45,90.33,90.48,90.31,90.36,331
11-06-2026 01:00,90.36,90.57,90.34,90.49,263
11-06-2026 01:15,90.49,90.59,90.39,90.40,293
11-06-2026 01:30,90.40,90.91,90.25,90.90,574
11-06-2026 01:45,90.90,91.12,90.80,91.02,408
11-06-2026 02:00,91.02,91.51,90.99,91.42,389
11-06-2026 02:15,91.42,91.84,91.40,91.75,595
11-06-2026 03:30,91.95,92.41,91.95,92.22,353
11-06-2026 03:45,92.22,92.41,92.12,92.29,246
11-06-2026 04:00,92.29,92.52,92.00,92.38,307
11-06-2026 04:15,92.38,93.32,92.29,93.30,578
11-06-2026 04:30,93.31,93.57,93.04,93.48,436
11-06-2026 04:45,93.48,93.60,92.49,92.63,759
11-06-2026 05:00,92.63,93.05,92.55,92.79,395
11-06-2026 05:15,92.79,93.00,92.46,92.48,355
11-06-2026 05:30,92.48,92.73,92.25,92.55,793
11-06-2026 05:45,92.55,92.56,91.90,92.36,931
11-06-2026 06:00,92.36,92.56,92.15,92.37,603
11-06-2026 06:15,92.35,92.40,92.12,92.32,554
11-06-2026 06:30,92.32,92.37,91.65,91.74,1134
11-06-2026 06:45,91.74,91.83,91.49,91.54,714
11-06-2026 07:00,91.54,91.65,91.20,91.35,746
11-06-2026 07:15,91.35,91.68,91.35,91.63,592
11-06-2026 07:30,91.63,91.67,91.42,91.67,610
11-06-2026 07:45,91.68,91.97,91.64,91.84,598
11-06-2026 08:00,91.84,91.88,91.54,91.76,533
11-06-2026 08:15,91.76,91.83,91.44,91.55,501
11-06-2026 08:30,91.55,91.73,91.52,91.69,376
11-06-2026 08:45,91.69,91.93,91.60,91.85,450
11-06-2026 09:00,91.85,92.09,91.74,92.01,390
11-06-2026 09:15,92.01,92.01,91.71,91.80,290
11-06-2026 09:30,91.80,91.93,91.75,91.80,222
11-06-2026 09:45,91.81,91.82,91.57,91.60,381
11-06-2026 10:00,91.60,91.66,91.11,91.21,404
11-06-2026 10:15,91.21,91.25,90.99,91.10,459
11-06-2026 10:30,91.10,91.16,90.90,91.05,413
11-06-2026 10:45,91.05,91.11,90.75,90.93,494
11-06-2026 11:00,90.93,90.93,90.56,90.63,688
11-06-2026 11:15,90.63,90.68,90.33,90.61,784
11-06-2026 11:30,90.61,90.95,90.58,90.73,631
11-06-2026 11:45,90.73,90.81,90.43,90.47,471
11-06-2026 12:00,90.46,90.66,90.38,90.55,525
11-06-2026 12:15,90.55,90.65,90.38,90.44,637
11-06-2026 12:30,90.46,90.50,90.09,90.33,818
11-06-2026 12:45,90.33,90.39,89.81,89.84,755
11-06-2026 13:00,89.84,89.84,89.40,89.57,915
11-06-2026 13:15,89.58,89.83,89.51,89.82,634
11-06-2026 13:30,89.85,89.89,89.37,89.41,814
11-06-2026 13:45,89.41,89.54,89.07,89.45,1145
11-06-2026 14:00,89.49,89.54,88.75,88.88,1049
11-06-2026 14:15,88.88,89.17,88.79,89.08,740
11-06-2026 14:30,89.08,89.61,89.07,89.53,775
11-06-2026 14:45,89.53,89.58,89.32,89.39,634
11-06-2026 15:00,89.38,89.78,89.36,89.63,534
11-06-2026 15:15,89.63,89.73,89.05,89.28,674
11-06-2026 15:30,89.28,89.46,89.10,89.31,630
11-06-2026 15:45,89.32,89.47,89.01,89.26,732
11-06-2026 16:00,89.25,89.26,88.77,89.16,767
11-06-2026 16:15,89.15,89.33,88.94,88.94,638
11-06-2026 16:30,88.94,89.24,88.86,89.15,580
11-06-2026 16:45,89.15,89.36,88.91,89.13,629
11-06-2026 17:00,89.13,89.24,88.65,88.82,958
11-06-2026 17:15,88.81,89.05,88.77,89.03,574
11-06-2026 17:30,89.04,89.11,88.94,89.01,624
11-06-2026 17:45,89.01,91.38,89.01,90.57,1833
11-06-2026 18:00,90.59,91.22,90.38,90.77,1669
11-06-2026 18:15,90.77,90.93,89.87,90.03,1624
11-06-2026 18:30,90.02,90.47,89.97,90.40,1168
11-06-2026 18:45,90.39,90.65,90.05,90.18,876
11-06-2026 19:00,90.20,90.22,89.41,89.65,1263
11-06-2026 19:15,89.65,89.71,89.05,89.34,1447
11-06-2026 19:30,89.33,90.06,89.33,89.82,1175
11-06-2026 19:45,89.82,90.22,89.72,90.13,1048
11-06-2026 20:00,90.13,90.39,90.03,90.22,938
11-06-2026 20:15,90.22,90.27,89.90,90.06,798
11-06-2026 20:30,90.06,90.47,89.95,90.47,1153
11-06-2026 20:45,90.46,90.54,90.18,90.46,1056
11-06-2026 21:00,90.45,91.19,90.35,91.04,1153
11-06-2026 21:15,91.04,91.16,90.79,90.83,799
11-06-2026 21:30,90.81,91.00,90.65,90.97,718
11-06-2026 21:45,90.97,91.43,90.85,91.17,706
11-06-2026 22:00,91.17,91.40,91.02,91.03,758
11-06-2026 22:15,91.03,91.03,90.66,90.83,889
11-06-2026 22:30,90.83,90.90,90.32,90.35,935
11-06-2026 22:45,90.35,90.39,88.29,88.32,981
11-06-2026 23:00,88.31,88.34,86.52,86.70,2875
11-06-2026 23:15,86.70,87.47,86.60,87.37,1894
11-06-2026 23:30,87.39,88.26,87.33,87.55,1842
11-06-2026 23:45,87.54,87.84,87.10,87.80,1927
12-06-2026 00:00,87.80,88.29,87.75,88.05,1109
12-06-2026 00:15,88.06,88.12,87.76,87.79,798
12-06-2026 00:30,87.79,87.84,87.13,87.61,1057
12-06-2026 00:45,87.61,87.61,86.68,86.73,1435
12-06-2026 01:00,86.73,86.73,85.80,86.27,1668
12-06-2026 01:15,86.27,86.62,86.22,86.51,1114
12-06-2026 01:30,86.52,86.57,86.06,86.21,871
12-06-2026 01:45,86.21,86.35,85.76,85.96,647
12-06-2026 02:00,85.96,86.51,85.88,86.34,655
12-06-2026 02:15,86.34,86.56,86.26,86.46,566
12-06-2026 03:30,85.65,85.90,85.12,85.71,612
12-06-2026 03:45,85.71,86.04,85.60,86.04,349
12-06-2026 04:00,86.04,86.08,85.64,85.77,280
12-06-2026 04:15,85.78,85.94,85.69,85.92,169
12-06-2026 04:30,85.92,85.93,85.67,85.82,203
12-06-2026 04:45,85.82,85.87,85.77,85.82,134
12-06-2026 05:00,85.82,86.05,85.82,86.00,154
12-06-2026 05:15,86.00,86.17,85.98,86.05,137
12-06-2026 05:30,86.05,86.41,86.03,86.22,437
12-06-2026 05:45,86.22,86.34,86.16,86.26,307
12-06-2026 06:00,86.26,86.57,86.23,86.42,261
12-06-2026 06:15,86.42,86.72,86.32,86.62,301
12-06-2026 06:30,86.62,86.90,86.62,86.76,812
12-06-2026 06:45,86.76,86.84,86.64,86.67,328
12-06-2026 07:00,86.67,86.87,86.58,86.85,327
12-06-2026 07:15,86.85,86.86,86.64,86.79,368
12-06-2026 07:30,86.79,86.84,86.65,86.75,283
12-06-2026 07:45,86.75,86.88,86.75,86.87,143
12-06-2026 08:00,86.87,86.87,86.73,86.73,217
12-06-2026 08:15,86.73,86.75,86.49,86.72,270
12-06-2026 08:30,86.72,86.95,86.69,86.87,278
12-06-2026 08:45,86.87,86.96,86.67,86.70,238
12-06-2026 09:00,86.70,86.74,86.43,86.58,294
12-06-2026 09:15,86.58,86.59,86.20,86.24,353
12-06-2026 09:30,86.20,86.33,86.05,86.08,300
12-06-2026 09:45,86.08,86.25,86.07,86.16,245
12-06-2026 10:00,86.15,86.27,86.09,86.21,173
12-06-2026 10:15,86.21,86.35,86.06,86.07,239
12-06-2026 10:30,86.06,86.06,85.87,85.98,414
12-06-2026 10:45,85.98,86.11,85.90,85.91,367
12-06-2026 11:00,85.91,86.14,85.67,85.79,574
12-06-2026 11:15,85.77,86.05,85.72,86.04,485
12-06-2026 11:30,86.04,86.04,85.81,86.02,539
12-06-2026 11:45,86.02,86.12,85.80,85.94,512
12-06-2026 12:00,85.94,86.04,85.72,85.98,478
12-06-2026 12:15,85.97,86.13,85.85,86.07,514
12-06-2026 12:30,86.07,86.33,85.96,86.33,684
12-06-2026 12:45,86.33,86.37,85.98,86.04,605
12-06-2026 13:00,86.03,86.17,85.44,85.64,731
12-06-2026 13:15,85.64,85.73,84.89,85.17,896
12-06-2026 13:30,85.20,85.20,84.27,84.35,1219
12-06-2026 13:45,84.36,84.60,83.39,83.45,1635
12-06-2026 14:00,83.41,83.97,83.18,83.73,1303
12-06-2026 14:15,83.73,83.97,83.69,83.86,903
12-06-2026 14:30,83.85,83.96,83.60,83.74,836
12-06-2026 14:45,83.75,84.06,83.45,83.79,955
12-06-2026 15:00,83.79,83.94,83.55,83.85,710
12-06-2026 15:15,83.85,84.20,83.83,84.14,694
12-06-2026 15:30,84.15,84.30,84.00,84.18,641
12-06-2026 15:45,84.17,85.02,84.15,84.89,881
12-06-2026 16:00,84.89,85.26,84.68,84.73,938
12-06-2026 16:15,84.73,84.88,84.51,84.68,626
12-06-2026 16:30,84.68,84.75,84.34,84.37,633
12-06-2026 16:45,84.37,84.43,84.03,84.28,717
12-06-2026 17:00,84.28,84.65,84.16,84.42,724
12-06-2026 17:15,84.42,85.17,84.42,84.88,712
12-06-2026 17:30,84.87,85.07,84.71,84.88,762
12-06-2026 17:45,84.89,85.22,84.87,85.22,669
12-06-2026 18:00,85.22,85.64,85.21,85.43,833
12-06-2026 18:15,85.43,85.58,85.08,85.11,1031
12-06-2026 18:30,85.07,85.58,84.94,85.38,903
12-06-2026 18:45,85.38,85.48,85.14,85.32,650
12-06-2026 19:00,85.32,86.85,85.29,86.21,1480
12-06-2026 19:15,86.22,87.02,86.05,86.99,1413
12-06-2026 19:30,87.00,87.22,86.37,86.40,1268
12-06-2026 19:45,86.42,86.75,86.13,86.45,973
12-06-2026 20:00,86.46,86.62,86.10,86.42,1027
12-06-2026 20:15,86.42,86.64,84.72,84.93,1667
12-06-2026 20:30,84.94,85.01,84.40,84.59,1540
12-06-2026 20:45,84.59,84.70,84.21,84.46,1314
12-06-2026 21:00,84.41,84.73,84.22,84.47,1171
12-06-2026 21:15,84.47,84.58,84.11,84.40,960
12-06-2026 21:30,84.40,84.78,84.16,84.47,819
12-06-2026 21:45,84.45,84.81,84.21,84.78,968
12-06-2026 22:00,84.76,84.84,84.57,84.74,789
12-06-2026 22:15,84.74,84.98,84.45,84.84,774
12-06-2026 22:30,84.84,84.94,84.47,84.79,865
12-06-2026 22:45,84.79,84.94,84.48,84.53,724
12-06-2026 23:00,84.53,84.78,84.53,84.76,670
12-06-2026 23:15,84.76,85.03,84.63,84.89,759
12-06-2026 23:30,84.89,85.06,84.70,84.91,657
12-06-2026 23:45,84.91,85.01,84.77,84.86,772
13-06-2026 00:00,84.87,84.87,84.33,84.33,469
13-06-2026 00:15,84.35,84.45,84.31,84.43,333
13-06-2026 00:30,84.43,84.60,84.32,84.50,302
13-06-2026 00:45,84.50,84.54,84.40,84.43,275
13-06-2026 01:00,84.43,84.63,84.28,84.56,423
13-06-2026 01:15,84.56,84.56,84.23,84.28,394
13-06-2026 01:30,84.29,84.43,84.26,84.37,228
13-06-2026 01:45,84.37,84.40,84.19,84.24,180
13-06-2026 02:00,84.24,84.28,84.19,84.26,226
13-06-2026 02:15,84.26,84.28,84.17,84.20,312
15-06-2026 03:30,81.38,82.25,80.24,80.93,1543
15-06-2026 03:45,80.94,81.46,80.82,81.34,724
15-06-2026 04:00,81.34,81.66,81.31,81.55,556
15-06-2026 04:15,81.55,81.58,81.13,81.26,449
15-06-2026 04:30,81.26,81.33,80.87,80.90,436
15-06-2026 04:45,80.90,81.18,80.89,81.10,320
15-06-2026 05:00,81.11,81.13,81.00,81.04,226
15-06-2026 05:15,81.05,81.10,80.86,80.99,193
15-06-2026 05:30,80.98,81.00,80.42,80.60,587
15-06-2026 05:45,80.60,80.87,80.57,80.83,509
15-06-2026 06:00,80.83,81.14,80.76,81.11,444
15-06-2026 06:15,81.11,81.20,80.86,80.96,490
15-06-2026 06:30,80.96,81.20,80.70,80.85,1044
15-06-2026 06:45,80.86,80.91,80.50,80.62,606
15-06-2026 07:00,80.62,80.80,80.48,80.77,469
15-06-2026 07:15,80.77,80.94,80.73,80.88,480
15-06-2026 07:30,80.88,80.88,80.50,80.57,340
15-06-2026 07:45,80.57,80.64,80.31,80.33,290
15-06-2026 08:00,80.33,80.33,80.03,80.18,485
15-06-2026 08:15,80.18,80.19,79.99,80.07,499
15-06-2026 08:30,80.07,80.26,79.99,80.08,476
15-06-2026 08:45,80.07,80.17,79.99,80.10,432
15-06-2026 09:00,80.10,80.65,80.10,80.55,812
15-06-2026 09:15,80.55,80.64,80.41,80.51,398
15-06-2026 09:30,80.51,80.61,80.44,80.51,229
15-06-2026 09:45,80.51,80.63,80.49,80.58,234
15-06-2026 10:00,80.58,80.69,80.48,80.56,209
15-06-2026 10:15,80.56,80.61,80.49,80.53,294
15-06-2026 10:30,80.52,80.84,80.49,80.78,309
15-06-2026 10:45,80.78,80.88,80.67,80.79,262
15-06-2026 11:00,80.79,80.92,80.69,80.86,524
15-06-2026 11:15,80.86,80.99,80.64,80.77,542
15-06-2026 11:30,80.77,81.09,80.77,80.89,628
15-06-2026 11:45,80.88,80.90,80.45,80.71,610
15-06-2026 12:00,80.71,80.84,80.42,80.56,640
15-06-2026 12:15,80.56,80.70,80.44,80.49,521
15-06-2026 12:30,80.46,80.66,80.30,80.34,682
15-06-2026 12:45,80.36,80.36,79.79,79.84,662
15-06-2026 13:00,79.84,80.17,79.69,80.08,511
15-06-2026 13:15,80.08,80.52,80.07,80.48,585
15-06-2026 13:30,80.48,80.83,80.35,80.69,775
15-06-2026 13:45,80.69,80.78,80.24,80.27,966
15-06-2026 14:00,80.27,80.51,80.15,80.28,786
15-06-2026 14:15,80.28,80.51,80.15,80.40,611
15-06-2026 14:30,80.40,80.40,79.94,80.33,790
15-06-2026 14:45,80.33,80.40,80.06,80.08,622
15-06-2026 15:00,80.08,80.34,80.00,80.34,569
15-06-2026 15:15,80.34,80.47,80.05,80.24,707
15-06-2026 15:30,80.24,80.29,80.10,80.21,522
15-06-2026 15:45,80.21,80.37,80.04,80.33,640
15-06-2026 16:00,80.33,80.51,80.30,80.46,481
15-06-2026 16:15,80.46,80.66,80.35,80.58,527
15-06-2026 16:30,80.58,80.59,80.10,80.19,641
15-06-2026 16:45,80.19,80.36,80.11,80.14,518
15-06-2026 17:00,80.13,80.46,80.05,80.43,525
15-06-2026 17:15,80.43,80.47,80.22,80.40,550
15-06-2026 17:30,80.40,80.60,80.20,80.28,585
15-06-2026 17:45,80.28,80.44,80.11,80.20,628
15-06-2026 18:00,80.20,80.23,79.96,80.02,558
15-06-2026 18:15,80.01,80.41,80.01,80.32,527
15-06-2026 18:30,80.32,80.45,80.24,80.43,635
15-06-2026 18:45,80.43,80.63,80.35,80.49,727
15-06-2026 19:00,80.49,80.64,80.28,80.48,888
15-06-2026 19:15,80.48,80.62,80.20,80.22,662
15-06-2026 19:30,80.20,80.33,80.02,80.25,714
15-06-2026 19:45,80.25,80.31,79.81,79.89,785
15-06-2026 20:00,79.90,79.96,79.79,79.90,705
15-06-2026 20:15,79.90,80.47,79.86,80.46,761
15-06-2026 20:30,80.46,80.84,80.39,80.61,855
15-06-2026 20:45,80.61,80.66,80.32,80.61,810
15-06-2026 21:00,80.61,80.75,80.31,80.48,769
15-06-2026 21:15,80.49,80.49,80.14,80.25,657
15-06-2026 21:30,80.25,80.35,80.10,80.14,578
15-06-2026 21:45,80.14,80.20,80.01,80.07,532
15-06-2026 22:00,80.07,80.46,80.06,80.39,422
15-06-2026 22:15,80.39,80.49,80.32,80.48,447
15-06-2026 22:30,80.48,80.70,80.48,80.56,461
15-06-2026 22:45,80.56,80.62,80.36,80.55,405
15-06-2026 23:00,80.55,80.57,80.27,80.43,512
15-06-2026 23:15,80.43,80.62,80.40,80.57,448
15-06-2026 23:30,80.57,80.64,80.37,80.39,552
15-06-2026 23:45,80.39,80.92,80.35,80.88,713
16-06-2026 00:00,80.87,80.99,80.77,80.96,422
16-06-2026 00:15,80.96,80.99,80.82,80.86,280
16-06-2026 00:30,80.86,80.97,80.86,80.92,230
16-06-2026 00:45,80.92,81.17,80.92,81.07,187
16-06-2026 01:00,81.07,81.44,81.04,81.34,232
16-06-2026 01:15,81.34,81.45,81.29,81.30,296
16-06-2026 01:30,81.30,81.59,81.29,81.41,302
16-06-2026 01:45,81.42,81.45,81.27,81.30,151
16-06-2026 02:00,81.30,81.36,81.15,81.16,194
16-06-2026 02:15,81.16,81.26,81.10,81.12,195
16-06-2026 03:30,81.15,81.19,80.91,81.10,142
16-06-2026 03:45,81.10,81.43,81.10,81.29,138
16-06-2026 04:00,81.29,81.42,81.23,81.35,85
16-06-2026 04:15,81.34,81.45,81.30,81.39,63
16-06-2026 04:30,81.39,81.41,81.29,81.38,59
16-06-2026 04:45,81.38,81.45,81.37,81.37,46
16-06-2026 05:00,81.36,81.50,81.36,81.49,41
16-06-2026 05:15,81.49,81.52,81.41,81.50,92
16-06-2026 05:30,81.50,81.50,81.18,81.28,212
16-06-2026 05:45,81.28,81.45,81.27,81.31,182
16-06-2026 06:00,81.31,81.33,81.20,81.30,161
16-06-2026 06:15,81.31,81.38,81.25,81.30,182
16-06-2026 06:30,81.30,81.35,80.92,81.21,529
16-06-2026 06:45,81.21,81.21,80.97,81.00,256
16-06-2026 07:00,81.00,81.14,80.93,80.94,278
16-06-2026 07:15,80.94,81.08,80.83,80.89,331
16-06-2026 07:30,80.89,80.96,80.78,80.82,222
16-06-2026 07:45,80.82,80.95,80.74,80.90,159
16-06-2026 08:00,80.90,80.96,80.78,80.87,239
16-06-2026 08:15,80.86,80.86,80.55,80.69,399
16-06-2026 08:30,80.69,80.73,80.57,80.64,205
16-06-2026 08:45,80.64,80.71,80.58,80.66,231
16-06-2026 09:00,80.66,80.69,80.59,80.61,144
16-06-2026 09:15,80.61,80.67,80.55,80.66,128
16-06-2026 09:30,80.66,80.80,80.65,80.68,230
16-06-2026 09:45,80.68,80.71,80.59,80.65,118
16-06-2026 10:00,80.65,80.71,80.62,80.67,149
16-06-2026 10:15,80.67,80.74,80.55,80.59,164
16-06-2026 10:30,80.59,80.61,80.53,80.58,121
16-06-2026 10:45,80.58,80.59,80.36,80.38,165
16-06-2026 11:00,80.38,80.50,80.27,80.45,383
16-06-2026 11:15,80.45,80.48,80.29,80.45,343
16-06-2026 11:30,80.45,80.49,80.35,80.41,357
16-06-2026 11:45,80.42,80.51,80.36,80.40,234
16-06-2026 12:00,80.41,80.57,80.38,80.53,281
16-06-2026 12:15,80.53,80.78,80.50,80.54,360
16-06-2026 12:30,80.53,80.54,80.07,80.16,660
16-06-2026 12:45,80.16,80.24,79.94,79.97,472
16-06-2026 13:00,79.97,80.01,79.41,79.63,760
16-06-2026 13:15,79.63,79.67,79.30,79.36,720
16-06-2026 13:30,79.36,79.56,78.62,78.72,959
16-06-2026 13:45,78.72,78.89,78.49,78.59,965
16-06-2026 14:00,78.56,78.89,78.50,78.67,744
16-06-2026 14:15,78.67,78.72,78.43,78.65,629
16-06-2026 14:30,78.65,78.93,78.65,78.80,535
16-06-2026 14:45,78.80,78.89,78.66,78.84,482
16-06-2026 15:00,78.84,79.07,78.74,79.00,371
16-06-2026 15:15,79.00,79.22,78.82,78.91,427
16-06-2026 15:30,78.91,78.94,78.62,78.72,542
16-06-2026 15:45,78.73,78.77,78.48,78.59,608
16-06-2026 16:00,78.59,78.68,78.27,78.29,409
16-06-2026 16:15,78.29,78.54,78.26,78.41,474
16-06-2026 16:30,78.40,78.41,78.19,78.28,416
16-06-2026 16:45,78.28,78.38,78.15,78.24,465
16-06-2026 17:00,78.23,78.55,78.14,78.45,485
16-06-2026 17:15,78.45,78.48,78.25,78.40,460
16-06-2026 17:30,78.40,78.41,77.76,77.82,702
16-06-2026 17:45,77.82,77.87,77.55,77.55,843
16-06-2026 18:00,77.55,77.57,76.85,77.10,1035
16-06-2026 18:15,77.10,77.31,77.02,77.31,869
16-06-2026 18:30,77.31,77.70,77.25,77.56,1012
16-06-2026 18:45,77.56,77.74,77.52,77.59,722
16-06-2026 19:00,77.60,77.97,77.54,77.93,741
16-06-2026 19:15,77.93,78.05,77.72,77.76,652
16-06-2026 19:30,77.76,77.83,77.55,77.80,682
16-06-2026 19:45,77.80,77.84,77.34,77.43,663
16-06-2026 20:00,77.43,77.47,76.86,76.97,779
16-06-2026 20:15,76.98,77.10,76.83,77.06,812
16-06-2026 20:30,77.07,77.26,77.02,77.16,716
16-06-2026 20:45,77.16,77.25,76.91,76.97,861
16-06-2026 21:00,76.98,77.05,76.55,76.62,788
16-06-2026 21:15,76.62,76.77,75.67,76.00,1181
16-06-2026 21:30,76.00,76.16,75.84,75.97,872
16-06-2026 21:45,75.97,76.11,75.83,75.85,608
16-06-2026 22:00,75.85,75.88,75.58,75.65,683
16-06-2026 22:15,75.65,76.01,75.51,75.76,869
16-06-2026 22:30,75.76,76.11,75.75,76.05,801
16-06-2026 22:45,76.09,76.12,75.72,75.77,749
16-06-2026 23:00,75.77,75.92,75.61,75.68,716
16-06-2026 23:15,75.68,75.91,75.62,75.85,547
16-06-2026 23:30,75.86,75.98,75.71,75.76,551
16-06-2026 23:45,75.77,76.10,75.76,76.03,683
17-06-2026 00:00,76.04,76.46,75.94,76.45,465
17-06-2026 00:15,76.45,76.47,76.30,76.43,309
17-06-2026 00:30,76.43,76.72,76.38,76.69,310
17-06-2026 00:45,76.69,77.07,76.69,77.04,383
17-06-2026 01:00,77.04,77.14,76.90,76.98,293
17-06-2026 01:15,76.98,77.06,76.82,76.86,300
17-06-2026 01:30,76.86,76.89,76.50,76.62,344
17-06-2026 01:45,76.62,76.73,76.54,76.54,215
17-06-2026 02:00,76.53,76.71,76.51,76.66,263
17-06-2026 02:15,76.66,76.72,76.48,76.62,378
17-06-2026 03:30,76.54,76.72,76.28,76.70,232
17-06-2026 03:45,76.70,76.80,76.67,76.77,161
17-06-2026 04:00,76.77,76.77,76.59,76.60,118
17-06-2026 04:15,76.61,76.72,76.59,76.70,56
17-06-2026 04:30,76.70,76.74,76.52,76.69,113
17-06-2026 04:45,76.69,76.73,76.53,76.54,66
17-06-2026 05:00,76.55,76.55,76.43,76.51,116
17-06-2026 05:15,76.51,76.60,76.51,76.59,69
17-06-2026 05:30,76.59,76.60,76.39,76.58,334
17-06-2026 05:45,76.59,76.60,76.51,76.58,131
17-06-2026 06:00,76.58,76.60,76.45,76.56,156
17-06-2026 06:15,76.56,76.62,76.56,76.57,102
17-06-2026 06:30,76.57,76.62,76.24,76.45,504
17-06-2026 06:45,76.44,76.49,76.24,76.28,288
17-06-2026 07:00,76.27,76.29,76.13,76.27,302
17-06-2026 07:15,76.27,76.41,76.05,76.14,313
17-06-2026 07:30,76.14,76.16,76.02,76.12,246
17-06-2026 07:45,76.12,76.23,76.07,76.09,154
17-06-2026 08:00,76.10,76.16,76.00,76.06,210
17-06-2026 08:15,76.07,76.17,75.99,76.05,198
17-06-2026 08:30,76.05,76.05,75.81,75.87,183
17-06-2026 08:45,75.87,75.89,75.65,75.68,180
17-06-2026 09:00,75.68,75.83,75.66,75.73,202
17-06-2026 09:15,75.73,75.73,75.34,75.40,245
17-06-2026 09:30,75.40,75.62,75.40,75.61,202
17-06-2026 09:45,75.60,75.76,75.52,75.69,206
17-06-2026 10:00,75.67,75.73,75.53,75.56,175
17-06-2026 10:15,75.56,75.57,75.36,75.49,175
17-06-2026 10:30,75.50,75.54,75.33,75.41,207
17-06-2026 10:45,75.41,75.43,75.10,75.13,334
17-06-2026 11:00,75.14,75.47,75.06,75.45,484
17-06-2026 11:15,75.45,76.33,75.43,76.11,549
17-06-2026 11:30,76.12,76.25,75.86,76.13,499
17-06-2026 11:45,76.13,76.26,75.88,75.91,398
17-06-2026 12:00,75.91,75.95,75.25,75.29,542
17-06-2026 12:15,75.29,75.46,75.04,75.32,569
17-06-2026 12:30,75.32,75.34,74.57,74.72,753
17-06-2026 12:45,74.73,75.58,74.67,75.55,620
17-06-2026 13:00,75.55,75.61,75.06,75.25,657
17-06-2026 13:15,75.25,75.63,75.17,75.58,543
17-06-2026 13:30,75.58,76.04,75.46,76.03,852
17-06-2026 13:45,76.02,76.27,75.84,76.13,878
17-06-2026 14:00,76.12,76.44,76.08,76.31,714
17-06-2026 14:15,76.30,76.44,75.87,76.04,549
17-06-2026 14:30,76.04,76.30,76.00,76.08,439
17-06-2026 14:45,76.08,76.18,75.68,75.80,565
17-06-2026 15:00,75.80,76.09,75.49,75.92,506
17-06-2026 15:15,75.92,76.04,75.69,76.01,434
17-06-2026 15:30,76.02,76.44,76.01,76.28,453
17-06-2026 15:45,76.28,76.34,76.18,76.33,337
17-06-2026 16:00,76.33,76.33,76.01,76.06,427
17-06-2026 16:15,76.06,76.57,75.88,76.46,685
17-06-2026 16:30,76.46,76.62,76.33,76.61,474
17-06-2026 16:45,76.62,76.68,76.40,76.42,436
17-06-2026 17:00,76.43,76.74,76.43,76.67,336
17-06-2026 17:15,76.68,77.01,76.55,76.77,594
17-06-2026 17:30,76.76,76.78,76.33,76.46,511
17-06-2026 17:45,76.46,76.77,76.45,76.63,462
17-06-2026 18:00,76.63,76.74,76.49,76.50,434
17-06-2026 18:15,76.51,76.59,76.48,76.56,374
17-06-2026 18:30,76.54,76.85,76.50,76.68,690
17-06-2026 18:45,76.68,76.84,76.51,76.83,486
17-06-2026 19:00,76.83,77.23,76.76,77.07,669
17-06-2026 19:15,77.07,77.33,77.04,77.20,586
17-06-2026 19:30,77.20,77.74,76.95,77.66,917
17-06-2026 19:45,77.66,77.88,77.21,77.37,994
17-06-2026 20:00,77.38,77.83,77.38,77.62,845
17-06-2026 20:15,77.62,79.94,77.56,77.80,1730
17-06-2026 20:30,77.81,78.02,77.54,77.63,977
17-06-2026 20:45,77.63,77.74,76.73,76.91,1170
17-06-2026 21:00,76.91,77.08,76.84,77.00,654
17-06-2026 21:15,76.98,76.99,76.51,76.60,616
17-06-2026 21:30,76.60,76.79,76.50,76.63,479
17-06-2026 21:45,76.62,76.94,76.54,76.73,501
17-06-2026 22:00,76.75,76.83,76.63,76.67,433
17-06-2026 22:15,76.67,76.83,76.36,76.39,461
17-06-2026 22:30,76.39,76.98,76.38,76.46,606
17-06-2026 22:45,76.45,76.54,76.16,76.25,623
17-06-2026 23:00,76.25,76.47,76.17,76.23,462
17-06-2026 23:15,76.23,76.55,76.18,76.47,479
17-06-2026 23:30,76.47,76.71,76.30,76.60,869
17-06-2026 23:45,76.60,76.90,76.41,76.88,664
18-06-2026 00:00,76.87,76.99,76.55,76.62,1062
18-06-2026 00:15,76.62,76.65,76.44,76.50,521
18-06-2026 00:30,76.50,76.62,76.28,76.28,502
18-06-2026 00:45,76.28,76.31,75.97,76.06,470
18-06-2026 01:00,76.06,76.09,75.90,76.03,341
18-06-2026 01:15,76.03,76.23,75.93,75.96,437
18-06-2026 01:30,75.95,76.02,75.85,75.92,222
18-06-2026 01:45,75.92,75.94,75.85,75.90,145
18-06-2026 02:00,75.90,75.93,75.60,75.63,169
18-06-2026 02:15,75.63,75.67,75.55,75.57,152
18-06-2026 03:30,75.76,76.31,75.68,76.27,331
18-06-2026 03:45,76.28,76.39,76.12,76.19,199
18-06-2026 04:00,76.19,76.27,75.96,76.04,152
18-06-2026 04:15,76.07,76.17,75.99,76.06,79
18-06-2026 04:30,76.06,76.08,75.87,75.90,123
18-06-2026 04:45,75.91,75.98,75.85,75.95,88
18-06-2026 05:00,75.95,76.13,75.94,75.96,110
18-06-2026 05:15,75.95,76.02,75.90,75.99,68
18-06-2026 05:30,75.99,76.03,75.69,75.88,319
18-06-2026 05:45,75.88,75.93,75.71,75.77,185
18-06-2026 06:00,75.77,75.94,75.69,75.81,167
18-06-2026 06:15,75.81,76.08,75.75,76.04,194
18-06-2026 06:30,76.04,76.15,75.77,75.80,400
18-06-2026 06:45,75.80,75.85,75.43,75.51,369
18-06-2026 07:00,75.50,75.60,75.35,75.42,326
18-06-2026 07:15,75.42,75.65,75.42,75.51,258
18-06-2026 07:30,75.51,75.58,74.97,75.42,264
18-06-2026 07:45,75.42,75.48,75.33,75.43,160
18-06-2026 08:00,75.42,75.73,75.40,75.57,371
18-06-2026 08:15,75.57,75.64,75.50,75.54,237
18-06-2026 08:30,75.54,75.56,75.35,75.35,171
18-06-2026 08:45,75.35,75.43,75.27,75.29,158
18-06-2026 09:00,75.29,75.41,75.23,75.29,170
18-06-2026 09:15,75.29,75.34,75.23,75.24,100
18-06-2026 09:30,75.24,75.31,75.14,75.16,78
18-06-2026 09:45,75.16,75.16,74.89,74.90,222
18-06-2026 10:00,74.90,74.98,74.80,74.84,189
18-06-2026 10:15,74.84,74.90,74.77,74.84,184
18-06-2026 10:30,74.84,74.96,74.80,74.91,218
18-06-2026 10:45,74.91,74.92,74.49,74.52,316
18-06-2026 11:00,74.52,74.89,74.47,74.88,521
18-06-2026 11:15,74.88,74.89,74.74,74.77,237
18-06-2026 11:30,74.77,74.77,74.14,74.39,613
18-06-2026 11:45,74.40,74.49,74.21,74.28,413
18-06-2026 12:00,74.28,75.00,74.20,74.80,570
18-06-2026 12:15,74.80,75.07,74.69,74.91,564
18-06-2026 12:30,74.91,75.07,74.69,75.06,492
18-06-2026 12:45,75.06,75.45,75.05,75.05,603
18-06-2026 13:00,75.05,75.17,74.85,74.89,418
18-06-2026 13:15,74.89,75.19,74.87,75.04,503
18-06-2026 13:30,75.02,75.09,74.74,75.02,603
18-06-2026 13:45,75.02,75.09,74.72,75.00,772
18-06-2026 14:00,75.06,75.20,74.62,74.68,660
18-06-2026 14:15,74.68,74.80,74.51,74.75,508
18-06-2026 14:30,74.75,75.04,74.62,74.80,459
18-06-2026 14:45,74.80,74.89,74.47,74.79,542
18-06-2026 15:00,74.78,74.96,74.67,74.85,503
18-06-2026 15:15,74.85,74.85,74.32,74.35,501
18-06-2026 15:30,74.39,74.71,74.36,74.61,514
18-06-2026 15:45,74.61,75.00,74.60,74.90,413
18-06-2026 16:00,74.90,75.51,74.89,75.51,666
18-06-2026 16:15,75.52,75.71,75.24,75.28,613
18-06-2026 16:30,75.28,75.43,75.10,75.34,485
18-06-2026 16:45,75.34,75.51,75.20,75.49,394
18-06-2026 17:00,75.49,75.60,75.25,75.27,392
18-06-2026 17:15,75.27,75.51,75.09,75.42,424
18-06-2026 17:30,75.42,75.50,74.94,75.01,507
18-06-2026 17:45,75.01,75.22,74.94,75.20,458
18-06-2026 18:00,75.20,75.32,75.09,75.23,439
18-06-2026 18:15,75.23,75.23,74.94,75.05,351
18-06-2026 18:30,75.05,75.26,74.25,74.56,1143
18-06-2026 18:45,74.56,74.86,74.47,74.79,734
18-06-2026 19:00,74.78,74.80,73.90,74.03,1080
18-06-2026 19:15,74.04,74.15,73.62,73.74,1056
18-06-2026 19:30,73.74,74.02,73.58,73.71,938
18-06-2026 19:45,73.73,73.92,73.56,73.87,841
18-06-2026 20:00,73.87,74.24,73.86,74.20,711
18-06-2026 20:15,74.20,74.23,73.94,74.08,659
18-06-2026 20:30,74.09,74.23,73.99,74.05,639
18-06-2026 20:45,74.05,74.55,73.72,74.45,926
18-06-2026 21:00,74.45,74.72,74.40,74.64,918
18-06-2026 21:15,74.63,74.79,74.51,74.70,599
18-06-2026 21:30,74.71,75.01,74.58,74.85,701
18-06-2026 21:45,74.86,75.09,74.59,74.67,483
18-06-2026 22:00,74.67,74.72,74.49,74.72,597
18-06-2026 22:15,74.72,75.30,74.67,75.14,646
18-06-2026 22:30,75.14,75.35,75.12,75.22,626
18-06-2026 22:45,75.23,75.34,74.99,75.33,554
18-06-2026 23:00,75.33,75.52,75.07,75.37,725
18-06-2026 23:15,75.37,75.53,75.26,75.35,761
18-06-2026 23:30,75.35,75.97,75.34,75.94,1086
18-06-2026 23:45,75.94,76.77,75.94,76.58,1290
19-06-2026 00:00,76.58,76.84,76.52,76.64,585
19-06-2026 00:15,76.64,76.68,76.59,76.61,184
19-06-2026 00:30,76.61,76.87,76.61,76.78,151
19-06-2026 00:45,76.78,76.87,76.71,76.84,230
19-06-2026 01:00,76.84,76.84,76.48,76.58,282
19-06-2026 01:15,76.58,76.90,76.57,76.87,239
19-06-2026 01:30,76.87,76.98,76.51,76.58,371
19-06-2026 01:45,76.58,76.62,76.37,76.54,244
19-06-2026 02:00,76.55,76.59,76.41,76.49,151
19-06-2026 02:15,76.50,76.59,76.39,76.55,236
19-06-2026 03:30,76.41,76.84,76.31,76.41,136
19-06-2026 03:45,76.39,77.01,76.39,76.59,80
19-06-2026 04:00,76.59,76.74,76.34,76.39,112
19-06-2026 04:15,76.39,76.44,76.21,76.34,103
19-06-2026 04:30,76.34,76.40,76.10,76.14,101
19-06-2026 04:45,76.14,76.16,75.97,76.07,161
19-06-2026 05:00,76.07,76.11,75.86,76.10,72
19-06-2026 05:15,76.10,76.23,76.09,76.23,83
19-06-2026 05:30,76.22,76.22,75.79,75.82,308
19-06-2026 05:45,75.81,76.06,75.78,75.92,145
19-06-2026 06:00,75.93,76.02,75.92,75.96,83
19-06-2026 06:15,75.96,76.02,75.87,75.87,84
19-06-2026 06:30,75.88,76.16,75.79,76.10,271
19-06-2026 06:45,76.10,76.20,76.07,76.15,148
19-06-2026 07:00,76.15,76.34,76.11,76.17,248
19-06-2026 07:15,76.17,76.43,76.13,76.39,194
19-06-2026 07:30,76.39,76.55,76.33,76.48,211
19-06-2026 07:45,76.47,76.55,76.31,76.33,183
19-06-2026 08:00,76.33,76.35,76.25,76.26,101
19-06-2026 08:15,76.26,76.40,76.26,76.32,116
19-06-2026 08:30,76.32,76.54,76.32,76.39,132
19-06-2026 08:45,76.39,76.42,76.24,76.29,140
19-06-2026 09:00,76.29,76.32,75.96,75.99,187
19-06-2026 09:15,75.98,76.04,75.93,75.98,143
19-06-2026 09:30,75.97,76.03,75.91,76.03,117
19-06-2026 09:45,76.04,76.26,76.04,76.22,206
19-06-2026 10:00,76.22,76.60,76.18,76.45,298
19-06-2026 10:15,76.45,76.63,76.38,76.38,209
19-06-2026 10:30,76.39,77.01,76.38,76.97,197
19-06-2026 10:45,76.97,77.31,76.69,77.31,47
19-06-2026 11:00,77.31,77.31,77.04,77.18,56
19-06-2026 11:15,77.18,77.23,76.97,77.05,283
19-06-2026 11:30,77.05,77.82,77.05,77.81,269
19-06-2026 11:45,77.81,78.02,77.36,77.36,192
19-06-2026 12:00,77.36,77.84,77.35,77.64,276
19-06-2026 12:15,77.49,77.63,77.24,77.31,318
19-06-2026 12:30,77.30,77.46,77.21,77.25,61
19-06-2026 12:45,77.25,77.55,77.21,77.46,198
19-06-2026 13:00,77.46,77.80,77.30,77.62,135
19-06-2026 13:15,77.62,77.87,77.52,77.71,376
19-06-2026 13:30,77.71,78.10,77.52,77.84,623
19-06-2026 13:45,77.85,78.12,77.65,77.86,772
19-06-2026 14:00,77.86,78.27,77.86,78.25,204
19-06-2026 14:15,78.26,78.35,77.72,77.80,284
19-06-2026 14:30,77.80,77.82,76.76,76.92,515
19-06-2026 15:30,76.92,76.92,76.92,76.92,1
19-06-2026 16:00,76.92,76.92,76.00,76.03,298
19-06-2026 16:15,76.05,76.20,75.67,75.85,541
19-06-2026 16:30,75.85,76.50,75.84,75.98,653
19-06-2026 16:45,75.98,76.08,75.71,76.07,430
19-06-2026 17:00,76.07,76.07,75.73,75.80,323
19-06-2026 17:15,75.80,76.27,75.71,75.96,448
19-06-2026 17:30,75.96,76.27,75.95,76.08,386
19-06-2026 17:45,76.08,76.32,76.01,76.27,401
19-06-2026 18:00,76.27,76.71,76.27,76.38,712
19-06-2026 18:15,76.38,76.49,75.23,75.28,1310
19-06-2026 18:30,75.29,75.57,75.06,75.54,991
19-06-2026 18:45,75.53,75.81,75.44,75.68,555
19-06-2026 19:00,75.68,75.97,75.64,75.86,617
19-06-2026 19:15,75.86,75.99,75.59,75.99,530
19-06-2026 19:30,75.99,76.17,75.92,76.03,518
19-06-2026 19:45,76.03,76.13,75.87,76.05,320
19-06-2026 20:00,76.05,76.17,75.92,76.03,413
19-06-2026 20:15,76.03,76.23,75.97,76.17,351
19-06-2026 20:30,76.17,76.33,76.11,76.26,409
19-06-2026 20:45,76.26,76.42,76.19,76.37,737
19-06-2026 21:00,76.39,76.62,76.36,76.42,594
19-06-2026 21:15,76.42,76.58,76.28,76.48,398
19-06-2026 21:30,76.48,76.66,76.46,76.62,334
19-06-2026 21:45,76.62,76.75,76.42,76.48,309
19-06-2026 22:00,76.48,76.73,76.45,76.73,288
19-06-2026 22:15,76.73,76.75,76.49,76.49,296
22-06-2026 03:30,77.98,78.07,77.31,77.69,946
22-06-2026 03:45,77.69,77.79,77.56,77.61,315
22-06-2026 04:00,77.61,77.63,77.33,77.34,269
22-06-2026 04:15,77.34,77.53,77.20,77.45,275
22-06-2026 04:30,77.45,77.65,77.43,77.59,217
22-06-2026 04:45,77.59,77.73,77.56,77.71,241
22-06-2026 05:00,77.72,77.84,77.59,77.63,229
22-06-2026 05:15,77.64,77.81,77.59,77.66,210
22-06-2026 05:30,77.66,77.80,77.49,77.56,324
22-06-2026 05:45,77.56,77.62,77.12,77.23,326
22-06-2026 06:00,77.23,77.44,77.20,77.34,243
22-06-2026 06:15,77.34,77.68,76.91,76.99,505
22-06-2026 06:30,77.00,77.00,76.10,76.37,1186
22-06-2026 06:45,76.37,76.44,75.65,75.71,804
22-06-2026 07:00,75.71,75.79,75.51,75.54,554
22-06-2026 07:15,75.53,75.77,75.47,75.74,494
22-06-2026 07:30,75.74,75.76,75.39,75.55,469
22-06-2026 07:45,75.54,75.62,75.42,75.46,201
22-06-2026 08:00,75.46,75.46,75.08,75.11,455
22-06-2026 08:15,75.11,75.34,75.00,75.31,382
22-06-2026 08:30,75.31,75.69,75.28,75.68,342
22-06-2026 08:45,75.68,75.76,75.59,75.75,303
22-06-2026 09:00,75.75,75.84,75.69,75.71,248
22-06-2026 09:15,75.71,75.71,75.54,75.62,196
22-06-2026 09:30,75.62,75.63,75.47,75.57,142
22-06-2026 09:45,75.57,75.69,75.55,75.58,150
22-06-2026 10:00,75.58,75.58,75.42,75.46,132
22-06-2026 10:15,75.46,75.55,75.39,75.39,149
22-06-2026 10:30,75.39,75.39,75.29,75.31,181
22-06-2026 10:45,75.31,75.31,75.06,75.06,244
22-06-2026 11:00,75.06,75.37,75.01,75.35,502
22-06-2026 11:15,75.35,75.39,75.18,75.28,339
22-06-2026 11:30,75.29,75.35,75.11,75.19,363
22-06-2026 11:45,75.19,75.27,74.90,75.12,471
22-06-2026 12:00,75.12,75.41,75.08,75.33,441
22-06-2026 12:15,75.33,75.46,75.23,75.31,419
22-06-2026 12:30,75.31,75.52,75.19,75.50,483
22-06-2026 12:45,75.50,75.53,75.35,75.42,376
22-06-2026 13:00,75.42,75.84,75.36,75.79,568
22-06-2026 13:15,75.79,75.98,75.61,75.62,525
22-06-2026 13:30,75.62,76.18,75.58,76.03,718
22-06-2026 13:45,76.04,76.15,75.35,75.38,1091
22-06-2026 14:00,75.39,75.66,75.17,75.26,713
22-06-2026 14:15,75.26,75.38,75.08,75.21,466
22-06-2026 14:30,75.20,75.45,75.08,75.33,566
22-06-2026 14:45,75.33,75.41,75.14,75.28,365
22-06-2026 15:00,75.28,75.46,75.10,75.31,442
22-06-2026 15:15,75.31,75.34,75.10,75.33,427
22-06-2026 15:30,75.33,75.41,75.18,75.25,413
22-06-2026 15:45,75.25,75.39,75.17,75.35,345
22-06-2026 16:00,75.36,75.45,75.26,75.35,329
22-06-2026 16:15,75.35,75.35,75.24,75.31,314
22-06-2026 16:30,75.32,75.41,74.62,75.29,947
22-06-2026 16:45,75.29,75.45,75.25,75.40,422
22-06-2026 17:00,75.40,75.44,75.06,75.11,493
22-06-2026 17:15,75.11,75.22,74.90,74.99,439
22-06-2026 17:30,74.99,75.07,74.82,74.87,483
22-06-2026 17:45,74.87,74.89,74.49,74.59,541
22-06-2026 18:00,74.60,74.64,74.41,74.51,553
22-06-2026 18:15,74.51,74.80,74.47,74.51,493
22-06-2026 18:30,74.51,75.03,74.33,74.38,948
22-06-2026 18:45,74.38,74.51,74.15,74.22,865
22-06-2026 19:00,74.22,74.28,73.78,73.84,1061
22-06-2026 19:15,73.84,73.87,73.50,73.75,887
22-06-2026 19:30,73.75,73.95,73.56,73.57,762
22-06-2026 19:45,73.58,73.92,73.52,73.85,696
22-06-2026 20:00,73.84,74.30,73.84,74.19,721
22-06-2026 20:15,74.19,74.21,73.83,74.00,647
22-06-2026 20:30,74.00,74.02,73.36,73.38,772
22-06-2026 20:45,73.38,73.64,73.26,73.61,909
22-06-2026 21:00,73.62,73.70,73.23,73.30,692
22-06-2026 21:15,73.31,73.70,73.28,73.39,585
22-06-2026 21:30,73.40,73.65,73.35,73.52,379
22-06-2026 21:45,73.52,73.69,73.52,73.64,381
22-06-2026 22:00,73.64,73.80,73.63,73.69,406
22-06-2026 22:15,73.70,73.75,73.54,73.55,401
22-06-2026 22:30,73.55,73.70,73.50,73.53,384
22-06-2026 22:45,73.53,73.60,73.43,73.51,336
22-06-2026 23:00,73.51,73.74,73.38,73.39,398
22-06-2026 23:15,73.38,73.46,73.28,73.31,365
22-06-2026 23:30,73.31,73.69,73.31,73.63,596
22-06-2026 23:45,73.63,73.91,73.56,73.89,618
23-06-2026 00:00,73.88,73.90,73.66,73.74,357
23-06-2026 00:15,73.74,74.04,73.72,73.99,210
23-06-2026 00:30,73.99,74.14,73.98,74.07,194
23-06-2026 00:45,74.07,74.21,74.05,74.19,179
23-06-2026 01:00,74.19,74.34,74.16,74.28,188
23-06-2026 01:15,74.28,74.34,74.23,74.26,144
23-06-2026 01:30,74.26,74.28,74.16,74.21,163
23-06-2026 01:45,74.21,74.22,73.97,74.00,183
23-06-2026 02:00,74.00,74.07,73.96,74.01,142
23-06-2026 02:15,74.02,74.09,73.99,74.06,146
23-06-2026 03:30,74.12,74.22,74.01,74.13,113
23-06-2026 03:45,74.13,74.22,74.09,74.21,69
23-06-2026 04:00,74.21,74.41,74.20,74.28,106
23-06-2026 04:15,74.28,74.31,74.28,74.30,23
23-06-2026 04:30,74.30,74.30,74.12,74.15,79
23-06-2026 04:45,74.15,74.16,74.09,74.13,66
23-06-2026 05:00,74.13,74.18,74.09,74.09,37
23-06-2026 05:15,74.09,74.19,74.08,74.15,51
23-06-2026 05:30,74.15,74.23,74.04,74.16,180
23-06-2026 05:45,74.16,74.20,74.07,74.11,120
23-06-2026 06:00,74.11,74.15,74.04,74.04,138
23-06-2026 06:15,74.04,74.21,74.00,74.20,182
23-06-2026 06:30,74.19,74.25,73.77,74.00,446
23-06-2026 06:45,74.00,74.22,73.97,74.16,498
23-06-2026 07:00,74.16,74.24,74.10,74.10,251
23-06-2026 07:15,74.10,74.11,73.89,73.91,283
23-06-2026 07:30,73.91,74.06,73.76,73.99,252
23-06-2026 07:45,73.99,74.07,73.97,74.04,107
23-06-2026 08:00,74.04,74.29,74.01,74.18,341
23-06-2026 08:15,74.18,74.25,73.90,73.90,311
23-06-2026 08:30,73.90,73.90,73.69,73.76,407
23-06-2026 08:45,73.76,73.79,73.58,73.60,340
23-06-2026 09:00,73.60,73.74,73.56,73.62,140
23-06-2026 09:15,73.62,73.64,73.59,73.61,108
23-06-2026 09:30,73.62,73.72,73.60,73.71,72
23-06-2026 09:45,73.71,73.73,73.58,73.61,146
23-06-2026 10:00,73.60,73.76,73.56,73.73,246
23-06-2026 10:15,73.72,73.76,73.59,73.72,115
23-06-2026 10:30,73.73,73.77,73.65,73.67,110
23-06-2026 10:45,73.67,73.74,73.55,73.56,131
23-06-2026 11:00,73.56,73.58,73.27,73.28,464
23-06-2026 11:15,73.28,73.32,73.00,73.07,414
23-06-2026 11:30,73.07,73.17,72.87,73.12,515
23-06-2026 11:45,73.12,73.12,72.84,72.85,428
23-06-2026 12:00,72.86,72.91,72.54,72.73,476
23-06-2026 12:15,72.73,73.13,72.66,72.91,538
23-06-2026 12:30,72.91,72.95,72.62,72.80,376
23-06-2026 12:45,72.80,72.86,72.48,72.51,466
23-06-2026 13:00,72.54,73.15,72.49,73.06,516
23-06-2026 13:15,73.06,73.19,73.00,73.16,517
23-06-2026 13:30,73.15,73.58,73.15,73.46,683
23-06-2026 13:45,73.46,73.68,73.34,73.62,835
23-06-2026 14:00,73.62,73.84,73.53,73.54,572
23-06-2026 14:15,73.54,73.69,73.39,73.43,471
23-06-2026 14:30,73.43,73.58,73.26,73.41,474
23-06-2026 14:45,73.41,73.64,73.20,73.20,356
23-06-2026 15:00,73.20,73.48,73.16,73.44,387
23-06-2026 15:15,73.44,73.58,73.35,73.49,317
23-06-2026 15:30,73.49,73.57,73.35,73.50,329
23-06-2026 15:45,73.50,73.73,73.43,73.70,338
23-06-2026 16:00,73.70,73.94,73.58,73.76,416
23-06-2026 16:15,73.77,73.90,73.64,73.88,385
23-06-2026 16:30,73.87,73.97,73.77,73.78,334
23-06-2026 16:45,73.78,73.96,73.59,73.78,492
23-06-2026 17:00,73.78,74.05,73.78,73.93,507
23-06-2026 17:15,73.93,74.01,73.64,73.83,362
23-06-2026 17:30,73.83,73.88,73.46,73.52,501
23-06-2026 17:45,73.52,73.58,73.21,73.28,438
23-06-2026 18:00,73.28,73.42,73.20,73.41,406
23-06-2026 18:15,73.41,73.62,73.38,73.59,451
23-06-2026 18:30,73.60,73.71,73.47,73.48,639
23-06-2026 18:45,73.48,73.51,72.98,73.07,609
23-06-2026 19:00,73.06,73.23,72.88,73.18,781
23-06-2026 19:15,73.18,73.29,72.90,72.96,613
23-06-2026 19:30,72.96,72.99,72.58,72.71,666
23-06-2026 19:45,72.71,72.73,72.52,72.59,515
23-06-2026 20:00,72.59,73.26,72.59,73.21,977
23-06-2026 20:15,73.21,73.37,72.88,73.15,803
23-06-2026 20:30,73.15,73.47,73.14,73.19,650
23-06-2026 20:45,73.19,73.36,73.00,73.10,687
23-06-2026 21:00,73.10,73.10,72.71,73.05,711
23-06-2026 21:15,73.04,73.21,72.84,72.98,465
23-06-2026 21:30,72.98,73.15,72.98,73.00,311
23-06-2026 21:45,73.00,73.23,73.00,73.07,388
23-06-2026 22:00,73.07,73.08,72.82,72.91,288
23-06-2026 22:15,72.91,73.07,72.81,72.95,322
23-06-2026 22:30,72.96,73.27,72.96,73.21,428
23-06-2026 22:45,73.21,73.28,73.13,73.23,307
23-06-2026 23:00,73.23,73.30,73.00,73.04,423
23-06-2026 23:15,73.04,73.22,72.98,73.02,401
23-06-2026 23:30,73.03,73.41,73.03,73.22,532
23-06-2026 23:45,73.22,73.26,73.03,73.26,589
24-06-2026 00:00,73.27,73.32,73.16,73.18,233
24-06-2026 00:15,73.18,73.38,73.17,73.34,231
24-06-2026 00:30,73.34,73.36,73.22,73.22,141
24-06-2026 00:45,73.22,73.40,73.21,73.35,174
24-06-2026 01:00,73.35,73.40,73.31,73.36,124
24-06-2026 01:15,73.36,73.37,73.26,73.30,168
24-06-2026 01:30,73.30,73.48,73.29,73.34,125
24-06-2026 01:45,73.34,73.40,73.27,73.29,90
24-06-2026 02:00,73.29,73.32,73.15,73.15,118
24-06-2026 02:15,73.14,73.16,73.01,73.05,163
24-06-2026 03:30,73.12,73.13,73.03,73.08,106
24-06-2026 03:45,73.08,73.11,73.08,73.11,30
24-06-2026 04:00,73.11,73.12,72.98,73.02,58
24-06-2026 04:15,73.02,73.02,72.87,72.92,89
24-06-2026 04:30,72.92,72.95,72.83,72.89,79
24-06-2026 04:45,72.89,72.92,72.83,72.85,61
24-06-2026 05:00,72.85,72.88,72.65,72.73,114
24-06-2026 05:15,72.73,72.76,72.62,72.67,61
24-06-2026 05:30,72.67,72.86,72.64,72.81,263
24-06-2026 05:45,72.81,72.94,72.78,72.87,163
24-06-2026 06:00,72.87,72.87,72.74,72.83,129
24-06-2026 06:15,72.83,72.87,72.73,72.81,177
24-06-2026 06:30,72.80,72.85,72.33,72.47,573
24-06-2026 06:45,72.47,73.00,72.45,72.98,462
24-06-2026 07:00,72.99,73.04,72.80,72.87,328
24-06-2026 07:15,72.87,72.94,72.57,72.65,344
24-06-2026 07:30,72.65,72.88,72.64,72.79,277
24-06-2026 07:45,72.79,72.86,72.73,72.74,93
24-06-2026 08:00,72.74,72.74,72.36,72.52,414
24-06-2026 08:15,72.52,72.57,72.14,72.17,322
24-06-2026 08:30,72.16,72.43,72.07,72.41,368
24-06-2026 08:45,72.40,72.41,72.30,72.36,195
24-06-2026 09:00,72.36,72.44,72.32,72.37,115
24-06-2026 09:15,72.37,72.46,72.37,72.41,84
24-06-2026 09:30,72.41,72.61,72.41,72.58,106
24-06-2026 09:45,72.58,72.75,72.56,72.66,154
24-06-2026 10:00,72.66,72.69,72.60,72.65,76
24-06-2026 10:15,72.65,72.65,72.58,72.65,77
24-06-2026 10:30,72.65,72.76,72.57,72.61,138
24-06-2026 10:45,72.61,72.69,72.59,72.64,95
24-06-2026 11:00,72.64,72.72,72.52,72.59,323
24-06-2026 11:15,72.59,72.59,72.42,72.47,285
24-06-2026 11:30,72.47,73.15,72.47,72.82,673
24-06-2026 11:45,72.82,72.82,72.51,72.65,449
24-06-2026 12:00,72.64,72.65,72.44,72.59,445
24-06-2026 12:15,72.59,72.65,72.47,72.58,428
24-06-2026 12:30,72.58,72.61,72.11,72.28,527
24-06-2026 12:45,72.28,72.39,72.08,72.19,428
24-06-2026 13:00,72.19,72.33,72.02,72.14,432
24-06-2026 13:15,72.14,72.32,71.91,71.94,469
24-06-2026 13:30,71.94,72.05,71.79,71.90,670
24-06-2026 13:45,71.90,71.97,71.74,71.75,806
24-06-2026 14:00,71.76,72.03,71.68,71.89,643
24-06-2026 14:15,71.89,72.10,71.88,72.03,389
24-06-2026 14:30,72.03,72.06,71.62,71.71,517
24-06-2026 14:45,71.70,71.81,71.53,71.69,466
24-06-2026 15:00,71.69,71.93,71.67,71.87,540
24-06-2026 15:15,71.87,72.12,71.77,71.97,467
24-06-2026 15:30,71.97,72.26,71.88,71.92,447
24-06-2026 15:45,71.92,72.18,71.86,71.99,431
24-06-2026 16:00,71.99,72.14,71.71,71.75,392
24-06-2026 16:15,71.74,71.84,71.71,71.81,338
24-06-2026 16:30,71.81,71.88,71.69,71.81,355
24-06-2026 16:45,71.81,71.85,71.38,71.44,380
24-06-2026 17:00,71.44,71.71,71.36,71.42,536
24-06-2026 17:15,71.42,71.43,70.91,70.93,802
24-06-2026 17:30,70.92,71.11,70.90,71.10,586
24-06-2026 17:45,71.10,71.15,70.82,71.08,613
24-06-2026 18:00,71.08,71.14,70.92,71.01,423
24-06-2026 18:15,71.01,71.18,70.99,71.02,528
24-06-2026 18:30,71.01,71.05,70.35,70.49,1019
24-06-2026 18:45,70.49,70.49,70.01,70.04,847
24-06-2026 19:00,70.05,70.17,69.83,69.99,1073
24-06-2026 19:15,69.99,70.26,69.67,69.75,915
24-06-2026 19:30,69.75,70.09,69.63,69.97,888
24-06-2026 19:45,69.97,70.36,69.97,70.14,687
24-06-2026 20:00,70.14,70.22,69.97,69.97,834
24-06-2026 20:15,69.97,70.01,69.71,69.85,717
24-06-2026 20:30,69.85,69.92,69.67,69.73,722
24-06-2026 20:45,69.73,70.04,69.71,70.00,788
24-06-2026 21:00,69.99,70.47,69.90,70.28,697
24-06-2026 21:15,70.28,70.57,70.26,70.47,613
24-06-2026 21:30,70.47,70.55,70.27,70.38,465
24-06-2026 21:45,70.38,70.69,70.36,70.62,413
24-06-2026 22:00,70.62,70.91,70.58,70.64,441
24-06-2026 22:15,70.64,70.70,70.44,70.51,426
24-06-2026 22:30,70.51,70.64,70.41,70.41,428
24-06-2026 22:45,70.41,70.43,70.12,70.20,388
24-06-2026 23:00,70.20,70.48,70.03,70.41,473
24-06-2026 23:15,70.41,70.50,70.33,70.46,375
24-06-2026 23:30,70.46,70.50,70.15,70.32,423
24-06-2026 23:45,70.32,70.42,70.12,70.40,684
25-06-2026 00:00,70.40,70.42,70.06,70.17,371
25-06-2026 00:15,70.17,70.19,69.91,69.94,281
25-06-2026 00:30,69.94,69.99,69.88,69.97,188
25-06-2026 00:45,69.97,70.07,69.90,70.07,206
25-06-2026 01:00,70.07,70.12,69.95,70.11,189
25-06-2026 01:15,70.11,70.11,69.99,70.02,179
25-06-2026 01:30,70.02,70.02,69.77,69.78,193
25-06-2026 01:45,69.78,69.86,69.75,69.84,133
25-06-2026 02:00,69.84,69.88,69.79,69.87,121
25-06-2026 02:15,69.87,69.88,69.78,69.83,127
25-06-2026 03:30,69.87,69.87,69.71,69.85,108
25-06-2026 03:45,69.85,69.87,69.81,69.82,57
25-06-2026 04:00,69.82,69.89,69.78,69.87,52
25-06-2026 04:15,69.87,69.89,69.83,69.86,43
25-06-2026 04:30,69.86,69.91,69.85,69.86,52
25-06-2026 04:45,69.86,69.94,69.85,69.94,32
25-06-2026 05:00,69.94,69.97,69.87,69.87,59
25-06-2026 05:15,69.91,69.99,69.91,69.99,56
25-06-2026 05:30,69.98,70.10,69.93,70.09,145
25-06-2026 05:45,70.09,70.14,70.00,70.09,130
25-06-2026 06:00,70.09,70.20,70.08,70.09,114
25-06-2026 06:15,70.09,70.09,69.93,69.97,133
25-06-2026 06:30,69.97,70.05,69.36,69.44,752
25-06-2026 06:45,69.44,69.82,69.40,69.40,504
25-06-2026 07:00,69.40,69.43,69.18,69.22,482
25-06-2026 07:15,69.22,69.35,69.10,69.33,459
25-06-2026 07:30,69.33,69.37,69.05,69.18,467
25-06-2026 07:45,69.17,69.26,69.09,69.15,158
25-06-2026 08:00,69.15,69.40,69.11,69.37,391
25-06-2026 08:15,69.37,69.47,69.32,69.36,277
25-06-2026 08:30,69.36,69.41,69.04,69.15,350
25-06-2026 08:45,69.15,69.36,69.06,69.15,311
25-06-2026 09:00,69.15,69.31,69.13,69.22,187
25-06-2026 09:15,69.22,69.31,69.22,69.30,101
25-06-2026 09:30,69.30,69.41,69.24,69.31,143
25-06-2026 09:45,69.31,69.38,69.30,69.34,89
25-06-2026 10:00,69.34,69.48,69.32,69.40,99
25-06-2026 10:15,69.40,69.54,69.40,69.47,106
25-06-2026 10:30,69.47,69.48,69.34,69.46,114
25-06-2026 10:45,69.46,69.49,69.40,69.48,98
25-06-2026 11:00,69.48,69.59,69.35,69.36,368
25-06-2026 11:15,69.36,69.44,69.19,69.34,308
25-06-2026 11:30,69.34,69.61,69.22,69.61,434
25-06-2026 11:45,69.61,69.74,69.43,69.72,446
25-06-2026 12:00,69.73,69.80,69.47,69.47,472
25-06-2026 12:15,69.47,69.64,69.39,69.56,445
25-06-2026 12:30,69.56,69.88,69.40,69.85,397
25-06-2026 12:45,69.85,69.98,69.64,69.69,428
25-06-2026 13:00,69.69,69.78,69.57,69.69,437
25-06-2026 13:15,69.69,70.04,69.68,69.93,406
25-06-2026 13:30,69.95,70.03,69.66,69.91,460
25-06-2026 13:45,69.91,69.93,69.41,69.45,989
25-06-2026 14:00,69.48,69.68,69.03,69.22,803
25-06-2026 14:15,69.22,69.43,69.14,69.20,519
25-06-2026 14:30,69.19,69.37,68.89,69.04,579
25-06-2026 14:45,69.04,69.63,68.90,69.37,693
25-06-2026 15:00,69.37,69.58,69.34,69.46,481
25-06-2026 15:15,69.46,69.58,69.39,69.56,418
25-06-2026 15:30,69.56,69.64,69.46,69.57,390
25-06-2026 15:45,69.57,69.61,69.41,69.51,299
25-06-2026 16:00,69.51,69.58,69.46,69.57,249
25-06-2026 16:15,69.57,69.63,69.36,69.40,310
25-06-2026 16:30,69.39,69.48,69.25,69.42,332
25-06-2026 16:45,69.43,69.68,69.42,69.68,324
25-06-2026 17:00,69.68,69.82,69.65,69.76,318
25-06-2026 17:15,69.76,69.93,69.69,69.78,331
25-06-2026 17:30,69.78,69.81,69.60,69.64,356
25-06-2026 17:45,69.64,69.92,69.58,69.89,421
25-06-2026 18:00,69.89,69.94,69.35,69.45,656
25-06-2026 18:15,69.45,69.68,69.31,69.53,504
25-06-2026 18:30,69.51,70.03,69.44,70.03,841
25-06-2026 18:45,70.02,70.17,69.85,69.86,696
25-06-2026 19:00,69.86,70.01,69.74,70.00,797
25-06-2026 19:15,70.00,70.45,69.93,70.43,710
25-06-2026 19:30,70.43,70.64,70.34,70.56,807
25-06-2026 19:45,70.56,70.97,70.39,70.93,657
25-06-2026 20:00,70.93,70.94,70.60,70.83,677
25-06-2026 20:15,70.85,70.85,70.53,70.80,691
25-06-2026 20:30,70.80,71.67,70.75,71.57,1073
25-06-2026 20:45,71.57,71.74,71.33,71.34,911
25-06-2026 21:00,71.34,71.42,71.20,71.36,698
25-06-2026 21:15,71.34,71.50,71.23,71.42,538
25-06-2026 21:30,71.42,71.67,71.42,71.62,504
25-06-2026 21:45,71.62,71.67,71.50,71.59,457
25-06-2026 22:00,71.59,71.66,71.42,71.45,390
25-06-2026 22:15,71.45,71.56,71.40,71.54,366
25-06-2026 22:30,71.53,71.61,71.29,71.53,453
25-06-2026 22:45,71.53,71.77,71.46,71.50,454
25-06-2026 23:00,71.50,71.62,71.42,71.54,370
25-06-2026 23:15,71.54,71.77,71.47,71.76,451
25-06-2026 23:30,71.77,72.00,71.76,71.89,714
25-06-2026 23:45,71.89,71.97,71.71,71.95,594
26-06-2026 00:00,71.95,72.21,71.94,72.01,538
26-06-2026 00:15,72.01,72.14,72.01,72.11,406
26-06-2026 00:30,72.11,72.34,72.10,72.31,263
26-06-2026 00:45,72.31,72.48,72.25,72.28,304
26-06-2026 01:00,72.28,72.29,72.05,72.09,270
26-06-2026 01:15,72.09,72.10,71.89,72.02,299
26-06-2026 01:30,72.01,72.16,71.93,72.01,151
26-06-2026 01:45,72.01,72.02,71.77,71.77,144
26-06-2026 02:00,71.77,71.80,71.58,71.60,223
26-06-2026 02:15,71.60,71.61,71.37,71.44,240
26-06-2026 03:30,71.52,71.54,71.38,71.41,107
26-06-2026 03:45,71.41,71.47,71.28,71.34,79
26-06-2026 04:00,71.35,71.46,71.35,71.46,40
26-06-2026 04:15,71.46,71.50,71.42,71.49,49
26-06-2026 04:30,71.49,71.49,71.42,71.43,86
26-06-2026 04:45,71.43,71.51,71.43,71.49,64
26-06-2026 05:00,71.49,71.49,71.44,71.49,41
26-06-2026 05:15,71.49,71.54,71.47,71.50,64
26-06-2026 05:30,71.50,71.63,71.42,71.58,214
26-06-2026 05:45,71.58,71.77,71.56,71.67,204
26-06-2026 06:00,71.67,71.72,71.54,71.57,114
26-06-2026 06:15,71.57,71.79,71.56,71.78,95
26-06-2026 06:30,71.78,71.82,71.48,71.49,726
26-06-2026 06:45,71.49,71.67,71.44,71.55,341
26-06-2026 07:00,71.54,71.56,71.40,71.41,311
26-06-2026 07:15,71.41,71.43,71.21,71.22,319
26-06-2026 07:30,71.23,71.28,71.13,71.23,266
26-06-2026 07:45,71.23,71.27,71.12,71.17,171
26-06-2026 08:00,71.17,71.17,71.02,71.11,301
26-06-2026 08:15,71.11,71.11,70.78,70.80,308
26-06-2026 08:30,70.80,70.81,70.59,70.67,347
26-06-2026 08:45,70.67,70.68,70.51,70.66,285
26-06-2026 09:00,70.66,70.72,70.54,70.54,136
26-06-2026 09:15,70.54,70.58,70.47,70.56,131
26-06-2026 09:30,70.56,70.63,70.41,70.50,149
26-06-2026 09:45,70.50,70.51,70.41,70.46,139
26-06-2026 10:00,70.46,70.52,70.39,70.43,153
26-06-2026 10:15,70.43,70.47,70.38,70.39,98
26-06-2026 10:30,70.39,70.42,70.33,70.38,163
26-06-2026 10:45,70.38,70.49,70.36,70.46,161
26-06-2026 11:00,70.46,70.76,70.37,70.70,416
26-06-2026 11:15,70.70,70.92,70.65,70.86,338
26-06-2026 11:30,70.87,70.89,70.62,70.63,316
26-06-2026 11:45,70.62,70.75,70.62,70.66,333
26-06-2026 12:00,70.66,70.66,70.47,70.55,372
26-06-2026 12:15,70.55,70.60,70.33,70.47,395
26-06-2026 12:30,70.47,70.51,70.27,70.30,433
26-06-2026 12:45,70.30,70.37,70.19,70.19,370
26-06-2026 13:00,70.19,70.39,70.08,70.12,358
26-06-2026 13:15,70.12,70.13,69.81,69.86,393
26-06-2026 13:30,69.86,70.14,69.72,70.11,619
26-06-2026 13:45,70.11,70.15,69.01,69.07,994
26-06-2026 14:00,69.11,69.47,68.97,69.41,816
26-06-2026 14:15,69.41,69.47,69.25,69.28,487
26-06-2026 14:30,69.27,69.50,69.21,69.42,443
26-06-2026 14:45,69.42,69.47,69.20,69.33,431
26-06-2026 15:00,69.32,69.45,69.25,69.30,411
26-06-2026 15:15,69.30,69.34,69.00,69.06,524
26-06-2026 15:30,69.05,69.23,68.95,69.22,549
26-06-2026 15:45,69.22,69.40,69.15,69.28,349
26-06-2026 16:00,69.28,69.46,69.08,69.39,461
26-06-2026 16:15,69.39,69.56,69.37,69.50,364
26-06-2026 16:30,69.50,69.73,69.49,69.68,498
26-06-2026 16:45,69.68,69.78,69.58,69.71,443
26-06-2026 17:00,69.71,70.08,69.68,70.08,497
26-06-2026 17:15,70.08,70.32,70.06,70.07,462
26-06-2026 17:30,70.07,70.10,69.66,69.77,538
26-06-2026 17:45,69.77,69.90,69.61,69.67,479
26-06-2026 18:00,69.67,69.71,69.44,69.50,468
26-06-2026 18:15,69.50,69.54,69.35,69.36,535
26-06-2026 18:30,69.36,69.78,69.33,69.53,900
26-06-2026 18:45,69.54,70.49,69.53,69.73,1428
26-06-2026 19:00,69.76,69.93,69.52,69.72,997
26-06-2026 19:15,69.72,69.80,69.20,69.39,809
26-06-2026 19:30,69.38,69.50,69.14,69.29,777
26-06-2026 19:45,69.29,69.31,68.92,69.16,728
26-06-2026 20:00,69.16,69.25,68.84,68.93,761
26-06-2026 20:15,68.93,69.22,68.82,69.20,899
26-06-2026 20:30,69.20,69.23,68.57,68.78,879
26-06-2026 20:45,68.78,68.87,68.54,68.74,792
26-06-2026 21:00,68.73,69.04,68.63,69.03,613
26-06-2026 21:15,69.03,69.49,68.79,69.07,1065
26-06-2026 21:30,69.07,69.17,68.92,68.98,684
26-06-2026 21:45,68.98,69.21,68.94,68.99,532
26-06-2026 22:00,68.99,69.26,68.83,69.26,528
26-06-2026 22:15,69.26,69.34,69.06,69.29,404
26-06-2026 22:30,69.29,69.30,69.03,69.08,389
26-06-2026 22:45,69.08,69.30,69.02,69.29,305
26-06-2026 23:00,69.29,69.50,69.29,69.33,465
26-06-2026 23:15,69.33,69.39,69.21,69.25,390
26-06-2026 23:30,69.26,69.36,69.20,69.32,440
26-06-2026 23:45,69.32,69.36,69.10,69.23,593
27-06-2026 00:00,69.23,69.23,69.07,69.11,280
27-06-2026 00:15,69.11,69.18,69.05,69.11,170
27-06-2026 00:30,69.11,69.11,69.01,69.08,132
27-06-2026 00:45,69.08,69.21,69.01,69.18,153
27-06-2026 01:00,69.18,69.40,69.18,69.40,169
27-06-2026 01:15,69.40,69.59,69.38,69.50,287
27-06-2026 01:30,69.49,69.51,69.35,69.39,266
27-06-2026 01:45,69.39,69.53,69.38,69.53,115
27-06-2026 02:00,69.53,70.21,69.53,69.81,874
27-06-2026 02:15,69.81,70.37,69.79,70.20,492
29-06-2026 03:30,70.48,70.72,69.77,70.10,813
29-06-2026 03:45,70.10,70.35,70.07,70.33,357
29-06-2026 04:00,70.33,70.36,70.11,70.14,145
29-06-2026 04:15,70.13,70.15,70.00,70.02,154
29-06-2026 04:30,70.02,70.07,69.87,69.96,135
29-06-2026 04:45,69.96,69.98,69.82,69.84,102
29-06-2026 05:00,69.85,69.91,69.77,69.77,100
29-06-2026 05:15,69.77,69.78,69.64,69.74,162
29-06-2026 05:30,69.75,69.75,69.31,69.43,336
29-06-2026 05:45,69.43,69.78,69.41,69.76,213
29-06-2026 06:00,69.76,69.96,69.73,69.91,217
29-06-2026 06:15,69.90,70.03,69.82,69.83,214
29-06-2026 06:30,69.83,70.21,69.73,70.17,801
29-06-2026 06:45,70.17,70.25,70.05,70.10,403
29-06-2026 07:00,70.10,70.18,70.01,70.02,360
29-06-2026 07:15,70.02,70.08,69.94,69.98,329
29-06-2026 07:30,69.97,70.09,69.93,69.96,317
29-06-2026 07:45,69.96,70.06,69.96,70.01,102
29-06-2026 08:00,70.01,70.07,69.76,69.86,342
29-06-2026 08:15,69.86,69.95,69.79,69.93,257
29-06-2026 08:30,69.93,70.07,69.88,70.05,275
29-06-2026 08:45,70.05,70.06,69.90,69.99,198
29-06-2026 09:00,69.99,70.02,69.90,69.91,116
29-06-2026 09:15,69.91,70.08,69.90,70.03,92
29-06-2026 09:30,70.03,70.10,70.01,70.04,81
29-06-2026 09:45,70.03,70.09,69.99,70.01,100
29-06-2026 10:00,70.01,70.03,69.95,69.97,86
29-06-2026 10:15,69.97,70.03,69.93,69.93,97
29-06-2026 10:30,69.93,69.95,69.65,69.68,187
29-06-2026 10:45,69.68,69.86,69.68,69.74,138
29-06-2026 11:00,69.74,69.75,69.46,69.49,521
29-06-2026 11:15,69.49,69.61,69.42,69.47,306
29-06-2026 11:30,69.47,69.81,69.45,69.71,441
29-06-2026 11:45,69.71,70.06,69.63,70.05,348
29-06-2026 12:00,70.05,70.27,70.05,70.20,398
29-06-2026 12:15,70.20,70.24,69.84,69.93,406
29-06-2026 12:30,69.93,69.97,69.81,69.86,358
29-06-2026 12:45,69.86,69.98,69.75,69.92,351
29-06-2026 13:00,69.93,69.99,69.60,69.66,301
29-06-2026 13:15,69.66,69.76,69.46,69.51,390
29-06-2026 13:30,69.51,69.90,69.47,69.83,550
29-06-2026 13:45,69.84,70.20,69.76,70.15,675
29-06-2026 14:00,70.14,70.22,69.92,70.05,483
29-06-2026 14:15,70.06,70.26,69.90,70.11,491
29-06-2026 14:30,70.11,70.19,69.95,70.00,420
29-06-2026 14:45,69.99,70.34,69.89,70.31,461
29-06-2026 15:00,70.31,70.50,70.28,70.35,400
29-06-2026 15:15,70.36,70.71,70.34,70.58,505
29-06-2026 15:30,70.57,70.59,69.97,70.05,455
29-06-2026 15:45,70.04,70.09,69.85,69.97,360
29-06-2026 16:00,69.97,70.08,69.84,69.87,390
29-06-2026 16:15,69.87,69.97,69.78,69.83,312
29-06-2026 16:30,69.84,69.84,69.67,69.77,359
29-06-2026 16:45,69.77,70.01,69.77,69.99,283
29-06-2026 17:00,69.99,70.06,69.60,69.82,512
29-06-2026 17:15,69.82,69.95,69.68,69.95,350
29-06-2026 17:30,69.95,70.06,69.69,69.85,427
29-06-2026 17:45,69.85,70.12,69.85,70.11,416
29-06-2026 18:00,70.11,70.15,69.94,69.96,404
29-06-2026 18:15,69.96,70.08,69.82,70.02,397
29-06-2026 18:30,70.02,70.15,69.87,70.05,893
29-06-2026 18:45,70.05,70.27,69.94,70.24,563
29-06-2026 19:00,70.24,70.28,69.96,70.05,691
29-06-2026 19:15,70.05,70.27,70.01,70.06,502
29-06-2026 19:30,70.06,70.24,69.94,70.19,632
29-06-2026 19:45,70.19,70.45,70.15,70.41,837
29-06-2026 20:00,70.41,70.50,70.27,70.34,547
29-06-2026 20:15,70.34,70.57,70.30,70.46,447
29-06-2026 20:30,70.46,70.51,70.25,70.48,515
29-06-2026 20:45,70.48,70.52,70.35,70.45,597
29-06-2026 21:00,70.45,70.62,70.39,70.56,520
29-06-2026 21:15,70.56,70.68,70.52,70.58,359
29-06-2026 21:30,70.58,70.80,70.54,70.67,332
29-06-2026 21:45,70.67,70.82,70.62,70.80,263
29-06-2026 22:00,70.80,70.98,70.79,70.97,292
29-06-2026 22:15,70.97,71.02,70.76,70.79,357
29-06-2026 22:30,70.79,70.93,70.66,70.91,338
29-06-2026 22:45,70.90,71.12,70.83,70.88,364
29-06-2026 23:00,70.87,70.97,70.82,70.89,376
29-06-2026 23:15,70.89,70.91,70.81,70.89,307
29-06-2026 23:30,70.89,70.98,70.79,70.81,390
29-06-2026 23:45,70.82,70.90,70.46,70.80,616
30-06-2026 00:00,70.80,70.83,70.58,70.59,300
30-06-2026 00:15,70.59,70.60,70.43,70.45,154
30-06-2026 00:30,70.45,70.53,70.44,70.49,110
30-06-2026 00:45,70.50,70.50,70.39,70.40,115
30-06-2026 01:00,70.40,70.48,70.37,70.41,128
30-06-2026 01:15,70.41,70.53,70.35,70.51,149
30-06-2026 01:30,70.51,70.56,70.49,70.49,85
30-06-2026 01:45,70.49,70.54,70.45,70.46,61
30-06-2026 02:00,70.46,70.58,70.45,70.47,83
30-06-2026 02:15,70.47,70.49,70.40,70.42,97
30-06-2026 03:30,70.40,70.45,70.29,70.30,77
30-06-2026 03:45,70.30,70.39,70.22,70.35,59
30-06-2026 04:00,70.35,70.36,70.27,70.29,42
30-06-2026 04:15,70.29,70.29,70.24,70.25,44
30-06-2026 04:30,70.25,70.27,70.17,70.18,65
30-06-2026 04:45,70.18,70.30,70.17,70.28,51
30-06-2026 05:00,70.28,70.28,70.13,70.14,64
30-06-2026 05:15,70.15,70.21,70.12,70.12,61
30-06-2026 05:30,70.12,70.33,70.12,70.28,167
30-06-2026 05:45,70.29,70.38,70.26,70.33,136
30-06-2026 06:00,70.33,70.33,70.18,70.19,99
30-06-2026 06:15,70.20,70.32,70.19,70.28,155
30-06-2026 06:30,70.28,70.40,70.10,70.21,526
30-06-2026 06:45,70.21,70.27,70.16,70.18,275
30-06-2026 07:00,70.18,70.36,70.12,70.31,311
30-06-2026 07:15,70.31,70.38,70.27,70.32,296
30-06-2026 07:30,70.32,70.46,70.26,70.41,269
30-06-2026 07:45,70.41,70.44,70.33,70.42,98
30-06-2026 08:00,70.42,70.46,70.33,70.37,294
30-06-2026 08:15,70.37,70.84,70.37,70.66,347
30-06-2026 08:30,70.66,70.71,70.55,70.66,280
30-06-2026 08:45,70.66,70.67,70.44,70.46,209
30-06-2026 09:00,70.45,70.58,70.34,70.35,147
30-06-2026 09:15,70.35,70.40,70.30,70.36,117
30-06-2026 09:30,70.36,70.44,70.35,70.42,108
30-06-2026 09:45,70.42,70.46,70.26,70.26,97
30-06-2026 10:00,70.26,70.31,70.21,70.22,88
30-06-2026 10:15,70.23,70.26,70.19,70.20,75
30-06-2026 10:30,70.20,70.21,69.91,70.20,233
30-06-2026 10:45,70.20,70.21,70.15,70.20,128
30-06-2026 11:00,70.20,70.32,70.07,70.31,316
30-06-2026 11:15,70.31,70.35,70.06,70.09,295
30-06-2026 11:30,70.09,70.12,69.95,70.02,393
30-06-2026 11:45,70.02,70.03,69.79,69.81,365
30-06-2026 12:00,69.81,69.98,69.74,69.97,381
30-06-2026 12:15,69.97,70.19,69.94,70.11,366
30-06-2026 12:30,70.12,70.39,70.08,70.33,418
30-06-2026 12:45,70.33,70.41,70.23,70.32,280
30-06-2026 13:00,70.32,70.41,70.14,70.20,346
30-06-2026 13:15,70.19,70.38,70.17,70.25,422
30-06-2026 13:30,70.25,70.61,70.13,70.56,605
30-06-2026 13:45,70.56,70.75,70.42,70.49,687
30-06-2026 14:00,70.48,70.86,70.42,70.76,650
30-06-2026 14:15,70.75,70.84,70.37,70.52,597
30-06-2026 14:30,70.51,70.63,70.51,70.57,430
30-06-2026 14:45,70.57,70.76,70.45,70.69,662
30-06-2026 15:00,70.68,70.90,70.66,70.79,499
30-06-2026 15:15,70.79,71.03,70.76,71.01,399
30-06-2026 15:30,71.00,71.15,70.92,71.01,434
30-06-2026 15:45,71.01,71.06,70.65,70.68,314
30-06-2026 16:00,70.68,70.89,70.53,70.60,391
30-06-2026 16:15,70.60,70.77,70.59,70.67,339
30-06-2026 16:30,70.68,70.79,70.63,70.67,357
30-06-2026 16:45,70.67,70.75,70.52,70.75,502
30-06-2026 17:00,70.74,70.91,70.70,70.88,403
30-06-2026 17:15,70.88,71.18,70.85,71.14,413
30-06-2026 17:30,71.15,71.22,71.02,71.16,401
30-06-2026 17:45,71.16,71.53,71.14,71.21,586
30-06-2026 18:00,71.21,71.21,70.81,70.95,472
30-06-2026 18:15,70.95,71.06,70.90,70.96,442
30-06-2026 18:30,70.94,71.49,70.85,71.48,956
30-06-2026 18:45,71.48,71.55,70.83,71.21,875
30-06-2026 19:00,71.20,71.20,70.69,70.74,704
30-06-2026 19:15,70.74,70.95,70.69,70.87,592
30-06-2026 19:30,70.88,70.95,70.80,70.82,569
30-06-2026 19:45,70.82,70.83,70.54,70.80,630
30-06-2026 20:00,70.80,70.87,70.50,70.54,698
30-06-2026 20:15,70.54,70.59,70.33,70.41,677
30-06-2026 20:30,70.41,70.42,70.13,70.22,712
30-06-2026 20:45,70.22,70.36,70.00,70.05,701
30-06-2026 21:00,70.02,70.17,69.95,70.07,559
30-06-2026 21:15,70.07,70.08,69.71,69.74,484
30-06-2026 21:30,69.76,70.09,69.74,70.09,425
30-06-2026 21:45,70.09,70.15,69.95,69.97,366
30-06-2026 22:00,69.98,69.98,69.81,69.93,310
30-06-2026 22:15,69.93,69.95,69.74,69.78,284
30-06-2026 22:30,69.78,69.85,69.72,69.83,281
30-06-2026 22:45,69.83,69.88,69.55,69.65,357
30-06-2026 23:00,69.64,69.68,69.55,69.66,289
30-06-2026 23:15,69.66,69.75,69.65,69.66,316
30-06-2026 23:30,69.66,69.72,69.44,69.48,399
30-06-2026 23:45,69.48,69.56,69.22,69.50,602
01-07-2026 00:00,69.52,69.84,69.49,69.79,351
01-07-2026 00:15,69.79,70.02,69.75,69.96,247
01-07-2026 00:30,69.97,70.01,69.89,69.93,182
01-07-2026 00:45,69.93,70.06,69.92,70.01,151
01-07-2026 01:00,70.01,70.13,70.01,70.05,151
01-07-2026 01:15,70.05,70.12,70.04,70.07,203
01-07-2026 01:30,70.07,70.15,70.01,70.06,157
01-07-2026 01:45,70.06,70.09,70.02,70.05,105
01-07-2026 02:00,70.05,70.09,70.00,70.04,118
01-07-2026 02:15,70.04,70.08,69.98,70.05,131
01-07-2026 03:30,70.06,70.08,69.91,69.95,83
01-07-2026 03:45,69.95,69.95,69.87,69.92,44
01-07-2026 04:00,69.92,69.96,69.91,69.91,29
01-07-2026 04:15,69.91,69.98,69.90,69.97,31
01-07-2026 04:30,69.97,70.02,69.89,70.00,52
01-07-2026 04:45,70.00,70.05,70.00,70.01,31
01-07-2026 05:00,70.01,70.09,69.94,69.97,78
01-07-2026 05:15,69.97,70.10,69.97,70.10,48
01-07-2026 05:30,70.09,70.17,70.03,70.11,176
01-07-2026 05:45,70.11,70.12,69.96,69.98,120
01-07-2026 06:00,69.98,70.09,69.98,70.03,109
01-07-2026 06:15,70.03,70.10,69.99,70.10,94
01-07-2026 06:30,70.10,70.12,69.84,69.91,414
01-07-2026 06:45,69.90,69.97,69.82,69.92,326
01-07-2026 07:00,69.91,69.96,69.77,69.84,241
01-07-2026 07:15,69.84,69.88,69.64,69.76,299
01-07-2026 07:30,69.76,69.78,69.66,69.73,232
01-07-2026 07:45,69.73,69.83,69.72,69.75,105
01-07-2026 08:00,69.75,69.87,69.71,69.79,240
01-07-2026 08:15,69.79,69.82,69.73,69.78,183
01-07-2026 08:30,69.78,69.85,69.75,69.78,173
01-07-2026 08:45,69.78,69.85,69.75,69.75,153
01-07-2026 09:00,69.75,69.86,69.74,69.81,81
01-07-2026 09:15,69.81,69.82,69.75,69.79,48
01-07-2026 09:30,69.79,69.83,69.75,69.75,59
01-07-2026 09:45,69.75,69.75,69.72,69.75,59
01-07-2026 10:00,69.75,69.75,69.69,69.73,82
01-07-2026 10:15,69.73,69.75,69.66,69.71,83
01-07-2026 10:30,69.71,69.75,69.69,69.75,68
01-07-2026 10:45,69.75,69.85,69.73,69.75,89
01-07-2026 11:00,69.74,69.77,69.61,69.68,253
01-07-2026 11:15,69.68,69.74,69.56,69.58,193
01-07-2026 11:30,69.58,69.67,69.54,69.59,271
01-07-2026 11:45,69.59,69.60,69.43,69.51,274
01-07-2026 12:00,69.51,69.62,69.42,69.55,329
01-07-2026 12:15,69.55,69.58,69.42,69.57,332
01-07-2026 12:30,69.57,69.70,69.40,69.68,366
01-07-2026 12:45,69.69,69.69,69.31,69.37,295
01-07-2026 13:00,69.37,69.51,69.16,69.38,310
01-07-2026 13:15,69.38,69.46,69.29,69.34,283
01-07-2026 13:30,69.34,69.42,69.17,69.29,397
01-07-2026 13:45,69.29,69.32,68.90,68.92,604
01-07-2026 14:00,68.92,68.99,68.66,68.79,677
01-07-2026 14:15,68.79,68.88,68.28,68.33,537
01-07-2026 14:30,68.33,68.54,68.23,68.31,627
01-07-2026 14:45,68.31,68.50,68.28,68.45,369
01-07-2026 15:00,68.45,68.64,68.43,68.62,400
01-07-2026 15:15,68.62,68.77,68.62,68.77,447
01-07-2026 15:30,68.78,69.00,68.77,68.95,422
01-07-2026 15:45,68.95,68.95,68.67,68.74,399
01-07-2026 16:00,68.74,68.88,68.59,68.83,382
01-07-2026 16:15,68.83,68.93,68.74,68.83,288
01-07-2026 16:30,68.84,69.01,68.70,68.95,385
01-07-2026 16:45,68.95,69.03,68.83,68.97,338
01-07-2026 17:00,68.96,69.06,68.86,68.92,355
01-07-2026 17:15,68.92,69.15,68.91,69.12,318
01-07-2026 17:30,69.12,69.17,68.77,68.83,438
01-07-2026 17:45,68.83,69.11,68.78,68.87,453
01-07-2026 18:00,68.87,68.91,68.73,68.87,433
01-07-2026 18:15,68.87,68.89,68.64,68.74,473
01-07-2026 18:30,68.75,69.23,68.75,69.12,797
01-07-2026 18:45,69.12,69.13,68.84,68.86,614
01-07-2026 19:00,68.85,68.95,68.74,68.88,761
01-07-2026 19:15,68.87,69.14,68.87,69.06,495
01-07-2026 19:30,69.06,69.10,68.77,68.87,705
01-07-2026 19:45,68.87,68.92,68.71,68.78,493
01-07-2026 20:00,68.78,68.86,68.56,68.64,732
01-07-2026 20:15,68.64,68.67,68.16,68.17,822
01-07-2026 20:30,68.17,68.54,68.09,68.41,765
01-07-2026 20:45,68.41,68.47,68.09,68.10,633
01-07-2026 21:00,68.09,68.34,68.06,68.31,700
01-07-2026 21:15,68.31,68.37,68.07,68.14,407
01-07-2026 21:30,68.14,68.15,68.02,68.12,414
01-07-2026 21:45,68.12,68.27,68.12,68.19,376
01-07-2026 22:00,68.19,68.34,68.10,68.31,357
01-07-2026 22:15,68.31,68.46,68.23,68.26,393
01-07-2026 22:30,68.26,68.32,68.13,68.30,323
01-07-2026 22:45,68.30,68.39,68.27,68.38,225
01-07-2026 23:00,68.38,68.40,68.21,68.23,252
01-07-2026 23:15,68.23,68.29,68.12,68.28,287
01-07-2026 23:30,68.28,68.37,68.25,68.31,376
01-07-2026 23:45,68.31,68.71,68.30,68.67,403
02-07-2026 00:00,68.68,68.71,68.36,68.41,282
02-07-2026 00:15,68.41,68.42,68.27,68.28,163
02-07-2026 00:30,68.28,68.28,68.18,68.27,145
02-07-2026 00:45,68.27,68.33,68.24,68.25,138
02-07-2026 01:00,68.25,68.25,68.02,68.15,196
02-07-2026 01:15,68.15,68.15,67.91,68.01,232
02-07-2026 01:30,68.01,68.05,67.95,67.98,143
02-07-2026 01:45,67.98,68.13,67.94,68.11,103
02-07-2026 02:00,68.11,68.11,68.03,68.10,88
02-07-2026 02:15,68.10,68.12,68.05,68.06,92
02-07-2026 03:30,68.09,68.14,68.02,68.05,70
02-07-2026 03:45,68.05,68.08,67.94,67.95,52
02-07-2026 04:00,67.95,68.04,67.95,68.02,59
02-07-2026 04:15,68.03,68.06,67.99,68.00,29
02-07-2026 04:30,68.00,68.00,67.98,67.98,30
02-07-2026 04:45,67.98,68.02,67.94,68.02,37
02-07-2026 05:00,68.03,68.03,67.95,68.02,36
02-07-2026 05:15,68.02,68.03,67.96,67.97,38
02-07-2026 05:30,67.97,68.11,67.77,67.93,247
02-07-2026 05:45,67.93,67.94,67.79,67.85,135
02-07-2026 06:00,67.86,67.91,67.79,67.80,143
02-07-2026 06:15,67.80,67.90,67.71,67.88,124
02-07-2026 06:30,67.87,67.90,67.67,67.78,447
02-07-2026 06:45,67.78,67.82,67.59,67.60,354
02-07-2026 07:00,67.60,67.73,67.58,67.71,209
02-07-2026 07:15,67.71,67.83,67.59,67.79,201
02-07-2026 07:30,67.79,67.96,67.62,67.81,241
02-07-2026 07:45,67.81,67.85,67.78,67.82,73
02-07-2026 08:00,67.82,67.88,67.71,67.74,194
02-07-2026 08:15,67.74,67.81,67.65,67.69,191
02-07-2026 08:30,67.69,67.75,67.58,67.60,176
02-07-2026 08:45,67.60,67.64,67.55,67.62,178
02-07-2026 09:00,67.62,67.74,67.62,67.71,193
02-07-2026 09:15,67.72,67.76,67.61,67.71,152
02-07-2026 09:30,67.70,67.78,67.70,67.77,69
02-07-2026 09:45,67.77,67.83,67.76,67.81,47
02-07-2026 10:00,67.81,67.90,67.79,67.89,69
02-07-2026 10:15,67.89,67.89,67.85,67.88,58
02-07-2026 10:30,67.88,67.90,67.84,67.84,64
02-07-2026 10:45,67.84,67.88,67.81,67.85,58
02-07-2026 11:00,67.85,67.89,67.70,67.79,287
02-07-2026 11:15,67.79,67.89,67.76,67.86,202
02-07-2026 11:30,67.86,67.92,67.66,67.68,336
02-07-2026 11:45,67.68,67.97,67.68,67.96,343
02-07-2026 12:00,67.96,67.97,67.69,67.74,313
02-07-2026 12:15,67.74,67.75,67.50,67.54,375
02-07-2026 12:30,67.53,67.58,67.44,67.51,419
02-07-2026 12:45,67.51,68.04,67.47,67.94,356
02-07-2026 13:00,67.94,68.14,67.91,68.13,427
02-07-2026 13:15,68.13,68.22,67.87,67.94,345
02-07-2026 13:30,67.92,68.18,67.86,68.10,537
02-07-2026 13:45,68.10,68.22,67.99,68.15,608
02-07-2026 14:00,68.14,68.22,67.87,67.95,522
02-07-2026 14:15,67.96,68.03,67.77,67.84,338
02-07-2026 14:30,67.86,67.87,67.56,67.64,425
02-07-2026 14:45,67.64,67.74,67.47,67.47,354
02-07-2026 15:00,67.47,67.56,67.37,67.55,318
02-07-2026 15:15,67.55,67.65,67.44,67.49,374
02-07-2026 15:30,67.49,67.61,67.44,67.56,363
02-07-2026 15:45,67.56,67.68,67.55,67.62,246
02-07-2026 16:00,67.62,67.67,67.54,67.62,252
02-07-2026 16:15,67.62,67.68,67.41,67.44,247
02-07-2026 16:30,67.44,67.60,67.41,67.47,312
02-07-2026 16:45,67.47,67.49,67.23,67.28,362
02-07-2026 17:00,67.28,67.28,67.03,67.26,375
02-07-2026 17:15,67.26,67.30,67.15,67.17,261
02-07-2026 17:30,67.17,67.31,67.12,67.19,284
02-07-2026 17:45,67.19,67.31,67.09,67.31,351
02-07-2026 18:00,67.31,67.39,67.24,67.24,528
02-07-2026 18:15,67.25,67.65,67.25,67.55,491
02-07-2026 18:30,67.55,67.72,67.45,67.49,691
02-07-2026 18:45,67.49,67.72,67.47,67.70,472
02-07-2026 19:00,67.69,67.87,67.62,67.83,643
02-07-2026 19:15,67.84,68.07,67.72,67.75,539
02-07-2026 19:30,67.75,67.82,67.61,67.63,616
02-07-2026 19:45,67.63,67.74,67.51,67.60,473
02-07-2026 20:00,67.60,67.74,67.56,67.69,526
02-07-2026 20:15,67.69,67.82,67.62,67.72,471
02-07-2026 20:30,67.72,67.81,67.45,67.58,615
02-07-2026 20:45,67.58,67.87,67.57,67.69,679
02-07-2026 21:00,67.68,67.72,67.52,67.54,424
02-07-2026 21:15,67.54,67.72,67.42,67.71,436
02-07-2026 21:30,67.72,68.10,67.66,68.09,579
02-07-2026 21:45,68.08,68.20,68.05,68.10,437
02-07-2026 22:00,68.10,68.13,67.98,68.05,279
02-07-2026 22:15,68.05,68.26,68.04,68.11,272
02-07-2026 22:30,68.11,68.29,68.08,68.28,265
02-07-2026 22:45,68.28,68.33,68.18,68.31,254
02-07-2026 23:00,68.31,68.47,68.28,68.46,299
02-07-2026 23:15,68.46,68.50,68.41,68.46,389
02-07-2026 23:30,68.46,68.52,68.33,68.49,343
02-07-2026 23:45,68.49,68.79,68.45,68.66,601
03-07-2026 00:00,68.65,68.70,68.54,68.62,266
03-07-2026 00:15,68.62,68.64,68.42,68.43,135
03-07-2026 00:30,68.43,68.50,68.41,68.47,106
03-07-2026 00:45,68.47,68.52,68.40,68.44,136
03-07-2026 01:00,68.44,68.53,68.41,68.44,90
03-07-2026 01:15,68.44,68.48,68.41,68.47,87
03-07-2026 01:30,68.46,68.48,68.42,68.45,64
03-07-2026 01:45,68.46,68.50,68.43,68.46,75
03-07-2026 02:00,68.46,68.49,68.44,68.46,47
03-07-2026 02:15,68.46,68.47,68.42,68.43,64
03-07-2026 03:30,68.41,68.51,68.40,68.49,87
03-07-2026 03:45,68.49,68.53,68.46,68.47,27
03-07-2026 04:00,68.47,68.51,68.44,68.48,28
03-07-2026 04:15,68.48,68.48,68.45,68.47,31
03-07-2026 04:30,68.47,68.47,68.38,68.46,39
03-07-2026 04:45,68.46,68.46,68.41,68.45,25
03-07-2026 05:00,68.45,68.47,68.44,68.46,21
03-07-2026 05:15,68.46,68.46,68.37,68.37,29
03-07-2026 05:30,68.37,68.41,68.32,68.39,138
03-07-2026 05:45,68.38,68.42,68.35,68.38,72
03-07-2026 06:00,68.38,68.44,68.34,68.39,79
03-07-2026 06:15,68.39,68.51,68.36,68.42,119
03-07-2026 06:30,68.41,68.58,68.35,68.36,580
03-07-2026 06:45,68.36,68.53,68.30,68.52,332
03-07-2026 07:00,68.52,68.79,68.51,68.78,382
03-07-2026 07:15,68.78,68.90,68.72,68.88,389
03-07-2026 07:30,68.88,68.99,68.86,68.92,296
03-07-2026 07:45,68.92,68.97,68.88,68.93,110
03-07-2026 08:00,68.93,69.12,68.87,69.05,371
03-07-2026 08:15,69.05,69.06,68.81,68.88,307
03-07-2026 08:30,68.88,69.10,68.87,69.04,257
03-07-2026 08:45,69.04,69.15,69.01,69.07,212
03-07-2026 09:00,69.07,69.08,68.97,68.97,138
03-07-2026 09:15,68.98,69.02,68.96,69.00,74
03-07-2026 09:30,69.01,69.03,68.99,69.02,61
03-07-2026 09:45,69.02,69.02,68.95,69.00,55
03-07-2026 10:00,69.00,69.08,68.99,69.03,91
03-07-2026 10:15,69.03,69.04,68.95,68.96,76
03-07-2026 10:30,68.96,69.05,68.96,69.03,91
03-07-2026 10:45,69.02,69.08,68.98,68.98,91
03-07-2026 11:00,68.98,69.18,68.98,69.17,268
03-07-2026 11:15,69.17,69.22,69.12,69.18,167
03-07-2026 11:30,69.18,69.24,68.96,68.97,267
03-07-2026 11:45,68.97,69.00,68.89,68.92,252
03-07-2026 12:00,68.92,69.08,68.91,68.97,241
03-07-2026 12:15,68.97,68.99,68.88,68.93,303
03-07-2026 12:30,68.92,68.98,68.66,68.68,386
03-07-2026 12:45,68.68,68.78,68.53,68.55,277
03-07-2026 13:00,68.55,68.69,68.47,68.59,273
03-07-2026 13:15,68.59,68.61,68.40,68.50,330
03-07-2026 13:30,68.50,68.72,68.50,68.68,292
03-07-2026 13:45,68.68,68.68,68.13,68.24,700
03-07-2026 14:00,68.25,68.49,68.15,68.41,562
03-07-2026 14:15,68.41,68.77,68.38,68.76,445
03-07-2026 14:30,68.76,68.83,68.47,68.67,451
03-07-2026 14:45,68.67,68.75,68.55,68.71,396
03-07-2026 15:00,68.71,68.74,68.52,68.53,327
03-07-2026 15:15,68.53,68.75,68.53,68.65,281
03-07-2026 15:30,68.65,68.72,68.54,68.58,334
03-07-2026 15:45,68.58,68.61,68.48,68.55,299
03-07-2026 16:00,68.55,68.65,68.40,68.60,301
03-07-2026 16:15,68.60,68.67,68.56,68.59,201
03-07-2026 16:30,68.59,68.70,68.51,68.53,313
03-07-2026 16:45,68.53,68.53,68.40,68.48,270
03-07-2026 17:00,68.48,68.50,68.35,68.37,257
03-07-2026 17:15,68.37,68.46,68.34,68.38,289
03-07-2026 17:30,68.38,68.39,68.15,68.25,342
03-07-2026 17:45,68.25,68.40,68.19,68.27,262
03-07-2026 18:00,68.28,68.29,68.07,68.20,266
03-07-2026 18:15,68.20,68.27,68.10,68.24,237
03-07-2026 18:30,68.24,68.62,68.21,68.59,595
03-07-2026 18:45,68.58,68.65,68.49,68.62,481
03-07-2026 19:00,68.61,68.69,68.52,68.56,398
03-07-2026 19:15,68.56,68.75,68.54,68.74,339
03-07-2026 19:30,68.74,68.92,68.72,68.76,448
03-07-2026 19:45,68.76,68.76,68.56,68.64,352
03-07-2026 20:00,68.64,68.81,68.62,68.76,317
03-07-2026 20:15,68.76,68.79,68.56,68.61,390
03-07-2026 20:30,68.61,68.65,68.49,68.50,382
03-07-2026 20:45,68.49,68.59,68.35,68.52,596
03-07-2026 21:00,68.52,68.77,68.43,68.71,415
03-07-2026 21:15,68.71,68.75,68.65,68.74,267
03-07-2026 21:30,68.74,68.79,68.61,68.65,223
03-07-2026 21:45,68.65,68.73,68.60,68.68,220
03-07-2026 22:00,68.68,68.68,68.58,68.62,191
03-07-2026 22:15,68.62,68.75,68.59,68.74,300
06-07-2026 03:30,68.62,68.63,68.31,68.31,309
06-07-2026 03:45,68.31,68.43,68.31,68.37,104
06-07-2026 04:00,68.35,68.40,68.33,68.34,60
06-07-2026 04:15,68.34,68.34,68.29,68.30,60
06-07-2026 04:30,68.30,68.42,68.28,68.32,74
06-07-2026 04:45,68.32,68.33,68.26,68.27,64
06-07-2026 05:00,68.27,68.31,68.25,68.26,80
06-07-2026 05:15,68.26,68.26,68.21,68.23,65
06-07-2026 05:30,68.23,68.60,68.20,68.50,197
06-07-2026 05:45,68.50,68.53,68.32,68.32,124
06-07-2026 06:00,68.32,68.35,68.24,68.28,125
06-07-2026 06:15,68.28,68.38,68.22,68.22,104
06-07-2026 06:30,68.22,68.65,68.15,68.64,526
06-07-2026 06:45,68.65,68.70,68.56,68.57,295
06-07-2026 07:00,68.57,68.58,68.39,68.55,255
06-07-2026 07:15,68.55,68.88,68.54,68.85,404
06-07-2026 07:30,68.85,69.14,68.82,69.04,333
06-07-2026 07:45,69.03,69.11,68.98,69.07,92
06-07-2026 08:00,69.07,69.10,68.83,68.83,303
06-07-2026 08:15,68.83,68.83,68.51,68.56,376
06-07-2026 08:30,68.57,68.57,68.36,68.37,313
06-07-2026 08:45,68.37,68.53,68.36,68.49,238
06-07-2026 09:00,68.49,68.54,68.35,68.39,119
06-07-2026 09:15,68.39,68.44,68.39,68.41,96
06-07-2026 09:30,68.41,68.59,68.39,68.55,125
06-07-2026 09:45,68.55,68.61,68.54,68.58,76
06-07-2026 10:00,68.58,68.63,68.54,68.62,92
06-07-2026 10:15,68.62,68.65,68.53,68.58,101
06-07-2026 10:30,68.58,68.72,68.57,68.71,139
06-07-2026 10:45,68.72,68.74,68.66,68.70,81
06-07-2026 11:00,68.70,68.79,68.66,68.79,242
06-07-2026 11:15,68.79,68.87,68.74,68.84,154
06-07-2026 11:30,68.84,69.16,68.82,69.06,340
06-07-2026 11:45,69.06,69.18,68.86,68.90,275
06-07-2026 12:00,68.90,68.94,68.74,68.75,224
06-07-2026 12:15,68.75,68.86,68.69,68.74,240
06-07-2026 12:30,68.74,68.74,68.40,68.48,442
06-07-2026 12:45,68.48,68.59,68.40,68.51,307
06-07-2026 13:00,68.51,68.51,68.03,68.09,414
06-07-2026 13:15,68.11,68.18,67.81,67.92,542
06-07-2026 13:30,67.91,68.27,67.88,68.12,549
06-07-2026 13:45,68.12,68.26,68.01,68.07,624
06-07-2026 14:00,68.07,68.41,68.03,68.38,532
06-07-2026 14:15,68.38,68.55,68.17,68.18,370
06-07-2026 14:30,68.18,68.43,68.18,68.41,389
06-07-2026 14:45,68.41,68.54,68.27,68.29,278
06-07-2026 15:00,68.28,68.43,68.19,68.42,331
06-07-2026 15:15,68.42,68.52,68.09,68.30,368
06-07-2026 15:30,68.30,68.42,68.15,68.16,377
06-07-2026 15:45,68.15,68.33,68.09,68.28,285
06-07-2026 16:00,68.28,68.33,68.08,68.32,300
06-07-2026 16:15,68.32,68.66,68.28,68.58,393
06-07-2026 16:30,68.58,68.73,68.55,68.63,401
06-07-2026 16:45,68.62,68.70,68.52,68.57,244
06-07-2026 17:00,68.57,68.59,68.40,68.41,208
06-07-2026 17:15,68.41,68.64,68.30,68.63,258
06-07-2026 17:30,68.63,68.73,68.54,68.54,312
06-07-2026 17:45,68.54,68.59,68.13,68.18,574
06-07-2026 18:00,68.19,68.35,68.17,68.34,354
06-07-2026 18:15,68.34,68.36,68.23,68.27,347
06-07-2026 18:30,68.27,68.50,68.06,68.48,681
06-07-2026 18:45,68.49,68.84,68.39,68.83,545
06-07-2026 19:00,68.82,68.93,68.51,68.57,610
06-07-2026 19:15,68.57,68.74,68.45,68.69,428
06-07-2026 19:30,68.69,68.81,68.60,68.61,488
06-07-2026 19:45,68.61,68.93,68.44,68.89,520
06-07-2026 20:00,68.89,69.10,68.82,69.00,600
06-07-2026 20:15,69.00,69.01,68.69,68.74,513
06-07-2026 20:30,68.74,68.86,68.56,68.68,569
06-07-2026 20:45,68.68,68.92,68.64,68.86,490
06-07-2026 21:00,68.86,69.02,68.70,68.72,493
06-07-2026 21:15,68.72,68.82,68.67,68.72,352
06-07-2026 21:30,68.72,68.79,68.63,68.70,272
06-07-2026 21:45,68.70,68.70,68.33,68.34,367
06-07-2026 22:00,68.34,68.38,68.27,68.32,306
06-07-2026 22:15,68.32,68.40,68.22,68.29,279
06-07-2026 22:30,68.29,68.35,68.20,68.27,225
06-07-2026 22:45,68.27,68.48,68.25,68.40,237
06-07-2026 23:00,68.40,68.51,68.37,68.51,274
06-07-2026 23:15,68.51,68.57,68.40,68.51,275
06-07-2026 23:30,68.52,68.56,68.47,68.54,270
06-07-2026 23:45,68.53,68.60,68.43,68.53,313
07-07-2026 00:00,68.55,68.58,68.34,68.52,233
07-07-2026 00:15,68.52,68.58,68.52,68.52,113
07-07-2026 00:30,68.52,68.61,68.52,68.60,95
07-07-2026 00:45,68.60,68.72,68.60,68.70,119
07-07-2026 01:00,68.70,68.71,68.64,68.69,105
07-07-2026 01:15,68.69,68.74,68.65,68.67,103
07-07-2026 01:30,68.67,68.69,68.60,68.66,83
07-07-2026 01:45,68.66,68.69,68.65,68.65,53
07-07-2026 02:00,68.65,68.73,68.65,68.66,52
07-07-2026 02:15,68.66,68.66,68.58,68.59,60
07-07-2026 03:30,68.63,68.68,68.62,68.62,41
07-07-2026 03:45,68.62,68.67,68.62,68.66,26
07-07-2026 04:00,68.66,68.68,68.65,68.68,20
07-07-2026 04:15,68.68,68.74,68.68,68.74,34
07-07-2026 04:30,68.74,68.74,68.64,68.69,34
07-07-2026 04:45,68.69,68.89,68.64,68.78,86
07-07-2026 05:00,68.78,68.81,68.76,68.77,37
07-07-2026 05:15,68.77,68.79,68.73,68.73,41
07-07-2026 05:30,68.73,68.87,68.69,68.87,135
07-07-2026 05:45,68.87,68.89,68.75,68.75,129
07-07-2026 06:00,68.75,68.83,68.69,68.83,107
07-07-2026 06:15,68.83,68.87,68.74,68.86,114
07-07-2026 06:30,68.85,68.93,68.69,68.70,298
07-07-2026 06:45,68.70,68.75,68.61,68.74,208
07-07-2026 07:00,68.74,68.93,68.72,68.88,173
07-07-2026 07:15,68.88,69.07,68.84,69.05,253
07-07-2026 07:30,69.04,69.22,68.98,69.16,225
07-07-2026 07:45,69.16,69.25,69.15,69.20,133
07-07-2026 08:00,69.20,69.29,69.04,69.07,242
07-07-2026 08:15,69.07,69.09,68.95,68.97,138
07-07-2026 08:30,68.97,69.20,68.97,69.18,157
07-07-2026 08:45,69.17,69.18,68.95,69.04,157
07-07-2026 09:00,69.04,69.05,68.90,68.90,182
07-07-2026 09:15,68.90,68.93,68.83,68.92,85
07-07-2026 09:30,68.92,68.97,68.90,68.96,125
07-07-2026 09:45,68.96,68.99,68.92,68.98,74
07-07-2026 10:00,68.98,69.01,68.94,68.98,60
07-07-2026 10:15,68.98,68.99,68.94,68.95,76
07-07-2026 10:30,68.95,69.07,68.94,69.06,113
07-07-2026 10:45,69.06,69.21,69.05,69.18,147
07-07-2026 11:00,69.18,69.27,69.16,69.18,224
07-07-2026 11:15,69.18,69.40,69.11,69.34,233
07-07-2026 11:30,69.34,69.42,69.20,69.26,296
07-07-2026 11:45,69.26,69.35,69.18,69.23,237
07-07-2026 12:00,69.23,69.30,69.18,69.26,213
07-07-2026 12:15,69.26,69.45,69.26,69.43,308
07-07-2026 12:30,69.43,69.52,69.29,69.36,408
07-07-2026 12:45,69.36,69.48,69.30,69.46,357
07-07-2026 13:00,69.46,69.58,69.29,69.39,402
07-07-2026 13:15,69.39,69.61,69.32,69.32,373
07-07-2026 13:30,69.33,69.42,69.24,69.39,411
07-07-2026 13:45,69.39,69.39,69.04,69.04,611
07-07-2026 14:00,69.03,69.37,68.95,69.30,597
07-07-2026 14:15,69.30,69.53,69.28,69.34,404
07-07-2026 14:30,69.34,69.72,69.34,69.51,448
07-07-2026 14:45,69.51,69.58,69.17,69.28,482
07-07-2026 15:00,69.28,69.40,69.04,69.11,458
07-07-2026 15:15,69.11,69.30,69.11,69.26,303
07-07-2026 15:30,69.26,69.26,69.07,69.18,382
07-07-2026 15:45,69.18,69.23,69.10,69.15,276
07-07-2026 16:00,69.18,69.25,69.04,69.20,357
07-07-2026 16:15,69.20,69.39,69.19,69.37,286
07-07-2026 16:30,69.37,69.45,69.21,69.25,315
07-07-2026 16:45,69.25,69.30,69.06,69.07,358
07-07-2026 17:00,69.07,69.18,68.92,69.16,351
07-07-2026 17:15,69.16,69.21,68.98,69.01,319
07-07-2026 17:30,69.01,69.09,68.87,69.00,376
07-07-2026 17:45,69.00,69.08,68.94,69.01,305
07-07-2026 18:00,69.01,69.23,68.91,69.19,384
07-07-2026 18:15,69.19,69.31,69.02,69.12,345
07-07-2026 18:30,69.12,69.39,69.10,69.36,646
07-07-2026 18:45,69.36,69.80,69.21,69.58,764
07-07-2026 19:00,69.58,69.86,69.47,69.82,801
07-07-2026 19:15,69.82,70.05,69.70,70.02,769
07-07-2026 19:30,70.02,70.50,69.95,70.17,900
07-07-2026 19:45,70.17,70.28,69.77,70.22,764
07-07-2026 20:00,70.22,70.39,70.01,70.03,592
07-07-2026 20:15,70.03,70.24,69.96,70.22,487
07-07-2026 20:30,70.22,70.34,70.14,70.29,572
07-07-2026 20:45,70.28,70.46,70.19,70.19,584
07-07-2026 21:00,70.17,70.30,70.07,70.30,502
07-07-2026 21:15,70.29,70.54,70.29,70.33,377
07-07-2026 21:30,70.32,70.54,70.29,70.40,368
07-07-2026 21:45,70.40,70.54,70.36,70.49,338
07-07-2026 22:00,70.48,70.50,70.31,70.43,245
07-07-2026 22:15,70.42,70.50,70.38,70.42,219
07-07-2026 22:30,70.42,70.58,70.33,70.39,342
07-07-2026 22:45,70.39,70.64,70.38,70.57,270
07-07-2026 23:00,70.57,70.68,70.49,70.50,227
07-07-2026 23:15,70.50,70.50,70.33,70.41,252
07-07-2026 23:30,70.41,70.51,70.38,70.44,328
07-07-2026 23:45,70.44,70.57,70.35,70.46,432
08-07-2026 00:00,70.47,70.61,70.32,70.40,316
08-07-2026 00:15,70.39,71.44,70.37,71.44,979
08-07-2026 00:30,71.43,72.12,71.41,72.06,783
08-07-2026 00:45,72.06,72.49,71.95,72.20,1216
08-07-2026 01:00,72.20,72.30,71.83,71.86,618
08-07-2026 01:15,71.86,72.09,71.74,71.87,535
08-07-2026 01:30,71.88,72.08,71.86,72.00,299
08-07-2026 01:45,72.00,72.09,71.95,72.05,184
08-07-2026 02:00,72.05,72.27,72.05,72.13,251
08-07-2026 02:15,72.13,72.29,72.13,72.17,175
08-07-2026 03:30,72.44,72.44,72.10,72.30,319
08-07-2026 03:45,72.30,72.40,72.24,72.39,138
08-07-2026 04:00,72.39,72.43,72.33,72.41,116
08-07-2026 04:15,72.41,72.47,72.37,72.44,103
08-07-2026 04:30,72.44,72.46,72.37,72.37,78
08-07-2026 04:45,72.37,72.43,72.26,72.42,126
08-07-2026 05:00,72.42,72.48,72.30,72.39,117
08-07-2026 05:15,72.40,72.42,72.24,72.40,130
08-07-2026 05:30,72.40,72.49,72.34,72.48,227
08-07-2026 05:45,72.48,72.69,72.40,72.53,307
08-07-2026 06:00,72.53,72.53,72.07,72.09,289
08-07-2026 06:15,72.09,72.18,71.95,71.97,348
08-07-2026 06:30,71.97,72.11,71.74,71.92,789
08-07-2026 06:45,71.91,71.96,71.73,71.80,530
08-07-2026 07:00,71.79,72.12,71.76,72.08,523
08-07-2026 07:15,72.08,72.15,71.98,72.12,478
08-07-2026 07:30,72.12,72.30,71.99,72.25,366
08-07-2026 07:45,72.25,72.51,72.23,72.42,292
08-07-2026 08:00,72.42,72.45,72.08,72.09,454
08-07-2026 08:15,72.10,72.29,72.09,72.23,299
08-07-2026 08:30,72.23,72.38,72.20,72.31,355
08-07-2026 08:45,72.31,72.34,72.20,72.21,237
08-07-2026 09:00,72.21,72.31,72.15,72.27,239
08-07-2026 09:15,72.27,72.29,72.19,72.25,130
08-07-2026 09:30,72.25,72.37,72.23,72.33,168
08-07-2026 09:45,72.33,72.37,72.23,72.24,123
08-07-2026 10:00,72.24,72.26,72.19,72.26,184
08-07-2026 10:15,72.26,72.35,72.24,72.34,144
08-07-2026 10:30,72.35,72.58,72.34,72.46,221
08-07-2026 10:45,72.45,72.88,72.45,72.72,320
08-07-2026 11:00,72.72,72.75,72.31,72.56,544
08-07-2026 11:15,72.56,72.80,72.52,72.75,471
08-07-2026 11:30,72.75,72.91,72.62,72.79,565
08-07-2026 11:45,72.79,72.82,72.58,72.64,641
08-07-2026 12:00,72.64,72.82,72.59,72.66,469
08-07-2026 12:15,72.66,72.72,72.53,72.55,529
08-07-2026 12:30,72.55,72.83,72.43,72.49,659
08-07-2026 12:45,72.49,72.49,71.99,72.01,695
08-07-2026 13:00,72.01,72.02,71.80,71.85,529
08-07-2026 13:15,71.86,72.08,71.82,72.07,558
08-07-2026 13:30,72.06,72.24,71.91,72.01,655
08-07-2026 13:45,72.01,74.24,71.96,74.03,2305
08-07-2026 14:00,74.04,74.90,73.94,74.67,1658
08-07-2026 14:15,74.67,74.89,74.25,74.84,1203
08-07-2026 14:30,74.84,75.10,74.78,75.10,1024
08-07-2026 14:45,75.10,75.28,74.75,74.84,1001
08-07-2026 15:00,74.84,74.87,74.43,74.56,1032
08-07-2026 15:15,74.57,75.04,74.46,74.88,769
08-07-2026 15:30,74.88,74.95,74.58,74.64,830
08-07-2026 15:45,74.63,74.68,74.18,74.19,786
08-07-2026 16:00,74.20,74.22,73.80,73.93,896
08-07-2026 16:15,73.93,74.13,73.84,74.12,783
08-07-2026 16:30,74.13,74.30,73.94,74.16,625
08-07-2026 16:45,74.16,74.41,74.16,74.28,531
08-07-2026 17:00,74.28,74.56,73.49,74.03,793
08-07-2026 17:15,74.03,74.11,73.82,74.06,1147
08-07-2026 17:30,74.06,74.32,73.86,73.98,801
08-07-2026 17:45,73.98,73.99,73.40,73.44,993
08-07-2026 18:00,73.44,73.54,73.19,73.32,894
08-07-2026 18:15,73.32,73.87,73.13,73.82,1088
08-07-2026 18:30,73.82,74.12,73.61,73.76,1369
08-07-2026 18:45,73.75,74.27,73.69,74.23,1170
08-07-2026 19:00,74.21,74.29,73.52,73.54,1216
08-07-2026 19:15,73.54,73.79,73.30,73.74,896
08-07-2026 19:30,73.74,74.37,73.73,74.31,913
08-07-2026 19:45,74.32,75.47,74.31,75.47,1324
08-07-2026 20:00,75.49,75.77,75.26,75.31,1575
08-07-2026 20:15,75.32,75.50,75.09,75.29,1163
08-07-2026 20:30,75.29,75.76,75.25,75.65,1354
08-07-2026 20:45,75.65,75.82,75.23,75.26,1168
08-07-2026 21:00,75.27,75.78,75.24,75.65,959
08-07-2026 21:15,75.65,76.06,75.63,75.83,787
08-07-2026 21:30,75.81,75.96,75.01,75.29,1118
08-07-2026 21:45,75.29,75.41,74.90,75.04,873
08-07-2026 22:00,75.05,75.26,74.57,74.62,1410
08-07-2026 22:15,74.62,74.80,74.37,74.55,1050
08-07-2026 22:30,74.58,74.61,74.16,74.28,840
08-07-2026 22:45,74.28,74.30,73.80,73.84,823
08-07-2026 23:00,73.82,73.96,73.63,73.73,844
08-07-2026 23:15,73.73,73.88,73.53,73.76,755
08-07-2026 23:30,73.75,73.78,73.50,73.59,698
08-07-2026 23:45,73.59,73.76,73.42,73.52,887
09-07-2026 00:00,73.52,73.82,73.33,73.74,637
09-07-2026 00:15,73.74,73.78,73.55,73.59,423
09-07-2026 00:30,73.59,73.71,73.57,73.58,296
09-07-2026 00:45,73.58,73.63,73.48,73.61,292
09-07-2026 01:00,73.60,74.09,73.57,74.04,362
09-07-2026 01:15,74.05,74.29,73.91,74.04,696
09-07-2026 01:30,74.05,74.55,74.04,74.35,514
09-07-2026 01:45,74.35,74.76,74.35,74.59,500
09-07-2026 02:00,74.59,75.03,74.57,74.84,534
09-07-2026 02:15,74.83,74.83,74.56,74.59,398
09-07-2026 03:30,74.66,74.74,74.50,74.64,180
09-07-2026 03:45,74.64,74.68,74.55,74.65,60
09-07-2026 04:00,74.65,74.65,74.65,74.65,1
09-07-2026 04:30,74.65,74.65,74.65,74.65,1
09-07-2026 06:00,74.13,74.36,74.12,74.21,200
09-07-2026 06:15,74.21,74.29,73.99,74.00,206
09-07-2026 06:30,73.98,74.48,73.86,74.45,743
09-07-2026 06:45,74.45,74.57,74.37,74.37,495
09-07-2026 07:00,74.37,74.38,74.09,74.17,376
09-07-2026 07:15,74.17,74.22,74.08,74.11,312
09-07-2026 07:30,74.09,74.25,73.96,74.17,425
09-07-2026 07:45,74.17,74.30,74.14,74.23,154
09-07-2026 08:00,74.23,74.47,74.23,74.41,473
09-07-2026 08:15,74.41,74.65,74.38,74.50,385
09-07-2026 08:30,74.50,74.58,74.27,74.29,379
09-07-2026 08:45,74.29,74.43,74.24,74.39,269
09-07-2026 09:00,74.39,74.40,74.15,74.33,206
09-07-2026 09:15,74.33,74.36,74.24,74.25,130
09-07-2026 09:30,74.25,74.34,74.24,74.34,96
09-07-2026 09:45,74.33,74.40,74.29,74.38,80
09-07-2026 10:00,74.37,74.38,74.23,74.26,108
09-07-2026 10:15,74.26,74.37,74.26,74.33,97
09-07-2026 10:30,74.33,74.38,74.00,74.24,270
09-07-2026 10:45,74.24,74.53,74.24,74.29,335
09-07-2026 11:00,74.29,74.29,73.59,73.67,764
09-07-2026 11:15,73.67,73.68,72.99,73.05,827
09-07-2026 11:30,73.05,73.51,73.01,73.41,679
09-07-2026 11:45,73.41,73.47,73.12,73.32,616
09-07-2026 12:00,73.33,73.36,73.17,73.17,446
09-07-2026 12:15,73.18,73.37,73.17,73.30,494
09-07-2026 12:30,73.30,73.71,73.13,73.66,582
09-07-2026 12:45,73.66,73.68,73.15,73.19,480
09-07-2026 13:00,73.19,73.23,72.72,72.74,715
09-07-2026 13:15,72.73,72.94,72.53,72.75,776
09-07-2026 13:30,72.74,72.89,72.53,72.62,697
09-07-2026 13:45,72.62,72.62,72.39,72.48,791
09-07-2026 14:00,72.48,73.00,72.36,72.85,642
09-07-2026 14:15,72.85,73.03,72.71,73.02,496
09-07-2026 14:30,73.03,73.21,72.95,72.97,551
09-07-2026 14:45,72.97,73.21,72.96,73.18,406
09-07-2026 15:00,73.18,73.54,73.08,73.51,623
09-07-2026 15:15,73.51,73.65,73.36,73.49,495
09-07-2026 15:30,73.49,73.68,73.40,73.58,487
09-07-2026 15:45,73.58,73.81,73.47,73.78,457
09-07-2026 16:00,73.79,73.88,73.59,73.72,464
09-07-2026 16:15,73.72,74.60,73.72,74.24,857
09-07-2026 16:30,74.24,74.28,73.87,73.98,772
09-07-2026 16:45,74.00,74.21,73.96,74.05,515
09-07-2026 17:00,74.05,74.21,73.84,73.98,550
09-07-2026 17:15,73.98,74.07,73.83,73.94,483
09-07-2026 17:30,73.94,74.09,73.61,73.69,586
09-07-2026 17:45,73.68,73.87,73.61,73.82,563
09-07-2026 18:00,73.82,74.10,73.65,73.97,616
09-07-2026 18:15,73.97,74.02,73.84,73.90,550
09-07-2026 18:30,73.90,73.98,73.29,73.30,1002
09-07-2026 18:45,73.30,73.30,72.92,73.16,904
09-07-2026 19:00,73.17,73.23,72.69,72.79,889
09-07-2026 19:15,72.79,72.95,72.61,72.64,868
09-07-2026 19:30,72.63,72.90,72.49,72.55,814
09-07-2026 19:45,72.55,72.70,72.45,72.68,648
09-07-2026 20:00,72.68,72.84,72.37,72.77,721
09-07-2026 20:15,72.77,73.05,72.20,72.30,929
09-07-2026 20:30,72.29,72.51,72.25,72.43,730
09-07-2026 20:45,72.43,72.43,72.06,72.16,803
09-07-2026 21:00,72.16,72.42,71.90,71.94,700
09-07-2026 21:15,71.94,72.14,71.81,72.12,687
09-07-2026 21:30,72.12,72.26,71.96,72.09,574
09-07-2026 21:45,72.09,72.11,71.89,71.97,504
09-07-2026 22:00,71.97,72.11,71.94,72.03,477
09-07-2026 22:15,72.03,72.06,71.64,71.92,596
09-07-2026 22:30,71.92,72.10,71.88,72.02,377
09-07-2026 22:45,72.02,72.06,71.77,71.79,350
09-07-2026 23:00,71.79,71.87,71.41,71.53,505
09-07-2026 23:15,71.53,71.66,71.45,71.51,401
09-07-2026 23:30,71.50,71.70,71.42,71.65,429
09-07-2026 23:45,71.65,72.17,71.65,72.08,887
10-07-2026 00:00,72.08,72.12,71.62,71.66,507
10-07-2026 00:15,71.66,71.80,71.55,71.59,369
10-07-2026 00:30,71.59,71.63,71.43,71.59,302
10-07-2026 00:45,71.59,71.67,71.56,71.67,177
10-07-2026 01:00,71.68,71.83,71.66,71.81,216
10-07-2026 01:15,71.81,71.87,71.79,71.87,164
10-07-2026 01:30,71.87,71.91,71.61,71.71,202
10-07-2026 01:45,71.71,71.83,71.71,71.80,107
10-07-2026 02:00,71.80,71.89,71.74,71.83,147
10-07-2026 02:15,71.83,71.86,71.72,71.80,148
10-07-2026 03:30,71.72,71.81,71.30,71.75,218
10-07-2026 03:45,71.75,71.82,71.69,71.73,105
10-07-2026 04:00,71.73,71.84,71.72,71.82,82
10-07-2026 04:15,71.82,71.84,71.78,71.80,40
10-07-2026 04:30,71.80,71.87,71.72,71.76,82
10-07-2026 04:45,71.76,71.86,71.75,71.84,48
10-07-2026 05:00,71.84,71.86,71.79,71.83,53
10-07-2026 05:15,71.83,71.93,71.82,71.90,49
10-07-2026 05:30,71.90,71.96,71.77,71.83,218
10-07-2026 05:45,71.83,71.89,71.75,71.82,180
10-07-2026 06:00,71.82,71.94,71.82,71.91,160
10-07-2026 06:15,71.91,72.00,71.86,71.96,134
10-07-2026 06:30,71.95,72.09,71.75,71.93,552
10-07-2026 06:45,71.93,72.16,71.93,72.08,367
10-07-2026 07:00,72.09,72.13,72.00,72.12,383
10-07-2026 07:15,72.12,72.17,72.04,72.13,279
10-07-2026 07:30,72.13,72.22,72.07,72.16,249
10-07-2026 07:45,72.16,72.27,72.10,72.27,187
10-07-2026 08:00,72.27,72.31,72.18,72.27,294
10-07-2026 08:15,72.27,72.39,72.24,72.34,201
10-07-2026 08:30,72.34,72.37,72.16,72.26,223
10-07-2026 08:45,72.26,72.33,72.23,72.27,145
10-07-2026 09:00,72.27,72.34,72.20,72.26,144
10-07-2026 09:15,72.26,72.39,72.26,72.39,82
10-07-2026 09:30,72.38,72.45,72.34,72.40,103
10-07-2026 09:45,72.40,72.54,72.40,72.44,135
10-07-2026 10:00,72.44,72.44,72.26,72.28,146
10-07-2026 10:15,72.28,72.31,72.16,72.27,149
10-07-2026 10:30,72.28,72.40,72.27,72.37,147
10-07-2026 10:45,72.37,72.38,72.26,72.28,115
10-07-2026 11:00,72.28,72.38,72.20,72.36,264
10-07-2026 11:15,72.36,72.36,71.96,72.14,330
10-07-2026 11:30,72.16,72.17,71.86,71.87,379
10-07-2026 11:45,71.87,71.96,71.73,71.86,379
10-07-2026 12:00,71.86,72.24,71.86,72.22,349
10-07-2026 12:15,72.22,72.25,71.99,72.03,375
10-07-2026 12:30,72.01,72.07,71.74,71.76,458
10-07-2026 12:45,71.76,71.82,71.45,71.57,570
10-07-2026 13:00,71.57,71.65,71.29,71.38,507
10-07-2026 13:15,71.38,71.62,71.35,71.55,502
10-07-2026 13:30,71.53,71.59,71.16,71.37,776
10-07-2026 13:45,71.37,71.64,71.33,71.63,823
10-07-2026 14:00,71.62,72.16,71.62,71.89,746
10-07-2026 14:15,71.89,72.07,71.79,71.87,520
10-07-2026 14:30,71.87,72.04,71.62,71.69,523
10-07-2026 14:45,71.69,71.77,71.50,71.62,528
10-07-2026 15:00,71.62,71.92,71.52,71.83,484
10-07-2026 15:15,71.83,71.93,71.75,71.84,407
10-07-2026 15:30,71.84,72.02,71.78,71.98,445
10-07-2026 15:45,71.98,72.04,71.88,71.96,313
10-07-2026 16:00,71.96,72.01,71.89,71.93,271
10-07-2026 16:15,71.93,72.28,71.92,72.23,420
10-07-2026 16:30,72.23,72.30,72.13,72.23,440
10-07-2026 16:45,72.23,72.50,72.21,72.47,481
10-07-2026 17:00,72.47,72.65,72.43,72.53,480
10-07-2026 17:15,72.53,72.82,72.44,72.71,406
10-07-2026 17:30,72.71,72.83,71.46,71.88,815
10-07-2026 17:45,71.88,72.21,71.80,72.03,808
10-07-2026 18:00,72.03,72.32,72.03,72.25,568
10-07-2026 18:15,72.26,72.31,71.91,71.93,577
10-07-2026 18:30,71.95,72.15,71.86,72.02,777
10-07-2026 18:45,72.02,72.36,72.02,72.09,556
10-07-2026 19:00,72.09,72.15,71.60,71.66,844
10-07-2026 19:15,71.65,71.78,71.50,71.57,698
10-07-2026 19:30,71.57,71.80,71.51,71.79,646
10-07-2026 19:45,71.79,71.84,71.66,71.71,518
10-07-2026 20:00,71.71,73.10,71.33,71.98,1831
10-07-2026 20:15,71.98,72.03,71.73,71.92,937
10-07-2026 20:30,71.92,71.92,71.25,71.35,931
10-07-2026 20:45,71.35,71.54,71.14,71.31,919
10-07-2026 21:00,71.31,71.40,71.07,71.21,807
10-07-2026 21:15,71.21,71.24,70.76,70.99,667
10-07-2026 21:30,70.98,71.46,70.98,71.24,659
10-07-2026 21:45,71.24,71.32,71.13,71.23,461
10-07-2026 22:00,71.23,71.29,71.12,71.17,418
10-07-2026 22:15,71.17,71.18,71.00,71.07,345
10-07-2026 22:30,71.07,71.32,71.03,71.30,443
10-07-2026 22:45,71.30,71.38,71.20,71.24,399
10-07-2026 23:00,71.24,71.38,71.17,71.31,419
10-07-2026 23:15,71.31,71.33,71.11,71.27,421
10-07-2026 23:30,71.27,71.30,71.07,71.24,449
10-07-2026 23:45,71.24,71.49,71.16,71.39,719
11-07-2026 00:00,71.39,71.59,71.35,71.56,357
11-07-2026 00:15,71.56,71.59,71.53,71.57,150
11-07-2026 00:30,71.58,71.59,71.55,71.56,92
11-07-2026 00:45,71.56,71.68,71.48,71.60,157
11-07-2026 01:00,71.60,71.67,71.43,71.59,208
11-07-2026 01:15,71.59,71.62,71.54,71.55,132
11-07-2026 01:30,71.55,71.55,71.48,71.54,125
11-07-2026 01:45,71.54,71.58,71.51,71.55,99
11-07-2026 02:00,71.55,71.64,71.50,71.50,113
11-07-2026 02:15,71.50,71.54,71.44,71.48,135
13-07-2026 03:30,73.59,74.17,73.17,74.03,977
13-07-2026 03:45,74.03,74.05,73.64,73.65,327
13-07-2026 04:00,73.65,73.69,73.55,73.59,208
13-07-2026 04:15,73.59,73.74,73.59,73.67,154
13-07-2026 04:30,73.67,73.70,73.60,73.65,120
13-07-2026 04:45,73.66,73.73,73.62,73.72,93
13-07-2026 05:00,73.72,73.85,73.65,73.82,164
13-07-2026 05:15,73.82,73.82,73.65,73.76,111
13-07-2026 05:30,73.76,73.91,73.70,73.91,211
13-07-2026 05:45,73.91,74.14,73.89,73.90,206
13-07-2026 06:00,73.90,74.45,73.88,74.38,324
13-07-2026 06:15,74.38,74.46,74.19,74.25,372
13-07-2026 06:30,74.24,74.47,74.19,74.35,939
13-07-2026 06:45,74.35,74.54,74.16,74.29,739
13-07-2026 07:00,74.29,74.62,74.29,74.46,619
13-07-2026 07:15,74.46,74.54,74.37,74.37,399
13-07-2026 07:30,74.37,74.48,74.28,74.39,577
13-07-2026 07:45,74.39,74.57,74.39,74.46,250
13-07-2026 08:00,74.46,74.49,74.09,74.25,621
13-07-2026 08:15,74.25,74.31,74.12,74.23,446
13-07-2026 08:30,74.23,74.42,74.21,74.39,277
13-07-2026 08:45,74.39,74.43,74.29,74.29,258
13-07-2026 09:00,74.29,74.36,74.11,74.31,306
13-07-2026 09:15,74.31,74.32,74.16,74.27,171
13-07-2026 09:30,74.27,74.35,74.26,74.29,125
13-07-2026 09:45,74.29,74.38,74.27,74.32,138
13-07-2026 10:00,74.32,74.50,74.30,74.44,132
13-07-2026 10:15,74.44,74.54,74.44,74.51,106
13-07-2026 10:30,74.51,74.64,74.46,74.49,169
13-07-2026 10:45,74.49,74.68,74.46,74.68,191
13-07-2026 11:00,74.68,74.93,74.60,74.93,497
13-07-2026 11:15,74.93,75.06,74.68,74.68,541
13-07-2026 11:30,74.68,74.70,74.47,74.49,477
13-07-2026 11:45,74.49,74.50,74.24,74.30,457
13-07-2026 12:00,74.30,74.34,74.07,74.18,491
13-07-2026 12:15,74.18,74.21,73.98,74.04,531
13-07-2026 12:30,74.04,74.20,73.91,73.95,489
13-07-2026 12:45,73.96,74.12,73.94,74.08,390
13-07-2026 13:00,74.08,74.21,73.66,73.90,571
13-07-2026 13:15,73.90,74.07,73.85,74.02,436
13-07-2026 13:30,73.98,74.03,73.39,73.42,795
13-07-2026 13:45,73.42,73.47,73.08,73.19,949
13-07-2026 14:00,73.21,73.50,73.12,73.36,614
13-07-2026 14:15,73.36,73.37,72.74,73.04,651
13-07-2026 14:30,73.06,73.14,72.75,72.96,575
13-07-2026 14:45,72.96,72.99,72.63,72.84,563
13-07-2026 15:00,72.83,72.89,72.60,72.63,589
13-07-2026 15:15,72.63,73.17,72.61,73.11,584
13-07-2026 15:30,73.10,73.53,73.10,73.50,683
13-07-2026 15:45,73.49,73.70,73.37,73.68,507
13-07-2026 16:00,73.69,73.83,73.62,73.72,513
13-07-2026 16:15,73.72,73.92,73.64,73.79,445
13-07-2026 16:30,73.79,74.00,73.57,73.84,717
13-07-2026 16:45,73.84,74.03,73.68,73.77,522
13-07-2026 17:00,73.78,73.93,73.69,73.71,463
13-07-2026 17:15,73.71,73.92,73.66,73.80,465
13-07-2026 17:30,73.79,74.08,73.62,74.05,644
13-07-2026 17:45,74.05,74.12,73.95,74.09,553
13-07-2026 18:00,74.09,74.45,74.09,74.34,635
13-07-2026 18:15,74.34,74.36,73.76,73.78,674
13-07-2026 18:30,73.76,74.01,73.59,73.85,837
13-07-2026 18:45,73.85,73.91,73.42,73.63,673
13-07-2026 19:00,73.63,74.05,73.59,73.99,801
13-07-2026 19:15,73.99,74.08,73.71,73.72,623
13-07-2026 19:30,73.72,73.99,73.50,73.86,753
13-07-2026 19:45,73.86,75.19,73.80,74.77,1877
13-07-2026 20:00,74.77,74.80,74.42,74.45,948
13-07-2026 20:15,74.44,74.63,74.14,74.48,904
13-07-2026 20:30,74.48,74.90,74.40,74.81,761
13-07-2026 20:45,74.82,74.96,74.49,74.50,834
13-07-2026 21:00,74.50,74.67,74.45,74.65,695
13-07-2026 21:15,74.65,74.85,74.50,74.83,544
13-07-2026 21:30,74.83,75.08,74.76,75.03,534
13-07-2026 21:45,75.03,75.16,74.93,75.10,492
13-07-2026 22:00,75.10,75.18,74.97,75.09,552
13-07-2026 22:15,75.09,75.94,75.06,75.72,988
13-07-2026 22:30,75.73,75.81,75.38,75.81,746
13-07-2026 22:45,75.81,76.02,75.72,75.98,604
13-07-2026 23:00,75.98,76.74,75.93,76.73,852
13-07-2026 23:15,76.73,77.62,76.59,77.59,1158
13-07-2026 23:30,77.58,77.98,77.36,77.63,1317
13-07-2026 23:45,77.64,78.43,77.60,78.13,1505
14-07-2026 00:00,78.12,78.37,77.47,77.51,1106
14-07-2026 00:15,77.50,77.78,77.49,77.62,672
14-07-2026 00:30,77.62,77.80,77.46,77.73,566
14-07-2026 00:45,77.73,77.79,77.60,77.74,412
14-07-2026 01:00,77.74,77.96,77.63,77.91,569
14-07-2026 01:15,77.91,77.93,77.60,77.64,406
14-07-2026 01:30,77.64,78.41,77.62,78.41,621
14-07-2026 01:45,78.40,78.55,78.03,78.13,567
14-07-2026 02:00,78.13,78.33,78.00,78.18,363
14-07-2026 02:15,78.18,78.19,77.91,77.91,455
14-07-2026 03:30,77.89,78.12,77.89,77.91,228
14-07-2026 03:45,77.91,78.20,77.89,78.11,137
14-07-2026 04:00,78.11,78.25,78.10,78.21,114
14-07-2026 04:15,78.21,79.07,78.20,79.03,372
14-07-2026 04:30,79.03,79.12,78.58,78.82,373
14-07-2026 04:45,78.83,78.96,78.76,78.94,220
14-07-2026 05:00,78.94,79.56,78.94,79.56,300
14-07-2026 05:15,79.56,79.56,78.94,78.95,391
14-07-2026 05:30,78.95,79.67,78.57,79.29,1243
14-07-2026 05:45,79.29,80.40,79.29,80.11,1147
14-07-2026 06:00,80.12,80.19,79.76,79.93,887
14-07-2026 06:15,79.93,79.93,79.70,79.83,676
14-07-2026 06:30,79.83,79.92,79.22,79.47,1590
14-07-2026 06:45,79.48,79.52,79.07,79.46,1147
14-07-2026 07:00,79.46,79.52,79.17,79.42,833
14-07-2026 07:15,79.41,79.58,79.23,79.52,736
14-07-2026 07:30,79.52,79.56,79.09,79.13,857
14-07-2026 07:45,79.13,79.31,79.13,79.18,419
14-07-2026 08:00,79.18,79.42,78.90,79.36,872
14-07-2026 08:15,79.36,79.59,79.27,79.50,620
14-07-2026 08:30,79.50,79.70,79.46,79.69,615
14-07-2026 08:45,79.70,80.03,79.69,79.79,577
14-07-2026 09:00,79.79,80.04,79.57,79.68,680
14-07-2026 09:15,79.68,79.68,79.41,79.60,385
14-07-2026 09:30,79.60,79.79,79.49,79.69,349
14-07-2026 09:45,79.69,79.72,79.42,79.60,346
14-07-2026 10:00,79.61,79.83,79.55,79.78,273
14-07-2026 10:15,79.78,79.89,79.71,79.76,278
14-07-2026 10:30,79.77,79.88,79.65,79.70,350
14-07-2026 10:45,79.70,79.82,79.63,79.68,248
14-07-2026 11:00,79.67,79.67,78.85,78.90,1098
14-07-2026 11:15,78.90,79.43,78.82,79.34,857
14-07-2026 11:30,79.34,79.71,79.30,79.60,729
14-07-2026 11:45,79.60,80.30,79.46,80.20,757
14-07-2026 12:00,80.19,80.29,79.96,80.28,836
14-07-2026 12:15,80.28,80.56,80.25,80.42,912
14-07-2026 12:30,80.40,80.62,79.96,80.06,1115
14-07-2026 12:45,80.05,80.47,79.95,80.41,956
14-07-2026 13:00,80.41,80.91,80.41,80.85,1033
14-07-2026 13:15,80.85,80.90,80.07,80.36,1192
14-07-2026 13:30,80.33,81.10,80.33,80.57,1368
14-07-2026 13:45,80.57,80.57,79.95,80.35,1466
14-07-2026 14:00,80.37,80.69,80.29,80.54,1215
14-07-2026 14:15,80.55,81.03,80.35,81.01,1038
14-07-2026 14:30,81.01,81.22,80.12,80.13,1297
14-07-2026 14:45,80.14,80.72,80.04,80.66,1050
14-07-2026 15:00,80.66,80.66,80.20,80.37,845
14-07-2026 15:15,80.37,80.67,80.14,80.56,896
14-07-2026 15:30,80.55,81.05,80.49,80.97,757
14-07-2026 15:45,80.97,81.02,80.66,80.86,694
14-07-2026 16:00,80.86,81.26,80.29,80.71,1081
14-07-2026 16:15,80.71,81.08,80.70,80.89,710
14-07-2026 16:30,80.90,81.03,80.36,80.45,873
14-07-2026 16:45,80.45,80.60,79.92,79.96,995
14-07-2026 17:00,79.96,79.96,79.49,79.83,1082
14-07-2026 17:15,79.83,79.89,79.46,79.51,901
14-07-2026 17:30,79.48,80.09,79.48,79.98,927
14-07-2026 17:45,79.98,80.14,79.74,80.04,816
14-07-2026 18:00,80.04,80.63,79.69,80.47,1359
14-07-2026 18:15,80.47,80.87,80.45,80.68,1056
14-07-2026 18:30,80.68,80.94,80.46,80.47,1424
14-07-2026 18:45,80.47,80.62,79.82,80.03,1271
14-07-2026 19:00,80.02,80.50,79.68,79.69,1636
14-07-2026 19:15,79.69,80.17,79.57,79.91,1305
14-07-2026 19:30,79.93,79.94,79.37,79.80,1442
14-07-2026 19:45,79.80,79.98,79.31,79.40,1234
14-07-2026 20:00,79.39,79.49,78.13,79.32,1654
14-07-2026 20:15,79.32,79.33,78.60,78.83,1320
14-07-2026 20:30,78.84,79.02,77.83,78.55,2008
14-07-2026 20:45,78.58,78.98,78.48,78.53,1463
14-07-2026 21:00,78.55,79.72,78.55,79.53,1422
14-07-2026 21:15,79.53,79.77,79.38,79.47,1064
14-07-2026 21:30,79.45,79.62,78.92,79.03,1130
14-07-2026 21:45,79.03,79.39,78.78,79.34,849
14-07-2026 22:00,79.34,79.36,78.95,79.11,674
14-07-2026 22:15,79.11,79.37,79.06,79.19,659
14-07-2026 22:30,79.19,79.30,78.79,79.08,862
14-07-2026 22:45,79.08,79.25,78.95,79.05,694
14-07-2026 23:00,79.07,79.15,78.76,78.93,750
14-07-2026 23:15,78.93,79.06,78.49,78.71,806
14-07-2026 23:30,78.72,79.15,78.71,78.87,729
14-07-2026 23:45,78.87,79.38,78.82,79.38,975
15-07-2026 00:00,79.39,79.80,79.31,79.56,721
15-07-2026 00:15,79.55,79.77,79.50,79.62,485
15-07-2026 00:30,79.63,79.79,79.55,79.66,435
15-07-2026 00:45,79.66,79.76,79.48,79.57,443
15-07-2026 01:00,79.57,79.94,79.56,79.65,508
15-07-2026 01:15,79.65,79.78,79.58,79.67,368
15-07-2026 01:30,79.66,79.90,79.66,79.84,315
15-07-2026 01:45,79.84,79.99,79.80,79.92,241
15-07-2026 02:00,79.92,80.26,79.91,79.98,393
15-07-2026 02:15,79.98,79.98,79.78,79.86,292
15-07-2026 03:30,79.77,80.22,79.77,79.98,351
15-07-2026 03:45,79.98,80.04,79.81,79.85,148
15-07-2026 04:00,79.84,79.98,79.81,79.94,133
15-07-2026 04:15,79.94,79.94,79.89,79.89,58
15-07-2026 04:30,79.89,79.92,79.86,79.91,43
15-07-2026 04:45,79.91,79.95,79.67,79.74,101
15-07-2026 05:00,79.74,79.89,79.73,79.86,80
15-07-2026 05:15,79.86,79.91,79.79,79.83,92
15-07-2026 05:30,79.83,80.19,79.60,80.18,401
15-07-2026 05:45,80.19,80.30,80.11,80.24,310
15-07-2026 06:00,80.24,80.54,80.24,80.51,295
15-07-2026 06:15,80.51,80.57,80.18,80.19,364
15-07-2026 06:30,80.19,80.19,79.84,79.95,927
15-07-2026 06:45,79.95,80.07,79.76,80.05,583
15-07-2026 07:00,80.05,80.09,79.88,79.99,494
15-07-2026 07:15,79.99,80.23,79.95,80.20,437
15-07-2026 07:30,80.20,80.36,80.02,80.09,398
15-07-2026 07:45,80.09,80.22,80.07,80.18,168
15-07-2026 08:00,80.18,80.27,80.13,80.20,304
15-07-2026 08:15,80.20,80.42,80.20,80.27,364
15-07-2026 08:30,80.27,80.29,80.10,80.19,312
15-07-2026 08:45,80.19,80.26,80.06,80.07,332
15-07-2026 09:00,80.07,80.22,79.98,80.13,261
15-07-2026 09:15,80.13,80.13,79.81,79.92,276
15-07-2026 09:30,79.92,80.06,79.92,79.96,200
15-07-2026 09:45,79.96,80.00,79.74,79.84,280
15-07-2026 10:00,79.83,79.88,79.70,79.79,199
15-07-2026 10:15,79.79,79.79,79.64,79.77,181
15-07-2026 10:30,79.77,79.97,79.74,79.76,301
15-07-2026 10:45,79.76,79.90,79.71,79.85,294
15-07-2026 11:00,79.85,79.88,79.46,79.81,814
15-07-2026 11:15,79.81,79.89,79.59,79.69,440
15-07-2026 11:30,79.69,79.85,79.62,79.67,495
15-07-2026 11:45,79.67,79.80,79.48,79.69,528
15-07-2026 12:00,79.70,79.78,79.56,79.62,456
15-07-2026 12:15,79.62,80.02,79.57,79.96,597
15-07-2026 12:30,79.99,80.39,79.99,80.16,675
15-07-2026 12:45,80.17,80.48,80.11,80.32,567
15-07-2026 13:00,80.32,80.48,80.13,80.38,614
15-07-2026 13:15,80.38,80.61,80.20,80.53,696
15-07-2026 13:30,80.51,80.92,80.50,80.79,855
15-07-2026 13:45,80.79,80.79,79.84,79.84,1213
15-07-2026 14:00,79.85,80.01,79.64,79.76,1050
15-07-2026 14:15,79.76,79.84,79.33,79.38,889
15-07-2026 14:30,79.38,79.62,79.28,79.57,832
15-07-2026 14:45,79.57,79.96,79.56,79.92,594
15-07-2026 15:00,79.92,80.00,79.70,79.78,603
15-07-2026 15:15,79.78,80.15,79.77,80.11,518
15-07-2026 15:30,80.11,80.27,79.93,80.18,526
15-07-2026 15:45,80.18,80.32,79.99,80.26,612
15-07-2026 16:00,80.26,80.29,79.91,80.01,573
15-07-2026 16:15,80.01,80.11,79.83,79.85,474
15-07-2026 16:30,79.85,80.07,79.72,80.02,558
15-07-2026 16:45,80.02,80.05,79.72,79.72,512
15-07-2026 17:00,79.72,79.89,79.70,79.78,429
15-07-2026 17:15,79.78,79.78,79.35,79.54,771
15-07-2026 17:30,79.54,79.76,79.54,79.62,565
15-07-2026 17:45,79.62,79.91,79.52,79.82,538
15-07-2026 18:00,79.82,79.88,79.64,79.69,607
15-07-2026 18:15,79.69,79.84,79.59,79.75,547
15-07-2026 18:30,79.75,80.26,79.58,80.22,1036
15-07-2026 18:45,80.22,80.43,80.05,80.36,693
15-07-2026 19:00,80.37,80.37,79.79,79.95,856
15-07-2026 19:15,79.95,80.16,79.38,79.77,1193
15-07-2026 19:30,79.77,79.84,79.52,79.79,1097
15-07-2026 19:45,79.79,79.84,79.22,79.43,865
15-07-2026 20:00,79.43,79.43,79.03,79.28,1223
15-07-2026 20:15,79.28,79.28,78.54,78.62,1265
15-07-2026 20:30,78.61,78.89,78.57,78.88,1010
15-07-2026 20:45,78.87,78.95,78.32,78.38,1184
15-07-2026 21:00,78.38,78.80,78.19,78.56,1141
15-07-2026 21:15,78.56,78.87,78.49,78.86,883
15-07-2026 21:30,78.86,79.19,78.84,79.00,838
15-07-2026 21:45,79.00,79.37,78.94,79.19,632
15-07-2026 22:00,79.20,79.48,79.14,79.47,521
15-07-2026 22:15,79.48,79.71,78.83,79.47,777
15-07-2026 22:30,79.47,79.47,79.09,79.34,694
15-07-2026 22:45,79.34,79.41,78.96,78.97,513
15-07-2026 23:00,78.97,79.15,78.78,78.94,803
15-07-2026 23:15,78.94,79.02,78.84,78.96,634
15-07-2026 23:30,78.95,79.20,78.81,79.10,587
15-07-2026 23:45,79.10,79.66,79.09,79.65,669
16-07-2026 00:00,79.63,79.88,79.60,79.76,500
16-07-2026 00:15,79.76,79.81,79.63,79.73,431
16-07-2026 00:30,79.73,79.75,79.57,79.65,311
16-07-2026 00:45,79.64,79.90,79.55,79.87,361
16-07-2026 01:00,79.87,80.66,79.82,80.24,827
16-07-2026 01:15,80.24,80.35,80.22,80.29,408
16-07-2026 01:30,80.30,80.46,80.28,80.38,282
16-07-2026 01:45,80.38,80.39,80.16,80.29,227
16-07-2026 02:00,80.29,80.44,80.28,80.40,176
16-07-2026 02:15,80.40,80.42,80.17,80.22,197
16-07-2026 03:30,79.97,80.25,79.96,80.19,160
16-07-2026 03:45,80.19,80.36,80.18,80.34,108
16-07-2026 04:00,80.34,80.45,80.26,80.29,121
16-07-2026 04:15,80.30,80.55,80.22,80.28,171
16-07-2026 04:30,80.28,80.34,80.22,80.25,96
16-07-2026 04:45,80.26,80.27,80.15,80.17,74
16-07-2026 05:00,80.17,80.25,80.05,80.16,89
16-07-2026 05:15,80.16,80.20,80.11,80.15,71
16-07-2026 05:30,80.14,80.15,79.95,79.95,300
16-07-2026 05:45,79.95,80.04,79.86,79.97,169
16-07-2026 06:00,79.96,80.20,79.94,80.13,203
16-07-2026 06:15,80.13,80.15,80.01,80.11,117
16-07-2026 06:30,80.11,80.35,80.00,80.26,599
16-07-2026 06:45,80.26,80.26,80.00,80.12,393
16-07-2026 07:00,80.12,80.12,79.94,80.11,332
16-07-2026 07:15,80.11,80.28,79.93,80.04,362
16-07-2026 07:30,80.04,80.15,80.03,80.10,312
16-07-2026 07:45,80.10,80.26,80.04,80.21,119
16-07-2026 08:00,80.21,80.24,80.00,80.15,360
16-07-2026 08:15,80.15,80.17,79.98,80.01,317
16-07-2026 08:30,80.01,80.07,79.88,79.90,300
16-07-2026 08:45,79.90,79.90,79.64,79.69,417
16-07-2026 09:00,79.69,79.73,79.26,79.37,371
16-07-2026 09:15,79.37,79.54,79.35,79.53,199
16-07-2026 09:30,79.53,79.60,79.45,79.49,231
16-07-2026 09:45,79.49,79.57,79.44,79.49,143
16-07-2026 10:00,79.49,79.50,79.31,79.31,143
16-07-2026 10:15,79.31,79.38,79.24,79.36,193
16-07-2026 10:30,79.36,79.37,79.22,79.33,161
16-07-2026 10:45,79.33,79.39,79.24,79.28,217
16-07-2026 11:00,79.27,79.41,79.13,79.34,571
16-07-2026 11:15,79.34,79.48,79.25,79.39,381
16-07-2026 11:30,79.39,79.67,79.28,79.41,570
16-07-2026 11:45,79.40,79.65,79.29,79.56,443
16-07-2026 12:00,79.56,79.67,79.28,79.52,481
16-07-2026 12:15,79.52,79.60,79.24,79.40,541
16-07-2026 12:30,79.40,79.60,79.20,79.26,630
16-07-2026 12:45,79.25,79.73,79.23,79.67,509
16-07-2026 13:00,79.67,79.76,79.50,79.55,514
16-07-2026 13:15,79.55,79.60,79.45,79.53,527
16-07-2026 13:30,79.53,79.62,79.25,79.52,771
16-07-2026 13:45,79.52,79.54,79.38,79.40,749
16-07-2026 14:00,79.40,79.66,79.32,79.56,562
16-07-2026 14:15,79.56,79.59,79.26,79.30,511
16-07-2026 14:30,79.30,79.32,78.89,78.94,780
16-07-2026 14:45,78.94,79.38,78.91,79.07,523
16-07-2026 15:00,79.07,79.57,79.02,79.51,573
16-07-2026 15:15,79.51,79.63,79.40,79.53,464
16-07-2026 15:30,79.54,79.58,79.38,79.54,452
16-07-2026 15:45,79.54,79.59,79.43,79.56,333
16-07-2026 16:00,79.56,79.67,79.53,79.58,276
16-07-2026 16:15,79.57,79.65,79.43,79.61,337
16-07-2026 16:30,79.61,79.61,79.33,79.47,425
16-07-2026 16:45,79.47,79.55,79.31,79.36,453
16-07-2026 17:00,79.36,79.53,79.35,79.43,470
16-07-2026 17:15,79.43,80.30,79.33,79.66,1078
16-07-2026 17:30,79.66,80.17,79.60,80.08,659
16-07-2026 17:45,80.08,80.71,80.08,80.43,816
16-07-2026 18:00,80.43,80.68,80.29,80.65,920
16-07-2026 18:15,80.65,80.66,80.27,80.47,736
16-07-2026 18:30,80.48,80.85,80.31,80.32,1077
16-07-2026 18:45,80.32,80.53,80.11,80.14,746
16-07-2026 19:00,80.14,80.34,79.86,79.98,1099
16-07-2026 19:15,79.97,80.09,79.86,80.06,705
16-07-2026 19:30,80.06,80.08,79.68,79.95,816
16-07-2026 19:45,79.95,80.29,79.87,80.02,717
16-07-2026 20:00,80.02,80.05,79.76,79.77,847
16-07-2026 20:15,79.78,79.86,79.44,79.57,797
16-07-2026 20:30,79.56,79.75,79.45,79.67,822
16-07-2026 20:45,79.67,79.70,79.29,79.51,881
16-07-2026 21:00,79.50,79.65,79.16,79.32,793
16-07-2026 21:15,79.32,79.43,79.30,79.33,592
16-07-2026 21:30,79.33,79.69,79.29,79.41,725
16-07-2026 21:45,79.42,80.05,79.31,79.42,1134
16-07-2026 22:00,79.43,79.43,79.22,79.35,791
16-07-2026 22:15,79.35,79.41,78.82,78.96,706
16-07-2026 22:30,78.96,79.23,78.78,79.22,634
16-07-2026 22:45,79.22,79.23,78.92,78.93,452
16-07-2026 23:00,78.93,79.10,78.70,79.03,677
16-07-2026 23:15,79.03,79.08,78.69,78.76,602
16-07-2026 23:30,78.75,78.85,78.59,78.67,512
16-07-2026 23:45,78.67,79.06,78.57,78.95,765
17-07-2026 00:00,78.95,78.97,78.74,78.94,323
17-07-2026 00:15,78.94,79.06,78.87,78.99,257
17-07-2026 00:30,79.00,79.08,78.93,78.97,221
17-07-2026 00:45,78.97,79.01,78.94,78.97,116
17-07-2026 01:00,78.97,79.16,78.97,79.05,182
17-07-2026 01:15,79.05,79.13,79.01,79.04,189
17-07-2026 01:30,79.05,79.09,78.85,79.07,198
17-07-2026 01:45,79.07,79.14,79.05,79.09,160
17-07-2026 02:00,79.09,79.56,79.09,79.43,270
17-07-2026 02:15,79.43,79.66,79.39,79.55,200
17-07-2026 03:30,79.52,79.65,79.46,79.64,140
17-07-2026 03:45,79.64,79.68,79.50,79.57,83
17-07-2026 04:00,79.57,79.65,79.53,79.59,65
17-07-2026 04:15,79.59,79.66,79.55,79.57,72
17-07-2026 04:30,79.57,79.64,79.54,79.64,61
17-07-2026 04:45,79.64,79.66,79.59,79.64,37
17-07-2026 05:00,79.65,79.68,79.58,79.60,72
17-07-2026 05:15,79.60,79.65,79.59,79.65,36
17-07-2026 05:30,79.65,79.65,79.41,79.44,208
17-07-2026 05:45,79.44,79.65,79.40,79.61,177
17-07-2026 06:00,79.61,79.73,79.44,79.73,148
17-07-2026 06:15,79.73,79.77,79.60,79.74,156
17-07-2026 06:30,79.74,80.02,79.62,79.96,440
17-07-2026 06:45,79.96,80.16,79.92,80.15,262
17-07-2026 07:00,80.15,80.20,79.79,79.88,323
17-07-2026 07:15,79.88,79.96,79.74,79.86,245
17-07-2026 07:30,79.86,79.93,79.78,79.84,265
17-07-2026 07:45,79.84,79.86,79.73,79.74,122
17-07-2026 08:00,79.74,79.74,79.48,79.62,314
17-07-2026 08:15,79.62,79.72,79.41,79.68,424
17-07-2026 08:30,79.67,79.78,79.63,79.69,201
17-07-2026 08:45,79.69,79.74,79.54,79.73,245
17-07-2026 09:00,79.73,79.81,79.60,79.77,118
17-07-2026 09:15,79.77,79.85,79.72,79.83,107
17-07-2026 09:30,79.83,79.86,79.74,79.85,132
17-07-2026 09:45,79.85,79.94,79.81,79.92,127
17-07-2026 10:00,79.92,79.94,79.82,79.83,77
17-07-2026 10:15,79.83,79.85,79.76,79.85,85
17-07-2026 10:30,79.85,79.86,79.69,79.70,105
17-07-2026 10:45,79.70,79.74,79.59,79.64,124
17-07-2026 11:00,79.64,79.77,78.82,79.02,790
17-07-2026 11:15,79.02,79.18,78.83,79.08,843
17-07-2026 11:30,79.08,79.12,78.59,78.79,869
17-07-2026 11:45,78.80,79.17,78.73,79.14,481
17-07-2026 12:00,79.14,79.59,79.06,79.42,498
17-07-2026 12:15,79.42,79.55,79.18,79.33,530
17-07-2026 12:30,79.33,79.63,79.33,79.56,479
17-07-2026 12:45,79.56,79.82,79.45,79.70,509
17-07-2026 13:00,79.70,79.76,79.59,79.61,462
17-07-2026 13:15,79.61,79.66,79.44,79.47,453
17-07-2026 13:30,79.47,79.60,79.22,79.53,598
17-07-2026 13:45,79.53,79.82,79.26,79.81,837
17-07-2026 14:00,79.77,79.81,79.50,79.67,567
17-07-2026 14:15,79.67,80.04,79.65,80.02,472
17-07-2026 14:30,80.03,80.33,79.99,80.16,696
17-07-2026 14:45,80.16,80.54,80.12,80.48,531
17-07-2026 15:00,80.49,80.64,80.37,80.45,537
17-07-2026 15:15,80.45,80.64,80.38,80.49,470
17-07-2026 15:30,80.48,80.76,80.28,80.71,483
17-07-2026 15:45,80.71,80.82,80.59,80.59,406
17-07-2026 16:00,80.59,80.64,80.49,80.52,369
17-07-2026 16:15,80.52,80.79,80.52,80.73,328
17-07-2026 16:30,80.73,80.95,80.67,80.88,341
17-07-2026 16:45,80.89,81.05,80.78,80.79,404
17-07-2026 17:00,80.79,80.91,80.60,80.65,444
17-07-2026 17:15,80.65,80.88,80.59,80.86,321
17-07-2026 17:30,80.86,80.89,80.71,80.77,324
17-07-2026 17:45,80.77,80.97,80.74,80.89,418
17-07-2026 18:00,80.90,81.08,80.86,80.90,428
17-07-2026 18:15,80.90,81.01,80.67,80.89,478
17-07-2026 18:30,80.88,81.62,80.85,81.47,943
17-07-2026 18:45,81.47,81.65,81.30,81.61,664
17-07-2026 19:00,81.62,81.73,81.26,81.59,847
17-07-2026 19:15,81.59,81.91,81.54,81.85,574
17-07-2026 19:30,81.85,81.96,81.61,81.82,662
17-07-2026 19:45,81.82,81.82,81.51,81.58,547
17-07-2026 20:00,81.58,81.58,81.21,81.49,561
17-07-2026 20:15,81.49,81.49,80.87,80.89,606
17-07-2026 20:30,80.89,81.02,80.48,80.68,887
17-07-2026 20:45,80.68,81.26,80.68,81.11,895
17-07-2026 21:00,81.13,81.57,81.02,81.42,805
17-07-2026 21:15,81.42,81.53,81.29,81.39,505
17-07-2026 21:30,81.39,82.17,81.34,82.05,970
17-07-2026 21:45,82.05,82.24,81.90,82.12,616
17-07-2026 22:00,82.11,82.20,81.95,82.07,414
17-07-2026 22:15,82.07,82.27,81.92,82.18,438
17-07-2026 22:30,82.19,82.26,81.99,82.21,442
17-07-2026 22:45,82.21,82.43,82.15,82.35,360
17-07-2026 23:00,82.35,82.56,82.21,82.49,492
17-07-2026 23:15,82.49,82.57,82.35,82.45,516
17-07-2026 23:30,82.44,82.73,82.29,82.71,646
17-07-2026 23:45,82.71,82.75,82.35,82.37,736
18-07-2026 00:00,82.35,82.39,82.06,82.12,487
18-07-2026 00:15,82.12,82.21,82.08,82.10,290
18-07-2026 00:30,82.10,82.14,82.01,82.08,284
18-07-2026 00:45,82.10,82.17,82.04,82.07,301
18-07-2026 01:00,82.07,82.07,81.79,81.84,353
18-07-2026 01:15,81.84,82.16,81.81,82.12,442
18-07-2026 01:30,82.12,82.34,82.03,82.22,236
18-07-2026 01:45,82.22,82.47,82.22,82.45,165
18-07-2026 02:00,82.45,82.56,82.32,82.54,274
18-07-2026 02:15,82.54,82.56,82.40,82.51,274
20-07-2026 03:30,82.89,84.37,82.87,83.85,1061
20-07-2026 03:45,83.85,84.56,83.78,84.56,550
20-07-2026 04:00,84.57,84.58,84.00,84.10,382
20-07-2026 04:15,84.10,84.16,84.00,84.02,311
20-07-2026 04:30,84.03,84.15,83.95,84.07,284
20-07-2026 04:45,84.07,84.08,83.77,83.93,252
20-07-2026 05:00,83.94,83.95,83.70,83.93,203
20-07-2026 05:15,83.93,83.99,83.79,83.83,204
20-07-2026 05:30,83.83,83.87,83.51,83.62,415
20-07-2026 05:45,83.62,83.72,83.54,83.69,406
20-07-2026 06:00,83.70,83.76,83.52,83.67,288
20-07-2026 06:15,83.67,83.72,83.53,83.55,274
20-07-2026 06:30,83.54,83.65,83.35,83.62,1082
20-07-2026 06:45,83.61,83.67,83.37,83.57,765
20-07-2026 07:00,83.57,83.78,83.49,83.77,520
20-07-2026 07:15,83.77,83.84,83.58,83.67,575
20-07-2026 07:30,83.67,83.83,83.41,83.77,536
20-07-2026 07:45,83.77,83.79,83.57,83.59,215
20-07-2026 08:00,83.58,83.67,83.32,83.50,666
20-07-2026 08:15,83.50,83.54,83.30,83.33,546
20-07-2026 08:30,83.34,83.49,83.31,83.48,354
20-07-2026 08:45,83.48,83.61,83.41,83.51,336
20-07-2026 09:00,83.51,83.63,83.49,83.57,170
20-07-2026 09:15,83.57,83.63,83.53,83.62,107
20-07-2026 09:30,83.62,83.76,83.58,83.73,122
20-07-2026 09:45,83.73,83.74,83.66,83.67,91
20-07-2026 10:00,83.67,83.68,83.45,83.48,197
20-07-2026 10:15,83.48,83.64,83.46,83.53,166
20-07-2026 10:30,83.53,83.54,83.42,83.46,145
20-07-2026 10:45,83.46,83.69,83.45,83.67,237
20-07-2026 11:00,83.67,83.75,83.46,83.71,477
20-07-2026 11:15,83.71,83.84,83.64,83.79,428
20-07-2026 11:30,83.79,84.07,83.78,83.96,584
20-07-2026 11:45,83.96,84.17,83.71,83.78,590
20-07-2026 12:00,83.78,84.08,83.74,83.85,593
20-07-2026 12:15,83.85,83.92,83.65,83.87,607
20-07-2026 12:30,83.87,84.14,83.63,83.96,659
20-07-2026 12:45,83.96,84.00,83.11,83.18,896
20-07-2026 13:00,83.17,83.22,82.21,82.22,1276
20-07-2026 13:15,82.22,82.61,82.10,82.20,1046
20-07-2026 13:30,82.21,82.21,81.64,81.73,1001
20-07-2026 13:45,81.73,81.78,81.38,81.61,1135
20-07-2026 14:00,81.59,81.67,81.31,81.65,924
20-07-2026 14:15,81.64,81.67,81.24,81.55,855
20-07-2026 14:30,81.55,81.69,81.43,81.47,723
20-07-2026 14:45,81.47,81.47,81.10,81.32,634
20-07-2026 15:00,81.32,81.32,80.96,81.16,659
20-07-2026 15:15,81.16,81.32,81.11,81.16,635
20-07-2026 15:30,81.18,81.48,81.13,81.40,595
20-07-2026 15:45,81.40,81.44,81.21,81.44,405
20-07-2026 16:00,81.44,81.73,81.42,81.65,483
20-07-2026 16:15,81.65,81.81,81.62,81.63,409
20-07-2026 16:30,81.60,81.69,81.40,81.68,581
20-07-2026 16:45,81.68,81.71,81.51,81.58,341
20-07-2026 17:00,81.58,81.59,79.58,79.76,2091
20-07-2026 17:15,79.76,80.47,79.76,80.25,962
20-07-2026 17:30,80.24,81.68,80.23,81.41,1643
20-07-2026 17:45,81.43,81.95,81.37,81.81,779
20-07-2026 18:00,81.81,82.11,81.67,82.01,808
20-07-2026 18:15,82.01,82.11,81.57,81.85,1006
20-07-2026 18:30,81.86,81.96,81.42,81.74,1248
20-07-2026 18:45,81.74,81.75,81.14,81.32,970
20-07-2026 19:00,81.30,81.48,81.08,81.42,1036
20-07-2026 19:15,81.42,81.75,81.33,81.69,941
20-07-2026 19:30,81.69,81.97,81.50,81.95,828
20-07-2026 19:45,81.95,82.00,81.46,81.50,894
20-07-2026 20:00,81.50,81.69,81.27,81.45,849
20-07-2026 20:15,81.45,82.05,81.42,81.96,893
20-07-2026 20:30,81.96,82.07,81.10,81.44,1296
20-07-2026 20:45,81.44,81.75,81.34,81.38,1039
20-07-2026 21:00,81.39,81.62,81.25,81.47,833
20-07-2026 21:15,81.47,81.62,81.40,81.55,585
20-07-2026 21:30,81.55,81.56,81.17,81.38,541
20-07-2026 21:45,81.38,81.60,81.23,81.59,499
20-07-2026 22:00,81.59,82.39,81.59,81.85,1000
20-07-2026 22:15,81.84,81.96,81.55,81.88,757
20-07-2026 22:30,81.88,81.93,81.65,81.76,630
20-07-2026 22:45,81.76,81.96,81.71,81.74,494
20-07-2026 23:00,81.75,82.21,81.74,82.03,650
20-07-2026 23:15,82.03,82.27,81.94,82.15,680
20-07-2026 23:30,82.15,82.16,81.82,81.91,751
20-07-2026 23:45,81.91,82.59,81.91,82.56,958
21-07-2026 00:00,82.56,82.91,82.54,82.90,546
21-07-2026 00:15,82.90,83.13,82.75,82.84,502
21-07-2026 00:30,82.84,82.97,82.73,82.77,364
21-07-2026 00:45,82.77,82.81,82.37,82.50,351
21-07-2026 01:00,82.51,82.57,82.16,82.42,741
21-07-2026 01:15,82.41,82.50,82.34,82.41,456
21-07-2026 01:30,82.41,82.46,82.35,82.38,287
21-07-2026 01:45,82.38,82.51,82.38,82.46,297
21-07-2026 02:00,82.46,82.53,82.45,82.47,228
21-07-2026 02:15,82.47,82.49,82.39,82.40,195
21-07-2026 03:30,82.52,82.68,82.44,82.51,184
21-07-2026 03:45,82.51,82.62,82.51,82.56,77
21-07-2026 04:00,82.56,82.64,82.49,82.56,125
21-07-2026 04:15,82.56,82.66,82.56,82.62,70
21-07-2026 04:30,82.62,82.71,82.54,82.58,133
21-07-2026 04:45,82.58,82.61,82.50,82.50,76
21-07-2026 05:00,82.50,82.59,82.49,82.57,60
21-07-2026 05:15,82.57,82.59,82.42,82.46,77
21-07-2026 05:30,82.44,82.50,82.30,82.42,208
21-07-2026 05:45,82.42,82.53,82.37,82.52,205
21-07-2026 06:00,82.51,82.53,82.37,82.44,132
21-07-2026 06:15,82.44,82.50,82.39,82.48,120
21-07-2026 06:30,82.48,82.52,81.99,82.11,731
21-07-2026 06:45,82.11,82.18,81.93,82.14,445
21-07-2026 07:00,82.14,82.31,82.09,82.20,397
21-07-2026 07:15,82.20,82.45,82.19,82.40,325
21-07-2026 07:30,82.40,82.41,82.20,82.30,279
21-07-2026 07:45,82.30,82.38,82.21,82.34,111
21-07-2026 08:00,82.34,82.49,82.29,82.44,282
21-07-2026 08:15,82.44,82.52,82.11,82.13,345
21-07-2026 08:30,82.13,82.38,82.09,82.36,314
21-07-2026 08:45,82.36,82.36,82.21,82.27,213
21-07-2026 09:00,82.26,82.26,82.12,82.21,188
21-07-2026 09:15,82.21,82.30,82.14,82.16,165
21-07-2026 09:30,82.16,82.16,81.90,82.03,184
21-07-2026 09:45,82.03,82.17,82.02,82.13,130
21-07-2026 10:00,82.13,82.23,82.09,82.13,96
21-07-2026 10:15,82.13,82.14,82.06,82.11,100
21-07-2026 10:30,82.11,82.39,82.08,82.28,205
21-07-2026 10:45,82.28,82.33,82.23,82.30,121
21-07-2026 11:00,82.30,82.32,81.97,82.05,378
21-07-2026 11:15,82.05,82.15,81.80,82.03,510
21-07-2026 11:30,82.06,82.23,82.01,82.13,491
21-07-2026 11:45,82.13,82.14,81.92,81.92,515
21-07-2026 12:00,81.91,82.09,81.89,82.02,503
21-07-2026 12:15,82.03,82.30,82.02,82.30,476
21-07-2026 12:30,82.29,82.65,82.23,82.59,507
21-07-2026 12:45,82.59,82.87,82.59,82.87,523
21-07-2026 13:00,82.87,83.02,82.10,82.22,771
21-07-2026 13:15,82.22,82.26,81.88,81.89,738
21-07-2026 13:30,81.90,81.98,81.42,81.51,881
21-07-2026 13:45,81.51,82.04,81.38,81.93,875
21-07-2026 14:00,81.95,82.16,81.87,81.94,707
21-07-2026 14:15,81.94,82.43,81.94,82.22,598
21-07-2026 14:30,82.22,82.29,81.93,82.10,515
21-07-2026 14:45,82.10,82.92,82.05,82.90,643
21-07-2026 15:00,82.92,83.03,82.61,82.97,750
21-07-2026 15:15,82.97,83.35,82.80,83.24,645
21-07-2026 15:30,83.25,83.25,82.27,82.67,1070
21-07-2026 15:45,82.67,83.03,82.67,82.85,775
21-07-2026 16:00,82.85,82.95,82.66,82.86,664
21-07-2026 16:15,82.86,83.35,82.86,83.24,850
21-07-2026 16:30,83.24,83.56,83.19,83.47,646
21-07-2026 16:45,83.47,83.70,83.42,83.62,535
21-07-2026 17:00,83.62,83.91,83.46,83.71,602
21-07-2026 17:15,83.71,83.98,83.68,83.83,523
21-07-2026 17:30,83.83,83.85,83.32,83.54,726
21-07-2026 17:45,83.54,84.13,83.53,84.09,799
21-07-2026 18:00,84.10,84.40,83.93,84.09,834
21-07-2026 18:15,84.09,84.19,83.92,84.11,825
21-07-2026 18:30,84.12,84.53,84.06,84.36,1007
21-07-2026 18:45,84.36,84.64,84.18,84.59,839
21-07-2026 19:00,84.59,84.92,84.27,84.81,1047
21-07-2026 19:15,84.81,84.88,84.31,84.37,801
21-07-2026 19:30,84.36,84.56,84.18,84.46,803
21-07-2026 19:45,84.45,84.66,84.18,84.60,861
21-07-2026 20:00,84.61,85.00,84.52,84.55,718
21-07-2026 20:15,84.54,84.71,84.06,84.69,1023
21-07-2026 20:30,84.72,84.83,84.17,84.19,806
21-07-2026 20:45,84.19,84.57,83.74,84.54,1312
21-07-2026 21:00,84.58,84.75,84.33,84.71,949
21-07-2026 21:15,84.70,84.77,84.47,84.49,654
21-07-2026 21:30,84.49,84.53,84.08,84.25,729
21-07-2026 21:45,84.25,84.43,84.14,84.31,531
21-07-2026 22:00,84.32,84.47,84.17,84.45,489
21-07-2026 22:15,84.45,84.54,84.32,84.37,404
21-07-2026 22:30,84.37,84.48,84.02,84.08,464
21-07-2026 22:45,84.08,84.27,84.08,84.18,378
21-07-2026 23:00,84.18,84.48,84.17,84.40,353
21-07-2026 23:15,84.40,84.48,84.25,84.34,406
21-07-2026 23:30,84.34,84.34,83.95,84.18,707
21-07-2026 23:45,84.18,84.38,84.09,84.36,782
22-07-2026 00:00,84.36,84.55,84.10,84.12,470
22-07-2026 00:15,84.14,84.51,84.12,84.50,333
22-07-2026 00:30,84.50,84.67,84.43,84.64,300
22-07-2026 00:45,84.64,84.66,84.50,84.62,262
22-07-2026 01:00,84.62,84.70,84.51,84.64,257
22-07-2026 01:15,84.64,84.74,84.61,84.64,252
22-07-2026 01:30,84.63,84.72,84.48,84.50,212
22-07-2026 01:45,84.50,84.55,84.46,84.49,178
22-07-2026 02:00,84.48,84.54,84.30,84.36,241
22-07-2026 02:15,84.36,84.53,84.34,84.52,198
22-07-2026 03:30,84.60,84.66,84.57,84.62,100
22-07-2026 03:45,84.62,84.66,84.59,84.63,44
22-07-2026 04:00,84.63,84.78,84.63,84.73,92
22-07-2026 04:15,84.73,84.73,84.68,84.69,55
22-07-2026 04:30,84.69,84.70,84.64,84.70,45
22-07-2026 04:45,84.70,84.70,84.60,84.67,43
22-07-2026 05:00,84.67,84.89,84.64,84.83,87
22-07-2026 05:15,84.83,84.88,84.77,84.77,98
22-07-2026 05:30,84.75,84.75,84.53,84.67,257
22-07-2026 05:45,84.67,84.73,84.60,84.70,142
22-07-2026 06:00,84.70,84.70,84.45,84.67,226
22-07-2026 06:15,84.67,84.80,84.60,84.63,177
22-07-2026 06:30,84.63,85.28,84.56,85.24,802
22-07-2026 06:45,85.24,85.72,85.16,85.46,749
22-07-2026 07:00,85.46,85.71,85.42,85.63,608
22-07-2026 07:15,85.63,85.72,85.47,85.58,508
22-07-2026 07:30,85.58,85.63,85.24,85.25,490
22-07-2026 07:45,85.25,85.29,85.15,85.27,339
22-07-2026 08:00,85.26,85.27,84.90,84.99,602
22-07-2026 08:15,84.99,85.23,84.97,85.04,406
22-07-2026 08:30,85.04,85.29,85.02,85.20,374
22-07-2026 08:45,85.20,85.25,85.09,85.15,322
22-07-2026 09:00,85.15,85.24,85.12,85.17,166
22-07-2026 09:15,85.17,85.33,85.16,85.33,129
22-07-2026 09:30,85.33,85.35,85.20,85.35,163
22-07-2026 09:45,85.35,85.40,85.25,85.25,197
22-07-2026 10:00,85.25,85.44,85.23,85.38,185
22-07-2026 10:15,85.38,85.42,85.34,85.41,118
22-07-2026 10:30,85.41,85.53,85.38,85.51,156
22-07-2026 10:45,85.51,85.54,85.33,85.37,185
22-07-2026 11:00,85.37,85.44,85.10,85.12,555
22-07-2026 11:15,85.12,85.18,85.01,85.13,485
22-07-2026 11:30,85.13,85.34,85.03,85.22,659
22-07-2026 11:45,85.23,86.12,85.22,86.02,808
22-07-2026 12:00,86.01,86.12,85.88,85.99,576
22-07-2026 12:15,85.99,86.36,85.99,86.12,668
22-07-2026 12:30,86.12,86.69,86.10,86.45,675
22-07-2026 12:45,86.45,86.78,86.36,86.73,650
22-07-2026 13:00,86.73,87.80,86.67,87.53,1093
22-07-2026 13:15,87.53,87.84,87.42,87.68,961
22-07-2026 13:30,87.65,87.70,87.18,87.40,868
22-07-2026 13:45,87.40,87.47,87.13,87.36,1098
22-07-2026 14:00,87.38,87.64,87.13,87.58,909
22-07-2026 14:15,87.58,87.78,87.45,87.60,702
22-07-2026 14:30,87.61,87.92,87.32,87.87,937
22-07-2026 14:45,87.87,88.07,87.84,87.99,776
22-07-2026 15:00,88.03,88.23,87.78,87.99,977
22-07-2026 15:15,87.99,88.59,87.91,88.43,835
22-07-2026 15:30,88.43,88.44,87.80,87.82,812
22-07-2026 15:45,87.83,87.83,86.91,86.98,1085
22-07-2026 16:00,86.97,87.40,86.91,87.31,1057
22-07-2026 16:15,87.32,87.42,87.00,87.15,726
22-07-2026 16:30,87.16,87.43,87.16,87.23,636
22-07-2026 16:45,87.23,87.48,87.22,87.39,639
22-07-2026 17:00,87.39,87.83,87.00,87.62,972
22-07-2026 17:15,87.62,87.67,87.12,87.33,821
22-07-2026 17:30,87.33,87.54,87.03,87.04,692
22-07-2026 17:45,87.00,87.12,86.72,86.76,723
22-07-2026 18:00,86.76,86.81,86.53,86.70,724
22-07-2026 18:15,86.70,87.71,86.67,87.21,1004
22-07-2026 18:30,87.20,87.36,86.95,87.05,1015
22-07-2026 18:45,87.05,87.10,86.14,86.34,1143
22-07-2026 19:00,86.33,86.83,86.16,86.81,1030
22-07-2026 19:15,86.81,86.99,86.47,86.93,918
22-07-2026 19:30,86.95,87.12,86.71,87.10,792
22-07-2026 19:45,87.09,87.15,86.89,87.04,669
22-07-2026 20:00,87.08,87.12,86.48,86.55,896
22-07-2026 20:15,86.55,86.93,86.40,86.69,830
22-07-2026 20:30,86.69,87.30,86.63,87.02,691
22-07-2026 20:45,87.02,87.07,86.55,86.77,858
22-07-2026 21:00,86.79,86.86,86.16,86.21,923
22-07-2026 21:15,86.20,86.26,85.77,86.00,880
22-07-2026 21:30,86.00,86.33,85.90,86.25,654
22-07-2026 21:45,86.25,86.40,86.09,86.39,434
22-07-2026 22:00,86.39,86.53,86.34,86.38,449
22-07-2026 22:15,86.38,86.39,86.10,86.30,449
22-07-2026 22:30,86.31,86.68,86.31,86.65,508
22-07-2026 22:45,86.65,86.90,86.61,86.70,483
22-07-2026 23:00,86.70,86.92,86.65,86.77,395
22-07-2026 23:15,86.77,86.90,86.71,86.79,376
22-07-2026 23:30,86.80,86.99,86.63,86.75,581
22-07-2026 23:45,86.75,87.05,86.74,86.83,821
23-07-2026 00:00,86.84,87.08,86.83,87.04,437
23-07-2026 00:15,87.04,87.06,86.90,87.05,232
23-07-2026 00:30,87.06,87.14,87.03,87.13,234
23-07-2026 00:45,87.13,87.14,86.86,86.87,281
23-07-2026 01:00,86.87,86.89,86.64,86.68,248
23-07-2026 01:15,86.68,86.68,86.45,86.50,410
23-07-2026 01:30,86.50,86.51,86.22,86.41,502
23-07-2026 01:45,86.41,86.45,86.36,86.38,283
23-07-2026 02:00,86.38,86.65,86.35,86.52,397
23-07-2026 02:15,86.52,86.54,86.36,86.41,223
23-07-2026 03:30,87.56,88.30,87.38,88.19,473
23-07-2026 03:45,88.19,88.24,87.96,88.15,263
23-07-2026 04:00,88.15,88.32,88.02,88.07,314
23-07-2026 04:15,88.07,88.07,87.79,87.93,221
23-07-2026 04:30,87.93,87.98,87.82,87.87,165
23-07-2026 04:45,87.87,87.95,87.76,87.76,125
23-07-2026 05:00,87.76,87.94,87.72,87.85,126
23-07-2026 05:15,87.85,87.85,87.72,87.79,126
23-07-2026 05:30,87.79,88.37,87.34,88.14,725
23-07-2026 05:45,88.14,88.19,87.80,88.02,370
23-07-2026 06:00,88.02,88.26,87.97,88.08,320
23-07-2026 06:15,88.08,88.08,87.80,87.96,309
23-07-2026 06:30,87.95,88.12,87.81,87.92,889
23-07-2026 06:45,87.93,88.51,87.92,88.45,657
23-07-2026 07:00,88.46,88.61,87.92,87.99,718
23-07-2026 07:15,87.99,88.22,87.96,88.08,564
23-07-2026 07:30,88.08,88.22,88.03,88.06,527
23-07-2026 07:45,88.06,88.23,88.04,88.19,235
23-07-2026 08:00,88.19,88.26,88.03,88.22,390
23-07-2026 08:15,88.22,88.46,88.20,88.23,448
23-07-2026 08:30,88.23,88.54,88.19,88.54,431
23-07-2026 08:45,88.54,88.66,88.40,88.47,432
23-07-2026 09:00,88.47,88.51,88.33,88.34,201
23-07-2026 09:15,88.34,88.52,88.30,88.39,197
23-07-2026 09:30,88.39,88.45,88.28,88.35,199
23-07-2026 09:45,88.35,88.37,88.09,88.12,216
23-07-2026 10:00,88.12,88.26,87.91,88.12,286
23-07-2026 10:15,88.11,88.24,88.06,88.11,190
23-07-2026 10:30,88.11,88.39,88.10,88.24,264
23-07-2026 10:45,88.24,88.26,87.98,87.98,190
23-07-2026 11:00,87.98,88.05,87.64,87.96,829
23-07-2026 11:15,87.96,88.36,87.95,88.27,488
23-07-2026 11:30,88.27,88.29,87.99,88.02,574
23-07-2026 11:45,88.02,88.28,87.92,88.24,529
23-07-2026 12:00,88.24,88.57,88.20,88.54,571
23-07-2026 12:15,88.54,88.77,88.35,88.62,600
23-07-2026 12:30,88.62,89.34,88.58,89.19,882
23-07-2026 12:45,89.19,89.61,89.10,89.21,823
23-07-2026 13:00,89.21,89.71,89.21,89.62,725
23-07-2026 13:15,89.62,89.83,89.10,89.29,980
23-07-2026 13:30,89.28,89.51,88.91,89.27,949
23-07-2026 13:45,89.23,89.47,89.11,89.19,1036
23-07-2026 14:00,89.24,89.71,89.21,89.66,913
23-07-2026 14:15,89.65,89.70,89.22,89.49,730
23-07-2026 14:30,89.49,90.04,89.22,90.04,920
23-07-2026 14:45,90.04,90.34,89.94,90.14,654
23-07-2026 15:00,90.15,90.29,89.81,89.89,810
23-07-2026 15:15,89.89,90.32,89.84,90.20,755
23-07-2026 15:30,90.20,90.34,89.85,90.07,695
23-07-2026 15:45,90.07,90.57,90.01,90.54,686
23-07-2026 16:00,90.54,90.70,90.17,90.22,697
23-07-2026 16:15,90.22,90.39,90.10,90.11,597
23-07-2026 16:30,90.11,90.60,90.09,90.37,555
23-07-2026 16:45,90.37,90.86,90.32,90.69,605
23-07-2026 17:00,90.69,91.17,90.52,90.91,680
23-07-2026 17:15,90.92,90.92,90.27,90.67,813
23-07-2026 17:30,90.67,90.96,90.53,90.93,650
23-07-2026 17:45,90.94,91.35,90.65,90.82,1065
23-07-2026 18:00,90.82,90.98,90.50,90.91,987
23-07-2026 18:15,90.91,91.21,90.62,90.81,1051
23-07-2026 18:30,90.81,91.46,90.76,91.34,1296
23-07-2026 18:45,91.35,91.57,90.68,90.94,1179
23-07-2026 19:00,90.91,91.53,90.72,91.53,1110
23-07-2026 19:15,91.53,91.88,91.44,91.71,1048
23-07-2026 19:30,91.70,91.95,91.37,91.44,1200
23-07-2026 19:45,91.43,91.83,90.97,91.73,956
23-07-2026 20:00,91.75,91.98,91.30,91.63,1087
23-07-2026 20:15,91.63,92.14,91.59,91.88,965
23-07-2026 20:30,91.85,92.42,91.72,92.08,1113
23-07-2026 20:45,92.08,92.75,91.96,92.47,1350
23-07-2026 21:00,92.46,92.76,91.81,92.05,1276
23-07-2026 21:15,92.05,92.11,91.77,91.84,970
23-07-2026 21:30,91.84,92.35,91.57,91.80,1076
23-07-2026 21:45,91.80,92.10,91.80,91.87,741
23-07-2026 22:00,91.85,92.55,91.85,92.36,776
23-07-2026 22:15,92.36,92.51,92.21,92.31,576
23-07-2026 22:30,92.31,92.72,92.29,92.53,726
23-07-2026 22:45,92.54,92.77,92.51,92.56,732
23-07-2026 23:00,92.57,93.10,92.54,93.10,682
23-07-2026 23:15,93.10,93.26,92.87,93.22,812
23-07-2026 23:30,93.21,93.48,93.06,93.16,934
23-07-2026 23:45,93.15,93.23,92.00,92.08,1333
24-07-2026 00:00,92.09,92.18,91.92,91.98,851
24-07-2026 00:15,91.98,92.33,91.96,92.02,500
24-07-2026 00:30,92.01,92.01,91.61,91.67,650
24-07-2026 00:45,91.67,91.89,91.54,91.60,435
24-07-2026 01:00,91.60,91.77,91.19,91.70,707
24-07-2026 01:15,91.69,91.84,91.40,91.59,517
24-07-2026 01:30,91.59,91.64,91.41,91.56,333
24-07-2026 01:45,91.55,92.06,91.53,91.89,393
24-07-2026 02:00,91.90,92.31,91.78,92.19,363
24-07-2026 02:15,92.19,92.39,92.19,92.37,284
24-07-2026 03:30,92.47,92.60,92.15,92.24,260
24-07-2026 03:45,92.24,92.26,92.11,92.15,179
24-07-2026 04:00,92.15,92.19,92.04,92.05,133
24-07-2026 04:15,92.04,92.14,92.04,92.07,94
24-07-2026 04:30,92.07,92.19,92.07,92.16,107
24-07-2026 04:45,92.16,92.19,92.12,92.12,80
24-07-2026 05:00,92.12,92.50,92.04,92.16,216
24-07-2026 05:15,92.16,92.29,92.05,92.25,217
24-07-2026 05:30,92.25,92.75,92.16,92.67,590
24-07-2026 05:45,92.67,92.80,92.16,92.22,542
24-07-2026 06:00,92.23,92.33,92.11,92.12,267
24-07-2026 06:15,92.12,92.17,91.88,91.89,319
24-07-2026 06:30,91.88,91.88,91.44,91.52,1077
24-07-2026 06:45,91.51,91.62,91.35,91.51,764
24-07-2026 07:00,91.52,91.67,91.15,91.30,788
24-07-2026 07:15,91.30,91.66,91.22,91.63,630
24-07-2026 07:30,91.63,91.81,91.59,91.64,573
24-07-2026 07:45,91.64,91.87,91.61,91.82,262
24-07-2026 08:00,91.82,91.84,91.66,91.82,438
24-07-2026 08:15,91.82,92.03,91.74,91.89,481
24-07-2026 08:30,91.89,92.17,91.85,92.09,593
24-07-2026 08:45,92.10,92.32,91.93,92.20,639
24-07-2026 09:00,92.20,92.38,92.01,92.05,358
24-07-2026 09:15,92.05,92.07,91.89,91.89,250
24-07-2026 09:30,91.89,91.97,91.63,91.77,279
24-07-2026 09:45,91.76,91.79,91.64,91.66,210
24-07-2026 10:00,91.66,91.73,91.52,91.67,224
24-07-2026 10:15,91.67,91.73,91.60,91.64,187
24-07-2026 10:30,91.64,91.76,91.57,91.74,184
24-07-2026 10:45,91.74,91.83,91.63,91.71,226
24-07-2026 11:00,91.71,91.78,91.35,91.43,653
24-07-2026 11:15,91.44,91.58,91.16,91.48,648
24-07-2026 11:30,91.49,91.63,91.18,91.24,669
24-07-2026 11:45,91.24,91.49,91.09,91.30,714
24-07-2026 12:00,91.29,91.34,90.92,91.12,750
24-07-2026 12:15,91.12,91.19,90.50,90.55,836
24-07-2026 12:30,90.55,90.73,90.29,90.53,803
24-07-2026 12:45,90.53,90.66,90.29,90.31,737
24-07-2026 13:00,90.30,90.69,90.14,90.50,785
24-07-2026 13:15,90.50,90.61,90.16,90.43,707
24-07-2026 13:30,90.43,90.78,90.38,90.48,878
24-07-2026 13:45,90.48,90.73,90.04,90.05,1043
24-07-2026 14:00,90.09,90.24,89.63,89.68,1091
24-07-2026 14:15,89.70,89.96,89.41,89.58,996
24-07-2026 14:30,89.58,89.61,88.93,89.14,1126
24-07-2026 14:45,89.13,89.18,88.75,89.05,994
24-07-2026 15:00,89.02,89.24,88.73,88.99,821
24-07-2026 15:15,89.00,89.18,88.82,89.01,918
24-07-2026 15:30,89.01,89.53,88.82,89.51,871
24-07-2026 15:45,89.51,89.80,89.44,89.62,653
24-07-2026 16:00,89.62,90.02,89.61,89.88,612
24-07-2026 16:15,89.88,90.16,89.68,89.89,640
24-07-2026 16:30,89.89,90.00,89.68,89.91,592
24-07-2026 16:45,89.92,89.95,89.70,89.83,425
24-07-2026 17:00,89.83,89.98,89.41,89.94,691
24-07-2026 17:15,89.93,90.10,88.94,89.38,756
24-07-2026 17:30,89.34,90.00,89.21,89.72,923
24-07-2026 17:45,89.72,89.91,89.39,89.47,795
24-07-2026 18:00,89.47,89.58,88.95,89.15,864
24-07-2026 18:15,89.15,89.51,89.02,89.36,640
24-07-2026 18:30,89.37,90.00,89.11,90.00,1066
24-07-2026 18:45,90.00,90.53,89.98,90.45,793
24-07-2026 19:00,90.46,90.49,90.14,90.37,873
24-07-2026 19:15,90.37,90.40,89.68,89.91,1010
24-07-2026 19:30,89.92,90.03,89.66,89.85,840
24-07-2026 19:45,89.85,89.94,89.27,89.46,1169
24-07-2026 20:00,89.45,89.88,89.32,89.47,1022
24-07-2026 20:15,89.47,89.68,89.28,89.67,986
24-07-2026 20:30,89.67,89.98,88.76,88.93,1302
24-07-2026 20:45,88.95,89.03,87.84,88.05,2198
24-07-2026 21:00,88.03,88.39,87.68,88.28,1609
24-07-2026 21:15,88.28,88.67,88.23,88.39,1048
24-07-2026 21:30,88.37,88.64,88.31,88.57,918
24-07-2026 21:45,88.57,88.59,88.16,88.31,633
24-07-2026 22:00,88.30,88.53,88.15,88.19,748
24-07-2026 22:15,88.19,88.47,88.06,88.37,614
24-07-2026 22:30,88.36,88.56,88.18,88.51,652
24-07-2026 22:45,88.51,88.89,88.50,88.84,602
24-07-2026 23:00,88.84,89.06,88.80,88.90,523
24-07-2026 23:15,88.90,89.18,88.78,89.05,536
24-07-2026 23:30,89.05,89.14,88.57,88.77,699
24-07-2026 23:45,88.76,89.36,88.71,89.32,1005
25-07-2026 00:00,89.32,89.40,88.99,89.28,657
25-07-2026 00:15,89.28,89.39,89.09,89.35,294
25-07-2026 00:30,89.36,89.54,89.31,89.51,333
25-07-2026 00:45,89.51,89.69,89.49,89.69,312
25-07-2026 01:00,89.69,89.79,88.92,89.29,954
25-07-2026 01:15,89.29,89.77,89.08,89.75,599
25-07-2026 01:30,89.74,90.20,89.74,90.18,528
25-07-2026 01:45,90.20,90.42,90.01,90.37,505
25-07-2026 02:00,90.37,90.51,90.29,90.39,484
25-07-2026 02:15,90.39,90.63,90.39,90.48,393
27-07-2026 03:30,86.10,86.10,83.13,84.72,1680
27-07-2026 03:45,84.72,84.76,83.87,84.30,976
27-07-2026 04:00,84.31,84.69,84.23,84.66,556
27-07-2026 04:15,84.66,84.83,84.53,84.80,328
27-07-2026 04:30,84.80,85.13,84.78,85.05,364
27-07-2026 04:45,85.06,85.06,84.85,84.95,272
27-07-2026 05:00,84.95,84.98,84.66,84.71,259
27-07-2026 05:15,84.71,84.76,84.49,84.60,362
27-07-2026 05:30,84.60,84.92,84.35,84.37,688
27-07-2026 05:45,84.37,84.55,84.05,84.48,729
27-07-2026 06:00,84.47,84.62,84.39,84.53,354
27-07-2026 06:15,84.53,84.87,84.53,84.76,439
27-07-2026 06:30,84.77,85.43,84.61,85.26,1187
27-07-2026 06:45,85.26,85.29,85.07,85.09,695
27-07-2026 07:00,85.09,85.18,84.92,85.14,658
27-07-2026 07:15,85.14,85.35,85.12,85.25,530
27-07-2026 07:30,85.25,85.61,85.15,85.44,563
27-07-2026 07:45,85.44,85.63,85.31,85.61,270
27-07-2026 08:00,85.62,85.64,85.32,85.53,536
27-07-2026 08:15,85.53,85.68,85.42,85.56,480
27-07-2026 08:30,85.56,85.57,85.23,85.41,438
27-07-2026 08:45,85.41,85.41,85.21,85.30,364
27-07-2026 09:00,85.30,85.33,85.04,85.11,277
27-07-2026 09:15,85.10,85.36,85.07,85.20,179
27-07-2026 09:30,85.20,85.20,84.88,85.06,319
27-07-2026 09:45,85.06,85.12,84.78,84.83,303
27-07-2026 10:00,84.83,84.85,84.47,84.53,388
27-07-2026 10:15,84.53,84.84,84.53,84.83,262
27-07-2026 10:30,84.83,84.93,84.67,84.77,328
27-07-2026 10:45,84.77,84.94,84.56,84.63,293
27-07-2026 11:00,84.63,84.85,84.53,84.62,637
27-07-2026 11:15,84.62,84.71,84.35,84.54,685
27-07-2026 11:30,84.54,84.62,83.74,83.76,1034
27-07-2026 11:45,83.76,83.91,83.47,83.83,954
27-07-2026 12:00,83.83,83.95,83.67,83.71,904
27-07-2026 12:15,83.71,83.86,83.40,83.45,814
27-07-2026 12:30,83.48,83.94,83.33,83.67,930
27-07-2026 12:45,83.67,84.16,83.58,84.15,762
27-07-2026 13:00,84.16,84.35,84.00,84.30,822
27-07-2026 13:15,84.30,84.58,83.89,84.57,1156
27-07-2026 13:30,84.57,84.83,84.08,84.26,1329
27-07-2026 13:45,84.26,84.39,83.56,83.68,1313
27-07-2026 14:00,83.69,83.94,83.32,83.42,1175
27-07-2026 14:15,83.42,83.60,82.86,82.93,1072
27-07-2026 14:30,82.94,83.26,82.94,83.18,794
27-07-2026 14:45,83.18,83.25,82.56,82.73,857
27-07-2026 15:00,82.74,82.90,82.45,82.59,990
27-07-2026 15:15,82.59,82.65,82.13,82.32,1096
27-07-2026 15:30,82.33,83.54,82.31,83.27,1126
27-07-2026 15:45,83.27,83.37,82.86,83.00,818
27-07-2026 16:00,83.00,83.16,82.95,83.04,609
27-07-2026 16:15,83.04,83.30,82.92,83.25,551
27-07-2026 16:30,83.25,83.47,83.13,83.40,626
27-07-2026 16:45,83.40,83.79,83.26,83.79,564
27-07-2026 17:00,83.76,83.92,83.01,83.21,954
27-07-2026 17:15,83.21,83.36,83.12,83.34,649
27-07-2026 17:30,83.34,84.11,83.34,84.07,1187
27-07-2026 17:45,84.06,84.22,83.92,84.08,867
27-07-2026 18:00,84.08,84.26,83.80,84.01,805
27-07-2026 18:15,84.00,84.32,83.81,83.99,1066
27-07-2026 18:30,83.99,84.37,83.86,84.23,1240
27-07-2026 18:45,84.23,84.53,84.14,84.47,836
27-07-2026 19:00,84.47,84.49,83.68,83.87,1116
27-07-2026 19:15,83.88,84.34,83.68,84.21,1014
27-07-2026 19:30,84.20,84.25,83.46,83.48,1073
27-07-2026 19:45,83.48,83.77,83.44,83.64,859
27-07-2026 20:00,83.64,83.79,83.52,83.60,840
27-07-2026 20:15,83.59,83.80,83.48,83.55,765
27-07-2026 20:30,83.56,83.82,83.14,83.23,1093
27-07-2026 20:45,83.23,83.38,83.01,83.14,1053
27-07-2026 21:00,83.11,83.36,82.97,83.09,1083
27-07-2026 21:15,83.09,83.40,83.07,83.38,766
27-07-2026 21:30,83.36,83.40,83.05,83.21,727
27-07-2026 21:45,83.21,83.76,82.81,83.05,1298
27-07-2026 22:00,83.05,83.06,82.31,82.74,1238
27-07-2026 22:15,82.74,83.25,82.69,82.83,769
27-07-2026 22:30,82.84,82.88,82.50,82.62,626
27-07-2026 22:45,82.62,82.68,82.51,82.65,676
27-07-2026 23:00,82.65,82.98,82.56,82.94,588
27-07-2026 23:15,82.94,82.99,82.56,82.60,666
27-07-2026 23:30,82.60,82.62,82.21,82.34,716
27-07-2026 23:45,82.35,82.65,81.98,82.64,905
28-07-2026 00:00,82.62,82.93,82.21,82.34,734
28-07-2026 00:15,82.34,82.42,82.10,82.12,480
28-07-2026 00:30,82.12,82.41,82.03,82.39,394
28-07-2026 00:45,82.39,82.43,82.23,82.31,275
28-07-2026 01:00,82.31,82.38,82.17,82.20,291
28-07-2026 01:15,82.20,82.25,81.89,81.91,387
28-07-2026 01:30,81.92,81.98,81.67,81.70,304
28-07-2026 01:45,81.70,81.94,81.64,81.84,342
28-07-2026 02:00,81.84,82.06,81.83,82.03,216
28-07-2026 02:15,82.02,82.02,81.61,81.87,278
28-07-2026 03:30,81.85,82.09,81.85,81.89,159
28-07-2026 03:45,81.89,81.97,81.87,81.95,88
28-07-2026 04:00,81.95,81.96,81.57,81.90,118
28-07-2026 04:15,81.90,82.16,81.90,82.10,113
28-07-2026 04:30,82.11,82.14,81.99,82.01,98
28-07-2026 04:45,82.01,82.09,82.01,82.02,67
28-07-2026 05:00,82.02,82.13,82.02,82.12,69
28-07-2026 05:15,82.13,82.19,82.02,82.03,86
28-07-2026 05:30,82.03,82.03,81.67,81.85,453
28-07-2026 05:45,81.85,81.85,81.41,81.64,398
28-07-2026 06:00,81.64,81.95,81.62,81.94,263
28-07-2026 06:15,81.94,82.18,81.91,82.10,359
28-07-2026 06:30,82.10,82.23,81.57,81.68,919
28-07-2026 06:45,81.67,81.88,81.44,81.55,608
28-07-2026 07:00,81.54,81.88,81.53,81.80,482
28-07-2026 07:15,81.80,82.01,81.60,81.61,557
28-07-2026 07:30,81.60,81.77,81.26,81.51,553
28-07-2026 07:45,81.51,81.52,81.17,81.27,408
28-07-2026 08:00,81.27,81.31,80.95,81.01,591
28-07-2026 08:15,81.01,81.08,80.69,80.81,567
28-07-2026 08:30,80.82,80.98,80.59,80.93,500
28-07-2026 08:45,80.94,81.35,80.90,81.34,474
28-07-2026 09:00,81.34,81.56,81.29,81.44,253
28-07-2026 09:15,81.43,81.56,81.42,81.55,151
28-07-2026 09:30,81.55,81.86,81.52,81.83,176
28-07-2026 09:45,81.83,81.91,81.55,81.65,207
28-07-2026 10:00,81.64,81.74,81.56,81.65,146
28-07-2026 10:15,81.65,81.68,81.56,81.61,138
28-07-2026 10:30,81.61,81.68,81.53,81.60,172
28-07-2026 10:45,81.60,81.65,81.45,81.64,229
28-07-2026 11:00,81.64,82.40,81.64,82.09,909
28-07-2026 11:15,82.09,82.29,81.93,82.11,563
28-07-2026 11:30,82.11,82.31,81.94,82.13,604
28-07-2026 11:45,82.13,82.17,81.73,81.80,586
28-07-2026 12:00,81.80,81.85,80.88,80.98,873
28-07-2026 12:15,80.98,81.11,80.61,80.79,976
28-07-2026 12:30,80.79,81.37,80.65,81.37,880
28-07-2026 12:45,81.37,81.39,80.91,81.24,731
28-07-2026 13:00,81.24,81.52,81.16,81.39,649
28-07-2026 13:15,81.40,81.41,80.54,80.76,890
28-07-2026 13:30,80.76,80.83,80.37,80.60,976
28-07-2026 13:45,80.60,80.78,80.27,80.27,1312
28-07-2026 14:00,80.23,80.53,80.16,80.22,882
28-07-2026 14:15,80.22,80.29,79.79,80.18,850
28-07-2026 14:30,80.22,81.13,80.22,81.10,777
28-07-2026 14:45,81.09,81.21,80.42,80.45,710
28-07-2026 15:00,80.45,80.84,80.39,80.71,609
28-07-2026 15:15,80.70,80.84,80.47,80.60,508
28-07-2026 15:30,80.60,80.85,80.56,80.75,448
28-07-2026 15:45,80.75,81.22,80.75,81.16,501
28-07-2026 16:00,81.16,81.45,80.87,81.09,747
28-07-2026 16:15,81.09,81.16,80.89,81.15,479
28-07-2026 16:30,81.16,81.36,80.95,81.23,520
28-07-2026 16:45,81.23,81.37,80.67,81.37,843
28-07-2026 17:00,81.37,81.85,81.27,81.77,728
28-07-2026 17:15,81.78,81.89,81.64,81.70,501
28-07-2026 17:30,81.70,81.72,81.36,81.58,575
28-07-2026 17:45,81.57,81.70,81.27,81.56,550
28-07-2026 18:00,81.55,81.65,81.03,81.17,838
28-07-2026 18:15,81.17,81.19,80.61,80.78,773
28-07-2026 18:30,80.78,81.37,80.78,81.33,895
28-07-2026 18:45,81.33,81.38,80.99,81.19,611
28-07-2026 19:00,81.21,81.25,80.72,81.04,902
28-07-2026 19:15,81.04,81.63,80.99,81.43,896
28-07-2026 19:30,81.42,81.80,81.33,81.34,834
28-07-2026 19:45,81.33,81.41,81.05,81.12,777
28-07-2026 20:00,81.11,81.42,80.88,81.39,915
28-07-2026 20:15,81.39,81.60,81.30,81.43,720
28-07-2026 20:30,81.43,81.55,80.36,80.55,1366
28-07-2026 20:45,80.54,80.60,79.21,79.39,2123
28-07-2026 21:00,79.39,79.56,78.96,79.08,1578
28-07-2026 21:15,79.08,79.45,78.26,78.34,1458
28-07-2026 21:30,78.34,78.63,78.26,78.27,1232
28-07-2026 21:45,78.26,78.35,78.01,78.22,982
28-07-2026 22:00,78.23,78.39,77.77,78.13,1222
28-07-2026 22:15,78.16,78.82,78.09,78.65,1171
28-07-2026 22:30,78.65,79.07,78.37,78.94,1155
28-07-2026 22:45,78.94,79.18,78.32,79.14,1146
28-07-2026 23:00,79.14,79.33,78.97,79.28,787
28-07-2026 23:15,79.27,79.59,79.09,79.41,883
28-07-2026 23:30,79.41,79.42,78.81,78.92,919
28-07-2026 23:45,78.92,79.35,78.79,79.30,960
29-07-2026 00:00,79.29,79.48,79.19,79.27,630
29-07-2026 00:15,79.27,79.30,78.94,79.19,463
29-07-2026 00:30,79.19,79.22,78.93,79.08,323
29-07-2026 00:45,79.08,79.10,78.87,78.90,277
29-07-2026 01:00,78.90,79.07,78.89,79.03,278
29-07-2026 01:15,79.03,79.13,78.87,79.10,284
29-07-2026 01:30,79.10,79.26,79.03,79.10,272
29-07-2026 01:45,79.10,79.16,78.95,79.15,288
29-07-2026 02:00,79.15,79.24,78.85,79.06,387
29-07-2026 02:15,79.05,79.20,78.99,79.09,259
29-07-2026 03:30,80.56,81.22,80.44,81.19,392
29-07-2026 03:45,81.20,82.83,81.10,82.65,692
29-07-2026 04:00,82.65,83.19,82.40,82.67,813
29-07-2026 04:15,82.67,82.92,82.40,82.62,365
29-07-2026 04:30,82.62,83.26,82.56,82.73,468
29-07-2026 04:45,82.73,82.84,82.42,82.49,367
29-07-2026 05:00,82.49,82.72,82.04,82.04,261
29-07-2026 05:15,82.06,82.40,81.79,81.85,536
29-07-2026 05:30,81.86,82.28,81.73,81.99,947
29-07-2026 05:45,81.99,82.07,81.63,81.81,574
29-07-2026 06:00,81.82,82.57,81.82,82.36,726
29-07-2026 06:15,82.36,82.56,82.27,82.44,528
29-07-2026 06:30,82.44,82.84,82.30,82.83,1304
29-07-2026 06:45,82.83,82.88,82.38,82.42,882
29-07-2026 07:00,82.42,83.03,82.42,82.92,749
29-07-2026 07:15,82.91,82.96,82.60,82.73,660
29-07-2026 07:30,82.73,82.81,82.57,82.64,412
29-07-2026 07:45,82.63,82.69,82.42,82.43,294
29-07-2026 08:00,82.43,82.43,82.04,82.28,625
29-07-2026 08:15,82.28,82.32,82.11,82.29,325
29-07-2026 08:30,82.29,82.53,82.28,82.49,416
29-07-2026 08:45,82.49,82.58,82.30,82.37,336
29-07-2026 09:00,82.37,82.62,82.37,82.54,313
29-07-2026 09:15,82.54,82.74,82.48,82.68,216
29-07-2026 09:30,82.68,82.68,82.53,82.57,226
29-07-2026 09:45,82.57,82.59,82.42,82.42,208
29-07-2026 10:00,82.42,82.43,82.08,82.09,294
29-07-2026 10:15,82.09,82.11,81.87,82.03,418
29-07-2026 10:30,82.03,82.13,81.83,81.87,392
29-07-2026 10:45,81.87,82.02,81.79,81.89,390
29-07-2026 11:00,81.89,82.17,81.81,81.94,627
29-07-2026 11:15,81.94,82.25,81.89,82.21,528
29-07-2026 11:30,82.21,82.41,81.98,82.30,569
29-07-2026 11:45,82.30,82.36,82.12,82.33,528
29-07-2026 12:00,82.33,82.38,81.78,81.82,623
29-07-2026 12:15,81.82,82.11,81.80,82.08,549
29-07-2026 12:30,82.08,82.19,81.73,81.86,656
29-07-2026 12:45,81.87,82.34,81.83,82.20,707
29-07-2026 13:00,82.20,82.30,81.69,81.83,616
29-07-2026 13:15,81.83,82.27,81.78,82.01,629
29-07-2026 13:30,82.01,82.26,81.84,81.88,778
29-07-2026 13:45,81.89,82.37,81.69,82.20,956
29-07-2026 14:00,82.21,82.35,81.73,81.82,779
29-07-2026 14:15,81.82,81.90,81.49,81.86,717
29-07-2026 14:30,81.86,82.13,81.86,81.93,603
29-07-2026 14:45,81.93,81.99,81.69,81.91,613
29-07-2026 15:00,81.92,82.29,81.85,82.09,592
29-07-2026 15:15,82.08,82.29,81.96,82.15,530
29-07-2026 15:30,82.09,82.65,81.95,82.61,885
29-07-2026 15:45,82.61,82.81,82.51,82.70,701
29-07-2026 16:00,82.70,83.03,82.57,82.86,655
29-07-2026 16:15,82.86,83.26,82.83,83.17,590
29-07-2026 16:30,83.17,83.31,82.97,83.09,555
29-07-2026 16:45,83.09,83.16,82.81,82.85,487
29-07-2026 17:00,82.86,83.01,82.75,82.93,538
29-07-2026 17:15,82.93,83.02,82.34,82.52,789
29-07-2026 17:30,82.51,83.16,82.49,83.08,695
29-07-2026 17:45,83.08,84.61,83.07,84.46,1884
29-07-2026 18:00,84.46,84.73,84.02,84.09,1039
29-07-2026 18:15,84.09,84.72,84.08,84.53,881
29-07-2026 18:30,84.54,84.80,84.34,84.40,1064
29-07-2026 18:45,84.44,84.58,84.09,84.31,834
29-07-2026 19:00,84.30,84.64,84.22,84.42,997
29-07-2026 19:15,84.42,84.92,84.39,84.84,989
29-07-2026 19:30,84.82,84.84,84.32,84.50,880
29-07-2026 19:45,84.50,84.98,84.36,84.95,942
29-07-2026 20:00,84.95,85.16,84.86,85.08,1182
29-07-2026 20:15,85.08,85.45,85.03,85.34,1072
29-07-2026 20:30,85.35,85.55,84.86,85.02,1124
29-07-2026 20:45,85.00,85.26,84.79,84.86,971
29-07-2026 21:00,84.81,84.86,84.35,84.48,1037
29-07-2026 21:15,84.48,84.99,84.37,84.98,849
29-07-2026 21:30,84.98,85.20,84.73,84.84,847
29-07-2026 21:45,84.84,84.88,84.16,84.17,905
29-07-2026 22:00,84.19,84.52,84.16,84.51,724
29-07-2026 22:15,84.51,84.66,84.41,84.57,486
29-07-2026 22:30,84.57,84.70,84.34,84.54,484
29-07-2026 22:45,84.54,84.80,84.42,84.47,553
29-07-2026 23:00,84.45,84.72,84.30,84.36,601
29-07-2026 23:15,84.36,84.65,84.29,84.55,439
29-07-2026 23:30,84.57,84.85,84.44,84.59,1088
29-07-2026 23:45,84.59,84.89,84.34,84.46,1172
30-07-2026 00:00,84.47,84.92,84.46,84.59,986
30-07-2026 00:15,84.59,84.70,84.30,84.42,744
30-07-2026 00:30,84.42,84.48,84.21,84.39,696
30-07-2026 00:45,84.39,84.70,84.04,84.64,996
30-07-2026 01:00,84.65,85.23,84.62,84.84,999
30-07-2026 01:15,84.83,84.98,84.56,84.88,783
30-07-2026 01:30,84.86,84.95,84.58,84.70,413
30-07-2026 01:45,84.70,85.00,84.70,84.89,342
30-07-2026 02:00,84.89,84.89,84.59,84.60,286
30-07-2026 02:15,84.60,84.67,84.49,84.62,317
30-07-2026 03:30,84.32,84.55,84.31,84.36,218
30-07-2026 03:45,84.36,84.56,84.23,84.42,145
30-07-2026 04:00,84.42,84.46,84.30,84.43,148
30-07-2026 04:15,84.43,84.47,84.36,84.39,85
30-07-2026 04:30,84.39,84.69,84.10,84.56,253
30-07-2026 04:45,84.56,84.69,84.35,84.39,176
30-07-2026 05:00,84.39,84.46,84.24,84.32,123
30-07-2026 05:15,84.32,84.35,84.14,84.18,174
30-07-2026 05:30,84.18,84.28,83.84,83.89,487
30-07-2026 05:45,83.89,83.98,83.22,83.94,827
30-07-2026 06:00,83.94,84.28,83.87,84.27,403
30-07-2026 06:15,84.27,84.59,84.25,84.51,593
30-07-2026 06:30,84.51,84.51,83.72,83.99,1003
30-07-2026 06:45,84.00,84.11,83.81,83.96,622
30-07-2026 07:00,83.96,84.03,83.62,83.71,677
30-07-2026 07:15,83.71,83.87,83.65,83.77,444
30-07-2026 07:30,83.78,83.78,83.55,83.56,405
30-07-2026 07:45,83.56,83.67,83.42,83.44,300
30-07-2026 08:00,83.43,83.57,83.23,83.51,634
30-07-2026 08:15,83.51,83.69,83.23,83.41,513
30-07-2026 08:30,83.41,83.41,83.21,83.33,402
30-07-2026 08:45,83.33,83.62,83.29,83.60,406
30-07-2026 09:00,83.60,83.61,83.48,83.56,270
30-07-2026 09:15,83.56,83.74,83.55,83.62,243
30-07-2026 09:30,83.61,83.76,83.60,83.75,166
30-07-2026 09:45,83.74,83.85,83.66,83.75,149
30-07-2026 10:00,83.75,83.79,83.64,83.77,124
30-07-2026 10:15,83.77,84.13,83.69,84.04,287
30-07-2026 10:30,84.04,84.45,83.95,84.43,443
30-07-2026 10:45,84.44,84.77,84.36,84.53,441
30-07-2026 11:00,84.53,85.15,84.51,84.95,1109
30-07-2026 11:15,84.95,85.37,84.61,85.22,883
30-07-2026 11:30,85.21,85.71,85.07,85.68,923
30-07-2026 11:45,85.69,85.87,85.53,85.81,953
30-07-2026 12:00,85.81,85.88,85.50,85.61,768
30-07-2026 12:15,85.62,85.67,85.29,85.29,702
30-07-2026 12:30,85.29,85.29,84.58,84.91,1129
30-07-2026 12:45,84.91,85.38,84.89,85.28,829
30-07-2026 13:00,85.28,85.92,85.24,85.44,818
30-07-2026 13:15,85.44,85.45,84.92,85.15,740
30-07-2026 13:30,85.15,85.34,84.62,84.81,1136
30-07-2026 13:45,84.81,85.35,84.65,84.95,1141
30-07-2026 14:00,84.95,85.04,84.29,84.74,966
30-07-2026 14:15,84.74,85.06,84.67,84.71,553
30-07-2026 14:30,84.71,84.81,84.05,84.33,939
30-07-2026 14:45,84.29,84.49,83.83,84.02,1034
30-07-2026 15:00,84.01,84.35,83.89,84.08,712
30-07-2026 15:15,84.09,84.48,83.93,84.44,620
30-07-2026 15:30,84.44,84.63,84.38,84.56,657
30-07-2026 15:45,84.56,84.57,84.09,84.21,569
30-07-2026 16:00,84.21,84.25,83.25,83.61,895
30-07-2026 16:15,83.61,83.75,83.31,83.74,761
30-07-2026 16:30,83.74,83.90,83.60,83.69,636
30-07-2026 16:45,83.69,83.89,83.47,83.63,682
30-07-2026 17:00,83.63,83.70,83.32,83.45,654
30-07-2026 17:15,83.45,83.54,83.27,83.52,655
30-07-2026 17:30,83.52,83.81,83.38,83.67,745
30-07-2026 17:45,83.67,84.36,83.59,84.22,636
30-07-2026 18:00,84.21,84.23,83.62,83.76,702
30-07-2026 18:15,83.76,84.48,83.69,84.47,763
30-07-2026 18:30,84.46,84.47,82.96,82.99,1435
30-07-2026 18:45,83.00,83.65,83.00,83.46,991
30-07-2026 19:00,83.44,83.70,83.30,83.59,996
30-07-2026 19:15,83.60,83.90,83.50,83.73,915
30-07-2026 19:30,83.74,84.17,83.61,83.85,1496
30-07-2026 19:45,83.85,84.26,83.70,83.95,924
30-07-2026 20:00,83.94,84.27,83.94,84.07,893
30-07-2026 20:15,84.07,84.44,84.07,84.19,919
30-07-2026 20:30,84.19,84.83,84.15,84.59,1035
30-07-2026 20:45,84.59,84.65,84.05,84.29,1193
30-07-2026 21:00,84.28,84.50,83.57,83.70,1030
30-07-2026 21:15,83.69,84.05,83.60,84.04,636
30-07-2026 21:30,84.06,84.26,83.92,84.01,631
30-07-2026 21:45,84.01,84.16,83.49,83.58,711
30-07-2026 22:00,83.58,83.94,83.53,83.87,565
30-07-2026 22:15,83.87,84.10,83.75,84.07,485
30-07-2026 22:30,84.08,84.14,83.83,83.95,567
30-07-2026 22:45,83.95,84.18,83.72,83.84,582
30-07-2026 23:00,83.84,84.36,83.63,83.85,862
30-07-2026 23:15,83.85,84.08,83.85,84.06,585
30-07-2026 23:30,84.06,84.27,83.93,84.10,689
30-07-2026 23:45,84.11,84.16,83.47,83.54,955
31-07-2026 00:00,83.54,83.79,83.47,83.70,550
31-07-2026 00:15,83.70,83.76,83.50,83.51,326
31-07-2026 00:30,83.51,83.72,83.45,83.63,331
31-07-2026 00:45,83.63,83.66,83.52,83.52,211
31-07-2026 01:00,83.52,83.68,83.43,83.67,275
31-07-2026 01:15,83.67,83.81,83.63,83.64,214
31-07-2026 01:30,83.65,83.87,83.58,83.86,183
31-07-2026 01:45,83.86,84.15,83.83,84.09,251
31-07-2026 02:00,84.06,84.20,83.95,83.96,256
31-07-2026 02:15,83.96,83.96,83.85,83.91,201
31-07-2026 03:30,83.97,84.27,83.85,84.17,182
31-07-2026 03:45,84.17,84.29,84.14,84.15,97
31-07-2026 04:00,84.15,84.16,84.03,84.03,74
31-07-2026 04:15,84.03,84.04,83.91,84.04,79
31-07-2026 04:30,84.04,84.04,83.91,83.92,62
31-07-2026 04:45,83.92,84.09,83.92,84.04,69
31-07-2026 05:00,84.04,84.09,83.97,84.06,60
31-07-2026 05:15,84.07,84.09,83.96,84.05,52
31-07-2026 05:30,84.05,84.17,83.95,84.12,231
31-07-2026 05:45,84.12,84.12,83.94,84.10,191
31-07-2026 06:00,84.10,84.12,83.71,83.71,199
31-07-2026 06:15,83.71,83.86,83.51,83.53,309
31-07-2026 06:30,83.52,83.52,82.30,82.93,1200
31-07-2026 06:45,82.94,82.96,82.54,82.76,657
31-07-2026 07:00,82.75,82.86,82.26,82.59,607
31-07-2026 07:15,82.60,82.79,82.39,82.46,512
31-07-2026 07:30,82.46,82.46,81.60,82.06,757
31-07-2026 07:45,82.06,82.31,82.04,82.16,348
31-07-2026 08:00,82.16,82.31,82.04,82.12,453
31-07-2026 08:15,82.12,82.43,82.04,82.25,397
31-07-2026 08:30,82.25,82.35,82.05,82.21,369
31-07-2026 08:45,82.20,82.30,82.06,82.19,347
31-07-2026 09:00,82.19,82.34,82.11,82.33,389
31-07-2026 09:15,82.33,82.47,82.23,82.31,255
31-07-2026 09:30,82.31,82.37,81.97,82.12,310
31-07-2026 09:45,82.12,82.20,82.08,82.14,204
31-07-2026 10:00,82.14,82.16,81.95,81.97,235
31-07-2026 10:15,81.97,82.01,81.61,81.64,334
31-07-2026 10:30,81.64,81.97,81.56,81.89,470
31-07-2026 10:45,81.89,81.92,81.52,81.64,284
31-07-2026 11:00,81.63,81.63,81.19,81.44,803
31-07-2026 11:15,81.44,81.68,81.34,81.67,508
31-07-2026 11:30,81.67,81.99,81.59,81.81,619
31-07-2026 11:45,81.81,82.21,81.77,82.00,559
31-07-2026 12:00,82.00,82.10,81.77,82.02,502
31-07-2026 12:15,82.03,82.12,81.92,82.01,482
31-07-2026 12:30,81.98,82.42,81.98,82.19,672
31-07-2026 12:45,82.19,82.59,82.19,82.54,616
31-07-2026 13:00,82.54,82.66,82.31,82.56,546
31-07-2026 13:15,82.56,82.57,82.04,82.15,761
31-07-2026 13:30,82.15,82.31,82.00,82.08,686
31-07-2026 13:45,82.08,82.72,81.92,82.71,1026
31-07-2026 14:00,82.71,82.86,82.35,82.40,723
31-07-2026 14:15,82.40,82.57,82.21,82.57,670
31-07-2026 14:30,82.56,83.08,82.53,83.07,847
31-07-2026 14:45,83.07,83.20,82.78,82.85,893
31-07-2026 15:00,82.87,83.52,82.82,83.52,762
31-07-2026 15:15,83.52,83.77,83.47,83.70,588
31-07-2026 15:30,83.70,84.04,83.70,84.04,575
31-07-2026 15:45,84.04,84.16,83.81,84.08,531
31-07-2026 16:00,84.09,84.35,83.98,84.16,520
31-07-2026 16:15,84.15,84.46,84.06,84.28,559
31-07-2026 16:30,84.28,84.47,84.09,84.18,545
31-07-2026 16:45,84.18,84.89,84.09,84.76,1278
31-07-2026 17:00,84.78,85.07,84.62,84.99,895
31-07-2026 17:15,84.99,85.03,84.77,84.86,687
31-07-2026 17:30,84.86,85.48,84.85,85.24,756
31-07-2026 17:45,85.25,85.36,85.14,85.21,558
31-07-2026 18:00,85.21,85.28,84.94,85.19,686
31-07-2026 18:15,85.21,86.25,85.18,85.86,958
31-07-2026 18:30,85.87,85.96,85.25,85.65,1198
31-07-2026 18:45,85.65,85.76,85.32,85.47,923
31-07-2026 19:00,85.47,85.89,85.34,85.56,1130
31-07-2026 19:15,85.56,85.76,85.28,85.50,952
31-07-2026 19:30,85.50,85.55,84.76,85.10,1126
31-07-2026 19:45,85.11,85.30,84.96,85.22,819
31-07-2026 20:00,85.22,85.54,85.18,85.46,787
31-07-2026 20:15,85.46,85.90,85.46,85.77,747
31-07-2026 20:30,85.77,85.96,85.72,85.89,626
31-07-2026 20:45,85.89,85.97,85.36,85.52,1155
31-07-2026 21:00,85.53,85.58,84.87,84.93,1022
31-07-2026 21:15,84.93,84.94,83.98,84.06,1250
31-07-2026 21:30,84.06,84.61,84.04,84.53,976
31-07-2026 21:45,84.52,84.75,84.42,84.50,879
31-07-2026 22:00,84.50,84.82,84.50,84.76,552
31-07-2026 22:15,84.76,84.80,84.56,84.70,587
31-07-2026 22:30,84.71,85.08,84.51,84.99,738
31-07-2026 22:45,84.99,85.01,84.69,84.76,623
31-07-2026 23:00,84.75,85.08,84.60,85.01,680
31-07-2026 23:15,85.01,85.06,84.66,84.67,697
31-07-2026 23:30,84.65,85.02,84.54,84.74,844
31-07-2026 23:45,84.73,85.13,84.52,84.55,988
01-08-2026 00:00,84.54,84.70,84.47,84.69,536
01-08-2026 00:15,84.69,84.71,84.51,84.58,321
01-08-2026 00:30,84.58,84.72,84.52,84.62,307
01-08-2026 00:45,84.62,84.93,84.62,84.79,288
01-08-2026 01:00,84.79,84.86,84.69,84.76,235
01-08-2026 01:15,84.76,84.83,84.72,84.74,354
01-08-2026 01:30,84.74,84.78,84.50,84.55,325
01-08-2026 01:45,84.55,84.63,84.45,84.60,263
01-08-2026 02:00,84.60,84.77,84.45,84.58,301
01-08-2026 02:15,84.58,86.77,84.50,86.28,1012
03-08-2026 03:30,80.05,80.07,78.79,79.88,1214
03-08-2026 03:45,79.88,80.99,79.88,80.60,747
03-08-2026 04:00,80.60,80.88,80.53,80.81,343
03-08-2026 04:15,80.81,81.27,80.78,81.21,419
03-08-2026 04:30,81.21,81.28,80.85,81.06,356
03-08-2026 04:45,81.06,81.06,80.76,80.82,234
03-08-2026 05:00,80.81,80.85,80.59,80.60,258
03-08-2026 05:15,80.60,80.77,80.40,80.70,329
03-08-2026 05:30,80.69,80.97,80.60,80.68,420
03-08-2026 05:45,80.68,80.68,80.44,80.44,374
03-08-2026 06:00,80.44,80.57,80.31,80.48,382
03-08-2026 06:15,80.48,80.73,80.48,80.60,306
03-08-2026 06:30,80.60,80.77,80.36,80.67,1075
03-08-2026 06:45,80.67,80.70,80.35,80.39,580
03-08-2026 07:00,80.39,80.56,80.17,80.17,558
03-08-2026 07:15,80.17,80.25,80.01,80.10,453
03-08-2026 07:30,80.09,80.21,79.89,80.16,516
03-08-2026 07:45,80.16,80.26,80.05,80.12,277
03-08-2026 08:00,80.12,80.35,80.02,80.24,549
03-08-2026 08:15,80.23,80.23,79.55,79.68,509
03-08-2026 08:30,79.68,79.96,79.60,79.85,438
03-08-2026 08:45,79.84,79.92,79.64,79.87,314
03-08-2026 09:00,79.87,80.12,79.86,80.11,435
03-08-2026 09:15,80.11,80.14,79.71,79.73,260
03-08-2026 09:30,79.72,79.81,79.66,79.77,294
03-08-2026 09:45,79.77,79.77,79.57,79.65,210
03-08-2026 10:00,79.64,79.79,79.64,79.76,202
03-08-2026 10:15,79.76,79.76,79.50,79.50,180
03-08-2026 10:30,79.50,79.58,79.40,79.45,294
03-08-2026 10:45,79.45,79.52,79.37,79.44,198
03-08-2026 11:00,79.44,79.63,79.36,79.61,425
03-08-2026 11:15,79.61,79.87,79.61,79.62,392
03-08-2026 11:30,79.63,79.70,79.30,79.34,485
03-08-2026 11:45,79.34,79.50,79.19,79.22,498
03-08-2026 12:00,79.23,79.35,78.93,79.03,597
03-08-2026 12:15,79.04,79.13,78.87,79.07,610
03-08-2026 12:30,79.08,79.61,79.04,79.60,745
03-08-2026 12:45,79.60,80.42,79.55,79.71,1073
03-08-2026 13:00,79.71,80.03,79.53,79.87,743
03-08-2026 13:15,79.86,79.92,79.33,79.67,789
03-08-2026 13:30,79.67,79.91,79.53,79.65,819
03-08-2026 13:45,79.65,80.03,79.65,79.78,1048
03-08-2026 14:00,79.77,80.43,79.70,80.33,924
03-08-2026 14:15,80.33,80.63,80.14,80.25,735
03-08-2026 14:30,80.25,80.30,79.70,79.81,654
03-08-2026 14:45,79.81,79.95,79.65,79.79,541
03-08-2026 15:00,79.79,80.06,79.46,79.90,605
03-08-2026 15:15,79.89,80.03,79.64,80.03,694
03-08-2026 15:30,80.03,80.03,79.55,79.64,580
03-08-2026 15:45,79.64,79.75,79.53,79.71,525
03-08-2026 16:00,79.71,79.75,79.30,79.51,547
03-08-2026 16:15,79.51,79.65,79.33,79.49,505
03-08-2026 16:30,79.50,79.58,79.34,79.58,567
03-08-2026 16:45,79.58,79.86,79.51,79.83,534
03-08-2026 17:00,79.81,79.87,79.43,79.50,537
03-08-2026 17:15,79.50,79.64,79.00,79.03,678
03-08-2026 17:30,79.03,79.15,78.89,78.94,786
03-08-2026 17:45,78.94,79.18,78.80,79.11,668
03-08-2026 18:00,79.10,79.10,78.84,78.90,648
03-08-2026 18:15,78.90,79.37,78.82,79.00,881
03-08-2026 18:30,79.00,79.34,78.63,79.32,1164
03-08-2026 18:45,79.31,79.37,79.03,79.27,943
03-08-2026 19:00,79.29,79.36,78.43,78.70,1189
03-08-2026 19:15,78.70,79.18,78.45,79.11,822
03-08-2026 19:30,79.11,79.42,79.10,79.23,901
03-08-2026 19:45,79.23,79.39,79.01,79.22,737
03-08-2026 20:00,79.21,79.64,79.21,79.42,838
03-08-2026 20:15,79.42,79.65,79.25,79.65,783
03-08-2026 20:30,79.65,79.87,79.38,79.53,944
03-08-2026 20:45,79.52,80.13,79.40,79.99,1164
03-08-2026 21:00,79.96,79.96,79.37,79.76,974
03-08-2026 21:15,79.75,79.83,79.52,79.62,586
03-08-2026 21:30,79.61,79.77,79.39,79.68,634
03-08-2026 21:45,79.68,79.73,79.32,79.46,608
03-08-2026 22:00,79.47,79.87,79.40,79.70,710
03-08-2026 22:15,79.70,79.79,79.40,79.56,524
03-08-2026 22:30,79.56,80.20,79.56,80.14,699
03-08-2026 22:45,80.14,80.14,79.81,79.99,583
03-08-2026 23:00,79.99,80.08,79.86,79.86,377
03-08-2026 23:15,79.86,80.29,79.83,79.99,694
03-08-2026 23:30,80.01,80.02,79.45,79.65,1104
03-08-2026 23:45,79.65,80.38,79.64,80.34,973
04-08-2026 00:00,80.35,80.48,80.17,80.40,533
04-08-2026 00:15,80.40,80.62,80.33,80.36,434
04-08-2026 00:30,80.36,80.55,80.24,80.45,401
04-08-2026 00:45,80.45,80.46,80.19,80.45,309
04-08-2026 01:00,80.45,80.48,80.19,80.25,234
04-08-2026 01:15,80.25,80.34,80.10,80.12,239
04-08-2026 01:30,80.12,80.21,80.04,80.16,169
04-08-2026 01:45,80.16,80.20,80.03,80.08,140
04-08-2026 02:00,80.08,80.08,79.84,79.93,178
04-08-2026 02:15,79.93,80.06,79.86,80.02,193
04-08-2026 03:30,79.97,80.05,79.94,79.95,116
04-08-2026 03:45,79.95,79.99,79.95,79.97,51
04-08-2026 04:00,79.97,80.05,79.93,79.93,81
04-08-2026 04:15,79.93,80.11,79.61,80.06,209
04-08-2026 04:30,80.06,80.28,80.03,80.15,160
04-08-2026 04:45,80.15,80.16,79.82,79.84,117
04-08-2026 05:00,79.84,80.08,79.81,80.03,152
04-08-2026 05:15,80.03,80.32,80.03,80.23,247
04-08-2026 05:30,80.21,80.68,80.21,80.59,340
04-08-2026 05:45,80.59,80.82,80.50,80.62,274
04-08-2026 06:00,80.62,80.83,80.59,80.68,255
04-08-2026 06:15,80.68,81.16,80.66,81.00,456
04-08-2026 06:30,81.00,81.17,80.73,80.76,642
04-08-2026 06:45,80.76,80.87,80.64,80.84,370
04-08-2026 07:00,80.84,81.03,80.73,80.96,427
04-08-2026 07:15,80.97,81.07,80.92,80.97,371
04-08-2026 07:30,80.97,81.05,80.78,81.04,407
04-08-2026 07:45,81.04,81.06,80.87,81.02,239
04-08-2026 08:00,81.02,81.24,80.98,81.11,469
04-08-2026 08:15,81.11,81.18,81.06,81.14,286
04-08-2026 08:30,81.14,81.26,81.05,81.05,384
04-08-2026 08:45,81.05,81.13,80.94,80.94,267
04-08-2026 09:00,80.93,81.19,80.86,81.13,225
04-08-2026 09:15,81.12,81.22,81.01,81.16,203
04-08-2026 09:30,81.17,81.22,81.06,81.22,163
04-08-2026 09:45,81.22,81.23,81.05,81.07,169
04-08-2026 10:00,81.06,81.25,81.05,81.23,188
04-08-2026 10:15,81.23,81.27,81.18,81.20,156
04-08-2026 10:30,81.20,81.40,81.15,81.28,189
04-08-2026 10:45,81.27,81.34,81.21,81.32,247
04-08-2026 11:00,81.32,81.42,81.10,81.27,595
04-08-2026 11:15,81.27,81.36,80.87,80.87,505
04-08-2026 11:30,80.89,81.06,80.72,80.73,546
04-08-2026 11:45,80.73,81.01,80.73,80.80,432
04-08-2026 12:00,80.80,80.97,80.63,80.64,460
04-08-2026 12:15,80.64,80.80,80.40,80.43,526
04-08-2026 12:30,80.43,80.68,80.21,80.62,672
04-08-2026 12:45,80.62,80.99,80.45,80.95,551
04-08-2026 13:00,80.95,81.02,80.73,80.89,537
04-08-2026 13:15,80.89,80.94,80.67,80.73,627
04-08-2026 13:30,80.72,80.94,80.44,80.75,819
04-08-2026 13:45,80.74,80.91,80.70,80.75,952
04-08-2026 14:00,80.78,81.74,80.76,81.64,1072
04-08-2026 14:15,81.63,82.25,81.63,82.09,833
04-08-2026 14:30,82.10,82.31,82.01,82.21,709
04-08-2026 14:45,82.22,82.28,82.02,82.05,579
04-08-2026 15:00,82.05,82.17,81.70,82.04,656
04-08-2026 15:15,82.04,82.30,81.83,81.83,658
04-08-2026 15:30,81.82,81.87,81.47,81.81,703
04-08-2026 15:45,81.81,82.00,81.65,81.96,558
04-08-2026 16:00,81.93,81.93,81.28,81.51,604
04-08-2026 16:15,81.51,81.51,80.54,80.82,1547
04-08-2026 16:30,80.81,80.94,80.05,80.22,1189
04-08-2026 16:45,80.21,80.26,79.60,79.63,961
04-08-2026 17:00,79.63,79.96,78.50,78.53,1123
04-08-2026 17:15,78.53,78.76,76.57,76.65,2231
04-08-2026 17:30,76.69,77.98,76.69,77.95,1575
04-08-2026 17:45,77.94,78.11,77.66,77.87,996
04-08-2026 18:00,77.86,78.06,77.66,77.92,871
04-08-2026 18:15,77.92,77.97,77.23,77.49,912
04-08-2026 18:30,77.50,77.85,77.40,77.47,1275
04-08-2026 18:45,77.48,77.66,76.26,76.44,1632
04-08-2026 19:00,76.43,76.59,75.95,76.34,1541
04-08-2026 19:15,76.33,76.39,75.76,75.93,1274
04-08-2026 19:30,75.93,76.37,75.79,75.96,1410
04-08-2026 19:45,75.98,76.44,75.86,76.43,1039
04-08-2026 20:00,76.45,76.86,76.16,76.83,1351
04-08-2026 20:15,76.81,76.98,76.59,76.88,875
04-08-2026 20:30,76.87,77.03,76.71,76.85,1081
04-08-2026 20:45,76.84,76.85,76.29,76.29,1079
04-08-2026 21:00,76.30,76.39,75.19,75.34,1562
04-08-2026 21:15,75.35,75.82,75.27,75.71,1106
04-08-2026 21:30,75.71,76.19,75.69,76.17,823
04-08-2026 21:45,76.17,76.25,75.87,76.01,724
04-08-2026 22:00,76.01,76.26,76.01,76.08,578
04-08-2026 22:15,76.08,76.30,76.00,76.19,602
04-08-2026 22:30,76.19,76.25,75.57,75.59,606
04-08-2026 22:45,75.59,75.97,75.58,75.92,590
04-08-2026 23:00,75.92,75.98,75.56,75.61,619
04-08-2026 23:15,75.61,75.89,75.59,75.87,579
04-08-2026 23:30,75.87,75.96,75.68,75.70,842
04-08-2026 23:45,75.70,75.84,75.55,75.71,808
05-08-2026 00:00,75.72,75.90,75.62,75.80,453
05-08-2026 00:15,75.80,75.85,75.73,75.78,223
05-08-2026 00:30,75.78,75.85,75.66,75.79,247
05-08-2026 00:45,75.79,75.88,75.72,75.72,321
05-08-2026 01:00,75.72,75.79,75.64,75.79,262
05-08-2026 01:15,75.79,75.98,75.73,75.76,301
05-08-2026 01:30,75.76,75.82,75.23,75.35,394
05-08-2026 01:45,75.35,75.39,75.18,75.38,367
05-08-2026 02:00,75.38,75.62,75.20,75.23,436
05-08-2026 02:15,75.23,75.40,75.12,75.17,287
05-08-2026 03:30,75.27,75.37,75.21,75.31,108
05-08-2026 03:45,75.31,75.39,75.26,75.29,85
05-08-2026 04:00,75.29,75.30,75.14,75.19,125
05-08-2026 04:15,75.19,75.39,75.18,75.33,106
05-08-2026 04:30,75.33,75.36,75.24,75.24,91
05-08-2026 04:45,75.24,75.24,75.06,75.11,159
05-08-2026 05:00,75.10,75.23,75.07,75.17,85
05-08-2026 05:15,75.17,75.28,75.16,75.21,100
05-08-2026 05:30,75.21,75.29,74.51,75.14,645
05-08-2026 05:45,75.15,75.40,75.12,75.35,361
05-08-2026 06:00,75.36,75.42,75.28,75.39,263
05-08-2026 06:15,75.39,75.48,75.31,75.37,374
05-08-2026 06:30,75.37,75.95,75.37,75.80,675
05-08-2026 06:45,75.80,76.00,75.79,75.98,363
05-08-2026 07:00,75.98,76.03,75.86,75.91,312
05-08-2026 07:15,75.92,76.03,75.82,75.95,292
05-08-2026 07:30,75.95,76.01,75.13,75.16,650
05-08-2026 07:45,75.16,75.32,74.73,74.85,522
05-08-2026 08:00,74.85,74.90,74.21,74.27,831
05-08-2026 08:15,74.27,74.75,74.27,74.72,505
05-08-2026 08:30,74.72,74.76,74.51,74.56,470
05-08-2026 08:45,74.56,74.69,74.42,74.69,337
05-08-2026 09:00,74.69,74.83,74.43,74.62,414
05-08-2026 09:15,74.61,74.72,74.52,74.54,213
05-08-2026 09:30,74.54,74.85,74.48,74.84,303
05-08-2026 09:45,74.84,75.06,74.82,74.94,273
05-08-2026 10:00,74.94,75.22,74.89,75.16,267
05-08-2026 10:15,75.16,75.26,75.10,75.15,221
05-08-2026 10:30,75.15,75.31,75.09,75.21,273
05-08-2026 10:45,75.21,75.26,75.05,75.21,313
05-08-2026 11:00,75.21,75.21,74.74,75.00,637
05-08-2026 11:15,75.00,75.13,74.81,75.03,524
05-08-2026 11:30,75.04,75.39,74.94,75.19,676
05-08-2026 11:45,75.22,75.27,74.92,75.16,627
05-08-2026 12:00,75.16,75.47,75.13,75.18,630
05-08-2026 12:15,75.17,75.33,74.98,75.01,693
05-08-2026 12:30,75.01,75.86,74.87,75.76,1032
05-08-2026 12:45,75.75,76.11,75.59,76.09,819
05-08-2026 13:00,76.09,76.25,75.94,76.00,729
05-08-2026 13:15,76.00,76.19,75.85,76.00,528
05-08-2026 13:30,75.98,76.27,75.74,76.25,866
05-08-2026 13:45,76.25,76.28,75.87,76.01,1045
05-08-2026 14:00,76.00,76.31,75.84,76.13,901
05-08-2026 14:15,76.13,76.38,76.06,76.21,737
05-08-2026 14:30,76.20,76.28,75.86,75.88,672
05-08-2026 14:45,75.88,76.37,75.84,76.25,719
05-08-2026 15:00,76.26,76.36,76.10,76.22,522
05-08-2026 15:15,76.22,76.53,76.16,76.49,605
05-08-2026 15:30,76.49,76.63,76.44,76.45,511
05-08-2026 15:45,76.45,76.68,76.32,76.62,561
05-08-2026 16:00,76.62,76.65,76.26,76.42,573
05-08-2026 16:15,76.42,76.53,76.12,76.21,492
05-08-2026 16:30,76.21,76.37,75.98,76.03,503
05-08-2026 16:45,76.03,76.28,75.98,76.17,455
05-08-2026 17:00,76.17,76.21,75.80,75.93,625
05-08-2026 17:15,75.93,76.19,75.89,76.03,577
05-08-2026 17:30,76.04,76.24,75.87,75.90,676
05-08-2026 17:45,75.90,76.36,75.79,76.35,754
05-08-2026 18:00,76.34,76.58,76.19,76.22,721
05-08-2026 18:15,76.23,76.54,76.05,76.49,642
05-08-2026 18:30,76.50,76.51,75.69,75.80,1070
05-08-2026 18:45,75.80,76.00,75.67,75.83,713
05-08-2026 19:00,75.83,75.84,74.97,75.42,1177
05-08-2026 19:15,75.43,75.61,75.24,75.48,1025
05-08-2026 19:30,75.53,75.56,74.66,74.98,1457
05-08-2026 19:45,74.98,75.16,74.80,74.91,841
05-08-2026 20:00,74.87,75.09,74.78,75.00,870
05-08-2026 20:15,75.00,75.35,74.96,75.13,949
05-08-2026 20:30,75.12,75.53,74.51,75.53,1307
05-08-2026 20:45,75.53,75.80,75.00,75.16,1295
05-08-2026 21:00,75.16,75.34,75.05,75.22,854
05-08-2026 21:15,75.22,75.61,75.22,75.58,847
05-08-2026 21:30,75.60,75.76,75.43,75.54,754
05-08-2026 21:45,75.54,75.74,75.54,75.62,598
05-08-2026 22:00,75.64,75.67,75.15,75.19,629
05-08-2026 22:15,75.19,75.31,74.74,74.89,815
05-08-2026 22:30,74.89,74.99,74.60,74.67,794
05-08-2026 22:45,74.67,74.68,74.43,74.51,634
05-08-2026 23:00,74.51,74.73,74.44,74.61,636
05-08-2026 23:15,74.61,74.86,74.55,74.86,458
05-08-2026 23:30,74.85,75.26,74.84,75.25,719
05-08-2026 23:45,75.25,75.38,75.11,75.17,848
06-08-2026 00:00,75.17,75.41,75.16,75.22,458
06-08-2026 00:15,75.22,75.31,75.05,75.30,355
06-08-2026 00:30,75.30,75.37,75.09,75.13,288
06-08-2026 00:45,75.13,75.27,75.13,75.25,209
06-08-2026 01:00,75.25,75.25,75.11,75.12,189
06-08-2026 01:15,75.12,75.15,75.00,75.14,263
06-08-2026 01:30,75.14,75.14,74.86,74.98,255
06-08-2026 01:45,74.98,75.09,74.96,75.06,183
06-08-2026 02:00,75.06,75.10,74.90,74.97,149
06-08-2026 02:15,74.97,75.07,74.94,75.03,260
06-08-2026 03:30,75.00,75.19,74.93,75.11,112
06-08-2026 03:45,75.11,75.18,75.03,75.08,95
06-08-2026 04:00,75.08,75.16,75.03,75.03,58
06-08-2026 04:15,75.03,75.08,75.01,75.03,55
06-08-2026 04:30,75.03,75.08,74.95,74.96,43
06-08-2026 04:45,74.96,75.03,74.90,75.03,79
06-08-2026 05:00,75.03,75.03,74.95,74.97,62
06-08-2026 05:15,74.97,75.02,74.83,74.86,102
06-08-2026 05:30,74.86,75.01,74.73,74.76,232
06-08-2026 05:45,74.76,74.99,74.62,74.97,289
06-08-2026 06:00,74.97,75.14,74.89,74.98,311
06-08-2026 06:15,74.99,75.00,74.72,74.92,302
06-08-2026 06:30,74.93,75.54,74.89,75.43,855
06-08-2026 06:45,75.43,76.02,75.38,75.70,882
06-08-2026 07:00,75.70,75.87,75.67,75.71,681
06-08-2026 07:15,75.71,75.87,75.62,75.74,527
06-08-2026 07:30,75.74,75.78,75.48,75.57,445
06-08-2026 07:45,75.57,75.63,75.42,75.48,193
06-08-2026 08:00,75.48,75.68,75.47,75.52,374
06-08-2026 08:15,75.52,75.58,75.40,75.45,353
06-08-2026 08:30,75.46,75.49,75.36,75.46,260
06-08-2026 08:45,75.46,75.53,75.17,75.23,319
06-08-2026 09:00,75.22,75.22,74.89,75.00,350
06-08-2026 09:15,74.99,75.08,74.89,74.89,204
06-08-2026 09:30,74.89,74.94,74.73,74.80,223
06-08-2026 09:45,74.80,74.83,74.68,74.73,170
06-08-2026 10:00,74.74,74.79,74.60,74.78,251
06-08-2026 10:15,74.78,74.82,74.70,74.79,137
06-08-2026 10:30,74.78,74.95,74.77,74.80,227
06-08-2026 10:45,74.80,74.81,74.62,74.64,175
06-08-2026 11:00,74.64,74.94,74.56,74.87,554
06-08-2026 11:15,74.87,74.91,74.81,74.86,431
06-08-2026 11:30,74.86,75.46,74.83,75.39,650
06-08-2026 11:45,75.39,75.46,75.20,75.21,512
06-08-2026 12:00,75.21,75.61,75.21,75.45,552
06-08-2026 12:15,75.45,75.62,75.23,75.25,565
06-08-2026 12:30,75.26,75.43,75.01,75.25,665
06-08-2026 12:45,75.25,75.30,74.97,75.15,647
06-08-2026 13:00,75.15,75.46,75.05,75.38,605
06-08-2026 13:15,75.38,75.52,75.26,75.40,632
06-08-2026 13:30,75.41,75.64,75.25,75.64,710
06-08-2026 13:45,75.64,75.78,75.08,75.14,999
06-08-2026 14:00,75.14,75.29,74.91,75.06,986
06-08-2026 14:15,75.07,75.20,74.90,75.15,658
06-08-2026 14:30,75.15,75.51,75.09,75.35,608
06-08-2026 14:45,75.36,75.44,75.09,75.16,520
06-08-2026 15:00,75.16,75.43,75.05,75.40,473
06-08-2026 15:15,75.40,75.45,75.09,75.13,441
06-08-2026 15:30,75.13,75.63,75.09,75.56,511
06-08-2026 15:45,75.56,75.93,75.47,75.72,662
06-08-2026 16:00,75.73,75.92,75.69,75.89,495
06-08-2026 16:15,75.90,76.03,75.79,75.86,546
06-08-2026 16:30,75.87,75.98,75.74,75.91,421
06-08-2026 16:45,75.90,75.97,75.81,75.84,296
06-08-2026 17:00,75.83,75.89,75.75,75.77,358
06-08-2026 17:15,75.77,76.20,75.67,75.68,701
06-08-2026 17:30,75.68,76.15,75.59,75.85,713
06-08-2026 17:45,75.85,76.31,75.79,76.19,612
06-08-2026 18:00,76.19,76.41,76.12,76.27,548
06-08-2026 18:15,76.27,76.34,76.10,76.21,498
06-08-2026 18:30,76.21,76.82,76.16,76.62,994
06-08-2026 18:45,76.62,76.62,76.12,76.18,779
06-08-2026 19:00,76.18,76.26,75.95,75.98,864
06-08-2026 19:15,75.97,76.24,75.89,76.12,690
06-08-2026 19:30,76.12,76.22,75.91,76.14,639
06-08-2026 19:45,76.14,76.43,76.11,76.37,627
06-08-2026 20:00,76.39,76.51,76.17,76.40,684
06-08-2026 20:15,76.40,76.73,76.40,76.56,692
06-08-2026 20:30,76.56,76.81,76.49,76.70,807
06-08-2026 20:45,76.70,77.17,76.70,76.82,1014
06-08-2026 21:00,76.82,77.08,76.76,76.83,874
06-08-2026 21:15,76.83,78.12,76.81,77.73,1307
06-08-2026 21:30,77.73,77.94,77.56,77.85,1142
06-08-2026 21:45,77.86,78.02,77.66,77.67,931
06-08-2026 22:00,77.68,78.04,77.59,78.03,848
06-08-2026 22:15,78.03,78.06,77.77,77.86,642
06-08-2026 22:30,77.86,77.86,77.65,77.73,666
06-08-2026 22:45,77.73,77.87,77.57,77.61,528
06-08-2026 23:00,77.61,77.68,77.23,77.33,592
06-08-2026 23:15,77.33,77.38,77.13,77.29,606
06-08-2026 23:30,77.30,77.47,77.10,77.27,652
06-08-2026 23:45,77.27,77.44,77.17,77.26,854
07-08-2026 00:00,77.27,77.33,77.13,77.26,370
07-08-2026 00:15,77.25,77.42,77.21,77.39,178
07-08-2026 00:30,77.39,77.66,77.39,77.57,289
07-08-2026 00:45,77.57,78.28,77.50,78.12,704
07-08-2026 01:00,78.12,78.28,77.85,77.94,582
07-08-2026 01:15,77.94,78.05,77.39,77.68,683
07-08-2026 01:30,77.66,77.82,77.58,77.75,382
07-08-2026 01:45,77.76,78.15,77.64,78.08,474
07-08-2026 02:00,78.07,78.26,77.96,78.13,284
07-08-2026 02:15,78.13,78.50,78.12,78.26,418
07-08-2026 03:30,77.98,78.14,77.94,78.10,137
07-08-2026 03:45,78.11,78.13,77.97,78.06,111
07-08-2026 04:00,78.06,78.14,78.05,78.09,50
07-08-2026 04:15,78.09,78.12,78.01,78.09,57
07-08-2026 04:30,78.09,78.11,78.04,78.06,47
07-08-2026 04:45,78.06,78.09,77.99,78.04,55
07-08-2026 05:00,78.04,78.09,78.03,78.05,72
07-08-2026 05:15,78.05,78.09,77.94,77.97,93
07-08-2026 05:30,77.95,78.23,77.92,78.10,346
07-08-2026 05:45,78.10,78.31,78.09,78.24,325
07-08-2026 06:00,78.25,78.40,78.17,78.20,276
07-08-2026 06:15,78.20,78.21,77.85,77.91,361
07-08-2026 06:30,77.91,78.00,77.73,77.82,716
07-08-2026 06:45,77.82,78.01,77.78,77.84,430
07-08-2026 07:00,77.84,77.88,77.73,77.78,363
07-08-2026 07:15,77.78,77.98,77.78,77.91,325
07-08-2026 07:30,77.91,78.10,77.91,78.00,378
07-08-2026 07:45,78.01,78.13,77.96,78.10,184
07-08-2026 08:00,78.10,78.19,78.01,78.07,352
07-08-2026 08:15,78.06,78.09,77.96,77.99,229
07-08-2026 08:30,77.99,78.10,77.88,78.07,226
07-08-2026 08:45,78.07,78.24,78.03,78.05,329
07-08-2026 09:00,78.04,78.08,77.94,77.99,168
07-08-2026 09:15,78.01,78.08,77.98,78.03,136
07-08-2026 09:30,78.03,78.32,77.97,78.25,322
07-08-2026 09:45,78.26,78.67,78.26,78.67,817
07-08-2026 10:00,78.63,78.74,78.25,78.44,526
07-08-2026 10:15,78.45,78.48,78.22,78.31,243
07-08-2026 10:30,78.31,78.32,78.20,78.31,229
07-08-2026 10:45,78.30,78.34,78.23,78.31,188
07-08-2026 11:00,78.32,78.38,78.14,78.22,525
07-08-2026 11:15,78.22,78.33,78.04,78.04,391
07-08-2026 11:30,78.04,78.14,77.77,77.81,454
07-08-2026 11:45,77.81,77.90,77.57,77.57,469
07-08-2026 12:00,77.57,78.08,77.54,78.05,533
07-08-2026 12:15,78.05,78.10,77.83,77.85,463
07-08-2026 12:30,77.85,78.03,77.64,77.65,455
07-08-2026 12:45,77.65,77.82,77.52,77.54,394
07-08-2026 13:00,77.54,77.83,77.50,77.83,373
07-08-2026 13:15,77.83,77.93,77.69,77.74,396
07-08-2026 13:30,77.74,77.79,77.45,77.66,493
07-08-2026 13:45,77.66,77.95,77.64,77.83,687
07-08-2026 14:00,77.84,77.96,77.58,77.83,592
07-08-2026 14:15,77.83,78.02,77.68,77.72,457
07-08-2026 14:30,77.72,77.82,77.51,77.58,456
07-08-2026 14:45,77.58,77.76,77.50,77.50,423
07-08-2026 15:00,77.51,77.53,77.08,77.22,564
07-08-2026 15:15,77.22,77.35,77.08,77.23,507
07-08-2026 15:30,77.23,77.23,76.92,77.01,525
07-08-2026 15:45,77.01,77.29,77.01,77.09,512
07-08-2026 16:00,77.08,77.09,76.83,76.86,555
07-08-2026 16:15,76.86,76.99,76.78,76.81,491
07-08-2026 16:30,76.81,76.96,76.70,76.95,388
07-08-2026 16:45,76.96,77.06,76.69,76.75,430
07-08-2026 17:00,76.75,76.83,76.58,76.69,431
07-08-2026 17:15,76.69,76.74,76.56,76.73,368
07-08-2026 17:30,76.73,77.02,76.62,77.01,392
07-08-2026 17:45,77.02,77.48,76.98,77.33,571
07-08-2026 18:00,77.33,77.36,76.60,76.73,921
07-08-2026 18:15,76.74,76.85,76.57,76.72,578
07-08-2026 18:30,76.72,77.01,76.54,76.75,835
07-08-2026 18:45,76.75,77.11,76.70,76.92,632
07-08-2026 19:00,76.92,77.09,76.83,77.01,712
07-08-2026 19:15,77.01,77.32,76.97,77.31,651
07-08-2026 19:30,77.30,77.95,77.16,77.69,931
07-08-2026 19:45,77.68,77.78,77.34,77.63,733
07-08-2026 20:00,77.64,77.73,77.40,77.47,653
07-08-2026 20:15,77.47,78.09,77.43,78.07,738
07-08-2026 20:30,78.07,78.42,77.95,78.15,952
07-08-2026 20:45,78.15,78.35,78.05,78.15,1005
07-08-2026 21:00,78.15,78.32,77.94,78.05,719
07-08-2026 21:15,78.05,78.47,77.93,78.38,586
07-08-2026 21:30,78.39,78.47,78.15,78.27,542
07-08-2026 21:45,78.27,78.47,78.17,78.38,572
07-08-2026 22:00,78.38,78.44,78.13,78.20,438
07-08-2026 22:15,78.20,78.35,78.14,78.34,407
07-08-2026 22:30,78.34,78.35,77.96,77.97,540
07-08-2026 22:45,77.97,78.07,77.89,77.98,500
07-08-2026 23:00,77.98,78.01,77.73,77.94,453
07-08-2026 23:15,77.94,78.12,77.91,78.06,475
07-08-2026 23:30,78.06,78.32,78.03,78.23,484
07-08-2026 23:45,78.23,78.35,77.92,78.17,793
08-08-2026 00:00,78.17,78.28,78.04,78.23,320
08-08-2026 00:15,78.23,78.24,78.03,78.08,195
08-08-2026 00:30,78.09,78.09,77.32,77.37,882
08-08-2026 00:45,77.37,77.46,76.80,76.87,766
08-08-2026 01:00,76.87,77.06,76.81,76.92,536
08-08-2026 01:15,76.92,77.02,76.82,77.01,414
08-08-2026 01:30,77.00,77.05,76.81,77.03,346
08-08-2026 01:45,77.03,77.08,76.93,77.02,257
08-08-2026 02:00,77.02,77.16,77.00,77.15,261
08-08-2026 02:15,77.15,77.35,77.03,77.06,361
10-08-2026 03:30,78.40,79.40,78.27,79.00,845
10-08-2026 03:45,79.00,79.09,78.76,78.86,309
10-08-2026 04:00,78.86,78.89,78.55,78.80,347
10-08-2026 04:15,78.80,78.87,78.75,78.83,184
10-08-2026 04:30,78.83,78.85,78.60,78.64,210
10-08-2026 04:45,78.65,78.75,78.64,78.73,127
10-08-2026 05:00,78.72,78.91,78.70,78.81,152
10-08-2026 05:15,78.81,78.87,78.72,78.75,136
10-08-2026 05:30,78.75,78.82,78.49,78.81,301
10-08-2026 05:45,78.81,78.88,78.76,78.87,168
10-08-2026 06:00,78.87,78.94,78.71,78.80,223
10-08-2026 06:15,78.81,78.94,78.61,78.64,286
10-08-2026 06:30,78.64,79.02,78.16,78.96,975
10-08-2026 06:45,78.96,79.01,78.77,78.95,459
10-08-2026 07:00,78.96,79.12,78.93,79.00,417
10-08-2026 07:15,79.00,79.07,78.80,78.85,373
10-08-2026 07:30,78.85,78.98,78.84,78.86,304
10-08-2026 07:45,78.86,78.88,78.64,78.67,156
10-08-2026 08:00,78.67,78.75,78.57,78.65,329
10-08-2026 08:15,78.64,78.90,78.62,78.81,292
10-08-2026 08:30,78.82,78.85,78.56,78.67,309
10-08-2026 08:45,78.67,78.68,78.53,78.62,261
10-08-2026 09:00,78.62,78.83,78.62,78.73,296
10-08-2026 09:15,78.73,78.83,78.73,78.76,116
10-08-2026 09:30,78.76,78.85,78.72,78.82,93
10-08-2026 09:45,78.82,78.83,78.66,78.76,100
10-08-2026 10:00,78.76,78.76,78.55,78.57,151
10-08-2026 10:15,78.57,78.57,78.31,78.43,255
10-08-2026 10:30,78.43,78.59,78.40,78.50,258
10-08-2026 10:45,78.50,78.52,78.36,78.43,209
10-08-2026 11:00,78.44,78.48,78.34,78.37,456
10-08-2026 11:15,78.37,78.38,77.78,77.81,511
10-08-2026 11:30,77.81,78.30,77.78,78.19,561
10-08-2026 11:45,78.20,78.22,77.93,78.03,391
10-08-2026 12:00,78.04,78.06,77.82,78.02,402
10-08-2026 12:15,78.02,78.18,77.87,77.91,567
10-08-2026 12:30,77.89,78.64,77.87,78.44,790
10-08-2026 12:45,78.44,78.57,77.99,78.03,660
10-08-2026 13:00,78.03,78.34,77.99,78.07,587
10-08-2026 13:15,78.07,78.33,77.80,78.18,716
10-08-2026 13:30,78.18,78.35,78.16,78.28,600
10-08-2026 13:45,78.28,78.60,78.18,78.51,904
10-08-2026 14:00,78.52,79.10,78.37,79.01,742
10-08-2026 14:15,79.01,79.33,78.93,79.12,606
10-08-2026 14:30,79.12,79.12,78.91,78.94,549
10-08-2026 14:45,78.95,79.08,78.65,78.74,460
10-08-2026 15:00,78.75,79.06,78.69,79.01,473
10-08-2026 15:15,79.01,79.12,78.91,78.99,434
10-08-2026 15:30,79.00,79.02,78.72,78.83,413
10-08-2026 15:45,78.83,78.92,78.44,78.80,463
10-08-2026 16:00,78.79,79.47,78.75,79.34,609
10-08-2026 16:15,79.34,79.54,79.15,79.44,570
10-08-2026 16:30,79.44,79.57,79.26,79.28,415
10-08-2026 16:45,79.28,79.34,78.96,79.06,479
10-08-2026 17:00,79.06,79.51,78.99,79.46,593
10-08-2026 17:15,79.48,79.63,79.39,79.56,575
10-08-2026 17:30,79.56,79.61,79.36,79.54,622
10-08-2026 17:45,79.54,79.57,79.25,79.29,462
10-08-2026 18:00,79.29,79.76,79.29,79.73,552
10-08-2026 18:15,79.73,79.93,79.54,79.71,645
10-08-2026 18:30,79.71,79.71,79.22,79.46,1015
10-08-2026 18:45,79.46,79.67,79.16,79.65,859
10-08-2026 19:00,79.65,80.15,79.60,80.07,946
10-08-2026 19:15,80.07,80.97,80.07,80.84,1179
10-08-2026 19:30,80.85,80.88,80.59,80.73,871
10-08-2026 19:45,80.73,80.73,80.28,80.31,855
10-08-2026 20:00,80.31,80.63,80.27,80.61,822
10-08-2026 20:15,80.61,80.88,80.52,80.77,654
10-08-2026 20:30,80.77,81.02,80.65,80.87,901
10-08-2026 20:45,80.87,81.29,80.80,81.16,904
10-08-2026 21:00,81.17,81.33,81.02,81.28,796
10-08-2026 21:15,81.28,81.35,81.02,81.02,680
10-08-2026 21:30,81.03,81.09,80.81,81.03,670
10-08-2026 21:45,81.03,81.21,80.93,81.12,506
10-08-2026 22:00,81.13,81.55,81.05,81.46,765
10-08-2026 22:15,81.45,81.51,81.30,81.41,544
10-08-2026 22:30,81.41,81.64,81.41,81.50,669
10-08-2026 22:45,81.50,81.61,81.42,81.59,552
10-08-2026 23:00,81.59,81.82,81.50,81.80,597
10-08-2026 23:15,81.80,81.94,81.72,81.93,596
10-08-2026 23:30,81.93,81.95,81.75,81.80,406
10-08-2026 23:45,81.79,82.30,81.78,82.15,915
11-08-2026 00:00,82.17,82.28,82.09,82.12,416
11-08-2026 00:15,82.12,82.12,81.86,81.87,297
11-08-2026 00:30,81.87,81.91,81.65,81.74,445
11-08-2026 00:45,81.74,81.97,81.74,81.96,289
11-08-2026 01:00,81.96,82.07,81.93,82.02,279
11-08-2026 01:15,82.02,82.13,81.98,82.13,193
11-08-2026 01:30,82.12,82.21,82.08,82.18,248
11-08-2026 01:45,82.18,82.31,82.12,82.27,168
11-08-2026 02:00,82.27,82.36,82.23,82.34,214
11-08-2026 02:15,82.34,82.36,82.23,82.29,231
11-08-2026 03:30,82.14,82.26,82.14,82.17,114
11-08-2026 03:45,82.18,82.19,82.08,82.13,106
11-08-2026 04:00,82.13,82.16,82.05,82.12,97
11-08-2026 04:15,82.13,82.13,82.06,82.11,52
11-08-2026 04:30,82.11,82.11,82.00,82.01,78
11-08-2026 04:45,82.01,82.08,81.97,82.06,67
11-08-2026 05:00,82.06,82.14,82.05,82.08,78
11-08-2026 05:15,82.08,82.16,82.07,82.09,91
11-08-2026 05:30,82.11,82.27,82.00,82.16,266
11-08-2026 05:45,82.16,82.28,82.06,82.17,263
11-08-2026 06:00,82.18,82.23,82.12,82.15,171
11-08-2026 06:15,82.15,82.38,82.15,82.19,326
11-08-2026 06:30,82.19,82.36,81.99,82.24,759
11-08-2026 06:45,82.24,82.30,82.09,82.16,427
11-08-2026 07:00,82.16,82.49,82.15,82.38,459
11-08-2026 07:15,82.38,82.49,82.34,82.38,406
11-08-2026 07:30,82.37,82.38,82.26,82.36,409
11-08-2026 07:45,82.36,82.43,82.22,82.28,210
11-08-2026 08:00,82.28,82.28,82.15,82.18,328
11-08-2026 08:15,82.18,82.42,82.16,82.32,381
11-08-2026 08:30,82.32,82.39,82.22,82.25,317
11-08-2026 08:45,82.25,82.38,82.22,82.23,306
11-08-2026 09:00,82.23,82.23,82.08,82.11,153
11-08-2026 09:15,82.11,82.16,82.07,82.07,105
11-08-2026 09:30,82.07,82.09,81.99,82.02,169
11-08-2026 09:45,82.01,82.05,81.92,82.00,180
11-08-2026 10:00,82.00,82.25,81.94,82.23,329
11-08-2026 10:15,82.23,82.31,82.15,82.23,219
11-08-2026 10:30,82.23,82.38,82.20,82.37,226
11-08-2026 10:45,82.37,82.53,82.33,82.42,289
