datetime,open,high,low,close,volume
02-01-2026 04:30,4329.42,4335.28,4324.16,4330.71,1285
02-01-2026 04:45,4330.71,4342.62,4328.07,4340.24,1433
02-01-2026 05:00,4340.24,4345.43,4338.19,4345.31,1269
02-01-2026 05:15,4345.32,4351.54,4341.64,4348.13,1588
02-01-2026 05:30,4348.12,4353.25,4344.36,4347.86,1820
02-01-2026 05:45,4347.88,4349.2,4341.12,4347.08,2115
02-01-2026 06:00,4347.11,4350.74,4346.32,4349.55,2561
02-01-2026 06:15,4349.58,4356.16,4349.57,4354.07,2224
02-01-2026 06:30,4354.05,4356.06,4345.06,4346.39,2638
02-01-2026 06:45,4346.43,4349.66,4344.56,4349.08,2818
02-01-2026 07:00,4349.12,4351.36,4345.57,4346.6,2955
02-01-2026 07:15,4346.61,4354.3,4345.91,4347.86,2403
02-01-2026 07:30,4347.83,4351.89,4345.37,4346.81,1683
02-01-2026 07:45,4346.8,4348.21,4344.65,4347.65,2069
02-01-2026 08:00,4347.62,4353.25,4345.59,4351.32,2087
02-01-2026 08:15,4351.24,4362.92,4351.04,4362.65,2510
02-01-2026 08:30,4362.66,4371.61,4362.06,4368.78,2290
02-01-2026 08:45,4368.84,4370.54,4365.37,4368.97,2334
02-01-2026 09:00,4368.87,4374.79,4367.82,4373.64,2415
02-01-2026 09:15,4373.63,4375.65,4371.95,4375.08,2320
02-01-2026 09:30,4375.06,4378.56,4373.86,4374.68,2217
02-01-2026 09:45,4374.66,4375.65,4371.31,4373.45,2259
02-01-2026 10:00,4373.45,4375.26,4371.36,4375.22,1889
02-01-2026 10:15,4375.21,4375.59,4371.27,4373.2,1738
02-01-2026 10:30,4373.51,4380.03,4370.74,4377.66,2091
02-01-2026 10:45,4377.59,4380.27,4375.1,4378.32,2489
02-01-2026 11:00,4378.34,4379.63,4377.67,4378.59,1832
02-01-2026 11:15,4378.57,4381.59,4378.22,4380.55,2055
02-01-2026 11:30,4380.56,4380.84,4373.77,4374.85,2094
02-01-2026 11:45,4374.86,4379.88,4373.44,4379.62,2750
02-01-2026 12:00,4379.59,4379.64,4374.3,4374.32,2024
02-01-2026 12:15,4374.31,4376.14,4373.26,4374.57,2561
02-01-2026 12:30,4374.64,4377.98,4372.18,4376.9,2496
02-01-2026 12:45,4376.75,4377.4,4371.93,4373.64,2831
02-01-2026 13:00,4373.64,4380.48,4372.12,4375.59,2567
02-01-2026 13:15,4375.55,4383.24,4375.13,4382.6,2769
02-01-2026 13:30,4382.11,4386.41,4380.26,4384.93,2517
02-01-2026 13:45,4384.9,4385.68,4381.53,4385.2,2411
02-01-2026 14:00,4385.19,4390.28,4384.07,4390.21,2929
02-01-2026 14:15,4390.21,4397.3,4386.89,4386.98,3033
02-01-2026 14:30,4386.92,4390.98,4386.16,4390.01,2947
02-01-2026 14:45,4390,4391.53,4383.32,4388.69,2947
02-01-2026 15:00,4388.71,4389.65,4386.65,4388.64,2260
02-01-2026 15:15,4388.63,4389.36,4384.94,4385.39,2516
02-01-2026 15:30,4385.41,4388.43,4384.51,4388.06,2368
02-01-2026 15:45,4388.05,4390.19,4385.55,4386.33,2437
02-01-2026 16:00,4386.43,4396.36,4384.82,4393.56,2949
02-01-2026 16:15,4393.59,4398.47,4393.55,4396.03,2501
02-01-2026 16:30,4396,4397.88,4393.85,4395.01,2239
02-01-2026 16:45,4395.02,4399.15,4393.57,4394.1,1866
02-01-2026 17:00,4394.1,4395.54,4391.5,4394.89,2608
02-01-2026 17:15,4394.91,4395.47,4390.61,4392.82,2818
02-01-2026 17:30,4392.84,4397.13,4391.01,4395.2,2747
02-01-2026 17:45,4395.16,4398.11,4392.9,4393.16,2386
02-01-2026 18:00,4393.18,4394.41,4385.06,4387.91,3068
02-01-2026 18:15,4388.11,4394.68,4385.3,4394.27,3188
02-01-2026 18:30,4394.36,4400.77,4392.57,4399.68,3255
02-01-2026 18:45,4399.65,4402.42,4372.82,4374.39,4435
02-01-2026 19:00,4374.21,4376.87,4365.99,4372.41,4400
02-01-2026 19:15,4372.3,4377.76,4361.47,4365.8,4081
02-01-2026 19:30,4365.82,4372.53,4364.57,4370.23,3598
02-01-2026 19:45,4370.23,4373.37,4367.04,4368.2,3807
02-01-2026 20:00,4368.28,4370.04,4347.94,4356.27,5618
02-01-2026 20:15,4356.29,4362.89,4352.1,4353.31,5066
02-01-2026 20:30,4352.3,4356.65,4333.51,4340.25,5298
02-01-2026 20:45,4340.45,4342.52,4330.14,4336.33,5313
02-01-2026 21:00,4336.34,4346.52,4331.41,4345.93,4620
02-01-2026 21:15,4345.85,4346.8,4333.61,4335.19,4957
02-01-2026 21:30,4335.18,4337.19,4319.86,4322.43,5365
02-01-2026 21:45,4321.79,4324.81,4314.34,4321.39,4999
02-01-2026 22:00,4321.42,4328.04,4314.92,4325.7,4193
02-01-2026 22:15,4325.63,4328.12,4321.31,4326.31,4004
02-01-2026 22:30,4326.27,4333.42,4324.66,4329.96,3920
02-01-2026 22:45,4329.96,4332.82,4323.92,4328.69,3265
02-01-2026 23:00,4328.7,4331.17,4323.51,4326.24,3636
02-01-2026 23:15,4326.16,4327.96,4322.57,4322.82,3922
02-01-2026 23:30,4322.04,4323.6,4312.47,4314.45,3665
02-01-2026 23:45,4314.4,4321.49,4310.52,4318.43,3929
03-01-2026 00:00,4318.43,4319.27,4309.6,4312.29,3231
03-01-2026 00:15,4312.46,4315.48,4311.89,4314.94,3200
03-01-2026 00:30,4315.72,4322.01,4315.6,4321.3,3172
03-01-2026 00:45,4321.32,4322.94,4316.27,4318.41,2973
03-01-2026 01:00,4318.45,4326.12,4318.06,4322.62,3173
03-01-2026 01:15,4322.54,4322.77,4317.36,4318.01,3350
03-01-2026 01:30,4318.04,4321.33,4317.07,4319.79,3122
03-01-2026 01:45,4319.81,4329.23,4318.56,4328.29,3202
03-01-2026 02:00,4328.25,4329.02,4325.05,4326.65,2605
03-01-2026 02:15,4326.68,4331.44,4326.14,4331.32,3008
03-01-2026 02:30,4331.31,4331.7,4326.94,4328.8,1779
03-01-2026 02:45,4328.76,4329.55,4327.64,4328.72,906
03-01-2026 03:00,4328.68,4330.37,4327.18,4328.49,910
03-01-2026 03:15,4328.39,4333.91,4328.3,4331.94,1147
05-01-2026 04:30,4356.66,4370.51,4349.77,4370.02,2037
05-01-2026 04:45,4370.07,4372.54,4361.12,4366.82,2658
05-01-2026 05:00,4366.11,4366.11,4354.24,4362.05,2547
05-01-2026 05:15,4361.92,4375.77,4361.16,4372.38,3182
05-01-2026 05:30,4372.39,4379.87,4370.14,4377.92,2752
05-01-2026 05:45,4377.81,4389.48,4377.58,4387.15,2829
05-01-2026 06:00,4387.09,4396.53,4385.73,4387.63,3334
05-01-2026 06:15,4387.77,4395.92,4384.99,4394.88,3331
05-01-2026 06:30,4394.99,4420.62,4394.11,4402.7,5375
05-01-2026 06:45,4402.69,4405.4,4394.05,4395.94,4519
05-01-2026 07:00,4396.13,4405.28,4392.95,4403.86,4332
05-01-2026 07:15,4403.87,4406.54,4391.46,4401.72,4345
05-01-2026 07:30,4401.64,4404.85,4388.84,4393.93,4006
05-01-2026 07:45,4394.02,4403.13,4392.34,4402.17,3424
05-01-2026 08:00,4402.11,4406.94,4399.66,4399.7,4042
05-01-2026 08:15,4399.71,4409.26,4398.52,4405.34,3889
05-01-2026 08:30,4405.31,4414,4405.22,4410.5,3694
05-01-2026 08:45,4410.48,4412.37,4405.84,4407.38,3391
05-01-2026 09:00,4407.36,4410.53,4403.55,4409.44,3373
05-01-2026 09:15,4409.43,4410.06,4399.6,4399.75,2938
05-01-2026 09:30,4399.66,4404.46,4397.43,4399.98,2631
05-01-2026 09:45,4399.95,4406.12,4399.87,4404.61,1827
05-01-2026 10:00,4404.6,4407.54,4404.06,4405.56,1812
05-01-2026 10:15,4405.57,4408.22,4403.4,4404.18,1861
05-01-2026 10:30,4404.13,4408.8,4403.64,4407.93,1890
05-01-2026 10:45,4407.94,4412.55,4406.92,4412.4,1764
05-01-2026 11:00,4412.37,4414.26,4402.06,4402.08,3560
05-01-2026 11:15,4402.1,4412.38,4401.31,4412.23,3529
05-01-2026 11:30,4412.1,4420.16,4411.11,4418.1,3762
05-01-2026 11:45,4418.09,4425.91,4415.54,4424.04,3472
05-01-2026 12:00,4424.43,4426.33,4416.07,4420,3515
05-01-2026 12:15,4419.93,4421.93,4417.88,4420.1,2666
05-01-2026 12:30,4420.12,4423.84,4416.79,4419.81,2621
05-01-2026 12:45,4419.81,4423.07,4418.83,4420.29,2250
05-01-2026 13:00,4420.31,4425,4418.52,4424.5,2594
05-01-2026 13:15,4424.51,4424.56,4419.89,4421.73,2439
05-01-2026 13:30,4421.74,4425.15,4419.38,4424.33,2692
05-01-2026 13:45,4424.34,4430.03,4424.31,4426.63,3011
05-01-2026 14:00,4426.6,4430.73,4423.51,4429.98,3212
05-01-2026 14:15,4429.98,4434.02,4429.86,4430.01,2696
05-01-2026 14:30,4429.76,4432.15,4425.82,4430.31,2822
05-01-2026 14:45,4430.3,4434.43,4429.83,4432.6,2626
05-01-2026 15:00,4432.57,4438.12,4431.01,4437.44,2844
05-01-2026 15:15,4437.43,4438,4433.9,4434.78,3044
05-01-2026 15:30,4434.88,4435.51,4430.78,4433.08,2585
05-01-2026 15:45,4433.06,4436.43,4431.33,4433.16,2218
05-01-2026 16:00,4432.92,4438.62,4432.65,4434.93,2591
05-01-2026 16:15,4435.15,4439.88,4434.19,4436.08,2833
05-01-2026 16:30,4436.18,4437.33,4430.08,4433.19,3292
05-01-2026 16:45,4433.18,4433.61,4411.11,4417.13,3828
05-01-2026 17:00,4417.23,4424.4,4415.3,4423.98,3334
05-01-2026 17:15,4423.95,4425.94,4418.06,4419.22,3322
05-01-2026 17:30,4419.11,4421.35,4416.69,4417.77,3436
05-01-2026 17:45,4417.62,4418.39,4413.69,4415.64,3311
05-01-2026 18:00,4415.63,4417.13,4406.1,4409.72,3302
05-01-2026 18:15,4409.73,4412.28,4405.23,4409.54,3704
05-01-2026 18:30,4409.6,4418.79,4406.98,4409.1,4603
05-01-2026 18:45,4409.12,4413.05,4396.71,4399.59,4832
05-01-2026 19:00,4399.98,4414.45,4395.52,4411.93,4578
05-01-2026 19:15,4411.94,4417.13,4411.46,4416.7,4004
05-01-2026 19:30,4416.83,4428.28,4416.83,4426.19,4663
05-01-2026 19:45,4426.19,4429.51,4420.12,4420.95,4519
05-01-2026 20:00,4421.34,4430,4417.8,4429.48,5653
05-01-2026 20:15,4429.49,4442.75,4428.13,4436.79,5036
05-01-2026 20:30,4436.89,4455.63,4436.89,4449.11,5237
05-01-2026 20:45,4449.17,4452.26,4442.44,4444.58,4559
05-01-2026 21:00,4445.11,4447.77,4435.47,4447.25,4662
05-01-2026 21:15,4447.07,4449.9,4440.57,4448.42,4124
05-01-2026 21:30,4448.47,4451.19,4438.52,4446.32,4211
05-01-2026 21:45,4446.34,4448.73,4440.28,4440.76,3374
05-01-2026 22:00,4440.72,4445.91,4440.01,4445.09,2799
05-01-2026 22:15,4444.96,4454.33,4440.85,4441.81,3704
05-01-2026 22:30,4442.07,4442.4,4432.34,4442.35,4291
05-01-2026 22:45,4442.25,4448.93,4442.25,4445.87,3127
05-01-2026 23:00,4445.84,4447.46,4437.63,4439.39,3243
05-01-2026 23:15,4439.38,4445.61,4439.07,4443.44,3754
05-01-2026 23:30,4443.48,4448.11,4441.77,4447.2,3399
05-01-2026 23:45,4447.21,4448.43,4439.75,4441.23,2952
06-01-2026 00:00,4441.05,4445.92,4440.97,4443.54,2196
06-01-2026 00:15,4443.56,4448.49,4442.65,4448.49,2062
06-01-2026 00:30,4448.93,4449.37,4434.61,4439.94,3573
06-01-2026 00:45,4439.96,4442.9,4437.6,4441.58,2786
06-01-2026 01:00,4441.5,4445.77,4441.16,4442.59,2237
06-01-2026 01:15,4442.59,4444.05,4438.53,4439.74,2254
06-01-2026 01:30,4439.66,4445.31,4438.97,4443.84,2976
06-01-2026 01:45,4443.92,4446.89,4442.71,4445.46,2787
06-01-2026 02:00,4445.45,4445.49,4437.85,4437.91,3077
06-01-2026 02:15,4438.02,4445.92,4437.76,4444.85,3267
06-01-2026 02:30,4445.02,4448.12,4445.02,4447,1886
06-01-2026 02:45,4447.01,4447.06,4443.36,4445.49,972
06-01-2026 03:00,4445.47,4448.4,4445.35,4446.11,821
06-01-2026 03:15,4445.84,4449.17,4445.43,4448.85,880
06-01-2026 04:30,4449.83,4460.36,4448.75,4451.51,1890
06-01-2026 04:45,4451.51,4453.37,4448.53,4448.76,1847
06-01-2026 05:00,4448.74,4450.13,4438.55,4442.8,2442
06-01-2026 05:15,4442.86,4443.93,4436.9,4440.35,1780
06-01-2026 05:30,4440.37,4441.7,4436.67,4440.51,2435
06-01-2026 05:45,4440.52,4442.65,4439.49,4441.06,1798
06-01-2026 06:00,4441.06,4444.76,4430.24,4436.41,3061
06-01-2026 06:15,4436.43,4438.05,4434.31,4436.32,2545
06-01-2026 06:30,4436.32,4441.95,4427.42,4441.65,4701
06-01-2026 06:45,4441.66,4444.1,4433.81,4434.88,4300
06-01-2026 07:00,4434.87,4443.17,4432.47,4439.26,4124
06-01-2026 07:15,4439.26,4452.16,4438.18,4450.26,4070
06-01-2026 07:30,4450.3,4460.71,4448.7,4459.48,4592
06-01-2026 07:45,4459.49,4460.78,4456.48,4460.56,2848
06-01-2026 08:00,4460.45,4461.28,4448.62,4453.48,4100
06-01-2026 08:15,4453.42,4457.55,4451.73,4454.79,3167
06-01-2026 08:30,4454.78,4465.5,4453.99,4462.56,3190
06-01-2026 08:45,4462.51,4467.94,4461.99,4463.62,3796
06-01-2026 09:00,4463.62,4467.53,4463.17,4466.14,2094
06-01-2026 09:15,4466.11,4468.05,4464.55,4467.65,1911
06-01-2026 09:30,4467.62,4468.46,4464.62,4465.69,1894
06-01-2026 09:45,4465.69,4467.33,4463.17,4464.71,2295
06-01-2026 10:00,4464.71,4466.25,4461.74,4462.56,1842
06-01-2026 10:15,4462.57,4468.57,4462.37,4467.25,2085
06-01-2026 10:30,4467.28,4469.58,4466.94,4467.34,2310
06-01-2026 10:45,4467.33,4470.41,4466.8,4469.67,2339
06-01-2026 11:00,4469.64,4474.12,4461.92,4463,4327
06-01-2026 11:15,4463.23,4464.81,4449.26,4452.12,4381
06-01-2026 11:30,4452.57,4458.28,4451.47,4456.67,3712
06-01-2026 11:45,4456.68,4460.9,4455.23,4460.82,3257
06-01-2026 12:00,4460.82,4465.56,4458.8,4463.56,3332
06-01-2026 12:15,4463.54,4466.72,4460.93,4465.66,3131
06-01-2026 12:30,4465.32,4470.32,4464.21,4468.3,2904
06-01-2026 12:45,4468.33,4469.48,4461.47,4464.45,2343
06-01-2026 13:00,4464.46,4467.07,4463.38,4464.62,2089
06-01-2026 13:15,4464.62,4466.21,4457.2,4459.34,3255
06-01-2026 13:30,4458.8,4463.38,4457.3,4461.8,3368
06-01-2026 13:45,4461.81,4476,4461.51,4471.01,3057
06-01-2026 14:00,4470.88,4472.62,4464.48,4465.66,3404
06-01-2026 14:15,4465.65,4469.29,4464.9,4468.19,2936
06-01-2026 14:30,4468.19,4468.44,4453.54,4457.89,3530
06-01-2026 14:45,4457.9,4457.91,4452.1,4456.6,3215
06-01-2026 15:00,4456.32,4456.97,4453.78,4455.79,2296
06-01-2026 15:15,4455.75,4456.05,4444.75,4446.25,3978
06-01-2026 15:30,4446.32,4452.15,4442.57,4450.09,3222
06-01-2026 15:45,4450.08,4452.43,4448.63,4450.08,2437
06-01-2026 16:00,4450.1,4455.86,4448.39,4451.01,2645
06-01-2026 16:15,4451.02,4453.05,4449.2,4451.62,2265
06-01-2026 16:30,4451.6,4453,4449.81,4450.62,2148
06-01-2026 16:45,4450.61,4455.55,4448.59,4455.42,2276
06-01-2026 17:00,4455.36,4462.43,4454.61,4462.14,3082
06-01-2026 17:15,4462.15,4464.7,4459.69,4463.33,2550
06-01-2026 17:30,4463.25,4464.67,4461.71,4462.03,2336
06-01-2026 17:45,4462.08,4465.66,4461.36,4464.37,2580
06-01-2026 18:00,4464.39,4466,4458.65,4461.95,3050
06-01-2026 18:15,4461.94,4464.72,4459.55,4463.57,2635
06-01-2026 18:30,4463.55,4468.24,4459.68,4465.36,4668
06-01-2026 18:45,4465.45,4470.6,4457.57,4459.09,4587
06-01-2026 19:00,4459.35,4462.15,4455.41,4461.11,4245
06-01-2026 19:15,4461.14,4468.14,4453.66,4467.86,4463
06-01-2026 19:30,4467.86,4472.45,4466.21,4471.73,4490
06-01-2026 19:45,4471.73,4473.25,4464.5,4466.66,4094
06-01-2026 20:00,4466.39,4482.94,4464.89,4479.54,5647
06-01-2026 20:15,4479.54,4489.98,4479.47,4487.44,5082
06-01-2026 20:30,4487.04,4490.83,4478.97,4480.17,5517
06-01-2026 20:45,4480.17,4483.22,4473.72,4480.91,5332
06-01-2026 21:00,4481,4481.85,4462.88,4475.3,5599
06-01-2026 21:15,4475.28,4479.82,4471.43,4478.3,4869
06-01-2026 21:30,4478.18,4483.05,4471.52,4478.72,4695
06-01-2026 21:45,4478.73,4485.07,4477.6,4483.35,4206
06-01-2026 22:00,4483.3,4489.09,4482.43,4488.12,4138
06-01-2026 22:15,4488.06,4488.7,4484.32,4488.18,3808
06-01-2026 22:30,4488.59,4490.15,4484.1,4488.32,3813
06-01-2026 22:45,4488.27,4490.07,4485.92,4486.99,3395
06-01-2026 23:00,4486.95,4489.97,4481.65,4483.85,3452
06-01-2026 23:15,4483.93,4491.43,4483.38,4489.42,3430
06-01-2026 23:30,4489.36,4491.61,4486.07,4490.97,3331
06-01-2026 23:45,4490.97,4493.96,4484.3,4485.85,4079
07-01-2026 00:00,4486.97,4487.81,4482.12,4486.18,3565
07-01-2026 00:15,4486.21,4490.35,4486.14,4488.49,2591
07-01-2026 00:30,4488.48,4489.33,4481.73,4481.97,3334
07-01-2026 00:45,4481.99,4484.61,4477.32,4480.84,3477
07-01-2026 01:00,4480.85,4483.56,4477.69,4481.49,3172
07-01-2026 01:15,4481.5,4483.7,4479.07,4481.27,3277
07-01-2026 01:30,4481.25,4486.78,4480.21,4485.3,2802
07-01-2026 01:45,4485.32,4487.68,4484.44,4485.54,2394
07-01-2026 02:00,4485.53,4490.12,4483.71,4489.77,2746
07-01-2026 02:15,4489.9,4496.66,4488.37,4493.72,3320
07-01-2026 02:30,4493.62,4494.53,4491.71,4491.97,1792
07-01-2026 02:45,4491.98,4494.62,4491.9,4493.97,1047
07-01-2026 03:00,4493.98,4497.16,4493.86,4496.19,1121
07-01-2026 03:15,4496.2,4497.29,4493.74,4494.91,1132
07-01-2026 04:30,4496.5,4499.48,4494.63,4497.6,1355
07-01-2026 04:45,4497.61,4500.4,4497.03,4498.47,1820
07-01-2026 05:00,4498.35,4499.52,4494.44,4495,1405
07-01-2026 05:15,4495,4496.08,4492,4493.22,2140
07-01-2026 05:30,4493.13,4494.33,4490.2,4493.03,2204
07-01-2026 05:45,4493.25,4493.39,4489.44,4490.91,1681
07-01-2026 06:00,4491.05,4494.6,4487.77,4489.69,2588
07-01-2026 06:15,4489.66,4492.02,4482.67,4491.83,2924
07-01-2026 06:30,4491.82,4495.92,4468.94,4470.95,5088
07-01-2026 06:45,4470.94,4478.66,4470.94,4477.08,4086
07-01-2026 07:00,4477.33,4477.7,4464.84,4468.77,4358
07-01-2026 07:15,4468.77,4470.56,4460.88,4465.51,3778
07-01-2026 07:30,4465.33,4475.62,4459.25,4472.35,4195
07-01-2026 07:45,4472.49,4474.98,4468.5,4473.83,2865
07-01-2026 08:00,4473.81,4478.47,4473.2,4475.49,3518
07-01-2026 08:15,4475.49,4478.64,4473.76,4474.49,3204
07-01-2026 08:30,4474.51,4476.95,4471.86,4474.47,3507
07-01-2026 08:45,4474.46,4480.18,4472.53,4476.31,3434
07-01-2026 09:00,4476.33,4478.85,4475.43,4478.18,2301
07-01-2026 09:15,4478.16,4478.35,4473.46,4474.65,2818
07-01-2026 09:30,4474.48,4475.94,4468.97,4470.34,2740
07-01-2026 09:45,4470.27,4471.82,4465.81,4465.93,2571
07-01-2026 10:00,4465.98,4468.39,4463.34,4465.19,2589
07-01-2026 10:15,4465.11,4467.13,4463.71,4464.7,2021
07-01-2026 10:30,4464.71,4466.97,4462.1,4465.83,2406
07-01-2026 10:45,4465.82,4470.12,4465.21,4468.55,2322
07-01-2026 11:00,4468.22,4468.94,4448.53,4452.46,4770
07-01-2026 11:15,4452.48,4454.36,4443.04,4454.21,4366
07-01-2026 11:30,4454.11,4459.17,4452.8,4456.13,3414
07-01-2026 11:45,4456.15,4460.43,4452.16,4454.96,3238
07-01-2026 12:00,4454.95,4455.49,4443.66,4446.64,3743
07-01-2026 12:15,4446.52,4450.81,4441,4444.17,3540
07-01-2026 12:30,4444.16,4450.81,4441.63,4450.2,2826
07-01-2026 12:45,4450.22,4455,4448.42,4454.96,2816
07-01-2026 13:00,4454.97,4459.99,4453.62,4458.88,2659
07-01-2026 13:15,4458.9,4464.83,4458.43,4461.08,2532
07-01-2026 13:30,4460.82,4466.47,4459.23,4465.74,2853
07-01-2026 13:45,4465.7,4468.47,4463.44,4465.19,2665
07-01-2026 14:00,4465.16,4474.67,4464.11,4466.78,2928
07-01-2026 14:15,4466.78,4470.57,4465.33,4468.16,2663
07-01-2026 14:30,4467.87,4468.64,4459.62,4465.9,3236
07-01-2026 14:45,4465.75,4467.15,4461.75,4461.92,2548
07-01-2026 15:00,4461.27,4464.45,4460.78,4461.41,2449
07-01-2026 15:15,4461.33,4465.55,4460.02,4463.27,2586
07-01-2026 15:30,4463.3,4465.45,4461.33,4464.68,2464
07-01-2026 15:45,4464.7,4466.55,4458.49,4459.81,2643
07-01-2026 16:00,4459.78,4467.31,4458.68,4466,2643
07-01-2026 16:15,4465.96,4467.81,4463.73,4464.42,2239
07-01-2026 16:30,4464.41,4464.84,4461.03,4461.73,2120
07-01-2026 16:45,4461.67,4464.16,4455.35,4458.92,2329
07-01-2026 17:00,4458.95,4459.98,4450.39,4450.4,2556
07-01-2026 17:15,4450.39,4454.42,4446.35,4447.33,3152
07-01-2026 17:30,4447.59,4450.2,4443.13,4445.54,3335
07-01-2026 17:45,4445.51,4450.43,4439.09,4450.06,3598
07-01-2026 18:00,4449.92,4455.01,4449.25,4449.98,3134
07-01-2026 18:15,4450.17,4453.72,4444.95,4444.99,3146
07-01-2026 18:30,4444.8,4449.92,4427.68,4433.29,4910
07-01-2026 18:45,4433.24,4447.08,4430.37,4442.02,4560
07-01-2026 19:00,4441.93,4450.63,4438.06,4445.47,4857
07-01-2026 19:15,4445.52,4453.07,4444.67,4452.89,4265
07-01-2026 19:30,4452.62,4454.27,4447.17,4447.3,4509
07-01-2026 19:45,4446.99,4453.41,4442.67,4444.58,4294
07-01-2026 20:00,4443.67,4452.25,4435.65,4444.15,5339
07-01-2026 20:15,4444.05,4453,4440.82,4445.37,4886
07-01-2026 20:30,4443.36,4444.47,4426.21,4426.45,5237
07-01-2026 20:45,4426.56,4441.99,4423.62,4441.75,4923
07-01-2026 21:00,4441.69,4451.92,4441.69,4442.17,4959
07-01-2026 21:15,4442.18,4447.83,4440.36,4446.11,4293
07-01-2026 21:30,4446.05,4450.79,4443.82,4446.98,4142
07-01-2026 21:45,4447.14,4461.13,4444.53,4457.82,4210
07-01-2026 22:00,4457.78,4467.82,4456.78,4467.54,4118
07-01-2026 22:15,4467.53,4468.36,4461.99,4464.39,3618
07-01-2026 22:30,4464.38,4465.35,4457.77,4460.14,3018
07-01-2026 22:45,4460.11,4463.16,4457.14,4458.41,2536
07-01-2026 23:00,4458.42,4461.65,4455.87,4456.87,2746
07-01-2026 23:15,4456.86,4459.35,4449.78,4451.86,3577
07-01-2026 23:30,4451.42,4452.93,4447.85,4449.78,3762
07-01-2026 23:45,4449.68,4455.99,4447.14,4452.1,3788
08-01-2026 00:00,4452.39,4458.66,4451.71,4456.07,2811
08-01-2026 00:15,4456.08,4456.4,4450.22,4451.96,2950
08-01-2026 00:30,4451.93,4455.28,4447.78,4449.37,3150
08-01-2026 00:45,4449.34,4450.92,4445.21,4450.44,2979
08-01-2026 01:00,4450.39,4457.17,4450.36,4453.25,2715
08-01-2026 01:15,4453.23,4457.9,4451.9,4456.8,2763
08-01-2026 01:30,4456.83,4459.44,4455.21,4458.21,3105
08-01-2026 01:45,4458.2,4461.55,4455.84,4458.05,2943
08-01-2026 02:00,4458.07,4460.59,4456.33,4456.81,2962
08-01-2026 02:15,4456.8,4459.75,4450.5,4451.85,3136
08-01-2026 02:30,4451.9,4454.5,4449.72,4453.84,1658
08-01-2026 02:45,4454.04,4455.25,4451.74,4452.35,975
08-01-2026 03:00,4452.34,4454.4,4452.09,4453.14,773
08-01-2026 03:15,4453.08,4456.39,4452.63,4456.37,839
08-01-2026 04:30,4459.79,4462.71,4458.47,4459.76,1081
08-01-2026 04:45,4459.74,4464.19,4459.09,4461.96,1459
08-01-2026 05:00,4461.94,4462.9,4459.81,4461.67,1261
08-01-2026 05:15,4461.66,4463.69,4459.84,4463.38,1379
08-01-2026 05:30,4463.15,4465.76,4462.24,4465.54,1835
08-01-2026 05:45,4465.65,4466.3,4454.09,4456.83,1900
08-01-2026 06:00,4456.82,4458.87,4450.12,4451.35,3071
08-01-2026 06:15,4451.29,4452.27,4446.61,4450.11,3310
08-01-2026 06:30,4449.84,4460.33,4444.06,4457,4117
08-01-2026 06:45,4457.15,4460.33,4454.38,4454.93,3783
08-01-2026 07:00,4454.94,4457.41,4445.98,4447.69,3835
08-01-2026 07:15,4447.54,4448.42,4441.45,4448.34,3613
08-01-2026 07:30,4448.35,4449.51,4439.57,4446.44,3544
08-01-2026 07:45,4446.22,4446.63,4440.78,4441.16,3007
08-01-2026 08:00,4441.17,4442.71,4433.31,4442.13,4390
08-01-2026 08:15,4442.09,4444.07,4437.34,4441.27,3777
08-01-2026 08:30,4441.3,4445.7,4438.81,4442.53,3770
08-01-2026 08:45,4442.54,4445.87,4437.05,4444.1,3973
08-01-2026 09:00,4444.12,4446.46,4439.97,4442,2316
08-01-2026 09:15,4441.99,4442.7,4438.05,4440.09,2602
08-01-2026 09:30,4440.06,4440.16,4436.69,4439.98,2183
08-01-2026 09:45,4439.9,4440.42,4436.57,4436.66,2104
08-01-2026 10:00,4436.69,4438.73,4431.9,4431.93,2428
08-01-2026 10:15,4431.98,4433.33,4429.96,4431.51,2412
08-01-2026 10:30,4431.45,4432.28,4425.72,4427.2,3087
08-01-2026 10:45,4426.93,4429.5,4422.59,4425.8,3229
08-01-2026 11:00,4425.79,4426.92,4415.6,4418.5,4988
08-01-2026 11:15,4418.49,4427.56,4415.36,4425.34,4258
08-01-2026 11:30,4425.34,4429.27,4415.68,4420.89,4296
08-01-2026 11:45,4420.91,4428.18,4418.19,4426.05,4124
08-01-2026 12:00,4426.07,4437.45,4426.07,4435.56,3846
08-01-2026 12:15,4435.55,4436.11,4429.92,4433.27,4021
08-01-2026 12:30,4433.33,4439.95,4432.05,4435.72,3168
08-01-2026 12:45,4435.61,4436.81,4430.55,4436.25,3041
08-01-2026 13:00,4436.23,4436.63,4430.74,4431.37,2489
08-01-2026 13:15,4431.31,4433.78,4428.41,4430.91,2992
08-01-2026 13:30,4430.73,4433.18,4425.46,4425.7,3531
08-01-2026 13:45,4425.69,4430.68,4425.26,4426.86,2791
08-01-2026 14:00,4426.83,4428.58,4419.75,4421.08,3395
08-01-2026 14:15,4421.32,4432.82,4421.09,4431.57,3633
08-01-2026 14:30,4431.5,4435.41,4430.51,4430.81,3205
08-01-2026 14:45,4430.86,4431.38,4425.9,4430.2,3107
08-01-2026 15:00,4430.19,4434.73,4429.72,4433.18,2600
08-01-2026 15:15,4433.17,4433.38,4429.05,4432.56,2449
08-01-2026 15:30,4432.57,4432.63,4427.47,4429.18,2699
08-01-2026 15:45,4429.13,4430.43,4422.94,4424.55,2944
08-01-2026 16:00,4424.51,4434.48,4423.45,4432.49,2460
08-01-2026 16:15,4432.28,4433.79,4429.9,4433.14,2387
08-01-2026 16:30,4432.98,4433.04,4427.51,4428.27,2410
08-01-2026 16:45,4428.29,4429.47,4424.69,4426.38,3201
08-01-2026 17:00,4426.3,4428,4424.59,4426.36,2719
08-01-2026 17:15,4426.36,4427.23,4421.95,4422.69,2633
08-01-2026 17:30,4422.68,4422.84,4411.7,4412.22,4009
08-01-2026 17:45,4412.16,4422.25,4407.33,4420.45,3729
08-01-2026 18:00,4420.45,4431.26,4420.07,4428.88,3516
08-01-2026 18:15,4428.93,4430.23,4426.1,4427.68,3463
08-01-2026 18:30,4427.65,4429.6,4417.09,4420.41,4714
08-01-2026 18:45,4420.37,4436.2,4420.32,4433.69,4214
08-01-2026 19:00,4433.66,4435.63,4425.97,4433.09,4136
08-01-2026 19:15,4432.97,4433.86,4421.5,4423.69,4368
08-01-2026 19:30,4423.7,4428.05,4418.65,4423.26,4728
08-01-2026 19:45,4423.31,4429.9,4419.4,4427.6,4272
08-01-2026 20:00,4427.66,4435.36,4421.76,4426.13,5635
08-01-2026 20:15,4425.96,4439.19,4425.85,4432.84,5268
08-01-2026 20:30,4432.07,4449.09,4427.75,4447.74,5306
08-01-2026 20:45,4447.59,4454.11,4443.32,4447.62,5091
08-01-2026 21:00,4447.69,4455.45,4446.5,4452.97,4687
08-01-2026 21:15,4453.17,4456.48,4447.71,4454.14,4635
08-01-2026 21:30,4454.15,4457.92,4446.97,4447.03,4533
08-01-2026 21:45,4446.96,4455.06,4446.87,4453.39,4533
08-01-2026 22:00,4453.39,4464.53,4451.73,4460.64,4500
08-01-2026 22:15,4460.68,4464.17,4457.6,4463.07,3861
08-01-2026 22:30,4463.08,4465.15,4458.34,4459.94,3689
08-01-2026 22:45,4459.68,4462.12,4457.5,4461.71,3662
08-01-2026 23:00,4461.87,4463.42,4458.89,4461.27,2833
08-01-2026 23:15,4461.28,4464.14,4459.12,4463.38,2893
08-01-2026 23:30,4462.92,4462.92,4452.38,4453.85,3585
08-01-2026 23:45,4453.89,4456.52,4449.3,4452.03,3955
09-01-2026 00:00,4451.95,4453.61,4447.79,4452.07,3122
09-01-2026 00:15,4452.09,4454.96,4449.3,4449.46,2715
09-01-2026 00:30,4449.45,4451.15,4446.69,4447.13,2895
09-01-2026 00:45,4447.22,4449.66,4444.18,4447.56,3198
09-01-2026 01:00,4447.6,4452.66,4447.45,4451.42,2442
09-01-2026 01:15,4451.45,4452.74,4449.4,4451.99,2284
09-01-2026 01:30,4451.96,4458.97,4451.34,4458.04,2938
09-01-2026 01:45,4458.07,4473.63,4457.22,4469.97,3365
09-01-2026 02:00,4470.43,4478.01,4470.43,4473.45,3646
09-01-2026 02:15,4473.49,4477.72,4471.84,4475.88,3697
09-01-2026 02:30,4475.88,4479.51,4475.88,4477.77,1799
09-01-2026 02:45,4477.79,4478.45,4472.5,4475,1503
09-01-2026 03:00,4474.97,4475.73,4472.7,4474.13,1282
09-01-2026 03:15,4474.12,4478.55,4473.49,4477.18,1182
09-01-2026 04:30,4482.96,4484.22,4475.08,4476.8,1579
09-01-2026 04:45,4476.9,4478.65,4475.04,4477,1603
09-01-2026 05:00,4477.06,4477.32,4475.15,4475.51,1409
09-01-2026 05:15,4475.52,4476.1,4472.46,4475.56,1668
09-01-2026 05:30,4475.53,4476.63,4471.23,4471.48,1544
09-01-2026 05:45,4471.47,4472.83,4463.4,4465.64,2336
09-01-2026 06:00,4465.68,4468.47,4463.75,4467.55,1910
09-01-2026 06:15,4467.57,4467.57,4459.88,4462.64,2411
09-01-2026 06:30,4462.87,4465.22,4452.68,4459.05,4417
09-01-2026 06:45,4459.01,4461.42,4452.93,4457.13,3690
09-01-2026 07:00,4457.03,4463.31,4456.09,4462.47,3492
09-01-2026 07:15,4462.43,4469.86,4462.42,4468.82,3502
09-01-2026 07:30,4468.68,4476.42,4468.68,4471.56,3609
09-01-2026 07:45,4471.57,4474.28,4469.85,4472.21,2065
09-01-2026 08:00,4472.19,4475.35,4468.16,4473.22,2975
09-01-2026 08:15,4473.22,4473.56,4465.56,4469.19,3047
09-01-2026 08:30,4469.09,4469.82,4462.1,4464.11,3442
09-01-2026 08:45,4464.22,4466.37,4460.93,4463.29,3155
09-01-2026 09:00,4463.26,4465.25,4460.27,4463.57,1941
09-01-2026 09:15,4463.71,4465.63,4463.51,4463.99,1633
09-01-2026 09:30,4463.99,4465.59,4462.17,4462.36,1727
09-01-2026 09:45,4462.43,4463.87,4460.62,4462.58,1652
09-01-2026 10:00,4462.44,4464.65,4461.49,4463.11,1679
09-01-2026 10:15,4463.17,4466.72,4461.57,4464.63,1508
09-01-2026 10:30,4464.64,4466.69,4461.64,4462.96,1498
09-01-2026 10:45,4462.92,4464.83,4457.8,4464.46,2284
09-01-2026 11:00,4464.81,4471.47,4464.35,4467.26,3260
09-01-2026 11:15,4467.49,4469.36,4465.45,4468.03,2850
09-01-2026 11:30,4468.62,4470.81,4465.89,4467.12,2951
09-01-2026 11:45,4467.1,4473.44,4465.94,4473.43,3158
09-01-2026 12:00,4473.4,4475.5,4472.77,4474.9,2779
09-01-2026 12:15,4474.89,4477.12,4472.62,4474.1,2882
09-01-2026 12:30,4474.21,4475.42,4470.63,4471.14,1949
09-01-2026 12:45,4471.11,4472.87,4468.57,4470.18,1927
09-01-2026 13:00,4470.14,4472.99,4468.48,4471.5,1771
09-01-2026 13:15,4471.52,4473.31,4469.27,4470.15,1940
09-01-2026 13:30,4470.13,4476.62,4466.37,4474.32,3019
09-01-2026 13:45,4474.33,4475.25,4472.47,4473.18,2380
09-01-2026 14:00,4473.16,4473.87,4465.54,4466.74,2610
09-01-2026 14:15,4466.69,4468.44,4463.9,4468.33,2602
09-01-2026 14:30,4468.3,4474.82,4468.24,4474.6,2634
09-01-2026 14:45,4474.6,4477.58,4472.87,4473.76,2428
09-01-2026 15:00,4473.77,4475.02,4471.51,4471.57,2128
09-01-2026 15:15,4471.89,4474.23,4470.65,4471.07,1852
09-01-2026 15:30,4471.06,4474.14,4469.63,4471.9,1679
09-01-2026 15:45,4471.88,4473.7,4468.92,4469.04,1697
09-01-2026 16:00,4469,4472.4,4468.08,4469.13,1976
09-01-2026 16:15,4469.06,4472.76,4467.16,4472.53,1723
09-01-2026 16:30,4472.56,4474.67,4469.83,4471.98,1945
09-01-2026 16:45,4471.98,4472.95,4470.49,4470.6,1600
09-01-2026 17:00,4470.66,4471.9,4469.16,4470.61,1880
09-01-2026 17:15,4470.26,4476.07,4468.59,4475.31,2020
09-01-2026 17:30,4475.23,4480.49,4472.01,4474.14,2780
09-01-2026 17:45,4474.14,4474.77,4466.9,4467.58,2600
09-01-2026 18:00,4467.9,4468.59,4460.76,4465.77,2916
09-01-2026 18:15,4465.77,4468.09,4463.44,4465.85,2505
09-01-2026 18:30,4465.98,4473.54,4463.53,4467.27,4364
09-01-2026 18:45,4467.29,4474.39,4461.83,4472.48,4039
09-01-2026 19:00,4472.36,4491.65,4458.37,4486.87,5747
09-01-2026 19:15,4486.96,4488.76,4478.9,4482.5,4945
09-01-2026 19:30,4482.62,4496.27,4480.63,4489.23,5167
09-01-2026 19:45,4489.22,4495.76,4483.54,4494.18,4704
09-01-2026 20:00,4494.18,4497.91,4482.61,4487.63,5531
09-01-2026 20:15,4487.66,4495.13,4479.11,4494.2,5405
09-01-2026 20:30,4494.36,4500.39,4490.01,4496.51,5214
09-01-2026 20:45,4496.58,4510.78,4493.42,4505.17,5118
09-01-2026 21:00,4505.13,4516.95,4505.13,4514.23,4723
09-01-2026 21:15,4514.31,4514.67,4508.45,4512.22,4373
09-01-2026 21:30,4512.17,4514.2,4499.69,4503.02,4679
09-01-2026 21:45,4503.03,4506.99,4500.02,4503.48,4187
09-01-2026 22:00,4503.58,4507.09,4500.75,4504.64,3594
09-01-2026 22:15,4504.53,4507.89,4501.73,4506.29,3162
09-01-2026 22:30,4506.29,4511.5,4504.5,4508.73,3610
09-01-2026 22:45,4508.71,4508.72,4501.76,4503.76,3267
09-01-2026 23:00,4503.79,4510.02,4501.19,4501.94,3322
09-01-2026 23:15,4501.94,4503.11,4481.92,4484.21,4184
09-01-2026 23:30,4483.42,4493.02,4482.81,4492.71,3737
09-01-2026 23:45,4492.73,4494.53,4489.54,4491.28,3699
10-01-2026 00:00,4491.14,4504.43,4491.08,4502.19,3225
10-01-2026 00:15,4502.21,4502.63,4495.15,4495.94,2800
10-01-2026 00:30,4495.95,4497.95,4492.67,4496.88,2760
10-01-2026 00:45,4496.87,4501.53,4496.52,4498.8,2199
10-01-2026 01:00,4498.78,4500.04,4495.72,4496.46,2212
10-01-2026 01:15,4496.46,4501.69,4496.41,4499.06,2185
10-01-2026 01:30,4498.7,4506.96,4497.61,4506.68,2436
10-01-2026 01:45,4506.62,4509.27,4503.12,4505.35,2728
10-01-2026 02:00,4505.45,4505.86,4502.35,4503.9,2620
10-01-2026 02:15,4503.92,4509.99,4503.71,4507.44,3220
10-01-2026 02:30,4507.4,4508.5,4504.86,4508.05,1211
10-01-2026 02:45,4508.06,4510.37,4507.35,4509.58,872
10-01-2026 03:00,4509.6,4511.25,4505.96,4510.05,1022
10-01-2026 03:15,4509.99,4510.42,4508.06,4509.07,1056
12-01-2026 04:30,4521.24,4530.88,4520.84,4530.13,1972
12-01-2026 04:45,4530.1,4537.98,4529.43,4537.65,2725
12-01-2026 05:00,4537.71,4544.96,4533,4542.18,2851
12-01-2026 05:15,4542.12,4543.81,4538.23,4539.86,2196
12-01-2026 05:30,4539.88,4554.35,4536.03,4553.57,3343
12-01-2026 05:45,4553.38,4565.91,4551.17,4564.58,3641
12-01-2026 06:00,4564.53,4593.85,4562.19,4591.23,4510
12-01-2026 06:15,4590.96,4600.97,4588.24,4588.8,4356
12-01-2026 06:30,4588.79,4594.81,4577.76,4581.64,5222
12-01-2026 06:45,4581.58,4584.1,4574.01,4582.68,4981
12-01-2026 07:00,4582.93,4584.16,4571.21,4573.46,4601
12-01-2026 07:15,4573.16,4578.94,4570.02,4570.02,3982
12-01-2026 07:30,4569.62,4574.85,4561.6,4566.96,4472
12-01-2026 07:45,4566.86,4570.03,4564.41,4566.03,3085
12-01-2026 08:00,4566.04,4579.07,4562.59,4579.03,4176
12-01-2026 08:15,4578.91,4582.15,4573.62,4577.3,3840
12-01-2026 08:30,4577.22,4580.25,4574.9,4578.45,3316
12-01-2026 08:45,4578.48,4581.02,4576.2,4580.91,3390
12-01-2026 09:00,4580.93,4581.23,4572.56,4572.73,2468
12-01-2026 09:15,4572.75,4574.31,4567.49,4570.36,2682
12-01-2026 09:30,4570.42,4571,4565.43,4568.51,2535
12-01-2026 09:45,4568.52,4571.92,4567.22,4568.37,2416
12-01-2026 10:00,4568.42,4569.73,4563.4,4567.65,2577
12-01-2026 10:15,4567.69,4569.98,4565.95,4568.35,1997
12-01-2026 10:30,4568.33,4571.98,4565.93,4569.9,2176
12-01-2026 10:45,4569.87,4573.82,4569.41,4572.32,2017
12-01-2026 11:00,4572.31,4582.94,4569.8,4581.44,3663
12-01-2026 11:15,4581.55,4585.18,4578.67,4580.81,4003
12-01-2026 11:30,4580.76,4580.76,4571.45,4572.66,3421
12-01-2026 11:45,4572.69,4575.9,4569.45,4573.59,2778
12-01-2026 12:00,4573.57,4576.3,4571.87,4574.3,2801
12-01-2026 12:15,4574.24,4579.95,4573.81,4578.28,2982
12-01-2026 12:30,4578.29,4583.88,4574.54,4583.24,3099
12-01-2026 12:45,4583.36,4587.42,4578.69,4581.32,3422
12-01-2026 13:00,4581.44,4585.32,4578.54,4583.6,2942
12-01-2026 13:15,4583.61,4589.54,4583,4587.48,2572
12-01-2026 13:30,4587.49,4589.33,4581.83,4583.25,3195
12-01-2026 13:45,4583.26,4584.25,4579.45,4583.43,3346
12-01-2026 14:00,4583.51,4589.78,4581.83,4585.46,3042
12-01-2026 14:15,4585.45,4598.26,4584.76,4596.65,3366
12-01-2026 14:30,4596.69,4597.54,4593.2,4596.97,3441
12-01-2026 14:45,4596.98,4599.15,4594.01,4596.4,3166
12-01-2026 15:00,4596.41,4596.86,4593.4,4595.28,2403
12-01-2026 15:15,4595.3,4595.44,4587.67,4589.02,2778
12-01-2026 15:30,4589.03,4593.24,4585.64,4592.04,2950
12-01-2026 15:45,4592.04,4593.89,4588.51,4592.33,2406
12-01-2026 16:00,4592.34,4594.52,4586.65,4589.59,2954
12-01-2026 16:15,4589.6,4595.24,4589.4,4594.1,2311
12-01-2026 16:30,4594.03,4594.79,4590.31,4590.8,2402
12-01-2026 16:45,4590.76,4593.81,4583.77,4585.13,2958
12-01-2026 17:00,4585.14,4591.94,4584.14,4591.94,2528
12-01-2026 17:15,4591.91,4591.91,4581.64,4585.06,2693
12-01-2026 17:30,4584.84,4586.77,4579.38,4582,3200
12-01-2026 17:45,4581.99,4582.7,4578.47,4582.55,2864
12-01-2026 18:00,4582.85,4586.74,4582.03,4586.11,2648
12-01-2026 18:15,4586.17,4590.46,4585.23,4590.4,2746
12-01-2026 18:30,4590.38,4608.95,4588.57,4606.38,5036
12-01-2026 18:45,4606.39,4611.02,4604.25,4604.71,4447
12-01-2026 19:00,4604.75,4613.1,4604.75,4608.94,4077
12-01-2026 19:15,4609.04,4620.26,4607.81,4615.57,4215
12-01-2026 19:30,4615.55,4616.95,4592.58,4596.3,5347
12-01-2026 19:45,4595.86,4599.37,4584.81,4586.35,4884
12-01-2026 20:00,4585.96,4611.36,4584.94,4604.03,5650
12-01-2026 20:15,4604,4608.06,4597.37,4602.1,5221
12-01-2026 20:30,4601.84,4619.16,4601.8,4617.41,4970
12-01-2026 20:45,4617.44,4622.16,4610.35,4619.26,4681
12-01-2026 21:00,4619.62,4627.16,4618.31,4623.4,4577
12-01-2026 21:15,4623.29,4624.78,4617.72,4621.06,4248
12-01-2026 21:30,4620.78,4629.8,4617.36,4629.03,4030
12-01-2026 21:45,4628.99,4629.94,4619.62,4619.9,4123
12-01-2026 22:00,4619.77,4623.18,4607.58,4612.27,4061
12-01-2026 22:15,4612.22,4618.55,4611.94,4616.81,3331
12-01-2026 22:30,4616.83,4618.24,4613.51,4615.36,3122
12-01-2026 22:45,4615.33,4618.47,4611.91,4616.31,3087
12-01-2026 23:00,4616.3,4616.96,4610.81,4613.22,3434
12-01-2026 23:15,4613.23,4620.42,4613.23,4616.29,3323
12-01-2026 23:30,4615.96,4618.45,4608.5,4608.5,3300
12-01-2026 23:45,4607.99,4608.5,4600.42,4605.45,4318
13-01-2026 00:00,4605.47,4610.76,4602.92,4606.02,2956
13-01-2026 00:15,4606.11,4610.97,4603.52,4610.64,2678
13-01-2026 00:30,4610.67,4614.42,4608.56,4613.68,2576
13-01-2026 00:45,4613.66,4617.11,4612.65,4616.73,2686
13-01-2026 01:00,4616.97,4618.84,4614,4616.2,2433
13-01-2026 01:15,4616.15,4616.69,4609.09,4610.86,2657
13-01-2026 01:30,4610.9,4611.52,4599.72,4602.77,3566
13-01-2026 01:45,4602.78,4604.25,4599.59,4602.33,3346
13-01-2026 02:00,4602.42,4604.67,4592.28,4592.41,3238
13-01-2026 02:15,4592.57,4599.03,4591.43,4593.82,3634
13-01-2026 02:30,4593.84,4596.85,4590.78,4592.63,2209
13-01-2026 02:45,4592.54,4594.15,4590.76,4593.62,1736
13-01-2026 03:00,4593.63,4595.06,4589.17,4589.91,1409
13-01-2026 03:15,4590.05,4597.51,4589.16,4597.19,1634
13-01-2026 04:30,4607.44,4607.72,4577.94,4578.96,2295
13-01-2026 04:45,4578.77,4588.46,4578.29,4584.45,2754
13-01-2026 05:00,4584.44,4590.04,4583.93,4586.02,2389
13-01-2026 05:15,4586.25,4599.4,4585.93,4598.95,2719
13-01-2026 05:30,4599.18,4599.32,4592.14,4592.86,2497
13-01-2026 05:45,4592.82,4595.91,4588.1,4588.2,1831
13-01-2026 06:00,4588.15,4590.96,4584.25,4586.1,2318
13-01-2026 06:15,4586.09,4591.96,4586.08,4587.19,2234
13-01-2026 06:30,4587.31,4595.56,4581.44,4592.28,4615
13-01-2026 06:45,4592.24,4595.44,4581.5,4581.69,3812
13-01-2026 07:00,4581.94,4587.33,4575.16,4583.08,4265
13-01-2026 07:15,4583.06,4585.9,4577.49,4577.78,4004
13-01-2026 07:30,4577.32,4590.49,4576.69,4586.32,3998
13-01-2026 07:45,4586.31,4586.95,4583.36,4583.64,2678
13-01-2026 08:00,4583.64,4590.21,4581.81,4589.13,3819
13-01-2026 08:15,4589.1,4594.94,4588.76,4594.14,3465
13-01-2026 08:30,4594.11,4599.69,4592.65,4597.86,2947
13-01-2026 08:45,4597.87,4598.57,4594.58,4595.52,3194
13-01-2026 09:00,4595.48,4597.87,4593.21,4593.78,2255
13-01-2026 09:15,4593.75,4595.11,4592.39,4594,2401
13-01-2026 09:30,4594.02,4597.85,4593.86,4597.51,2007
13-01-2026 09:45,4597.48,4599.42,4596.3,4597.17,2414
13-01-2026 10:00,4597.16,4599.38,4594.52,4598.77,2176
13-01-2026 10:15,4598.74,4599.18,4596.05,4596.39,1873
13-01-2026 10:30,4596.09,4598.4,4591.71,4594.24,2234
13-01-2026 10:45,4594.26,4601.37,4594.11,4601.16,1835
13-01-2026 11:00,4601.24,4602.01,4585.45,4594.19,4174
13-01-2026 11:15,4594.03,4595.89,4591.17,4592.03,3270
13-01-2026 11:30,4591.96,4592.16,4587.87,4590.18,3753
13-01-2026 11:45,4590.24,4590.72,4582.42,4584.96,3456
13-01-2026 12:00,4584.98,4586.23,4573.08,4575.77,3751
13-01-2026 12:15,4575.77,4583.14,4575.26,4581.41,3053
13-01-2026 12:30,4581.43,4585.04,4578.83,4584.59,2121
13-01-2026 12:45,4584.6,4584.77,4578.67,4584.01,2357
13-01-2026 13:00,4583.98,4587.22,4579.48,4580.2,2520
13-01-2026 13:15,4580.21,4582.41,4577.31,4580.29,2188
13-01-2026 13:30,4580.29,4591.67,4579.3,4587.66,3100
13-01-2026 13:45,4587.64,4592.53,4584.89,4589.84,2853
13-01-2026 14:00,4589.84,4597.26,4589.04,4593.45,3095
13-01-2026 14:15,4593.45,4595.3,4591.59,4592.63,2350
13-01-2026 14:30,4592.57,4595.54,4589.6,4593.89,2465
13-01-2026 14:45,4593.88,4594.91,4587.91,4589.04,2231
13-01-2026 15:00,4589.03,4591.94,4586.65,4590.56,2395
13-01-2026 15:15,4590.58,4590.91,4585.54,4585.98,2154
13-01-2026 15:30,4585.97,4586.87,4580.21,4583.33,2272
13-01-2026 15:45,4583.3,4586.2,4580.73,4584.47,2242
13-01-2026 16:00,4584.34,4588.13,4581.56,4587.01,2177
13-01-2026 16:15,4587.04,4587.04,4584.55,4586.14,1750
13-01-2026 16:30,4586.11,4588.65,4584.36,4584.36,1953
13-01-2026 16:45,4584.35,4588.93,4581.94,4586.71,2714
13-01-2026 17:00,4586.7,4589.72,4584.64,4589.72,1807
13-01-2026 17:15,4589.76,4591.88,4586.09,4588.34,2545
13-01-2026 17:30,4588.36,4588.98,4583.13,4583.36,2344
13-01-2026 17:45,4583.38,4584.51,4577.73,4580.39,2470
13-01-2026 18:00,4580.36,4586.06,4579.18,4585.7,2372
13-01-2026 18:15,4585.68,4594.93,4585.34,4593.2,2944
13-01-2026 18:30,4593.19,4605.88,4590.88,4602.81,4779
13-01-2026 18:45,4602.81,4606.33,4599.32,4601.23,4344
13-01-2026 19:00,4601.2,4620.14,4601.09,4617.63,5284
13-01-2026 19:15,4617.58,4620.94,4607.23,4611.31,4738
13-01-2026 19:30,4611.19,4618.92,4608.83,4618.65,4613
13-01-2026 19:45,4618.65,4623.72,4614.44,4617.88,4289
13-01-2026 20:00,4617.98,4625.76,4611.42,4625.68,5497
13-01-2026 20:15,4625.59,4634.45,4622.88,4629.61,5440
13-01-2026 20:30,4629.63,4630.1,4614.28,4621.19,5377
13-01-2026 20:45,4621.01,4623.22,4600.73,4608.36,5522
13-01-2026 21:00,4608.54,4616.15,4605.14,4614.6,4974
13-01-2026 21:15,4614.59,4620.43,4612.98,4618.89,4312
13-01-2026 21:30,4618.74,4620.56,4606.7,4612.19,4414
13-01-2026 21:45,4612.16,4612.64,4592.66,4598.28,4494
13-01-2026 22:00,4598.18,4609.18,4596.33,4608.64,4045
13-01-2026 22:15,4608.64,4613.75,4607.27,4613.23,3512
13-01-2026 22:30,4613.16,4615.82,4606.41,4608.36,3356
13-01-2026 22:45,4608.34,4612.46,4606.19,4609.66,3079
13-01-2026 23:00,4609.6,4611.99,4602.92,4604.37,3754
13-01-2026 23:15,4604.28,4606.79,4586.63,4590.25,4661
13-01-2026 23:30,4590.25,4594.23,4586.2,4594.15,4692
13-01-2026 23:45,4594.04,4594.98,4580.73,4591.43,4862
14-01-2026 00:00,4591.46,4600.44,4589.49,4600.12,3888
14-01-2026 00:15,4600.13,4601.75,4593.9,4593.91,3524
14-01-2026 00:30,4593.9,4595.52,4583.83,4595.33,3829
14-01-2026 00:45,4595.34,4596.89,4584.67,4593.01,3393
14-01-2026 01:00,4593.01,4598.58,4592.26,4595.6,3172
14-01-2026 01:15,4595.75,4598.67,4590.36,4597.25,2971
14-01-2026 01:30,4597.27,4597.5,4590.13,4592.62,3038
14-01-2026 01:45,4592.63,4594.94,4587.45,4588.64,3311
14-01-2026 02:00,4588.58,4589,4569.21,4584.9,4492
14-01-2026 02:15,4584.95,4589.04,4582.14,4585.81,3904
14-01-2026 02:30,4586.12,4589.14,4583.18,4583.23,1693
14-01-2026 02:45,4583.24,4589.17,4582.47,4587.64,1805
14-01-2026 03:00,4587.65,4589.1,4585.44,4588.81,1337
14-01-2026 03:15,4588.82,4589.57,4585.77,4586.25,1021
14-01-2026 04:30,4591.4,4595.68,4588.91,4595.68,1516
14-01-2026 04:45,4595.64,4597.7,4592.76,4597.05,1520
14-01-2026 05:00,4596.98,4597.15,4592.92,4593.99,1650
14-01-2026 05:15,4594.01,4598.5,4593.36,4596.87,1546
14-01-2026 05:30,4596.91,4607.47,4596.82,4604.9,2617
14-01-2026 05:45,4604.88,4610.47,4602.65,4609.39,2507
14-01-2026 06:00,4609.65,4610.29,4606.69,4608.28,2319
14-01-2026 06:15,4608.31,4610.45,4604.4,4608.95,3019
14-01-2026 06:30,4609,4616.62,4605.96,4615.14,4208
14-01-2026 06:45,4615.16,4618.09,4611.56,4614.32,3199
14-01-2026 07:00,4614.29,4618.47,4613.15,4614.42,3563
14-01-2026 07:15,4614.53,4619.7,4613.37,4618.89,3568
14-01-2026 07:30,4618.96,4620.54,4614.1,4618.02,3868
14-01-2026 07:45,4618.05,4620.9,4616.28,4619.71,2423
14-01-2026 08:00,4619.88,4622.24,4617.56,4621.05,3456
14-01-2026 08:15,4621.1,4623.2,4617.98,4620.28,2966
14-01-2026 08:30,4619.92,4622.56,4617.38,4617.79,2914
14-01-2026 08:45,4617.85,4621.04,4613.42,4614.85,3087
14-01-2026 09:00,4614.83,4625.12,4614.68,4623.95,2382
14-01-2026 09:15,4623.95,4629.8,4622.99,4628.05,2726
14-01-2026 09:30,4628.07,4630.09,4626.59,4627.21,2426
14-01-2026 09:45,4627.18,4629.71,4625,4626.25,2375
14-01-2026 10:00,4626.23,4629.6,4625.16,4627.77,2195
14-01-2026 10:15,4627.75,4630.3,4626.65,4629.18,2526
14-01-2026 10:30,4629.03,4639.39,4629.03,4633.6,3152
14-01-2026 10:45,4633.58,4635.21,4630.86,4634.03,2486
14-01-2026 11:00,4633.97,4639.82,4631.4,4636.08,3961
14-01-2026 11:15,4636.05,4639.2,4617.42,4619.59,4181
14-01-2026 11:30,4619.51,4635.2,4618.22,4633.27,4453
14-01-2026 11:45,4633.35,4634.89,4630.69,4632.83,3458
14-01-2026 12:00,4632.9,4633.18,4625.86,4630.34,3695
14-01-2026 12:15,4630.35,4636.82,4630.35,4636.8,3301
14-01-2026 12:30,4637.1,4638.28,4631.14,4632.62,2628
14-01-2026 12:45,4632.63,4639.27,4631.8,4636.82,2816
14-01-2026 13:00,4636.71,4638.01,4633.66,4636.46,2154
14-01-2026 13:15,4636.42,4637.5,4632.18,4632.34,2249
14-01-2026 13:30,4632.22,4633.9,4623.12,4627,3575
14-01-2026 13:45,4627.03,4628.37,4621.75,4624.68,3421
14-01-2026 14:00,4624.65,4632.55,4624.15,4632.15,3125
14-01-2026 14:15,4632.14,4637.49,4631.3,4634.6,3090
14-01-2026 14:30,4634.39,4638.89,4632.98,4638,2709
14-01-2026 14:45,4638,4639.58,4636.06,4637.25,2564
14-01-2026 15:00,4637.24,4637.78,4627.24,4627.57,2735
14-01-2026 15:15,4627.52,4631.55,4626.93,4630.16,2684
14-01-2026 15:30,4630.13,4632.12,4627.7,4631.45,2393
14-01-2026 15:45,4631.45,4636.75,4631.45,4634.99,2534
14-01-2026 16:00,4634.98,4637.91,4632.27,4635.52,2589
14-01-2026 16:15,4635.51,4636.27,4631,4632.8,2820
14-01-2026 16:30,4632.72,4636.39,4629.97,4635.17,2521
14-01-2026 16:45,4635.19,4637.2,4629.08,4630.06,2636
14-01-2026 17:00,4630.11,4632.58,4627.27,4630.46,2692
14-01-2026 17:15,4630.35,4631.3,4625.64,4630.02,2579
14-01-2026 17:30,4630.15,4638.18,4629.86,4635.43,3615
14-01-2026 17:45,4635.32,4638.63,4633.64,4635.76,2442
14-01-2026 18:00,4635.77,4637.94,4633.8,4634.38,3014
14-01-2026 18:15,4634.04,4641.8,4633.49,4638.49,2863
14-01-2026 18:30,4638.65,4641.51,4627.05,4628.25,4989
14-01-2026 18:45,4627.86,4634.86,4627.26,4631.33,4301
14-01-2026 19:00,4631.43,4637.02,4623.61,4636.47,4854
14-01-2026 19:15,4636.63,4636.71,4628.98,4635.52,4034
14-01-2026 19:30,4635.5,4638.31,4629.36,4633.92,4363
14-01-2026 19:45,4633.97,4637.64,4630.9,4635.07,4010
14-01-2026 20:00,4634.69,4634.69,4613.42,4618.66,5937
14-01-2026 20:15,4618.53,4620.33,4606.02,4617.17,5686
14-01-2026 20:30,4617.13,4617.13,4598.87,4615.1,5599
14-01-2026 20:45,4615.1,4626,4613.86,4614.82,5151
14-01-2026 21:00,4614.83,4621.57,4609.42,4612.66,5009
14-01-2026 21:15,4612.6,4618.94,4610.35,4617.58,4412
14-01-2026 21:30,4617.63,4621.38,4614.63,4617.62,4265
14-01-2026 21:45,4617.59,4624.51,4616.22,4621.5,4135
14-01-2026 22:00,4621.45,4622.96,4613.48,4615.32,4325
14-01-2026 22:15,4615.35,4617.1,4608.28,4616.77,4567
14-01-2026 22:30,4616.87,4618.84,4609.62,4615.42,4060
14-01-2026 22:45,4615.43,4615.49,4605.35,4611.01,4269
14-01-2026 23:00,4611.07,4611.82,4600.85,4603.95,4575
14-01-2026 23:15,4604.09,4616.32,4603.71,4613.86,4467
14-01-2026 23:30,4613.76,4623.38,4612.4,4623.14,4074
14-01-2026 23:45,4623.12,4630,4622.31,4628,4189
15-01-2026 00:00,4628.07,4632.95,4627.79,4631.1,3356
15-01-2026 00:15,4631.11,4636.75,4629.79,4634.67,3524
15-01-2026 00:30,4634.77,4642.83,4633.02,4636.62,4241
15-01-2026 00:45,4636.72,4639.75,4633.99,4634.69,3711
15-01-2026 01:00,4634.7,4640.26,4634.25,4639.6,3511
15-01-2026 01:15,4639.62,4641.22,4635.58,4638.98,3206
15-01-2026 01:30,4638.78,4641.21,4626.04,4635.96,4898
15-01-2026 01:45,4636,4637.63,4630.55,4633.88,4173
15-01-2026 02:00,4633.79,4635.07,4625.09,4625.09,3928
15-01-2026 02:15,4625.64,4632.71,4625.64,4632.18,3849
15-01-2026 02:30,4632.24,4632.69,4624.16,4624.23,1959
15-01-2026 02:45,4624.2,4626.68,4620.71,4622.04,2691
15-01-2026 03:00,4621.97,4623.39,4617.56,4620.75,1999
15-01-2026 03:15,4620.77,4628.38,4619.56,4626.28,1806
15-01-2026 04:30,4631.33,4632.16,4611.82,4616.5,2527
15-01-2026 04:45,4616.29,4618.2,4605.25,4608.82,2747
15-01-2026 05:00,4608.75,4612.6,4602.48,4606.14,2884
15-01-2026 05:15,4606.15,4615.83,4606.15,4615.15,2881
15-01-2026 05:30,4615.07,4617.75,4611.42,4616.27,2672
15-01-2026 05:45,4616.27,4617.96,4614.03,4616.38,2191
15-01-2026 06:00,4616.39,4617.62,4613.05,4613.58,2317
15-01-2026 06:15,4613.5,4617.19,4609.84,4614.92,3087
15-01-2026 06:30,4614.89,4616.92,4606.49,4608.86,4674
15-01-2026 06:45,4608.85,4609.88,4596.74,4600.32,4735
15-01-2026 07:00,4600.31,4602.82,4583.4,4602.29,5253
15-01-2026 07:15,4602.42,4606.73,4596.97,4599.8,4532
15-01-2026 07:30,4599.8,4614.32,4597.31,4613.65,4260
15-01-2026 07:45,4613.65,4614.33,4607.16,4610.78,3718
15-01-2026 08:00,4610.72,4614.32,4603.87,4607.15,4125
15-01-2026 08:15,4607.06,4607.25,4595.47,4602.41,4132
15-01-2026 08:30,4602.57,4604.03,4589.54,4591.04,4361
15-01-2026 08:45,4591.08,4594.45,4580.77,4584.82,4665
15-01-2026 09:00,4584.69,4597.2,4580.88,4596.32,3889
15-01-2026 09:15,4596.34,4596.37,4589.23,4592.01,3248
15-01-2026 09:30,4591.99,4594.33,4586.78,4593.6,3178
15-01-2026 09:45,4593.3,4597.2,4590.58,4593.63,3100
15-01-2026 10:00,4593.6,4595.58,4589.05,4590.58,2599
15-01-2026 10:15,4590.48,4595.24,4589.6,4592,2872
15-01-2026 10:30,4592.01,4592.11,4587.14,4587.28,2526
15-01-2026 10:45,4587.29,4592.7,4580.72,4592.7,2869
15-01-2026 11:00,4592.67,4593.37,4581.22,4589.33,4342
15-01-2026 11:15,4589.16,4598.7,4587.21,4594.91,3910
15-01-2026 11:30,4594.9,4608.11,4593.35,4605.17,3978
15-01-2026 11:45,4605.27,4609.6,4603.61,4603.83,3809
15-01-2026 12:00,4603.69,4607.81,4600.23,4605.36,3592
15-01-2026 12:15,4605.39,4611.83,4603.39,4609.98,3253
15-01-2026 12:30,4610.27,4610.8,4605.69,4609.23,2671
15-01-2026 12:45,4609.22,4613.29,4608.23,4609.94,2518
15-01-2026 13:00,4609.93,4610.91,4601.27,4603.93,2434
15-01-2026 13:15,4603.93,4604.16,4598.98,4601.39,2790
15-01-2026 13:30,4601.18,4604.14,4597.6,4603.38,3475
15-01-2026 13:45,4603.39,4605.92,4600.04,4601.72,2921
15-01-2026 14:00,4602.08,4606.75,4598.98,4606.04,2779
15-01-2026 14:15,4606.22,4606.37,4600.91,4603.95,2589
15-01-2026 14:30,4603.87,4604.53,4600.34,4603.74,2334
15-01-2026 14:45,4603.96,4605.13,4601.69,4604.37,2680
15-01-2026 15:00,4604.35,4610.97,4602.55,4609.08,3112
15-01-2026 15:15,4609.09,4612.79,4607.71,4612.31,2726
15-01-2026 15:30,4612.26,4613.81,4609.07,4612.12,2681
15-01-2026 15:45,4612.16,4615.79,4611.11,4611.85,2485
15-01-2026 16:00,4611.75,4619.03,4610.28,4617.69,2714
15-01-2026 16:15,4617.71,4619.85,4616.57,4619.56,2519
15-01-2026 16:30,4619.64,4621.33,4618.31,4618.71,2370
15-01-2026 16:45,4618.71,4620.27,4617.04,4618.86,2238
15-01-2026 17:00,4618.9,4623.02,4617.45,4617.61,2475
15-01-2026 17:15,4617.62,4619.87,4615.09,4618.91,3006
15-01-2026 17:30,4619.3,4620.41,4614.36,4614.61,2730
15-01-2026 17:45,4614.61,4618.42,4613.54,4616.16,2857
15-01-2026 18:00,4616.19,4618.49,4615.12,4616.84,2529
15-01-2026 18:15,4616.86,4617.19,4611.51,4613.62,3103
15-01-2026 18:30,4613.21,4615.81,4609.42,4611.38,4866
15-01-2026 18:45,4611.27,4613.59,4602.25,4605.21,4586
15-01-2026 19:00,4603.97,4605.23,4588.09,4589.67,5090
15-01-2026 19:15,4589.64,4593.87,4582.05,4588.1,4925
15-01-2026 19:30,4588.1,4599.44,4583.04,4599.38,4817
15-01-2026 19:45,4599.4,4606.55,4596.12,4602.37,4471
15-01-2026 20:00,4602.47,4611.52,4601.38,4602.56,5469
15-01-2026 20:15,4602.52,4614.83,4600.24,4610.72,5187
15-01-2026 20:30,4610.41,4615.09,4603.62,4612.95,4855
15-01-2026 20:45,4612.88,4617.73,4612.17,4615.91,4455
15-01-2026 21:00,4615.9,4617.3,4609.02,4611.32,4304
15-01-2026 21:15,4611.28,4616.72,4609.58,4615.13,4315
15-01-2026 21:30,4615.07,4622.81,4608.41,4621.88,4430
15-01-2026 21:45,4621.92,4624.4,4611.13,4611.32,4732
15-01-2026 22:00,4611.31,4613.2,4604.13,4607.29,4320
15-01-2026 22:15,4607.28,4607.28,4600.89,4605.36,4097
15-01-2026 22:30,4605.41,4610.83,4605.31,4609.42,3205
15-01-2026 22:45,4609.35,4613.33,4607.36,4610.65,3359
15-01-2026 23:00,4610.51,4616.28,4610.02,4614.12,3247
15-01-2026 23:15,4614.08,4616.64,4613.39,4616.19,3590
15-01-2026 23:30,4616.24,4620.05,4616.09,4617.56,3516
15-01-2026 23:45,4617.59,4621.05,4616.97,4619.19,3612
16-01-2026 00:00,4618.55,4618.55,4613.43,4615.38,3095
16-01-2026 00:15,4615.37,4619.22,4615.02,4617.27,2837
16-01-2026 00:30,4617.3,4621.18,4617.16,4618.74,2986
16-01-2026 00:45,4618.77,4620.39,4617.34,4617.99,2453
16-01-2026 01:00,4618,4618.87,4614.98,4616.63,2768
16-01-2026 01:15,4616.62,4616.89,4612.34,4615.57,2627
16-01-2026 01:30,4615.62,4615.98,4603.79,4605.45,3270
16-01-2026 01:45,4605.41,4608.4,4600.5,4604.57,3971
16-01-2026 02:00,4604.62,4608.98,4603.39,4607.81,3514
16-01-2026 02:15,4607.94,4608.77,4603.12,4605.48,3715
16-01-2026 02:30,4605.38,4611.87,4604.16,4611.83,2256
16-01-2026 02:45,4611.78,4615.35,4610.97,4613.94,1899
16-01-2026 03:00,4613.97,4615.45,4613.35,4615.4,1176
16-01-2026 03:15,4615.42,4616.16,4613.37,4615.58,1115
16-01-2026 04:30,4617.74,4620.64,4613.23,4613.68,1389
16-01-2026 04:45,4613.68,4614.9,4608.3,4608.61,2187
16-01-2026 05:00,4608.62,4610.81,4606.79,4607.99,2477
16-01-2026 05:15,4607.99,4610.49,4606.06,4609.95,2298
16-01-2026 05:30,4609.92,4610.09,4603.07,4605.51,2273
16-01-2026 05:45,4605.59,4610.91,4605.09,4607.48,1916
16-01-2026 06:00,4607.54,4607.88,4600.62,4601.05,3288
16-01-2026 06:15,4601.1,4601.66,4598.26,4599.73,3270
16-01-2026 06:30,4599.61,4604.55,4593.71,4603.44,4700
16-01-2026 06:45,4603.45,4606.96,4599.85,4605.86,3819
16-01-2026 07:00,4605.76,4608.17,4601.21,4604.83,3653
16-01-2026 07:15,4604.88,4605.26,4598.66,4600.2,3955
16-01-2026 07:30,4600.19,4603.51,4597.26,4597.91,4222
16-01-2026 07:45,4597.93,4603.76,4596.58,4599.71,3421
16-01-2026 08:00,4599.64,4600.99,4590.98,4595.59,4724
16-01-2026 08:15,4595.44,4598.31,4591.5,4594.59,3742
16-01-2026 08:30,4594.62,4599.06,4594.04,4598.3,3607
16-01-2026 08:45,4598.45,4599.43,4594.98,4595.21,3052
16-01-2026 09:00,4595.15,4597.07,4592.54,4595.91,2115
16-01-2026 09:15,4595.97,4597.15,4594.86,4596.1,1936
16-01-2026 09:30,4595.96,4599.33,4595.79,4598.33,1776
16-01-2026 09:45,4598.31,4601.03,4597.87,4598.3,1734
16-01-2026 10:00,4598.31,4600.56,4597.05,4599.66,1671
16-01-2026 10:15,4599.67,4601.66,4598.64,4600.86,1557
16-01-2026 10:30,4600.89,4601.18,4595,4596.23,1836
16-01-2026 10:45,4596.25,4601.26,4595.17,4601.01,2055
16-01-2026 11:00,4600.94,4606.66,4596.42,4606.65,3888
16-01-2026 11:15,4606.65,4616.03,4606.32,4611.22,3631
16-01-2026 11:30,4611.21,4612.02,4603.77,4604.52,3697
16-01-2026 11:45,4604.58,4608.76,4603.29,4604.43,3634
16-01-2026 12:00,4604.43,4607.71,4595.43,4595.73,3463
16-01-2026 12:15,4595.73,4598.92,4593.41,4597.75,3879
16-01-2026 12:30,4597.79,4611.66,4596.52,4609.85,3022
16-01-2026 12:45,4609.85,4609.9,4604.5,4605.72,2628
16-01-2026 13:00,4605.73,4611.51,4600.77,4602.85,3307
16-01-2026 13:15,4602.62,4609.08,4601.55,4607.2,2451
16-01-2026 13:30,4607.19,4610.13,4604.55,4604.76,2676
16-01-2026 13:45,4604.74,4610.44,4604.4,4607.06,2811
16-01-2026 14:00,4607.05,4608.75,4601.76,4601.85,2626
16-01-2026 14:15,4601.86,4607.07,4601,4602.89,2621
16-01-2026 14:30,4602.87,4608.07,4601.98,4604.59,2702
16-01-2026 14:45,4604.68,4604.88,4599.35,4600.88,2230
16-01-2026 15:00,4600.85,4603.19,4598.67,4603.11,1986
16-01-2026 15:15,4603.03,4603.12,4600.05,4600.06,1877
16-01-2026 15:30,4600.06,4607.54,4599.91,4606.67,2333
16-01-2026 15:45,4606.63,4610.82,4606.44,4607.22,2213
16-01-2026 16:00,4607.16,4609.03,4606.56,4607.21,1846
16-01-2026 16:15,4607.19,4608.34,4599.48,4599.88,2665
16-01-2026 16:30,4600.11,4606.4,4598.26,4606.18,3038
16-01-2026 16:45,4606.22,4611.22,4605.24,4610.91,2551
16-01-2026 17:00,4610.92,4615.94,4609.33,4615.25,2491
16-01-2026 17:15,4615.28,4615.62,4612.03,4612.08,2243
16-01-2026 17:30,4612.08,4612.55,4609.04,4610.68,2706
16-01-2026 17:45,4610.62,4612.7,4604.61,4606.11,2599
16-01-2026 18:00,4606.1,4606.48,4601.88,4603.07,2826
16-01-2026 18:15,4603.09,4604.75,4597.28,4601.5,3415
16-01-2026 18:30,4601.46,4605.34,4594.31,4595.93,5468
16-01-2026 18:45,4595.92,4597.31,4582.37,4586.63,5778
16-01-2026 19:00,4586.68,4601.36,4585.21,4599.08,5505
16-01-2026 19:15,4599.07,4602.7,4596.72,4601.63,4340
16-01-2026 19:30,4601.64,4608.46,4598.19,4606.85,4456
16-01-2026 19:45,4607.37,4609.29,4598.01,4598.84,3942
16-01-2026 20:00,4598.22,4611.19,4595.87,4608.36,5607
16-01-2026 20:15,4608.35,4614.35,4606.77,4607.68,5290
16-01-2026 20:30,4607.52,4620.29,4607.22,4615.68,5202
16-01-2026 20:45,4615.73,4617.26,4563.92,4564.36,6441
16-01-2026 21:00,4564.21,4569.79,4536.45,4554.95,7151
16-01-2026 21:15,4555.3,4574.81,4555.22,4570.81,6293
16-01-2026 21:30,4570.82,4593.01,4567.72,4592.6,6022
16-01-2026 21:45,4593.51,4596.11,4584,4591.22,5457
16-01-2026 22:00,4591.4,4598.63,4587.84,4595.84,4840
16-01-2026 22:15,4595.88,4597.03,4581.45,4591.2,4983
16-01-2026 22:30,4591.29,4592.65,4584.78,4590.26,3884
16-01-2026 22:45,4590.26,4590.45,4576.42,4578.23,4129
16-01-2026 23:00,4578.25,4586.18,4576.71,4580.42,3471
16-01-2026 23:15,4580.32,4583.4,4578.4,4581.1,3460
16-01-2026 23:30,4580.61,4588.75,4579.7,4584.13,3703
16-01-2026 23:45,4584.12,4591.77,4581.45,4589.92,3683
17-01-2026 00:00,4590.86,4595.69,4588.3,4594.95,3553
17-01-2026 00:15,4594.99,4595.63,4581.95,4582.31,3573
17-01-2026 00:30,4581.79,4587.9,4580.75,4583.73,3441
17-01-2026 00:45,4583.6,4585.87,4580.5,4583.65,2907
17-01-2026 01:00,4583.52,4591.29,4583.49,4588.95,2846
17-01-2026 01:15,4588.98,4592.09,4588.13,4590.23,2795
17-01-2026 01:30,4590.23,4596.17,4588.48,4592.89,2817
17-01-2026 01:45,4592.76,4592.91,4587.19,4587.87,2402
17-01-2026 02:00,4587.86,4587.86,4580.44,4583.86,3555
17-01-2026 02:15,4583.9,4588.74,4581.23,4581.62,3514
17-01-2026 02:30,4581.93,4586.14,4581.78,4586.07,1476
17-01-2026 02:45,4586.08,4597.99,4585.83,4592.03,2385
17-01-2026 03:00,4592.02,4595.44,4591.35,4594.21,1302
17-01-2026 03:15,4594.2,4596.32,4593.94,4596.01,1302
19-01-2026 04:30,4648.09,4661.72,4645.56,4653.29,2669
19-01-2026 04:45,4653.28,4683.53,4652.94,4677.61,4482
19-01-2026 05:00,4677.6,4689.73,4662.94,4670.65,4186
19-01-2026 05:15,4670.68,4676.55,4662.33,4672.15,3239
19-01-2026 05:30,4672.17,4675.7,4664.65,4664.99,3603
19-01-2026 05:45,4665.02,4677.78,4660.6,4675.46,3750
19-01-2026 06:00,4675.44,4681.67,4673.17,4677.38,3768
19-01-2026 06:15,4677.37,4678.57,4671.64,4674.74,3346
19-01-2026 06:30,4674.94,4677.75,4661.35,4662.7,5433
19-01-2026 06:45,4662.69,4669.18,4656.02,4661.66,4919
19-01-2026 07:00,4661.67,4663.94,4655.93,4661.9,4712
19-01-2026 07:15,4661.98,4666.79,4656.54,4656.79,4227
19-01-2026 07:30,4656.61,4664.53,4652.67,4658.7,4136
19-01-2026 07:45,4658.63,4661.77,4656.36,4659.47,2681
19-01-2026 08:00,4659.47,4663.28,4656.09,4658.06,3691
19-01-2026 08:15,4658.04,4663.94,4654.57,4661.94,3900
19-01-2026 08:30,4661.93,4669.23,4661.93,4668.45,3461
19-01-2026 08:45,4668.35,4669.36,4663.56,4664.18,3074
19-01-2026 09:00,4664.23,4665.41,4661.48,4662.53,3034
19-01-2026 09:15,4662.51,4663.06,4657.65,4658,2508
19-01-2026 09:30,4657.99,4661.78,4657.69,4661.69,2009
19-01-2026 09:45,4661.69,4664.35,4660.01,4661.77,2040
19-01-2026 10:00,4661.73,4662.49,4658.74,4660.95,1701
19-01-2026 10:15,4660.92,4665.37,4660.58,4662.4,1944
19-01-2026 10:30,4662.4,4670.65,4662.29,4669.16,2388
19-01-2026 10:45,4669.12,4672.03,4668.5,4668.78,1760
19-01-2026 11:00,4668.73,4673.76,4663.56,4663.82,3335
19-01-2026 11:15,4663.8,4671.47,4663.69,4669.6,3024
19-01-2026 11:30,4669.59,4670.14,4666.43,4668.85,2984
19-01-2026 11:45,4668.89,4672.21,4668.1,4669.47,2257
19-01-2026 12:00,4669.48,4676.11,4669.38,4672.01,2773
19-01-2026 12:15,4671.95,4678.61,4671.95,4677.57,2924
19-01-2026 12:30,4677.53,4678.1,4667.77,4669.37,3031
19-01-2026 12:45,4669.39,4669.66,4663.27,4667.12,2665
19-01-2026 13:00,4667.11,4669.23,4664.38,4664.38,1786
19-01-2026 13:15,4664.38,4665.97,4661.46,4664.79,2537
19-01-2026 13:30,4664.57,4673.41,4663.5,4669.14,3517
19-01-2026 13:45,4669.08,4670.68,4666.91,4669.13,2423
19-01-2026 14:00,4669.13,4670.54,4666.24,4667.42,2408
19-01-2026 14:15,4667.44,4668.78,4661.39,4663.35,3249
19-01-2026 14:30,4663.33,4671.19,4661.69,4670.48,2824
19-01-2026 14:45,4670.54,4672.7,4665.89,4666.38,2974
19-01-2026 15:00,4666.36,4670.24,4664.89,4669.34,2482
19-01-2026 15:15,4669.3,4669.64,4666.94,4668.19,1735
19-01-2026 15:30,4668.17,4669.95,4666.45,4669.95,1870
19-01-2026 15:45,4670.06,4671.05,4665.27,4665.69,2278
19-01-2026 16:00,4665.75,4666.79,4661.14,4661.35,2335
19-01-2026 16:15,4661.35,4666.65,4661.3,4663.64,2138
19-01-2026 16:30,4663.63,4666.42,4661.57,4664.06,1814
19-01-2026 16:45,4664.06,4666.87,4661.43,4666.71,1713
19-01-2026 17:00,4666.69,4667.29,4660.01,4664.74,2076
19-01-2026 17:15,4664.73,4665.99,4659.42,4660.6,3245
19-01-2026 17:30,4660.58,4666.24,4660.07,4665.98,2125
19-01-2026 17:45,4665.99,4671.91,4665.75,4670.66,2716
19-01-2026 18:00,4670.69,4673.36,4669.67,4671.39,2432
19-01-2026 18:15,4671.37,4672.68,4667.92,4671.75,2376
19-01-2026 18:30,4671.75,4673.39,4668.26,4670,3467
19-01-2026 18:45,4670.01,4671.84,4668.39,4671.5,2825
19-01-2026 19:00,4671.48,4673.34,4666.32,4668.06,2934
19-01-2026 19:15,4667.98,4669.19,4664.3,4665.89,2886
19-01-2026 19:30,4665.89,4666.61,4661.33,4664.73,2875
19-01-2026 19:45,4664.82,4668.17,4663.13,4667.79,2951
19-01-2026 20:00,4667.8,4670.02,4663.66,4666.9,3191
19-01-2026 20:15,4666.9,4668.7,4664.97,4666.36,2805
19-01-2026 20:30,4666.2,4670.56,4664.46,4667.92,3542
19-01-2026 20:45,4667.92,4668.55,4664.06,4666.45,2956
19-01-2026 21:00,4666.51,4670.95,4665.71,4669.98,2877
19-01-2026 21:15,4669.97,4675.8,4669.42,4674,3356
19-01-2026 21:30,4674,4675.32,4671.11,4672.2,2795
19-01-2026 21:45,4672.19,4672.63,4670.28,4671.48,2379
19-01-2026 22:00,4671.49,4673.57,4670.4,4672.95,1756
19-01-2026 22:15,4672.92,4673.46,4671.33,4672,2466
19-01-2026 22:30,4671.93,4672.79,4670.27,4670.66,1901
19-01-2026 22:45,4670.65,4671.21,4668.97,4670.68,1692
19-01-2026 23:00,4670.69,4675.83,4670.69,4675.72,1935
19-01-2026 23:15,4675.72,4678.41,4673.8,4675.92,2601
19-01-2026 23:30,4675.87,4675.87,4673.49,4675.19,2120
19-01-2026 23:45,4675.19,4680.09,4674.88,4678.14,2022
20-01-2026 04:30,4674.74,4676.33,4665.84,4670.21,1890
20-01-2026 04:45,4670.21,4672,4664.65,4665.92,1456
20-01-2026 05:00,4665.92,4668.53,4664.08,4665.72,1598
20-01-2026 05:15,4665.72,4666.5,4664.53,4664.87,1224
20-01-2026 05:30,4665.02,4667.55,4663.78,4667.53,1817
20-01-2026 05:45,4667.52,4667.69,4659.17,4659.42,1975
20-01-2026 06:00,4659.41,4665.92,4659.37,4662.74,2478
20-01-2026 06:15,4662.72,4663.74,4659.99,4660.08,2282
20-01-2026 06:30,4660.08,4673.09,4659.52,4669.81,4219
20-01-2026 06:45,4669.58,4671.99,4665.93,4670.66,3774
20-01-2026 07:00,4670.65,4675.8,4670.63,4672.82,3185
20-01-2026 07:15,4672.78,4674.55,4665.57,4669.28,3539
20-01-2026 07:30,4669.31,4671.6,4665.22,4665.73,3663
20-01-2026 07:45,4665.72,4672.98,4665.24,4671.82,2580
20-01-2026 08:00,4671.83,4674.43,4669.98,4673.7,3518
20-01-2026 08:15,4673.68,4673.88,4666.54,4668.34,3439
20-01-2026 08:30,4668.33,4671.12,4665.78,4671.12,3554
20-01-2026 08:45,4671.2,4673.8,4670.66,4672.85,3523
20-01-2026 09:00,4672.79,4678.53,4672.39,4676.51,2367
20-01-2026 09:15,4676.52,4681.32,4676.52,4679.81,2430
20-01-2026 09:30,4679.79,4682.29,4679.29,4680.08,1979
20-01-2026 09:45,4680.08,4686.8,4679.97,4685.5,2903
20-01-2026 10:00,4685.48,4693.21,4684.11,4689.42,3492
20-01-2026 10:15,4689.4,4696.63,4688.54,4694.86,3242
20-01-2026 10:30,4694.84,4701.32,4694.35,4699.2,3222
20-01-2026 10:45,4699.21,4699.97,4694.33,4695.54,2960
20-01-2026 11:00,4695.5,4705.8,4693.72,4704.61,4667
20-01-2026 11:15,4704.63,4716.56,4704.3,4714.07,4310
20-01-2026 11:30,4714.09,4716.74,4707.1,4712.67,4458
20-01-2026 11:45,4712.82,4714.93,4709.08,4712.1,4018
20-01-2026 12:00,4712.15,4714.57,4704.93,4710.3,4516
20-01-2026 12:15,4710.33,4714.86,4708.94,4712.1,3299
20-01-2026 12:30,4711.92,4717.38,4711.07,4715.12,2986
20-01-2026 12:45,4715.13,4722.05,4714.47,4717.71,3178
20-01-2026 13:00,4717.85,4721.36,4716.44,4719.83,2775
20-01-2026 13:15,4719.8,4722.42,4714.59,4715.75,2718
20-01-2026 13:30,4715.77,4725.26,4714.78,4724.14,3453
20-01-2026 13:45,4724.12,4724.76,4717.79,4718.29,3387
20-01-2026 14:00,4718.28,4724.56,4715.9,4722.49,3541
20-01-2026 14:15,4722.49,4731.05,4722.42,4728.9,3891
20-01-2026 14:30,4728.9,4731.21,4723.86,4725.12,3541
20-01-2026 14:45,4725.15,4733.4,4720.99,4732.89,3682
20-01-2026 15:00,4732.89,4735.98,4732.54,4734.14,3231
20-01-2026 15:15,4734.07,4737.06,4732.07,4732.17,2940
20-01-2026 15:30,4732.18,4734.56,4730.08,4730.94,2954
20-01-2026 15:45,4730.94,4733.17,4727.6,4727.6,3012
20-01-2026 16:00,4727.61,4729.09,4723.18,4724.25,3440
20-01-2026 16:15,4724.25,4727.76,4722.77,4726.24,2650
20-01-2026 16:30,4726.22,4727.76,4721.38,4725.99,3004
20-01-2026 16:45,4726.02,4728.69,4725.3,4726.57,2607
20-01-2026 17:00,4726.58,4731.96,4725.57,4731.95,2752
20-01-2026 17:15,4731.92,4735.17,4730.25,4732.72,2827
20-01-2026 17:30,4732.27,4732.31,4728.05,4729.79,2991
20-01-2026 17:45,4729.77,4730.24,4725.91,4726.36,3234
20-01-2026 18:00,4726.22,4728.8,4723.85,4726.4,3880
20-01-2026 18:15,4726.03,4728.99,4725.67,4727.19,3665
20-01-2026 18:30,4727.21,4728.09,4721.98,4723.51,4929
20-01-2026 18:45,4723.51,4725.82,4715.89,4719.07,4537
20-01-2026 19:00,4719.04,4730.36,4714.89,4729.46,5653
20-01-2026 19:15,4729.52,4738.29,4727.14,4737.03,5026
20-01-2026 19:30,4736.98,4748.15,4732.1,4740.56,5478
20-01-2026 19:45,4740.54,4750.49,4740,4750.3,4630
20-01-2026 20:00,4750.4,4750.4,4728.44,4738.03,6839
20-01-2026 20:15,4737.53,4742.1,4732.91,4740.89,6309
20-01-2026 20:30,4740.31,4748.26,4738.26,4744.33,5585
20-01-2026 20:45,4744.35,4744.53,4722.27,4723.5,6044
20-01-2026 21:00,4723.5,4734.94,4722.04,4732.56,5758
20-01-2026 21:15,4732.54,4739.05,4729.14,4737.24,4857
20-01-2026 21:30,4737.31,4743.3,4728.9,4741.09,4874
20-01-2026 21:45,4741.22,4743.91,4735.1,4741.14,4499
20-01-2026 22:00,4741.11,4745.37,4740.62,4744.96,3677
20-01-2026 22:15,4745.02,4757.8,4745.02,4753.35,4444
20-01-2026 22:30,4752.69,4754.15,4745.74,4753.69,4226
20-01-2026 22:45,4753.71,4756.28,4751.27,4754.65,3642
20-01-2026 23:00,4754.6,4757.28,4751.93,4755.98,3587
20-01-2026 23:15,4755.91,4761.87,4752.01,4758.86,3961
20-01-2026 23:30,4758.88,4765.14,4758.31,4762.95,3641
20-01-2026 23:45,4762.94,4766.02,4759.05,4761.23,4092
21-01-2026 00:00,4761.19,4762.52,4757.02,4757.67,3330
21-01-2026 00:15,4757.67,4759.86,4752.59,4759.07,3728
21-01-2026 00:30,4759.02,4760.1,4756.19,4758.98,2934
21-01-2026 00:45,4758.99,4766.01,4757.96,4759.21,3451
21-01-2026 01:00,4759.2,4763.59,4756.84,4763.03,3207
21-01-2026 01:15,4762.93,4763.63,4758.29,4760.45,2817
21-01-2026 01:30,4760.3,4760.84,4755.64,4759.99,3116
21-01-2026 01:45,4759.98,4760.51,4746.76,4750.14,4154
21-01-2026 02:00,4750.14,4754.71,4748.58,4749.46,3655
21-01-2026 02:15,4749.52,4757.5,4749.13,4756.23,3671
21-01-2026 02:30,4756.25,4760.14,4755.95,4760,3130
21-01-2026 02:45,4760,4760.48,4759.1,4759.39,2590
21-01-2026 03:00,4759.38,4759.74,4756.93,4758.94,1761
21-01-2026 03:15,4758.95,4763.75,4758.57,4763.1,1257
21-01-2026 04:30,4761.38,4763.8,4757.42,4757.75,1436
21-01-2026 04:45,4757.79,4760.9,4757.47,4759.36,1349
21-01-2026 05:00,4759.27,4773.36,4758.36,4773.36,1664
21-01-2026 05:15,4773.6,4780.72,4771.82,4775.53,2932
21-01-2026 05:30,4775.36,4777.26,4770.34,4776.2,2410
21-01-2026 05:45,4776.19,4779.8,4773.3,4776.79,2127
21-01-2026 06:00,4776.8,4785.41,4776.31,4784.71,2938
21-01-2026 06:15,4784.7,4787.43,4781.68,4784.23,2787
21-01-2026 06:30,4784.23,4809.7,4783.12,4807.24,5288
21-01-2026 06:45,4807.24,4827.07,4804.84,4826.97,5231
21-01-2026 07:00,4826.98,4836.04,4814.84,4818.27,5242
21-01-2026 07:15,4818.27,4844.16,4818.27,4834.96,4804
21-01-2026 07:30,4835.11,4841.83,4822.03,4828.04,4863
21-01-2026 07:45,4828.04,4828.11,4816.76,4824.45,3877
21-01-2026 08:00,4824.46,4839.13,4821.98,4830.63,4556
21-01-2026 08:15,4830.61,4836.98,4827.1,4836.32,4036
21-01-2026 08:30,4836.34,4849.69,4832.98,4833.71,4249
21-01-2026 08:45,4833.24,4836.79,4826.83,4833.16,4499
21-01-2026 09:00,4833.18,4845.78,4831.32,4842.43,3439
21-01-2026 09:15,4842.42,4846.66,4839.27,4844.71,2747
21-01-2026 09:30,4844.7,4846.22,4837.49,4844.39,3142
21-01-2026 09:45,4844.4,4853.8,4843.6,4849.57,3520
21-01-2026 10:00,4849.55,4865.27,4849.54,4864.87,3226
21-01-2026 10:15,4864.89,4870.71,4861.78,4865.56,3340
21-01-2026 10:30,4865.42,4866.7,4858.51,4866.56,3140
21-01-2026 10:45,4866.57,4873.77,4862.92,4868.35,3529
21-01-2026 11:00,4868.39,4877.9,4863.24,4870.46,4692
21-01-2026 11:15,4870.46,4876.64,4868.57,4869.56,3818
21-01-2026 11:30,4869.54,4874.94,4864.08,4871.22,4164
21-01-2026 11:45,4871.22,4888.04,4869.55,4883.51,4562
21-01-2026 12:00,4883.52,4886.88,4858.71,4861.36,4952
21-01-2026 12:15,4861.39,4865.61,4844.98,4847.19,4929
21-01-2026 12:30,4847.06,4849.01,4834.18,4836.72,4871
21-01-2026 12:45,4836.74,4850.09,4832.11,4848.66,4456
21-01-2026 13:00,4849.09,4851.47,4838.49,4848.78,4197
21-01-2026 13:15,4848.76,4856.84,4847.02,4854.78,3107
21-01-2026 13:30,4854.66,4863.38,4853.45,4858.12,3714
21-01-2026 13:45,4858.12,4869.44,4858.06,4866.58,3258
21-01-2026 14:00,4866.59,4867.69,4858.71,4860.95,3452
21-01-2026 14:15,4860.91,4862.64,4851.37,4854.53,3339
21-01-2026 14:30,4854.77,4862.07,4852.04,4859.57,2885
21-01-2026 14:45,4859.56,4876.47,4857.78,4875.39,3409
21-01-2026 15:00,4875.2,4877.1,4863.8,4866.01,3468
21-01-2026 15:15,4865.99,4867.21,4858.65,4859.88,3206
21-01-2026 15:30,4859.84,4866.42,4859.09,4863.16,3011
21-01-2026 15:45,4863.15,4864.07,4859.54,4860.12,2941
21-01-2026 16:00,4860.04,4865.69,4859.71,4864.75,2637
21-01-2026 16:15,4864.72,4866.4,4861.8,4861.92,2589
21-01-2026 16:30,4862.01,4865.35,4860.65,4864.96,2478
21-01-2026 16:45,4865.05,4871.24,4864.83,4866.67,2845
21-01-2026 17:00,4866.65,4866.99,4860.48,4861.96,2968
21-01-2026 17:15,4861.97,4866.5,4855.01,4866.5,3355
21-01-2026 17:30,4866.5,4867.47,4861,4861.93,3182
21-01-2026 17:45,4861.87,4864.36,4855.52,4864.35,3600
21-01-2026 18:00,4864.7,4870.67,4863.16,4865.31,3216
21-01-2026 18:15,4865.33,4866.96,4856.5,4864.77,3563
21-01-2026 18:30,4865.16,4870.88,4858.23,4868.85,5044
21-01-2026 18:45,4868.9,4870.9,4861.39,4867.62,4477
21-01-2026 19:00,4867.64,4878.48,4866.67,4876.76,4435
21-01-2026 19:15,4876.76,4879.87,4869.64,4878.77,4564
21-01-2026 19:30,4878.7,4880.49,4838.62,4844.39,6312
21-01-2026 19:45,4844.39,4863.9,4841.74,4860.16,5468
21-01-2026 20:00,4859.75,4872.04,4849.88,4860.59,6371
21-01-2026 20:15,4860.52,4861.82,4846.02,4851.61,6278
21-01-2026 20:30,4851.47,4868.24,4846.9,4859.81,5943
21-01-2026 20:45,4859.69,4861.49,4812.12,4830.57,6991
21-01-2026 21:00,4830.61,4844.82,4828.74,4836.93,6090
21-01-2026 21:15,4837.67,4854.24,4833.67,4847.42,5751
21-01-2026 21:30,4847.95,4855.46,4843.6,4846.75,5448
21-01-2026 21:45,4846.71,4852.24,4828.83,4839.69,5538
21-01-2026 22:00,4839.68,4849.44,4833.42,4834.34,5472
21-01-2026 22:15,4834.28,4837.31,4819.03,4833.01,5605
21-01-2026 22:30,4833.12,4834,4815.07,4818.02,5441
21-01-2026 22:45,4817.42,4825.97,4814.27,4820.89,5243
21-01-2026 23:00,4820.9,4821.38,4802.49,4809.68,5973
21-01-2026 23:15,4809.56,4827.41,4808.46,4825.82,4852
21-01-2026 23:30,4825.82,4831.54,4822.63,4825.31,4658
21-01-2026 23:45,4825.33,4836.72,4819.56,4833.82,5143
22-01-2026 00:00,4833.89,4838.45,4830.22,4837.54,4373
22-01-2026 00:15,4837.37,4850.49,4835.83,4849.91,3922
22-01-2026 00:30,4849.9,4850.56,4842.92,4848.69,3987
22-01-2026 00:45,4848.72,4853.76,4804.36,4815.85,4452
22-01-2026 01:00,4815.78,4821.08,4765.09,4765.61,7003
22-01-2026 01:15,4765.21,4782.46,4755.65,4780.87,6344
22-01-2026 01:30,4780.87,4787.09,4772.04,4786.89,5643
22-01-2026 01:45,4787.14,4800.83,4784.33,4797.29,5543
22-01-2026 02:00,4797.31,4821.2,4796.43,4819.92,5150
22-01-2026 02:15,4819.94,4827.43,4816.1,4826.31,4986
22-01-2026 02:30,4826.28,4826.28,4812.97,4823.69,2919
22-01-2026 02:45,4823.67,4838.17,4823.47,4832.38,2811
22-01-2026 03:00,4832.38,4839.19,4831.91,4834.78,1874
22-01-2026 03:15,4835.02,4839.47,4827.62,4831.06,1807
22-01-2026 04:30,4832.31,4832.65,4802.2,4814.5,2312
22-01-2026 04:45,4814.5,4814.74,4784.56,4794.53,2847
22-01-2026 05:00,4794.56,4801.26,4785.66,4786.94,2878
22-01-2026 05:15,4786.91,4797.08,4777.18,4777.93,3010
22-01-2026 05:30,4777.89,4793.83,4777.79,4789.81,3639
22-01-2026 05:45,4789.8,4789.8,4779.96,4782.19,2844
22-01-2026 06:00,4782.15,4795.11,4779.97,4792.68,3152
22-01-2026 06:15,4792.73,4798.58,4787.29,4797.88,3248
22-01-2026 06:30,4797.5,4797.5,4771.87,4791.15,5264
22-01-2026 06:45,4791.31,4809.28,4788.03,4795.7,4671
22-01-2026 07:00,4795.71,4804.39,4793.15,4802.95,4229
22-01-2026 07:15,4802.95,4804.38,4797.5,4797.52,3468
22-01-2026 07:30,4797.52,4798.04,4787.16,4793.19,4255
22-01-2026 07:45,4793.18,4795.31,4786.21,4787.41,3368
22-01-2026 08:00,4787.33,4787.83,4774.85,4781.53,4370
22-01-2026 08:15,4781.68,4792.39,4781.68,4788.83,3794
22-01-2026 08:30,4788.83,4791.03,4783.98,4789.62,3720
22-01-2026 08:45,4789.63,4795.58,4785.52,4792.41,3691
22-01-2026 09:00,4792.39,4794.18,4789.89,4790.13,3188
22-01-2026 09:15,4790.15,4796.6,4789.79,4796.28,2637
22-01-2026 09:30,4796.27,4800.15,4795.12,4797.94,2869
22-01-2026 09:45,4797.94,4799.43,4794.32,4795.79,3159
22-01-2026 10:00,4795.76,4798.02,4793.6,4795.07,2986
22-01-2026 10:15,4795.06,4797.66,4793.63,4797.12,2070
22-01-2026 10:30,4796.76,4801.28,4793.46,4800.12,2649
22-01-2026 10:45,4800.15,4800.22,4794.88,4795.09,2720
22-01-2026 11:00,4795.01,4802.46,4794.87,4800.4,3588
22-01-2026 11:15,4800.41,4821.14,4800.41,4820.82,4107
22-01-2026 11:30,4820.82,4824.51,4816.02,4817.79,4160
22-01-2026 11:45,4817.78,4828.81,4816.59,4825.16,3686
22-01-2026 12:00,4825.17,4827.69,4823.33,4823.53,3195
22-01-2026 12:15,4823.49,4826.5,4821.09,4826.36,2867
22-01-2026 12:30,4826.88,4834.59,4825.37,4832.85,3039
22-01-2026 12:45,4832.85,4837.69,4830.03,4836.74,2893
22-01-2026 13:00,4836.67,4837.95,4832.4,4833.08,2427
22-01-2026 13:15,4833.24,4835.33,4830.44,4832.35,2349
22-01-2026 13:30,4832.33,4835.32,4824.13,4827.46,3486
22-01-2026 13:45,4827.48,4830.23,4825.48,4826.04,2836
22-01-2026 14:00,4826.03,4828.38,4822.13,4826.37,3245
22-01-2026 14:15,4826.38,4831.6,4825.56,4830.44,3513
22-01-2026 14:30,4830.01,4837.64,4829.37,4832.58,3288
22-01-2026 14:45,4832.59,4833.38,4827.72,4829.19,3026
22-01-2026 15:00,4829.21,4830.8,4813.72,4815.97,3949
22-01-2026 15:15,4815.97,4822.85,4814.3,4822.74,2889
22-01-2026 15:30,4822.73,4824.72,4818.93,4823.3,3271
22-01-2026 15:45,4823.49,4827.25,4821.01,4826.52,2846
22-01-2026 16:00,4826.17,4829.06,4823.56,4828.03,2551
22-01-2026 16:15,4828.04,4831.55,4826.94,4828.77,2371
22-01-2026 16:30,4828.76,4831.51,4825.96,4825.96,2247
22-01-2026 16:45,4825.97,4829.32,4824.24,4827.4,2944
22-01-2026 17:00,4827.42,4831.16,4824.98,4830.49,2920
22-01-2026 17:15,4830.56,4836.24,4830.09,4830.81,3349
22-01-2026 17:30,4830.83,4830.83,4823.23,4824.53,3504
22-01-2026 17:45,4824.6,4832.18,4824.22,4831.28,2702
22-01-2026 18:00,4831.28,4832.27,4829.2,4829.31,2304
22-01-2026 18:15,4829.33,4829.4,4818.64,4819.57,3322
22-01-2026 18:30,4819.59,4827,4815.88,4826.43,5003
22-01-2026 18:45,4826.52,4834.74,4825.52,4827.75,4449
22-01-2026 19:00,4827.49,4827.49,4810.59,4813.22,4714
22-01-2026 19:15,4813.18,4822.49,4810.21,4821.83,4513
22-01-2026 19:30,4821.86,4825.59,4820.11,4823.78,3782
22-01-2026 19:45,4823.8,4830.14,4822.22,4829.1,3340
22-01-2026 20:00,4829.12,4847.49,4827.9,4845.25,6231
22-01-2026 20:15,4845.29,4846.43,4834.63,4834.77,5523
22-01-2026 20:30,4834.77,4840.56,4827.1,4838.99,5652
22-01-2026 20:45,4838.92,4855.61,4835.94,4853.58,5324
22-01-2026 21:00,4853.46,4865.35,4853.12,4863.2,5345
22-01-2026 21:15,4863.2,4873.38,4860.44,4871.28,5343
22-01-2026 21:30,4871.37,4875.98,4867.7,4873.22,5043
22-01-2026 21:45,4873.25,4880.48,4870.33,4875.46,4967
22-01-2026 22:00,4875.46,4884.78,4872.56,4880.33,4601
22-01-2026 22:15,4880.33,4885.21,4874.33,4877.65,4124
22-01-2026 22:30,4877.64,4884.41,4869.39,4880.38,5096
22-01-2026 22:45,4880.32,4893.66,4876.13,4889.3,4715
22-01-2026 23:00,4889.51,4898.95,4888.91,4898.5,4469
22-01-2026 23:15,4898.5,4905.88,4895.76,4904.17,4350
22-01-2026 23:30,4904.17,4915.2,4900.88,4907.97,4712
22-01-2026 23:45,4908,4912.96,4906.35,4909.83,4201
23-01-2026 00:00,4909.93,4915.71,4907.16,4912.66,3792
23-01-2026 00:15,4912.66,4918.85,4910.53,4915.78,3302
23-01-2026 00:30,4915.76,4924.02,4915.3,4923.62,3302
23-01-2026 00:45,4923.58,4923.86,4909.13,4914.61,3601
23-01-2026 01:00,4914.61,4917.84,4913.14,4913.32,3377
23-01-2026 01:15,4913.26,4913.26,4905.73,4911.36,3877
23-01-2026 01:30,4911.38,4926.3,4911.09,4925.88,3445
23-01-2026 01:45,4925.76,4928.13,4924.24,4925.43,3346
23-01-2026 02:00,4925.4,4926.83,4918.22,4922.44,3555
23-01-2026 02:15,4922.51,4924.48,4913.72,4916.7,3951
23-01-2026 02:30,4916.83,4922.68,4914.31,4922.48,2381
23-01-2026 02:45,4922.4,4925.03,4920.23,4924.8,1636
23-01-2026 03:00,4924.78,4940.26,4923.75,4938.83,2584
23-01-2026 03:15,4938.82,4940.46,4935.19,4935.98,2110
23-01-2026 04:30,4944.87,4959.36,4942.12,4942.63,3256
23-01-2026 04:45,4942.63,4946.09,4938.89,4939.86,2934
23-01-2026 05:00,4939.87,4939.91,4930.4,4938.3,2518
23-01-2026 05:15,4938.29,4960.25,4938.26,4958.56,3724
23-01-2026 05:30,4958.56,4962.86,4950.57,4951.53,3242
23-01-2026 05:45,4951.46,4958.4,4947.62,4951.64,2644
23-01-2026 06:00,4951.66,4955.29,4947.26,4948.91,3023
23-01-2026 06:15,4949.04,4965.21,4948.88,4964.63,2853
23-01-2026 06:30,4964.75,4967.34,4935.68,4948.95,5433
23-01-2026 06:45,4948.96,4954.1,4942.48,4947.13,4256
23-01-2026 07:00,4947.13,4955.73,4946.4,4950.98,3809
23-01-2026 07:15,4950.99,4962.69,4950.99,4953.23,3920
23-01-2026 07:30,4953.21,4956.39,4947.05,4949.19,3592
23-01-2026 07:45,4949.14,4952.99,4946.52,4952.58,3101
23-01-2026 08:00,4952.59,4957.29,4952.19,4956.62,2750
23-01-2026 08:15,4956.65,4962.12,4955.15,4955.27,2939
23-01-2026 08:30,4955.45,4958.72,4953,4954.68,3173
23-01-2026 08:45,4954.38,4954.73,4937.89,4943.27,3955
23-01-2026 09:00,4943.31,4952.98,4942.22,4949.42,2988
23-01-2026 09:15,4949.41,4954.08,4947.85,4951.69,2052
23-01-2026 09:30,4951.66,4953.2,4950.47,4952.02,1236
23-01-2026 09:45,4952.04,4952.87,4949.9,4952.61,1458
23-01-2026 10:00,4952.53,4957.59,4951.65,4956.6,2128
23-01-2026 10:15,4956.58,4958.07,4954.88,4955.93,1748
23-01-2026 10:30,4955.93,4957.59,4954.18,4955.96,1737
23-01-2026 10:45,4955.94,4959.77,4955.21,4957.11,1458
23-01-2026 11:00,4957.1,4961.17,4956.2,4960.76,2915
23-01-2026 11:15,4960.77,4967.08,4960.13,4960.34,3155
23-01-2026 11:30,4960.34,4962.52,4945.15,4952.57,4118
23-01-2026 11:45,4952.57,4958.58,4951.17,4952.67,3359
23-01-2026 12:00,4952.77,4955.58,4950.09,4952.61,3326
23-01-2026 12:15,4952.6,4955.84,4950.58,4953.3,3146
23-01-2026 12:30,4953.3,4957.64,4952.13,4955.78,2811
23-01-2026 12:45,4955.82,4959.36,4951.7,4956.69,2642
23-01-2026 13:00,4956.78,4957.99,4945.83,4945.95,3534
23-01-2026 13:15,4945.95,4950.81,4942.94,4944.07,3227
23-01-2026 13:30,4942.81,4947.23,4940.08,4941.93,3348
23-01-2026 13:45,4941.92,4942.6,4901.11,4913.14,5284
23-01-2026 14:00,4913.13,4925.97,4910.42,4924.82,4610
23-01-2026 14:15,4924.79,4925.1,4908.84,4913.49,4073
23-01-2026 14:30,4913.54,4919.63,4908.8,4911.68,3897
23-01-2026 14:45,4911.7,4914.38,4899.06,4905.07,3987
23-01-2026 15:00,4905.04,4917.38,4902.44,4916.81,3854
23-01-2026 15:15,4916.74,4921.44,4914.03,4918.29,3429
23-01-2026 15:30,4918.33,4922.32,4915.26,4921.06,2990
23-01-2026 15:45,4921.06,4931.95,4921.06,4929.15,3341
23-01-2026 16:00,4929.16,4930.13,4924.64,4927.6,2720
23-01-2026 16:15,4927.65,4930.48,4924.27,4929.53,2965
23-01-2026 16:30,4929.51,4929.62,4915.63,4918.12,3243
23-01-2026 16:45,4918.14,4921.7,4911.6,4920.47,3309
23-01-2026 17:00,4920.67,4924.8,4919.45,4923.17,2232
23-01-2026 17:15,4923.25,4925.99,4920.61,4922.58,2791
23-01-2026 17:30,4923.07,4934.01,4917.97,4933.57,3800
23-01-2026 17:45,4933.62,4936.59,4930.11,4933.81,3134
23-01-2026 18:00,4933.83,4938.75,4932.04,4935.85,3005
23-01-2026 18:15,4935.83,4942.21,4935.72,4939.09,3564
23-01-2026 18:30,4939.22,4947.72,4933.38,4940.08,5117
23-01-2026 18:45,4940.09,4940.3,4923.59,4931.24,5316
23-01-2026 19:00,4930.5,4938.88,4926.76,4931.21,5340
23-01-2026 19:15,4931.21,4940.21,4930.22,4938.69,4567
23-01-2026 19:30,4938.65,4947.56,4934.54,4944.2,4941
23-01-2026 19:45,4944.65,4945.16,4939.34,4939.76,3876
23-01-2026 20:00,4939.56,4949.42,4932.56,4946.7,5804
23-01-2026 20:15,4946.69,4956.29,4942.55,4942.68,5331
23-01-2026 20:30,4942.67,4955.54,4938.33,4952.52,5427
23-01-2026 20:45,4952.47,4954.16,4942.28,4944.46,5233
23-01-2026 21:00,4944.58,4960.65,4943.48,4958.68,4760
23-01-2026 21:15,4958.69,4963.07,4951.28,4960.31,4890
23-01-2026 21:30,4960.29,4976.24,4958.74,4970.53,5048
23-01-2026 21:45,4970.64,4985.71,4968.89,4984.85,5031
23-01-2026 22:00,4984.85,4987.73,4978.43,4982.44,4724
23-01-2026 22:15,4981.45,4983,4975,4979.97,4623
23-01-2026 22:30,4980.2,4986.89,4977.03,4984.13,3983
23-01-2026 22:45,4984.16,4987.5,4980.5,4982.78,3901
23-01-2026 23:00,4982.88,4987.67,4982.12,4982.89,3652
23-01-2026 23:15,4982.82,4984.76,4961.73,4965.75,4491
23-01-2026 23:30,4966.05,4982.57,4965.23,4980.6,4588
23-01-2026 23:45,4980.52,4983.74,4977.25,4978.35,4053
24-01-2026 00:00,4978.4,4979.64,4963.53,4964.19,4211
24-01-2026 00:15,4964.2,4969.18,4957.91,4966.36,4133
24-01-2026 00:30,4966.4,4978.22,4966.4,4973.71,3497
24-01-2026 00:45,4973.72,4978.28,4973.28,4976.96,2838
24-01-2026 01:00,4976.97,4979.93,4974.13,4978.34,2884
24-01-2026 01:15,4978.27,4989.21,4977.56,4983.61,3394
24-01-2026 01:30,4983.61,4985.15,4969.98,4980.7,3860
24-01-2026 01:45,4980.71,4984.85,4977.82,4980.37,3135
24-01-2026 02:00,4980.4,4982.69,4975.35,4981.72,3529
24-01-2026 02:15,4981.74,4983.68,4978.29,4980.94,3465
24-01-2026 02:30,4980.5,4985.58,4978.29,4980.83,2247
24-01-2026 02:45,4980.84,4983.07,4977.61,4981.36,1546
24-01-2026 03:00,4981.4,4982.68,4980.01,4981.62,1130
24-01-2026 03:15,4981.64,4989.56,4980.52,4987.82,1543
26-01-2026 04:30,5013.23,5027.23,5001.26,5020.76,4383
26-01-2026 04:45,5020.75,5030.71,5011.89,5018.08,4008
26-01-2026 05:00,5018.08,5031.49,5015.96,5024.96,3523
26-01-2026 05:15,5024.97,5039.51,5024.8,5039.35,3503
26-01-2026 05:30,5039.65,5043.44,5034.01,5038.82,4198
26-01-2026 05:45,5038.8,5042.25,5030.17,5042.25,3824
26-01-2026 06:00,5042.23,5051.67,5041.81,5049.87,3841
26-01-2026 06:15,5049.89,5051.53,5037.91,5041.4,3817
26-01-2026 06:30,5041.45,5058.68,5028.99,5057.06,5667
26-01-2026 06:45,5057.03,5074.76,5056.17,5073.74,5318
26-01-2026 07:00,5073.73,5084.85,5070.85,5082.81,5493
26-01-2026 07:15,5082.76,5084.24,5067.36,5070.81,5010
26-01-2026 07:30,5070.83,5078.8,5066.6,5074.82,5342
26-01-2026 07:45,5074.83,5088.79,5072.59,5087.57,4207
26-01-2026 08:00,5087.56,5092.78,5078.77,5087.97,5048
26-01-2026 08:15,5087.99,5090.87,5080.32,5080.77,4881
26-01-2026 08:30,5080.77,5084.64,5071.47,5084.53,4996
26-01-2026 08:45,5084.57,5087.58,5074.74,5078.95,4456
26-01-2026 09:00,5078.95,5083.29,5075.69,5078.2,3271
26-01-2026 09:15,5077.95,5079.07,5069.71,5076.12,3868
26-01-2026 09:30,5076.1,5077.62,5071.82,5075.4,3082
26-01-2026 09:45,5075.51,5076.15,5071.06,5072.06,2985
26-01-2026 10:00,5072.08,5072.82,5064.06,5066.67,3339
26-01-2026 10:15,5066.66,5072.05,5057.87,5070,3286
26-01-2026 10:30,5069.71,5072.43,5054.75,5059.6,3596
26-01-2026 10:45,5059.58,5066.53,5052.02,5065.15,3912
26-01-2026 11:00,5065.14,5067.73,5053,5059.22,5564
26-01-2026 11:15,5059.19,5075.85,5058.1,5073.74,4622
26-01-2026 11:30,5073.78,5081.84,5067.05,5068.95,4662
26-01-2026 11:45,5068.95,5076.75,5065.09,5074.8,4480
26-01-2026 12:00,5074.97,5092.03,5074.36,5091.65,4287
26-01-2026 12:15,5091.6,5110.76,5076.33,5077.3,5616
26-01-2026 12:30,5077.34,5091.82,5073.87,5090.53,4059
26-01-2026 12:45,5090.37,5095.4,5089.64,5094.95,3271
26-01-2026 13:00,5094.95,5095.24,5085.54,5088.31,2828
26-01-2026 13:15,5088.59,5093.92,5088.12,5088.94,2649
26-01-2026 13:30,5088.54,5096.37,5087.15,5095.81,3657
26-01-2026 13:45,5096,5097.34,5094.79,5096.51,3224
26-01-2026 14:00,5096.5,5097.99,5090.06,5092.98,3764
26-01-2026 14:15,5092.98,5093.65,5079.78,5083.03,4170
26-01-2026 14:30,5083,5092.57,5081.99,5090.87,3908
26-01-2026 14:45,5090.85,5096.67,5087.79,5096.31,3734
26-01-2026 15:00,5096.33,5098.45,5087.12,5091.13,3570
26-01-2026 15:15,5091.13,5092.84,5075.02,5083.67,4322
26-01-2026 15:30,5084.37,5090.09,5078.41,5088.89,3946
26-01-2026 15:45,5088.9,5090.95,5086.06,5087.12,2788
26-01-2026 16:00,5087.27,5094.78,5085.64,5092.68,3180
26-01-2026 16:15,5092.67,5094.08,5090.07,5091.36,3226
26-01-2026 16:30,5091.37,5092.47,5086.86,5087.68,3407
26-01-2026 16:45,5087.67,5088.22,5078.26,5086.96,4126
26-01-2026 17:00,5086.99,5092.05,5083.47,5089.78,3739
26-01-2026 17:15,5089.77,5092.08,5086.98,5091.19,3173
26-01-2026 17:30,5091.17,5093.75,5086.96,5089.93,3734
26-01-2026 17:45,5089.92,5096.52,5085.99,5089.62,3954
26-01-2026 18:00,5089.65,5089.68,5078.86,5083.1,3690
26-01-2026 18:15,5083.25,5085.47,5076.93,5078.51,4251
26-01-2026 18:30,5078.51,5081.81,5065.97,5079.8,5572
26-01-2026 18:45,5079.8,5082.94,5066.94,5072.05,5270
26-01-2026 19:00,5071.99,5072.87,5054.05,5070.28,5150
26-01-2026 19:15,5070.38,5075.29,5066.2,5068.34,4929
26-01-2026 19:30,5068.33,5072.44,5057.86,5070.65,4811
26-01-2026 19:45,5070.6,5082.26,5063.17,5078.03,4694
26-01-2026 20:00,5077.55,5090.44,5074.32,5081.42,6361
26-01-2026 20:15,5081.51,5096.58,5080.27,5096.2,5677
26-01-2026 20:30,5096.2,5097.04,5085.57,5095.02,5537
26-01-2026 20:45,5095.01,5096.45,5083.68,5089.95,5565
26-01-2026 21:00,5090.03,5092.28,5073.5,5077.93,5800
26-01-2026 21:15,5077.74,5094.8,5077.32,5090.52,5284
26-01-2026 21:30,5090.51,5104.41,5089.26,5101.15,5458
26-01-2026 21:45,5101.06,5103.31,5070.03,5075.04,5625
26-01-2026 22:00,5075.05,5082.47,5064.86,5076.99,6057
26-01-2026 22:15,5076.88,5093.28,5076.33,5088.99,5226
26-01-2026 22:30,5089.63,5096.99,5085.03,5094,5032
26-01-2026 22:45,5094.01,5095.1,5080.73,5088.05,5004
26-01-2026 23:00,5087.86,5102.11,5081.97,5101.57,4829
26-01-2026 23:15,5101.61,5104.82,5097.09,5100.6,4932
26-01-2026 23:30,5100.64,5102.71,5076.16,5077.98,5784
26-01-2026 23:45,5078.05,5090.2,5076.24,5084.58,5950
27-01-2026 00:00,5084.57,5084.87,5057.65,5063.82,6416
27-01-2026 00:15,5063.7,5082.39,5063.34,5068.39,5764
27-01-2026 00:30,5068.36,5069.07,5034.73,5059.63,6367
27-01-2026 00:45,5059.18,5060.73,5019.8,5026.79,6491
27-01-2026 01:00,5026.77,5043.16,5024.19,5033.74,6143
27-01-2026 01:15,5034.11,5037.16,5008.14,5028.13,6323
27-01-2026 01:30,5028.3,5053.33,5025.69,5049.36,5683
27-01-2026 01:45,5049.26,5056.22,5040.34,5055.69,5281
27-01-2026 02:00,5056.17,5061.75,5035.46,5046.16,5497
27-01-2026 02:15,5046.24,5060.3,5042.81,5054.76,5136
27-01-2026 02:30,5054.89,5058.93,5033.67,5033.77,4108
27-01-2026 02:45,5033.45,5035.26,5010.94,5020.23,5043
27-01-2026 03:00,5020.2,5020.56,4989.09,5004.99,4844
27-01-2026 03:15,5004.36,5016.37,5003.99,5007.89,3413
27-01-2026 04:30,5021.22,5040.41,5017.85,5039.57,2965
27-01-2026 04:45,5039.48,5049.56,5036.67,5044.81,3183
27-01-2026 05:00,5044.91,5057.19,5040.17,5056.15,2643
27-01-2026 05:15,5056.03,5060.75,5042.81,5042.95,2979
27-01-2026 05:30,5042.97,5053.23,5038.07,5051.85,3222
27-01-2026 05:45,5051.86,5053.41,5044.05,5044.45,2448
27-01-2026 06:00,5044.46,5049.17,5028.71,5031.49,3326
27-01-2026 06:15,5031.45,5034.7,5012.62,5032.21,4453
27-01-2026 06:30,5032.25,5070.9,5018.55,5070.9,5529
27-01-2026 06:45,5070.9,5075.23,5062.65,5065.97,4612
27-01-2026 07:00,5065.95,5069.8,5053.82,5063.39,4467
27-01-2026 07:15,5063.26,5066.35,5056.67,5059.83,4160
27-01-2026 07:30,5059.65,5067.21,5049.04,5063.56,4511
27-01-2026 07:45,5063.59,5069.86,5060.28,5067.66,3712
27-01-2026 08:00,5067.74,5079.56,5066.82,5078.86,3905
27-01-2026 08:15,5078.59,5079.49,5065.28,5072.1,3876
27-01-2026 08:30,5072.09,5073.52,5063.35,5065.83,4174
27-01-2026 08:45,5065.82,5072.37,5059.86,5064.56,3985
27-01-2026 09:00,5064.55,5076.19,5063.95,5074.51,3852
27-01-2026 09:15,5074.47,5078.78,5071.38,5076.52,3406
27-01-2026 09:30,5076.38,5078.43,5068.39,5069.18,3020
27-01-2026 09:45,5069.18,5075.71,5069.17,5074.47,3415
27-01-2026 10:00,5074.46,5075.1,5061.19,5066.11,3900
27-01-2026 10:15,5066.26,5070.6,5062.12,5067.69,4048
27-01-2026 10:30,5067.56,5068.32,5057.26,5063.37,4247
27-01-2026 10:45,5063.39,5066.64,5057.96,5064.14,3555
27-01-2026 11:00,5064.15,5074.39,5059.87,5074.37,4156
27-01-2026 11:15,5074.36,5084.88,5074.36,5082.72,4032
27-01-2026 11:30,5082.7,5086.59,5076.4,5083.15,4088
27-01-2026 11:45,5083.17,5087.35,5079.42,5082,3232
27-01-2026 12:00,5082.03,5088.26,5078.76,5085.57,3510
27-01-2026 12:15,5085.75,5093.69,5081.71,5085.61,4149
27-01-2026 12:30,5085.61,5094.22,5082.26,5085.07,3914
27-01-2026 12:45,5085.07,5090.45,5081.27,5087.6,3841
27-01-2026 13:00,5087.6,5100.72,5087.6,5092.69,4401
27-01-2026 13:15,5092.69,5096,5085.74,5085.9,3574
27-01-2026 13:30,5085.86,5088.07,5079.12,5086.21,4138
27-01-2026 13:45,5086.32,5087.36,5075.19,5077.28,3989
27-01-2026 14:00,5077.27,5082.38,5073.08,5081.95,4196
27-01-2026 14:15,5082.01,5085.05,5077.31,5079.11,3472
27-01-2026 14:30,5078.91,5083.86,5077.63,5082.99,3520
27-01-2026 14:45,5082.96,5088.11,5082,5087.91,3545
27-01-2026 15:00,5087.94,5093.93,5085.76,5087.77,3419
27-01-2026 15:15,5087.75,5098.96,5082.78,5098.22,4241
27-01-2026 15:30,5097.89,5097.89,5090.51,5096.17,3694
27-01-2026 15:45,5096.16,5097.51,5087.21,5087.75,3249
27-01-2026 16:00,5086.71,5088.59,5081.48,5084.08,3456
27-01-2026 16:15,5084.21,5086.76,5081.39,5085.91,2847
27-01-2026 16:30,5085.92,5090.11,5083.53,5090.04,3316
27-01-2026 16:45,5090.03,5090.67,5084.66,5086.53,2998
27-01-2026 17:00,5086.56,5087.78,5083.06,5085.48,2723
27-01-2026 17:15,5085.27,5085.57,5066.88,5076.41,4265
27-01-2026 17:30,5076.43,5082.12,5075.18,5080.68,4020
27-01-2026 17:45,5080.71,5080.86,5073.35,5078.63,4129
27-01-2026 18:00,5078.61,5090.11,5077.83,5088.8,3816
27-01-2026 18:15,5088.8,5090.86,5081,5084.68,3835
27-01-2026 18:30,5084.67,5092.04,5078.07,5089.84,5139
27-01-2026 18:45,5089.8,5092.62,5075.78,5080.73,4878
27-01-2026 19:00,5080.73,5085.2,5068.85,5072.88,5139
27-01-2026 19:15,5072.73,5081.82,5070.72,5076.86,4794
27-01-2026 19:30,5076.87,5076.87,5054.59,5059.46,5489
27-01-2026 19:45,5059.39,5065.47,5045.91,5059.12,5840
27-01-2026 20:00,5059.07,5081.99,5059.07,5079.01,6089
27-01-2026 20:15,5079.04,5079.07,5050.59,5054.03,6096
27-01-2026 20:30,5053.27,5069.67,5047.04,5057.07,6076
27-01-2026 20:45,5057.07,5076.68,5055.77,5068.86,5875
27-01-2026 21:00,5068.86,5086.29,5068.41,5080.15,5516
27-01-2026 21:15,5080.14,5091.25,5079.5,5090.85,5053
27-01-2026 21:30,5090.79,5098.28,5083.57,5094.68,4873
27-01-2026 21:45,5094.61,5102.8,5093.33,5098.4,4932
27-01-2026 22:00,5098.29,5099.18,5085.67,5088.18,4687
27-01-2026 22:15,5088.09,5091.64,5083.06,5087.24,4527
27-01-2026 22:30,5087.14,5091.66,5080.14,5091.11,4686
27-01-2026 22:45,5091.21,5093.7,5078.86,5087.43,4606
27-01-2026 23:00,5087.29,5089.31,5078.31,5081.74,4884
27-01-2026 23:15,5081.73,5085.08,5076.27,5080.92,4589
27-01-2026 23:30,5081.28,5086.68,5075.77,5081.16,4657
27-01-2026 23:45,5081.29,5088.32,5078.44,5084.55,4946
28-01-2026 00:00,5085.64,5091.41,5085.61,5087.92,3884
28-01-2026 00:15,5087.91,5094.98,5087.15,5087.66,3686
28-01-2026 00:30,5087.55,5088.48,5080.44,5086.71,3932
28-01-2026 00:45,5086.67,5090.44,5085.06,5087.31,3102
28-01-2026 01:00,5087.22,5092.71,5087.03,5092.4,2842
28-01-2026 01:15,5092.43,5099.6,5090.28,5098.74,3361
28-01-2026 01:30,5098.75,5142.21,5097.69,5141.01,5384
28-01-2026 01:45,5140.71,5150.47,5131.17,5140.82,5470
28-01-2026 02:00,5140.81,5148.49,5131.94,5141.69,5183
28-01-2026 02:15,5141.65,5181.63,5141.65,5175.87,6035
28-01-2026 02:30,5176.27,5187.2,5170,5175.65,4595
28-01-2026 02:45,5175.66,5179.87,5168.92,5173.33,3471
28-01-2026 03:00,5173.28,5185.89,5170.74,5184.32,2535
28-01-2026 03:15,5184.29,5189.79,5174.24,5181.15,3035
28-01-2026 04:30,5173.89,5184.28,5165.94,5170.36,3490
28-01-2026 04:45,5170.4,5172.82,5158.69,5170.04,3352
28-01-2026 05:00,5170.01,5171.94,5163.63,5163.99,3258
28-01-2026 05:15,5163.81,5176.37,5163.45,5172.06,3383
28-01-2026 05:30,5171.95,5172.75,5156.84,5165.25,3649
28-01-2026 05:45,5165.31,5166.51,5160.12,5162.78,2817
28-01-2026 06:00,5162.79,5170.09,5162.79,5167.78,3110
28-01-2026 06:15,5168.06,5179.66,5167.96,5171.42,3853
28-01-2026 06:30,5171.42,5201.61,5168.42,5190.04,5630
28-01-2026 06:45,5190.06,5195.64,5181.33,5193.51,4837
28-01-2026 07:00,5193.93,5214.74,5185.83,5214.74,4755
28-01-2026 07:15,5214.78,5224.57,5204.12,5204.22,5081
28-01-2026 07:30,5204.19,5216.99,5201.33,5209.64,5090
28-01-2026 07:45,5209.63,5220.6,5207.54,5218.12,3436
28-01-2026 08:00,5218.11,5229.12,5216.46,5221.21,4696
28-01-2026 08:15,5221.25,5233.99,5220.78,5231.49,4347
28-01-2026 08:30,5231.51,5247.47,5230.08,5243.08,4667
28-01-2026 08:45,5243.13,5246.15,5235.95,5237,4346
28-01-2026 09:00,5236.98,5239.48,5224.29,5232.98,4151
28-01-2026 09:15,5232.98,5244.07,5230.44,5234.73,3812
28-01-2026 09:30,5234.78,5240.52,5232.72,5235.08,3069
28-01-2026 09:45,5235.07,5240.91,5232.08,5237.87,2915
28-01-2026 10:00,5237.88,5241.25,5234.28,5239.72,2952
28-01-2026 10:15,5239.76,5248.61,5233.74,5245.34,3254
28-01-2026 10:30,5245.38,5257,5241.42,5253.57,3837
28-01-2026 10:45,5253.55,5261.58,5251.95,5258.87,3521
28-01-2026 11:00,5258.8,5266.08,5250.81,5264.56,4530
28-01-2026 11:15,5264.65,5266.02,5257.19,5260.94,3923
28-01-2026 11:30,5260.97,5262.81,5251.96,5261.29,4166
28-01-2026 11:45,5261.29,5265.19,5251.79,5255.46,4101
28-01-2026 12:00,5255.6,5264.31,5254.8,5261.42,4045
28-01-2026 12:15,5261.44,5271.06,5256.96,5269.46,4067
28-01-2026 12:30,5269.63,5275.09,5262.77,5273.53,3861
28-01-2026 12:45,5273.56,5283.72,5272.52,5280.94,3883
28-01-2026 13:00,5280.94,5285.29,5271.71,5281.14,3854
28-01-2026 13:15,5281.13,5292.52,5277.85,5289.94,3453
28-01-2026 13:30,5289.9,5299.11,5286.22,5292.95,4368
28-01-2026 13:45,5293.01,5300.84,5288.76,5298.86,3995
28-01-2026 14:00,5299.12,5311.17,5289.31,5289.6,4618
28-01-2026 14:15,5289.61,5295.59,5280.26,5293.42,4603
28-01-2026 14:30,5293.25,5297.15,5280.16,5281.59,4114
28-01-2026 14:45,5281.61,5281.78,5268.12,5275.33,4561
28-01-2026 15:00,5274.66,5279.99,5262.53,5266.47,4143
28-01-2026 15:15,5266.53,5278.39,5266.51,5277.7,3616
28-01-2026 15:30,5277.71,5285.06,5272.33,5281.96,3558
28-01-2026 15:45,5281.95,5281.98,5275.63,5278.26,3253
28-01-2026 16:00,5277.5,5278.48,5269,5274.2,3889
28-01-2026 16:15,5274.28,5280.14,5269.51,5269.56,3314
28-01-2026 16:30,5269.59,5270.31,5238.28,5260.16,4663
28-01-2026 16:45,5259.42,5261.53,5246.53,5258.9,4289
28-01-2026 17:00,5259.05,5261.94,5251.74,5260.98,3584
28-01-2026 17:15,5260.96,5267.39,5259.46,5261.35,3519
28-01-2026 17:30,5261.36,5263.61,5251.5,5261.02,4441
28-01-2026 17:45,5261.03,5268.46,5258.05,5260.96,4132
28-01-2026 18:00,5261.5,5272.81,5261.14,5269.31,3781
28-01-2026 18:15,5269.28,5278.86,5265.2,5278.77,3882
28-01-2026 18:30,5278.57,5289.3,5268.19,5275.01,5524
28-01-2026 18:45,5274.93,5285.04,5273.21,5281.41,4998
28-01-2026 19:00,5280.91,5285.26,5259.1,5261.17,5079
28-01-2026 19:15,5261.2,5268.23,5256.78,5266.15,4757
28-01-2026 19:30,5266.75,5269.65,5247.95,5262.22,5093
28-01-2026 19:45,5262.29,5270.22,5258.79,5258.91,4640
28-01-2026 20:00,5258.88,5283.54,5250,5278.73,5982
28-01-2026 20:15,5279.18,5288.48,5269.81,5285.69,5670
28-01-2026 20:30,5285.52,5297.6,5234.84,5256.17,6144
28-01-2026 20:45,5255.66,5274.34,5244.28,5268.68,6317
28-01-2026 21:00,5268.69,5283.55,5265.91,5279.91,5761
28-01-2026 21:15,5279.84,5281.05,5266.56,5277.66,5415
28-01-2026 21:30,5277.73,5288.81,5273.98,5283.84,5158
28-01-2026 21:45,5283.91,5292.51,5281.45,5287.04,5254
28-01-2026 22:00,5287.24,5288.93,5275.77,5282.72,5022
28-01-2026 22:15,5282.59,5299.85,5281.35,5299.44,5042
28-01-2026 22:30,5299.46,5306.59,5292.7,5295.29,4651
28-01-2026 22:45,5295.37,5303.97,5288.46,5302.18,4411
28-01-2026 23:00,5302.32,5302.94,5282.68,5287.27,4772
28-01-2026 23:15,5287.28,5304.32,5284.44,5297.87,4571
28-01-2026 23:30,5297.83,5305.14,5292.3,5299.61,4820
28-01-2026 23:45,5299.58,5325.82,5298.54,5305.1,5364
29-01-2026 00:00,5305.56,5307.92,5267.53,5273.12,5791
29-01-2026 00:15,5273.15,5282.74,5270.89,5282.74,5201
29-01-2026 00:30,5281.41,5297.17,5268.54,5296.89,5907
29-01-2026 00:45,5296.82,5301.64,5282.03,5282.62,5441
29-01-2026 01:00,5282.46,5311.54,5280.31,5310.4,5471
29-01-2026 01:15,5310.37,5331.82,5304.34,5324.89,5399
29-01-2026 01:30,5324.85,5338.25,5322.18,5326.04,5173
29-01-2026 01:45,5326.2,5355.28,5320.76,5354.16,5254
29-01-2026 02:00,5354.21,5390.79,5352.7,5382.89,5637
29-01-2026 02:15,5383.1,5391.07,5366.69,5376.11,5818
29-01-2026 02:30,5376.32,5395.97,5376.32,5386.29,4294
29-01-2026 02:45,5386.3,5389.95,5379.48,5383.96,3822
29-01-2026 03:00,5383.93,5389.33,5380.28,5385.91,3092
29-01-2026 03:15,5385.93,5418.43,5382.66,5416.48,3214
29-01-2026 04:30,5422.14,5473.86,5422.07,5473.8,4267
29-01-2026 04:45,5473.85,5494.53,5470.64,5489.43,5060
29-01-2026 05:00,5489.52,5596.86,5488.43,5529.71,5678
29-01-2026 05:15,5529.87,5542.18,5482.68,5511.48,4981
29-01-2026 05:30,5511.37,5512.12,5449.75,5494,5015
29-01-2026 05:45,5494.03,5501.07,5463.04,5496.99,4453
29-01-2026 06:00,5497.01,5526.32,5492.26,5508.44,4804
29-01-2026 06:15,5508.38,5522.38,5499.93,5519.85,4443
29-01-2026 06:30,5519.94,5526.54,5444.86,5479.28,5438
29-01-2026 06:45,5479.31,5512.8,5479.31,5506.55,5498
29-01-2026 07:00,5506.47,5550.57,5506.47,5539.1,5401
29-01-2026 07:15,5539.18,5548.81,5526.38,5544.85,5381
29-01-2026 07:30,5544.96,5545.51,5504.09,5521.02,5657
29-01-2026 07:45,5521.28,5525,5509.52,5524.94,5032
29-01-2026 08:00,5525.14,5549.27,5518.12,5525.2,5281
29-01-2026 08:15,5525.08,5542.93,5521.58,5535.32,5106
29-01-2026 08:30,5535.25,5547.94,5508.03,5537.75,5118
29-01-2026 08:45,5537.83,5539.76,5521.36,5521.64,4892
29-01-2026 09:00,5521.62,5537.28,5519.59,5527.22,4273
29-01-2026 09:15,5527.23,5548.14,5526.37,5545.05,4132
29-01-2026 09:30,5545.01,5552.2,5533.52,5534.11,4179
29-01-2026 09:45,5534.07,5549.8,5533.13,5546.26,3675
29-01-2026 10:00,5546.24,5564,5544.62,5556.97,4024
29-01-2026 10:15,5556.97,5560.99,5550.67,5557.79,4278
29-01-2026 10:30,5557.27,5560.22,5549.66,5559.08,4009
29-01-2026 10:45,5559.25,5559.99,5515.46,5541.23,4708
29-01-2026 11:00,5541.47,5554.17,5540.55,5549.07,4812
29-01-2026 11:15,5549.13,5563.96,5548.1,5561.95,4301
29-01-2026 11:30,5562.04,5588.08,5562.04,5583.7,4818
29-01-2026 11:45,5583.63,5594.81,5573.78,5585.57,4864
29-01-2026 12:00,5585.58,5587.27,5577,5581.57,4203
29-01-2026 12:15,5581.39,5584.6,5554.3,5561.28,5247
29-01-2026 12:30,5561.12,5574.61,5560.49,5561.89,4336
29-01-2026 12:45,5561.91,5564.8,5536.85,5541.26,4848
29-01-2026 13:00,5541.6,5557.37,5541.6,5548.66,4428
29-01-2026 13:15,5548.61,5551.79,5543.43,5548.53,4011
29-01-2026 13:30,5548.4,5554.33,5522.33,5537.24,4898
29-01-2026 13:45,5537.26,5542.22,5522.73,5529.66,4756
29-01-2026 14:00,5529.66,5529.85,5475.77,5482.98,5105
29-01-2026 14:15,5483,5516.45,5473.83,5509.19,4982
29-01-2026 14:30,5509.19,5515.14,5497.51,5506.79,4345
29-01-2026 14:45,5506.8,5518.45,5500,5515.74,4068
29-01-2026 15:00,5515.75,5529.09,5511.99,5524.41,3992
29-01-2026 15:15,5524.38,5527.25,5511.19,5513.65,3831
29-01-2026 15:30,5513.65,5523.52,5501.45,5522.92,4045
29-01-2026 15:45,5522.94,5524.76,5504.96,5509.99,3806
29-01-2026 16:00,5508.17,5509.59,5496.97,5507.64,3781
29-01-2026 16:15,5507.89,5508.41,5481.84,5482.95,3730
29-01-2026 16:30,5483.18,5506.36,5470.48,5506.36,4559
29-01-2026 16:45,5506.38,5515.85,5504.91,5515.29,3740
29-01-2026 17:00,5515.28,5519.01,5508.11,5513.98,3876
29-01-2026 17:15,5513.95,5528.36,5513.95,5522.24,4267
29-01-2026 17:30,5522.18,5538.7,5518.11,5535.31,4160
29-01-2026 17:45,5535.21,5542.28,5527.8,5540.07,4309
29-01-2026 18:00,5540.14,5541.97,5525.82,5529.57,4437
29-01-2026 18:15,5529.57,5541.97,5526.75,5533.92,4262
29-01-2026 18:30,5534.1,5540.72,5513.41,5514.73,5231
29-01-2026 18:45,5514.81,5525.27,5507.77,5519.45,4560
29-01-2026 19:00,5519.44,5530.36,5499.83,5525.63,4900
29-01-2026 19:15,5525.64,5526.03,5505.69,5509.95,5197
29-01-2026 19:30,5510.11,5538.86,5510.11,5528.6,5463
29-01-2026 19:45,5528.57,5549.02,5516.74,5543.25,5422
29-01-2026 20:00,5543.27,5544.95,5500.82,5517.27,6209
29-01-2026 20:15,5516.08,5521.76,5490.56,5497.33,6235
29-01-2026 20:30,5496.09,5496.11,5366.19,5383.57,6781
29-01-2026 20:45,5384.05,5386.54,5101.14,5190.05,7975
29-01-2026 21:00,5189.1,5255.83,5103,5120.06,7355
29-01-2026 21:15,5119.68,5209.13,5115.16,5181.84,6582
29-01-2026 21:30,5181.69,5275.55,5170.97,5272.8,6571
29-01-2026 21:45,5272.5,5295.64,5234.64,5288.59,6354
29-01-2026 22:00,5288.24,5310.12,5243.95,5271.82,6247
29-01-2026 22:15,5271.82,5277.32,5227.37,5263.1,6235
29-01-2026 22:30,5263.37,5298,5263.37,5294.58,6011
29-01-2026 22:45,5296.05,5366.89,5293.79,5361.94,6120
29-01-2026 23:00,5361.83,5374.73,5338.82,5367.95,5775
29-01-2026 23:15,5367.87,5370.49,5313.89,5334.43,5615
29-01-2026 23:30,5334.43,5358.25,5330.09,5354.58,5580
29-01-2026 23:45,5354.49,5358.39,5307.21,5329.84,5755
30-01-2026 00:00,5329.75,5360.24,5321.54,5341.07,5314
30-01-2026 00:15,5341.07,5361.35,5336.14,5338.24,5221
30-01-2026 00:30,5338.24,5344.68,5303.82,5306.37,5455
30-01-2026 00:45,5306.41,5332.03,5304.86,5317.83,5252
30-01-2026 01:00,5317.96,5326.79,5289.81,5316.57,5336
30-01-2026 01:15,5316.44,5324.65,5299.19,5305.56,4914
30-01-2026 01:30,5305.31,5309.61,5282.3,5295.5,4943
30-01-2026 01:45,5295.5,5325.15,5289.42,5317.9,4627
30-01-2026 02:00,5318.83,5357.4,5309.69,5353.96,4852
30-01-2026 02:15,5353.85,5406.25,5353.03,5393.68,5593
30-01-2026 02:30,5393.37,5405.13,5382.68,5397.58,4364
30-01-2026 02:45,5397.64,5425.1,5388.21,5410.91,4289
30-01-2026 03:00,5411.03,5411.69,5378.29,5382.87,3783
30-01-2026 03:15,5383.2,5397.34,5368.85,5372.19,3210
30-01-2026 04:30,5399.52,5446.69,5390.41,5420.52,4364
30-01-2026 04:45,5420.45,5426.66,5387.03,5414.84,4650
30-01-2026 05:00,5414.84,5438.25,5405.11,5437.47,3967
30-01-2026 05:15,5437.41,5447.29,5427.93,5437.63,4215
30-01-2026 05:30,5437.7,5450.19,5431.06,5444.26,4369
30-01-2026 05:45,5444.25,5449.89,5418.37,5425.89,4809
30-01-2026 06:00,5425.92,5435.56,5405,5410.74,5026
30-01-2026 06:15,5410.77,5420.15,5389.21,5406.15,4829
30-01-2026 06:30,5407.77,5408.67,5300.86,5308.47,6232
30-01-2026 06:45,5308.49,5362.64,5304.96,5356.21,5789
30-01-2026 07:00,5356.21,5371.82,5344.03,5348.41,5638
30-01-2026 07:15,5348.41,5348.41,5290.12,5300.37,6080
30-01-2026 07:30,5300.4,5311.69,5194.7,5211.18,6470
30-01-2026 07:45,5211.05,5213.14,5110.34,5169.87,6776
30-01-2026 08:00,5169.86,5228.58,5138.53,5214.88,6301
30-01-2026 08:15,5214.89,5244.2,5200.39,5222.77,5719
30-01-2026 08:30,5222.77,5228.13,5165.36,5179.43,5632
30-01-2026 08:45,5179.33,5204.96,5171.48,5198.35,5279
30-01-2026 09:00,5198.35,5220.71,5151.74,5153.44,5347
30-01-2026 09:15,5153.32,5198.7,5149.73,5195.43,5070
30-01-2026 09:30,5195.13,5224.37,5192.68,5213.62,5002
30-01-2026 09:45,5213.59,5229.44,5197.74,5209.37,4937
30-01-2026 10:00,5209.37,5225.32,5201.38,5203.01,4400
30-01-2026 10:15,5203,5215.93,5199.1,5213.65,4067
30-01-2026 10:30,5210.42,5223.35,5202.57,5223.35,4100
30-01-2026 10:45,5223.45,5240.29,5222.44,5229.04,4748
30-01-2026 11:00,5229.04,5238.88,5212.1,5230.65,5024
30-01-2026 11:15,5230.55,5234.17,5178.7,5183.66,4908
30-01-2026 11:30,5183.68,5204.14,5173.65,5189.98,5083
30-01-2026 11:45,5189.75,5196.97,5155.64,5156.11,5256
30-01-2026 12:00,5156.06,5178.11,5151.56,5156.88,5340
30-01-2026 12:15,5156.89,5170.66,5144.38,5154.08,5437
30-01-2026 12:30,5154.06,5184.74,5122.68,5172.34,5246
30-01-2026 12:45,5172.35,5183.93,5164.11,5173.78,4737
30-01-2026 13:00,5173.79,5177.56,5116.97,5145.99,5688
30-01-2026 13:15,5146.03,5183.89,5142.42,5180.02,5292
30-01-2026 13:30,5180.02,5180.02,5140.19,5144.86,5569
30-01-2026 13:45,5144.94,5170.15,5132.26,5151.41,5293
30-01-2026 14:00,5151.39,5154.12,5056.19,5095.12,5997
30-01-2026 14:15,5095.15,5127.5,5090.58,5116.11,5344
30-01-2026 14:30,5116.06,5131.51,5012.95,5026.83,6060
30-01-2026 14:45,5027.31,5069,5019.8,5027.35,5925
30-01-2026 15:00,5026.67,5067.61,4975.52,4975.73,5972
30-01-2026 15:15,4975.36,5028.3,4940.04,5011.99,6083
30-01-2026 15:30,5011.99,5051.48,4999.38,5037.15,5537
30-01-2026 15:45,5037.42,5075.44,5031.3,5058.99,5319
30-01-2026 16:00,5059,5092.01,5054.1,5077,5134
30-01-2026 16:15,5078.13,5121.71,5075.76,5119.02,5303
30-01-2026 16:30,5118.48,5126.16,5089.54,5119.58,5181
30-01-2026 16:45,5119.65,5129.38,5105.04,5123.79,4871
30-01-2026 17:00,5123.83,5136.87,5117.5,5120.17,4435
30-01-2026 17:15,5120.19,5144.03,5088.86,5135.27,5243
30-01-2026 17:30,5135.27,5145.02,5120.67,5128.45,4918
30-01-2026 17:45,5128.62,5139.62,5109.09,5119.3,4898
30-01-2026 18:00,5119.29,5135.53,5102.68,5113.34,4990
30-01-2026 18:15,5112.88,5115.15,5054.76,5063.98,5642
30-01-2026 18:30,5064.38,5099.13,5053.31,5075.76,5926
30-01-2026 18:45,5075.49,5075.91,5013.62,5026.43,5717
30-01-2026 19:00,5025.83,5047.3,5009.93,5037.34,5366
30-01-2026 19:15,5037.34,5037.34,4991.5,5018.68,5769
30-01-2026 19:30,5018.64,5072.7,5016.47,5052.04,5947
30-01-2026 19:45,5051.93,5086.95,5040.11,5071.93,5672
30-01-2026 20:00,5072.44,5113.67,5056.12,5081.09,6113
30-01-2026 20:15,5081.11,5097.61,5013.41,5032.3,6207
30-01-2026 20:30,5031.94,5044.83,4979.68,5026.76,6528
30-01-2026 20:45,5026.83,5059.64,5026.53,5044.72,6254
30-01-2026 21:00,5044.77,5072.62,5039.24,5058.44,6342
30-01-2026 21:15,5058.86,5073.24,5037.66,5049.62,6059
30-01-2026 21:30,5049.84,5050.9,5015.22,5029.53,5946
30-01-2026 21:45,5029.53,5034.56,4987.83,4994.5,6197
30-01-2026 22:00,4994.3,5016.25,4958.22,5009.3,6211
30-01-2026 22:15,5009.35,5013.25,4939.87,4984.1,6216
30-01-2026 22:30,4983.96,4984.98,4897.68,4913.05,6378
30-01-2026 22:45,4912.93,4939.4,4898.02,4924.7,6408
30-01-2026 23:00,4924.54,4924.54,4837.31,4858.65,6319
30-01-2026 23:15,4858.79,4877.59,4799.59,4848.01,6316
30-01-2026 23:30,4848.03,4888.74,4785.12,4806.52,6426
30-01-2026 23:45,4806.33,4816.5,4692.71,4740.29,6779
31-01-2026 00:00,4740.33,4784.4,4679.78,4779.3,6730
31-01-2026 00:15,4778.82,4892.8,4772.67,4879.66,6321
31-01-2026 00:30,4880.67,4916.63,4870.57,4888.26,6049
31-01-2026 00:45,4888.23,4899.25,4838.56,4891.36,5819
31-01-2026 01:00,4891.37,4928.47,4878.93,4924.7,5419
31-01-2026 01:15,4924.7,4946.12,4905.87,4930.75,5491
31-01-2026 01:30,4930.75,4931.12,4877.6,4898.28,5572
31-01-2026 01:45,4897.77,4911.98,4879,4888.31,5099
31-01-2026 02:00,4888.51,4892.13,4841.86,4859.68,5502
31-01-2026 02:15,4859.68,4877.38,4807.03,4846.15,5455
31-01-2026 02:30,4845.15,4861.18,4829.7,4838.36,4099
31-01-2026 02:45,4838.37,4888.06,4834.19,4873.52,3780
31-01-2026 03:00,4873.45,4880.65,4848.77,4859.75,3469
31-01-2026 03:15,4859.75,4895,4855.81,4891,3391
02-02-2026 04:30,4782.39,4866.93,4708.5,4738.81,5282
02-02-2026 04:45,4739.02,4756.01,4694.33,4724.29,4943
02-02-2026 05:00,4724.44,4786.63,4712.33,4773.25,4748
02-02-2026 05:15,4773.03,4776.47,4720.8,4740.28,5051
02-02-2026 05:30,4740.62,4844.61,4738.26,4844.43,5121
02-02-2026 05:45,4844.21,4884.24,4826.54,4846.06,5651
02-02-2026 06:00,4846.14,4846.62,4794.08,4803.24,5527
02-02-2026 06:15,4803.37,4806.67,4759.07,4765.75,5273
02-02-2026 06:30,4765.75,4783.57,4584.05,4641.91,6396
02-02-2026 06:45,4642.25,4708.75,4641.32,4695.52,6344
02-02-2026 07:00,4695.51,4739.2,4666.73,4713.39,6104
02-02-2026 07:15,4713.08,4748.93,4703.42,4735.62,5559
02-02-2026 07:30,4735.39,4748.55,4697.85,4731.02,5756
02-02-2026 07:45,4731.01,4744.9,4713.95,4737.63,5117
02-02-2026 08:00,4738.75,4772.28,4735,4763.68,5072
02-02-2026 08:15,4763.6,4763.6,4697.16,4710.24,5443
02-02-2026 08:30,4710.25,4727.57,4689.83,4691.48,4912
02-02-2026 08:45,4691.37,4728.57,4653.08,4695.3,5204
02-02-2026 09:00,4695.57,4699.56,4629.15,4664.69,5945
02-02-2026 09:15,4666.29,4693.66,4638.98,4645.44,5679
02-02-2026 09:30,4645.46,4662.96,4602.38,4660.98,5785
02-02-2026 09:45,4661.46,4704.18,4659.84,4670.18,4933
02-02-2026 10:00,4670.43,4699.14,4658.73,4687.77,4847
02-02-2026 10:15,4687.89,4712.5,4671.52,4679.02,4871
02-02-2026 10:30,4679.02,4695,4648.68,4661.33,4994
02-02-2026 10:45,4661.63,4673.75,4648.39,4657.4,4464
02-02-2026 11:00,4657.61,4657.77,4572.28,4575.11,6167
02-02-2026 11:15,4575.05,4578.98,4495.82,4547.84,6316
02-02-2026 11:30,4547.78,4571.93,4519.61,4533.77,5782
02-02-2026 11:45,4533.79,4548.25,4432.89,4485.76,6419
02-02-2026 12:00,4485.73,4500.21,4401.54,4451.97,6786
02-02-2026 12:15,4452.8,4522.72,4429.65,4503.97,7462
02-02-2026 12:30,4504.77,4553.75,4482.65,4536.5,7088
02-02-2026 12:45,4536.45,4574.29,4523.03,4559.19,7129
02-02-2026 13:00,4559.53,4590.9,4524.07,4582.33,5531
02-02-2026 13:15,4582.32,4618.12,4581.35,4586.35,5593
02-02-2026 13:30,4587.06,4627.71,4560.72,4609.85,5879
02-02-2026 13:45,4609.4,4648.27,4600.26,4645.7,5390
02-02-2026 14:00,4645.65,4649.56,4607.15,4640.75,5429
02-02-2026 14:15,4640.51,4650.47,4626.46,4640.07,5307
02-02-2026 14:30,4639.96,4656.76,4602.88,4645.92,5522
02-02-2026 14:45,4645.81,4699.28,4625.34,4689.31,5422
02-02-2026 15:00,4689.04,4712.82,4678.71,4687.5,5784
02-02-2026 15:15,4688.18,4730.68,4684.03,4718.8,5658
02-02-2026 15:30,4717.85,4733.14,4702.92,4729.61,5000
02-02-2026 15:45,4729.52,4730.04,4669.86,4682.43,5391
02-02-2026 16:00,4681.99,4697.6,4660.92,4672.74,4968
02-02-2026 16:15,4671.91,4711.18,4656.44,4704.92,5002
02-02-2026 16:30,4704.93,4748.86,4702.88,4748.53,4730
02-02-2026 16:45,4748.53,4759.97,4739.91,4752.13,4764
02-02-2026 17:00,4752.32,4778.22,4747.16,4772.23,4718
02-02-2026 17:15,4772.81,4778.97,4756.43,4765.25,4633
02-02-2026 17:30,4765.35,4776.09,4742.46,4762.23,5469
02-02-2026 17:45,4762.12,4789.36,4759.16,4777.03,4165
02-02-2026 18:00,4777.15,4796.87,4769.49,4796.63,4475
02-02-2026 18:15,4796.64,4811.56,4772.9,4793.33,5271
02-02-2026 18:30,4793.19,4803.06,4719.71,4782.58,6294
02-02-2026 18:45,4782.58,4793.61,4726.98,4738.38,6241
02-02-2026 19:00,4738.28,4740.13,4667.28,4683.74,6371
02-02-2026 19:15,4683.3,4719.55,4681.84,4704.28,5517
02-02-2026 19:30,4704.29,4737.03,4697.71,4724.64,5755
02-02-2026 19:45,4724.66,4728.17,4678.06,4719.51,5553
02-02-2026 20:00,4719.69,4791.85,4707.69,4752.72,6571
02-02-2026 20:15,4752.71,4761.12,4699.5,4718.62,6416
02-02-2026 20:30,4716.79,4744.83,4689.6,4710.87,6405
02-02-2026 20:45,4710.71,4726.36,4672.91,4680.67,6344
02-02-2026 21:00,4680.43,4703.98,4647.61,4675.18,6393
02-02-2026 21:15,4675.1,4676.85,4616.47,4619.17,6264
02-02-2026 21:30,4619.56,4704.17,4596.09,4696.64,6312
02-02-2026 21:45,4696.45,4708.08,4662.31,4671.07,6180
02-02-2026 22:00,4671.54,4688.13,4644.79,4668.57,5890
02-02-2026 22:15,4668.59,4675.98,4649.01,4665.11,5530
02-02-2026 22:30,4665.02,4713.41,4659.36,4707.17,6173
02-02-2026 22:45,4707.18,4712.74,4659.42,4666.83,5554
02-02-2026 23:00,4666.83,4687.43,4655.43,4674.01,5190
02-02-2026 23:15,4673.8,4687.74,4662.58,4673.14,5104
02-02-2026 23:30,4673.44,4673.44,4632.96,4635.14,5474
02-02-2026 23:45,4635.18,4646.53,4617.79,4631.6,5850
03-02-2026 00:00,4633.44,4673.49,4633.44,4656.4,5069
03-02-2026 00:15,4656.4,4671.01,4643.75,4657.16,4670
03-02-2026 00:30,4657.27,4660.34,4636.3,4645.15,4847
03-02-2026 00:45,4645.11,4652.5,4629.51,4641.65,4406
03-02-2026 01:00,4641.58,4698.79,4635.17,4693.5,4776
03-02-2026 01:15,4693.89,4711.96,4676.14,4684.98,5848
03-02-2026 01:30,4685.16,4700.24,4668.3,4691.79,5094
03-02-2026 01:45,4691.77,4691.81,4650.54,4669.84,4959
03-02-2026 02:00,4669.84,4692.57,4656.41,4679.77,4522
03-02-2026 02:15,4679.77,4681.29,4646.89,4651.91,5304
03-02-2026 02:30,4652.48,4675.9,4643.18,4674.5,3672
03-02-2026 02:45,4674.81,4686.46,4659.32,4680.5,3745
03-02-2026 03:00,4680.5,4685.63,4667.98,4668.7,3193
03-02-2026 03:15,4668.7,4670.89,4646.66,4658.89,3003
03-02-2026 04:30,4674.63,4722.22,4674.63,4717.32,3392
03-02-2026 04:45,4717.31,4762.53,4714.7,4737.43,4669
03-02-2026 05:00,4737.37,4750.55,4715.79,4730.77,4375
03-02-2026 05:15,4730.7,4774.56,4728.46,4773.4,3747
03-02-2026 05:30,4773.43,4795.79,4765.35,4786.24,4394
03-02-2026 05:45,4786.24,4828.31,4786.24,4819.32,4932
03-02-2026 06:00,4819.33,4830.39,4812.59,4820.52,4611
03-02-2026 06:15,4820.63,4827.16,4773.33,4779.66,4790
03-02-2026 06:30,4780.05,4829.94,4765.59,4828.95,6206
03-02-2026 06:45,4828.79,4855.26,4822.44,4852.76,6059
03-02-2026 07:00,4852.79,4856.33,4829.6,4844.88,5784
03-02-2026 07:15,4844.94,4849.86,4819.31,4840.79,5618
03-02-2026 07:30,4840.49,4841.3,4789.24,4800.44,5681
03-02-2026 07:45,4800.47,4801.28,4760.3,4771.98,4936
03-02-2026 08:00,4772.01,4786.91,4754.68,4754.68,5717
03-02-2026 08:15,4754.41,4784.02,4745.29,4782.79,5351
03-02-2026 08:30,4782.83,4793.65,4761.43,4767.95,5576
03-02-2026 08:45,4767.96,4779.26,4751.24,4772.76,5260
03-02-2026 09:00,4772.73,4811.8,4770.22,4804.96,4953
03-02-2026 09:15,4804.93,4812.78,4786.13,4808.67,4746
03-02-2026 09:30,4808.54,4824.63,4807.39,4815.32,4421
03-02-2026 09:45,4815.43,4818.23,4800.07,4805.13,4360
03-02-2026 10:00,4805.26,4824.88,4805.18,4819.83,4319
03-02-2026 10:15,4819.8,4824.32,4807.42,4808.46,3093
03-02-2026 10:30,4808.63,4821,4808.47,4812,4046
03-02-2026 10:45,4811.98,4841.37,4811.2,4839.07,3792
03-02-2026 11:00,4838.99,4839.29,4816.09,4819.84,5708
03-02-2026 11:15,4819.86,4829.58,4812.54,4824.47,5244
03-02-2026 11:30,4824.65,4848.47,4816.03,4841.35,4589
03-02-2026 11:45,4841.26,4874.17,4839.93,4870.58,5153
03-02-2026 12:00,4870.67,4892.75,4867.63,4890.35,5503
03-02-2026 12:15,4890.37,4893.55,4863.91,4880.5,5609
03-02-2026 12:30,4880.14,4892.7,4870.97,4892.47,4008
03-02-2026 12:45,4892.51,4900.73,4879.07,4899.46,4198
03-02-2026 13:00,4899.55,4932.78,4897.9,4920.63,4524
03-02-2026 13:15,4919.92,4926.54,4912.17,4916.51,4290
03-02-2026 13:30,4916.46,4931.82,4898.12,4927.7,4874
03-02-2026 13:45,4927.69,4941.6,4926.81,4935.57,4514
03-02-2026 14:00,4935.58,4948.43,4929.69,4934.91,4354
03-02-2026 14:15,4934.92,4937.96,4910.39,4911.7,4294
03-02-2026 14:30,4912.4,4923,4907.38,4915.36,4576
03-02-2026 14:45,4915.37,4915.65,4889.62,4890.57,4663
03-02-2026 15:00,4890.54,4921.55,4883.33,4920.61,4327
03-02-2026 15:15,4920.59,4925.24,4913.86,4915.5,3842
03-02-2026 15:30,4915.76,4929.03,4913.3,4922.33,3824
03-02-2026 15:45,4922.36,4922.51,4913.36,4913.64,3556
03-02-2026 16:00,4914.16,4923.2,4913.7,4919.13,3684
03-02-2026 16:15,4918.83,4923.17,4901.02,4901.64,3529
03-02-2026 16:30,4901.64,4911.91,4888.65,4905.78,4036
03-02-2026 16:45,4905.57,4909.26,4882.8,4900.37,4317
03-02-2026 17:00,4900.35,4918.56,4897.67,4908.79,4110
03-02-2026 17:15,4908.8,4916.71,4898.06,4916.21,3925
03-02-2026 17:30,4916.62,4935.67,4909.59,4924.12,4532
03-02-2026 17:45,4924.17,4925.17,4891.55,4901.88,4520
03-02-2026 18:00,4901.9,4918.24,4899.34,4911.54,4162
03-02-2026 18:15,4911.53,4917.59,4906.66,4913.02,3704
03-02-2026 18:30,4913.06,4929.82,4901.7,4927.83,5321
03-02-2026 18:45,4927.82,4938.7,4916.31,4933.77,4962
03-02-2026 19:00,4933.76,4941.24,4927.61,4941.01,4770
03-02-2026 19:15,4941.11,4950.74,4920.33,4932.09,5202
03-02-2026 19:30,4932.38,4935.56,4916.57,4923.22,5211
03-02-2026 19:45,4923.27,4924.61,4894.85,4924.2,5170
03-02-2026 20:00,4924.49,4928.28,4893.08,4917.75,6098
03-02-2026 20:15,4917.69,4930.16,4909.19,4916.37,5714
03-02-2026 20:30,4916.19,4948.31,4903.78,4936.22,5825
03-02-2026 20:45,4936.39,4942.65,4907.71,4924.66,5725
03-02-2026 21:00,4924.65,4928.49,4907.35,4923.25,5218
03-02-2026 21:15,4923.25,4935.33,4918.17,4934.98,4890
03-02-2026 21:30,4935.01,4945.29,4929.61,4943.69,4678
03-02-2026 21:45,4943.66,4980.23,4941,4972.37,5544
03-02-2026 22:00,4972.43,4993.36,4963.62,4980.35,5360
03-02-2026 22:15,4979.9,4982.71,4951.32,4955.08,5600
03-02-2026 22:30,4954.61,4962.7,4922.67,4943.43,5897
03-02-2026 22:45,4943.35,4969.25,4936.4,4948.06,5967
03-02-2026 23:00,4948.07,4964.31,4912.85,4921.42,5705
03-02-2026 23:15,4920.49,4947.73,4906.65,4928.46,5951
03-02-2026 23:30,4928.4,4953.64,4925.84,4942.74,5557
03-02-2026 23:45,4942.76,4948.01,4903.99,4907.85,5727
04-02-2026 00:00,4908.15,4917.8,4884.6,4905.47,5555
04-02-2026 00:15,4904.79,4914.72,4890.76,4907.9,5179
04-02-2026 00:30,4907.95,4917.06,4879.97,4915.29,5526
04-02-2026 00:45,4915.39,4933.36,4914.34,4930,5365
04-02-2026 01:00,4929.29,4948.43,4921.81,4939.97,5526
04-02-2026 01:15,4940.09,4941.87,4916.04,4926.62,5334
04-02-2026 01:30,4926.73,4926.73,4901.9,4920.37,5020
04-02-2026 01:45,4920.35,4941.58,4911.4,4938.76,4778
04-02-2026 02:00,4938.84,4956.22,4937.51,4951.16,4841
04-02-2026 02:15,4951.29,4956.23,4932.22,4943.89,5104
04-02-2026 02:30,4943.99,4963.63,4937.6,4957.39,3525
04-02-2026 02:45,4957.42,4957.96,4942.55,4950.44,2502
04-02-2026 03:00,4950.67,4957.6,4935.06,4939.83,2621
04-02-2026 03:15,4939.83,4948.3,4933.16,4946.41,2390
04-02-2026 04:30,4966.63,4972.31,4908.9,4931.59,3352
04-02-2026 04:45,4931.81,4944.25,4919.86,4923.3,3312
04-02-2026 05:00,4923.03,4949.89,4920.53,4948.14,3533
04-02-2026 05:15,4948.13,4954.82,4939.33,4946.95,3685
04-02-2026 05:30,4946.89,4987.02,4945.75,4986.31,4426
04-02-2026 05:45,4986.3,4998.95,4977.77,4980.96,5025
04-02-2026 06:00,4980.83,4993.96,4967.81,4986.22,4282
04-02-2026 06:15,4986.22,5015.6,4986.13,5014.96,4608
04-02-2026 06:30,5015.52,5052.38,4983.9,5050.49,6145
04-02-2026 06:45,5050.43,5052.98,5030.39,5036.64,5228
04-02-2026 07:00,5036.79,5038.84,5010.02,5031.57,5086
04-02-2026 07:15,5031.86,5049.94,5027.78,5045.94,4372
04-02-2026 07:30,5045.88,5064.72,5045.88,5058.89,4361
04-02-2026 07:45,5058.9,5063.94,5051.54,5056.88,3566
04-02-2026 08:00,5056.56,5061.6,5037.99,5059.51,4408
04-02-2026 08:15,5059.58,5059.97,5034.9,5039.63,4335
04-02-2026 08:30,5039.71,5055.73,5035.41,5048.22,4695
04-02-2026 08:45,5048.2,5054.18,5038.63,5051.3,3405
04-02-2026 09:00,5051.02,5071.05,5051.02,5061.32,3530
04-02-2026 09:15,5061.26,5072.64,5060.23,5068.99,3090
04-02-2026 09:30,5068.93,5072.8,5061.4,5071.65,2828
04-02-2026 09:45,5071.64,5072.93,5055.33,5060.8,2659
04-02-2026 10:00,5060.79,5071.69,5059.36,5070.79,2553
04-02-2026 10:15,5070.66,5079.87,5070.06,5079.32,2780
04-02-2026 10:30,5079.3,5082.99,5075.35,5082.31,2715
04-02-2026 10:45,5082.32,5084.84,5078.19,5079.57,2700
04-02-2026 11:00,5079.57,5085.92,5068.83,5080.82,4386
04-02-2026 11:15,5080.82,5089.47,5076.47,5078.82,3619
04-02-2026 11:30,5078.87,5082.37,5055.48,5058.67,4282
04-02-2026 11:45,5058.76,5067.67,5050.38,5054.02,4416
04-02-2026 12:00,5054.01,5069.9,5053.37,5069.65,3874
04-02-2026 12:15,5069.7,5079.03,5066.53,5075.93,4019
04-02-2026 12:30,5075.93,5082.21,5062.44,5062.6,3616
04-02-2026 12:45,5062.54,5088.79,5061.48,5088.76,3548
04-02-2026 13:00,5088.75,5089.6,5066.26,5079.86,3684
04-02-2026 13:15,5079.87,5090.71,5079.49,5084.15,3254
04-02-2026 13:30,5083.57,5091.53,5074.34,5076.79,3684
04-02-2026 13:45,5076.86,5086.9,5076.2,5083.37,3041
04-02-2026 14:00,5083.48,5084.51,5068.28,5078.58,3657
04-02-2026 14:15,5078.54,5084.45,5071,5082.78,3376
04-02-2026 14:30,5082.81,5086.14,5067.26,5068.63,3815
04-02-2026 14:45,5068.55,5068.59,5052.89,5056.19,4139
04-02-2026 15:00,5056.2,5065.7,5042.17,5056.89,4198
04-02-2026 15:15,5056.88,5063.65,5046.56,5059.11,3907
04-02-2026 15:30,5059.33,5063.71,5047.08,5053.13,3838
04-02-2026 15:45,5052.76,5055.99,5040.86,5042.63,3469
04-02-2026 16:00,5044.63,5060.36,5043.69,5058.94,3737
04-02-2026 16:15,5058.91,5059.88,5046.52,5048.82,3396
04-02-2026 16:30,5048.84,5053.92,5042.42,5042.82,3041
04-02-2026 16:45,5042.82,5044.34,5013.79,5022.79,4536
04-02-2026 17:00,5022.93,5038.87,5021.18,5031.57,3726
04-02-2026 17:15,5031.69,5049.79,5029.63,5046.85,3421
04-02-2026 17:30,5046.92,5054.86,5036.48,5044.41,3773
04-02-2026 17:45,5044.49,5049.34,5039.2,5046.86,3263
04-02-2026 18:00,5046.86,5062.82,5046.84,5055.27,3741
04-02-2026 18:15,5055.4,5057.41,5035.94,5040.26,3495
04-02-2026 18:30,5040.48,5045.08,5022.22,5028.35,5501
04-02-2026 18:45,5029.07,5053.68,5028.9,5048.19,4845
04-02-2026 19:00,5048.35,5058.44,5032.46,5036.19,4504
04-02-2026 19:15,5036.12,5062.89,5034.99,5053.03,4939
04-02-2026 19:30,5053.02,5058.06,5033.97,5047.08,5006
04-02-2026 19:45,5047.22,5050.25,5027.79,5030.86,4754
04-02-2026 20:00,5030.59,5037.71,4966.67,4995.91,6694
04-02-2026 20:15,4995.89,5017.17,4970.07,4985.1,6154
04-02-2026 20:30,4985.1,5007.2,4971.69,4989.86,6151
04-02-2026 20:45,4989.67,4993.22,4949.59,4957.32,6215
04-02-2026 21:00,4957.32,4961.71,4886.73,4943.59,6499
04-02-2026 21:15,4943.51,4949.5,4909.85,4919.86,5953
04-02-2026 21:30,4919.8,4939.69,4894.77,4931.52,6067
04-02-2026 21:45,4931.6,4935.95,4889.33,4923.67,5794
04-02-2026 22:00,4923.67,4934.1,4894.13,4895.95,5453
04-02-2026 22:15,4895.67,4908.17,4854.23,4903.02,6069
04-02-2026 22:30,4903.02,4922.49,4890.87,4920.54,5540
04-02-2026 22:45,4921.4,4925.04,4887.23,4916.71,5574
04-02-2026 23:00,4916.76,4930.33,4903.2,4907,5435
04-02-2026 23:15,4906.53,4909.46,4895.09,4897.52,5327
04-02-2026 23:30,4897.52,4920.47,4872.34,4909.62,5152
04-02-2026 23:45,4909.66,4934.53,4894.83,4926.05,5558
05-02-2026 00:00,4924.86,4927.93,4903,4919.33,4284
05-02-2026 00:15,4919.32,4931.66,4909.87,4926.68,3849
05-02-2026 00:30,4926.78,4946.85,4913.86,4946.64,4818
05-02-2026 00:45,4946.49,4950.22,4919.74,4933.07,4610
05-02-2026 01:00,4933.08,4944.35,4927.83,4941.57,3812
05-02-2026 01:15,4941.56,4957.49,4930.31,4941.07,4496
05-02-2026 01:30,4941.12,4944.92,4920.55,4932.96,4043
05-02-2026 01:45,4932.96,4936.23,4918.67,4922.31,4000
05-02-2026 02:00,4922.31,4950.79,4914.46,4942.22,4438
05-02-2026 02:15,4942.22,4951.92,4933.91,4938.22,4109
05-02-2026 02:30,4938.11,4953.08,4937.11,4953.05,2646
05-02-2026 02:45,4953.05,4958.88,4949.08,4958.35,1963
05-02-2026 03:00,4958.33,4969.36,4951.82,4960.99,2329
05-02-2026 03:15,4960.97,4970.12,4957.77,4963.72,1699
05-02-2026 04:30,4979.53,5008.79,4963.98,5008.79,2176
05-02-2026 04:45,5008.83,5020.72,5000.01,5019.19,3690
05-02-2026 05:00,5019.2,5023.34,5009.15,5021.63,3726
05-02-2026 05:15,5022.02,5023.26,5007.57,5011.78,3797
05-02-2026 05:30,5011.62,5017.6,4995.98,4997.72,4186
05-02-2026 05:45,4997.82,5018.91,4996.79,5015.19,3710
05-02-2026 06:00,5015.34,5018.01,5008.95,5018,2405
05-02-2026 06:15,5018.02,5020.36,5003.54,5006.21,3618
05-02-2026 06:30,5006.38,5011.75,4966.64,4968.04,5829
05-02-2026 06:45,4967.79,4972.25,4935.55,4951.59,6136
05-02-2026 07:00,4951.59,4984.05,4951.59,4979.44,5674
05-02-2026 07:15,4979.49,4986.16,4957.03,4958.25,5123
05-02-2026 07:30,4958.36,4961.37,4900.8,4913.9,6128
05-02-2026 07:45,4914.45,4941.08,4894.02,4935.63,5841
05-02-2026 08:00,4935.64,4939.47,4893.86,4895.13,6279
05-02-2026 08:15,4894.59,4897.73,4802.95,4808.55,6471
05-02-2026 08:30,4808.64,4856.1,4785.98,4844.85,6180
05-02-2026 08:45,4844.63,4886.13,4830.71,4857.83,5770
05-02-2026 09:00,4857.88,4877.83,4837.67,4865.99,5705
05-02-2026 09:15,4865.88,4885.17,4851.48,4879.41,4966
05-02-2026 09:30,4879.34,4884.24,4862.23,4874.04,4578
05-02-2026 09:45,4874.13,4890,4870.16,4886.09,4189
05-02-2026 10:00,4886.07,4887.49,4869.24,4885.73,3939
05-02-2026 10:15,4885.69,4887.47,4862.46,4862.76,3997
05-02-2026 10:30,4862.31,4874.91,4847.72,4852.09,4271
05-02-2026 10:45,4852.09,4869.66,4839.32,4868.17,3941
05-02-2026 11:00,4868.13,4886.14,4824.75,4884.52,5638
05-02-2026 11:15,4884.53,4905.49,4884.53,4895.32,5533
05-02-2026 11:30,4895.31,4919.19,4876.96,4909.44,5331
05-02-2026 11:45,4909.28,4929.07,4900.43,4928.6,5371
05-02-2026 12:00,4928.55,4930.26,4908.44,4928.94,4720
05-02-2026 12:15,4928.99,4933.34,4897.82,4919.85,5580
05-02-2026 12:30,4919.73,4931.29,4915.44,4921.72,4553
05-02-2026 12:45,4921.67,4940.03,4910.47,4931.92,4697
05-02-2026 13:00,4931.9,4933.05,4895.33,4909.52,4660
05-02-2026 13:15,4909.52,4919.48,4906.48,4914.61,4233
05-02-2026 13:30,4914.28,4942.14,4912.1,4940.09,4526
05-02-2026 13:45,4939.99,4942.91,4919.27,4920.74,4400
05-02-2026 14:00,4920.29,4929.23,4916.89,4922.21,4435
05-02-2026 14:15,4922.22,4922.96,4900.6,4911.72,3936
05-02-2026 14:30,4911.76,4914.1,4862.23,4862.67,5411
05-02-2026 14:45,4862.62,4885.95,4853.23,4873.64,4974
05-02-2026 15:00,4873.63,4890.93,4872.71,4889.43,3997
05-02-2026 15:15,4889.09,4893.56,4848.46,4854.49,4934
05-02-2026 15:30,4854.46,4873.72,4851.47,4873.54,4821
05-02-2026 15:45,4873.34,4877.37,4847.04,4861.04,4228
05-02-2026 16:00,4862.25,4878.88,4851.25,4875.84,3971
05-02-2026 16:15,4875.84,4886.23,4867.66,4876.48,3863
05-02-2026 16:30,4876.53,4888.27,4876.2,4886.47,3589
05-02-2026 16:45,4886.52,4894.35,4878.56,4891.5,3595
05-02-2026 17:00,4891.52,4892.41,4869.65,4871.42,3974
05-02-2026 17:15,4870.98,4885.5,4863.93,4867.89,3692
05-02-2026 17:30,4867.4,4877.6,4833.86,4839.6,5293
05-02-2026 17:45,4839.43,4847.21,4809.96,4847.09,5513
05-02-2026 18:00,4846.59,4869.45,4839.82,4847.28,5522
05-02-2026 18:15,4847.45,4867.56,4837.77,4853.52,5615
05-02-2026 18:30,4853.4,4854.04,4801.66,4825.28,6409
05-02-2026 18:45,4825.26,4864.91,4824.29,4850.58,5749
05-02-2026 19:00,4850.59,4867.62,4821.87,4824.29,5464
05-02-2026 19:15,4824.05,4845.8,4819.13,4834.7,5161
05-02-2026 19:30,4834.73,4849.51,4810.92,4813.6,5649
05-02-2026 19:45,4813.63,4837.59,4809.37,4834.67,5527
05-02-2026 20:00,4834.66,4864.91,4804.9,4858.64,6447
05-02-2026 20:15,4858.79,4869.44,4838.61,4845.54,6067
05-02-2026 20:30,4845.4,4865.25,4820.82,4827.65,6162
05-02-2026 20:45,4827.47,4845.01,4812.69,4819.15,6006
05-02-2026 21:00,4818.8,4837.81,4808.62,4810.45,5865
05-02-2026 21:15,4810.62,4824.55,4799.7,4817.04,6036
05-02-2026 21:30,4816.91,4840.26,4811.67,4820.24,5838
05-02-2026 21:45,4820.21,4856.15,4818.05,4848.95,5713
05-02-2026 22:00,4849.94,4879.2,4844.51,4877.87,4972
05-02-2026 22:15,4877.75,4906.05,4864.01,4888.28,5624
05-02-2026 22:30,4888.3,4890.13,4864.96,4875.08,5042
05-02-2026 22:45,4874.72,4879.66,4858.52,4866.45,5187
05-02-2026 23:00,4866.38,4878.15,4858.8,4869.98,4808
05-02-2026 23:15,4869.98,4884.25,4863.4,4868.71,5159
05-02-2026 23:30,4868.84,4874.91,4854.25,4860.74,5080
05-02-2026 23:45,4860.76,4874.7,4850.79,4868.97,5475
06-02-2026 00:00,4868.65,4872.28,4853.38,4870.05,4667
06-02-2026 00:15,4870.03,4872.84,4850.79,4857.71,4139
06-02-2026 00:30,4857.72,4864.86,4841.74,4850.58,4315
06-02-2026 00:45,4850.55,4859.1,4846.06,4850.8,4014
06-02-2026 01:00,4850.76,4853.16,4827.83,4836.74,4646
06-02-2026 01:15,4836.73,4843.48,4823.26,4828.88,4194
06-02-2026 01:30,4828.82,4842.73,4813.13,4832.54,4327
06-02-2026 01:45,4832.52,4835.1,4810.14,4824.93,4290
06-02-2026 02:00,4824.94,4831.69,4806.3,4812.11,4476
06-02-2026 02:15,4811.97,4815.9,4791.9,4810.67,4624
06-02-2026 02:30,4810.62,4825.4,4803.9,4809.61,3404
06-02-2026 02:45,4809.66,4812.95,4794.52,4801.74,3135
06-02-2026 03:00,4801.74,4803.91,4757.68,4762.52,3603
06-02-2026 03:15,4762.05,4781.13,4757.18,4779.35,2910
06-02-2026 04:30,4760.48,4779.68,4755.52,4766.46,2600
06-02-2026 04:45,4766.66,4771.16,4747.33,4749.4,3673
06-02-2026 05:00,4749.39,4754.27,4730.06,4739.47,4694
06-02-2026 05:15,4739.45,4740.62,4700.59,4701.2,5038
06-02-2026 05:30,4701.21,4705.05,4678.03,4680.54,5334
06-02-2026 05:45,4680.49,4728.91,4653.36,4723.24,6034
06-02-2026 06:00,4723.05,4759.75,4707.45,4757.63,5564
06-02-2026 06:15,4757.94,4763.88,4738.69,4762.32,5578
06-02-2026 06:30,4762.3,4762.66,4692.99,4746.91,6308
06-02-2026 06:45,4746.92,4762.46,4704.32,4711.25,5820
06-02-2026 07:00,4711.25,4746.39,4704.86,4741.38,5284
06-02-2026 07:15,4741.37,4784.38,4736.09,4773.45,5040
06-02-2026 07:30,4773.58,4795.79,4760.31,4786.72,5388
06-02-2026 07:45,4786.73,4820.8,4782,4819.63,4730
06-02-2026 08:00,4819.91,4845.46,4809,4825.3,5537
06-02-2026 08:15,4826.1,4831.57,4808.51,4815.92,5102
06-02-2026 08:30,4815.87,4838.76,4808.18,4813.59,4924
06-02-2026 08:45,4813.83,4826.93,4801.13,4810.98,4666
06-02-2026 09:00,4810.98,4824.4,4800.5,4804.86,3814
06-02-2026 09:15,4804.86,4827.18,4804.73,4823.65,3220
06-02-2026 09:30,4823.61,4827.14,4814.62,4818.6,3395
06-02-2026 09:45,4818.52,4826.88,4806.48,4825.64,2881
06-02-2026 10:00,4825.68,4831.16,4819.37,4821.83,3072
06-02-2026 10:15,4821.99,4823.81,4810.14,4813.31,2574
06-02-2026 10:30,4814.36,4825.17,4807.12,4823.54,3100
06-02-2026 10:45,4823.53,4851.77,4818.59,4851.45,3506
06-02-2026 11:00,4851.46,4870.48,4836.57,4865.14,5217
06-02-2026 11:15,4865.32,4897.35,4861.93,4897.05,5074
06-02-2026 11:30,4897.06,4902.55,4865.12,4866.36,5095
06-02-2026 11:45,4866.09,4871.69,4847.98,4853.23,4844
06-02-2026 12:00,4853.15,4866.28,4836.04,4846.09,4841
06-02-2026 12:15,4846.01,4855.92,4824.74,4845.81,4577
06-02-2026 12:30,4844.91,4854.6,4837.64,4848.6,3927
06-02-2026 12:45,4848.62,4861.13,4842.23,4858.15,3647
06-02-2026 13:00,4857.9,4859.2,4846.83,4856.11,2967
06-02-2026 13:15,4856.12,4856.32,4839.45,4840.48,2741
06-02-2026 13:30,4839.89,4853,4828.83,4850.81,4295
06-02-2026 13:45,4850.83,4873.69,4847.3,4866.88,3745
06-02-2026 14:00,4866.87,4881.39,4854.97,4859.63,3660
06-02-2026 14:15,4859.64,4864.15,4852.18,4861.25,3232
06-02-2026 14:30,4861.24,4870.94,4838.95,4839.27,3580
06-02-2026 14:45,4839.23,4866.65,4837.85,4862.78,3249
06-02-2026 15:00,4862.79,4872.15,4856.93,4857.1,3043
06-02-2026 15:15,4857.12,4869.82,4855.21,4865.61,3461
06-02-2026 15:30,4865.58,4876.87,4864.9,4871.08,3041
06-02-2026 15:45,4870.85,4875.43,4850.74,4854.37,3338
06-02-2026 16:00,4854.05,4877.37,4852.44,4874.56,3226
06-02-2026 16:15,4874.55,4879.29,4866.56,4877.75,2954
06-02-2026 16:30,4877.74,4886.99,4863.22,4883.77,3560
06-02-2026 16:45,4883.97,4893.7,4878.31,4890.47,3612
06-02-2026 17:00,4890.55,4893.1,4879.87,4886.49,3541
06-02-2026 17:15,4886.32,4895.59,4882.62,4886.72,3366
06-02-2026 17:30,4886.66,4902.49,4883.19,4895,4077
06-02-2026 17:45,4895.08,4895.56,4870.33,4876.72,3710
06-02-2026 18:00,4876.78,4895.22,4876.38,4893.46,3509
06-02-2026 18:15,4893.28,4902.42,4893.28,4899.43,3384
06-02-2026 18:30,4899.77,4925.81,4896.2,4908.74,5623
06-02-2026 18:45,4909.31,4927.7,4904.67,4908.45,4517
06-02-2026 19:00,4908.33,4937.59,4908.15,4931.58,4907
06-02-2026 19:15,4931.97,4933.86,4921.15,4928.31,4188
06-02-2026 19:30,4928,4932.06,4908.79,4921,4338
06-02-2026 19:45,4920.64,4925.61,4893.48,4904.33,4542
06-02-2026 20:00,4903.18,4946.35,4896.83,4931.84,5533
06-02-2026 20:15,4931.53,4949.04,4926.68,4947.48,5135
06-02-2026 20:30,4947.48,4963.58,4938.21,4946.98,5672
06-02-2026 20:45,4946.97,4959.4,4934.79,4955.05,5173
06-02-2026 21:00,4955.1,4959.93,4938.6,4941.98,5260
06-02-2026 21:15,4941.69,4950.22,4927.65,4942.76,5132
06-02-2026 21:30,4942.83,4949.73,4936.04,4940.21,4885
06-02-2026 21:45,4940.07,4945.2,4921.04,4938.07,4701
06-02-2026 22:00,4938.08,4947.91,4929.57,4939.97,4823
06-02-2026 22:15,4939.68,4953.19,4936.37,4951.08,4482
06-02-2026 22:30,4951.17,4960.07,4948.45,4956.88,4202
06-02-2026 22:45,4956.89,4958.82,4952,4954.12,3776
06-02-2026 23:00,4954.16,4968.34,4947.62,4953.39,4255
06-02-2026 23:15,4953.4,4963.48,4953.07,4959.91,3524
06-02-2026 23:30,4959.98,4970.53,4958.31,4965.37,3934
06-02-2026 23:45,4965.34,4965.86,4943.2,4955.26,4351
07-02-2026 00:00,4955.26,4965.02,4950.75,4963.7,3021
07-02-2026 00:15,4963.71,4967.68,4960.06,4961.77,2738
07-02-2026 00:30,4961.76,4962.52,4952.69,4957.9,2771
07-02-2026 00:45,4957.89,4961.66,4956.62,4957.05,2720
07-02-2026 01:00,4957.09,4958.24,4948.08,4951.48,3003
07-02-2026 01:15,4951.47,4962.35,4951.23,4956.52,3046
07-02-2026 01:30,4956.54,4958.64,4950.53,4952.6,3182
07-02-2026 01:45,4952.61,4956.53,4945.93,4954.48,2986
07-02-2026 02:00,4954.52,4954.54,4936.06,4943.63,3690
07-02-2026 02:15,4943.63,4953.73,4939.76,4952.86,3509
07-02-2026 02:30,4952.86,4957.93,4945.89,4949.06,2147
07-02-2026 02:45,4949.06,4954.4,4946.89,4953.39,1735
07-02-2026 03:00,4953.38,4963.66,4953.19,4959.94,1530
07-02-2026 03:15,4959.74,4967.98,4957.14,4965.01,1432
09-02-2026 04:30,4990.87,4991.9,4963.36,4979.07,3409
09-02-2026 04:45,4979.65,5025.47,4975.92,5023.3,4262
09-02-2026 05:00,5023.3,5042.59,5018.82,5039.64,4797
09-02-2026 05:15,5039.63,5046.36,5032.3,5035.39,3935
09-02-2026 05:30,5035.41,5044.43,5024.69,5029.44,4612
09-02-2026 05:45,5029.44,5040.81,5022.71,5033.25,4235
09-02-2026 06:00,5034.72,5037.3,5015.7,5027.76,3881
09-02-2026 06:15,5027.73,5027.79,5011.12,5019.1,4203
09-02-2026 06:30,5020,5041.67,5004.99,5018.67,5643
09-02-2026 06:45,5018.67,5031.66,5009.51,5016.33,5023
09-02-2026 07:00,5016.32,5022.18,4975.47,5009.03,5020
09-02-2026 07:15,5009.12,5011.2,4979.59,4982.09,4923
09-02-2026 07:30,4982.08,4999.91,4968.88,4997.16,5087
09-02-2026 07:45,4997.13,5001.75,4989.23,5001.26,3265
09-02-2026 08:00,5001.22,5006.13,4989.56,4995.69,4453
09-02-2026 08:15,4997.47,5017.48,4985.85,5006.83,4085
09-02-2026 08:30,5006.81,5021.2,5005.33,5020.21,3730
09-02-2026 08:45,5020.22,5026.44,5011.92,5024.95,4053
09-02-2026 09:00,5025,5031.38,5018.98,5024.76,3401
09-02-2026 09:15,5024.57,5027.69,5012.32,5015.99,2886
09-02-2026 09:30,5016.08,5023.85,5012.43,5012.45,2577
09-02-2026 09:45,5012.44,5024.91,5008.42,5017.43,3113
09-02-2026 10:00,5017.43,5022.94,5014.79,5018.16,2957
09-02-2026 10:15,5018.16,5019.79,5006.83,5011.79,2607
09-02-2026 10:30,5011.83,5019.66,5011.01,5014.96,2533
09-02-2026 10:45,5015.13,5031.84,5015.13,5030.1,2907
09-02-2026 11:00,5030.09,5041.05,5025.75,5034.23,4550
09-02-2026 11:15,5034.23,5037.85,5023.13,5036.31,3844
09-02-2026 11:30,5036.24,5045.31,5031.3,5033.91,4486
09-02-2026 11:45,5033.47,5037.21,5013.33,5024.77,4319
09-02-2026 12:00,5024.79,5035.92,5020.52,5034.95,4421
09-02-2026 12:15,5035.01,5039.45,5026.18,5030.93,3792
09-02-2026 12:30,5030.93,5030.93,5008.18,5012.8,3522
09-02-2026 12:45,5013.27,5015.07,4997.19,5008.36,4173
09-02-2026 13:00,5008.36,5015.51,5007.26,5012.34,3233
09-02-2026 13:15,5012.35,5012.54,5000.39,5006.02,3482
09-02-2026 13:30,5006.03,5020.9,5002.44,5019.74,3953
09-02-2026 13:45,5019.76,5031.46,5019.76,5025.41,3912
09-02-2026 14:00,5025.45,5032.36,5021.81,5029.31,3447
09-02-2026 14:15,5029.31,5035.22,5023.82,5027.06,3508
09-02-2026 14:30,5027.28,5040.45,5022.54,5025.6,3713
09-02-2026 14:45,5025.58,5027.23,5015.94,5024.17,3336
09-02-2026 15:00,5024.16,5027.02,5011.55,5014.37,3593
09-02-2026 15:15,5014.32,5015.42,5002.65,5007.43,3753
09-02-2026 15:30,5007.56,5013.24,4996.12,5009.8,3837
09-02-2026 15:45,5009.81,5015.33,4985.47,4990.7,3868
09-02-2026 16:00,4990.72,4998.78,4981.82,4986.43,4248
09-02-2026 16:15,4986.01,4998.58,4982.83,4990.56,3820
09-02-2026 16:30,4990.52,4998.6,4988.27,4992.87,3571
09-02-2026 16:45,4992.87,5006.76,4991.2,5006.14,3038
09-02-2026 17:00,5006.13,5012.64,5001,5008.38,3068
09-02-2026 17:15,5008.25,5017.76,5007.13,5010.57,3183
09-02-2026 17:30,5010.53,5017,5007.07,5016.09,3448
09-02-2026 17:45,5016.3,5017.41,5010.31,5013.53,2928
09-02-2026 18:00,5013.58,5021.24,5009.12,5015,3170
09-02-2026 18:15,5015.01,5018.72,5007.27,5013.04,3263
09-02-2026 18:30,5013.04,5024.51,5007.89,5021.42,4993
09-02-2026 18:45,5021.53,5023.82,5002.96,5003.94,4922
09-02-2026 19:00,5003.96,5014.32,4995.02,4998.43,4878
09-02-2026 19:15,4998.24,5010.55,4996.13,5006.9,4508
09-02-2026 19:30,5006.97,5017.54,5002.34,5014.99,4573
09-02-2026 19:45,5015.2,5023.64,5009.47,5020.62,4198
09-02-2026 20:00,5020.57,5037.21,5013.73,5036.12,5770
09-02-2026 20:15,5036.29,5040.35,5030.28,5037.23,5269
09-02-2026 20:30,5036.91,5041.73,5028.54,5029.97,4858
09-02-2026 20:45,5030.05,5035.75,5023.35,5032.98,4292
09-02-2026 21:00,5032.96,5055.78,5032.96,5055.08,4633
09-02-2026 21:15,5055.08,5059.75,5051.74,5058.12,4158
09-02-2026 21:30,5058.11,5068.27,5056.02,5062.86,4105
09-02-2026 21:45,5062.87,5078.93,5062.79,5071.53,4281
09-02-2026 22:00,5071.67,5077.79,5066.46,5077.26,4356
09-02-2026 22:15,5077.42,5079.72,5070.51,5072.65,3961
09-02-2026 22:30,5073.24,5074.81,5059.83,5062.82,4009
09-02-2026 22:45,5062.8,5071.22,5062.47,5067.41,2891
09-02-2026 23:00,5068.21,5069.77,5060.42,5061.87,3533
09-02-2026 23:15,5061.87,5063.05,5040.07,5045.42,4447
09-02-2026 23:30,5045.38,5059.05,5045.38,5057.97,3898
09-02-2026 23:45,5057.97,5059.33,5044.08,5053.78,4637
10-02-2026 00:00,5054.1,5059.16,5048.03,5055.92,3462
10-02-2026 00:15,5055.89,5063.64,5051.16,5062.37,3689
10-02-2026 00:30,5062.37,5068.83,5062.01,5065.9,3248
10-02-2026 00:45,5065.79,5073.95,5063.87,5073.78,2919
10-02-2026 01:00,5073.77,5079.42,5072.52,5075.44,3187
10-02-2026 01:15,5075.43,5077.48,5072.53,5074.18,2878
10-02-2026 01:30,5074.18,5080.33,5073.07,5078.76,2764
10-02-2026 01:45,5078.76,5081.24,5075.23,5080.05,2907
10-02-2026 02:00,5080.02,5086.03,5071.71,5077.53,3462
10-02-2026 02:15,5077.54,5082.76,5073.23,5079.16,3548
10-02-2026 02:30,5079.23,5082.81,5061.2,5063.04,2425
10-02-2026 02:45,5063.05,5065.91,5047.6,5054.44,2573
10-02-2026 03:00,5054.44,5064.5,5053.55,5061.49,2097
10-02-2026 03:15,5061.49,5066.19,5057.14,5058.28,1567
10-02-2026 04:30,5068.35,5075.86,4986.38,5012.25,3683
10-02-2026 04:45,5012.25,5027.1,5000.75,5022.43,4331
10-02-2026 05:00,5022.41,5039.72,5012.42,5039.46,3646
10-02-2026 05:15,5039.53,5041.5,5029.32,5031.26,2985
10-02-2026 05:30,5031.2,5048.21,5031.2,5034.76,3779
10-02-2026 05:45,5034.76,5044.23,5031.56,5033.55,3342
10-02-2026 06:00,5033.55,5040.22,5015.03,5023.18,3672
10-02-2026 06:15,5023.17,5024.89,5008.55,5018.45,3882
10-02-2026 06:30,5018.34,5034.21,5012.09,5030.77,4948
10-02-2026 06:45,5030.89,5037.35,5013.29,5016.66,4277
10-02-2026 07:00,5016.29,5032.03,5014.32,5027.96,4481
10-02-2026 07:15,5027.98,5035.37,5024.1,5032.25,4011
10-02-2026 07:30,5032.24,5045.59,5030.94,5041.3,4258
10-02-2026 07:45,5041.28,5055.54,5039.35,5046.73,3694
10-02-2026 08:00,5046.96,5052.27,5041.38,5049.69,4125
10-02-2026 08:15,5049.71,5051.72,5033.96,5037.92,4245
10-02-2026 08:30,5037.65,5037.65,5025,5026.39,4256
10-02-2026 08:45,5026.39,5028.64,5016.31,5021.75,4142
10-02-2026 09:00,5021.44,5031.78,5019.98,5024.47,3164
10-02-2026 09:15,5024.53,5030.25,5016.65,5030.02,2954
10-02-2026 09:30,5029.9,5030.87,5017.82,5023.82,3158
10-02-2026 09:45,5023.88,5029.79,5022.84,5027.55,2499
10-02-2026 10:00,5027.55,5029.75,5022.28,5026.67,2138
10-02-2026 10:15,5026.65,5033.63,5024.72,5031.31,2287
10-02-2026 10:30,5031.16,5034.99,5027.25,5029.48,1985
10-02-2026 10:45,5029.43,5029.74,5010.78,5018.17,3176
10-02-2026 11:00,5018.17,5032.08,5011.97,5032.06,4104
10-02-2026 11:15,5032.26,5040.38,5030.74,5038.73,3824
10-02-2026 11:30,5038.59,5045.62,5034.61,5036.49,3712
10-02-2026 11:45,5036.59,5037.29,5030.51,5031.52,3904
10-02-2026 12:00,5031.51,5038.6,5026.72,5028.5,3371
10-02-2026 12:15,5028.44,5035.99,5018.78,5024.09,3817
10-02-2026 12:30,5024.11,5033.89,5018.11,5028.55,2930
10-02-2026 12:45,5028.52,5031.6,5019.23,5024.8,3070
10-02-2026 13:00,5024.83,5034.54,5024.48,5028.58,2823
10-02-2026 13:15,5028.57,5035.76,5026.52,5033.68,3060
10-02-2026 13:30,5033.36,5040.86,5028.46,5032.72,3940
10-02-2026 13:45,5032.82,5040.95,5031.95,5035.21,3738
10-02-2026 14:00,5035.21,5048.54,5033.86,5048.31,3076
10-02-2026 14:15,5048.31,5054.67,5038.44,5041.76,3851
10-02-2026 14:30,5041.79,5063.1,5040.4,5051.38,3648
10-02-2026 14:45,5051.38,5055.43,5045.17,5051.93,3307
10-02-2026 15:00,5051.94,5052.92,5044.99,5048.49,3108
10-02-2026 15:15,5048.97,5049.78,5041.83,5046.38,3289
10-02-2026 15:30,5046.39,5052.28,5039.81,5040.92,3071
10-02-2026 15:45,5040.94,5050.4,5036.74,5047.27,3461
10-02-2026 16:00,5047.53,5057.99,5045.6,5053.89,3209
10-02-2026 16:15,5053.98,5056.43,5043.37,5046.56,2653
10-02-2026 16:30,5046.56,5052.63,5043.84,5050.06,2715
10-02-2026 16:45,5050.02,5051.33,5044.88,5047.43,2777
10-02-2026 17:00,5047.37,5053.88,5046.32,5046.9,2386
10-02-2026 17:15,5046.89,5057.09,5044.7,5055.74,2838
10-02-2026 17:30,5055.83,5056.73,5040.55,5043.52,3615
10-02-2026 17:45,5042.78,5051.32,5042.03,5046.17,3343
10-02-2026 18:00,5046.7,5047.41,5023.77,5029.43,3386
10-02-2026 18:15,5029.28,5033.56,5019.45,5031.62,4678
10-02-2026 18:30,5031.61,5041.84,5025.82,5041.67,4653
10-02-2026 18:45,5041.67,5045.74,5033.11,5037.07,3838
10-02-2026 19:00,5037.03,5057.92,5037.03,5052.61,4730
10-02-2026 19:15,5052.6,5056.97,5048.88,5050.67,3952
10-02-2026 19:30,5050.68,5057.76,5046.55,5055.39,3650
10-02-2026 19:45,5055.51,5074.82,5055.51,5069.7,4716
10-02-2026 20:00,5069.77,5078.07,5053.2,5055.25,5993
10-02-2026 20:15,5055.28,5056.12,5020.46,5039.16,5741
10-02-2026 20:30,5039.16,5043.08,5028.43,5041.94,4972
10-02-2026 20:45,5041.88,5047.53,5031.74,5031.74,4907
10-02-2026 21:00,5031.51,5036.78,4998,5013.55,5907
10-02-2026 21:15,5013.5,5029.24,5011.82,5019.06,5466
10-02-2026 21:30,5019.09,5022.62,5006.11,5020.39,5286
10-02-2026 21:45,5020.49,5023.96,5005.19,5009.82,5230
10-02-2026 22:00,5009.82,5023.25,5008.18,5021.67,4709
10-02-2026 22:15,5021.72,5026.15,5015.45,5023.5,4575
10-02-2026 22:30,5023.46,5027.1,5020.47,5024.13,4273
10-02-2026 22:45,5024.15,5038.82,5024.14,5036.32,3790
10-02-2026 23:00,5036.31,5038.93,5031.7,5037.35,3764
10-02-2026 23:15,5037.37,5039.96,5024.57,5025.99,3855
10-02-2026 23:30,5026,5027.62,5013.49,5016.19,3719
10-02-2026 23:45,5016.16,5018.02,5003.99,5007.9,4805
11-02-2026 00:00,5008.67,5016.11,5004.75,5015.24,4022
11-02-2026 00:15,5015.24,5017.06,5006.72,5013.01,3563
11-02-2026 00:30,5012.98,5013.89,5008.62,5012.34,3177
11-02-2026 00:45,5012.36,5021.49,5012.2,5020.93,3297
11-02-2026 01:00,5021.02,5029.8,5021.01,5024.3,3620
11-02-2026 01:15,5024.3,5030.02,5024.29,5027.77,3006
11-02-2026 01:30,5027.33,5029.63,5020.28,5025.93,3306
11-02-2026 01:45,5025.93,5033.52,5023.18,5028.02,3023
11-02-2026 02:00,5028.03,5036.37,5027.14,5036.14,3084
11-02-2026 02:15,5036.1,5045.03,5027.39,5029.5,4095
11-02-2026 02:30,5029.11,5032.53,5025.22,5029.08,2036
11-02-2026 02:45,5029.15,5029.55,5022.85,5025.78,2382
11-02-2026 03:00,5025.79,5027.95,5022.76,5023.89,2215
11-02-2026 03:15,5023.89,5027.08,5020.28,5025.04,1596
11-02-2026 04:30,5026.85,5036.36,5026.78,5033.57,1734
11-02-2026 04:45,5033.57,5053.79,5033.42,5046.03,3452
11-02-2026 05:00,5046,5047.96,5038.25,5042.08,2319
11-02-2026 05:15,5042.06,5047,5038.6,5041.61,1713
11-02-2026 05:30,5041.61,5044.14,5029.9,5033.94,2914
11-02-2026 05:45,5033.94,5040.71,5028.06,5039.85,3060
11-02-2026 06:00,5039.85,5049.23,5038.42,5041.26,2956
11-02-2026 06:15,5041.24,5042.64,5033.94,5037.41,2310
11-02-2026 06:30,5037.64,5047.43,5030.07,5041.09,4526
11-02-2026 06:45,5041.1,5045.18,5034.59,5037.36,3364
11-02-2026 07:00,5037.34,5045.44,5032.15,5043.71,3127
11-02-2026 07:15,5043.55,5052.38,5040.96,5051.89,3562
11-02-2026 07:30,5051.86,5056.56,5034.18,5036.76,4022
11-02-2026 07:45,5036.75,5046.32,5032.37,5041.75,3159
11-02-2026 08:00,5041.74,5053.99,5040.99,5053.73,3678
11-02-2026 08:15,5053.73,5057.34,5050.61,5055.48,3788
11-02-2026 08:30,5055.35,5056.06,5048.94,5049,3126
11-02-2026 08:45,5048.99,5058.59,5045.11,5056.57,3210
11-02-2026 09:00,5056.58,5060.3,5053.01,5057.89,2427
11-02-2026 09:15,5057.88,5060.36,5052.73,5053.91,2269
11-02-2026 09:30,5053.8,5057.93,5052.62,5057,2101
11-02-2026 09:45,5057.02,5059.27,5055.85,5057.75,1864
11-02-2026 10:00,5057.65,5058.69,5051.56,5051.83,1979
11-02-2026 10:15,5051.78,5055.44,5045.54,5046.12,2644
11-02-2026 10:30,5046.12,5049.73,5043.1,5047.84,2329
11-02-2026 10:45,5047.85,5053.12,5045.69,5052.81,2174
11-02-2026 11:00,5052.77,5063.51,5052.21,5061.94,3372
11-02-2026 11:15,5061.96,5062.67,5045.91,5052.29,3820
11-02-2026 11:30,5052.33,5056.88,5049.05,5054.1,3021
11-02-2026 11:45,5054.16,5061.19,5052.89,5056.08,3351
11-02-2026 12:00,5056.21,5059.91,5052.95,5053.51,3235
11-02-2026 12:15,5053.51,5064.19,5051.69,5063.71,3855
11-02-2026 12:30,5063.71,5068.65,5057.22,5059.16,3901
11-02-2026 12:45,5059.34,5065.59,5052.3,5059.59,3999
11-02-2026 13:00,5059.6,5061.52,5053.03,5054.33,3502
11-02-2026 13:15,5054.21,5056.13,5048.67,5055.19,2518
11-02-2026 13:30,5054.54,5060.16,5051.43,5051.55,3068
11-02-2026 13:45,5051.55,5055.47,5050.34,5051.36,2917
11-02-2026 14:00,5051.36,5053.39,5045.44,5052.32,3201
11-02-2026 14:15,5052.33,5054.75,5050.4,5053.35,2702
11-02-2026 14:30,5053.75,5055.46,5046.88,5051.33,2740
11-02-2026 14:45,5051.32,5054.79,5049.84,5054.17,2356
11-02-2026 15:00,5054.18,5065.27,5053.39,5064.08,3628
11-02-2026 15:15,5064.09,5071.81,5059.7,5062.45,3548
11-02-2026 15:30,5062.46,5069.89,5062.17,5068.59,2743
11-02-2026 15:45,5068.61,5076.03,5068.07,5070.89,3658
11-02-2026 16:00,5070.2,5100.2,5067.81,5099.76,3773
11-02-2026 16:15,5099.41,5100.68,5090.89,5092.92,4706
11-02-2026 16:30,5092.97,5095.48,5082.02,5089.36,3458
11-02-2026 16:45,5089.33,5107.83,5089.33,5107.04,3763
11-02-2026 17:00,5107.42,5110.65,5100.51,5108.59,3712
11-02-2026 17:15,5108.58,5116.18,5108.16,5111.52,3504
11-02-2026 17:30,5111.5,5118.8,5098.63,5105.76,4226
11-02-2026 17:45,5105.72,5106.9,5086.76,5094.69,4362
11-02-2026 18:00,5094.78,5098.41,5048.87,5068.04,4908
11-02-2026 18:15,5067.66,5083.49,5064.97,5083.3,4451
11-02-2026 18:30,5082.97,5086.92,5072.98,5081.96,4696
11-02-2026 18:45,5081.27,5089.61,5063.81,5082.7,4952
11-02-2026 19:00,5082.38,5083.04,5018.5,5059.66,6594
11-02-2026 19:15,5059.61,5072.64,5054.29,5065.35,5925
11-02-2026 19:30,5065.43,5076.99,5061.58,5073.51,5204
11-02-2026 19:45,5073.93,5082.85,5066.35,5070.54,4787
11-02-2026 20:00,5070.52,5076.1,5034.96,5043.63,6457
11-02-2026 20:15,5042.31,5064.65,5039.96,5059.12,5857
11-02-2026 20:30,5058.17,5081.36,5052.85,5067.24,5852
11-02-2026 20:45,5066.88,5073.75,5043.2,5048.62,6144
11-02-2026 21:00,5048.62,5057.11,5038.78,5047.84,6054
11-02-2026 21:15,5048.03,5062.84,5044.28,5059.88,5757
11-02-2026 21:30,5059.47,5064.2,5051.98,5055.91,5429
11-02-2026 21:45,5055.98,5062.02,5042.15,5060.59,4925
11-02-2026 22:00,5060.59,5077.87,5056.26,5073.8,4759
11-02-2026 22:15,5074,5076.59,5071.14,5074.97,3823
11-02-2026 22:30,5075,5085.53,5068.6,5084.66,3798
11-02-2026 22:45,5084.77,5091.59,5080.08,5087.19,4190
11-02-2026 23:00,5086.73,5098.52,5081.2,5095.79,3961
11-02-2026 23:15,5095.79,5097.18,5087.89,5091.43,4038
11-02-2026 23:30,5091.03,5092.78,5066.5,5072.73,4281
11-02-2026 23:45,5072.77,5079.02,5068.24,5073.12,4441
12-02-2026 00:00,5073.03,5084.78,5070.87,5082.91,3712
12-02-2026 00:15,5082.91,5087.02,5079.34,5082.13,3855
12-02-2026 00:30,5082.13,5092.38,5081.77,5088.49,3653
12-02-2026 00:45,5088.49,5093.78,5087.03,5090.99,3414
12-02-2026 01:00,5091.01,5091.38,5081.05,5085.43,3483
12-02-2026 01:15,5085.45,5088.13,5076.75,5081.74,3555
12-02-2026 01:30,5081.82,5088.12,5079.53,5088.11,3087
12-02-2026 01:45,5088.12,5088.73,5083.26,5084.56,2526
12-02-2026 02:00,5084.55,5086.8,5077.89,5086.1,3075
12-02-2026 02:15,5086.16,5089.55,5084.11,5086.23,3561
12-02-2026 02:30,5086.25,5088.71,5083.72,5087.6,2111
12-02-2026 02:45,5087.6,5092.2,5078.11,5081.64,2190
12-02-2026 03:00,5081.7,5083.74,5069.52,5080.06,2409
12-02-2026 03:15,5079.38,5084.44,5076.1,5083.75,1946
12-02-2026 04:30,5095.9,5099.42,5051.37,5063,2566
12-02-2026 04:45,5062.87,5070.27,5058.35,5067.97,3241
12-02-2026 05:00,5067.97,5069.19,5059.08,5062.72,2702
12-02-2026 05:15,5062.72,5071.05,5059.2,5060.85,2667
12-02-2026 05:30,5060.82,5067.44,5049.3,5056.21,3890
12-02-2026 05:45,5056.19,5066.14,5053.11,5060.17,3421
12-02-2026 06:00,5060.17,5065.66,5055.6,5058.92,2903
12-02-2026 06:15,5058.9,5065.37,5058.56,5062.64,2894
12-02-2026 06:30,5062.56,5062.64,5044.5,5048.81,4430
12-02-2026 06:45,5048.87,5060.93,5045.92,5058.1,3519
12-02-2026 07:00,5058.11,5063.51,5055.04,5060.44,3491
12-02-2026 07:15,5060.45,5063.18,5052.78,5063.18,3698
12-02-2026 07:30,5063.32,5072.23,5063.32,5067.64,3477
12-02-2026 07:45,5068.18,5072.28,5061.95,5066.37,2637
12-02-2026 08:00,5066.38,5069.42,5056.41,5057.7,3542
12-02-2026 08:15,5057.7,5066.61,5054.72,5065.75,3203
12-02-2026 08:30,5065.72,5074.2,5062.47,5067.95,3560
12-02-2026 08:45,5067.92,5070.16,5054.48,5059.56,3082
12-02-2026 09:00,5059.56,5066.32,5058.35,5065.05,2643
12-02-2026 09:15,5065.05,5065.13,5054.67,5056.49,2568
12-02-2026 09:30,5056.53,5058.92,5052.17,5054.67,1979
12-02-2026 09:45,5054.68,5056.93,5050.51,5055.84,2495
12-02-2026 10:00,5055.86,5059.81,5053.7,5057.4,1844
12-02-2026 10:15,5057.41,5069.9,5054.7,5068.88,2374
12-02-2026 10:30,5068.88,5077.54,5065.04,5074.32,2997
12-02-2026 10:45,5074.33,5077.07,5070.09,5071.33,2343
12-02-2026 11:00,5071.31,5072.04,5064,5071.44,3202
12-02-2026 11:15,5071.45,5075.61,5067.23,5075.05,2999
12-02-2026 11:30,5075.06,5075.84,5061.81,5068.59,3184
12-02-2026 11:45,5068.6,5070.05,5054.91,5055.08,3264
12-02-2026 12:00,5055.14,5057.6,5046.7,5057.23,4185
12-02-2026 12:15,5057.25,5061.25,5053.46,5059.2,3140
12-02-2026 12:30,5059.2,5065.64,5051.38,5062.56,2940
12-02-2026 12:45,5062.55,5064.18,5056.38,5061.87,2537
12-02-2026 13:00,5061.87,5063.52,5057.49,5057.9,2381
12-02-2026 13:15,5057.75,5065.32,5056.21,5063.39,2178
12-02-2026 13:30,5063.4,5073.68,5063.4,5067.6,3488
12-02-2026 13:45,5067.59,5069.31,5060.53,5060.53,2985
12-02-2026 14:00,5060.53,5062.76,5052.36,5062.52,2892
12-02-2026 14:15,5062.52,5071.56,5059.73,5068.08,2900
12-02-2026 14:30,5067.91,5075.63,5065.81,5073.37,3346
12-02-2026 14:45,5073.36,5077.78,5070.3,5070.91,2499
12-02-2026 15:00,5070.89,5073.61,5068.25,5072.43,2131
12-02-2026 15:15,5072.45,5080.37,5070.75,5072.78,2462
12-02-2026 15:30,5072.78,5076.67,5062.69,5065.44,3005
12-02-2026 15:45,5065.44,5066.24,5060.53,5060.81,2276
12-02-2026 16:00,5060.89,5065.59,5060.78,5061.97,2353
12-02-2026 16:15,5061.98,5062.39,5055.74,5061.73,2718
12-02-2026 16:30,5061.73,5065.15,5059.08,5060.71,2172
12-02-2026 16:45,5060.73,5065.27,5060.73,5062.31,2185
12-02-2026 17:00,5062.32,5065.13,5061.17,5063.42,2021
12-02-2026 17:15,5063.42,5068.14,5061.48,5063.78,2347
12-02-2026 17:30,5063.86,5066.36,5056.41,5062.02,2705
12-02-2026 17:45,5061.81,5063.93,5059.73,5062.11,2022
12-02-2026 18:00,5062.11,5068.36,5054.54,5057.45,2741
12-02-2026 18:15,5057.44,5058.32,5048.31,5052.31,3508
12-02-2026 18:30,5052.31,5065.31,5050.99,5065.02,4151
12-02-2026 18:45,5064.84,5073.83,5061.99,5062.32,3726
12-02-2026 19:00,5062.4,5076.8,5060.68,5074.98,3892
12-02-2026 19:15,5075.16,5083.28,5074.19,5074.86,3494
12-02-2026 19:30,5074.85,5077.34,5060.93,5065,3826
12-02-2026 19:45,5064.93,5068.01,5054.26,5059.16,4258
12-02-2026 20:00,5059.16,5070.88,5053.05,5055.48,5074
12-02-2026 20:15,5055.5,5060.66,5038.07,5043.43,5115
12-02-2026 20:30,5043.27,5064.48,5038.43,5063.91,4894
12-02-2026 20:45,5063.6,5068.66,5061.88,5065.42,3777
12-02-2026 21:00,5065.16,5071.73,5064.77,5070.16,4142
12-02-2026 21:15,5070.13,5074.15,5059.68,5060.06,3983
12-02-2026 21:30,5060.07,5067.59,4947.95,4950.23,5963
12-02-2026 21:45,4949.91,4964.62,4877.03,4896.28,7175
12-02-2026 22:00,4895.83,4968.26,4892.84,4952.49,6858
12-02-2026 22:15,4951.76,4961.31,4929.98,4953.54,6309
12-02-2026 22:30,4953.15,4966.24,4939.03,4958.42,5990
12-02-2026 22:45,4958.42,4982.5,4954.56,4965.18,5828
12-02-2026 23:00,4964.99,4974.51,4957.18,4969.01,5509
12-02-2026 23:15,4969.06,4970.78,4938.71,4940.61,5387
12-02-2026 23:30,4940.57,4949.77,4920.7,4933.81,5939
12-02-2026 23:45,4932.98,4934.75,4906.18,4928.04,5835
13-02-2026 00:00,4927.72,4946.22,4925.63,4939.76,5456
13-02-2026 00:15,4940.05,4951.58,4932.96,4935.29,4744
13-02-2026 00:30,4935.27,4941.44,4928.22,4933,4896
13-02-2026 00:45,4933.09,4943.88,4929.33,4931.16,4699
13-02-2026 01:00,4931.11,4950.05,4931.11,4946.22,4570
13-02-2026 01:15,4946.23,4957.67,4943,4945.01,4225
13-02-2026 01:30,4944.61,4948,4933.44,4940.48,4337
13-02-2026 01:45,4940.49,4940.61,4921.23,4922.48,4067
13-02-2026 02:00,4922.52,4927.93,4911.01,4920.57,4577
13-02-2026 02:15,4920.58,4923.72,4911.63,4914.62,5068
13-02-2026 02:30,4915.06,4922.57,4911.45,4916.3,2770
13-02-2026 02:45,4916.31,4924.03,4912.5,4919.85,2223
13-02-2026 03:00,4919.87,4925.97,4917.31,4917.88,2118
13-02-2026 03:15,4917.89,4926.23,4915.42,4921.07,2090
13-02-2026 04:30,4888.32,4909.75,4884.68,4909.21,2503
13-02-2026 04:45,4909.25,4927.94,4909.25,4919.56,2878
13-02-2026 05:00,4919.66,4925.65,4905.93,4913.25,3444
13-02-2026 05:15,4913.25,4919.84,4905.65,4919.71,2616
13-02-2026 05:30,4919.7,4948.06,4913.32,4941.51,3873
13-02-2026 05:45,4941.44,4946.91,4934.25,4935.84,3339
13-02-2026 06:00,4936.54,4945.37,4932.1,4939.81,3440
13-02-2026 06:15,4939.81,4944.09,4925.93,4927.62,3208
13-02-2026 06:30,4927.62,4967.08,4926.78,4965,4884
13-02-2026 06:45,4964.83,4978.33,4961.89,4969.4,4379
13-02-2026 07:00,4969.39,4981.91,4963.82,4979.31,4182
13-02-2026 07:15,4979.63,4988.22,4974.72,4980.35,4035
13-02-2026 07:30,4980.3,4984.31,4972.57,4977.87,3600
13-02-2026 07:45,4977.85,4985.75,4975.5,4985.5,2822
13-02-2026 08:00,4985.57,4988.94,4973.13,4983.79,3461
13-02-2026 08:15,4983.81,4991.16,4971.72,4988.01,3613
13-02-2026 08:30,4988.03,4988.86,4980.17,4983.39,3238
13-02-2026 08:45,4983.38,4983.9,4973.29,4977.61,3291
13-02-2026 09:00,4977.62,4983.16,4974.72,4976.8,2382
13-02-2026 09:15,4976.79,4984.2,4975.96,4981.14,2010
13-02-2026 09:30,4981.13,4987.09,4975.38,4985.47,2222
13-02-2026 09:45,4985.5,4996.94,4984.56,4984.85,2913
13-02-2026 10:00,4984.86,4985.88,4975.1,4976.6,2207
13-02-2026 10:15,4976.61,4978.03,4972.75,4976.35,2142
13-02-2026 10:30,4976.35,4981.34,4974.14,4977.73,2390
13-02-2026 10:45,4977.72,4986.14,4965.07,4979.17,3171
13-02-2026 11:00,4979.14,4979.64,4959.31,4963.73,4093
13-02-2026 11:15,4964.46,4965.52,4944.33,4945.79,3798
13-02-2026 11:30,4945.84,4961.41,4945.61,4957.86,3877
13-02-2026 11:45,4957.87,4960.61,4948.93,4952.94,3866
13-02-2026 12:00,4952.95,4961.88,4950.51,4954.86,3908
13-02-2026 12:15,4954.9,4968.5,4950.64,4966.91,3946
13-02-2026 12:30,4966.92,4967.47,4950.95,4959.74,3613
13-02-2026 12:45,4959.65,4976.3,4958.53,4968.06,3388
13-02-2026 13:00,4967.99,4982.15,4965.74,4970.14,3247
13-02-2026 13:15,4970.15,4981.44,4968.55,4974.57,3094
13-02-2026 13:30,4974.71,4989.07,4971.93,4978.9,3807
13-02-2026 13:45,4978.93,4985.59,4976.61,4982.07,3648
13-02-2026 14:00,4982.03,4985.33,4978.01,4982.83,3173
13-02-2026 14:15,4982.81,4986.38,4971.71,4982.15,3140
13-02-2026 14:30,4982.15,4982.35,4975.9,4977,3086
13-02-2026 14:45,4977.27,4981.27,4963.96,4964.57,2938
13-02-2026 15:00,4964.61,4973.35,4961.1,4970.57,2944
13-02-2026 15:15,4969.89,4976.36,4968.55,4969.86,2359
13-02-2026 15:30,4969.85,4977.43,4966.6,4971.91,2740
13-02-2026 15:45,4971.92,4980.21,4965.97,4976.87,2361
13-02-2026 16:00,4977.98,4978.21,4967.22,4968.82,2151
13-02-2026 16:15,4968.85,4970.03,4946.45,4949.5,2711
13-02-2026 16:30,4949.47,4952.68,4939.99,4950.92,3831
13-02-2026 16:45,4950.83,4951.95,4932.89,4944.32,2859
13-02-2026 17:00,4944.35,4948.1,4934.64,4943.43,2904
13-02-2026 17:15,4943.18,4955.2,4938.71,4953.74,2912
13-02-2026 17:30,4953.37,4963.92,4951.98,4963.23,3414
13-02-2026 17:45,4963.16,4972.3,4962.01,4966.55,2788
13-02-2026 18:00,4966.54,4972.99,4963.13,4965.51,2576
13-02-2026 18:15,4965.72,4973.6,4963.94,4968.98,2859
13-02-2026 18:30,4969.08,4975.77,4965.16,4966.68,3220
13-02-2026 18:45,4966.71,4970.43,4957.15,4966.88,3574
13-02-2026 19:00,4966.9,4999.17,4966.87,4983.59,5132
13-02-2026 19:15,4983.52,4992.09,4971.8,4986.34,3926
13-02-2026 19:30,4986.92,5000.4,4984.43,4997.28,4066
13-02-2026 19:45,4998.16,5007.19,4994.42,5002.13,4072
13-02-2026 20:00,5002.28,5011.12,4963.55,4991.37,6279
13-02-2026 20:15,4991.39,5007.1,4988.4,4994.95,6294
13-02-2026 20:30,4996.47,5010.92,4991.75,5002.58,5781
13-02-2026 20:45,5002.9,5011.25,4994.07,5009.15,5730
13-02-2026 21:00,5009.14,5020.14,5004.1,5006.13,5256
13-02-2026 21:15,5006.95,5009.69,4973.64,4976.32,5536
13-02-2026 21:30,4976.34,4997.42,4975.18,4997.31,5413
13-02-2026 21:45,4997.28,5033.38,4995.67,5027.41,5268
13-02-2026 22:00,5027.41,5027.83,5012.47,5016.5,4429
13-02-2026 22:15,5016.48,5018.54,5005.87,5007.54,3642
13-02-2026 22:30,5007.54,5021.87,5007.54,5015.13,3719
13-02-2026 22:45,5015.21,5019.05,5005.67,5017.34,3693
13-02-2026 23:00,5017.36,5028.81,5015.74,5022.11,3633
13-02-2026 23:15,5022.16,5023.8,5015.9,5020.83,3723
13-02-2026 23:30,5020.55,5029.42,5015.19,5028.82,3726
13-02-2026 23:45,5028.77,5030.57,5020.02,5022.1,3745
14-02-2026 00:00,5022.1,5030.87,5020.17,5029.61,3320
14-02-2026 00:15,5029.61,5035.56,5026.17,5030.83,3110
14-02-2026 00:30,5030.86,5045.59,5030.06,5038.77,3637
14-02-2026 00:45,5038.54,5044.51,5035.73,5040.92,3504
14-02-2026 01:00,5040.88,5042.29,5032.2,5033.72,3441
14-02-2026 01:15,5033.72,5037.36,5022.98,5022.98,3095
14-02-2026 01:30,5022.99,5033.38,5022.99,5028.54,4010
14-02-2026 01:45,5028.5,5032.93,5026.33,5028.49,3405
14-02-2026 02:00,5028.51,5033.8,5024.21,5030.09,3627
14-02-2026 02:15,5030.09,5034.1,5020.95,5031.78,4249
14-02-2026 02:30,5031.86,5035.66,5029.25,5032.73,1898
14-02-2026 02:45,5032.73,5034.03,5030.34,5032.32,1232
14-02-2026 03:00,5032.31,5038.47,5030.67,5038.11,1289
14-02-2026 03:15,5037.84,5044.92,5036.76,5041.01,2210
16-02-2026 04:30,5033.64,5033.98,5006.96,5021.38,3926
16-02-2026 04:45,5021.37,5031.51,5020.3,5028.35,3411
16-02-2026 05:00,5028.35,5030.9,5016.61,5018.27,2582
16-02-2026 05:15,5018.28,5020.72,5012.58,5019.29,2983
16-02-2026 05:30,5019.34,5020.96,4999.25,5016.84,3940
16-02-2026 05:45,5016.74,5020.69,5008.04,5011.79,2785
16-02-2026 06:00,5011.79,5014.22,5008.41,5013.35,2387
16-02-2026 06:15,5013.36,5022.24,5009.88,5014.85,2338
16-02-2026 06:30,5014.83,5022.95,5006.19,5022.42,3247
16-02-2026 06:45,5022.44,5030.48,5022.08,5028.6,3048
16-02-2026 07:00,5028.58,5030.51,5025.79,5029.74,2858
16-02-2026 07:15,5029.72,5030.06,5024.83,5028.25,2335
16-02-2026 07:30,5028.27,5030.6,5020.06,5021.74,3181
16-02-2026 07:45,5021.86,5025.62,5018.51,5019.05,2433
16-02-2026 08:00,5019.05,5021.36,5001.65,5001.73,3465
16-02-2026 08:15,5001.75,5003.11,4991.57,4993.97,3704
16-02-2026 08:30,4993.99,4999.37,4987.84,4996.89,3192
16-02-2026 08:45,4996.93,4998.12,4993.14,4994.47,2467
16-02-2026 09:00,4994.02,4996.39,4988.74,4990.42,2601
16-02-2026 09:15,4990.42,4993.02,4973.34,4986.9,3182
16-02-2026 09:30,4986.92,4991.47,4971.75,4975.98,3360
16-02-2026 09:45,4975.46,4979.7,4971.93,4976.02,2516
16-02-2026 10:00,4975.9,4977.71,4973.08,4975.67,2365
16-02-2026 10:15,4975.58,4979.69,4973.6,4977.06,2484
16-02-2026 10:30,4977.03,4985.3,4964.89,4982.77,3234
16-02-2026 10:45,4982.76,4987.82,4982.59,4985.86,2317
16-02-2026 11:00,4985.88,4989.6,4982.57,4985.44,1943
16-02-2026 11:15,4985.48,4990.18,4984.44,4990.15,2273
16-02-2026 11:30,4990.18,4992.35,4987.17,4989.73,2108
16-02-2026 11:45,4989.72,4994.07,4984.56,4992.39,2294
16-02-2026 12:00,4992.38,5002.65,4989.92,5001.82,2368
16-02-2026 12:15,5001.61,5002.31,4993.77,4994.38,2423
16-02-2026 12:30,4994.39,4997.73,4988.72,4996.01,2381
16-02-2026 12:45,4996.01,4999.21,4993.88,4997.84,1522
16-02-2026 13:00,4997.26,5005.75,4996.5,5001.24,2148
16-02-2026 13:15,5001.24,5009.93,5000.91,5007.03,2610
16-02-2026 13:30,5007.05,5013,4996.21,4997.97,3446
16-02-2026 13:45,4998,5006.12,4995.16,5005.78,2879
16-02-2026 14:00,5005.78,5008.37,5004.56,5006.02,2681
16-02-2026 14:15,5006.02,5009.94,5003.34,5007.88,2372
16-02-2026 14:30,5007.89,5015.05,5007.64,5010.85,2422
16-02-2026 14:45,5010.85,5015.85,5010.67,5013.11,2231
16-02-2026 15:00,5013.12,5014.44,5009.75,5010.29,2039
16-02-2026 15:15,5010.3,5016.82,5008.18,5013.15,2516
16-02-2026 15:30,5013.12,5016.91,5006.35,5007.32,2361
16-02-2026 15:45,5007.3,5011.97,5004.48,5004.63,2334
16-02-2026 16:00,5004.52,5009.18,5000.19,5007.92,3046
16-02-2026 16:15,5007.91,5010.39,5005.13,5005.56,1843
16-02-2026 16:30,5005.55,5006.7,4998.76,5000.69,2395
16-02-2026 16:45,5000.69,5005.43,4999.45,5004.15,2332
16-02-2026 17:00,5004.16,5006.53,5002.58,5006.13,1655
16-02-2026 17:15,5006.12,5007.76,5001.71,5004.11,1986
16-02-2026 17:30,5004.11,5004.57,4997.28,4997.42,2306
16-02-2026 17:45,4997.42,4998.99,4992.87,4995.99,2581
16-02-2026 18:00,4995.97,5007.56,4994.5,5004.48,2994
16-02-2026 18:15,5004.47,5005.31,4999.14,5001.6,2086
16-02-2026 18:30,5002.16,5003.32,4997.59,4997.92,2031
16-02-2026 18:45,4997.92,5001.62,4992.86,4994.31,2371
16-02-2026 19:00,4994.32,4998.33,4992.22,4995.08,2609
16-02-2026 19:15,4995.3,4997.94,4989.21,4996.99,2889
16-02-2026 19:30,4996.99,4998.04,4993.96,4994.98,2487
16-02-2026 19:45,4994.98,4999.33,4989.74,4992,3010
16-02-2026 20:00,4992,4994.03,4983.64,4988.41,3745
16-02-2026 20:15,4988.35,4988.69,4981.37,4987.91,3566
16-02-2026 20:30,4987.72,4987.72,4968.76,4976.05,4208
16-02-2026 20:45,4976.04,4981.02,4975.1,4979.86,2780
16-02-2026 21:00,4979.85,4980.32,4974.45,4980.2,2994
16-02-2026 21:15,4980.22,4982.85,4976.37,4979.32,2732
16-02-2026 21:30,4979.3,4979.79,4972.56,4978.87,2896
16-02-2026 21:45,4978.87,4986.78,4974.85,4985.72,3175
16-02-2026 22:00,4985.72,4989.53,4985.47,4988.2,3158
16-02-2026 22:15,4988.2,4988.42,4984.61,4987.63,2175
16-02-2026 22:30,4987.62,4993.65,4987.58,4990.86,2249
16-02-2026 22:45,4990.92,4994.89,4990.4,4993.68,1591
16-02-2026 23:00,4993.74,4995.56,4989.8,4992.82,1879
16-02-2026 23:15,4992.83,4992.84,4989.75,4991.38,1636
16-02-2026 23:30,4991.63,4993.67,4988.31,4993.24,1955
16-02-2026 23:45,4993.24,4996.88,4992.06,4993.93,1746
17-02-2026 00:00,4993.87,4994.85,4991.05,4994.85,1940
17-02-2026 00:15,4994.84,4997.08,4993.56,4994.43,2111
17-02-2026 00:30,4994.4,4995.69,4990,4990.55,2204
17-02-2026 00:45,4990.56,4995.65,4989.82,4990.05,2009
17-02-2026 04:30,4991.26,4998.36,4985.07,4989.91,1848
17-02-2026 04:45,4989.89,5000.73,4984.65,4993.92,2693
17-02-2026 05:00,4993.91,4995.41,4986.43,4989.5,2079
17-02-2026 05:15,4989.5,4993.61,4988.73,4989.44,1895
17-02-2026 05:30,4989.42,4991.12,4975.13,4978.9,3251
17-02-2026 05:45,4978.86,4981.28,4970.98,4973.11,2679
17-02-2026 06:00,4973.15,4978.47,4964.8,4969.98,2747
17-02-2026 06:15,4969.99,4970.04,4931.39,4935.37,4134
17-02-2026 06:30,4935.43,4950.97,4922.57,4950.01,4936
17-02-2026 06:45,4950.04,4957.76,4943.85,4956.6,3677
17-02-2026 07:00,4956.57,4963.61,4954.65,4963.09,3039
17-02-2026 07:15,4963.1,4963.53,4955.58,4957.52,2993
17-02-2026 07:30,4956.17,4965.56,4954.35,4965.02,3050
17-02-2026 07:45,4964.98,4970.9,4963.12,4965.31,2398
17-02-2026 08:00,4965.3,4966.72,4959.12,4961.09,2107
17-02-2026 08:15,4961.08,4967.25,4960.05,4967.14,1860
17-02-2026 08:30,4967.15,4970.09,4958.67,4961.16,2685
17-02-2026 08:45,4961.16,4961.34,4953.19,4954.96,2445
17-02-2026 09:00,4955.1,4960.16,4949.83,4953.55,2748
17-02-2026 09:15,4953.55,4960.05,4952.94,4956.52,1781
17-02-2026 09:30,4956.49,4956.49,4946.14,4951.69,2279
17-02-2026 09:45,4951.7,4959.77,4949.97,4959.23,1863
17-02-2026 10:00,4959.26,4959.84,4950.02,4951.85,1921
17-02-2026 10:15,4951.86,4953.49,4949.01,4952.47,1504
17-02-2026 10:30,4952.47,4953.84,4926.61,4927.68,2856
17-02-2026 10:45,4927.68,4928.1,4887.49,4900.19,5980
17-02-2026 11:00,4900.25,4901.94,4856.71,4879.08,5131
17-02-2026 11:15,4879.09,4897.37,4873.39,4888.51,3875
17-02-2026 11:30,4888.51,4894.35,4887.38,4891.34,3198
17-02-2026 11:45,4891.32,4900.85,4886.41,4894.41,3202
17-02-2026 12:00,4894.41,4913.92,4891.14,4908.6,3149
17-02-2026 12:15,4908.59,4913.64,4899.58,4910.01,2497
17-02-2026 12:30,4910.01,4913.56,4903.75,4906.48,3194
17-02-2026 12:45,4906.47,4916.64,4905.48,4907.75,2536
17-02-2026 13:00,4907.55,4921.08,4903.77,4917.58,2938
17-02-2026 13:15,4916.97,4921.66,4914.83,4916.94,2809
17-02-2026 13:30,4916.86,4930.13,4915.83,4927.52,3433
17-02-2026 13:45,4927.52,4929.01,4919.1,4919.81,2909
17-02-2026 14:00,4919.81,4925.69,4916.29,4917.67,2930
17-02-2026 14:15,4917.68,4925.23,4917.6,4920.48,2878
17-02-2026 14:30,4920.33,4928.66,4919.4,4921.63,2918
17-02-2026 14:45,4921.61,4923.97,4917.89,4918.62,2640
17-02-2026 15:00,4918.62,4924.34,4916.41,4920.58,2489
17-02-2026 15:15,4920.58,4931.84,4912.93,4925.6,2984
17-02-2026 15:30,4925.58,4939.01,4923.36,4935.88,2772
17-02-2026 15:45,4936.17,4937.35,4927.73,4927.73,2249
17-02-2026 16:00,4927.72,4927.88,4919.32,4921.49,2784
17-02-2026 16:15,4921.12,4922.63,4907.15,4912.8,3059
17-02-2026 16:30,4912.84,4926.52,4912.76,4925.76,2807
17-02-2026 16:45,4925.76,4930.27,4924.38,4927.49,2497
17-02-2026 17:00,4927.49,4929.99,4922.12,4927.77,2259
17-02-2026 17:15,4928.16,4930.66,4921.35,4929.03,2449
17-02-2026 17:30,4928.76,4938.03,4928.12,4933.43,3255
17-02-2026 17:45,4933.85,4944.23,4933.84,4942.71,2901
17-02-2026 18:00,4942.64,4944.09,4933.35,4937.21,2832
17-02-2026 18:15,4937.48,4937.61,4928.84,4931.91,2609
17-02-2026 18:30,4931.96,4933.31,4917.89,4922.03,3813
17-02-2026 18:45,4921.78,4923.05,4910.65,4919.43,4070
17-02-2026 19:00,4919.44,4922.55,4907.34,4921.45,4357
17-02-2026 19:15,4921.44,4924.28,4869.14,4869.85,5183
17-02-2026 19:30,4869.83,4898.96,4839.73,4895.83,6069
17-02-2026 19:45,4895.74,4903.81,4888.46,4897.89,4349
17-02-2026 20:00,4896.04,4906.91,4866.8,4869.89,7071
17-02-2026 20:15,4869.81,4880.27,4855.17,4863.29,6636
17-02-2026 20:30,4862.27,4872.04,4848.18,4856.46,6534
17-02-2026 20:45,4856.38,4877.21,4853.16,4861.13,6103
17-02-2026 21:00,4861.08,4872.41,4852.32,4868.1,6000
17-02-2026 21:15,4868.05,4882.43,4861.69,4878.22,6138
17-02-2026 21:30,4878.22,4893.22,4876.52,4883.53,5518
17-02-2026 21:45,4883.55,4891.17,4880.66,4883.37,5511
17-02-2026 22:00,4883.33,4886.91,4873.57,4877.06,5076
17-02-2026 22:15,4877.06,4882.84,4868.03,4868.93,4930
17-02-2026 22:30,4868.15,4870.86,4849.44,4854.91,5314
17-02-2026 22:45,4854.9,4864.85,4854.53,4864.49,4510
17-02-2026 23:00,4864.58,4868.04,4858.94,4859.59,4166
17-02-2026 23:15,4859.53,4867.35,4853.56,4864.66,4797
17-02-2026 23:30,4864.72,4871.58,4862.17,4866.62,4194
17-02-2026 23:45,4866.62,4889.78,4866.58,4886.72,5195
18-02-2026 00:00,4886.72,4895.64,4879.48,4889.09,4692
18-02-2026 00:15,4889.09,4909.92,4884.8,4898.62,4881
18-02-2026 00:30,4898.58,4900.87,4892.63,4893.29,4204
18-02-2026 00:45,4893.29,4897.62,4881.5,4883.35,4063
18-02-2026 01:00,4883.29,4887.81,4876.22,4884.15,3570
18-02-2026 01:15,4884.15,4885.32,4879.76,4880.05,3499
18-02-2026 01:30,4880.05,4882.11,4873.82,4879.35,3472
18-02-2026 01:45,4879.37,4879.87,4872.9,4877.48,3288
18-02-2026 02:00,4877.37,4882.83,4873.57,4878.17,3788
18-02-2026 02:15,4878.17,4883.6,4876.28,4877.63,4636
18-02-2026 02:30,4877.24,4884.26,4874.87,4880.63,2303
18-02-2026 02:45,4880.63,4886.4,4877.46,4880.22,2050
18-02-2026 03:00,4880.22,4881.58,4878.24,4879.25,1056
18-02-2026 03:15,4879.29,4879.6,4876.09,4876.69,1332
18-02-2026 04:30,4872.48,4883.04,4859,4881.89,2029
18-02-2026 04:45,4881.48,4884.07,4867.31,4877.15,2641
18-02-2026 05:00,4877.23,4883.39,4865.79,4875.7,2431
18-02-2026 05:15,4875.68,4876.23,4853.33,4858.6,3040
18-02-2026 05:30,4858.6,4868.99,4857.75,4863.71,3370
18-02-2026 05:45,4863.71,4871.73,4858.36,4869.72,2944
18-02-2026 06:00,4869.73,4881.5,4867.6,4877.87,2828
18-02-2026 06:15,4877.9,4882.8,4871.73,4874.48,2762
18-02-2026 06:30,4874.41,4890.59,4874,4886.44,3598
18-02-2026 06:45,4886.42,4891.09,4881.13,4886.77,2492
18-02-2026 07:00,4886.78,4892.85,4883.6,4885.64,2170
18-02-2026 07:15,4885.64,4892.3,4882.84,4889.63,2145
18-02-2026 07:30,4889.63,4900.89,4886.24,4897.97,2551
18-02-2026 07:45,4897.97,4904.04,4894.72,4900.63,2119
18-02-2026 08:00,4900.75,4906.2,4900.42,4904.67,1820
18-02-2026 08:15,4904.69,4906.95,4902.66,4904.99,1321
18-02-2026 08:30,4905.56,4915.65,4903.94,4911.72,2297
18-02-2026 08:45,4911.66,4918.87,4911.66,4918.22,2037
18-02-2026 09:00,4918.27,4919.52,4915.63,4918.35,1771
18-02-2026 09:15,4918.34,4921.65,4917.15,4920.61,1798
18-02-2026 09:30,4920.61,4930.56,4917.95,4928.25,2411
18-02-2026 09:45,4928.25,4933.03,4924.34,4932.63,1579
18-02-2026 10:00,4932.63,4936.51,4930.98,4932.94,2179
18-02-2026 10:15,4932.94,4939.57,4931.99,4933.87,2034
18-02-2026 10:30,4933.93,4938.62,4929.6,4932.73,2118
18-02-2026 10:45,4932.73,4939.16,4931.21,4934.94,1816
18-02-2026 11:00,4934.94,4939.69,4934.1,4934.36,1591
18-02-2026 11:15,4934.21,4938.45,4932.73,4932.94,1518
18-02-2026 11:30,4932.96,4933.85,4925.53,4926.4,2329
18-02-2026 11:45,4926.41,4932.23,4924.73,4930.06,1992
18-02-2026 12:00,4930.06,4932.28,4926.44,4930.61,2019
18-02-2026 12:15,4930.6,4935.7,4930.18,4930.35,1630
18-02-2026 12:30,4930.21,4942.07,4929.54,4938.06,2266
18-02-2026 12:45,4938.06,4940.79,4932.06,4938.58,1944
18-02-2026 13:00,4938.6,4940.45,4933.47,4933.82,1854
18-02-2026 13:15,4933.69,4935.24,4928.68,4929.92,1861
18-02-2026 13:30,4929.91,4932.04,4926.36,4929.06,2305
18-02-2026 13:45,4929.06,4929.26,4922.13,4925.56,2124
18-02-2026 14:00,4925.76,4926.55,4919.52,4920.91,2306
18-02-2026 14:15,4920.93,4922.37,4916.47,4916.77,2588
18-02-2026 14:30,4916.79,4920.02,4912.63,4916.33,3361
18-02-2026 14:45,4916.31,4922.47,4912.73,4920.8,2704
18-02-2026 15:00,4921.11,4922.58,4915.6,4920.14,2219
18-02-2026 15:15,4920.14,4921.81,4915.86,4916.83,1957
18-02-2026 15:30,4916.83,4923.93,4916.55,4919.83,2728
18-02-2026 15:45,4919.84,4924.09,4917.53,4921.09,2899
18-02-2026 16:00,4920.67,4920.87,4909.47,4911.64,3249
18-02-2026 16:15,4911.62,4916.31,4909.77,4913.94,1861
18-02-2026 16:30,4913.94,4915.91,4912,4915.33,1840
18-02-2026 16:45,4915.38,4917.27,4914.1,4914.98,2057
18-02-2026 17:00,4915,4916.17,4910.63,4911.1,2100
18-02-2026 17:15,4911.09,4915.53,4905.8,4912.47,2459
18-02-2026 17:30,4912.47,4925.83,4911.52,4921.46,3471
18-02-2026 17:45,4921.53,4929.3,4921.18,4921.18,2951
18-02-2026 18:00,4921.18,4931.48,4917.5,4928.91,3032
18-02-2026 18:15,4928.94,4947.2,4928.03,4942.63,3001
18-02-2026 18:30,4942.8,4958.54,4942.59,4957.12,4189
18-02-2026 18:45,4957.14,4959.41,4952.26,4955.96,3266
18-02-2026 19:00,4956.05,4968.67,4951.82,4955.61,3978
18-02-2026 19:15,4955.62,4956.33,4948.55,4954.16,3351
18-02-2026 19:30,4954.16,4960.76,4952.07,4958.51,3668
18-02-2026 19:45,4958.51,4963.45,4955.33,4960.67,3190
18-02-2026 20:00,4960.64,4985.71,4955.5,4981.41,5557
18-02-2026 20:15,4981.45,4994.04,4979.93,4991.29,5059
18-02-2026 20:30,4991.29,5007.44,4991.05,5003.65,4920
18-02-2026 20:45,5003.77,5008.57,4999.98,5004.36,4009
18-02-2026 21:00,5004.2,5004.74,4996.9,4999.87,4222
18-02-2026 21:15,4999.88,5000.08,4994.55,4997.62,3966
18-02-2026 21:30,4997.72,5002.8,4996.5,4999.25,3960
18-02-2026 21:45,4999.24,4999.95,4991.07,4996.58,4057
18-02-2026 22:00,4996.54,5006.42,4994.14,5005.12,3973
18-02-2026 22:15,5005.14,5010.86,4999.4,5000.08,3886
18-02-2026 22:30,5000.31,5001.35,4996.04,4998.93,3528
18-02-2026 22:45,4999.1,5000.51,4997.33,4999.23,2886
18-02-2026 23:00,4999.22,4999.84,4993.3,4997.5,3261
18-02-2026 23:15,4997.5,5000.65,4996.99,4999.07,2782
18-02-2026 23:30,4999.01,5003.13,4997.56,4997.81,3136
18-02-2026 23:45,4997.81,4999.21,4986.27,4987.79,3701
19-02-2026 00:00,4988.03,4992.59,4980.11,4982.77,4154
19-02-2026 00:15,4982.85,4987.13,4981.91,4986.42,3713
19-02-2026 00:30,4986.42,4993.7,4983.52,4991.24,3976
19-02-2026 00:45,4991.22,4994.81,4972.22,4978.13,4128
19-02-2026 01:00,4978.13,4983.7,4972.35,4981.76,4279
19-02-2026 01:15,4981.75,4983.79,4978.13,4980.35,3837
19-02-2026 01:30,4980.16,4984.37,4975.32,4978.41,3709
19-02-2026 01:45,4978.42,4980.88,4976.5,4977.44,3419
19-02-2026 02:00,4977.06,4987.39,4976.55,4985.2,3212
19-02-2026 02:15,4985.23,4985.9,4979.24,4984.62,3928
19-02-2026 02:30,4984.62,4986.26,4980.39,4980.73,1361
19-02-2026 02:45,4980.72,4984.11,4980.29,4981.36,865
19-02-2026 03:00,4981.4,4982.06,4978.07,4979.48,1148
19-02-2026 03:15,4979.29,4980.04,4974.77,4976.79,1216
19-02-2026 04:30,4976.47,4980.29,4953.68,4976.55,2162
19-02-2026 04:45,4976.55,4984,4971.61,4981.67,2237
19-02-2026 05:00,4981.67,4988.57,4980.25,4981.43,2074
19-02-2026 05:15,4981.43,4982.72,4967.9,4975.73,1998
19-02-2026 05:30,4975.73,4975.94,4960.9,4967.65,3158
19-02-2026 05:45,4967.67,4971.75,4963.65,4967.07,2482
19-02-2026 06:00,4967.16,4972.83,4964.5,4964.93,2609
19-02-2026 06:15,4964.93,4965.71,4960.12,4961.01,2325
19-02-2026 06:30,4961.01,4968.47,4960.22,4965.4,2821
19-02-2026 06:45,4965.38,4966.76,4961,4963.71,1824
19-02-2026 07:00,4963.71,4970.13,4961.44,4970.02,2171
19-02-2026 07:15,4970.05,4975.24,4968.98,4972.73,2114
19-02-2026 07:30,4972.68,4977.06,4970.64,4973.84,2304
19-02-2026 07:45,4973.84,4974.49,4965.49,4972.05,2333
19-02-2026 08:00,4972.07,4972.96,4968.25,4971.07,1793
19-02-2026 08:15,4971.07,4972.82,4967.08,4967.5,1637
19-02-2026 08:30,4967.34,4970.47,4965.7,4969.01,1876
19-02-2026 08:45,4969.05,4971.29,4966.52,4969.09,1531
19-02-2026 09:00,4969.48,4978.62,4969.47,4976.72,2598
19-02-2026 09:15,4976.7,4983.62,4976.52,4981.33,2145
19-02-2026 09:30,4981.21,4984.76,4978.28,4981.3,1657
19-02-2026 09:45,4981.32,4982.88,4978.21,4979.45,1353
19-02-2026 10:00,4979.41,4985.13,4979.03,4980.23,1645
19-02-2026 10:15,4980.21,4984.99,4976.51,4983.91,1700
19-02-2026 10:30,4983.91,4993.27,4983.86,4990.11,1900
19-02-2026 10:45,4990.1,4990.11,4987.18,4988.9,1227
19-02-2026 11:00,4988.9,4996.23,4988.65,4995.9,1651
19-02-2026 11:15,4995.9,4998.43,4995.23,4996.7,1890
19-02-2026 11:30,4996.7,5000.15,4996.41,4998.88,1620
19-02-2026 11:45,4998.88,5002.14,4997.07,5001.16,1658
19-02-2026 12:00,5000.88,5011,5000.72,5008.97,2132
19-02-2026 12:15,5008.98,5020.36,5008.98,5018.15,2736
19-02-2026 12:30,5018.15,5021.67,5016.84,5017.78,2466
19-02-2026 12:45,5017.77,5019.88,5014.72,5017.7,1882
19-02-2026 13:00,5017.7,5020.11,5014.55,5015.24,1493
19-02-2026 13:15,5015.22,5016.89,5008.62,5010.09,2125
19-02-2026 13:30,5010.06,5011.96,5006.05,5011.51,2975
19-02-2026 13:45,5011.45,5014.78,5009.11,5014.64,2302
19-02-2026 14:00,5014.58,5020.02,5010.18,5019.73,2128
19-02-2026 14:15,5019.73,5021.91,5013.28,5016.89,2605
19-02-2026 14:30,5016.92,5019.88,5015.6,5019.12,2209
19-02-2026 14:45,5019.13,5020.23,4999.46,5000.55,2811
19-02-2026 15:00,5000.54,5005.24,4993.06,5002.94,3035
19-02-2026 15:15,5002.23,5004.78,4995.25,4995.26,2473
19-02-2026 15:30,4995.22,4995.87,4982.67,4988.97,3301
19-02-2026 15:45,4988.64,4991.15,4984.87,4986.35,2617
19-02-2026 16:00,4986.32,4994.84,4981.16,4988.51,2998
19-02-2026 16:15,4988.42,4993.19,4987.78,4993.09,1774
19-02-2026 16:30,4993.1,4996.07,4988.89,4992.49,2205
19-02-2026 16:45,4992.49,4994.14,4978.09,4984.45,2883
19-02-2026 17:00,4984.64,4986.85,4981.57,4982.35,1965
19-02-2026 17:15,4982.32,4985.99,4977.67,4984.19,2429
19-02-2026 17:30,4984.18,4990.27,4980.26,4988.11,2953
19-02-2026 17:45,4988.11,4991.96,4984.36,4991.84,2047
19-02-2026 18:00,4992.1,4992.64,4983.32,4986.09,2673
19-02-2026 18:15,4986.09,4987.29,4980.75,4984.68,1833
19-02-2026 18:30,4984.72,4985.92,4974.36,4983.53,3404
19-02-2026 18:45,4983.53,4987.23,4979.19,4982.59,3205
19-02-2026 19:00,4982.8,4996.67,4972.5,4993.05,4129
19-02-2026 19:15,4993.11,4998.05,4990.73,4996.74,3140
19-02-2026 19:30,4996.75,4996.75,4971.51,4971.95,4229
19-02-2026 19:45,4971.74,4981.8,4971.29,4977.75,3352
19-02-2026 20:00,4977.9,4994.91,4962.82,4992.19,5893
19-02-2026 20:15,4992.17,5010.38,4987.22,5005,5347
19-02-2026 20:30,5005.23,5009.38,4998.45,4999.04,5422
19-02-2026 20:45,4999.22,5016.14,4995.86,5015.83,5612
19-02-2026 21:00,5015.78,5022.25,5012,5014.87,4890
19-02-2026 21:15,5015.15,5015.57,5006.42,5013.43,4915
19-02-2026 21:30,5013.76,5013.97,5000.29,5005.02,4716
19-02-2026 21:45,5005.03,5006.18,4991.36,4998.07,4288
19-02-2026 22:00,4997.68,5008.49,4997.63,5006,3732
19-02-2026 22:15,5005.53,5006.73,4990.12,4994.72,4042
19-02-2026 22:30,4994.61,4999.21,4991.6,4996.23,3621
19-02-2026 22:45,4996.23,5001.31,4992.23,4993.5,3424
19-02-2026 23:00,4993.61,4995.98,4985.73,4993.03,3170
19-02-2026 23:15,4992.95,4994.12,4982.77,4984.5,3523
19-02-2026 23:30,4984.65,4988.47,4979.25,4987.99,3409
19-02-2026 23:45,4987.96,4989.2,4975.74,4977.77,3554
20-02-2026 00:00,4977.76,4982.87,4975.27,4975.69,3111
20-02-2026 00:15,4975.68,4984.11,4975.67,4981.44,2741
20-02-2026 00:30,4981.43,4989.44,4980.31,4986.79,2902
20-02-2026 00:45,4986.78,4990.18,4985.75,4989.05,2816
20-02-2026 01:00,4989.05,4989.62,4978.18,4984.57,3083
20-02-2026 01:15,4984.57,4988.49,4981.86,4987.5,2385
20-02-2026 01:30,4987.49,4991.72,4987.49,4990.56,2817
20-02-2026 01:45,4990.57,4996.67,4988.84,4995.25,3019
20-02-2026 02:00,4995.25,5000.03,4994.61,4998.79,2614
20-02-2026 02:15,4998.93,5002.97,4998.59,5001.59,2897
20-02-2026 02:30,5001.68,5004.02,4997.73,4999.7,1493
20-02-2026 02:45,4999.7,5001.09,4991.79,4993.8,1454
20-02-2026 03:00,4993.8,4998.78,4993.34,4998.61,1057
20-02-2026 03:15,4998.2,4999.4,4992.63,4995.59,1204
20-02-2026 04:30,5002.21,5006.88,4992.4,4998.44,1757
20-02-2026 04:45,4998.4,5002.88,4992.98,4996.8,1885
20-02-2026 05:00,4996.85,5001.13,4994.52,4995.97,1469
20-02-2026 05:15,4995.97,5000.43,4984.92,4987.14,2029
20-02-2026 05:30,4987.14,4995.99,4984.8,4993.25,2216
20-02-2026 05:45,4993.26,4995.89,4987.82,4990.58,1853
20-02-2026 06:00,4990.63,4996.07,4986.76,4993.71,1789
20-02-2026 06:15,4993.71,5006.58,4993.58,5006.21,2449
20-02-2026 06:30,5006.21,5014.59,5005.59,5013.06,3187
20-02-2026 06:45,5013.06,5013.12,4995.45,4998.97,3190
20-02-2026 07:00,4998.98,5003.11,4994.74,4997.06,2143
20-02-2026 07:15,4997.07,4999.91,4994.86,4996.47,1945
20-02-2026 07:30,4996.37,5007.18,4992.04,4996.35,2654
20-02-2026 07:45,4996.32,4998.83,4992.18,4996.92,2188
20-02-2026 08:00,4996.96,5003,4996.96,4999.38,1979
20-02-2026 08:15,4999.34,4999.45,4992.68,4995.84,1904
20-02-2026 08:30,4995.79,4996.98,4989.3,4994,1984
20-02-2026 08:45,4994,4998.08,4991.78,4991.92,1325
20-02-2026 09:00,4991.93,4998.89,4981.35,4986.71,2214
20-02-2026 09:15,4986.72,4995.32,4985.52,4987.84,2326
20-02-2026 09:30,4988.16,4992.78,4986.36,4992.1,1497
20-02-2026 09:45,4992.1,4994.38,4990.08,4994.13,1024
20-02-2026 10:00,4994.19,5003.25,4993.29,4998.77,1801
20-02-2026 10:15,4998.72,5000.08,4996.22,4999.6,1628
20-02-2026 10:30,4999.71,5006,4999.59,5001.11,1937
20-02-2026 10:45,5001.09,5002.27,4998.65,5001.39,1397
20-02-2026 11:00,5001.32,5004.62,4997.89,4999.14,1894
20-02-2026 11:15,4999.12,5011.72,4998.03,5011.72,2332
20-02-2026 11:30,5011.9,5019.84,5011.63,5016.33,2736
20-02-2026 11:45,5016.32,5029.62,5016.24,5021.95,2457
20-02-2026 12:00,5021.94,5028.24,5020.35,5026.65,2583
20-02-2026 12:15,5026.64,5029.86,5019.75,5020.22,2215
20-02-2026 12:30,5020.18,5027.69,5015.18,5022.25,2868
20-02-2026 12:45,5022.25,5023.25,5009.33,5014.99,2600
20-02-2026 13:00,5014.99,5017.81,5012.36,5016.03,2265
20-02-2026 13:15,5016.03,5016.14,5005.88,5006.21,2212
20-02-2026 13:30,5006.2,5016.28,5004.89,5012.27,3197
20-02-2026 13:45,5012.1,5019.61,5011.26,5018.19,2386
20-02-2026 14:00,5018.22,5027.11,5017.49,5022.36,2779
20-02-2026 14:15,5022.46,5030.66,5022.39,5028.65,2669
20-02-2026 14:30,5028.66,5040.24,5027.88,5038.69,3472
20-02-2026 14:45,5038.68,5042.14,5033.06,5033.76,3250
20-02-2026 15:00,5033.77,5035.63,5029.56,5032.12,2656
20-02-2026 15:15,5032.17,5034.61,5027.39,5027.48,2224
20-02-2026 15:30,5027.48,5028.52,5019.57,5025.75,2694
20-02-2026 15:45,5025.76,5030.78,5023.13,5026.25,2576
20-02-2026 16:00,5026.25,5038.19,5026.25,5033.54,2570
20-02-2026 16:15,5033.55,5036.69,5025.48,5034.32,2711
20-02-2026 16:30,5034.35,5034.6,5030.78,5031.05,2058
20-02-2026 16:45,5031.15,5032.19,5025.72,5028.5,2233
20-02-2026 17:00,5028.52,5033.14,5022.5,5026.82,2573
20-02-2026 17:15,5026.82,5028.37,5015.31,5017.15,3307
20-02-2026 17:30,5017.29,5023.59,5013.56,5022.12,3026
20-02-2026 17:45,5022.26,5023.23,5011.48,5011.76,2713
20-02-2026 18:00,5011.77,5025.5,5006.71,5025.02,3521
20-02-2026 18:15,5024.94,5026.44,5021.52,5025.07,1957
20-02-2026 18:30,5025.05,5028.7,5023.51,5025.37,2606
20-02-2026 18:45,5025.37,5031.53,5024.96,5028.73,2434
20-02-2026 19:00,5028.72,5031.77,5017.92,5030.87,4151
20-02-2026 19:15,5030.89,5048.29,5030.81,5043.44,4187
20-02-2026 19:30,5043.33,5047.16,5037.07,5042.73,3927
20-02-2026 19:45,5042.78,5044.6,5038.55,5041.33,3198
20-02-2026 20:00,5038.21,5054.66,5037.44,5052.58,5536
20-02-2026 20:15,5052.73,5060.53,5047.98,5053.64,4760
20-02-2026 20:30,5053.05,5063.64,4988.2,5022.06,6966
20-02-2026 20:45,5022.05,5044.39,5010.76,5024.74,6638
20-02-2026 21:00,5024.81,5046.29,5016.66,5044.94,6526
20-02-2026 21:15,5045,5052.49,5036.34,5042.55,5778
20-02-2026 21:30,5042.41,5055.78,5038.62,5054.24,5281
20-02-2026 21:45,5054.46,5056.55,5045.59,5053.62,5778
20-02-2026 22:00,5053.65,5069.07,5052.59,5062.76,5035
20-02-2026 22:15,5062.77,5067.04,5060.02,5066.27,4227
20-02-2026 22:30,5066.39,5073.13,5064.03,5066.36,4369
20-02-2026 22:45,5066.36,5067.88,5054.28,5063.87,5149
20-02-2026 23:00,5064.04,5069.75,5061.43,5068.09,4133
20-02-2026 23:15,5068.09,5076.06,5067.18,5071.79,4160
20-02-2026 23:30,5071.71,5072.48,5065.48,5069.32,4111
20-02-2026 23:45,5069.4,5070.33,5053.91,5057.86,4457
21-02-2026 00:00,5057.93,5074.77,5057.23,5066.53,4917
21-02-2026 00:15,5066.45,5073.77,5066.43,5070.32,3442
21-02-2026 00:30,5070.54,5074.07,5067.95,5070.63,2818
21-02-2026 00:45,5070.7,5075.23,5067.79,5069.31,2396
21-02-2026 01:00,5069.35,5073.44,5069.35,5073.3,2238
21-02-2026 01:15,5073.3,5079.51,5071.82,5079.07,2725
21-02-2026 01:30,5079.05,5080.9,5076.32,5079.18,3275
21-02-2026 01:45,5079.17,5085.98,5077.99,5084.49,2973
21-02-2026 02:00,5084.5,5087,5082.09,5083.83,2961
21-02-2026 02:15,5083.71,5097.04,5082.47,5095.7,4220
21-02-2026 02:30,5095.84,5098.16,5090.72,5092.24,1942
21-02-2026 02:45,5092.24,5098.08,5090.62,5097.04,1859
21-02-2026 03:00,5097.04,5099.54,5096.51,5098.6,1441
21-02-2026 03:15,5098.4,5106.92,5097.68,5106.21,2190
23-02-2026 04:30,5107.79,5145.65,5106.08,5145.35,4191
23-02-2026 04:45,5145.43,5151.07,5139.46,5145.55,3726
23-02-2026 05:00,5145.33,5158.23,5143.67,5157.98,3464
23-02-2026 05:15,5157.96,5171.01,5153.1,5164.71,3631
23-02-2026 05:30,5164.71,5166.01,5132.04,5138.2,5094
23-02-2026 05:45,5138.8,5153.18,5129,5153.07,4337
23-02-2026 06:00,5153.38,5160.55,5138.94,5140.31,4157
23-02-2026 06:15,5140.31,5146.21,5134.51,5144.2,3739
23-02-2026 06:30,5144.19,5157.73,5139.85,5147.25,4418
23-02-2026 06:45,5147.24,5159.17,5145.93,5158.79,3600
23-02-2026 07:00,5158.79,5166.16,5154.93,5165.79,3570
23-02-2026 07:15,5165.78,5167.3,5155.96,5157.25,3950
23-02-2026 07:30,5156.93,5166.57,5156.5,5160.14,3736
23-02-2026 07:45,5160.15,5166.89,5157.24,5160.9,3236
23-02-2026 08:00,5160.88,5176.17,5160.73,5174.08,3322
23-02-2026 08:15,5174.07,5176.24,5163.61,5173.24,3135
23-02-2026 08:30,5173.27,5175.61,5151.59,5157.96,3544
23-02-2026 08:45,5157.95,5164.18,5153.23,5163.82,2957
23-02-2026 09:00,5163.83,5170.36,5163.83,5168.38,2591
23-02-2026 09:15,5168.38,5170.88,5166.19,5166.45,2294
23-02-2026 09:30,5166.44,5168.28,5155.1,5161.96,3160
23-02-2026 09:45,5161.99,5164.28,5158.79,5159.8,2058
23-02-2026 10:00,5159.82,5163.34,5155.65,5159.15,2403
23-02-2026 10:15,5159.18,5161.43,5157.61,5160.5,1915
23-02-2026 10:30,5160.49,5161.56,5152.09,5157.94,3041
23-02-2026 10:45,5157.95,5158.98,5152.65,5157.4,2124
23-02-2026 11:00,5157.4,5157.55,5153.11,5156.53,1875
23-02-2026 11:15,5156.53,5159.35,5155.49,5157.87,1865
23-02-2026 11:30,5157.87,5160.7,5156.94,5159.03,2196
23-02-2026 11:45,5159.04,5161.25,5151.99,5152.22,1879
23-02-2026 12:00,5152.53,5156.41,5146.87,5148.18,2847
23-02-2026 12:15,5148.18,5153.04,5144.86,5145.58,2733
23-02-2026 12:30,5145.58,5154.18,5137.83,5146.73,3604
23-02-2026 12:45,5146.77,5149.15,5125.29,5136.29,3373
23-02-2026 13:00,5136.29,5137.12,5124.97,5136.53,3459
23-02-2026 13:15,5136.53,5139.08,5134.62,5136.44,2757
23-02-2026 13:30,5136.29,5139.38,5130.72,5138.03,3321
23-02-2026 13:45,5138.03,5139.42,5122.25,5124.96,3314
23-02-2026 14:00,5124.94,5132.19,5122.1,5127.92,3691
23-02-2026 14:15,5127.93,5141.81,5127.53,5140.03,2944
23-02-2026 14:30,5139.8,5146.67,5138.93,5145.63,3243
23-02-2026 14:45,5145.62,5149.25,5144.41,5148.96,2621
23-02-2026 15:00,5148.93,5150.17,5142.92,5146.39,2437
23-02-2026 15:15,5146.37,5149.57,5143.95,5149.34,2243
23-02-2026 15:30,5149.42,5152.89,5146.32,5149.32,2648
23-02-2026 15:45,5149.4,5156.42,5149.07,5155.85,2910
23-02-2026 16:00,5155.62,5157.33,5144.94,5151.84,2984
23-02-2026 16:15,5151.84,5163.45,5151.56,5162.7,2617
23-02-2026 16:30,5162.84,5163.34,5152.83,5153.17,2709
23-02-2026 16:45,5153.19,5154.45,5146.46,5150.42,3017
23-02-2026 17:00,5150.53,5153.55,5147.67,5150.89,2295
23-02-2026 17:15,5151.07,5154.42,5149.36,5149.47,2196
23-02-2026 17:30,5149.42,5154.46,5146.81,5149.46,2872
23-02-2026 17:45,5149.46,5152.14,5145.48,5149.93,2482
23-02-2026 18:00,5150.14,5164.3,5149.55,5164.2,3201
23-02-2026 18:15,5164.21,5165.3,5159.52,5163.95,2857
23-02-2026 18:30,5163.96,5165.01,5153.01,5154.79,4005
23-02-2026 18:45,5154.79,5156.38,5143.47,5149.52,3616
23-02-2026 19:00,5149.72,5153.88,5147.15,5152.62,3024
23-02-2026 19:15,5152.51,5153.17,5145.35,5146.14,3184
23-02-2026 19:30,5146.02,5157.08,5141.42,5156.94,3557
23-02-2026 19:45,5156.96,5165.36,5155.97,5165.32,3743
23-02-2026 20:00,5165.27,5190.31,5164.83,5190.31,5999
23-02-2026 20:15,5190.42,5200.45,5187.26,5192.21,5997
23-02-2026 20:30,5191.79,5199.23,5180.43,5199.14,5398
23-02-2026 20:45,5199.29,5203.33,5191.29,5197.37,5627
23-02-2026 21:00,5197.37,5202.58,5185.99,5201.01,5057
23-02-2026 21:15,5201.13,5204.68,5190.22,5195.62,5206
23-02-2026 21:30,5195.69,5204.16,5175.14,5202.12,5756
23-02-2026 21:45,5202.23,5218.48,5201.07,5214.46,5442
23-02-2026 22:00,5214.81,5215.4,5206.56,5209.51,4756
23-02-2026 22:15,5209.54,5217.67,5206.39,5209.98,4418
23-02-2026 22:30,5210.44,5213.46,5199.78,5203.64,4813
23-02-2026 22:45,5203.64,5212.35,5202.59,5210.14,3956
23-02-2026 23:00,5210.14,5211.02,5190.6,5199.56,4378
23-02-2026 23:15,5199.56,5207.93,5196.2,5207.81,3801
23-02-2026 23:30,5207.81,5215.66,5206.99,5212.36,3523
23-02-2026 23:45,5212.53,5213.3,5201.02,5206.05,4429
24-02-2026 00:00,5206.15,5213.34,5205.46,5206.67,3337
24-02-2026 00:15,5206.68,5211.99,5205.82,5209.45,3587
24-02-2026 00:30,5209.57,5212.01,5206.53,5211.25,2923
24-02-2026 00:45,5211.23,5214.89,5206.89,5209.1,3091
24-02-2026 01:00,5209.11,5217.17,5207.99,5216.9,3382
24-02-2026 01:15,5216.9,5218.37,5214.25,5215.55,3446
24-02-2026 01:30,5215.57,5224.22,5214.84,5223.11,3820
24-02-2026 01:45,5223.06,5226.09,5221.82,5225.06,2901
24-02-2026 02:00,5224.66,5229.94,5224.52,5227.59,3084
24-02-2026 02:15,5227.55,5237.78,5224.68,5236.19,4131
24-02-2026 02:30,5235.81,5237.28,5229.74,5230.99,2148
24-02-2026 02:45,5231.11,5232.15,5228.85,5229.69,1749
24-02-2026 03:00,5228.85,5232.61,5226.27,5228.53,1501
24-02-2026 03:15,5228.3,5231.1,5226.7,5227.12,1508
24-02-2026 04:30,5231,5249.59,5229.6,5243.92,2835
24-02-2026 04:45,5243.92,5249.35,5234.21,5236.07,2965
24-02-2026 05:00,5236.16,5246.53,5236.16,5242.11,1968
24-02-2026 05:15,5242.11,5242.61,5234.82,5235.48,2215
24-02-2026 05:30,5235.48,5235.48,5217.35,5229.71,4322
24-02-2026 05:45,5229.7,5237.9,5224.49,5226.6,3196
24-02-2026 06:00,5227.26,5232.57,5224.37,5229.99,3299
24-02-2026 06:15,5229.97,5231.98,5220.77,5223.58,3432
24-02-2026 06:30,5223.57,5223.72,5183.33,5185.03,7085
24-02-2026 06:45,5185.11,5188.57,5144.72,5164.43,6499
24-02-2026 07:00,5164.48,5175.54,5160.27,5173.24,5387
24-02-2026 07:15,5173.29,5178.59,5163.12,5176.63,4513
24-02-2026 07:30,5176.89,5181.19,5166.25,5172.31,4531
24-02-2026 07:45,5172.31,5174.58,5165.3,5172.99,3275
24-02-2026 08:00,5172.96,5188.25,5172.16,5183.41,4299
24-02-2026 08:15,5183.42,5190.68,5183.35,5189.73,3333
24-02-2026 08:30,5189.55,5191.8,5185.33,5188.96,3250
24-02-2026 08:45,5188.95,5189.8,5181.78,5182.46,3008
24-02-2026 09:00,5183.02,5188.47,5176.24,5179.48,2587
24-02-2026 09:15,5179.48,5179.91,5170.97,5171.76,3023
24-02-2026 09:30,5171.69,5171.79,5160.83,5168.22,3336
24-02-2026 09:45,5168.3,5174.91,5168.3,5171.91,2356
24-02-2026 10:00,5171.89,5173.08,5164.57,5164.6,2604
24-02-2026 10:15,5164.6,5170.67,5163.16,5167.95,2073
24-02-2026 10:30,5167.4,5174.11,5163.95,5171.78,2403
24-02-2026 10:45,5171.77,5175.08,5166.56,5167.19,2295
24-02-2026 11:00,5167.18,5174.52,5164.49,5172.62,3887
24-02-2026 11:15,5172.7,5185.52,5172.01,5182.38,3716
24-02-2026 11:30,5182.42,5184.59,5176.98,5182.58,3411
24-02-2026 11:45,5182.57,5183.49,5166.89,5169.1,3040
24-02-2026 12:00,5168.94,5173.23,5156.19,5168.81,4108
24-02-2026 12:15,5168.81,5175.28,5167.93,5173.37,2991
24-02-2026 12:30,5173.37,5173.55,5163.74,5171.27,3561
24-02-2026 12:45,5171.28,5183.33,5169.48,5183.22,3704
24-02-2026 13:00,5183.16,5183.85,5174.55,5179.7,3234
24-02-2026 13:15,5179.7,5183,5175.16,5179.22,2560
24-02-2026 13:30,5178.16,5179.4,5169.54,5171.02,3722
24-02-2026 13:45,5170.95,5174.85,5165,5170.29,3731
24-02-2026 14:00,5169.55,5181.77,5169.55,5174.65,3368
24-02-2026 14:15,5174.63,5176.67,5169.01,5173.37,3107
24-02-2026 14:30,5173.02,5180.03,5171.35,5172.43,3290
24-02-2026 14:45,5172.4,5175,5167.93,5168.5,2960
24-02-2026 15:00,5168.61,5173.47,5166.36,5169.78,2844
24-02-2026 15:15,5169.44,5172.92,5167.21,5171.34,2223
24-02-2026 15:30,5171.32,5175.87,5170.77,5174.61,2591
24-02-2026 15:45,5174.45,5181.28,5172.2,5175.91,2503
24-02-2026 16:00,5175.91,5176.63,5163.02,5170.16,3579
24-02-2026 16:15,5170.19,5174.48,5168.91,5172.72,2322
24-02-2026 16:30,5172.73,5177.16,5172,5176.18,2368
24-02-2026 16:45,5176.28,5176.63,5170.87,5174.64,2317
24-02-2026 17:00,5174.64,5177.92,5172.81,5177.92,2254
24-02-2026 17:15,5177.91,5178.44,5171.94,5172.6,2430
24-02-2026 17:30,5172.54,5173.37,5165.12,5167.56,3139
24-02-2026 17:45,5167.56,5168.36,5146.79,5161.03,4197
24-02-2026 18:00,5161.02,5164.13,5153.53,5157.7,3851
24-02-2026 18:15,5157.48,5158.73,5144.19,5150.72,4094
24-02-2026 18:30,5151.02,5160.91,5150.98,5158.97,5003
24-02-2026 18:45,5158.97,5159.13,5151.98,5156.24,3972
24-02-2026 19:00,5156.27,5158.59,5132.82,5145.84,4904
24-02-2026 19:15,5145.81,5146.09,5110.9,5114.69,5937
24-02-2026 19:30,5114.9,5126.94,5092.73,5103.9,6222
24-02-2026 19:45,5103.91,5118.33,5099.59,5113.89,5459
24-02-2026 20:00,5114.08,5138.84,5108.54,5136.72,7080
24-02-2026 20:15,5136.81,5139.06,5126.44,5128.34,6286
24-02-2026 20:30,5128.45,5137.72,5117.96,5136.9,6075
24-02-2026 20:45,5136.91,5146.2,5134.8,5138.27,5850
24-02-2026 21:00,5137.66,5150.03,5134.11,5149.76,5378
24-02-2026 21:15,5149.79,5155.54,5145.13,5150.17,4797
24-02-2026 21:30,5150.17,5152.25,5141.06,5147.35,4602
24-02-2026 21:45,5147.05,5150.69,5141.25,5143.5,4474
24-02-2026 22:00,5143.57,5150.76,5135.01,5145.41,4747
24-02-2026 22:15,5145.41,5145.67,5130.45,5141.54,4594
24-02-2026 22:30,5141.46,5157.97,5141.46,5155.99,3852
24-02-2026 22:45,5156.12,5163.41,5155.07,5158.55,3668
24-02-2026 23:00,5158.64,5161.14,5156.38,5160.45,3179
24-02-2026 23:15,5160.5,5163.67,5157.48,5163.59,2822
24-02-2026 23:30,5163.61,5169.98,5163.61,5164.19,3420
24-02-2026 23:45,5164.38,5165.41,5155.45,5158.09,3986
25-02-2026 00:00,5158.22,5161.19,5153.25,5158.75,3049
25-02-2026 00:15,5158.74,5162.85,5155.67,5160,3120
25-02-2026 00:30,5160,5160.38,5149.49,5156.12,3687
25-02-2026 00:45,5156.12,5157.39,5146.28,5151.37,3647
25-02-2026 01:00,5151.38,5156.67,5148.77,5152.17,3111
25-02-2026 01:15,5152.16,5155.31,5151.34,5153.83,2714
25-02-2026 01:30,5153.83,5155.85,5146.39,5149.2,3272
25-02-2026 01:45,5149.03,5170.09,5148.12,5168.27,3489
25-02-2026 02:00,5168.27,5173.06,5165.42,5171.96,3352
25-02-2026 02:15,5171.82,5172.12,5158.05,5163.86,4214
25-02-2026 02:30,5164.01,5165.53,5156.26,5161.04,2081
25-02-2026 02:45,5161.04,5162.25,5153.76,5155.28,1442
25-02-2026 03:00,5155.28,5155.88,5145.85,5150.24,1984
25-02-2026 03:15,5150.23,5150.25,5140,5143.37,1749
25-02-2026 04:30,5140.32,5140.32,5118.14,5135.28,2551
25-02-2026 04:45,5135.99,5137.4,5128.13,5130.44,1866
25-02-2026 05:00,5130.44,5149.36,5129.3,5147.02,2632
25-02-2026 05:15,5147.02,5151.86,5145.47,5146.37,2127
25-02-2026 05:30,5146.37,5149.36,5136.61,5140.29,2600
25-02-2026 05:45,5140.32,5145.7,5137.32,5139.84,2340
25-02-2026 06:00,5139.91,5154.84,5139.91,5147.11,3433
25-02-2026 06:15,5147.13,5156.08,5141.67,5151.98,2946
25-02-2026 06:30,5151.98,5176.51,5144.15,5174.13,5393
25-02-2026 06:45,5174.12,5188.32,5173.75,5185.07,5001
25-02-2026 07:00,5184.88,5190.02,5178.16,5180.25,3834
25-02-2026 07:15,5180.17,5185.97,5174.3,5176.3,3473
25-02-2026 07:30,5176.3,5188.92,5176,5188.27,3774
25-02-2026 07:45,5188.26,5193.5,5184.32,5189.25,3378
25-02-2026 08:00,5189.26,5190.03,5182.14,5185.51,4227
25-02-2026 08:15,5185.53,5186.29,5165.92,5180.14,4049
25-02-2026 08:30,5180.14,5189.55,5180.14,5185.64,4288
25-02-2026 08:45,5185.64,5186.87,5178.84,5185.81,3712
25-02-2026 09:00,5185.87,5188.01,5178.86,5183.63,3391
25-02-2026 09:15,5183.62,5187.29,5178.1,5181.95,2584
25-02-2026 09:30,5181.92,5183.42,5172.55,5180.75,2659
25-02-2026 09:45,5180.74,5185.25,5180.4,5182.73,2295
25-02-2026 10:00,5182.74,5184.04,5179.87,5184.04,1591
25-02-2026 10:15,5184.06,5184.84,5179.81,5182.57,1469
25-02-2026 10:30,5182.57,5191.47,5182.57,5188.27,2315
25-02-2026 10:45,5188.27,5195.89,5187.58,5195.3,2586
25-02-2026 11:00,5195.29,5204.04,5192.33,5202.89,3843
25-02-2026 11:15,5202.96,5210.4,5201.2,5201.67,4108
25-02-2026 11:30,5201.67,5201.72,5181.99,5191.68,4381
25-02-2026 11:45,5191.8,5195.3,5188.69,5189.51,3789
25-02-2026 12:00,5189.44,5194.39,5188.26,5191.46,2925
25-02-2026 12:15,5191.36,5194.56,5189.15,5194.56,2871
25-02-2026 12:30,5194.51,5195.27,5187.51,5188.61,2631
25-02-2026 12:45,5188.61,5190.28,5182.42,5189.29,2442
25-02-2026 13:00,5189.29,5190.2,5185.65,5186.09,1621
25-02-2026 13:15,5185.99,5189.19,5180.35,5184.51,2337
25-02-2026 13:30,5184.51,5190.15,5184.51,5187.17,2613
25-02-2026 13:45,5187.19,5193.99,5186.72,5193.29,2878
25-02-2026 14:00,5193.29,5197.08,5191.18,5192.11,2773
25-02-2026 14:15,5192.11,5192.2,5183.92,5185.23,2949
25-02-2026 14:30,5185.34,5187.78,5175.65,5183.62,3740
25-02-2026 14:45,5183.62,5188.31,5181.7,5186.55,2878
25-02-2026 15:00,5186.55,5193.48,5185.74,5190.78,2901
25-02-2026 15:15,5190.77,5194.36,5187.8,5193.03,2544
25-02-2026 15:30,5193.04,5195.02,5182.89,5184.57,2637
25-02-2026 15:45,5184.56,5184.7,5172.3,5174.9,3522
25-02-2026 16:00,5174.72,5180.84,5169.87,5176.85,3056
25-02-2026 16:15,5176.83,5177.22,5172.32,5174.97,1986
25-02-2026 16:30,5174.97,5175.89,5162.79,5163.64,3190
25-02-2026 16:45,5163.58,5169.26,5154.62,5168.63,3663
25-02-2026 17:00,5168.64,5173.77,5166.61,5173.04,2793
25-02-2026 17:15,5173.05,5182.48,5172.18,5181.4,2890
25-02-2026 17:30,5181.27,5182.89,5178.14,5181.83,2782
25-02-2026 17:45,5181.83,5187.23,5181.64,5183.45,2620
25-02-2026 18:00,5183.45,5186.29,5177.27,5184.55,2973
25-02-2026 18:15,5184.56,5185.29,5178.76,5182.69,2690
25-02-2026 18:30,5182.65,5189.97,5181.04,5187.09,4176
25-02-2026 18:45,5187.09,5191.24,5185.85,5187.91,3597
25-02-2026 19:00,5187.91,5191.26,5182.12,5186.83,3556
25-02-2026 19:15,5186.83,5190.76,5183.95,5184.95,3770
25-02-2026 19:30,5184.66,5191.02,5183.56,5185.3,3566
25-02-2026 19:45,5185.26,5185.74,5174.89,5177.71,3924
25-02-2026 20:00,5177.64,5180.83,5158.41,5175,6703
25-02-2026 20:15,5174.98,5192.72,5174.81,5190.73,5302
25-02-2026 20:30,5190.76,5202.2,5190.14,5192.89,5588
25-02-2026 20:45,5193.04,5195.48,5173.84,5180.19,5508
25-02-2026 21:00,5179.81,5192.76,5172.39,5190.61,5013
25-02-2026 21:15,5190.46,5198.21,5186.33,5194.7,4472
25-02-2026 21:30,5194.7,5198.56,5189.28,5192.49,4262
25-02-2026 21:45,5192.66,5206.02,5191.56,5202.54,3941
25-02-2026 22:00,5202.52,5207.23,5198.85,5207.12,3736
25-02-2026 22:15,5207.13,5213.44,5206.36,5211.98,3962
25-02-2026 22:30,5211.93,5217.22,5207.31,5214.56,3858
25-02-2026 22:45,5214.52,5215.75,5211.24,5212.88,3385
25-02-2026 23:00,5213.42,5214.25,5208.01,5208.3,3182
25-02-2026 23:15,5208.72,5210.26,5203.43,5206.62,3572
25-02-2026 23:30,5206.6,5207.53,5206.6,5207.05,1601
25-02-2026 23:45,5207.03,5207.57,5206.62,5206.98,1702
26-02-2026 00:00,5207,5207.37,5204.86,5205.04,1526
26-02-2026 00:15,5205.05,5205.2,5200.31,5201.23,2112
26-02-2026 00:30,5201.25,5207.34,5191.01,5206.73,2917
26-02-2026 00:45,5206.7,5206.76,5193.53,5201.48,3266
26-02-2026 01:00,5201.78,5206.55,5199.47,5204.25,3482
26-02-2026 01:15,5204.25,5208.25,5200.16,5204.75,4059
26-02-2026 01:30,5204.68,5205.88,5195.25,5195.27,3410
26-02-2026 01:45,5195.27,5196.33,5182.69,5185.53,4496
26-02-2026 02:00,5186.03,5190.02,5175.8,5180.89,4248
26-02-2026 02:15,5180.93,5180.99,5145.51,5151.41,5330
26-02-2026 02:30,5151.85,5164.92,5149.61,5161.32,3875
26-02-2026 02:45,5161.33,5172.93,5160.3,5168.73,2708
26-02-2026 03:00,5168.99,5173.29,5166.24,5169.69,2717
26-02-2026 03:15,5169.41,5171.07,5162.52,5164.33,2392
26-02-2026 04:30,5164.44,5180.85,5164.03,5168.23,2326
26-02-2026 04:45,5168.23,5179.28,5163.22,5169.85,2753
26-02-2026 05:00,5169.85,5173.85,5163.3,5172.2,2611
26-02-2026 05:15,5172.08,5178.74,5160.88,5162.52,3699
26-02-2026 05:30,5162.59,5168.86,5155.06,5167.07,4040
26-02-2026 05:45,5167.08,5185.94,5166.96,5184.98,3717
26-02-2026 06:00,5185.14,5189.04,5181.07,5188.18,3664
26-02-2026 06:15,5188.21,5192,5184.84,5188.15,3262
26-02-2026 06:30,5188.15,5198.16,5182.45,5187.38,5411
26-02-2026 06:45,5187.42,5194.84,5178.74,5180.32,4221
26-02-2026 07:00,5180.31,5192.22,5178.4,5189.2,4739
26-02-2026 07:15,5189.21,5193.63,5184.75,5191.27,4414
26-02-2026 07:30,5191.02,5195.33,5182.04,5182.79,3970
26-02-2026 07:45,5182.76,5189.58,5180.43,5180.54,3000
26-02-2026 08:00,5180.54,5183.91,5173.91,5175.96,4962
26-02-2026 08:15,5175.85,5186.16,5175.85,5184.06,4032
26-02-2026 08:30,5184.1,5187.72,5182.73,5186.9,3347
26-02-2026 08:45,5186.89,5193.17,5185.23,5188.05,3836
26-02-2026 09:00,5188.04,5189.7,5185.82,5186.1,2054
26-02-2026 09:15,5186.1,5192.62,5183.98,5192.39,2331
26-02-2026 09:30,5192.2,5198.84,5191.87,5196.66,2277
26-02-2026 09:45,5196.66,5196.91,5191.12,5193.95,2357
26-02-2026 10:00,5193.83,5195.59,5192.53,5194.07,1817
26-02-2026 10:15,5194.07,5194.6,5190.53,5192.42,1881
26-02-2026 10:30,5192.69,5199.52,5189.66,5197.83,2324
26-02-2026 10:45,5197.83,5205.41,5196.28,5200.25,2773
26-02-2026 11:00,5200.22,5203.15,5195.91,5199.53,3309
26-02-2026 11:15,5199.57,5200.13,5191.36,5198.18,3286
26-02-2026 11:30,5198.18,5199.44,5193.46,5197.87,3070
26-02-2026 11:45,5197.87,5198.4,5192.9,5193.83,2923
26-02-2026 12:00,5193.83,5198.33,5193.76,5196.52,2657
26-02-2026 12:15,5196.52,5197.08,5190.38,5193.13,3025
26-02-2026 12:30,5193.14,5194.72,5182.27,5187.42,3119
26-02-2026 12:45,5187.42,5190.57,5182.17,5185.08,3003
26-02-2026 13:00,5185.15,5189.62,5184.5,5186.33,2711
26-02-2026 13:15,5186.2,5188.11,5179.44,5185.85,3204
26-02-2026 13:30,5185.84,5190.89,5179.27,5189.31,4227
26-02-2026 13:45,5189.31,5190.82,5175.34,5177.13,3764
26-02-2026 14:00,5176.9,5180.49,5170.92,5174.1,4260
26-02-2026 14:15,5174.08,5182.07,5167.79,5179.23,3842
26-02-2026 14:30,5179.19,5182.38,5173.89,5181.55,3528
26-02-2026 14:45,5181.59,5182.2,5174.64,5180.97,3232
26-02-2026 15:00,5180.97,5183.61,5179.24,5181.44,2449
26-02-2026 15:15,5181.46,5189.44,5181.42,5186.25,2657
26-02-2026 15:30,5186.23,5189.96,5185.5,5187.7,1808
26-02-2026 15:45,5187.93,5188.63,5178.69,5179.16,2729
26-02-2026 16:00,5179.04,5179.27,5171.63,5171.97,3429
26-02-2026 16:15,5172.01,5175.17,5165.97,5171.41,3251
26-02-2026 16:30,5171.41,5178.22,5169.18,5175.75,3009
26-02-2026 16:45,5175.7,5175.93,5170.9,5171.83,2749
26-02-2026 17:00,5171.81,5175.32,5171.62,5174.49,2164
26-02-2026 17:15,5174.34,5174.34,5161.3,5164.39,3184
26-02-2026 17:30,5164.48,5169.58,5157.51,5168.17,3963
26-02-2026 17:45,5167.68,5180.01,5165.7,5178.2,3455
26-02-2026 18:00,5178.27,5187.45,5177.56,5187.22,3333
26-02-2026 18:15,5187.32,5187.54,5179.29,5183.59,2925
26-02-2026 18:30,5183.58,5185.34,5168.04,5173.45,4975
26-02-2026 18:45,5173.19,5178.25,5170.81,5174.05,4178
26-02-2026 19:00,5174.05,5176.74,5164.1,5164.98,4770
26-02-2026 19:15,5165,5171.25,5164.05,5165.84,3923
26-02-2026 19:30,5165.81,5169.91,5159.96,5165.98,4496
26-02-2026 19:45,5165.91,5172.41,5163.47,5170.29,3865
26-02-2026 20:00,5170.23,5174.36,5139.4,5171.84,7310
26-02-2026 20:15,5172.4,5175.9,5163.3,5164.54,6708
26-02-2026 20:30,5164.47,5172.04,5158.77,5162.16,6451
26-02-2026 20:45,5162.2,5163.03,5129.9,5141.01,7201
26-02-2026 21:00,5140.99,5175.91,5140.01,5175.18,6765
26-02-2026 21:15,5175.27,5192.36,5174.74,5185.16,6283
26-02-2026 21:30,5185.43,5186.73,5172.71,5176.47,5540
26-02-2026 21:45,5176.54,5184.21,5173.37,5180.05,5300
26-02-2026 22:00,5179.87,5186.18,5177.65,5183,4431
26-02-2026 22:15,5182.98,5185.33,5175.12,5179.34,4733
26-02-2026 22:30,5179.36,5189.99,5178.02,5179.43,4038
26-02-2026 22:45,5179.61,5181.62,5173.29,5174.03,3969
26-02-2026 23:00,5174.17,5177.61,5171.56,5174.55,4006
26-02-2026 23:15,5174.37,5175.17,5161.6,5166.75,4681
26-02-2026 23:30,5166.75,5173.07,5162.98,5172.81,4359
26-02-2026 23:45,5172.81,5178.12,5171.27,5176.86,4144
27-02-2026 00:00,5176.94,5181.79,5160.16,5180.59,4649
27-02-2026 00:15,5180.62,5185.45,5178.34,5180.04,3396
27-02-2026 00:30,5180.09,5188.04,5179.04,5186.24,3395
27-02-2026 00:45,5186.26,5188.94,5184.33,5185.36,3021
27-02-2026 01:00,5185.39,5190.56,5183.08,5185.97,3195
27-02-2026 01:15,5185.97,5193.83,5185.97,5186.68,3450
27-02-2026 01:30,5186.69,5197.81,5186.35,5196.65,3371
27-02-2026 01:45,5196.64,5197.69,5191.84,5193.5,3569
27-02-2026 02:00,5193.51,5199.2,5190.3,5198.02,3604
27-02-2026 02:15,5198.05,5200.65,5188.9,5196.11,4064
27-02-2026 02:30,5196.11,5200.43,5196.01,5196.25,1981
27-02-2026 02:45,5196.07,5196.64,5184.61,5185.65,2102
27-02-2026 03:00,5185.65,5191.04,5184.07,5189.88,1480
27-02-2026 03:15,5189.92,5189.92,5182.29,5184.66,1269
27-02-2026 04:30,5188.23,5188.24,5175.06,5183.51,1624
27-02-2026 04:45,5183.5,5186.72,5180.75,5183.42,1318
27-02-2026 05:00,5183.71,5188.66,5180.99,5185.21,1923
27-02-2026 05:15,5185.21,5187.83,5181.63,5184.04,1685
27-02-2026 05:30,5184,5186.27,5178.56,5185.53,2940
27-02-2026 05:45,5185.25,5194.65,5184.94,5187.7,2687
27-02-2026 06:00,5187.7,5189.49,5169.82,5174.77,3554
27-02-2026 06:15,5174.87,5177.26,5171.59,5174.7,3306
27-02-2026 06:30,5175.09,5178.12,5166.69,5176.2,4702
27-02-2026 06:45,5176.7,5179.66,5174.4,5174.52,4011
27-02-2026 07:00,5174.49,5190.92,5172.9,5188.14,4197
27-02-2026 07:15,5188.14,5194.07,5186.86,5193.58,3931
27-02-2026 07:30,5193.58,5199.42,5191.66,5194.27,4596
27-02-2026 07:45,5194.29,5195.1,5183.8,5184.11,3079
27-02-2026 08:00,5184.38,5186.14,5174.15,5181.12,4465
27-02-2026 08:15,5181.13,5183.78,5173.65,5183.23,3844
27-02-2026 08:30,5183.19,5184.77,5180.96,5182.42,3527
27-02-2026 08:45,5182.4,5187.86,5181.04,5186.5,3366
27-02-2026 09:00,5186.57,5188.72,5183.28,5186.84,2179
27-02-2026 09:15,5186.84,5190.48,5183.79,5183.79,2272
27-02-2026 09:30,5183.77,5187.5,5182.53,5186.36,2046
27-02-2026 09:45,5186.36,5188.56,5181.46,5186.91,2202
27-02-2026 10:00,5186.91,5188.33,5185.09,5186.96,1822
27-02-2026 10:15,5186.96,5187.3,5180.54,5181.32,2087
27-02-2026 10:30,5181.34,5187.41,5181.1,5187.03,2121
27-02-2026 10:45,5186.97,5194.54,5185.34,5194.45,2295
27-02-2026 11:00,5194.45,5197.31,5189.88,5192,4018
27-02-2026 11:15,5192.12,5200.12,5190.75,5197.9,3133
27-02-2026 11:30,5197.89,5198.29,5192.9,5197.02,3610
27-02-2026 11:45,5197.02,5199.12,5192.1,5193.32,3594
27-02-2026 12:00,5193.32,5196.29,5191.39,5193.54,3827
27-02-2026 12:15,5193.54,5193.95,5184.97,5185.47,3749
27-02-2026 12:30,5185.46,5189.38,5181.23,5181.64,3582
27-02-2026 12:45,5181.57,5185.29,5177.35,5178.54,3593
27-02-2026 13:00,5178.65,5182.73,5175.66,5180.29,2502
27-02-2026 13:15,5180.29,5182.56,5175.79,5175.92,3033
27-02-2026 13:30,5176.86,5182.07,5176.25,5178.38,3162
27-02-2026 13:45,5178.38,5179.59,5174.17,5177.35,2932
27-02-2026 14:00,5177.41,5182.1,5176.61,5180.16,2803
27-02-2026 14:15,5180.14,5181.89,5176.48,5178.61,2448
27-02-2026 14:30,5178.58,5181.44,5175.02,5178.39,2977
27-02-2026 14:45,5178.37,5182.01,5176.67,5178.88,2735
27-02-2026 15:00,5178.84,5181.42,5177.51,5180.84,2269
27-02-2026 15:15,5180.86,5182.37,5172.11,5175.86,3158
27-02-2026 15:30,5175.94,5176.76,5168.83,5174.12,3028
27-02-2026 15:45,5173.93,5180.88,5172.47,5173.41,3071
27-02-2026 16:00,5172.56,5176.29,5169.13,5175.94,2892
27-02-2026 16:15,5175.93,5178.6,5175.34,5177.44,2180
27-02-2026 16:30,5177.46,5178.21,5173.27,5173.88,2025
27-02-2026 16:45,5173.68,5178.36,5172.35,5177.51,2390
27-02-2026 17:00,5177.52,5180.3,5176.58,5177.71,2376
27-02-2026 17:15,5177.69,5185.59,5177.69,5185.55,2852
27-02-2026 17:30,5185.73,5190.63,5185.04,5185.47,3339
27-02-2026 17:45,5185.49,5189.58,5185.06,5186.71,3156
27-02-2026 18:00,5186.83,5188.24,5183.78,5184.85,2788
27-02-2026 18:15,5184.84,5188.83,5182.93,5187.41,2939
27-02-2026 18:30,5187.41,5214.41,5186.74,5212.42,5697
27-02-2026 18:45,5212.44,5239.91,5212.08,5235.05,6048
27-02-2026 19:00,5235.13,5235.48,5206.97,5215.94,6040
27-02-2026 19:15,5215.92,5225.52,5210.83,5222.82,5417
27-02-2026 19:30,5222.82,5230.09,5217.28,5226.44,4971
27-02-2026 19:45,5226.57,5236.24,5223.61,5230.93,4584
27-02-2026 20:00,5231.04,5233.51,5213.35,5224.85,6596
27-02-2026 20:15,5224.93,5229.09,5215.42,5223.12,5946
27-02-2026 20:30,5223.14,5239.95,5219.41,5237.39,6276
27-02-2026 20:45,5237.81,5239.7,5214.21,5230.94,6278
27-02-2026 21:00,5230.9,5235.42,5226.53,5230.49,5335
27-02-2026 21:15,5230.49,5246.28,5229.43,5239.05,5487
27-02-2026 21:30,5239.22,5255.09,5233.59,5253.26,5984
27-02-2026 21:45,5253.09,5257.21,5221.31,5234.02,6168
27-02-2026 22:00,5233.6,5238.11,5229.02,5235.28,5612
27-02-2026 22:15,5235.36,5237.75,5228.5,5228.77,4739
27-02-2026 22:30,5228.85,5235.42,5225.92,5231.04,5109
27-02-2026 22:45,5231.01,5232.38,5223.44,5228.47,4836
27-02-2026 23:00,5228.51,5236.44,5220.64,5234.31,5042
27-02-2026 23:15,5234.11,5236.71,5231.95,5234.43,4335
27-02-2026 23:30,5234.37,5238.15,5233.32,5233.4,3937
27-02-2026 23:45,5232.86,5234.32,5222.36,5230.36,5143
28-02-2026 00:00,5230.27,5239.92,5226.45,5239.59,4158
28-02-2026 00:15,5239.55,5246.78,5238.64,5245.15,3960
28-02-2026 00:30,5245.12,5251.15,5240.33,5246.68,3749
28-02-2026 00:45,5246.81,5252.15,5245.16,5247.92,3655
28-02-2026 01:00,5247.93,5251,5243.59,5246.04,3441
28-02-2026 01:15,5246.04,5251.2,5245.29,5249.84,3581
28-02-2026 01:30,5249.9,5252.23,5248.49,5251.49,3156
28-02-2026 01:45,5251.49,5262.05,5251.43,5256.42,3883
28-02-2026 02:00,5256.43,5262.49,5254.09,5259.5,3833
28-02-2026 02:15,5259.35,5264.89,5258.98,5262.81,4459
28-02-2026 02:30,5262.66,5263.63,5257.41,5259.32,2081
28-02-2026 02:45,5259.34,5263.15,5256.71,5261.71,1637
28-02-2026 03:00,5261.7,5275.83,5259.88,5273.72,2264
28-02-2026 03:15,5273.73,5280.14,5271.34,5278.29,2535
02-03-2026 04:30,5314.7,5372.48,5302.3,5346.01,4938
02-03-2026 04:45,5346.51,5356.99,5342.49,5354.81,3685
02-03-2026 05:00,5354.47,5392.75,5352.51,5381.84,4367
02-03-2026 05:15,5381.65,5390.28,5373.21,5386.26,4510
02-03-2026 05:30,5386.31,5387.3,5363.71,5375.64,5311
02-03-2026 05:45,5375.64,5375.74,5348.93,5364.55,4725
02-03-2026 06:00,5364.55,5373.38,5359.14,5365.16,4188
02-03-2026 06:15,5365.16,5366.13,5340.4,5347.17,4471
02-03-2026 06:30,5347.19,5347.19,5316.1,5339.93,6026
02-03-2026 06:45,5339.9,5345.45,5302.89,5307.65,5722
02-03-2026 07:00,5307.5,5338.79,5305.54,5333.68,5686
02-03-2026 07:15,5333.32,5337.92,5321.6,5324.56,5100
02-03-2026 07:30,5324.52,5334.93,5316.56,5328.02,4881
02-03-2026 07:45,5327.73,5336.02,5326.2,5331.24,3869
02-03-2026 08:00,5330.52,5351.4,5328.6,5350.81,4503
02-03-2026 08:15,5350.79,5351.53,5340.86,5346.31,4034
02-03-2026 08:30,5346.58,5357.2,5344.26,5354.78,4215
02-03-2026 08:45,5354.79,5359.18,5349.48,5355.43,3923
02-03-2026 09:00,5355.4,5364.47,5353.5,5361.95,3433
02-03-2026 09:15,5362,5366.5,5359.59,5366.02,2751
02-03-2026 09:30,5366.01,5366.72,5355.26,5355.91,3227
02-03-2026 09:45,5355.93,5365.78,5355.69,5363.23,2709
02-03-2026 10:00,5363.23,5364.28,5345.17,5353.7,3302
02-03-2026 10:15,5353.68,5358.33,5350.54,5355.63,2696
02-03-2026 10:30,5355.67,5355.67,5345.81,5349.88,3336
02-03-2026 10:45,5349.88,5353.93,5340.7,5350.54,2924
02-03-2026 11:00,5350.54,5363.29,5348.55,5360.36,3998
02-03-2026 11:15,5360.34,5366.11,5359.12,5365.73,3469
02-03-2026 11:30,5365.74,5380.17,5363.41,5374.9,3868
02-03-2026 11:45,5374.89,5381.79,5373.57,5380.15,3726
02-03-2026 12:00,5380.16,5382.94,5374.18,5375.38,4173
02-03-2026 12:15,5375.4,5389.71,5375.38,5387.1,3900
02-03-2026 12:30,5387.09,5406.57,5384.72,5405.83,4031
02-03-2026 12:45,5406.24,5418.94,5404.08,5408.56,4074
02-03-2026 13:00,5408.19,5411.56,5402.19,5403.12,3559
02-03-2026 13:15,5403.09,5414.41,5402.66,5408.18,3627
02-03-2026 13:30,5408.18,5413.03,5402.73,5409.63,4094
02-03-2026 13:45,5409.65,5415.69,5402.32,5415.59,4150
02-03-2026 14:00,5415.59,5416.64,5396.46,5401.62,4040
02-03-2026 14:15,5401.58,5410.63,5391.4,5394.08,3963
02-03-2026 14:30,5394.43,5400.23,5389.23,5394.63,4018
02-03-2026 14:45,5394.69,5398.61,5386.07,5394.55,3485
02-03-2026 15:00,5394.55,5402.57,5394.13,5396.51,3254
02-03-2026 15:15,5396.47,5397.32,5387.1,5391.92,3432
02-03-2026 15:30,5392.07,5394.47,5378.96,5390.38,4023
02-03-2026 15:45,5390.32,5392.4,5383.59,5389.77,3205
02-03-2026 16:00,5389.79,5400.84,5387,5400.38,3385
02-03-2026 16:15,5400.38,5400.81,5381.65,5388.89,3463
02-03-2026 16:30,5389.01,5394.56,5382.37,5388.37,2984
02-03-2026 16:45,5388.33,5396.88,5387.79,5390.33,3455
02-03-2026 17:00,5390.29,5400.14,5389.02,5389.26,2947
02-03-2026 17:15,5389.25,5389.91,5374.91,5385.27,4167
02-03-2026 17:30,5385.27,5398.17,5378.83,5391.3,4217
02-03-2026 17:45,5391.3,5395.64,5384.46,5393.85,3468
02-03-2026 18:00,5393.92,5398.56,5388.77,5396.49,3422
02-03-2026 18:15,5396.35,5398.52,5385.56,5396.93,3479
02-03-2026 18:30,5396.93,5409.82,5381.05,5383.56,5410
02-03-2026 18:45,5383.57,5408.7,5382.12,5401.06,5264
02-03-2026 19:00,5401.15,5416.27,5391.81,5392.61,5160
02-03-2026 19:15,5392.72,5397.83,5388.91,5393.82,4712
02-03-2026 19:30,5393.64,5394.9,5362.84,5374.88,5356
02-03-2026 19:45,5374.69,5376.53,5306.08,5332.74,6119
02-03-2026 20:00,5332.74,5355.05,5305.75,5346.87,6537
02-03-2026 20:15,5347.27,5351.03,5320.54,5332.96,6216
02-03-2026 20:30,5332.95,5346.51,5310.76,5333.5,6306
02-03-2026 20:45,5333.34,5338.93,5317.39,5330.94,5913
02-03-2026 21:00,5330.94,5348.84,5330.05,5342.26,5641
02-03-2026 21:15,5342.24,5344.93,5307.97,5315.2,5857
02-03-2026 21:30,5314.65,5314.65,5260.71,5299.79,6294
02-03-2026 21:45,5299.54,5314.05,5281.22,5309.57,5649
02-03-2026 22:00,5309.58,5311.75,5281.77,5301.21,5568
02-03-2026 22:15,5301.31,5306.09,5289.21,5289.94,5427
02-03-2026 22:30,5289.81,5309.85,5286.63,5298.34,5460
02-03-2026 22:45,5298.34,5311.77,5291.53,5304.25,4857
02-03-2026 23:00,5304.65,5320.42,5303.22,5304.07,4463
02-03-2026 23:15,5304.05,5310.82,5297.8,5306.54,4652
02-03-2026 23:30,5306.84,5307.84,5288.72,5294.9,4550
02-03-2026 23:45,5295,5305.66,5293.24,5297.32,4651
03-03-2026 00:00,5297.34,5302.82,5290.57,5302.8,3709
03-03-2026 00:15,5302.8,5316.4,5301.78,5315.27,3919
03-03-2026 00:30,5315.28,5332.94,5313.66,5330.37,4267
03-03-2026 00:45,5330.51,5332.62,5318.47,5330.64,3519
03-03-2026 01:00,5330.62,5333.92,5324.51,5324.94,3198
03-03-2026 01:15,5324.92,5331.98,5322.64,5330.07,3138
03-03-2026 01:30,5330.07,5346.19,5328.06,5337.41,4105
03-03-2026 01:45,5337.4,5346.05,5328.46,5333.28,5019
03-03-2026 02:00,5333.31,5344.56,5331.94,5341.79,4144
03-03-2026 02:15,5341.37,5342.53,5331.05,5331.97,4351
03-03-2026 02:30,5332.07,5339.38,5331.19,5335.03,2612
03-03-2026 02:45,5335.04,5339.91,5331.06,5332.24,1834
03-03-2026 03:00,5332.24,5332.53,5325.6,5330.92,2185
03-03-2026 03:15,5330.59,5330.6,5321.38,5321.74,1504
03-03-2026 04:30,5330.37,5346.31,5330.37,5338.49,2155
03-03-2026 04:45,5338.49,5341.58,5329.32,5336.38,2015
03-03-2026 05:00,5336.34,5336.49,5330.14,5330.69,1795
03-03-2026 05:15,5330.71,5346.41,5329.59,5345.68,2582
03-03-2026 05:30,5345.68,5349.93,5336.62,5348.36,2716
03-03-2026 05:45,5348.36,5358.75,5348.01,5357.58,3177
03-03-2026 06:00,5357.59,5361.97,5348.05,5354.76,3007
03-03-2026 06:15,5354.79,5359.09,5346.08,5350.01,3159
03-03-2026 06:30,5350.04,5371.78,5347.13,5367.7,4724
03-03-2026 06:45,5367.77,5379.8,5365.55,5376.97,4400
03-03-2026 07:00,5377.01,5378.12,5364.13,5364.13,4580
03-03-2026 07:15,5363.3,5365.06,5337.67,5338.75,5468
03-03-2026 07:30,5339.11,5356.74,5332.35,5349.47,5039
03-03-2026 07:45,5349.47,5359.34,5343.75,5358.61,4329
03-03-2026 08:00,5358.63,5364.89,5355.34,5360.66,4347
03-03-2026 08:15,5360.66,5367.86,5358.59,5366.64,3700
03-03-2026 08:30,5366.65,5371.32,5364.8,5366.45,3605
03-03-2026 08:45,5366.53,5373.24,5363.99,5367.17,3588
03-03-2026 09:00,5367.19,5370.7,5365.17,5368.59,2828
03-03-2026 09:15,5368.58,5369.4,5358.74,5367.13,2697
03-03-2026 09:30,5367.06,5367.63,5359.13,5361.46,2569
03-03-2026 09:45,5361.45,5375.77,5359.46,5371.7,2886
03-03-2026 10:00,5371.7,5375.17,5367.13,5369.38,2577
03-03-2026 10:15,5369.37,5369.74,5360.67,5360.85,3017
03-03-2026 10:30,5360.85,5366.68,5355.24,5362.01,3435
03-03-2026 10:45,5362.01,5363.96,5352.72,5358.51,3277
03-03-2026 11:00,5358.71,5359.07,5334.21,5344.94,5016
03-03-2026 11:15,5344.94,5346.44,5304.6,5318.51,5443
03-03-2026 11:30,5318.68,5322.77,5278.44,5289.12,5462
03-03-2026 11:45,5289.12,5319.14,5287.6,5316.28,4883
03-03-2026 12:00,5316.12,5319,5295.69,5310.07,4820
03-03-2026 12:15,5310.19,5315.12,5290.3,5310.24,4710
03-03-2026 12:30,5309.77,5318.1,5305.74,5314.59,3808
03-03-2026 12:45,5314.68,5320.02,5309.86,5313.08,3397
03-03-2026 13:00,5313.09,5328.25,5313.09,5326.38,3564
03-03-2026 13:15,5326.43,5331.17,5323.52,5327.54,3605
03-03-2026 13:30,5327.3,5335.96,5319.65,5319.75,4413
03-03-2026 13:45,5320.66,5328.4,5310.71,5311.68,4247
03-03-2026 14:00,5311.94,5313.23,5295.89,5304.99,4689
03-03-2026 14:15,5304.98,5311.26,5289.8,5295.59,4791
03-03-2026 14:30,5295.6,5303.74,5284.43,5295.92,4769
03-03-2026 14:45,5295.92,5302.4,5226.02,5240.71,5148
03-03-2026 15:00,5241.45,5270.1,5239.69,5263.3,4971
03-03-2026 15:15,5263.47,5281.03,5259.21,5274.84,4644
03-03-2026 15:30,5274.79,5288.21,5268.52,5272.78,4361
03-03-2026 15:45,5272.79,5281.2,5265.82,5276.64,4086
03-03-2026 16:00,5276.24,5276.85,5247.23,5260.47,4703
03-03-2026 16:15,5260.56,5260.56,5238.6,5247.99,5110
03-03-2026 16:30,5247.93,5263.83,5159.68,5197.5,5595
03-03-2026 16:45,5197.38,5209.22,5111.07,5125.84,5257
03-03-2026 17:00,5124.6,5142.22,5073.98,5124.23,5860
03-03-2026 17:15,5124.3,5157.31,5122.4,5143.92,5417
03-03-2026 17:30,5143.93,5192.64,5137.62,5192.21,5280
03-03-2026 17:45,5192.65,5208.61,5180.81,5203.97,4844
03-03-2026 18:00,5203.88,5211.63,5187.78,5202.27,4393
03-03-2026 18:15,5202.85,5226.31,5195.98,5223.97,4371
03-03-2026 18:30,5224.08,5224.08,5145.75,5163.68,6316
03-03-2026 18:45,5163.67,5183.91,5158.83,5177.16,5582
03-03-2026 19:00,5175.77,5185.58,5147.04,5155.82,5527
03-03-2026 19:15,5155.41,5158.57,5125.79,5156.19,5355
03-03-2026 19:30,5156.1,5175.22,5149.61,5164.53,5669
03-03-2026 19:45,5164.67,5166.06,5124.56,5144.91,5372
03-03-2026 20:00,5144.18,5144.18,5060.67,5069.98,6585
03-03-2026 20:15,5070.06,5074.92,5014.32,5037.62,6746
03-03-2026 20:30,5037.94,5068.94,5024.46,5038.92,6579
03-03-2026 20:45,5038.8,5052.03,4994.81,5042.7,6464
03-03-2026 21:00,5041.76,5070.05,5035.66,5061.26,6293
03-03-2026 21:15,5061.17,5096.23,5053.85,5094.8,6203
03-03-2026 21:30,5094.89,5122.22,5089.96,5107.62,6244
03-03-2026 21:45,5107.58,5125.87,5099.52,5112.27,6043
03-03-2026 22:00,5112.27,5134.2,5106.76,5111.09,6054
03-03-2026 22:15,5111.15,5115.25,5097.53,5106.71,6095
03-03-2026 22:30,5106.26,5106.26,5080.36,5097.78,5999
03-03-2026 22:45,5097.78,5109.15,5081.35,5082.66,5313
03-03-2026 23:00,5082.34,5085.38,5064.45,5078.18,5707
03-03-2026 23:15,5078.13,5083.64,5067.13,5078.68,5362
03-03-2026 23:30,5078.66,5103.42,5078.63,5102.94,5413
03-03-2026 23:45,5103.6,5117.02,5093.05,5111.78,5230
04-03-2026 00:00,5112.23,5136.97,5106.71,5132.83,5475
04-03-2026 00:15,5133.1,5137.67,5126.69,5135.38,4954
04-03-2026 00:30,5135.3,5148.33,5109.77,5111.91,5091
04-03-2026 00:45,5112.08,5120.84,5101.29,5106.03,5225
04-03-2026 01:00,5106.24,5118.51,5098.76,5118.5,5361
04-03-2026 01:15,5118.47,5127.96,5106.43,5112.69,5493
04-03-2026 01:30,5113.2,5126.59,5111.46,5118.34,5270
04-03-2026 01:45,5118.44,5130.2,5113.4,5122.68,4856
04-03-2026 02:00,5122.54,5125.98,5101.89,5111.03,4697
04-03-2026 02:15,5110.99,5112.7,5085.22,5096.91,5219
04-03-2026 02:30,5096.54,5110.1,5093.88,5098.16,2823
04-03-2026 02:45,5098.21,5100.72,5088.75,5088.98,3294
04-03-2026 03:00,5088.98,5095.82,5083.32,5091.6,2348
04-03-2026 03:15,5091.6,5092.97,5082.82,5088.02,2319
04-03-2026 04:30,5109.03,5117.84,5083.07,5116.66,3012
04-03-2026 04:45,5116.5,5127.73,5116.11,5125.62,3597
04-03-2026 05:00,5125.62,5128.18,5116.55,5125.2,3372
04-03-2026 05:15,5125.27,5129.53,5119.83,5124.98,2613
04-03-2026 05:30,5124.98,5126,5105.67,5115.63,4027
04-03-2026 05:45,5115.66,5128.66,5112.74,5124.95,3460
04-03-2026 06:00,5125,5137.16,5122.31,5132.06,3474
04-03-2026 06:15,5131.98,5140.05,5127.64,5138.41,3838
04-03-2026 06:30,5138.4,5162.29,5138.35,5159.34,5403
04-03-2026 06:45,5159.28,5164.03,5146.51,5146.68,5254
04-03-2026 07:00,5145.65,5163.09,5142.01,5162.64,5506
04-03-2026 07:15,5162.64,5177.92,5157.9,5174.54,5249
04-03-2026 07:30,5174.55,5190.2,5167.76,5189.31,5192
04-03-2026 07:45,5189.27,5189.34,5175.49,5176.98,4471
04-03-2026 08:00,5176.96,5179.69,5163.73,5179.69,4943
04-03-2026 08:15,5179.67,5180.31,5153.44,5155.88,5066
04-03-2026 08:30,5155.88,5159.78,5140.86,5155.46,4665
04-03-2026 08:45,5155.38,5167.83,5150.97,5161.95,4644
04-03-2026 09:00,5161.89,5167.15,5153.51,5162.28,4502
04-03-2026 09:15,5162.29,5177.23,5158.99,5173.95,3910
04-03-2026 09:30,5173.96,5180.7,5171.34,5173.66,3879
04-03-2026 09:45,5173.59,5173.98,5162.32,5167.48,3817
04-03-2026 10:00,5167.56,5170.21,5152.23,5161.4,4033
04-03-2026 10:15,5161.4,5164.83,5154.46,5156.55,3818
04-03-2026 10:30,5156.57,5166.01,5151.87,5160.86,4349
04-03-2026 10:45,5160.85,5165.66,5152.83,5156.28,4145
04-03-2026 11:00,5156.31,5167.26,5154.99,5159.96,4647
04-03-2026 11:15,5159.96,5168.12,5153.86,5159.89,4518
04-03-2026 11:30,5159.9,5159.9,5114.75,5140.72,4833
04-03-2026 11:45,5140.83,5149.48,5127.85,5133.58,4550
04-03-2026 12:00,5133.62,5155.44,5131.8,5148.23,4718
04-03-2026 12:15,5148.23,5160.82,5146.36,5160.63,4166
04-03-2026 12:30,5160.6,5175.49,5158.23,5167.4,4278
04-03-2026 12:45,5167.39,5174.41,5163.17,5167.4,3687
04-03-2026 13:00,5167.45,5172.92,5163.54,5169.46,3340
04-03-2026 13:15,5169.42,5175.67,5168,5168,3501
04-03-2026 13:30,5168.3,5171.92,5147.23,5156.76,4933
04-03-2026 13:45,5156.75,5168.31,5151.84,5162.36,4163
04-03-2026 14:00,5162.38,5175.76,5161.57,5175.49,4112
04-03-2026 14:15,5175.49,5182.46,5165.99,5167.35,3773
04-03-2026 14:30,5167.35,5171.18,5158.74,5163.83,4157
04-03-2026 14:45,5163.74,5178.2,5162.01,5170.62,3403
04-03-2026 15:00,5170.58,5184.84,5168.81,5182.28,3352
04-03-2026 15:15,5182.28,5184.8,5175.61,5182.2,3620
04-03-2026 15:30,5182.19,5197.6,5182.19,5197.58,4447
04-03-2026 15:45,5197.97,5202.12,5186.3,5187.91,4340
04-03-2026 16:00,5187.89,5190.9,5179.05,5185.23,3775
04-03-2026 16:15,5185.23,5193.58,5181.09,5189.83,3502
04-03-2026 16:30,5189.82,5196.24,5187.61,5194.92,3324
04-03-2026 16:45,5195.07,5197.49,5190.02,5194.69,3461
04-03-2026 17:00,5194.66,5200.88,5190.51,5192.66,3358
04-03-2026 17:15,5192.66,5194.25,5187.67,5191.97,3274
04-03-2026 17:30,5192,5205.53,5191.92,5197.19,4050
04-03-2026 17:45,5197.23,5197.28,5173.89,5177.79,4565
04-03-2026 18:00,5177.83,5177.96,5156.07,5166.05,5134
04-03-2026 18:15,5166.08,5172.68,5159.59,5170.75,4263
04-03-2026 18:30,5170.79,5195.75,5170.47,5192.78,5296
04-03-2026 18:45,5192.61,5194.96,5178.97,5192.05,4856
04-03-2026 19:00,5192.04,5192.66,5181.66,5188.11,4854
04-03-2026 19:15,5188.11,5191.95,5167.36,5167.72,4787
04-03-2026 19:30,5167.34,5180.13,5163.34,5164.81,5064
04-03-2026 19:45,5164.97,5174.86,5159.74,5166.04,5153
04-03-2026 20:00,5165.93,5184.67,5162.81,5171.23,6519
04-03-2026 20:15,5171.22,5179.02,5137.53,5144.28,6266
04-03-2026 20:30,5143.67,5162.05,5130.43,5134.08,6243
04-03-2026 20:45,5133.77,5159.55,5132.24,5155.98,5987
04-03-2026 21:00,5156.18,5166.96,5137.43,5143.86,5536
04-03-2026 21:15,5143.8,5152.67,5133.46,5151.16,5733
04-03-2026 21:30,5151.19,5162.46,5143.21,5148.5,5545
04-03-2026 21:45,5148.85,5155.52,5138.06,5145.96,5312
04-03-2026 22:00,5146.27,5158.84,5143.89,5146.63,4878
04-03-2026 22:15,5146.73,5152.53,5142.61,5149.48,4170
04-03-2026 22:30,5149.47,5152.86,5142.76,5146.97,4467
04-03-2026 22:45,5146.24,5149.34,5119,5133.27,4703
04-03-2026 23:00,5133.57,5138.96,5128.16,5137.22,4922
04-03-2026 23:15,5137.09,5147.31,5135.26,5140.76,4395
04-03-2026 23:30,5140.76,5143.09,5117.12,5124.37,4800
04-03-2026 23:45,5124.54,5127.97,5110.3,5123.56,5124
05-03-2026 00:00,5123.56,5129.73,5108.81,5124.86,4492
05-03-2026 00:15,5124.87,5134.49,5123.72,5133.81,3560
05-03-2026 00:30,5133.64,5136.61,5125.92,5131.02,3229
05-03-2026 00:45,5131,5133.01,5124.31,5124.38,3374
05-03-2026 01:00,5124.36,5131.98,5122.92,5130.68,3846
05-03-2026 01:15,5130.69,5139.36,5129.41,5137.7,3380
05-03-2026 01:30,5137.34,5138.6,5126.7,5129.64,3806
05-03-2026 01:45,5129.72,5138.15,5123.45,5137.04,3789
05-03-2026 02:00,5137.19,5146.69,5136.77,5143.76,3214
05-03-2026 02:15,5143.74,5144.4,5132.7,5134.55,3611
05-03-2026 02:30,5134.57,5144.16,5133.61,5140.21,2270
05-03-2026 02:45,5139.92,5141.5,5135.99,5141.03,1648
05-03-2026 03:00,5141.09,5141.46,5129.27,5135.4,1729
05-03-2026 03:15,5134.85,5141.91,5134.69,5140.93,1214
05-03-2026 04:30,5149.63,5154.22,5144.27,5146.31,1755
05-03-2026 04:45,5146.31,5155.87,5145.81,5153.99,1299
05-03-2026 05:00,5153.99,5155.88,5148.38,5155.32,1736
05-03-2026 05:15,5155.41,5165.71,5154.55,5164.92,2917
05-03-2026 05:30,5164.88,5172.52,5159.32,5170.84,3236
05-03-2026 05:45,5170.85,5179.45,5170.46,5173.19,2834
05-03-2026 06:00,5173.22,5176.58,5168.19,5171.18,2548
05-03-2026 06:15,5171.19,5177.16,5166.1,5172.33,3301
05-03-2026 06:30,5172.52,5186.57,5169.66,5176.26,5005
05-03-2026 06:45,5176.26,5182.05,5172.31,5177.22,4683
05-03-2026 07:00,5177.22,5178.69,5167.03,5172.28,5056
05-03-2026 07:15,5172.24,5179.6,5169.11,5172.47,4585
05-03-2026 07:30,5172.43,5181.51,5171.47,5178.43,4144
05-03-2026 07:45,5178.43,5187.77,5176.07,5183.9,3334
05-03-2026 08:00,5183.92,5187,5174.46,5175.48,4388
05-03-2026 08:15,5175.44,5192.24,5174.12,5191.79,4073
05-03-2026 08:30,5191.79,5195.17,5183.93,5185.56,4231
05-03-2026 08:45,5185.57,5190.91,5184.37,5184.82,3799
05-03-2026 09:00,5184.82,5190.95,5181.08,5188.3,3349
05-03-2026 09:15,5188.29,5190.74,5178.04,5180.01,3015
05-03-2026 09:30,5179.48,5185.56,5176.52,5183.46,2621
05-03-2026 09:45,5183.46,5186.35,5174.48,5178.23,2708
05-03-2026 10:00,5178.21,5179.9,5173.5,5174.09,2599
05-03-2026 10:15,5174.12,5175.5,5165.89,5171.38,3075
05-03-2026 10:30,5171.39,5176.53,5168.9,5175.36,3123
05-03-2026 10:45,5175.4,5176.59,5169.58,5172.21,2735
05-03-2026 11:00,5172.22,5174.08,5161.73,5166.17,4413
05-03-2026 11:15,5166.17,5169.1,5148.16,5148.47,4472
05-03-2026 11:30,5148.5,5154.99,5119.86,5132.58,6122
05-03-2026 11:45,5132.56,5143.65,5124.03,5142.76,5256
05-03-2026 12:00,5142.75,5156.46,5139.81,5150.61,4939
05-03-2026 12:15,5150.61,5168.49,5148.89,5167.35,4489
05-03-2026 12:30,5167.38,5172.68,5161.2,5161.86,4229
05-03-2026 12:45,5161.85,5167.78,5159.79,5166.16,3343
05-03-2026 13:00,5166.14,5167.09,5159.59,5160.28,3821
05-03-2026 13:15,5160.27,5166.05,5158.81,5162.15,3718
05-03-2026 13:30,5161.51,5162.62,5141.63,5141.63,4913
05-03-2026 13:45,5141.64,5147.96,5136.99,5144.25,4744
05-03-2026 14:00,5144.26,5163.16,5143.2,5160.99,4305
05-03-2026 14:15,5160.99,5169.94,5160.93,5165.45,3886
05-03-2026 14:30,5165.43,5180.11,5161.16,5179.32,5287
05-03-2026 14:45,5179.3,5180.59,5166.76,5169.47,4484
05-03-2026 15:00,5169.48,5169.52,5152.92,5162.21,4429
05-03-2026 15:15,5162.35,5165.15,5156.93,5160.75,3935
05-03-2026 15:30,5160.66,5160.66,5145.9,5154.03,3897
05-03-2026 15:45,5153.78,5158.45,5151.38,5156.09,3240
05-03-2026 16:00,5155.8,5158.65,5147.57,5156.93,3731
05-03-2026 16:15,5156.93,5167.42,5156.28,5164.46,3497
05-03-2026 16:30,5164.52,5167.79,5161.55,5164.46,3160
05-03-2026 16:45,5164.57,5166.8,5160.88,5162.95,2911
05-03-2026 17:00,5162.95,5164.56,5156.8,5160.71,3216
05-03-2026 17:15,5160.72,5165.03,5160.09,5163.5,2770
05-03-2026 17:30,5163.5,5171.23,5162.97,5168.28,3559
05-03-2026 17:45,5168.29,5170.08,5161.38,5161.67,3572
05-03-2026 18:00,5161.64,5167.56,5160.6,5162.25,3366
05-03-2026 18:15,5162.24,5165.83,5160.61,5162.28,3352
05-03-2026 18:30,5162.22,5163.76,5146.06,5155.25,5555
05-03-2026 18:45,5155.19,5159.37,5083.34,5121.56,6779
05-03-2026 19:00,5121.54,5137.02,5113.98,5130.9,5145
05-03-2026 19:15,5130.99,5131.58,5109.15,5117.4,5584
05-03-2026 19:30,5117.08,5129.2,5109.63,5112.33,5957
05-03-2026 19:45,5112.31,5120.39,5102.4,5119.77,5787
05-03-2026 20:00,5119.73,5123.2,5089.74,5096.83,7361
05-03-2026 20:15,5096.98,5110.65,5090.93,5101.96,7328
05-03-2026 20:30,5100.98,5119.8,5059.8,5084.41,7109
05-03-2026 20:45,5084.36,5092.83,5070.8,5085.49,6772
05-03-2026 21:00,5085.88,5092.29,5076.39,5079.05,6945
05-03-2026 21:15,5079.03,5102.95,5078.3,5102.17,6329
05-03-2026 21:30,5102.19,5103.97,5073.74,5082.57,6038
05-03-2026 21:45,5081.75,5084.78,5059.73,5063.21,6349
05-03-2026 22:00,5063.65,5072.03,5053.51,5070.35,6552
05-03-2026 22:15,5070.72,5080.81,5069.74,5077.15,5730
05-03-2026 22:30,5077.15,5089.01,5073.49,5085.88,5446
05-03-2026 22:45,5085.9,5088.14,5074.38,5074.69,5461
05-03-2026 23:00,5074.65,5076.74,5054.46,5063.01,6326
05-03-2026 23:15,5062.91,5068.53,5055.06,5062.39,6315
05-03-2026 23:30,5062.22,5073.21,5050.51,5071.4,6261
05-03-2026 23:45,5071.31,5075.46,5060.86,5070.69,6223
06-03-2026 00:00,5070.63,5085.13,5070.15,5082.57,4982
06-03-2026 00:15,5082.8,5083.07,5066.72,5068.78,5147
06-03-2026 00:30,5068.9,5080.74,5066.98,5072.94,5188
06-03-2026 00:45,5072.95,5072.96,5061.64,5066.3,5134
06-03-2026 01:00,5066.3,5066.71,5055.24,5065.22,5100
06-03-2026 01:15,5065.25,5070.03,5061.72,5065.46,5205
06-03-2026 01:30,5065.35,5079.3,5061.19,5078.62,5126
06-03-2026 01:45,5078.64,5094.3,5075.68,5080.13,5151
06-03-2026 02:00,5080.13,5082.03,5073.76,5080.09,4946
06-03-2026 02:15,5080.12,5081.16,5072.37,5076.21,5108
06-03-2026 02:30,5076.21,5083.56,5071.57,5075.88,2224
06-03-2026 02:45,5075.76,5080.73,5074.99,5080.2,1442
06-03-2026 03:00,5080.2,5082.08,5071.98,5074.96,1573
06-03-2026 03:15,5074.5,5084.44,5073.37,5080.48,1417
06-03-2026 04:30,5090.79,5090.79,5081.45,5085.62,968
06-03-2026 04:45,5085.62,5096.12,5082.34,5091.05,2219
06-03-2026 05:00,5090.57,5101.7,5087.03,5100.8,2433
06-03-2026 05:15,5100.73,5100.77,5084.45,5085.98,2859
06-03-2026 05:30,5085.76,5091.14,5073.72,5084.61,3423
06-03-2026 05:45,5084.56,5091.66,5077.64,5090.04,3107
06-03-2026 06:00,5090.03,5091.62,5074.79,5083.32,3086
06-03-2026 06:15,5083.01,5089.23,5076.39,5084.03,3027
06-03-2026 06:30,5084.04,5085.36,5066.38,5076.63,5183
06-03-2026 06:45,5076.62,5088.39,5074.49,5085.15,4818
06-03-2026 07:00,5085.21,5120.2,5085.04,5117.72,5240
06-03-2026 07:15,5117.72,5143.12,5117.26,5133.96,5434
06-03-2026 07:30,5133.56,5137.71,5124.83,5129.53,4807
06-03-2026 07:45,5129.56,5133.81,5127.26,5128.52,3401
06-03-2026 08:00,5128.53,5131.96,5121.97,5124.03,4259
06-03-2026 08:15,5124.03,5128.9,5122.62,5126.06,3840
06-03-2026 08:30,5126.05,5134.56,5124.19,5132.74,3617
06-03-2026 08:45,5132.74,5141.3,5130.59,5136.36,3485
06-03-2026 09:00,5136.34,5137.61,5128.84,5132.19,2570
06-03-2026 09:15,5132.17,5134.59,5129.66,5130.93,2025
06-03-2026 09:30,5130.9,5135.75,5130.54,5134.88,2439
06-03-2026 09:45,5134.91,5136.16,5127.29,5129.3,2042
06-03-2026 10:00,5129.33,5133.31,5128.11,5132.21,2159
06-03-2026 10:15,5132.21,5135.52,5126.34,5127.23,2286
06-03-2026 10:30,5127.2,5129.64,5122.7,5126.3,2883
06-03-2026 10:45,5126.3,5129.68,5122.62,5129.39,2694
06-03-2026 11:00,5129.42,5129.63,5118.54,5120.74,4354
06-03-2026 11:15,5120.75,5123.05,5113.86,5117.06,3691
06-03-2026 11:30,5117.23,5121.3,5109.27,5115.81,3643
06-03-2026 11:45,5115.82,5122.66,5114.27,5119.89,3301
06-03-2026 12:00,5119.92,5122.65,5116.03,5120.91,3273
06-03-2026 12:15,5120.92,5122.12,5114.88,5115.45,2822
06-03-2026 12:30,5115.42,5117.36,5105.51,5111.08,3178
06-03-2026 12:45,5111.09,5119.48,5110.56,5114.4,3072
06-03-2026 13:00,5114.4,5116.06,5107.67,5113.82,3233
06-03-2026 13:15,5113.82,5120.46,5112.21,5119.19,3093
06-03-2026 13:30,5119.29,5122.93,5110.53,5115.17,4166
06-03-2026 13:45,5115.19,5117.38,5098.52,5100.15,4121
06-03-2026 14:00,5100.1,5108.13,5095.45,5107.37,3691
06-03-2026 14:15,5107.37,5113.41,5106.63,5108.29,2904
06-03-2026 14:30,5108.29,5109.29,5093.98,5095.47,4128
06-03-2026 14:45,5095.47,5102.03,5091.41,5098.47,4414
06-03-2026 15:00,5098.37,5103.16,5086.8,5095.73,4301
06-03-2026 15:15,5095.54,5096.83,5082.84,5085.24,4346
06-03-2026 15:30,5085.24,5090.3,5075.13,5082.04,4400
06-03-2026 15:45,5081.8,5092.32,5079.72,5087.13,3780
06-03-2026 16:00,5086.8,5091.23,5080.69,5081.37,3531
06-03-2026 16:15,5081.39,5093.04,5081.39,5090.8,3581
06-03-2026 16:30,5090.99,5091.31,5080.1,5085.68,3952
06-03-2026 16:45,5085.69,5097.78,5085.11,5094.25,3654
06-03-2026 17:00,5094.23,5099.74,5080.35,5080.71,3552
06-03-2026 17:15,5080.73,5086.62,5061,5075.87,4732
06-03-2026 17:30,5075.95,5090.53,5075.15,5089.39,4707
06-03-2026 17:45,5089.39,5096.21,5085.97,5088.33,3856
06-03-2026 18:00,5088.34,5096.46,5085.15,5096.06,4026
06-03-2026 18:15,5096.02,5096.45,5080.96,5083.1,3702
06-03-2026 18:30,5082.94,5083.47,5065.21,5072.73,6084
06-03-2026 18:45,5072.38,5088.07,5072.08,5082.67,4873
06-03-2026 19:00,5083.04,5129.75,5082.95,5121.11,6908
06-03-2026 19:15,5121.63,5121.76,5072.86,5084.61,6677
06-03-2026 19:30,5084.63,5102.1,5080.44,5096.56,5993
06-03-2026 19:45,5096.51,5108.98,5087.46,5104.24,5481
06-03-2026 20:00,5104.18,5115.09,5083.63,5089.09,7449
06-03-2026 20:15,5089.15,5132.08,5087.03,5130.31,7108
06-03-2026 20:30,5130.74,5158.56,5128.01,5148.6,7584
06-03-2026 20:45,5148.49,5170.91,5143.78,5161.1,7185
06-03-2026 21:00,5161.41,5165.91,5149.15,5153.47,6141
06-03-2026 21:15,5153.42,5156.87,5133.3,5141.34,6076
06-03-2026 21:30,5141.8,5150.09,5135.55,5143.05,5494
06-03-2026 21:45,5143.06,5152.42,5135.79,5141.67,5520
06-03-2026 22:00,5142.01,5145.49,5125.23,5141.38,5734
06-03-2026 22:15,5141.37,5147.65,5128.67,5139.36,5691
06-03-2026 22:30,5139.33,5141.9,5128.26,5136.19,5423
06-03-2026 22:45,5136.19,5144.69,5132.76,5141.61,5450
06-03-2026 23:00,5141.45,5151.83,5136.01,5136.89,5133
06-03-2026 23:15,5136.89,5140.38,5132.19,5140.2,4744
06-03-2026 23:30,5140.16,5146.82,5138.15,5144.82,5014
06-03-2026 23:45,5144.92,5150.53,5142.46,5149.77,4986
07-03-2026 00:00,5149.78,5164.88,5148.22,5164.7,4281
07-03-2026 00:15,5164.81,5167.17,5156.1,5160.6,4091
07-03-2026 00:30,5160.6,5170.71,5160.07,5170.71,4529
07-03-2026 00:45,5170.49,5174.58,5163.86,5164.71,4040
07-03-2026 01:00,5164.47,5167.39,5157.02,5157.71,4078
07-03-2026 01:15,5157.64,5163.17,5155.99,5159.33,4028
07-03-2026 01:30,5159.29,5162.11,5153.31,5154.71,3908
07-03-2026 01:45,5154.7,5160.07,5151.96,5153.24,3807
07-03-2026 02:00,5153.21,5160.91,5148.71,5157.21,4139
07-03-2026 02:15,5157.21,5160.03,5150.19,5152.84,4347
07-03-2026 02:30,5152.76,5167.03,5150.36,5164.7,2740
07-03-2026 02:45,5164.7,5170.06,5164.4,5167.75,1611
07-03-2026 03:00,5167.74,5171.73,5165.91,5169.86,1268
07-03-2026 03:15,5169.58,5176.58,5168.51,5171.09,1556
09-03-2026 03:30,5190.44,5191.88,5121.36,5157.95,4111
09-03-2026 03:45,5157.96,5159.63,5128.01,5154.95,3500
09-03-2026 04:00,5155.07,5163.67,5104.7,5124.69,3517
09-03-2026 04:15,5124.75,5133.35,5102.76,5129.22,3778
09-03-2026 04:30,5129.17,5134.86,5092.6,5101.05,4984
09-03-2026 04:45,5101.05,5106.06,5094.43,5104.09,3912
09-03-2026 05:00,5104.09,5104.55,5043.59,5072.95,4764
09-03-2026 05:15,5072.83,5079.28,5053.79,5075.6,5108
09-03-2026 05:30,5075.61,5079.59,5028.37,5036.14,5589
09-03-2026 05:45,5036.11,5052.59,5032.49,5045.75,5336
09-03-2026 06:00,5045.87,5060.29,5043.76,5052.49,4750
09-03-2026 06:15,5052.54,5057.31,5033.37,5049.76,5229
09-03-2026 06:30,5049.45,5074.2,5014.58,5071.99,6521
09-03-2026 06:45,5071.94,5087.69,5069.5,5071.71,5305
09-03-2026 07:00,5071.74,5086.1,5071.2,5080.35,4919
09-03-2026 07:15,5079.5,5082.6,5064.51,5069.91,5370
09-03-2026 07:30,5070.09,5095.33,5055.28,5094.19,5417
09-03-2026 07:45,5094.22,5094.44,5072.83,5077.45,4500
09-03-2026 08:00,5077.38,5093.78,5075.7,5092.44,5303
09-03-2026 08:15,5092.42,5099.05,5085.51,5094.37,4421
09-03-2026 08:30,5094.37,5099.4,5083.61,5086.64,4603
09-03-2026 08:45,5086.62,5101.96,5083.61,5083.68,3810
09-03-2026 09:00,5083.63,5093.63,5081.32,5086.54,3659
09-03-2026 09:15,5086.54,5092.89,5086.37,5090.91,2692
09-03-2026 09:30,5090.9,5096.81,5086.52,5090.48,3207
09-03-2026 09:45,5090.59,5094.23,5087.85,5088.86,2509
09-03-2026 10:00,5088.95,5092.66,5086.95,5089.75,2625
09-03-2026 10:15,5089.75,5090.78,5084.51,5089.78,2586
09-03-2026 10:30,5089.77,5101.57,5080.57,5096.16,3701
09-03-2026 10:45,5096.14,5103.7,5087.03,5095.11,4431
09-03-2026 11:00,5095.11,5120.49,5091.81,5120.27,4972
09-03-2026 11:15,5120.09,5139.79,5118.97,5123.78,5400
09-03-2026 11:30,5123.78,5133.66,5118.31,5127.19,5078
09-03-2026 11:45,5127.18,5130.75,5122.64,5125.91,4472
09-03-2026 12:00,5126.68,5129.19,5104.47,5106.67,4502
09-03-2026 12:15,5106.67,5110.66,5096.53,5096.96,4153
09-03-2026 12:30,5097.03,5101.08,5087.71,5096.39,4271
09-03-2026 12:45,5096.4,5106.38,5094.92,5106.14,3634
09-03-2026 13:00,5106.14,5107.5,5099.72,5100.99,3757
09-03-2026 13:15,5100.99,5101.32,5093.56,5098.67,3547
09-03-2026 13:30,5098.41,5110.67,5098.34,5099.74,4614
09-03-2026 13:45,5099.75,5106.33,5090.6,5091.31,4157
09-03-2026 14:00,5091.43,5096.69,5086.77,5090.05,3990
09-03-2026 14:15,5090.06,5102.39,5087.07,5096.55,3772
09-03-2026 14:30,5096.55,5116.87,5094.93,5112.39,3845
09-03-2026 14:45,5112.49,5126.9,5111.92,5125.01,3995
09-03-2026 15:00,5124.93,5132.35,5102.74,5102.79,4558
09-03-2026 15:15,5102.78,5106.96,5096.8,5104.73,4053
09-03-2026 15:30,5104.74,5111.09,5102.46,5108.96,3649
09-03-2026 15:45,5108.97,5110.29,5098.25,5099.52,3417
09-03-2026 16:00,5099.35,5099.91,5088.59,5095.52,4194
09-03-2026 16:15,5095.49,5096.26,5083.56,5086.95,3987
09-03-2026 16:30,5087.16,5097.1,5087.16,5090.04,3936
09-03-2026 16:45,5089.67,5092.21,5078.95,5085.63,3961
09-03-2026 17:00,5085.73,5092.96,5082.06,5085.62,3585
09-03-2026 17:15,5085.25,5094.54,5084.06,5087.95,3663
09-03-2026 17:30,5088.12,5099.68,5088.11,5096.2,3895
09-03-2026 17:45,5096.25,5109.81,5094.42,5109.3,3882
09-03-2026 18:00,5109.31,5112.52,5103.82,5106.74,3934
09-03-2026 18:15,5106.93,5106.93,5093.35,5094.8,4223
09-03-2026 18:30,5094.99,5099.09,5087.8,5092.49,4999
09-03-2026 18:45,5092.41,5097.94,5084.43,5094.45,5101
09-03-2026 19:00,5094.43,5111.05,5074.14,5075.15,6165
09-03-2026 19:15,5074.53,5083.67,5066.7,5073.5,6256
09-03-2026 19:30,5073.5,5087.76,5060.37,5070.74,6273
09-03-2026 19:45,5070.89,5083.65,5064.41,5081.16,5731
09-03-2026 20:00,5081.02,5114.58,5079.28,5112.52,5802
09-03-2026 20:15,5112.52,5115.73,5085.8,5093.63,5837
09-03-2026 20:30,5093.6,5094.27,5079.32,5091.37,5630
09-03-2026 20:45,5091.4,5099.99,5081.81,5099.39,5003
09-03-2026 21:00,5099.36,5102.28,5092.79,5094.79,4532
09-03-2026 21:15,5095,5103.23,5093.92,5099.38,4668
09-03-2026 21:30,5099.27,5109.39,5096.68,5103.28,4500
09-03-2026 21:45,5103.14,5105.07,5094.51,5103.51,4604
09-03-2026 22:00,5103.88,5110.49,5102.39,5106.96,3897
09-03-2026 22:15,5106.96,5108.44,5102.75,5104.39,3834
09-03-2026 22:30,5104.4,5106.38,5098.08,5099.52,3872
09-03-2026 22:45,5099.51,5101.99,5090.79,5094.74,4073
09-03-2026 23:00,5094.85,5097.71,5088.65,5090.59,4001
09-03-2026 23:15,5090.6,5099.38,5090.51,5095.78,3930
09-03-2026 23:30,5095.79,5097.92,5092.3,5097.36,3482
09-03-2026 23:45,5097.36,5106.94,5096.47,5105,3364
10-03-2026 00:00,5105.03,5119.93,5104.23,5117.82,3557
10-03-2026 00:15,5117.92,5126.17,5115.27,5122.9,3565
10-03-2026 00:30,5123.15,5130.49,5118.31,5122.57,3833
10-03-2026 00:45,5122.58,5143.7,5118.29,5139.66,5181
10-03-2026 01:00,5139.3,5139.66,5125.03,5135.08,5229
10-03-2026 01:15,5135.1,5143.62,5128.85,5140.61,4381
10-03-2026 01:30,5140.67,5147.76,5137.65,5139.5,3141
10-03-2026 01:45,5139.53,5140.08,5134.05,5139.11,2162
10-03-2026 02:00,5139.09,5139.57,5134.57,5138.91,1735
10-03-2026 02:15,5138.88,5140.23,5133.79,5136.18,1996
10-03-2026 03:30,5149.06,5150.73,5117.56,5132.32,2522
10-03-2026 03:45,5132.2,5135.73,5116.98,5131.76,2591
10-03-2026 04:00,5131.71,5139.74,5128.03,5136.35,2998
10-03-2026 04:15,5136.19,5152.94,5136.12,5152.48,2833
10-03-2026 04:30,5152.51,5154.17,5138.45,5145.93,3518
10-03-2026 04:45,5145.98,5155.52,5142.41,5144.59,3085
10-03-2026 05:00,5144.58,5149.33,5135.83,5137.14,2924
10-03-2026 05:15,5137.13,5142.89,5136.87,5139.33,2939
10-03-2026 05:30,5139.17,5141.26,5130.65,5136.55,3711
10-03-2026 05:45,5136.56,5137.52,5128.81,5130.17,3622
10-03-2026 06:00,5130.16,5137.39,5124.05,5136.99,3696
10-03-2026 06:15,5137,5139.17,5127.87,5130.78,3780
10-03-2026 06:30,5130.78,5153.3,5124.44,5143.01,5242
10-03-2026 06:45,5143,5167.19,5141.74,5157.67,5067
10-03-2026 07:00,5157.72,5168.46,5152.68,5165.94,5119
10-03-2026 07:15,5165.95,5186.04,5164.03,5184.09,4767
10-03-2026 07:30,5184.08,5186.63,5170.25,5175.1,4628
10-03-2026 07:45,5175.1,5180.92,5172.32,5179.74,3245
10-03-2026 08:00,5179.46,5184.52,5175.8,5182.14,4051
10-03-2026 08:15,5182.13,5185.79,5163.33,5165.73,4377
10-03-2026 08:30,5165.71,5172.95,5164.75,5165.99,3952
10-03-2026 08:45,5165.99,5170.04,5161.34,5166.26,3877
10-03-2026 09:00,5166.22,5167.4,5159.59,5162.04,3213
10-03-2026 09:15,5162.04,5162.58,5155.11,5157.22,2926
10-03-2026 09:30,5157,5164.94,5154.02,5164.07,3255
10-03-2026 09:45,5164.08,5166.22,5161.16,5162.13,2647
10-03-2026 10:00,5162.16,5165.24,5161.13,5161.83,2502
10-03-2026 10:15,5161.75,5165.09,5161.32,5163.61,1826
10-03-2026 10:30,5163.61,5173.04,5163.56,5172.62,2988
10-03-2026 10:45,5172.62,5173.49,5168.73,5171.34,2275
10-03-2026 11:00,5171.28,5173.87,5167.11,5168.47,3365
10-03-2026 11:15,5168.3,5178.99,5166.58,5177.71,3101
10-03-2026 11:30,5177.86,5180.71,5173.84,5179.21,3448
10-03-2026 11:45,5179.27,5179.27,5171.68,5175.91,3135
10-03-2026 12:00,5176.05,5178.76,5173.34,5175.58,3271
10-03-2026 12:15,5175.18,5176.99,5173.15,5175.15,3255
10-03-2026 12:30,5175.14,5178.61,5170.66,5174.4,3640
10-03-2026 12:45,5174.34,5177.11,5158.52,5169.12,3891
10-03-2026 13:00,5169.07,5178.01,5165.27,5175.82,3458
10-03-2026 13:15,5175.87,5181.11,5174.87,5180.55,3233
10-03-2026 13:30,5180.58,5184.81,5174.76,5179.55,4395
10-03-2026 13:45,5179.58,5183.85,5175.2,5183.73,3216
10-03-2026 14:00,5183.73,5194.38,5182.72,5189.65,3878
10-03-2026 14:15,5189.66,5194.63,5182.64,5183.1,3467
10-03-2026 14:30,5183.23,5189.02,5180.4,5187.53,3002
10-03-2026 14:45,5187.55,5188.95,5180.52,5186.5,3290
10-03-2026 15:00,5186.55,5187.88,5181.9,5187.49,3307
10-03-2026 15:15,5187.49,5189.03,5182.56,5182.57,2831
10-03-2026 15:30,5182.56,5183.83,5175.6,5181.29,3477
10-03-2026 15:45,5181.29,5181.87,5173.1,5173.67,3847
10-03-2026 16:00,5174.04,5176.58,5156.33,5168.62,4388
10-03-2026 16:15,5168.38,5177.99,5168.38,5177.07,3648
10-03-2026 16:30,5177.14,5191.85,5176.49,5187.25,4298
10-03-2026 16:45,5187.23,5189.27,5179.68,5182.54,4105
10-03-2026 17:00,5182.7,5184.73,5173.47,5174.09,3632
10-03-2026 17:15,5174.04,5179.12,5171.46,5174.58,3674
10-03-2026 17:30,5174.58,5176.31,5162.01,5171.07,4662
10-03-2026 17:45,5171.06,5180.39,5165.13,5179.41,3952
10-03-2026 18:00,5179.21,5185.21,5178.09,5185.09,3688
10-03-2026 18:15,5185.09,5189.1,5180.19,5186.52,3690
10-03-2026 18:30,5186.52,5202.37,5185.66,5200.42,5148
10-03-2026 18:45,5200.42,5228.43,5198.87,5221.35,5287
10-03-2026 19:00,5221.37,5222.12,5207.18,5209.12,6057
10-03-2026 19:15,5208.99,5215.15,5195.69,5205.32,5647
10-03-2026 19:30,5205.33,5208.34,5185.09,5194.98,5226
10-03-2026 19:45,5194.99,5214.14,5194.16,5208.74,4727
10-03-2026 20:00,5208.42,5213.23,5202.51,5205.81,4676
10-03-2026 20:15,5206.05,5211.79,5204.41,5206.48,4045
10-03-2026 20:30,5206.5,5226.14,5202.98,5223.23,4290
10-03-2026 20:45,5223.2,5228.38,5221.36,5225.55,4082
10-03-2026 21:00,5225.56,5236.23,5224.98,5235.57,4395
10-03-2026 21:15,5235.68,5238.26,5226.72,5228.34,4082
10-03-2026 21:30,5228.74,5230.2,5222.36,5223.28,4087
10-03-2026 21:45,5223.03,5235.25,5222.4,5231.97,3459
10-03-2026 22:00,5232.22,5234.25,5226.98,5228.33,3151
10-03-2026 22:15,5228.17,5231.73,5225.63,5227.32,3264
10-03-2026 22:30,5227.4,5235.11,5226.67,5233.87,3286
10-03-2026 22:45,5234.1,5234.14,5223.33,5232.93,4218
10-03-2026 23:00,5232.94,5234.46,5227.27,5227.84,4098
10-03-2026 23:15,5227.82,5232.56,5226.13,5227.32,3442
10-03-2026 23:30,5227.46,5227.74,5215.18,5215.75,3905
10-03-2026 23:45,5215.5,5218.35,5160,5202.4,5800
11-03-2026 00:00,5202.32,5207.52,5189.44,5195.01,5229
11-03-2026 00:15,5194.63,5204.53,5190.38,5191.18,4655
11-03-2026 00:30,5191.24,5199.22,5183.67,5197.72,4469
11-03-2026 00:45,5197.8,5207.26,5197.6,5200.4,3946
11-03-2026 01:00,5200.16,5200.36,5179.41,5187.16,4796
11-03-2026 01:15,5187.16,5199.22,5187.05,5198.28,3973
11-03-2026 01:30,5197.46,5198.54,5192.86,5197.32,1885
11-03-2026 01:45,5197.4,5198.22,5191.27,5194.52,1659
11-03-2026 02:00,5194.39,5197.56,5192.73,5197.5,1177
11-03-2026 02:15,5197.39,5198.56,5191.89,5192.29,1473
11-03-2026 03:30,5189.91,5194.38,5182.52,5189.84,1570
11-03-2026 03:45,5189.97,5197.17,5188.18,5190.15,1713
11-03-2026 04:00,5190.16,5195.24,5187.09,5193.35,2045
11-03-2026 04:15,5193.34,5194.78,5185.3,5188.98,2172
11-03-2026 04:30,5188.97,5196.26,5188.28,5191.52,1834
11-03-2026 04:45,5191.51,5197.21,5187.45,5193.48,1649
11-03-2026 05:00,5193.49,5195.68,5190.39,5190.99,1319
11-03-2026 05:15,5190.98,5197.02,5187.67,5196.86,2088
11-03-2026 05:30,5196.89,5197.99,5186.59,5192.12,3208
11-03-2026 05:45,5192.12,5215.3,5191.07,5212.2,3441
11-03-2026 06:00,5212.18,5212.23,5205.79,5211.11,2392
11-03-2026 06:15,5211.1,5219.12,5210.95,5215.21,3051
11-03-2026 06:30,5215.2,5223.03,5211.96,5214.99,4282
11-03-2026 06:45,5215.09,5222.76,5210.45,5214.58,3807
11-03-2026 07:00,5214.58,5219.55,5212.47,5214.22,3601
11-03-2026 07:15,5214.07,5217.65,5208.26,5208.28,3395
11-03-2026 07:30,5208.29,5209.36,5193.92,5201.26,3966
11-03-2026 07:45,5201.17,5206.43,5200.25,5203.98,2851
11-03-2026 08:00,5203.84,5209.72,5201.74,5207.45,3282
11-03-2026 08:15,5207.42,5220.2,5207.42,5217.1,3388
11-03-2026 08:30,5217.13,5220.16,5211.68,5213.59,3023
11-03-2026 08:45,5213.16,5214.56,5204.33,5204.47,2940
11-03-2026 09:00,5204.45,5209.29,5203.49,5207.64,2104
11-03-2026 09:15,5207.61,5208.31,5199.02,5203.04,2232
11-03-2026 09:30,5203.03,5206.03,5199.26,5205.58,2039
11-03-2026 09:45,5205.56,5208.29,5204.32,5207.11,1718
11-03-2026 10:00,5207.11,5208.11,5203.87,5206.4,1542
11-03-2026 10:15,5206.41,5206.41,5201.61,5204.24,2196
11-03-2026 10:30,5204.23,5207.93,5203.29,5204.12,2451
11-03-2026 10:45,5204.15,5205.91,5199.97,5200.18,2357
11-03-2026 11:00,5200.22,5204.34,5190.44,5200.7,3962
11-03-2026 11:15,5200.79,5201.38,5195.32,5199.41,3239
11-03-2026 11:30,5199.4,5210.07,5196.07,5209.15,3487
11-03-2026 11:45,5209.01,5210.54,5202.88,5206.28,3039
11-03-2026 12:00,5206.3,5206.46,5191.31,5194.57,2717
11-03-2026 12:15,5194.57,5198.88,5192.03,5197.31,3268
11-03-2026 12:30,5196.89,5201.8,5195.18,5198.69,3006
11-03-2026 12:45,5198.91,5199.74,5195.18,5197.69,2686
11-03-2026 13:00,5197.7,5198.2,5184.27,5191.25,3500
11-03-2026 13:15,5191.25,5197.57,5189.7,5195.46,2838
11-03-2026 13:30,5195.48,5198.37,5187.8,5198.22,3419
11-03-2026 13:45,5198.2,5198.2,5180.88,5184.6,3124
11-03-2026 14:00,5184.5,5187.23,5175.03,5181.3,3365
11-03-2026 14:15,5181.22,5188.38,5179.19,5187.31,3112
11-03-2026 14:30,5187.29,5188,5179.43,5183.77,3585
11-03-2026 14:45,5183.65,5190.28,5183.29,5187.33,3021
11-03-2026 15:00,5187.32,5196.97,5186.94,5191.43,2944
11-03-2026 15:15,5191.57,5194.22,5186.39,5187.5,2848
11-03-2026 15:30,5187.49,5195.03,5186.2,5193.18,2672
11-03-2026 15:45,5193.26,5194.97,5189.2,5191.57,2469
11-03-2026 16:00,5191.71,5191.71,5176.95,5178.94,3239
11-03-2026 16:15,5178.93,5190.79,5177.29,5185.76,3035
11-03-2026 16:30,5185.79,5193.25,5184.11,5187.33,2738
11-03-2026 16:45,5187.34,5189.71,5179.37,5180.82,2902
11-03-2026 17:00,5180.85,5190.43,5179.59,5184.55,3018
11-03-2026 17:15,5184.99,5187.86,5175.03,5180.61,3804
11-03-2026 17:30,5180.63,5192.82,5177.03,5190.77,3593
11-03-2026 17:45,5190.86,5194.74,5187.3,5190.42,3310
11-03-2026 18:00,5190.49,5196.13,5172.55,5179.74,4746
11-03-2026 18:15,5179.6,5180.43,5166.57,5167.45,4468
11-03-2026 18:30,5167.44,5181.75,5162.06,5177.56,5044
11-03-2026 18:45,5177.55,5182.98,5175.87,5181.33,4095
11-03-2026 19:00,5181.53,5181.53,5165.2,5165.45,5446
11-03-2026 19:15,5165.39,5176.92,5149.23,5176.65,5483
11-03-2026 19:30,5176.63,5190.01,5174.77,5189.72,5690
11-03-2026 19:45,5189.71,5195.45,5181.98,5194.13,5148
11-03-2026 20:00,5194.32,5196.15,5174.39,5183.02,4895
11-03-2026 20:15,5183.2,5193.38,5180.37,5183.08,4740
11-03-2026 20:30,5183.06,5185.61,5170.53,5170.63,5022
11-03-2026 20:45,5170.64,5179.09,5168.41,5172.33,4436
11-03-2026 21:00,5172.4,5173.84,5166.17,5169.21,4618
11-03-2026 21:15,5169.06,5174.96,5163.83,5166.08,4293
11-03-2026 21:30,5165.99,5172.37,5163.34,5172.19,4549
11-03-2026 21:45,5172.13,5172.39,5164.09,5166.63,4150
11-03-2026 22:00,5166.52,5176.49,5165.79,5174.05,3683
11-03-2026 22:15,5174.16,5177.69,5169.77,5175.09,3188
11-03-2026 22:30,5175.06,5180.42,5174.17,5175.37,3108
11-03-2026 22:45,5175.34,5177.7,5169.24,5171.53,3486
11-03-2026 23:00,5171.58,5172.04,5153.93,5162.72,4268
11-03-2026 23:15,5162.68,5169.52,5160.78,5169.34,3469
11-03-2026 23:30,5169.17,5174.76,5168.71,5171.89,3212
11-03-2026 23:45,5171.77,5178.16,5171.71,5177.44,3251
12-03-2026 00:00,5177.42,5178.07,5176.04,5177.01,2227
12-03-2026 00:15,5177,5177.71,5170.09,5172.28,2866
12-03-2026 00:30,5172.28,5174.1,5169.03,5172.09,2310
12-03-2026 00:45,5172.08,5177.5,5171.51,5176.92,2282
12-03-2026 01:00,5176.93,5179.76,5175.88,5179.4,2353
12-03-2026 01:15,5179.48,5183.23,5176.56,5183.02,2773
12-03-2026 01:30,5182.87,5183.33,5176.45,5177.67,1426
12-03-2026 01:45,5177.66,5178.89,5174.9,5177.58,1002
12-03-2026 02:00,5177.51,5177.75,5175.77,5176.1,829
12-03-2026 02:15,5176.05,5177.89,5175.05,5175.57,890
12-03-2026 03:30,5181.9,5181.9,5167.95,5174.34,992
12-03-2026 03:45,5174.29,5176.52,5164.99,5169.48,1326
12-03-2026 04:00,5169.5,5169.53,5153.15,5158.39,2621
12-03-2026 04:15,5158.41,5168.74,5129.55,5138.74,3099
12-03-2026 04:30,5137.38,5153.56,5135,5151.67,3014
12-03-2026 04:45,5151.71,5156.76,5149.94,5155.76,2129
12-03-2026 05:00,5155.32,5157.71,5145.74,5146.55,2705
12-03-2026 05:15,5146.48,5146.94,5132.89,5134.01,2897
12-03-2026 05:30,5133.99,5141.78,5125.21,5138.61,3847
12-03-2026 05:45,5138.62,5157.62,5138.62,5152.48,3470
12-03-2026 06:00,5152.47,5161.26,5151.17,5154.04,2939
12-03-2026 06:15,5154.03,5155.66,5149.81,5152.58,2908
12-03-2026 06:30,5152.64,5166.49,5151.47,5156.9,4667
12-03-2026 06:45,5156.91,5160.89,5151.22,5157.24,3940
12-03-2026 07:00,5157.25,5170.18,5154.45,5169.64,3612
12-03-2026 07:15,5169.66,5172.56,5164.14,5168.33,3351
12-03-2026 07:30,5168.35,5174.39,5167,5173.91,2880
12-03-2026 07:45,5173.92,5174.94,5167.07,5167.92,2535
12-03-2026 08:00,5168.2,5171.28,5155.44,5157.45,3806
12-03-2026 08:15,5157.62,5158.14,5145.56,5150.5,4166
12-03-2026 08:30,5150.49,5155.51,5148.39,5153.87,3344
12-03-2026 08:45,5153.86,5154.98,5147.19,5151.66,3270
12-03-2026 09:00,5151.69,5153.53,5148.04,5152.34,2487
12-03-2026 09:15,5152.31,5154.45,5151.14,5153.09,1635
12-03-2026 09:30,5153.23,5153.23,5149.9,5152.09,1171
12-03-2026 09:45,5152.1,5153.84,5150.12,5152.51,1617
12-03-2026 10:00,5152.43,5152.43,5143.77,5143.82,2346
12-03-2026 10:15,5143.82,5146.6,5140.4,5142.48,2136
12-03-2026 10:30,5142.46,5149.03,5141.38,5146.17,2809
12-03-2026 10:45,5146.16,5148.71,5137.17,5142.83,2569
12-03-2026 11:00,5142.81,5154.38,5141.07,5153.35,3415
12-03-2026 11:15,5153.4,5157.51,5151.62,5154.46,2534
12-03-2026 11:30,5154.46,5157.45,5151.47,5154.3,2881
12-03-2026 11:45,5154.29,5157.64,5147.2,5156.39,2551
12-03-2026 12:00,5156.53,5169.92,5155.95,5168.5,2673
12-03-2026 12:15,5168.57,5170.23,5165.07,5166.14,2825
12-03-2026 12:30,5165.98,5170.3,5164.45,5170.06,2000
12-03-2026 12:45,5170.05,5170.44,5165.85,5168.93,1944
12-03-2026 13:00,5168.89,5179.68,5168.04,5178.76,2160
12-03-2026 13:15,5178.77,5184.97,5175.81,5182.01,2438
12-03-2026 13:30,5182.08,5189.42,5180.61,5181.41,3099
12-03-2026 13:45,5181.31,5184.27,5176.83,5177.19,2548
12-03-2026 14:00,5177.24,5181.64,5177.24,5181.13,2390
12-03-2026 14:15,5181.14,5182.78,5175.54,5177.94,2477
12-03-2026 14:30,5178.03,5181.21,5175.51,5176.38,2480
12-03-2026 14:45,5176.34,5181.32,5174.3,5180.08,2283
12-03-2026 15:00,5180.12,5187.39,5180.12,5184.62,2799
12-03-2026 15:15,5184.79,5190.24,5182.55,5188.33,2539
12-03-2026 15:30,5188.12,5191.59,5186.62,5186.97,2565
12-03-2026 15:45,5187.16,5187.18,5179.97,5180.22,2367
12-03-2026 16:00,5180.51,5183.02,5176.1,5181.81,2459
12-03-2026 16:15,5181.83,5183.86,5178.65,5182.26,2260
12-03-2026 16:30,5182.27,5183.72,5178.65,5178.75,2051
12-03-2026 16:45,5178.76,5179.4,5172.6,5176.3,2425
12-03-2026 17:00,5176.34,5180.72,5175.29,5180.72,2642
12-03-2026 17:15,5180.79,5181.3,5176.46,5178.96,2715
12-03-2026 17:30,5179.55,5180.47,5166.9,5168.26,3443
12-03-2026 17:45,5168.19,5172.25,5163.33,5171.78,3215
12-03-2026 18:00,5171.73,5175.81,5167.97,5173.45,3279
12-03-2026 18:15,5173.45,5185.38,5173.39,5181.14,3253
12-03-2026 18:30,5180.89,5185.79,5178.59,5184.3,3670
12-03-2026 18:45,5183.97,5184.17,5158.68,5170.84,3959
12-03-2026 19:00,5170.54,5170.54,5155.08,5158.61,4156
12-03-2026 19:15,5158.63,5159.25,5145.62,5150.67,4066
12-03-2026 19:30,5150.66,5163.1,5149.55,5160.53,3974
12-03-2026 19:45,5160.56,5162.57,5149.49,5151.94,3941
12-03-2026 20:00,5152.19,5153.6,5139.44,5148.45,3972
12-03-2026 20:15,5148.52,5153.27,5137.99,5142.57,4061
12-03-2026 20:30,5142.56,5144.72,5109.44,5124.06,4054
12-03-2026 20:45,5124.03,5132.42,5117.19,5129.2,3848
12-03-2026 21:00,5129.12,5134.48,5118.23,5130.95,3833
12-03-2026 21:15,5130.93,5135.22,5125.36,5132.28,3934
12-03-2026 21:30,5131.94,5134.85,5120.72,5127.99,3814
12-03-2026 21:45,5127.99,5137.96,5127.35,5131.7,3615
12-03-2026 22:00,5131.71,5137.44,5124.44,5134.88,3587
12-03-2026 22:15,5134.96,5135.37,5121.5,5123.47,3415
12-03-2026 22:30,5123.26,5129.57,5120.68,5121.47,3308
12-03-2026 22:45,5121.49,5122.64,5113.37,5118.73,3498
12-03-2026 23:00,5119.13,5119.92,5104.97,5110.48,3542
12-03-2026 23:15,5110.47,5112.1,5102.36,5105.22,3391
12-03-2026 23:30,5105.06,5112.42,5104.78,5107.02,3399
12-03-2026 23:45,5107.08,5110.33,5101.01,5104.35,3393
13-03-2026 00:00,5104.31,5104.31,5098.41,5098.53,3116
13-03-2026 00:15,5098.58,5099.4,5090.73,5094.36,3105
13-03-2026 00:30,5094.32,5094.99,5079,5084.8,3478
13-03-2026 00:45,5084.91,5095.46,5081,5093.53,3290
13-03-2026 01:00,5093.54,5096.71,5090.38,5091.84,2754
13-03-2026 01:15,5091.84,5096.13,5080.86,5084.16,3064
13-03-2026 01:30,5084.36,5090.22,5083.13,5084.93,1935
13-03-2026 01:45,5084.99,5088.6,5070.72,5071.25,2507
13-03-2026 02:00,5071.23,5072.42,5054.49,5071.83,2613
13-03-2026 02:15,5071.83,5080.9,5071.49,5078.57,1914
13-03-2026 03:30,5075.08,5085.69,5072,5081.17,1662
13-03-2026 03:45,5080.98,5094.7,5080.48,5092.08,1965
13-03-2026 04:00,5092.07,5092.08,5084.89,5089.2,1314
13-03-2026 04:15,5089.4,5095.71,5087.85,5095.71,1342
13-03-2026 04:30,5095.71,5096.06,5088.86,5090.36,2079
13-03-2026 04:45,5090.38,5099.33,5090.2,5093.85,2061
13-03-2026 05:00,5093.85,5098.17,5091.77,5094.57,1952
13-03-2026 05:15,5094.56,5101.04,5094.47,5097.9,1792
13-03-2026 05:30,5097.76,5108.06,5097.18,5105.78,2227
13-03-2026 05:45,5105.8,5108.17,5103.95,5106.04,1782
13-03-2026 06:00,5106.03,5110.31,5105.71,5107.6,1893
13-03-2026 06:15,5107.45,5115.07,5107.03,5113.47,1770
13-03-2026 06:30,5113.43,5120.47,5113.29,5119.29,3079
13-03-2026 06:45,5119.29,5120.41,5113.81,5118.65,2694
13-03-2026 07:00,5118.68,5121.45,5111.55,5112.05,2792
13-03-2026 07:15,5112.28,5123.99,5108.61,5123.99,3217
13-03-2026 07:30,5123.95,5128.13,5122.45,5122.94,2821
13-03-2026 07:45,5122.95,5122.97,5114.59,5121.23,2322
13-03-2026 08:00,5121.13,5121.44,5115.41,5117.68,2425
13-03-2026 08:15,5117.68,5118.31,5110.16,5111.71,2595
13-03-2026 08:30,5111.74,5115.73,5108.85,5110.65,2750
13-03-2026 08:45,5110.7,5113.83,5108.17,5110.28,2498
13-03-2026 09:00,5110.26,5112.11,5106.11,5110.5,1829
13-03-2026 09:15,5110.66,5116.55,5110.23,5115.43,1681
13-03-2026 09:30,5115.36,5117.75,5112.39,5114.13,1598
13-03-2026 09:45,5114.16,5114.32,5103.71,5105.43,1944
13-03-2026 10:00,5105.44,5106.98,5102.57,5104.36,1977
13-03-2026 10:15,5104.35,5106.6,5103,5104.17,1736
13-03-2026 10:30,5104.16,5109.27,5102.5,5108.91,1682
13-03-2026 10:45,5108.94,5110.05,5104.75,5105.84,1742
13-03-2026 11:00,5105.82,5110.91,5099.87,5100.54,2917
13-03-2026 11:15,5100.5,5105.56,5098.12,5103.13,3022
13-03-2026 11:30,5103.19,5107.67,5101.53,5103.78,2743
13-03-2026 11:45,5103.7,5103.85,5088.8,5095.55,3121
13-03-2026 12:00,5095.51,5098.25,5087.8,5091.62,3237
13-03-2026 12:15,5091.67,5094.69,5085.68,5088.22,3388
13-03-2026 12:30,5088.22,5094,5083.6,5090.14,2990
13-03-2026 12:45,5090.17,5090.3,5071.62,5084.72,3248
13-03-2026 13:00,5084.44,5092.89,5083.84,5089.17,2658
13-03-2026 13:15,5089.21,5092.58,5082.17,5085.03,2704
13-03-2026 13:30,5085.05,5085.05,5066.56,5077.96,3470
13-03-2026 13:45,5077.93,5079,5061.38,5070.69,3287
13-03-2026 14:00,5070.64,5084.22,5070.27,5076,3072
13-03-2026 14:15,5075.9,5087.83,5075.83,5087.18,2938
13-03-2026 14:30,5087.23,5096.9,5085.85,5092.32,3001
13-03-2026 14:45,5092.53,5093.15,5084.05,5091.56,2897
13-03-2026 15:00,5091.55,5092.56,5083.14,5085.23,2637
13-03-2026 15:15,5085.29,5094.09,5084.68,5089.52,2620
13-03-2026 15:30,5089.49,5093.19,5085.91,5093.17,2713
13-03-2026 15:45,5093.29,5096.58,5088.49,5089.18,2344
13-03-2026 16:00,5089.16,5089.35,5080,5087.37,2474
13-03-2026 16:15,5087.45,5098.1,5084.4,5094.74,2857
13-03-2026 16:30,5095.24,5097.46,5086.16,5090.35,3098
13-03-2026 16:45,5090.28,5097.06,5088.86,5095.28,2648
13-03-2026 17:00,5094.95,5096.41,5091.87,5094.63,2571
13-03-2026 17:15,5094.89,5107.55,5092.07,5107.54,2936
13-03-2026 17:30,5107.39,5118.55,5107.18,5108.22,3573
13-03-2026 17:45,5108.48,5115.28,5104.15,5113.26,3135
13-03-2026 18:00,5113.39,5115.96,5107.62,5111.72,3461
13-03-2026 18:15,5111.79,5121.08,5110.61,5117.71,3399
13-03-2026 18:30,5117.82,5120.75,5109.64,5112.22,3794
13-03-2026 18:45,5112.25,5114.78,5107.23,5108.67,3312
13-03-2026 19:00,5108.53,5112.24,5096.23,5111.89,4060
13-03-2026 19:15,5111.94,5116.61,5099.18,5101.56,3835
13-03-2026 19:30,5101.45,5107.76,5090.71,5090.71,3986
13-03-2026 19:45,5089.8,5094.18,5082.58,5088.89,4075
13-03-2026 20:00,5088.72,5091.8,5074.52,5079.18,4065
13-03-2026 20:15,5079.11,5079.11,5036.12,5040.66,4163
13-03-2026 20:30,5040.91,5070.52,5037.44,5068.36,4104
13-03-2026 20:45,5068.37,5070.44,5056.05,5062.39,4009
13-03-2026 21:00,5061.99,5067.44,5041.05,5045.85,4067
13-03-2026 21:15,5045.79,5056.48,5030.42,5033.89,4172
13-03-2026 21:30,5033.88,5039.81,5018.17,5031.09,4165
13-03-2026 21:45,5031.14,5040.83,5029.73,5040.16,4010
13-03-2026 22:00,5040.15,5052.16,5039.33,5043.66,3833
13-03-2026 22:15,5043.88,5050.88,5040.8,5045.15,3774
13-03-2026 22:30,5045.16,5056.25,5042.67,5056.25,3539
13-03-2026 22:45,5056.38,5061.57,5051.73,5055.75,3707
13-03-2026 23:00,5055.86,5063.31,5050.56,5052.99,3556
13-03-2026 23:15,5052.98,5054.84,5043,5045.93,3559
13-03-2026 23:30,5045.74,5051.2,5040.1,5041.9,3401
13-03-2026 23:45,5041.89,5045.65,5035.52,5041.28,3698
14-03-2026 00:00,5041.18,5048.87,5039.89,5043.67,3209
14-03-2026 00:15,5043.64,5045.96,5040.66,5045.93,2814
14-03-2026 00:30,5045.93,5049.26,5033.45,5039.43,2999
14-03-2026 00:45,5039.48,5039.76,5031.72,5034.41,3204
14-03-2026 01:00,5034.4,5036.25,5022.56,5024.91,3243
14-03-2026 01:15,5024.85,5025.38,5009.11,5015.91,3698
14-03-2026 01:30,5016.53,5020.77,5011.77,5016.1,2293
14-03-2026 01:45,5015.99,5020.89,5011.79,5013.38,1886
14-03-2026 02:00,5013.42,5024.58,5012.52,5023.96,1737
14-03-2026 02:15,5023.97,5023.97,5016.09,5019.08,1991
16-03-2026 03:30,5010.47,5029.13,5006.12,5022.42,2079
16-03-2026 03:45,5022.43,5022.96,5000.05,5012.8,2925
16-03-2026 04:00,5012.58,5017.71,5007.92,5010.12,2967
16-03-2026 04:15,5010.15,5025.7,5009.92,5024.75,2831
16-03-2026 04:30,5024.7,5025.99,5001.9,5006.96,3408
16-03-2026 04:45,5006.94,5007.7,4967.32,4989.27,3633
16-03-2026 05:00,4989.27,4992.13,4979.07,4983.74,3789
16-03-2026 05:15,4983.72,4998.62,4971.99,4997.52,3713
16-03-2026 05:30,4997.45,5028.21,4996.69,5022.39,3823
16-03-2026 05:45,5022.37,5023.51,5014.98,5016.67,3036
16-03-2026 06:00,5016.67,5030.85,5014.78,5027.7,3155
16-03-2026 06:15,5027.81,5030.07,5017,5025.59,3080
16-03-2026 06:30,5025.88,5026.42,4985.92,4985.92,4100
16-03-2026 06:45,4986.05,5005.15,4983.41,4987.79,4047
16-03-2026 07:00,4987.78,5004.02,4982.49,5003.65,3962
16-03-2026 07:15,5003.67,5016.37,5002.33,5015.83,3636
16-03-2026 07:30,5015.85,5018.78,5010.58,5015.21,3662
16-03-2026 07:45,5015.2,5018.57,5010.32,5012.9,2899
16-03-2026 08:00,5012.9,5014.48,5002.47,5006.02,3535
16-03-2026 08:15,5005.98,5008.5,4997.87,5003.45,3547
16-03-2026 08:30,5003.46,5006.65,4998.06,4999.38,3298
16-03-2026 08:45,4999.37,5011.57,4998.45,5011.12,3059
16-03-2026 09:00,5011.09,5018.88,5010.17,5018.69,2588
16-03-2026 09:15,5018.71,5020.58,5015.92,5019.1,2266
16-03-2026 09:30,5019.07,5025.95,5018.97,5024.28,2074
16-03-2026 09:45,5024.33,5026.12,5020.72,5021.37,1887
16-03-2026 10:00,5021.39,5024.67,5014.53,5016.75,1941
16-03-2026 10:15,5016.74,5016.88,5012.24,5012.66,1674
16-03-2026 10:30,5012.63,5015.6,5011.02,5012.51,2274
16-03-2026 10:45,5012.53,5012.98,5008.04,5010.75,1905
16-03-2026 11:00,5010.74,5017.19,5003.09,5016.17,3264
16-03-2026 11:15,5016.08,5019.9,5015.39,5017.22,2942
16-03-2026 11:30,5017.23,5027.47,5012.98,5027.14,3011
16-03-2026 11:45,5027.12,5036.06,5025.4,5027.61,3225
16-03-2026 12:00,5027.65,5029.46,5020.88,5022.19,2949
16-03-2026 12:15,5022.18,5022.71,5005.33,5012.04,3314
16-03-2026 12:30,5012.3,5016.24,5009.45,5009.7,2623
16-03-2026 12:45,5009.7,5009.7,4998.15,5002.24,3134
16-03-2026 13:00,5002.28,5007.21,4991.62,4992.57,3148
16-03-2026 13:15,4992.61,5000.03,4992.61,4995.24,2720
16-03-2026 13:30,4995.43,5000.48,4988.45,4988.45,3463
16-03-2026 13:45,4988.64,5003.37,4987.55,4996.78,3504
16-03-2026 14:00,4996.76,4998.36,4984.89,4987.13,3214
16-03-2026 14:15,4986.92,4997.69,4985.61,4990.96,3074
16-03-2026 14:30,4990.76,4991.25,4979.85,4985.04,3413
16-03-2026 14:45,4984.83,4990.48,4983.64,4988.86,2957
16-03-2026 15:00,4988.91,4991.48,4981.03,4981.35,2996
16-03-2026 15:15,4981.7,4985.18,4972.6,4975.2,3457
16-03-2026 15:30,4975.21,4980.12,4969.96,4976.73,3434
16-03-2026 15:45,4976.63,4990.94,4976.6,4986.63,3294
16-03-2026 16:00,4986.63,4988.1,4980.33,4985.5,3004
16-03-2026 16:15,4985.33,4999.23,4983.85,4998.43,3193
16-03-2026 16:30,4998.43,5006.03,4995.36,5001.93,2943
16-03-2026 16:45,5002.28,5022.37,5002.1,5018.87,3161
16-03-2026 17:00,5018.93,5019.75,5013.36,5015.19,2778
16-03-2026 17:15,5015.24,5017.73,4992.42,4996.48,3351
16-03-2026 17:30,4996.5,5006.38,4993.74,5005.31,3391
16-03-2026 17:45,5005.27,5024.53,5002.61,5022.56,3461
16-03-2026 18:00,5022.67,5025.06,5018.64,5021.51,3283
16-03-2026 18:15,5021.54,5021.94,5012.01,5019.58,3288
16-03-2026 18:30,5019.59,5023.38,5013.51,5022.15,3521
16-03-2026 18:45,5022.17,5030.04,5018.07,5021.09,3571
16-03-2026 19:00,5021.02,5034.27,5017.92,5031.3,4027
16-03-2026 19:15,5031.29,5033.37,5022.87,5029.48,3959
16-03-2026 19:30,5029.48,5037.73,5026.8,5027.86,3914
16-03-2026 19:45,5027.8,5029.54,5014.38,5014.5,3892
16-03-2026 20:00,5014.81,5014.81,5000.09,5000.6,3950
16-03-2026 20:15,5000.6,5001.98,4987.75,4995.77,4021
16-03-2026 20:30,4995.72,5002.1,4990.09,4998.37,3914
16-03-2026 20:45,4998.38,5005.63,4985.02,4991.74,3694
16-03-2026 21:00,4991.81,5003.29,4990.46,4996.59,3482
16-03-2026 21:15,4996.35,4999.13,4983.75,4986.86,3680
16-03-2026 21:30,4987.06,4998.76,4985.48,4996.42,3553
16-03-2026 21:45,4996.18,4998.04,4977.99,4979.7,3593
16-03-2026 22:00,4979.72,4989.51,4973.97,4986.97,3787
16-03-2026 22:15,4986.97,4992.72,4982.96,4990.43,3492
16-03-2026 22:30,4990.93,5003.73,4990.26,5001.84,3563
16-03-2026 22:45,5001.83,5002.77,4994.7,4996.07,3482
16-03-2026 23:00,4995.88,4996.42,4985.63,4987.49,3678
16-03-2026 23:15,4987.5,4992.63,4983.86,4991.16,3262
16-03-2026 23:30,4991.55,5000.86,4989.94,4998.86,3373
16-03-2026 23:45,4998.89,5007.96,4997.06,5006.26,3132
17-03-2026 00:00,5006.33,5015.62,5005.28,5014.45,3256
17-03-2026 00:15,5014.49,5017.71,5011.64,5012.59,2918
17-03-2026 00:30,5012.58,5020.09,5008.69,5011.65,3305
17-03-2026 00:45,5011.61,5015.45,5009.48,5010.37,3468
17-03-2026 01:00,5010.18,5014.51,5007.94,5010.03,3189
17-03-2026 01:15,5010.04,5015.95,5008.29,5012.93,3264
17-03-2026 01:30,5012.81,5021.52,5007.93,5016.71,1885
17-03-2026 01:45,5016.7,5017.54,5013.81,5013.87,1237
17-03-2026 02:00,5013.88,5013.91,5007.4,5008.61,1406
17-03-2026 02:15,5008.53,5009.82,5004.17,5005.92,1505
17-03-2026 03:30,5010.09,5015.4,5000.32,5003.49,1379
17-03-2026 03:45,5003.46,5007.54,4998.41,5001.46,2082
17-03-2026 04:00,5001.55,5004.43,4998.18,5001.26,1903
17-03-2026 04:15,5001.28,5005.79,5000.19,5001.97,1662
17-03-2026 04:30,5001.96,5005.98,5001.58,5005.75,1455
17-03-2026 04:45,5005.71,5009.57,5004.99,5009.14,1373
17-03-2026 05:00,5009.11,5014.01,5008.24,5008.26,2072
17-03-2026 05:15,5008.21,5015.29,5006.5,5012.63,2326
17-03-2026 05:30,5012.64,5013.82,5002.12,5006.27,2710
17-03-2026 05:45,5006.26,5010.11,4999.88,5003.15,2342
17-03-2026 06:00,5003.15,5006.59,4998.16,5001.31,2193
17-03-2026 06:15,5001.33,5005.85,4998.03,5002.76,2834
17-03-2026 06:30,5002.75,5012.16,4994.52,5009.97,3553
17-03-2026 06:45,5009.91,5014.45,5007.2,5013.36,3007
17-03-2026 07:00,5013.39,5019.7,5011.29,5017.85,3004
17-03-2026 07:15,5017.82,5027.98,5016.58,5027.75,3045
17-03-2026 07:30,5027.67,5029.56,5020.72,5021.38,2942
17-03-2026 07:45,5021.39,5025.43,5019.8,5025.22,2055
17-03-2026 08:00,5025.21,5029.2,5021.89,5028.88,2684
17-03-2026 08:15,5028.89,5029.29,5021.44,5022.59,2787
17-03-2026 08:30,5022.57,5025.53,5020.53,5022.82,2281
17-03-2026 08:45,5022.8,5032.61,5022.47,5032.41,2394
17-03-2026 09:00,5032.41,5033.39,5027.36,5028.54,2454
17-03-2026 09:15,5028.55,5029.97,5025.83,5027.47,1914
17-03-2026 09:30,5027.49,5030.32,5026.3,5029.06,1831
17-03-2026 09:45,5029.07,5032.61,5026.14,5032.4,1713
17-03-2026 10:00,5032.43,5041.21,5031.97,5039.52,2049
17-03-2026 10:15,5039.47,5041.59,5036.66,5037.66,2365
17-03-2026 10:30,5037.59,5040.61,5032.23,5040.23,2183
17-03-2026 10:45,5040.24,5044.35,5033.31,5035.28,2405
17-03-2026 11:00,5035.3,5039.24,5031.4,5032.18,2922
17-03-2026 11:15,5032.15,5032.97,5019.98,5020.7,3223
17-03-2026 11:30,5020.63,5022.7,5006.85,5012.7,3672
17-03-2026 11:45,5012.61,5014.12,5005.04,5011.63,3230
17-03-2026 12:00,5011.69,5016.95,5010.03,5014.86,2738
17-03-2026 12:15,5014.85,5015.46,5008.29,5009.85,2550
17-03-2026 12:30,5009.74,5017.04,5009.23,5014.21,2624
17-03-2026 12:45,5014.2,5018.53,5008.86,5015.81,2357
17-03-2026 13:00,5015.8,5027.83,5015.8,5023.03,2623
17-03-2026 13:15,5023,5025.2,5017.19,5021.06,2336
17-03-2026 13:30,5021.04,5025.91,5018.88,5021.74,3027
17-03-2026 13:45,5021.65,5029.46,5019.1,5021.04,2985
17-03-2026 14:00,5021.04,5025.05,5018.9,5022.04,2696
17-03-2026 14:15,5022.02,5025.29,5018.28,5024.59,2500
17-03-2026 14:30,5024.59,5025.74,5013.28,5013.75,2808
17-03-2026 14:45,5013.71,5019.59,5012.84,5017.56,2971
17-03-2026 15:00,5017.57,5018.11,5011.06,5014.26,2732
17-03-2026 15:15,5014.21,5015.78,5009.92,5010.42,2322
17-03-2026 15:30,5010.21,5016.23,5000.92,5003.83,2937
17-03-2026 15:45,5004.02,5009.07,5001.48,5003.55,2713
17-03-2026 16:00,5003.6,5009.17,4991.98,4999.02,2976
17-03-2026 16:15,4998.8,5004.62,4996.58,5000.1,2716
17-03-2026 16:30,5000.09,5005.92,4996.65,5004.79,2769
17-03-2026 16:45,5005.09,5009.88,5004.91,5006.88,2501
17-03-2026 17:00,5006.93,5009.79,5004.02,5009.2,2538
17-03-2026 17:15,5009.27,5011.43,5001.9,5003.16,2600
17-03-2026 17:30,5003.13,5010.13,4999.24,5008.33,3098
17-03-2026 17:45,5008.36,5020.23,5008.14,5019.69,3084
17-03-2026 18:00,5019.75,5023.56,5015.74,5017.25,3148
17-03-2026 18:15,5017.26,5017.31,5009.6,5011.53,2989
17-03-2026 18:30,5011.49,5017.84,5009.84,5016.55,3558
17-03-2026 18:45,5016.48,5019.1,5010.37,5012.59,3334
17-03-2026 19:00,5012.76,5031.22,5010.82,5026.84,4022
17-03-2026 19:15,5026.82,5027.41,5005.22,5016.33,3923
17-03-2026 19:30,5016.22,5020.27,5009.3,5017.82,3899
17-03-2026 19:45,5017.92,5018.13,5006.48,5008,3858
17-03-2026 20:00,5007.8,5014.3,5002.67,5013.3,3829
17-03-2026 20:15,5013.73,5019.43,5007.02,5007.46,3708
17-03-2026 20:30,5007.48,5017.39,5006.11,5008.2,3764
17-03-2026 20:45,5008.21,5014.8,4993.56,4994.59,3856
17-03-2026 21:00,4994.53,5000.32,4973.45,4984.43,4009
17-03-2026 21:15,4984.37,4999,4983.67,4997.69,3855
17-03-2026 21:30,4997.89,4999.13,4991.45,4994.25,3832
17-03-2026 21:45,4994.26,5005.35,4992.8,5004.02,3685
17-03-2026 22:00,5004,5005.71,4999.58,5002,3503
17-03-2026 22:15,5002.34,5003.52,4997.46,5001.89,3454
17-03-2026 22:30,5001.59,5006.45,5001.18,5003.15,3305
17-03-2026 22:45,5003.17,5008.59,5001.16,5002.6,3295
17-03-2026 23:00,5002.58,5006.27,4997.45,4997.58,2982
17-03-2026 23:15,4997.6,5003.33,4996.32,5002.37,2786
17-03-2026 23:30,5002.38,5007.71,5000.69,5006.26,2811
17-03-2026 23:45,5006.25,5008.94,5003.74,5003.74,2689
18-03-2026 00:00,5003.77,5004.45,4999.59,5003.28,2446
18-03-2026 00:15,5003.29,5008.27,5002.72,5003.6,2645
18-03-2026 00:30,5003.6,5005.44,5000.25,5001.57,2426
18-03-2026 00:45,5001.59,5002.4,4997.93,4999.69,2521
18-03-2026 01:00,4999.77,5003.56,4996.33,5001.79,2743
18-03-2026 01:15,5001.98,5003.1,4998.07,5000.13,3063
18-03-2026 01:30,5000.25,5006.38,4999.81,5003.59,1381
18-03-2026 01:45,5003.57,5004.69,5001.92,5003.71,969
18-03-2026 02:00,5003.69,5004.93,5002.7,5003.68,1275
18-03-2026 02:15,5003.67,5005.24,5000.99,5005.12,1170
18-03-2026 03:30,5004.66,5004.66,4996.61,5002.07,639
18-03-2026 03:45,5002.05,5004.27,4999.57,5001.6,835
18-03-2026 04:00,5001.57,5001.62,4995.39,4996.02,829
18-03-2026 04:15,4995.93,5003.17,4993.01,4999.57,1252
18-03-2026 04:30,4999.52,5002.58,4998.51,4998.91,921
18-03-2026 04:45,4999.27,5001.28,4999.01,5000.02,843
18-03-2026 05:00,5000.17,5003.55,4999.86,5002.3,855
18-03-2026 05:15,5002.31,5003.04,5001.31,5002.91,834
18-03-2026 05:30,5002.81,5012.28,5001.11,5009.91,1739
18-03-2026 05:45,5009.93,5011.9,5002.61,5002.67,1467
18-03-2026 06:00,5002.69,5004.37,5000.06,5004.2,1523
18-03-2026 06:15,5004.16,5008,5001.1,5004.08,1837
18-03-2026 06:30,5004.06,5015.57,4997.78,5011.34,3285
18-03-2026 06:45,5011.49,5015.78,5007.77,5007.87,2560
18-03-2026 07:00,5007.86,5009.31,5001.34,5001.56,3037
18-03-2026 07:15,5001.47,5001.57,4991.25,4998.45,3284
18-03-2026 07:30,4998.49,5002.12,4996.39,4999.6,2911
18-03-2026 07:45,4999.56,5006.99,4998.84,5002.28,2085
18-03-2026 08:00,5002.26,5003.71,4999.9,5001.07,2475
18-03-2026 08:15,5001.09,5004.03,4990.43,4991.83,2989
18-03-2026 08:30,4991.8,4996.15,4986.12,4994.1,3060
18-03-2026 08:45,4994.1,4996.74,4993.72,4996.14,2310
18-03-2026 09:00,4996.15,4997.56,4994,4994.81,1751
18-03-2026 09:15,4994.82,4995.34,4989.59,4991.14,1972
18-03-2026 09:30,4991.13,4992.72,4989.5,4990.42,1649
18-03-2026 09:45,4990.41,4993.36,4990.39,4990.52,1323
18-03-2026 10:00,4990.5,4990.87,4981.64,4984.3,2220
18-03-2026 10:15,4984.26,4987.12,4982.26,4987.02,1683
18-03-2026 10:30,4987,4991.98,4984.63,4990.14,1968
18-03-2026 10:45,4990.13,4992.54,4985.46,4990.76,1940
18-03-2026 11:00,4990.87,5001.11,4987.47,4999.17,3223
18-03-2026 11:15,4999.13,5002.49,4994.64,4997.46,2486
18-03-2026 11:30,4997.44,5009.19,4996.2,5009.17,2880
18-03-2026 11:45,5009.18,5010.78,5006.71,5009.17,2656
18-03-2026 12:00,5008.64,5016.26,5008.49,5011.16,2689
18-03-2026 12:15,5011.15,5014.54,5008.33,5009.28,2354
18-03-2026 12:30,5009.3,5014.62,5009.3,5009.71,2132
18-03-2026 12:45,5009.63,5009.95,5006.12,5008.91,1973
18-03-2026 13:00,5008.9,5009.49,5001.16,5001.84,1831
18-03-2026 13:15,5001.81,5002.09,4990.12,4994.72,3058
18-03-2026 13:30,4994.23,4996.62,4987.24,4992.58,2839
18-03-2026 13:45,4992.52,4995.32,4983.2,4988.77,2937
18-03-2026 14:00,4988.79,4991.71,4983.89,4985.02,2789
18-03-2026 14:15,4984.89,4989.98,4977.12,4987.48,2718
18-03-2026 14:30,4987.35,4990.88,4986.28,4986.28,2340
18-03-2026 14:45,4986.27,4994.27,4984.77,4992.26,2513
18-03-2026 15:00,4992.23,4995.57,4991.87,4993.09,2143
18-03-2026 15:15,4993.07,4995.02,4990.67,4992,1938
18-03-2026 15:30,4992.01,4992.01,4987.1,4988.73,2079
18-03-2026 15:45,4988.73,4990.84,4980.72,4982.34,2390
18-03-2026 16:00,4982,4986.74,4960.24,4977.74,3458
18-03-2026 16:15,4977.26,4980.15,4958.93,4967.75,3082
18-03-2026 16:30,4967.66,4970.32,4950.32,4970.04,3542
18-03-2026 16:45,4969.89,4973.82,4946.38,4948.42,3499
18-03-2026 17:00,4948.16,4961.72,4934.89,4938.88,3829
18-03-2026 17:15,4938.71,4944.56,4924.65,4929.87,3874
18-03-2026 17:30,4929.87,4932.15,4905.07,4907.85,3994
18-03-2026 17:45,4907.98,4912.14,4895.24,4900.73,4037
18-03-2026 18:00,4900.8,4901.23,4873.44,4877.75,4082
18-03-2026 18:15,4877.68,4891.1,4870.42,4881.15,4061
18-03-2026 18:30,4880.95,4880.95,4848.85,4857.84,4239
18-03-2026 18:45,4857.84,4865.01,4833.55,4860.46,4147
18-03-2026 19:00,4860.47,4884.71,4849.38,4872.33,4258
18-03-2026 19:15,4872.42,4879.82,4859.88,4877.82,4178
18-03-2026 19:30,4877.76,4894.13,4871.81,4880.34,4145
18-03-2026 19:45,4880.53,4882.72,4858.81,4860.24,4081
18-03-2026 20:00,4860.23,4864.57,4856.05,4860.44,4026
18-03-2026 20:15,4860.47,4872.02,4859.96,4869.08,3904
18-03-2026 20:30,4869.04,4877.66,4865.22,4874.78,3914
18-03-2026 20:45,4874.78,4879.49,4866.66,4871.53,3890
18-03-2026 21:00,4871.46,4875.34,4864.19,4864.45,3553
18-03-2026 21:15,4864.35,4866.53,4860.95,4862.26,3714
18-03-2026 21:30,4862.33,4879.2,4860.81,4877.85,3598
18-03-2026 21:45,4877.85,4882.89,4873.77,4882.22,3488
18-03-2026 22:00,4882.22,4882.68,4873.1,4882.58,3523
18-03-2026 22:15,4882.58,4890.18,4879.94,4887.22,3551
18-03-2026 22:30,4886.79,4890,4883.72,4886.82,3400
18-03-2026 22:45,4886.8,4897.91,4885.19,4891.05,3443
18-03-2026 23:00,4890.97,4898.89,4887.1,4894.43,3433
18-03-2026 23:15,4894.1,4895.69,4888.41,4890.07,3235
18-03-2026 23:30,4889.94,4898.89,4880.29,4886.93,3914
18-03-2026 23:45,4886.9,4889,4876.37,4885.26,3662
19-03-2026 00:00,4885.19,4887.47,4871.93,4877.82,3921
19-03-2026 00:15,4877.81,4878.12,4851.89,4852.52,3853
19-03-2026 00:30,4852.45,4860.72,4842.91,4856.99,3842
19-03-2026 00:45,4856.98,4865.1,4843.75,4849.22,3755
19-03-2026 01:00,4848.71,4859.93,4846.26,4850.5,3559
19-03-2026 01:15,4850.49,4851.17,4838.93,4843.16,3693
19-03-2026 01:30,4842.98,4848.47,4823.74,4825.73,2815
19-03-2026 01:45,4825.58,4828.26,4808.73,4811.16,3300
19-03-2026 02:00,4811.04,4821.29,4806.4,4820.89,2849
19-03-2026 02:15,4821.1,4826.61,4816.36,4818.25,2081
19-03-2026 03:30,4828.36,4837.28,4815.42,4818.22,1874
19-03-2026 03:45,4818.23,4824.96,4804.66,4815.69,2956
19-03-2026 04:00,4815.42,4828.91,4808.68,4828.02,2798
19-03-2026 04:15,4827.97,4838.59,4826.02,4834.38,2841
19-03-2026 04:30,4834.36,4836.81,4829.21,4834.19,2553
19-03-2026 04:45,4834.18,4840.53,4827.97,4836.71,2381
19-03-2026 05:00,4836.7,4842.26,4834.07,4834.26,2476
19-03-2026 05:15,4834.26,4838.13,4829.99,4836.62,2856
19-03-2026 05:30,4836.62,4847.98,4835.3,4843.07,3045
19-03-2026 05:45,4843.06,4844.02,4836.71,4842.09,2734
19-03-2026 06:00,4842.08,4848.64,4838.11,4840.65,2902
19-03-2026 06:15,4840.64,4845.64,4837.79,4841.02,2934
19-03-2026 06:30,4841.07,4853.29,4832.79,4837.77,3837
19-03-2026 06:45,4837.75,4845.57,4833.67,4845.29,3521
19-03-2026 07:00,4845.32,4866.97,4842.91,4865.68,3722
19-03-2026 07:15,4865.67,4865.67,4848.85,4849.57,3358
19-03-2026 07:30,4849.57,4851.61,4841.62,4849.09,3576
19-03-2026 07:45,4849.1,4858.01,4847.89,4857.05,2594
19-03-2026 08:00,4857.04,4861.69,4853.92,4861.25,3381
19-03-2026 08:15,4861.27,4862.09,4853.54,4858.56,3245
19-03-2026 08:30,4858.56,4865.07,4855.05,4864.32,2852
19-03-2026 08:45,4864.25,4865.87,4856.69,4859.91,2997
19-03-2026 09:00,4860.05,4860.2,4852.12,4856.09,2366
19-03-2026 09:15,4856.1,4857.03,4850.63,4850.73,2422
19-03-2026 09:30,4850.73,4851.63,4847.23,4851.02,2502
19-03-2026 09:45,4851.01,4853.55,4849.88,4850.34,1948
19-03-2026 10:00,4850.33,4852.55,4848.19,4849.32,2174
19-03-2026 10:15,4849.29,4850.27,4845.41,4849.75,2258
19-03-2026 10:30,4849.75,4853.74,4846.52,4850.56,2609
19-03-2026 10:45,4850.57,4853.65,4846.44,4846.6,2272
19-03-2026 11:00,4846.65,4846.65,4832.41,4833.45,3495
19-03-2026 11:15,4833.5,4839.99,4826.81,4827.37,3432
19-03-2026 11:30,4827.38,4841.69,4827.22,4832.88,3531
19-03-2026 11:45,4832.94,4833.56,4813.01,4813.01,3721
19-03-2026 12:00,4813.33,4820.21,4779.87,4786.06,4008
19-03-2026 12:15,4785.97,4788.4,4748,4763.37,4109
19-03-2026 12:30,4763.22,4784.46,4762.85,4777.95,3744
19-03-2026 12:45,4778.28,4781.83,4757.03,4770.15,3539
19-03-2026 13:00,4770.6,4771.26,4735.77,4739.71,3506
19-03-2026 13:15,4739.71,4754.59,4727.32,4728.07,3533
19-03-2026 13:30,4727.99,4740.34,4701.1,4714.07,3947
19-03-2026 13:45,4714.21,4736.32,4712.69,4718.39,3883
19-03-2026 14:00,4718.53,4722.14,4686.58,4688.11,3983
19-03-2026 14:15,4688.2,4719.53,4686.63,4709.12,3832
19-03-2026 14:30,4708.97,4720.93,4687.71,4694.85,3806
19-03-2026 14:45,4694.84,4722.32,4693.37,4708.82,3957
19-03-2026 15:00,4708.78,4725.72,4702.81,4705.14,3868
19-03-2026 15:15,4705.27,4716.87,4696.12,4698.68,3890
19-03-2026 15:30,4698.61,4719.76,4697.6,4704.23,3730
19-03-2026 15:45,4704.23,4705.28,4671.62,4683.37,3788
19-03-2026 16:00,4682.51,4700.61,4674.12,4683.14,3793
19-03-2026 16:15,4683.13,4688.31,4666.49,4678.63,3783
19-03-2026 16:30,4678.5,4699.33,4678.5,4685.84,3795
19-03-2026 16:45,4685.75,4692.14,4676.08,4685.98,3620
19-03-2026 17:00,4685.93,4695.24,4658.18,4664.1,3804
19-03-2026 17:15,4664.09,4667.27,4650.65,4651.43,3900
19-03-2026 17:30,4650.93,4653.05,4608.91,4618.16,4139
19-03-2026 17:45,4617.4,4629.97,4601.8,4606.2,4082
19-03-2026 18:00,4606.19,4616.76,4558.04,4561.5,4160
19-03-2026 18:15,4561.22,4584.81,4529.35,4573.65,4296
19-03-2026 18:30,4573.22,4573.24,4501.76,4537.83,4306
19-03-2026 18:45,4537.68,4580.48,4522.36,4575.85,4328
19-03-2026 19:00,4575.83,4582.44,4545.98,4558.15,4402
19-03-2026 19:15,4557.81,4620.74,4538.34,4620.74,4346
19-03-2026 19:30,4620.58,4648.57,4617.72,4630.43,4378
19-03-2026 19:45,4629.97,4634.93,4583.76,4585.16,4346
19-03-2026 20:00,4584.37,4621.81,4580.65,4612.57,4325
19-03-2026 20:15,4612.53,4627.3,4597.61,4600.97,4299
19-03-2026 20:30,4600.7,4638.24,4592.81,4626.9,4254
19-03-2026 20:45,4626.91,4628.83,4595.61,4602.3,4208
19-03-2026 21:00,4602.4,4602.4,4569.34,4571.57,4225
19-03-2026 21:15,4571.17,4610.91,4565.64,4595.81,4235
19-03-2026 21:30,4595.72,4625.93,4592.5,4604.35,4242
19-03-2026 21:45,4604.39,4616.51,4593.72,4598.82,4241
19-03-2026 22:00,4599.22,4607.95,4583.62,4592.68,4201
19-03-2026 22:15,4592.66,4598.13,4576.29,4584.18,4092
19-03-2026 22:30,4584.31,4595.58,4573.53,4578.9,4085
19-03-2026 22:45,4579,4613.13,4573.56,4602.27,4169
19-03-2026 23:00,4603.14,4618.12,4599.16,4604.5,4054
19-03-2026 23:15,4604.78,4629.33,4604.49,4615.47,3995
19-03-2026 23:30,4615.47,4618.46,4600.48,4614.24,4053
19-03-2026 23:45,4614.24,4616.94,4603.91,4608.88,3950
20-03-2026 00:00,4608.72,4610.68,4595.99,4609.21,3769
20-03-2026 00:15,4608.41,4622.36,4604.12,4622.31,3692
20-03-2026 00:30,4622.4,4662.88,4622.4,4656.51,4329
20-03-2026 00:45,4656.49,4661.17,4632.6,4643.85,4249
20-03-2026 01:00,4643.95,4648.9,4632.42,4638.13,4077
20-03-2026 01:15,4638.14,4649.41,4631.5,4643.29,4104
20-03-2026 01:30,4643.13,4657.78,4642.02,4653.57,3106
20-03-2026 01:45,4653.58,4660.34,4649.51,4656.76,2542
20-03-2026 02:00,4657.07,4658.95,4653.16,4654.01,1959
20-03-2026 02:15,4654.84,4661.34,4650.14,4650.14,1949
20-03-2026 03:30,4658.74,4671.37,4650.85,4670.47,1605
20-03-2026 03:45,4670.47,4676.73,4660.02,4665.86,3045
20-03-2026 04:00,4665.82,4665.82,4645.94,4646.37,2819
20-03-2026 04:15,4646.46,4649.97,4635.85,4636.14,2889
20-03-2026 04:30,4636.15,4647.49,4636.13,4638.49,2537
20-03-2026 04:45,4638.45,4646.79,4638.18,4643.68,2356
20-03-2026 05:00,4643.73,4647.48,4634.08,4635.43,2621
20-03-2026 05:15,4635.41,4646.74,4635.15,4643.52,2600
20-03-2026 05:30,4643.46,4662.68,4642.8,4661.76,3085
20-03-2026 05:45,4662,4664.84,4642.18,4649.29,3215
20-03-2026 06:00,4649.28,4656.36,4644.66,4655.79,2759
20-03-2026 06:15,4655.78,4660.18,4647.06,4648.59,2771
20-03-2026 06:30,4648.12,4680.37,4639.36,4651.79,4143
20-03-2026 06:45,4651.63,4661.85,4648.22,4661.85,3824
20-03-2026 07:00,4661.85,4688.77,4661.12,4686.56,3871
20-03-2026 07:15,4686.43,4699.11,4672.29,4677.2,3884
20-03-2026 07:30,4677.56,4689.09,4670.06,4685.5,3538
20-03-2026 07:45,4685.36,4690.03,4680.75,4683.63,2853
20-03-2026 08:00,4683.56,4691.23,4679.09,4685.1,3581
20-03-2026 08:15,4685.11,4703.4,4682.75,4697.49,3427
20-03-2026 08:30,4698.09,4723.4,4693.14,4717.32,3663
20-03-2026 08:45,4717.27,4735.73,4716.35,4733.53,3687
20-03-2026 09:00,4733.56,4735.58,4727.96,4730.2,2861
20-03-2026 09:15,4730.22,4730.22,4721.58,4725.5,2846
20-03-2026 09:30,4725.52,4727.38,4716.68,4718.9,2298
20-03-2026 09:45,4718.88,4724,4718.22,4723.3,2423
20-03-2026 10:00,4723.33,4726.73,4718.11,4719.38,2043
20-03-2026 10:15,4719.4,4722.49,4714.88,4721.3,2086
20-03-2026 10:30,4721.41,4721.66,4710.34,4718.27,2941
20-03-2026 10:45,4718.26,4723.43,4717.2,4719.53,2639
20-03-2026 11:00,4719.52,4719.9,4701.55,4708.99,3775
20-03-2026 11:15,4708.97,4710.2,4685.77,4688.21,3852
20-03-2026 11:30,4688.2,4701.01,4684.85,4691.27,3716
20-03-2026 11:45,4691.27,4695.74,4680.07,4687.6,3754
20-03-2026 12:00,4687.61,4689.42,4661.45,4665.72,3797
20-03-2026 12:15,4665.81,4675.63,4662.29,4669.21,3706
20-03-2026 12:30,4668.77,4683.88,4668.03,4679.14,3394
20-03-2026 12:45,4679.12,4688.69,4676.32,4688.24,3047
20-03-2026 13:00,4688.16,4698.1,4685.19,4694,2913
20-03-2026 13:15,4694.21,4707.72,4694.21,4706.21,3013
20-03-2026 13:30,4706.26,4717.48,4701.94,4716.03,3474
20-03-2026 13:45,4715.91,4734.78,4715.44,4722.69,3582
20-03-2026 14:00,4722.68,4722.84,4699.03,4707.17,3658
20-03-2026 14:15,4707.26,4708.28,4684.92,4693.48,3729
20-03-2026 14:30,4693.35,4700.09,4684.14,4693.81,3529
20-03-2026 14:45,4693.79,4697.26,4684.08,4691.75,3325
20-03-2026 15:00,4691.77,4692.23,4670.9,4673.27,3506
20-03-2026 15:15,4673.32,4677.11,4659.89,4667.45,3732
20-03-2026 15:30,4667.23,4669.91,4649.97,4662.81,3899
20-03-2026 15:45,4662.84,4666.39,4646.07,4658,3711
20-03-2026 16:00,4657.97,4669.72,4649.33,4659.65,3582
20-03-2026 16:15,4659.67,4660.18,4638.29,4645.28,3742
20-03-2026 16:30,4645.32,4666.36,4637.07,4662.52,3845
20-03-2026 16:45,4662.53,4668.4,4658.6,4665.14,3498
20-03-2026 17:00,4665.13,4674.18,4661.52,4669.29,3542
20-03-2026 17:15,4669.52,4672.07,4657.49,4671.51,3384
20-03-2026 17:30,4671.58,4695.3,4671.58,4685.37,3920
20-03-2026 17:45,4685.34,4691.92,4677.66,4678.05,3826
20-03-2026 18:00,4678.07,4681.97,4661.94,4670.12,3888
20-03-2026 18:15,4670.1,4681.53,4665.83,4678.25,3788
20-03-2026 18:30,4678.24,4679.51,4653.54,4661.92,4154
20-03-2026 18:45,4661.97,4670.25,4655.6,4660.06,4048
20-03-2026 19:00,4659.92,4665.8,4636.38,4662.43,4351
20-03-2026 19:15,4662.52,4665.21,4611.95,4615.59,4344
20-03-2026 19:30,4615.32,4621.73,4585.26,4586.46,4315
20-03-2026 19:45,4586.26,4587.83,4550.49,4557.43,4369
20-03-2026 20:00,4556.83,4584.46,4556.58,4575.06,4312
20-03-2026 20:15,4574.97,4581.72,4547.13,4563.48,4266
20-03-2026 20:30,4563.58,4579.5,4559.57,4574.61,4205
20-03-2026 20:45,4576.2,4576.2,4540.01,4562.46,4236
20-03-2026 21:00,4562.35,4575.53,4556.23,4562.19,4210
20-03-2026 21:15,4561.8,4562.14,4543.73,4552.77,4175
20-03-2026 21:30,4551.97,4587.89,4551.35,4587.7,4121
20-03-2026 21:45,4587.99,4613.03,4582.85,4583.95,4178
20-03-2026 22:00,4583.97,4592.05,4569.9,4580.65,4116
20-03-2026 22:15,4580.69,4587.9,4567.59,4582.75,4027
20-03-2026 22:30,4582.72,4600,4572.87,4581.46,4146
20-03-2026 22:45,4581.45,4582.18,4568.11,4571.52,4119
20-03-2026 23:00,4571.9,4573.95,4553.52,4565.36,4061
20-03-2026 23:15,4565.31,4576.58,4562.28,4572.82,3889
20-03-2026 23:30,4573.26,4577.81,4559,4562.61,3963
20-03-2026 23:45,4562.63,4567.64,4535.91,4553.74,4136
21-03-2026 00:00,4553.87,4556.4,4524.36,4525.61,4081
21-03-2026 00:15,4525.62,4529,4476.86,4499.06,4183
21-03-2026 00:30,4499.13,4515.73,4485.25,4499.96,4174
21-03-2026 00:45,4499.9,4507.35,4485.11,4497.9,4177
21-03-2026 01:00,4497.95,4516.08,4491.52,4513.78,4151
21-03-2026 01:15,4513.76,4515.47,4496.16,4501,4154
21-03-2026 01:30,4500.84,4506.98,4492.98,4504.25,3427
21-03-2026 01:45,4504.3,4513.91,4500.29,4500.47,3247
21-03-2026 02:00,4500.58,4504.02,4496.55,4502.33,2916
21-03-2026 02:15,4502.26,4503.43,4492.49,4493.51,2586
23-03-2026 03:30,4487.09,4515.61,4447.73,4507.37,2994
23-03-2026 03:45,4507.56,4536.07,4503.1,4523.68,3339
23-03-2026 04:00,4523.65,4526.38,4504.84,4506.66,3370
23-03-2026 04:15,4506.76,4515.46,4489.88,4497.8,2868
23-03-2026 04:30,4497.96,4510.59,4484.91,4489.92,3435
23-03-2026 04:45,4489.87,4499.87,4482.38,4485.25,3369
23-03-2026 05:00,4485.09,4490.62,4472.35,4488.26,3296
23-03-2026 05:15,4488.52,4493.34,4452.94,4464.01,3796
23-03-2026 05:30,4464.02,4472.8,4424.75,4436.23,4029
23-03-2026 05:45,4436.32,4445.16,4403.98,4426.59,3983
23-03-2026 06:00,4426.92,4436.41,4328.18,4361.14,4115
23-03-2026 06:15,4362.01,4369.93,4319.56,4353.72,4122
23-03-2026 06:30,4353.73,4422.08,4330.15,4407.58,4325
23-03-2026 06:45,4407.96,4443.34,4406.76,4421.48,4225
23-03-2026 07:00,4421.73,4453.53,4416.19,4434.95,4276
23-03-2026 07:15,4434.93,4436.13,4380.79,4387.11,4192
23-03-2026 07:30,4387.97,4421.55,4382.81,4395.33,4185
23-03-2026 07:45,4395.13,4416.39,4393.51,4398.72,3856
23-03-2026 08:00,4398.71,4400.2,4369.13,4384.22,4154
23-03-2026 08:15,4384.15,4384.15,4354.35,4360.07,4106
23-03-2026 08:30,4360.05,4377.35,4347.43,4349.13,4035
23-03-2026 08:45,4349.15,4364.95,4346.57,4350.91,3923
23-03-2026 09:00,4350.83,4364.28,4334.96,4341.45,3727
23-03-2026 09:15,4341.37,4359.54,4336.69,4352.4,3329
23-03-2026 09:30,4352.41,4370.39,4352.41,4363.5,3627
23-03-2026 09:45,4363.54,4370.5,4361.21,4367.97,3052
23-03-2026 10:00,4368.27,4381.41,4359.95,4375.02,3162
23-03-2026 10:15,4375.03,4376.22,4350.05,4367.04,3365
23-03-2026 10:30,4367.03,4379.53,4365.68,4372.33,3361
23-03-2026 10:45,4372.32,4373.78,4351.41,4355.83,3478
23-03-2026 11:00,4355.81,4355.81,4319.35,4321.32,4222
23-03-2026 11:15,4321.3,4326.07,4301.83,4309.5,4139
23-03-2026 11:30,4308.87,4309.54,4269.2,4293.73,4129
23-03-2026 11:45,4293.75,4309.22,4238.94,4242.99,4197
23-03-2026 12:00,4243.15,4249,4181.17,4181.66,4328
23-03-2026 12:15,4181.52,4229.03,4161.48,4219.4,4311
23-03-2026 12:30,4219.27,4221.22,4125.73,4129.43,4178
23-03-2026 12:45,4129.56,4159.16,4097.8,4135.59,4299
23-03-2026 13:00,4134.92,4215.48,4128.64,4214.42,4237
23-03-2026 13:15,4213.87,4231.69,4185.63,4203.32,4199
23-03-2026 13:30,4202.8,4254.9,4202.8,4252.31,2549
23-03-2026 13:45,4252.34,4255.26,4210.25,4226.35,4231
23-03-2026 14:00,4226.37,4269.9,4222.05,4256.74,4136
23-03-2026 14:15,4256.88,4269,4219.17,4250.6,4089
23-03-2026 14:30,4250.7,4268.87,4246.98,4268.68,4001
23-03-2026 14:45,4268.68,4303.73,4267.54,4303.73,3985
23-03-2026 15:00,4303.69,4307.86,4224.93,4225.58,4194
23-03-2026 15:15,4225.1,4256.53,4223.47,4253.14,3914
23-03-2026 15:30,4253.6,4272.22,4243.31,4263.57,3924
23-03-2026 15:45,4263.68,4274.59,4256.08,4268.59,3664
23-03-2026 16:00,4267.97,4269.28,4240.98,4256.81,3820
23-03-2026 16:15,4256.29,4281.53,4249.62,4268.74,3971
23-03-2026 16:30,4269.12,4461.72,4269.12,4456.34,4233
23-03-2026 16:45,4456.91,4459.56,4354.38,4398.67,4162
23-03-2026 17:00,4398.88,4431.38,4382.92,4411.69,4136
23-03-2026 17:15,4411.66,4416.4,4360.76,4377.97,4293
23-03-2026 17:30,4378.13,4379.59,4336.57,4352.2,4296
23-03-2026 17:45,4352.22,4404.69,4352.22,4389.14,4294
23-03-2026 18:00,4389.3,4441.48,4373.73,4441.38,4298
23-03-2026 18:15,4441.17,4491.96,4433.12,4477.68,4314
23-03-2026 18:30,4477.85,4484.47,4430.76,4445.1,4276
23-03-2026 18:45,4445.57,4451.89,4404.05,4408.54,4195
23-03-2026 19:00,4408.9,4449.09,4401.3,4421.91,4412
23-03-2026 19:15,4420.51,4466.22,4419.3,4453.44,4358
23-03-2026 19:30,4453.94,4478.8,4453.09,4463.97,4389
23-03-2026 19:45,4463.85,4512.27,4460.88,4486.19,4369
23-03-2026 20:00,4485.67,4503.65,4469.36,4479.62,4347
23-03-2026 20:15,4478.98,4485.68,4456.57,4461.5,4324
23-03-2026 20:30,4461.41,4486.6,4454.28,4464.81,4355
23-03-2026 20:45,4464.66,4467.95,4427.93,4447,4323
23-03-2026 21:00,4447.16,4455.61,4405.62,4407.78,4325
23-03-2026 21:15,4407.75,4413.49,4350.99,4363.47,4357
23-03-2026 21:30,4362.97,4389.78,4352.73,4383.85,4382
23-03-2026 21:45,4383.62,4389.2,4352.34,4354.54,3924
23-03-2026 22:00,4354.89,4387.83,4353.49,4385.69,4290
23-03-2026 22:15,4385.76,4391.41,4371.27,4375.21,4279
23-03-2026 22:30,4375.23,4405.61,4370.51,4397.16,4213
23-03-2026 22:45,4397.37,4413.58,4388.42,4405.22,4261
23-03-2026 23:00,4405.24,4438.47,4404.02,4420.29,4205
23-03-2026 23:15,4419.78,4429.73,4404.36,4426.16,4106
23-03-2026 23:30,4426.09,4428.99,4402.32,4421.2,4147
23-03-2026 23:45,4421.28,4430.76,4409.45,4426.02,4074
24-03-2026 00:00,4425.8,4462,4425.55,4461.74,4110
24-03-2026 00:15,4461.59,4466.79,4446.38,4448.89,3934
24-03-2026 00:30,4448.33,4450.41,4402.82,4406.64,3995
24-03-2026 00:45,4406.65,4414.7,4392.87,4410.37,4074
24-03-2026 01:00,4410.25,4416.43,4402.25,4416.43,3902
24-03-2026 01:15,4416.78,4427.4,4397.25,4398.31,4083
24-03-2026 01:30,4397.59,4408.29,4383.02,4403.67,3393
24-03-2026 01:45,4403.7,4413,4403.54,4406.9,2238
24-03-2026 02:00,4406.92,4410.71,4395.83,4410.4,2092
24-03-2026 02:15,4410.46,4412.38,4404.69,4406.24,1869
24-03-2026 03:30,4418.91,4420.58,4360.18,4397.37,2103
24-03-2026 03:45,4396.58,4414.36,4388.68,4413.73,2817
24-03-2026 04:00,4413.61,4416.5,4398.28,4408.79,2725
24-03-2026 04:15,4408.78,4431.2,4406.34,4426.59,2635
24-03-2026 04:30,4426.56,4437.37,4423.32,4435.64,2724
24-03-2026 04:45,4435.61,4448.09,4433.46,4441.73,2701
24-03-2026 05:00,4441.72,4444.31,4421.64,4430.36,2801
24-03-2026 05:15,4430.32,4445.78,4421.69,4440.73,3113
24-03-2026 05:30,4440.51,4446.23,4420.37,4421.99,3712
24-03-2026 05:45,4422.38,4423.28,4368.7,4377.78,3978
24-03-2026 06:00,4377.78,4387.08,4331.06,4344.17,3988
24-03-2026 06:15,4344.17,4386.15,4342.82,4364.62,3975
24-03-2026 06:30,4363.62,4373.89,4328.11,4330.86,4309
24-03-2026 06:45,4330.68,4368.72,4330.68,4354.58,4193
24-03-2026 07:00,4354.65,4368.07,4321.41,4321.41,4197
24-03-2026 07:15,4321.58,4331.81,4308.17,4322.21,4222
24-03-2026 07:30,4322.24,4336.58,4305.66,4312.09,4186
24-03-2026 07:45,4312.11,4353.57,4309.66,4351.8,4016
24-03-2026 08:00,4351.95,4373.48,4344.58,4366.71,4126
24-03-2026 08:15,4366.6,4379.15,4352.07,4366.01,4063
24-03-2026 08:30,4366.04,4367.93,4349.87,4358.28,3858
24-03-2026 08:45,4358.25,4367.99,4355.54,4364.26,3837
24-03-2026 09:00,4364.4,4364.83,4338.15,4341.36,3726
24-03-2026 09:15,4341.23,4349.44,4334.93,4347.15,3490
24-03-2026 09:30,4347.11,4356.96,4346.41,4350.04,3356
24-03-2026 09:45,4350.06,4350.07,4326.63,4339.32,3542
24-03-2026 10:00,4339.33,4347.89,4335.76,4340.82,3127
24-03-2026 10:15,4340.82,4349.29,4331.98,4333.43,3134
24-03-2026 10:30,4333.34,4345.28,4319.77,4335.24,3741
24-03-2026 10:45,4335.35,4346.79,4334.15,4335.4,3721
24-03-2026 11:00,4335.01,4373.75,4321.13,4358.23,4174
24-03-2026 11:15,4358.15,4368.8,4343.58,4347.03,3958
24-03-2026 11:30,4346.67,4375.12,4342.65,4366.39,3985
24-03-2026 11:45,4366.36,4396.56,4358.82,4386.56,4003
24-03-2026 12:00,4385.9,4396.88,4374.27,4377.07,4030
24-03-2026 12:15,4377.01,4404.61,4373.11,4401.76,3937
24-03-2026 12:30,4401.67,4425.38,4399.4,4424.32,3997
24-03-2026 12:45,4424.31,4424.88,4405.69,4412.23,3879
24-03-2026 13:00,4411.66,4412.09,4399.67,4408.23,3739
24-03-2026 13:15,4408.01,4432.24,4401.42,4416.98,3934
24-03-2026 13:30,4416.91,4420.45,4401.94,4414.17,4047
24-03-2026 13:45,4414.18,4417.23,4390.82,4396.18,3959
24-03-2026 14:00,4396.14,4405.43,4391.31,4400.09,3785
24-03-2026 14:15,4400.09,4414.25,4398.15,4411.85,3988
24-03-2026 14:30,4412.17,4418.89,4397.1,4398.65,3930
24-03-2026 14:45,4398.67,4414.86,4395.75,4406.88,3722
24-03-2026 15:00,4406.9,4420.88,4404.77,4415.76,3632
24-03-2026 15:15,4415.78,4430.63,4412,4426.16,3539
24-03-2026 15:30,4426.48,4430.83,4415.18,4425.9,3730
24-03-2026 15:45,4425.89,4432.28,4421.16,4421.87,3572
24-03-2026 16:00,4421.48,4427.75,4414.41,4427.23,3590
24-03-2026 16:15,4427.49,4441.47,4418.45,4438.35,3635
24-03-2026 16:30,4438.52,4441.79,4375.44,4418.59,4152
24-03-2026 16:45,4418.55,4419.74,4402.61,4412.58,3851
24-03-2026 17:00,4412.48,4431.04,4410.81,4421.36,3723
24-03-2026 17:15,4421.47,4427.29,4389.86,4407.31,3987
24-03-2026 17:30,4407.32,4421.91,4404.44,4420.03,3979
24-03-2026 17:45,4419.95,4426.75,4395.43,4401.83,4062
24-03-2026 18:00,4401.87,4405.96,4361.92,4369.15,4202
24-03-2026 18:15,4369.3,4390.09,4368.6,4378.6,4086
24-03-2026 18:30,4377.54,4389.52,4363.53,4377.72,4260
24-03-2026 18:45,4377.87,4383.73,4356.9,4356.9,4203
24-03-2026 19:00,4356.07,4369.99,4351.02,4356.25,4283
24-03-2026 19:15,4356.23,4383,4351.42,4381.04,4321
24-03-2026 19:30,4381.01,4404.17,4380.11,4394.6,4321
24-03-2026 19:45,4394.59,4414.32,4388.58,4408.79,4288
24-03-2026 20:00,4408.5,4420.08,4399.94,4411.92,4282
24-03-2026 20:15,4411.94,4433.18,4400.7,4415.23,4335
24-03-2026 20:30,4414.64,4419.72,4395.92,4410.97,4312
24-03-2026 20:45,4410.8,4419.9,4402.79,4412.59,4206
24-03-2026 21:00,4412.58,4428.5,4409.38,4424.13,4135
24-03-2026 21:15,4424.13,4430.2,4409,4411.39,4151
24-03-2026 21:30,4411.29,4414.19,4402.18,4414.04,4134
24-03-2026 21:45,4413.76,4425.34,4411.39,4420.86,3982
24-03-2026 22:00,4420.89,4424.04,4408.18,4424.04,3994
24-03-2026 22:15,4423.89,4427.08,4417.92,4420.75,4005
24-03-2026 22:30,4420.74,4426.01,4387.97,4397.24,4232
24-03-2026 22:45,4397.35,4405.53,4393.94,4399.69,4226
24-03-2026 23:00,4399.62,4399.62,4374.56,4377.57,4179
24-03-2026 23:15,4377.84,4394.29,4371.82,4388.26,4171
24-03-2026 23:30,4388.23,4393.74,4383.68,4389.29,4115
24-03-2026 23:45,4389.24,4409.62,4387.05,4407.03,4032
25-03-2026 00:00,4407.09,4423.11,4394.49,4399.85,4072
25-03-2026 00:15,4399.84,4401.66,4383.95,4389.15,3944
25-03-2026 00:30,4389.16,4405.78,4388.26,4404.08,3654
25-03-2026 00:45,4404.03,4411.05,4399.7,4407.08,3644
25-03-2026 01:00,4407.15,4407.17,4394.8,4401.08,3759
25-03-2026 01:15,4401.18,4404.24,4396.33,4400.03,3832
25-03-2026 01:30,4400.09,4404.07,4397.08,4400.55,2328
25-03-2026 01:45,4400.62,4484.05,4398.84,4455.08,3622
25-03-2026 02:00,4455.01,4472.28,4446.7,4459.23,4147
25-03-2026 02:15,4459.88,4481.26,4456.05,4473.75,3348
25-03-2026 03:30,4475.92,4484.9,4466.92,4482.84,1892
25-03-2026 03:45,4482.83,4484.36,4467.77,4469.92,2738
25-03-2026 04:00,4469.93,4470.98,4455.66,4468.55,2845
25-03-2026 04:15,4468.56,4484.34,4466.74,4484.23,2768
25-03-2026 04:30,4484.18,4484.72,4472.12,4484.46,2806
25-03-2026 04:45,4484.23,4509.82,4482.95,4509.68,3337
25-03-2026 05:00,4509.74,4545.81,4504.21,4539.37,3646
25-03-2026 05:15,4539.36,4551.29,4531.91,4546.4,3630
25-03-2026 05:30,4546.19,4554.75,4537.34,4550,3737
25-03-2026 05:45,4549.98,4556.72,4538.45,4553.55,3683
25-03-2026 06:00,4553.4,4569.85,4546.65,4567.59,3504
25-03-2026 06:15,4567.69,4571.85,4561.8,4563.15,3287
25-03-2026 06:30,4563.24,4578.82,4552.19,4570.68,3958
25-03-2026 06:45,4570.56,4578.65,4568.18,4575.55,3819
25-03-2026 07:00,4575.52,4591.05,4574.26,4584.86,3737
25-03-2026 07:15,4584.88,4600.92,4583.52,4594.68,3720
25-03-2026 07:30,4594.8,4596.15,4579.85,4585.72,3833
25-03-2026 07:45,4585.58,4592.5,4584.57,4587.03,2963
25-03-2026 08:00,4587.32,4597.12,4581.41,4593.2,3482
25-03-2026 08:15,4593.22,4602.42,4581.65,4583.54,3558
25-03-2026 08:30,4583.55,4586.14,4573.16,4576.51,3556
25-03-2026 08:45,4576.47,4579.41,4571.86,4575.27,3280
25-03-2026 09:00,4575.24,4577.93,4569.71,4569.86,2799
25-03-2026 09:15,4569.87,4574.17,4567.72,4570.19,2639
25-03-2026 09:30,4570.09,4574.15,4565.64,4573.8,2279
25-03-2026 09:45,4574.06,4574.5,4570.98,4574.25,2065
25-03-2026 10:00,4574.18,4574.4,4566.29,4569.43,1906
25-03-2026 10:15,4569.41,4573.91,4568.05,4572.87,2113
25-03-2026 10:30,4572.88,4573.26,4566.78,4571.49,2365
25-03-2026 10:45,4571.5,4571.7,4554.06,4554.75,2923
25-03-2026 11:00,4554.67,4566.75,4549.71,4566.39,3705
25-03-2026 11:15,4566.55,4566.78,4553.7,4555.55,3469
25-03-2026 11:30,4555.55,4556.78,4533.35,4534.55,3685
25-03-2026 11:45,4534.33,4552.67,4534.33,4550.09,3419
25-03-2026 12:00,4550.29,4556.66,4544.24,4546.67,3194
25-03-2026 12:15,4546.7,4550.57,4543.17,4545.29,2996
25-03-2026 12:30,4544.98,4558.9,4544.7,4556.63,2935
25-03-2026 12:45,4556.64,4563.15,4555.9,4561.02,2990
25-03-2026 13:00,4561.07,4561.07,4542.66,4546.81,3305
25-03-2026 13:15,4546.82,4549.95,4536.98,4539.27,3271
25-03-2026 13:30,4539.27,4558.89,4535.69,4558.29,3874
25-03-2026 13:45,4558.66,4567.72,4557.05,4565.46,3702
25-03-2026 14:00,4564.52,4567.32,4553.33,4565.04,3690
25-03-2026 14:15,4565.04,4566.9,4554.87,4555.93,3569
25-03-2026 14:30,4555.95,4567.37,4553.74,4562.02,3299
25-03-2026 14:45,4562.03,4565.87,4554.67,4558.33,3267
25-03-2026 15:00,4558.11,4560.14,4549.36,4550.48,3442
25-03-2026 15:15,4550.79,4555.14,4528.04,4551.68,3751
25-03-2026 15:30,4551.64,4560.62,4551.04,4554.83,3411
25-03-2026 15:45,4554.45,4558.01,4551.38,4555.08,3218
25-03-2026 16:00,4554.69,4558.68,4550.87,4551.98,3268
25-03-2026 16:15,4551.85,4562.2,4551.52,4558.62,3055
25-03-2026 16:30,4558.7,4568.85,4555.9,4567.38,3148
25-03-2026 16:45,4567.46,4582.76,4564.22,4579.35,3205
25-03-2026 17:00,4579.41,4585.11,4579.41,4582.91,3097
25-03-2026 17:15,4582.87,4583.21,4572.04,4578.61,3628
25-03-2026 17:30,4578.53,4583.44,4572.83,4577.48,3590
25-03-2026 17:45,4577.6,4578.91,4539.77,4544.94,4192
25-03-2026 18:00,4544.25,4554.11,4522.2,4546.68,4036
25-03-2026 18:15,4546.72,4551.65,4535.8,4543.46,3946
25-03-2026 18:30,4544.08,4570.81,4540.65,4558.95,4048
25-03-2026 18:45,4558.81,4569.81,4551.25,4568.25,3878
25-03-2026 19:00,4568.61,4575.98,4555.98,4560.47,4298
25-03-2026 19:15,4560.64,4563.14,4540.69,4544.36,4275
25-03-2026 19:30,4544.65,4554.88,4532.72,4553.15,4284
25-03-2026 19:45,4553.38,4562.26,4545.9,4562.09,4190
25-03-2026 20:00,4562.38,4568.83,4557.2,4565.19,4161
25-03-2026 20:15,4565.19,4578.89,4563.68,4566.79,4008
25-03-2026 20:30,4567.18,4568.15,4549.36,4549.49,4149
25-03-2026 20:45,4549.53,4561.64,4524.74,4560.44,4208
25-03-2026 21:00,4560.44,4564.9,4555.09,4556.82,4011
25-03-2026 21:15,4557.23,4565.5,4553.35,4558.69,3957
25-03-2026 21:30,4558.6,4564.47,4552.26,4553.41,4062
25-03-2026 21:45,4553.5,4560.22,4544.91,4555,4067
25-03-2026 22:00,4554.85,4560.63,4550.97,4555.64,3934
25-03-2026 22:15,4555.65,4558.92,4549.51,4555.05,3710
25-03-2026 22:30,4554.94,4557.57,4542.86,4550.53,3781
25-03-2026 22:45,4550.9,4557.8,4542.02,4552.92,3662
25-03-2026 23:00,4553.05,4563.4,4549.76,4560.19,3662
25-03-2026 23:15,4560.24,4561.69,4545.38,4550.5,3649
25-03-2026 23:30,4550.37,4568.68,4545.12,4551.14,3870
25-03-2026 23:45,4551.18,4556.13,4546.14,4551.74,3697
26-03-2026 00:00,4551.71,4557.56,4546.83,4549.2,3344
26-03-2026 00:15,4549.1,4549.52,4530.8,4537.96,3647
26-03-2026 00:30,4537.69,4539.02,4486.73,4508.57,3997
26-03-2026 00:45,4508.63,4518,4502.34,4512.61,3921
26-03-2026 01:00,4512.31,4526.5,4505.76,4521.95,3672
26-03-2026 01:15,4521.95,4533.39,4513.5,4530.59,3798
26-03-2026 01:30,4530.38,4541.7,4522.64,4529.03,2866
26-03-2026 01:45,4528.98,4533.75,4522.03,4523.21,2055
26-03-2026 02:00,4523.56,4524.64,4494.91,4503.97,2645
26-03-2026 02:15,4504,4506.83,4501.18,4505.9,1841
26-03-2026 03:30,4517.21,4531.5,4508.67,4512.05,1796
26-03-2026 03:45,4512.01,4519.34,4505.33,4511.34,2085
26-03-2026 04:00,4511.32,4534.47,4508.09,4531.85,2111
26-03-2026 04:15,4531.83,4532.97,4512.11,4517.39,2873
26-03-2026 04:30,4517.43,4518.03,4497.71,4508.39,2895
26-03-2026 04:45,4508.38,4512.43,4497,4505.32,2735
26-03-2026 05:00,4505.29,4510.91,4488.53,4494.4,2774
26-03-2026 05:15,4494.44,4499.73,4491.04,4498.1,2682
26-03-2026 05:30,4498.08,4527.57,4498.08,4527.42,3529
26-03-2026 05:45,4527.43,4535.16,4524.08,4525.25,3208
26-03-2026 06:00,4525.26,4532.27,4524.53,4527.71,2900
26-03-2026 06:15,4527.96,4539.14,4527.2,4535.53,3282
26-03-2026 06:30,4535.4,4544.01,4531.12,4538.01,3749
26-03-2026 06:45,4538.22,4538.42,4526.69,4534.35,3613
26-03-2026 07:00,4534.29,4537.69,4526.12,4530.2,3673
26-03-2026 07:15,4530.17,4536.1,4522.35,4535.68,3513
26-03-2026 07:30,4535.65,4535.82,4527.58,4531.27,3397
26-03-2026 07:45,4531.29,4532.93,4524.86,4528.16,3083
26-03-2026 08:00,4526.91,4530.44,4511.98,4519.54,3622
26-03-2026 08:15,4519.46,4521.01,4505.67,4508.85,3411
26-03-2026 08:30,4508.83,4511.78,4501.89,4511.15,3489
26-03-2026 08:45,4511.2,4513.54,4500.06,4506.62,3377
26-03-2026 09:00,4506.74,4518.63,4506.55,4515.6,2973
26-03-2026 09:15,4515.62,4516.93,4510.43,4516.58,2504
26-03-2026 09:30,4516.77,4519.1,4511.55,4518.44,2460
26-03-2026 09:45,4518.43,4522,4516.18,4520.75,2084
26-03-2026 10:00,4520.95,4522.34,4516.52,4517.88,1977
26-03-2026 10:15,4517.86,4524.18,4517.81,4520.4,2479
26-03-2026 10:30,4520.63,4522.15,4507.69,4508.71,2937
26-03-2026 10:45,4508.85,4511.23,4489.09,4493.38,3207
26-03-2026 11:00,4493.99,4495.3,4480.23,4482.79,3819
26-03-2026 11:15,4482.68,4483.88,4438.9,4438.92,4055
26-03-2026 11:30,4438.97,4450.17,4418.11,4420.58,4111
26-03-2026 11:45,4421.68,4441.14,4415.48,4439.76,3944
26-03-2026 12:00,4439.25,4447.5,4430.59,4446.87,3708
26-03-2026 12:15,4447.47,4459.32,4444.19,4456.38,3686
26-03-2026 12:30,4456.44,4460.16,4442.71,4447.5,3541
26-03-2026 12:45,4448.11,4451.76,4438.88,4448.55,3473
26-03-2026 13:00,4448.2,4463.63,4447.69,4459.99,3347
26-03-2026 13:15,4460.19,4462.93,4450.22,4452.48,3365
26-03-2026 13:30,4451.75,4459.11,4440.22,4445.08,3941
26-03-2026 13:45,4445.1,4447.09,4425.68,4428.39,3910
26-03-2026 14:00,4428.38,4438.01,4412.69,4419.7,3845
26-03-2026 14:15,4419.07,4439.75,4418.29,4427.52,3750
26-03-2026 14:30,4427.26,4434.35,4418.03,4430.42,3790
26-03-2026 14:45,4430.43,4436.71,4424.92,4431.99,3520
26-03-2026 15:00,4431.83,4431.83,4414.39,4424.01,3842
26-03-2026 15:15,4423.98,4427.55,4416.84,4423.4,3524
26-03-2026 15:30,4423.41,4428.41,4416.88,4424.75,3506
26-03-2026 15:45,4424.67,4448.11,4424.43,4441.35,3540
26-03-2026 16:00,4441.28,4443.86,4423.4,4428.25,3561
26-03-2026 16:15,4428.27,4447.53,4425.16,4443.3,3546
26-03-2026 16:30,4443.89,4448.43,4440.15,4441.78,3399
26-03-2026 16:45,4441.84,4456.73,4439.45,4443.19,3494
26-03-2026 17:00,4443.2,4451.85,4438.06,4440.72,3524
26-03-2026 17:15,4441.17,4442.41,4418.67,4422.59,3793
26-03-2026 17:30,4422.85,4445.11,4416.26,4441.69,3937
26-03-2026 17:45,4441.78,4444.85,4433.45,4438.11,3566
26-03-2026 18:00,4438.08,4444.4,4431.78,4435.1,3842
26-03-2026 18:15,4435.73,4442.76,4427.79,4429.51,3885
26-03-2026 18:30,4428.85,4445,4419.68,4438.03,4084
26-03-2026 18:45,4438.02,4453.63,4434.05,4447.88,3854
26-03-2026 19:00,4447.63,4453.38,4429.1,4453.38,4306
26-03-2026 19:15,4453.41,4460.2,4436.58,4452.37,4255
26-03-2026 19:30,4452.38,4456.16,4437.09,4446.23,4228
26-03-2026 19:45,4446.38,4469.41,4443.97,4458.79,4154
26-03-2026 20:00,4458.57,4479.07,4458.04,4460.04,4245
26-03-2026 20:15,4459.65,4469.15,4445.56,4464.78,4238
26-03-2026 20:30,4464.78,4468.82,4450.55,4455.03,4131
26-03-2026 20:45,4455.23,4458.13,4448.76,4454.19,4080
26-03-2026 21:00,4453.95,4453.95,4436.39,4439.92,4049
26-03-2026 21:15,4439.87,4446.63,4433.71,4438.01,4093
26-03-2026 21:30,4437.99,4442.38,4425.91,4439.76,3824
26-03-2026 21:45,4439.73,4439.73,4386.79,4396.1,4189
26-03-2026 22:00,4395.97,4395.97,4366.34,4380.83,4222
26-03-2026 22:15,4380.89,4392.24,4378.16,4389.04,4048
26-03-2026 22:30,4388.6,4402.26,4384.84,4394.67,4027
26-03-2026 22:45,4394.63,4397.09,4377.09,4383.01,4081
26-03-2026 23:00,4382.98,4392.76,4377.34,4385.5,3840
26-03-2026 23:15,4385.49,4390.98,4379.27,4381.22,3734
26-03-2026 23:30,4381.15,4390.28,4379.8,4388.07,3829
26-03-2026 23:45,4388.05,4388.07,4367.53,4373.87,3905
27-03-2026 00:00,4373.97,4395.42,4373.09,4393.06,3688
27-03-2026 00:15,4392.71,4397.57,4390.47,4394.28,3509
27-03-2026 00:30,4394.26,4399.09,4381.88,4387.73,3541
27-03-2026 00:45,4387.52,4392.02,4378.16,4380.35,3607
27-03-2026 01:00,4380.6,4388.04,4374.97,4378.65,3549
27-03-2026 01:15,4378.75,4379.78,4359.04,4363.91,3812
27-03-2026 01:30,4363.72,4412.74,4350.78,4396.12,3514
27-03-2026 01:45,4396.34,4415.64,4379.36,4404.02,4056
27-03-2026 02:00,4404.04,4420.16,4397.03,4405.48,3400
27-03-2026 02:15,4405.49,4409.73,4372.54,4378.18,3288
27-03-2026 03:30,4380.4,4403.86,4375.28,4400.49,2052
27-03-2026 03:45,4400.5,4407.84,4394.45,4398.23,1519
27-03-2026 04:00,4398.27,4415.13,4395.06,4406.83,1403
27-03-2026 04:15,4405.98,4413.04,4400.05,4411.15,1289
27-03-2026 04:30,4411.24,4414.12,4389.93,4393.01,2012
27-03-2026 04:45,4392.59,4401.15,4391.47,4399.19,1631
27-03-2026 05:00,4399.21,4408.03,4396.11,4400.01,2373
27-03-2026 05:15,4400.02,4405.55,4396.2,4404.93,1642
27-03-2026 05:30,4404.96,4410.83,4403.11,4403.86,2342
27-03-2026 05:45,4403.81,4404.59,4382.53,4390.95,3145
27-03-2026 06:00,4390.91,4396.17,4386.9,4390.71,3158
27-03-2026 06:15,4390.62,4390.78,4375.12,4378.18,3357
27-03-2026 06:30,4378.35,4399.05,4377.13,4393.7,3683
27-03-2026 06:45,4393.82,4406.09,4391,4406.09,3507
27-03-2026 07:00,4406.12,4419.91,4403.37,4419.01,3520
27-03-2026 07:15,4419.05,4420.22,4411.76,4417.2,3388
27-03-2026 07:30,4417.27,4439.26,4416.98,4434.75,3519
27-03-2026 07:45,4434.76,4435.86,4426.01,4430.67,2812
27-03-2026 08:00,4430.67,4434.05,4424.76,4429.53,3448
27-03-2026 08:15,4429.48,4440.34,4428.04,4431.89,3145
27-03-2026 08:30,4431.8,4435.53,4420.98,4429.04,3172
27-03-2026 08:45,4429.36,4436.66,4427.86,4435.1,3055
27-03-2026 09:00,4435.09,4445.55,4430.91,4435.92,2957
27-03-2026 09:15,4435.91,4438.32,4432.71,4437.37,2217
27-03-2026 09:30,4437.55,4439.58,4432.36,4433.56,2184
27-03-2026 09:45,4433.53,4437.08,4431.19,4434.01,2084
27-03-2026 10:00,4433.99,4441.91,4433.93,4441.37,1721
27-03-2026 10:15,4441.36,4449.34,4440.42,4446.01,2142
27-03-2026 10:30,4445.71,4447.45,4442.03,4443.85,2526
27-03-2026 10:45,4443.56,4446.73,4440.22,4443.13,2450
27-03-2026 11:00,4443.11,4474.65,4442.56,4465.09,3830
27-03-2026 11:15,4465.03,4468.09,4453.25,4454.15,3463
27-03-2026 11:30,4454.17,4472.9,4451.76,4471.36,3534
27-03-2026 11:45,4470.91,4471.4,4456.42,4462.93,3316
27-03-2026 12:00,4463.09,4468.16,4460.17,4464.78,3009
27-03-2026 12:15,4464.77,4465.27,4454.35,4459.25,2928
27-03-2026 12:30,4459.25,4462.8,4447.77,4454.81,2935
27-03-2026 12:45,4454.95,4456.95,4450.11,4452.11,2770
27-03-2026 13:00,4452.1,4455.47,4446.54,4448.26,2940
27-03-2026 13:15,4448.26,4453.22,4442.8,4447.5,2925
27-03-2026 13:30,4447.49,4450.62,4442.95,4446.93,3478
27-03-2026 13:45,4446.95,4447.13,4430.52,4433.86,3490
27-03-2026 14:00,4433.91,4439.77,4428.81,4434.97,3464
27-03-2026 14:15,4434.96,4438.6,4423.7,4424.1,3315
27-03-2026 14:30,4424.15,4430.95,4420.58,4429.56,3461
27-03-2026 14:45,4429.58,4436.04,4428.73,4434.22,3434
27-03-2026 15:00,4434.55,4438.08,4430.01,4432.74,2997
27-03-2026 15:15,4432.73,4432.73,4427.02,4428.68,3065
27-03-2026 15:30,4428.67,4432.82,4423.97,4425.73,3287
27-03-2026 15:45,4426.22,4431.25,4423.68,4428.89,2865
27-03-2026 16:00,4428.79,4430.26,4412.48,4415.77,3315
27-03-2026 16:15,4415.9,4418.95,4410.9,4414.77,3418
27-03-2026 16:30,4415,4417.21,4404.23,4412.86,3522
27-03-2026 16:45,4413.03,4417.09,4407.6,4415.08,3266
27-03-2026 17:00,4415.09,4421.46,4413.53,4421.44,3091
27-03-2026 17:15,4421.63,4426.15,4415.6,4420.18,3254
27-03-2026 17:30,4420.24,4426.64,4412.55,4424.62,3653
27-03-2026 17:45,4424.68,4434.06,4416.81,4429.44,3538
27-03-2026 18:00,4429.6,4437.12,4424.35,4433.4,3538
27-03-2026 18:15,4433.64,4445.15,4433.64,4437.81,3490
27-03-2026 18:30,4437.85,4443.72,4423.71,4428.96,3964
27-03-2026 18:45,4428.68,4441.65,4418.45,4422.71,3918
27-03-2026 19:00,4422.14,4430.9,4413.5,4428.69,4230
27-03-2026 19:15,4428.78,4441.89,4421.06,4431.29,4009
27-03-2026 19:30,4431.36,4463.3,4430.78,4459.95,4197
27-03-2026 19:45,4459.5,4469.74,4451.1,4455.24,4159
27-03-2026 20:00,4455.3,4463.93,4451.78,4463.85,4094
27-03-2026 20:15,4463.84,4514.63,4463.72,4509.59,4192
27-03-2026 20:30,4509.61,4533.59,4501.45,4525.39,4221
27-03-2026 20:45,4525.12,4555.18,4520.91,4543.38,4227
27-03-2026 21:00,4543.75,4552.61,4526.35,4531.77,4186
27-03-2026 21:15,4531.72,4536.19,4520.73,4523.75,3993
27-03-2026 21:30,4524.39,4532.79,4517.86,4528.14,3930
27-03-2026 21:45,4528.15,4533.56,4524.53,4528.29,3830
27-03-2026 22:00,4528.25,4528.68,4505.46,4511.04,3891
27-03-2026 22:15,4511.12,4521.19,4507.05,4516.06,3752
27-03-2026 22:30,4516.11,4521.62,4506.07,4510.87,3933
27-03-2026 22:45,4510.91,4511.55,4486.6,4494.09,3887
27-03-2026 23:00,4494.02,4499.79,4485.91,4490.09,3794
27-03-2026 23:15,4490.19,4499.22,4486.07,4486.3,3685
27-03-2026 23:30,4486.27,4498.42,4486.2,4498.17,3669
27-03-2026 23:45,4498.23,4511.06,4498.18,4509.08,3917
28-03-2026 00:00,4509.08,4528.46,4508.41,4525.46,3704
28-03-2026 00:15,4525.47,4525.67,4513.37,4516.65,3340
28-03-2026 00:30,4516.53,4518.98,4507.13,4510.92,3206
28-03-2026 00:45,4510.78,4523.88,4509.86,4522.21,3360
28-03-2026 01:00,4522.81,4526.23,4500.53,4509.56,3364
28-03-2026 01:15,4509.55,4521.91,4502.75,4513.87,3821
28-03-2026 01:30,4514.21,4520.04,4506.26,4509.6,2735
28-03-2026 01:45,4509.59,4510.11,4503.89,4506.21,2235
28-03-2026 02:00,4506.07,4512.12,4497.84,4504.86,2016
28-03-2026 02:15,4504.84,4504.86,4490.44,4491.81,2044
30-03-2026 03:30,4492,4515.48,4464.46,4495.67,3381
30-03-2026 03:45,4495.66,4511.53,4488.99,4508.32,2961
30-03-2026 04:00,4508.5,4512.29,4489.82,4492.7,2562
30-03-2026 04:15,4492.58,4496.19,4480.06,4484.25,2472
30-03-2026 04:30,4484.31,4491.97,4464.74,4478.5,2733
30-03-2026 04:45,4478.43,4484.35,4471.69,4472.07,2700
30-03-2026 05:00,4472.09,4472.09,4445.45,4451.92,3506
30-03-2026 05:15,4452.33,4455.55,4443.69,4447.97,3484
30-03-2026 05:30,4448.75,4451.19,4419.74,4425.95,3825
30-03-2026 05:45,4425.66,4466.18,4422.69,4448.67,4046
30-03-2026 06:00,4448.77,4458.36,4434.99,4437.87,3803
30-03-2026 06:15,4437.89,4442.08,4430.03,4431.72,3549
30-03-2026 06:30,4431.59,4461.12,4431.55,4459.31,4076
30-03-2026 06:45,4459.37,4465.87,4445,4447.96,3979
30-03-2026 07:00,4447.94,4475.08,4444.67,4470.65,3967
30-03-2026 07:15,4470.95,4474.53,4461.07,4468.91,3679
30-03-2026 07:30,4468.77,4473.85,4464.84,4472.12,3648
30-03-2026 07:45,4472.08,4473.57,4465.78,4472.21,3076
30-03-2026 08:00,4472.25,4498.45,4458.39,4494.19,3803
30-03-2026 08:15,4494.2,4495.71,4478.22,4480.58,3641
30-03-2026 08:30,4480.26,4508.18,4478.15,4503.97,3802
30-03-2026 08:45,4503.95,4516.59,4503.23,4506.4,3603
30-03-2026 09:00,4506.42,4506.98,4499.09,4502.86,2890
30-03-2026 09:15,4502.81,4506.81,4494.02,4495.45,2738
30-03-2026 09:30,4495.45,4498.03,4486.13,4487.08,2941
30-03-2026 09:45,4487.01,4494.87,4486.72,4490,2523
30-03-2026 10:00,4490.03,4490.63,4485.77,4487.85,2321
30-03-2026 10:15,4487.9,4498.27,4486.56,4496.49,2378
30-03-2026 10:30,4497.01,4507.65,4496.52,4504.43,2943
30-03-2026 10:45,4504.45,4515.46,4503.74,4505.07,2860
30-03-2026 11:00,4505.07,4514.88,4503.06,4510.13,3561
30-03-2026 11:15,4510.22,4528.21,4509.93,4522.19,3496
30-03-2026 11:30,4522.2,4534.11,4516.66,4530.25,3449
30-03-2026 11:45,4530.24,4535.08,4526.52,4528.26,3457
30-03-2026 12:00,4528.23,4541.68,4525.94,4539.96,3392
30-03-2026 12:15,4540.02,4550.42,4530.97,4532.11,3485
30-03-2026 12:30,4532.09,4534.34,4523.53,4534.02,3558
30-03-2026 12:45,4534,4534.34,4520.42,4522.61,3465
30-03-2026 13:00,4522.52,4525.75,4515.84,4521.05,3484
30-03-2026 13:15,4521.01,4527.76,4518.93,4527.12,3236
30-03-2026 13:30,4527.09,4536.82,4524.81,4533.66,3408
30-03-2026 13:45,4533.71,4535.73,4525.67,4528.58,3126
30-03-2026 14:00,4528.55,4538.05,4528.33,4532.8,2809
30-03-2026 14:15,4532.86,4540.43,4532.56,4538.18,2896
30-03-2026 14:30,4538.33,4540.47,4527.99,4529.44,3058
30-03-2026 14:45,4529.42,4536.43,4523.4,4527.44,3381
30-03-2026 15:00,4527.17,4537.92,4523.54,4537.03,3229
30-03-2026 15:15,4537.05,4538.32,4528.51,4532.1,3051
30-03-2026 15:30,4532.91,4536.18,4529.04,4532.71,2948
30-03-2026 15:45,4532.69,4539.81,4527.5,4531.07,3001
30-03-2026 16:00,4531.08,4533.85,4527.93,4533.12,2807
30-03-2026 16:15,4533.14,4535.32,4528.38,4532.22,2754
30-03-2026 16:30,4532.2,4540.51,4525.35,4538.62,3166
30-03-2026 16:45,4538.33,4547.3,4534.64,4543.04,3446
30-03-2026 17:00,4543.46,4565.37,4538.11,4565.37,3846
30-03-2026 17:15,4565.47,4579.74,4555.24,4558.67,3824
30-03-2026 17:30,4558.74,4560.81,4544.55,4556.16,3603
30-03-2026 17:45,4556.09,4567.97,4555.55,4565.82,3586
30-03-2026 18:00,4565.78,4577.55,4564.1,4573.66,3455
30-03-2026 18:15,4573.92,4573.92,4563.5,4569.1,3488
30-03-2026 18:30,4569.46,4578.45,4560.91,4565.37,3957
30-03-2026 18:45,4565.29,4570.8,4558.5,4566.94,3679
30-03-2026 19:00,4566.93,4573.23,4542.54,4543.66,4253
30-03-2026 19:15,4543.65,4547.27,4516.41,4522.88,4238
30-03-2026 19:30,4523.27,4535.11,4517.32,4533.12,4173
30-03-2026 19:45,4533.11,4534.07,4511.33,4518.08,4120
30-03-2026 20:00,4517.97,4533.21,4516.32,4522.21,4129
30-03-2026 20:15,4522.17,4540.75,4520.68,4538.06,4176
30-03-2026 20:30,4538.24,4542.91,4531.71,4532.25,4031
30-03-2026 20:45,4532.35,4533.39,4524.28,4530.97,3992
30-03-2026 21:00,4530.99,4553.32,4526.97,4551.26,3796
30-03-2026 21:15,4551.27,4556.53,4545.04,4548,3908
30-03-2026 21:30,4548.15,4549.4,4537.72,4544.14,3929
30-03-2026 21:45,4544.1,4548.6,4536.45,4536.58,3738
30-03-2026 22:00,4536.48,4548.21,4532.01,4548.09,3338
30-03-2026 22:15,4548.1,4548.64,4536.47,4539.62,3541
30-03-2026 22:30,4539.46,4542.01,4519.34,4522.65,3767
30-03-2026 22:45,4522.4,4530.56,4519.79,4527.63,3733
30-03-2026 23:00,4527.46,4527.46,4514.77,4524.22,3883
30-03-2026 23:15,4523.94,4528.45,4511.2,4514.85,3639
30-03-2026 23:30,4514.8,4522.96,4513.06,4518.47,3689
30-03-2026 23:45,4518.71,4521.32,4511.27,4513.7,3558
31-03-2026 00:00,4513.83,4519.35,4512.23,4515.24,3200
31-03-2026 00:15,4515.23,4518.6,4498.19,4498.83,3433
31-03-2026 00:30,4498.8,4504.69,4493.14,4497.43,3887
31-03-2026 00:45,4497.45,4503.97,4492.76,4501.43,3758
31-03-2026 01:00,4501.45,4512.66,4497.81,4504.68,3803
31-03-2026 01:15,4504.66,4518.09,4503.75,4513.17,3664
31-03-2026 01:30,4513.28,4516.22,4505.19,4507.92,2759
31-03-2026 01:45,4507.98,4509.69,4501.76,4505.71,2104
31-03-2026 02:00,4505.72,4506.73,4500.7,4503.07,1645
31-03-2026 02:15,4502.57,4510.84,4502.01,4510.54,1241
31-03-2026 03:30,4515.85,4522.87,4506.85,4507.76,1629
31-03-2026 03:45,4507.8,4514.23,4501.75,4513.92,1807
31-03-2026 04:00,4514.25,4518.35,4507.86,4508.33,1565
31-03-2026 04:15,4508.41,4514.65,4507.98,4510.37,1685
31-03-2026 04:30,4510.16,4510.16,4491.83,4498.29,3051
31-03-2026 04:45,4498.29,4509.51,4497.28,4504.78,2503
31-03-2026 05:00,4504.79,4518.92,4503.12,4517.87,2498
31-03-2026 05:15,4517.86,4520.72,4507.44,4513.49,2616
31-03-2026 05:30,4513.48,4528.12,4510.4,4515.89,3593
31-03-2026 05:45,4516.09,4518.08,4482.2,4511.48,3765
31-03-2026 06:00,4511.89,4536.95,4506.25,4536.2,3743
31-03-2026 06:15,4535.96,4547.73,4534.85,4547.22,4050
31-03-2026 06:30,4546.81,4550.27,4531.54,4543.35,4031
31-03-2026 06:45,4543.34,4585.26,4542.98,4580.93,4054
31-03-2026 07:00,4580.98,4618.53,4577.24,4617.25,4144
31-03-2026 07:15,4617.26,4618.95,4595.61,4604.56,4063
31-03-2026 07:30,4604.61,4606.79,4588.43,4589.7,3892
31-03-2026 07:45,4589.69,4592.36,4578.54,4582.38,3566
31-03-2026 08:00,4582.34,4588.14,4578.74,4586.63,3708
31-03-2026 08:15,4586.66,4587.59,4565.54,4568.08,3878
31-03-2026 08:30,4567.72,4576.76,4565.85,4569.73,3620
31-03-2026 08:45,4569.72,4571.02,4556.01,4561.38,3454
31-03-2026 09:00,4561.45,4565.68,4550.64,4552.53,3059
31-03-2026 09:15,4551.73,4557.26,4550.14,4556.91,2820
31-03-2026 09:30,4556.99,4565.8,4556.95,4557.45,2722
31-03-2026 09:45,4557.44,4569.29,4557.03,4561.31,2785
31-03-2026 10:00,4561.29,4565.08,4560.01,4563.94,2549
31-03-2026 10:15,4563.93,4568.87,4560.9,4564.75,2823
31-03-2026 10:30,4564.37,4570.47,4547.73,4549.85,3184
31-03-2026 10:45,4549.86,4567.48,4549.54,4560.9,2953
31-03-2026 11:00,4560.76,4579.63,4558.23,4576.72,3660
31-03-2026 11:15,4576.69,4581.5,4566.89,4568.66,3514
31-03-2026 11:30,4568.88,4568.88,4556.24,4559.13,3566
31-03-2026 11:45,4559.22,4564.25,4553.07,4560.47,3645
31-03-2026 12:00,4560.41,4565.47,4555.8,4558.58,3434
31-03-2026 12:15,4558.62,4561.35,4554.04,4556.86,3120
31-03-2026 12:30,4556.93,4563.62,4549.64,4552.32,3516
31-03-2026 12:45,4552.39,4556.31,4542.92,4551.93,3423
31-03-2026 13:00,4551.8,4560.91,4551.64,4559.39,3094
31-03-2026 13:15,4559.41,4565.14,4556.58,4564.02,3078
31-03-2026 13:30,4563.64,4573.03,4560.11,4565.65,3536
31-03-2026 13:45,4565.66,4572.45,4564.44,4572.03,3238
31-03-2026 14:00,4572.04,4574.92,4567.36,4571.09,3173
31-03-2026 14:15,4571.09,4573.92,4566.78,4568.27,3061
31-03-2026 14:30,4568.52,4571.84,4562.81,4567.28,2937
31-03-2026 14:45,4567.27,4570.23,4561,4561.82,3056
31-03-2026 15:00,4561.41,4562,4549.96,4555.39,3400
31-03-2026 15:15,4555.35,4562.09,4551.27,4555.3,3017
31-03-2026 15:30,4555.19,4561.67,4554.87,4556.8,3026
31-03-2026 15:45,4556.85,4560.95,4555.47,4560.35,2591
31-03-2026 16:00,4560.34,4560.64,4529.01,4540.25,3356
31-03-2026 16:15,4540.28,4552.46,4539.4,4546.81,3276
31-03-2026 16:30,4547.49,4562.88,4540.86,4551.3,3545
31-03-2026 16:45,4551.29,4583.21,4549.34,4575.17,4006
31-03-2026 17:00,4575.14,4593.09,4568.66,4591.84,3801
31-03-2026 17:15,4592.53,4592.91,4576.56,4582.12,3840
31-03-2026 17:30,4582.14,4597.41,4574.16,4575.5,3889
31-03-2026 17:45,4575.13,4582.26,4571.13,4579.09,4029
31-03-2026 18:00,4579.17,4589.63,4577.46,4579.03,3748
31-03-2026 18:15,4578.88,4581.35,4569.01,4574.54,3631
31-03-2026 18:30,4574.61,4583.36,4567.71,4581.17,3959
31-03-2026 18:45,4581.15,4587.75,4573.1,4573.13,3649
31-03-2026 19:00,4572.94,4589.1,4568.33,4587.49,4061
31-03-2026 19:15,4587.76,4609.65,4584.88,4607.08,4064
31-03-2026 19:30,4606.95,4625,4603.59,4615.03,4224
31-03-2026 19:45,4614.96,4619.13,4602.64,4618.63,4228
31-03-2026 20:00,4618.79,4629.88,4603.94,4607.72,4175
31-03-2026 20:15,4608.11,4610.81,4594.88,4598.92,4189
31-03-2026 20:30,4598.9,4623.85,4598.9,4622.81,4100
31-03-2026 20:45,4623.08,4625.39,4607.55,4610.01,4054
31-03-2026 21:00,4610.02,4621.25,4607.09,4620.78,3983
31-03-2026 21:15,4620.79,4623.61,4608,4609.36,3954
31-03-2026 21:30,4609.33,4619.82,4606.89,4611.85,3920
31-03-2026 21:45,4611.79,4618.54,4609.18,4617.68,3610
31-03-2026 22:00,4617.65,4651.06,4614.99,4641.33,3973
31-03-2026 22:15,4641.25,4649.81,4630.43,4637.82,4361
31-03-2026 22:30,4637.86,4655.48,4636.17,4642.63,4236
31-03-2026 22:45,4642.34,4657.87,4640.36,4648.43,4175
31-03-2026 23:00,4648.35,4663.4,4645.15,4660.13,4179
31-03-2026 23:15,4660.01,4666.99,4653.09,4654.33,4033
31-03-2026 23:30,4654.18,4668.65,4653.33,4665.48,3965
31-03-2026 23:45,4665.62,4668.54,4659.71,4664.2,3839
01-04-2026 00:00,4664.22,4671,4659.87,4667.61,3818
01-04-2026 00:15,4667.52,4670.51,4663.54,4667.31,3569
01-04-2026 00:30,4667.34,4676.08,4661.7,4670.93,3830
01-04-2026 00:45,4671.25,4680.92,4668.3,4672.4,3636
01-04-2026 01:00,4672.83,4683.21,4671.94,4680.54,3583
01-04-2026 01:15,4680.35,4685.38,4679.21,4682.28,3727
01-04-2026 01:30,4682.38,4686.72,4676.1,4678.95,3072
01-04-2026 01:45,4678.83,4681.73,4668.76,4669.25,2197
01-04-2026 02:00,4669.27,4675.19,4666.77,4667.95,1913
01-04-2026 02:15,4667.86,4670.01,4664.18,4666.75,1660
01-04-2026 03:30,4681.06,4681.23,4662.04,4668.74,1690
01-04-2026 03:45,4668.84,4686.27,4663.04,4674.25,2396
01-04-2026 04:00,4674.24,4696.16,4670.79,4684.43,2739
01-04-2026 04:15,4684.28,4686.67,4661.4,4680.34,2908
01-04-2026 04:30,4680.86,4682.09,4672.35,4675.79,2257
01-04-2026 04:45,4675.75,4684.14,4671.66,4682.1,2486
01-04-2026 05:00,4682.09,4694.63,4681.58,4690.87,2626
01-04-2026 05:15,4690.88,4700.12,4688.33,4696.16,2927
01-04-2026 05:30,4695.87,4704.86,4693.3,4703.21,3508
01-04-2026 05:45,4703.24,4721.68,4702.54,4721.62,3637
01-04-2026 06:00,4721.67,4722.19,4699.93,4706.4,3242
01-04-2026 06:15,4706.42,4718.92,4704.51,4710.76,3276
01-04-2026 06:30,4711.08,4723.98,4689.47,4707.92,4039
01-04-2026 06:45,4707.83,4708.2,4692.37,4708.15,3866
01-04-2026 07:00,4708.14,4708.14,4681.5,4687.73,3801
01-04-2026 07:15,4687.82,4696.87,4685.99,4692.61,3688
01-04-2026 07:30,4692.6,4700.36,4686.84,4693.78,3604
01-04-2026 07:45,4693.72,4697.52,4683.32,4687.16,2842
01-04-2026 08:00,4687,4690.21,4678.16,4681.59,3411
01-04-2026 08:15,4681.6,4689.51,4678.39,4684.34,3238
01-04-2026 08:30,4684.33,4692.53,4682.55,4689.49,3075
01-04-2026 08:45,4689.5,4694.09,4684.37,4687.32,2813
01-04-2026 09:00,4687.27,4688.59,4683.1,4686.91,2345
01-04-2026 09:15,4686.85,4688.58,4679.62,4681.79,2417
01-04-2026 09:30,4681.8,4681.93,4672.77,4673.64,2297
01-04-2026 09:45,4673.62,4673.82,4666.81,4672.16,2519
01-04-2026 10:00,4672.18,4676.81,4668.76,4676.69,2308
01-04-2026 10:15,4676.81,4681.6,4672.82,4676.33,2040
01-04-2026 10:30,4676.35,4684.65,4674.76,4682.75,2429
01-04-2026 10:45,4682.74,4689.98,4680.41,4686.14,2837
01-04-2026 11:00,4686.16,4703.38,4686.15,4702.04,3376
01-04-2026 11:15,4702.07,4703.3,4683.7,4684.06,3093
01-04-2026 11:30,4684.1,4697.33,4682.4,4697.33,3398
01-04-2026 11:45,4697.45,4711.22,4692.66,4709.12,3372
01-04-2026 12:00,4709.05,4712.49,4702.2,4708.37,3566
01-04-2026 12:15,4708.41,4733.08,4708.3,4730.48,3729
01-04-2026 12:30,4730.98,4732.68,4714.29,4715.15,3566
01-04-2026 12:45,4715.38,4725.33,4712.92,4722.88,3209
01-04-2026 13:00,4722.9,4747.6,4721.93,4730.64,3624
01-04-2026 13:15,4730.53,4732.63,4709.5,4712.81,3853
01-04-2026 13:30,4712.78,4726.17,4710.33,4719.1,3622
01-04-2026 13:45,4719.17,4735.66,4717.05,4730.49,3244
01-04-2026 14:00,4730.46,4740.41,4726.25,4731.82,3230
01-04-2026 14:15,4731.81,4732.36,4726.4,4728.5,2908
01-04-2026 14:30,4728.55,4730.05,4717.72,4718.07,2976
01-04-2026 14:45,4718.06,4723.81,4713.79,4719.28,3015
01-04-2026 15:00,4719.12,4722.68,4713.14,4719.03,2886
01-04-2026 15:15,4719.07,4727.61,4719.01,4723.02,3119
01-04-2026 15:30,4723.04,4724.27,4715.33,4715.46,2773
01-04-2026 15:45,4715.48,4729.12,4715,4728.26,2696
01-04-2026 16:00,4727.86,4736.21,4726.03,4734.83,2691
01-04-2026 16:15,4734.82,4738.72,4727.97,4731.25,2873
01-04-2026 16:30,4731.35,4740.18,4728.05,4736.7,2796
01-04-2026 16:45,4736.71,4746.21,4736.45,4745.01,2758
01-04-2026 17:00,4744.99,4762.91,4744.7,4760.43,3306
01-04-2026 17:15,4760.28,4761.26,4752.36,4752.36,3180
01-04-2026 17:30,4752.3,4753.46,4739.29,4743.12,3064
01-04-2026 17:45,4743.11,4744.87,4724.43,4735.46,3474
01-04-2026 18:00,4735.21,4753.48,4731.8,4747.85,3524
01-04-2026 18:15,4747.5,4753.74,4723.96,4724.26,4116
01-04-2026 18:30,4724.27,4733.51,4715.57,4731.5,4010
01-04-2026 18:45,4731.03,4742.28,4730.68,4736.05,3732
01-04-2026 19:00,4736.07,4749.44,4730.5,4743.19,4218
01-04-2026 19:15,4743.27,4748.84,4733.91,4737.75,4087
01-04-2026 19:30,4737.65,4746.42,4723.71,4743.98,4169
01-04-2026 19:45,4743.95,4754.33,4729.99,4741.6,4057
01-04-2026 20:00,4741.47,4756.03,4734.39,4753.54,4094
01-04-2026 20:15,4753.6,4768.28,4752.21,4760.22,3964
01-04-2026 20:30,4760.24,4774.94,4758.25,4764.64,3834
01-04-2026 20:45,4764.61,4776.29,4762.26,4772.83,3713
01-04-2026 21:00,4772.89,4786.77,4769.79,4785.46,3829
01-04-2026 21:15,4785.47,4788.07,4782.35,4786.4,3554
01-04-2026 21:30,4786.49,4790.68,4774.27,4774.89,3707
01-04-2026 21:45,4774.92,4783.4,4774.54,4776.57,3591
01-04-2026 22:00,4776.61,4784.72,4775.21,4784.2,3366
01-04-2026 22:15,4784.08,4788.44,4781.73,4787.17,2815
01-04-2026 22:30,4787.05,4792.81,4786.47,4788.39,3171
01-04-2026 22:45,4788.5,4789.4,4782.25,4784.95,3328
01-04-2026 23:00,4785.11,4785.91,4775.54,4781.8,3303
01-04-2026 23:15,4781.88,4783.21,4773.49,4774.16,3085
01-04-2026 23:30,4774.13,4775.11,4759.83,4770.95,3878
01-04-2026 23:45,4770.94,4771.53,4752.94,4753.69,3960
02-04-2026 00:00,4753.78,4765.79,4741.87,4756.27,3944
02-04-2026 00:15,4756.51,4758.15,4751.34,4752.79,3776
02-04-2026 00:30,4752.87,4764.88,4750.88,4759.43,3624
02-04-2026 00:45,4759.63,4768.79,4758.32,4765.35,3167
02-04-2026 01:00,4765.37,4777.98,4762.91,4769.3,3276
02-04-2026 01:15,4769.09,4770.77,4758.02,4765.87,3774
02-04-2026 01:30,4765.63,4769.43,4762.43,4768.58,1958
02-04-2026 01:45,4768.59,4770.96,4760.95,4762.11,1420
02-04-2026 02:00,4762.08,4763.52,4754.16,4759.73,1791
02-04-2026 02:15,4759.67,4763.07,4755.97,4757.68,1288
02-04-2026 03:30,4752.43,4760.96,4749.47,4757.75,579
02-04-2026 03:45,4757.75,4773.97,4756.54,4772.2,1584
02-04-2026 04:00,4772.3,4781.12,4770.8,4775.99,1631
02-04-2026 04:15,4776.03,4782.69,4774.91,4776.18,2038
02-04-2026 04:30,4776.37,4791.32,4773.35,4791.03,2319
02-04-2026 04:45,4791,4798.74,4788.29,4794.7,2385
02-04-2026 05:00,4794.73,4800.2,4788.19,4789.44,2270
02-04-2026 05:15,4789.43,4789.6,4777.96,4783.83,2501
02-04-2026 05:30,4783.83,4793.27,4774.92,4792.44,3394
02-04-2026 05:45,4792.46,4798.64,4788.48,4789.66,3028
02-04-2026 06:00,4789.68,4796.07,4784.51,4787.34,3049
02-04-2026 06:15,4787.53,4791.75,4783.06,4784.13,3190
02-04-2026 06:30,4784.12,4785.96,4723.93,4750.23,4216
02-04-2026 06:45,4750.17,4752.13,4686.82,4696.74,4299
02-04-2026 07:00,4695.73,4707.59,4649.18,4689.33,4241
02-04-2026 07:15,4689.34,4711.27,4684.45,4696.22,4087
02-04-2026 07:30,4696.13,4703.81,4678.16,4688.56,4071
02-04-2026 07:45,4688.64,4702.68,4687.98,4689.64,3594
02-04-2026 08:00,4689.64,4690.93,4655.31,4675.75,4063
02-04-2026 08:15,4675.86,4689.09,4672.89,4686.67,3677
02-04-2026 08:30,4686.65,4691.27,4677.45,4689.78,3454
02-04-2026 08:45,4689.79,4699.18,4687.82,4691.29,3327
02-04-2026 09:00,4691.29,4692.42,4683.22,4685.53,2757
02-04-2026 09:15,4685.5,4687.33,4675.47,4675.98,2579
02-04-2026 09:30,4676.18,4681.27,4664.41,4668.54,3032
02-04-2026 09:45,4668.16,4672.22,4662.12,4666.09,2709
02-04-2026 10:00,4666.19,4669.57,4658.28,4661.75,2708
02-04-2026 10:15,4661.74,4672.96,4657.14,4672.44,2621
02-04-2026 10:30,4672.43,4675.11,4666.29,4670.12,2654
02-04-2026 10:45,4670.13,4680.29,4669.38,4677.06,2854
02-04-2026 11:00,4676.48,4679,4628.76,4633.74,4064
02-04-2026 11:15,4633.76,4634.98,4585.93,4594.25,4143
02-04-2026 11:30,4593.87,4596.35,4553.79,4580.42,4196
02-04-2026 11:45,4580.35,4598.33,4574.21,4590.93,3937
02-04-2026 12:00,4590.82,4598.15,4581.52,4588.09,3869
02-04-2026 12:15,4587.83,4608.36,4583.8,4598.41,3837
02-04-2026 12:30,4598.19,4622,4596.98,4620.93,3765
02-04-2026 12:45,4620.88,4627.18,4617.62,4620.54,3527
02-04-2026 13:00,4620.56,4641.35,4619.27,4637.17,3514
02-04-2026 13:15,4637.1,4650.86,4635.83,4642.63,3221
02-04-2026 13:30,4642.59,4648.75,4628.86,4640.94,3626
02-04-2026 13:45,4640.92,4644.79,4631.32,4634.25,3311
02-04-2026 14:00,4634.23,4643.61,4630.48,4630.48,3143
02-04-2026 14:15,4630.55,4634.32,4617.15,4620.67,3235
02-04-2026 14:30,4620.66,4625.18,4613.05,4623.66,2915
02-04-2026 14:45,4623.65,4631.66,4617.2,4620.9,3039
02-04-2026 15:00,4620.63,4625.28,4615.48,4621.39,2807
02-04-2026 15:15,4621.4,4628.25,4617.65,4621.69,2850
02-04-2026 15:30,4621.92,4634.85,4618.51,4625.15,2907
02-04-2026 15:45,4625.06,4626.78,4603.66,4618.47,3137
02-04-2026 16:00,4618.48,4631.36,4613.47,4624.42,2969
02-04-2026 16:15,4624.79,4629.54,4619.61,4620.39,3049
02-04-2026 16:30,4620.35,4629.74,4616.56,4627.41,3222
02-04-2026 16:45,4627.97,4630.51,4614,4614.69,2970
02-04-2026 17:00,4614.67,4617.46,4592.7,4599.51,3422
02-04-2026 17:15,4599.51,4611.49,4595.91,4599.57,3414
02-04-2026 17:30,4599.86,4612.54,4594.35,4612.29,3738
02-04-2026 17:45,4612.56,4629.73,4609.33,4625.75,3557
02-04-2026 18:00,4625.89,4626.36,4615.65,4618.05,3381
02-04-2026 18:15,4618.56,4626.29,4600.31,4601.63,3647
02-04-2026 18:30,4601.8,4613.11,4580.76,4586.99,4189
02-04-2026 18:45,4587.23,4599.77,4580.57,4597.12,4109
02-04-2026 19:00,4596.64,4606.79,4585.82,4601.83,4352
02-04-2026 19:15,4601.81,4651.2,4600.38,4645.88,4304
02-04-2026 19:30,4646.18,4659.56,4631.08,4647.5,4265
02-04-2026 19:45,4647.49,4675.37,4645.6,4665.22,4238
02-04-2026 20:00,4664.92,4698.97,4658.81,4692.68,4353
02-04-2026 20:15,4692.26,4693.06,4671.91,4681.09,4321
02-04-2026 20:30,4681.44,4683.69,4667.34,4671.94,4274
02-04-2026 20:45,4672.02,4681.62,4657.94,4672.35,4235
02-04-2026 21:00,4672.32,4676.02,4662.03,4665.99,4202
02-04-2026 21:15,4666.2,4666.68,4652.54,4660.91,4057
02-04-2026 21:30,4660.9,4668.32,4647.94,4654.76,4018
02-04-2026 21:45,4654.48,4656.75,4642.97,4650.59,3966
02-04-2026 22:00,4650.38,4670.11,4650.36,4658.74,3993
02-04-2026 22:15,4658.68,4670.22,4656.65,4659.15,3692
02-04-2026 22:30,4659.09,4668.26,4656.18,4663.86,3696
02-04-2026 22:45,4663.8,4665.54,4651.1,4651.79,3700
02-04-2026 23:00,4651.7,4657.89,4645.99,4657.89,3543
02-04-2026 23:15,4657.36,4658.46,4645.71,4648.41,3613
02-04-2026 23:30,4648.48,4658.75,4647.24,4653.41,3309
02-04-2026 23:45,4653.82,4656.51,4649.71,4651.44,3244
03-04-2026 00:00,4651.45,4663.2,4651.45,4662.29,3111
03-04-2026 00:15,4662.06,4671.77,4661.66,4668.22,3234
03-04-2026 00:30,4668.3,4681.56,4668.3,4674.23,3233
03-04-2026 00:45,4674.21,4677.78,4664.01,4664.93,3601
03-04-2026 01:00,4664.57,4667.72,4660.9,4665.41,3362
03-04-2026 01:15,4665.38,4675.85,4665.21,4671.39,3536
03-04-2026 01:30,4671.6,4676.18,4671.28,4673.39,1731
03-04-2026 01:45,4673.36,4673.89,4663.87,4667.29,1791
03-04-2026 02:00,4667.3,4672.83,4667.2,4668.15,1546
03-04-2026 02:15,4668.17,4677.2,4665.74,4675.35,1829
06-04-2026 03:30,4646.87,4668.44,4613.41,4629.7,3097
06-04-2026 03:45,4629.7,4641.6,4628.79,4635.57,2870
06-04-2026 04:00,4635.62,4645.64,4631.39,4642.16,2869
06-04-2026 04:15,4641.85,4652.72,4607.81,4645.17,3403
06-04-2026 04:30,4646.21,4650.55,4626.4,4631.99,3232
06-04-2026 04:45,4632.04,4633.57,4609.25,4609.55,2850
06-04-2026 05:00,4609.56,4616.93,4604.89,4606.98,2974
06-04-2026 05:15,4606.98,4619.12,4606.93,4610.4,2769
06-04-2026 05:30,4610.47,4626.77,4606.83,4626.06,3581
06-04-2026 05:45,4626.08,4629.15,4600.48,4602.87,3564
06-04-2026 06:00,4602.88,4621.36,4602.56,4619,3288
06-04-2026 06:15,4618.97,4626.09,4615.71,4622.19,2816
06-04-2026 06:30,4622.52,4642.88,4622.43,4641.65,3181
06-04-2026 06:45,4641.65,4643.01,4620.44,4640.74,3129
06-04-2026 07:00,4640.56,4640.95,4623.08,4627.56,3047
06-04-2026 07:15,4627.56,4628.42,4621.24,4625.76,2667
06-04-2026 07:30,4625.93,4640.09,4623.54,4636.15,3200
06-04-2026 07:45,4636.17,4671.44,4636.17,4660.86,3573
06-04-2026 08:00,4660.85,4666.34,4644.29,4650.83,3204
06-04-2026 08:15,4650.86,4656.08,4647.05,4647.89,2967
06-04-2026 08:30,4647.89,4647.96,4628.37,4632.59,3198
06-04-2026 08:45,4632.81,4636.25,4625.31,4630.22,3062
06-04-2026 09:00,4630.24,4633.33,4625.58,4632.45,2808
06-04-2026 09:15,4632.4,4642.01,4630.39,4640.4,2465
06-04-2026 09:30,4640.41,4648.46,4639.85,4643.36,2592
06-04-2026 09:45,4643.4,4646.59,4641.13,4646.57,2104
06-04-2026 10:00,4646.59,4651.03,4642.85,4648.79,2127
06-04-2026 10:15,4648.8,4659.53,4646.62,4658.96,2205
06-04-2026 10:30,4658.94,4676.34,4657.87,4673.59,2689
06-04-2026 10:45,4673.58,4678.69,4666.78,4667.23,2533
06-04-2026 11:00,4667.28,4668.88,4661.15,4661.41,2137
06-04-2026 11:15,4661.39,4667.32,4651.34,4652.54,2538
06-04-2026 11:30,4652.5,4661.82,4642.95,4660.87,2729
06-04-2026 11:45,4660.88,4662.2,4652.59,4657.23,2488
06-04-2026 12:00,4657.22,4659.87,4651.7,4655.49,2303
06-04-2026 12:15,4655.51,4667.74,4653.59,4665.93,2869
06-04-2026 12:30,4665.76,4666.57,4647.66,4651.65,2891
06-04-2026 12:45,4652.1,4655.4,4644.86,4650.64,2860
06-04-2026 13:00,4650.65,4665.46,4650.07,4664.29,2838
06-04-2026 13:15,4664.28,4688.14,4662.56,4684.74,3421
06-04-2026 13:30,4684.39,4694.43,4680.5,4689.38,3371
06-04-2026 13:45,4689.63,4695.82,4684.35,4691.29,2845
06-04-2026 14:00,4691.04,4695.63,4689.83,4693.04,2539
06-04-2026 14:15,4693.02,4698.09,4691.53,4695.68,2496
06-04-2026 14:30,4695.69,4703.14,4695.69,4701.14,2858
06-04-2026 14:45,4701.12,4703.62,4697.16,4702.44,2644
06-04-2026 15:00,4702.3,4706.46,4700.79,4703.22,2312
06-04-2026 15:15,4703.24,4704.92,4690.82,4693.5,2978
06-04-2026 15:30,4693.64,4697.48,4685.94,4686.68,2868
06-04-2026 15:45,4686.66,4692.96,4686.04,4689.69,2328
06-04-2026 16:00,4689.63,4696.75,4687.63,4695.34,2229
06-04-2026 16:15,4695.36,4695.73,4685.09,4689.63,2898
06-04-2026 16:30,4689.89,4696.74,4688.66,4689.13,2774
06-04-2026 16:45,4689.52,4692.03,4685.05,4688.13,2399
06-04-2026 17:00,4688.33,4694.42,4685.22,4685.22,2439
06-04-2026 17:15,4685.23,4685.7,4676.95,4677.8,2589
06-04-2026 17:30,4677.9,4686.65,4671.2,4671.96,2850
06-04-2026 17:45,4671.94,4673.52,4659.44,4665.73,3182
06-04-2026 18:00,4665.77,4678.43,4665.34,4676.63,2983
06-04-2026 18:15,4676.58,4680.78,4673.89,4675.6,2762
06-04-2026 18:30,4675.79,4677.26,4661.65,4668.32,3362
06-04-2026 18:45,4668.35,4673.06,4659.89,4668.38,3094
06-04-2026 19:00,4669.09,4678.63,4660.8,4664.97,4234
06-04-2026 19:15,4665.15,4681.49,4661.18,4679.43,4076
06-04-2026 19:30,4679.44,4689.88,4659.79,4672.24,4194
06-04-2026 19:45,4672.35,4687.71,4670.22,4685.8,4060
06-04-2026 20:00,4685.7,4696.74,4677.94,4684.16,4095
06-04-2026 20:15,4684.11,4687.76,4674.36,4682.55,4049
06-04-2026 20:30,4682.56,4683.63,4660.96,4661.7,3952
06-04-2026 20:45,4661.36,4669.84,4654.88,4667.05,3797
06-04-2026 21:00,4667.13,4670.8,4651.87,4660.54,3664
06-04-2026 21:15,4660.49,4668.79,4659.52,4667.9,3273
06-04-2026 21:30,4668.07,4670.84,4662.17,4670.19,3332
06-04-2026 21:45,4670.2,4672.36,4664.99,4665.34,3056
06-04-2026 22:00,4665.35,4670.78,4662.53,4662.9,2617
06-04-2026 22:15,4662.87,4666.21,4657.43,4659.77,3193
06-04-2026 22:30,4659.9,4660.69,4645.43,4653.55,3560
06-04-2026 22:45,4653.48,4659.91,4649.88,4655.63,3476
06-04-2026 23:00,4655.73,4659.91,4651.99,4655.76,3191
06-04-2026 23:15,4655.85,4656.83,4651.22,4653.04,3010
06-04-2026 23:30,4653.13,4665.87,4650.32,4658.89,3395
06-04-2026 23:45,4659.08,4663.89,4658.56,4659.61,3346
07-04-2026 00:00,4659.62,4662.82,4648.71,4649.91,3180
07-04-2026 00:15,4649.83,4658.73,4648.55,4657.94,2690
07-04-2026 00:30,4657.94,4659.06,4649.82,4650.24,2549
07-04-2026 00:45,4650.24,4651.03,4645.18,4650,2488
07-04-2026 01:00,4650.01,4653.65,4648.37,4651.56,2071
07-04-2026 01:15,4651.55,4657.9,4651.37,4655.27,2552
07-04-2026 01:30,4655.32,4657.04,4651.84,4656.85,1228
07-04-2026 01:45,4656.73,4657.88,4655.25,4655.78,1018
07-04-2026 02:00,4655.82,4658.09,4650.82,4652.91,1138
07-04-2026 02:15,4652.54,4653.91,4648.58,4649.93,1038
07-04-2026 03:30,4658.61,4667.42,4658.41,4663.46,1592
07-04-2026 03:45,4663.45,4666.02,4658.68,4661.71,1773
07-04-2026 04:00,4661.47,4662.82,4658.82,4659.06,1366
07-04-2026 04:15,4659.05,4661.92,4656.52,4658.13,1474
07-04-2026 04:30,4658.26,4660.91,4656.75,4659.82,1580
07-04-2026 04:45,4659.84,4660.42,4652.94,4654.35,1495
07-04-2026 05:00,4654.14,4655.97,4651.17,4654.77,1555
07-04-2026 05:15,4654.73,4659.97,4653.98,4658.57,2002
07-04-2026 05:30,4658.87,4660.45,4649,4657.47,3092
07-04-2026 05:45,4657.44,4660.94,4656.08,4658.81,2730
07-04-2026 06:00,4658.8,4660.68,4657.2,4660.36,2348
07-04-2026 06:15,4660.38,4661.45,4654.11,4654.56,2530
07-04-2026 06:30,4654.53,4663.91,4628.42,4639.82,4077
07-04-2026 06:45,4639.76,4656.71,4637.14,4654.63,3820
07-04-2026 07:00,4654.74,4662.15,4628.59,4641.27,3912
07-04-2026 07:15,4641.28,4646.91,4616.03,4626.45,3953
07-04-2026 07:30,4626.55,4633.75,4619.45,4626.36,3378
07-04-2026 07:45,4626.39,4635.17,4622.63,4634.55,2312
07-04-2026 08:00,4634.56,4646.83,4633.89,4646.23,3150
07-04-2026 08:15,4646.25,4653.83,4645.31,4650.48,3408
07-04-2026 08:30,4650.39,4654.02,4641.67,4644.97,3315
07-04-2026 08:45,4644.96,4647.63,4639.55,4642.4,3211
07-04-2026 09:00,4642.42,4648.22,4641.91,4648.03,2249
07-04-2026 09:15,4648.17,4651.08,4647.29,4649.7,1756
07-04-2026 09:30,4649.63,4651.16,4645.54,4646.07,2294
07-04-2026 09:45,4646.38,4651.07,4645.67,4650.02,1991
07-04-2026 10:00,4650.07,4663.9,4649.59,4662.26,2655
07-04-2026 10:15,4662.27,4663.73,4659.2,4659.6,2163
07-04-2026 10:30,4660.32,4661.39,4654.15,4655.59,2118
07-04-2026 10:45,4655.58,4658.18,4629.77,4632.17,2654
07-04-2026 11:00,4631.75,4640.6,4622.31,4631.01,3700
07-04-2026 11:15,4631.02,4646.18,4629.09,4642.58,3367
07-04-2026 11:30,4642.64,4647.65,4637.91,4646.74,3425
07-04-2026 11:45,4646.75,4648.95,4637.7,4640.81,3449
07-04-2026 12:00,4640.71,4653.57,4640.71,4652.25,3460
07-04-2026 12:15,4652.24,4656.25,4648.32,4653.21,3157
07-04-2026 12:30,4653.38,4656.88,4648.88,4651.39,3171
07-04-2026 12:45,4651.54,4653.75,4638.5,4639.28,3222
07-04-2026 13:00,4639.32,4646.22,4636.27,4643.47,2808
07-04-2026 13:15,4643.71,4647.01,4638.54,4645.95,2777
07-04-2026 13:30,4646.11,4664.88,4644.15,4663.12,3845
07-04-2026 13:45,4663.16,4690.26,4656.92,4678.11,3926
07-04-2026 14:00,4678.32,4687.32,4676.85,4682.91,3550
07-04-2026 14:15,4682.92,4687.44,4679.02,4682.72,3335
07-04-2026 14:30,4682.5,4693.45,4680.75,4685.24,3231
07-04-2026 14:45,4685.23,4694.46,4682.69,4686.56,3289
07-04-2026 15:00,4686.5,4686.84,4665.42,4666.9,3492
07-04-2026 15:15,4666.81,4675.84,4658.58,4670.8,3226
07-04-2026 15:30,4670.96,4679.9,4662.91,4676.84,3282
07-04-2026 15:45,4676.87,4680.54,4657.27,4667.89,3517
07-04-2026 16:00,4667.87,4671.73,4654.11,4662.04,3496
07-04-2026 16:15,4662.07,4662.23,4648.97,4651.9,3768
07-04-2026 16:30,4651.92,4655.97,4628.7,4635.42,3592
07-04-2026 16:45,4635.37,4651.81,4632.88,4647.62,3383
07-04-2026 17:00,4647.38,4662.97,4646.91,4662.83,3420
07-04-2026 17:15,4663.05,4663.88,4655.92,4659.65,2951
07-04-2026 17:30,4659.72,4664.28,4651.33,4654.49,3623
07-04-2026 17:45,4654.52,4670.63,4650.98,4665.71,3483
07-04-2026 18:00,4665.76,4667.39,4655.88,4656.45,3276
07-04-2026 18:15,4656.42,4662.41,4646.7,4651.35,3518
07-04-2026 18:30,4651.51,4659.61,4647.97,4656.49,3919
07-04-2026 18:45,4656.48,4662.76,4650.18,4657.79,3707
07-04-2026 19:00,4658.14,4662.63,4635.33,4639.51,4171
07-04-2026 19:15,4639.48,4653.71,4637.03,4643.78,4128
07-04-2026 19:30,4643.76,4645.5,4607.1,4621.51,4230
07-04-2026 19:45,4621.2,4649.02,4609.43,4645.26,4219
07-04-2026 20:00,4645.24,4661.31,4642.52,4647.14,4084
07-04-2026 20:15,4646.8,4656.56,4629.99,4633.04,4061
07-04-2026 20:30,4632.91,4643.16,4624.89,4643.11,4100
07-04-2026 20:45,4643.03,4653.23,4640.79,4652.98,4081
07-04-2026 21:00,4652.99,4656.55,4640.48,4645.87,3841
07-04-2026 21:15,4645.69,4659.32,4645.14,4655.42,3807
07-04-2026 21:30,4655.46,4668.36,4652.48,4658.61,4019
07-04-2026 21:45,4658.58,4667.36,4654.23,4662.91,3863
07-04-2026 22:00,4662.81,4663.96,4655.94,4660.92,3669
07-04-2026 22:15,4661.02,4662.84,4656.25,4656.94,3333
07-04-2026 22:30,4656.97,4673.23,4656.36,4667.89,3629
07-04-2026 22:45,4667.87,4667.87,4653.76,4660.07,3525
07-04-2026 23:00,4662.57,4686.44,4661.29,4671.99,3864
07-04-2026 23:15,4671.89,4680.08,4671.01,4675.91,3415
07-04-2026 23:30,4675.87,4684.86,4675.7,4684.13,3359
07-04-2026 23:45,4684.13,4685.9,4676.97,4680.44,3488
08-04-2026 00:00,4681.28,4686.18,4677.35,4679.65,3197
08-04-2026 00:15,4679.5,4680,4657.37,4662.04,3477
08-04-2026 00:30,4662.06,4668.65,4660.62,4667.72,3921
08-04-2026 00:45,4667.7,4702.26,4666.74,4687.41,4171
08-04-2026 01:00,4687.54,4691.25,4681.42,4687.49,3780
08-04-2026 01:15,4687.38,4718.44,4686.13,4700.51,4189
08-04-2026 01:30,4700.57,4710.66,4697.11,4708.3,2850
08-04-2026 01:45,4708.47,4712.66,4704.2,4710.05,2023
08-04-2026 02:00,4710.87,4716.57,4703.22,4707.83,2289
08-04-2026 02:15,4708.44,4713.19,4704.5,4705.22,1648
08-04-2026 03:30,4747.28,4751.34,4730.04,4731.53,2837
08-04-2026 03:45,4731.55,4735.67,4725.17,4734.95,2690
08-04-2026 04:00,4734.94,4779.53,4713.23,4769.21,3973
08-04-2026 04:15,4769.48,4819.39,4761.39,4817.9,4021
08-04-2026 04:30,4818.05,4824.53,4801.93,4817.8,4055
08-04-2026 04:45,4818.02,4828.86,4807.31,4814.38,3869
08-04-2026 05:00,4814.36,4817.16,4804.07,4812.74,3726
08-04-2026 05:15,4812.83,4836.05,4810.03,4833.19,3697
08-04-2026 05:30,4833.17,4857.07,4830.5,4834.66,4189
08-04-2026 05:45,4834.8,4838.56,4819.02,4822.68,3959
08-04-2026 06:00,4822.6,4824.67,4811.75,4813.58,3721
08-04-2026 06:15,4813.64,4826.42,4808.62,4817.75,3681
08-04-2026 06:30,4817.76,4825.2,4806.08,4819.81,3953
08-04-2026 06:45,4819.83,4821.63,4791.5,4793.6,3962
08-04-2026 07:00,4793.32,4803.71,4787.57,4799.63,3930
08-04-2026 07:15,4799.64,4813.66,4797.92,4810.08,3385
08-04-2026 07:30,4810.01,4824.97,4810.01,4814.12,3329
08-04-2026 07:45,4814.14,4814.14,4807.79,4811.52,2499
08-04-2026 08:00,4811.58,4820.44,4806.03,4806.46,2947
08-04-2026 08:15,4806.44,4808.85,4798.5,4803.9,2793
08-04-2026 08:30,4803.94,4805.69,4797.62,4798.73,3065
08-04-2026 08:45,4798.7,4805.09,4796.33,4802.94,3003
08-04-2026 09:00,4802.93,4804.82,4794.91,4800.18,2414
08-04-2026 09:15,4800.21,4804.19,4796.41,4797.34,2195
08-04-2026 09:30,4797.35,4801.16,4793.34,4797.28,2352
08-04-2026 09:45,4797.28,4803.6,4790.09,4802.16,2547
08-04-2026 10:00,4801.75,4806.37,4800.55,4802.58,2169
08-04-2026 10:15,4802.59,4803.79,4797.68,4803.53,2290
08-04-2026 10:30,4803.48,4810.4,4800.19,4809.21,2681
08-04-2026 10:45,4809.23,4816.23,4806.52,4815.57,2507
08-04-2026 11:00,4815.59,4825,4813.73,4822.14,3377
08-04-2026 11:15,4822.13,4843.55,4820.77,4827.45,3557
08-04-2026 11:30,4827.03,4834.73,4821.09,4826.33,3510
08-04-2026 11:45,4826.34,4836.52,4824.31,4836.27,3510
08-04-2026 12:00,4836.26,4839.67,4828.93,4835.61,3363
08-04-2026 12:15,4835.6,4839.38,4819.91,4819.91,3232
08-04-2026 12:30,4819.95,4820.85,4808.59,4812.25,3267
08-04-2026 12:45,4812.19,4820.87,4809.03,4818.18,3098
08-04-2026 13:00,4818.14,4818.2,4805.05,4808.7,3101
08-04-2026 13:15,4808.56,4820.17,4808.28,4813.15,3092
08-04-2026 13:30,4813.42,4819.1,4807.98,4814.9,3224
08-04-2026 13:45,4815.04,4819.66,4798.2,4808,3126
08-04-2026 14:00,4807.99,4808,4790.13,4792.97,3325
08-04-2026 14:15,4792.75,4803.08,4790.04,4793.57,3137
08-04-2026 14:30,4793.56,4800.94,4792.96,4800.5,2667
08-04-2026 14:45,4800.27,4806.5,4794.97,4798.33,2789
08-04-2026 15:00,4798.77,4803.59,4776.45,4782.45,3020
08-04-2026 15:15,4782.45,4788.29,4776.48,4783.09,3192
08-04-2026 15:30,4783.11,4790.39,4781.68,4782.63,2889
08-04-2026 15:45,4782.43,4783.18,4771.36,4782.58,2920
08-04-2026 16:00,4782.57,4792.03,4780.14,4791.48,2630
08-04-2026 16:15,4791.36,4796,4782.42,4782.49,2928
08-04-2026 16:30,4782.51,4790.75,4779.74,4787.12,2576
08-04-2026 16:45,4787.11,4796.85,4782.65,4789.75,3057
08-04-2026 17:00,4789.68,4792.25,4777.42,4789.65,3267
08-04-2026 17:15,4789.64,4802.14,4788.85,4798.2,3214
08-04-2026 17:30,4798.32,4807.05,4797.82,4805.21,3493
08-04-2026 17:45,4805.19,4805.22,4768.9,4783.48,3911
08-04-2026 18:00,4783.58,4797.73,4782.91,4794.84,3676
08-04-2026 18:15,4794.6,4802.28,4794.28,4799.36,3486
08-04-2026 18:30,4799.35,4806.55,4790.76,4793.21,3832
08-04-2026 18:45,4793.21,4799.16,4789.19,4790.41,3627
08-04-2026 19:00,4790.37,4794.68,4773.12,4773.97,4284
08-04-2026 19:15,4773.75,4788.46,4768.02,4777.75,4225
08-04-2026 19:30,4777.41,4791.66,4776.25,4779.92,4163
08-04-2026 19:45,4780.01,4785.21,4761.27,4767.79,4124
08-04-2026 20:00,4767.97,4769.93,4750.79,4759.82,4179
08-04-2026 20:15,4759.86,4764.8,4732.12,4736.07,4191
08-04-2026 20:30,4736.05,4749.24,4734.54,4743.13,4123
08-04-2026 20:45,4743.29,4757.3,4742.61,4750.54,3937
08-04-2026 21:00,4750.76,4761.24,4750.18,4755.74,3759
08-04-2026 21:15,4755.75,4762.87,4754.39,4756.23,3440
08-04-2026 21:30,4756.25,4762.37,4753.74,4753.82,3384
08-04-2026 21:45,4753.94,4754.86,4745.27,4749.7,3663
08-04-2026 22:00,4749.84,4760.02,4747.71,4758.38,3467
08-04-2026 22:15,4758.36,4765.31,4756.4,4760.22,3230
08-04-2026 22:30,4760.16,4764.11,4756.09,4760.5,3041
08-04-2026 22:45,4760.6,4762.36,4745.27,4750.77,3570
08-04-2026 23:00,4750.75,4754.13,4735.9,4739.95,3779
08-04-2026 23:15,4739.93,4741.11,4731.48,4733.52,3418
08-04-2026 23:30,4733.54,4743.94,4727.21,4743.09,3498
08-04-2026 23:45,4743.06,4743.94,4716.76,4721.93,4047
09-04-2026 00:00,4721.91,4724.56,4707.92,4708.9,3826
09-04-2026 00:15,4708.81,4716.31,4703.21,4704.86,3680
09-04-2026 00:30,4704.58,4715.92,4698.61,4715.05,3865
09-04-2026 00:45,4715.08,4717.99,4707.15,4708.35,3452
09-04-2026 01:00,4708.32,4724.64,4707.83,4721.7,3579
09-04-2026 01:15,4721.73,4731.58,4721.39,4730.36,3611
09-04-2026 01:30,4730.58,4732,4726.24,4727.68,2087
09-04-2026 01:45,4727.65,4729.79,4721.61,4722.99,1582
09-04-2026 02:00,4722.94,4723.91,4720.83,4722.09,1276
09-04-2026 02:15,4722.08,4724.09,4716.61,4718.72,1613
09-04-2026 03:30,4727.96,4733.91,4709.27,4712.12,1768
09-04-2026 03:45,4712.18,4717.12,4704.42,4713.32,2239
09-04-2026 04:00,4713.36,4719.21,4705.65,4712.47,2374
09-04-2026 04:15,4712.5,4719.83,4711.38,4717.43,1918
09-04-2026 04:30,4717.16,4717.32,4705.15,4708.28,2494
09-04-2026 04:45,4708.29,4715.8,4705.64,4709.67,2113
09-04-2026 05:00,4709.81,4715.45,4706.86,4713.12,1966
09-04-2026 05:15,4713.12,4719.75,4712.4,4715.27,2276
09-04-2026 05:30,4715.48,4715.79,4698.13,4701.87,3368
09-04-2026 05:45,4701.89,4711.78,4700.57,4706.04,3097
09-04-2026 06:00,4705.95,4717.9,4705.17,4717.78,3050
09-04-2026 06:15,4717.79,4718.63,4705.7,4706.5,2975
09-04-2026 06:30,4706.38,4721.7,4699.68,4720.32,3954
09-04-2026 06:45,4720.33,4723.21,4702.61,4704.53,3787
09-04-2026 07:00,4704.58,4721.26,4703.75,4717.11,3576
09-04-2026 07:15,4717.6,4728.05,4717.48,4727.17,3134
09-04-2026 07:30,4727.18,4728.61,4721.02,4722.77,3294
09-04-2026 07:45,4722.82,4727.64,4722.42,4725.23,2322
09-04-2026 08:00,4725.27,4732.51,4725.1,4732.25,2969
09-04-2026 08:15,4732.24,4732.81,4717.75,4719.03,2942
09-04-2026 08:30,4718.94,4720.3,4711.36,4712.44,2879
09-04-2026 08:45,4712.42,4713.1,4705.16,4712.45,3106
09-04-2026 09:00,4712.48,4714.73,4711.7,4714.67,2017
09-04-2026 09:15,4714.71,4714.71,4706.54,4711.4,2711
09-04-2026 09:30,4711.41,4722.26,4709.62,4721.64,2259
09-04-2026 09:45,4721.76,4723.24,4716.69,4716.88,1887
09-04-2026 10:00,4716.78,4723.29,4714.35,4720.66,2312
09-04-2026 10:15,4720.87,4725.25,4719.9,4721.01,1955
09-04-2026 10:30,4720.96,4723.63,4710.7,4713.83,2560
09-04-2026 10:45,4713.81,4726.49,4713.22,4726.21,2588
09-04-2026 11:00,4726.26,4726.4,4716.21,4723.65,3381
09-04-2026 11:15,4723.66,4724.18,4705.82,4713.23,3152
09-04-2026 11:30,4713.03,4725.27,4711.5,4719.27,3112
09-04-2026 11:45,4719.26,4721.86,4712.54,4718.25,3010
09-04-2026 12:00,4718.19,4722.98,4711.62,4713.61,3140
09-04-2026 12:15,4713.46,4715.05,4703.41,4712.45,3406
09-04-2026 12:30,4712.43,4730.32,4708.4,4724.37,3372
09-04-2026 12:45,4724.07,4724.45,4705.63,4708.23,3448
09-04-2026 13:00,4708.15,4731.16,4708.15,4722.44,3523
09-04-2026 13:15,4722.46,4724.71,4711.31,4724.34,3275
09-04-2026 13:30,4724.33,4726.4,4719.79,4723.85,3083
09-04-2026 13:45,4723.82,4727.66,4720.87,4721.18,2667
09-04-2026 14:00,4721.16,4733,4720.15,4729.72,2793
09-04-2026 14:15,4730.04,4733.19,4725.92,4726.09,2752
09-04-2026 14:30,4726.14,4732.97,4722.79,4730.63,2821
09-04-2026 14:45,4730.8,4733.1,4728.66,4729.54,2479
09-04-2026 15:00,4729.58,4732.44,4726.6,4726.64,2507
09-04-2026 15:15,4726.58,4730.49,4723.46,4729.11,2491
09-04-2026 15:30,4729.25,4732.78,4725.51,4726.74,2483
09-04-2026 15:45,4726.78,4739.9,4723.21,4738.01,2855
09-04-2026 16:00,4738,4741.24,4736.34,4740.61,2714
09-04-2026 16:15,4740.63,4746.65,4739.11,4741.1,2921
09-04-2026 16:30,4741.09,4744.09,4738.24,4739.13,2720
09-04-2026 16:45,4739.3,4747.31,4738.71,4745.69,2534
09-04-2026 17:00,4745.66,4751.4,4743.02,4751.16,2832
09-04-2026 17:15,4751.14,4757.42,4750.7,4756.48,2748
09-04-2026 17:30,4756.74,4759.34,4741.77,4742.36,3093
09-04-2026 17:45,4742.37,4744.14,4734.36,4737.03,3217
09-04-2026 18:00,4737.04,4747.46,4734.65,4743.6,3507
09-04-2026 18:15,4743.61,4747.13,4737.31,4745.57,3211
09-04-2026 18:30,4745.74,4756.42,4738.7,4754.48,3904
09-04-2026 18:45,4754.72,4758.33,4751.46,4752.51,3546
09-04-2026 19:00,4752.53,4776.82,4750.4,4775.44,4137
09-04-2026 19:15,4775.43,4776.41,4759.54,4764.17,4046
09-04-2026 19:30,4764.24,4776.06,4761.65,4770.7,4074
09-04-2026 19:45,4770.63,4772.91,4760.06,4765.35,3906
09-04-2026 20:00,4764.33,4767.48,4746.95,4755.93,4033
09-04-2026 20:15,4755.52,4768.68,4755,4768.34,3800
09-04-2026 20:30,4768.58,4770.12,4760.96,4768.92,3815
09-04-2026 20:45,4769,4786.12,4769,4778.57,3961
09-04-2026 21:00,4778.69,4797.63,4777.89,4789.96,4056
09-04-2026 21:15,4789.95,4793.83,4783.96,4792.48,3923
09-04-2026 21:30,4792.91,4800.61,4787.57,4787.94,3820
09-04-2026 21:45,4787.88,4797.24,4787.43,4792.5,3567
09-04-2026 22:00,4792.57,4795.23,4785.82,4787.11,3512
09-04-2026 22:15,4787.15,4790.87,4784.23,4788.6,3432
09-04-2026 22:30,4788.73,4794.01,4786.11,4793.13,3244
09-04-2026 22:45,4793.1,4798.23,4790.04,4792.61,3307
09-04-2026 23:00,4794.15,4801.11,4787.51,4795.33,3387
09-04-2026 23:15,4795.31,4800.87,4795.31,4797.73,2971
09-04-2026 23:30,4797.86,4798.02,4780.18,4783.28,3875
09-04-2026 23:45,4783.35,4787.7,4777.28,4781.61,3653
10-04-2026 00:00,4780.73,4781.85,4768.09,4770.13,3563
10-04-2026 00:15,4770.03,4773.9,4767.43,4771.62,3358
10-04-2026 00:30,4771.62,4782.06,4768.52,4779.4,3209
10-04-2026 00:45,4779.36,4780.39,4772.21,4773.39,3109
10-04-2026 01:00,4773.34,4777.8,4769.24,4771.91,2916
10-04-2026 01:15,4771.7,4773.68,4766.88,4768.56,3311
10-04-2026 01:30,4768.52,4771.2,4766.75,4769.63,1754
10-04-2026 01:45,4769.96,4773.14,4766.03,4769.77,1384
10-04-2026 02:00,4769.79,4771.41,4760.61,4764.07,1562
10-04-2026 02:15,4764.11,4768.29,4763.42,4765.02,1280
10-04-2026 03:30,4776.1,4781.62,4765.13,4769.56,1473
10-04-2026 03:45,4769.55,4770.52,4763.32,4763.97,1574
10-04-2026 04:00,4763.99,4767.03,4758.92,4761.02,1827
10-04-2026 04:15,4761.12,4764.34,4758.4,4763.94,1596
10-04-2026 04:30,4763.93,4763.99,4757,4759.23,1700
10-04-2026 04:45,4759.25,4761.29,4756.62,4758.03,1336
10-04-2026 05:00,4758.06,4762.83,4758.04,4759.75,1492
10-04-2026 05:15,4759.8,4764,4758.24,4763.46,1750
10-04-2026 05:30,4763.45,4763.45,4750.22,4753.44,3054
10-04-2026 05:45,4753.69,4757.91,4750.67,4753.46,2733
10-04-2026 06:00,4753.5,4760.9,4753.48,4755.28,2349
10-04-2026 06:15,4755.29,4762.52,4754.39,4762.47,2249
10-04-2026 06:30,4762.46,4766.82,4757.65,4760.34,3527
10-04-2026 06:45,4760.36,4764.98,4757.79,4762.17,3044
10-04-2026 07:00,4762.2,4776.89,4759.96,4771.64,3179
10-04-2026 07:15,4771.61,4773.1,4760.45,4764.4,3369
10-04-2026 07:30,4764.62,4765.29,4748.3,4752.23,3438
10-04-2026 07:45,4752.25,4753.95,4742.25,4744.38,3025
10-04-2026 08:00,4744.5,4749.83,4737.73,4749.49,3256
10-04-2026 08:15,4749.68,4753.46,4747.57,4752.93,2735
10-04-2026 08:30,4752.91,4761.78,4752.75,4760.11,2853
10-04-2026 08:45,4759.99,4762.07,4755.06,4755.94,2656
10-04-2026 09:00,4755.94,4768.31,4755.79,4765.2,2309
10-04-2026 09:15,4765.19,4769.53,4763.98,4766.41,2031
10-04-2026 09:30,4766.39,4767.96,4764.47,4767.02,1527
10-04-2026 09:45,4766.98,4770.64,4765.32,4765.42,1530
10-04-2026 10:00,4765.4,4765.51,4761.6,4762.35,1749
10-04-2026 10:15,4762.27,4765.4,4757.78,4758.43,1584
10-04-2026 10:30,4758.44,4763.03,4757.29,4759.76,2007
10-04-2026 10:45,4759.75,4763.83,4758.34,4759.46,1862
10-04-2026 11:00,4759.67,4768.17,4759.17,4764.61,2801
10-04-2026 11:15,4764.64,4769.04,4764.64,4765.75,2567
10-04-2026 11:30,4765.73,4765.73,4755.46,4756.14,2940
10-04-2026 11:45,4756.09,4757.4,4751.4,4755.24,3070
10-04-2026 12:00,4755.32,4758.35,4749.53,4750.9,3130
10-04-2026 12:15,4750.88,4754.12,4742.8,4746.22,3165
10-04-2026 12:30,4745.74,4752.8,4741.16,4746.94,3037
10-04-2026 12:45,4747,4755.95,4746.09,4753.5,2830
10-04-2026 13:00,4753.52,4757.47,4751.45,4754.03,2523
10-04-2026 13:15,4753.96,4754.94,4748.11,4749.46,2752
10-04-2026 13:30,4749.47,4753.16,4746.91,4749.67,2938
10-04-2026 13:45,4749.72,4749.93,4742.18,4746.84,2813
10-04-2026 14:00,4746.58,4752.11,4740.88,4741.82,2483
10-04-2026 14:15,4742.18,4743.7,4730.77,4740.62,3329
10-04-2026 14:30,4740.63,4746.73,4740.48,4746.72,2736
10-04-2026 14:45,4746.59,4760.79,4744.47,4748.76,3449
10-04-2026 15:00,4748.75,4751.01,4746.29,4750.39,2899
10-04-2026 15:15,4750.46,4753.06,4747.96,4751.4,2608
10-04-2026 15:30,4751.47,4753.31,4741.93,4747,2692
10-04-2026 15:45,4746.99,4760.59,4746.32,4758.1,2847
10-04-2026 16:00,4758.08,4759.61,4753.81,4755.47,2420
10-04-2026 16:15,4755.34,4759.64,4754.02,4757.2,2485
10-04-2026 16:30,4757.11,4759.55,4753.26,4755.63,2540
10-04-2026 16:45,4755.61,4762.4,4754.3,4761.58,2576
10-04-2026 17:00,4761.66,4767.08,4758.45,4767.08,2551
10-04-2026 17:15,4767.05,4768.62,4762.88,4767.87,2746
10-04-2026 17:30,4768.02,4769.94,4763.6,4766.74,3132
10-04-2026 17:45,4766.82,4771.2,4759.27,4762.05,3112
10-04-2026 18:00,4762.09,4781.72,4761.11,4772.33,3923
10-04-2026 18:15,4772.36,4773.87,4763.54,4771.54,3473
10-04-2026 18:30,4771.54,4777.46,4767.77,4772.32,3777
10-04-2026 18:45,4772.47,4780.05,4765.88,4775.53,3546
10-04-2026 19:00,4775.72,4778.38,4765.27,4768.89,4093
10-04-2026 19:15,4768.9,4777.6,4765.7,4774.82,3860
10-04-2026 19:30,4775.56,4780.29,4767.21,4780.12,3944
10-04-2026 19:45,4780.11,4792.55,4779.21,4790.4,3915
10-04-2026 20:00,4790.39,4794.71,4774.55,4780.58,3710
10-04-2026 20:15,4780.68,4782.98,4770.51,4774.51,4039
10-04-2026 20:30,4774.49,4783.65,4769.25,4781.56,3786
10-04-2026 20:45,4781.55,4786.92,4775.71,4775.75,3527
10-04-2026 21:00,4775.71,4778.16,4755.54,4765.66,4009
10-04-2026 21:15,4765.61,4769.65,4758.48,4761.97,3694
10-04-2026 21:30,4761.56,4763.15,4747.51,4762.84,3734
10-04-2026 21:45,4762.76,4764.89,4753.95,4758.04,3478
10-04-2026 22:00,4758.33,4765.11,4756.14,4756.68,3592
10-04-2026 22:15,4756.95,4765.85,4755.89,4763.55,3286
10-04-2026 22:30,4763.64,4766.09,4757.88,4764.4,3134
10-04-2026 22:45,4764.31,4768.36,4761.05,4762.7,3057
10-04-2026 23:00,4761.83,4765.4,4757.97,4758.78,3217
10-04-2026 23:15,4758.56,4764.77,4758.5,4760.08,2726
10-04-2026 23:30,4760.1,4763.55,4750.73,4763.26,3118
10-04-2026 23:45,4763.24,4769.16,4762.63,4765.6,3052
11-04-2026 00:00,4766.32,4772.95,4765.87,4767.88,2930
11-04-2026 00:15,4767.82,4767.9,4762.86,4764.93,2648
11-04-2026 00:30,4765.04,4767.81,4764.17,4766.56,2818
11-04-2026 00:45,4766.57,4770.17,4762.85,4763.29,2644
11-04-2026 01:00,4763.38,4764.89,4760.28,4763.3,2850
11-04-2026 01:15,4763.29,4764.01,4757.81,4759.18,3119
11-04-2026 01:30,4759.23,4759.43,4750.8,4752.92,1732
11-04-2026 01:45,4752.94,4752.98,4740.55,4745.06,1876
11-04-2026 02:00,4745.07,4751.95,4744.58,4750.68,1611
11-04-2026 02:15,4750.59,4751.04,4745.82,4748.43,1631
13-04-2026 03:30,4685.11,4692.5,4629.5,4676.23,2900
13-04-2026 03:45,4676.25,4683.33,4644.01,4646.89,3358
13-04-2026 04:00,4646.9,4658.85,4644.99,4657.69,3338
13-04-2026 04:15,4657.73,4660.26,4651.46,4658.83,2720
13-04-2026 04:30,4658.25,4660.43,4651.72,4659.43,2989
13-04-2026 04:45,4659.42,4659.67,4643.86,4653.31,2962
13-04-2026 05:00,4653.37,4660.13,4650.08,4655.61,2429
13-04-2026 05:15,4655.59,4671.42,4655.56,4671.02,3029
13-04-2026 05:30,4670.85,4673.11,4664.57,4672.17,3448
13-04-2026 05:45,4672.17,4676.01,4668.91,4672.87,3134
13-04-2026 06:00,4672.84,4682.79,4670.82,4678.31,2995
13-04-2026 06:15,4678.3,4698.27,4677.83,4695.52,3213
13-04-2026 06:30,4694.59,4718.93,4693.69,4714.91,3986
13-04-2026 06:45,4714.92,4721.26,4711.06,4717.15,3575
13-04-2026 07:00,4716.88,4721.24,4710.6,4714.08,3568
13-04-2026 07:15,4714.02,4727.98,4709.83,4721.15,3594
13-04-2026 07:30,4721.15,4725.75,4719.01,4722.5,3424
13-04-2026 07:45,4722.47,4724.54,4719.18,4719.86,2626
13-04-2026 08:00,4719.85,4727.75,4715,4715.28,3396
13-04-2026 08:15,4715.3,4721.38,4711.09,4720.33,3180
13-04-2026 08:30,4720.31,4721.69,4712.2,4713.8,2933
13-04-2026 08:45,4713.8,4721.1,4712.79,4718.75,3056
13-04-2026 09:00,4718.72,4723.84,4717.46,4722.17,2428
13-04-2026 09:15,4722.16,4722.31,4717.21,4718.02,2169
13-04-2026 09:30,4718.03,4718.37,4708.91,4714.66,2270
13-04-2026 09:45,4714.66,4715.7,4709.61,4712.53,1999
13-04-2026 10:00,4712.62,4719.38,4708.97,4718.67,2188
13-04-2026 10:15,4718.66,4724.69,4715.96,4722.98,2213
13-04-2026 10:30,4723,4725.75,4718.41,4719.17,2320
13-04-2026 10:45,4719.15,4721.45,4716.29,4720.45,2332
13-04-2026 11:00,4720.24,4724.85,4717.99,4721.1,3254
13-04-2026 11:15,4721.07,4730.64,4720.52,4729.3,3195
13-04-2026 11:30,4729.32,4729.5,4723.28,4725.9,3418
13-04-2026 11:45,4725.91,4731.81,4725.36,4731.51,3309
13-04-2026 12:00,4731.77,4732.66,4725.31,4726.3,3133
13-04-2026 12:15,4726.29,4726.35,4720.59,4725.56,3133
13-04-2026 12:30,4725.55,4738.65,4724.77,4728.08,3380
13-04-2026 12:45,4727.95,4732.69,4726.44,4730.66,3015
13-04-2026 13:00,4730.79,4733.57,4727.35,4732.12,3018
13-04-2026 13:15,4732.12,4739.84,4728.14,4733.6,3215
13-04-2026 13:30,4733.68,4738.49,4732.15,4732.69,3376
13-04-2026 13:45,4732.68,4734.18,4730.05,4731.9,2885
13-04-2026 14:00,4731.91,4736.17,4720.78,4721.31,3023
13-04-2026 14:15,4721.22,4729.61,4720.16,4723.21,2895
13-04-2026 14:30,4723.23,4728.37,4715.96,4719.02,3118
13-04-2026 14:45,4719.04,4721.16,4714.2,4715.04,2819
13-04-2026 15:00,4715.11,4719.6,4710.42,4714.22,2942
13-04-2026 15:15,4714.15,4716.46,4710.84,4714.47,2516
13-04-2026 15:30,4714.5,4718.76,4713.55,4717.75,2604
13-04-2026 15:45,4717.73,4717.94,4708.4,4712.37,2742
13-04-2026 16:00,4712.46,4718.38,4711.61,4717.87,2656
13-04-2026 16:15,4717.69,4723.83,4717.35,4722.08,2898
13-04-2026 16:30,4722.21,4728.91,4719.88,4721.35,3261
13-04-2026 16:45,4721.46,4723.45,4718.5,4720.94,2757
13-04-2026 17:00,4720.77,4722.5,4704.21,4707.19,3190
13-04-2026 17:15,4707.06,4711.84,4703.52,4706.47,3495
13-04-2026 17:30,4706.68,4720.18,4703.51,4717.17,3520
13-04-2026 17:45,4717.19,4717.77,4703.4,4710.35,3358
13-04-2026 18:00,4710.35,4716.25,4708.8,4715.51,3534
13-04-2026 18:15,4715.51,4725.06,4715.27,4723.41,3316
13-04-2026 18:30,4723.4,4736.05,4722.82,4734.18,3904
13-04-2026 18:45,4734.19,4737.31,4728.78,4733.2,3511
13-04-2026 19:00,4734.16,4736.98,4724.32,4726.7,3991
13-04-2026 19:15,4726.75,4744.58,4721.13,4730.67,4178
13-04-2026 19:30,4730.27,4731.14,4720.37,4727.18,4074
13-04-2026 19:45,4727.15,4728.04,4709.36,4715.29,4135
13-04-2026 20:00,4715.2,4722.49,4708.54,4721.65,3839
13-04-2026 20:15,4721.64,4723.41,4709.99,4719,3826
13-04-2026 20:30,4719.05,4719.7,4700.19,4707.52,3990
13-04-2026 20:45,4707.53,4711.33,4702.78,4703.6,3842
13-04-2026 21:00,4703.66,4718.18,4702.16,4712.33,3726
13-04-2026 21:15,4712.36,4715.58,4710.73,4714.41,3278
13-04-2026 21:30,4714.46,4720.81,4709.16,4719.74,3629
13-04-2026 21:45,4719.75,4733.94,4718.7,4730.23,3745
13-04-2026 22:00,4730.05,4740.45,4728.43,4740.16,4065
13-04-2026 22:15,4740.19,4746.14,4732.05,4732.94,3807
13-04-2026 22:30,4732.97,4738.47,4725.31,4730.75,3431
13-04-2026 22:45,4730.76,4749.97,4729.51,4742.99,3673
13-04-2026 23:00,4742.83,4747.32,4742.54,4743.86,3197
13-04-2026 23:15,4743.85,4743.9,4727.19,4729.78,3141
13-04-2026 23:30,4729.79,4732.83,4728.74,4729.99,2931
13-04-2026 23:45,4730.01,4731,4723.1,4727.21,2992
14-04-2026 00:00,4727.17,4735.1,4726.58,4733.37,3159
14-04-2026 00:15,4733.4,4740.59,4733.28,4738.26,3286
14-04-2026 00:30,4738.26,4739.37,4730.46,4734.69,3140
14-04-2026 00:45,4734.68,4743.91,4734.68,4743.08,2617
14-04-2026 01:00,4743.05,4747.32,4738.92,4741.74,3050
14-04-2026 01:15,4741.58,4745.63,4739.33,4741.14,3160
14-04-2026 01:30,4741.2,4744.03,4739.64,4742.32,1508
14-04-2026 01:45,4742.39,4743.69,4738.34,4739.24,1070
14-04-2026 02:00,4739.19,4740.36,4738.23,4739.7,1083
14-04-2026 02:15,4739.58,4741.25,4737.7,4739.69,1108
14-04-2026 03:30,4750.96,4752.29,4745.88,4747.93,1505
14-04-2026 03:45,4747.94,4749.23,4745.22,4748.18,1006
14-04-2026 04:00,4748.21,4750.21,4746.15,4750.21,1803
14-04-2026 04:15,4750.42,4759.32,4748.91,4757.79,2141
14-04-2026 04:30,4757.79,4765.87,4757.76,4762.9,2612
14-04-2026 04:45,4762.91,4763.4,4754.82,4755.3,1927
14-04-2026 05:00,4755.35,4761.48,4754.37,4759.39,1991
14-04-2026 05:15,4759.38,4761.61,4756.47,4757.5,2092
14-04-2026 05:30,4757.84,4760.32,4751.6,4759.53,3050
14-04-2026 05:45,4759.52,4767.25,4759.52,4762.3,3145
14-04-2026 06:00,4762.31,4775.7,4761.77,4770.35,2994
14-04-2026 06:15,4770.25,4771.97,4768.37,4769.74,2563
14-04-2026 06:30,4769.68,4776.84,4762.55,4775.95,3834
14-04-2026 06:45,4776.02,4776.37,4769.31,4770.31,3501
14-04-2026 07:00,4770.28,4772.99,4764.15,4772.73,3348
14-04-2026 07:15,4772.68,4773.53,4761.68,4764.65,3157
14-04-2026 07:30,4764.64,4771.1,4762.71,4767.91,3229
14-04-2026 07:45,4767.82,4772.21,4767.45,4768.73,1975
14-04-2026 08:00,4768.72,4772.67,4762.11,4772.29,3020
14-04-2026 08:15,4772.32,4777.05,4772.16,4774.94,2829
14-04-2026 08:30,4774.93,4775.45,4768.54,4768.9,2792
14-04-2026 08:45,4768.89,4771.49,4765.8,4768.28,2610
14-04-2026 09:00,4768.23,4769.49,4765.66,4767.56,2043
14-04-2026 09:15,4767.55,4771.83,4767.38,4767.76,1728
14-04-2026 09:30,4768.07,4770.33,4766.89,4768.7,1462
14-04-2026 09:45,4768.65,4776.8,4768.45,4775.86,1936
14-04-2026 10:00,4775.85,4776.18,4771.38,4773.56,1725
14-04-2026 10:15,4773.55,4775.94,4772.57,4774.02,1592
14-04-2026 10:30,4774.05,4774.2,4763.16,4765.41,2373
14-04-2026 10:45,4765.41,4767.94,4761.22,4764.59,2320
14-04-2026 11:00,4764.41,4767.22,4757.87,4761.2,3404
14-04-2026 11:15,4761.07,4766.67,4759.2,4759.93,3065
14-04-2026 11:30,4760.1,4769.67,4759.95,4765.77,3187
14-04-2026 11:45,4765.85,4767.89,4763.32,4767.65,2840
14-04-2026 12:00,4767.61,4770.27,4764.24,4769.59,2712
14-04-2026 12:15,4769.5,4782.89,4768.88,4781.96,3435
14-04-2026 12:30,4782.06,4795.81,4781.01,4790.05,3820
14-04-2026 12:45,4789.99,4791.5,4767.72,4772.42,3552
14-04-2026 13:00,4772.62,4779.61,4771.65,4777.81,3194
14-04-2026 13:15,4777.82,4780.59,4773.81,4777.07,3300
14-04-2026 13:30,4776.94,4782.67,4774.13,4780.38,3199
14-04-2026 13:45,4780.39,4786.4,4775.63,4785.87,3139
14-04-2026 14:00,4785.89,4789.84,4782.5,4784.68,3124
14-04-2026 14:15,4784.82,4786.54,4781.29,4786.54,2845
14-04-2026 14:30,4786.66,4787.79,4780.19,4785.64,2844
14-04-2026 14:45,4785.64,4789.14,4778.46,4778.46,2650
14-04-2026 15:00,4778.51,4779.4,4771.66,4778.19,2960
14-04-2026 15:15,4778.17,4782.16,4772.9,4778.18,2842
14-04-2026 15:30,4778.38,4784.66,4778.38,4782.11,2740
14-04-2026 15:45,4782.1,4787.88,4780.42,4783.82,2594
14-04-2026 16:00,4783.76,4784.38,4752.57,4767.14,3156
14-04-2026 16:15,4766.93,4772.14,4766.62,4768.27,2963
14-04-2026 16:30,4768.26,4776.88,4766.74,4776.59,3022
14-04-2026 16:45,4776.74,4782.91,4775.2,4778.02,2718
14-04-2026 17:00,4778.31,4779.7,4773.1,4777.99,2982
14-04-2026 17:15,4778.03,4782.89,4770.59,4774.91,3069
14-04-2026 17:30,4774.83,4777.33,4768.42,4769.57,3422
14-04-2026 17:45,4769.61,4771.98,4762.2,4768.57,3457
14-04-2026 18:00,4768.49,4775.95,4768.15,4768.49,3592
14-04-2026 18:15,4768.78,4773.41,4761.98,4771.07,3582
14-04-2026 18:30,4770.95,4781.82,4770.86,4781.73,3804
14-04-2026 18:45,4781.67,4792.23,4780.72,4782.84,3790
14-04-2026 19:00,4782.65,4803.36,4780.09,4793.01,4179
14-04-2026 19:15,4792.8,4796.14,4788.92,4794.53,3961
14-04-2026 19:30,4794.56,4803.56,4792.88,4794.75,4089
14-04-2026 19:45,4794.75,4810.53,4794.75,4809.14,3940
14-04-2026 20:00,4809.24,4817.83,4798.37,4798.48,3961
14-04-2026 20:15,4798.53,4806.48,4795.27,4803.67,3751
14-04-2026 20:30,4803.71,4803.81,4791.01,4794.51,3975
14-04-2026 20:45,4794.5,4805.63,4792.94,4802.33,3802
14-04-2026 21:00,4802.34,4813.55,4802.34,4809.12,3602
14-04-2026 21:15,4809.26,4816.07,4806.57,4808.06,3646
14-04-2026 21:30,4807.85,4813.71,4805,4809.31,3429
14-04-2026 21:45,4809.32,4819.37,4807.02,4816.31,3326
14-04-2026 22:00,4816.33,4820.34,4813.45,4815.17,3070
14-04-2026 22:15,4815.15,4819.56,4809.11,4810.1,3140
14-04-2026 22:30,4810.08,4833.37,4809.39,4827.13,3508
14-04-2026 22:45,4827.16,4831.98,4824.69,4825.5,3176
14-04-2026 23:00,4825.44,4841.26,4824.97,4837,3182
14-04-2026 23:15,4837.02,4839.67,4834.27,4834.95,2932
14-04-2026 23:30,4835.05,4843.24,4834.33,4838.69,3096
14-04-2026 23:45,4838.69,4839.94,4833.15,4837.65,3529
15-04-2026 00:00,4837.44,4838.99,4833.98,4834.34,3141
15-04-2026 00:15,4834.37,4836.29,4830.82,4835.47,2802
15-04-2026 00:30,4835.54,4842.28,4835.54,4840.93,2773
15-04-2026 00:45,4840.86,4842.13,4838.4,4840.6,2582
15-04-2026 01:00,4839.9,4843.31,4838.55,4840.82,2744
15-04-2026 01:15,4841,4846.11,4839.72,4844.72,3100
15-04-2026 01:30,4844.96,4846.12,4841.84,4842.78,1601
15-04-2026 01:45,4842.75,4843.36,4839.58,4840.41,1042
15-04-2026 02:00,4840.4,4843.13,4839.74,4842.17,1055
15-04-2026 02:15,4841.98,4842.8,4839.77,4841.22,1111
15-04-2026 03:30,4839.37,4850.07,4837.34,4844.51,2053
15-04-2026 03:45,4844.47,4846.68,4835.8,4839.35,1925
15-04-2026 04:00,4839.36,4842.99,4837.74,4840.19,1718
15-04-2026 04:15,4840.2,4840.3,4833.25,4834.99,1875
15-04-2026 04:30,4835.02,4843.93,4833.66,4837.17,2125
15-04-2026 04:45,4837.13,4839.36,4835.14,4835.94,2146
15-04-2026 05:00,4835.91,4842.93,4835.04,4842.14,2753
15-04-2026 05:15,4842.14,4843.92,4836.17,4837.15,2434
15-04-2026 05:30,4837.06,4840.04,4831.34,4833.71,3053
15-04-2026 05:45,4833.7,4836.29,4828.81,4833.51,2808
15-04-2026 06:00,4833.56,4833.58,4826.71,4829.92,2395
15-04-2026 06:15,4829.94,4837.29,4829.08,4835.27,2635
15-04-2026 06:30,4835.19,4852.41,4828.09,4850.15,3867
15-04-2026 06:45,4850.14,4871.33,4842.12,4850.75,3858
15-04-2026 07:00,4850.76,4851.24,4842.59,4843.41,3614
15-04-2026 07:15,4843.46,4848.84,4839.79,4846.99,3411
15-04-2026 07:30,4846.92,4853.4,4844.89,4845.23,3546
15-04-2026 07:45,4845.28,4845.89,4832.39,4834.54,2731
15-04-2026 08:00,4834.56,4834.92,4821.45,4828.23,3772
15-04-2026 08:15,4828.21,4830.27,4820.5,4823.83,3565
15-04-2026 08:30,4823.82,4825.07,4816.94,4820.81,3434
15-04-2026 08:45,4820.8,4827.96,4820.47,4826.45,2873
15-04-2026 09:00,4826.42,4828.6,4825.35,4828.36,1987
15-04-2026 09:15,4828.34,4829.4,4823.76,4823.86,2011
15-04-2026 09:30,4823.88,4826.09,4820.4,4825.28,2170
15-04-2026 09:45,4825.26,4826.51,4821.1,4824.47,1872
15-04-2026 10:00,4824.49,4827.6,4823.18,4823.31,1631
15-04-2026 10:15,4822.91,4826.12,4821.29,4824.84,1712
15-04-2026 10:30,4824.86,4828.41,4822.57,4826.7,2854
15-04-2026 10:45,4826.71,4830.1,4824.38,4826.07,2536
15-04-2026 11:00,4826.06,4827.79,4812.54,4816.67,3603
15-04-2026 11:15,4816.69,4823.48,4814.18,4819.65,3321
15-04-2026 11:30,4819.77,4824.74,4816.45,4818.87,3149
15-04-2026 11:45,4818.86,4819.51,4813.46,4814.61,3145
15-04-2026 12:00,4814.57,4817.66,4811.09,4815.95,3199
15-04-2026 12:15,4815.96,4822.1,4811.11,4811.71,3256
15-04-2026 12:30,4811.53,4816.84,4803.72,4815.99,3275
15-04-2026 12:45,4815.61,4816.02,4805.71,4812.62,3107
15-04-2026 13:00,4812.62,4815.65,4808.47,4810.12,3061
15-04-2026 13:15,4810.12,4812.46,4805.83,4811.01,3002
15-04-2026 13:30,4810.97,4812.49,4804.06,4811,3048
15-04-2026 13:45,4811.07,4814.15,4805.93,4809.88,3011
15-04-2026 14:00,4809.8,4812.73,4805.42,4810.36,2927
15-04-2026 14:15,4810.32,4821.46,4809.8,4818.3,2726
15-04-2026 14:30,4818.31,4819.43,4792.68,4804.56,3723
15-04-2026 14:45,4804.43,4806.98,4797.38,4797.85,3230
15-04-2026 15:00,4797.2,4803.63,4795.2,4796.08,3087
15-04-2026 15:15,4795.89,4800.33,4786.39,4798.01,3249
15-04-2026 15:30,4797.87,4802.92,4795.34,4801.15,3081
15-04-2026 15:45,4801.12,4801.3,4790.19,4794.94,3634
15-04-2026 16:00,4794.94,4800.5,4792.94,4800.06,3331
15-04-2026 16:15,4800.19,4805.12,4799.53,4799.78,3071
15-04-2026 16:30,4799.84,4804.21,4795.38,4802.25,2929
15-04-2026 16:45,4802.24,4806.94,4799.64,4804.82,2951
15-04-2026 17:00,4804.84,4808.6,4802.53,4805.78,2859
15-04-2026 17:15,4805.75,4814.66,4804.16,4812.52,3472
15-04-2026 17:30,4812.41,4814.11,4806.85,4813.74,3283
15-04-2026 17:45,4813.8,4816.06,4809.98,4812.73,3163
15-04-2026 18:00,4812.36,4815.94,4810.3,4811.57,3062
15-04-2026 18:15,4811.56,4815.46,4808.29,4811.49,2998
15-04-2026 18:30,4811.46,4816.33,4808.46,4814.06,3823
15-04-2026 18:45,4814.05,4821.86,4810,4821.61,3589
15-04-2026 19:00,4821.79,4825.36,4815.71,4820.41,4118
15-04-2026 19:15,4820.48,4830.1,4819.83,4828.82,4001
15-04-2026 19:30,4828.8,4829.72,4820.55,4828.61,3904
15-04-2026 19:45,4828.6,4830.49,4822.17,4825.07,3844
15-04-2026 20:00,4825.18,4825.54,4815.34,4819.16,3814
15-04-2026 20:15,4819.22,4819.5,4813.16,4815.43,3706
15-04-2026 20:30,4815.43,4816.05,4800.15,4809.68,3915
15-04-2026 20:45,4809.64,4810.07,4797.32,4797.92,3795
15-04-2026 21:00,4797.9,4806.27,4786.64,4803.42,3924
15-04-2026 21:15,4803.47,4807.18,4799.38,4801.49,3545
15-04-2026 21:30,4801.47,4810.23,4800.25,4808.28,3335
15-04-2026 21:45,4808.05,4812.5,4805.21,4811.19,3202
15-04-2026 22:00,4811.26,4811.84,4802.83,4804.48,3418
15-04-2026 22:15,4804.31,4807.1,4800.05,4803.82,3576
15-04-2026 22:30,4803.76,4804.82,4797.9,4798.02,3304
15-04-2026 22:45,4798.01,4808.61,4798.01,4801.76,3055
15-04-2026 23:00,4801.61,4802.53,4792.07,4793.49,3328
15-04-2026 23:15,4793.5,4795.64,4790.66,4792.41,2899
15-04-2026 23:30,4792.41,4800.54,4790.1,4796.92,3599
15-04-2026 23:45,4796.92,4798.61,4792.73,4794.61,3253
16-04-2026 00:00,4794.91,4798.34,4794.47,4796.87,2914
16-04-2026 00:15,4796.88,4802.01,4796.78,4799.65,2662
16-04-2026 00:30,4799.51,4803.32,4798.05,4798.61,2780
16-04-2026 00:45,4798.72,4802.98,4797.58,4802.92,2285
16-04-2026 01:00,4802.84,4802.84,4795.21,4796.86,2725
16-04-2026 01:15,4796.95,4801.38,4794.47,4795.71,3270
16-04-2026 01:30,4795.69,4796.51,4792.55,4793.6,1770
16-04-2026 01:45,4793.57,4795.77,4793.15,4793.68,1278
16-04-2026 02:00,4793.63,4793.63,4790.11,4790.63,1254
16-04-2026 02:15,4790.66,4792.51,4787.26,4790.17,1665
16-04-2026 03:30,4797.07,4799.54,4790.49,4791.53,1400
16-04-2026 03:45,4791.52,4801.64,4791.45,4800.64,1932
16-04-2026 04:00,4800.72,4803.32,4799.07,4801.22,1666
16-04-2026 04:15,4801.21,4811.86,4801.05,4807.46,2058
16-04-2026 04:30,4807.4,4812.98,4807.4,4812.43,1781
16-04-2026 04:45,4812.41,4815.63,4812.18,4814.92,1542
16-04-2026 05:00,4814.93,4824.15,4814.41,4823.11,2307
16-04-2026 05:15,4823.06,4826.63,4821.96,4823.27,2161
16-04-2026 05:30,4823.3,4831.05,4823.21,4829.52,2431
16-04-2026 05:45,4829.55,4830.77,4822.23,4824.47,2633
16-04-2026 06:00,4824.63,4837.36,4820.28,4832.43,2500
16-04-2026 06:15,4832.45,4837.22,4830.66,4832.89,2765
16-04-2026 06:30,4832.86,4836.19,4828.43,4829.63,3643
16-04-2026 06:45,4829.58,4830.28,4822.24,4823.13,3083
16-04-2026 07:00,4823.16,4825.14,4811.22,4815.78,3417
16-04-2026 07:15,4815.71,4821.93,4815.21,4817.79,2970
16-04-2026 07:30,4817.73,4825.04,4817.25,4821.23,2930
16-04-2026 07:45,4821.28,4823.39,4818.93,4819.01,2184
16-04-2026 08:00,4819.15,4821.42,4812.38,4817.16,3282
16-04-2026 08:15,4817.17,4820.85,4815.36,4819.57,2915
16-04-2026 08:30,4819.52,4826.98,4819,4826.44,2860
16-04-2026 08:45,4826.41,4826.58,4822.54,4823.7,2430
16-04-2026 09:00,4823.73,4825.77,4819.02,4820.3,2205
16-04-2026 09:15,4820.29,4826.6,4820.29,4823.88,1747
16-04-2026 09:30,4823.79,4827.14,4822.76,4826.75,2049
16-04-2026 09:45,4826.78,4830.11,4825.68,4826.35,1843
16-04-2026 10:00,4826.36,4831.05,4824.68,4830.41,1754
16-04-2026 10:15,4830.21,4833.34,4829.4,4832.96,1455
16-04-2026 10:30,4832.99,4838.18,4832.73,4834.36,2368
16-04-2026 10:45,4834.01,4836.17,4831.64,4833.2,2035
16-04-2026 11:00,4833.28,4833.72,4824.6,4825.13,3124
16-04-2026 11:15,4825.03,4829.18,4821.03,4821.09,3098
16-04-2026 11:30,4821.1,4827.53,4821.08,4822.57,3090
16-04-2026 11:45,4822.61,4825.13,4814.56,4815.97,3183
16-04-2026 12:00,4816.26,4824.72,4814.76,4824,3255
16-04-2026 12:15,4824,4830.41,4822.33,4825.94,3353
16-04-2026 12:30,4826.01,4830.83,4822.95,4824.78,3422
16-04-2026 12:45,4824.78,4829.47,4817.23,4828.1,3251
16-04-2026 13:00,4828.15,4830.05,4824.49,4827.43,2840
16-04-2026 13:15,4827.46,4828.03,4819.31,4821.01,2816
16-04-2026 13:30,4821.39,4821.92,4807.15,4811.55,3446
16-04-2026 13:45,4811.66,4814.72,4809.52,4811.46,3101
16-04-2026 14:00,4811.48,4813.48,4806.47,4812,3039
16-04-2026 14:15,4811.99,4814.66,4808.33,4813.85,2903
16-04-2026 14:30,4813.8,4817.92,4811.78,4816.15,2496
16-04-2026 14:45,4816.23,4817.05,4811.25,4813.02,2438
16-04-2026 15:00,4812.68,4814.52,4806.53,4814.46,2932
16-04-2026 15:15,4814.45,4815.29,4810.08,4812.75,3008
16-04-2026 15:30,4812.76,4815.51,4806.9,4806.96,2758
16-04-2026 15:45,4806.96,4810.05,4805.17,4806.94,2540
16-04-2026 16:00,4806.93,4812.05,4805.01,4808.27,2726
16-04-2026 16:15,4808.25,4817.18,4806.45,4817.1,2826
16-04-2026 16:30,4817.26,4820.55,4816.3,4817.42,2885
16-04-2026 16:45,4817.55,4819.95,4815.4,4816.06,2661
16-04-2026 17:00,4816.13,4819.83,4815.77,4817.76,2803
16-04-2026 17:15,4817.73,4822.4,4816.04,4822.01,2771
16-04-2026 17:30,4822.16,4823.22,4811.42,4817.17,3196
16-04-2026 17:45,4817.14,4818.48,4813.81,4814.97,2898
16-04-2026 18:00,4814.82,4820.61,4811.66,4816.98,3350
16-04-2026 18:15,4816.97,4818.94,4813.87,4816.13,3036
16-04-2026 18:30,4816.21,4822.82,4814,4817.3,3553
16-04-2026 18:45,4817.19,4821.08,4815,4815.46,3309
16-04-2026 19:00,4815.57,4823.82,4812.44,4816.13,4104
16-04-2026 19:15,4816.07,4819.49,4784.26,4794.7,4147
16-04-2026 19:30,4794.49,4805.15,4785.3,4800.64,4163
16-04-2026 19:45,4800.78,4802.89,4790.77,4798.93,4072
16-04-2026 20:00,4798.94,4800.41,4772.92,4787.66,4088
16-04-2026 20:15,4787.32,4793.41,4785.21,4788.63,4088
16-04-2026 20:30,4788.69,4812.87,4788.23,4806.52,3956
16-04-2026 20:45,4806.59,4809.44,4801.64,4801.64,3753
16-04-2026 21:00,4801.33,4810.85,4797.98,4802.7,3988
16-04-2026 21:15,4802.69,4808.24,4800.72,4806.84,3650
16-04-2026 21:30,4806.97,4809.9,4803.24,4804.86,3305
16-04-2026 21:45,4804.89,4805.77,4796.61,4799.18,3141
16-04-2026 22:00,4799.43,4799.82,4786.23,4790.08,3808
16-04-2026 22:15,4790.06,4793.49,4785.02,4791.84,3668
16-04-2026 22:30,4791.89,4795.33,4789.74,4791.32,3610
16-04-2026 22:45,4791.33,4793.89,4784.58,4784.97,3588
16-04-2026 23:00,4785.15,4789.32,4781.16,4786.81,3437
16-04-2026 23:15,4786.78,4790.8,4782.38,4789.05,3338
16-04-2026 23:30,4789.09,4793.91,4785.73,4789.88,3913
16-04-2026 23:45,4789.91,4792.96,4786.61,4786.96,3627
17-04-2026 00:00,4786.98,4791.23,4786.55,4790.28,3217
17-04-2026 00:15,4790.25,4792.56,4788.1,4789.42,3233
17-04-2026 00:30,4789.62,4794.96,4789.45,4789.99,3089
17-04-2026 00:45,4790,4793.78,4789.92,4790.69,2981
17-04-2026 01:00,4790.72,4797.72,4790.57,4797.49,2968
17-04-2026 01:15,4797.55,4798.47,4792.37,4793.57,3012
17-04-2026 01:30,4793.42,4793.74,4789.88,4790.31,1759
17-04-2026 01:45,4790.18,4791.5,4788.23,4788.83,1249
17-04-2026 02:00,4788.82,4790.28,4786.29,4788.58,1076
17-04-2026 02:15,4788.72,4790.15,4787.21,4790.15,1034
17-04-2026 03:30,4793.76,4797.25,4790.59,4794.92,1483
17-04-2026 03:45,4794.93,4795.67,4792.14,4793.47,1364
17-04-2026 04:00,4793.5,4795.97,4790.93,4795.14,1692
17-04-2026 04:15,4795.14,4796.63,4794.44,4795.07,1415
17-04-2026 04:30,4795.08,4795.33,4792.03,4792.79,1702
17-04-2026 04:45,4792.8,4797.65,4792.26,4794.35,1648
17-04-2026 05:00,4794.35,4796.08,4792.26,4795.64,1473
17-04-2026 05:15,4795.67,4796.65,4791.65,4791.68,2061
17-04-2026 05:30,4791.66,4791.66,4785.78,4790.05,2825
17-04-2026 05:45,4790.07,4792.89,4787.46,4792.81,2376
17-04-2026 06:00,4792.82,4798.43,4792.42,4798.43,2374
17-04-2026 06:15,4798.46,4801.11,4793.88,4794.74,2353
17-04-2026 06:30,4794.77,4795.19,4768.89,4778.94,3620
17-04-2026 06:45,4778.65,4784.93,4767.57,4768.71,3521
17-04-2026 07:00,4768.87,4777.65,4767.59,4777.55,3490
17-04-2026 07:15,4777.55,4791.16,4775.18,4789.43,3226
17-04-2026 07:30,4789.39,4794.34,4788.24,4791.26,2986
17-04-2026 07:45,4791.34,4791.85,4788.34,4788.9,1850
17-04-2026 08:00,4789.03,4794.66,4788.45,4791.44,2761
17-04-2026 08:15,4791.45,4793.55,4784.3,4784.4,2455
17-04-2026 08:30,4784.52,4797.6,4784.52,4795.87,2993
17-04-2026 08:45,4795.8,4797.95,4792.81,4794.04,2640
17-04-2026 09:00,4794,4795.02,4791.89,4794.13,1632
17-04-2026 09:15,4794.11,4796.6,4792.78,4793.17,1441
17-04-2026 09:30,4793.06,4796.06,4792.56,4795.26,1458
17-04-2026 09:45,4795.28,4796.11,4793.68,4795.9,1313
17-04-2026 10:00,4795.88,4801.27,4795.24,4800.86,1452
17-04-2026 10:15,4800.87,4804.39,4798.48,4802.91,1695
17-04-2026 10:30,4802.87,4806.09,4799.66,4804.87,2404
17-04-2026 10:45,4804.89,4805.19,4801.39,4803.42,1899
17-04-2026 11:00,4803.43,4805.27,4795.54,4796.31,3017
17-04-2026 11:15,4796.48,4800.34,4793.64,4794.16,2964
17-04-2026 11:30,4794.1,4795.11,4786.62,4787.51,3265
17-04-2026 11:45,4787.49,4789.64,4783.33,4783.76,2977
17-04-2026 12:00,4783.76,4786.51,4779.05,4785.33,2954
17-04-2026 12:15,4785.36,4787,4783.82,4784.98,2645
17-04-2026 12:30,4784.89,4790.95,4784.06,4787.07,2885
17-04-2026 12:45,4787.11,4792.74,4784.62,4791.48,2597
17-04-2026 13:00,4791.49,4794.59,4781.92,4785.46,2699
17-04-2026 13:15,4785.49,4785.72,4778.17,4784.2,2888
17-04-2026 13:30,4784.21,4790.84,4780.75,4783.44,2808
17-04-2026 13:45,4783.11,4787.01,4782.52,4784.32,2554
17-04-2026 14:00,4784.32,4796.71,4784.19,4796.71,2589
17-04-2026 14:15,4796.75,4796.75,4790.89,4795.79,2903
17-04-2026 14:30,4795.78,4800.76,4792.5,4792.9,2794
17-04-2026 14:45,4792.88,4798.23,4791.88,4795.73,2728
17-04-2026 15:00,4795.72,4798.93,4793.96,4794.45,2572
17-04-2026 15:15,4794.58,4795.04,4789.94,4790.21,2539
17-04-2026 15:30,4790.23,4791.96,4787.04,4791.2,2558
17-04-2026 15:45,4791.18,4793.8,4788.48,4789.34,2449
17-04-2026 16:00,4789.35,4789.67,4782.26,4784.78,2393
17-04-2026 16:15,4784.76,4788.13,4782.18,4787.22,2429
17-04-2026 16:30,4787.51,4789.54,4783.43,4786.16,2291
17-04-2026 16:45,4786.17,4793.23,4784.48,4792.78,2177
17-04-2026 17:00,4792.73,4798.58,4789.57,4798.49,2497
17-04-2026 17:15,4798.52,4811.71,4798.52,4798.98,3241
17-04-2026 17:30,4799.12,4805.42,4797.46,4803.75,2886
17-04-2026 17:45,4803.66,4819.55,4803.04,4816.75,3229
17-04-2026 18:00,4816.74,4824.94,4815.15,4823.25,3647
17-04-2026 18:15,4823.36,4847.4,4821.6,4846.3,4209
17-04-2026 18:30,4846.16,4890.82,4834.65,4883.41,4215
17-04-2026 18:45,4883.17,4883.78,4850.4,4851.47,4229
17-04-2026 19:00,4851.41,4873.29,4848.37,4864.37,4281
17-04-2026 19:15,4864.4,4881.95,4851.85,4880.2,4198
17-04-2026 19:30,4880.34,4885.41,4860.69,4866.97,4108
17-04-2026 19:45,4866.9,4880.46,4866.24,4871.29,4063
17-04-2026 20:00,4871.38,4883.13,4869.22,4877.25,3955
17-04-2026 20:15,4877.37,4881.17,4869.62,4872.96,3990
17-04-2026 20:30,4873.16,4880.34,4862.23,4867.03,4076
17-04-2026 20:45,4867.72,4874.45,4862.88,4865.75,4012
17-04-2026 21:00,4866.05,4873.93,4854.75,4858.56,3878
17-04-2026 21:15,4858.67,4871.65,4858.11,4867.42,3797
17-04-2026 21:30,4867.41,4873.37,4863.46,4871.41,3699
17-04-2026 21:45,4871.37,4873.29,4867.54,4867.62,3376
17-04-2026 22:00,4867.6,4872.86,4867.36,4868.23,3222
17-04-2026 22:15,4868.2,4868.81,4864.84,4866.83,2939
17-04-2026 22:30,4866.8,4869.4,4857.56,4862.54,3562
17-04-2026 22:45,4862.55,4864.83,4853.53,4858.41,3659
17-04-2026 23:00,4858.07,4862.92,4854.01,4854.93,3461
17-04-2026 23:15,4854.74,4863.31,4854.74,4862.48,3079
17-04-2026 23:30,4862.49,4866.26,4860.23,4860.97,3317
17-04-2026 23:45,4860.94,4867.96,4858.8,4860.61,3410
18-04-2026 00:00,4860.55,4866.6,4860.25,4862.29,3149
18-04-2026 00:15,4862.15,4862.97,4855.8,4858.09,3307
18-04-2026 00:30,4858.1,4858.75,4853.66,4856.4,3041
18-04-2026 00:45,4856.33,4858,4854.1,4856.73,2961
18-04-2026 01:00,4856.72,4860.76,4855.49,4859.78,3070
18-04-2026 01:15,4859.18,4859.61,4852.19,4854.09,3383
18-04-2026 01:30,4853.88,4854.62,4844.14,4845.42,2499
18-04-2026 01:45,4845.26,4851.48,4844.1,4845.31,2028
18-04-2026 02:00,4845.32,4846.46,4833.6,4835.32,2405
18-04-2026 02:15,4835.32,4836.62,4829.56,4831.05,2397
20-04-2026 03:30,4791.29,4794.4,4758.08,4789.94,3548
20-04-2026 03:45,4789.87,4794.73,4783.69,4784.82,2741
20-04-2026 04:00,4784.83,4790.83,4779.29,4780.54,2681
20-04-2026 04:15,4780.51,4786.8,4777.9,4779.27,2339
20-04-2026 04:30,4779.27,4779.34,4771.8,4772.25,2921
20-04-2026 04:45,4772.22,4775.58,4767.84,4768.81,2765
20-04-2026 05:00,4768.85,4773.15,4745.43,4751.4,3263
20-04-2026 05:15,4751.71,4755.18,4736.98,4754.94,3576
20-04-2026 05:30,4754.98,4755.03,4744.85,4751.99,3790
20-04-2026 05:45,4752.02,4765.51,4751.64,4765.05,3386
20-04-2026 06:00,4765.04,4767.69,4760.8,4764.06,3026
20-04-2026 06:15,4764.27,4773.97,4759.32,4772.25,3162
20-04-2026 06:30,4772.08,4794.14,4771.35,4793.45,3996
20-04-2026 06:45,4793.55,4803.55,4788.4,4802.33,3671
20-04-2026 07:00,4802.51,4812.02,4801.17,4806.96,3655
20-04-2026 07:15,4806.55,4814.13,4805.71,4807.55,3202
20-04-2026 07:30,4807.61,4808.82,4800.45,4800.79,3514
20-04-2026 07:45,4800.72,4803.61,4798.17,4800.12,2635
20-04-2026 08:00,4800,4801.7,4794.52,4795.96,3378
20-04-2026 08:15,4795.99,4797.25,4792.88,4797.03,3121
20-04-2026 08:30,4796.98,4798.1,4790.23,4791.38,3272
20-04-2026 08:45,4791.41,4795.65,4788.52,4794.9,2921
20-04-2026 09:00,4794.94,4796.51,4789.83,4793.25,2194
20-04-2026 09:15,4793.24,4794.5,4788.86,4790.64,1914
20-04-2026 09:30,4790.9,4795.36,4790.72,4792.51,1869
20-04-2026 09:45,4792.17,4795.43,4791.42,4794.36,1717
20-04-2026 10:00,4794.44,4794.44,4786.99,4787.07,2174
20-04-2026 10:15,4787.23,4792.83,4787.22,4788.61,2299
20-04-2026 10:30,4788.6,4792.74,4784.11,4786.11,2510
20-04-2026 10:45,4786.1,4789.15,4784.92,4787.69,2314
20-04-2026 11:00,4787.64,4795.8,4778.98,4780.6,3744
20-04-2026 11:15,4780.6,4792.89,4780.6,4790.54,3594
20-04-2026 11:30,4790.53,4793.73,4785.2,4790.57,3609
20-04-2026 11:45,4790.66,4790.66,4783.73,4785.93,3224
20-04-2026 12:00,4785.98,4791.99,4785.44,4790.02,3129
20-04-2026 12:15,4790.04,4795.3,4785.38,4795.29,3346
20-04-2026 12:30,4795.64,4801.18,4793.84,4797.33,3573
20-04-2026 12:45,4797.29,4805.65,4794.13,4797.67,3486
20-04-2026 13:00,4797.67,4798.53,4789.97,4797.44,3429
20-04-2026 13:15,4797.42,4797.43,4786.8,4789.52,3297
20-04-2026 13:30,4789.28,4791.67,4785.96,4788.93,3460
20-04-2026 13:45,4788.92,4792.4,4786.3,4791.92,2992
20-04-2026 14:00,4791.95,4792.38,4788.54,4792.26,2689
20-04-2026 14:15,4792.25,4796.11,4792,4796.08,2922
20-04-2026 14:30,4796,4797.75,4793.33,4795.79,3024
20-04-2026 14:45,4795.79,4795.82,4791.59,4792.19,2650
20-04-2026 15:00,4792.25,4794.19,4783.31,4791.82,2968
20-04-2026 15:15,4791.81,4797.02,4789.04,4791.49,2874
20-04-2026 15:30,4791.47,4799.32,4789.92,4795.63,3010
20-04-2026 15:45,4795.63,4800.71,4795.11,4798.06,2659
20-04-2026 16:00,4798.08,4799.99,4794.85,4794.88,2291
20-04-2026 16:15,4794.89,4797.02,4794.34,4795.67,2511
20-04-2026 16:30,4796.14,4796.14,4786.79,4789.62,3150
20-04-2026 16:45,4789.54,4790.83,4786.46,4788.21,2736
20-04-2026 17:00,4788.27,4794.72,4787.63,4794.72,2889
20-04-2026 17:15,4794.73,4810.91,4794.6,4810.47,3463
20-04-2026 17:30,4810.56,4812.98,4802.8,4810.98,3549
20-04-2026 17:45,4810.97,4822.04,4803.88,4805.43,3564
20-04-2026 18:00,4805.43,4809.34,4799.06,4805.96,3369
20-04-2026 18:15,4805.94,4808.51,4800.91,4803.27,3209
20-04-2026 18:30,4803.26,4816.79,4799.61,4815.35,3993
20-04-2026 18:45,4815.38,4825.81,4811.88,4824.35,3789
20-04-2026 19:00,4824.47,4826.36,4815.72,4822.36,4166
20-04-2026 19:15,4822.29,4824.3,4816.89,4817.71,4040
20-04-2026 19:30,4817.72,4818.38,4806.85,4816.28,4123
20-04-2026 19:45,4815.97,4826.76,4814.31,4823.29,3963
20-04-2026 20:00,4823.48,4827.5,4810.26,4814.01,4002
20-04-2026 20:15,4813.97,4814.81,4792.43,4805.14,3797
20-04-2026 20:30,4805.09,4807.27,4792.65,4798.11,4079
20-04-2026 20:45,4798.2,4809.15,4794.02,4807.79,4013
20-04-2026 21:00,4807.48,4809,4799.58,4800.2,3789
20-04-2026 21:15,4800.14,4801.55,4795.26,4799.61,3519
20-04-2026 21:30,4799.73,4801.38,4794.21,4798.34,3188
20-04-2026 21:45,4798.27,4801.7,4792.7,4801.04,3314
20-04-2026 22:00,4801.17,4804.52,4798.72,4801.85,3244
20-04-2026 22:15,4801.75,4806.12,4801.58,4805.37,3132
20-04-2026 22:30,4805.38,4810.41,4803.73,4808.73,3117
20-04-2026 22:45,4808.84,4811.19,4806.14,4809.94,2975
20-04-2026 23:00,4809.9,4811.91,4804.99,4809.35,3308
20-04-2026 23:15,4809.31,4809.63,4805.66,4806.64,2560
20-04-2026 23:30,4806.78,4815.76,4806.78,4815.38,3125
20-04-2026 23:45,4815.4,4815.4,4811.81,4813.38,3081
21-04-2026 00:00,4813.36,4815.32,4811,4814.44,2737
21-04-2026 00:15,4814.43,4816.44,4813.09,4813.95,2469
21-04-2026 00:30,4813.94,4821.28,4813.81,4820.36,2446
21-04-2026 00:45,4820.36,4820.43,4816.06,4816.9,2266
21-04-2026 01:00,4816.97,4817.12,4810.3,4811.41,2561
21-04-2026 01:15,4811.42,4814.2,4811.09,4814.12,2681
21-04-2026 01:30,4814.15,4816.74,4812.72,4813.25,1357
21-04-2026 01:45,4813.49,4816.93,4812.12,4815.79,993
21-04-2026 02:00,4815.76,4817.12,4812.67,4816.45,1619
21-04-2026 02:15,4816.24,4821.4,4815.83,4820.14,1469
21-04-2026 03:30,4824.2,4831.98,4820.01,4828.57,2337
21-04-2026 03:45,4828.53,4832.59,4828.14,4828.39,1957
21-04-2026 04:00,4828.4,4830.7,4825.1,4830.4,2026
21-04-2026 04:15,4830.37,4831.47,4825.03,4827.37,1869
21-04-2026 04:30,4827.17,4831.42,4823.67,4825.36,1991
21-04-2026 04:45,4825.35,4826.57,4823.5,4825.31,1387
21-04-2026 05:00,4825.29,4825.29,4822.5,4823.71,1513
21-04-2026 05:15,4823.7,4824.38,4819.49,4821.49,1698
21-04-2026 05:30,4821.47,4830.63,4819.98,4828.45,2825
21-04-2026 05:45,4828.19,4829.15,4818.93,4819.27,2594
21-04-2026 06:00,4819.65,4824.54,4816.77,4822.5,2536
21-04-2026 06:15,4822.52,4826.06,4821.25,4823.88,2961
21-04-2026 06:30,4823.85,4824.33,4812.97,4814.67,3480
21-04-2026 06:45,4814.72,4818.56,4814.32,4818.52,3026
21-04-2026 07:00,4818.42,4818.79,4808.74,4812.91,3185
21-04-2026 07:15,4813.02,4813.61,4805.76,4810.1,2898
21-04-2026 07:30,4810.08,4810.32,4805.88,4807.24,2802
21-04-2026 07:45,4807.23,4808.41,4803.49,4807.46,1971
21-04-2026 08:00,4807.49,4807.58,4802.38,4806.4,2981
21-04-2026 08:15,4806.39,4808.07,4802.56,4806.74,2715
21-04-2026 08:30,4807.07,4807.56,4800.24,4800.39,2966
21-04-2026 08:45,4800.46,4802.17,4793.55,4798.56,2976
21-04-2026 09:00,4798.61,4799.79,4792.46,4794.82,2257
21-04-2026 09:15,4794.83,4797.62,4793.67,4797,1800
21-04-2026 09:30,4797.12,4797.61,4793.5,4793.91,1797
21-04-2026 09:45,4793.94,4796.53,4791.15,4792.04,2201
21-04-2026 10:00,4792.07,4794.16,4789.46,4791.53,1790
21-04-2026 10:15,4791.53,4793.27,4788.63,4788.95,1798
21-04-2026 10:30,4789.14,4792.93,4785.8,4789.43,2462
21-04-2026 10:45,4789.46,4791.19,4785.93,4787.45,2032
21-04-2026 11:00,4787.46,4796.86,4786.65,4796.29,3110
21-04-2026 11:15,4796.28,4796.55,4783.33,4784.03,3260
21-04-2026 11:30,4784.04,4790.5,4775.4,4784.89,3588
21-04-2026 11:45,4784.77,4785.75,4775.5,4778.65,3310
21-04-2026 12:00,4779.01,4782.24,4775.74,4780.27,3018
21-04-2026 12:15,4780.26,4783.21,4774.52,4778.69,3111
21-04-2026 12:30,4778.15,4785.66,4772.63,4782.74,3328
21-04-2026 12:45,4782.96,4787.46,4780.28,4783.26,2920
21-04-2026 13:00,4783.25,4787.05,4780.8,4786.61,2622
21-04-2026 13:15,4786.41,4792.54,4784.31,4785.89,3107
21-04-2026 13:30,4785.76,4787.5,4774.59,4775.8,3438
21-04-2026 13:45,4775.79,4789.09,4775.11,4787.14,3152
21-04-2026 14:00,4787.16,4792.49,4784.7,4791.49,2989
21-04-2026 14:15,4791.49,4792.72,4785.71,4785.71,2596
21-04-2026 14:30,4785.7,4786.78,4781.21,4784.13,2889
21-04-2026 14:45,4784.13,4787.83,4781.09,4782.19,2663
21-04-2026 15:00,4782.11,4787.36,4781.89,4787,2700
21-04-2026 15:15,4787,4789.36,4783.17,4783.58,2720
21-04-2026 15:30,4783.74,4785.67,4782.15,4782.85,2486
21-04-2026 15:45,4782.92,4784.82,4780.76,4782.88,2270
21-04-2026 16:00,4783.02,4787.8,4782.57,4786.12,2134
21-04-2026 16:15,4786.14,4790.25,4785.99,4789.64,2349
21-04-2026 16:30,4789.64,4790.14,4775.44,4781.46,2957
21-04-2026 16:45,4781.63,4784.28,4779.08,4783.4,2846
21-04-2026 17:00,4783.36,4794.85,4783.05,4792.96,2835
21-04-2026 17:15,4793.09,4797.62,4791.77,4794.51,2911
21-04-2026 17:30,4794.52,4796.82,4790.91,4791.07,3194
21-04-2026 17:45,4791.02,4791.59,4778.99,4780.34,3467
21-04-2026 18:00,4780.33,4789.59,4766.12,4778.48,3927
21-04-2026 18:15,4778.27,4782.49,4775.69,4778.17,3651
21-04-2026 18:30,4778.65,4783.25,4764.21,4764.93,3981
21-04-2026 18:45,4764.95,4775.36,4761.61,4774.81,3859
21-04-2026 19:00,4774.76,4792.38,4770.09,4788.88,4157
21-04-2026 19:15,4788.89,4794.26,4776.75,4778.68,3955
21-04-2026 19:30,4778.62,4782.37,4772.62,4778.22,3925
21-04-2026 19:45,4778.21,4780.39,4769.61,4773.97,3859
21-04-2026 20:00,4773.98,4774.88,4743.18,4744.5,4150
21-04-2026 20:15,4744.18,4745.11,4723.4,4738.46,4332
21-04-2026 20:30,4738.44,4750.59,4727.21,4748.12,4240
21-04-2026 20:45,4748.02,4757.45,4741.83,4742.33,4149
21-04-2026 21:00,4742.42,4747.63,4736.61,4745.7,4088
21-04-2026 21:15,4745.67,4749.96,4738.68,4741.38,3878
21-04-2026 21:30,4741.68,4746.71,4726.6,4730.19,3842
21-04-2026 21:45,4730.23,4733.93,4719.76,4720.66,3624
21-04-2026 22:00,4720.66,4727.45,4719.47,4720.77,3820
21-04-2026 22:15,4720.79,4722.62,4708.05,4710.75,3810
21-04-2026 22:30,4710.84,4718.16,4700.83,4706.11,4040
21-04-2026 22:45,4706.18,4708.15,4697.42,4699.67,3963
21-04-2026 23:00,4699.49,4721.93,4696.71,4717.61,4019
21-04-2026 23:15,4717.75,4718.48,4705.55,4710.65,3640
21-04-2026 23:30,4710.67,4714.32,4703.12,4703.92,3611
21-04-2026 23:45,4703.93,4704.3,4691.71,4695.63,3790
22-04-2026 00:00,4695.83,4703.17,4695.83,4702.65,3276
22-04-2026 00:15,4702.64,4713.66,4698.64,4709,3517
22-04-2026 00:30,4709.67,4712.6,4704.08,4707.11,3812
22-04-2026 00:45,4707.26,4714.88,4704.79,4713.73,3713
22-04-2026 01:00,4713.66,4714.53,4668.32,4671.38,3905
22-04-2026 01:15,4671.69,4685.18,4670.85,4678.86,4202
22-04-2026 01:30,4678.69,4701.84,4668.77,4696.56,3442
22-04-2026 01:45,4696.77,4710.92,4694.57,4705.43,3584
22-04-2026 02:00,4705.46,4713.56,4705.03,4711.14,2542
22-04-2026 02:15,4711.12,4719.66,4708.86,4719.65,2268
22-04-2026 03:30,4719.8,4728.79,4717.57,4721.33,2188
22-04-2026 03:45,4721.34,4721.39,4716.13,4718.58,1779
22-04-2026 04:00,4718.54,4719.45,4715.98,4716.72,1636
22-04-2026 04:15,4716.68,4719.84,4715.36,4719.37,1649
22-04-2026 04:30,4719.21,4729.48,4717.87,4727.24,2098
22-04-2026 04:45,4727.22,4732.91,4726.07,4729.75,2082
22-04-2026 05:00,4729.79,4733.58,4728.7,4731.72,1931
22-04-2026 05:15,4731.46,4740.31,4731.22,4737.84,2447
22-04-2026 05:30,4738.07,4747.2,4738.07,4742.63,3014
22-04-2026 05:45,4742.65,4745.59,4740.39,4742.38,2756
22-04-2026 06:00,4742.37,4747,4741.39,4742.09,2415
22-04-2026 06:15,4742.13,4746.66,4738.4,4739.6,2717
22-04-2026 06:30,4739.57,4745.02,4735.67,4738.14,3553
22-04-2026 06:45,4738.1,4748.88,4737.59,4746.08,3071
22-04-2026 07:00,4746.03,4753.77,4745.82,4749.33,3360
22-04-2026 07:15,4749.34,4754.5,4747.82,4752.11,3000
22-04-2026 07:30,4752.12,4756.08,4750.09,4755.6,2744
22-04-2026 07:45,4755.58,4758,4753.46,4755.56,1934
22-04-2026 08:00,4755.53,4758.66,4751.29,4751.41,2563
22-04-2026 08:15,4751.42,4757.11,4750.98,4755.63,2389
22-04-2026 08:30,4755.63,4760.99,4752.94,4757.45,2680
22-04-2026 08:45,4757.44,4763.3,4756.67,4762.99,2410
22-04-2026 09:00,4762.99,4764.94,4756.93,4759.08,2073
22-04-2026 09:15,4759.08,4760.73,4757.11,4758.13,1757
22-04-2026 09:30,4758.18,4759.59,4756.75,4757.34,1364
22-04-2026 09:45,4757.35,4757.81,4754.44,4755.84,1753
22-04-2026 10:00,4755.81,4757.27,4752.66,4756.35,1666
22-04-2026 10:15,4756.36,4759.42,4752.17,4754.48,2027
22-04-2026 10:30,4754.47,4757.02,4752.09,4757.01,1910
22-04-2026 10:45,4757.02,4771.15,4756.31,4766.01,3269
22-04-2026 11:00,4766.03,4769.13,4763.69,4767.13,3186
22-04-2026 11:15,4767.12,4771.94,4764.18,4767.59,2819
22-04-2026 11:30,4767.55,4767.69,4758.77,4762.62,2919
22-04-2026 11:45,4762.57,4767.1,4760.41,4767.03,2338
22-04-2026 12:00,4766.96,4767.65,4763.54,4763.54,2478
22-04-2026 12:15,4763.52,4767.65,4763.19,4767.46,2335
22-04-2026 12:30,4767.57,4772.21,4765.24,4765.53,2853
22-04-2026 12:45,4765.52,4767.82,4762.44,4765.91,2797
22-04-2026 13:00,4765.92,4766.52,4761.99,4763.59,2482
22-04-2026 13:15,4763.59,4764.29,4759.5,4760.56,2689
22-04-2026 13:30,4760.56,4762.16,4757.6,4757.85,2931
22-04-2026 13:45,4757.83,4759.75,4754.02,4754.21,3049
22-04-2026 14:00,4754.15,4756.83,4751.67,4755.92,2904
22-04-2026 14:15,4755.86,4758.21,4753.71,4756.88,2451
22-04-2026 14:30,4756.85,4761.58,4756.49,4760.54,2818
22-04-2026 14:45,4760.53,4761.74,4756.24,4756.32,2611
22-04-2026 15:00,4756.2,4762.34,4755,4758.34,2561
22-04-2026 15:15,4758.34,4758.98,4752.21,4755.07,2680
22-04-2026 15:30,4755.03,4757.5,4745.48,4748.28,3157
22-04-2026 15:45,4748.21,4755.79,4748.06,4754.46,2678
22-04-2026 16:00,4754.47,4759.35,4753.53,4756.37,2523
22-04-2026 16:15,4756.41,4759.94,4755.06,4759.08,2274
22-04-2026 16:30,4759.46,4760.27,4756.35,4757.1,2609
22-04-2026 16:45,4757.12,4760.65,4756.32,4757.18,2542
22-04-2026 17:00,4757.21,4759.77,4748.02,4748.07,2796
22-04-2026 17:15,4748.06,4752.72,4747.32,4749.83,2877
22-04-2026 17:30,4749.8,4756.93,4749.11,4751.76,2961
22-04-2026 17:45,4751.64,4758.94,4746.64,4752.6,2978
22-04-2026 18:00,4752.51,4753.83,4745.27,4746.11,3383
22-04-2026 18:15,4746.11,4747.84,4742.36,4743.91,3204
22-04-2026 18:30,4743.99,4750.58,4738.89,4742.05,3813
22-04-2026 18:45,4742.05,4749.86,4735.96,4749.86,3821
22-04-2026 19:00,4750.54,4756.57,4741.82,4755.1,4132
22-04-2026 19:15,4755.22,4760.44,4750.53,4752.67,3966
22-04-2026 19:30,4752.3,4757.13,4741.95,4745,3936
22-04-2026 19:45,4745.01,4750.34,4743.03,4743.7,3871
22-04-2026 20:00,4743.67,4744.38,4729.71,4732.72,4105
22-04-2026 20:15,4732.69,4739.37,4732.23,4735.6,3861
22-04-2026 20:30,4735.79,4739.9,4734.02,4737.41,3901
22-04-2026 20:45,4737.44,4737.44,4729.68,4734.91,3780
22-04-2026 21:00,4734.97,4735.21,4725.51,4726.97,3645
22-04-2026 21:15,4727.04,4731.19,4724.78,4727.43,3375
22-04-2026 21:30,4728.26,4734.67,4725.64,4730.01,3393
22-04-2026 21:45,4730.04,4730.18,4723.65,4726.49,3181
22-04-2026 22:00,4726.47,4731.87,4723.35,4727.94,3173
22-04-2026 22:15,4727.8,4730.59,4725.98,4728.44,3124
22-04-2026 22:30,4728.56,4739.1,4728.29,4734.75,3529
22-04-2026 22:45,4734.77,4737.44,4732.49,4734.83,2951
22-04-2026 23:00,4734.84,4737.94,4734.18,4735.93,2666
22-04-2026 23:15,4736.25,4738.13,4733.35,4736.93,2920
22-04-2026 23:30,4736.94,4738.36,4734.81,4735.79,2733
22-04-2026 23:45,4735.31,4735.75,4729.37,4729.83,2979
23-04-2026 00:00,4729.67,4739.37,4729.64,4739.31,2600
23-04-2026 00:15,4739.18,4749.11,4738.48,4741.43,2985
23-04-2026 00:30,4741.53,4743.19,4736.63,4738.36,3149
23-04-2026 00:45,4738.37,4745.11,4737.92,4744.17,2535
23-04-2026 01:00,4744.15,4744.47,4738.25,4739.02,2519
23-04-2026 01:15,4739.03,4741.61,4736.81,4739.98,3146
23-04-2026 01:30,4740.08,4740.27,4734.55,4735.85,2106
23-04-2026 01:45,4735.77,4737.58,4734.1,4736.54,1587
23-04-2026 02:00,4736.52,4739.14,4735.99,4737.2,1505
23-04-2026 02:15,4737.17,4740.23,4736.61,4739.52,1127
23-04-2026 03:30,4744.81,4745.2,4735.57,4735.85,1481
23-04-2026 03:45,4735.86,4737.65,4732.01,4732.35,1662
23-04-2026 04:00,4732.33,4734.89,4729.45,4729.6,1625
23-04-2026 04:15,4729.57,4731.62,4725.45,4725.75,1710
23-04-2026 04:30,4725.85,4727.95,4723.26,4725.76,1897
23-04-2026 04:45,4725.75,4729.62,4725.12,4728.03,1420
23-04-2026 05:00,4728.04,4728.05,4723.56,4724.18,1443
23-04-2026 05:15,4724.2,4728.95,4724.19,4727.62,1856
23-04-2026 05:30,4727.63,4727.93,4697.89,4698.48,3553
23-04-2026 05:45,4698.61,4742.29,4693.6,4741.29,4133
23-04-2026 06:00,4741.36,4751.83,4741.08,4744.84,3751
23-04-2026 06:15,4744.64,4753.74,4743.42,4748.1,3389
23-04-2026 06:30,4747.74,4749.84,4735.77,4736.83,3718
23-04-2026 06:45,4736.8,4738.39,4727.04,4728.08,3429
23-04-2026 07:00,4728.17,4735.51,4725.65,4733.86,3474
23-04-2026 07:15,4733.86,4736.71,4722.32,4723.39,3606
23-04-2026 07:30,4723.35,4724.57,4706.62,4707.22,3762
23-04-2026 07:45,4707.33,4717.96,4704.76,4713.71,3587
23-04-2026 08:00,4713.7,4715.63,4700.49,4701.22,3773
23-04-2026 08:15,4701.17,4707.19,4698.1,4698.77,3720
23-04-2026 08:30,4698.91,4708.54,4698.17,4701.94,3727
23-04-2026 08:45,4701.95,4705.81,4698.05,4703.13,3494
23-04-2026 09:00,4703.17,4706.92,4701.02,4704.72,2907
23-04-2026 09:15,4704.73,4707.37,4702.41,4703.83,2457
23-04-2026 09:30,4703.81,4706.36,4700.73,4706.2,2285
23-04-2026 09:45,4706.21,4706.94,4702.7,4705.4,2226
23-04-2026 10:00,4705.43,4706.88,4701.47,4701.81,1981
23-04-2026 10:15,4701.8,4704.42,4698.42,4704.36,2239
23-04-2026 10:30,4704.35,4710.16,4703.33,4707.66,2506
23-04-2026 10:45,4707.67,4709.26,4705.22,4705.78,2581
23-04-2026 11:00,4705.83,4706.7,4692.57,4701.58,3408
23-04-2026 11:15,4701.53,4715.14,4701.51,4713.51,3287
23-04-2026 11:30,4713.27,4718.07,4710.55,4711.82,3280
23-04-2026 11:45,4711.8,4714.29,4708.55,4712.11,2927
23-04-2026 12:00,4711.91,4717.15,4709.15,4715.01,2857
23-04-2026 12:15,4715.04,4721.47,4711.98,4712.8,3205
23-04-2026 12:30,4712.83,4716.34,4707.55,4712.18,3466
23-04-2026 12:45,4711.67,4713.82,4702.98,4705.98,3418
23-04-2026 13:00,4705.53,4713.62,4703.28,4713.61,3097
23-04-2026 13:15,4713.6,4720.5,4713.33,4718.94,3076
23-04-2026 13:30,4718.68,4724.64,4717.38,4718.04,3146
23-04-2026 13:45,4718.23,4721.7,4714.85,4715.22,2868
23-04-2026 14:00,4715.25,4716.06,4702.89,4703.28,3363
23-04-2026 14:15,4703.26,4706.96,4701.33,4702.76,2831
23-04-2026 14:30,4702.73,4703.11,4694.55,4696.69,3388
23-04-2026 14:45,4696.71,4702.76,4695.31,4700.71,3150
23-04-2026 15:00,4700.71,4702.78,4698.76,4700.57,3053
23-04-2026 15:15,4700.55,4701.91,4694.61,4697.4,2911
23-04-2026 15:30,4697.11,4701.54,4684.86,4688.8,3241
23-04-2026 15:45,4688.72,4692.57,4684.28,4686.12,3210
23-04-2026 16:00,4686.15,4696.67,4683.77,4690.5,3274
23-04-2026 16:15,4690.49,4697.04,4689.15,4696.44,3009
23-04-2026 16:30,4696.45,4700.12,4695.49,4697.83,3111
23-04-2026 16:45,4697.78,4703.22,4696.33,4699.1,2824
23-04-2026 17:00,4699.09,4705.86,4696.52,4705.32,3264
23-04-2026 17:15,4705.33,4720.74,4704.72,4720.51,3605
23-04-2026 17:30,4720.58,4738.1,4719.79,4728.7,3879
23-04-2026 17:45,4728.67,4734.51,4725.38,4732.94,3476
23-04-2026 18:00,4732.7,4742.06,4732.66,4739.15,3561
23-04-2026 18:15,4739.49,4742.84,4731.26,4739.93,3782
23-04-2026 18:30,4739.94,4740.67,4724.11,4725.17,3701
23-04-2026 18:45,4725.29,4730.45,4725.16,4727.33,3432
23-04-2026 19:00,4727.33,4735.48,4724.34,4734.53,3993
23-04-2026 19:15,4732.69,4741.1,4724.16,4724.26,3959
23-04-2026 19:30,4724.51,4728.15,4716.78,4723.72,4136
23-04-2026 19:45,4723.42,4735.59,4723.04,4730.98,3938
23-04-2026 20:00,4730.98,4734.41,4725.86,4730.75,3899
23-04-2026 20:15,4730.74,4736.6,4727.87,4733.36,3792
23-04-2026 20:30,4733.39,4734.52,4726.48,4730.22,3725
23-04-2026 20:45,4730.33,4740.43,4729.32,4733.42,3732
23-04-2026 21:00,4733.42,4734.18,4727.66,4727.66,3322
23-04-2026 21:15,4727.87,4728.13,4716.02,4720.48,3904
23-04-2026 21:30,4720.43,4722.25,4715.28,4719.05,3516
23-04-2026 21:45,4718.74,4724.77,4718.67,4722.92,3160
23-04-2026 22:00,4722.94,4734.3,4722.34,4733.72,3002
23-04-2026 22:15,4733.73,4736.87,4730.54,4732.66,3120
23-04-2026 22:30,4732.84,4734.25,4705.32,4715.44,4120
23-04-2026 22:45,4715.47,4718.08,4704.04,4705.95,4190
23-04-2026 23:00,4705.86,4713.4,4672.66,4676.47,4195
23-04-2026 23:15,4676.72,4710.35,4663.51,4708.77,4340
23-04-2026 23:30,4709.26,4721.2,4707.24,4713.61,4079
23-04-2026 23:45,4713.6,4716.56,4710.82,4716.55,3943
24-04-2026 00:00,4716.48,4720.18,4706.77,4710.81,3764
24-04-2026 00:15,4710.82,4711.47,4698.79,4700.56,3661
24-04-2026 00:30,4700.57,4703.96,4692.62,4696.05,3801
24-04-2026 00:45,4696.06,4702.41,4695.23,4699.94,3404
24-04-2026 01:00,4700.03,4700.95,4689.1,4692.09,3685
24-04-2026 01:15,4692.17,4699.83,4691.9,4695.89,3667
24-04-2026 01:30,4695.86,4698.05,4690.35,4690.54,2589
24-04-2026 01:45,4690.55,4692.51,4686.36,4689.05,2149
24-04-2026 02:00,4689.07,4691.26,4687.82,4690.95,1332
24-04-2026 02:15,4690.97,4693.9,4687.87,4693.9,1485
24-04-2026 03:30,4699.24,4699.24,4693.96,4696.65,1552
24-04-2026 03:45,4696.64,4696.66,4691.51,4692.17,1464
24-04-2026 04:00,4692.12,4696.48,4690.59,4693.3,1836
24-04-2026 04:15,4693.29,4694.29,4689.73,4692.95,1802
24-04-2026 04:30,4692.84,4695.02,4689.31,4689.37,2030
24-04-2026 04:45,4689.38,4694.37,4686.54,4694.24,2056
24-04-2026 05:00,4694.65,4700.52,4693.41,4697.21,2138
24-04-2026 05:15,4697.2,4699.33,4692.01,4695.16,2452
24-04-2026 05:30,4695.52,4699.93,4690.64,4698,3364
24-04-2026 05:45,4698.11,4705.47,4696.28,4705.32,3039
24-04-2026 06:00,4705.33,4707.72,4701.12,4701.36,3020
24-04-2026 06:15,4701.32,4705.76,4697.28,4704.5,3124
24-04-2026 06:30,4704.48,4709.84,4695.7,4709.23,3692
24-04-2026 06:45,4709.09,4710.89,4698.19,4698.27,3288
24-04-2026 07:00,4698.1,4702.24,4690.27,4690.69,3638
24-04-2026 07:15,4690.52,4700.71,4690.17,4699.47,3470
24-04-2026 07:30,4699.49,4700.6,4690.09,4692.94,3538
24-04-2026 07:45,4693.14,4696,4682.03,4683.53,3140
24-04-2026 08:00,4683.69,4690.76,4680.05,4683.3,3483
24-04-2026 08:15,4683.29,4683.97,4673.06,4676.6,3458
24-04-2026 08:30,4676.63,4678.2,4668.62,4670.21,3376
24-04-2026 08:45,4670.22,4677.9,4670.06,4674.29,3186
24-04-2026 09:00,4674.35,4677.91,4672.78,4675.1,2771
24-04-2026 09:15,4675.12,4676.66,4671.37,4672.04,2435
24-04-2026 09:30,4672.02,4674.44,4667.38,4669.85,2662
24-04-2026 09:45,4669.86,4670.61,4658.25,4659.4,2838
24-04-2026 10:00,4659.64,4668.38,4657.64,4667.94,2695
24-04-2026 10:15,4668,4676.74,4667.91,4674.37,2495
24-04-2026 10:30,4674.39,4676.78,4669.56,4673.35,2525
24-04-2026 10:45,4673.6,4678.47,4671.97,4676.35,2658
24-04-2026 11:00,4676.35,4687.22,4676.32,4682.65,3312
24-04-2026 11:15,4682.67,4686.78,4680.33,4686.17,3125
24-04-2026 11:30,4686.36,4687.87,4680.73,4681.74,3283
24-04-2026 11:45,4681.72,4681.94,4670,4671.34,3179
24-04-2026 12:00,4671.35,4676.1,4669.78,4673.57,3159
24-04-2026 12:15,4673.58,4676.37,4666.69,4671.67,3295
24-04-2026 12:30,4671.64,4681.27,4670.9,4680.49,2918
24-04-2026 12:45,4680.44,4684.74,4678.19,4684.32,2751
24-04-2026 13:00,4684.17,4685.95,4682.18,4685.41,2729
24-04-2026 13:15,4685.39,4695.18,4685.15,4694.39,2801
24-04-2026 13:30,4693.81,4694.5,4686.37,4687.2,3131
24-04-2026 13:45,4687.22,4697.26,4686.64,4687.79,3360
24-04-2026 14:00,4687.74,4690.04,4684.96,4687.99,2974
24-04-2026 14:15,4687.96,4693.2,4687.6,4690.69,2715
24-04-2026 14:30,4690.7,4695.17,4689.38,4695.15,2948
24-04-2026 14:45,4695.07,4696.61,4682.22,4683.22,3100
24-04-2026 15:00,4683.12,4688.36,4679.3,4685.83,3006
24-04-2026 15:15,4685.89,4686.7,4679.3,4681.97,2728
24-04-2026 15:30,4681.93,4684.69,4680.71,4682.12,2651
24-04-2026 15:45,4682.05,4686.05,4680.06,4682.01,2781
24-04-2026 16:00,4682.01,4682.14,4674.42,4678.85,2845
24-04-2026 16:15,4678.81,4680.52,4676.51,4677.64,2512
24-04-2026 16:30,4677.62,4703.32,4677.62,4696.67,3869
24-04-2026 16:45,4696.58,4716.48,4692.07,4714.86,3966
24-04-2026 17:00,4714.9,4716.57,4704.57,4704.86,3612
24-04-2026 17:15,4704.73,4707.77,4702.34,4706.37,3249
24-04-2026 17:30,4706.4,4710.11,4702.79,4708.11,3512
24-04-2026 17:45,4708.29,4711.22,4700.55,4709.84,3394
24-04-2026 18:00,4709.57,4711.07,4698.57,4698.58,3523
24-04-2026 18:15,4698.6,4700.52,4690.22,4700.19,3583
24-04-2026 18:30,4700.67,4705.09,4695.63,4702.42,3809
24-04-2026 18:45,4702.45,4704.63,4693.3,4696.66,3733
24-04-2026 19:00,4696.59,4709.14,4689.34,4708,4117
24-04-2026 19:15,4708.01,4717.22,4704.43,4711.36,4021
24-04-2026 19:30,4711.5,4739.99,4706.61,4731.45,4201
24-04-2026 19:45,4730.91,4733.78,4721.14,4725.19,4105
24-04-2026 20:00,4725.27,4732.63,4723.44,4730.08,4049
24-04-2026 20:15,4730.23,4731.03,4723.78,4726.11,3785
24-04-2026 20:30,4726.15,4726.76,4718.29,4721.62,3825
24-04-2026 20:45,4721.6,4726.07,4718.21,4721.74,3669
24-04-2026 21:00,4721.68,4729.08,4714.49,4727.87,3701
24-04-2026 21:15,4727.06,4733.56,4723.5,4726.58,4150
24-04-2026 21:30,4726.47,4729.29,4719.89,4720.12,3811
24-04-2026 21:45,4720.03,4725.46,4718.72,4722.9,3430
24-04-2026 22:00,4722.92,4726.83,4718.9,4722.2,3428
24-04-2026 22:15,4722.27,4727.57,4720.06,4726.75,3382
24-04-2026 22:30,4726.77,4729.91,4725.54,4727.55,3559
24-04-2026 22:45,4727.6,4729.19,4722.17,4722.62,3193
24-04-2026 23:00,4722.13,4725.33,4718.78,4722.44,3291
24-04-2026 23:15,4722.46,4727.48,4720.41,4723.2,2784
24-04-2026 23:30,4723.25,4724.65,4719.78,4723.56,3119
24-04-2026 23:45,4723.42,4724.11,4716.84,4716.92,3096
25-04-2026 00:00,4716.81,4720.38,4716.61,4718.69,2758
25-04-2026 00:15,4718.67,4722.94,4717.42,4722.42,2868
25-04-2026 00:30,4722.4,4725.71,4720.65,4722.05,2976
25-04-2026 00:45,4722.06,4723.01,4717.05,4718.67,2885
25-04-2026 01:00,4718.59,4720.05,4715.44,4716.21,2899
25-04-2026 01:15,4716.05,4718.06,4713.12,4716.42,3189
25-04-2026 01:30,4715.84,4716.84,4704.82,4706.32,2232
25-04-2026 01:45,4706.36,4708.95,4704.71,4707.57,1588
25-04-2026 02:00,4707.59,4708.23,4704.76,4706.92,1399
25-04-2026 02:15,4706.9,4709.8,4705.9,4709.64,1516
27-04-2026 03:30,4695.98,4704.13,4679.42,4684.8,3057
27-04-2026 03:45,4685.24,4688.07,4682.41,4686.3,2431
27-04-2026 04:00,4685.98,4686.59,4682.01,4684.42,2191
27-04-2026 04:15,4684.44,4685.67,4681.91,4684.44,1852
27-04-2026 04:30,4683.92,4684.64,4677.51,4683.47,2355
27-04-2026 04:45,4683.46,4684.34,4676.97,4677.04,1804
27-04-2026 05:00,4676.95,4679.75,4674.64,4676.56,2201
27-04-2026 05:15,4676.57,4681.83,4676.57,4679.69,2213
27-04-2026 05:30,4679.71,4681,4672.08,4679.72,3115
27-04-2026 05:45,4679.73,4682.09,4677.62,4680.67,2851
27-04-2026 06:00,4680.88,4681.42,4676.65,4680.43,2366
27-04-2026 06:15,4680.41,4697.99,4680.41,4697.68,2758
27-04-2026 06:30,4697.65,4709.12,4691.9,4692.54,3966
27-04-2026 06:45,4692.49,4698.33,4690.6,4697.77,3680
27-04-2026 07:00,4697.78,4700.62,4695.42,4697.8,3702
27-04-2026 07:15,4697.78,4706.35,4697.61,4702.61,3510
27-04-2026 07:30,4702.59,4706.66,4696.13,4699.5,3320
27-04-2026 07:45,4699.49,4708.13,4698.82,4705.62,2623
27-04-2026 08:00,4705.62,4714.44,4704.23,4713.39,3328
27-04-2026 08:15,4713.38,4723.38,4712.04,4718.17,3272
27-04-2026 08:30,4718.17,4722.19,4716.29,4717.78,2955
27-04-2026 08:45,4717.79,4718.4,4714.36,4715.59,2524
27-04-2026 09:00,4715.68,4729.3,4715.35,4728.28,2722
27-04-2026 09:15,4728.28,4728.69,4722.45,4724.05,2320
27-04-2026 09:30,4723.92,4728.01,4723.61,4727.39,2085
27-04-2026 09:45,4727.4,4727.87,4724.9,4726.84,1713
27-04-2026 10:00,4726.85,4729.99,4725.32,4726.17,1913
27-04-2026 10:15,4726.15,4726.55,4722.66,4724.89,1992
27-04-2026 10:30,4724.9,4725.38,4718.07,4718.27,2290
27-04-2026 10:45,4718.3,4719.68,4716.07,4718.01,2250
27-04-2026 11:00,4718,4718.12,4708.9,4711.41,3356
27-04-2026 11:15,4711.4,4713.46,4708.67,4709.89,2748
27-04-2026 11:30,4709.84,4715.47,4709.07,4714.52,3220
27-04-2026 11:45,4714.51,4715.4,4711.24,4714.26,2891
27-04-2026 12:00,4714.23,4714.36,4709.23,4710.56,3013
27-04-2026 12:15,4710.54,4715.39,4709.84,4712.69,2658
27-04-2026 12:30,4712.71,4718.15,4710.78,4717,3207
27-04-2026 12:45,4716.98,4718.11,4712.23,4715.74,3065
27-04-2026 13:00,4715.75,4717.12,4713.36,4714.78,2968
27-04-2026 13:15,4714.76,4716.79,4709.88,4713.23,3115
27-04-2026 13:30,4713.27,4714.25,4710.11,4710.76,3374
27-04-2026 13:45,4710.81,4713.96,4709.33,4710.59,3048
27-04-2026 14:00,4710.61,4711.84,4705.15,4711.8,2936
27-04-2026 14:15,4711.8,4714.63,4705.41,4706.73,2819
27-04-2026 14:30,4706.77,4708.15,4702.32,4705.05,2624
27-04-2026 14:45,4705.06,4706.53,4701.67,4702.26,2515
27-04-2026 15:00,4702.19,4705.14,4699.54,4704.38,2559
27-04-2026 15:15,4704.37,4704.37,4699.28,4703.45,2495
27-04-2026 15:30,4703.48,4706.72,4701.42,4701.8,2413
27-04-2026 15:45,4701.82,4705.74,4699.36,4704.97,2197
27-04-2026 16:00,4704.99,4710.17,4704.51,4708.9,2496
27-04-2026 16:15,4708.9,4710.56,4706.99,4708.68,2595
27-04-2026 16:30,4708.7,4708.98,4703.8,4703.96,2837
27-04-2026 16:45,4703.97,4706.92,4700.18,4705.09,2903
27-04-2026 17:00,4705.1,4708.4,4699.59,4702.1,2793
27-04-2026 17:15,4702.08,4705.16,4700.77,4704.67,2391
27-04-2026 17:30,4704.92,4709.08,4702.4,4708.77,3043
27-04-2026 17:45,4708.75,4712.5,4701.92,4706.85,3374
27-04-2026 18:00,4706.84,4707.65,4696.84,4698.72,3478
27-04-2026 18:15,4698.73,4704.39,4696.8,4699.07,3358
27-04-2026 18:30,4699.41,4700.4,4693.24,4695.71,3891
27-04-2026 18:45,4695.65,4703.14,4695.28,4699.81,3423
27-04-2026 19:00,4699.81,4702.24,4688.98,4693,4119
27-04-2026 19:15,4692.98,4697.05,4689.05,4695.86,4042
27-04-2026 19:30,4695.89,4695.99,4687.66,4692.28,4073
27-04-2026 19:45,4692.26,4696.5,4686.07,4688.83,3930
27-04-2026 20:00,4688.84,4696.47,4683.3,4693.17,4013
27-04-2026 20:15,4693.22,4693.72,4676.14,4677.53,3865
27-04-2026 20:30,4677.55,4678.84,4666.84,4674.29,4057
27-04-2026 20:45,4674.28,4680.87,4671.65,4680.85,3846
27-04-2026 21:00,4680.93,4682.2,4676.73,4677.28,3545
27-04-2026 21:15,4677.29,4677.94,4668,4669.89,3658
27-04-2026 21:30,4669.9,4674.8,4667.12,4674.37,3408
27-04-2026 21:45,4674.29,4677.45,4673.38,4676.08,3173
27-04-2026 22:00,4676.07,4679.22,4674.03,4674.54,3043
27-04-2026 22:15,4674.55,4677.77,4674.46,4676.55,2790
27-04-2026 22:30,4676.7,4678.35,4671.58,4673.57,3001
27-04-2026 22:45,4673.58,4679.56,4668.1,4679.33,3392
27-04-2026 23:00,4679.38,4685.62,4679.19,4682.64,3323
27-04-2026 23:15,4682.65,4683.93,4680.52,4681.67,3060
27-04-2026 23:30,4681.7,4682.53,4678.68,4681.17,3047
27-04-2026 23:45,4681.12,4685.35,4680.35,4683.95,3130
28-04-2026 00:00,4683.97,4685.2,4682.41,4682.7,2659
28-04-2026 00:15,4682.66,4684.92,4680.55,4680.55,2743
28-04-2026 00:30,4680.52,4681.07,4678.44,4680.12,2590
28-04-2026 00:45,4680.11,4682.55,4679.63,4682.09,2480
28-04-2026 01:00,4682.1,4682.18,4676.53,4679.84,2570
28-04-2026 01:15,4679.73,4681.29,4678.29,4680.55,3083
28-04-2026 01:30,4680.55,4681.31,4677.28,4678.98,1386
28-04-2026 01:45,4678.99,4680.62,4678.41,4679.61,1048
28-04-2026 02:00,4679.62,4680.23,4678.49,4679.89,988
28-04-2026 02:15,4679.88,4681.29,4677.91,4681.24,955
28-04-2026 03:30,4683.29,4690.73,4681.68,4688.77,1721
28-04-2026 03:45,4688.79,4689.33,4686.44,4688.55,1524
28-04-2026 04:00,4688.54,4689.48,4686.36,4687.11,1417
28-04-2026 04:15,4687.12,4687.89,4686.01,4687.68,1246
28-04-2026 04:30,4687.65,4689.73,4686.99,4689.59,1376
28-04-2026 04:45,4689.58,4691.4,4689.22,4690.33,1501
28-04-2026 05:00,4690.32,4694.07,4690.19,4694.05,1704
28-04-2026 05:15,4694.02,4694.72,4691.62,4691.62,1720
28-04-2026 05:30,4691.79,4701.09,4691.62,4697.78,2958
28-04-2026 05:45,4697.71,4699.29,4692.1,4694.78,2895
28-04-2026 06:00,4694.86,4695.04,4691.63,4693.46,2463
28-04-2026 06:15,4693.48,4694.51,4690.35,4690.42,2388
28-04-2026 06:30,4690.25,4690.85,4684.32,4687.87,3478
28-04-2026 06:45,4687.85,4690.53,4685.55,4687.42,3023
28-04-2026 07:00,4687.41,4691.26,4683.79,4687.09,3147
28-04-2026 07:15,4687.12,4687.53,4669.36,4670.59,3552
28-04-2026 07:30,4670.57,4677.4,4665.9,4676.75,3407
28-04-2026 07:45,4676.76,4679.44,4674.44,4675.42,2485
28-04-2026 08:00,4675.47,4675.52,4670.44,4670.86,3239
28-04-2026 08:15,4670.8,4671.17,4666.39,4668.98,3245
28-04-2026 08:30,4668.98,4674.21,4668.35,4672.88,3012
28-04-2026 08:45,4672.86,4675.69,4671.3,4674.78,2693
28-04-2026 09:00,4674.79,4675.28,4671.63,4671.86,2184
28-04-2026 09:15,4671.76,4672.51,4669.13,4670.77,1944
28-04-2026 09:30,4670.72,4671.12,4666.67,4669.62,2076
28-04-2026 09:45,4669.61,4669.61,4666.29,4667.31,1867
28-04-2026 10:00,4667.3,4669.79,4666.7,4669.7,1835
28-04-2026 10:15,4669.64,4669.78,4667.17,4667.5,1700
28-04-2026 10:30,4667.53,4667.87,4648.2,4652.11,3164
28-04-2026 10:45,4652.12,4659.23,4650.9,4658.34,2602
28-04-2026 11:00,4658.02,4658.2,4623.95,4624.41,4086
28-04-2026 11:15,4624.4,4633.93,4623.38,4631.92,3908
28-04-2026 11:30,4631.87,4642.65,4625.59,4640.34,3729
28-04-2026 11:45,4640.35,4640.89,4623.1,4631.21,3508
28-04-2026 12:00,4631.16,4634.38,4625.11,4629.4,3374
28-04-2026 12:15,4629.41,4631.42,4622.97,4628.85,3442
28-04-2026 12:30,4628.7,4639.11,4627.13,4633.93,3521
28-04-2026 12:45,4633.9,4634.58,4626.99,4629.37,3353
28-04-2026 13:00,4629.33,4635.02,4625.87,4629.08,3355
28-04-2026 13:15,4629.02,4633.33,4620.1,4633.1,3407
28-04-2026 13:30,4633.34,4633.34,4614.45,4619.94,3854
28-04-2026 13:45,4619.95,4626.74,4618.89,4626.74,3545
28-04-2026 14:00,4626.56,4635.16,4626.31,4627.88,3366
28-04-2026 14:15,4627.83,4630.2,4624.87,4629.4,3009
28-04-2026 14:30,4629.34,4629.74,4621.3,4625.32,3259
28-04-2026 14:45,4625.26,4625.52,4612.98,4618.19,3392
28-04-2026 15:00,4617.99,4618.97,4607.82,4613.2,3533
28-04-2026 15:15,4613.44,4614.93,4604.31,4604.58,3368
28-04-2026 15:30,4604.28,4613.33,4604.28,4612.4,3328
28-04-2026 15:45,4612.38,4616.2,4610.57,4611.25,3127
28-04-2026 16:00,4611.19,4615.61,4610.65,4612.9,2842
28-04-2026 16:15,4612.88,4615.18,4602.84,4602.9,3175
28-04-2026 16:30,4602.78,4608.45,4597.5,4598.24,3627
28-04-2026 16:45,4598.04,4603.94,4593.8,4599.13,3519
28-04-2026 17:00,4599,4599.54,4567.52,4571.25,3968
28-04-2026 17:15,4571.22,4573.23,4554.93,4562.26,4035
28-04-2026 17:30,4562.42,4581.33,4554.54,4581.23,4047
28-04-2026 17:45,4581.17,4597.72,4573.64,4579.91,3982
28-04-2026 18:00,4579.9,4588.52,4570.41,4586.75,3906
28-04-2026 18:15,4586.74,4600.03,4584.19,4593.69,3923
28-04-2026 18:30,4593.64,4594.56,4571.12,4576.08,4136
28-04-2026 18:45,4576,4584.32,4572.1,4581.72,3979
28-04-2026 19:00,4581.36,4591.5,4570.79,4581.71,4265
28-04-2026 19:15,4581.69,4592.39,4574.65,4579.83,4172
28-04-2026 19:30,4579.84,4580.32,4564.54,4568.02,4218
28-04-2026 19:45,4568,4577.66,4564.41,4571.4,4207
28-04-2026 20:00,4571.42,4577.92,4557.22,4563.89,4181
28-04-2026 20:15,4563.89,4574.62,4557.27,4574.34,4239
28-04-2026 20:30,4574.3,4581.76,4570.33,4572.54,4165
28-04-2026 20:45,4572.59,4577.21,4566.91,4576.82,4071
28-04-2026 21:00,4576.81,4581.26,4570.99,4577.7,3959
28-04-2026 21:15,4577.68,4586.37,4576.53,4586.34,3913
28-04-2026 21:30,4586.48,4586.76,4582.22,4585.11,3702
28-04-2026 21:45,4585.32,4585.62,4577.71,4582.7,3495
28-04-2026 22:00,4582.82,4586.75,4580.56,4584.84,3445
28-04-2026 22:15,4584.85,4594.95,4583.74,4592.17,3563
28-04-2026 22:30,4592.18,4594.78,4588.47,4593.53,3440
28-04-2026 22:45,4593.53,4597.12,4587.13,4593.41,3462
28-04-2026 23:00,4593.46,4601.39,4593.46,4598.91,3141
28-04-2026 23:15,4598.92,4600.37,4593.96,4594.56,3089
28-04-2026 23:30,4594.63,4598.38,4591.99,4595.95,3172
28-04-2026 23:45,4595.97,4600.37,4595.88,4598.84,3385
29-04-2026 00:00,4598.81,4599.38,4593.49,4597.68,2999
29-04-2026 00:15,4597.69,4598.75,4592.94,4594.17,2725
29-04-2026 00:30,4594.26,4598.55,4593.78,4595.52,2644
29-04-2026 00:45,4595.63,4597.06,4593.63,4596.12,2938
29-04-2026 01:00,4596.14,4599.77,4594.51,4598.35,2887
29-04-2026 01:15,4598.34,4599.19,4593.18,4595.56,3165
29-04-2026 01:30,4595.52,4598.6,4594.72,4597.18,2061
29-04-2026 01:45,4597.2,4597.99,4591.01,4592.71,1651
29-04-2026 02:00,4592.75,4595.1,4592.12,4593.11,1277
29-04-2026 02:15,4593.11,4596.79,4592.27,4596.43,1078
29-04-2026 03:30,4598.09,4598.83,4593.57,4596.02,1383
29-04-2026 03:45,4596.01,4596.75,4594.69,4595.27,1003
29-04-2026 04:00,4595.32,4596.99,4592.75,4593.37,963
29-04-2026 04:15,4593.36,4595.01,4592.15,4593.83,1100
29-04-2026 04:30,4593.9,4594.22,4589.03,4590.68,1507
29-04-2026 04:45,4590.67,4592.53,4590.04,4591.95,1178
29-04-2026 05:00,4591.96,4593.18,4587.7,4589.64,1570
29-04-2026 05:15,4589.63,4595.87,4588.6,4595.4,1895
29-04-2026 05:30,4595.41,4609.71,4594.71,4606.86,3443
29-04-2026 05:45,4606.89,4607.63,4598.37,4599.8,2936
29-04-2026 06:00,4599.79,4604.52,4599.01,4603.38,2337
29-04-2026 06:15,4603.42,4603.76,4595.96,4599.88,2661
29-04-2026 06:30,4599.93,4600.14,4575.72,4582.06,4075
29-04-2026 06:45,4581.84,4585.95,4578.7,4580.18,3648
29-04-2026 07:00,4580.19,4591.2,4578.83,4589.99,3778
29-04-2026 07:15,4590.14,4591.25,4580.11,4584.52,3657
29-04-2026 07:30,4584.53,4602.31,4584.53,4600.87,3597
29-04-2026 07:45,4601.02,4604.15,4598.2,4599.13,2828
29-04-2026 08:00,4599.17,4601.83,4595.52,4596.71,3262
29-04-2026 08:15,4596.74,4601.11,4592.12,4593.46,3334
29-04-2026 08:30,4593.53,4602.9,4592.74,4601.74,3287
29-04-2026 08:45,4601.81,4603.24,4597.19,4598.74,2818
29-04-2026 09:00,4598.8,4598.84,4592.45,4593.72,2061
29-04-2026 09:15,4593.75,4596.37,4592.09,4595.37,2048
29-04-2026 09:30,4595.42,4603.26,4595.16,4600.71,1945
29-04-2026 09:45,4600.7,4601.83,4597.2,4601.62,1934
29-04-2026 10:00,4601.65,4605.49,4601.62,4602.03,2318
29-04-2026 10:15,4602.04,4605.46,4602.04,4604.64,1925
29-04-2026 10:30,4604.62,4607.58,4600.28,4600.69,2403
29-04-2026 10:45,4600.69,4602.49,4598.51,4600.59,2071
29-04-2026 11:00,4600.52,4601.45,4594.06,4598.91,3023
29-04-2026 11:15,4598.93,4603.14,4590.72,4590.99,3212
29-04-2026 11:30,4590.96,4598.54,4586.75,4588.22,3455
29-04-2026 11:45,4588.28,4589.13,4581.28,4584.86,3229
29-04-2026 12:00,4584.81,4587.4,4580.86,4584.76,3002
29-04-2026 12:15,4584.78,4586.7,4581.06,4584.37,2961
29-04-2026 12:30,4584.45,4588.77,4576.57,4578.5,3486
29-04-2026 12:45,4578.51,4581.02,4569.35,4575.04,3358
29-04-2026 13:00,4574.98,4578.6,4569.12,4570.26,3478
29-04-2026 13:15,4570.27,4572.26,4567.15,4567.68,3260
29-04-2026 13:30,4567.69,4573.18,4564.34,4565.07,3715
29-04-2026 13:45,4565.05,4571.26,4565.05,4566.43,3331
29-04-2026 14:00,4566.03,4568.71,4557.14,4567.99,3527
29-04-2026 14:15,4567.99,4576.59,4567.94,4573.07,3148
29-04-2026 14:30,4573.1,4575.48,4570.16,4574.06,3054
29-04-2026 14:45,4573.69,4580.72,4565.62,4565.62,3107
29-04-2026 15:00,4565.3,4569.48,4558.65,4558.87,3435
29-04-2026 15:15,4558.9,4561.87,4551.31,4555.56,3457
29-04-2026 15:30,4555.48,4568.08,4555.01,4567.83,3100
29-04-2026 15:45,4567.82,4573.13,4567.82,4571.61,3041
29-04-2026 16:00,4571.64,4576.46,4565.89,4566.2,2960
29-04-2026 16:15,4566.25,4570.54,4563.87,4569.73,2799
29-04-2026 16:30,4569.67,4571.83,4565.26,4567.94,3161
29-04-2026 16:45,4568.11,4570.17,4564.07,4564.58,2947
29-04-2026 17:00,4564.4,4571.73,4563.57,4566.78,3123
29-04-2026 17:15,4566.74,4566.74,4559.15,4561.41,3072
29-04-2026 17:30,4561.38,4568.12,4560.5,4564.43,3028
29-04-2026 17:45,4564.45,4568.97,4559.33,4559.36,3206
29-04-2026 18:00,4559.3,4559.64,4550.95,4557.58,3633
29-04-2026 18:15,4557.54,4559.79,4541.28,4544.77,3706
29-04-2026 18:30,4544.83,4553.21,4544.83,4549.8,3829
29-04-2026 18:45,4549.79,4551.55,4534.59,4537.8,3871
29-04-2026 19:00,4537.67,4539.47,4513.1,4514.83,4218
29-04-2026 19:15,4514.1,4529.9,4509.56,4521.69,4173
29-04-2026 19:30,4521.7,4528.15,4517.72,4526.05,4202
29-04-2026 19:45,4526.05,4537.23,4524.2,4532.64,4140
29-04-2026 20:00,4532.67,4542.19,4530.38,4538.32,3979
29-04-2026 20:15,4538.36,4540.32,4531.9,4539.08,3865
29-04-2026 20:30,4539.06,4546.75,4536.2,4537.77,3975
29-04-2026 20:45,4537.79,4546.37,4536.06,4543.46,3888
29-04-2026 21:00,4543.39,4556.1,4540.3,4553.03,3953
29-04-2026 21:15,4553,4558.7,4542.13,4547.16,4106
29-04-2026 21:30,4547.23,4564.46,4546.61,4558.61,3948
29-04-2026 21:45,4558.59,4564.06,4556.87,4560.07,3581
29-04-2026 22:00,4560.03,4560.03,4545.32,4549.76,3821
29-04-2026 22:15,4549.73,4550.97,4543.07,4545.17,3343
29-04-2026 22:30,4545.21,4551.94,4542.51,4550.38,3501
29-04-2026 22:45,4550.36,4554.11,4545.54,4547.02,3651
29-04-2026 23:00,4546.99,4548.34,4542.64,4544.58,3439
29-04-2026 23:15,4544.7,4546.85,4541.02,4546.69,3265
29-04-2026 23:30,4544.12,4552.43,4524.72,4525.05,4177
29-04-2026 23:45,4524.99,4539.07,4524.47,4532.39,3998
30-04-2026 00:00,4532.85,4540.07,4519.89,4519.89,4192
30-04-2026 00:15,4519.85,4540.63,4517.63,4537.43,4138
30-04-2026 00:30,4537.42,4548.45,4532.75,4547.36,3947
30-04-2026 00:45,4547.14,4550.26,4540.91,4542.48,3841
30-04-2026 01:00,4541.85,4544.67,4537.26,4539.24,3784
30-04-2026 01:15,4539.23,4549.66,4539.16,4546.82,3694
30-04-2026 01:30,4546.74,4553.42,4542.47,4546.02,3732
30-04-2026 01:45,4546.34,4548.01,4541.38,4543.16,3416
30-04-2026 02:00,4543.01,4546.52,4542.42,4543.83,2690
30-04-2026 02:15,4543.78,4544.22,4540.98,4543.09,2281
30-04-2026 03:30,4542.18,4548.31,4538.53,4545.86,1608
30-04-2026 03:45,4545.91,4550.37,4545.91,4548.63,2422
30-04-2026 04:00,4548.61,4551.99,4547.15,4548.2,2156
30-04-2026 04:15,4548.17,4552.35,4547.58,4551.87,2339
30-04-2026 04:30,4551.88,4553.99,4550.36,4553.24,2228
30-04-2026 04:45,4553.19,4555.05,4549.6,4551.62,2232
30-04-2026 05:00,4551.6,4554.86,4551.32,4554.41,1871
30-04-2026 05:15,4554.43,4561.94,4553.92,4561.61,2552
30-04-2026 05:30,4561.62,4568.39,4557.63,4557.84,3670
30-04-2026 05:45,4557.88,4564.48,4556.28,4563.46,3318
30-04-2026 06:00,4563.45,4566.86,4562.23,4566.84,3003
30-04-2026 06:15,4566.82,4573.97,4566.49,4569.73,3077
30-04-2026 06:30,4569.71,4571.06,4564.51,4568.33,3507
30-04-2026 06:45,4568.36,4580.93,4565.74,4579.67,3519
30-04-2026 07:00,4579.9,4581.29,4570.8,4576.21,3745
30-04-2026 07:15,4576.25,4582.31,4573.96,4579.17,3334
30-04-2026 07:30,4579.03,4581.79,4574.69,4579.63,3158
30-04-2026 07:45,4579.64,4580.62,4571.88,4573.07,2629
30-04-2026 08:00,4572.38,4573.58,4560.02,4562.18,3842
30-04-2026 08:15,4561.95,4565.13,4559.74,4564.79,3218
30-04-2026 08:30,4564.52,4568.95,4562.42,4564.82,3225
30-04-2026 08:45,4565,4566.7,4562.68,4563.14,2948
30-04-2026 09:00,4563.38,4563.76,4557.42,4561.34,2835
30-04-2026 09:15,4561.31,4561.42,4555.58,4555.87,2523
30-04-2026 09:30,4555.91,4556.45,4550.85,4555.25,3069
30-04-2026 09:45,4555.28,4556.87,4545.72,4547.05,3134
30-04-2026 10:00,4547.03,4547.61,4540.81,4544.65,3150
30-04-2026 10:15,4544.64,4549.36,4541.9,4541.99,2849
30-04-2026 10:30,4541.83,4553.39,4541.83,4553.1,3359
30-04-2026 10:45,4553.13,4558.79,4551.71,4555.54,2717
30-04-2026 11:00,4555.52,4566.61,4553.68,4563.7,3549
30-04-2026 11:15,4563.8,4569.58,4562.15,4562.53,3112
30-04-2026 11:30,4562.54,4567.58,4560.17,4566.04,3745
30-04-2026 11:45,4566.13,4570.93,4563.53,4569.39,3159
30-04-2026 12:00,4569.4,4578.3,4569.4,4574.98,3562
30-04-2026 12:15,4575.07,4591.37,4574.64,4589.4,3412
30-04-2026 12:30,4589.41,4595.4,4586.07,4591.58,3680
30-04-2026 12:45,4591.42,4593.53,4584.85,4591.35,3406
30-04-2026 13:00,4591.18,4597.96,4587.89,4596.57,3064
30-04-2026 13:15,4596.55,4605.46,4593.36,4598.32,3118
30-04-2026 13:30,4598.32,4629.38,4597.22,4618.65,3921
30-04-2026 13:45,4618.68,4620.44,4611.96,4617.46,3538
30-04-2026 14:00,4617.4,4620.57,4613.61,4614.88,3316
30-04-2026 14:15,4614.93,4619.28,4614.09,4616.24,2899
30-04-2026 14:30,4616.27,4619.99,4614.16,4618.74,3189
30-04-2026 14:45,4618.66,4626.6,4615.28,4625.45,3421
30-04-2026 15:00,4625.42,4631.48,4618.37,4619.13,3753
30-04-2026 15:15,4619.39,4627.05,4618.04,4625.07,3094
30-04-2026 15:30,4625.08,4629.08,4623.65,4626.66,3151
30-04-2026 15:45,4626.65,4643.93,4626.04,4643.49,3253
30-04-2026 16:00,4643.71,4646.7,4634.12,4636.59,3908
30-04-2026 16:15,4636.62,4639.77,4633.84,4638.57,3529
30-04-2026 16:30,4639.66,4645.57,4635.86,4635.86,3727
30-04-2026 16:45,4635.94,4643.23,4630.06,4637.25,3734
30-04-2026 17:00,4637.25,4637.52,4626.52,4629.38,3883
30-04-2026 17:15,4629.38,4635.07,4627.71,4629.81,3437
30-04-2026 17:30,4629.84,4637.17,4629.2,4635.55,3284
30-04-2026 17:45,4635.89,4637.03,4628.08,4629.25,3385
30-04-2026 18:00,4629.49,4635.67,4624.91,4625.23,3534
30-04-2026 18:15,4625.22,4639.79,4623.97,4639.29,3449
30-04-2026 18:30,4639.7,4643.76,4634.3,4640.76,3728
30-04-2026 18:45,4640.9,4645.84,4632.72,4633.26,3670
30-04-2026 19:00,4632.84,4634.31,4619.88,4625.18,4100
30-04-2026 19:15,4625.03,4625.03,4610.23,4610.57,4158
30-04-2026 19:30,4610.34,4625.4,4608.85,4620.15,4211
30-04-2026 19:45,4620.16,4625.73,4615.95,4622.81,4196
30-04-2026 20:00,4622.86,4622.86,4610.63,4617.64,4160
30-04-2026 20:15,4617.64,4623.67,4617.07,4619.53,4112
30-04-2026 20:30,4619.65,4623.93,4614.79,4619.79,4108
30-04-2026 20:45,4619.82,4624.38,4615.53,4622.78,3932
30-04-2026 21:00,4622.82,4625.27,4613.18,4615.38,3722
30-04-2026 21:15,4615.3,4617.06,4611.2,4615.13,3415
30-04-2026 21:30,4615.12,4617.23,4609.88,4611.51,3439
30-04-2026 21:45,4611.47,4611.68,4605.26,4607.7,3368
30-04-2026 22:00,4607.74,4613.41,4606.46,4608.88,2675
30-04-2026 22:15,4608.83,4617.57,4605.19,4607.36,2907
30-04-2026 22:30,4607.37,4619.74,4607.37,4615.69,3334
30-04-2026 22:45,4615.67,4620.6,4612.73,4617.66,3113
30-04-2026 23:00,4617.29,4621.38,4614.74,4617.71,3366
30-04-2026 23:15,4617.67,4619.69,4615.15,4616.7,2870
30-04-2026 23:30,4616.95,4624.42,4616.59,4620.5,3298
30-04-2026 23:45,4620.53,4625.02,4619.78,4620.61,3041
01-05-2026 00:00,4620.74,4622.79,4619.01,4620.49,2698
01-05-2026 00:15,4620.48,4624.93,4619.92,4622.31,2854
01-05-2026 00:30,4622.3,4627.47,4622,4623.91,3039
01-05-2026 00:45,4624,4625.21,4616.93,4617.57,3109
01-05-2026 01:00,4617.68,4622.83,4615.09,4622.45,3045
01-05-2026 01:15,4622.4,4623.09,4614.44,4616.57,3432
01-05-2026 01:30,4616.73,4620.07,4615.61,4615.89,2712
01-05-2026 01:45,4615.86,4619.05,4615.51,4616.38,1778
01-05-2026 02:00,4615.47,4618.36,4615.16,4617.07,1856
01-05-2026 02:15,4617.11,4621.39,4616.28,4621.15,1512
01-05-2026 03:30,4627.53,4632.19,4624.76,4630.81,1489
01-05-2026 03:45,4630.8,4631.03,4628.21,4630.7,1789
01-05-2026 04:00,4630.76,4631.96,4626.61,4631.96,2004
01-05-2026 04:15,4632.02,4632.02,4628.11,4630.06,1977
01-05-2026 04:30,4630.05,4631.38,4627.9,4629.81,1897
01-05-2026 04:45,4629.8,4631.88,4628.74,4630.46,1656
01-05-2026 05:00,4630.47,4633.78,4630.36,4631.03,1834
01-05-2026 05:15,4630.71,4632.96,4626.12,4626.21,2382
01-05-2026 05:30,4626.22,4630.91,4620.66,4622.25,3146
01-05-2026 05:45,4622.24,4628.3,4620.84,4623.63,2756
01-05-2026 06:00,4623.69,4624.8,4618.3,4620.49,2907
01-05-2026 06:15,4620.55,4624.87,4619.4,4619.52,2979
01-05-2026 06:30,4619.23,4620.66,4615.4,4618.27,2744
01-05-2026 06:45,4618.19,4618.83,4613.73,4616.12,2147
01-05-2026 07:00,4616.04,4621.75,4615.95,4619.95,2437
01-05-2026 07:15,4619.85,4622.09,4618.58,4620.79,2392
01-05-2026 07:30,4620.54,4634.51,4619.64,4630.82,2518
01-05-2026 07:45,4630.83,4635.92,4628.37,4629.36,2302
01-05-2026 08:00,4629.35,4631.01,4623.76,4624.16,1986
01-05-2026 08:15,4624.16,4624.31,4616.44,4619,2455
01-05-2026 08:30,4618.87,4621.22,4617.6,4620.54,2071
01-05-2026 08:45,4620.53,4626.59,4620.49,4626.22,1753
01-05-2026 09:00,4626.21,4631.81,4625.3,4626.11,2517
01-05-2026 09:15,4626.1,4627.9,4625.45,4626.58,1938
01-05-2026 09:30,4626.57,4628.75,4619.89,4621.65,2434
01-05-2026 09:45,4621.67,4623.23,4617.15,4617.54,2045
01-05-2026 10:00,4617.58,4618.11,4612,4613.29,2411
01-05-2026 10:15,4613.3,4614.38,4609.05,4609.05,1981
01-05-2026 10:30,4609.07,4614.64,4607.43,4614.16,2505
01-05-2026 10:45,4614.19,4616.1,4611.51,4614.56,2020
01-05-2026 11:00,4614.57,4615.27,4609.34,4609.74,2267
01-05-2026 11:15,4609.66,4613.39,4602.65,4604.8,2406
01-05-2026 11:30,4604.8,4607.71,4601.13,4601.38,2833
01-05-2026 11:45,4601.46,4601.91,4593.26,4593.3,2598
01-05-2026 12:00,4593.47,4597.48,4590.75,4593.39,2673
01-05-2026 12:15,4593.41,4595.95,4591.09,4594.77,3259
01-05-2026 12:30,4594.34,4596.32,4589.57,4595.91,3317
01-05-2026 12:45,4595.92,4597.93,4584.9,4592.23,3089
01-05-2026 13:00,4592.46,4592.46,4583.68,4585.29,3052
01-05-2026 13:15,4585.28,4585.88,4575.76,4578.06,3049
01-05-2026 13:30,4578.02,4582.4,4573.58,4573.8,3162
01-05-2026 13:45,4573.82,4576.77,4566.36,4567.1,3119
01-05-2026 14:00,4567.11,4572.03,4565.97,4570.91,2653
01-05-2026 14:15,4570.79,4572.48,4564.99,4568.54,2381
01-05-2026 14:30,4568.84,4569.01,4564.13,4565.6,2489
01-05-2026 14:45,4565.53,4571.09,4564.42,4569.21,2476
01-05-2026 15:00,4569.2,4572.84,4567.42,4570.15,2241
01-05-2026 15:15,4570.15,4570.56,4559.9,4562.59,2662
01-05-2026 15:30,4562.51,4567.88,4561.27,4566.5,2138
01-05-2026 15:45,4566.54,4572.53,4566.54,4571.98,2025
01-05-2026 16:00,4571.99,4575.88,4567.32,4570.25,2301
01-05-2026 16:15,4570.24,4571.98,4565.95,4566.71,2268
01-05-2026 16:30,4566.74,4568.71,4562.43,4565.72,2584
01-05-2026 16:45,4565.51,4576.3,4564.45,4571.69,2822
01-05-2026 17:00,4571.34,4577.6,4570.32,4575.51,2673
01-05-2026 17:15,4575.53,4579.46,4572.69,4578.55,2555
01-05-2026 17:30,4578.31,4590.08,4574.76,4584.6,3004
01-05-2026 17:45,4584.57,4607.61,4582.62,4602.76,3868
01-05-2026 18:00,4602.93,4603.09,4588.86,4591.84,3500
01-05-2026 18:15,4591.79,4595.33,4589.54,4591.05,3136
01-05-2026 18:30,4591.07,4597.11,4589.63,4591.18,3163
01-05-2026 18:45,4591.22,4593.1,4586.52,4589.07,3220
01-05-2026 19:00,4589.06,4608.79,4586.38,4607.8,4110
01-05-2026 19:15,4607.71,4628.7,4598.66,4625.68,4111
01-05-2026 19:30,4625.78,4659.87,4625.78,4655.94,4201
01-05-2026 19:45,4656.07,4660,4643.74,4644.42,4150
01-05-2026 20:00,4644.62,4646.17,4630.45,4633.12,4165
01-05-2026 20:15,4633.01,4635.27,4627,4632.03,4002
01-05-2026 20:30,4631.96,4636.47,4619.05,4636.47,4028
01-05-2026 20:45,4636.16,4640.44,4634,4636.4,3683
01-05-2026 21:00,4636.41,4644.56,4635.37,4643.46,3616
01-05-2026 21:15,4643.47,4648.17,4633.1,4642.96,3620
01-05-2026 21:30,4642.53,4645.18,4638.03,4642.63,3509
01-05-2026 21:45,4642.62,4649.96,4637.67,4637.68,3565
01-05-2026 22:00,4637.69,4641.14,4633.7,4638.61,3690
01-05-2026 22:15,4638.64,4642.83,4636.6,4638.83,3137
01-05-2026 22:30,4638.74,4642.64,4637.5,4639.81,2737
01-05-2026 22:45,4639.92,4640.07,4630.85,4631.63,2848
01-05-2026 23:00,4631.62,4632.03,4626.75,4627.96,3054
01-05-2026 23:15,4627.92,4634.81,4627.17,4629.43,2991
01-05-2026 23:30,4629.36,4630.55,4615.43,4615.6,3322
01-05-2026 23:45,4615.66,4623.45,4613.69,4623.38,3260
02-05-2026 00:00,4623.08,4624.39,4616.05,4622.12,3371
02-05-2026 00:15,4622.17,4625.79,4619.89,4624.17,3039
02-05-2026 00:30,4625,4626.37,4620.37,4626.02,2795
02-05-2026 00:45,4626.02,4627.41,4623.8,4623.8,2530
02-05-2026 01:00,4623.85,4624.06,4610.85,4611.34,3029
02-05-2026 01:15,4611.33,4614.69,4608.32,4609.52,3319
02-05-2026 01:30,4610.29,4612.17,4606.51,4610.6,1938
02-05-2026 01:45,4610.78,4615.62,4609.19,4612.74,1700
02-05-2026 02:00,4612.76,4614.57,4609.66,4613.22,1707
02-05-2026 02:15,4613.23,4616.25,4611.68,4613.62,1641
04-05-2026 03:30,4631.5,4635.93,4615.27,4622.46,2259
04-05-2026 03:45,4622.43,4622.55,4611.91,4620.29,2216
04-05-2026 04:00,4620.29,4629.04,4619.51,4627.88,1809
04-05-2026 04:15,4627.87,4628.88,4618.08,4618.55,2087
04-05-2026 04:30,4618.54,4620.35,4610.8,4614.6,2237
04-05-2026 04:45,4614.9,4617.13,4612.73,4616.57,1716
04-05-2026 05:00,4616.59,4618.06,4612.38,4612.96,1948
04-05-2026 05:15,4612.95,4616.56,4611.04,4613.38,2539
04-05-2026 05:30,4613.36,4616.04,4603.99,4611.7,3357
04-05-2026 05:45,4611.66,4614.22,4601.42,4605.31,3233
04-05-2026 06:00,4605.31,4609.55,4604.59,4605.27,2716
04-05-2026 06:15,4605.28,4612.92,4604.29,4612.51,2605
04-05-2026 06:30,4612.44,4613.5,4595.45,4600.09,3331
04-05-2026 06:45,4600.14,4603.98,4593.61,4594.09,3076
04-05-2026 07:00,4594.03,4601.1,4592.17,4600.96,2783
04-05-2026 07:15,4600.94,4613.3,4600.47,4612.58,2330
04-05-2026 07:30,4612.47,4618.14,4603.04,4607.86,2939
04-05-2026 07:45,4607.85,4607.85,4591.02,4592.6,2903
04-05-2026 08:00,4592.62,4603.53,4590.63,4603.53,2678
04-05-2026 08:15,4603.47,4610.85,4600.87,4605.62,2707
04-05-2026 08:30,4605.62,4611.49,4604.22,4609.76,2534
04-05-2026 08:45,4609.76,4610.73,4607.98,4609.43,2173
04-05-2026 09:00,4608.89,4610.93,4598.27,4604.69,2543
04-05-2026 09:15,4604.73,4616.92,4604.73,4614.78,3325
04-05-2026 09:30,4614.79,4615.13,4607.56,4610.89,2600
04-05-2026 09:45,4610.9,4612.87,4606.84,4607.76,2218
04-05-2026 10:00,4607.75,4612.66,4606.9,4608.93,2247
04-05-2026 10:15,4608.94,4610.16,4604.93,4605.66,1966
04-05-2026 10:30,4605.7,4606.52,4601.68,4603.59,2462
04-05-2026 10:45,4603.6,4612.76,4595.42,4596.16,3303
04-05-2026 11:00,4596.21,4598.97,4591.92,4598.86,3135
04-05-2026 11:15,4598.86,4601.77,4594.16,4598.93,2638
04-05-2026 11:30,4598.81,4600.6,4587.65,4597.38,3288
04-05-2026 11:45,4597.37,4597.75,4588.94,4593.76,2860
04-05-2026 12:00,4593.98,4595.46,4584.3,4585.3,3114
04-05-2026 12:15,4585.28,4592.31,4583.69,4588.5,2858
04-05-2026 12:30,4588.24,4593.25,4585.46,4592.03,3098
04-05-2026 12:45,4591.86,4592.61,4583.16,4585.62,2958
04-05-2026 13:00,4585.64,4588.06,4582.6,4587.87,3107
04-05-2026 13:15,4587.88,4590.72,4577.8,4578.82,3109
04-05-2026 13:30,4578.76,4580.55,4573.67,4579.86,3392
04-05-2026 13:45,4579.87,4580.8,4574.14,4574.91,3157
04-05-2026 14:00,4574.88,4581.27,4573.7,4577.95,2914
04-05-2026 14:15,4577.98,4579.54,4575.69,4576.87,2786
04-05-2026 14:30,4576.74,4584.22,4576.07,4584.08,2822
04-05-2026 14:45,4583.96,4584.4,4580.28,4581.19,2446
04-05-2026 15:00,4581.24,4584.39,4580.33,4581.24,2099
04-05-2026 15:15,4581.26,4582.17,4572.03,4575.28,2413
04-05-2026 15:30,4575.26,4575.71,4537.2,4541.7,4114
04-05-2026 15:45,4541.8,4544.97,4525.76,4544.69,4088
04-05-2026 16:00,4544.7,4563.81,4542.85,4558.3,3855
04-05-2026 16:15,4558,4566.61,4558,4562.52,3334
04-05-2026 16:30,4563.23,4570.54,4561.23,4565.26,3468
04-05-2026 16:45,4565.25,4569.9,4561.69,4562.16,3011
04-05-2026 17:00,4562.05,4562.49,4551.33,4553.3,3431
04-05-2026 17:15,4553.32,4562.95,4552.98,4560.39,3283
04-05-2026 17:30,4560.38,4565.72,4559.12,4563.63,3292
04-05-2026 17:45,4563.68,4579.17,4563.23,4568.28,3652
04-05-2026 18:00,4568.31,4571.52,4561.21,4569.95,3369
04-05-2026 18:15,4570.03,4575.81,4566.39,4568.54,3208
04-05-2026 18:30,4568.18,4575.9,4557.18,4565.81,3853
04-05-2026 18:45,4565.76,4567.65,4560.94,4560.94,3345
04-05-2026 19:00,4561.03,4570.8,4555.42,4565.31,4075
04-05-2026 19:15,4565.19,4566.64,4557.37,4563.94,3907
04-05-2026 19:30,4563.83,4565.27,4553.53,4560.05,4044
04-05-2026 19:45,4560.06,4582.15,4559.47,4571.16,3982
04-05-2026 20:00,4571.36,4583.12,4570.41,4574.39,3756
04-05-2026 20:15,4574.43,4576.8,4559.82,4561.37,3833
04-05-2026 20:30,4561.38,4565.91,4547.88,4548.22,4023
04-05-2026 20:45,4547.65,4555.34,4514.26,4537.39,4270
04-05-2026 21:00,4537.64,4542.68,4527.35,4534.91,4176
04-05-2026 21:15,4534.74,4534.84,4512.26,4521.43,4104
04-05-2026 21:30,4521.4,4525.27,4500.78,4509.38,4211
04-05-2026 21:45,4509.41,4526.61,4508.46,4514.94,4089
04-05-2026 22:00,4514.73,4518.82,4511.4,4512.37,3699
04-05-2026 22:15,4512.26,4515.92,4507.37,4510.58,3817
04-05-2026 22:30,4510.65,4526.04,4510.65,4522.26,3796
04-05-2026 22:45,4522.29,4531.47,4521.58,4524.27,3763
04-05-2026 23:00,4524.19,4527.47,4521.85,4525.99,3228
04-05-2026 23:15,4525.91,4526.58,4521.45,4522.22,2961
04-05-2026 23:30,4522.27,4525.28,4518.55,4519.85,2982
04-05-2026 23:45,4519.92,4520.13,4509.71,4511.79,3228
05-05-2026 00:00,4511.73,4514.86,4510.45,4511.73,3114
05-05-2026 00:15,4511.88,4516.33,4510.71,4516.19,3102
05-05-2026 00:30,4515.87,4523.23,4511.22,4518.86,3370
05-05-2026 00:45,4518.82,4525.79,4517.46,4522.26,3394
05-05-2026 01:00,4522.32,4527.02,4520.39,4521.04,2999
05-05-2026 01:15,4521.03,4523.21,4515.28,4517.67,3193
05-05-2026 01:30,4517.69,4518.07,4511.62,4514.63,1910
05-05-2026 01:45,4514.57,4515.5,4511.8,4515.09,1286
05-05-2026 02:00,4515.1,4518.73,4514.5,4518.6,1469
05-05-2026 02:15,4518.56,4523.3,4518.55,4523.25,1127
05-05-2026 03:30,4522.67,4523.8,4517.28,4520.77,1015
05-05-2026 03:45,4520.74,4522.36,4518.93,4519.39,1013
05-05-2026 04:00,4519.41,4521.96,4518.69,4518.94,1229
05-05-2026 04:15,4518.93,4519.22,4515.43,4517.28,1235
05-05-2026 04:30,4517.27,4520.96,4516.12,4520.36,1247
05-05-2026 04:45,4520.34,4521.58,4519.29,4521.05,1128
05-05-2026 05:00,4520.92,4521.26,4518.26,4518.43,1092
05-05-2026 05:15,4518.44,4520.64,4517.01,4518.91,1613
05-05-2026 05:30,4519.63,4528.25,4517.59,4527.64,2885
05-05-2026 05:45,4527.65,4527.65,4513.33,4516.79,3054
05-05-2026 06:00,4516.77,4524.01,4515.77,4523.64,2502
05-05-2026 06:15,4523.8,4530.23,4523.8,4529.8,2575
05-05-2026 06:30,4529.7,4539.21,4525.14,4538.61,2983
05-05-2026 06:45,4538.51,4539.82,4534.99,4537.55,2631
05-05-2026 07:00,4537.74,4541.89,4533.91,4536.68,3002
05-05-2026 07:15,4536.67,4541,4536,4540.62,2526
05-05-2026 07:30,4540.65,4542.31,4537.27,4538.26,2421
05-05-2026 07:45,4538.35,4541.48,4534.4,4541.41,2172
05-05-2026 08:00,4541.49,4545.55,4539.87,4544.13,2253
05-05-2026 08:15,4544.14,4546.46,4538.56,4538.77,2377
05-05-2026 08:30,4538.72,4542,4537.3,4541.93,1943
05-05-2026 08:45,4542.26,4542.53,4537.15,4537.83,1729
05-05-2026 09:00,4537.66,4539.09,4535.42,4535.97,1753
05-05-2026 09:15,4535.99,4536.99,4532.31,4534.44,1830
05-05-2026 09:30,4534.38,4535.6,4532.49,4532.8,1737
05-05-2026 09:45,4532.82,4533.81,4529.26,4529.37,1896
05-05-2026 10:00,4529.36,4533.41,4527.96,4531.57,1985
05-05-2026 10:15,4531.59,4536.49,4531.22,4533.58,2072
05-05-2026 10:30,4533.49,4545.34,4531.32,4540.25,2809
05-05-2026 10:45,4540.22,4540.38,4535.67,4539.89,2287
05-05-2026 11:00,4539.91,4551.62,4539.72,4545.97,3115
05-05-2026 11:15,4545.98,4548.82,4543.48,4545.52,2482
05-05-2026 11:30,4545.68,4551.82,4541.56,4543.49,2947
05-05-2026 11:45,4543.51,4544.7,4533.76,4536.8,2751
05-05-2026 12:00,4536.68,4549.36,4536.2,4546.15,2957
05-05-2026 12:15,4546.21,4550.83,4545.37,4547.93,2748
05-05-2026 12:30,4547.97,4555.01,4547.43,4553.96,3096
05-05-2026 12:45,4553.9,4555.48,4548.38,4548.77,2781
05-05-2026 13:00,4548.93,4558.11,4548.82,4551.09,3212
05-05-2026 13:15,4551.11,4551.72,4543.04,4545.28,3040
05-05-2026 13:30,4545.3,4553.05,4545.16,4550.99,3138
05-05-2026 13:45,4550.97,4554.51,4548.9,4551.14,3155
05-05-2026 14:00,4551.12,4553.01,4547.78,4549.69,2917
05-05-2026 14:15,4549.8,4559.61,4548.16,4558.42,2993
05-05-2026 14:30,4558.43,4560.37,4553.62,4557.7,3001
05-05-2026 14:45,4557.66,4557.87,4552.14,4552.18,2641
05-05-2026 15:00,4552.19,4558.3,4551.07,4555.44,2751
05-05-2026 15:15,4555.43,4557.25,4552.72,4556.19,2507
05-05-2026 15:30,4556.2,4556.82,4550.65,4553.09,2673
05-05-2026 15:45,4553.08,4555.1,4546.85,4547.83,2550
05-05-2026 16:00,4547.85,4554.24,4544.27,4545.09,2992
05-05-2026 16:15,4545,4545.72,4540.14,4543.66,2620
05-05-2026 16:30,4543.43,4553.02,4539.49,4552.54,3136
05-05-2026 16:45,4552.62,4557.68,4549.76,4556.01,3088
05-05-2026 17:00,4556.07,4564.67,4555,4563.31,3065
05-05-2026 17:15,4563.34,4564.78,4559.1,4562.69,2829
05-05-2026 17:30,4562.71,4566.65,4554.22,4564.89,3668
05-05-2026 17:45,4564.9,4574.18,4561.09,4573.71,3486
05-05-2026 18:00,4573.72,4574.57,4566.63,4567.05,3095
05-05-2026 18:15,4567.12,4568.5,4561.69,4564.44,3104
05-05-2026 18:30,4564.43,4580.95,4564.2,4578.6,3536
05-05-2026 18:45,4578.65,4584.9,4576.13,4576.81,3378
05-05-2026 19:00,4576.86,4581.65,4571.56,4573.85,3870
05-05-2026 19:15,4573.79,4583,4572.77,4578.99,3580
05-05-2026 19:30,4579.61,4584.18,4570.83,4573.55,3835
05-05-2026 19:45,4573.62,4586.67,4565.84,4584.26,3986
05-05-2026 20:00,4584.03,4585.65,4577.49,4582.88,3677
05-05-2026 20:15,4582.92,4582.98,4575.43,4582.23,3641
05-05-2026 20:30,4582.28,4583.82,4577.72,4580.76,3511
05-05-2026 20:45,4580.79,4581.46,4575.21,4578.83,3426
05-05-2026 21:00,4579.11,4580.97,4572.59,4572.89,3367
05-05-2026 21:15,4572.89,4575.74,4568.28,4568.43,3194
05-05-2026 21:30,4568.41,4568.95,4562.26,4566.16,3084
05-05-2026 21:45,4566.15,4566.22,4555.99,4559.63,3032
05-05-2026 22:00,4559.69,4559.94,4553.6,4556.55,3134
05-05-2026 22:15,4556.55,4562.82,4555.52,4561.1,2710
05-05-2026 22:30,4561.05,4562.51,4553.14,4556.07,2991
05-05-2026 22:45,4556.08,4561.36,4555.85,4558.55,2924
05-05-2026 23:00,4558.69,4562.66,4555.98,4560.34,2663
05-05-2026 23:15,4560.33,4562.14,4558.12,4559.73,2441
05-05-2026 23:30,4559.78,4564.8,4558.61,4564.29,2327
05-05-2026 23:45,4564.26,4565.45,4561.16,4562.04,2301
06-05-2026 00:00,4562.05,4562.49,4557.58,4561.51,2309
06-05-2026 00:15,4561.53,4565.66,4559.56,4560.98,2582
06-05-2026 00:30,4560.98,4561.48,4556.85,4557.13,2332
06-05-2026 00:45,4557.12,4558.75,4554.89,4556.13,2268
06-05-2026 01:00,4556.35,4558.07,4555.48,4555.53,1926
06-05-2026 01:15,4555.57,4558.75,4551.51,4554.68,2679
06-05-2026 01:30,4555.05,4557.11,4553.92,4556.79,1464
06-05-2026 01:45,4556.58,4559.75,4555.37,4559.14,1702
06-05-2026 02:00,4559.16,4559.93,4554.8,4555.48,1338
06-05-2026 02:15,4555.37,4557.18,4554.11,4557.03,1102
06-05-2026 03:30,4557.66,4557.7,4548.4,4549.99,1540
06-05-2026 03:45,4550.14,4550.49,4546.05,4546.27,1511
06-05-2026 04:00,4546.28,4550.74,4546.08,4548.53,1346
06-05-2026 04:15,4548.42,4577.23,4546.83,4573.01,2432
06-05-2026 04:30,4573.19,4590.88,4569.5,4588.77,3004
06-05-2026 04:45,4588.77,4589.56,4582.03,4582.1,2963
06-05-2026 05:00,4582.07,4588.72,4579.54,4584.93,2379
06-05-2026 05:15,4585.25,4595.68,4584.56,4593.94,2601
06-05-2026 05:30,4593.98,4598.3,4589.3,4591.64,3287
06-05-2026 05:45,4591.47,4604.18,4588.08,4602.22,3219
06-05-2026 06:00,4602.21,4611,4602.07,4610.38,2915
06-05-2026 06:15,4610.19,4619.83,4609.43,4618.76,2915
06-05-2026 06:30,4618.73,4622.63,4609.45,4611.47,3562
06-05-2026 06:45,4611.45,4625.69,4609.69,4624.91,3420
06-05-2026 07:00,4624.91,4626.09,4620.3,4623.76,3281
06-05-2026 07:15,4623.75,4628.57,4623.39,4625.96,3005
06-05-2026 07:30,4625.78,4634.24,4625.28,4633.23,2947
06-05-2026 07:45,4633.18,4636.01,4629.59,4629.9,2430
06-05-2026 08:00,4630.22,4634.93,4626.77,4634.62,2912
06-05-2026 08:15,4634.57,4641.74,4633.78,4640.61,2751
06-05-2026 08:30,4640.61,4649.98,4638.45,4647.77,2914
06-05-2026 08:45,4647.7,4651.16,4644.54,4645.65,2636
06-05-2026 09:00,4645.67,4651.94,4642.61,4647.8,2456
06-05-2026 09:15,4647.81,4648.49,4642.95,4643.58,1885
06-05-2026 09:30,4643.52,4647.75,4643.4,4647.72,1807
06-05-2026 09:45,4648.09,4653.6,4645.63,4652.73,1910
06-05-2026 10:00,4652.82,4652.82,4646.04,4647.79,3085
06-05-2026 10:15,4647.78,4652.58,4647.17,4648.91,2568
06-05-2026 10:30,4648.94,4656.37,4648.79,4654.88,2455
06-05-2026 10:45,4654.85,4655.26,4649.55,4650.3,2202
06-05-2026 11:00,4650.3,4651.84,4644.62,4649.91,2943
06-05-2026 11:15,4649.93,4663.82,4649.24,4662.81,2880
06-05-2026 11:30,4662.81,4665.75,4657.02,4660.35,3374
06-05-2026 11:45,4660.32,4666.65,4657.83,4666.08,3030
06-05-2026 12:00,4666.05,4668.62,4660.1,4664.16,3080
06-05-2026 12:15,4664.15,4669.6,4662.81,4669.23,2934
06-05-2026 12:30,4669.38,4670.54,4658.5,4658.55,2893
06-05-2026 12:45,4658.57,4669.96,4657.38,4667.41,3023
06-05-2026 13:00,4667.41,4670.41,4663.06,4670.41,2756
06-05-2026 13:15,4670.45,4681.6,4670.28,4681.39,3264
06-05-2026 13:30,4681.17,4682.61,4675.19,4679.53,3238
06-05-2026 13:45,4679.45,4680.73,4676.76,4676.93,2725
06-05-2026 14:00,4676.95,4678.64,4671.53,4677.41,2685
06-05-2026 14:15,4677.4,4702.38,4677.36,4700.04,3585
06-05-2026 14:30,4700.32,4708.44,4689.07,4695.43,3789
06-05-2026 14:45,4695.49,4705.04,4691.32,4700.07,3704
06-05-2026 15:00,4699.76,4706.04,4695.8,4695.93,3521
06-05-2026 15:15,4695.99,4702.93,4694.21,4701.7,3243
06-05-2026 15:30,4701.78,4705.44,4695.83,4698.1,3344
06-05-2026 15:45,4698.1,4704.56,4695.43,4704.34,3132
06-05-2026 16:00,4704.51,4715.92,4704.51,4714.02,3523
06-05-2026 16:15,4714.27,4722.63,4707.58,4717.99,3842
06-05-2026 16:30,4717.86,4721.03,4709.32,4711.93,3743
06-05-2026 16:45,4711.88,4713.49,4705.5,4705.54,3532
06-05-2026 17:00,4705.55,4715.29,4698.46,4699.49,3542
06-05-2026 17:15,4699.5,4702.56,4690.8,4692.09,3663
06-05-2026 17:30,4691.96,4692.98,4670.89,4672.64,3903
06-05-2026 17:45,4672.83,4688.63,4660.3,4683.3,3979
06-05-2026 18:00,4683.31,4685.18,4678.03,4682.59,3637
06-05-2026 18:15,4682.62,4684.47,4676.81,4683.26,3475
06-05-2026 18:30,4683.17,4692.52,4668.77,4683.49,4003
06-05-2026 18:45,4683.48,4691.04,4679.5,4685.1,3710
06-05-2026 19:00,4685.07,4699.11,4680.17,4695.27,4166
06-05-2026 19:15,4695.3,4707.44,4692.49,4702.07,4084
06-05-2026 19:30,4702.01,4712.34,4697.64,4710.91,4079
06-05-2026 19:45,4711.14,4717.54,4704.9,4705.73,3944
06-05-2026 20:00,4705.71,4714.3,4704.7,4713.24,3923
06-05-2026 20:15,4713.3,4713.9,4700.71,4703,3919
06-05-2026 20:30,4702.78,4705.74,4693.38,4696.69,3788
06-05-2026 20:45,4696.65,4703.17,4694.14,4695.35,3585
06-05-2026 21:00,4695.53,4697.76,4689.3,4692.49,3479
06-05-2026 21:15,4692.63,4694.8,4687.42,4687.42,3497
06-05-2026 21:30,4687.21,4688.5,4681.19,4683.59,3481
06-05-2026 21:45,4683.65,4688.51,4682.34,4688.09,3124
06-05-2026 22:00,4688.11,4692.04,4685.38,4688.64,2992
06-05-2026 22:15,4688.63,4689.91,4679.29,4682.99,3343
06-05-2026 22:30,4683,4687.95,4679.62,4685.47,3237
06-05-2026 22:45,4685.46,4686.11,4680.1,4682.94,3129
06-05-2026 23:00,4682.9,4683.39,4678.9,4680.61,2842
06-05-2026 23:15,4680.51,4684.53,4680.34,4684.01,2586
06-05-2026 23:30,4684.03,4687.77,4681.87,4686.73,2466
06-05-2026 23:45,4686.77,4690.4,4686.39,4687.7,2284
07-05-2026 00:00,4687.99,4690.25,4685.1,4686.12,2377
07-05-2026 00:15,4686.14,4688.05,4684.83,4685.97,2358
07-05-2026 00:30,4685.98,4695.63,4685.96,4695.07,2395
07-05-2026 00:45,4695.09,4700.05,4694.91,4698.34,2390
07-05-2026 01:00,4698.22,4699.24,4693.59,4695.24,2508
07-05-2026 01:15,4695.26,4698.23,4692.37,4692.37,2777
07-05-2026 01:30,4692.38,4699.54,4692.38,4698.89,2006
07-05-2026 01:45,4698.93,4699.37,4691.93,4692.65,1667
07-05-2026 02:00,4692.68,4693.09,4688.66,4688.66,1545
07-05-2026 02:15,4688.61,4691.44,4684.75,4690.53,1448
07-05-2026 03:30,4697.8,4697.8,4688.83,4696.81,1501
07-05-2026 03:45,4696.64,4699.5,4693,4695.17,1753
07-05-2026 04:00,4695.15,4699.54,4694.23,4698.66,1570
07-05-2026 04:15,4698.64,4698.66,4694.17,4694.67,1698
07-05-2026 04:30,4694.65,4698.48,4693.91,4694.31,1638
07-05-2026 04:45,4694.26,4697.72,4690.11,4693.24,1840
07-05-2026 05:00,4693.22,4694.43,4691.59,4693.54,1391
07-05-2026 05:15,4693.52,4699.53,4693.52,4698.85,2227
07-05-2026 05:30,4698.75,4700.82,4689.78,4699.83,3637
07-05-2026 05:45,4699.82,4701.06,4692.02,4692.02,3203
07-05-2026 06:00,4691.99,4692.94,4685.7,4688.15,3018
07-05-2026 06:15,4688.11,4691.44,4685.38,4688.51,2963
07-05-2026 06:30,4688.54,4710.78,4685.05,4709.38,3805
07-05-2026 06:45,4709.38,4716.23,4703.57,4704.09,3601
07-05-2026 07:00,4704.07,4717.83,4702.16,4712.95,3529
07-05-2026 07:15,4712.92,4721.1,4712.62,4714.69,3272
07-05-2026 07:30,4714.69,4718.42,4703.48,4704.08,3492
07-05-2026 07:45,4704.1,4707.74,4701.68,4702.7,2889
07-05-2026 08:00,4702.3,4705.3,4699.93,4704.07,3120
07-05-2026 08:15,4704.1,4709.67,4704.1,4707.12,2931
07-05-2026 08:30,4707.01,4709.92,4704.22,4705.78,2856
07-05-2026 08:45,4705.83,4708.65,4704.36,4704.37,2659
07-05-2026 09:00,4704.41,4704.88,4702.25,4703.81,2123
07-05-2026 09:15,4703.66,4704.8,4698.95,4699.13,1983
07-05-2026 09:30,4699.12,4700.82,4696.61,4696.65,2526
07-05-2026 09:45,4696.67,4698.2,4694.89,4696.82,2490
07-05-2026 10:00,4696.86,4699.03,4692.37,4697.94,2196
07-05-2026 10:15,4698.08,4698.83,4693.97,4696.31,2137
07-05-2026 10:30,4696.29,4701.03,4696.21,4700.31,2448
07-05-2026 10:45,4700.65,4700.65,4694.72,4695.7,2247
07-05-2026 11:00,4695.7,4705.84,4694.7,4703.67,2882
07-05-2026 11:15,4703.67,4706.49,4700.71,4701.04,2854
07-05-2026 11:30,4701.17,4710.16,4701,4707.88,3054
07-05-2026 11:45,4707.93,4717.69,4707.14,4717.32,3223
07-05-2026 12:00,4717.11,4750.18,4715.95,4745.93,3838
07-05-2026 12:15,4745.6,4747.06,4735.77,4739.04,3176
07-05-2026 12:30,4738.57,4750.26,4731.62,4749.12,3878
07-05-2026 12:45,4749.16,4750.65,4737.78,4739.39,3793
07-05-2026 13:00,4739.42,4743.9,4738.15,4742.91,3416
07-05-2026 13:15,4742.95,4744.35,4737.05,4743.07,3405
07-05-2026 13:30,4743.04,4753.4,4742.44,4742.54,3804
07-05-2026 13:45,4742.56,4742.94,4733.78,4740.14,3538
07-05-2026 14:00,4740.08,4741.76,4733.74,4735.14,3185
07-05-2026 14:15,4735.15,4737.15,4730.95,4731.1,3198
07-05-2026 14:30,4731.21,4736.19,4721.86,4733.98,3310
07-05-2026 14:45,4733.88,4738.63,4731.44,4735.52,3004
07-05-2026 15:00,4735.27,4739.37,4733.05,4737.63,3040
07-05-2026 15:15,4737.68,4738.92,4725.76,4728.98,3170
07-05-2026 15:30,4728.24,4734.84,4726.56,4734.69,3223
07-05-2026 15:45,4734.7,4736,4728.76,4732.38,2813
07-05-2026 16:00,4732.4,4739.59,4727.81,4739.01,2872
07-05-2026 16:15,4739,4739.64,4735.27,4735.58,2905
07-05-2026 16:30,4736.04,4737.07,4728.27,4730.12,2957
07-05-2026 16:45,4730.15,4736.41,4727.17,4732.65,3308
07-05-2026 17:00,4732.72,4738.02,4731.76,4736.74,3226
07-05-2026 17:15,4736.76,4743.51,4733.93,4742.7,3345
07-05-2026 17:30,4742.86,4746.16,4739.55,4744.09,3703
07-05-2026 17:45,4743.86,4746.97,4733.3,4737.8,3536
07-05-2026 18:00,4737.8,4751.71,4737.31,4751.11,3523
07-05-2026 18:15,4751.25,4752.69,4744.99,4749.82,3534
07-05-2026 18:30,4749.92,4749.92,4731.15,4733.28,3921
07-05-2026 18:45,4732.86,4746.45,4731.2,4745.14,3603
07-05-2026 19:00,4744.76,4758.37,4743.28,4748.37,4101
07-05-2026 19:15,4748.39,4749.41,4737.35,4746.21,4085
07-05-2026 19:30,4745.81,4754.05,4742.38,4751.84,3968
07-05-2026 19:45,4751.79,4759.57,4740.71,4756.61,3900
07-05-2026 20:00,4757,4758.81,4747.65,4751.82,3869
07-05-2026 20:15,4751.86,4763.27,4751.07,4762.65,3710
07-05-2026 20:30,4762.63,4764.7,4754.57,4754.6,3791
07-05-2026 20:45,4754.73,4756.26,4736.28,4739.68,3961
07-05-2026 21:00,4739.85,4746.72,4739.01,4739.04,3749
07-05-2026 21:15,4739.05,4739.8,4726.32,4729.14,4045
07-05-2026 21:30,4729.22,4729.68,4713.12,4715.33,4110
07-05-2026 21:45,4715.26,4722.86,4704.36,4720.05,4080
07-05-2026 22:00,4719.87,4720.71,4710.39,4711.12,3883
07-05-2026 22:15,4711.38,4718.01,4710.45,4714.88,3822
07-05-2026 22:30,4715.36,4719.53,4711.67,4714.48,3693
07-05-2026 22:45,4714.54,4719.11,4687.75,4698.99,4095
07-05-2026 23:00,4698.91,4705.96,4693.05,4699.54,4158
07-05-2026 23:15,4699.2,4712.14,4697.92,4711.45,3941
07-05-2026 23:30,4711.41,4712.47,4705.09,4708.03,3748
07-05-2026 23:45,4708.03,4712.97,4705.6,4712.85,3574
08-05-2026 00:00,4712.53,4715.89,4703.21,4706.15,3647
08-05-2026 00:15,4706.03,4711.4,4695.63,4709.7,4049
08-05-2026 00:30,4709.96,4712.89,4705.06,4710.06,3729
08-05-2026 00:45,4710.04,4710.76,4697.69,4705.12,3936
08-05-2026 01:00,4705.13,4712.05,4703.45,4709.75,3482
08-05-2026 01:15,4709.66,4710.77,4702.76,4702.84,3663
08-05-2026 01:30,4703,4719.09,4703,4711.45,3100
08-05-2026 01:45,4711.77,4714.26,4709.26,4712.93,2237
08-05-2026 02:00,4712.93,4715.7,4696.62,4703.85,2750
08-05-2026 02:15,4703.82,4703.82,4685.77,4686.72,2630
08-05-2026 03:30,4686.4,4697.43,4685.81,4690.89,1933
08-05-2026 03:45,4690.55,4698.88,4688.8,4693.27,2487
08-05-2026 04:00,4693.3,4694.6,4685.84,4686.85,2421
08-05-2026 04:15,4686.83,4688.27,4681.69,4685.68,2106
08-05-2026 04:30,4685.38,4693.58,4684.51,4691.53,1897
08-05-2026 04:45,4691.65,4698.43,4691.61,4696.51,1681
08-05-2026 05:00,4696.48,4699.08,4694.93,4697.7,1744
08-05-2026 05:15,4697.76,4705.45,4697.76,4704.16,2663
08-05-2026 05:30,4704.15,4709.55,4701.44,4702.66,3168
08-05-2026 05:45,4702.69,4705.5,4693.9,4697.16,3079
08-05-2026 06:00,4697.19,4708.03,4696.09,4705.03,2812
08-05-2026 06:15,4705.01,4705.72,4696.95,4701.29,2613
08-05-2026 06:30,4701.25,4719.21,4700.62,4714.02,3678
08-05-2026 06:45,4713.82,4718.34,4711.42,4712.5,3038
08-05-2026 07:00,4712.45,4715.22,4705.1,4710.79,3294
08-05-2026 07:15,4710.97,4725.36,4710.97,4722.85,3199
08-05-2026 07:30,4722.9,4732.72,4721.48,4724.09,3181
08-05-2026 07:45,4724.07,4724.38,4718.2,4721.42,2797
08-05-2026 08:00,4721.45,4723.53,4706.96,4710.25,3439
08-05-2026 08:15,4710.3,4717.5,4708.48,4713.18,3264
08-05-2026 08:30,4713.17,4720.12,4711.01,4719.95,2795
08-05-2026 08:45,4719.91,4722.71,4717.07,4720.24,2438
08-05-2026 09:00,4720.23,4731.01,4719.91,4724.98,2750
08-05-2026 09:15,4724.99,4725.3,4718.02,4719.54,2165
08-05-2026 09:30,4719.6,4723.21,4714.71,4714.84,2397
08-05-2026 09:45,4714.81,4718.23,4713.4,4717.32,2035
08-05-2026 10:00,4717.46,4718.37,4709.05,4711.97,2442
08-05-2026 10:15,4711.98,4716.45,4709.78,4710.94,2358
08-05-2026 10:30,4710.96,4716.19,4709.63,4712.15,2383
08-05-2026 10:45,4712.16,4720.07,4710.43,4719.33,2274
08-05-2026 11:00,4719.31,4727.13,4719.31,4724.53,3330
08-05-2026 11:15,4724.52,4731.28,4723.26,4727.52,3045
08-05-2026 11:30,4727.5,4730.3,4712.59,4722.9,3727
08-05-2026 11:45,4722.81,4734.58,4721.45,4733.6,3403
08-05-2026 12:00,4733.59,4734.27,4725.63,4729.1,3230
08-05-2026 12:15,4729.14,4729.57,4721.13,4725.65,3027
08-05-2026 12:30,4725.31,4726.43,4715.17,4715.17,3333
08-05-2026 12:45,4715.18,4718.25,4697.39,4706.89,3733
08-05-2026 13:00,4706.66,4711.79,4701.24,4708.12,3474
08-05-2026 13:15,4708.13,4713.52,4706.98,4707.92,3281
08-05-2026 13:30,4707.92,4713.07,4706.62,4711.55,3268
08-05-2026 13:45,4711.54,4722.45,4711.43,4717,3305
08-05-2026 14:00,4717.02,4723.42,4716.24,4716.92,3013
08-05-2026 14:15,4716.79,4719.94,4714.95,4715.77,2831
08-05-2026 14:30,4715.76,4720.3,4713.45,4718.6,2855
08-05-2026 14:45,4718.58,4722.78,4717.74,4717.93,2746
08-05-2026 15:00,4717.89,4718.61,4709.39,4713.29,2999
08-05-2026 15:15,4713.27,4713.88,4707.36,4711.81,3006
08-05-2026 15:30,4711.82,4718.8,4711.13,4718.8,2658
08-05-2026 15:45,4718.8,4723.88,4717.4,4720.46,2414
08-05-2026 16:00,4720.45,4727.77,4720.28,4724.37,2709
08-05-2026 16:15,4724.36,4724.41,4715.16,4719.84,2780
08-05-2026 16:30,4719.75,4727.25,4718.84,4721.95,3181
08-05-2026 16:45,4721.6,4725.68,4719.94,4723.93,2716
08-05-2026 17:00,4723.87,4725.85,4720.93,4721.06,2751
08-05-2026 17:15,4721.04,4721.26,4713.5,4717.65,2977
08-05-2026 17:30,4717.64,4719.73,4703.62,4704.45,3422
08-05-2026 17:45,4704.02,4710.61,4702.66,4709.76,3237
08-05-2026 18:00,4709.85,4730.96,4702.83,4723.8,3992
08-05-2026 18:15,4723.84,4732.07,4719.25,4724.31,3844
08-05-2026 18:30,4723.82,4728.94,4716.58,4720.32,3958
08-05-2026 18:45,4720.28,4727.83,4719.38,4726.92,3529
08-05-2026 19:00,4726.92,4744.34,4726.63,4738.1,4099
08-05-2026 19:15,4738.36,4747.91,4735.01,4747.91,3946
08-05-2026 19:30,4747.79,4749.43,4718.85,4731.71,4081
08-05-2026 19:45,4731.7,4733.76,4717.54,4717.54,3908
08-05-2026 20:00,4717.66,4725.51,4713.95,4722.63,3896
08-05-2026 20:15,4722.32,4724.55,4713.21,4715.85,3847
08-05-2026 20:30,4715.74,4720.89,4706.08,4707.4,3746
08-05-2026 20:45,4707.56,4713.51,4704.34,4713.29,3801
08-05-2026 21:00,4713.21,4714.89,4704.29,4705.89,3752
08-05-2026 21:15,4705.86,4711.01,4701.79,4706.96,3489
08-05-2026 21:30,4706.87,4712.36,4705.38,4711.43,3275
08-05-2026 21:45,4711.44,4717.54,4711.33,4717.52,2865
08-05-2026 22:00,4717.53,4720.1,4713.23,4713.37,2986
08-05-2026 22:15,4713.4,4716.19,4711.16,4712.32,2918
08-05-2026 22:30,4712.31,4716.18,4712.08,4715.16,2936
08-05-2026 22:45,4715.21,4722.05,4715.11,4720.65,2690
08-05-2026 23:00,4720.54,4721.8,4719.67,4720.73,2278
08-05-2026 23:15,4720.71,4722.68,4719.32,4720.74,2165
08-05-2026 23:30,4720.85,4728.58,4720.43,4727.47,2874
08-05-2026 23:45,4727.62,4728.91,4723.93,4725.64,2362
09-05-2026 00:00,4725.07,4726.41,4723.94,4724.57,2207
09-05-2026 00:15,4724.6,4724.6,4719.84,4721.81,2494
09-05-2026 00:30,4721.75,4725.53,4720.98,4723.59,2109
09-05-2026 00:45,4723.5,4724.97,4723.24,4723.65,1646
09-05-2026 01:00,4723.7,4726.34,4721.42,4724.96,2263
09-05-2026 01:15,4724.94,4725.51,4722.55,4723.63,2533
09-05-2026 01:30,4723.61,4723.87,4716.8,4718.47,1527
09-05-2026 01:45,4718.49,4718.78,4714.8,4716.98,1476
09-05-2026 02:00,4717,4718.71,4715.29,4715.87,1260
09-05-2026 02:15,4715.92,4716.19,4713.82,4715.24,1362
11-05-2026 03:30,4678.18,4699.99,4671.18,4686.88,2643
11-05-2026 03:45,4686.86,4695.91,4681.56,4694.1,2588
11-05-2026 04:00,4693.87,4694.02,4686.91,4691,2254
11-05-2026 04:15,4690.99,4694.38,4689.74,4691.65,1946
11-05-2026 04:30,4691.39,4696.89,4688.89,4690.1,2363
11-05-2026 04:45,4690.16,4697.15,4689.09,4694.58,2090
11-05-2026 05:00,4694.57,4698.34,4694.57,4697.48,1979
11-05-2026 05:15,4697.47,4698.48,4690.04,4691.51,2535
11-05-2026 05:30,4691.52,4691.52,4680.14,4682.5,3496
11-05-2026 05:45,4682.53,4686.63,4675.3,4683.52,3141
11-05-2026 06:00,4683.8,4693.29,4683.8,4689.02,2884
11-05-2026 06:15,4688.95,4692.78,4670.38,4683.54,3467
11-05-2026 06:30,4683.8,4699.53,4674.66,4691.86,4074
11-05-2026 06:45,4691.92,4705.37,4689.37,4698.7,3726
11-05-2026 07:00,4698.7,4701.47,4690.69,4694.2,3725
11-05-2026 07:15,4694.45,4695.79,4679.98,4685.64,3545
11-05-2026 07:30,4685.61,4692.98,4678.35,4686.03,3606
11-05-2026 07:45,4685.88,4688.59,4682.7,4688.39,2590
11-05-2026 08:00,4688.37,4700.08,4687.79,4688.45,3296
11-05-2026 08:15,4688.46,4693.45,4676.31,4681.5,3486
11-05-2026 08:30,4681.34,4689.64,4674.91,4687.09,3247
11-05-2026 08:45,4687.14,4690.34,4683.86,4689.5,3121
11-05-2026 09:00,4689.56,4690.36,4682.17,4687.79,2587
11-05-2026 09:15,4687.76,4687.76,4676.97,4678.64,2167
11-05-2026 09:30,4678.92,4679.78,4673.35,4677.49,2656
11-05-2026 09:45,4677.52,4678.68,4670.32,4671.72,2545
11-05-2026 10:00,4671.68,4674.59,4668.4,4672.99,2610
11-05-2026 10:15,4672.82,4676.12,4671.76,4672.04,2173
11-05-2026 10:30,4672.05,4676.03,4670.77,4673.4,2453
11-05-2026 10:45,4673.35,4675.26,4670.77,4670.77,2251
11-05-2026 11:00,4670.65,4680.62,4662.09,4663.66,3434
11-05-2026 11:15,4663.69,4664,4648.15,4652.11,3698
11-05-2026 11:30,4652.06,4666.84,4649,4665,3577
11-05-2026 11:45,4665.03,4670.86,4664.47,4667.17,3257
11-05-2026 12:00,4667.25,4675.67,4667.18,4674.32,3162
11-05-2026 12:15,4674.35,4680.37,4671.27,4678.3,3232
11-05-2026 12:30,4678.79,4680.26,4674.39,4675.96,3127
11-05-2026 12:45,4675.92,4677.99,4672.1,4675.8,2804
11-05-2026 13:00,4675.74,4677.96,4671.63,4671.92,2526
11-05-2026 13:15,4671.93,4672.88,4664.3,4667.71,2720
11-05-2026 13:30,4667.62,4673.6,4664.13,4671.93,3126
11-05-2026 13:45,4671.92,4678.67,4671.69,4671.73,3087
11-05-2026 14:00,4671.3,4675.36,4669.08,4670.32,2871
11-05-2026 14:15,4670.34,4671.34,4666.58,4667.44,2413
11-05-2026 14:30,4667.53,4669.84,4665.15,4667.44,2351
11-05-2026 14:45,4667.45,4667.48,4656.84,4657.49,2554
11-05-2026 15:00,4657.44,4663.6,4650.52,4662.74,2934
11-05-2026 15:15,4662.71,4664.89,4656.11,4656.62,2691
11-05-2026 15:30,4656.33,4662.8,4656.27,4662.44,2648
11-05-2026 15:45,4662.33,4665.78,4660.4,4663.28,2400
11-05-2026 16:00,4663.33,4666.64,4660.23,4663.27,2643
11-05-2026 16:15,4663.37,4667.41,4661.25,4663.82,2720
11-05-2026 16:30,4663.9,4672.33,4663.9,4669.29,2932
11-05-2026 16:45,4669.28,4672.07,4667.57,4671.72,2544
11-05-2026 17:00,4671.69,4677.27,4670.16,4674.37,2968
11-05-2026 17:15,4674.35,4674.9,4670.2,4674.43,2585
11-05-2026 17:30,4674.39,4675.73,4667.41,4668.32,3071
11-05-2026 17:45,4668.39,4695.39,4667.5,4690.66,3674
11-05-2026 18:00,4690.62,4698.34,4689.08,4692.07,3678
11-05-2026 18:15,4692.1,4701.02,4686.26,4699.89,3599
11-05-2026 18:30,4700.26,4721.8,4698.61,4720.89,3903
11-05-2026 18:45,4720.91,4735.58,4720.44,4728.27,3901
11-05-2026 19:00,4728.8,4745.43,4728.15,4743.6,4138
11-05-2026 19:15,4743.57,4748.35,4734.75,4736.22,3879
11-05-2026 19:30,4736.23,4738.45,4718.46,4730.82,3949
11-05-2026 19:45,4730.88,4733.77,4724.51,4724.94,3761
11-05-2026 20:00,4725,4733.48,4715.38,4732.55,3980
11-05-2026 20:15,4732.46,4733.9,4723.84,4725.52,3691
11-05-2026 20:30,4725.48,4731.68,4722.78,4728.44,3578
11-05-2026 20:45,4728.86,4738.15,4727.23,4732.8,3485
11-05-2026 21:00,4732.8,4734.66,4726.83,4727.35,3337
11-05-2026 21:15,4727.2,4732.53,4725.16,4732.02,3152
11-05-2026 21:30,4732.17,4733.41,4726.93,4727.71,2705
11-05-2026 21:45,4727.7,4728.02,4722.36,4723.83,2783
11-05-2026 22:00,4723.79,4725.95,4708.04,4711.3,3182
11-05-2026 22:15,4711.24,4716.8,4708.92,4716.44,3376
11-05-2026 22:30,4716.34,4719.92,4715.85,4718.27,3072
11-05-2026 22:45,4718.44,4721.62,4717.07,4718.04,2928
11-05-2026 23:00,4717.83,4724.39,4717.69,4723.8,2624
11-05-2026 23:15,4723.8,4724.52,4721.8,4723.6,2261
11-05-2026 23:30,4723.59,4726.84,4721.96,4723.41,2518
11-05-2026 23:45,4723.4,4727.39,4721.04,4727.11,2655
12-05-2026 00:00,4726.88,4729.31,4725.59,4726.79,2195
12-05-2026 00:15,4726.8,4729.08,4724.75,4724.8,2390
12-05-2026 00:30,4725.02,4728.4,4723.92,4724.75,2719
12-05-2026 00:45,4724.79,4725.44,4723.09,4724.19,2194
12-05-2026 01:00,4724.21,4728.53,4722.37,4726.88,2223
12-05-2026 01:15,4727.02,4736.18,4727.01,4733.49,2593
12-05-2026 01:30,4733.6,4737.89,4729.87,4735,1798
12-05-2026 01:45,4735.03,4735.34,4733.47,4735.23,1448
12-05-2026 02:00,4735.21,4738.43,4734.83,4737.46,1008
12-05-2026 02:15,4737.4,4737.43,4732.04,4734.45,1271
12-05-2026 03:30,4739.8,4743.13,4737.83,4738.86,1499
12-05-2026 03:45,4738.72,4741.55,4737.01,4739.48,1429
12-05-2026 04:00,4739.47,4744.94,4738.76,4744.67,1658
12-05-2026 04:15,4744.59,4754.86,4744.07,4750.69,2155
12-05-2026 04:30,4751.32,4754.45,4746.07,4751.11,2367
12-05-2026 04:45,4751.08,4754.72,4750.79,4752.87,2028
12-05-2026 05:00,4752.86,4759.25,4751.31,4755.92,2508
12-05-2026 05:15,4755.83,4769.74,4755.38,4767.26,2839
12-05-2026 05:30,4767.26,4769.63,4758.55,4766.91,3395
12-05-2026 05:45,4766.95,4773.3,4753.78,4762.19,3230
12-05-2026 06:00,4762.17,4763.72,4757.46,4757.82,2719
12-05-2026 06:15,4757.91,4761.79,4748.54,4749.1,3007
12-05-2026 06:30,4749.18,4755.4,4742.39,4746.17,3926
12-05-2026 06:45,4746.16,4751.66,4733.79,4735.2,3742
12-05-2026 07:00,4735.22,4738.85,4720.24,4729.44,3872
12-05-2026 07:15,4729.27,4731.42,4723.84,4727.06,3725
12-05-2026 07:30,4727.09,4733.89,4725.36,4731.39,3489
12-05-2026 07:45,4731.38,4731.5,4724.52,4727.01,2876
12-05-2026 08:00,4727.02,4731.83,4722.22,4731.71,3546
12-05-2026 08:15,4731.69,4733.34,4727.08,4730.04,3378
12-05-2026 08:30,4729.95,4733.12,4727.01,4731.1,3064
12-05-2026 08:45,4731.08,4731.23,4722.89,4723.81,3008
12-05-2026 09:00,4723.87,4727.63,4723.83,4724.22,2425
12-05-2026 09:15,4723.99,4724.45,4718.09,4720.14,2482
12-05-2026 09:30,4720.11,4723.26,4719.7,4721.83,2338
12-05-2026 09:45,4721.81,4730.34,4721.61,4722.4,2525
12-05-2026 10:00,4722.39,4726.35,4721.14,4724.63,2155
12-05-2026 10:15,4724.62,4725.09,4711.32,4714.14,2978
12-05-2026 10:30,4714.14,4718.51,4708.73,4712.31,3046
12-05-2026 10:45,4712.32,4716.8,4712.32,4715.28,2710
12-05-2026 11:00,4715.27,4722.01,4713,4715.14,3486
12-05-2026 11:15,4715.06,4719.88,4709.96,4714.24,3436
12-05-2026 11:30,4714.09,4714.32,4702.79,4705.04,3688
12-05-2026 11:45,4705.05,4706.86,4695.08,4695.95,3442
12-05-2026 12:00,4696.34,4704.72,4695.24,4702.48,3264
12-05-2026 12:15,4702.4,4704.27,4694.38,4696.97,3611
12-05-2026 12:30,4697.2,4698.23,4687.44,4695.83,3637
12-05-2026 12:45,4695.82,4699.59,4693.9,4697.85,3211
12-05-2026 13:00,4698.24,4702.44,4695.54,4700.34,3091
12-05-2026 13:15,4700.36,4703.72,4697.63,4699.72,3001
12-05-2026 13:30,4699.8,4706.73,4699.14,4699.24,2971
12-05-2026 13:45,4699.78,4704.05,4697.07,4702.91,2905
12-05-2026 14:00,4702.89,4704.39,4698.01,4700,3023
12-05-2026 14:15,4699.93,4706.61,4698.98,4703.32,2896
12-05-2026 14:30,4703.35,4703.35,4697.9,4697.95,2780
12-05-2026 14:45,4697.97,4702.29,4697.52,4699.54,2749
12-05-2026 15:00,4699.69,4705.27,4694.34,4695.28,3136
12-05-2026 15:15,4695.33,4701.52,4694.24,4699.42,2915
12-05-2026 15:30,4699.42,4708.33,4698.73,4704.89,2763
12-05-2026 15:45,4704.76,4705.21,4698.86,4700.09,2614
12-05-2026 16:00,4700.11,4700.18,4685.08,4690.59,3255
12-05-2026 16:15,4691.07,4694.35,4689.58,4694.35,3034
12-05-2026 16:30,4694.58,4698.06,4687.12,4691.63,3537
12-05-2026 16:45,4691.61,4700.21,4691.53,4700.03,3073
12-05-2026 17:00,4699.99,4706.03,4697.68,4704.25,3155
12-05-2026 17:15,4704.27,4709.16,4702.53,4706.6,3101
12-05-2026 17:30,4706.66,4708.19,4698.38,4705.67,3317
12-05-2026 17:45,4705.62,4708.31,4695.02,4697.24,3269
12-05-2026 18:00,4697.53,4708.6,4689.62,4702.74,3939
12-05-2026 18:15,4703.14,4711.85,4700.45,4705.64,3739
12-05-2026 18:30,4705.6,4709.01,4687.35,4688.92,3907
12-05-2026 18:45,4688.99,4695.4,4679.4,4690.8,3910
12-05-2026 19:00,4690.29,4701.68,4683.51,4699.09,4153
12-05-2026 19:15,4699.1,4701.44,4676.89,4679.32,4121
12-05-2026 19:30,4679.22,4695,4675.99,4692.76,4068
12-05-2026 19:45,4692.81,4694.02,4682.43,4683.12,3957
12-05-2026 20:00,4683.12,4687.83,4671.6,4685.8,4076
12-05-2026 20:15,4685.59,4685.7,4669.44,4672.8,4099
12-05-2026 20:30,4672.73,4676.09,4664.17,4664.37,4051
12-05-2026 20:45,4664.33,4666.19,4638.3,4655.98,4158
12-05-2026 21:00,4656.03,4668.36,4653.86,4665.58,4006
12-05-2026 21:15,4665.56,4669.82,4664.38,4666.04,3787
12-05-2026 21:30,4666.05,4673.1,4664.16,4671.82,3746
12-05-2026 21:45,4671.83,4674.98,4666.22,4668.21,3576
12-05-2026 22:00,4668.2,4671.52,4665.06,4669.69,3583
12-05-2026 22:15,4669.7,4674.15,4666.73,4671.06,3454
12-05-2026 22:30,4671.14,4679.51,4671.12,4677.11,3434
12-05-2026 22:45,4677.11,4682.32,4676.89,4679.28,3376
12-05-2026 23:00,4679.07,4680.63,4676.15,4679.61,3137
12-05-2026 23:15,4679.58,4680.54,4677.71,4678.79,2936
12-05-2026 23:30,4678.77,4683.52,4676.2,4681.25,3268
12-05-2026 23:45,4681.29,4687.71,4679.96,4685.57,3169
13-05-2026 00:00,4685.57,4697.48,4685.08,4695.26,3186
13-05-2026 00:15,4695.26,4698.17,4690.69,4695.97,3295
13-05-2026 00:30,4696.13,4702.61,4696.13,4699.89,3014
13-05-2026 00:45,4699.9,4704.46,4699.05,4703.52,2936
13-05-2026 01:00,4703.78,4710.6,4703.78,4709.4,2997
13-05-2026 01:15,4709.41,4715.7,4709.16,4715.7,3048
13-05-2026 01:30,4715.51,4719.16,4712.09,4713.4,2331
13-05-2026 01:45,4713.48,4716.15,4712.43,4713.08,1742
13-05-2026 02:00,4713.07,4715.39,4712.12,4714.73,1527
13-05-2026 02:15,4714.76,4715.34,4712.75,4714.81,1483
13-05-2026 03:30,4713.84,4720.59,4707.09,4714.63,1213
13-05-2026 03:45,4714.47,4718.97,4712.73,4716.76,1094
13-05-2026 04:00,4716.76,4720.27,4715.37,4716.32,1088
13-05-2026 04:15,4716.31,4722.18,4716.3,4716.78,1441
13-05-2026 04:30,4716.79,4723.1,4715.83,4717.73,2206
13-05-2026 04:45,4717.7,4723.85,4717.47,4720.39,2073
13-05-2026 05:00,4720.42,4721.89,4716.39,4721.21,2402
13-05-2026 05:15,4721.31,4723.55,4715.24,4716.97,2916
13-05-2026 05:30,4717.14,4726.95,4714.91,4720.37,3518
13-05-2026 05:45,4720.36,4726.25,4720.12,4722.52,3234
13-05-2026 06:00,4722.53,4725.22,4716.97,4720.31,3021
13-05-2026 06:15,4720.25,4720.39,4713.95,4714.52,2987
13-05-2026 06:30,4714.51,4716.87,4707.37,4709.64,3751
13-05-2026 06:45,4709.64,4710.6,4702.72,4704.47,3586
13-05-2026 07:00,4704.46,4710.38,4701.67,4708.91,3566
13-05-2026 07:15,4708.92,4710.66,4701.05,4702.48,3189
13-05-2026 07:30,4702.44,4707.58,4699.03,4701.43,3241
13-05-2026 07:45,4701.42,4703.95,4698.08,4700.21,2627
13-05-2026 08:00,4700.14,4700.28,4693.95,4694.39,3312
13-05-2026 08:15,4694.43,4696.99,4687.51,4691.65,3366
13-05-2026 08:30,4691.77,4694.37,4688.86,4692.3,3183
13-05-2026 08:45,4692.31,4700.59,4691.02,4700.55,2743
13-05-2026 09:00,4700.55,4705.8,4700.2,4703.88,2527
13-05-2026 09:15,4703.95,4704.81,4694.22,4695.88,2578
13-05-2026 09:30,4695.82,4698.84,4695.42,4698.23,2377
13-05-2026 09:45,4698.24,4703.31,4697.94,4701.32,2016
13-05-2026 10:00,4701.31,4703.26,4697.42,4698.61,2126
13-05-2026 10:15,4698.62,4701.79,4698.31,4699.61,2198
13-05-2026 10:30,4699.61,4707.18,4698.36,4705.33,2746
13-05-2026 10:45,4705.22,4705.58,4697.92,4698,2667
13-05-2026 11:00,4698,4702.54,4693.66,4696.83,3483
13-05-2026 11:15,4696.82,4705.32,4696.29,4704,3292
13-05-2026 11:30,4703.99,4712.76,4703.37,4710.71,3336
13-05-2026 11:45,4710.71,4715.33,4706.81,4708.64,3315
13-05-2026 12:00,4708.66,4713.68,4707.7,4711.47,3337
13-05-2026 12:15,4711.49,4712.2,4699.01,4701.19,3247
13-05-2026 12:30,4701.62,4705.23,4696.58,4702.12,3246
13-05-2026 12:45,4702.14,4708.73,4702,4707.55,2849
13-05-2026 13:00,4707.51,4707.82,4703.03,4703.62,2781
13-05-2026 13:15,4703.63,4704.64,4701.23,4702.84,2914
13-05-2026 13:30,4702.82,4704.22,4698.5,4700.07,3140
13-05-2026 13:45,4700.08,4701.01,4694.7,4697.04,2983
13-05-2026 14:00,4697.09,4699.74,4694.41,4695.9,2544
13-05-2026 14:15,4695.99,4702.55,4694.7,4700.54,2688
13-05-2026 14:30,4700.53,4701.76,4693.55,4694.46,3017
13-05-2026 14:45,4694.44,4695.19,4685.93,4688.88,3028
13-05-2026 15:00,4688.83,4694.4,4686.11,4694.05,3045
13-05-2026 15:15,4694.04,4700.95,4693.07,4700.83,2550
13-05-2026 15:30,4700.83,4710.35,4698.51,4702.26,3075
13-05-2026 15:45,4702.26,4705.78,4698.78,4699.52,3042
13-05-2026 16:00,4699.54,4699.84,4693.99,4695.66,2815
13-05-2026 16:15,4695.65,4696.67,4693.64,4694.13,2636
13-05-2026 16:30,4694.37,4699.12,4691.46,4699,3048
13-05-2026 16:45,4699.03,4700.52,4695.81,4698.39,3000
13-05-2026 17:00,4698.44,4705.32,4698.12,4703.3,3038
13-05-2026 17:15,4703.28,4705.38,4697.33,4697.35,2861
13-05-2026 17:30,4696.9,4701.3,4693.58,4693.88,3141
13-05-2026 17:45,4693.89,4694.13,4683.22,4684.72,3532
13-05-2026 18:00,4686.24,4686.97,4676.23,4682.85,4023
13-05-2026 18:15,4683.32,4685.37,4677.53,4683.76,3730
13-05-2026 18:30,4683.71,4691.02,4683.71,4689.85,3691
13-05-2026 18:45,4689.81,4694.66,4686.41,4688.71,3449
13-05-2026 19:00,4688.57,4690.79,4673.05,4678.73,4132
13-05-2026 19:15,4678.69,4683.22,4669.45,4679.36,4091
13-05-2026 19:30,4679.33,4683.17,4672.83,4681.28,4065
13-05-2026 19:45,4681.27,4685.38,4673.51,4684.15,3932
13-05-2026 20:00,4684.04,4690.95,4683.07,4683.74,3829
13-05-2026 20:15,4683.85,4684.95,4677.29,4679.69,3906
13-05-2026 20:30,4679.67,4690.74,4678.85,4687.5,3729
13-05-2026 20:45,4687.45,4691.72,4685.19,4691.15,3568
13-05-2026 21:00,4691.14,4700.02,4686.91,4699.29,3584
13-05-2026 21:15,4699.31,4699.5,4694.57,4695.45,3341
13-05-2026 21:30,4695.46,4702.87,4695.15,4702.02,3334
13-05-2026 21:45,4702.03,4709.8,4698.64,4706.83,3506
13-05-2026 22:00,4706.9,4707.64,4699.78,4700,3373
13-05-2026 22:15,4699.96,4701.5,4694.93,4695.59,3133
13-05-2026 22:30,4695.72,4700.95,4695.66,4699.58,2945
13-05-2026 22:45,4699.53,4701.22,4696.52,4698.31,2893
13-05-2026 23:00,4698.38,4698.38,4690.05,4691.06,3170
13-05-2026 23:15,4691.3,4694.32,4684.52,4685.51,3036
13-05-2026 23:30,4685.5,4692.5,4684.3,4692.34,2760
13-05-2026 23:45,4692.33,4693.9,4688.69,4691.9,2812
14-05-2026 00:00,4691.78,4692.67,4685.64,4686.07,2585
14-05-2026 00:15,4686.08,4687.5,4677.57,4684.87,3226
14-05-2026 00:30,4684.9,4689.11,4683.27,4689.03,2453
14-05-2026 00:45,4689.04,4690.4,4686.5,4687.07,2639
14-05-2026 01:00,4687.1,4689.02,4684.4,4688.4,2572
14-05-2026 01:15,4688.38,4689.3,4683.73,4688.16,2980
14-05-2026 01:30,4688.12,4690.95,4685.93,4690.85,1835
14-05-2026 01:45,4690.89,4693.36,4690.19,4691.23,1481
14-05-2026 02:00,4691.24,4692.83,4689.15,4690.61,1448
14-05-2026 02:15,4690.56,4691.01,4687.43,4688.43,1260
14-05-2026 03:30,4692.64,4693.66,4688.52,4690.76,1260
14-05-2026 03:45,4690.79,4696.87,4690.55,4696.6,1655
14-05-2026 04:00,4696.57,4700.16,4695.35,4698.89,1540
14-05-2026 04:15,4698.9,4700.42,4696.46,4699.87,1494
14-05-2026 04:30,4699.72,4702.07,4699.1,4701.2,1560
14-05-2026 04:45,4701.21,4701.3,4696.69,4697.29,1325
14-05-2026 05:00,4696.81,4697.49,4694.29,4694.72,1651
14-05-2026 05:15,4694.75,4696.8,4693.15,4696.57,1904
14-05-2026 05:30,4696.54,4699.39,4689.42,4697.58,2882
14-05-2026 05:45,4697.55,4705.34,4697.43,4701.01,3224
14-05-2026 06:00,4700.97,4703.22,4692.91,4700.12,2916
14-05-2026 06:15,4700.06,4706.7,4699.4,4704.94,2987
14-05-2026 06:30,4704.78,4706.95,4684.37,4688.82,4048
14-05-2026 06:45,4688.87,4695.23,4687.4,4692.7,3650
14-05-2026 07:00,4692.58,4694.61,4683.72,4688.53,3742
14-05-2026 07:15,4688.75,4695.02,4683.5,4688.6,3662
14-05-2026 07:30,4688.64,4694.03,4686.54,4688.09,3553
14-05-2026 07:45,4688.21,4694.1,4687,4693.42,2583
14-05-2026 08:00,4693.47,4699.58,4689.37,4691.68,3447
14-05-2026 08:15,4691.71,4693.23,4679.95,4686.19,3607
14-05-2026 08:30,4686.39,4690.09,4681.4,4682.88,3518
14-05-2026 08:45,4682.98,4693.31,4681.46,4691.26,3272
14-05-2026 09:00,4691.25,4691.25,4675.75,4676.27,2958
14-05-2026 09:15,4676.3,4677.87,4673.95,4674.87,2663
14-05-2026 09:30,4674.85,4682.47,4668.64,4682.1,3029
14-05-2026 09:45,4682.13,4707.42,4681.8,4702.29,2893
14-05-2026 10:00,4702.31,4712.92,4701.42,4704.87,2823
14-05-2026 10:15,4704.85,4706.8,4702.37,4702.37,2524
14-05-2026 10:30,4702.52,4704.19,4699.78,4699.91,2797
14-05-2026 10:45,4699.92,4700.21,4693.25,4693.61,2671
14-05-2026 11:00,4693.46,4701.45,4693.34,4697.29,3575
14-05-2026 11:15,4697.3,4703.26,4689.19,4689.76,3537
14-05-2026 11:30,4689.75,4694.61,4685.99,4687.77,3517
14-05-2026 11:45,4687.76,4692.94,4686.29,4691.22,3253
14-05-2026 12:00,4691.26,4699.66,4690.55,4699.01,3097
14-05-2026 12:15,4698.79,4702.33,4694.79,4700.18,3548
14-05-2026 12:30,4699.71,4702.24,4694.45,4695.24,3208
14-05-2026 12:45,4695.29,4706.95,4694.9,4705.41,3068
14-05-2026 13:00,4705.4,4718.72,4702.96,4708.91,3211
14-05-2026 13:15,4708.9,4709.4,4690.72,4693,3232
14-05-2026 13:30,4693,4700.83,4692.16,4698.81,3269
14-05-2026 13:45,4699.02,4704.7,4697.76,4702.96,3171
14-05-2026 14:00,4702.97,4706.49,4695.59,4696.95,3230
14-05-2026 14:15,4696.92,4697.51,4692.97,4693.24,2979
14-05-2026 14:30,4693.31,4698.05,4690.22,4694.45,2848
14-05-2026 14:45,4694.37,4696.62,4690.63,4690.63,2606
14-05-2026 15:00,4690.67,4697.2,4688.38,4695.45,2987
14-05-2026 15:15,4695.49,4702.45,4695.49,4699.47,3025
14-05-2026 15:30,4699.52,4705.13,4695.9,4697.15,2877
14-05-2026 15:45,4697.24,4698.27,4693.68,4697.44,3045
14-05-2026 16:00,4697.49,4697.93,4692.14,4693.47,2718
14-05-2026 16:15,4693.93,4697.66,4691.12,4696.95,3009
14-05-2026 16:30,4696.99,4698.79,4692.84,4697.34,2893
14-05-2026 16:45,4697.34,4697.62,4689.38,4691.86,2658
14-05-2026 17:00,4691.91,4697.29,4690.67,4695.31,2751
14-05-2026 17:15,4695.3,4704.75,4694.2,4694.22,3230
14-05-2026 17:30,4693.56,4703.77,4692.21,4703.77,3318
14-05-2026 17:45,4703.76,4707.5,4698.78,4702.27,3038
14-05-2026 18:00,4702.18,4709.69,4697.74,4697.97,3562
14-05-2026 18:15,4697.86,4706.26,4695.88,4704.74,3339
14-05-2026 18:30,4704.82,4707.71,4695.99,4704.06,3709
14-05-2026 18:45,4704.12,4704.33,4688.05,4688.18,3750
14-05-2026 19:00,4688.18,4689.38,4666.35,4676.75,4152
14-05-2026 19:15,4676.73,4690.77,4675.75,4679.49,4107
14-05-2026 19:30,4679.53,4690.27,4677.66,4687.72,4043
14-05-2026 19:45,4687.67,4700.92,4686.85,4691.5,3888
14-05-2026 20:00,4691.48,4692.3,4686.04,4686.83,3760
14-05-2026 20:15,4686.86,4690.47,4679.27,4679.51,3871
14-05-2026 20:30,4679.53,4686.52,4676.89,4684.83,3785
14-05-2026 20:45,4684.84,4689.3,4684.07,4685.77,3443
14-05-2026 21:00,4685.82,4688.9,4680.91,4682.57,3408
14-05-2026 21:15,4682.54,4686.6,4680.96,4685.83,3318
14-05-2026 21:30,4685.66,4686.88,4674.07,4678.49,3349
14-05-2026 21:45,4678.5,4681.16,4675.25,4677.2,3223
14-05-2026 22:00,4677.21,4678.29,4670.26,4675.34,3424
14-05-2026 22:15,4675.33,4678.92,4672.67,4678.44,3085
14-05-2026 22:30,4678.52,4682.4,4678.34,4678.6,3275
14-05-2026 22:45,4678.61,4682.91,4676.77,4677.25,3282
14-05-2026 23:00,4677.29,4681.44,4676.32,4681.29,3060
14-05-2026 23:15,4681.27,4681.73,4677.67,4678.06,2549
14-05-2026 23:30,4678.15,4678.31,4668.72,4674.57,3390
14-05-2026 23:45,4674.56,4676.41,4672.92,4673.4,2815
15-05-2026 00:00,4673.95,4674.81,4668.43,4668.54,2466
15-05-2026 00:15,4668.54,4671.66,4666.74,4671.59,2488
15-05-2026 00:30,4671.72,4671.77,4666.74,4667.43,2345
15-05-2026 00:45,4667.45,4669.09,4663.15,4663.22,2327
15-05-2026 01:00,4663.33,4665.33,4655.62,4656.53,2991
15-05-2026 01:15,4656.51,4658.91,4653.02,4654.15,3362
15-05-2026 01:30,4654.16,4657.19,4649.12,4649.67,2276
15-05-2026 01:45,4649.63,4650.93,4646.81,4648.11,1659
15-05-2026 02:00,4648.08,4652.78,4644.31,4650.66,1822
15-05-2026 02:15,4650.84,4652.04,4649,4651.94,1473
15-05-2026 03:30,4646.83,4657.63,4645.81,4654.85,1504
15-05-2026 03:45,4654.85,4658.92,4654.78,4658.48,1778
15-05-2026 04:00,4658.49,4662.23,4658.49,4661.64,1729
15-05-2026 04:15,4661.65,4662.54,4659.93,4662.21,1424
15-05-2026 04:30,4662.19,4663.27,4658.82,4659.13,1665
15-05-2026 04:45,4659.17,4664.3,4655.66,4663.81,2173
15-05-2026 05:00,4663.96,4665.36,4646.75,4657.34,2690
15-05-2026 05:15,4657.43,4657.54,4648.14,4652.13,2920
15-05-2026 05:30,4652.31,4653.68,4642.37,4650.5,3518
15-05-2026 05:45,4650.49,4658.02,4629.53,4629.78,3638
15-05-2026 06:00,4630.24,4630.45,4613.54,4618.55,3722
15-05-2026 06:15,4619.1,4630.82,4617.24,4630.36,3706
15-05-2026 06:30,4630.34,4631.62,4607.55,4614.43,4178
15-05-2026 06:45,4614.41,4625.56,4608.24,4608.86,4059
15-05-2026 07:00,4608.79,4622.88,4607.55,4622.88,4005
15-05-2026 07:15,4622.87,4624.2,4607.09,4613.76,3941
15-05-2026 07:30,4613.77,4619.07,4609.6,4613.11,3866
15-05-2026 07:45,4612.97,4616.52,4609.3,4612.44,3409
15-05-2026 08:00,4612.43,4617.88,4609.39,4617.76,3657
15-05-2026 08:15,4617.83,4623.38,4611.55,4617.98,3687
15-05-2026 08:30,4617.78,4622.25,4614.62,4617.32,3410
15-05-2026 08:45,4617.3,4618.26,4609.82,4612.75,3373
15-05-2026 09:00,4612.74,4617.3,4607.38,4613.33,3009
15-05-2026 09:15,4613.35,4617.19,4610.45,4615.35,2689
15-05-2026 09:30,4615.36,4621.44,4612.77,4619.98,2855
15-05-2026 09:45,4619.99,4620.56,4607.34,4610.84,2639
15-05-2026 10:00,4610.85,4614.89,4604.37,4605.67,2716
15-05-2026 10:15,4605.68,4612.39,4604.84,4605.96,2876
15-05-2026 10:30,4606.18,4606.35,4588.63,4591.92,3643
15-05-2026 10:45,4591.94,4595.19,4580.8,4588.76,3594
15-05-2026 11:00,4588.76,4589.77,4563.62,4568.73,4148
15-05-2026 11:15,4568.81,4573.25,4558.74,4558.83,4051
15-05-2026 11:30,4558.62,4573.3,4556.28,4570.96,4043
15-05-2026 11:45,4570.85,4578.19,4570.2,4575.06,3907
15-05-2026 12:00,4575.09,4580.41,4566.91,4567.59,3764
15-05-2026 12:15,4567.62,4574.18,4564.24,4569.91,3720
15-05-2026 12:30,4569.81,4586.07,4565.87,4585.75,3818
15-05-2026 12:45,4585.74,4588.57,4579.08,4581.71,3606
15-05-2026 13:00,4581.71,4582.38,4574.65,4577.56,3332
15-05-2026 13:15,4577.47,4578.47,4568.29,4570.66,3145
15-05-2026 13:30,4571.29,4571.83,4557.15,4565.13,3673
15-05-2026 13:45,4565.12,4565.61,4552.68,4558.19,3769
15-05-2026 14:00,4558.02,4562.46,4550.07,4562.2,3722
15-05-2026 14:15,4562.38,4563.43,4552.58,4554.23,3184
15-05-2026 14:30,4554.29,4563.63,4546.01,4547.12,3751
15-05-2026 14:45,4547.08,4554.48,4539.27,4553.44,3626
15-05-2026 15:00,4553.15,4555.56,4542.73,4543.54,3601
15-05-2026 15:15,4543.22,4547.04,4531.91,4545.73,3768
15-05-2026 15:30,4545.72,4562.67,4544.13,4561.02,3677
15-05-2026 15:45,4561.15,4563.23,4551.6,4551.69,3513
15-05-2026 16:00,4551.69,4556.79,4549.61,4555.09,3421
15-05-2026 16:15,4555.16,4572.48,4554.15,4566.02,3940
15-05-2026 16:30,4565.98,4570.22,4560.8,4566.25,3737
15-05-2026 16:45,4566.28,4568.6,4558.94,4562.26,3148
15-05-2026 17:00,4562.15,4562.48,4550.88,4551.42,3311
15-05-2026 17:15,4551.22,4558.65,4549.85,4551.89,3431
15-05-2026 17:30,4551.83,4555.12,4545.12,4545.65,3654
15-05-2026 17:45,4545.52,4558.63,4544.84,4554.97,3660
15-05-2026 18:00,4554.9,4554.9,4543.59,4545.52,3812
15-05-2026 18:15,4545.56,4555.54,4543.56,4545.78,3611
15-05-2026 18:30,4545.75,4549.66,4536.18,4546.58,3949
15-05-2026 18:45,4546.59,4557.56,4540.64,4548.84,3880
15-05-2026 19:00,4548.52,4551.11,4519.95,4519.95,4240
15-05-2026 19:15,4519.98,4541.81,4511.88,4533.4,4247
15-05-2026 19:30,4533.21,4550.3,4525.35,4543.19,4190
15-05-2026 19:45,4543.21,4562.61,4540.43,4555.47,4225
15-05-2026 20:00,4555.55,4560.25,4550.65,4556.87,4113
15-05-2026 20:15,4556.84,4566.36,4545.97,4562.72,4130
15-05-2026 20:30,4562.67,4563.58,4550.67,4552.4,4108
15-05-2026 20:45,4552.32,4553.86,4542.83,4546.91,3977
15-05-2026 21:00,4547.26,4550.31,4539.9,4541.34,4054
15-05-2026 21:15,4541.36,4543.33,4533.79,4539.77,3954
15-05-2026 21:30,4539.85,4542.31,4529.37,4532.62,3724
15-05-2026 21:45,4532.57,4542.33,4531.31,4540.78,3609
15-05-2026 22:00,4540.84,4547.4,4540,4547.15,3679
15-05-2026 22:15,4547.12,4548.01,4541.86,4544.3,3544
15-05-2026 22:30,4544.26,4558.02,4543.08,4557.07,3676
15-05-2026 22:45,4557.13,4564.39,4554.52,4557.73,3573
15-05-2026 23:00,4557.71,4563.6,4557.71,4560.8,3410
15-05-2026 23:15,4560.91,4562.61,4557.22,4559.51,3216
15-05-2026 23:30,4559.55,4561.9,4556.08,4561.68,3290
15-05-2026 23:45,4561.64,4563.02,4553.04,4558.09,3562
16-05-2026 00:00,4558.65,4558.88,4552.28,4557.6,3451
16-05-2026 00:15,4557.61,4562.77,4556.59,4559.22,3082
16-05-2026 00:30,4559.23,4560.14,4549.46,4550.36,3307
16-05-2026 00:45,4550.4,4552.66,4548.49,4550.18,3050
16-05-2026 01:00,4550.16,4554.89,4549.26,4553.12,3104
16-05-2026 01:15,4553.11,4554.02,4544.59,4545.44,3462
16-05-2026 01:30,4545.46,4546.01,4535.78,4537.97,2923
16-05-2026 01:45,4537.89,4538.69,4532.81,4538.65,2479
16-05-2026 02:00,4538.74,4543.57,4538.7,4539.89,2146
16-05-2026 02:15,4539.93,4540.72,4535.8,4539.37,1720
18-05-2026 03:30,4534.45,4554.71,4527.25,4548.14,1860
18-05-2026 03:45,4548.24,4549.91,4537.73,4540.66,1914
18-05-2026 04:00,4540.61,4553.59,4540.61,4549.8,2744
18-05-2026 04:15,4549.55,4554.46,4543.59,4546.01,2472
18-05-2026 04:30,4546.06,4548.05,4539.47,4541.57,2755
18-05-2026 04:45,4541.58,4544.32,4537.85,4537.92,2736
18-05-2026 05:00,4537.93,4541.28,4532.47,4539.1,3097
18-05-2026 05:15,4539.17,4544.09,4531.85,4537.12,3424
18-05-2026 05:30,4537.12,4542.61,4523,4526.23,4060
18-05-2026 05:45,4526.28,4533.56,4514.45,4515.79,3843
18-05-2026 06:00,4515.72,4519.09,4480.33,4481.54,4075
18-05-2026 06:15,4481.37,4516.63,4480.24,4515.89,4021
18-05-2026 06:30,4514.67,4515.88,4489.51,4495.93,4262
18-05-2026 06:45,4495.92,4509.95,4492.84,4503.95,4176
18-05-2026 07:00,4504.33,4513.44,4499.74,4512.49,4118
18-05-2026 07:15,4512.45,4535.79,4510.87,4525.38,4092
18-05-2026 07:30,4525.4,4538.52,4522.01,4536.65,3874
18-05-2026 07:45,4536.62,4540.63,4531.85,4533.61,3380
18-05-2026 08:00,4533.47,4541.12,4529.5,4536.18,3633
18-05-2026 08:15,4536,4542.78,4530.4,4533.66,3614
18-05-2026 08:30,4533.63,4535.74,4526.67,4529.43,3471
18-05-2026 08:45,4529.49,4538.32,4528.23,4535.94,3448
18-05-2026 09:00,4535.82,4547.63,4525.17,4545.67,3770
18-05-2026 09:15,4545.68,4547.76,4539.32,4541.14,3260
18-05-2026 09:30,4541.13,4549.78,4541.04,4544.32,3186
18-05-2026 09:45,4544.3,4547.15,4529.97,4532.6,3221
18-05-2026 10:00,4532.59,4544.23,4532.1,4541.64,3188
18-05-2026 10:15,4541.65,4545.58,4535.14,4540.59,3083
18-05-2026 10:30,4540.62,4542.79,4532.84,4538.15,3259
18-05-2026 10:45,4538.17,4550.6,4534.84,4548.71,3463
18-05-2026 11:00,4548.98,4551.99,4538.36,4539.52,3796
18-05-2026 11:15,4539.49,4542.92,4529.67,4530.79,3460
18-05-2026 11:30,4530.79,4540.42,4529.64,4537.3,3636
18-05-2026 11:45,4537.07,4548.08,4534.41,4537.44,3621
18-05-2026 12:00,4537.49,4546.93,4534.46,4540.64,3618
18-05-2026 12:15,4540.65,4547.48,4538.46,4546.74,3445
18-05-2026 12:30,4546.85,4549.37,4541.95,4543.53,3376
18-05-2026 12:45,4543.35,4551.21,4538.22,4550.5,3333
18-05-2026 13:00,4550.46,4559.79,4547.75,4548.96,3662
18-05-2026 13:15,4549.01,4551.69,4539.98,4546.2,3395
18-05-2026 13:30,4546.19,4548.8,4542.71,4546.57,3375
18-05-2026 13:45,4546.48,4551.42,4543.08,4547.87,3063
18-05-2026 14:00,4547.94,4552.89,4546.1,4547.96,3274
18-05-2026 14:15,4547.95,4556.89,4547.95,4549.92,3125
18-05-2026 14:30,4549.81,4551.9,4541.23,4546.23,3051
18-05-2026 14:45,4546.24,4548.89,4544.56,4544.93,2785
18-05-2026 15:00,4545.03,4546.36,4540.78,4542.84,3177
18-05-2026 15:15,4542.9,4544.59,4540.03,4542.93,2879
18-05-2026 15:30,4542.89,4544.95,4535.67,4539.14,3175
18-05-2026 15:45,4539,4542.34,4538.03,4539.63,2814
18-05-2026 16:00,4539.59,4544.02,4531.71,4543.81,3225
18-05-2026 16:15,4543.75,4547.71,4536.69,4540.17,3019
18-05-2026 16:30,4540.12,4541.7,4529.59,4539.42,3411
18-05-2026 16:45,4539.43,4540.15,4531.79,4536.21,3054
18-05-2026 17:00,4535.77,4567,4535.39,4562.05,3898
18-05-2026 17:15,4562.23,4564.32,4549.43,4550.55,3821
18-05-2026 17:30,4550.41,4556.4,4547.15,4553.35,3508
18-05-2026 17:45,4553.36,4555.14,4545.38,4550.55,3594
18-05-2026 18:00,4550.51,4570,4550.12,4569.92,3874
18-05-2026 18:15,4569.73,4574.91,4562.47,4571.12,3882
18-05-2026 18:30,4571.13,4576.81,4561.81,4567.6,3892
18-05-2026 18:45,4567.58,4576.11,4563.87,4571.83,3606
18-05-2026 19:00,4572.35,4579.81,4564.68,4566.14,4149
18-05-2026 19:15,4566.24,4584.17,4563.54,4575.87,4127
18-05-2026 19:30,4575.2,4575.55,4559.37,4564.13,4115
18-05-2026 19:45,4564.12,4568.73,4554.62,4561.58,4052
18-05-2026 20:00,4561.42,4562.91,4538.31,4547.6,4193
18-05-2026 20:15,4547.51,4548.44,4537.92,4546.44,4025
18-05-2026 20:30,4546.39,4547.89,4531.77,4540.51,4125
18-05-2026 20:45,4540.36,4542.78,4534.39,4534.63,3927
18-05-2026 21:00,4534.53,4544.27,4533.91,4538.45,3851
18-05-2026 21:15,4538.47,4546.87,4537.96,4543.51,3753
18-05-2026 21:30,4543.51,4548.9,4540.08,4548.56,3534
18-05-2026 21:45,4548.56,4550.64,4533.9,4537,3626
18-05-2026 22:00,4537.02,4544.94,4534,4543.3,3639
18-05-2026 22:15,4543.31,4554.26,4542.82,4550.13,3528
18-05-2026 22:30,4549.82,4558.24,4547.96,4553.18,3493
18-05-2026 22:45,4553.19,4555.46,4551.73,4553.86,3230
18-05-2026 23:00,4553.71,4554.13,4547.17,4548.18,3348
18-05-2026 23:15,4548.21,4549.59,4545.57,4546.92,3058
18-05-2026 23:30,4546.93,4547.72,4543.68,4545.14,3295
18-05-2026 23:45,4545.15,4545.32,4536.51,4541.92,3522
19-05-2026 00:00,4541.91,4543.98,4538.97,4541.44,3153
19-05-2026 00:15,4541.43,4543.2,4534.17,4535.68,3094
19-05-2026 00:30,4535.82,4564.96,4535.3,4554.36,4133
19-05-2026 00:45,4554.37,4555.77,4546.38,4551.52,3701
19-05-2026 01:00,4551.6,4561.22,4550.1,4558.08,3623
19-05-2026 01:15,4557.99,4562.92,4557.56,4558.54,3456
19-05-2026 01:30,4558.34,4562.84,4557.76,4562.14,1979
19-05-2026 01:45,4562.08,4566.63,4562.08,4563.14,1865
19-05-2026 02:00,4563.12,4564.88,4561.51,4564.45,1578
19-05-2026 02:15,4564.55,4566.2,4562.02,4565.67,1243
19-05-2026 03:30,4568.33,4572.87,4566.95,4572.87,1155
19-05-2026 03:45,4572.85,4574.19,4570.72,4572.4,1863
19-05-2026 04:00,4572.53,4578.08,4571.38,4576.38,1800
19-05-2026 04:15,4576.39,4576.7,4572.33,4573.71,1538
19-05-2026 04:30,4573.68,4586.63,4573.54,4585.53,2311
19-05-2026 04:45,4585.54,4588.94,4583.28,4585.49,1957
19-05-2026 05:00,4585.49,4587.98,4582.66,4585.4,1966
19-05-2026 05:15,4585.35,4586.64,4579.18,4581.75,2073
19-05-2026 05:30,4582.19,4589.02,4576.76,4578.82,3678
19-05-2026 05:45,4578.83,4585.48,4568.9,4573.56,3521
19-05-2026 06:00,4573.71,4576.03,4568.1,4570.79,3326
19-05-2026 06:15,4570.53,4572.51,4561.2,4563.38,3282
19-05-2026 06:30,4563.18,4569.22,4557.4,4565.61,3887
19-05-2026 06:45,4565.69,4568.35,4554.15,4559.11,3694
19-05-2026 07:00,4559.13,4572.24,4555.22,4570.62,3674
19-05-2026 07:15,4570.78,4571.77,4561.39,4563.81,3602
19-05-2026 07:30,4563.73,4563.73,4552.92,4554.45,3741
19-05-2026 07:45,4554.41,4562.04,4551.49,4559.6,3183
19-05-2026 08:00,4559.66,4559.66,4551.01,4556.16,3538
19-05-2026 08:15,4556.31,4557.89,4546.15,4547.13,3375
19-05-2026 08:30,4547.13,4552.66,4543.45,4551.76,3297
19-05-2026 08:45,4551.75,4552.96,4546.66,4549.13,3134
19-05-2026 09:00,4549.1,4555.06,4546.98,4547.76,2845
19-05-2026 09:15,4547.74,4549.37,4544.26,4544.93,2775
19-05-2026 09:30,4544.95,4545.64,4538.61,4540.16,3000
19-05-2026 09:45,4540.24,4543.09,4538.2,4540.26,2713
19-05-2026 10:00,4540.23,4542.14,4538.04,4539.72,2605
19-05-2026 10:15,4539.7,4543.72,4539.7,4542.37,2493
19-05-2026 10:30,4542.41,4546.53,4540.32,4544.78,2805
19-05-2026 10:45,4544.75,4545.28,4530.94,4538.46,3146
19-05-2026 11:00,4538.43,4544.1,4533.1,4538.41,3603
19-05-2026 11:15,4538.42,4543.36,4533.11,4540.83,3578
19-05-2026 11:30,4541.18,4545.79,4533.37,4541.95,3699
19-05-2026 11:45,4541.97,4553.84,4540.86,4547.83,3620
19-05-2026 12:00,4547.69,4552.76,4544.81,4552.1,3292
19-05-2026 12:15,4552.09,4552.53,4543.07,4548.09,3177
19-05-2026 12:30,4547.73,4555.19,4544.12,4548.6,3350
19-05-2026 12:45,4548.61,4550.01,4543.03,4548.23,3057
19-05-2026 13:00,4548.21,4549.05,4541.24,4542.05,3181
19-05-2026 13:15,4542.12,4559.2,4541.95,4557.14,3435
19-05-2026 13:30,4557.58,4559.19,4542.53,4546.31,3415
19-05-2026 13:45,4546.37,4547.99,4536.25,4538.25,3348
19-05-2026 14:00,4538.2,4544.89,4536.85,4543.2,2984
19-05-2026 14:15,4543.07,4548.56,4538.32,4542.68,2748
19-05-2026 14:30,4542.7,4542.7,4536.87,4539.51,3011
19-05-2026 14:45,4539.34,4546.73,4536.03,4540.6,3157
19-05-2026 15:00,4540.57,4543.03,4536.65,4539.33,3516
19-05-2026 15:15,4539.31,4544.65,4538.27,4541.77,3120
19-05-2026 15:30,4541.7,4542.19,4535.93,4541.39,2948
19-05-2026 15:45,4541.45,4541.81,4538.31,4539.87,2673
19-05-2026 16:00,4539.95,4542.87,4525.26,4528.86,3290
19-05-2026 16:15,4528.57,4544.59,4527.31,4544.59,3572
19-05-2026 16:30,4544.62,4547.92,4535.87,4536.66,3295
19-05-2026 16:45,4536.6,4542.11,4535.7,4539.25,2997
19-05-2026 17:00,4539.23,4543.07,4536.79,4542.25,3161
19-05-2026 17:15,4541.79,4542.2,4529.84,4530.64,3295
19-05-2026 17:30,4530.16,4546.6,4527.39,4542.18,3480
19-05-2026 17:45,4542.18,4544.23,4536.63,4543.44,3212
19-05-2026 18:00,4543.27,4547.08,4536.69,4537.31,3438
19-05-2026 18:15,4537.33,4541.52,4535.59,4537.16,3215
19-05-2026 18:30,4537.05,4537.42,4514.67,4524.41,3942
19-05-2026 18:45,4524.37,4526.16,4490.92,4492.01,4025
19-05-2026 19:00,4492.75,4495.51,4464.72,4476.07,4315
19-05-2026 19:15,4476.38,4510.95,4474.12,4503.68,4171
19-05-2026 19:30,4503.74,4514.21,4492.24,4492.62,4212
19-05-2026 19:45,4492.69,4500.94,4484.39,4490.07,4196
19-05-2026 20:00,4490.31,4498.65,4487.52,4494.55,4177
19-05-2026 20:15,4494.62,4496.62,4486.2,4494.03,4116
19-05-2026 20:30,4494.05,4499.73,4489.79,4498.9,4054
19-05-2026 20:45,4498.95,4504.98,4493.84,4498.8,3973
19-05-2026 21:00,4498.05,4507.62,4497.88,4502.07,3987
19-05-2026 21:15,4502.05,4509.13,4500.12,4508.36,3791
19-05-2026 21:30,4508.85,4510.23,4496.07,4500.82,3560
19-05-2026 21:45,4500.8,4511.9,4498.67,4508.5,3431
19-05-2026 22:00,4508.25,4512.28,4505.54,4505.86,3472
19-05-2026 22:15,4505.84,4509.22,4504.53,4507.65,3346
19-05-2026 22:30,4507.63,4510.73,4505.78,4510.28,3358
19-05-2026 22:45,4510.34,4510.99,4503.33,4506.91,3335
19-05-2026 23:00,4506.92,4508.27,4502.76,4504.4,3337
19-05-2026 23:15,4504.42,4504.79,4499.03,4500.74,3362
19-05-2026 23:30,4500.78,4503.66,4499.67,4500.92,3114
19-05-2026 23:45,4500.84,4501.88,4495.43,4495.96,3399
20-05-2026 00:00,4495.93,4500.8,4493.17,4499.01,3265
20-05-2026 00:15,4499.03,4500,4490.16,4493.59,3259
20-05-2026 00:30,4493.46,4497.52,4493.01,4496.92,3190
20-05-2026 00:45,4496.95,4497.25,4485.46,4486.89,3200
20-05-2026 01:00,4487.24,4489.84,4485.84,4488.29,3226
20-05-2026 01:15,4488.23,4488.78,4481.2,4483.37,3362
20-05-2026 01:30,4483.39,4486.94,4480.89,4485.41,2135
20-05-2026 01:45,4485.41,4488.08,4483.34,4486.12,1653
20-05-2026 02:00,4486.11,4486.25,4481.91,4483.37,1551
20-05-2026 02:15,4483.36,4484.09,4481.18,4481.53,1318
20-05-2026 03:30,4481.19,4485.13,4480.91,4482.37,791
20-05-2026 03:45,4482.36,4482.38,4477.58,4478.93,1594
20-05-2026 04:00,4478.94,4485.59,4477.16,4481.75,2250
20-05-2026 04:15,4481.74,4484.34,4479.1,4484.1,2251
20-05-2026 04:30,4484.01,4486.65,4479.77,4486.23,1852
20-05-2026 04:45,4485.87,4488.74,4483.23,4486.15,2015
20-05-2026 05:00,4486.13,4496.34,4485.63,4492.27,2514
20-05-2026 05:15,4492.26,4495.21,4488.13,4489.21,2457
20-05-2026 05:30,4489.22,4490.44,4479.56,4488.6,3563
20-05-2026 05:45,4488.59,4502.07,4481.24,4501.95,3828
20-05-2026 06:00,4501.87,4507.1,4499.71,4505.15,3811
20-05-2026 06:15,4505.14,4508.6,4497.88,4500.93,3619
20-05-2026 06:30,4500.92,4506.03,4487.96,4492.39,3910
20-05-2026 06:45,4492.63,4496.44,4472.59,4473.46,3846
20-05-2026 07:00,4473.46,4476.89,4456.24,4466.66,4094
20-05-2026 07:15,4466.67,4488.45,4463.02,4481.21,4034
20-05-2026 07:30,4481.18,4486.94,4476.11,4481.22,3860
20-05-2026 07:45,4481.25,4486.99,4476.41,4481.51,3600
20-05-2026 08:00,4481.44,4483.52,4460.59,4460.59,4002
20-05-2026 08:15,4460.6,4466.05,4458.54,4465.27,3682
20-05-2026 08:30,4465.18,4467.16,4453.56,4457.89,3654
20-05-2026 08:45,4457.9,4464.36,4457.38,4460.97,3328
20-05-2026 09:00,4460.67,4466.02,4457.5,4460.55,3442
20-05-2026 09:15,4460.53,4465.12,4458.13,4463.64,2886
20-05-2026 09:30,4463.65,4470.06,4463.28,4469.17,3120
20-05-2026 09:45,4469.25,4470.61,4462.39,4465.13,3003
20-05-2026 10:00,4465.12,4465.85,4460.52,4463.03,3025
20-05-2026 10:15,4462.97,4463.12,4456.62,4462.02,2809
20-05-2026 10:30,4461.9,4472.95,4461.58,4469.38,3131
20-05-2026 10:45,4469.37,4475.16,4467.12,4468.26,3059
20-05-2026 11:00,4468.33,4479.06,4468.25,4472.23,3717
20-05-2026 11:15,4472.22,4475.28,4463.19,4472.51,3460
20-05-2026 11:30,4472.57,4477.4,4467.42,4471.65,3699
20-05-2026 11:45,4472.16,4478.31,4467.79,4471.79,3788
20-05-2026 12:00,4471.82,4472.44,4461.33,4466.97,3707
20-05-2026 12:15,4466.94,4478.41,4465.3,4474.23,3608
20-05-2026 12:30,4473.5,4485.18,4471.77,4481.16,3718
20-05-2026 12:45,4481.18,4484.04,4476.31,4482.59,3466
20-05-2026 13:00,4482.61,4485.89,4475.93,4481.25,3401
20-05-2026 13:15,4481.3,4481.93,4475,4478.51,3186
20-05-2026 13:30,4478.64,4483.94,4476.64,4482.33,3521
20-05-2026 13:45,4482.3,4486.47,4478.24,4485.98,3516
20-05-2026 14:00,4486.61,4489.36,4476.71,4479.17,3548
20-05-2026 14:15,4479.21,4490.08,4479.12,4484.07,3452
20-05-2026 14:30,4484.06,4486.05,4479.68,4480.19,3248
20-05-2026 14:45,4480.2,4483.59,4472.71,4474.11,3227
20-05-2026 15:00,4473.99,4484.78,4472.83,4483.16,3252
20-05-2026 15:15,4483.31,4490.82,4481.75,4484.86,2876
20-05-2026 15:30,4484.74,4492.32,4484.66,4487.92,2755
20-05-2026 15:45,4488.01,4492.45,4487.2,4488.92,2610
20-05-2026 16:00,4489.07,4497.1,4488.47,4494.18,3052
20-05-2026 16:15,4494.19,4495.81,4490.33,4494.54,2830
20-05-2026 16:30,4494.74,4496.66,4492.69,4493,2912
20-05-2026 16:45,4492.95,4501.04,4491.06,4499.94,2773
20-05-2026 17:00,4499.95,4500.37,4493.34,4495.16,3029
20-05-2026 17:15,4495.14,4499.46,4490.8,4499.09,3177
20-05-2026 17:30,4498.96,4501.12,4495.73,4496.49,3145
20-05-2026 17:45,4496.49,4499.44,4492.96,4499.44,3377
20-05-2026 18:00,4499.63,4504.55,4499.25,4502.85,3475
20-05-2026 18:15,4502.96,4505.28,4493.84,4496.15,3188
20-05-2026 18:30,4496.11,4506.13,4493.86,4505.13,3859
20-05-2026 18:45,4505.14,4505.21,4489.49,4489.53,3740
20-05-2026 19:00,4489.59,4492.96,4482.83,4489.87,4090
20-05-2026 19:15,4489.85,4491.98,4481.94,4483,4076
20-05-2026 19:30,4482.99,4485.12,4466.98,4476.81,4055
20-05-2026 19:45,4477.35,4511.05,4476.44,4506.89,4303
20-05-2026 20:00,4506.89,4528.78,4506.89,4520.42,4249
20-05-2026 20:15,4521.55,4537.11,4516.69,4531.24,4107
20-05-2026 20:30,4531.48,4535.72,4523.09,4524.45,3979
20-05-2026 20:45,4524.46,4552.89,4524.46,4529.34,4216
20-05-2026 21:00,4529.35,4539.31,4527.72,4536.79,3941
20-05-2026 21:15,4536.8,4537.66,4527.14,4528.99,3806
20-05-2026 21:30,4529.13,4535.14,4528.23,4533.64,3445
20-05-2026 21:45,4533.61,4533.66,4524.03,4525.82,3663
20-05-2026 22:00,4526.28,4533.7,4524.09,4533.68,3553
20-05-2026 22:15,4533.76,4535.4,4530.07,4534.44,3473
20-05-2026 22:30,4534.59,4538.15,4531.11,4534.27,3474
20-05-2026 22:45,4534.27,4536.75,4530.77,4532.29,3457
20-05-2026 23:00,4532.3,4536.4,4529.74,4532.93,3339
20-05-2026 23:15,4532.95,4535.17,4530.14,4531.32,2812
20-05-2026 23:30,4531.38,4533.93,4529.21,4532.82,3102
20-05-2026 23:45,4532.72,4536.53,4531.85,4534.93,3204
21-05-2026 00:00,4534.91,4543.41,4534.91,4536.84,3002
21-05-2026 00:15,4537.13,4544.96,4536.75,4542.27,2977
21-05-2026 00:30,4542.29,4545.16,4541.73,4543.74,2742
21-05-2026 00:45,4543.79,4545.96,4543.27,4545.03,2632
21-05-2026 01:00,4544.96,4550.15,4544.96,4546.33,2795
21-05-2026 01:15,4546.73,4548.52,4545.33,4545.66,3011
21-05-2026 01:30,4545.62,4550.34,4545.28,4546.63,2031
21-05-2026 01:45,4546.64,4548.27,4543.13,4545.67,2777
21-05-2026 02:00,4545.73,4546.27,4542.66,4543.4,2064
21-05-2026 02:15,4543.26,4544.22,4541.67,4543.27,1585
21-05-2026 03:30,4546.7,4546.7,4538.38,4539.69,1726
21-05-2026 03:45,4539.72,4540.12,4534.98,4538.55,1969
21-05-2026 04:00,4538.57,4543.26,4538.57,4542.1,1861
21-05-2026 04:15,4541.99,4544.49,4537.16,4539.63,2076
21-05-2026 04:30,4539.7,4543.08,4537.94,4539.98,1856
21-05-2026 04:45,4539.97,4540.59,4534.55,4538.41,1977
21-05-2026 05:00,4538.4,4545.36,4537.92,4542.89,1928
21-05-2026 05:15,4542.87,4546.93,4541.77,4546.48,2124
21-05-2026 05:30,4546.49,4548.54,4540.1,4544.77,3510
21-05-2026 05:45,4544.75,4553.22,4537.39,4543.6,3364
21-05-2026 06:00,4543.71,4545.13,4539.65,4543.67,2855
21-05-2026 06:15,4543.65,4548.69,4542.02,4545.23,2754
21-05-2026 06:30,4545.24,4560.24,4539.93,4559.77,3859
21-05-2026 06:45,4559.89,4567.56,4557.18,4566.92,3544
21-05-2026 07:00,4566.93,4570.79,4561.51,4567.67,3661
21-05-2026 07:15,4567.65,4568.2,4559.05,4560.92,3545
21-05-2026 07:30,4561.17,4564.82,4550.65,4551.68,3535
21-05-2026 07:45,4551.6,4553.11,4539.36,4540.04,3218
21-05-2026 08:00,4540.03,4542.12,4534.04,4536.22,3612
21-05-2026 08:15,4536.24,4537.23,4531.48,4533.17,3340
21-05-2026 08:30,4532.99,4538.95,4531.55,4537.78,3110
21-05-2026 08:45,4537.9,4540.21,4532.93,4535.68,3049
21-05-2026 09:00,4535.7,4537.22,4531.77,4533.97,2504
21-05-2026 09:15,4533.96,4534.33,4527.24,4528.2,2515
21-05-2026 09:30,4528.19,4536.47,4527.31,4535.93,2576
21-05-2026 09:45,4535.95,4540.05,4534.37,4539.75,2248
21-05-2026 10:00,4539.78,4540.28,4533.75,4537.14,2206
21-05-2026 10:15,4537.15,4539.27,4535.41,4538.38,2103
21-05-2026 10:30,4538.36,4540.18,4529.73,4530.69,2892
21-05-2026 10:45,4530.75,4531.09,4521.55,4522.8,2967
21-05-2026 11:00,4522.99,4527.2,4518.45,4525.9,3580
21-05-2026 11:15,4525.92,4529.87,4518.51,4527.9,3407
21-05-2026 11:30,4527.49,4535.37,4526.56,4531.55,3381
21-05-2026 11:45,4531.53,4539.63,4528.57,4532.98,3479
21-05-2026 12:00,4533,4535.01,4522.86,4524.86,3401
21-05-2026 12:15,4524.85,4526.27,4518.78,4521.53,3472
21-05-2026 12:30,4521.57,4524.44,4518.21,4520.51,3162
21-05-2026 12:45,4520.52,4523.47,4511.75,4512.78,3227
21-05-2026 13:00,4512.97,4517.34,4512.07,4516.31,2886
21-05-2026 13:15,4516.33,4523.27,4514.14,4519.59,2603
21-05-2026 13:30,4519.61,4535.56,4518.27,4534.16,3503
21-05-2026 13:45,4534.38,4536.69,4529.16,4535.58,3508
21-05-2026 14:00,4535.32,4535.56,4526.46,4529.11,3387
21-05-2026 14:15,4529.3,4534.51,4528.25,4532.46,3419
21-05-2026 14:30,4532.44,4540.5,4531.72,4537.66,3448
21-05-2026 14:45,4537.67,4542.46,4535.49,4536.87,3277
21-05-2026 15:00,4536.73,4542.78,4529.46,4529.78,3254
21-05-2026 15:15,4529.79,4532.98,4527.79,4530.59,2839
21-05-2026 15:30,4530.49,4535.22,4529.98,4532.62,3078
21-05-2026 15:45,4532.58,4534.66,4510.55,4517.88,3375
21-05-2026 16:00,4518.04,4518.19,4504.92,4516.74,4062
21-05-2026 16:15,4516.9,4517.77,4510.77,4511.44,3793
21-05-2026 16:30,4511.55,4519.77,4510.74,4516.26,3736
21-05-2026 16:45,4516.29,4521.28,4512.52,4514.01,3456
21-05-2026 17:00,4514.11,4515.88,4508.04,4512.41,3285
21-05-2026 17:15,4512.4,4517.23,4510.89,4514.03,3206
21-05-2026 17:30,4514.46,4519.18,4513.63,4514.61,3471
21-05-2026 17:45,4514.65,4514.74,4504.37,4506.86,3484
21-05-2026 18:00,4506.86,4517.68,4505.32,4515.09,3814
21-05-2026 18:15,4514.97,4518.09,4502.46,4504,3714
21-05-2026 18:30,4503.63,4512.64,4499.57,4502.25,4030
21-05-2026 18:45,4502.24,4505.43,4495.41,4500.64,3928
21-05-2026 19:00,4500.89,4502.68,4488.55,4497.74,4113
21-05-2026 19:15,4497.6,4521.1,4495,4513.12,4166
21-05-2026 19:30,4513.2,4515.3,4502.68,4508.2,4088
21-05-2026 19:45,4507.91,4509.22,4498.12,4507.33,4104
21-05-2026 20:00,4507.31,4511.18,4502.41,4504.69,3953
21-05-2026 20:15,4504.66,4510.27,4501.7,4508.85,4004
21-05-2026 20:30,4508.71,4515.48,4496.61,4509.89,4129
21-05-2026 20:45,4509.9,4511.53,4502.24,4503.23,3989
21-05-2026 21:00,4503.36,4509.74,4502.52,4506.92,3656
21-05-2026 21:15,4506.92,4512.66,4506.58,4511.85,3464
21-05-2026 21:30,4511.88,4520.61,4511.88,4517.1,3818
21-05-2026 21:45,4517.09,4518.73,4514.49,4516.44,3661
21-05-2026 22:00,4516.43,4519.3,4515.49,4518.02,3321
21-05-2026 22:15,4518.06,4520.2,4516.2,4519.4,3156
21-05-2026 22:30,4519.45,4531.76,4514.1,4526.07,3683
21-05-2026 22:45,4526.3,4546.26,4526.1,4541.72,4169
21-05-2026 23:00,4541.49,4548.97,4538.62,4548.14,3943
21-05-2026 23:15,4548.13,4559.19,4544.9,4551.43,3996
21-05-2026 23:30,4551.48,4556.07,4542.96,4545.97,4013
21-05-2026 23:45,4546.14,4550.63,4544.31,4548.17,3792
22-05-2026 00:00,4548.44,4549.41,4542.48,4545.2,3474
22-05-2026 00:15,4545.18,4546.01,4527.34,4531.88,3988
22-05-2026 00:30,4531.9,4537.76,4529.75,4537.73,3764
22-05-2026 00:45,4537.7,4542.06,4537.66,4538.81,3206
22-05-2026 01:00,4538.58,4543.21,4538.58,4539.29,2943
22-05-2026 01:15,4539.27,4543.7,4534.67,4542.8,3406
22-05-2026 01:30,4543.04,4544.69,4541.1,4542.49,2301
22-05-2026 01:45,4542.07,4542.66,4540.16,4541.25,1591
22-05-2026 02:00,4541.26,4542.16,4540.28,4540.67,1164
22-05-2026 02:15,4540.66,4542.81,4539.41,4542.77,1125
22-05-2026 03:30,4541.81,4545.29,4539.4,4541.52,1146
22-05-2026 03:45,4541.51,4542.84,4539.73,4540.78,1327
22-05-2026 04:00,4541.1,4543.56,4539.6,4542.51,1191
22-05-2026 04:15,4542.34,4543.22,4540.68,4543.2,1226
22-05-2026 04:30,4543.12,4545.13,4542.66,4543.75,1369
22-05-2026 04:45,4543.78,4544.42,4538.19,4540.49,1421
22-05-2026 05:00,4540.44,4540.48,4532.58,4532.58,1728
22-05-2026 05:15,4532.62,4536.49,4532.5,4535.4,2122
22-05-2026 05:30,4535.39,4536.85,4530.86,4531.37,3169
22-05-2026 05:45,4531.36,4537.3,4530.24,4536.24,2810
22-05-2026 06:00,4536.27,4541,4535.79,4537.88,2690
22-05-2026 06:15,4537.99,4538.79,4525.59,4526.72,2731
22-05-2026 06:30,4526.72,4536.25,4523.27,4529.62,3619
22-05-2026 06:45,4529.39,4533.36,4526.26,4529,3172
22-05-2026 07:00,4528.99,4529.69,4520.94,4524.98,3442
22-05-2026 07:15,4524.99,4531.9,4524.66,4526.25,3433
22-05-2026 07:30,4526.21,4529.35,4521.42,4527.57,3135
22-05-2026 07:45,4527.67,4528.99,4522.67,4524.55,2570
22-05-2026 08:00,4524.53,4524.53,4518.48,4522.54,2985
22-05-2026 08:15,4522.56,4526.97,4519.39,4523.03,2837
22-05-2026 08:30,4522.99,4525.07,4520.59,4521.04,2783
22-05-2026 08:45,4521.12,4522.87,4519.13,4521.67,2518
22-05-2026 09:00,4521.68,4527.55,4521.68,4526.81,2171
22-05-2026 09:15,4526.78,4529.85,4526.35,4529.43,1871
22-05-2026 09:30,4529.51,4530.15,4527.77,4529.12,1995
22-05-2026 09:45,4529.22,4532.87,4527.57,4532.08,2105
22-05-2026 10:00,4532.05,4532.68,4525.42,4529.02,2155
22-05-2026 10:15,4528.99,4530.09,4527.05,4527.22,1725
22-05-2026 10:30,4527.14,4529.6,4523.72,4525.39,2112
22-05-2026 10:45,4525.36,4529.01,4523.35,4526.05,2118
22-05-2026 11:00,4526.1,4534.1,4525.1,4534.04,3323
22-05-2026 11:15,4534.11,4534.23,4507.36,4511.04,3226
22-05-2026 11:30,4511.07,4524.26,4509.98,4521.57,3668
22-05-2026 11:45,4521.53,4526.06,4516.44,4525.22,3435
22-05-2026 12:00,4525.11,4527.38,4521.6,4526.57,3249
22-05-2026 12:15,4526.62,4528.82,4523.84,4526.82,3102
22-05-2026 12:30,4526.8,4527.08,4521.43,4522.41,3156
22-05-2026 12:45,4522.46,4527.39,4522.08,4525.79,2874
22-05-2026 13:00,4525.84,4525.85,4516.12,4519.88,3130
22-05-2026 13:15,4519.86,4523.23,4517.52,4521.88,2759
22-05-2026 13:30,4522.11,4530.06,4521.48,4524.75,3060
22-05-2026 13:45,4524.76,4531.09,4523.82,4526.89,3440
22-05-2026 14:00,4526.91,4527.11,4516.92,4522.39,3359
22-05-2026 14:15,4522.41,4524.75,4521.46,4521.8,2892
22-05-2026 14:30,4521.79,4525.47,4517.04,4517.22,2925
22-05-2026 14:45,4517.19,4520.49,4515.04,4517.71,3036
22-05-2026 15:00,4517.7,4525.95,4514.8,4525.11,2872
22-05-2026 15:15,4525.24,4536.1,4524.62,4532.2,2816
22-05-2026 15:30,4532.32,4536.76,4529.53,4533.88,2734
22-05-2026 15:45,4533.85,4534.16,4524.52,4524.77,2634
22-05-2026 16:00,4524.68,4525.39,4512.18,4512.44,3166
22-05-2026 16:15,4512.31,4515.01,4510.31,4514.47,2902
22-05-2026 16:30,4514.29,4517.22,4513.77,4515.91,2799
22-05-2026 16:45,4515.9,4515.91,4511.8,4511.99,2596
22-05-2026 17:00,4511.96,4523,4511.39,4521.63,2836
22-05-2026 17:15,4521.81,4525.05,4520.06,4520.6,3031
22-05-2026 17:30,4520.56,4530.08,4519.04,4529.2,3300
22-05-2026 17:45,4529.21,4535.74,4521.08,4521.69,3752
22-05-2026 18:00,4521.61,4523.54,4515,4518.63,3491
22-05-2026 18:15,4518.55,4528.34,4517.42,4528.19,3344
22-05-2026 18:30,4528.06,4534.25,4520.75,4528.13,3881
22-05-2026 18:45,4528.13,4529.66,4521.36,4521.98,3609
22-05-2026 19:00,4521.97,4527.05,4511.28,4517.62,4041
22-05-2026 19:15,4517.68,4518.9,4510.16,4513.68,3915
22-05-2026 19:30,4513.78,4513.78,4492.9,4497.53,4117
22-05-2026 19:45,4497.58,4500.48,4491.78,4498.97,4144
22-05-2026 20:00,4499.04,4505.95,4497.22,4504.42,3829
22-05-2026 20:15,4504.38,4507.22,4500.35,4500.57,3511
22-05-2026 20:30,4500.56,4511.89,4500.21,4511.12,3678
22-05-2026 20:45,4511.42,4519.25,4511,4519.21,3432
22-05-2026 21:00,4519.45,4522.29,4517.27,4518.13,3531
22-05-2026 21:15,4518.16,4521.92,4514.62,4519.97,3374
22-05-2026 21:30,4520.07,4520.34,4516.84,4519.51,3171
22-05-2026 21:45,4519.35,4524.17,4516.8,4523.66,3057
22-05-2026 22:00,4523.67,4526.74,4513.46,4514.92,3311
22-05-2026 22:15,4514.85,4517.98,4512.3,4514.86,3235
22-05-2026 22:30,4514.93,4520.98,4514.77,4519.34,3104
22-05-2026 22:45,4519.27,4525.87,4513,4525.37,3491
22-05-2026 23:00,4525.29,4527.83,4519.34,4522.16,3564
22-05-2026 23:15,4522.14,4522.75,4518.55,4519.13,3225
22-05-2026 23:30,4519.24,4519.39,4511.88,4513.77,3136
22-05-2026 23:45,4513.76,4517.77,4512.43,4515.31,2855
23-05-2026 00:00,4514.99,4520.23,4513.81,4515.13,2588
23-05-2026 00:15,4515.17,4515.94,4512.84,4515.09,2659
23-05-2026 00:30,4515.12,4515.8,4507,4507.24,3159
23-05-2026 00:45,4507.24,4508.97,4506.27,4507.07,2594
23-05-2026 01:00,4507,4510.37,4503.86,4509.23,2711
23-05-2026 01:15,4509.24,4509.52,4506.24,4507.93,2805
23-05-2026 01:30,4507.86,4508.85,4504.42,4507.53,1539
23-05-2026 01:45,4507.58,4510.09,4506.44,4509.84,1239
23-05-2026 02:00,4509.8,4510.1,4504.09,4504.26,1813
23-05-2026 02:15,4504.22,4509.09,4503.47,4508.64,1457
25-05-2026 03:30,4530.45,4557.34,4526.93,4554.88,2764
25-05-2026 03:45,4555.06,4556.1,4548.49,4551.63,2733
25-05-2026 04:00,4551.38,4560.64,4551.2,4558.1,2483
25-05-2026 04:15,4558.25,4565.27,4557.8,4564.79,2224
25-05-2026 04:30,4564.77,4576.39,4564.77,4574.43,2503
25-05-2026 04:45,4574.44,4578.25,4573.54,4574.93,2052
25-05-2026 05:00,4574.96,4579.81,4574.9,4577.22,2177
25-05-2026 05:15,4577.14,4578.2,4565.76,4567.05,2557
25-05-2026 05:30,4566.9,4575.75,4566.1,4572.58,3129
25-05-2026 05:45,4572.6,4575.4,4569.9,4572.24,2875
25-05-2026 06:00,4572.98,4575.49,4570.84,4571.46,2556
25-05-2026 06:15,4571.55,4579.43,4566.13,4569.35,3159
25-05-2026 06:30,4569.33,4576.24,4560.37,4565.6,3942
25-05-2026 06:45,4565.48,4575.3,4562.19,4573.36,3445
25-05-2026 07:00,4573.43,4574.75,4563.19,4563.34,3245
25-05-2026 07:15,4563.26,4567.16,4560.15,4562.75,3113
25-05-2026 07:30,4562.7,4568.25,4561.24,4561.83,3174
25-05-2026 07:45,4562.04,4563.33,4558.92,4562.84,2507
25-05-2026 08:00,4563.28,4569.42,4561.58,4569.39,2939
25-05-2026 08:15,4569.56,4570.12,4559.43,4561.24,2772
25-05-2026 08:30,4561.31,4564.33,4560.37,4563.09,2876
25-05-2026 08:45,4563.13,4564.44,4560.13,4560.59,2613
25-05-2026 09:00,4560.73,4564.1,4558.08,4558.5,2421
25-05-2026 09:15,4558.48,4561.2,4556.88,4559.72,2264
25-05-2026 09:30,4559.66,4562.57,4559.34,4560.94,1883
25-05-2026 09:45,4560.71,4565.86,4559.97,4565.11,1938
25-05-2026 10:00,4565.12,4565.48,4559.69,4562.26,1965
25-05-2026 10:15,4562.3,4565.64,4562.18,4564.77,1452
25-05-2026 10:30,4564.78,4565.93,4562.92,4563.57,1675
25-05-2026 10:45,4563.47,4563.64,4554.01,4554.14,2090
25-05-2026 11:00,4554.13,4560.89,4552.71,4556.89,2815
25-05-2026 11:15,4556.88,4557.8,4551.89,4553.3,2729
25-05-2026 11:30,4553.13,4555.75,4550.38,4553.83,2975
25-05-2026 11:45,4553.85,4557.23,4552.14,4554.12,2879
25-05-2026 12:00,4554.13,4557.31,4553.48,4556.3,2672
25-05-2026 12:15,4556.2,4563.16,4556.02,4562.36,2946
25-05-2026 12:30,4562.64,4564.71,4560.68,4560.74,2867
25-05-2026 12:45,4560.75,4561.13,4552.62,4554.44,3196
25-05-2026 13:00,4554.42,4561.75,4554.16,4559.83,2739
25-05-2026 13:15,4559.82,4565.05,4558.63,4564.72,2325
25-05-2026 13:30,4564.71,4564.93,4559.59,4561.02,2241
25-05-2026 13:45,4561.02,4561.31,4553.72,4554.87,2321
25-05-2026 14:00,4555.1,4557.96,4553.59,4554.53,2227
25-05-2026 14:15,4554.54,4556.53,4553.35,4556.07,1810
25-05-2026 14:30,4556.06,4558.66,4554.95,4555.4,1746
25-05-2026 14:45,4555.38,4558.9,4555.38,4558.8,1577
25-05-2026 15:00,4558.79,4565.99,4558.31,4565.69,2406
25-05-2026 15:15,4565.68,4569.05,4564.51,4567.56,2142
25-05-2026 15:30,4567.61,4572.44,4567.54,4571.87,2314
25-05-2026 15:45,4571.86,4573.66,4569.83,4570.89,2312
25-05-2026 16:00,4570.92,4573.1,4568.45,4569.98,2233
25-05-2026 16:15,4569.94,4572.28,4568.51,4568.57,1628
25-05-2026 16:30,4568.66,4572.38,4567.55,4572.04,1616
25-05-2026 16:45,4572.02,4575.24,4569.47,4571.59,2190
25-05-2026 17:00,4571.58,4576.09,4571.5,4574.46,2353
25-05-2026 17:15,4574.47,4576.89,4569.37,4569.46,2279
25-05-2026 17:30,4569.32,4569.49,4556.09,4556.27,3077
25-05-2026 17:45,4556.2,4560.89,4552.78,4560.29,2766
25-05-2026 18:00,4560.32,4570.09,4559.82,4566.44,2741
25-05-2026 18:15,4566.44,4568.71,4564.1,4567.64,2581
25-05-2026 18:30,4567.61,4571.23,4561.59,4564.31,3332
25-05-2026 18:45,4564.33,4564.53,4560.5,4561.79,2821
25-05-2026 19:00,4561.78,4565.5,4561.46,4564.99,2889
25-05-2026 19:15,4564.98,4565.25,4560.05,4563.03,2812
25-05-2026 19:30,4563.08,4569.85,4562.34,4567.61,2802
25-05-2026 19:45,4567.62,4570.46,4567.29,4567.82,2564
25-05-2026 20:00,4567.8,4568.45,4565.03,4566.95,2521
25-05-2026 20:15,4566.96,4568.89,4565.31,4566.75,2717
25-05-2026 20:30,4566.72,4573.44,4565.58,4570.06,2934
25-05-2026 20:45,4570.04,4574.56,4567.91,4573.26,2953
25-05-2026 21:00,4573.33,4573.4,4566.66,4568.95,2266
25-05-2026 21:15,4568.93,4572.69,4568.71,4570.82,1723
25-05-2026 21:30,4570.86,4570.95,4568.56,4570.51,1731
25-05-2026 21:45,4570.52,4570.57,4568.06,4568.16,1463
25-05-2026 22:00,4568.14,4572.33,4567.92,4572.08,1908
25-05-2026 22:15,4572.09,4574.57,4570.67,4573.52,1995
25-05-2026 22:30,4573.38,4577.73,4573.37,4574.09,2065
25-05-2026 22:45,4574.08,4574.52,4570.33,4571.37,1535
25-05-2026 23:00,4571.3,4571.43,4566.36,4566.77,1324
25-05-2026 23:15,4566.76,4566.78,4563.38,4565.04,1485
25-05-2026 23:30,4565.02,4571.35,4564.34,4569.04,1373
25-05-2026 23:45,4569.05,4570.61,4567.29,4569.69,923
26-05-2026 03:30,4571.7,4573.76,4569.92,4573,1279
26-05-2026 03:45,4573.02,4575.05,4572.45,4572.76,1560
26-05-2026 04:00,4572.77,4574.96,4569.42,4573.81,1964
26-05-2026 04:15,4573.8,4576.42,4573.24,4574.68,1732
26-05-2026 04:30,4574.58,4579.06,4573.69,4579.04,1908
26-05-2026 04:45,4579.03,4580.51,4567.1,4568.22,2060
26-05-2026 05:00,4568.23,4568.46,4555.02,4556.42,2836
26-05-2026 05:15,4556.51,4562.79,4556.51,4559.56,2372
26-05-2026 05:30,4559.6,4559.6,4548.24,4552.13,3484
26-05-2026 05:45,4552.17,4553.3,4541.4,4549.2,3329
26-05-2026 06:00,4549.28,4552.9,4543.58,4548.15,3070
26-05-2026 06:15,4548.13,4551.6,4539.34,4549.51,3184
26-05-2026 06:30,4549.54,4550,4542.37,4548.56,3739
26-05-2026 06:45,4548.45,4549.01,4541.78,4543.66,3426
26-05-2026 07:00,4543.65,4544.09,4527.53,4532.16,3766
26-05-2026 07:15,4532.14,4537.27,4531.32,4536.92,3277
26-05-2026 07:30,4536.9,4539.49,4535.38,4538.41,2840
26-05-2026 07:45,4538.65,4538.92,4536.29,4536.75,2248
26-05-2026 08:00,4536.74,4538.45,4533.52,4533.92,2825
26-05-2026 08:15,4533.91,4534.66,4530.09,4532.11,2655
26-05-2026 08:30,4532.1,4538.18,4531.95,4536.86,2463
26-05-2026 08:45,4536.83,4543.66,4536.69,4542.15,2540
26-05-2026 09:00,4542.14,4545.35,4540.93,4541.38,1940
26-05-2026 09:15,4541.24,4543.72,4540.71,4542.27,1455
26-05-2026 09:30,4542.29,4543.14,4536.15,4537.48,1667
26-05-2026 09:45,4537.48,4539.38,4532.45,4532.5,1682
26-05-2026 10:00,4532.48,4533.15,4525.21,4526.13,2213
26-05-2026 10:15,4526.15,4528.98,4523.49,4525.35,2354
26-05-2026 10:30,4525.29,4531.37,4522.91,4529.18,2518
26-05-2026 10:45,4529.03,4531.35,4528.75,4531.21,1881
26-05-2026 11:00,4530.98,4535.04,4527.91,4529.71,3181
26-05-2026 11:15,4529.7,4529.87,4523.51,4527.16,3079
26-05-2026 11:30,4527.21,4532.76,4526.95,4531.61,3048
26-05-2026 11:45,4531.64,4536.1,4528.26,4530.41,2756
26-05-2026 12:00,4530.42,4533.92,4528.63,4533.72,2889
26-05-2026 12:15,4533.75,4533.97,4528.42,4530.88,2754
26-05-2026 12:30,4530.92,4533.82,4525.82,4528.54,3378
26-05-2026 12:45,4528.56,4531.1,4522.02,4529.54,3124
26-05-2026 13:00,4529.59,4529.8,4521.63,4526.66,3235
26-05-2026 13:15,4526.67,4538.86,4525.22,4538.15,3173
26-05-2026 13:30,4538.16,4538.82,4527.06,4527.52,3113
26-05-2026 13:45,4527.66,4529.9,4520.53,4522.39,2888
26-05-2026 14:00,4522.17,4526.29,4520.12,4525.36,3028
26-05-2026 14:15,4525.34,4527.33,4520.23,4523.64,2775
26-05-2026 14:30,4524.11,4524.94,4519.29,4520.45,2645
26-05-2026 14:45,4520.47,4526.38,4518.14,4524.8,3102
26-05-2026 15:00,4524.82,4525.23,4512.04,4513.17,3108
26-05-2026 15:15,4513.13,4523.4,4513,4522.63,2877
26-05-2026 15:30,4522.69,4532.07,4519.35,4529.34,3076
26-05-2026 15:45,4529.3,4535.3,4527.49,4533.38,2874
26-05-2026 16:00,4533.42,4538.67,4531.39,4533.02,3176
26-05-2026 16:15,4533.11,4540.46,4533.04,4534.43,2977
26-05-2026 16:30,4534.6,4536.3,4531.64,4531.64,2630
26-05-2026 16:45,4531.71,4532.63,4522.74,4523.7,2945
26-05-2026 17:00,4523.5,4523.72,4504.55,4510.01,3747
26-05-2026 17:15,4509.98,4515.52,4503.51,4507.12,3403
26-05-2026 17:30,4507.17,4512.17,4504.62,4510.16,3493
26-05-2026 17:45,4510.18,4515.88,4503.67,4506.08,3266
26-05-2026 18:00,4506.12,4511.96,4500.65,4511.96,3426
26-05-2026 18:15,4511.94,4523.58,4510.49,4520.35,3457
26-05-2026 18:30,4520.29,4526.39,4516.47,4518.37,3473
26-05-2026 18:45,4518.36,4527.51,4518.11,4522.42,3442
26-05-2026 19:00,4522.52,4531.12,4521.23,4527.21,3972
26-05-2026 19:15,4527.52,4529.22,4512.23,4513.75,3952
26-05-2026 19:30,4513.87,4520.31,4507.79,4511.05,3907
26-05-2026 19:45,4510.87,4517.87,4508.63,4517.56,3600
26-05-2026 20:00,4517.55,4524.89,4516.83,4521.33,3631
26-05-2026 20:15,4521.24,4522.09,4512.64,4515.21,3552
26-05-2026 20:30,4515.51,4515.51,4508.01,4509.41,3662
26-05-2026 20:45,4509.39,4510.39,4504.82,4505.93,3499
26-05-2026 21:00,4505.99,4508.91,4502.22,4508.24,3577
26-05-2026 21:15,4508.15,4510.72,4505.93,4506.4,3359
26-05-2026 21:30,4506.95,4508.44,4500.44,4501.49,3068
26-05-2026 21:45,4501.46,4508.8,4499.4,4507.91,3006
26-05-2026 22:00,4507.9,4511.14,4506.06,4506.43,3022
26-05-2026 22:15,4506.44,4507.85,4502.99,4504.81,2946
26-05-2026 22:30,4504.82,4507.35,4503.16,4503.71,2877
26-05-2026 22:45,4503.65,4507.43,4500.38,4501.48,3079
26-05-2026 23:00,4501.31,4501.56,4496.93,4498.48,3228
26-05-2026 23:15,4498.46,4501.19,4490,4490.84,2917
26-05-2026 23:30,4490.74,4493.18,4482.33,4487.27,3161
26-05-2026 23:45,4487.2,4496.15,4486.4,4495.2,2736
27-05-2026 00:00,4495.17,4498.39,4494.12,4496.07,2410
27-05-2026 00:15,4496.05,4499.6,4496.05,4499.24,2444
27-05-2026 00:30,4499.3,4501.11,4497.64,4499.36,2338
27-05-2026 00:45,4499.39,4504.67,4499.32,4502.05,2384
27-05-2026 01:00,4502.02,4505.86,4500.77,4504.79,2386
27-05-2026 01:15,4504.81,4509.9,4504.1,4508.93,2742
27-05-2026 01:30,4508.89,4510.97,4506.14,4507.83,1573
27-05-2026 01:45,4507.9,4509.87,4506.25,4506.52,1079
27-05-2026 02:00,4506.53,4509.78,4505.95,4508.78,828
27-05-2026 02:15,4508.82,4509.85,4503.71,4507.04,1260
27-05-2026 03:30,4502.1,4509.61,4492.7,4504.32,1747
27-05-2026 03:45,4504.36,4509.77,4502.24,4503.97,1964
27-05-2026 04:00,4503.98,4505.78,4497.8,4500.34,1998
27-05-2026 04:15,4500.39,4512.27,4499.28,4510.76,1826
27-05-2026 04:30,4510.78,4513.59,4507.53,4508.74,1852
27-05-2026 04:45,4508.68,4512.15,4504.42,4512.15,1979
27-05-2026 05:00,4512.16,4527.01,4511.04,4526.82,2416
27-05-2026 05:15,4526.94,4527.64,4518.57,4519.69,2445
27-05-2026 05:30,4519.42,4525.72,4517.29,4522.03,2874
27-05-2026 05:45,4521.98,4522.5,4513.99,4517.88,2718
27-05-2026 06:00,4517.92,4520.82,4516.82,4518.65,2353
27-05-2026 06:15,4518.62,4522.16,4514.64,4515.08,2479
27-05-2026 06:30,4515.09,4520.85,4512.58,4519.43,3468
27-05-2026 06:45,4519.41,4521.08,4514.4,4515.88,2734
27-05-2026 07:00,4516.09,4517.05,4509.33,4509.99,2823
27-05-2026 07:15,4510.03,4510.51,4506.84,4507.84,2580
27-05-2026 07:30,4507.93,4509.43,4502.13,4504.12,3000
27-05-2026 07:45,4504.1,4505.72,4499.03,4505.47,2348
27-05-2026 08:00,4505.46,4506,4498.64,4499.89,2523
27-05-2026 08:15,4499.82,4506.84,4498.02,4505.7,2252
27-05-2026 08:30,4505.68,4510.22,4504.97,4509.09,2274
27-05-2026 08:45,4509.11,4511.86,4505.52,4507.04,2265
27-05-2026 09:00,4507.05,4507.18,4501.64,4504.08,1790
27-05-2026 09:15,4504.1,4505.42,4496.57,4497.05,1753
27-05-2026 09:30,4497.03,4503.13,4495.83,4502.97,1871
27-05-2026 09:45,4502.98,4503.29,4499.51,4499.51,1823
27-05-2026 10:00,4499.47,4508.37,4497.74,4508.36,2139
27-05-2026 10:15,4508.33,4517.23,4508.33,4510.1,2522
27-05-2026 10:30,4510.13,4513.86,4508.31,4509.04,2365
27-05-2026 10:45,4509.06,4509.06,4504.07,4507.19,2341
27-05-2026 11:00,4507.15,4508.79,4491.73,4493.43,3717
27-05-2026 11:15,4493.4,4502.29,4491.88,4497.46,3537
27-05-2026 11:30,4497.39,4499.14,4493.76,4494.03,3496
27-05-2026 11:45,4494.01,4495.86,4483.47,4486.18,3525
27-05-2026 12:00,4486.26,4487.51,4479.57,4487.44,3368
27-05-2026 12:15,4487.43,4490.16,4483.47,4485.16,2991
27-05-2026 12:30,4485.64,4488.5,4480.13,4480.19,3069
27-05-2026 12:45,4480.27,4489.09,4480.27,4486.18,2934
27-05-2026 13:00,4486.16,4488.48,4481.15,4482.69,2876
27-05-2026 13:15,4482.64,4483.94,4475.67,4481.93,2868
27-05-2026 13:30,4481.49,4489.16,4481.49,4486.16,3141
27-05-2026 13:45,4486.26,4492.65,4485.97,4489.04,2813
27-05-2026 14:00,4489.05,4496.63,4486.07,4496.08,2700
27-05-2026 14:15,4496.01,4498.68,4492.51,4497.78,2652
27-05-2026 14:30,4497.79,4497.79,4488.61,4491.67,2641
27-05-2026 14:45,4491.69,4495.18,4489.31,4489.99,2274
27-05-2026 15:00,4490.01,4492.16,4486.97,4488.58,2175
27-05-2026 15:15,4488.55,4493.17,4488.14,4490.13,1890
27-05-2026 15:30,4490.07,4490.54,4484.23,4485.43,2276
27-05-2026 15:45,4485.37,4486.32,4476.37,4476.97,2624
27-05-2026 16:00,4476.96,4477.05,4461.86,4465.75,3372
27-05-2026 16:15,4465.57,4466.93,4442.64,4445.68,3829
27-05-2026 16:30,4446.12,4453.17,4443.56,4451.21,3435
27-05-2026 16:45,4451.05,4452.23,4439.64,4440.85,3400
27-05-2026 17:00,4440.81,4444.14,4432.31,4443.08,3432
27-05-2026 17:15,4443.02,4444.67,4424.83,4428.21,3312
27-05-2026 17:30,4428.25,4437.67,4428.13,4430.39,3495
27-05-2026 17:45,4430.16,4466.36,4427.26,4454.62,4038
27-05-2026 18:00,4454.93,4460.04,4444.74,4446.99,3924
27-05-2026 18:15,4447.04,4448.12,4437.52,4438.81,3533
27-05-2026 18:30,4438.39,4438.99,4411.09,4416.69,4095
27-05-2026 18:45,4416.61,4421.26,4401.44,4405.12,3997
27-05-2026 19:00,4404.8,4425.66,4404.22,4419.39,4170
27-05-2026 19:15,4419.22,4434.02,4418.37,4427.41,4032
27-05-2026 19:30,4427.72,4455.44,4425.98,4447.98,4026
27-05-2026 19:45,4447.89,4455.08,4440.08,4445.49,3973
27-05-2026 20:00,4445.48,4449.07,4435.53,4443.06,3897
27-05-2026 20:15,4443.03,4446.19,4433.13,4433.89,3690
27-05-2026 20:30,4433.72,4438.37,4428.07,4431.9,3599
27-05-2026 20:45,4431.85,4435.81,4429.64,4435.73,3267
27-05-2026 21:00,4436.63,4441.46,4432.98,4434,3329
27-05-2026 21:15,4434.02,4438.71,4430.91,4436.41,3197
27-05-2026 21:30,4436.43,4441.83,4434.09,4440.12,3036
27-05-2026 21:45,4440.17,4447.65,4439.82,4446.74,2752
27-05-2026 22:00,4446.71,4453.14,4445.21,4450.75,2703
27-05-2026 22:15,4450.76,4453.21,4449.31,4450.77,2682
27-05-2026 22:30,4450.79,4451.55,4441.39,4444.04,3209
27-05-2026 22:45,4444.03,4451.22,4443.24,4449.77,2934
27-05-2026 23:00,4450.14,4454.23,4450.03,4450.6,2659
27-05-2026 23:15,4450.57,4453.98,4449.99,4450.28,2449
27-05-2026 23:30,4450.09,4452.06,4447.62,4450.03,2433
27-05-2026 23:45,4450.06,4458.51,4449.82,4455.45,2476
28-05-2026 00:00,4455.47,4456.36,4451.27,4453.31,2008
28-05-2026 00:15,4453.16,4454.92,4452.28,4454.28,1905
28-05-2026 00:30,4454.27,4454.73,4450.5,4451.74,1996
28-05-2026 00:45,4451.7,4453.98,4449.69,4450.98,2155
28-05-2026 01:00,4450.98,4454.67,4449.69,4453.6,2055
28-05-2026 01:15,4453.66,4453.68,4448.89,4450.9,2151
28-05-2026 01:30,4450.78,4455.12,4450.12,4455.09,1270
28-05-2026 01:45,4455.13,4458.77,4454.63,4454.95,1321
28-05-2026 02:00,4454.96,4455.58,4451.5,4453.56,1047
28-05-2026 02:15,4453.54,4456.02,4452.24,4455.94,816
28-05-2026 03:30,4463.01,4464.7,4454.93,4457.59,1152
28-05-2026 03:45,4457.6,4461.61,4456.26,4459.54,1490
28-05-2026 04:00,4459.5,4462.21,4455.05,4458.32,1747
28-05-2026 04:15,4458.31,4458.67,4455.5,4457.15,1370
28-05-2026 04:30,4457.16,4457.66,4451.66,4453.44,1879
28-05-2026 04:45,4453.45,4454.88,4449.3,4450.69,2249
28-05-2026 05:00,4450.7,4453.97,4449.29,4450.7,1933
28-05-2026 05:15,4450.71,4450.71,4444.08,4447.04,2477
28-05-2026 05:30,4447.07,4452.47,4444.43,4444.55,2976
28-05-2026 05:45,4444.53,4453.86,4443.94,4446.19,3057
28-05-2026 06:00,4446.21,4453.13,4443.86,4451.92,2741
28-05-2026 06:15,4452.2,4457.77,4450.59,4457.02,2554
28-05-2026 06:30,4457.37,4458.64,4437.79,4438.16,3636
28-05-2026 06:45,4438.14,4440.45,4417.3,4419.13,3598
28-05-2026 07:00,4419.13,4426.39,4415.83,4417.52,3707
28-05-2026 07:15,4417.62,4420.35,4406.91,4409.94,3751
28-05-2026 07:30,4409.92,4412.43,4396.56,4402.63,3662
28-05-2026 07:45,4402.67,4408.08,4399.56,4406.07,2967
28-05-2026 08:00,4406.03,4410.39,4400.69,4402.01,3284
28-05-2026 08:15,4402,4402.28,4392.54,4394.27,3314
28-05-2026 08:30,4394.31,4397.8,4390.17,4394.11,3364
28-05-2026 08:45,4394.09,4394.36,4382.36,4387.67,3532
28-05-2026 09:00,4387.53,4387.87,4370.78,4376.65,3668
28-05-2026 09:15,4376.28,4379.03,4368.36,4374.78,3386
28-05-2026 09:30,4374.76,4381.91,4369.73,4376.34,3250
28-05-2026 09:45,4376.41,4376.94,4366.52,4368.32,3253
28-05-2026 10:00,4368.34,4374.95,4368.28,4373.98,3076
28-05-2026 10:15,4373.99,4375.09,4368.24,4372.94,2945
28-05-2026 10:30,4373.09,4377.17,4367.1,4375.3,2950
28-05-2026 10:45,4375.24,4379.93,4371.63,4378.58,2851
28-05-2026 11:00,4378.95,4393.58,4374.98,4389.42,3666
28-05-2026 11:15,4389.45,4395.75,4387.62,4387.97,3292
28-05-2026 11:30,4388.07,4390.58,4374.72,4375.85,3281
28-05-2026 11:45,4375.86,4384.74,4374.19,4380.48,3204
28-05-2026 12:00,4380.43,4385.25,4376.83,4380.43,3037
28-05-2026 12:15,4380.42,4384.59,4379.15,4383.43,3050
28-05-2026 12:30,4383.47,4392.36,4383.47,4388.75,3139
28-05-2026 12:45,4389.17,4396.2,4386.26,4392.6,2980
28-05-2026 13:00,4392.52,4393.64,4385.43,4389.33,2921
28-05-2026 13:15,4389.27,4390.89,4382.8,4387.48,3055
28-05-2026 13:30,4387.59,4394.84,4386.33,4393.24,3220
28-05-2026 13:45,4393.17,4394.52,4387.38,4389.6,3109
28-05-2026 14:00,4389.61,4394.91,4386.14,4389.88,2927
28-05-2026 14:15,4389.97,4391.76,4385.8,4386.82,2580
28-05-2026 14:30,4386.7,4390.99,4386.35,4389.29,2777
28-05-2026 14:45,4389.19,4398.77,4388.57,4396.42,2879
28-05-2026 15:00,4396.07,4396.8,4390.11,4391.05,3080
28-05-2026 15:15,4391.1,4396.25,4389.75,4393.51,2855
28-05-2026 15:30,4393.52,4404,4391.47,4399.23,2845
28-05-2026 15:45,4399.69,4402.39,4393.59,4401.08,2757
28-05-2026 16:00,4401.07,4402.45,4388.07,4389.03,2955
28-05-2026 16:15,4388.87,4388.93,4375.32,4382.94,3531
28-05-2026 16:30,4382.49,4389.23,4381.54,4386.89,3148
28-05-2026 16:45,4386.76,4390.41,4384.26,4384.78,2820
28-05-2026 17:00,4384.81,4390.25,4381.25,4385.7,3030
28-05-2026 17:15,4385.72,4388.36,4381,4387.9,3114
28-05-2026 17:30,4387.88,4392.93,4387.88,4392.6,2951
28-05-2026 17:45,4392.57,4392.8,4379.58,4384.94,3025
28-05-2026 18:00,4384.96,4402.78,4383.69,4402.02,3776
28-05-2026 18:15,4402.33,4433.85,4401.52,4432.15,3791
28-05-2026 18:30,4432.23,4438.86,4425.04,4426.67,3973
28-05-2026 18:45,4426.95,4434.26,4425.69,4428.66,3584
28-05-2026 19:00,4428.92,4430.83,4418.14,4421.91,4068
28-05-2026 19:15,4421.65,4434.19,4421.62,4430.46,3857
28-05-2026 19:30,4430.02,4467.1,4420.79,4464.32,4060
28-05-2026 19:45,4464.34,4473.36,4451.52,4460.98,4223
28-05-2026 20:00,4460.9,4471.45,4452.85,4468.73,4129
28-05-2026 20:15,4468.83,4480.32,4461.98,4469.25,4120
28-05-2026 20:30,4469.75,4480.74,4468.68,4471.32,3946
28-05-2026 20:45,4471.39,4482.04,4469.28,4476.69,3700
28-05-2026 21:00,4477.19,4484.87,4477.19,4479.33,3625
28-05-2026 21:15,4479.3,4482.33,4478.55,4482.23,3148
28-05-2026 21:30,4482.25,4485.9,4477.89,4484.26,3254
28-05-2026 21:45,4484.33,4502.76,4484.1,4500.39,3817
28-05-2026 22:00,4500.61,4506.12,4497.63,4504.27,3373
28-05-2026 22:15,4504.25,4510.91,4504.25,4510.9,3324
28-05-2026 22:30,4511.02,4514.49,4503.51,4503.85,3367
28-05-2026 22:45,4503.85,4506.77,4501.15,4501.97,3334
28-05-2026 23:00,4502.44,4507.15,4502.4,4505,2795
28-05-2026 23:15,4505.01,4509.89,4504.63,4508.84,2762
28-05-2026 23:30,4508.88,4516.51,4506.2,4507.59,3235
28-05-2026 23:45,4507.62,4512.72,4505.4,4506.22,3241
29-05-2026 00:00,4506.23,4506.39,4500.85,4501.69,2919
29-05-2026 00:15,4501.7,4503.55,4498.5,4500.99,2820
29-05-2026 00:30,4501.39,4503.67,4498.58,4499.51,2525
29-05-2026 00:45,4499.57,4502.92,4499.57,4499.71,2233
29-05-2026 01:00,4499.78,4501.84,4498.95,4499.2,2265
29-05-2026 01:15,4499.64,4500.44,4497.05,4497.97,2677
29-05-2026 01:30,4497.78,4498.56,4494.85,4497.06,1895
29-05-2026 01:45,4497.08,4500.55,4496.35,4499.3,1456
29-05-2026 02:00,4499.32,4500.69,4494.92,4495.51,1490
29-05-2026 02:15,4495.55,4496.19,4494.53,4495.31,1096
29-05-2026 03:30,4498.97,4498.97,4491.18,4493.36,1039
29-05-2026 03:45,4493.32,4496.14,4492.5,4495.47,1131
29-05-2026 04:00,4495.48,4496.37,4493,4495.41,1545
29-05-2026 04:15,4495.41,4495.98,4490.76,4490.88,1383
29-05-2026 04:30,4490.89,4495.61,4490.89,4494.61,1560
29-05-2026 04:45,4494.64,4496.93,4491.73,4492.19,1392
29-05-2026 05:00,4492.18,4494.57,4489.15,4489.93,1977
29-05-2026 05:15,4489.95,4496.31,4488.99,4495.09,2134
29-05-2026 05:30,4495.19,4498.16,4492.16,4497.35,3131
29-05-2026 05:45,4497.15,4500.44,4495.86,4499.99,2684
29-05-2026 06:00,4499.86,4500.26,4493.34,4498.24,2481
29-05-2026 06:15,4498.22,4498.22,4493.25,4496.06,2449
29-05-2026 06:30,4496.25,4515.21,4492.36,4514.87,3830
29-05-2026 06:45,4514.87,4520.51,4505.23,4505.41,3528
29-05-2026 07:00,4505.39,4508.39,4502.43,4506.41,3374
29-05-2026 07:15,4506.39,4507.37,4501.05,4506.47,3158
29-05-2026 07:30,4506.41,4511.13,4504.07,4506.79,3075
29-05-2026 07:45,4506.83,4508.86,4501.86,4503.01,2364
29-05-2026 08:00,4503.02,4507.87,4498.37,4505.08,2879
29-05-2026 08:15,4505.09,4508.11,4501.26,4501.73,2820
29-05-2026 08:30,4501.52,4502.02,4494.97,4496.34,3092
29-05-2026 08:45,4496.39,4499.17,4495.21,4496.82,2866
29-05-2026 09:00,4496.82,4499.14,4494.83,4498.04,2192
29-05-2026 09:15,4498.03,4501.49,4496.32,4501.24,2104
29-05-2026 09:30,4501.13,4505.29,4500.99,4502.35,2197
29-05-2026 09:45,4502.26,4511.7,4501.95,4509.16,2422
29-05-2026 10:00,4509.13,4510.8,4508.41,4510.56,2051
29-05-2026 10:15,4510.57,4514.62,4508.15,4514.14,1858
29-05-2026 10:30,4514.07,4515.4,4508.88,4511.93,1838
29-05-2026 10:45,4511.91,4512.19,4509.38,4509.87,1748
29-05-2026 11:00,4509.86,4512.72,4502.62,4506.7,3004
29-05-2026 11:15,4506.71,4515.57,4504.01,4514.87,2761
29-05-2026 11:30,4514.98,4522.37,4511.02,4515.72,3252
29-05-2026 11:45,4515.74,4521.45,4509.99,4516.49,3119
29-05-2026 12:00,4516.5,4520.63,4511.25,4516.64,3152
29-05-2026 12:15,4516.59,4524,4515.18,4523.62,2837
29-05-2026 12:30,4523.23,4523.84,4515.96,4516.27,3132
29-05-2026 12:45,4516.19,4516.95,4510.68,4514.12,3113
29-05-2026 13:00,4514.13,4525.95,4512.8,4525.28,3244
29-05-2026 13:15,4525.25,4526.13,4522,4524.58,2493
29-05-2026 13:30,4524.1,4524.64,4514.12,4515.1,3105
29-05-2026 13:45,4515.09,4517.92,4512.49,4516.99,2970
29-05-2026 14:00,4516.93,4518.23,4513.72,4514.98,2297
29-05-2026 14:15,4514.89,4515.81,4509.86,4514.76,2526
29-05-2026 14:30,4514.85,4530.17,4512.9,4528.93,3017
29-05-2026 14:45,4529.21,4532.17,4522.1,4528.87,2994
29-05-2026 15:00,4528.89,4532.46,4524.77,4532.4,2939
29-05-2026 15:15,4532.39,4539.43,4529.58,4531.14,2965
29-05-2026 15:30,4530.79,4530.87,4525.5,4528.48,2737
29-05-2026 15:45,4528.45,4530.87,4525.62,4530.35,2754
29-05-2026 16:00,4530.36,4543.36,4530.27,4537.95,2980
29-05-2026 16:15,4537.98,4540.93,4535.29,4538.52,2765
29-05-2026 16:30,4538.53,4540.36,4530.81,4532.26,2843
29-05-2026 16:45,4532.24,4534.34,4526.82,4527.94,2913
29-05-2026 17:00,4527.95,4531.44,4525.89,4531.04,2560
29-05-2026 17:15,4531.19,4538.85,4527.32,4538.36,2788
29-05-2026 17:30,4538.5,4538.5,4526.9,4528.3,3172
29-05-2026 17:45,4528.31,4531.76,4519.98,4522.27,3156
29-05-2026 18:00,4522.36,4523.4,4512.72,4514.3,3439
29-05-2026 18:15,4514.08,4523.74,4512.64,4522.89,3318
29-05-2026 18:30,4523,4526.91,4517.03,4522.67,3656
29-05-2026 18:45,4522.8,4529.11,4521.23,4527.99,3355
29-05-2026 19:00,4527.78,4535.41,4522.36,4532.7,3920
29-05-2026 19:15,4532.58,4540.66,4529.47,4536.72,3814
29-05-2026 19:30,4536.71,4552.51,4535.13,4543.74,3999
29-05-2026 19:45,4543.78,4544.94,4526.14,4529.77,4010
29-05-2026 20:00,4529.42,4541.64,4525.31,4540.29,4004
29-05-2026 20:15,4540.28,4570.47,4536.82,4564.14,4076
29-05-2026 20:30,4564.2,4595.11,4564.2,4589.92,4204
29-05-2026 20:45,4589.92,4591.46,4578.24,4578.28,3948
29-05-2026 21:00,4578.21,4583.22,4561.44,4566.45,3927
29-05-2026 21:15,4566.55,4571.44,4557.69,4571,3710
29-05-2026 21:30,4571.08,4572.15,4559.95,4563.5,3427
29-05-2026 21:45,4563.44,4567.58,4560.38,4562.97,3193
29-05-2026 22:00,4562.99,4573.44,4561.86,4569.5,3488
29-05-2026 22:15,4569.27,4569.27,4560.8,4566.83,3221
29-05-2026 22:30,4566.88,4568.53,4563.29,4564.21,3047
29-05-2026 22:45,4564.08,4566.82,4560.97,4561.79,3357
29-05-2026 23:00,4561.8,4562.07,4553.37,4554.11,3198
29-05-2026 23:15,4554.09,4557.62,4551.57,4553.37,3286
29-05-2026 23:30,4553.39,4558.72,4552.52,4558.08,3126
29-05-2026 23:45,4558.06,4560.38,4555.62,4559.3,2980
30-05-2026 00:00,4559.32,4561.66,4557.51,4557.94,2599
30-05-2026 00:15,4557.95,4557.95,4550.69,4553.32,3207
30-05-2026 00:30,4553.35,4560.1,4552.32,4558.42,2695
30-05-2026 00:45,4558.33,4559.08,4554.57,4555.24,2408
30-05-2026 01:00,4555.15,4555.96,4550.83,4551.12,2656
30-05-2026 01:15,4551.12,4551.24,4542.56,4545.13,3242
30-05-2026 01:30,4545.05,4548.71,4542.33,4548.38,2068
30-05-2026 01:45,4548.36,4548.45,4541.8,4542.24,1426
30-05-2026 02:00,4542.21,4543.7,4540.9,4543.29,1369
30-05-2026 02:15,4543.11,4543.11,4538.95,4539.84,1264
01-06-2026 03:30,4533.4,4538.3,4516.21,4534.28,2127
01-06-2026 03:45,4534.29,4536.26,4530.95,4532.76,2408
01-06-2026 04:00,4532.37,4536.41,4530.9,4535.4,2336
01-06-2026 04:15,4535.42,4540.17,4534.62,4535.09,2093
01-06-2026 04:30,4535.12,4543.18,4535.04,4542.42,1944
01-06-2026 04:45,4542.44,4545.02,4540.1,4544.82,1864
01-06-2026 05:00,4544.91,4545.68,4538.5,4541.89,2188
01-06-2026 05:15,4541.89,4544.75,4538.49,4539.53,2719
01-06-2026 05:30,4539.48,4546.06,4537.45,4540.73,2935
01-06-2026 05:45,4540.55,4544.41,4537.71,4543.12,2836
01-06-2026 06:00,4543.09,4544.84,4535.22,4535.93,2718
01-06-2026 06:15,4535.92,4542.7,4535.92,4540.56,2678
01-06-2026 06:30,4540.7,4541.22,4526.27,4533.93,3639
01-06-2026 06:45,4533.98,4536.59,4527.83,4528.68,3296
01-06-2026 07:00,4528.76,4533.85,4526.95,4533.13,3354
01-06-2026 07:15,4533.06,4533.67,4523.68,4525.42,3186
01-06-2026 07:30,4525.41,4533.99,4524.3,4532.03,3162
01-06-2026 07:45,4532.05,4534.35,4529.32,4530.29,2120
01-06-2026 08:00,4530.35,4531.04,4522.49,4522.85,3102
01-06-2026 08:15,4522.85,4524.97,4521.11,4521.36,2997
01-06-2026 08:30,4521.35,4525.48,4515.54,4518.84,2891
01-06-2026 08:45,4518.86,4521.29,4513.68,4520.37,2909
01-06-2026 09:00,4520.21,4524.01,4509.78,4510.6,2485
01-06-2026 09:15,4510.59,4516.21,4509.81,4516.19,2161
01-06-2026 09:30,4516.18,4519.59,4512.4,4514.55,1857
01-06-2026 09:45,4514.53,4518.39,4514.52,4515.78,1603
01-06-2026 10:00,4515.8,4517.19,4513.52,4514.53,1859
01-06-2026 10:15,4514.6,4515.17,4508.65,4514.42,2009
01-06-2026 10:30,4514.38,4519.22,4513.51,4518.06,2262
01-06-2026 10:45,4518.18,4523.51,4517.47,4520.39,2014
01-06-2026 11:00,4520.43,4521.97,4512.65,4519.76,3244
01-06-2026 11:15,4519.73,4525.11,4517.05,4518.22,3027
01-06-2026 11:30,4518.11,4518.73,4512.69,4514.07,3168
01-06-2026 11:45,4513.96,4515.7,4504.53,4513.99,3097
01-06-2026 12:00,4514.42,4514.71,4501.68,4504.48,3113
01-06-2026 12:15,4504.5,4504.78,4500.19,4501.63,3124
01-06-2026 12:30,4501.6,4509.9,4500.65,4507.22,3201
01-06-2026 12:45,4507.22,4508.32,4503.3,4503.91,2922
01-06-2026 13:00,4503.9,4507.63,4497.83,4498.09,3011
01-06-2026 13:15,4498.04,4503.05,4492.49,4503.03,3122
01-06-2026 13:30,4502.93,4504.42,4493.52,4495.59,3266
01-06-2026 13:45,4495.51,4496.66,4490.5,4495.89,2931
01-06-2026 14:00,4495.81,4500.35,4492.5,4500.02,2526
01-06-2026 14:15,4500.08,4502.44,4495.57,4498.03,2779
01-06-2026 14:30,4498.05,4500.74,4497.65,4499.47,2639
01-06-2026 14:45,4499.59,4506.16,4496.33,4496.33,2920
01-06-2026 15:00,4496.34,4499.2,4489.26,4498.28,3130
01-06-2026 15:15,4498.28,4498.47,4493.91,4495.93,2878
01-06-2026 15:30,4495.95,4502.06,4495.95,4501.44,2547
01-06-2026 15:45,4501.43,4503.34,4496.11,4500.88,2358
01-06-2026 16:00,4500.88,4507.19,4500.5,4505.76,2714
01-06-2026 16:15,4505.87,4510.88,4502.57,4503.88,2798
01-06-2026 16:30,4503.84,4506.64,4499.76,4504.95,2868
01-06-2026 16:45,4505.03,4512.83,4504.11,4510.59,2684
01-06-2026 17:00,4510.6,4512.26,4506.13,4507.09,2557
01-06-2026 17:15,4507.1,4509.71,4505.36,4505.75,2552
01-06-2026 17:30,4505.78,4509.58,4503.03,4503.22,2784
01-06-2026 17:45,4503.21,4507.67,4497.35,4505.35,3115
01-06-2026 18:00,4505.48,4508.22,4497.65,4507.57,3248
01-06-2026 18:15,4507.32,4510.37,4498.52,4502.17,3287
01-06-2026 18:30,4502.81,4503.81,4472.4,4484.06,3850
01-06-2026 18:45,4484.24,4489.77,4462.37,4464.97,4195
01-06-2026 19:00,4464.64,4478.51,4458.8,4467.21,4230
01-06-2026 19:15,4466.89,4469.46,4448.85,4450.11,4109
01-06-2026 19:30,4450.25,4462.07,4447.62,4461.25,4099
01-06-2026 19:45,4461.24,4464.91,4449.67,4456.15,3994
01-06-2026 20:00,4455.93,4461.48,4453.73,4459.91,3832
01-06-2026 20:15,4459.9,4461.24,4452.25,4458.64,3729
01-06-2026 20:30,4458.93,4465.32,4455.46,4464.14,3731
01-06-2026 20:45,4464.26,4470.25,4463.21,4468.35,3477
01-06-2026 21:00,4468.31,4479.98,4468.14,4472.26,3852
01-06-2026 21:15,4472.21,4475.38,4468.62,4474.08,3242
01-06-2026 21:30,4474.09,4478.24,4465.14,4467.27,3136
01-06-2026 21:45,4467.1,4469.18,4463.05,4467.94,3097
01-06-2026 22:00,4467.9,4471.85,4467.71,4468.05,3076
01-06-2026 22:15,4468.04,4482.08,4467.37,4480,3428
01-06-2026 22:30,4480.11,4480.85,4471.33,4474.94,3288
01-06-2026 22:45,4474.93,4482.82,4472.28,4482.7,2939
01-06-2026 23:00,4482.8,4491.51,4480.43,4491.5,3758
01-06-2026 23:15,4491.46,4495.39,4487.4,4487.48,3292
01-06-2026 23:30,4487.54,4490.15,4486.27,4488.57,2576
01-06-2026 23:45,4488.58,4490.05,4486.43,4486.63,2397
02-06-2026 00:00,4486.88,4488.07,4484.81,4487.87,1951
02-06-2026 00:15,4487.88,4488.56,4486.49,4486.65,2021
02-06-2026 00:30,4486.63,4488.17,4484.74,4485.35,2257
02-06-2026 00:45,4485.48,4486.46,4484.3,4484.65,2100
02-06-2026 01:00,4484.59,4485.72,4483.04,4483.44,2301
02-06-2026 01:15,4483.32,4484.27,4479.09,4481.11,2890
02-06-2026 01:30,4481.12,4484.22,4480.08,4483.37,1580
02-06-2026 01:45,4483.43,4484.25,4482.07,4483.11,1056
02-06-2026 02:00,4483.08,4484.67,4482.08,4482.51,1223
02-06-2026 02:15,4482.33,4485.43,4480.9,4484.34,1084
02-06-2026 03:30,4485.88,4485.88,4481.27,4484.34,997
02-06-2026 03:45,4484.25,4484.92,4481.04,4481.13,1494
02-06-2026 04:00,4481.13,4483.35,4479.58,4481.45,1016
02-06-2026 04:15,4481.42,4486.39,4481.42,4485.63,1057
02-06-2026 04:30,4485.45,4487.75,4481.67,4486.13,1184
02-06-2026 04:45,4486.11,4488.21,4485.42,4487.23,924
02-06-2026 05:00,4487.24,4487.49,4480.56,4483.41,1799
02-06-2026 05:15,4483.3,4485.85,4479.37,4484.38,1996
02-06-2026 05:30,4484.74,4485.17,4476.44,4481.16,3274
02-06-2026 05:45,4481.13,4493.7,4480.94,4493.67,3115
02-06-2026 06:00,4493.59,4497.04,4485.43,4487.09,2846
02-06-2026 06:15,4487.06,4487.77,4480.7,4481.31,3009
02-06-2026 06:30,4480.86,4491.95,4473.86,4489.83,3889
02-06-2026 06:45,4489.87,4492.19,4480.89,4486.21,3718
02-06-2026 07:00,4486.34,4489.42,4479.45,4479.82,3496
02-06-2026 07:15,4479.81,4482.21,4462.84,4474.12,3701
02-06-2026 07:30,4474.06,4480.98,4472.27,4480.48,3464
02-06-2026 07:45,4480.49,4484.83,4478.71,4481.88,2800
02-06-2026 08:00,4481.85,4485.69,4474.36,4476.43,2992
02-06-2026 08:15,4476.41,4486.43,4473.55,4485.85,2722
02-06-2026 08:30,4485.89,4492.6,4485.66,4488.2,2988
02-06-2026 08:45,4488.16,4497.27,4485.65,4495.12,2955
02-06-2026 09:00,4495.11,4499.27,4493.01,4497.12,2668
02-06-2026 09:15,4497.13,4499.43,4495.32,4499.25,1941
02-06-2026 09:30,4499.25,4505.44,4497.7,4504.62,2135
02-06-2026 09:45,4504.56,4510.24,4504.1,4504.46,2269
02-06-2026 10:00,4504.44,4510.92,4503.43,4510.13,2104
02-06-2026 10:15,4510.06,4518.14,4509.77,4517.3,2059
02-06-2026 10:30,4517.32,4518.6,4515.16,4518.43,2194
02-06-2026 10:45,4518.47,4521.73,4516.68,4519.69,2432
02-06-2026 11:00,4519.75,4528.17,4519.68,4524.36,3418
02-06-2026 11:15,4525.1,4526.12,4516.13,4516.95,2900
02-06-2026 11:30,4517.04,4524.92,4516.85,4518.93,3002
02-06-2026 11:45,4518.94,4533.84,4517.98,4533.06,3186
02-06-2026 12:00,4533.05,4538.17,4531.64,4532.61,2972
02-06-2026 12:15,4532.67,4536.74,4531.87,4535.8,2458
02-06-2026 12:30,4535.65,4541.38,4533.14,4539.95,2887
02-06-2026 12:45,4539.78,4540.45,4533.26,4533.98,2747
02-06-2026 13:00,4533.91,4535.24,4531.11,4531.82,2530
02-06-2026 13:15,4531.79,4535.43,4527.91,4535.02,2706
02-06-2026 13:30,4535.39,4539.04,4533.04,4534.72,2991
02-06-2026 13:45,4534.87,4535.4,4529.96,4531.1,2893
02-06-2026 14:00,4530.82,4533.31,4528.2,4528.71,2644
02-06-2026 14:15,4528.48,4529.96,4525.88,4526.6,2548
02-06-2026 14:30,4526.62,4534.17,4525.22,4533.89,2675
02-06-2026 14:45,4533.87,4535.64,4525.38,4526.73,2776
02-06-2026 15:00,4527.06,4527.22,4521.52,4525.52,2827
02-06-2026 15:15,4525.38,4531.45,4524.98,4529.91,2270
02-06-2026 15:30,4529.74,4531.64,4527.58,4528.86,2232
02-06-2026 15:45,4528.63,4529.55,4524.57,4528.33,2169
02-06-2026 16:00,4528.31,4528.72,4525.38,4528.72,1914
02-06-2026 16:15,4528.73,4533.91,4528.72,4533.1,2223
02-06-2026 16:30,4533.14,4534.59,4528.68,4528.8,2401
02-06-2026 16:45,4528.75,4529.59,4526.52,4529.48,2220
02-06-2026 17:00,4530.05,4530.69,4526.12,4526.83,2395
02-06-2026 17:15,4526.83,4530.48,4525.5,4527.43,2342
02-06-2026 17:30,4527.63,4528.57,4524.83,4526.22,2632
02-06-2026 17:45,4526.21,4533.88,4523.96,4529.22,3013
02-06-2026 18:00,4529.22,4533.58,4521.89,4524.99,3202
02-06-2026 18:15,4525.1,4525.88,4513.43,4514.56,3205
02-06-2026 18:30,4514.47,4524.71,4511.9,4514.05,3707
02-06-2026 18:45,4514.04,4517,4509.88,4510.73,3521
02-06-2026 19:00,4510.61,4514.35,4506.16,4508.37,4061
02-06-2026 19:15,4508.35,4513.61,4502.58,4502.58,3812
02-06-2026 19:30,4502.4,4506.96,4498.31,4504.1,3879
02-06-2026 19:45,4504.11,4504.97,4490.21,4495.53,3955
02-06-2026 20:00,4495.84,4505.3,4495.54,4504.39,3559
02-06-2026 20:15,4504.4,4506.3,4500.79,4504.06,3467
02-06-2026 20:30,4504.1,4508.06,4501.5,4503.41,3435
02-06-2026 20:45,4503.37,4506.17,4501.47,4505.34,3237
02-06-2026 21:00,4505.34,4508.48,4500.07,4502.42,3292
02-06-2026 21:15,4502.4,4506.99,4501.18,4502.02,2925
02-06-2026 21:30,4502,4502.84,4498.05,4498.12,3218
02-06-2026 21:45,4498.12,4498.37,4490.25,4490.25,3198
02-06-2026 22:00,4490.27,4491.4,4486.32,4489.73,3060
02-06-2026 22:15,4489.69,4491.9,4489.08,4491.9,2575
02-06-2026 22:30,4491.82,4492.92,4486.72,4489.52,3028
02-06-2026 22:45,4489.53,4491.54,4486.36,4491.19,3129
02-06-2026 23:00,4491,4491.66,4481.99,4484.52,3184
02-06-2026 23:15,4484.5,4486.55,4482.45,4484.56,2775
02-06-2026 23:30,4484.61,4488.51,4484.3,4485.09,2754
02-06-2026 23:45,4485.06,4490.89,4484.05,4488.29,2887
03-06-2026 00:00,4488.36,4489.3,4478.66,4480.49,2911
03-06-2026 00:15,4480.46,4490.43,4480.18,4487.31,2523
03-06-2026 00:30,4487.47,4489.09,4487.14,4487.23,2206
03-06-2026 00:45,4487.19,4489.62,4485.63,4489.51,2255
03-06-2026 01:00,4489.39,4490.28,4483.37,4487.24,2376
03-06-2026 01:15,4487.29,4488.51,4485.57,4488.01,2726
03-06-2026 01:30,4487.9,4489.84,4486.12,4489.82,1429
03-06-2026 01:45,4489.79,4491,4488.46,4489.7,1014
03-06-2026 02:00,4489.73,4490.89,4488.8,4488.93,1013
03-06-2026 02:15,4488.93,4489.52,4486.37,4487.56,1097
03-06-2026 03:30,4491.56,4492.47,4487.5,4489,1214
03-06-2026 03:45,4488.98,4491.25,4487.15,4489.73,1500
03-06-2026 04:00,4489.46,4491.04,4487.02,4488.76,1407
03-06-2026 04:15,4488.72,4492,4484.03,4484.6,2160
03-06-2026 04:30,4484.7,4488.66,4474.48,4477.32,2630
03-06-2026 04:45,4477.39,4477.39,4462.18,4467.45,3208
03-06-2026 05:00,4467.49,4474.84,4462.47,4474.79,3041
03-06-2026 05:15,4474.8,4475.15,4468.89,4474.34,2664
03-06-2026 05:30,4474.33,4479.77,4473.75,4475.77,2660
03-06-2026 05:45,4475.78,4483.2,4474.26,4483.03,2371
03-06-2026 06:00,4483.04,4496.71,4481.15,4495.79,2479
03-06-2026 06:15,4495.8,4495.94,4485.89,4486.09,2401
03-06-2026 06:30,4485.88,4487.66,4467.11,4471.39,3799
03-06-2026 06:45,4471.39,4472.63,4463.27,4467.09,3391
03-06-2026 07:00,4467.11,4472.89,4464.83,4470.39,3265
03-06-2026 07:15,4470.13,4477.08,4469.99,4475.67,2882
03-06-2026 07:30,4475.7,4481.35,4472.69,4480.52,2776
03-06-2026 07:45,4480.52,4480.94,4474.08,4478.77,2366
03-06-2026 08:00,4478.85,4485.08,4474.78,4479.19,2820
03-06-2026 08:15,4479.17,4481.94,4472.96,4481.91,2878
03-06-2026 08:30,4481.85,4487.6,4481.85,4485.34,2692
03-06-2026 08:45,4485.4,4487.16,4483.07,4483.36,2395
03-06-2026 09:00,4483.45,4485.67,4483.1,4484.38,1679
03-06-2026 09:15,4484.35,4486.17,4482.44,4484.31,1419
03-06-2026 09:30,4484.44,4486.92,4484.01,4486.72,1652
03-06-2026 09:45,4486.79,4488.08,4477.03,4477.03,1617
03-06-2026 10:00,4476.74,4477.27,4470.78,4473.38,1860
03-06-2026 10:15,4473.37,4474.01,4468.32,4469.29,1630
03-06-2026 10:30,4469.28,4473.52,4467.09,4473.16,2444
03-06-2026 10:45,4473.18,4474.19,4466.36,4468.5,2171
03-06-2026 11:00,4468.59,4468.86,4459,4461.94,3199
03-06-2026 11:15,4461.85,4468.13,4456.57,4456.88,2820
03-06-2026 11:30,4456.92,4467.23,4456.82,4466.01,3345
03-06-2026 11:45,4466.02,4470.8,4458.87,4462.38,3255
03-06-2026 12:00,4462.2,4464.92,4457.09,4460.46,3385
03-06-2026 12:15,4460.37,4462.9,4455.14,4462.89,2999
03-06-2026 12:30,4462.83,4472.11,4459.82,4469.53,3217
03-06-2026 12:45,4469.56,4469.9,4456.17,4456.17,3051
03-06-2026 13:00,4456.15,4463.18,4454.26,4458.71,3220
03-06-2026 13:15,4459.03,4463.86,4452.81,4453.22,2853
03-06-2026 13:30,4453.33,4459.07,4450.95,4455.36,3091
03-06-2026 13:45,4455.83,4457.57,4450.63,4457.43,3055
03-06-2026 14:00,4457.39,4458.96,4454.34,4456.41,2776
03-06-2026 14:15,4456.39,4457.66,4440.18,4443.92,3102
03-06-2026 14:30,4443.72,4458.88,4441.88,4451.22,3106
03-06-2026 14:45,4450.94,4451.87,4439.32,4439.81,3102
03-06-2026 15:00,4439.79,4448.3,4438.92,4446.6,2942
03-06-2026 15:15,4446.38,4447.87,4440.83,4442.95,2767
03-06-2026 15:30,4442.91,4466.64,4440.86,4462.94,3681
03-06-2026 15:45,4462.92,4464.23,4453.52,4459.81,3348
03-06-2026 16:00,4459.91,4462.53,4453.24,4454.02,2869
03-06-2026 16:15,4454.03,4461.13,4453.77,4458.9,2688
03-06-2026 16:30,4458.89,4467.97,4458.89,4461.9,3111
03-06-2026 16:45,4461.96,4465.56,4459.08,4464.46,2812
03-06-2026 17:00,4464.42,4467.03,4459.41,4460.2,2695
03-06-2026 17:15,4460.31,4464.79,4458.4,4462.33,2883
03-06-2026 17:30,4462.7,4464.45,4457.04,4459.05,3144
03-06-2026 17:45,4459.06,4462.29,4451.92,4452.66,3290
03-06-2026 18:00,4453.06,4460.47,4448.11,4458.99,3515
03-06-2026 18:15,4458.76,4467.13,4455.37,4460.29,3514
03-06-2026 18:30,4460.24,4465.92,4457.94,4462.18,3702
03-06-2026 18:45,4462.27,4463.18,4445.77,4448.48,3552
03-06-2026 19:00,4448.5,4453.12,4427.43,4427.53,3998
03-06-2026 19:15,4427.19,4450.05,4426.29,4445.78,4013
03-06-2026 19:30,4446,4456.66,4442.33,4454.51,4053
03-06-2026 19:45,4454.52,4458.25,4445.75,4451.96,4022
03-06-2026 20:00,4451.46,4453.39,4447.1,4448.17,3867
03-06-2026 20:15,4448.16,4459.52,4447.92,4457.16,3742
03-06-2026 20:30,4457.09,4458.29,4445.03,4445.85,3794
03-06-2026 20:45,4445.78,4450.9,4439.54,4445.24,3922
03-06-2026 21:00,4444.52,4445.5,4436.84,4440.03,3639
03-06-2026 21:15,4439.99,4443.91,4437.97,4442.17,3262
03-06-2026 21:30,4442.1,4443.66,4437.22,4439.12,3371
03-06-2026 21:45,4439.32,4441.25,4433.86,4437.52,3391
03-06-2026 22:00,4437.48,4440.68,4435.31,4438.93,3258
03-06-2026 22:15,4438.7,4442.79,4436.92,4441.77,3130
03-06-2026 22:30,4442.33,4448.32,4441.52,4441.77,3352
03-06-2026 22:45,4441.79,4443.37,4437.78,4438.91,3168
03-06-2026 23:00,4438.89,4442.18,4435.49,4440.52,2960
03-06-2026 23:15,4440.55,4440.77,4436.99,4438.95,2787
03-06-2026 23:30,4438.93,4440.52,4435.43,4436.82,2902
03-06-2026 23:45,4436.81,4440.62,4434.45,4440.11,2717
04-06-2026 00:00,4440.21,4442.49,4436.8,4439.9,2739
04-06-2026 00:15,4439.87,4442.83,4439.58,4442.02,2507
04-06-2026 00:30,4441.97,4449.9,4441.36,4449.66,2919
04-06-2026 00:45,4449.71,4452.16,4446.45,4447.91,2827
04-06-2026 01:00,4448.02,4449.57,4446.61,4446.81,2485
04-06-2026 01:15,4446.83,4447.24,4442.99,4443.8,2827
04-06-2026 01:30,4443.86,4445.32,4438.51,4439.98,2053
04-06-2026 01:45,4440.08,4440.23,4437.34,4438.99,1988
04-06-2026 02:00,4438.95,4439.51,4432.32,4433.39,2034
04-06-2026 02:15,4433.32,4434.58,4430.11,4433.98,1603
04-06-2026 03:30,4436.49,4439.47,4428.98,4431.42,1711
04-06-2026 03:45,4431.53,4435.1,4423.62,4433.57,2663
04-06-2026 04:00,4433.56,4440.18,4433.52,4436.6,2495
04-06-2026 04:15,4436.55,4452.45,4436.47,4448.83,2683
04-06-2026 04:30,4448.84,4450.32,4445.31,4447.79,2505
04-06-2026 04:45,4447.78,4451.44,4447.24,4450.76,2358
04-06-2026 05:00,4450.75,4453.93,4446.24,4453.57,2539
04-06-2026 05:15,4453.51,4464.59,4453.51,4457.22,3279
04-06-2026 05:30,4457.21,4465.12,4453.02,4453.4,3675
04-06-2026 05:45,4453.41,4456.52,4447.62,4450.66,3421
04-06-2026 06:00,4450.69,4452.86,4444.05,4448.27,3407
04-06-2026 06:15,4448.38,4452.86,4445.03,4448.37,3344
04-06-2026 06:30,4448.36,4467.17,4443.35,4464.23,3940
04-06-2026 06:45,4464.22,4473.49,4459.55,4465.99,3634
04-06-2026 07:00,4465.98,4470.04,4458.67,4459.14,3753
04-06-2026 07:15,4459.19,4467.14,4456.82,4465.72,3770
04-06-2026 07:30,4465.73,4467.22,4455.51,4462.82,3587
04-06-2026 07:45,4462.93,4463.42,4458.58,4460.65,3121
04-06-2026 08:00,4460.64,4464.72,4457.92,4462.37,3395
04-06-2026 08:15,4462.36,4476.4,4462.36,4475.01,3540
04-06-2026 08:30,4474.97,4477.21,4470.27,4471.8,3271
04-06-2026 08:45,4471.79,4472.33,4465.93,4469.35,2955
04-06-2026 09:00,4469.25,4470.8,4460.79,4460.79,2845
04-06-2026 09:15,4460.52,4464.82,4458.28,4463.72,2692
04-06-2026 09:30,4463.75,4471.18,4462.31,4470.98,2469
04-06-2026 09:45,4471.02,4476.2,4469.92,4474.64,2423
04-06-2026 10:00,4474.54,4484.03,4474.53,4482.8,2916
04-06-2026 10:15,4482.79,4483.48,4478.62,4480.97,2172
04-06-2026 10:30,4481.03,4482.34,4471.48,4477.07,2647
04-06-2026 10:45,4477.23,4477.54,4470.93,4473.24,2461
04-06-2026 11:00,4473.22,4475.75,4470.71,4474.54,3211
04-06-2026 11:15,4474.52,4474.76,4466.84,4469.13,3303
04-06-2026 11:30,4469.12,4477.12,4468.01,4473.62,3272
04-06-2026 11:45,4473.61,4474.14,4466.61,4472.08,3289
04-06-2026 12:00,4472.04,4476.84,4468.99,4469.2,3320
04-06-2026 12:15,4469.19,4470.36,4462.94,4467.57,3174
04-06-2026 12:30,4467.7,4470.77,4462.35,4464.02,3293
04-06-2026 12:45,4464.01,4470.38,4461.78,4465.14,3077
04-06-2026 13:00,4465.03,4467.9,4460.07,4461.34,2924
04-06-2026 13:15,4461.3,4462.28,4459.73,4461.6,2848
04-06-2026 13:30,4461.48,4467.98,4459.66,4460.55,3344
04-06-2026 13:45,4460.33,4465.56,4458.62,4463.27,3473
04-06-2026 14:00,4463.91,4469.33,4460.01,4463.29,3390
04-06-2026 14:15,4463.34,4465.91,4459.82,4463.28,3062
04-06-2026 14:30,4463.27,4469.36,4461,4463.39,3269
04-06-2026 14:45,4463.4,4467.47,4462.85,4464.69,3234
04-06-2026 15:00,4464.64,4469.11,4461.7,4467.87,3160
04-06-2026 15:15,4467.99,4475.61,4467.39,4470.33,3102
04-06-2026 15:30,4470.35,4472.04,4468.26,4471.14,2894
04-06-2026 15:45,4471.25,4471.46,4464.2,4467.47,2658
04-06-2026 16:00,4467.44,4472.72,4466.32,4471.2,2557
04-06-2026 16:15,4471.77,4473.73,4468.4,4473.55,2994
04-06-2026 16:30,4473.58,4478.67,4468.76,4473.52,2973
04-06-2026 16:45,4473.51,4491.06,4473.42,4489.45,3401
04-06-2026 17:00,4489.48,4492.22,4482.18,4491.36,3683
04-06-2026 17:15,4491.49,4514.66,4491.46,4511.68,3786
04-06-2026 17:30,4511.47,4513.83,4491.54,4493.76,3822
04-06-2026 17:45,4493.78,4499.9,4491.18,4498.49,3280
04-06-2026 18:00,4498.46,4502.07,4496.97,4502.05,3190
04-06-2026 18:15,4502.04,4510.82,4498.99,4504.08,3467
04-06-2026 18:30,4504.03,4509.92,4500.27,4503.17,3627
04-06-2026 18:45,4503.18,4509.16,4501.7,4504.51,3427
04-06-2026 19:00,4504.69,4514.79,4502.15,4514.69,4119
04-06-2026 19:15,4514.51,4515.29,4495.36,4495.79,4137
04-06-2026 19:30,4495.67,4499.85,4486.02,4487.63,4094
04-06-2026 19:45,4487.64,4493.71,4483.95,4486.15,3928
04-06-2026 20:00,4486.08,4486.82,4472.37,4474.51,3827
04-06-2026 20:15,4474.82,4475.4,4456.98,4465.74,4030
04-06-2026 20:30,4465.92,4474.57,4463.77,4471.85,3707
04-06-2026 20:45,4471.83,4473.8,4469.06,4470.87,3279
04-06-2026 21:00,4470.83,4477.2,4469.6,4472.6,3058
04-06-2026 21:15,4472.55,4478.9,4469.9,4477.37,3242
04-06-2026 21:30,4477.37,4484.13,4475.32,4479.06,3355
04-06-2026 21:45,4479.11,4485.03,4479.11,4483.53,2979
04-06-2026 22:00,4483.52,4483.99,4479.65,4481.45,3274
04-06-2026 22:15,4481.43,4483.89,4480.28,4482.77,3000
04-06-2026 22:30,4482.67,4482.67,4475.97,4475.97,2766
04-06-2026 22:45,4476.03,4479.29,4473.97,4476.82,2911
04-06-2026 23:00,4476.76,4481.53,4476.03,4476.66,2980
04-06-2026 23:15,4476.67,4480.3,4476.64,4478.1,2693
04-06-2026 23:30,4478.15,4479.96,4476.26,4478.98,2528
04-06-2026 23:45,4478.95,4480.96,4477.28,4478.08,2552
05-06-2026 00:00,4477.53,4477.82,4472.66,4474.01,2638
05-06-2026 00:15,4474.05,4479.43,4473.77,4478.03,2505
05-06-2026 00:30,4478.06,4483.3,4476.09,4478.06,2616
05-06-2026 00:45,4478.08,4480.14,4477.64,4480.03,2307
05-06-2026 01:00,4480.08,4480.31,4477.3,4477.93,2301
05-06-2026 01:15,4477.76,4482.34,4476.75,4480.71,2817
05-06-2026 01:30,4480.7,4481.6,4477.75,4477.75,1677
05-06-2026 01:45,4477.68,4479.03,4476.56,4477.64,1270
05-06-2026 02:00,4477.55,4477.55,4475.08,4475.1,1287
05-06-2026 02:15,4475.11,4475.48,4474.01,4474.89,1041
05-06-2026 03:30,4474.11,4475.76,4472.4,4474.85,1069
05-06-2026 03:45,4474.88,4480.42,4474.13,4478.5,1777
05-06-2026 04:00,4478.46,4481.35,4475.02,4475.02,1916
05-06-2026 04:15,4475.02,4475.98,4468.62,4469.52,2034
05-06-2026 04:30,4469.63,4474.03,4464.27,4470.92,2526
05-06-2026 04:45,4470.91,4473.31,4466.6,4469.19,2194
05-06-2026 05:00,4469.18,4469.55,4461.93,4463.2,2008
05-06-2026 05:15,4463.19,4465.97,4460.41,4461.66,2668
05-06-2026 05:30,4461.51,4464.96,4454.54,4455.2,3576
05-06-2026 05:45,4455.25,4457.6,4450.55,4457.45,3533
05-06-2026 06:00,4457.5,4466.87,4456.14,4463.1,3138
05-06-2026 06:15,4463.36,4466.49,4458.47,4459.37,3194
05-06-2026 06:30,4459.12,4470.01,4452.85,4460.24,4030
05-06-2026 06:45,4459.98,4464.9,4449.32,4458.6,3936
05-06-2026 07:00,4458.78,4459.68,4445.29,4445.92,3798
05-06-2026 07:15,4445.93,4450.72,4444,4446.66,3508
05-06-2026 07:30,4446.72,4450.93,4442.42,4449.3,3563
05-06-2026 07:45,4449.31,4454.94,4445.82,4451.1,2872
05-06-2026 08:00,4451.08,4451.73,4438.45,4442.89,3623
05-06-2026 08:15,4442.9,4449.9,4439.95,4440.49,3501
05-06-2026 08:30,4440.49,4441.2,4436.65,4440.76,3458
05-06-2026 08:45,4440.77,4443.8,4435.2,4436.7,3328
05-06-2026 09:00,4436.73,4442.31,4436.28,4440.86,2796
05-06-2026 09:15,4440.86,4443.26,4439.13,4442.28,2470
05-06-2026 09:30,4442.29,4444.6,4438.29,4441.58,2740
05-06-2026 09:45,4441.7,4443.76,4438.88,4439.56,2536
05-06-2026 10:00,4439.57,4444.07,4437.33,4440.78,2642
05-06-2026 10:15,4440.79,4446.26,4439.59,4444.9,2566
05-06-2026 10:30,4444.91,4449.85,4443.18,4448.87,2924
05-06-2026 10:45,4448.84,4449.03,4442.16,4444.63,2540
05-06-2026 11:00,4444.41,4447.98,4439.5,4443.65,3572
05-06-2026 11:15,4443.66,4448.13,4438.53,4439.92,3083
05-06-2026 11:30,4439.91,4442.54,4435.26,4436.34,3637
05-06-2026 11:45,4436.24,4446.35,4428.94,4442.42,3714
05-06-2026 12:00,4442.57,4450.02,4442.31,4448.49,3410
05-06-2026 12:15,4448.53,4456.14,4446.83,4452.93,3260
05-06-2026 12:30,4452.87,4463.19,4451.82,4458.41,3272
05-06-2026 12:45,4458.44,4467.5,4458.33,4467.33,3360
05-06-2026 13:00,4467.3,4467.3,4459.51,4462.04,3045
05-06-2026 13:15,4462.03,4465.07,4460.66,4460.82,2699
05-06-2026 13:30,4460.83,4463.31,4458.59,4461.08,3168
05-06-2026 13:45,4461.06,4466.55,4459.85,4466.55,3127
05-06-2026 14:00,4466.71,4468.1,4460.93,4461.73,2723
05-06-2026 14:15,4461.72,4464.44,4461.42,4462.7,2386
05-06-2026 14:30,4462.48,4469.01,4458.86,4465.88,2684
05-06-2026 14:45,4466.13,4469.13,4462.02,4462.85,3429
05-06-2026 15:00,4462.89,4466.14,4459.24,4465.82,2862
05-06-2026 15:15,4465.86,4469.16,4462.58,4464.79,2506
05-06-2026 15:30,4464.77,4465.18,4463.1,4465.18,2157
05-06-2026 15:45,4465.12,4467.98,4464.48,4465.98,2257
05-06-2026 16:00,4466.01,4466.86,4461.8,4464.47,2283
05-06-2026 16:15,4464.49,4467.77,4464.35,4466.83,2251
05-06-2026 16:30,4466.35,4466.87,4461.09,4461.32,2588
05-06-2026 16:45,4461.26,4466.04,4458.56,4465.99,2782
05-06-2026 17:00,4465.97,4467.1,4463.08,4464.84,2718
05-06-2026 17:15,4464.81,4475.12,4464,4470.15,2960
05-06-2026 17:30,4470.53,4471.03,4464.06,4469.35,2999
05-06-2026 17:45,4469.29,4475.69,4461.62,4464.81,3227
05-06-2026 18:00,4465.54,4465.77,4439.66,4446.03,4071
05-06-2026 18:15,4446.07,4448.98,4404.9,4406.42,4052
05-06-2026 18:30,4406.33,4420.54,4399.62,4418.47,4179
05-06-2026 18:45,4418.45,4420.87,4403.76,4404.57,3996
05-06-2026 19:00,4405.28,4409.42,4385.97,4389.46,4282
05-06-2026 19:15,4389.41,4391.04,4365.74,4366.16,4234
05-06-2026 19:30,4366,4379.06,4363.59,4366.16,4292
05-06-2026 19:45,4366.32,4370.27,4353.14,4360.95,4216
05-06-2026 20:00,4361.03,4363.99,4344.67,4349.21,4181
05-06-2026 20:15,4349.23,4370.07,4348.25,4369.6,4095
05-06-2026 20:30,4369.78,4372.51,4353.05,4353.05,4080
05-06-2026 20:45,4352.9,4357.56,4348.03,4352.05,4044
05-06-2026 21:00,4352.01,4354.81,4335.33,4338.6,3905
05-06-2026 21:15,4338.62,4341.83,4333.93,4335.45,3869
05-06-2026 21:30,4335.59,4338.91,4328.91,4333.52,3977
05-06-2026 21:45,4333,4333.78,4325.33,4329.6,3954
05-06-2026 22:00,4329.62,4332.21,4323.42,4327.81,3899
05-06-2026 22:15,4327.7,4344.82,4325.08,4344.54,3988
05-06-2026 22:30,4345.2,4346.79,4336.54,4339.53,3921
05-06-2026 22:45,4339.59,4342.97,4336.04,4342.33,3977
05-06-2026 23:00,4342.7,4347.47,4339.61,4341.16,3751
05-06-2026 23:15,4341.08,4343.64,4337.61,4341.7,3670
05-06-2026 23:30,4341.73,4342.09,4322.77,4322.77,3743
05-06-2026 23:45,4322.79,4330.2,4321.51,4325.72,3980
06-06-2026 00:00,4325.73,4326.99,4315.23,4318.08,3797
06-06-2026 00:15,4318.06,4326.78,4316.03,4322.28,3942
06-06-2026 00:30,4322.36,4323.75,4315.27,4315.34,3929
06-06-2026 00:45,4315.21,4324.26,4313.86,4323.83,3978
06-06-2026 01:00,4323.75,4324.67,4313.66,4318.38,3996
06-06-2026 01:15,4318.26,4323.4,4316.56,4318.24,4017
06-06-2026 01:30,4318.2,4318.51,4311.31,4315.15,3453
06-06-2026 01:45,4315.31,4326.03,4313.53,4322.27,2868
06-06-2026 02:00,4322.29,4324.81,4320.66,4323.75,2780
06-06-2026 02:15,4323.83,4330.57,4323.62,4327.45,2356
08-06-2026 03:30,4328.89,4334.2,4309.63,4329.55,2912
08-06-2026 03:45,4330.02,4330.2,4315.77,4316.33,3312
08-06-2026 04:00,4316.35,4328.79,4315.01,4325.78,2970
08-06-2026 04:15,4325.7,4326.47,4315.54,4317.07,3064
08-06-2026 04:30,4317.31,4334.08,4317.2,4330.74,3118
08-06-2026 04:45,4330.68,4334.54,4328.7,4333.96,2774
08-06-2026 05:00,4333.8,4340.56,4332.97,4338.95,2825
08-06-2026 05:15,4338.96,4346.87,4335.26,4343.96,3189
08-06-2026 05:30,4343.95,4346.74,4340.78,4343.62,3394
08-06-2026 05:45,4343.7,4353.35,4341.61,4351.46,3230
08-06-2026 06:00,4351.39,4352.41,4342.03,4345.36,3382
08-06-2026 06:15,4345.34,4345.87,4339.73,4342.19,3605
08-06-2026 06:30,4342.12,4345.74,4326.62,4326.97,4070
08-06-2026 06:45,4327.21,4327.4,4311.23,4314.55,4161
08-06-2026 07:00,4314.81,4327.43,4299.66,4326.23,4218
08-06-2026 07:15,4326.18,4329.86,4319.28,4325.41,4061
08-06-2026 07:30,4325.38,4330.79,4314.64,4316.72,3936
08-06-2026 07:45,4316.73,4319.69,4311.3,4314.88,3561
08-06-2026 08:00,4314.93,4317.71,4307.22,4315.9,3836
08-06-2026 08:15,4315.87,4320.85,4309.24,4310.55,3828
08-06-2026 08:30,4310.52,4314.19,4304.31,4304.8,3651
08-06-2026 08:45,4304.81,4311.99,4303.49,4307.15,3279
08-06-2026 09:00,4307.17,4309.97,4304.9,4309.86,3060
08-06-2026 09:15,4309.88,4317.21,4309.45,4316.92,2818
08-06-2026 09:30,4316.94,4320.34,4313.42,4318.69,3045
08-06-2026 09:45,4318.69,4321.74,4315.83,4319.94,2911
08-06-2026 10:00,4319.96,4320.31,4307.57,4307.61,3279
08-06-2026 10:15,4307.62,4313.95,4307.6,4312.57,3086
08-06-2026 10:30,4312.6,4316.08,4304.78,4304.78,3253
08-06-2026 10:45,4304.55,4313.98,4304.39,4311.7,3312
08-06-2026 11:00,4311.82,4312.39,4268.43,4288.01,4159
08-06-2026 11:15,4287.97,4295.82,4285.04,4291.95,3968
08-06-2026 11:30,4292.02,4308.01,4291.95,4303.52,3973
08-06-2026 11:45,4303.75,4311.38,4299.6,4305.82,3808
08-06-2026 12:00,4305.85,4306.34,4293.98,4298.26,3817
08-06-2026 12:15,4298.28,4300.76,4293.15,4299.76,3603
08-06-2026 12:30,4299.78,4308.18,4294.76,4305.09,3810
08-06-2026 12:45,4305.12,4317,4300.43,4306.06,3674
08-06-2026 13:00,4306.14,4311.38,4301.32,4301.77,3593
08-06-2026 13:15,4301.8,4302.6,4294.31,4294.33,3594
08-06-2026 13:30,4294.24,4296.98,4289.62,4291.67,3581
08-06-2026 13:45,4291.65,4293.56,4285.32,4288.18,3515
08-06-2026 14:00,4288.51,4291.97,4286.43,4290.66,3420
08-06-2026 14:15,4290.37,4293.8,4285.42,4288.76,3500
08-06-2026 14:30,4288.67,4292.18,4284,4288.98,3245
08-06-2026 14:45,4288.61,4290.87,4279.4,4279.7,2978
08-06-2026 15:00,4279.65,4296.4,4272.94,4293.97,3784
08-06-2026 15:15,4293.78,4301.7,4291.03,4294.26,3515
08-06-2026 15:30,4294.48,4297.5,4286.48,4294.55,3305
08-06-2026 15:45,4294.49,4295.91,4289.71,4293.59,3179
08-06-2026 16:00,4293.63,4305.52,4292.19,4304.79,3435
08-06-2026 16:15,4304.81,4304.95,4296.79,4301.95,3238
08-06-2026 16:30,4301.92,4318.39,4297.11,4318.39,3340
08-06-2026 16:45,4318.34,4330.94,4312.61,4325.21,3876
08-06-2026 17:00,4325.17,4333.2,4322.2,4324,3708
08-06-2026 17:15,4324.06,4332.63,4321.27,4331.14,3493
08-06-2026 17:30,4331.16,4334.67,4322.56,4322.83,3722
08-06-2026 17:45,4322.2,4331.83,4320.19,4330.09,3538
08-06-2026 18:00,4329.75,4339.39,4327.56,4335.68,3660
08-06-2026 18:15,4335.75,4337.83,4326.99,4332.98,3694
08-06-2026 18:30,4332.93,4334.82,4323.16,4323.87,3936
08-06-2026 18:45,4324,4336.05,4321.44,4331.22,3854
08-06-2026 19:00,4331.32,4346.44,4331.06,4336.31,4235
08-06-2026 19:15,4336.45,4339.19,4326.12,4326.69,4185
08-06-2026 19:30,4326.85,4330.72,4316.64,4319.41,4160
08-06-2026 19:45,4319.46,4324.23,4315.83,4319.96,4127
08-06-2026 20:00,4320.04,4324.12,4315.12,4322.85,4052
08-06-2026 20:15,4322.89,4331.38,4317.07,4330.72,4011
08-06-2026 20:30,4331.1,4336.33,4325.1,4325.32,3846
08-06-2026 20:45,4325.29,4335.96,4322.45,4330.84,3957
08-06-2026 21:00,4330.81,4339.49,4328.53,4339.24,3835
08-06-2026 21:15,4339.07,4345.68,4334.43,4341.72,3787
08-06-2026 21:30,4341.65,4343.83,4338.06,4340.99,3751
08-06-2026 21:45,4341,4343.86,4339.68,4340.86,3504
08-06-2026 22:00,4341.04,4346.37,4340.61,4344.04,3608
08-06-2026 22:15,4344.07,4346.06,4337.86,4340.64,3470
08-06-2026 22:30,4340.69,4342.43,4336.29,4338.75,3702
08-06-2026 22:45,4338.73,4340.46,4334.01,4339.14,3727
08-06-2026 23:00,4339.16,4339.57,4332,4334.04,3727
08-06-2026 23:15,4334.02,4339.3,4334.01,4339.18,3511
08-06-2026 23:30,4339,4345.31,4338.55,4341.25,3500
08-06-2026 23:45,4341.25,4345.83,4341.25,4342.53,3318
09-06-2026 00:00,4342.52,4344.78,4336.29,4336.64,3154
09-06-2026 00:15,4336.65,4336.97,4333,4334.56,3045
09-06-2026 00:30,4334.59,4338.13,4329.58,4329.84,3160
09-06-2026 00:45,4329.82,4331.6,4326.06,4327.67,3378
09-06-2026 01:00,4327.66,4330.44,4324.22,4325.08,3381
09-06-2026 01:15,4325.06,4329.95,4323.26,4326.58,3396
09-06-2026 01:30,4326.58,4329.85,4326.37,4328.19,1896
09-06-2026 01:45,4328.18,4328.23,4324.47,4326.45,1742
09-06-2026 02:00,4326.48,4328.46,4325.42,4326.27,1427
09-06-2026 02:15,4326.25,4330.02,4325.22,4329.46,1161
09-06-2026 03:30,4329.95,4330.14,4324.07,4324.88,1113
09-06-2026 03:45,4324.81,4326.83,4322.37,4324.79,1821
09-06-2026 04:00,4324.68,4327.37,4324.53,4327.3,1690
09-06-2026 04:15,4327.32,4328.76,4325.99,4327.72,1263
09-06-2026 04:30,4327.73,4328.85,4325.39,4327.6,1452
09-06-2026 04:45,4327.61,4328.42,4320.6,4320.83,1762
09-06-2026 05:00,4320.84,4322.38,4315.53,4319.64,2200
09-06-2026 05:15,4319.63,4320.07,4312.86,4317.78,2805
09-06-2026 05:30,4317.73,4323.73,4315.41,4322.49,3728
09-06-2026 05:45,4322.41,4323.39,4316.68,4316.76,3357
09-06-2026 06:00,4316.75,4322.9,4315.12,4318.58,3115
09-06-2026 06:15,4318.51,4321.14,4314.98,4319.83,2993
09-06-2026 06:30,4319.78,4327.84,4318.57,4323.91,3797
09-06-2026 06:45,4323.92,4338.12,4322.33,4335.29,3787
09-06-2026 07:00,4335.34,4338.72,4332.8,4335.75,3502
09-06-2026 07:15,4335.78,4338.18,4333.1,4336.43,3506
09-06-2026 07:30,4336.46,4336.76,4328.17,4332.78,3275
09-06-2026 07:45,4332.79,4336.06,4330.04,4335.43,3138
09-06-2026 08:00,4335.45,4339.6,4330.99,4338.6,3253
09-06-2026 08:15,4338.4,4340.9,4334.85,4335.96,3208
09-06-2026 08:30,4335.95,4341.62,4331.11,4338.69,3222
09-06-2026 08:45,4338.65,4342.13,4333.36,4336.64,3025
09-06-2026 09:00,4336.57,4338.21,4333.33,4337.63,2550
09-06-2026 09:15,4337.64,4341.86,4334.48,4336.58,2242
09-06-2026 09:30,4336.59,4339.34,4332.18,4332.24,2270
09-06-2026 09:45,4332.21,4332.81,4328.68,4330.4,2048
09-06-2026 10:00,4330.39,4330.52,4324.11,4328.12,2458
09-06-2026 10:15,4327.95,4332.79,4326.22,4332.23,2096
09-06-2026 10:30,4332.58,4337.07,4330.89,4331.33,2436
09-06-2026 10:45,4331.34,4335.41,4330.88,4332.5,2576
09-06-2026 11:00,4332.52,4351.35,4331.82,4348.36,3710
09-06-2026 11:15,4348.43,4348.97,4341.61,4343.38,3282
09-06-2026 11:30,4343.54,4348.66,4340.05,4341.31,3413
09-06-2026 11:45,4341.3,4345.79,4338.17,4338.76,3245
09-06-2026 12:00,4339.04,4339.36,4331.74,4336.62,3157
09-06-2026 12:15,4336.61,4340.18,4330.32,4330.59,3110
09-06-2026 12:30,4330.53,4334.64,4326.85,4326.85,3529
09-06-2026 12:45,4326.58,4332.12,4322.92,4331.02,3455
09-06-2026 13:00,4331.01,4331.24,4322.14,4328.37,3264
09-06-2026 13:15,4328.34,4330.16,4325.15,4326.53,2853
09-06-2026 13:30,4326.29,4336.12,4321.2,4331.61,3521
09-06-2026 13:45,4331.6,4335.48,4331.4,4334.34,3403
09-06-2026 14:00,4334.44,4336.72,4330.3,4334.99,2942
09-06-2026 14:15,4334.93,4335.32,4325.81,4326.48,2808
09-06-2026 14:30,4326.57,4330.91,4325.1,4328.24,2919
09-06-2026 14:45,4328.25,4336.01,4324.08,4326.8,2959
09-06-2026 15:00,4326.58,4330.98,4325.03,4327.09,2905
09-06-2026 15:15,4327.1,4333.52,4326.65,4332.12,2459
09-06-2026 15:30,4331.93,4335.64,4325.42,4335.1,3040
09-06-2026 15:45,4335.24,4336.4,4331.25,4333.75,2718
09-06-2026 16:00,4333.8,4335,4329.69,4332.47,2285
09-06-2026 16:15,4332.48,4340.54,4330.23,4339.06,2558
09-06-2026 16:30,4338.93,4340.32,4335.58,4337.77,2747
09-06-2026 16:45,4337.8,4340.43,4336.12,4338.55,2629
09-06-2026 17:00,4338.61,4339.95,4336.73,4338.82,2430
09-06-2026 17:15,4339,4343.63,4337.18,4339.79,2798
09-06-2026 17:30,4339.81,4343.97,4339.64,4341.03,2714
09-06-2026 17:45,4341.09,4342.86,4335.16,4335.91,2995
09-06-2026 18:00,4335.8,4341.85,4334.7,4340.71,3134
09-06-2026 18:15,4340.62,4344.22,4336.63,4341.27,3031
09-06-2026 18:30,4341.69,4345.34,4338.02,4340.88,3634
09-06-2026 18:45,4341.06,4341.92,4330.16,4330.77,3609
09-06-2026 19:00,4331.16,4334.32,4325.12,4330.14,4045
09-06-2026 19:15,4329.91,4363.45,4326.45,4328.82,4107
09-06-2026 19:30,4328.58,4335.83,4319.65,4321.17,4177
09-06-2026 19:45,4321.17,4323.65,4305.86,4318.34,4240
09-06-2026 20:00,4317.89,4321.22,4284.96,4284.96,4229
09-06-2026 20:15,4284.91,4300.74,4278.32,4300.53,4250
09-06-2026 20:30,4300.8,4301.99,4289.71,4294.86,4176
09-06-2026 20:45,4294.83,4296.87,4276.87,4278.75,4167
09-06-2026 21:00,4278.62,4281.82,4263.03,4279.65,4292
09-06-2026 21:15,4280.02,4285.67,4272.18,4272.18,4182
09-06-2026 21:30,4272.22,4280.94,4258.25,4259.65,4211
09-06-2026 21:45,4259.65,4266.33,4252.92,4263.43,4265
09-06-2026 22:00,4263.32,4267.59,4236.47,4244.88,4293
09-06-2026 22:15,4244.66,4254.35,4238.99,4252.11,4237
09-06-2026 22:30,4252.12,4264.39,4250.94,4261.34,4221
09-06-2026 22:45,4261.07,4267.88,4258.5,4263.02,4155
09-06-2026 23:00,4263,4268.04,4260.93,4264.71,4033
09-06-2026 23:15,4264.8,4266.69,4255.9,4263.03,4015
09-06-2026 23:30,4263.12,4266.84,4259.55,4265.31,3974
09-06-2026 23:45,4265.26,4274.16,4262.83,4270.82,3977
10-06-2026 00:00,4270.61,4273.94,4263.61,4264.29,3845
10-06-2026 00:15,4264.35,4271.53,4262.14,4269.81,3572
10-06-2026 00:30,4269.89,4271.6,4257.9,4258.65,3722
10-06-2026 00:45,4258.68,4258.85,4252.75,4257.33,3914
10-06-2026 01:00,4257.29,4260.14,4250.12,4250.93,3917
10-06-2026 01:15,4250.99,4259.66,4249.87,4258.41,3943
10-06-2026 01:30,4258.76,4261.07,4255.63,4258.4,2622
10-06-2026 01:45,4258.4,4260.36,4257.82,4258.99,1618
10-06-2026 02:00,4258.91,4261.93,4257.67,4261.36,1415
10-06-2026 02:15,4261.46,4261.71,4258.87,4259,1182
10-06-2026 03:30,4254.96,4256.2,4250.36,4254.86,1424
10-06-2026 03:45,4254.9,4256.26,4252.63,4256.23,1723
10-06-2026 04:00,4256.24,4257.06,4247.58,4248.95,2541
10-06-2026 04:15,4249,4249.75,4232.18,4237.06,3012
10-06-2026 04:30,4236.97,4247.23,4235.55,4235.99,2728
10-06-2026 04:45,4236,4236.46,4223.03,4224.15,2990
10-06-2026 05:00,4224.2,4229.82,4216.38,4218.44,2895
10-06-2026 05:15,4218.45,4224.59,4210.44,4221.86,3635
10-06-2026 05:30,4222.01,4226.62,4216.57,4224.98,3803
10-06-2026 05:45,4224.77,4228.31,4217.98,4217.98,3609
10-06-2026 06:00,4218.3,4219.04,4198.88,4204.21,3895
10-06-2026 06:15,4204.75,4220.62,4199.8,4218.07,3874
10-06-2026 06:30,4218.08,4218.67,4187.33,4203.32,4070
10-06-2026 06:45,4203.14,4216.44,4197.37,4201.85,3860
10-06-2026 07:00,4201.84,4207.01,4184.51,4187,4035
10-06-2026 07:15,4186.98,4195.41,4183.69,4188.61,3905
10-06-2026 07:30,4188.6,4191.66,4179.52,4182.74,3842
10-06-2026 07:45,4182.86,4188.26,4178.17,4187.94,3565
10-06-2026 08:00,4188.4,4192.57,4174.07,4184.22,3871
10-06-2026 08:15,4184.31,4190.52,4173.19,4174,3852
10-06-2026 08:30,4173.93,4180.69,4172.88,4178.19,3573
10-06-2026 08:45,4178.23,4181.12,4173.7,4177.15,3318
10-06-2026 09:00,4177.16,4183.27,4176.21,4179.76,3223
10-06-2026 09:15,4179.73,4186.44,4179.53,4184.8,3309
10-06-2026 09:30,4184.81,4187.12,4180.6,4181.22,2927
10-06-2026 09:45,4181.17,4182.95,4173.61,4174.39,3075
10-06-2026 10:00,4174.38,4175.28,4172.96,4173.42,2989
10-06-2026 10:15,4173.62,4175.87,4172.27,4174.8,2860
10-06-2026 10:30,4174.88,4180.58,4173.33,4179.62,3212
10-06-2026 10:45,4179.72,4187.13,4175.49,4187.08,3163
10-06-2026 11:00,4187.03,4198.85,4181.66,4198.12,3938
10-06-2026 11:15,4198.03,4208.95,4197.37,4205.13,3711
10-06-2026 11:30,4205.11,4221.83,4205.11,4212.83,3842
10-06-2026 11:45,4212.88,4216.63,4208.24,4211.79,3512
10-06-2026 12:00,4211.63,4213.47,4204.96,4207.41,3402
10-06-2026 12:15,4207.4,4209.7,4201.67,4203.79,3435
10-06-2026 12:30,4203.8,4207.92,4197.28,4200.23,3548
10-06-2026 12:45,4200.22,4203.51,4193.53,4194.8,3349
10-06-2026 13:00,4194.84,4197.16,4187.83,4189.61,3450
10-06-2026 13:15,4189.6,4192.8,4181.55,4186.1,3507
10-06-2026 13:30,4186.09,4187.37,4161.33,4166.33,3945
10-06-2026 13:45,4166.79,4178.9,4166.06,4172.23,3744
10-06-2026 14:00,4172.02,4179.19,4166.4,4170.43,3606
10-06-2026 14:15,4170.22,4176.38,4166.42,4168.94,3771
10-06-2026 14:30,4168.93,4174.08,4164.71,4165.08,3654
10-06-2026 14:45,4165.04,4174.93,4164.22,4166.11,3563
10-06-2026 15:00,4165.9,4179.49,4165.76,4171.25,3718
10-06-2026 15:15,4171.42,4174.87,4163.03,4168.67,3547
10-06-2026 15:30,4168.71,4171.08,4155.66,4160.98,3414
10-06-2026 15:45,4160.92,4169.81,4159.56,4165.07,3412
10-06-2026 16:00,4164.9,4171.39,4164.03,4171.39,3383
10-06-2026 16:15,4171.42,4178.56,4169.72,4174.61,3423
10-06-2026 16:30,4174.83,4176.03,4153.47,4168.47,3989
10-06-2026 16:45,4168.45,4171.64,4156.78,4166.45,3956
10-06-2026 17:00,4166.42,4167.85,4154.22,4154.41,3935
10-06-2026 17:15,4154.43,4163.29,4145.73,4147.43,3905
10-06-2026 17:30,4147.49,4152.44,4134.47,4136.18,3949
10-06-2026 17:45,4136.18,4142.8,4130.71,4140.74,3800
10-06-2026 18:00,4141.3,4173.67,4139.39,4160.3,4286
10-06-2026 18:15,4160.31,4169.41,4142.15,4146.92,4151
10-06-2026 18:30,4147.15,4157.88,4144.92,4151.3,4154
10-06-2026 18:45,4151.28,4151.28,4132.93,4149.62,4074
10-06-2026 19:00,4147.59,4177.91,4141.9,4177.91,4305
10-06-2026 19:15,4179.33,4186.15,4173.73,4179.45,4285
10-06-2026 19:30,4179.72,4180.96,4170.21,4174.2,4254
10-06-2026 19:45,4174.59,4175.21,4159.31,4161.13,4183
10-06-2026 20:00,4161.11,4163.25,4149.72,4149.79,4157
10-06-2026 20:15,4149.69,4151.53,4118.18,4124.48,4211
10-06-2026 20:30,4124.61,4135.99,4118.8,4122.88,4244
10-06-2026 20:45,4122.85,4136.85,4112.87,4127.73,4249
10-06-2026 21:00,4127.75,4131.17,4121.94,4128.62,4211
10-06-2026 21:15,4128.65,4131.06,4106.76,4128.77,4282
10-06-2026 21:30,4128.85,4132.91,4122.68,4129.22,4115
10-06-2026 21:45,4129.25,4134.78,4125.96,4127.48,3993
10-06-2026 22:00,4127.55,4132.08,4120.43,4122.19,4053
10-06-2026 22:15,4122.1,4123.04,4115.91,4121.94,3950
10-06-2026 22:30,4121.86,4134.93,4114.73,4117.91,3942
10-06-2026 22:45,4117.89,4120.1,4109.16,4110.94,3982
10-06-2026 23:00,4110.92,4112.44,4101.89,4102.18,3926
10-06-2026 23:15,4102.28,4113.46,4100.83,4111.57,4069
10-06-2026 23:30,4111.73,4120.43,4111.73,4115.82,3863
10-06-2026 23:45,4115.79,4118.03,4109.55,4112.27,3800
11-06-2026 00:00,4112.56,4112.56,4104.61,4104.89,3786
11-06-2026 00:15,4105,4107.64,4096.74,4101.48,3756
11-06-2026 00:30,4101.53,4102.02,4087.15,4088.85,3728
11-06-2026 00:45,4088.96,4091.96,4081.48,4084.63,3744
11-06-2026 01:00,4084.65,4091.88,4082.16,4091.47,3866
11-06-2026 01:15,4091.5,4092.51,4081.58,4082.67,3874
11-06-2026 01:30,4082.59,4082.94,4069.2,4072.15,3105
11-06-2026 01:45,4072.14,4079.97,4071.12,4078.32,2370
11-06-2026 02:00,4078.3,4078.3,4071.35,4072.75,1985
11-06-2026 02:15,4072.73,4072.73,4066.72,4070.94,1969
11-06-2026 03:30,4069.54,4070.93,4049.9,4055.78,2321
11-06-2026 03:45,4056.03,4056.74,4035.8,4044.5,3321
11-06-2026 04:00,4044.25,4068.73,4044.25,4062.56,3115
11-06-2026 04:15,4062.52,4066.45,4045.35,4046.06,3402
11-06-2026 04:30,4046.23,4053.79,4023.74,4029.78,3357
11-06-2026 04:45,4029.79,4064.5,4024.87,4061.53,3896
11-06-2026 05:00,4061.53,4064.32,4054.7,4056.17,3201
11-06-2026 05:15,4056.13,4057.31,4044.37,4047.08,3524
11-06-2026 05:30,4047.46,4059.55,4036.13,4052.25,4121
11-06-2026 05:45,4052.17,4072.64,4049.88,4067.61,4110
11-06-2026 06:00,4067.16,4076.74,4059.14,4063.37,3861
11-06-2026 06:15,4063.4,4078.05,4063.26,4075.75,3823
11-06-2026 06:30,4075.74,4089.9,4066.26,4086.69,4206
11-06-2026 06:45,4086.74,4108.72,4085.56,4104.48,4091
11-06-2026 07:00,4104.45,4117.9,4104.01,4113.6,3945
11-06-2026 07:15,4113.7,4117.09,4098.04,4101.98,3786
11-06-2026 07:30,4102.11,4102.6,4089.28,4089.59,3899
11-06-2026 07:45,4089.61,4095.8,4081.71,4082.49,3723
11-06-2026 08:00,4082.51,4085.12,4055.17,4059.51,4092
11-06-2026 08:15,4059.01,4073.3,4052.62,4067.89,3941
11-06-2026 08:30,4067.9,4078.52,4064.41,4065.44,3920
11-06-2026 08:45,4065.43,4071.37,4056.95,4063.17,3891
11-06-2026 09:00,4063.13,4071.8,4062.51,4067.41,3418
11-06-2026 09:15,4067.42,4075.57,4064.9,4072.75,3173
11-06-2026 09:30,4072.75,4083.05,4070.05,4082.74,3372
11-06-2026 09:45,4082.71,4085.29,4076.22,4077.55,3245
11-06-2026 10:00,4077.53,4083.92,4074.78,4082.03,3032
11-06-2026 10:15,4082.1,4085.77,4079.59,4082.56,2995
11-06-2026 10:30,4082.6,4083.03,4075.28,4077.16,3300
11-06-2026 10:45,4077.13,4081.19,4072.53,4075,3527
11-06-2026 11:00,4074.99,4099.51,4074.45,4099.4,3884
11-06-2026 11:15,4099.32,4106.2,4093.42,4094.23,3633
11-06-2026 11:30,4094.09,4094.67,4076.26,4084.22,3892
11-06-2026 11:45,4084.18,4092.89,4081.64,4086.61,3643
11-06-2026 12:00,4086.6,4092.76,4082.95,4092.7,3407
11-06-2026 12:15,4092.69,4097.5,4090.99,4094.27,3353
11-06-2026 12:30,4094.43,4098.33,4091.6,4096.72,3763
11-06-2026 12:45,4096.71,4110.15,4096.28,4107.45,3674
11-06-2026 13:00,4107.57,4110.51,4101.62,4107.5,3367
11-06-2026 13:15,4107.48,4107.99,4099.01,4104.85,3312
11-06-2026 13:30,4104.79,4112.54,4104.04,4106.11,3695
11-06-2026 13:45,4106.1,4108.45,4097.08,4097.53,3538
11-06-2026 14:00,4097.39,4099.46,4090.27,4090.59,3410
11-06-2026 14:15,4090.46,4092.05,4084.46,4084.46,3415
11-06-2026 14:30,4084.45,4087.39,4080.68,4086.06,3340
11-06-2026 14:45,4086.04,4088.79,4078.94,4079.38,3387
11-06-2026 15:00,4079.35,4091.82,4077.33,4091.66,3212
11-06-2026 15:15,4091.64,4096.39,4089.77,4091.52,3071
11-06-2026 15:30,4091.51,4094.16,4088.15,4092.02,3165
11-06-2026 15:45,4092.03,4094.45,4086.72,4087.59,3104
11-06-2026 16:00,4087.62,4092.9,4086.45,4090.41,3010
11-06-2026 16:15,4090.42,4092.87,4087.46,4089.78,2707
11-06-2026 16:30,4089.8,4093.06,4086.14,4086.14,3391
11-06-2026 16:45,4086.03,4091.14,4083.28,4090.19,3414
11-06-2026 17:00,4090.15,4095.78,4081.58,4084.83,3606
11-06-2026 17:15,4084.71,4087.61,4079.71,4080.24,3229
11-06-2026 17:30,4080.6,4087.08,4072.91,4076.35,3443
11-06-2026 17:45,4076.28,4081.94,4061.39,4068.95,3968
11-06-2026 18:00,4068.9,4077.08,4057.51,4073.32,4147
11-06-2026 18:15,4073.21,4085.21,4069.86,4081.9,4032
11-06-2026 18:30,4082.31,4086.11,4072.05,4073.08,4092
11-06-2026 18:45,4073.11,4081.78,4072.14,4075.29,3933
11-06-2026 19:00,4075.42,4082.54,4067.08,4076.04,4298
11-06-2026 19:15,4076.52,4092.48,4073.36,4083.2,4300
11-06-2026 19:30,4083.18,4085.3,4052.9,4060.83,4271
11-06-2026 19:45,4061.06,4084.86,4055.99,4074.74,4281
11-06-2026 20:00,4074.84,4083.49,4070.53,4076.22,4233
11-06-2026 20:15,4076.24,4080.94,4072.11,4073.41,4195
11-06-2026 20:30,4073.28,4087.91,4070.21,4080.52,4233
11-06-2026 20:45,4080.52,4089.18,4074.71,4081.6,4112
11-06-2026 21:00,4081.54,4090.31,4077.33,4088.09,4126
11-06-2026 21:15,4088.24,4095.31,4085.67,4088.69,3965
11-06-2026 21:30,4089.03,4103.24,4086.67,4102.57,4029
11-06-2026 21:45,4102.56,4107.56,4079.14,4079.29,4034
11-06-2026 22:00,4079.04,4087.91,4078.29,4081.87,3940
11-06-2026 22:15,4081.75,4084.09,4077.95,4080.15,3835
11-06-2026 22:30,4080.14,4080.8,4071.87,4075.96,3949
11-06-2026 22:45,4075.94,4102.09,4074.35,4101.92,3988
11-06-2026 23:00,4101.57,4169.91,4101.57,4166.45,4404
11-06-2026 23:15,4166.45,4166.45,4146.64,4151.77,4257
11-06-2026 23:30,4152.09,4155.53,4131.28,4146.76,2565
11-06-2026 23:45,4146.5,4162.82,4145.18,4152.89,4240
12-06-2026 00:00,4152.87,4165.21,4149.19,4164.77,4058
12-06-2026 00:15,4164.71,4171.61,4160.33,4161.79,3916
12-06-2026 00:30,4162.09,4189.16,4162.09,4188.2,4105
12-06-2026 00:45,4188.23,4198.26,4186.12,4195.52,4087
12-06-2026 01:00,4195.93,4219.83,4195.93,4210.16,4165
12-06-2026 01:15,4210.19,4215.41,4207.28,4208.79,3955
12-06-2026 01:30,4209.31,4218.45,4208.04,4213.76,2988
12-06-2026 01:45,4213.73,4216.31,4212.12,4213.98,2451
12-06-2026 02:00,4214,4216.24,4209.6,4209.64,2575
12-06-2026 02:15,4209.58,4212.62,4208.68,4210.37,1738
12-06-2026 03:30,4218.05,4218.38,4205.2,4209.26,1660
12-06-2026 03:45,4209.3,4215.5,4205.31,4214.61,2334
12-06-2026 04:00,4214.59,4228.05,4211.19,4225.63,2780
12-06-2026 04:15,4225.46,4246.14,4224.51,4243.04,3394
12-06-2026 04:30,4243.11,4245.71,4221.5,4223.64,3123
12-06-2026 04:45,4223.81,4226.44,4214.2,4216.43,2822
12-06-2026 05:00,4216.16,4223.52,4214.48,4219.36,2971
12-06-2026 05:15,4219.4,4224.5,4215.19,4219.92,3324
12-06-2026 05:30,4219.73,4225.71,4212.63,4216.85,3761
12-06-2026 05:45,4216.82,4230.44,4207.34,4220.33,3713
12-06-2026 06:00,4220.32,4228.51,4202.7,4203.93,3552
12-06-2026 06:15,4203.94,4208.28,4200.68,4208.28,3651
12-06-2026 06:30,4208.28,4210.68,4182.93,4187.04,4082
12-06-2026 06:45,4187.03,4193.75,4179.64,4181.04,3863
12-06-2026 07:00,4180.81,4186.8,4171.37,4179.37,3946
12-06-2026 07:15,4179.27,4191.36,4179.27,4186.74,3755
12-06-2026 07:30,4186.72,4200,4183.71,4193.86,3720
12-06-2026 07:45,4193.87,4194.44,4186.53,4188.47,3306
12-06-2026 08:00,4188.48,4193.14,4182.64,4186.1,3623
12-06-2026 08:15,4186.12,4193.47,4183.58,4191.51,3460
12-06-2026 08:30,4191.51,4196.08,4189.44,4193.87,3431
12-06-2026 08:45,4193.75,4203.5,4192.97,4203.42,3596
12-06-2026 09:00,4203.38,4204.84,4198.72,4199.25,3264
12-06-2026 09:15,4198.88,4201.32,4195.41,4197.05,2943
12-06-2026 09:30,4197.02,4200.97,4191.93,4194.32,2952
12-06-2026 09:45,4194.29,4195.51,4190.27,4192.62,2592
12-06-2026 10:00,4192.64,4198.07,4191.79,4193.38,2587
12-06-2026 10:15,4193.38,4194.21,4189.53,4189.94,2779
12-06-2026 10:30,4189.94,4192.9,4181.9,4188.6,3238
12-06-2026 10:45,4188.79,4189.52,4184.9,4186.97,3009
12-06-2026 11:00,4187.07,4187.65,4172.48,4180.45,3928
12-06-2026 11:15,4180.47,4180.94,4170.55,4173.14,3788
12-06-2026 11:30,4173.12,4185.54,4173.06,4182.81,3696
12-06-2026 11:45,4182.99,4183.13,4178.84,4181.98,3508
12-06-2026 12:00,4182,4182.44,4172.35,4176.49,3576
12-06-2026 12:15,4176.49,4184.77,4174.17,4184.11,3381
12-06-2026 12:30,4184.48,4184.81,4175.98,4178.16,3536
12-06-2026 12:45,4178.14,4180,4173.79,4174.11,3221
12-06-2026 13:00,4174.08,4184.38,4170.06,4182.99,3381
12-06-2026 13:15,4182.97,4194.14,4173.8,4194.14,3341
12-06-2026 13:30,4194.62,4204.86,4191.93,4203.69,3925
12-06-2026 13:45,4203.77,4220.48,4199.34,4212.98,4031
12-06-2026 14:00,4213.21,4222.38,4211.78,4218.26,3802
12-06-2026 14:15,4218.66,4225.91,4214.62,4219.56,3559
12-06-2026 14:30,4219.58,4225.09,4217.34,4224.04,3481
12-06-2026 14:45,4224.05,4226.72,4219,4220.81,3628
12-06-2026 15:00,4220.79,4227.78,4219.17,4225.22,3484
12-06-2026 15:15,4225.19,4227.89,4221.29,4221.79,3443
12-06-2026 15:30,4221.75,4225.56,4218.98,4221.34,3156
12-06-2026 15:45,4221.3,4222.09,4202.77,4206.72,3546
12-06-2026 16:00,4206.95,4218.65,4206.41,4215.28,3373
12-06-2026 16:15,4215.15,4218.62,4209.24,4210.73,3212
12-06-2026 16:30,4211,4211.94,4205.09,4207.35,3406
12-06-2026 16:45,4207.33,4210.19,4202.1,4202.5,3318
12-06-2026 17:00,4202.51,4210.33,4197.5,4209.69,3344
12-06-2026 17:15,4209.7,4215.28,4206.47,4206.8,3345
12-06-2026 17:30,4206.81,4214.21,4202.84,4214.21,3623
12-06-2026 17:45,4214.21,4215.3,4200.27,4200.95,3532
12-06-2026 18:00,4201,4201.69,4191.78,4196.74,3662
12-06-2026 18:15,4196.7,4200.7,4188.49,4191.68,3673
12-06-2026 18:30,4191.62,4201.06,4186.45,4198.26,3820
12-06-2026 18:45,4198.1,4206.64,4197.23,4202.8,3601
12-06-2026 19:00,4202.71,4210.11,4182.95,4190.91,4261
12-06-2026 19:15,4190.74,4193.72,4183.34,4186.37,4218
12-06-2026 19:30,4186.62,4198.45,4184.7,4193.03,4146
12-06-2026 19:45,4192.89,4199.34,4182.64,4188.54,4138
12-06-2026 20:00,4188.01,4193.18,4181,4184.4,4126
12-06-2026 20:15,4184.32,4208.27,4177.18,4203.9,4242
12-06-2026 20:30,4204.28,4215.1,4200.17,4213.95,4168
12-06-2026 20:45,4213.92,4235.51,4212.56,4225.72,4074
12-06-2026 21:00,4225.68,4228.34,4210.36,4211.03,4062
12-06-2026 21:15,4211.34,4218.84,4206.87,4211.79,4072
12-06-2026 21:30,4211.82,4224.74,4207.95,4221.62,3307
12-06-2026 21:45,4221.63,4232.83,4215.62,4216.99,3979
12-06-2026 22:00,4216.98,4220.35,4211.67,4213.24,3836
12-06-2026 22:15,4213.35,4218.05,4211.26,4215.98,3724
12-06-2026 22:30,4215.93,4226.24,4214.95,4218.34,3778
12-06-2026 22:45,4218.66,4223.67,4213.86,4218.82,3356
12-06-2026 23:00,4219.16,4223.56,4213.96,4222.4,3457
12-06-2026 23:15,4222.39,4225.03,4219.5,4221.29,3487
12-06-2026 23:30,4221.39,4228.51,4218.12,4226.97,3483
12-06-2026 23:45,4227.02,4235.36,4224.44,4226.48,3426
13-06-2026 00:00,4226.62,4229.96,4224.38,4229.19,2967
13-06-2026 00:15,4229.22,4229.22,4214.15,4215.53,3045
13-06-2026 00:30,4215.45,4219.35,4214.37,4217.5,2909
13-06-2026 00:45,4217.51,4217.51,4207.81,4208.48,3153
13-06-2026 01:00,4208.54,4209.84,4201.43,4204.8,3550
13-06-2026 01:15,4204.64,4210.79,4203.32,4210.34,3355
13-06-2026 01:30,4210.24,4213.2,4209.05,4212.14,2126
13-06-2026 01:45,4212.48,4216.52,4211.95,4214.01,1275
13-06-2026 02:00,4214.16,4214.16,4212.13,4213.31,1263
13-06-2026 02:15,4213.39,4218.5,4211.87,4218.14,1112
15-06-2026 03:30,4267.19,4308.19,4260.88,4299.76,2609
15-06-2026 03:45,4299.58,4306.08,4283.56,4286.57,3266
15-06-2026 04:00,4286.49,4288.39,4280.17,4285.17,2868
15-06-2026 04:15,4285.05,4291.69,4284.66,4285.44,2262
15-06-2026 04:30,4285.49,4288.29,4282.22,4283.03,2612
15-06-2026 04:45,4283.02,4284.61,4281.08,4283.3,2272
15-06-2026 05:00,4283.31,4286.16,4281.57,4284.99,1886
15-06-2026 05:15,4285.02,4295.06,4284.19,4294.01,2850
15-06-2026 05:30,4293.96,4301.05,4293.39,4299.88,3158
15-06-2026 05:45,4299.96,4308.06,4299.69,4300.88,3191
15-06-2026 06:00,4300.85,4305.54,4295.61,4297.65,2847
15-06-2026 06:15,4297.85,4299.95,4291.65,4292.57,2911
15-06-2026 06:30,4292.56,4300.34,4285.5,4296.15,4073
15-06-2026 06:45,4296.2,4306.4,4289.34,4303.42,3832
15-06-2026 07:00,4303.46,4319.54,4301.24,4317.75,3818
15-06-2026 07:15,4317.7,4319,4313.16,4316.71,3520
15-06-2026 07:30,4316.71,4326.58,4315.98,4326.43,3473
15-06-2026 07:45,4326.45,4331.02,4324.27,4328.04,2652
15-06-2026 08:00,4328.05,4334.18,4327.76,4330.08,3295
15-06-2026 08:15,4330.15,4335.37,4327.73,4329.44,3019
15-06-2026 08:30,4329.44,4331.11,4321.86,4325.27,3178
15-06-2026 08:45,4325.26,4329,4321.37,4323.93,3013
15-06-2026 09:00,4324.1,4327.27,4321.2,4323.3,2391
15-06-2026 09:15,4323.25,4327.23,4322.85,4324.88,1817
15-06-2026 09:30,4324.89,4327.46,4322.7,4326.34,1944
15-06-2026 09:45,4326.33,4327.59,4320.76,4326.98,2348
15-06-2026 10:00,4327,4330.15,4325.27,4327.81,1811
15-06-2026 10:15,4327.8,4329.22,4326.47,4328.14,1900
15-06-2026 10:30,4328,4330.84,4323.96,4328.7,2471
15-06-2026 10:45,4328.71,4332.91,4325.9,4330.19,2395
15-06-2026 11:00,4330.17,4332.71,4312.62,4312.64,3332
15-06-2026 11:15,4312.69,4316.19,4307.49,4309.93,3079
15-06-2026 11:30,4310,4313.32,4302.74,4308.75,3507
15-06-2026 11:45,4308.76,4309.3,4302.89,4304.91,3324
15-06-2026 12:00,4304.92,4307.03,4300.88,4306.38,3474
15-06-2026 12:15,4306.33,4309.72,4304.12,4308.08,2921
15-06-2026 12:30,4308.05,4314.15,4305.23,4313.46,3204
15-06-2026 12:45,4313.51,4318.7,4313.1,4316.63,3085
15-06-2026 13:00,4316.65,4317.27,4311.91,4316.6,3222
15-06-2026 13:15,4316.59,4325.15,4312.58,4323.13,3174
15-06-2026 13:30,4322.92,4329.31,4321.64,4328.82,3172
15-06-2026 13:45,4328.81,4332.65,4327.28,4328.39,3228
15-06-2026 14:00,4328.59,4345.47,4327.83,4340.9,3238
15-06-2026 14:15,4340.91,4342.91,4334.05,4334.16,2866
15-06-2026 14:30,4334.17,4343.06,4334.17,4340.04,3116
15-06-2026 14:45,4340.03,4343.16,4336.41,4338.9,3254
15-06-2026 15:00,4338.91,4340.97,4334.65,4335.6,3008
15-06-2026 15:15,4335.5,4340.78,4335.02,4336.53,2731
15-06-2026 15:30,4336.57,4340.27,4335.7,4337.76,2699
15-06-2026 15:45,4337.77,4339.34,4336.01,4338.44,2601
15-06-2026 16:00,4338.42,4340.24,4335.23,4337.7,2526
15-06-2026 16:15,4337.71,4341.35,4336.31,4338.04,2613
15-06-2026 16:30,4338.1,4339.81,4336.13,4337.9,2803
15-06-2026 16:45,4337.89,4341.36,4335.99,4340.88,2886
15-06-2026 17:00,4341.21,4347.46,4337.89,4338.35,3156
15-06-2026 17:15,4338.35,4338.51,4331.82,4335.17,3371
15-06-2026 17:30,4335.19,4338.65,4330.36,4331,3244
15-06-2026 17:45,4330.97,4338.2,4324.45,4337,3503
15-06-2026 18:00,4337.11,4346.62,4335.13,4344.87,3378
15-06-2026 18:15,4345.12,4349.33,4343.25,4348.86,3221
15-06-2026 18:30,4348.97,4350.28,4341.25,4349.47,3589
15-06-2026 18:45,4349.43,4355.78,4349.28,4353.16,3521
15-06-2026 19:00,4353.26,4368.73,4352.14,4363.52,4115
15-06-2026 19:15,4363.11,4364.54,4354.24,4355.07,3918
15-06-2026 19:30,4355.12,4369.18,4353.99,4357.32,3983
15-06-2026 19:45,4357.38,4364.13,4353.97,4363.63,3910
15-06-2026 20:00,4363.63,4365,4353.82,4356.96,3834
15-06-2026 20:15,4356.95,4363.58,4355.36,4356.65,3749
15-06-2026 20:30,4356.63,4359.31,4349.52,4350.95,3786
15-06-2026 20:45,4350.96,4358.09,4350.09,4353.96,3458
15-06-2026 21:00,4353.88,4359.73,4349.69,4357.44,3582
15-06-2026 21:15,4357.37,4360.68,4354.82,4356.14,3364
15-06-2026 21:30,4356.1,4358.62,4349.12,4351.61,3137
15-06-2026 21:45,4351.62,4352.49,4339.22,4342.86,3519
15-06-2026 22:00,4342.8,4343.01,4336.14,4336.16,3147
15-06-2026 22:15,4336.07,4339.76,4334.49,4339.21,3212
15-06-2026 22:30,4339.19,4339.19,4330.63,4334.11,3467
15-06-2026 22:45,4334.24,4334.77,4328.9,4329.76,3271
15-06-2026 23:00,4329.71,4329.84,4321.07,4321.99,3242
15-06-2026 23:15,4321.98,4325.24,4320.6,4324.69,3267
15-06-2026 23:30,4324.75,4324.96,4317.98,4324.13,3403
15-06-2026 23:45,4324.16,4327.96,4322.74,4324.66,3084
16-06-2026 00:00,4324.67,4326.22,4321.76,4324.9,3143
16-06-2026 00:15,4324.88,4327.19,4323.97,4325.6,2893
16-06-2026 00:30,4325.58,4326.65,4320.77,4322.43,3167
16-06-2026 00:45,4322.47,4324.55,4320.79,4321.34,2847
16-06-2026 01:00,4321.34,4323.67,4318.09,4319.03,2980
16-06-2026 01:15,4319.01,4320.82,4316.54,4320.82,3209
16-06-2026 01:30,4320.72,4321.96,4315.65,4315.92,1907
16-06-2026 01:45,4315.94,4318.52,4310.62,4312.61,1691
16-06-2026 02:00,4312.62,4312.97,4308.22,4309.61,1384
16-06-2026 02:15,4309.48,4310.15,4305.98,4308.72,1172
16-06-2026 03:30,4310.71,4314.6,4308.48,4309.51,1033
16-06-2026 03:45,4309.62,4312.91,4305.47,4308.04,1581
16-06-2026 04:00,4308.03,4314.28,4306.56,4312.16,1605
16-06-2026 04:15,4312.12,4314.06,4310.32,4311.74,1635
16-06-2026 04:30,4311.74,4316.36,4311.74,4313.31,1706
16-06-2026 04:45,4313.3,4315.53,4311.41,4315.45,1671
16-06-2026 05:00,4315.42,4319.15,4313.27,4318.11,1734
16-06-2026 05:15,4318.12,4319,4313.1,4315.54,2010
16-06-2026 05:30,4315.5,4318.23,4313.18,4313.42,2314
16-06-2026 05:45,4313.39,4315.73,4306.78,4308.18,2766
16-06-2026 06:00,4308.15,4313.65,4307.81,4310.96,2843
16-06-2026 06:15,4310.96,4320.64,4310.61,4319.11,2776
16-06-2026 06:30,4319.12,4325.81,4315.55,4319.77,3743
16-06-2026 06:45,4319.69,4323.92,4316.32,4319.25,3344
16-06-2026 07:00,4319.33,4320.36,4313.27,4314.95,3454
16-06-2026 07:15,4314.94,4319.3,4312.07,4313.51,3188
16-06-2026 07:30,4313.49,4314.07,4307.53,4309.53,3020
16-06-2026 07:45,4309.49,4312.91,4308.21,4312.56,2074
16-06-2026 08:00,4312.57,4318.22,4309.56,4312,3031
16-06-2026 08:15,4312.15,4320.78,4311.13,4318.64,2882
16-06-2026 08:30,4318.46,4320.88,4317.1,4318.57,2703
16-06-2026 08:45,4318.54,4322.56,4315.32,4321.15,2541
16-06-2026 09:00,4321.16,4332.79,4319.73,4331.85,2565
16-06-2026 09:15,4331.86,4333.09,4328.92,4330.38,2217
16-06-2026 09:30,4330.34,4332.08,4325.59,4326.92,2130
16-06-2026 09:45,4326.93,4327.72,4322.11,4322.78,1854
16-06-2026 10:00,4322.85,4325.21,4321.77,4323.04,2097
16-06-2026 10:15,4323.14,4323.63,4321.11,4322.44,2156
16-06-2026 10:30,4322.43,4329.02,4322.11,4326.24,2272
16-06-2026 10:45,4326.2,4327.88,4324.47,4327.18,1925
16-06-2026 11:00,4327.07,4330.74,4315.88,4317.61,3463
16-06-2026 11:15,4317.64,4321,4314.25,4315.85,2952
16-06-2026 11:30,4315.82,4319.56,4313.52,4318.54,3120
16-06-2026 11:45,4318.56,4318.58,4314.28,4316.44,2871
16-06-2026 12:00,4316.49,4320.12,4314.04,4316.25,2970
16-06-2026 12:15,4316.22,4324.44,4316.03,4323.81,3030
16-06-2026 12:30,4324.14,4328.39,4322.52,4326.02,2895
16-06-2026 12:45,4326.03,4329.47,4324.14,4328.52,2683
16-06-2026 13:00,4328.49,4332.48,4326.07,4327.51,2944
16-06-2026 13:15,4327.52,4335.56,4326.47,4335.02,2957
16-06-2026 13:30,4334.98,4340.14,4332.7,4337.84,2997
16-06-2026 13:45,4337.76,4343.43,4337.59,4341.1,2980
16-06-2026 14:00,4341.18,4345,4339.07,4343.32,2901
16-06-2026 14:15,4343.34,4347.91,4340.8,4346.82,2912
16-06-2026 14:30,4346.87,4348.17,4343.94,4346.05,2824
16-06-2026 14:45,4346.13,4346.5,4338.32,4339.84,2601
16-06-2026 15:00,4339.79,4346.26,4339.36,4342.01,2618
16-06-2026 15:15,4342.1,4348.24,4340.21,4345.14,2377
16-06-2026 15:30,4345.16,4346.48,4342.98,4345.9,2194
16-06-2026 15:45,4345.89,4346.61,4343.62,4344.17,2261
16-06-2026 16:00,4344.15,4346.66,4342.11,4346.61,2240
16-06-2026 16:15,4346.58,4348.83,4346.41,4348.81,2368
16-06-2026 16:30,4348.89,4349.33,4339.44,4341.52,2827
16-06-2026 16:45,4341.39,4343.32,4338.62,4341.94,2623
16-06-2026 17:00,4341.92,4342.21,4335.03,4338.71,3055
16-06-2026 17:15,4338.7,4341.54,4336.78,4340.92,2620
16-06-2026 17:30,4340.91,4345.49,4338.06,4344.59,3122
16-06-2026 17:45,4344.58,4345.04,4337.29,4343.69,3182
16-06-2026 18:00,4343.71,4349.61,4341.49,4349.43,3368
16-06-2026 18:15,4349.5,4354.94,4348.49,4354.61,3242
16-06-2026 18:30,4354.42,4354.81,4342.06,4343.73,3774
16-06-2026 18:45,4343.75,4344.95,4333.18,4335.02,3715
16-06-2026 19:00,4335.03,4340.23,4333.69,4338.88,3948
16-06-2026 19:15,4338.83,4340.4,4331.53,4331.65,3816
16-06-2026 19:30,4331.72,4338.89,4331.43,4335.43,3748
16-06-2026 19:45,4335.24,4335.24,4317.61,4319.61,4045
16-06-2026 20:00,4319.64,4328.29,4313.24,4324.23,3936
16-06-2026 20:15,4324.26,4327.26,4321.52,4323.95,3865
16-06-2026 20:30,4324.19,4326.93,4322.31,4324.47,3691
16-06-2026 20:45,4324.51,4328.57,4321.1,4325.75,3613
16-06-2026 21:00,4325.76,4328.68,4322.93,4326.59,3590
16-06-2026 21:15,4326.54,4343.41,4321.95,4335.18,3893
16-06-2026 21:30,4335.06,4346.79,4334.81,4345.76,3775
16-06-2026 21:45,4345.79,4346.7,4341.72,4344.48,3531
16-06-2026 22:00,4344.42,4345.13,4340.01,4343.98,3386
16-06-2026 22:15,4343.79,4346.31,4339.97,4340.58,3247
16-06-2026 22:30,4340.59,4341.07,4334.17,4335.57,3169
16-06-2026 22:45,4335.56,4335.94,4325.24,4334.63,3485
16-06-2026 23:00,4335.18,4340.05,4334.13,4338.44,3361
16-06-2026 23:15,4338.38,4340.52,4335.74,4340.27,2902
16-06-2026 23:30,4340.24,4342.66,4339.08,4341.71,3128
16-06-2026 23:45,4341.7,4342.25,4338.94,4341.22,2945
17-06-2026 00:00,4341.12,4342.68,4338.25,4338.78,2759
17-06-2026 00:15,4338.83,4340.01,4336.1,4338.41,2358
17-06-2026 00:30,4338.46,4342.81,4337.72,4339.09,2922
17-06-2026 00:45,4339.13,4341.11,4336.43,4339.54,2913
17-06-2026 01:00,4339.56,4340.01,4336.89,4338.51,2831
17-06-2026 01:15,4338.67,4339.67,4330.6,4334.16,3259
17-06-2026 01:30,4333.86,4334.04,4330.94,4330.99,1801
17-06-2026 01:45,4330.92,4333.99,4330.78,4332.73,1223
17-06-2026 02:00,4332.75,4334.75,4331.39,4333.45,1277
17-06-2026 02:15,4333.36,4333.39,4329.1,4330.76,1267
17-06-2026 03:30,4333.46,4334.42,4330.19,4331.96,462
17-06-2026 03:45,4331.88,4332.61,4328.5,4329.69,841
17-06-2026 04:00,4329.89,4333,4329.89,4332.52,729
17-06-2026 04:15,4332.53,4335.61,4331.9,4335.26,713
17-06-2026 04:30,4335.21,4338.15,4333.88,4336.59,745
17-06-2026 04:45,4336.58,4336.96,4335.64,4336.11,478
17-06-2026 05:00,4336.08,4336.51,4332.97,4334.57,741
17-06-2026 05:15,4334.59,4334.99,4329.51,4330.91,1117
17-06-2026 05:30,4330.9,4340.01,4328.49,4337.51,2391
17-06-2026 05:45,4337.52,4341.52,4336.58,4337.24,2010
17-06-2026 06:00,4337.23,4338.86,4334.63,4335.4,1426
17-06-2026 06:15,4335.41,4337.83,4332.17,4337.02,2235
17-06-2026 06:30,4336.73,4349.74,4334.3,4347.5,3590
17-06-2026 06:45,4347.68,4347.73,4339.09,4343.24,3170
17-06-2026 07:00,4343.12,4344.11,4337.82,4339.47,3011
17-06-2026 07:15,4339.44,4343.4,4336.78,4340.85,2969
17-06-2026 07:30,4340.82,4344.19,4339.89,4342.06,2747
17-06-2026 07:45,4342.1,4344.4,4339.57,4340.54,2001
17-06-2026 08:00,4340.53,4343.66,4337.7,4338.71,2953
17-06-2026 08:15,4338.7,4338.78,4329.67,4331.57,3012
17-06-2026 08:30,4331.45,4334.03,4329.39,4330.44,2647
17-06-2026 08:45,4330.18,4332.32,4328.5,4331.52,2791
17-06-2026 09:00,4331.6,4333.43,4330.08,4333.16,1965
17-06-2026 09:15,4333.14,4333.7,4330.45,4332.21,1887
17-06-2026 09:30,4332.07,4332.27,4328.43,4330.72,1837
17-06-2026 09:45,4330.66,4334.06,4324.09,4324.49,2270
17-06-2026 10:00,4324.4,4325.6,4317.47,4323.06,2336
17-06-2026 10:15,4323.05,4326.66,4322.24,4326.66,1738
17-06-2026 10:30,4326.71,4327.73,4321.29,4322.49,2021
17-06-2026 10:45,4322.44,4327.57,4321.09,4327.18,2242
17-06-2026 11:00,4327.15,4333.09,4326.83,4329.64,3080
17-06-2026 11:15,4329.66,4333.99,4324.38,4326.53,2992
17-06-2026 11:30,4327.2,4329.91,4324.33,4329.44,2939
17-06-2026 11:45,4328.91,4329.38,4320.59,4324.24,2992
17-06-2026 12:00,4324.23,4329.11,4322.46,4327.65,3043
17-06-2026 12:15,4327.6,4331.73,4326.61,4331.56,2605
17-06-2026 12:30,4331.58,4332.86,4326.98,4327.17,2833
17-06-2026 12:45,4327.15,4332.7,4326.58,4329.04,2768
17-06-2026 13:00,4329.02,4331.69,4325.38,4328.84,2613
17-06-2026 13:15,4328.79,4329.43,4324.64,4325.2,2543
17-06-2026 13:30,4325.05,4327.82,4322.11,4322.8,3014
17-06-2026 13:45,4322.79,4324.85,4319.59,4323.59,3124
17-06-2026 14:00,4323.59,4324.35,4319.19,4320.07,2818
17-06-2026 14:15,4319.91,4325.45,4317.36,4324.71,2721
17-06-2026 14:30,4324.68,4325.83,4321.21,4325.23,2460
17-06-2026 14:45,4325.25,4333.08,4325.21,4331.91,2773
17-06-2026 15:00,4332.04,4335.53,4328.12,4328.41,2598
17-06-2026 15:15,4328.42,4329.66,4325.57,4329.47,2359
17-06-2026 15:30,4329.46,4330.94,4327.73,4330.82,2678
17-06-2026 15:45,4330.82,4330.92,4326.76,4328.94,2423
17-06-2026 16:00,4329,4331.2,4327.12,4330.87,2259
17-06-2026 16:15,4330.85,4335.08,4330.72,4331.34,2489
17-06-2026 16:30,4331.36,4331.92,4327.73,4329.05,2865
17-06-2026 16:45,4329.03,4331.7,4327.93,4328.74,2690
17-06-2026 17:00,4328.78,4328.9,4324.28,4325.83,2805
17-06-2026 17:15,4325.8,4327.11,4320.87,4323.06,2686
17-06-2026 17:30,4323.17,4324.84,4319.75,4323.4,2848
17-06-2026 17:45,4323.35,4327.63,4321.72,4325.04,2597
17-06-2026 18:00,4324.72,4332.07,4323.61,4331.59,2851
17-06-2026 18:15,4331.85,4335.19,4331.02,4333.55,2549
17-06-2026 18:30,4333.54,4334.23,4324.02,4331.82,3474
17-06-2026 18:45,4331.82,4338.3,4330.83,4335.34,3165
17-06-2026 19:00,4335.42,4341.83,4332.52,4341.72,3881
17-06-2026 19:15,4341.52,4345.24,4339.29,4339.84,3741
17-06-2026 19:30,4339.73,4345.93,4335.63,4342.45,3820
17-06-2026 19:45,4342.44,4362.06,4340.98,4360.32,3805
17-06-2026 20:00,4360.06,4364.08,4347.34,4351.92,3891
17-06-2026 20:15,4351.94,4355.29,4330.74,4344.48,4037
17-06-2026 20:30,4344.23,4348.43,4343.8,4348.01,3901
17-06-2026 20:45,4347.81,4359.92,4347.15,4355.42,3744
17-06-2026 21:00,4355.2,4361.09,4354.57,4358.19,3278
17-06-2026 21:15,4358.37,4364.75,4357.32,4363.49,3128
17-06-2026 21:30,4363.47,4365.62,4360.55,4362.15,3211
17-06-2026 21:45,4362.18,4366.41,4360.65,4365.2,2943
17-06-2026 22:00,4365.1,4365.2,4355.01,4357.52,2997
17-06-2026 22:15,4357.51,4359.53,4356.05,4359.37,2783
17-06-2026 22:30,4359.39,4361.04,4355.33,4358.84,3234
17-06-2026 22:45,4358.82,4363.94,4357.77,4361.2,3200
17-06-2026 23:00,4361.13,4382.47,4360.78,4375.95,3518
17-06-2026 23:15,4375.98,4381.73,4373.62,4379.66,3222
17-06-2026 23:30,4379.54,4379.54,4276.96,4283.96,4371
17-06-2026 23:45,4284.19,4307.81,4282.86,4292.48,4313
18-06-2026 00:00,4292.59,4327.03,4269.46,4323.79,4411
18-06-2026 00:15,4324.23,4332.13,4278.71,4285.76,4355
18-06-2026 00:30,4286.15,4295.11,4260.51,4264.66,4368
18-06-2026 00:45,4264.65,4265.24,4226.59,4227.01,4314
18-06-2026 01:00,4226.79,4235.92,4218.94,4229.62,4334
18-06-2026 01:15,4230.62,4246.86,4229.68,4235.7,4262
18-06-2026 01:30,4235.17,4260.01,4235.06,4257.49,3816
18-06-2026 01:45,4257.58,4269.72,4254.08,4258.28,3384
18-06-2026 02:00,4258.29,4265.47,4258.26,4260.04,2901
18-06-2026 02:15,4260.24,4262.06,4255.76,4257.26,2117
18-06-2026 03:30,4256.17,4267.48,4253.99,4265.15,1442
18-06-2026 03:45,4265.52,4270.88,4264.51,4266.71,1508
18-06-2026 04:00,4266.6,4268.71,4263.25,4263.79,1556
18-06-2026 04:15,4263.78,4270.72,4260.29,4266.54,2012
18-06-2026 04:30,4266.57,4282.06,4264.15,4281.7,2362
18-06-2026 04:45,4281.71,4283.84,4275.51,4280.02,2732
18-06-2026 05:00,4280.03,4282.66,4267.91,4276.12,2491
18-06-2026 05:15,4276.13,4279.37,4272.28,4277.9,2528
18-06-2026 05:30,4277.94,4299.12,4276.46,4297.33,3632
18-06-2026 05:45,4297.45,4301.11,4294.61,4300.53,3486
18-06-2026 06:00,4300.39,4311.55,4299.75,4310.92,3366
18-06-2026 06:15,4310.89,4315.23,4308.16,4308.55,3379
18-06-2026 06:30,4308.41,4328.44,4307.09,4322.89,3877
18-06-2026 06:45,4322.9,4323.55,4315.08,4319.06,3588
18-06-2026 07:00,4319.1,4325.07,4316.95,4322.4,3591
18-06-2026 07:15,4322.35,4325.92,4317.29,4317.77,3388
18-06-2026 07:30,4317.77,4329.69,4316.26,4327,3293
18-06-2026 07:45,4327.02,4329.62,4323.23,4324.33,2700
18-06-2026 08:00,4324.28,4325.36,4316.1,4316.4,3371
18-06-2026 08:15,4316.47,4318.8,4310.4,4310.86,3304
18-06-2026 08:30,4310.86,4316.32,4309.01,4311.58,3134
18-06-2026 08:45,4311.59,4316.77,4310.67,4314.66,3058
18-06-2026 09:00,4314.72,4322.54,4313.69,4318.84,2609
18-06-2026 09:15,4318.81,4320.59,4316.65,4319.63,2067
18-06-2026 09:30,4319.78,4323.92,4314.61,4317.3,2259
18-06-2026 09:45,4317.33,4318.98,4311.57,4313.59,2251
18-06-2026 10:00,4313.56,4318.2,4309.75,4310.04,2554
18-06-2026 10:15,4310.06,4317.18,4309.69,4315.96,2404
18-06-2026 10:30,4315.73,4318.23,4312.27,4315.91,2508
18-06-2026 10:45,4315.86,4323.15,4315.5,4323.06,2546
18-06-2026 11:00,4322.86,4324.51,4309.48,4310.47,3374
18-06-2026 11:15,4310.49,4311.66,4301.25,4308.01,3596
18-06-2026 11:30,4308.16,4309.87,4296.27,4298.79,3696
18-06-2026 11:45,4298.73,4305.26,4296.35,4305.02,3531
18-06-2026 12:00,4304.78,4305.34,4299.07,4301.42,3333
18-06-2026 12:15,4301.44,4307.51,4301.16,4306.4,3353
18-06-2026 12:30,4306.75,4309.08,4300.27,4307.04,3318
18-06-2026 12:45,4306.97,4309.31,4303.88,4307.67,3094
18-06-2026 13:00,4307.68,4307.68,4293.38,4297.55,3266
18-06-2026 13:15,4297.54,4298.64,4287.38,4288.64,3269
18-06-2026 13:30,4288.95,4292.98,4284.09,4286.97,3263
18-06-2026 13:45,4287,4289.91,4283.87,4284.55,3016
18-06-2026 14:00,4284.65,4289.7,4280.85,4281.39,3159
18-06-2026 14:15,4281.63,4281.63,4265.42,4266.68,3498
18-06-2026 14:30,4267.01,4269.29,4259.54,4267.65,3403
18-06-2026 14:45,4267.65,4273.1,4265.37,4266.32,3106
18-06-2026 15:00,4266.3,4268.82,4263.4,4268.48,3140
18-06-2026 15:15,4268.46,4273.26,4267.27,4268.65,2877
18-06-2026 15:30,4268.43,4269.69,4261.82,4268.01,3161
18-06-2026 15:45,4268.14,4272.67,4263.56,4269.29,3002
18-06-2026 16:00,4269.41,4270.55,4263.76,4264.09,2909
18-06-2026 16:15,4264.08,4266.43,4254.64,4255.48,3032
18-06-2026 16:30,4255.66,4255.69,4240.41,4247.31,3552
18-06-2026 16:45,4247.1,4249.52,4243.53,4249.07,3392
18-06-2026 17:00,4249.05,4250.07,4241.86,4243.32,3516
18-06-2026 17:15,4243.3,4245.86,4239.85,4241.9,3345
18-06-2026 17:30,4241.96,4258.06,4240.37,4256.24,3650
18-06-2026 17:45,4256.24,4269.06,4254.1,4255.52,3648
18-06-2026 18:00,4255.3,4258.52,4241.34,4243.03,3809
18-06-2026 18:15,4243.1,4247.95,4240.95,4246.56,3686
18-06-2026 18:30,4246.53,4259.3,4244.89,4259.25,3737
18-06-2026 18:45,4259.27,4263.3,4252.77,4263.16,3642
18-06-2026 19:00,4263.03,4276.58,4263.03,4264.34,4158
18-06-2026 19:15,4264.46,4265.34,4250.52,4256.44,4119
18-06-2026 19:30,4256.5,4257.8,4238.65,4241.58,4127
18-06-2026 19:45,4241.57,4255.88,4237.13,4244.15,4045
18-06-2026 20:00,4244.05,4252.16,4241.11,4244.57,4074
18-06-2026 20:15,4244.43,4254.21,4240.1,4252.21,3913
18-06-2026 20:30,4252.2,4254.61,4246.36,4246.53,4002
18-06-2026 20:45,4246.58,4249.31,4234.41,4235.68,3937
18-06-2026 21:00,4235.61,4236.74,4223.96,4231.73,3945
18-06-2026 21:15,4231.72,4231.75,4223.06,4226.6,3632
18-06-2026 21:30,4226.65,4233.23,4225.72,4227.3,3726
18-06-2026 21:45,4227.31,4228.53,4221.81,4224.88,3671
18-06-2026 22:00,4224.87,4229.29,4215.11,4221.85,3794
18-06-2026 22:15,4221.82,4222.26,4213.9,4219.4,3739
18-06-2026 22:30,4219.39,4228.52,4218.37,4227.81,3457
18-06-2026 22:45,4227.86,4231.56,4225.53,4226.04,3609
18-06-2026 23:00,4226.03,4230.22,4222.37,4229.72,3324
18-06-2026 23:15,4229.73,4233.07,4227.24,4230.27,3045
18-06-2026 23:30,4230.36,4233.06,4227.31,4228.46,3323
18-06-2026 23:45,4228.26,4229.77,4225.4,4226.27,3305
19-06-2026 00:00,4226.23,4226.23,4220.41,4224.79,3127
19-06-2026 00:15,4224.74,4225.2,4218.14,4218.23,3139
19-06-2026 00:30,4218.57,4218.95,4203.86,4207.3,3680
19-06-2026 00:45,4207.3,4208.59,4201.93,4204.99,3518
19-06-2026 01:00,4205.01,4214.48,4201.44,4214.03,3430
19-06-2026 01:15,4214.05,4218.4,4213.19,4216.78,3450
19-06-2026 01:30,4216.9,4217.99,4214.85,4217.14,2096
19-06-2026 01:45,4217.08,4219.49,4214.91,4218.91,1587
19-06-2026 02:00,4218.92,4218.92,4212.87,4212.87,1742
19-06-2026 02:15,4212.86,4212.99,4207.45,4208.63,1476
19-06-2026 03:30,4211.72,4212.23,4202.94,4207.66,618
19-06-2026 03:45,4208.15,4209.79,4202.26,4203.64,1457
19-06-2026 04:00,4203.56,4205.58,4202.86,4204.78,1585
19-06-2026 04:15,4204.8,4210.44,4203.98,4207.29,1726
19-06-2026 04:30,4207.31,4208.32,4193.75,4195.56,2287
19-06-2026 04:45,4195.79,4199.36,4193.76,4197.18,1946
19-06-2026 05:00,4197.24,4199.11,4193.86,4194.26,2084
19-06-2026 05:15,4194.27,4194.3,4186.78,4188.41,2751
19-06-2026 05:30,4188.13,4198.08,4184.2,4185.47,3484
19-06-2026 05:45,4185.46,4188.66,4184.21,4185.06,2905
19-06-2026 06:00,4185.07,4191.31,4184.38,4188.5,2715
19-06-2026 06:15,4188.41,4192.26,4187.54,4190.33,2546
19-06-2026 06:30,4190.85,4194.44,4184.27,4186.37,2902
19-06-2026 06:45,4186.38,4191.58,4183.94,4190.67,2446
19-06-2026 07:00,4190.85,4190.85,4184.41,4185.61,2680
19-06-2026 07:15,4185.53,4187.32,4183.9,4184.87,2094
19-06-2026 07:30,4184.86,4186.21,4178.26,4179.78,2655
19-06-2026 07:45,4179.79,4179.93,4175.12,4179.43,2516
19-06-2026 08:00,4179.44,4183.6,4177.04,4179.91,2102
19-06-2026 08:15,4179.9,4180.69,4171.83,4176.28,2384
19-06-2026 08:30,4176.26,4177.23,4166,4166.02,2693
19-06-2026 08:45,4166.01,4170.71,4165.1,4167.33,2830
19-06-2026 09:00,4167.48,4167.75,4157.71,4161.91,3177
19-06-2026 09:15,4161.91,4162.08,4146.76,4153.23,2981
19-06-2026 09:30,4153.3,4155.07,4143.09,4145.41,3231
19-06-2026 09:45,4145.47,4149.85,4141.42,4146.61,3037
19-06-2026 10:00,4146.52,4147.37,4133.4,4135.26,3208
19-06-2026 10:15,4135.27,4136.71,4125.03,4125.71,3185
19-06-2026 10:30,4126,4131.42,4121.59,4130.37,2997
19-06-2026 10:45,4130.35,4134.47,4125.71,4133.56,3137
19-06-2026 11:00,4133.57,4139.37,4130.52,4134.92,3008
19-06-2026 11:15,4134.91,4141.8,4132.82,4139.63,3013
19-06-2026 11:30,4139.64,4148.01,4133.57,4147.12,3411
19-06-2026 11:45,4147.12,4147.31,4139.19,4141.77,3205
19-06-2026 12:00,4141.91,4145.38,4132.72,4136.01,3168
19-06-2026 12:15,4136,4150.48,4134.51,4147.6,2926
19-06-2026 12:30,4147.59,4159.55,4147.59,4157.13,3369
19-06-2026 12:45,4157.05,4160.21,4151.91,4152.44,3282
19-06-2026 13:00,4152.46,4157.44,4151.16,4154,3138
19-06-2026 13:15,4153.97,4163.21,4151.51,4158.01,3057
19-06-2026 13:30,4158.09,4167.21,4155.36,4165.68,3352
19-06-2026 13:45,4165.61,4177.55,4165.25,4175.81,3387
19-06-2026 14:00,4176.31,4178.43,4166.68,4168.88,3189
19-06-2026 14:15,4168.86,4169.4,4164.5,4169.06,2943
19-06-2026 14:30,4169.06,4170.91,4163.52,4163.98,3172
19-06-2026 14:45,4163.89,4168.14,4162.03,4162.58,3067
19-06-2026 15:00,4162.66,4165.99,4162.46,4162.84,2644
19-06-2026 15:15,4162.88,4167.18,4160.85,4162.77,2707
19-06-2026 15:30,4162.88,4162.99,4152.9,4155.33,3045
19-06-2026 15:45,4155.18,4158.12,4152.59,4153.75,2942
19-06-2026 16:00,4153.76,4154.59,4150.11,4151.19,2748
19-06-2026 16:15,4151.1,4154.56,4147.97,4149.71,2975
19-06-2026 16:30,4149.6,4150.2,4142.51,4146.73,3196
19-06-2026 16:45,4146.68,4148.82,4143.23,4144.07,2817
19-06-2026 17:00,4144.01,4150.42,4141.79,4149.9,2780
19-06-2026 17:15,4149.92,4154.94,4148.45,4152.51,2869
19-06-2026 17:30,4152.45,4160.3,4152.27,4155.62,3135
19-06-2026 17:45,4155.69,4156.02,4151.16,4151.59,2863
19-06-2026 18:00,4151.68,4154.59,4148.3,4152.23,3092
19-06-2026 18:15,4152.22,4180,4147.47,4179.03,3681
19-06-2026 18:30,4179.3,4182.86,4164.57,4169.87,3836
19-06-2026 18:45,4170.16,4172.07,4161.78,4163.94,3412
19-06-2026 19:00,4163.92,4168,4157.73,4158.52,3544
19-06-2026 19:15,4158.47,4160.87,4150.5,4151.42,3386
19-06-2026 19:30,4151.36,4154.49,4147.76,4149.21,3298
19-06-2026 19:45,4149.23,4150.05,4143.62,4149.1,3240
19-06-2026 20:00,4149.12,4150.5,4142.88,4144.33,3210
19-06-2026 20:15,4144.39,4151.19,4142.33,4149.17,3207
19-06-2026 20:30,4149.18,4153.23,4148.01,4151.28,3221
19-06-2026 20:45,4151.26,4153.93,4149.75,4151.27,2584
19-06-2026 21:00,4151.36,4152.75,4147.21,4147.61,2410
19-06-2026 21:15,4147.62,4153.12,4147.62,4150.61,1817
19-06-2026 21:30,4150.62,4150.68,4144.17,4144.88,1790
19-06-2026 21:45,4144.89,4148.46,4143.87,4146.64,1353
19-06-2026 22:00,4146.66,4153.41,4146.47,4150.96,1756
19-06-2026 22:15,4151.1,4157.19,4150.42,4153.71,1987
22-06-2026 03:30,4143.13,4158.75,4139.02,4151.02,1825
22-06-2026 03:45,4150.98,4154.15,4147.51,4151.76,2392
22-06-2026 04:00,4151.82,4154.94,4149.99,4153.75,2092
22-06-2026 04:15,4153.69,4156.75,4152.19,4156.18,1726
22-06-2026 04:30,4156.02,4164.64,4155.37,4158.45,2648
22-06-2026 04:45,4158.35,4159.07,4153.78,4156.76,2386
22-06-2026 05:00,4156.76,4156.84,4141.9,4145.59,2818
22-06-2026 05:15,4145.53,4146.93,4136.56,4140.25,3236
22-06-2026 05:30,4140.65,4162.57,4139.99,4161.03,3818
22-06-2026 05:45,4161.07,4170.3,4160.89,4166.81,3535
22-06-2026 06:00,4167.11,4176.27,4165.69,4175.59,3080
22-06-2026 06:15,4175.96,4200.97,4175.46,4200.77,3493
22-06-2026 06:30,4200.93,4220.4,4200.93,4211.62,4121
22-06-2026 06:45,4211.62,4214.82,4205.05,4207.3,3911
22-06-2026 07:00,4207.11,4207.16,4194.9,4200.78,3868
22-06-2026 07:15,4201.03,4201.77,4189.52,4190.87,3708
22-06-2026 07:30,4190.89,4194.98,4183.67,4184.21,3764
22-06-2026 07:45,4184.2,4190.13,4183.44,4188.77,2947
22-06-2026 08:00,4188.29,4200.23,4186.98,4191.66,3610
22-06-2026 08:15,4191.2,4192.34,4187.47,4188.4,3391
22-06-2026 08:30,4188.37,4189.87,4178.33,4178.33,3460
22-06-2026 08:45,4178.29,4180.97,4173.58,4179.98,3250
22-06-2026 09:00,4180.09,4180.64,4175,4175.53,2209
22-06-2026 09:15,4175.54,4178.7,4170.69,4171.6,2471
22-06-2026 09:30,4171.58,4178.25,4170.57,4176.23,2473
22-06-2026 09:45,4176.26,4178.82,4174.29,4176.29,2571
22-06-2026 10:00,4176.32,4178.82,4174.59,4176.69,2305
22-06-2026 10:15,4176.68,4182.11,4176.12,4181.65,2302
22-06-2026 10:30,4181.64,4186.27,4179.33,4185.33,2865
22-06-2026 10:45,4185.29,4194.14,4184.49,4193.89,2674
22-06-2026 11:00,4193.97,4198.63,4189.36,4193.12,3727
22-06-2026 11:15,4193.08,4196.98,4190.23,4193.71,3327
22-06-2026 11:30,4193.69,4198.39,4191.12,4194.47,3461
22-06-2026 11:45,4194.34,4200.77,4193.77,4196.58,3340
22-06-2026 12:00,4196.43,4202.47,4194.79,4202.14,3178
22-06-2026 12:15,4202.12,4207.25,4197.08,4197.61,3228
22-06-2026 12:30,4197.83,4201.19,4197.2,4199.38,3206
22-06-2026 12:45,4199.19,4201.65,4196.86,4197.51,3080
22-06-2026 13:00,4197.55,4199.63,4192.21,4194.28,2890
22-06-2026 13:15,4194.36,4196.05,4188.81,4190.34,2933
22-06-2026 13:30,4190.33,4194.62,4188.57,4189.94,3234
22-06-2026 13:45,4189.88,4195.23,4189.11,4191.58,3298
22-06-2026 14:00,4191.64,4194.21,4189.06,4193.54,3062
22-06-2026 14:15,4193.44,4197.61,4192.13,4197.27,2841
22-06-2026 14:30,4197.41,4209.39,4195.95,4205.18,3213
22-06-2026 14:45,4205.16,4209.05,4202.95,4203.95,2973
22-06-2026 15:00,4203.96,4210.16,4201.27,4206.78,2894
22-06-2026 15:15,4206.87,4210.06,4204.29,4208.13,2480
22-06-2026 15:30,4208.11,4214.08,4207.82,4212.79,2908
22-06-2026 15:45,4212.38,4214.08,4208.1,4209.98,2742
22-06-2026 16:00,4209.97,4211.64,4208.2,4208.51,2562
22-06-2026 16:15,4208.55,4209.38,4203.55,4204.61,2568
22-06-2026 16:30,4204.63,4215.2,4204.5,4207.91,3477
22-06-2026 16:45,4207.9,4209.6,4203.3,4203.94,2778
22-06-2026 17:00,4203.77,4208.08,4202.12,4206.53,2860
22-06-2026 17:15,4206.52,4207.58,4201.35,4207.34,2761
22-06-2026 17:30,4207.34,4211.05,4205.28,4207.28,3193
22-06-2026 17:45,4207.23,4211.61,4206.05,4208.4,3141
22-06-2026 18:00,4208.41,4208.76,4200.75,4203.77,3193
22-06-2026 18:15,4203.82,4204.83,4192.12,4193.27,3213
22-06-2026 18:30,4193.32,4196.97,4188.59,4194.23,3850
22-06-2026 18:45,4194.15,4196.96,4185.33,4186.91,3678
22-06-2026 19:00,4186.88,4194.5,4182.86,4190.96,4077
22-06-2026 19:15,4190.92,4205.68,4187.5,4199.77,4020
22-06-2026 19:30,4199.78,4210.58,4193.77,4205.15,3988
22-06-2026 19:45,4205.1,4206.06,4191.07,4191.81,4021
22-06-2026 20:00,4191.63,4197.33,4186.44,4192.88,4023
22-06-2026 20:15,4192.93,4206.05,4192.88,4198.22,4107
22-06-2026 20:30,4198.24,4201.22,4194.66,4197.73,3965
22-06-2026 20:45,4197.74,4197.83,4188.2,4189.01,3946
22-06-2026 21:00,4188.96,4190.36,4180.3,4180.89,3785
22-06-2026 21:15,4180.87,4184.94,4169.65,4182.8,3788
22-06-2026 21:30,4182.6,4184.7,4174.31,4177.5,3855
22-06-2026 21:45,4177.22,4182.83,4176.11,4182.63,3628
22-06-2026 22:00,4182.59,4186.18,4181.16,4181.79,3349
22-06-2026 22:15,4181.73,4192.53,4180.75,4189.75,3222
22-06-2026 22:30,4189.87,4191.15,4185.97,4186.62,3187
22-06-2026 22:45,4186.65,4191.53,4183.2,4184.04,3252
22-06-2026 23:00,4184.16,4184.67,4177.02,4181.56,3381
22-06-2026 23:15,4181.47,4183.64,4179.97,4182.85,3069
22-06-2026 23:30,4183.11,4186.21,4182.44,4183.83,3037
22-06-2026 23:45,4183.88,4189.69,4183.87,4188,3071
23-06-2026 00:00,4187.99,4189.89,4186.02,4189.75,2793
23-06-2026 00:15,4189.78,4192.84,4189.57,4191.22,2966
23-06-2026 00:30,4191.53,4193.28,4190.89,4191.28,2820
23-06-2026 00:45,4191.32,4192.13,4187.27,4187.39,3053
23-06-2026 01:00,4187.32,4190.15,4184.22,4184.4,2971
23-06-2026 01:15,4184.43,4191.51,4184.08,4190.48,3213
23-06-2026 01:30,4190.62,4193.65,4189.96,4190.78,1595
23-06-2026 01:45,4190.8,4191.5,4188.64,4190.27,1110
23-06-2026 02:00,4190.23,4193.53,4189.44,4192.75,1237
23-06-2026 02:15,4192.73,4192.92,4190.38,4190.91,1012
23-06-2026 03:30,4191.18,4193.7,4190.93,4191.98,597
23-06-2026 03:45,4191.99,4192.83,4190.75,4192.46,693
23-06-2026 04:00,4192.46,4194.36,4189.35,4189.78,1811
23-06-2026 04:15,4189.76,4190.49,4188.23,4189.76,1612
23-06-2026 04:30,4189.71,4192.9,4189.46,4190.91,1544
23-06-2026 04:45,4190.89,4191.88,4190.21,4191.02,1323
23-06-2026 05:00,4191,4195.25,4190.7,4194.92,1434
23-06-2026 05:15,4194.77,4194.9,4186.58,4187.49,2300
23-06-2026 05:30,4187.46,4192.18,4178.26,4178.78,3228
23-06-2026 05:45,4178.75,4185.95,4178.71,4183.99,3085
23-06-2026 06:00,4183.99,4193.44,4182.5,4192.64,3419
23-06-2026 06:15,4192.63,4194.63,4190.04,4193.31,3458
23-06-2026 06:30,4193.26,4198.18,4184.83,4185.22,3768
23-06-2026 06:45,4185.26,4185.82,4170.99,4178.15,3742
23-06-2026 07:00,4178.16,4178.64,4153.46,4154.34,3970
23-06-2026 07:15,4154.04,4162.9,4150,4161.2,3875
23-06-2026 07:30,4161.36,4163.13,4148.84,4153.56,3784
23-06-2026 07:45,4153.66,4163.39,4153.37,4161.8,2961
23-06-2026 08:00,4161.88,4162.34,4152.31,4154.87,3629
23-06-2026 08:15,4154.88,4156.77,4146.54,4146.9,3492
23-06-2026 08:30,4146.89,4149.56,4138.73,4141.96,3708
23-06-2026 08:45,4141.94,4143.97,4130.71,4140.63,3638
23-06-2026 09:00,4140.51,4141.05,4133.54,4138.73,3198
23-06-2026 09:15,4138.76,4144.96,4136.48,4144.02,2895
23-06-2026 09:30,4144.3,4146.89,4141.81,4143.2,2654
23-06-2026 09:45,4143.17,4143.18,4137.22,4139.91,2607
23-06-2026 10:00,4139.85,4140.24,4134.94,4138.66,2764
23-06-2026 10:15,4138.71,4140.18,4114.85,4118.09,2772
23-06-2026 10:30,4118.41,4137.36,4115.34,4129.73,3361
23-06-2026 10:45,4129.63,4130.7,4123.52,4125.05,2982
23-06-2026 11:00,4125.38,4133.42,4117.1,4127.57,3940
23-06-2026 11:15,4127.3,4127.68,4116.89,4121.13,3710
23-06-2026 11:30,4121,4126.79,4111.15,4122.5,3911
23-06-2026 11:45,4122.62,4126.76,4114.59,4116.38,3729
23-06-2026 12:00,4116.14,4120.98,4110.78,4113.39,3773
23-06-2026 12:15,4113.39,4120.27,4110.31,4114.33,3590
23-06-2026 12:30,4114.29,4124.75,4110.37,4115.58,3768
23-06-2026 12:45,4115.49,4122.79,4113.61,4118.19,3359
23-06-2026 13:00,4118.24,4119.36,4103.81,4104.88,3753
23-06-2026 13:15,4104.87,4108.08,4096.61,4098.74,3723
23-06-2026 13:30,4098.23,4099.98,4090.82,4093.93,3923
23-06-2026 13:45,4093.84,4099.91,4092.44,4098.18,3752
23-06-2026 14:00,4097.97,4110.89,4096.72,4109.42,3667
23-06-2026 14:15,4109.44,4109.58,4101.76,4105.21,3539
23-06-2026 14:30,4105.19,4113.57,4103.94,4111,3426
23-06-2026 14:45,4111.18,4116.96,4108.85,4112.63,3270
23-06-2026 15:00,4112.55,4120.01,4112.16,4117.09,3126
23-06-2026 15:15,4117.1,4122.19,4115.29,4122.18,3053
23-06-2026 15:30,4122.58,4133.18,4122.58,4129.71,3329
23-06-2026 15:45,4129.77,4133.05,4126.75,4130.19,3159
23-06-2026 16:00,4130.21,4132.14,4124.35,4126.53,3425
23-06-2026 16:15,4126.52,4126.73,4119.53,4119.69,3335
23-06-2026 16:30,4119.63,4129.58,4117.35,4129.08,3441
23-06-2026 16:45,4128.86,4131.71,4124.31,4127.24,3359
23-06-2026 17:00,4127.23,4128.77,4118.52,4121.12,3453
23-06-2026 17:15,4121.14,4126.11,4118.45,4123.15,3343
23-06-2026 17:30,4123.07,4127.32,4112.8,4114,3423
23-06-2026 17:45,4113.98,4120.03,4111.64,4114.98,3550
23-06-2026 18:00,4114.99,4122.55,4114.15,4117.54,3545
23-06-2026 18:15,4117.5,4121.77,4112.42,4113.16,3393
23-06-2026 18:30,4113.18,4119.35,4107.91,4113.36,3936
23-06-2026 18:45,4113.45,4119.24,4105.23,4115.88,3804
23-06-2026 19:00,4115.83,4128.66,4109.91,4126.35,4206
23-06-2026 19:15,4126.33,4140.37,4124.59,4135.58,4152
23-06-2026 19:30,4135.36,4145,4133.1,4137.54,4138
23-06-2026 19:45,4137.42,4142.87,4128.64,4132.57,4062
23-06-2026 20:00,4132.52,4133.01,4122.57,4126.17,4086
23-06-2026 20:15,4126.16,4130.25,4123.68,4130.11,4041
23-06-2026 20:30,4130.09,4135.4,4123.38,4128.13,3969
23-06-2026 20:45,4128.15,4130.54,4123.71,4127.12,3750
23-06-2026 21:00,4126.59,4141.5,4126.53,4138.55,3861
23-06-2026 21:15,4138.76,4139.62,4133.79,4138.56,3706
23-06-2026 21:30,4139.09,4139.8,4133.67,4135.2,3311
23-06-2026 21:45,4135.26,4138.18,4132.86,4136.34,3305
23-06-2026 22:00,4135.98,4143.61,4134.99,4143.25,3240
23-06-2026 22:15,4143.29,4143.78,4131.5,4134.27,3364
23-06-2026 22:30,4134.12,4139.66,4129.98,4138.41,3393
23-06-2026 22:45,4138.4,4138.49,4129.92,4130.98,3329
23-06-2026 23:00,4131.24,4132.27,4127.72,4132.2,3162
23-06-2026 23:15,4131.95,4133.03,4127.76,4127.92,3298
23-06-2026 23:30,4127.93,4130.99,4123.89,4124.25,3228
23-06-2026 23:45,4124.27,4125.55,4120.51,4120.98,3119
24-06-2026 00:00,4120.65,4122.67,4115.93,4115.96,3009
24-06-2026 00:15,4116.01,4118.02,4112.84,4117.65,3443
24-06-2026 00:30,4117.64,4125.77,4116.77,4121.18,3635
24-06-2026 00:45,4121.17,4122.3,4117.4,4121.69,3412
24-06-2026 01:00,4121.7,4124.25,4120.49,4120.85,3406
24-06-2026 01:15,4120.9,4121.15,4111.71,4111.71,3580
24-06-2026 01:30,4112.24,4112.87,4108.6,4110.01,2132
24-06-2026 01:45,4110.09,4111.2,4107.39,4110.75,1708
24-06-2026 02:00,4110.8,4111.6,4108.95,4110.57,1398
24-06-2026 02:15,4110.39,4111.08,4108.33,4109.59,1200
24-06-2026 03:30,4112.31,4113.58,4110.42,4113.42,948
24-06-2026 03:45,4113.42,4114.58,4104.31,4105.51,2306
24-06-2026 04:00,4105.96,4108.19,4096.62,4103.99,2777
24-06-2026 04:15,4103.83,4108.9,4103.39,4104.09,2492
24-06-2026 04:30,4104.1,4104.32,4094.88,4099.69,2657
24-06-2026 04:45,4099.72,4100.81,4097.06,4097.46,2045
24-06-2026 05:00,4097.6,4098.18,4080.73,4086.34,3132
24-06-2026 05:15,4086.33,4100.35,4085.9,4099.14,3309
24-06-2026 05:30,4099.18,4112,4094.53,4107.16,3894
24-06-2026 05:45,4107.17,4109.39,4093.68,4099.69,3664
24-06-2026 06:00,4099.65,4100.29,4093.67,4095.1,3527
24-06-2026 06:15,4095.04,4099.87,4094.19,4097.17,3681
24-06-2026 06:30,4097.16,4097.89,4068.41,4089.62,4177
24-06-2026 06:45,4089.62,4100.76,4083.53,4098.25,4017
24-06-2026 07:00,4097.88,4102.16,4091.79,4092.7,4021
24-06-2026 07:15,4092.75,4093.01,4082.37,4089.04,3818
24-06-2026 07:30,4088.82,4095.8,4079.74,4080.07,3776
24-06-2026 07:45,4080.06,4081.05,4071.27,4073.55,3196
24-06-2026 08:00,4073.54,4076.74,4052.05,4057.32,3850
24-06-2026 08:15,4057.25,4069.5,4054.79,4061.09,3713
24-06-2026 08:30,4061.3,4065.42,4052.68,4057.65,3825
24-06-2026 08:45,4057.6,4058.86,4050.26,4056.7,3674
24-06-2026 09:00,4056.52,4069.75,4055.56,4068.41,3466
24-06-2026 09:15,4068.59,4070.59,4061.92,4062.72,3157
24-06-2026 09:30,4062.81,4063.71,4055.75,4058.74,3067
24-06-2026 09:45,4058.58,4067.13,4054.89,4063.15,3195
24-06-2026 10:00,4063.16,4066.66,4062.57,4063.62,3075
24-06-2026 10:15,4063.51,4066.89,4061.87,4064.44,2648
24-06-2026 10:30,4064.7,4069.95,4060.74,4067.63,3126
24-06-2026 10:45,4067.52,4074.35,4065.52,4073.42,3104
24-06-2026 11:00,4073.43,4086.19,4072.09,4077.22,3708
24-06-2026 11:15,4077.19,4079.98,4071.31,4075.83,3378
24-06-2026 11:30,4075.77,4097.09,4075.77,4095.83,3916
24-06-2026 11:45,4096.17,4097.46,4083.35,4087.54,3607
24-06-2026 12:00,4087.34,4093.9,4084.42,4091.77,3459
24-06-2026 12:15,4091.76,4094.51,4084.49,4087.03,3445
24-06-2026 12:30,4086.5,4090.66,4085.25,4086.04,3415
24-06-2026 12:45,4086,4087.69,4083.14,4084.32,3057
24-06-2026 13:00,4084.29,4085.28,4075.97,4082.39,3401
24-06-2026 13:15,4082.4,4086.08,4073.58,4074.71,3235
24-06-2026 13:30,4074.39,4078.14,4072.98,4073.95,3524
24-06-2026 13:45,4073.9,4080.62,4073.15,4080.47,3362
24-06-2026 14:00,4080.22,4087.5,4079.2,4083.01,3453
24-06-2026 14:15,4083.11,4083.37,4075.44,4076.17,3191
24-06-2026 14:30,4076.17,4078.31,4069.67,4076.21,3326
24-06-2026 14:45,4076.2,4079.04,4068.28,4069.26,2990
24-06-2026 15:00,4069.58,4072.24,4065.39,4068.27,3077
24-06-2026 15:15,4068.29,4071.02,4064.02,4064.49,2951
24-06-2026 15:30,4064.72,4066.22,4058.92,4060.96,3212
24-06-2026 15:45,4060.99,4060.99,4055.11,4060.77,3166
24-06-2026 16:00,4060.81,4066.78,4056.57,4064.84,3150
24-06-2026 16:15,4064.86,4065.63,4054.7,4055.53,3128
24-06-2026 16:30,4055.44,4058.43,4044.74,4045.71,3551
24-06-2026 16:45,4045.8,4046.74,4037.51,4044.15,3718
24-06-2026 17:00,4044.02,4051.41,4043.38,4045.92,3653
24-06-2026 17:15,4045.82,4056.07,4039.15,4046.6,3939
24-06-2026 17:30,4046.53,4048.66,4035.17,4038.08,3830
24-06-2026 17:45,4038.06,4041.91,4006.07,4015.01,3956
24-06-2026 18:00,4015.78,4020.67,4006.98,4013.36,3954
24-06-2026 18:15,4013.48,4017.55,3987.53,3987.62,4031
24-06-2026 18:30,3987.76,3995.73,3966.96,3971.72,4267
24-06-2026 18:45,3971.17,3977.12,3964.47,3975.4,4183
24-06-2026 19:00,3975.05,4017.94,3974.25,4015.35,4259
24-06-2026 19:15,4015.27,4041.78,4009.22,4038.33,4264
24-06-2026 19:30,4038.24,4041.05,4018.91,4019.89,4241
24-06-2026 19:45,4019.84,4027.92,4014.28,4023.63,4162
24-06-2026 20:00,4023.73,4034.2,4011,4015.67,4115
24-06-2026 20:15,4015.72,4015.72,4002.87,4007.93,4011
24-06-2026 20:30,4008.28,4009.99,3997.23,4001.78,4075
24-06-2026 20:45,4001.75,4014.71,3999.52,4014.68,4039
24-06-2026 21:00,4014.78,4015.29,4001.22,4006.24,3889
24-06-2026 21:15,4006.17,4016.88,4000.01,4002.34,3929
24-06-2026 21:30,4002.78,4006.46,3995.6,4002.66,3800
24-06-2026 21:45,4002.84,4016.92,4001.48,4015.92,3761
24-06-2026 22:00,4015.95,4022.14,4009.43,4011.45,3897
24-06-2026 22:15,4011.53,4012.16,4006.1,4006.57,3655
24-06-2026 22:30,4006.59,4011.16,4004.42,4005.7,3776
24-06-2026 22:45,4005.73,4006.92,3990.03,3990.49,4016
24-06-2026 23:00,3990.55,3990.81,3982.84,3984.33,4019
24-06-2026 23:15,3984.32,3986.78,3972.66,3972.67,4046
24-06-2026 23:30,3972.69,3992.61,3958.85,3988.91,4181
24-06-2026 23:45,3988.9,3992.4,3979.28,3989.94,3971
25-06-2026 00:00,3990.15,3994.08,3981.36,3983.44,3853
25-06-2026 00:15,3983.35,3984.16,3976.9,3981.32,3823
25-06-2026 00:30,3981.3,3984.95,3973.23,3976.38,3845
25-06-2026 00:45,3976.4,3984.27,3973.87,3983.94,3590
25-06-2026 01:00,3983.94,3988.61,3979.38,3982.66,3637
25-06-2026 01:15,3982.68,3990.78,3980.94,3988.08,3776
25-06-2026 01:30,3988.16,4002.68,3984.58,3995.17,3544
25-06-2026 01:45,3995.23,4000.96,3992.17,4000.04,2835
25-06-2026 02:00,4000.02,4001.22,3995.65,3998.75,2425
25-06-2026 02:15,3998.76,4000.86,3996.06,3998.69,1898
25-06-2026 03:30,4006.28,4008.11,4000.38,4001.2,1474
25-06-2026 03:45,4001.18,4002.45,3999.94,4001.63,1575
25-06-2026 04:00,4001.97,4006.48,3999.31,4002,2248
25-06-2026 04:15,4002.03,4002.23,3992.69,3996.14,2045
25-06-2026 04:30,3996.22,3998.45,3990.79,3994.97,2503
25-06-2026 04:45,3995,4000.53,3994.91,3998.06,1998
25-06-2026 05:00,3998.09,4018.59,3997.97,4014.33,2629
25-06-2026 05:15,4014.35,4017.63,4009.44,4012.38,2792
25-06-2026 05:30,4013.24,4016.31,4003.88,4005.43,3611
25-06-2026 05:45,4005.6,4006.18,3995.09,3996.36,3614
25-06-2026 06:00,3996.22,3996.22,3981.36,3985.41,3415
25-06-2026 06:15,3985.37,4001.11,3978.46,3991.39,3679
25-06-2026 06:30,3991.3,4005.84,3982.34,3986.82,4181
25-06-2026 06:45,3986.96,4000.05,3983.83,3990.82,4030
25-06-2026 07:00,3990.81,3995.74,3976.87,3981.77,3996
25-06-2026 07:15,3981.65,3988.46,3972.3,3976.68,3872
25-06-2026 07:30,3976.72,3981.74,3963.61,3967.74,4028
25-06-2026 07:45,3967.75,3991.06,3967.34,3986.38,3615
25-06-2026 08:00,3986.61,3988.16,3974.58,3978.44,3819
25-06-2026 08:15,3978.46,3984.44,3975.64,3982.85,3673
25-06-2026 08:30,3982.97,3989.19,3966.25,3970.59,3743
25-06-2026 08:45,3970.52,3983.05,3967.52,3976.25,3631
25-06-2026 09:00,3976.24,3977.07,3968.93,3975.13,3151
25-06-2026 09:15,3975.15,4001.03,3974.48,3995.47,3294
25-06-2026 09:30,3995.83,3997.57,3989.4,3989.43,3091
25-06-2026 09:45,3989.29,3997.54,3987.58,3994.44,2983
25-06-2026 10:00,3994.43,3995.8,3983.51,3991.96,2702
25-06-2026 10:15,3991.91,3997.21,3991.29,3995.96,2655
25-06-2026 10:30,3996,4000.04,3992.15,3998.23,3065
25-06-2026 10:45,3998.29,3998.92,3989.14,3994.27,3137
25-06-2026 11:00,3994.15,3997.34,3981.63,3983.16,3728
25-06-2026 11:15,3983.05,3991.62,3980.35,3986.38,3512
25-06-2026 11:30,3986.23,3989.1,3979.89,3980.12,3505
25-06-2026 11:45,3979.99,3986.86,3973.77,3984.22,3625
25-06-2026 12:00,3984.21,3985.15,3976.58,3982.16,3645
25-06-2026 12:15,3982.17,3984.32,3975.96,3977.32,3379
25-06-2026 12:30,3977.31,3986.08,3973.39,3979.95,3418
25-06-2026 12:45,3979.94,3989.75,3977.51,3985.1,3275
25-06-2026 13:00,3985.13,3989.4,3973.52,3974.67,3337
25-06-2026 13:15,3974.63,3988.89,3971.43,3987.8,3188
25-06-2026 13:30,3987.73,3995.32,3984.17,3986.84,3530
25-06-2026 13:45,3986.78,4001.15,3986.11,3993.81,3517
25-06-2026 14:00,3993.61,4001.93,3993.61,3999.57,3216
25-06-2026 14:15,3999.58,3999.77,3988.51,3989.06,3051
25-06-2026 14:30,3989.05,3996.46,3989.05,3990.92,3221
25-06-2026 14:45,3990.98,3995.34,3989.24,3993.9,2966
25-06-2026 15:00,3993.91,3997.55,3985.82,3988.35,3156
25-06-2026 15:15,3988.19,3993.34,3987.52,3988.09,2519
25-06-2026 15:30,3988.15,3989.2,3983.55,3984.35,2727
25-06-2026 15:45,3984.36,3989.24,3983.2,3989.14,2542
25-06-2026 16:00,3989.17,3989.34,3984.56,3985.48,2577
25-06-2026 16:15,3985.4,3985.61,3981.24,3984.28,2474
25-06-2026 16:30,3984.26,3986.06,3981.91,3983.22,2766
25-06-2026 16:45,3983.1,3983.1,3976.09,3977.14,3006
25-06-2026 17:00,3977.18,3986.17,3973.67,3984.71,3076
25-06-2026 17:15,3984.69,3987.71,3979.37,3979.94,3022
25-06-2026 17:30,3979.94,3984.54,3979.75,3982.61,3254
25-06-2026 17:45,3982.33,3986.04,3978.9,3983.92,3176
25-06-2026 18:00,3983.77,4011.63,3983.47,4005.22,4232
25-06-2026 18:15,4005.4,4019,4003.56,4012.31,4057
25-06-2026 18:30,4012.52,4034.01,4011.98,4030.86,4161
25-06-2026 18:45,4030.88,4031.37,4018.7,4022.04,3994
25-06-2026 19:00,4022.36,4028.39,4010.91,4011.74,4203
25-06-2026 19:15,4012.11,4018.83,4000.92,4002.12,4291
25-06-2026 19:30,4002.28,4021.71,3999,4016.4,4246
25-06-2026 19:45,4016.39,4028.34,4012.7,4026.58,4215
25-06-2026 20:00,4026.12,4028.27,4015.74,4019.77,4115
25-06-2026 20:15,4019.79,4020.51,4011.19,4011.84,4032
25-06-2026 20:30,4011.84,4020.38,4004.99,4007.93,3991
25-06-2026 20:45,4007.72,4040.51,4005.85,4026.98,4138
25-06-2026 21:00,4026.8,4030.77,4021.84,4027.66,3979
25-06-2026 21:15,4027.62,4042.56,4026.72,4040.99,3986
25-06-2026 21:30,4041.57,4042.73,4033.61,4036.98,3959
25-06-2026 21:45,4036.97,4043.96,4036.97,4040.22,3866
25-06-2026 22:00,4040.38,4040.64,4030.8,4031.3,3667
25-06-2026 22:15,4031.3,4033.29,4023.77,4028.61,3684
25-06-2026 22:30,4028.72,4032.35,4026.78,4029.43,3564
25-06-2026 22:45,4029.4,4035.83,4027.83,4032.4,3717
25-06-2026 23:00,4032.7,4035.91,4030.94,4034.02,3336
25-06-2026 23:15,4034.05,4036.67,4029.62,4034.59,3210
25-06-2026 23:30,4034.6,4035.25,4025.87,4032.57,3879
25-06-2026 23:45,4032.55,4044.2,4032.09,4044.05,3586
26-06-2026 00:00,4044.14,4044.14,4031.85,4032.72,3622
26-06-2026 00:15,4032.7,4036.17,4029.71,4034.68,3116
26-06-2026 00:30,4034.62,4040.41,4032.47,4040.09,3253
26-06-2026 00:45,4040.06,4043.67,4035.35,4035.95,3335
26-06-2026 01:00,4035.96,4037.73,4031.89,4034.42,3180
26-06-2026 01:15,4034.44,4034.45,4021.89,4026.63,3572
26-06-2026 01:30,4026.83,4034.86,4025.78,4028,2365
26-06-2026 01:45,4028.04,4030.69,4026.51,4030.66,1898
26-06-2026 02:00,4030.67,4030.71,4024.76,4026.36,1617
26-06-2026 02:15,4026.32,4026.58,4023.99,4026.26,1302
26-06-2026 03:30,4028.52,4030.93,4021.55,4022.46,1269
26-06-2026 03:45,4022.73,4026.03,4019.46,4024.15,1956
26-06-2026 04:00,4024.75,4036.36,4024.39,4028.39,2566
26-06-2026 04:15,4028.42,4030.07,4021.65,4026.15,2453
26-06-2026 04:30,4025.98,4027.03,4021.43,4023.48,1912
26-06-2026 04:45,4023.41,4030.11,4022.43,4029.64,2491
26-06-2026 05:00,4029.61,4030.31,4020.94,4024.23,2263
26-06-2026 05:15,4024.24,4024.24,4012.42,4014.56,3070
26-06-2026 05:30,4014.42,4019.69,4011.35,4019.52,3628
26-06-2026 05:45,4019.51,4023.39,4012.37,4015.39,3502
26-06-2026 06:00,4015.38,4019.67,4012.28,4019.03,3638
26-06-2026 06:15,4019.01,4024.35,4015.48,4020.22,3372
26-06-2026 06:30,4020.55,4029.46,4014.19,4019.68,3843
26-06-2026 06:45,4019.67,4026.48,4017.61,4022.61,3629
26-06-2026 07:00,4022.68,4025.61,4016.12,4020.49,3767
26-06-2026 07:15,4020.41,4022.92,4014.38,4020.82,3805
26-06-2026 07:30,4021.62,4023.26,4013.38,4015.12,3700
26-06-2026 07:45,4015.1,4016.67,4003.89,4007.38,3294
26-06-2026 08:00,4007.39,4009.31,3991.11,3992.22,3748
26-06-2026 08:15,3992.19,3995.34,3983,3990.63,3796
26-06-2026 08:30,3990.59,3999.71,3986.58,3997.64,3696
26-06-2026 08:45,3997.59,3999.88,3992.65,3995.23,3423
26-06-2026 09:00,3995.24,4001.19,3993.05,4000.18,3241
26-06-2026 09:15,4000.11,4006.54,3997.31,4004.17,3412
26-06-2026 09:30,4004.24,4009.34,3998.65,4008.42,2982
26-06-2026 09:45,4008.43,4011.94,4005.92,4007.38,3069
26-06-2026 10:00,4007.37,4008.28,4001.62,4008.18,2980
26-06-2026 10:15,4008.19,4015.27,4007.05,4011.25,3022
26-06-2026 10:30,4011.59,4015.18,4006.36,4015.15,3121
26-06-2026 10:45,4015.31,4019.16,4011.76,4016.65,3016
26-06-2026 11:00,4016.59,4021.56,4010.85,4011.26,3752
26-06-2026 11:15,4011.25,4015.44,4005.65,4007.88,3622
26-06-2026 11:30,4007.99,4011.65,4006.74,4009.42,3614
26-06-2026 11:45,4009.42,4024.86,4008.31,4024.19,3845
26-06-2026 12:00,4024.18,4027.33,4020.83,4025.16,3682
26-06-2026 12:15,4025.05,4033.09,4021.87,4031.95,3608
26-06-2026 12:30,4031.93,4033.67,4026.7,4027.4,3376
26-06-2026 12:45,4027.38,4039.63,4026.9,4037.76,3197
26-06-2026 13:00,4037.84,4038.79,4030.89,4031.39,3032
26-06-2026 13:15,4031.43,4032.11,4027.84,4030.5,2834
26-06-2026 13:30,4030.53,4033.03,4025.72,4030.98,3322
26-06-2026 13:45,4031.05,4035.77,4029.76,4035.65,3150
26-06-2026 14:00,4035.34,4036,4032.31,4035.57,2983
26-06-2026 14:15,4035.58,4037.62,4029.62,4030.87,2968
26-06-2026 14:30,4030.86,4041.58,4029.53,4039.36,3070
26-06-2026 14:45,4039.34,4050.55,4034.37,4048.05,3326
26-06-2026 15:00,4048.06,4054.02,4045.17,4047.96,3199
26-06-2026 15:15,4047.92,4053.94,4045.38,4047.09,3222
26-06-2026 15:30,4047.1,4052.15,4044.46,4050.92,3143
26-06-2026 15:45,4050.84,4051.46,4042.21,4048.03,2772
26-06-2026 16:00,4048.19,4054.4,4046.78,4048.48,3031
26-06-2026 16:15,4048.47,4054.78,4047.89,4054.69,2797
26-06-2026 16:30,4054.99,4055.5,4047.08,4047.26,3070
26-06-2026 16:45,4047.17,4053.71,4046.07,4052.58,2825
26-06-2026 17:00,4052.72,4055.09,4046.06,4046.67,2833
26-06-2026 17:15,4046.64,4048.49,4042.52,4045.86,3143
26-06-2026 17:30,4046.06,4050.82,4043.65,4049.08,3112
26-06-2026 17:45,4049.09,4051.5,4041.98,4046.57,3289
26-06-2026 18:00,4046.36,4049.24,4035.73,4040.22,3473
26-06-2026 18:15,4040.21,4061.38,4039.15,4058.9,3636
26-06-2026 18:30,4059.78,4065.88,4043.26,4050.53,4039
26-06-2026 18:45,4050.4,4058.67,4043.17,4057.01,3993
26-06-2026 19:00,4056.96,4062.26,4044.96,4062.26,4175
26-06-2026 19:15,4062.68,4077.85,4058.56,4073.56,4117
26-06-2026 19:30,4073.57,4084.99,4067.64,4082.08,4122
26-06-2026 19:45,4082.1,4092.98,4081.09,4084.14,4133
26-06-2026 20:00,4084.26,4084.78,4076.32,4082.64,3912
26-06-2026 20:15,4082.56,4091.73,4080.41,4080.52,4092
26-06-2026 20:30,4080.5,4083.23,4075.71,4079.46,3851
26-06-2026 20:45,4079.52,4084.43,4077.9,4084.2,3815
26-06-2026 21:00,4084.21,4095.44,4081.67,4094.99,3785
26-06-2026 21:15,4094.95,4095.89,4083.23,4090.44,3742
26-06-2026 21:30,4090.54,4092.85,4088.36,4091.23,3492
26-06-2026 21:45,4091.24,4093.53,4083.16,4086.71,3434
26-06-2026 22:00,4086.72,4092.93,4082.14,4084.47,3336
26-06-2026 22:15,4084.66,4086.67,4082.71,4085,2964
26-06-2026 22:30,4085.02,4088.1,4082.41,4083.35,2822
26-06-2026 22:45,4083.38,4085.04,4080.21,4081.45,2986
26-06-2026 23:00,4081.61,4083.23,4074.08,4076.65,3421
26-06-2026 23:15,4076.65,4077.73,4073.56,4074.65,3071
26-06-2026 23:30,4074.72,4078.75,4072.27,4076.7,2926
26-06-2026 23:45,4076.72,4076.89,4071.47,4073.46,2780
27-06-2026 00:00,4073.55,4075.39,4071.76,4072.56,2367
27-06-2026 00:15,4072.56,4072.56,4067.01,4067.25,2804
27-06-2026 00:30,4067.32,4069.94,4064.45,4069.41,2915
27-06-2026 00:45,4069.33,4069.56,4064.51,4066.34,2466
27-06-2026 01:00,4066.33,4070.37,4065.29,4068.21,2599
27-06-2026 01:15,4068.2,4074.21,4066.55,4071.02,3050
27-06-2026 01:30,4071.17,4072.31,4064.25,4067.48,2494
27-06-2026 01:45,4067.5,4072.56,4065.83,4071.61,2053
27-06-2026 02:00,4071.57,4071.62,4066.56,4070.37,2501
27-06-2026 02:15,4070.31,4089.76,4069.56,4089.49,2079
29-06-2026 03:30,4086.79,4086.79,4069.96,4069.96,1975
29-06-2026 03:45,4070.2,4070.23,4052.87,4057.03,2105
29-06-2026 04:00,4057,4065.26,4055.85,4063.26,1635
29-06-2026 04:15,4063.24,4069.39,4062.23,4066.16,1615
29-06-2026 04:30,4066.25,4070.49,4065.34,4065.64,2625
29-06-2026 04:45,4065.68,4065.73,4055.34,4056.99,2472
29-06-2026 05:00,4056.96,4062.75,4051.91,4062.75,2490
29-06-2026 05:15,4062.68,4066.19,4061.2,4062.67,2850
29-06-2026 05:30,4062.56,4064.73,4053.61,4058.82,3932
29-06-2026 05:45,4058.84,4062.11,4048.17,4048.21,3773
29-06-2026 06:00,4048.57,4069.88,4048.57,4069.48,3627
29-06-2026 06:15,4069.16,4074.08,4063,4069.49,3652
29-06-2026 06:30,4069.5,4074.5,4053.81,4054.75,4038
29-06-2026 06:45,4054.78,4066,4054.61,4059.28,3925
29-06-2026 07:00,4059.34,4066.64,4055.63,4063.52,3877
29-06-2026 07:15,4063.54,4063.84,4054.87,4061.42,3797
29-06-2026 07:30,4061.23,4070.44,4059.41,4060.92,3926
29-06-2026 07:45,4060.9,4070.68,4060.33,4068.84,3427
29-06-2026 08:00,4068.78,4071.71,4058.41,4060.38,3674
29-06-2026 08:15,4060.56,4069.4,4058.95,4066.31,3551
29-06-2026 08:30,4066.3,4071.11,4064.92,4069.06,3409
29-06-2026 08:45,4069.07,4075.53,4067.27,4072.32,3283
29-06-2026 09:00,4072.31,4073.32,4065.6,4067.78,3103
29-06-2026 09:15,4067.88,4071.9,4066.17,4068.88,2811
29-06-2026 09:30,4068.84,4068.96,4064.12,4065.56,2532
29-06-2026 09:45,4065.59,4066.53,4062.13,4064.99,2417
29-06-2026 10:00,4064.95,4065.35,4052.71,4057.06,2726
29-06-2026 10:15,4057.37,4057.65,4049.55,4052.27,2659
29-06-2026 10:30,4051.58,4057.33,4047.31,4055.97,3169
29-06-2026 10:45,4055.91,4057.41,4047.97,4049.29,2943
29-06-2026 11:00,4049.27,4051.51,4039.31,4050.45,3745
29-06-2026 11:15,4050.49,4056.85,4047.16,4054.31,3595
29-06-2026 11:30,4054.74,4064.07,4053.6,4059.67,3720
29-06-2026 11:45,4059.69,4063.07,4055.95,4060.78,3317
29-06-2026 12:00,4060.82,4061.84,4054.99,4061.17,3239
29-06-2026 12:15,4061.15,4064.68,4059.76,4062.04,3070
29-06-2026 12:30,4062.23,4062.48,4055.76,4058.9,3187
29-06-2026 12:45,4058.89,4066.26,4057.95,4065.97,3041
29-06-2026 13:00,4066.03,4066.23,4060.92,4062.47,2965
29-06-2026 13:15,4062.56,4068.28,4060.68,4061.54,2982
29-06-2026 13:30,4061.76,4066.05,4060.45,4063.91,3267
29-06-2026 13:45,4063.89,4065.44,4060.56,4061.12,3002
29-06-2026 14:00,4061.07,4066.57,4054.66,4055.56,3031
29-06-2026 14:15,4055.4,4057.18,4043.59,4046.91,3159
29-06-2026 14:30,4046.93,4055.24,4045.26,4050.05,3106
29-06-2026 14:45,4049.95,4053.34,4045.18,4047.34,3094
29-06-2026 15:00,4047.46,4050.45,4040.6,4043.56,3267
29-06-2026 15:15,4043.5,4044.1,4025.02,4031.4,3468
29-06-2026 15:30,4031.46,4039.62,4027.43,4038.34,3249
29-06-2026 15:45,4038.27,4038.61,4032.71,4037.31,2860
29-06-2026 16:00,4037.27,4038.67,4031.83,4034.54,2865
29-06-2026 16:15,4034.37,4038.26,4032.56,4036.73,2680
29-06-2026 16:30,4037.29,4038.54,4032.34,4034.26,2946
29-06-2026 16:45,4034.23,4035.85,4027.39,4031.91,2936
29-06-2026 17:00,4031.86,4038.5,4029.83,4035.21,3063
29-06-2026 17:15,4035.2,4042.28,4034.8,4039.14,3024
29-06-2026 17:30,4039.08,4052.17,4037.85,4047.49,3327
29-06-2026 17:45,4047.54,4049.65,4037.69,4038.37,3345
29-06-2026 18:00,4038.29,4047.07,4037.58,4044.8,3312
29-06-2026 18:15,4044.79,4047.77,4042.4,4043.58,3068
29-06-2026 18:30,4043.73,4051.69,4043.44,4047.18,3660
29-06-2026 18:45,4047.12,4049.74,4038.01,4038.01,3559
29-06-2026 19:00,4038.21,4044.39,4033.95,4038.54,4140
29-06-2026 19:15,4038.47,4040.46,4028.28,4032.25,4050
29-06-2026 19:30,4032.33,4035.5,4007.9,4008.87,4196
29-06-2026 19:45,4008.52,4028.32,4000.24,4024.84,4122
29-06-2026 20:00,4024.8,4028.16,4020.02,4020.99,4015
29-06-2026 20:15,4021.12,4030.36,4017.9,4025.78,3988
29-06-2026 20:30,4025.77,4026.46,4019.38,4022.04,3836
29-06-2026 20:45,4022.14,4027.77,4016.82,4024.39,3754
29-06-2026 21:00,4024.33,4026.44,4017.62,4022.75,3570
29-06-2026 21:15,4022.71,4030.33,4021.92,4026.74,3337
29-06-2026 21:30,4026.85,4028.62,4023.53,4023.6,3068
29-06-2026 21:45,4023.62,4026.49,4021.83,4023.63,2672
29-06-2026 22:00,4023.86,4024.28,4018.73,4021.4,2883
29-06-2026 22:15,4021.39,4028.09,4020.64,4023.79,2828
29-06-2026 22:30,4023.87,4032.02,4023.23,4028.93,3000
29-06-2026 22:45,4028.91,4030.66,4022.35,4023.96,2720
29-06-2026 23:00,4023.86,4024.56,4020.74,4021.77,2683
29-06-2026 23:15,4021.87,4022.51,4019.22,4020.88,2681
29-06-2026 23:30,4020.88,4024.29,4020.47,4023.94,2699
29-06-2026 23:45,4023.98,4025.2,4020.23,4020.99,2462
30-06-2026 00:00,4020.91,4021.54,4019.48,4020.72,1941
30-06-2026 00:15,4020.76,4020.97,4011.87,4013.27,2416
30-06-2026 00:30,4013.3,4014.58,4008.01,4008.15,2860
30-06-2026 00:45,4008,4017.18,4005.24,4017.11,2566
30-06-2026 01:00,4017.11,4019.69,4016.37,4017.94,2449
30-06-2026 01:15,4017.92,4018.42,4012.54,4015.88,2854
30-06-2026 01:30,4015.84,4016.02,4012.78,4014.36,1404
30-06-2026 01:45,4014.35,4017.89,4014.32,4017.67,975
30-06-2026 02:00,4017.69,4017.76,4014.45,4015.63,857
30-06-2026 02:15,4015.6,4016.85,4014.14,4016.14,977
30-06-2026 03:30,4017.76,4021.68,4016.23,4018.13,1171
30-06-2026 03:45,4018.22,4020.2,4014.96,4015.57,1522
30-06-2026 04:00,4015.32,4015.53,4010.1,4010.1,1753
30-06-2026 04:15,4010.19,4016.77,4009.45,4013.93,2021
30-06-2026 04:30,4014.47,4021.34,4014.11,4020.72,1831
30-06-2026 04:45,4020.74,4022.36,4015.87,4016.63,1736
30-06-2026 05:00,4016.64,4021.61,4013.32,4015.1,1820
30-06-2026 05:15,4015.11,4017.98,4013.43,4014.87,2293
30-06-2026 05:30,4014.86,4015.07,4003.2,4010.17,3594
30-06-2026 05:45,4010.2,4011.55,4003.99,4006.2,3104
30-06-2026 06:00,4006.22,4006.75,3990.98,3991.78,3376
30-06-2026 06:15,3991.77,3994,3979.93,3987.06,3701
30-06-2026 06:30,3987,3987,3942.61,3957.85,4132
30-06-2026 06:45,3957.84,3980.78,3950,3978.98,3965
30-06-2026 07:00,3979,3979.44,3966.27,3968.95,3909
30-06-2026 07:15,3968.9,3973.52,3961.41,3969.34,3787
30-06-2026 07:30,3969.64,3973.21,3952.4,3957.43,3702
30-06-2026 07:45,3957.38,3965.27,3955.9,3961.82,3071
30-06-2026 08:00,3961.78,3964.07,3954.22,3959.56,3540
30-06-2026 08:15,3959.55,3970.55,3959.17,3962.82,3630
30-06-2026 08:30,3962.7,3969.64,3962.43,3966.25,3248
30-06-2026 08:45,3966.24,3971.05,3963.18,3965.49,3395
30-06-2026 09:00,3965.54,3966.91,3960.09,3963.19,2835
30-06-2026 09:15,3963.16,3971,3963.08,3969.79,2795
30-06-2026 09:30,3969.82,3975.09,3968.09,3972.5,2731
30-06-2026 09:45,3972.51,3983.35,3971.96,3982.79,2331
30-06-2026 10:00,3982.55,3997.92,3982.35,3988.52,3182
30-06-2026 10:15,3988.5,3991.23,3983.5,3985.51,2913
30-06-2026 10:30,3985.48,3990.74,3983.82,3984.7,2772
30-06-2026 10:45,3984.69,3987.54,3979.5,3982.75,2819
30-06-2026 11:00,3982.75,3984.97,3975.12,3979.36,3710
30-06-2026 11:15,3979.31,3981.69,3976.21,3977.87,3376
30-06-2026 11:30,3977.82,3989.43,3977.82,3987.71,3574
30-06-2026 11:45,3987.7,4013.2,3983.98,4011.98,3763
30-06-2026 12:00,4011.9,4034.06,4011.06,4024.94,4019
30-06-2026 12:15,4024.15,4033.15,4024.15,4029.52,3732
30-06-2026 12:30,4029.51,4029.96,4023.85,4025.87,3506
30-06-2026 12:45,4025.83,4034.66,4025.44,4028.5,3107
30-06-2026 13:00,4028.52,4031.82,4026.05,4028.69,3030
30-06-2026 13:15,4028.48,4032.72,4025.51,4032.09,2722
30-06-2026 13:30,4032.06,4037.6,4021.92,4024.22,3485
30-06-2026 13:45,4024.24,4026.33,4020.15,4026.01,3148
30-06-2026 14:00,4026.03,4026.96,4015.19,4017.83,3088
30-06-2026 14:15,4017.95,4019.49,4013.61,4015.42,3087
30-06-2026 14:30,4015.2,4021.64,4014.49,4018.27,2772
30-06-2026 14:45,4018.24,4022.77,4016.11,4017.27,2828
30-06-2026 15:00,4017.28,4018.68,4012.26,4018.51,2884
30-06-2026 15:15,4018.54,4023.76,4018.14,4023.76,2665
30-06-2026 15:30,4023.74,4026.49,4021.42,4025.64,2706
30-06-2026 15:45,4025.69,4028.63,4023.71,4028.43,2524
30-06-2026 16:00,4028.4,4029.83,4025.15,4027.93,2514
30-06-2026 16:15,4028,4031.24,4026.26,4029.72,2417
30-06-2026 16:30,4029.75,4033.63,4025.35,4033.34,2945
30-06-2026 16:45,4033.4,4034.21,4029.73,4031.73,2877
30-06-2026 17:00,4031.75,4035.11,4028.41,4034.49,2937
30-06-2026 17:15,4034.59,4037.13,4030.23,4033.84,2809
30-06-2026 17:30,4033.89,4034.41,4025.97,4026.63,3018
30-06-2026 17:45,4026.47,4028.66,4014.77,4016.8,3377
30-06-2026 18:00,4016.79,4021.87,4012.65,4018.74,3569
30-06-2026 18:15,4018.24,4018.39,4008.56,4010.16,3306
30-06-2026 18:30,4009.84,4025.84,4009.33,4023.5,3909
30-06-2026 18:45,4023.49,4033.15,4019.12,4023.64,3718
30-06-2026 19:00,4023.82,4027.54,4013.05,4025.08,3983
30-06-2026 19:15,4025.05,4032.76,4021.98,4029.39,3913
30-06-2026 19:30,4029.61,4048.47,4025.21,4043.55,4076
30-06-2026 19:45,4043.46,4063.29,4043.01,4054.14,4028
30-06-2026 20:00,4053.94,4058.56,4044.75,4051.01,3932
30-06-2026 20:15,4050.97,4050.97,4037.28,4037.32,3923
30-06-2026 20:30,4037.35,4039.35,4032.2,4035.89,3903
30-06-2026 20:45,4035.56,4035.8,4022.31,4028.47,3737
30-06-2026 21:00,4028.56,4031.25,4026.74,4029.45,3410
30-06-2026 21:15,4029.44,4034.77,4028.88,4029.31,3446
30-06-2026 21:30,4029.32,4030.25,4025.82,4029.88,3122
30-06-2026 21:45,4029.92,4031.44,4027.77,4029.56,3014
30-06-2026 22:00,4029.55,4032.07,4027.25,4031.26,2944
30-06-2026 22:15,4031.25,4033.71,4025.82,4026.02,2830
30-06-2026 22:30,4026.01,4027.84,4020.66,4023.09,3146
30-06-2026 22:45,4023.12,4027.98,4021.51,4025.36,3131
30-06-2026 23:00,4025.4,4029.72,4025.4,4029.35,2574
30-06-2026 23:15,4029.28,4032.1,4029.05,4030.72,2482
30-06-2026 23:30,4030.74,4033.71,4030.73,4032.29,2367
30-06-2026 23:45,4032.31,4032.89,4030.45,4031.3,2013
01-07-2026 00:00,4031.5,4031.5,4028.16,4030.76,2144
01-07-2026 00:15,4030.82,4032.41,4028.38,4028.45,2330
01-07-2026 00:30,4028.45,4029.4,4023.44,4023.96,2500
01-07-2026 00:45,4023.99,4025.04,4021.07,4021.07,2609
01-07-2026 01:00,4021.11,4023.13,4020.68,4022.04,2562
01-07-2026 01:15,4022.07,4022.58,4014.6,4016.06,3209
01-07-2026 01:30,4015.95,4020.62,4013.77,4019.81,1919
01-07-2026 01:45,4019.83,4021.02,4012.37,4012.95,1754
01-07-2026 02:00,4012.98,4013.54,4010.2,4011.15,1385
01-07-2026 02:15,4011.22,4011.38,4006.16,4007.3,1260
01-07-2026 03:30,4011.25,4017.12,4011.06,4014.21,1345
01-07-2026 03:45,4014.23,4016.06,4011.76,4013.24,1963
01-07-2026 04:00,4013.18,4017.6,4012.87,4013.93,1565
01-07-2026 04:15,4013.82,4015.92,4010.89,4012.91,1709
01-07-2026 04:30,4012.95,4018.44,4010.95,4014.2,2334
01-07-2026 04:45,4014.19,4015.39,4008.1,4010.94,1930
01-07-2026 05:00,4010.99,4012.48,4008.71,4009.33,1890
01-07-2026 05:15,4009.32,4010.11,4005.33,4005.71,2346
01-07-2026 05:30,4005.72,4009.78,4005.51,4008.4,2885
01-07-2026 05:45,4008.38,4009.08,4001.25,4001.81,3138
01-07-2026 06:00,4001.93,4005.72,3996.15,3996.25,3010
01-07-2026 06:15,3996.26,3999.44,3992.97,3996.66,3046
01-07-2026 06:30,3996.67,3999.66,3978.83,3984.48,3963
01-07-2026 06:45,3984.69,3985.97,3975.65,3985.72,3718
01-07-2026 07:00,3985.76,3988.54,3975.34,3978.82,3600
01-07-2026 07:15,3978.84,3981.98,3973.77,3977.71,3548
01-07-2026 07:30,3977.73,3979.7,3970.09,3976.28,3689
01-07-2026 07:45,3976.17,3982.36,3975.7,3980.75,2779
01-07-2026 08:00,3980.36,3985.99,3978.71,3983.02,3286
01-07-2026 08:15,3983.05,3985.29,3978.34,3979.11,3166
01-07-2026 08:30,3979.15,3985.48,3978.44,3983.36,2969
01-07-2026 08:45,3983.35,3987,3980.12,3981.31,2831
01-07-2026 09:00,3981.33,3982.16,3976.59,3977.46,2548
01-07-2026 09:15,3977.44,3980.45,3976.62,3980.4,1938
01-07-2026 09:30,3980.64,3980.99,3974.04,3976.25,2332
01-07-2026 09:45,3976.24,3977.94,3974.29,3977.5,1979
01-07-2026 10:00,3977.49,3980.68,3972.4,3974.53,2171
01-07-2026 10:15,3974.52,3982.69,3974.27,3976.58,2274
01-07-2026 10:30,3976.49,3977.08,3969.7,3971.83,2667
01-07-2026 10:45,3971.84,3975.29,3970.04,3972.68,2435
01-07-2026 11:00,3972.76,3978.85,3970.29,3974.58,3512
01-07-2026 11:15,3974.61,3978.84,3973.53,3973.97,3169
01-07-2026 11:30,3973.97,3977.46,3963.56,3965.13,3604
01-07-2026 11:45,3965.15,3969.81,3963.12,3967.49,3323
01-07-2026 12:00,3967.54,3973.62,3963.24,3971.73,2941
01-07-2026 12:15,3971.72,3973.71,3969.01,3971.8,2791
01-07-2026 12:30,3971.58,3973.74,3960.27,3961.45,3289
01-07-2026 12:45,3961.46,3971.91,3960.07,3964.27,3159
01-07-2026 13:00,3964.25,3971.18,3960.82,3970.95,3122
01-07-2026 13:15,3970.97,3978.23,3968.96,3975.94,3125
01-07-2026 13:30,3976.03,3976.26,3969.39,3974.18,2944
01-07-2026 13:45,3974.18,3984.41,3974.16,3978.72,2988
01-07-2026 14:00,3978.73,3979.63,3972.38,3977.03,2878
01-07-2026 14:15,3977.03,3977.42,3971.13,3974.42,2676
01-07-2026 14:30,3974.39,3977.43,3972.71,3975.69,2894
01-07-2026 14:45,3975.68,3980.35,3975.45,3978.69,2499
01-07-2026 15:00,3978.54,3982.5,3977.54,3981.66,2621
01-07-2026 15:15,3981.67,3985.91,3981.67,3984.37,2685
01-07-2026 15:30,3984.39,3989.56,3982.88,3984.14,2686
01-07-2026 15:45,3984.2,3987.37,3981.3,3987.08,2424
01-07-2026 16:00,3987.04,3994.24,3986.35,3987.06,2681
01-07-2026 16:15,3987.08,3998.8,3986.69,3998.31,2366
01-07-2026 16:30,3998.23,4019.45,3997.85,4015.84,3219
01-07-2026 16:45,4016.12,4027.93,4015.03,4026.65,3559
01-07-2026 17:00,4026.73,4031.81,4023.04,4029.15,3111
01-07-2026 17:15,4029.09,4035.43,4028.65,4030.36,3242
01-07-2026 17:30,4030.66,4033.9,4019.54,4021.51,3420
01-07-2026 17:45,4021.52,4030.43,4021.52,4025.74,3411
01-07-2026 18:00,4025.56,4033.05,4023.24,4025.96,3699
01-07-2026 18:15,4025.98,4028.65,4022.3,4022.41,3366
01-07-2026 18:30,4022.41,4024.62,4012.8,4021.29,4023
01-07-2026 18:45,4021.22,4047.18,4021.22,4047.05,4168
01-07-2026 19:00,4046.77,4099.64,4041.63,4098.05,4315
01-07-2026 19:15,4097.91,4107.94,4084.9,4089.34,4130
01-07-2026 19:30,4089.62,4101.47,4082.86,4092.9,4108
01-07-2026 19:45,4092.83,4106.7,4089.41,4100.51,4048
01-07-2026 20:00,4100.73,4115.68,4091.86,4092.91,4113
01-07-2026 20:15,4092.92,4095.04,4086.35,4093.36,3858
01-07-2026 20:30,4093.27,4094.47,4081.85,4085.06,3778
01-07-2026 20:45,4085.04,4091.94,4078.4,4083.73,3712
01-07-2026 21:00,4083.73,4083.95,4076.72,4082.39,3742
01-07-2026 21:15,4082.38,4087.85,4079.49,4081.1,3562
01-07-2026 21:30,4081.06,4088.39,4081.06,4082.46,3337
01-07-2026 21:45,4082.39,4085.18,4080.47,4081.36,3279
01-07-2026 22:00,4081.37,4083.26,4072.56,4074.27,3222
01-07-2026 22:15,4074.76,4076.35,4070.48,4071.03,3516
01-07-2026 22:30,4071.04,4073.49,4067.6,4071.23,3315
01-07-2026 22:45,4071.22,4072.04,4067.73,4067.98,3101
01-07-2026 23:00,4068.14,4073.16,4067.95,4070.88,3019
01-07-2026 23:15,4070.86,4072.39,4067.19,4068.13,2994
01-07-2026 23:30,4068.16,4070.67,4067.17,4069.13,2905
01-07-2026 23:45,4068.8,4069.12,4060.94,4061.24,3134
02-07-2026 00:00,4061.67,4065.99,4061.37,4062.95,2895
02-07-2026 00:15,4062.94,4063.1,4057.73,4062.1,2911
02-07-2026 00:30,4062.11,4068.27,4061.8,4065.4,3029
02-07-2026 00:45,4065.42,4066.19,4056.55,4058.81,2859
02-07-2026 01:00,4058.8,4059.63,4052.9,4053.76,2789
02-07-2026 01:15,4053.78,4054.18,4034.39,4038.7,3440
02-07-2026 01:30,4038.97,4039.63,4028.51,4035.5,2791
02-07-2026 01:45,4035.53,4039.14,4034.47,4038.37,1794
02-07-2026 02:00,4038.41,4039.02,4033.29,4033.94,1780
02-07-2026 02:15,4033.97,4035.62,4029.89,4030.77,1572
02-07-2026 03:30,4033.3,4040.33,4033.26,4036.27,1381
02-07-2026 03:45,4036.29,4038.79,4034.37,4037.89,1690
02-07-2026 04:00,4037.87,4040.57,4036.84,4039.73,1723
02-07-2026 04:15,4039.76,4045.03,4039.71,4044.85,1551
02-07-2026 04:30,4044.58,4045.02,4037.45,4037.59,1673
02-07-2026 04:45,4038.04,4039.38,4033.8,4037.11,1802
02-07-2026 05:00,4037.1,4040.42,4034.48,4035.68,1694
02-07-2026 05:15,4035.67,4036.96,4033.36,4034.99,2615
02-07-2026 05:30,4034.96,4046.21,4030.64,4044.79,3706
02-07-2026 05:45,4044.78,4048.49,4040.14,4046.34,2965
02-07-2026 06:00,4046.62,4046.62,4037.99,4039.21,2892
02-07-2026 06:15,4039.21,4052.52,4039.21,4051.79,3193
02-07-2026 06:30,4051.86,4068.46,4050.62,4064.93,3923
02-07-2026 06:45,4064.82,4065.58,4050.05,4053.18,3627
02-07-2026 07:00,4053.17,4055.42,4046.22,4047.69,3700
02-07-2026 07:15,4047.67,4056.35,4045.18,4050.22,3476
02-07-2026 07:30,4050.01,4051.05,4041.05,4048.04,3530
02-07-2026 07:45,4048.04,4055.04,4047.87,4051.48,2876
02-07-2026 08:00,4051.51,4057.01,4047.69,4056.18,3421
02-07-2026 08:15,4056.09,4060.87,4054.23,4057.26,3384
02-07-2026 08:30,4057,4059.71,4055.24,4057.39,3057
02-07-2026 08:45,4057.33,4067.15,4057.33,4065.29,3163
02-07-2026 09:00,4065.32,4067.8,4061.98,4065.33,2711
02-07-2026 09:15,4065.23,4074.05,4062.7,4069.9,2875
02-07-2026 09:30,4069.91,4072.98,4068.14,4070.01,2527
02-07-2026 09:45,4070.05,4070.37,4064.02,4065.46,2245
02-07-2026 10:00,4065.47,4066.56,4061.42,4063.27,2402
02-07-2026 10:15,4063.25,4065.07,4060.6,4060.65,2180
02-07-2026 10:30,4060.66,4061.14,4054.36,4055.65,2750
02-07-2026 10:45,4055.58,4062.36,4054.63,4057.24,2924
02-07-2026 11:00,4057.29,4066.31,4053.09,4061.75,3792
02-07-2026 11:15,4061.63,4067.62,4059.89,4066.01,3358
02-07-2026 11:30,4066.1,4076,4065.76,4068.38,3556
02-07-2026 11:45,4068.41,4079.72,4067.19,4074.12,3442
02-07-2026 12:00,4074.22,4076.72,4065.97,4068.1,3286
02-07-2026 12:15,4068.09,4076.45,4066.71,4072.88,3622
02-07-2026 12:30,4073,4074.1,4067.12,4067.73,3513
02-07-2026 12:45,4067.78,4068.35,4060.58,4062.31,3349
02-07-2026 13:00,4062.3,4075.46,4060.76,4074.39,3276
02-07-2026 13:15,4074.41,4074.88,4063.52,4064.62,3327
02-07-2026 13:30,4064.16,4074.31,4061.2,4070.06,3536
02-07-2026 13:45,4070.02,4077.88,4068.94,4074.97,3369
02-07-2026 14:00,4075.02,4077.75,4072.05,4075.29,3343
02-07-2026 14:15,4075.24,4080.05,4073.11,4075.95,3057
02-07-2026 14:30,4075.93,4076.89,4069.38,4072.21,3236
02-07-2026 14:45,4072.2,4073.61,4066.13,4067.68,2844
02-07-2026 15:00,4068.01,4072.15,4063.93,4069.26,3204
02-07-2026 15:15,4069.22,4072.28,4064.35,4065.24,2965
02-07-2026 15:30,4065.23,4066.52,4062.4,4063.23,2942
02-07-2026 15:45,4063.18,4068.08,4061.89,4066.09,2815
02-07-2026 16:00,4066.11,4068.64,4063.12,4064.63,2778
02-07-2026 16:15,4064.62,4068.1,4061.44,4066.35,2749
02-07-2026 16:30,4066.81,4067.04,4057.37,4063.2,3255
02-07-2026 16:45,4063.22,4067.21,4062.69,4065.47,2884
02-07-2026 17:00,4065.75,4071.65,4063.27,4071.08,3002
02-07-2026 17:15,4071.21,4072.21,4065.19,4065.19,2941
02-07-2026 17:30,4065.21,4073.42,4060.99,4064.12,3310
02-07-2026 17:45,4064.11,4069.43,4061.59,4064.71,3442
02-07-2026 18:00,4065.52,4140.3,4064.74,4132.35,4301
02-07-2026 18:15,4132.25,4134.01,4112.02,4117.52,4194
02-07-2026 18:30,4117.5,4129.87,4115.48,4124.33,4222
02-07-2026 18:45,4124.45,4124.51,4109.22,4113.01,4058
02-07-2026 19:00,4113.39,4138.26,4110.03,4134.64,4285
02-07-2026 19:15,4134.74,4143.94,4132.25,4136.91,4102
02-07-2026 19:30,4136.84,4138.22,4124,4128.54,4094
02-07-2026 19:45,4128.51,4136.2,4114.38,4116.28,4155
02-07-2026 20:00,4116.23,4125.48,4114.61,4118.64,4218
02-07-2026 20:15,4118.94,4129.7,4115.74,4128.46,4126
02-07-2026 20:30,4128.83,4131.36,4114.6,4126.4,4084
02-07-2026 20:45,4126.39,4131.4,4120.51,4122.49,3977
02-07-2026 21:00,4122.34,4130.99,4122.34,4125.36,3879
02-07-2026 21:15,4125.35,4129.95,4124.05,4128.38,3719
02-07-2026 21:30,4128.38,4130.11,4121.81,4123.29,3734
02-07-2026 21:45,4123.3,4123.76,4115.39,4116.24,3781
02-07-2026 22:00,4116.25,4116.8,4100.23,4114.62,3996
02-07-2026 22:15,4114.57,4120.34,4113.79,4118.05,3647
02-07-2026 22:30,4117.95,4119.82,4113.42,4117.89,3822
02-07-2026 22:45,4118.09,4119.7,4111.41,4112.45,3525
02-07-2026 23:00,4112.42,4114.43,4105.84,4107.31,3690
02-07-2026 23:15,4107.33,4110.21,4105.67,4106.71,3365
02-07-2026 23:30,4106.73,4123.69,4105.87,4119.1,3795
02-07-2026 23:45,4119.13,4123.08,4115.54,4123.02,3433
03-07-2026 00:00,4122.84,4126.73,4121.16,4121.16,3316
03-07-2026 00:15,4121.19,4124.39,4119.84,4122.55,3062
03-07-2026 00:30,4122.54,4124.31,4113.16,4114.38,3529
03-07-2026 00:45,4114.43,4114.85,4108.12,4112.57,3226
03-07-2026 01:00,4112.51,4114.72,4110.85,4113.36,3279
03-07-2026 01:15,4113.58,4123.98,4112.66,4121.28,3414
03-07-2026 01:30,4121.24,4122.41,4116.29,4119.71,2027
03-07-2026 01:45,4119.7,4125.04,4118.91,4123.49,1616
03-07-2026 02:00,4123.42,4124.92,4120.7,4120.7,1156
03-07-2026 02:15,4120.77,4123.88,4118.16,4123.44,1232
03-07-2026 03:30,4125.68,4127.58,4123.81,4124.08,826
03-07-2026 03:45,4124.07,4124.92,4122.25,4123.94,1224
03-07-2026 04:00,4123.92,4126.17,4122.42,4123.01,1424
03-07-2026 04:15,4123.01,4126.45,4122.68,4124.44,1174
03-07-2026 04:30,4124.45,4127.22,4124.26,4125.33,1488
03-07-2026 04:45,4125.37,4130.33,4124.21,4129.76,1903
03-07-2026 05:00,4129.75,4133.2,4121.04,4124.73,2434
03-07-2026 05:15,4124.74,4131.71,4124.43,4125.88,2818
03-07-2026 05:30,4125.71,4136.75,4122.57,4134.94,3651
03-07-2026 05:45,4134.95,4140.84,4131.74,4137.22,3436
03-07-2026 06:00,4137.11,4139.57,4132.97,4136.25,3309
03-07-2026 06:15,4136.16,4150.89,4135.33,4147.03,3315
03-07-2026 06:30,4147.04,4179.27,4146.59,4176.18,4103
03-07-2026 06:45,4176.29,4194.28,4174.01,4187.59,3919
03-07-2026 07:00,4187.6,4195.39,4179.16,4179.71,3861
03-07-2026 07:15,4179.69,4183.95,4174.7,4182.27,3423
03-07-2026 07:30,4182.04,4184.17,4177.03,4179.36,3445
03-07-2026 07:45,4179.35,4180.99,4176.45,4179.1,2525
03-07-2026 08:00,4179.26,4186.78,4178.01,4183.19,3259
03-07-2026 08:15,4183.2,4186.72,4178.74,4183.41,3083
03-07-2026 08:30,4183.21,4184.47,4179.64,4182.63,2936
03-07-2026 08:45,4182.67,4183.56,4179.2,4181.29,2465
03-07-2026 09:00,4181.31,4183.11,4177.24,4177.32,2396
03-07-2026 09:15,4177.31,4179.27,4175.18,4175.96,2002
03-07-2026 09:30,4175.97,4178.72,4172.99,4177.7,2056
03-07-2026 09:45,4177.66,4182.73,4176.58,4178.46,1887
03-07-2026 10:00,4178.49,4178.63,4175.3,4177.18,1580
03-07-2026 10:15,4177.19,4178.81,4174.52,4178.77,1587
03-07-2026 10:30,4178.73,4181.14,4176.93,4178.26,2295
03-07-2026 10:45,4178.24,4179.19,4173.02,4176,2137
03-07-2026 11:00,4176,4181.85,4173.1,4175.04,3170
03-07-2026 11:15,4175.18,4176.4,4169.2,4171.12,2787
03-07-2026 11:30,4171.12,4171.66,4162.02,4162.22,3320
03-07-2026 11:45,4162.29,4167.12,4160.42,4164.75,3143
03-07-2026 12:00,4164.75,4173.55,4164.33,4171.02,3004
03-07-2026 12:15,4171,4174.4,4170.16,4172.97,2834
03-07-2026 12:30,4172.99,4181.1,4171.09,4174,2976
03-07-2026 12:45,4173.94,4175.93,4169.16,4175.37,2806
03-07-2026 13:00,4175.37,4179.65,4173.75,4179.4,2718
03-07-2026 13:15,4179.44,4181.63,4174.84,4177.06,2783
03-07-2026 13:30,4177.63,4185.76,4177.63,4183.88,2858
03-07-2026 13:45,4183.89,4185.37,4181.16,4182.93,2681
03-07-2026 14:00,4182.84,4186.44,4180.57,4184.24,2597
03-07-2026 14:15,4184.28,4185.33,4176.93,4180.96,2456
03-07-2026 14:30,4180.98,4181.82,4175.93,4180.34,2431
03-07-2026 14:45,4180.3,4180.44,4171.13,4171.85,2563
03-07-2026 15:00,4171.76,4172.92,4168.58,4172.21,2602
03-07-2026 15:15,4172.19,4175.1,4171.63,4172,2220
03-07-2026 15:30,4171.95,4180.67,4170.71,4179.75,2257
03-07-2026 15:45,4179.68,4181.08,4177.9,4178.42,2047
03-07-2026 16:00,4178.41,4178.92,4175.51,4177.6,1848
03-07-2026 16:15,4177.67,4178.69,4174.6,4177.04,1803
03-07-2026 16:30,4176.97,4183.75,4175.48,4183.28,2308
03-07-2026 16:45,4183.3,4186.04,4182.6,4183.05,2059
03-07-2026 17:00,4183.06,4185.93,4182.58,4185.29,2066
03-07-2026 17:15,4185.28,4186.22,4178.51,4181.05,2135
03-07-2026 17:30,4181.13,4183.11,4177.81,4177.91,2556
03-07-2026 17:45,4177.9,4178.2,4172.32,4174.86,2353
03-07-2026 18:00,4174.87,4177.59,4173.02,4174.85,2583
03-07-2026 18:15,4174.41,4177.5,4172.23,4176.79,2065
03-07-2026 18:30,4177.15,4179.22,4164.5,4166.7,3475
03-07-2026 18:45,4166.66,4172.2,4166.6,4171.49,3131
03-07-2026 19:00,4171.63,4171.71,4164.99,4167.05,3183
03-07-2026 19:15,4167.13,4168.8,4163.39,4164.63,2975
03-07-2026 19:30,4164.58,4167.1,4155.31,4162.12,3385
03-07-2026 19:45,4162.19,4166.71,4161.23,4166.13,3012
03-07-2026 20:00,4166.14,4167.21,4163.34,4163.84,2687
03-07-2026 20:15,4163.7,4171.1,4163.53,4169.75,2415
03-07-2026 20:30,4169.76,4173.87,4168.57,4171.8,2557
03-07-2026 20:45,4171.8,4174,4166.71,4167.2,2227
03-07-2026 21:00,4167,4168.44,4165.57,4167.27,1830
03-07-2026 21:15,4167.28,4168.51,4164.05,4164.49,1724
03-07-2026 21:30,4164.46,4165.14,4162.48,4163.62,1965
03-07-2026 21:45,4163.58,4167.02,4162.22,4166.16,1727
03-07-2026 22:00,4166.14,4170.02,4166.13,4169.79,1674
03-07-2026 22:15,4169.79,4175.55,4169.23,4174.61,1743
06-07-2026 03:30,4174.65,4185.49,4172.42,4180.75,2055
06-07-2026 03:45,4180.78,4185.46,4177.01,4184.58,2306
06-07-2026 04:00,4184.5,4191.34,4182.76,4188.59,2408
06-07-2026 04:15,4188.5,4189.69,4183.02,4188.03,2210
06-07-2026 04:30,4188.03,4191.43,4186.77,4187.39,2128
06-07-2026 04:45,4187.4,4201.56,4186.55,4200.32,1862
06-07-2026 05:00,4200.3,4201.4,4193.31,4196.4,2371
06-07-2026 05:15,4196.39,4197.26,4177.7,4183.04,3109
06-07-2026 05:30,4183.1,4185.37,4170.36,4174.8,3720
06-07-2026 05:45,4174.69,4181.42,4171.04,4174.47,3366
06-07-2026 06:00,4174.57,4187.44,4174.08,4185.81,3451
06-07-2026 06:15,4185.82,4188.88,4174.77,4179.8,3248
06-07-2026 06:30,4179.5,4192.54,4172.45,4188.74,3938
06-07-2026 06:45,4188.78,4192.8,4180.55,4189.47,3805
06-07-2026 07:00,4189.44,4200.54,4187.28,4198.12,3868
06-07-2026 07:15,4198.11,4203.1,4184.86,4185.91,3801
06-07-2026 07:30,4185.93,4187.75,4176.96,4181.01,3672
06-07-2026 07:45,4180.99,4186.05,4175.58,4177.51,3297
06-07-2026 08:00,4177.73,4178.61,4168.49,4172.35,3743
06-07-2026 08:15,4172.31,4175.89,4170.04,4174.08,3373
06-07-2026 08:30,4174.09,4176.38,4165.3,4166.5,3390
06-07-2026 08:45,4166.48,4167.82,4162.47,4165.64,3017
06-07-2026 09:00,4165.67,4169.15,4161.56,4162.79,2814
06-07-2026 09:15,4162.77,4166.74,4161.02,4165.15,2556
06-07-2026 09:30,4165.11,4166.56,4161.03,4163.36,2348
06-07-2026 09:45,4163.35,4164.5,4160.18,4160.95,1976
06-07-2026 10:00,4161.07,4162.14,4157.45,4160.11,2446
06-07-2026 10:15,4160.13,4161.07,4157.79,4159.32,1989
06-07-2026 10:30,4159.45,4160.78,4151.11,4152.12,2679
06-07-2026 10:45,4152.09,4154.35,4150.46,4152.76,2373
06-07-2026 11:00,4152.66,4160.41,4149.31,4155.33,3585
06-07-2026 11:15,4155.32,4156.8,4144.73,4147.95,3322
06-07-2026 11:30,4147.89,4152.15,4145.64,4151.91,3531
06-07-2026 11:45,4151.89,4156.65,4147.81,4156.46,2948
06-07-2026 12:00,4156.44,4159.64,4153.4,4155.92,3077
06-07-2026 12:15,4155.86,4156.89,4148.84,4150.29,2816
06-07-2026 12:30,4150.31,4153.42,4146.99,4150.92,3055
06-07-2026 12:45,4150.92,4155.58,4150.22,4152.86,3029
06-07-2026 13:00,4152.84,4164.3,4151.11,4163.52,2731
06-07-2026 13:15,4163.6,4166.26,4162.02,4164.35,2817
06-07-2026 13:30,4164.66,4165.97,4157.09,4157.96,2989
06-07-2026 13:45,4157.97,4158.51,4153.46,4155.36,2716
06-07-2026 14:00,4155.35,4156.09,4148.42,4148.99,2601
06-07-2026 14:15,4149.02,4152.82,4147.03,4150.37,2561
06-07-2026 14:30,4150.38,4151.21,4147.88,4149.64,2350
06-07-2026 14:45,4149.49,4149.77,4141.45,4143.56,2644
06-07-2026 15:00,4143.52,4143.52,4136.28,4139.54,2939
06-07-2026 15:15,4139.23,4144.95,4139.19,4143.14,2509
06-07-2026 15:30,4143.15,4148.56,4142.05,4148.32,2298
06-07-2026 15:45,4148.24,4150.83,4147.45,4148.85,2350
06-07-2026 16:00,4148.81,4155.56,4148.63,4154.33,2599
06-07-2026 16:15,4154.32,4155.69,4152.3,4154.94,2639
06-07-2026 16:30,4155.21,4156.15,4151.37,4154.78,2926
06-07-2026 16:45,4154.79,4159.5,4153.51,4154.89,2746
06-07-2026 17:00,4154.85,4158.62,4152.51,4153.48,2530
06-07-2026 17:15,4153.68,4155.82,4151.9,4155.18,2595
06-07-2026 17:30,4155.5,4158.44,4153.61,4155.99,3024
06-07-2026 17:45,4156.03,4157.45,4145.14,4145.6,3189
06-07-2026 18:00,4145.7,4146.2,4131.37,4133.52,3382
06-07-2026 18:15,4133.49,4142.7,4133.25,4139.56,3278
06-07-2026 18:30,4139.54,4148.49,4136.95,4140.95,3645
06-07-2026 18:45,4140.93,4148.66,4138.37,4142.28,3591
06-07-2026 19:00,4142.19,4150.43,4141.83,4149.11,4027
06-07-2026 19:15,4149.2,4149.47,4137.34,4140.72,3909
06-07-2026 19:30,4140.73,4146.97,4133.54,4140.53,3973
06-07-2026 19:45,4140.47,4140.73,4132.42,4137.08,3835
06-07-2026 20:00,4137.08,4141.68,4128.38,4130.06,3739
06-07-2026 20:15,4130.04,4138.14,4128.94,4138.1,3712
06-07-2026 20:30,4138.12,4146.45,4137.45,4139.62,3398
06-07-2026 20:45,4139.61,4150.9,4138.66,4150.53,3593
06-07-2026 21:00,4150.59,4151.88,4146.93,4149.88,3451
06-07-2026 21:15,4149.98,4150.45,4144.75,4148.26,2838
06-07-2026 21:30,4148.02,4148.39,4140.37,4140.48,2912
06-07-2026 21:45,4140.6,4146.34,4140.2,4145.47,2768
06-07-2026 22:00,4145.46,4150.23,4145.19,4149.27,2927
06-07-2026 22:15,4149.28,4156.16,4148.67,4154.95,2865
06-07-2026 22:30,4155.02,4156.16,4152.25,4153.42,2959
06-07-2026 22:45,4153.43,4159.56,4150.05,4155.42,2888
06-07-2026 23:00,4155.56,4159.15,4154.75,4156.66,2772
06-07-2026 23:15,4156.57,4161.48,4156.21,4161.23,2729
06-07-2026 23:30,4161.14,4162.02,4155.1,4158.07,2746
06-07-2026 23:45,4158.11,4163.23,4158.11,4161.83,2430
07-07-2026 00:00,4161.53,4167.43,4159.65,4164.07,2612
07-07-2026 00:15,4164.11,4165.16,4162.08,4163.8,2484
07-07-2026 00:30,4163.93,4165.32,4159.02,4159.4,2340
07-07-2026 00:45,4159.42,4163.34,4158.88,4162.81,2336
07-07-2026 01:00,4162.94,4163,4159.64,4161.11,2539
07-07-2026 01:15,4161.13,4165.05,4161.1,4163.69,2740
07-07-2026 01:30,4163.64,4164.38,4160.93,4160.99,1281
07-07-2026 01:45,4160.98,4163.42,4160.49,4163.06,782
07-07-2026 02:00,4163.07,4164.83,4162.69,4162.98,833
07-07-2026 02:15,4162.92,4164.62,4162.56,4164.61,940
07-07-2026 03:30,4165.81,4166.97,4162.98,4165.62,871
07-07-2026 03:45,4165.61,4167.03,4164.74,4165.71,933
07-07-2026 04:00,4165.68,4168.25,4165.68,4167.03,1311
07-07-2026 04:15,4167,4167.53,4163.89,4164.04,1338
07-07-2026 04:30,4164.02,4165.47,4162.83,4165.28,1382
07-07-2026 04:45,4165.19,4165.41,4162.86,4163.06,1250
07-07-2026 05:00,4163.07,4165.22,4160.84,4161.92,1343
07-07-2026 05:15,4161.9,4163.67,4156.85,4157.24,2251
07-07-2026 05:30,4157.21,4158.47,4152.67,4155.99,3200
07-07-2026 05:45,4156.14,4160.57,4151.95,4159.71,3069
07-07-2026 06:00,4159.91,4162.67,4148.3,4149.51,3034
07-07-2026 06:15,4149.61,4153.75,4145.31,4145.93,3156
07-07-2026 06:30,4145.8,4147.86,4137.53,4141.56,3823
07-07-2026 06:45,4141.57,4142.89,4126.06,4132.6,3658
07-07-2026 07:00,4132.55,4142.13,4132.15,4141.99,3483
07-07-2026 07:15,4142.03,4146.43,4140.34,4141.57,3296
07-07-2026 07:30,4141.58,4144.31,4137.56,4142.4,3141
07-07-2026 07:45,4142.37,4145.17,4138.06,4140.51,2460
07-07-2026 08:00,4140.39,4144.15,4136.1,4139.43,2969
07-07-2026 08:15,4139.44,4139.57,4131.1,4136.55,3115
07-07-2026 08:30,4136.82,4140.16,4135.06,4136.63,2928
07-07-2026 08:45,4136.45,4137.55,4129.17,4132.12,3032
07-07-2026 09:00,4131.86,4134.82,4127.05,4129.56,2657
07-07-2026 09:15,4129.56,4131.49,4124.34,4131.07,2348
07-07-2026 09:30,4131.06,4141.23,4130.34,4136.06,2502
07-07-2026 09:45,4136.14,4137.01,4130.99,4131.94,2367
07-07-2026 10:00,4131.88,4132.09,4128.67,4128.68,2300
07-07-2026 10:15,4128.69,4131.19,4125.85,4126.62,2115
07-07-2026 10:30,4126.63,4131.26,4122,4122.34,2679
07-07-2026 10:45,4122.42,4128.52,4120.88,4128.24,3000
07-07-2026 11:00,4128.28,4128.55,4116.58,4122.52,3831
07-07-2026 11:15,4122.53,4127.15,4120.29,4123.72,3259
07-07-2026 11:30,4123.71,4129.47,4121.44,4123.48,3374
07-07-2026 11:45,4123.5,4129.6,4123.27,4126.68,3096
07-07-2026 12:00,4126.5,4132.4,4124.81,4132.4,2992
07-07-2026 12:15,4132.41,4132.92,4128.4,4130.35,2933
07-07-2026 12:30,4130.38,4131.22,4124.25,4129.52,2957
07-07-2026 12:45,4129.3,4132.07,4125.98,4126.57,2913
07-07-2026 13:00,4126.55,4131.27,4125.72,4129.91,2632
07-07-2026 13:15,4130.22,4133.65,4124.41,4124.66,3020
07-07-2026 13:30,4124.22,4139.22,4124.22,4136.97,3312
07-07-2026 13:45,4136.92,4138.63,4133.96,4138.52,3098
07-07-2026 14:00,4138.56,4139.09,4128.78,4130.97,2728
07-07-2026 14:15,4130.97,4130.97,4121.81,4125.89,3119
07-07-2026 14:30,4125.87,4128.94,4124.42,4127.49,2932
07-07-2026 14:45,4127.48,4130.9,4119.64,4121.52,2735
07-07-2026 15:00,4121.53,4133.71,4121.53,4132.89,2727
07-07-2026 15:15,4132.88,4133.11,4124.94,4131.18,2882
07-07-2026 15:30,4131.14,4135.04,4131.08,4132.4,2742
07-07-2026 15:45,4132.49,4138.75,4132.03,4137.29,2514
07-07-2026 16:00,4137.26,4137.46,4134.54,4135.51,2590
07-07-2026 16:15,4135.53,4137.06,4133.46,4135.61,2494
07-07-2026 16:30,4135.66,4136.17,4131.79,4133.18,2791
07-07-2026 16:45,4133.22,4144.84,4133.02,4143.07,2967
07-07-2026 17:00,4142.97,4148.97,4139.49,4148.32,2832
07-07-2026 17:15,4148.26,4158.13,4147.05,4156.71,3107
07-07-2026 17:30,4156.94,4174.56,4154.47,4173.16,3622
07-07-2026 17:45,4173.39,4175,4163.01,4165.68,3642
07-07-2026 18:00,4165.67,4168.13,4161.57,4166.35,3429
07-07-2026 18:15,4166.37,4172.66,4164.18,4172.17,3262
07-07-2026 18:30,4172.16,4178.32,4160.05,4171.33,3860
07-07-2026 18:45,4171.35,4172.38,4164.17,4166.16,3552
07-07-2026 19:00,4166.26,4180.41,4163.54,4177.39,4159
07-07-2026 19:15,4177.47,4179.92,4155.98,4158.35,4032
07-07-2026 19:30,4158.38,4163.5,4150.95,4152.31,4157
07-07-2026 19:45,4152.26,4159.69,4151.16,4158.08,4015
07-07-2026 20:00,4158.09,4159.18,4143.55,4152.32,3972
07-07-2026 20:15,4152.23,4157.63,4151.85,4154.17,3861
07-07-2026 20:30,4154.07,4155.55,4148.17,4148.69,3784
07-07-2026 20:45,4148.55,4148.9,4141.62,4142.94,3664
07-07-2026 21:00,4142.97,4148.32,4142.14,4146.52,3464
07-07-2026 21:15,4146.53,4147.95,4135.75,4138.96,3426
07-07-2026 21:30,4139.34,4143.56,4136.97,4141.04,3374
07-07-2026 21:45,4140.91,4147.16,4140.77,4146.03,3089
07-07-2026 22:00,4145.9,4146.49,4142.41,4143.18,3202
07-07-2026 22:15,4143.25,4146.58,4140.93,4144.99,2994
07-07-2026 22:30,4144.96,4146.8,4142.12,4142.97,2894
07-07-2026 22:45,4142.93,4146.63,4140.57,4145.99,3256
07-07-2026 23:00,4145.8,4148.06,4144.5,4147.02,2733
07-07-2026 23:15,4147.01,4147.29,4142.98,4144.45,2783
07-07-2026 23:30,4144.62,4145.16,4140.86,4142.27,3001
07-07-2026 23:45,4142.26,4144.15,4140.14,4141.59,3026
08-07-2026 00:00,4141.39,4142.37,4136.14,4141.9,2846
08-07-2026 00:15,4141.92,4142.55,4125.02,4126.93,3669
08-07-2026 00:30,4126.81,4127.62,4103.12,4105.65,4017
08-07-2026 00:45,4105.64,4106.73,4092.11,4103.48,3848
08-07-2026 01:00,4103.46,4114.96,4103.4,4109.18,3627
08-07-2026 01:15,4109.23,4117.54,4108.07,4114.12,3487
08-07-2026 01:30,4114.13,4115.84,4112.21,4112.98,2080
08-07-2026 01:45,4112.92,4113.19,4106.44,4110.99,1746
08-07-2026 02:00,4111,4111.34,4104.27,4105.76,1479
08-07-2026 02:15,4105.8,4106.44,4102.89,4105.18,1478
08-07-2026 03:30,4094.3,4105.87,4093.51,4103.69,1318
08-07-2026 03:45,4103.67,4103.74,4099.42,4099.47,1188
08-07-2026 04:00,4099.59,4102.47,4098.38,4100.91,1759
08-07-2026 04:15,4100.95,4100.95,4095.45,4098.15,2088
08-07-2026 04:30,4098.14,4108.05,4096.3,4105.87,2579
08-07-2026 04:45,4105.85,4106.57,4101.09,4104.88,2090
08-07-2026 05:00,4104.84,4105.36,4097.29,4098.3,1936
08-07-2026 05:15,4098.29,4101.09,4095.82,4098.51,2823
08-07-2026 05:30,4098.44,4104.02,4096.87,4100.11,3691
08-07-2026 05:45,4100.2,4107.97,4098.76,4105.44,3476
08-07-2026 06:00,4105.48,4126.46,4103.83,4123.24,3614
08-07-2026 06:15,4123.26,4125.15,4111.26,4111.52,3520
08-07-2026 06:30,4111.5,4117.87,4098.26,4108.32,3991
08-07-2026 06:45,4108.33,4110.23,4102.16,4102.69,3587
08-07-2026 07:00,4102.57,4105.82,4096.38,4103.25,3773
08-07-2026 07:15,4103.08,4112.79,4102.21,4111.18,3662
08-07-2026 07:30,4111.33,4117.99,4105.98,4112.17,3634
08-07-2026 07:45,4112.15,4124.8,4111.93,4118.86,3118
08-07-2026 08:00,4118.79,4121.03,4116.19,4120.12,3267
08-07-2026 08:15,4120.14,4120.71,4113.37,4114.53,3124
08-07-2026 08:30,4114.71,4130.95,4114.62,4128.05,3636
08-07-2026 08:45,4128.13,4130.7,4124.56,4129.85,3062
08-07-2026 09:00,4129.77,4131.12,4125.42,4126.77,2612
08-07-2026 09:15,4126.7,4129.09,4122.64,4123.37,2478
08-07-2026 09:30,4123.35,4128.76,4121.59,4124.26,2578
08-07-2026 09:45,4124.25,4127.33,4120.51,4125.92,2580
08-07-2026 10:00,4125.91,4128.23,4122.09,4125.12,2747
08-07-2026 10:15,4125.1,4127.07,4124.02,4125.28,2585
08-07-2026 10:30,4125.27,4133.88,4125.02,4125.75,3161
08-07-2026 10:45,4125.62,4129.33,4121.93,4121.99,2928
08-07-2026 11:00,4121.86,4131.69,4121.28,4128.21,3711
08-07-2026 11:15,4128.22,4129.93,4124.79,4127.74,3402
08-07-2026 11:30,4127.7,4131.73,4122.31,4131.52,3529
08-07-2026 11:45,4131.49,4133.37,4128.74,4129.63,3327
08-07-2026 12:00,4129.46,4129.76,4124.62,4126.48,3174
08-07-2026 12:15,4126.46,4127.07,4123.39,4123.54,3326
08-07-2026 12:30,4123.48,4125.03,4116.48,4118.09,3422
08-07-2026 12:45,4118.06,4121.19,4114.69,4120.32,3341
08-07-2026 13:00,4120.24,4127.08,4118.07,4127.08,3139
08-07-2026 13:15,4127.08,4127.08,4118.95,4121.17,2972
08-07-2026 13:30,4121.03,4121.15,4116.47,4117.64,3046
08-07-2026 13:45,4117.65,4120.87,4080.61,4088.85,4186
08-07-2026 14:00,4088.67,4092.12,4060.7,4065.6,4213
08-07-2026 14:15,4065.67,4075.88,4052.22,4056.62,4114
08-07-2026 14:30,4056.75,4056.78,4050.25,4055.86,3989
08-07-2026 14:45,4055.68,4060.87,4053.61,4056.61,3813
08-07-2026 15:00,4056.56,4058.49,4044.7,4048.27,3868
08-07-2026 15:15,4048.34,4052.74,4041.52,4043.25,3615
08-07-2026 15:30,4043.33,4048.49,4040.66,4044.34,3439
08-07-2026 15:45,4044.49,4055.68,4043.39,4050.7,3448
08-07-2026 16:00,4050.61,4058.33,4050.06,4057.21,3505
08-07-2026 16:15,4057.16,4058.15,4052.84,4052.84,3234
08-07-2026 16:30,4052.85,4057.07,4048.07,4050.69,3262
08-07-2026 16:45,4050.51,4054.43,4047.72,4050.12,3328
08-07-2026 17:00,4050.01,4065.7,4041.46,4064.29,3478
08-07-2026 17:15,4064.42,4072.51,4059.25,4062.11,3910
08-07-2026 17:30,4062.01,4073.82,4058.64,4071.95,3816
08-07-2026 17:45,4071.88,4077.69,4065.94,4070.85,3707
08-07-2026 18:00,4070.69,4078.17,4068.03,4078.02,3768
08-07-2026 18:15,4078.09,4086.34,4070.55,4071.87,3747
08-07-2026 18:30,4071.97,4083.06,4069.81,4072.28,4134
08-07-2026 18:45,4072.06,4075.84,4065.27,4066.64,3914
08-07-2026 19:00,4067.19,4080.22,4066.98,4073.13,4221
08-07-2026 19:15,4073.19,4079.1,4068.17,4070.7,4160
08-07-2026 19:30,4070.62,4071.38,4056.62,4057.1,4113
08-07-2026 19:45,4057.16,4065.32,4051.39,4060.16,4110
08-07-2026 20:00,4060.14,4061.19,4035.19,4036.33,4165
08-07-2026 20:15,4036.33,4046.23,4033.85,4040.78,4099
08-07-2026 20:30,4040.82,4043.69,4033.54,4033.59,4083
08-07-2026 20:45,4033.7,4035.95,4026.21,4030.77,4037
08-07-2026 21:00,4030.93,4033.17,4021.73,4032.82,4012
08-07-2026 21:15,4032.78,4038.13,4029.78,4034.26,3849
08-07-2026 21:30,4034.21,4042.6,4033.15,4039.12,3850
08-07-2026 21:45,4039.13,4044.72,4037.49,4043.61,3646
08-07-2026 22:00,4043.17,4057.38,4039.43,4056.5,3908
08-07-2026 22:15,4056.52,4064.42,4053.45,4063.59,3754
08-07-2026 22:30,4063.73,4070.31,4059.6,4064.78,3671
08-07-2026 22:45,4065.12,4073.77,4063.51,4072.98,3677
08-07-2026 23:00,4073.01,4076.34,4068.83,4069.83,3336
08-07-2026 23:15,4069.84,4070.29,4064.34,4065.68,3286
08-07-2026 23:30,4065.48,4075.71,4063.59,4075.25,3794
08-07-2026 23:45,4075.29,4075.32,4067.39,4069.52,3622
09-07-2026 00:00,4069.51,4079.47,4066.99,4079.42,3541
09-07-2026 00:15,4079.38,4091.47,4078.82,4084.1,3456
09-07-2026 00:30,4084.03,4090.9,4084.03,4087.64,3461
09-07-2026 00:45,4087.26,4088.63,4084.79,4088.25,3048
09-07-2026 01:00,4088.5,4091.38,4083.29,4084.1,3224
09-07-2026 01:15,4084.04,4084.29,4078.1,4079.78,3473
09-07-2026 01:30,4079.71,4083.45,4076.09,4078.9,2320
09-07-2026 01:45,4078.94,4079.63,4074.22,4076.83,1954
09-07-2026 02:00,4076.73,4078.51,4071.51,4074.91,1884
09-07-2026 02:15,4074.97,4079.47,4073.91,4077,1427
09-07-2026 03:30,4077.15,4079.32,4072.28,4076.76,1167
09-07-2026 03:45,4076.79,4078.55,4072.97,4073.8,1875
09-07-2026 04:00,4073.82,4078.91,4073.2,4075.95,1856
09-07-2026 04:15,4075.92,4079.44,4075.75,4076.16,1519
09-07-2026 04:30,4076.17,4077.33,4073.57,4076.81,1688
09-07-2026 04:45,4076.8,4077.65,4075.23,4077.48,1376
09-07-2026 05:00,4077.47,4077.47,4073.68,4074.95,1761
09-07-2026 05:15,4074.96,4077.34,4071.69,4075.89,2352
09-07-2026 05:30,4075.84,4087.45,4075.84,4087.43,3341
09-07-2026 05:45,4087.42,4089.9,4073.92,4077.65,2927
09-07-2026 06:00,4078.35,4081.79,4075.65,4077.19,2637
09-07-2026 06:15,4077.13,4079.19,4070.47,4073.96,2945
09-07-2026 06:30,4073.67,4078.65,4065.14,4074.13,3862
09-07-2026 06:45,4074.14,4076.62,4066.62,4066.62,3413
09-07-2026 07:00,4066.9,4075.01,4062.23,4073.26,3404
09-07-2026 07:15,4073.36,4076.01,4068.76,4072.63,3071
09-07-2026 07:30,4072.63,4079.37,4071.87,4078.43,3266
09-07-2026 07:45,4078.46,4082.58,4076.71,4080.6,2510
09-07-2026 08:00,4080.67,4081.82,4069.6,4070.56,3042
09-07-2026 08:15,4070.54,4071.79,4064.36,4064.98,3176
09-07-2026 08:30,4064.72,4067.8,4055.44,4058.93,3308
09-07-2026 08:45,4058.77,4061.04,4054.2,4058.22,3187
09-07-2026 09:00,4058.15,4063.34,4056.35,4061.79,2637
09-07-2026 09:15,4062,4064.06,4061.1,4064.06,2131
09-07-2026 09:30,4064.19,4064.45,4058.76,4060.48,2096
09-07-2026 09:45,4060.46,4060.92,4057.24,4058.82,2053
09-07-2026 10:00,4058.8,4064.37,4056.42,4057.85,2155
09-07-2026 10:15,4057.84,4064.44,4056.42,4064.22,1893
09-07-2026 10:30,4064.55,4075.89,4063.62,4073.52,3083
09-07-2026 10:45,4073.51,4073.66,4066.73,4072.19,2862
09-07-2026 11:00,4072.64,4077.03,4064.73,4075.45,3443
09-07-2026 11:15,4075.47,4084.11,4073.74,4081.95,3258
09-07-2026 11:30,4081.92,4099.75,4081.38,4092.06,3670
09-07-2026 11:45,4091.86,4103.1,4091.37,4102.24,3582
09-07-2026 12:00,4102.29,4106.69,4095.97,4102.77,3456
09-07-2026 12:15,4102.8,4107.83,4102.25,4107.72,2916
09-07-2026 12:30,4107.87,4110.15,4101.44,4101.45,3225
09-07-2026 12:45,4101.49,4109.85,4101.46,4108.84,2979
09-07-2026 13:00,4108.89,4111.04,4103.65,4108.99,2835
09-07-2026 13:15,4108.99,4111.11,4104.59,4107.84,2687
09-07-2026 13:30,4108.23,4110.49,4105.19,4108.07,3168
09-07-2026 13:45,4108.06,4117.63,4107.67,4114.79,3102
09-07-2026 14:00,4114.7,4116.51,4110.02,4113.47,2789
09-07-2026 14:15,4113.49,4113.72,4107.71,4108.22,2753
09-07-2026 14:30,4108.2,4109.67,4105.84,4108.78,2713
09-07-2026 14:45,4108.76,4112.47,4107.35,4108.18,2641
09-07-2026 15:00,4107.97,4109.94,4103.26,4103.93,2938
09-07-2026 15:15,4103.86,4107.33,4103.26,4106.09,2318
09-07-2026 15:30,4106.01,4109.78,4103.86,4105.02,2573
09-07-2026 15:45,4105.02,4106.49,4104.04,4104.37,2044
09-07-2026 16:00,4104.22,4105.52,4102.52,4103.5,2183
09-07-2026 16:15,4103.51,4104.38,4093.6,4098.99,3120
09-07-2026 16:30,4099.29,4104.98,4097.76,4104.85,3017
09-07-2026 16:45,4104.87,4107.15,4099.1,4100.49,2663
09-07-2026 17:00,4100.38,4109.38,4098.84,4106.19,2781
09-07-2026 17:15,4106.24,4110.57,4104.57,4108.35,2742
09-07-2026 17:30,4108.42,4119.92,4105.73,4112.64,3325
09-07-2026 17:45,4112.61,4113.47,4105.04,4107.14,3245
09-07-2026 18:00,4107.16,4122.53,4107.08,4113.1,3472
09-07-2026 18:15,4113.11,4114.53,4107.51,4107.73,3302
09-07-2026 18:30,4107.63,4120.87,4106.96,4120.57,3804
09-07-2026 18:45,4120.64,4127.04,4118.68,4125.95,3713
09-07-2026 19:00,4126.16,4129.21,4119.53,4127.2,4007
09-07-2026 19:15,4127.25,4127.25,4117.66,4121.7,3921
09-07-2026 19:30,4121.44,4136.16,4120.41,4122.37,4059
09-07-2026 19:45,4122.46,4125.49,4114.17,4124.74,3988
09-07-2026 20:00,4124.8,4126.67,4120.59,4123.98,3759
09-07-2026 20:15,4124.04,4127.96,4118.03,4127.73,3574
09-07-2026 20:30,4127.65,4130.77,4124.72,4124.94,3507
09-07-2026 20:45,4124.98,4130.56,4124.83,4127.87,3370
09-07-2026 21:00,4127.92,4131.31,4126.2,4130.08,3230
09-07-2026 21:15,4130.22,4132.66,4126.28,4126.81,3139
09-07-2026 21:30,4126.71,4131.34,4125.62,4130.18,2884
09-07-2026 21:45,4130.2,4133.06,4128.59,4132.45,2955
09-07-2026 22:00,4132.4,4138.07,4131.75,4133.15,3020
09-07-2026 22:15,4133.28,4134.33,4127.79,4127.79,2391
09-07-2026 22:30,4127.77,4128.81,4125.7,4127.34,2706
09-07-2026 22:45,4127.44,4131.99,4124.98,4131.79,3007
09-07-2026 23:00,4131.72,4134.03,4129.14,4131.93,2904
09-07-2026 23:15,4131.94,4138.22,4131.7,4136.07,2484
09-07-2026 23:30,4136.06,4136.26,4127.36,4128.59,2649
09-07-2026 23:45,4128.6,4128.68,4123.04,4123.68,2633
10-07-2026 00:00,4123.64,4125.44,4121.53,4125.38,2461
10-07-2026 00:15,4125.5,4125.54,4122.46,4124.39,2224
10-07-2026 00:30,4124.31,4126.88,4122.88,4124.3,2569
10-07-2026 00:45,4124.28,4125.48,4120.61,4120.86,2106
10-07-2026 01:00,4120.88,4122.67,4118.76,4120.2,2397
10-07-2026 01:15,4120.17,4123.45,4119.94,4122.37,2744
10-07-2026 01:30,4122.39,4124.01,4120.68,4121.3,1298
10-07-2026 01:45,4121.29,4122.5,4120.51,4121.04,925
10-07-2026 02:00,4121.01,4125.59,4120.79,4124.46,867
10-07-2026 02:15,4124.43,4124.43,4122.74,4123.3,910
10-07-2026 03:30,4124.17,4126.73,4121.87,4123.17,1050
10-07-2026 03:45,4123.15,4124.38,4122,4122.75,1177
10-07-2026 04:00,4122.78,4124.5,4122.08,4123.36,1209
10-07-2026 04:15,4123.36,4123.97,4121.31,4121.5,1105
10-07-2026 04:30,4121.58,4124.42,4121.41,4123.66,1243
10-07-2026 04:45,4123.67,4125.03,4121.3,4122.24,1172
10-07-2026 05:00,4122.36,4123.1,4121.04,4122.8,988
10-07-2026 05:15,4122.84,4124.34,4121.68,4123.13,1518
10-07-2026 05:30,4122.96,4125.48,4119.53,4122.21,2590
10-07-2026 05:45,4122.31,4123.69,4116.89,4119.43,2327
10-07-2026 06:00,4119.46,4124.13,4114.28,4123.1,2667
10-07-2026 06:15,4123.12,4128.2,4121.08,4126.14,2828
10-07-2026 06:30,4126.17,4130.95,4118.89,4125,3730
10-07-2026 06:45,4125.03,4127.41,4120.18,4121.62,3322
10-07-2026 07:00,4121.51,4123.4,4108.83,4111.62,3354
10-07-2026 07:15,4111.63,4121.25,4108.62,4116.78,3373
10-07-2026 07:30,4116.99,4128.64,4116.05,4124.57,3228
10-07-2026 07:45,4124.71,4127.75,4121.48,4125.53,2656
10-07-2026 08:00,4125.55,4128.39,4122.02,4125.67,2954
10-07-2026 08:15,4125.65,4129.09,4123.32,4127.68,2726
10-07-2026 08:30,4127.64,4134.71,4125.78,4126.45,2926
10-07-2026 08:45,4126.47,4128.22,4120.42,4125.37,2534
10-07-2026 09:00,4125.36,4127.91,4121.14,4121.54,2117
10-07-2026 09:15,4121.52,4122.4,4119.35,4120.14,1893
10-07-2026 09:30,4120.15,4120.96,4116.7,4120.9,1837
10-07-2026 09:45,4120.79,4121.02,4111.86,4117.61,2270
10-07-2026 10:00,4117.41,4119.51,4116.71,4118.99,1709
10-07-2026 10:15,4118.9,4119.09,4114.87,4115.11,1789
10-07-2026 10:30,4115.02,4116.31,4112.98,4113.98,2142
10-07-2026 10:45,4113.97,4117.1,4112.92,4114.35,2068
10-07-2026 11:00,4114.03,4115.3,4109.15,4114.02,3175
10-07-2026 11:15,4114,4117.07,4108.14,4116.77,3000
10-07-2026 11:30,4116.75,4119.03,4114.73,4115.02,2994
10-07-2026 11:45,4115.06,4120.05,4113.8,4114.53,2972
10-07-2026 12:00,4114.49,4116.06,4111.07,4111.51,2939
10-07-2026 12:15,4111.48,4114.39,4111.25,4111.73,2509
10-07-2026 12:30,4111.61,4113.67,4108.97,4111.08,2625
10-07-2026 12:45,4111.32,4115.29,4108.41,4112.4,2577
10-07-2026 13:00,4112.41,4114.52,4105.34,4106.36,2371
10-07-2026 13:15,4106.97,4109.84,4104.29,4108.91,2699
10-07-2026 13:30,4109.01,4109.49,4103.83,4107.21,2887
10-07-2026 13:45,4107.13,4108.68,4103.11,4104.28,2702
10-07-2026 14:00,4104.29,4105.59,4099.46,4101.71,2716
10-07-2026 14:15,4101.69,4101.72,4094.75,4097.86,2561
10-07-2026 14:30,4097.84,4100.74,4094.28,4100.74,2635
10-07-2026 14:45,4100.63,4103.4,4099.9,4102.62,2285
10-07-2026 15:00,4102.35,4103.94,4098.29,4102.81,2204
10-07-2026 15:15,4102.82,4105.41,4102.18,4104.27,2169
10-07-2026 15:30,4104.36,4108.41,4104.15,4106.04,2121
10-07-2026 15:45,4106.05,4112.57,4106.05,4109.36,2269
10-07-2026 16:00,4109.37,4110.44,4106.2,4108.97,1975
10-07-2026 16:15,4108.98,4108.98,4104.5,4104.74,2066
10-07-2026 16:30,4104.68,4107.98,4104.39,4106.24,2246
10-07-2026 16:45,4106.23,4108.12,4099.98,4100.11,2164
10-07-2026 17:00,4100.07,4107.38,4096,4106.59,2751
10-07-2026 17:15,4106.68,4107.93,4102,4102.23,2524
10-07-2026 17:30,4102.24,4117.35,4100.94,4115.09,3083
10-07-2026 17:45,4114.9,4116.33,4103.37,4105.9,3355
10-07-2026 18:00,4105.88,4106.96,4097.51,4098.3,3436
10-07-2026 18:15,4098.04,4104.87,4097.82,4100.67,2776
10-07-2026 18:30,4100.66,4106.17,4098.65,4104.26,3417
10-07-2026 18:45,4104.3,4106.6,4085.46,4087.24,3337
10-07-2026 19:00,4087.27,4102.58,4086.88,4098.34,3997
10-07-2026 19:15,4098.47,4105.49,4097.26,4099.82,3743
10-07-2026 19:30,4099.84,4103.49,4097.54,4100.05,3718
10-07-2026 19:45,4100.08,4109.16,4097.52,4105.55,3711
10-07-2026 20:00,4105.56,4108,4072.75,4099.11,4111
10-07-2026 20:15,4098.99,4107.49,4091.51,4092.69,3877
10-07-2026 20:30,4093.16,4100.91,4091.22,4097.43,3729
10-07-2026 20:45,4097.46,4107.47,4097.36,4101.94,3601
10-07-2026 21:00,4102.12,4106.8,4101.35,4106.23,3728
10-07-2026 21:15,4106.35,4113.44,4105.54,4112.93,3207
10-07-2026 21:30,4113.06,4114.86,4108.08,4110.06,3101
10-07-2026 21:45,4110.25,4114.45,4107.27,4114.34,2894
10-07-2026 22:00,4114.34,4115.36,4108.94,4109.02,2479
10-07-2026 22:15,4109.06,4109.65,4104.3,4104.42,2788
10-07-2026 22:30,4104.34,4105.45,4102.21,4103.82,2981
10-07-2026 22:45,4103.8,4106.76,4103.68,4105.48,2759
10-07-2026 23:00,4105.51,4106.74,4103.22,4103.8,2412
10-07-2026 23:15,4103.95,4105.17,4100.4,4100.7,2201
10-07-2026 23:30,4100.66,4105.03,4100,4104.71,2376
10-07-2026 23:45,4104.72,4105.41,4102.11,4102.92,2204
11-07-2026 00:00,4103.13,4103.78,4098.59,4098.9,2250
11-07-2026 00:15,4098.89,4101.78,4097.86,4101.21,1989
11-07-2026 00:30,4101.16,4102.41,4097.77,4101.59,2178
11-07-2026 00:45,4101.57,4103.31,4101.22,4101.78,1664
11-07-2026 01:00,4101.78,4103.28,4100.16,4102.22,1933
11-07-2026 01:15,4102.21,4108.63,4102.05,4108.12,2277
11-07-2026 01:30,4107.98,4114.78,4107.97,4111.86,1309
11-07-2026 01:45,4111.74,4112.47,4110.3,4111.01,1045
11-07-2026 02:00,4111.03,4112.24,4109.97,4111.48,1097
11-07-2026 02:15,4111.5,4120.53,4110.91,4118.71,1286
13-07-2026 03:30,4097.39,4101.74,4080.38,4081.01,2721
13-07-2026 03:45,4081.11,4087.74,4079.89,4084.12,2877
13-07-2026 04:00,4084.1,4086.48,4077.86,4078.31,2524
13-07-2026 04:15,4078.31,4080.63,4069.84,4076.38,2643
13-07-2026 04:30,4076.37,4076.58,4068.42,4070.2,2782
13-07-2026 04:45,4070.19,4075.28,4068.68,4074.62,2149
13-07-2026 05:00,4074.63,4079.3,4071.62,4077.79,2175
13-07-2026 05:15,4077.81,4084.71,4075.71,4084.52,3401
13-07-2026 05:30,4085.2,4091.01,4080.8,4086.79,3701
13-07-2026 05:45,4086.76,4087.84,4074.24,4074.57,3460
13-07-2026 06:00,4074.54,4075.23,4061.11,4073.12,3543
13-07-2026 06:15,4073.17,4077.32,4068.54,4073.96,3497
13-07-2026 06:30,4074.09,4081,4065.33,4079.43,3969
13-07-2026 06:45,4079.44,4081.9,4071.02,4079.72,3984
13-07-2026 07:00,4079.78,4089.64,4077.62,4084.44,3786
13-07-2026 07:15,4084.47,4087.96,4067.68,4072.16,3855
13-07-2026 07:30,4072.56,4074.87,4069.94,4072.21,3863
13-07-2026 07:45,4072.09,4074.27,4066.5,4067.13,3353
13-07-2026 08:00,4067.12,4077.41,4064.76,4072.68,3569
13-07-2026 08:15,4072.64,4072.93,4068.32,4068.61,3426
13-07-2026 08:30,4068.55,4069.32,4052.94,4058.01,3548
13-07-2026 08:45,4058.07,4062.59,4057.95,4062,3248
13-07-2026 09:00,4061.98,4062.52,4057.19,4057.98,2806
13-07-2026 09:15,4058.03,4061.18,4057.66,4060.43,2381
13-07-2026 09:30,4060.39,4060.41,4052.37,4054.54,2814
13-07-2026 09:45,4054.53,4058.08,4050.22,4055.43,2731
13-07-2026 10:00,4055.44,4057.67,4053.08,4054.07,2455
13-07-2026 10:15,4054.08,4059.13,4052.61,4058.79,2302
13-07-2026 10:30,4058.82,4072.99,4054.78,4069.46,3368
13-07-2026 10:45,4069.45,4069.48,4057.25,4057.83,3157
13-07-2026 11:00,4057.92,4065.53,4052.22,4063.49,3746
13-07-2026 11:15,4063.5,4064.11,4052.65,4053.58,3539
13-07-2026 11:30,4053.51,4056.13,4043.72,4050.7,3748
13-07-2026 11:45,4050.73,4061.2,4050.56,4061.08,3551
13-07-2026 12:00,4061.1,4063.53,4058.59,4060.16,3468
13-07-2026 12:15,4060.17,4060.49,4052.02,4055.54,3256
13-07-2026 12:30,4055.81,4061.17,4048.83,4055.44,3605
13-07-2026 12:45,4055.46,4059.19,4055.46,4058.8,3172
13-07-2026 13:00,4058.79,4062.98,4056.13,4057.28,3175
13-07-2026 13:15,4057.3,4065.02,4055.76,4064.35,3081
13-07-2026 13:30,4064.65,4074.96,4062.86,4073.88,3737
13-07-2026 13:45,4073.9,4080.67,4073.58,4074.04,3606
13-07-2026 14:00,4074.04,4076.18,4071.62,4075.44,3204
13-07-2026 14:15,4075.41,4078.43,4072.21,4074.51,3078
13-07-2026 14:30,4074.52,4076.13,4072.63,4074.5,2874
13-07-2026 14:45,4074.45,4076.58,4071.35,4072.62,2882
13-07-2026 15:00,4072.58,4073.82,4069.36,4072.6,3025
13-07-2026 15:15,4072.57,4073.54,4068.15,4068.19,2728
13-07-2026 15:30,4068.22,4070.51,4066.59,4067.58,2918
13-07-2026 15:45,4067.42,4069.49,4064.35,4065.12,2728
13-07-2026 16:00,4065.08,4068.21,4046.88,4052.06,2992
13-07-2026 16:15,4051.69,4061.45,4048.05,4060.52,3342
13-07-2026 16:30,4060.49,4068.01,4058.09,4064.04,3431
13-07-2026 16:45,4064.02,4065.09,4058.2,4062.83,3102
13-07-2026 17:00,4062.47,4068.25,4062.02,4065.24,3233
13-07-2026 17:15,4065.44,4065.72,4054.95,4056.36,3223
13-07-2026 17:30,4056.36,4060.37,4053.56,4056.25,3429
13-07-2026 17:45,4056.19,4063.71,4055.35,4059.12,3423
13-07-2026 18:00,4058.94,4063.99,4058.82,4062.74,3372
13-07-2026 18:15,4062.91,4067.36,4062.76,4067.29,3370
13-07-2026 18:30,4067.35,4067.59,4059.21,4061.78,3783
13-07-2026 18:45,4061.74,4065.9,4058.53,4062.19,3644
13-07-2026 19:00,4062.19,4063.92,4051.52,4054.82,4135
13-07-2026 19:15,4054.81,4058.19,4042.04,4043.2,4154
13-07-2026 19:30,4043.15,4046.85,4029.82,4035.84,4103
13-07-2026 19:45,4035.82,4037.19,4002.53,4016.83,4228
13-07-2026 20:00,4016.47,4016.71,4000.27,4005.47,4126
13-07-2026 20:15,4005.37,4015.29,4002.19,4015.29,3986
13-07-2026 20:30,4015.21,4017.64,4010.72,4014.74,3891
13-07-2026 20:45,4014.83,4020.09,4013.12,4016.48,3822
13-07-2026 21:00,4016.66,4017.67,4012.24,4013.35,3689
13-07-2026 21:15,4013.32,4016,4010.15,4016,3684
13-07-2026 21:30,4016.02,4017.9,4012.53,4013.92,3526
13-07-2026 21:45,4013.86,4013.92,4000.47,4003.77,3714
13-07-2026 22:00,4003.76,4004.52,3990.76,4000.85,4092
13-07-2026 22:15,4000.82,4002.79,3986.54,3993.22,3923
13-07-2026 22:30,3993.2,3998.95,3992.05,3997.5,3672
13-07-2026 22:45,3997.47,4001.8,3996.68,3998.82,3570
13-07-2026 23:00,3998.85,4000.81,3996.11,3996.89,3584
13-07-2026 23:15,3996.85,3999.3,3992.05,3993.14,3544
13-07-2026 23:30,3993.17,3995.08,3989.89,3993.75,3664
13-07-2026 23:45,3993.74,3996.78,3986.54,3995.23,3610
14-07-2026 00:00,3995.18,4000.66,3993.97,4000.08,3474
14-07-2026 00:15,4000.09,4005.04,3998.18,4001.41,3365
14-07-2026 00:30,4001.81,4004.48,3997.8,3997.97,3507
14-07-2026 00:45,3998,4000.8,3996.78,3998.27,3264
14-07-2026 01:00,3998.25,4001,3993.45,3999.11,3429
14-07-2026 01:15,3998.95,4002.27,3996.85,4001.94,3382
14-07-2026 01:30,4002,4006.11,3998.42,3998.75,2173
14-07-2026 01:45,3998.72,4000.19,3996.75,3999.79,1779
14-07-2026 02:00,3999.78,4000.41,3997.3,4000.05,1660
14-07-2026 02:15,4000,4001.79,3997.63,4000.61,1634
14-07-2026 03:30,4005.41,4005.41,4000.93,4003.6,1099
14-07-2026 03:45,4003.64,4005.55,4003.64,4004.02,1246
14-07-2026 04:00,4003.96,4005.38,4002.72,4003.68,1500
14-07-2026 04:15,4003.7,4004.9,4000.78,4000.85,1804
14-07-2026 04:30,4000.88,4003.18,3999.63,4000.28,1999
14-07-2026 04:45,4000.28,4000.59,3996.87,3997.39,1866
14-07-2026 05:00,3997.32,3997.39,3993.59,3995.38,2302
14-07-2026 05:15,3995.31,4001.85,3992.5,4001.04,2905
14-07-2026 05:30,4001.07,4004.73,3983.82,3995.42,3987
14-07-2026 05:45,3995.02,3996.75,3985.44,3995.11,3851
14-07-2026 06:00,3995.56,4007.04,3994.18,4002.98,3797
14-07-2026 06:15,4002.95,4007.24,4000.61,4004.09,3783
14-07-2026 06:30,4004.11,4004.11,3992.2,3994.98,4113
14-07-2026 06:45,3995.01,4004.67,3994.85,3997.84,3777
14-07-2026 07:00,3997.82,4004.04,3992.91,4001.97,3769
14-07-2026 07:15,4002.01,4012.01,3998.77,4010.5,3716
14-07-2026 07:30,4010.55,4017.79,4005.85,4016.56,3676
14-07-2026 07:45,4016.6,4018.93,4013.88,4017.77,3275
14-07-2026 08:00,4017.76,4018.97,4010.62,4010.9,3401
14-07-2026 08:15,4010.91,4013.53,4009,4011.98,3276
14-07-2026 08:30,4011.95,4016.38,4011.79,4013.8,3210
14-07-2026 08:45,4013.81,4018.88,4010.99,4017.88,3260
14-07-2026 09:00,4017.94,4018.98,4013.73,4015.31,3083
14-07-2026 09:15,4015.3,4018.05,4014.49,4016.87,2401
14-07-2026 09:30,4016.88,4018.76,4013.47,4015.6,2572
14-07-2026 09:45,4015.61,4017.27,4013.93,4015.62,2328
14-07-2026 10:00,4015.64,4023.57,4015.64,4020.42,2433
14-07-2026 10:15,4020.41,4021.23,4015.98,4020.26,2338
14-07-2026 10:30,4020.54,4024.07,4019.43,4023.02,2470
14-07-2026 10:45,4023.18,4024.05,4019.91,4022.73,2643
14-07-2026 11:00,4022.85,4034.07,4022.36,4032.06,3491
14-07-2026 11:15,4032.07,4032.48,4029.07,4031.26,3201
14-07-2026 11:30,4031.34,4033.13,4028.69,4030.87,3172
14-07-2026 11:45,4030.89,4031.06,4022.9,4022.9,2999
14-07-2026 12:00,4022.98,4026.3,4021.54,4025.15,3026
14-07-2026 12:15,4025.25,4026.65,4022.94,4023.85,2975
14-07-2026 12:30,4023.8,4028.94,4020.71,4024.76,3289
14-07-2026 12:45,4024.75,4029.8,4024.39,4026.3,3162
14-07-2026 13:00,4026.27,4029.53,4022.87,4023.56,3246
14-07-2026 13:15,4023.57,4026.05,4019.93,4020.64,3399
14-07-2026 13:30,4020.48,4022.41,4014.56,4017.23,3479
14-07-2026 13:45,4017.25,4022.99,4017.25,4021.63,3128
14-07-2026 14:00,4021.7,4023.8,4018.71,4019.44,3140
14-07-2026 14:15,4019.36,4020.86,4015.93,4015.97,3000
14-07-2026 14:30,4015.97,4024.45,4013.7,4020.53,3178
14-07-2026 14:45,4020.55,4021.75,4015.09,4015.77,3071
14-07-2026 15:00,4015.71,4018.33,4013.72,4017.38,2966
14-07-2026 15:15,4017.35,4023.85,4016.59,4021.62,3095
14-07-2026 15:30,4021.64,4022.15,4016.83,4018.17,2777
14-07-2026 15:45,4018.16,4019.99,4015.64,4017.71,2689
14-07-2026 16:00,4017.75,4020.06,4015.05,4018.98,3025
14-07-2026 16:15,4019,4022.59,4017.95,4021.34,2799
14-07-2026 16:30,4021.36,4023.94,4015.24,4022.95,3402
14-07-2026 16:45,4022.77,4028.31,4020.51,4024.89,3191
14-07-2026 17:00,4024.92,4030.26,4024.57,4027.97,3094
14-07-2026 17:15,4028.02,4031.84,4025.73,4031.13,3053
14-07-2026 17:30,4031.06,4035.78,4025.22,4025.88,3348
14-07-2026 17:45,4025.87,4030.84,4023.2,4029.85,3427
14-07-2026 18:00,4029.88,4102.9,4029.88,4092.62,4235
14-07-2026 18:15,4092.84,4095.21,4068.97,4076.18,4140
14-07-2026 18:30,4076.06,4083.33,4070.79,4075,4159
14-07-2026 18:45,4074.99,4086.22,4072.03,4081.36,4003
14-07-2026 19:00,4081.37,4088.5,4075.77,4087.49,4205
14-07-2026 19:15,4087.43,4087.43,4074.19,4076.47,4110
14-07-2026 19:30,4076.32,4085.14,4072.51,4082.18,4101
14-07-2026 19:45,4082.16,4085.02,4070.69,4076.83,4139
14-07-2026 20:00,4076.77,4090.31,4073.1,4079.98,4129
14-07-2026 20:15,4079.92,4087.48,4077.47,4085.13,3951
14-07-2026 20:30,4085.05,4100.54,4078.55,4090.05,4088
14-07-2026 20:45,4089.77,4090.95,4082.49,4084.81,3735
14-07-2026 21:00,4084.7,4086.84,4066.66,4074.08,3961
14-07-2026 21:15,4074.11,4076.55,4064.42,4066.14,3957
14-07-2026 21:30,4066.32,4066.85,4057.86,4062.96,3816
14-07-2026 21:45,4062.91,4064.96,4057.73,4059.35,3450
14-07-2026 22:00,4059.34,4062.73,4057.65,4060.91,3423
14-07-2026 22:15,4060.8,4062.16,4057.68,4061.46,3087
14-07-2026 22:30,4061.48,4064.55,4055.36,4056.6,3279
14-07-2026 22:45,4056.58,4064,4054.38,4062.82,3243
14-07-2026 23:00,4062.8,4064.99,4059.47,4059.71,2891
14-07-2026 23:15,4059.73,4063.76,4058.27,4062.73,2538
14-07-2026 23:30,4062.74,4062.8,4059.58,4061.58,2744
14-07-2026 23:45,4061.59,4063.04,4056.52,4058.44,2776
15-07-2026 00:00,4058.47,4059.47,4042.78,4046.44,3138
15-07-2026 00:15,4046.5,4054.72,4044.7,4054.07,3250
15-07-2026 00:30,4054.1,4057.21,4052.31,4056.54,2945
15-07-2026 00:45,4056.53,4056.94,4051.3,4051.58,2714
15-07-2026 01:00,4051.59,4052.85,4047.5,4052.48,2980
15-07-2026 01:15,4052.38,4056.84,4051.62,4055.67,2898
15-07-2026 01:30,4055.83,4056.54,4053.81,4053.83,1382
15-07-2026 01:45,4053.81,4054.54,4052.28,4052.98,1047
15-07-2026 02:00,4053.19,4053.56,4049.72,4050.57,1105
15-07-2026 02:15,4050.34,4052.65,4048.89,4052.44,1230
15-07-2026 03:30,4051.55,4052.75,4048.55,4050.32,1100
15-07-2026 03:45,4050.33,4051.66,4048.78,4051.28,1725
15-07-2026 04:00,4051.27,4052.59,4048.77,4050.36,1677
15-07-2026 04:15,4050.35,4050.55,4048.33,4048.74,1267
15-07-2026 04:30,4048.75,4050.17,4046.79,4047.53,1611
15-07-2026 04:45,4047.51,4053.87,4046.62,4053.82,1718
15-07-2026 05:00,4053.76,4056.12,4051.42,4054.59,2138
15-07-2026 05:15,4054.64,4054.95,4051.88,4052.88,2060
15-07-2026 05:30,4052.87,4056.01,4050.93,4051.16,3468
15-07-2026 05:45,4051.15,4058.12,4051,4058.11,3141
15-07-2026 06:00,4058.28,4058.49,4052.25,4054.62,2805
15-07-2026 06:15,4054.63,4060.79,4054.21,4058.96,2863
15-07-2026 06:30,4058.95,4062.11,4055.06,4055.62,3724
15-07-2026 06:45,4055.48,4057.21,4052.45,4054.39,3628
15-07-2026 07:00,4054.35,4054.66,4036.5,4038.76,3818
15-07-2026 07:15,4038.96,4042.46,4035.54,4037.27,3606
15-07-2026 07:30,4037.29,4042.24,4033.93,4036.59,3478
15-07-2026 07:45,4036.6,4036.84,4029.14,4033.04,2979
15-07-2026 08:00,4032.88,4041.82,4032.63,4041.61,3170
15-07-2026 08:15,4041.66,4041.91,4034.17,4035.23,2929
15-07-2026 08:30,4035.24,4040.34,4032.93,4034.05,3120
15-07-2026 08:45,4034.08,4035.46,4030.02,4030.95,3029
15-07-2026 09:00,4030.9,4035.69,4027.96,4029.29,2572
15-07-2026 09:15,4029.23,4033.45,4029.18,4031.11,2054
15-07-2026 09:30,4031.15,4033.17,4030.02,4031.47,2039
15-07-2026 09:45,4031.43,4035.05,4030.86,4033.59,1986
15-07-2026 10:00,4033.58,4035.01,4028.16,4030.17,2195
15-07-2026 10:15,4030.22,4034.28,4030.22,4033.08,1680
15-07-2026 10:30,4033.22,4035.97,4025.09,4026.04,2973
15-07-2026 10:45,4025.97,4028.5,4024.7,4025.01,2513
15-07-2026 11:00,4024.95,4036.47,4022.06,4029.64,3424
15-07-2026 11:15,4029.8,4034.65,4027.34,4034.65,3078
15-07-2026 11:30,4034.67,4035.46,4027.1,4027.57,3251
15-07-2026 11:45,4027.52,4028.57,4021.17,4026.38,3307
15-07-2026 12:00,4026.38,4033.07,4022.82,4032.46,3077
15-07-2026 12:15,4032.45,4033.69,4029.63,4032.03,3254
15-07-2026 12:30,4032.06,4034.27,4028.07,4029.28,3223
15-07-2026 12:45,4029.29,4029.87,4019.93,4024.45,3308
15-07-2026 13:00,4023.95,4027.1,4019.54,4022.78,3314
15-07-2026 13:15,4022.73,4026.65,4021.26,4024.38,2959
15-07-2026 13:30,4024.47,4025.94,4017.32,4017.76,3275
15-07-2026 13:45,4017.78,4026.7,4017.78,4026.61,3317
15-07-2026 14:00,4026.62,4029.14,4024.52,4028.47,3114
15-07-2026 14:15,4028.45,4033.07,4027.59,4031.03,2821
15-07-2026 14:30,4031.31,4034.15,4029.47,4030.27,3136
15-07-2026 14:45,4030.28,4032.82,4026.94,4027.36,2737
15-07-2026 15:00,4027.33,4029.48,4025.47,4027.26,2823
15-07-2026 15:15,4027.27,4030.32,4026.08,4030.16,2814
15-07-2026 15:30,4030.25,4036.13,4028.65,4033.72,2974
15-07-2026 15:45,4033.63,4035.41,4026.5,4028.79,3062
15-07-2026 16:00,4028.77,4033.99,4028.32,4031.15,2737
15-07-2026 16:15,4031.06,4031.18,4027.02,4028.07,2729
15-07-2026 16:30,4028.02,4032.81,4027.74,4030.29,3008
15-07-2026 16:45,4030.25,4031.19,4027.58,4030.69,2995
15-07-2026 17:00,4030.7,4039.49,4029.22,4037.36,2998
15-07-2026 17:15,4037.43,4040.17,4035.5,4038.29,3182
15-07-2026 17:30,4038.33,4042.51,4035.9,4037.86,3434
15-07-2026 17:45,4037.95,4040.86,4037.5,4039.69,3623
15-07-2026 18:00,4039.48,4066.11,4039.36,4063.06,4062
15-07-2026 18:15,4062.99,4071.43,4061,4067.77,3774
15-07-2026 18:30,4068.18,4074.11,4061.65,4061.74,3996
15-07-2026 18:45,4061.55,4066.53,4054.21,4055.9,3626
15-07-2026 19:00,4055.84,4063.23,4055.66,4061.17,3953
15-07-2026 19:15,4061.16,4066.25,4054.81,4061.52,4025
15-07-2026 19:30,4061.56,4065.5,4059.93,4064.16,3938
15-07-2026 19:45,4064.28,4065.86,4055.41,4058.17,3978
15-07-2026 20:00,4058.36,4063.92,4056.92,4057.18,3997
15-07-2026 20:15,4057.15,4060.9,4053.15,4060.33,3976
15-07-2026 20:30,4060.58,4062.75,4043.07,4044.04,3981
15-07-2026 20:45,4043.99,4049.73,4039.56,4048.95,4059
15-07-2026 21:00,4049.4,4050.42,4044.73,4049.49,3881
15-07-2026 21:15,4049.47,4050.73,4046.28,4046.77,3624
15-07-2026 21:30,4046.79,4047.78,4037.27,4038.27,3800
15-07-2026 21:45,4038.26,4040.62,4032.9,4034.7,3947
15-07-2026 22:00,4034.68,4036.88,4026.77,4028.59,3885
15-07-2026 22:15,4028.6,4037.96,4027.64,4033.64,3862
15-07-2026 22:30,4033.93,4039.09,4032.9,4035.85,3527
15-07-2026 22:45,4035.66,4048.12,4033.1,4047.45,3366
15-07-2026 23:00,4047.44,4062.95,4047.04,4062.21,3762
15-07-2026 23:15,4062.24,4065.99,4060.25,4062.13,3612
15-07-2026 23:30,4062.17,4070.45,4061.69,4067.81,3574
15-07-2026 23:45,4067.78,4075.31,4066.63,4074.1,3606
16-07-2026 00:00,4074.33,4081.04,4067.6,4067.6,3513
16-07-2026 00:15,4067.57,4068.51,4057.72,4059.09,3508
16-07-2026 00:30,4058.98,4062.82,4057.22,4060.86,3367
16-07-2026 00:45,4060.84,4061.33,4052.82,4055.98,3145
16-07-2026 01:00,4056.22,4057.5,4047.7,4050.99,3597
16-07-2026 01:15,4050.95,4057.05,4050.58,4056.85,3313
16-07-2026 01:30,4056.79,4058.31,4055.09,4057.39,1843
16-07-2026 01:45,4057.46,4062.03,4057.19,4061.22,1308
16-07-2026 02:00,4061.37,4063.04,4060.25,4061.45,1166
16-07-2026 02:15,4061.21,4062.31,4059.24,4059.86,1116
16-07-2026 03:30,4063.84,4064.62,4060.39,4063.18,1132
16-07-2026 03:45,4063.11,4063.74,4060.96,4061.78,1458
16-07-2026 04:00,4061.82,4062.14,4058.89,4059.88,1469
16-07-2026 04:15,4059.86,4061.2,4058.06,4059.43,1414
16-07-2026 04:30,4059.32,4062.02,4058.84,4060.25,1708
16-07-2026 04:45,4060.21,4060.34,4056.94,4057.61,1644
16-07-2026 05:00,4057.62,4059.48,4055.82,4057.87,1697
16-07-2026 05:15,4057.88,4061.01,4056.3,4058.01,2448
16-07-2026 05:30,4058.27,4059.61,4054.78,4056.28,3102
16-07-2026 05:45,4056.25,4060.28,4054.95,4058.27,2891
16-07-2026 06:00,4058.25,4060.91,4053.81,4054.98,2794
16-07-2026 06:15,4054.99,4061.04,4043.57,4044.49,3286
16-07-2026 06:30,4044.18,4050.36,4040.94,4045.11,3853
16-07-2026 06:45,4045.11,4045.24,4033.67,4036.72,3742
16-07-2026 07:00,4036.69,4045.91,4036.52,4041.85,3589
16-07-2026 07:15,4041.78,4043.48,4037.16,4038.99,3546
16-07-2026 07:30,4039,4040.05,4031.23,4032.49,3271
16-07-2026 07:45,4032.49,4034.93,4028.95,4034.54,2903
16-07-2026 08:00,4034.53,4035.7,4024.12,4027.85,3514
16-07-2026 08:15,4027.87,4032.54,4024.87,4031.4,3177
16-07-2026 08:30,4031.55,4033.02,4029.16,4029.76,3037
16-07-2026 08:45,4029.75,4033.94,4027.58,4033.86,3073
16-07-2026 09:00,4033.87,4036.2,4032.49,4035.32,2620
16-07-2026 09:15,4035.37,4036.63,4034.08,4036.17,2143
16-07-2026 09:30,4036.26,4038,4031.88,4036.86,2259
16-07-2026 09:45,4036.85,4036.88,4031.86,4033.86,1847
16-07-2026 10:00,4033.85,4035.33,4031.9,4032.54,1842
16-07-2026 10:15,4032.55,4035.25,4032.27,4033.16,1911
16-07-2026 10:30,4033.16,4033.94,4029.31,4030.8,2344
16-07-2026 10:45,4030.79,4032.97,4026.71,4027.71,2493
16-07-2026 11:00,4027.72,4033.1,4025.17,4032.42,3649
16-07-2026 11:15,4032.41,4032.84,4025.51,4027.25,3468
16-07-2026 11:30,4027.29,4036.5,4027.01,4032.11,3514
16-07-2026 11:45,4032.13,4032.82,4027.87,4030.39,3101
16-07-2026 12:00,4030.38,4030.69,4022.9,4026.9,3380
16-07-2026 12:15,4026.91,4031.42,4026.36,4030.6,3059
16-07-2026 12:30,4030.46,4030.65,4025.67,4026.32,3046
16-07-2026 12:45,4026.12,4026.9,4023.68,4024.46,3127
16-07-2026 13:00,4024.25,4028.32,4023.02,4026.07,2949
16-07-2026 13:15,4026.06,4031.82,4025.87,4030.72,3125
16-07-2026 13:30,4030.63,4034.02,4025.39,4025.75,3350
16-07-2026 13:45,4025.94,4033.63,4025.24,4032.25,3001
16-07-2026 14:00,4032.43,4035.59,4032.05,4033.56,2925
16-07-2026 14:15,4033.57,4036.46,4033.07,4035.24,2731
16-07-2026 14:30,4035.32,4037.42,4035.23,4036.9,2580
16-07-2026 14:45,4036.95,4037.69,4030.87,4033.24,2629
16-07-2026 15:00,4033.25,4034.98,4030.61,4034.28,2755
16-07-2026 15:15,4034.31,4036.19,4031.52,4031.65,2510
16-07-2026 15:30,4031.79,4032.75,4029.64,4031.76,2459
16-07-2026 15:45,4031.77,4034.7,4031.54,4033.23,2476
16-07-2026 16:00,4033.25,4034.52,4031.31,4033,2802
16-07-2026 16:15,4032.99,4033.4,4028.61,4029.49,2646
16-07-2026 16:30,4029.46,4030.24,4026.38,4027.97,2725
16-07-2026 16:45,4027.79,4027.85,4021.04,4024.37,2810
16-07-2026 17:00,4024.36,4035.97,4023.51,4034.88,3085
16-07-2026 17:15,4034.81,4042.27,4027.89,4038.33,3568
16-07-2026 17:30,4038.32,4043.38,4027.61,4031.75,3610
16-07-2026 17:45,4031.74,4032.18,4012.67,4024.98,3816
16-07-2026 18:00,4025.02,4029.66,4000.59,4002.71,3955
16-07-2026 18:15,4002.61,4008.74,3990.42,3992.28,3996
16-07-2026 18:30,3992.23,3996.92,3973.79,3992.18,4170
16-07-2026 18:45,3992.23,4006.16,3991.02,4005.49,3867
16-07-2026 19:00,4005.57,4008.38,3981.73,3986.28,4213
16-07-2026 19:15,3986.06,3996.99,3986.06,3990.11,4108
16-07-2026 19:30,3989.71,3997.32,3987.11,3989,4085
16-07-2026 19:45,3989.08,4000.6,3987.52,3999.34,4063
16-07-2026 20:00,3999.25,4004.82,3995.56,4004.71,3950
16-07-2026 20:15,4004.87,4006.65,3992.44,3997.76,3960
16-07-2026 20:30,3997.79,3998.6,3989.26,3992.79,3907
16-07-2026 20:45,3992.78,4016.85,3992.58,4011.28,3969
16-07-2026 21:00,4011.3,4016.19,4007.57,4010.3,3748
16-07-2026 21:15,4010.33,4013.06,4005.44,4006.97,3553
16-07-2026 21:30,4006.98,4007.62,3989.93,3989.93,3724
16-07-2026 21:45,3989.63,3991.58,3982.33,3987.48,3951
16-07-2026 22:00,3987.2,3992.32,3986.95,3991.75,3545
16-07-2026 22:15,3991.72,3996.91,3989.07,3992.08,3557
16-07-2026 22:30,3992.07,3992.96,3984.32,3985.72,3509
16-07-2026 22:45,3985.7,3988.59,3982.62,3987.56,3636
16-07-2026 23:00,3987.33,3988.66,3979.95,3981.49,3562
16-07-2026 23:15,3981.56,3987.58,3981,3984.5,3253
16-07-2026 23:30,3984.62,3989.28,3983.42,3985.18,3404
16-07-2026 23:45,3985.17,3990.46,3984.34,3986.38,3354
17-07-2026 00:00,3986.22,3986.35,3976.28,3983.03,3632
17-07-2026 00:15,3983,3984.81,3979.4,3980.27,3082
17-07-2026 00:30,3980.28,3985.98,3979.01,3980.41,3211
17-07-2026 00:45,3980.4,3984.01,3978.53,3978.79,2993
17-07-2026 01:00,3978.76,3979.51,3969.3,3975.68,3501
17-07-2026 01:15,3975.6,3982.32,3972.86,3979.95,3510
17-07-2026 01:30,3979.89,3980.02,3974.42,3974.98,1775
17-07-2026 01:45,3974.86,3975.33,3971.99,3974.86,1263
17-07-2026 02:00,3975.03,3976.34,3973.53,3974.47,1316
17-07-2026 02:15,3974.43,3976.29,3973.84,3976.06,1277
17-07-2026 03:30,3977.03,3979.38,3975.7,3976.06,1127
17-07-2026 03:45,3976.07,3977.38,3974.44,3976.19,1302
17-07-2026 04:00,3976.18,3976.72,3973.33,3973.5,1476
17-07-2026 04:15,3973.55,3978.21,3973.02,3978.07,1430
17-07-2026 04:30,3978.04,3980.24,3975.13,3980.04,1706
17-07-2026 04:45,3980.05,3980.65,3977.63,3978.43,1502
17-07-2026 05:00,3978.42,3981.64,3975.36,3981.25,1738
17-07-2026 05:15,3981.23,3986.39,3976.53,3985.92,2939
17-07-2026 05:30,3986.12,3987.28,3983.16,3984,3399
17-07-2026 05:45,3983.84,3990.94,3983.82,3984.72,3251
17-07-2026 06:00,3984.73,3985,3980.6,3981.95,2908
17-07-2026 06:15,3981.92,3992.02,3981.52,3991.83,3297
17-07-2026 06:30,3991.94,3995,3987.23,3992.01,3914
17-07-2026 06:45,3992.02,3996.07,3987.94,3990.91,3591
17-07-2026 07:00,3990.94,3995.27,3988.86,3991.35,3664
17-07-2026 07:15,3991.23,3992.62,3979.14,3983.1,3728
17-07-2026 07:30,3983.14,3987.26,3979.69,3980.81,3520
17-07-2026 07:45,3980.83,3984.37,3980.27,3983.02,2829
17-07-2026 08:00,3982.76,3984.08,3970.48,3974.77,3691
17-07-2026 08:15,3974.86,3980.06,3974.3,3979.08,3541
17-07-2026 08:30,3978.81,3992.46,3978.69,3988.66,3624
17-07-2026 08:45,3988.68,4008.75,3988.58,4001.04,3630
17-07-2026 09:00,4001.07,4001.42,3995.91,3997.49,2825
17-07-2026 09:15,3997.48,3998.54,3990.56,3991.29,2653
17-07-2026 09:30,3991.06,3991.64,3987.27,3988.8,2702
17-07-2026 09:45,3988.84,3990.16,3985.18,3986.25,2631
17-07-2026 10:00,3986.22,3988.13,3979.93,3981.85,2917
17-07-2026 10:15,3981.9,3984.53,3980.22,3981.74,2449
17-07-2026 10:30,3981.55,3982.74,3977.06,3979.54,2985
17-07-2026 10:45,3979.23,3981.66,3975.1,3979.71,3045
17-07-2026 11:00,3979.75,3990.39,3978.38,3986.68,3856
17-07-2026 11:15,3986.65,3991.35,3981.77,3985.11,3612
17-07-2026 11:30,3985.1,4000.75,3985.1,3999.65,3805
17-07-2026 11:45,3999.65,4005.96,3997.8,4003.65,3570
17-07-2026 12:00,4003.74,4007.05,3995.63,3996.16,3490
17-07-2026 12:15,3996.15,4001.52,3995.92,3999.23,3192
17-07-2026 12:30,3999.22,4002.45,3993.22,3996.43,3529
17-07-2026 12:45,3996.46,3999.21,3993.97,3996.32,3239
17-07-2026 13:00,3996.3,3998.61,3994.05,3998.59,3247
17-07-2026 13:15,3998.36,3998.65,3992.64,3992.7,3049
17-07-2026 13:30,3992.64,3999.77,3991.39,3993.19,3483
17-07-2026 13:45,3993.17,3994.99,3988.08,3992.38,3629
17-07-2026 14:00,3992.37,3993.38,3987.79,3993.33,3217
17-07-2026 14:15,3993.34,3999.35,3991.63,3994.15,3032
17-07-2026 14:30,3994.09,3998.48,3992.74,3997.85,3455
17-07-2026 14:45,3997.85,4002.42,3995.53,3999.01,3119
17-07-2026 15:00,3999.08,3999.62,3995.18,3995.66,2977
17-07-2026 15:15,3995.83,3998.58,3994.64,3997.98,2745
17-07-2026 15:30,3998,3998.69,3994.78,3997.22,3143
17-07-2026 15:45,3997.21,3999.02,3994.3,3996.06,2850
17-07-2026 16:00,3995.94,3997.42,3993.89,3996.29,2624
17-07-2026 16:15,3996.34,3997.23,3990.46,3990.77,2539
17-07-2026 16:30,3990.74,3994.24,3990.24,3991.65,2899
17-07-2026 16:45,3991.46,3995.91,3989.89,3995.56,2972
17-07-2026 17:00,3995.63,3996.57,3991.37,3991.96,2816
17-07-2026 17:15,3991.97,3998.72,3991.36,3993.98,2876
17-07-2026 17:30,3994.01,3995.44,3988.29,3989.89,3155
17-07-2026 17:45,3990.15,3992.25,3984.24,3987.32,3056
17-07-2026 18:00,3987.29,3988.22,3965.41,3969.6,3345
17-07-2026 18:15,3969.58,3973.32,3964.13,3966.03,3665
17-07-2026 18:30,3966.06,3975.83,3959.51,3969.97,3983
17-07-2026 18:45,3969.06,3974.89,3967.07,3968.14,3891
17-07-2026 19:00,3968.32,4003.81,3963.62,3984.98,4219
17-07-2026 19:15,3985.13,3997.32,3981.27,3997.05,4107
17-07-2026 19:30,3997.15,4000.62,3990.15,3994.55,4179
17-07-2026 19:45,3995.2,4004.4,3993.65,3998.56,4137
17-07-2026 20:00,3998.5,3999.51,3992.07,3997.63,4004
17-07-2026 20:15,3997.61,4001.3,3992.85,4001.15,3922
17-07-2026 20:30,4001.19,4013.92,3997.83,4005.89,4021
17-07-2026 20:45,4005.88,4013.01,4004.55,4012.99,3966
17-07-2026 21:00,4013.2,4016.25,4008.97,4015.22,3883
17-07-2026 21:15,4015.27,4021.11,4013.7,4018.98,3721
17-07-2026 21:30,4019.32,4020.33,4010.82,4017.93,3888
17-07-2026 21:45,4017.75,4023.72,4016.61,4018.59,3615
17-07-2026 22:00,4018.61,4019.19,4012.7,4017.35,3387
17-07-2026 22:15,4017.38,4020.52,4014.48,4014.79,3165
17-07-2026 22:30,4014.89,4019.15,4013.23,4013.32,3221
17-07-2026 22:45,4013.23,4015.85,4012.4,4013.78,3128
17-07-2026 23:00,4013.61,4014.44,4009.59,4010.88,3077
17-07-2026 23:15,4010.89,4013.16,4008.33,4009.94,3074
17-07-2026 23:30,4010.08,4012.84,4007.57,4010.32,3248
17-07-2026 23:45,4010.32,4016.03,4008.88,4015.33,3331
18-07-2026 00:00,4015.13,4016.06,4007.14,4008.1,3057
18-07-2026 00:15,4008.09,4012.18,4006.52,4011.23,2811
18-07-2026 00:30,4011.2,4011.38,4004.32,4005.84,2879
18-07-2026 00:45,4005.72,4006.51,4002.3,4005.23,2940
18-07-2026 01:00,4005.25,4009.66,4004.55,4009.5,3054
18-07-2026 01:15,4009.59,4016.04,4008.93,4014.93,3284
18-07-2026 01:30,4015.03,4015.39,4011.61,4011.68,1827
18-07-2026 01:45,4011.67,4012.12,4008.47,4010.54,1307
18-07-2026 02:00,4010.54,4013.37,4008.27,4013,1366
18-07-2026 02:15,4013.02,4018.07,4012.59,4016.47,1615
20-07-2026 03:30,4000.36,4009.8,3994.43,3996.22,2443
20-07-2026 03:45,3996.23,4000.03,3994.43,3994.61,2521
20-07-2026 04:00,3994.53,3999.11,3993.24,3996.71,2508
20-07-2026 04:15,3996.72,3998.28,3994.51,3994.66,1956
20-07-2026 04:30,3994.79,3995.51,3990.69,3991.02,2417
20-07-2026 04:45,3991.02,3993.86,3990.33,3993.12,1957
20-07-2026 05:00,3993.1,3994.49,3989.74,3992.33,2124
20-07-2026 05:15,3992.34,3996.09,3989.29,3995.42,2900
20-07-2026 05:30,3995.41,3998.76,3982.53,3996.01,3529
20-07-2026 05:45,3995.95,4005.47,3993.75,4003.73,3575
20-07-2026 06:00,4003.71,4007.19,3998.42,3998.64,3349
20-07-2026 06:15,3998.62,4010.08,3998.48,4008.48,3195
20-07-2026 06:30,4008.5,4021,4005.73,4010.06,4000
20-07-2026 06:45,4010.02,4010.27,3999.68,4003.02,3834
20-07-2026 07:00,4002.97,4005.67,3995.57,3996.94,3778
20-07-2026 07:15,3997.19,4004.31,3996.93,4002.09,3643
20-07-2026 07:30,4002.06,4009.86,4001.23,4006.19,3788
20-07-2026 07:45,4006.2,4008.68,4003.98,4006.76,3066
20-07-2026 08:00,4006.77,4016.11,4005.94,4014.75,3766
20-07-2026 08:15,4014.84,4028.55,4013.91,4021.78,3645
20-07-2026 08:30,4021.77,4024.41,4018.48,4024,3551
20-07-2026 08:45,4023.84,4026.78,4021.49,4022.06,3493
20-07-2026 09:00,4022.1,4027.86,4018.63,4027.02,2882
20-07-2026 09:15,4027.14,4027.72,4022.67,4024.01,2597
20-07-2026 09:30,4024.02,4026.66,4021.35,4021.44,2442
20-07-2026 09:45,4021.41,4025.35,4021.31,4025.23,2287
20-07-2026 10:00,4025.22,4025.31,4022.12,4022.94,2411
20-07-2026 10:15,4022.95,4022.95,4018.45,4018.79,2369
20-07-2026 10:30,4018.91,4021.06,4011.74,4013.86,2628
20-07-2026 10:45,4013.71,4014.77,4009.89,4010.87,2690
20-07-2026 11:00,4010.47,4014.45,4007.92,4009.83,3625
20-07-2026 11:15,4009.84,4010.72,4005.32,4008.63,3390
20-07-2026 11:30,4008.64,4011.74,4006.78,4007.39,3296
20-07-2026 11:45,4007.38,4009.48,4003.67,4004.75,3301
20-07-2026 12:00,4004.76,4006.47,4002.88,4004.82,3289
20-07-2026 12:15,4004.81,4007.51,4003.2,4003.81,2973
20-07-2026 12:30,4004.08,4006.82,4002.11,4004.23,2977
20-07-2026 12:45,4004.2,4008.69,4002.27,4006.7,3125
20-07-2026 13:00,4006.62,4020.99,4006.5,4020.97,3692
20-07-2026 13:15,4020.96,4021.79,4015.72,4017.2,3233
20-07-2026 13:30,4017.19,4025.45,4017.19,4023.92,3197
20-07-2026 13:45,4023.93,4030.53,4021.73,4021.83,3228
20-07-2026 14:00,4021.8,4024.81,4018.94,4021.75,2896
20-07-2026 14:15,4021.75,4022.68,4017.48,4018.92,2766
20-07-2026 14:30,4018.68,4020.98,4015.2,4019.31,2802
20-07-2026 14:45,4019.31,4022.02,4015.52,4016.33,2907
20-07-2026 15:00,4016.36,4020.87,4014.87,4019.12,2735
20-07-2026 15:15,4019.12,4023.19,4017.41,4021.12,2633
20-07-2026 15:30,4021.27,4021.69,4018.12,4020.67,2413
20-07-2026 15:45,4020.68,4023.32,4018.75,4021.8,2375
20-07-2026 16:00,4021.78,4024.13,4021.08,4022.12,2312
20-07-2026 16:15,4022.11,4025.54,4020.84,4024.05,2439
20-07-2026 16:30,4024.05,4027.46,4019.74,4021.99,2980
20-07-2026 16:45,4021.98,4023.9,4019.87,4022.14,2635
20-07-2026 17:00,4022.17,4040.62,4021.45,4032.42,3928
20-07-2026 17:15,4032.42,4032.42,4024.98,4025.15,3349
20-07-2026 17:30,4025.12,4025.12,4011.42,4012.72,3691
20-07-2026 17:45,4012.59,4014.67,4006.79,4012.82,3445
20-07-2026 18:00,4012.81,4014.66,4006.39,4010.09,3296
20-07-2026 18:15,4010.06,4015.6,4007.95,4008.14,3306
20-07-2026 18:30,4007.98,4013.77,4007.62,4008.71,3465
20-07-2026 18:45,4008.63,4012.55,4006.96,4008.54,3401
20-07-2026 19:00,4008.72,4017.33,4008.17,4012.95,3856
20-07-2026 19:15,4012.95,4013.35,4005.53,4005.7,3781
20-07-2026 19:30,4005.51,4007.77,3998.21,3998.74,3801
20-07-2026 19:45,3998.79,4006.7,3998.29,4006.62,3573
20-07-2026 20:00,4006.67,4010.84,4005.97,4007.24,3431
20-07-2026 20:15,4007.26,4013.29,4004.95,4006.08,3498
20-07-2026 20:30,4006.08,4019.36,4004.38,4014.29,3700
20-07-2026 20:45,4014.17,4016.52,4010.96,4016.34,3354
20-07-2026 21:00,4016.34,4016.68,4010.18,4012.6,3346
20-07-2026 21:15,4012.66,4016.35,4011.75,4011.82,3127
20-07-2026 21:30,4011.76,4018.28,4011.16,4013.64,3069
20-07-2026 21:45,4013.63,4014.3,4010.69,4012.45,2854
20-07-2026 22:00,4012.5,4012.64,4001.44,4009.52,3194
20-07-2026 22:15,4009.5,4010.45,4007.05,4009.73,3066
20-07-2026 22:30,4009.73,4012.24,4009.46,4009.93,2731
20-07-2026 22:45,4009.99,4012.95,4008.63,4012.01,2887
20-07-2026 23:00,4012.05,4012.91,4007.63,4007.93,2679
20-07-2026 23:15,4007.92,4007.93,4003.67,4005.12,2861
20-07-2026 23:30,4005.18,4010.7,4005.18,4008.68,2686
20-07-2026 23:45,4008.69,4011.71,4003.25,4006.63,2945
21-07-2026 00:00,4006.59,4007.42,4004.19,4006.39,2773
21-07-2026 00:15,4006.28,4008.65,4005.3,4007.27,2735
21-07-2026 00:30,4007.28,4007.99,4004.31,4004.55,2708
21-07-2026 00:45,4004.55,4012.8,4004.24,4012.8,2653
21-07-2026 01:00,4012.78,4017.63,4005.19,4005.69,3110
21-07-2026 01:15,4005.66,4009.84,4005.54,4006.85,2798
21-07-2026 01:30,4006.86,4009.3,4005.71,4007.67,1684
21-07-2026 01:45,4007.67,4009.09,4007.09,4008.18,1038
21-07-2026 02:00,4008.17,4009.52,4007.37,4008.75,1096
21-07-2026 02:15,4008.71,4008.71,4006.85,4007.25,1083
21-07-2026 03:30,4009,4009.18,4005.19,4006.53,1361
21-07-2026 03:45,4006.53,4010.14,4004.65,4009.37,1799
21-07-2026 04:00,4009.37,4009.4,4002.73,4004.02,1889
21-07-2026 04:15,4003.99,4008.2,3999.46,4000.25,2309
21-07-2026 04:30,4000.43,4009.7,4000.31,4003.13,2406
21-07-2026 04:45,4003.13,4007.19,4003.05,4003.51,1913
21-07-2026 05:00,4003.36,4008.43,4003.31,4007.54,1664
21-07-2026 05:15,4007.54,4010.39,4004.13,4009.83,2356
21-07-2026 05:30,4009.83,4012.65,4003.72,4010.53,3448
21-07-2026 05:45,4010.53,4018.53,4007.77,4014.99,3219
21-07-2026 06:00,4014.9,4023.73,4014.24,4022.32,2958
21-07-2026 06:15,4022.3,4027.05,4021.85,4024.75,3094
21-07-2026 06:30,4024.87,4029.91,4018.47,4028.78,3527
21-07-2026 06:45,4028.85,4035.74,4026.19,4028.08,3454
21-07-2026 07:00,4028.08,4030.77,4023.1,4024.37,3315
21-07-2026 07:15,4024.39,4028.17,4021.4,4023.12,3236
21-07-2026 07:30,4023.14,4026.62,4021.99,4024.42,3033
21-07-2026 07:45,4024.37,4029.78,4021.95,4028.72,2746
21-07-2026 08:00,4028.72,4045.29,4027.96,4035.8,3518
21-07-2026 08:15,4035.79,4038.27,4031.01,4037.91,3110
21-07-2026 08:30,4037.84,4042.2,4037.57,4038.05,3096
21-07-2026 08:45,4038.01,4050.89,4036.67,4047.4,3146
21-07-2026 09:00,4047.4,4049.54,4041.74,4041.76,2497
21-07-2026 09:15,4041.75,4047.38,4041.75,4046.89,2431
21-07-2026 09:30,4046.93,4051.77,4045.65,4045.88,2604
21-07-2026 09:45,4045.92,4046.84,4043.65,4044.57,2016
21-07-2026 10:00,4044.62,4047.67,4044.25,4047.02,2104
21-07-2026 10:15,4047.08,4049.5,4045.35,4049.46,1976
21-07-2026 10:30,4049.46,4051.73,4046.39,4051.46,2445
21-07-2026 10:45,4051.49,4056.34,4048.09,4054.44,2554
21-07-2026 11:00,4054.44,4066.37,4054.44,4065.85,3293
21-07-2026 11:15,4066.17,4067.79,4061.15,4061.33,3071
21-07-2026 11:30,4061.26,4072.39,4061.26,4071.32,3203
21-07-2026 11:45,4071.33,4074.56,4068.24,4072.36,3191
21-07-2026 12:00,4072.8,4080.77,4071.8,4077.04,3289
21-07-2026 12:15,4077.04,4084.12,4077.04,4078.45,3211
21-07-2026 12:30,4078.56,4080.13,4071.7,4072.09,3483
21-07-2026 12:45,4072.08,4073.33,4068.15,4069.52,2668
21-07-2026 13:00,4069.5,4075.32,4067.62,4071.39,2691
21-07-2026 13:15,4071.43,4072.5,4069.74,4071.25,2544
21-07-2026 13:30,4071.47,4072.47,4065.52,4067.92,2970
21-07-2026 13:45,4067.91,4068.56,4062.94,4063.33,2827
21-07-2026 14:00,4063.57,4065.03,4060.88,4062.2,2748
21-07-2026 14:15,4062.28,4063.72,4059.12,4062.79,2518
21-07-2026 14:30,4062.82,4066.68,4062.82,4065.08,2476
21-07-2026 14:45,4065.09,4068.55,4062.63,4062.81,2751
21-07-2026 15:00,4062.78,4065.52,4061.02,4062.33,2541
21-07-2026 15:15,4062.33,4069.56,4062.08,4065.91,2596
21-07-2026 15:30,4065.9,4068.42,4060.79,4066.29,2867
21-07-2026 15:45,4066.3,4069.3,4064.93,4066.71,2865
21-07-2026 16:00,4066.71,4070.1,4066.54,4067.05,2649
21-07-2026 16:15,4067.07,4068.48,4062.34,4062.86,2669
21-07-2026 16:30,4062.93,4063.68,4055.46,4058.5,3001
21-07-2026 16:45,4058.5,4059.89,4056.21,4057.95,2591
21-07-2026 17:00,4058.08,4061.05,4055.26,4055.97,2605
21-07-2026 17:15,4055.84,4058.46,4054.17,4055.9,2393
21-07-2026 17:30,4056.04,4060.93,4055.84,4059.37,2949
21-07-2026 17:45,4059.36,4065.62,4055.72,4061.49,3116
21-07-2026 18:00,4061.7,4063.68,4051.09,4053.87,3248
21-07-2026 18:15,4053.86,4062.05,4052.75,4054.02,3174
21-07-2026 18:30,4053.94,4060.35,4053.94,4059.68,3506
21-07-2026 18:45,4059.69,4061.62,4050.25,4050.99,3464
21-07-2026 19:00,4050.89,4057.3,4044.76,4046.42,3902
21-07-2026 19:15,4046.35,4053.44,4044.39,4052.99,3756
21-07-2026 19:30,4053.05,4065.81,4051.75,4065.78,3769
21-07-2026 19:45,4065.8,4069.3,4061.04,4069.3,3560
21-07-2026 20:00,4069.31,4073.66,4062.16,4067.42,3495
21-07-2026 20:15,4067.45,4070.64,4066.07,4068.32,3481
21-07-2026 20:30,4068.31,4073.78,4065.6,4073.22,3411
21-07-2026 20:45,4073.2,4079.02,4073.16,4076.76,3439
21-07-2026 21:00,4076.76,4083.34,4075.43,4075.84,3331
21-07-2026 21:15,4075.84,4078.18,4072.3,4074.06,2849
21-07-2026 21:30,4074.02,4079.05,4073.47,4078.37,2813
21-07-2026 21:45,4078.35,4078.47,4073.93,4075.59,2412
21-07-2026 22:00,4075.67,4076.41,4071.12,4071.9,2438
21-07-2026 22:15,4071.89,4073.25,4069.86,4071.59,2507
21-07-2026 22:30,4071.66,4072.47,4069.31,4070.41,2543
21-07-2026 22:45,4070.45,4072.73,4068.79,4072.14,2512
21-07-2026 23:00,4072.13,4072.19,4066.65,4068.05,2154
21-07-2026 23:15,4068.05,4068.49,4066.73,4068.49,1872
21-07-2026 23:30,4068.54,4072.18,4067.57,4071.39,2503
21-07-2026 23:45,4071.43,4087.42,4071.11,4083.78,2895
22-07-2026 00:00,4083.76,4085.71,4081.15,4082.37,2619
22-07-2026 00:15,4082.29,4083.31,4079.16,4082.17,2057
22-07-2026 00:30,4082.33,4085.41,4079.92,4080.75,2581
22-07-2026 00:45,4080.77,4085.17,4080.77,4083.98,2343
22-07-2026 01:00,4084.39,4085.17,4081.8,4083.28,2084
22-07-2026 01:15,4083.28,4085.45,4082.77,4084.39,2374
22-07-2026 01:30,4084.4,4086.39,4083.21,4084.25,1364
22-07-2026 01:45,4084.27,4084.48,4081.46,4082.63,815
22-07-2026 02:00,4082.63,4085.3,4080.39,4080.94,1207
22-07-2026 02:15,4080.83,4080.99,4076.19,4077.29,1345
22-07-2026 03:30,4079.65,4079.65,4076.38,4078.61,1228
22-07-2026 03:45,4078.6,4082.57,4077.81,4082.26,1679
22-07-2026 04:00,4082.44,4084.87,4082.39,4083.86,1582
22-07-2026 04:15,4083.81,4084.25,4078.02,4080.25,1889
22-07-2026 04:30,4080.25,4081.87,4079.42,4081.24,1368
22-07-2026 04:45,4081.25,4082.44,4080.86,4081.1,1145
22-07-2026 05:00,4081.1,4082.26,4079.22,4080.36,1345
22-07-2026 05:15,4080.37,4083.01,4079.17,4080.78,1805
22-07-2026 05:30,4080.56,4092.8,4076.78,4092.11,3311
22-07-2026 05:45,4092.14,4098.72,4092.13,4097.91,3173
22-07-2026 06:00,4097.96,4102.52,4089.65,4092.73,3124
22-07-2026 06:15,4092.7,4099.14,4091.52,4097.45,3162
22-07-2026 06:30,4097.66,4121.24,4096.72,4121.07,3871
22-07-2026 06:45,4121.17,4121.73,4111.63,4115.64,3505
22-07-2026 07:00,4115.64,4122.73,4112.86,4121.56,3611
22-07-2026 07:15,4121.55,4123.6,4117.33,4122,3364
22-07-2026 07:30,4122.01,4123.12,4118.85,4121.8,3252
22-07-2026 07:45,4121.8,4125.95,4119.86,4124.15,2915
22-07-2026 08:00,4124.17,4130.33,4122.18,4128.21,3404
22-07-2026 08:15,4128.18,4130.84,4126.16,4130.46,3163
22-07-2026 08:30,4130.6,4140.59,4129.24,4137.23,3224
22-07-2026 08:45,4137.2,4141.61,4136.69,4138.1,2959
22-07-2026 09:00,4138.13,4138.17,4132.32,4133.46,2510
22-07-2026 09:15,4133.46,4134.54,4130.02,4130.91,2466
22-07-2026 09:30,4130.9,4131.4,4126.2,4126.9,2500
22-07-2026 09:45,4126.9,4129.48,4126.87,4128.7,2118
22-07-2026 10:00,4128.7,4128.93,4124.7,4127.23,2255
22-07-2026 10:15,4127.31,4127.58,4125.15,4126.94,2158
22-07-2026 10:30,4126.98,4129.91,4125.86,4128.51,2431
22-07-2026 10:45,4128.47,4128.63,4122.97,4123.67,2531
22-07-2026 11:00,4123.65,4133.96,4122.91,4132.49,3414
22-07-2026 11:15,4132.43,4133.12,4127.94,4130.87,3040
22-07-2026 11:30,4130.84,4135.18,4129.36,4129.79,3077
22-07-2026 11:45,4129.79,4131.86,4113.97,4117.36,3251
22-07-2026 12:00,4117.61,4120.28,4114.8,4118.62,3177
22-07-2026 12:15,4118.72,4120.58,4113.39,4116.36,3130
22-07-2026 12:30,4116.45,4117.23,4111.89,4116.38,3185
22-07-2026 12:45,4116.38,4122.46,4115.93,4119.68,2910
22-07-2026 13:00,4119.52,4122.99,4110.82,4112.25,3152
22-07-2026 13:15,4112.25,4114.27,4109.22,4110.51,3253
22-07-2026 13:30,4111.3,4115.95,4110.47,4114.65,3280
22-07-2026 13:45,4114.73,4117.77,4113.42,4117.19,3113
22-07-2026 14:00,4117.29,4119.03,4114.14,4114.48,3014
22-07-2026 14:15,4114.63,4120.13,4113.25,4118.3,2927
22-07-2026 14:30,4118.51,4122.2,4117.68,4121.64,2840
22-07-2026 14:45,4121.64,4122.33,4117.7,4118.63,3019
22-07-2026 15:00,4118.63,4121.64,4114.16,4115.97,3097
22-07-2026 15:15,4115.97,4117.8,4113.2,4114.95,2865
22-07-2026 15:30,4114.96,4119.92,4114.67,4117.39,2796
22-07-2026 15:45,4117.38,4121.73,4116.46,4119.23,2771
22-07-2026 16:00,4119.24,4119.86,4115.84,4117.01,2536
22-07-2026 16:15,4116.98,4120.18,4116.11,4117.45,2540
22-07-2026 16:30,4117.44,4120.91,4115.16,4119.1,2621
22-07-2026 16:45,4119.1,4122.91,4117.44,4118.59,2496
22-07-2026 17:00,4118.57,4120.44,4112.52,4115.09,3017
22-07-2026 17:15,4115.1,4122.94,4114.65,4122.47,2911
22-07-2026 17:30,4122.68,4127.34,4121.69,4126.93,3138
22-07-2026 17:45,4126.98,4133.07,4124.77,4132.57,3298
22-07-2026 18:00,4132.53,4134.31,4124.66,4127.14,3262
22-07-2026 18:15,4127.12,4127.65,4106.51,4112.78,3367
22-07-2026 18:30,4112.89,4125.8,4112.81,4125.65,3439
22-07-2026 18:45,4125.65,4135.05,4124.9,4131.65,3354
22-07-2026 19:00,4131.75,4146.89,4131.75,4142.63,4034
22-07-2026 19:15,4142.64,4155.86,4142.38,4154.5,3902
22-07-2026 19:30,4154.5,4163.33,4153.36,4156.45,3874
22-07-2026 19:45,4156.47,4156.47,4144.63,4146.24,3821
22-07-2026 20:00,4146.38,4152.89,4146.18,4150.77,3915
22-07-2026 20:15,4150.77,4152.8,4144.03,4148.42,3680
22-07-2026 20:30,4148.39,4158.39,4148.39,4157.41,3610
22-07-2026 20:45,4157.42,4161.27,4153.25,4157.1,3251
22-07-2026 21:00,4157.1,4160.86,4155.42,4159.83,3229
22-07-2026 21:15,4159.89,4165.96,4158.32,4159.27,3304
22-07-2026 21:30,4159.27,4159.41,4153.15,4154.32,3154
22-07-2026 21:45,4154.37,4155.53,4147.83,4149.12,2968
22-07-2026 22:00,4149.13,4151.25,4144.36,4147.02,3110
22-07-2026 22:15,4147.01,4148.92,4144.57,4146.82,3006
22-07-2026 22:30,4146.79,4147.84,4143.1,4145.35,3067
22-07-2026 22:45,4145.15,4147.05,4142.64,4145.98,3018
22-07-2026 23:00,4145.83,4147.41,4138.31,4140.5,3024
22-07-2026 23:15,4140.51,4143.71,4140.32,4142.54,2508
22-07-2026 23:30,4142.51,4142.75,4136.66,4138.01,3107
22-07-2026 23:45,4137.99,4139.54,4134.84,4135.2,2992
23-07-2026 00:00,4135.21,4136.15,4131.86,4135.77,2929
23-07-2026 00:15,4135.77,4138.79,4135.28,4136.07,2567
23-07-2026 00:30,4136.06,4137.09,4132.96,4134.05,2493
23-07-2026 00:45,4134,4135.31,4131.67,4134.36,2409
23-07-2026 01:00,4134.27,4136.1,4132.52,4133.81,2383
23-07-2026 01:15,4133.83,4135.24,4128.9,4131.75,2757
23-07-2026 01:30,4131.51,4135.54,4130.36,4134.51,2505
23-07-2026 01:45,4134.53,4137.7,4133.82,4136.49,1643
23-07-2026 02:00,4136.43,4137.49,4130.82,4130.85,1736
23-07-2026 02:15,4130.89,4131.1,4127.93,4129.57,1929
23-07-2026 03:30,4116.66,4124.91,4116.57,4123.26,2021
23-07-2026 03:45,4123.73,4128.5,4120.33,4128.3,2314
23-07-2026 04:00,4128.33,4129.6,4119.75,4121.38,2375
23-07-2026 04:15,4121.36,4126.55,4120.46,4121.53,2503
23-07-2026 04:30,4121.82,4124.7,4116.5,4123.86,2795
23-07-2026 04:45,4123.86,4124.01,4119.12,4119.92,2041
23-07-2026 05:00,4119.97,4124.54,4119.05,4123.61,2106
23-07-2026 05:15,4123.59,4134.05,4123.02,4133.16,2999
23-07-2026 05:30,4133.31,4134.48,4125.95,4126.75,2874
23-07-2026 05:45,4126.62,4134.6,4126.62,4129.12,2758
23-07-2026 06:00,4129.12,4132.11,4127.09,4127.91,2697
23-07-2026 06:15,4127.68,4133.21,4125.06,4132.09,2788
23-07-2026 06:30,4131.99,4139.06,4129.83,4134.36,3670
23-07-2026 06:45,4134.36,4140.96,4133.59,4137.33,3229
23-07-2026 07:00,4137.5,4139.14,4121.71,4121.71,3719
23-07-2026 07:15,4121.61,4123.61,4114.28,4117.77,3533
23-07-2026 07:30,4117.78,4118.86,4112.02,4117.66,3299
23-07-2026 07:45,4117.67,4118.24,4113.33,4116.17,2845
23-07-2026 08:00,4116.21,4122.43,4113.79,4122.16,3328
23-07-2026 08:15,4122.14,4128.63,4121.37,4127.9,3223
23-07-2026 08:30,4128.02,4128.92,4124.02,4127.12,3136
23-07-2026 08:45,4127.14,4132.87,4126.47,4130.44,2970
23-07-2026 09:00,4130.45,4131.23,4125.94,4128.74,2700
23-07-2026 09:15,4128.83,4128.83,4124.08,4124.65,2355
23-07-2026 09:30,4124.6,4127.61,4122.49,4127.61,2433
23-07-2026 09:45,4127.61,4129.74,4124.97,4129.54,2405
23-07-2026 10:00,4129.41,4130.27,4123.05,4123.1,2320
23-07-2026 10:15,4123.13,4124.2,4119.88,4121.12,2342
23-07-2026 10:30,4121.11,4124.91,4119.35,4124.31,2581
23-07-2026 10:45,4124.33,4125.34,4119.9,4125.24,2618
23-07-2026 11:00,4125.24,4128.46,4123.37,4127.6,3261
23-07-2026 11:15,4127.59,4130.46,4120.69,4123.9,3232
23-07-2026 11:30,4123.93,4128.15,4121.16,4123.13,3323
23-07-2026 11:45,4123.15,4127.58,4121.2,4122.11,3054
23-07-2026 12:00,4122.13,4123.78,4116.89,4120.03,3157
23-07-2026 12:15,4119.91,4122.3,4117.83,4118.48,2877
23-07-2026 12:30,4118.46,4119.37,4101.91,4106.68,3551
23-07-2026 12:45,4106.66,4111.91,4105.46,4108.35,3301
23-07-2026 13:00,4108.37,4108.92,4091.32,4095.45,3395
23-07-2026 13:15,4095.48,4096.79,4090.2,4095.16,3509
23-07-2026 13:30,4095.13,4097.73,4090.13,4091.39,3339
23-07-2026 13:45,4091.39,4092.48,4088.53,4091.88,3114
23-07-2026 14:00,4091.54,4093.55,4088.64,4092.34,3120
23-07-2026 14:15,4092.36,4094.79,4086.96,4093.33,2918
23-07-2026 14:30,4093.34,4099.18,4092.56,4094.79,3231
23-07-2026 14:45,4094.74,4096.97,4089.49,4091.37,2855
23-07-2026 15:00,4091.37,4092.94,4088.6,4091.78,2828
23-07-2026 15:15,4091.78,4094.17,4088.36,4089.79,2839
23-07-2026 15:30,4089.86,4091.6,4087.87,4090.82,2896
23-07-2026 15:45,4090.77,4092.34,4085.98,4089.74,2913
23-07-2026 16:00,4089.75,4092.77,4086.52,4089.26,2962
23-07-2026 16:15,4089.24,4095.19,4087.17,4093.07,2833
23-07-2026 16:30,4093.21,4093.75,4086.82,4087.64,3025
23-07-2026 16:45,4087.6,4089.37,4080.84,4084.28,3372
23-07-2026 17:00,4084.28,4084.28,4072.93,4078.73,3701
23-07-2026 17:15,4078.59,4088.98,4077.85,4085.63,3690
23-07-2026 17:30,4085.52,4085.91,4081.07,4081.41,2987
23-07-2026 17:45,4081.41,4082.96,4070.16,4074.94,3663
23-07-2026 18:00,4075.14,4075.14,4064.12,4068.88,3782
23-07-2026 18:15,4069.09,4069.42,4060.96,4061.75,3763
23-07-2026 18:30,4061.68,4063.61,4040.55,4040.83,4161
23-07-2026 18:45,4040.81,4059.04,4040.68,4058.68,3930
23-07-2026 19:00,4058.65,4067.41,4055.46,4056.21,4059
23-07-2026 19:15,4056.38,4058.86,4042.64,4043.26,3984
23-07-2026 19:30,4043.7,4051.33,4040.05,4047.95,4027
23-07-2026 19:45,4047.9,4056.78,4042.19,4056.25,3894
23-07-2026 20:00,4056.25,4060.78,4051.46,4057,3889
23-07-2026 20:15,4057.05,4061.67,4055.98,4057.68,3652
23-07-2026 20:30,4057.86,4059.35,4049.38,4051.36,3726
23-07-2026 20:45,4051.35,4056.96,4045.6,4046.94,3780
23-07-2026 21:00,4046.96,4053.02,4042.31,4047.96,3838
23-07-2026 21:15,4047.98,4051,4046.64,4048.63,3353
23-07-2026 21:30,4049.19,4050.75,4047.23,4050.11,3229
23-07-2026 21:45,4050.09,4051.57,4045.81,4050.01,3091
23-07-2026 22:00,4050,4050.85,4046.99,4049.58,2946
23-07-2026 22:15,4049.56,4051.74,4047.95,4051.38,2857
23-07-2026 22:30,4051.38,4054.45,4046.66,4047.15,3257
23-07-2026 22:45,4047.16,4050.46,4046.08,4047.2,3191
23-07-2026 23:00,4047.18,4049.12,4041.61,4042.8,3233
23-07-2026 23:15,4042.8,4044.26,4041.57,4041.7,3019
23-07-2026 23:30,4041.73,4044.13,4040.68,4041.8,3228
23-07-2026 23:45,4041.8,4045.08,4040.7,4044.5,3177
24-07-2026 00:00,4044.47,4048.03,4044.18,4046.41,2952
24-07-2026 00:15,4046.41,4048.3,4044.63,4046.09,2758
24-07-2026 00:30,4046.08,4048.63,4042.9,4043.19,2500
24-07-2026 00:45,4043.17,4049.12,4043.05,4048.11,2600
24-07-2026 01:00,4048.16,4050.89,4045.72,4045.8,2629
24-07-2026 01:15,4045.78,4051.03,4044.82,4049.49,2707
24-07-2026 01:30,4049.71,4051.37,4048.19,4049.5,1845
24-07-2026 01:45,4049.52,4050.49,4047.38,4050.12,1387
24-07-2026 02:00,4050.21,4050.63,4048.71,4049.85,1227
24-07-2026 02:15,4049.7,4049.99,4047.04,4049.04,1155
24-07-2026 03:30,4049.05,4049.61,4047.9,4048.51,979
24-07-2026 03:45,4048.82,4049.85,4048.78,4049.52,1049
24-07-2026 04:00,4049.55,4050.24,4048.6,4049.17,1187
24-07-2026 04:15,4049.18,4050.35,4048.28,4049.37,1043
24-07-2026 04:30,4049.34,4049.94,4047.27,4048.4,1502
24-07-2026 04:45,4048.41,4049.88,4047.1,4049.23,1537
24-07-2026 05:00,4049.14,4050.61,4046.99,4048.2,1846
24-07-2026 05:15,4048.2,4049.6,4046.58,4046.94,2173
24-07-2026 05:30,4047.17,4049.94,4041.17,4041.51,3163
24-07-2026 05:45,4041.5,4047.98,4041.23,4046.58,2878
24-07-2026 06:00,4046.6,4050.11,4044.7,4049.14,2671
24-07-2026 06:15,4049.14,4050.82,4048.38,4049.83,2471
24-07-2026 06:30,4049.86,4050.13,4039.85,4042.34,3505
24-07-2026 06:45,4042.37,4045.93,4041.45,4042.76,3092
24-07-2026 07:00,4042.76,4050.41,4041.51,4049.96,3166
24-07-2026 07:15,4050.04,4050.06,4041.39,4043.54,3119
24-07-2026 07:30,4043.54,4045.8,4040.98,4045.67,2984
24-07-2026 07:45,4045.67,4048.32,4042.56,4046.5,2453
24-07-2026 08:00,4046.51,4048.23,4041.29,4041.43,2933
24-07-2026 08:15,4041.48,4041.81,4023.05,4024.52,3623
24-07-2026 08:30,4024.79,4032.2,4023.1,4031.65,3146
24-07-2026 08:45,4031.67,4033.57,4028,4030.24,3011
24-07-2026 09:00,4030.24,4033.28,4030.24,4031.51,2584
24-07-2026 09:15,4031.51,4032.24,4028.36,4029.28,2140
24-07-2026 09:30,4029.05,4030.28,4026.98,4027.89,2280
24-07-2026 09:45,4028.02,4030.27,4027.57,4029.74,2147
24-07-2026 10:00,4029.75,4030.29,4025.89,4026.76,2055
24-07-2026 10:15,4026.75,4028.63,4025.51,4026.99,2113
24-07-2026 10:30,4027,4032.08,4025.18,4027.55,2512
24-07-2026 10:45,4027.33,4029.81,4022.27,4026.16,2524
24-07-2026 11:00,4026.04,4031.38,4024.04,4024.74,3240
24-07-2026 11:15,4024.69,4029.2,4021.94,4023.01,2922
24-07-2026 11:30,4023.01,4031.25,4022.72,4030.89,3031
24-07-2026 11:45,4030.91,4038.92,4029.22,4036.55,3000
24-07-2026 12:00,4036.46,4037.08,4033.17,4033.84,2879
24-07-2026 12:15,4033.81,4038.54,4031.64,4035.63,2949
24-07-2026 12:30,4035.67,4047.52,4035,4045.39,3247
24-07-2026 12:45,4045.42,4050.85,4043.98,4048.71,3039
24-07-2026 13:00,4048.72,4053.56,4045.76,4048.39,3004
24-07-2026 13:15,4048.38,4049.59,4045.96,4048.27,2612
24-07-2026 13:30,4048.34,4049.06,4045.14,4046.79,2905
24-07-2026 13:45,4046.79,4052.34,4044.9,4052.28,2827
24-07-2026 14:00,4052.4,4055.45,4048.73,4054.65,2901
24-07-2026 14:15,4054.59,4058.61,4052.25,4057.45,2524
24-07-2026 14:30,4057.46,4060.75,4053.11,4054.05,2709
24-07-2026 14:45,4054.05,4056.52,4052.54,4053.01,2468
24-07-2026 15:00,4053.03,4056.26,4051.47,4055.56,2206
24-07-2026 15:15,4055.66,4059.78,4054.57,4059.7,2140
24-07-2026 15:30,4059.75,4061.49,4057.56,4058.06,2365
24-07-2026 15:45,4058.1,4063.62,4057.41,4061.95,2287
24-07-2026 16:00,4061.94,4063.86,4058.11,4058.33,2175
24-07-2026 16:15,4058.33,4060.24,4057.2,4060.07,2107
24-07-2026 16:30,4060.19,4063.37,4058.43,4061.2,2172
24-07-2026 16:45,4061.27,4061.94,4059.11,4059.11,1831
24-07-2026 17:00,4059.1,4060.34,4055.16,4055.29,2371
24-07-2026 17:15,4055.3,4061.42,4051.2,4057.7,2468
24-07-2026 17:30,4057.69,4058.53,4052.34,4056.55,3013
24-07-2026 17:45,4056.53,4060.06,4054.73,4059.51,2762
24-07-2026 18:00,4059.52,4059.54,4051.98,4055.07,3009
24-07-2026 18:15,4055.07,4056.26,4051.62,4055.9,2697
24-07-2026 18:30,4056.29,4058.42,4044.82,4048.05,3420
24-07-2026 18:45,4048.05,4049.27,4044.57,4046.42,3156
24-07-2026 19:00,4046.32,4056.53,4044.76,4052.26,3727
24-07-2026 19:15,4051,4068.55,4048.45,4067.46,3779
24-07-2026 19:30,4067.41,4069.76,4057.22,4058.76,3805
24-07-2026 19:45,4058.82,4069.18,4055.89,4065.9,3782
24-07-2026 20:00,4065.94,4067.97,4059.21,4060.29,3600
24-07-2026 20:15,4060.26,4066.4,4058.5,4063.19,3599
24-07-2026 20:30,4063.28,4076.62,4061.78,4074.67,3643
24-07-2026 20:45,4074.61,4081.98,4071.84,4074.98,3624
24-07-2026 21:00,4075.03,4079.51,4071.78,4071.91,3543
24-07-2026 21:15,4072.15,4077.74,4070.96,4077.24,3182
24-07-2026 21:30,4077.27,4077.44,4074.41,4074.8,2689
24-07-2026 21:45,4074.8,4078.07,4073.68,4073.69,2611
24-07-2026 22:00,4073.67,4073.97,4066.51,4067.62,3009
24-07-2026 22:15,4067.56,4067.66,4064.11,4066.98,2639
24-07-2026 22:30,4067.08,4068.3,4063.04,4064.07,2886
24-07-2026 22:45,4064.06,4069.85,4063.57,4068.31,2770
24-07-2026 23:00,4068.1,4069.72,4065.99,4066.46,2251
24-07-2026 23:15,4066.47,4067.23,4062.97,4063.16,2217
24-07-2026 23:30,4063.22,4064.47,4061.18,4061.52,2477
24-07-2026 23:45,4061.52,4062.9,4054.99,4055.22,2805
25-07-2026 00:00,4055.25,4056.89,4051.07,4052.1,2780
25-07-2026 00:15,4052.08,4055.82,4051.75,4054.38,2464
25-07-2026 00:30,4054.52,4056.34,4052.12,4052.28,2732
25-07-2026 00:45,4052.29,4052.33,4049.16,4051.46,2510
25-07-2026 01:00,4051.41,4057.51,4050.89,4056.52,2749
25-07-2026 01:15,4056.5,4057.02,4052.35,4053.27,2506
25-07-2026 01:30,4053.05,4054.93,4051.81,4052.1,1360
25-07-2026 01:45,4052.13,4054.31,4051.67,4053.23,1295
25-07-2026 02:00,4053.22,4055.65,4051.27,4055.03,1307
25-07-2026 02:15,4055.04,4055.5,4051.56,4052.22,1297
27-07-2026 03:30,4091.42,4096.2,4086.07,4087.52,2443
27-07-2026 03:45,4087.57,4089.6,4083.48,4086.05,1744
27-07-2026 04:00,4085.7,4092.79,4085.35,4090.94,1684
27-07-2026 04:15,4090.9,4093.43,4088.59,4089.32,1301
27-07-2026 04:30,4089.32,4091.12,4084.38,4084.71,1529
27-07-2026 04:45,4084.74,4086.24,4083.5,4084.75,2025
27-07-2026 05:00,4084.75,4089.16,4084.58,4088.7,1885
27-07-2026 05:15,4088.73,4096.27,4088.11,4094.02,3200
27-07-2026 05:30,4094.01,4116.06,4093.9,4115.55,3687
27-07-2026 05:45,4115.55,4115.59,4090.69,4094.32,3587
27-07-2026 06:00,4094.33,4102.4,4093.7,4099.85,3325
27-07-2026 06:15,4099.75,4109.18,4099.04,4100.92,3465
27-07-2026 06:30,4100.88,4112.39,4100.64,4107.06,3879
27-07-2026 06:45,4107.22,4109.08,4096.9,4099.88,3575
27-07-2026 07:00,4099.98,4104.21,4097.86,4102.59,3535
27-07-2026 07:15,4102.59,4110.09,4102.51,4110.05,3382
27-07-2026 07:30,4110.05,4110.89,4103.33,4105.51,3276
27-07-2026 07:45,4105.48,4105.85,4101.98,4102.97,2583
27-07-2026 08:00,4103.05,4103.1,4095.56,4096.47,3256
27-07-2026 08:15,4096.46,4097.56,4093.58,4093.59,2740
27-07-2026 08:30,4093.58,4095.82,4089.01,4091.88,2984
27-07-2026 08:45,4091.87,4093.47,4085.29,4085.53,2883
27-07-2026 09:00,4085.53,4090.72,4085.09,4089.73,2540
27-07-2026 09:15,4089.66,4091.08,4088.41,4090.92,1918
27-07-2026 09:30,4090.95,4092.75,4088.59,4090.04,2314
27-07-2026 09:45,4090.01,4090.39,4086.96,4088.99,2243
27-07-2026 10:00,4089.03,4092.27,4089.03,4090.38,2219
27-07-2026 10:15,4090.38,4091.1,4089.21,4090.21,1981
27-07-2026 10:30,4090.24,4094.79,4088.58,4094.68,2541
27-07-2026 10:45,4094.67,4094.67,4086.2,4086.99,2377
27-07-2026 11:00,4086.99,4090.37,4085.65,4088,3203
27-07-2026 11:15,4088,4093.53,4084.35,4093,3149
27-07-2026 11:30,4093.03,4096.26,4091.56,4094.28,3303
27-07-2026 11:45,4094.26,4096.47,4091.19,4095.98,2943
27-07-2026 12:00,4096,4099.34,4094.22,4098.49,2899
27-07-2026 12:15,4098.49,4098.95,4094.99,4096.06,2929
27-07-2026 12:30,4095.79,4101.98,4095.79,4101.98,3260
27-07-2026 12:45,4101.98,4105.94,4099.8,4103.08,3114
27-07-2026 13:00,4103.07,4103.81,4095.8,4097.19,2932
27-07-2026 13:15,4097.14,4099.15,4088.56,4088.77,2783
27-07-2026 13:30,4088.74,4093.04,4087.12,4091.2,3315
27-07-2026 13:45,4091.2,4092.53,4088.94,4090.81,3003
27-07-2026 14:00,4090.84,4092.75,4087.24,4091.21,2935
27-07-2026 14:15,4091.33,4096.77,4090.79,4095.15,2672
27-07-2026 14:30,4095.05,4098.49,4093.04,4093.88,2626
27-07-2026 14:45,4093.88,4095.75,4091.11,4091.46,2782
27-07-2026 15:00,4091.25,4094.6,4090.48,4094.11,2742
27-07-2026 15:15,4094.14,4100.32,4093.75,4096.12,2745
27-07-2026 15:30,4095.95,4096.43,4086.42,4090.77,2901
27-07-2026 15:45,4090.76,4093.81,4089.14,4093.03,2603
27-07-2026 16:00,4093.03,4101.85,4092.98,4100.26,2700
27-07-2026 16:15,4100.3,4102.3,4098.72,4099.46,2490
27-07-2026 16:30,4099.44,4104.01,4096.92,4101.85,2789
27-07-2026 16:45,4101.9,4103.46,4096.92,4096.92,2540
27-07-2026 17:00,4096.91,4099.91,4094.64,4095.57,3112
27-07-2026 17:15,4095.6,4097.19,4093.67,4093.78,2770
27-07-2026 17:30,4093.79,4097.71,4086.27,4087.43,3176
27-07-2026 17:45,4087.58,4089.03,4081.59,4086.69,3374
27-07-2026 18:00,4086.77,4088.6,4083.16,4086.58,3043
27-07-2026 18:15,4086.55,4088.97,4081.59,4083.67,3278
27-07-2026 18:30,4083.63,4088.78,4080.93,4084.73,3727
27-07-2026 18:45,4084.85,4087.11,4075.77,4076.24,3605
27-07-2026 19:00,4076.36,4089.08,4075.46,4086.64,4061
27-07-2026 19:15,4086.72,4089.44,4070.5,4074.12,3883
27-07-2026 19:30,4074.13,4079,4071.11,4076.89,3958
27-07-2026 19:45,4076.89,4078.51,4067.12,4068.25,3908
27-07-2026 20:00,4068.23,4070.53,4065.28,4068.73,4017
27-07-2026 20:15,4068.74,4077.09,4068.74,4075.98,3699
27-07-2026 20:30,4076,4076.28,4071.91,4075.95,3705
27-07-2026 20:45,4075.88,4079.29,4074.48,4076.41,3638
27-07-2026 21:00,4076.35,4077.88,4072.59,4076.05,3397
27-07-2026 21:15,4076.05,4079.69,4074.51,4078.36,3319
27-07-2026 21:30,4078.58,4084.72,4077.67,4081.37,3282
27-07-2026 21:45,4081.35,4088.59,4079.6,4085.05,3355
27-07-2026 22:00,4085.05,4093.81,4084.97,4088.21,3394
27-07-2026 22:15,4088.22,4088.39,4080.68,4082.28,3243
27-07-2026 22:30,4082.13,4082.45,4070.58,4073.42,3299
27-07-2026 22:45,4073.47,4076.74,4072.23,4074.68,3091
27-07-2026 23:00,4074.67,4076.01,4072.1,4074.42,2870
27-07-2026 23:15,4074.42,4077.05,4073.23,4076.32,2774
27-07-2026 23:30,4076.35,4079.05,4076.01,4076.64,2940
27-07-2026 23:45,4076.65,4076.92,4073.94,4076.74,2889
28-07-2026 00:00,4076.75,4079.28,4072.9,4076.23,2970
28-07-2026 00:15,4076.24,4079.32,4074.99,4077.82,2989
28-07-2026 00:30,4077.82,4081.85,4076.04,4080.14,2952
28-07-2026 00:45,4080.17,4088.48,4079.31,4085.68,2745
28-07-2026 01:00,4085.68,4087.16,4083.63,4086.86,2783
28-07-2026 01:15,4086.88,4089.15,4082.36,4083.28,2984
28-07-2026 01:30,4083.3,4083.98,4081.32,4082.1,1469
28-07-2026 01:45,4082.1,4082.11,4078.18,4078.64,1129
28-07-2026 02:00,4078.62,4079.07,4075.69,4077.04,1311
28-07-2026 02:15,4077.06,4077.12,4074.93,4076.28,999
28-07-2026 03:30,4080.85,4081.09,4076.24,4076.37,1111
28-07-2026 03:45,4076.64,4076.64,4070.53,4071.88,1555
28-07-2026 04:00,4072,4074.77,4071.94,4074.63,1568
28-07-2026 04:15,4074.64,4074.83,4073.37,4073.9,1482
28-07-2026 04:30,4073.98,4074.92,4071.73,4074.02,1766
28-07-2026 04:45,4074.02,4074.54,4071.84,4072.92,1622
28-07-2026 05:00,4072.78,4073.39,4071.5,4071.89,1305
28-07-2026 05:15,4071.93,4073.3,4069.85,4073.23,2771
28-07-2026 05:30,4073.07,4074.11,4061.85,4067.03,3334
28-07-2026 05:45,4066.88,4067.21,4059.14,4061.96,3080
28-07-2026 06:00,4061.98,4066.1,4060.38,4065.45,3236
28-07-2026 06:15,4065.44,4065.44,4057.68,4057.74,3120
28-07-2026 06:30,4057.56,4060.23,4053.65,4057.99,3701
28-07-2026 06:45,4057.87,4059.11,4046.23,4047.26,3610
28-07-2026 07:00,4047.26,4050.47,4043.49,4048.84,3827
28-07-2026 07:15,4048.84,4048.92,4042.36,4045.1,3329
28-07-2026 07:30,4045.11,4047.46,4042.39,4046.44,3326
28-07-2026 07:45,4046.39,4048.97,4045.29,4046.1,2960
28-07-2026 08:00,4046.1,4047.78,4041.5,4044.16,3275
28-07-2026 08:15,4044.16,4045.38,4040.72,4041.97,3041
28-07-2026 08:30,4041.9,4047.2,4040.24,4045.75,2900
28-07-2026 08:45,4045.78,4049.19,4045.23,4047.66,2796
28-07-2026 09:00,4047.65,4051,4047.25,4048.29,2913
28-07-2026 09:15,4048.27,4050.65,4047.96,4049.33,2530
28-07-2026 09:30,4049.32,4049.55,4043.44,4043.94,2565
28-07-2026 09:45,4043.94,4047.87,4043.53,4045.53,2575
28-07-2026 10:00,4045.57,4047.7,4043.87,4047.53,2233
28-07-2026 10:15,4047.55,4047.84,4041.5,4042.11,2370
28-07-2026 10:30,4042.11,4043.89,4039.8,4042.24,2778
28-07-2026 10:45,4042.21,4043.7,4040.78,4043.19,2778
28-07-2026 11:00,4043.03,4045.6,4034.79,4041.5,3444
28-07-2026 11:15,4041.52,4046.41,4039.79,4045.16,2991
28-07-2026 11:30,4045.15,4047.64,4042.87,4044.08,3217
28-07-2026 11:45,4044.09,4048.78,4043.95,4047.65,3092
28-07-2026 12:00,4047.76,4052.31,4046.84,4049.7,2994
28-07-2026 12:15,4049.74,4051.41,4047.81,4048.25,2958
28-07-2026 12:30,4048.24,4051.12,4047.41,4048.8,2799
28-07-2026 12:45,4048.77,4052.4,4048.52,4050.08,2620
28-07-2026 13:00,4050.08,4050.95,4048.45,4049.34,2650
28-07-2026 13:15,4049.29,4049.67,4046.07,4047.23,2885
28-07-2026 13:30,4047.21,4055.11,4043.01,4044.32,3427
28-07-2026 13:45,4044.29,4051.16,4043.9,4049.46,3471
28-07-2026 14:00,4049.46,4049.67,4041.81,4043.07,3206
28-07-2026 14:15,4043.07,4046.09,4041.62,4045.41,2824
28-07-2026 14:30,4045.41,4045.91,4040.44,4040.82,2634
28-07-2026 14:45,4040.82,4044.09,4038.87,4040.15,2859
28-07-2026 15:00,4040.13,4040.2,4029.58,4033.23,3131
28-07-2026 15:15,4033.24,4034.14,4019.19,4023.37,3108
28-07-2026 15:30,4022.94,4027.12,4020.5,4024.17,3252
28-07-2026 15:45,4023.84,4025.73,4016.85,4017.46,3056
28-07-2026 16:00,4017.46,4023.56,4017.05,4022.35,2900
28-07-2026 16:15,4022.41,4028.5,4022.01,4026.52,3124
28-07-2026 16:30,4026.47,4028.73,4023.16,4023.83,3171
28-07-2026 16:45,4023.76,4032.34,4023.75,4027.49,3122
28-07-2026 17:00,4027.36,4031.35,4026.43,4027.12,2850
28-07-2026 17:15,4027.04,4028.26,4023.92,4028.05,2950
28-07-2026 17:30,4028.06,4028.73,4022.83,4027.83,3289
28-07-2026 17:45,4027.83,4034.86,4026,4034.39,3126
28-07-2026 18:00,4034.5,4034.89,4026.43,4033.5,3298
28-07-2026 18:15,4033.53,4038.03,4028.58,4029.41,3265
28-07-2026 18:30,4029.37,4035.4,4029.31,4032.77,3492
28-07-2026 18:45,4032.78,4035.99,4028.44,4028.97,3317
28-07-2026 19:00,4028.92,4032.77,4020.25,4025.14,3936
28-07-2026 19:15,4025.09,4028.84,4021.61,4022.16,3916
28-07-2026 19:30,4022.26,4033.46,4021.99,4025.82,3867
28-07-2026 19:45,4025.8,4026.55,4011.6,4022.22,3969
28-07-2026 20:00,4022.19,4025.2,4018.77,4022.58,3871
28-07-2026 20:15,4022.57,4029.43,4021.09,4024.21,3619
28-07-2026 20:30,4024.33,4036.37,4022.1,4033.6,3812
28-07-2026 20:45,4033.7,4040.93,4031.59,4035.45,3909
28-07-2026 21:00,4035.69,4042.22,4032.16,4041.31,3622
28-07-2026 21:15,4041.33,4047.02,4041.04,4046.08,3344
28-07-2026 21:30,4046.08,4046.55,4042.23,4044.73,3059
28-07-2026 21:45,4044.6,4045.9,4041.97,4042.07,2906
28-07-2026 22:00,4042.08,4043.74,4040.2,4040.45,2979
28-07-2026 22:15,4040.39,4041.11,4036.57,4037.46,2901
28-07-2026 22:30,4037.56,4040.94,4035.49,4036.9,3014
28-07-2026 22:45,4036.86,4041.67,4035.15,4037.36,3195
28-07-2026 23:00,4037.7,4037.73,4027.47,4028.28,2994
28-07-2026 23:15,4028.19,4029.39,4025.78,4027.78,2965
28-07-2026 23:30,4028.01,4030.34,4027.05,4028.21,3104
28-07-2026 23:45,4028.2,4029.96,4025.83,4027.09,3086
29-07-2026 00:00,4027.09,4027.44,4023.05,4024.31,2889
29-07-2026 00:15,4024.27,4025.98,4021.61,4022.9,2805
29-07-2026 00:30,4022.91,4025.71,4022.22,4024.01,2703
29-07-2026 00:45,4024.01,4025.01,4021.86,4023.2,2165
29-07-2026 01:00,4023.3,4027.63,4022.89,4025.97,2618
29-07-2026 01:15,4025.99,4027.94,4025.25,4026.36,2555
29-07-2026 01:30,4026.31,4026.41,4022.52,4023.68,1827
29-07-2026 01:45,4023.67,4027.67,4023.54,4027.39,1269
29-07-2026 02:00,4027.39,4030.1,4027.29,4029.87,1561
29-07-2026 02:15,4029.86,4030.02,4026.16,4028.12,1296
29-07-2026 03:30,4027.59,4027.89,4024.03,4024.06,1022
29-07-2026 03:45,4024.35,4024.86,4016.98,4020.49,1543
29-07-2026 04:00,4020.5,4021,4013.82,4018.12,2058
29-07-2026 04:15,4018.02,4019.48,4015.17,4018.08,2507
29-07-2026 04:30,4018.09,4022.96,4016.31,4021.97,2459
29-07-2026 04:45,4021.96,4022.03,4014.97,4018.41,2509
29-07-2026 05:00,4018.42,4023.4,4017.34,4022.99,2104
29-07-2026 05:15,4023.27,4026.19,4018.99,4024.87,3149
29-07-2026 05:30,4024.92,4025.58,4017.6,4020.58,3395
29-07-2026 05:45,4020.54,4029.79,4020.51,4022.47,3136
29-07-2026 06:00,4022.43,4027.65,4021.35,4025.91,2995
29-07-2026 06:15,4025.88,4025.97,4020.39,4021.8,3225
29-07-2026 06:30,4021.63,4021.7,4009.85,4012.94,3686
29-07-2026 06:45,4012.97,4020.04,4011.55,4018.3,3551
29-07-2026 07:00,4018.3,4030.46,4014.9,4027.49,3692
29-07-2026 07:15,4027.51,4028.16,4021.82,4025.84,3326
29-07-2026 07:30,4025.82,4029.18,4022.97,4028.22,3503
29-07-2026 07:45,4028.2,4035.35,4026.21,4032.97,3087
29-07-2026 08:00,4032.95,4037.76,4030.45,4034.91,3418
29-07-2026 08:15,4034.91,4035.19,4029.23,4029.48,3049
29-07-2026 08:30,4029.25,4032.65,4027.24,4027.71,3153
29-07-2026 08:45,4027.69,4028.7,4025.4,4026.88,2916
29-07-2026 09:00,4026.89,4029.47,4024.48,4025.97,2625
29-07-2026 09:15,4025.97,4026.83,4023.09,4023.51,2275
29-07-2026 09:30,4023.56,4024.9,4021.19,4021.71,2444
29-07-2026 09:45,4021.87,4025.48,4020.52,4023.41,2541
29-07-2026 10:00,4023.41,4027.27,4023.3,4027.05,2601
29-07-2026 10:15,4026.88,4027.57,4023.5,4027.21,2821
29-07-2026 10:30,4027.21,4031.6,4026.59,4030.34,2764
29-07-2026 10:45,4030.35,4031.14,4026.96,4030.39,2500
29-07-2026 11:00,4030.4,4039.6,4029.72,4039.05,3424
29-07-2026 11:15,4039.03,4040.07,4031.53,4033.04,3249
29-07-2026 11:30,4033.01,4038.03,4032.95,4037.3,3046
29-07-2026 11:45,4037.3,4042.91,4035.87,4040.94,2909
29-07-2026 12:00,4040.88,4044.69,4040.5,4042.75,2865
29-07-2026 12:15,4042.73,4042.93,4039.72,4041.08,2861
29-07-2026 12:30,4041.13,4046.38,4041.05,4045.27,2883
29-07-2026 12:45,4045.28,4047.83,4044.14,4045.89,2534
29-07-2026 13:00,4046.1,4047.44,4044.73,4045.94,2568
29-07-2026 13:15,4045.93,4046.84,4042.6,4043.7,2427
29-07-2026 13:30,4043.66,4044.31,4039.04,4039.04,2676
29-07-2026 13:45,4039.07,4041.95,4035.6,4037.2,2514
29-07-2026 14:00,4037.21,4039.1,4035.66,4038.13,2336
29-07-2026 14:15,4038.13,4040.1,4036.94,4037.48,2430
29-07-2026 14:30,4037.47,4038.24,4035.61,4036.23,2492
29-07-2026 14:45,4036.21,4037.42,4033.29,4033.65,2556
29-07-2026 15:00,4033.66,4034.9,4031.35,4034.22,2516
29-07-2026 15:15,4034.23,4036.26,4031.85,4032.49,2273
29-07-2026 15:30,4032.58,4033.98,4030.85,4031.87,2631
29-07-2026 15:45,4031.88,4033.34,4030.18,4033.01,2281
29-07-2026 16:00,4032.84,4034.28,4026.21,4027.33,2398
29-07-2026 16:15,4027.34,4028.58,4025.91,4027.35,2166
29-07-2026 16:30,4027.33,4029.58,4024.87,4029.57,2603
29-07-2026 16:45,4029.57,4033.57,4028.34,4032.71,2238
29-07-2026 17:00,4032.73,4032.87,4029.94,4030.86,2172
29-07-2026 17:15,4030.87,4036.04,4030.43,4032.67,2573
29-07-2026 17:30,4032.68,4033.35,4026.03,4026.93,2552
29-07-2026 17:45,4026.95,4027.42,4012.81,4013.28,3724
29-07-2026 18:00,4013.12,4022.21,4009.12,4020.92,3307
29-07-2026 18:15,4020.92,4023.63,4018.88,4022.57,2986
29-07-2026 18:30,4022.56,4026.31,4015,4015.71,3534
29-07-2026 18:45,4015.72,4023.08,4013.73,4014.46,3360
29-07-2026 19:00,4014.41,4017.89,4010.21,4013.65,3889
29-07-2026 19:15,4013.64,4016.16,4002.43,4007.04,3848
29-07-2026 19:30,4007.08,4008.41,3995.82,3999,3859
29-07-2026 19:45,3999.1,4009.99,3998.8,4005.35,3808
29-07-2026 20:00,4005.38,4009.12,3999.1,4001.09,3738
29-07-2026 20:15,4001.09,4005.76,3998.22,4004.79,3778
29-07-2026 20:30,4004.99,4009.8,4003.15,4006.8,3552
29-07-2026 20:45,4006.82,4011.18,4003.71,4010.53,3396
29-07-2026 21:00,4010.62,4013.65,4007.02,4010.49,3395
29-07-2026 21:15,4010.49,4013.76,4008.23,4009.77,3148
29-07-2026 21:30,4009.78,4015.55,4007.57,4009.62,2988
29-07-2026 21:45,4009.62,4017.45,4007.8,4016.49,2847
29-07-2026 22:00,4016.28,4019.02,4014.77,4016.91,3017
29-07-2026 22:15,4016.92,4032.62,4015.11,4027.22,3400
29-07-2026 22:30,4027.48,4050.56,4027.26,4042.08,3663
29-07-2026 22:45,4042.01,4050.4,4037.04,4039.25,3707
29-07-2026 23:00,4039.1,4047.09,4036.25,4045.61,3429
29-07-2026 23:15,4045.63,4047.95,4041.38,4044.51,3342
29-07-2026 23:30,4044.35,4085.78,4043.49,4080.96,4225
29-07-2026 23:45,4080.94,4083.74,4063.72,4067.59,3977
30-07-2026 00:00,4067.54,4087.05,4052.16,4083.23,4274
30-07-2026 00:15,4083.2,4109.46,4081.93,4106.94,4228
30-07-2026 00:30,4106.72,4116.41,4089.83,4099.61,4225
30-07-2026 00:45,4099.51,4104.48,4080.89,4083.84,4166
30-07-2026 01:00,4084.12,4088.23,4065.09,4069.33,4131
30-07-2026 01:15,4069.34,4071.88,4044.26,4044.71,4076
30-07-2026 01:30,4044.99,4055.86,4042.61,4051.88,3698
30-07-2026 01:45,4051.96,4057.3,4043.87,4055.63,3143
30-07-2026 02:00,4055.63,4068.94,4053.88,4067.02,2725
30-07-2026 02:15,4066.95,4069.65,4063.03,4065.86,2534
30-07-2026 03:30,4070.79,4077.18,4064.21,4076.02,1949
30-07-2026 03:45,4075.94,4077.03,4072.13,4074.57,2189
30-07-2026 04:00,4074.57,4081.11,4072.69,4081.11,2443
30-07-2026 04:15,4081.36,4090.35,4079.65,4088.28,2496
30-07-2026 04:30,4088.28,4100.35,4088.07,4091.5,2847
30-07-2026 04:45,4091.53,4094.96,4090.37,4093.47,2485
30-07-2026 05:00,4093.47,4094.55,4089.39,4090.09,2619
30-07-2026 05:15,4090.22,4093.12,4084.35,4084.55,3713
30-07-2026 05:30,4084.57,4086.51,4078.9,4081.25,3817
30-07-2026 05:45,4081.32,4083.56,4072.76,4075.23,3803
30-07-2026 06:00,4075.34,4076.76,4065.13,4066.09,3542
30-07-2026 06:15,4066.05,4072.87,4064.82,4072.12,3368
30-07-2026 06:30,4072.13,4092.8,4070.68,4075.78,3958
30-07-2026 06:45,4075.6,4084.62,4073.27,4081.12,3865
30-07-2026 07:00,4081.15,4089.53,4080.59,4086.58,3640
30-07-2026 07:15,4086.57,4090.75,4083.75,4084.51,3471
30-07-2026 07:30,4084.52,4090.27,4082.31,4082.47,3418
30-07-2026 07:45,4082.51,4083.65,4079.89,4082.63,3045
30-07-2026 08:00,4082.62,4082.76,4073.57,4076.75,3696
30-07-2026 08:15,4076.81,4076.96,4063.47,4063.66,3408
30-07-2026 08:30,4063.62,4070.01,4060.39,4062.82,3306
30-07-2026 08:45,4062.82,4063.78,4052.46,4053.78,3453
30-07-2026 09:00,4053.74,4055.88,4050.65,4052.35,3346
30-07-2026 09:15,4052.35,4059.66,4052.2,4058.8,3014
30-07-2026 09:30,4058.85,4060.09,4052.57,4053.26,2970
30-07-2026 09:45,4053.25,4055.17,4050.83,4053.94,2641
30-07-2026 10:00,4053.88,4054.01,4047.5,4048.6,2797
30-07-2026 10:15,4048.54,4051.98,4044.55,4045.99,3097
30-07-2026 10:30,4045.99,4046.19,4041.64,4045.86,3264
30-07-2026 10:45,4045.88,4047.17,4037.53,4046.81,3261
30-07-2026 11:00,4046.81,4051.15,4028.38,4033.3,3811
30-07-2026 11:15,4033.33,4038.34,4030.02,4033.61,3502
30-07-2026 11:30,4033.65,4039.43,4031.18,4032.26,3676
30-07-2026 11:45,4032.24,4039.2,4029.29,4033.06,3542
30-07-2026 12:00,4033.05,4038.19,4031.09,4035.51,3290
30-07-2026 12:15,4035.49,4040.42,4034.15,4036.6,3170
30-07-2026 12:30,4036.6,4047.76,4035.47,4046.64,3704
30-07-2026 12:45,4046.68,4051.22,4042.9,4045.78,3360
30-07-2026 13:00,4045.77,4047.16,4036.08,4045.8,3420
30-07-2026 13:15,4045.81,4046.47,4037.93,4038.81,3231
30-07-2026 13:30,4038.81,4056.22,4036.69,4053.19,3630
30-07-2026 13:45,4053.14,4068.36,4052.13,4064.46,3572
30-07-2026 14:00,4064.36,4072.87,4062.86,4065.68,3620
30-07-2026 14:15,4065.74,4070.81,4059.37,4061.32,3224
30-07-2026 14:30,4061.33,4069.18,4060.28,4065.92,3243
30-07-2026 14:45,4065.95,4072.3,4064.39,4067.48,3443
30-07-2026 15:00,4067.51,4069.18,4060.67,4065.49,3229
30-07-2026 15:15,4065.47,4073,4062.28,4063.26,3062
30-07-2026 15:30,4063.26,4074.78,4062.93,4068.25,3372
30-07-2026 15:45,4068.34,4077.55,4067.5,4076.24,3425
30-07-2026 16:00,4076.39,4082.62,4075.24,4081.16,3386
30-07-2026 16:15,4081.12,4082.94,4077.94,4078.17,3135
30-07-2026 16:30,4077.9,4082.68,4077.52,4079.67,3172
30-07-2026 16:45,4079.6,4081.89,4076.52,4077.34,3109
30-07-2026 17:00,4078.04,4079.32,4076.16,4077.41,3010
30-07-2026 17:15,4077.37,4080.55,4075.62,4077.87,2949
30-07-2026 17:30,4077.88,4082.61,4074.59,4078.72,3300
30-07-2026 17:45,4078.72,4081.18,4071.62,4076.59,3295
30-07-2026 18:00,4076.81,4086.24,4071.61,4077.15,3863
30-07-2026 18:15,4077.09,4079.26,4067.09,4068.92,3758
30-07-2026 18:30,4069.34,4076.55,4064.95,4076.33,3922
30-07-2026 18:45,4076.28,4083.91,4071.96,4080.19,3726
30-07-2026 19:00,4079.86,4098.49,4074.92,4088.99,4244
30-07-2026 19:15,4089.11,4112.42,4085.71,4112.01,4183
30-07-2026 19:30,4111.98,4120.04,4093.96,4098.03,4141
30-07-2026 19:45,4098.02,4100.06,4087.07,4096.03,4016
30-07-2026 20:00,4096.01,4111.24,4094.69,4110.73,3865
30-07-2026 20:15,4110.64,4113.12,4096.53,4099.92,3889
30-07-2026 20:30,4099.93,4100.19,4083.03,4085.48,4034
30-07-2026 20:45,4085.43,4097.09,4084.74,4095.94,3778
30-07-2026 21:00,4095.92,4106.86,4092.51,4105.29,3593
30-07-2026 21:15,4105.3,4109.89,4103.5,4108.02,3502
30-07-2026 21:30,4108.03,4115.84,4107.7,4114.12,3431
30-07-2026 21:45,4114.09,4119.13,4113.56,4115.8,3210
30-07-2026 22:00,4115.8,4116.35,4108.23,4108.53,3205
30-07-2026 22:15,4108.55,4110.62,4106.54,4110.62,3027
30-07-2026 22:30,4110.65,4111.24,4104.81,4104.82,3028
30-07-2026 22:45,4104.78,4108.13,4098.52,4101.7,3034
30-07-2026 23:00,4101.67,4107.93,4100,4105.94,3498
30-07-2026 23:15,4105.94,4108.32,4101.17,4102.59,3032
30-07-2026 23:30,4102.58,4106.71,4102.58,4106.44,3035
30-07-2026 23:45,4106.38,4106.63,4100.78,4103.37,2946
31-07-2026 00:00,4103.43,4107.74,4102.91,4104.8,2877
31-07-2026 00:15,4104.79,4105.15,4098.66,4099.72,2707
31-07-2026 00:30,4099.5,4105.57,4098.65,4104.62,2823
31-07-2026 00:45,4104.6,4114.85,4102.96,4112.76,2965
31-07-2026 01:00,4112.59,4115.17,4111.5,4112.19,2797
31-07-2026 01:15,4112.16,4113.04,4109.2,4111.97,2725
31-07-2026 01:30,4111.94,4117.18,4109.9,4113.86,2492
31-07-2026 01:45,4113.84,4114.86,4111.62,4111.86,1879
31-07-2026 02:00,4112.44,4112.44,4102.35,4102.73,2503
31-07-2026 02:15,4102.76,4103.62,4098.85,4103.32,2046
31-07-2026 03:30,4105.51,4107.28,4101.94,4106.3,1409
31-07-2026 03:45,4106.3,4108.09,4106,4107.29,1729
31-07-2026 04:00,4107.29,4110.35,4106.79,4110.14,1956
31-07-2026 04:15,4110.14,4111,4108.83,4109.01,1671
31-07-2026 04:30,4109.01,4111.64,4106.41,4107.24,2038
31-07-2026 04:45,4107.25,4107.38,4104.05,4104.06,1997
31-07-2026 05:00,4104.06,4107.24,4102.21,4105.95,2150
31-07-2026 05:15,4105.96,4109.98,4105.34,4105.8,2420
31-07-2026 05:30,4105.82,4107.01,4100.58,4101.37,3278
31-07-2026 05:45,4101.35,4103.72,4095.96,4096.29,3080
31-07-2026 06:00,4096.26,4097.43,4090.41,4093.26,3070
31-07-2026 06:15,4092.88,4096.05,4090.49,4094.67,3170
31-07-2026 06:30,4094.65,4101.55,4088.57,4088.62,3603
31-07-2026 06:45,4088.83,4094.99,4086.62,4091.89,3230
31-07-2026 07:00,4091.9,4091.99,4083.75,4085.64,3291
31-07-2026 07:15,4085.64,4089.41,4081.97,4084.26,3225
31-07-2026 07:30,4084.26,4090.38,4081.54,4085.55,3167
31-07-2026 07:45,4085.57,4085.58,4081.45,4082.05,2729
31-07-2026 08:00,4082.05,4084.31,4075.46,4075.46,3119
31-07-2026 08:15,4075.42,4078.24,4074.28,4076.24,3036
31-07-2026 08:30,4076.17,4076.17,4072.01,4073.36,2988
31-07-2026 08:45,4073.33,4076.01,4072.21,4075.1,2821
31-07-2026 09:00,4075.17,4079.29,4074.96,4076.4,2677
31-07-2026 09:15,4076.41,4077.57,4074.21,4075.08,2497
31-07-2026 09:30,4075.04,4076.85,4073.36,4076.67,2262
31-07-2026 09:45,4076.58,4080.13,4074.44,4079.89,2080
31-07-2026 10:00,4079.89,4081.3,4079.07,4079.14,1718
31-07-2026 10:15,4079.1,4079.96,4074.71,4079.89,2042
31-07-2026 10:30,4079.87,4083.2,4079.66,4079.76,2137
31-07-2026 10:45,4079.77,4082.6,4079.41,4080.77,1656
31-07-2026 11:00,4080.95,4081.44,4075.71,4076.35,2851
31-07-2026 11:15,4076.35,4076.37,4073.28,4074.29,2590
31-07-2026 11:30,4074.31,4082.76,4072.67,4082.26,2887
31-07-2026 11:45,4082.26,4087.38,4080.93,4084.82,2861
31-07-2026 12:00,4084.82,4084.97,4077.25,4078.01,3213
31-07-2026 12:15,4078.01,4081.48,4076.27,4077.57,3117
31-07-2026 12:30,4077.54,4078.99,4075.31,4077.42,2918
31-07-2026 12:45,4077.41,4079,4071.77,4072.51,2889
31-07-2026 13:00,4072.5,4073.69,4068.06,4072.05,2766
31-07-2026 13:15,4072.24,4074.29,4067.34,4067.66,2848
31-07-2026 13:30,4067.65,4067.65,4061.04,4062.05,3135
31-07-2026 13:45,4062.06,4067.06,4057.89,4058.49,3012
31-07-2026 14:00,4058.52,4061.39,4054.18,4059.15,2951
31-07-2026 14:15,4059.14,4064.29,4057.62,4061.05,2998
31-07-2026 14:30,4061.09,4063.87,4055.02,4056.65,3475
31-07-2026 14:45,4056.7,4057.28,4051.21,4052.15,3139
31-07-2026 15:00,4052.24,4054.46,4050.24,4053.01,2923
31-07-2026 15:15,4053,4056.97,4052.34,4055,2573
31-07-2026 15:30,4055.12,4058.41,4053.13,4055.79,2627
31-07-2026 15:45,4055.78,4055.94,4051.99,4053.17,2502
31-07-2026 16:00,4053.12,4056.38,4052.74,4054.77,2574
31-07-2026 16:15,4054.71,4057.03,4053.64,4054.4,2403
31-07-2026 16:30,4054.27,4059.29,4052.12,4056.92,2700
31-07-2026 16:45,4056.96,4060.91,4054.18,4058.74,3121
31-07-2026 17:00,4058.76,4058.76,4050.61,4051.99,2941
31-07-2026 17:15,4052,4055.34,4051.2,4053.6,2654
31-07-2026 17:30,4053.88,4059.26,4052.41,4058.98,2935
31-07-2026 17:45,4059,4059.23,4047.09,4047.1,3007
31-07-2026 18:00,4047.21,4051.51,4042.36,4044.5,3348
31-07-2026 18:15,4044.49,4046.33,4040.43,4040.68,3142
31-07-2026 18:30,4040.68,4042.65,4034.58,4036.1,3687
31-07-2026 18:45,4036.1,4046.85,4035.48,4042.53,3640
31-07-2026 19:00,4042.52,4043.67,4022.47,4024.95,4091
31-07-2026 19:15,4024.96,4032.1,4021.87,4025.5,4039
31-07-2026 19:30,4025.3,4032.55,4020.92,4031.94,4025
31-07-2026 19:45,4031.91,4040,4029.9,4038.69,3813
31-07-2026 20:00,4038.67,4042.94,4036.52,4041.31,3622
31-07-2026 20:15,4041.33,4050.2,4040.86,4048.92,3657
31-07-2026 20:30,4048.98,4050.55,4042.73,4046.94,3715
31-07-2026 20:45,4046.94,4052.62,4040.17,4041.11,3651
31-07-2026 21:00,4040.91,4043.44,4036.51,4042.08,3461
31-07-2026 21:15,4042.11,4046.65,4039.72,4045.43,3382
31-07-2026 21:30,4045.42,4046.81,4041.07,4046.21,3157
31-07-2026 21:45,4046.24,4048.32,4042.93,4047.32,3071
31-07-2026 22:00,4047.33,4049.77,4041.1,4042.41,2885
31-07-2026 22:15,4042.43,4044.94,4042.08,4043.29,2634
31-07-2026 22:30,4043.23,4046.28,4041.5,4045.49,2623
31-07-2026 22:45,4045.54,4053.26,4044.72,4050.33,2816
31-07-2026 23:00,4050.3,4052.99,4047.66,4051.87,3071
31-07-2026 23:15,4051.88,4054.66,4050.17,4053.66,3214
31-07-2026 23:30,4053.53,4054.94,4047.02,4047.95,3181
31-07-2026 23:45,4048.01,4051.64,4047.58,4051.01,2698
01-08-2026 00:00,4050.84,4051.57,4047.94,4049.61,2133
01-08-2026 00:15,4049.61,4051.54,4048.09,4050.69,2181
01-08-2026 00:30,4050.7,4052.85,4046.7,4047.97,2142
01-08-2026 00:45,4047.97,4050.48,4047.04,4050.47,2236
01-08-2026 01:00,4050.49,4054.18,4048.53,4053.68,2374
01-08-2026 01:15,4053.68,4055.13,4049.55,4050.67,3082
01-08-2026 01:30,4050.62,4051.42,4044.81,4047.35,2256
01-08-2026 01:45,4047.52,4048.46,4046.03,4047.65,2131
01-08-2026 02:00,4047.64,4052.59,4046.79,4050.78,2185
01-08-2026 02:15,4050.78,4051.59,4042.43,4043.84,2672
03-08-2026 03:30,4080.1,4081.99,4067.86,4076.11,2551
03-08-2026 03:45,4076.09,4076.89,4063.63,4065.64,2586
03-08-2026 04:00,4065.64,4068.2,4063.88,4066.64,2315
03-08-2026 04:15,4066.64,4066.91,4063.23,4063.55,2064
03-08-2026 04:30,4063.57,4067.01,4063.15,4066.44,2300
03-08-2026 04:45,4066.45,4072.45,4066.24,4071.93,2307
03-08-2026 05:00,4071.95,4072.27,4067.83,4069.47,1772
03-08-2026 05:15,4069.51,4074.96,4068.2,4074.84,2778
03-08-2026 05:30,4074.91,4078.89,4069.87,4071.98,3422
03-08-2026 05:45,4071.82,4072.83,4061.17,4064.25,3241
03-08-2026 06:00,4064.25,4069.92,4056.89,4058.15,3536
03-08-2026 06:15,4058.19,4060.61,4055.61,4057.05,3371
03-08-2026 06:30,4057.04,4063.11,4051.55,4052.28,3870
03-08-2026 06:45,4052.3,4055.05,4047.39,4052.93,3377
03-08-2026 07:00,4052.93,4056.97,4047.59,4051.03,3513
03-08-2026 07:15,4051.04,4057.25,4049.95,4056.45,3225
03-08-2026 07:30,4056.45,4060.93,4053.26,4055.68,3205
03-08-2026 07:45,4055.69,4060.7,4052.24,4058.04,2648
03-08-2026 08:00,4058.03,4060.62,4052.42,4059.55,3305
03-08-2026 08:15,4059.56,4066.8,4058.4,4062.35,3157
03-08-2026 08:30,4062.18,4065.41,4060.86,4064.14,2956
03-08-2026 08:45,4064.14,4067.82,4061.57,4063.79,2840
03-08-2026 09:00,4063.71,4064.85,4060.52,4060.56,2506
03-08-2026 09:15,4060.58,4066.71,4059.23,4065.04,2300
03-08-2026 09:30,4064.98,4068.15,4064.26,4066.57,2236
03-08-2026 09:45,4066.56,4070.91,4066.09,4068.14,2206
03-08-2026 10:00,4068.16,4071.24,4068.16,4070.46,2239
03-08-2026 10:15,4070.49,4071.84,4063.83,4063.9,2248
03-08-2026 10:30,4063.51,4065.19,4056.69,4057.36,2608
03-08-2026 10:45,4057.37,4062.54,4053.95,4060.3,2425
03-08-2026 11:00,4060.28,4064.59,4055.18,4063.37,3204
03-08-2026 11:15,4063.38,4069.81,4058.85,4068.82,2803
03-08-2026 11:30,4068.91,4071.09,4065.98,4066,3065
03-08-2026 11:45,4066,4071.83,4065.38,4068.41,3046
03-08-2026 12:00,4068.64,4068.85,4060.57,4065.43,2970
03-08-2026 12:15,4065.31,4066.89,4062.69,4063.84,2694
03-08-2026 12:30,4063.71,4065.16,4059.59,4061.49,3156
03-08-2026 12:45,4061.5,4062.1,4051.98,4057.96,3273
03-08-2026 13:00,4057.98,4061.02,4056.48,4059.52,2833
03-08-2026 13:15,4059.5,4063.14,4058.32,4060.94,2796
03-08-2026 13:30,4060.94,4062.11,4058.36,4061.68,2807
03-08-2026 13:45,4061.68,4062.37,4054.26,4055.99,2771
03-08-2026 14:00,4055.93,4060.57,4054.81,4058.33,2837
03-08-2026 14:15,4058.33,4060.97,4057.59,4059.43,2563
03-08-2026 14:30,4059.43,4062.09,4057.21,4061.37,2415
03-08-2026 14:45,4061.37,4061.37,4051.97,4052.54,2821
03-08-2026 15:00,4052.54,4054.71,4046.55,4053.44,3139
03-08-2026 15:15,4053.33,4057.97,4053.33,4055.24,2574
03-08-2026 15:30,4055.36,4057.04,4053,4056.03,2613
03-08-2026 15:45,4056,4056.88,4051.83,4053.35,2701
03-08-2026 16:00,4053.37,4053.58,4048.68,4049.15,2490
03-08-2026 16:15,4049.15,4050.49,4046.12,4049.29,2429
03-08-2026 16:30,4049.3,4052.78,4047.74,4049.7,2717
03-08-2026 16:45,4049.66,4049.84,4045.45,4048.31,2711
03-08-2026 17:00,4048.39,4054.82,4047.92,4053.44,2547
03-08-2026 17:15,4053.44,4063.03,4052.53,4062.36,2864
03-08-2026 17:30,4062.38,4064.41,4054.7,4055.84,2988
03-08-2026 17:45,4055.84,4056.42,4048.52,4050.78,3100
03-08-2026 18:00,4051.01,4052.81,4042.29,4044.83,3230
03-08-2026 18:15,4044.84,4048.83,4043.14,4047.56,3057
03-08-2026 18:30,4047.56,4053.68,4038.73,4038.77,3767
03-08-2026 18:45,4038.76,4040.37,4031.43,4034.12,3603
03-08-2026 19:00,4034.06,4035.48,4019,4031.87,4032
03-08-2026 19:15,4031.9,4035.36,4028.25,4032.12,3770
03-08-2026 19:30,4032.12,4036.22,4026.61,4033.12,3763
03-08-2026 19:45,4033.13,4035.88,4029.86,4032.45,3413
03-08-2026 20:00,4032.5,4038.01,4031.85,4036.31,3231
03-08-2026 20:15,4036.33,4039.09,4033.66,4036.18,3251
03-08-2026 20:30,4036.19,4036.82,4030.24,4033.28,3299
03-08-2026 20:45,4033.27,4038.31,4030.7,4032.66,3213
03-08-2026 21:00,4032.67,4038.65,4030.91,4036.63,3090
03-08-2026 21:15,4036.67,4040.99,4035.31,4035.95,2729
03-08-2026 21:30,4035.98,4037.56,4034.64,4036.45,2480
03-08-2026 21:45,4036.52,4038.36,4034.77,4036.9,2486
03-08-2026 22:00,4036.9,4039.19,4035.5,4038.55,2436
03-08-2026 22:15,4038.65,4038.7,4035.68,4036.9,2253
03-08-2026 22:30,4036.9,4037.6,4033.22,4034.25,2241
03-08-2026 22:45,4034.26,4037.69,4033.86,4034.3,2573
03-08-2026 23:00,4034.29,4036.88,4034.02,4036.02,2117
03-08-2026 23:15,4036.03,4036.34,4030.16,4030.42,2039
03-08-2026 23:30,4030.5,4038.45,4029.62,4034.79,2555
03-08-2026 23:45,4034.8,4038.87,4034.8,4037.78,2360
04-08-2026 00:00,4037.75,4041.37,4036.45,4041.33,2280
04-08-2026 00:15,4041.17,4044.89,4040.37,4043.39,2488
04-08-2026 00:30,4043.4,4049.37,4043.4,4046.18,2678
04-08-2026 00:45,4046.19,4054.2,4046.11,4052.84,2617
04-08-2026 01:00,4052.98,4055.67,4051.93,4053.91,2356
04-08-2026 01:15,4053.92,4055.54,4051.55,4051.95,2424
04-08-2026 01:30,4051.88,4052.81,4050.02,4052.49,1452
04-08-2026 01:45,4052.48,4055.85,4051.39,4054.18,1129
04-08-2026 02:00,4054.33,4057.98,4053.76,4056.22,1362
04-08-2026 02:15,4056.34,4056.76,4053.88,4054.73,1056
04-08-2026 03:30,4053.58,4053.66,4048.58,4050.97,1360
04-08-2026 03:45,4050.94,4052.14,4050.39,4051.69,1343
04-08-2026 04:00,4051.64,4053.33,4051.33,4052.71,1278
04-08-2026 04:15,4052.71,4053.26,4051.08,4052.65,1462
04-08-2026 04:30,4052.6,4054.99,4050.11,4051.39,1709
04-08-2026 04:45,4051.4,4054.6,4050.52,4051.62,1802
04-08-2026 05:00,4051.62,4052.82,4050.95,4052.28,1485
04-08-2026 05:15,4052.3,4053.81,4051.19,4053.79,1979
04-08-2026 05:30,4053.79,4069.28,4053.21,4063.69,3148
04-08-2026 05:45,4063.58,4064.42,4058.2,4059,2561
04-08-2026 06:00,4059,4060.64,4055.62,4056.3,2351
04-08-2026 06:15,4056.31,4058.01,4048.58,4049.41,2839
04-08-2026 06:30,4049.24,4050.63,4042.48,4046.93,3424
04-08-2026 06:45,4046.95,4052.22,4046.84,4049.13,2922
04-08-2026 07:00,4049.17,4060.13,4048.25,4059.11,3322
04-08-2026 07:15,4059.07,4061.8,4056.62,4058.62,3077
04-08-2026 07:30,4058.73,4061.04,4055.51,4058.13,3031
04-08-2026 07:45,4058.13,4059.76,4055.63,4056.7,2499
04-08-2026 08:00,4056.7,4065,4055.6,4061.73,2966
04-08-2026 08:15,4061.71,4062.29,4058.05,4058.77,2621
04-08-2026 08:30,4058.68,4060.53,4056.47,4058.04,2471
04-08-2026 08:45,4058.06,4061.6,4057.74,4057.97,2507
04-08-2026 09:00,4057.95,4058.77,4052.62,4052.8,2323
04-08-2026 09:15,4052.81,4055.42,4052.03,4052.42,1737
04-08-2026 09:30,4052.42,4056.83,4051.07,4056.69,1793
04-08-2026 09:45,4056.68,4061.6,4055.71,4061.38,1984
04-08-2026 10:00,4061.4,4064.16,4060.5,4062.69,1690
04-08-2026 10:15,4062.68,4065.99,4062.27,4063.68,1910
04-08-2026 10:30,4063.96,4064.46,4057.25,4057.92,1936
04-08-2026 10:45,4057.92,4063.96,4057.34,4063.2,1808
04-08-2026 11:00,4063.2,4067.67,4059.17,4062.81,2727
04-08-2026 11:15,4062.98,4064.22,4058.6,4061.75,2662
04-08-2026 11:30,4061.65,4066.09,4061.65,4064.2,2751
04-08-2026 11:45,4063.87,4064.83,4059.45,4059.74,2527
04-08-2026 12:00,4059.76,4060.02,4055.6,4059.93,2463
04-08-2026 12:15,4059.98,4063.69,4058.86,4063.28,2497
04-08-2026 12:30,4063.28,4065.75,4060.76,4060.92,2629
04-08-2026 12:45,4060.91,4065.49,4060.84,4062.89,2493
04-08-2026 13:00,4062.93,4066.66,4061.39,4062.8,2583
04-08-2026 13:15,4062.79,4066.07,4062.18,4065.41,2064
04-08-2026 13:30,4065.41,4072.82,4064.41,4068.12,2926
04-08-2026 13:45,4068.12,4068.61,4060.27,4063.31,2475
04-08-2026 14:00,4063.31,4064.47,4058.43,4059.37,2722
04-08-2026 14:15,4059.4,4059.57,4054.6,4054.99,2646
04-08-2026 14:30,4055,4055.29,4048.53,4050.64,2738
04-08-2026 14:45,4050.45,4052.08,4048.53,4050.26,2708
04-08-2026 15:00,4050.27,4051.33,4046.2,4050.23,2425
04-08-2026 15:15,4050.23,4050.85,4047.46,4049.68,2168
04-08-2026 15:30,4049.69,4049.83,4046.86,4048.94,2164
04-08-2026 15:45,4048.9,4049.87,4045.52,4048.95,1907
04-08-2026 16:00,4048.98,4053.96,4046.47,4052.66,2378
04-08-2026 16:15,4052.59,4060.5,4052.44,4053.72,3526
04-08-2026 16:30,4053.74,4058.86,4052.31,4056.61,3016
04-08-2026 16:45,4056.65,4060.92,4055.39,4060.7,2677
04-08-2026 17:00,4060.8,4070.27,4059.81,4069.48,3206
04-08-2026 17:15,4069.39,4084.09,4066.74,4075.1,3934
04-08-2026 17:30,4075.03,4075.78,4061.01,4062,3552
04-08-2026 17:45,4062.11,4070.26,4060.98,4067.97,3036
04-08-2026 18:00,4067.97,4084.29,4067.97,4077.83,3401
04-08-2026 18:15,4077.96,4079.14,4069.37,4070.81,3290
04-08-2026 18:30,4070.81,4071.72,4061.09,4063.84,3505
04-08-2026 18:45,4063.8,4091.2,4062.31,4078.42,3644
04-08-2026 19:00,4078.41,4091.38,4075.91,4083.29,4042
04-08-2026 19:15,4083.17,4093.62,4081.72,4084.14,3757
04-08-2026 19:30,4084.02,4091.34,4083.03,4089.99,3676
04-08-2026 19:45,4090.06,4091.79,4080.6,4083.95,3683
04-08-2026 20:00,4083.83,4086.46,4074.3,4079.61,3817
04-08-2026 20:15,4079.74,4084.57,4077.8,4083.46,3404
04-08-2026 20:30,4083.44,4085.57,4079.55,4083.94,3172
04-08-2026 20:45,4083.97,4084.24,4074.73,4078.37,3359
04-08-2026 21:00,4078.27,4087.26,4076.5,4083.89,3295
04-08-2026 21:15,4083.98,4088.79,4082.71,4087.11,3065
04-08-2026 21:30,4087.11,4088.31,4084.29,4085.01,3021
04-08-2026 21:45,4085.01,4089.84,4083.03,4087.54,2671
04-08-2026 22:00,4087.53,4089.31,4084.95,4089.01,2559
04-08-2026 22:15,4089.01,4093.6,4088.59,4093.26,2616
04-08-2026 22:30,4093.09,4106.32,4092.39,4099.94,3295
04-08-2026 22:45,4100.04,4101.16,4094.25,4094.68,3007
04-08-2026 23:00,4094.56,4096.06,4091.62,4095.26,2412
04-08-2026 23:15,4095.3,4096.51,4086.02,4086.02,2745
04-08-2026 23:30,4086.02,4088.81,4084.87,4088.52,2951
04-08-2026 23:45,4088.4,4088.8,4084.43,4084.61,2600
05-08-2026 00:00,4084.63,4085.69,4076.23,4076.53,2839
05-08-2026 00:15,4076.53,4081.11,4075.11,4079.79,2445
05-08-2026 00:30,4079.72,4084.15,4078.66,4081.67,2363
05-08-2026 00:45,4081.69,4084.81,4079.34,4080.22,2305
05-08-2026 01:00,4080.09,4082.42,4078.87,4081.28,2385
05-08-2026 01:15,4081.28,4082.15,4076.25,4078.44,2628
05-08-2026 01:30,4078.39,4080.23,4078.21,4078.95,2001
05-08-2026 01:45,4078.38,4078.79,4074.58,4075.31,2082
05-08-2026 02:00,4075.2,4078.43,4075.16,4077.57,1801
05-08-2026 02:15,4077.49,4077.84,4075.68,4076.96,1463
05-08-2026 03:30,4077.76,4078.14,4075.98,4076.48,1219
05-08-2026 03:45,4076.43,4079.54,4075.33,4079.28,1839
05-08-2026 04:00,4079.28,4085.62,4078.94,4083.75,1804
05-08-2026 04:15,4083.78,4084.26,4075.49,4075.49,2043
05-08-2026 04:30,4075.66,4077.1,4068.36,4073.39,2527
05-08-2026 04:45,4073.39,4074.61,4065.27,4067.11,2078
05-08-2026 05:00,4067.11,4069.95,4065.9,4069.13,1692
05-08-2026 05:15,4069.13,4073.51,4069,4072.4,2298
05-08-2026 05:30,4072.55,4074.07,4070.34,4071.7,2710
05-08-2026 05:45,4071.72,4078.87,4071.28,4078.58,2644
05-08-2026 06:00,4078.62,4082.99,4077.96,4078.17,2385
05-08-2026 06:15,4078.19,4083.41,4077.68,4082.33,2709
05-08-2026 06:30,4082.33,4086.81,4077.51,4085.79,3541
05-08-2026 06:45,4085.83,4088.53,4082.59,4084.56,3251
05-08-2026 07:00,4084.46,4093.06,4080.12,4093.01,3166
05-08-2026 07:15,4092.93,4102.52,4092.53,4101.37,3050
05-08-2026 07:30,4101.34,4102.83,4096.4,4099.65,3023
05-08-2026 07:45,4099.65,4108.48,4095.51,4103.43,2878
05-08-2026 08:00,4103.48,4128.86,4101.36,4128.03,3848
05-08-2026 08:15,4127.96,4135.37,4124.74,4129.2,3745
05-08-2026 08:30,4129.11,4135.97,4126.87,4135.76,3310
05-08-2026 08:45,4135.87,4136.52,4129.8,4130.29,2930
05-08-2026 09:00,4130.48,4130.83,4127.35,4128.55,2556
05-08-2026 09:15,4128.52,4130.19,4127.46,4128.25,1947
05-08-2026 09:30,4128.16,4141.41,4128.16,4138.54,2896
05-08-2026 09:45,4138.54,4141.08,4137.75,4138.55,2186
05-08-2026 10:00,4138.55,4138.76,4133.38,4134.55,2025
05-08-2026 10:15,4134.42,4135.97,4132.25,4135.45,1944
05-08-2026 10:30,4135.45,4138.14,4134.66,4137.2,2171
05-08-2026 10:45,4137.19,4142.06,4135.57,4139.45,2244
05-08-2026 11:00,4139.46,4159.55,4139.46,4156.99,3745
05-08-2026 11:15,4157.52,4172.92,4157.09,4161.37,3788
05-08-2026 11:30,4161.64,4174.05,4160.17,4172.99,3588
05-08-2026 11:45,4173.03,4173.33,4160.96,4168.6,3160
05-08-2026 12:00,4168.72,4178.18,4167.05,4175.75,3295
05-08-2026 12:15,4175.6,4178.27,4172.09,4177.43,3135
05-08-2026 12:30,4177.47,4179.52,4166.13,4166.15,3314
05-08-2026 12:45,4166.19,4169.23,4163.1,4164.27,3201
05-08-2026 13:00,4164.32,4166.74,4162.25,4166.58,3032
05-08-2026 13:15,4166.57,4172,4164.19,4170.69,2765
05-08-2026 13:30,4170.7,4172.58,4164.81,4165.4,2875
05-08-2026 13:45,4165.38,4168.04,4162.13,4164.39,2930
05-08-2026 14:00,4164.37,4166.83,4161.47,4165.99,3129
05-08-2026 14:15,4166.01,4166.09,4158.84,4160.47,3228
05-08-2026 14:30,4160.66,4167.03,4160.46,4162.76,3203
05-08-2026 14:45,4162.76,4162.87,4155.15,4157.56,2970
05-08-2026 15:00,4157.56,4159,4154.24,4158.01,3057
05-08-2026 15:15,4158.01,4159.08,4153.03,4157.99,2415
05-08-2026 15:30,4157.95,4157.98,4150.19,4150.99,2706
05-08-2026 15:45,4151.01,4158.42,4150.03,4156.56,2605
05-08-2026 16:00,4156.57,4157.75,4153.82,4155.05,2200
05-08-2026 16:15,4155.38,4161.38,4153.9,4161.25,2577
05-08-2026 16:30,4161.25,4170.93,4160.74,4170.88,2949
05-08-2026 16:45,4170.77,4180.55,4169.25,4175.81,3083
05-08-2026 17:00,4175.96,4188.29,4174.04,4184.81,3581
05-08-2026 17:15,4184.79,4192.54,4182.77,4188.87,3287
05-08-2026 17:30,4188.97,4199.92,4188.93,4197.71,3394
05-08-2026 17:45,4197.88,4213.38,4197.88,4205.3,3641
05-08-2026 18:00,4205.38,4208.87,4192.67,4194.53,3440
05-08-2026 18:15,4194.57,4195.56,4183.14,4183.84,3392
05-08-2026 18:30,4183.79,4197.09,4183.79,4187.8,3705
05-08-2026 18:45,4187.84,4197.92,4185.61,4196.85,3484
05-08-2026 19:00,4197.01,4204.56,4192.48,4197.57,4100
05-08-2026 19:15,4197.54,4206.9,4189.55,4205.73,4027
05-08-2026 19:30,4205.82,4234.95,4203.63,4229.74,4130
05-08-2026 19:45,4229.73,4238.93,4226.6,4237.66,3403
05-08-2026 20:00,4237.57,4243.34,4228.73,4243.11,3496
05-08-2026 20:15,4243.11,4247.57,4233.24,4244.1,3989
05-08-2026 20:30,4244.09,4260.92,4242.61,4257.86,3891
05-08-2026 20:45,4257.86,4264.96,4250.13,4257.42,3731
05-08-2026 21:00,4257.36,4259.7,4252.39,4255.87,3581
05-08-2026 21:15,4255.78,4255.84,4232.29,4232.69,3793
05-08-2026 21:30,4232.81,4236.1,4224.66,4234.2,3758
05-08-2026 21:45,4234.2,4241.59,4232.62,4241.23,3452
05-08-2026 22:00,4241.28,4246.83,4238.94,4244.54,3194
05-08-2026 22:15,4244.54,4247.08,4238.15,4242.18,3312
05-08-2026 22:30,4242.19,4244.14,4239.2,4241.94,3156
05-08-2026 22:45,4241.89,4246.4,4236.79,4244.45,3263
05-08-2026 23:00,4244.59,4250.66,4240.74,4248.07,3196
05-08-2026 23:15,4248,4252.34,4247.42,4250.12,2825
05-08-2026 23:30,4249.68,4257.47,4249.1,4253.13,3129
05-08-2026 23:45,4253.13,4267.64,4252.91,4262.98,3142
06-08-2026 00:00,4263,4263.56,4254.45,4259.25,2980
06-08-2026 00:15,4259.24,4263.61,4257.91,4260.77,2882
06-08-2026 00:30,4260.85,4262.06,4256.08,4257.95,3006
06-08-2026 00:45,4258.07,4258.09,4250.49,4252.83,2893
06-08-2026 01:00,4252.85,4253.99,4248.38,4253.08,2982
06-08-2026 01:15,4253.03,4253.17,4246.32,4246.87,3055
06-08-2026 01:30,4246.84,4249.56,4246.53,4249.11,1991
06-08-2026 01:45,4249.2,4249.64,4245.39,4246.24,1499
06-08-2026 02:00,4246.25,4249.43,4244.94,4245.32,1320
06-08-2026 02:15,4245.32,4246.58,4242.59,4246.5,1455
06-08-2026 03:30,4249.05,4253.23,4245.01,4247.12,1519
06-08-2026 03:45,4246.97,4248.36,4246.49,4247.53,1184
06-08-2026 04:00,4247.53,4250.15,4247.35,4248.09,1493
06-08-2026 04:15,4248.12,4250.23,4247.64,4249.93,1397
06-08-2026 04:30,4249.91,4258.15,4249.1,4256.13,1797
06-08-2026 04:45,4256.07,4264.15,4255.9,4263.41,2059
06-08-2026 05:00,4263.42,4281.81,4260.8,4280.56,2689
06-08-2026 05:15,4280.56,4280.61,4272.06,4278.04,2755
06-08-2026 05:30,4278.08,4278.08,4264.44,4270.53,3411
06-08-2026 05:45,4270.68,4284.6,4270.67,4274.06,3345
06-08-2026 06:00,4273.91,4291.11,4273.91,4286.38,3191
06-08-2026 06:15,4286.35,4300.26,4286.04,4294.75,3351
06-08-2026 06:30,4294.72,4302.7,4280.14,4284.71,3908
06-08-2026 06:45,4284.71,4287.86,4272.99,4275.95,3722
06-08-2026 07:00,4276.05,4297.17,4275.76,4287.73,3678
06-08-2026 07:15,4287.66,4297.34,4282.96,4286.54,3477
06-08-2026 07:30,4286.43,4304.03,4283.56,4295.06,3483
06-08-2026 07:45,4295.07,4300.01,4291.69,4292.26,2639
06-08-2026 08:00,4292.2,4292.26,4280.81,4285.71,3379
06-08-2026 08:15,4285.72,4286.98,4274.93,4278.49,3177
06-08-2026 08:30,4278.5,4280.83,4273.81,4274.1,3177
06-08-2026 08:45,4273.96,4274.05,4260.91,4266.11,3430
06-08-2026 09:00,4266.16,4266.72,4261.43,4262.7,2723
06-08-2026 09:15,4262.72,4265.72,4260.39,4265.54,2615
06-08-2026 09:30,4265.64,4267.26,4262.14,4263.29,2506
06-08-2026 09:45,4263.29,4263.83,4252.89,4255.15,2614
06-08-2026 10:00,4255.39,4261.05,4255.28,4258.94,2467
06-08-2026 10:15,4258.95,4262.81,4258.26,4262.09,2237
06-08-2026 10:30,4262.1,4265.07,4256.43,4259.38,2843
06-08-2026 10:45,4259.43,4259.49,4253.13,4253.77,2798
06-08-2026 11:00,4253.82,4265.89,4247.2,4263.33,3503
06-08-2026 11:15,4263.33,4268.4,4261.98,4267.06,2935
06-08-2026 11:30,4267.06,4268.44,4256.58,4260.44,3116
06-08-2026 11:45,4260.29,4261.14,4254.5,4257.47,2978
06-08-2026 12:00,4257.49,4257.87,4249.39,4256.65,2858
06-08-2026 12:15,4256.35,4258.2,4251.06,4256.01,2869
06-08-2026 12:30,4256.01,4263.59,4253.18,4263.14,2994
06-08-2026 12:45,4263.16,4265.14,4258.24,4261.71,2736
06-08-2026 13:00,4261.73,4261.96,4254.74,4254.91,2597
06-08-2026 13:15,4254.91,4262.78,4252.39,4262.59,2906
06-08-2026 13:30,4262.6,4269.3,4260.06,4268.8,2950
06-08-2026 13:45,4268.82,4270.34,4263.53,4267.63,2832
06-08-2026 14:00,4267.66,4274.86,4266.37,4273.04,2859
06-08-2026 14:15,4273.05,4278.74,4270.33,4278.18,3126
06-08-2026 14:30,4278.32,4283.47,4275.89,4279.63,3214
06-08-2026 14:45,4279.67,4284.71,4278.47,4283.16,2923
06-08-2026 15:00,4283.2,4284.12,4271.77,4271.78,2869
06-08-2026 15:15,4271.78,4276.12,4271.26,4272.97,2435
06-08-2026 15:30,4272.97,4273.66,4268.49,4269.5,2792
06-08-2026 15:45,4269.47,4270.93,4267.22,4269.2,2599
06-08-2026 16:00,4269.2,4269.72,4264.56,4265.48,2572
06-08-2026 16:15,4265.34,4271.63,4264.73,4270.93,2537
06-08-2026 16:30,4270.94,4273.33,4266.46,4268.94,2959
06-08-2026 16:45,4268.9,4271.42,4260.58,4264.17,2852
06-08-2026 17:00,4264.29,4266.96,4259.71,4260.55,2726
06-08-2026 17:15,4260.59,4263.42,4254.06,4263.03,3142
06-08-2026 17:30,4263.14,4265.75,4255.44,4256.18,3096
06-08-2026 17:45,4256.18,4262.85,4253.18,4261.33,3107
06-08-2026 18:00,4261.36,4270.69,4258,4266.99,3181
06-08-2026 18:15,4266.9,4267.48,4249.01,4250.21,3437
06-08-2026 18:30,4250.11,4255.64,4230.57,4238.29,3887
06-08-2026 18:45,4238.34,4248.17,4235.89,4247.51,3475
06-08-2026 19:00,4247.54,4274.21,4245.85,4270.06,3983
06-08-2026 19:15,4270.13,4270.38,4262.25,4267.08,3847
06-08-2026 19:30,4267.1,4275.21,4264.07,4268.23,3871
06-08-2026 19:45,4268.23,4268.9,4260.08,4265.23,3817
06-08-2026 20:00,4265.31,4274.92,4265.31,4273.51,3794
06-08-2026 20:15,4273.54,4274.82,4262.8,4272.95,3743
06-08-2026 20:30,4272.95,4274.3,4261.99,4263.65,3638
06-08-2026 20:45,4263.79,4263.88,4250.59,4254.73,3776
06-08-2026 21:00,4254.75,4255.49,4246.42,4251.42,3560
06-08-2026 21:15,4251.43,4251.69,4229.53,4233.52,3915
06-08-2026 21:30,4233.93,4243.12,4230.9,4232.69,3790
06-08-2026 21:45,4232.68,4232.91,4223.17,4230.01,3747
06-08-2026 22:00,4229.97,4235.98,4229.97,4233.42,3330
06-08-2026 22:15,4233.43,4242.44,4231.65,4241.37,3036
06-08-2026 22:30,4241.62,4244.63,4239.33,4240.94,3141
06-08-2026 22:45,4240.96,4242.67,4238.29,4241.68,3043
06-08-2026 23:00,4241.66,4243.49,4238.41,4241.93,2891
06-08-2026 23:15,4241.98,4248.06,4240.39,4247.11,2815
06-08-2026 23:30,4247.37,4248.97,4244.05,4246.63,2817
06-08-2026 23:45,4246.68,4249.48,4246.07,4246.64,2776
07-08-2026 00:00,4246.64,4247.62,4240.64,4241.71,2438
07-08-2026 00:15,4241.71,4245.67,4240.65,4243.36,2428
07-08-2026 00:30,4243.45,4251.25,4242.9,4247.29,2693
07-08-2026 00:45,4247.35,4248.46,4235.24,4237.27,2828
07-08-2026 01:00,4237.25,4239.56,4232.99,4234.57,3091
07-08-2026 01:15,4234.62,4250.61,4234.62,4248.88,3255
07-08-2026 01:30,4248.88,4250.18,4242.69,4244.46,2001
07-08-2026 01:45,4244.79,4245.55,4239.79,4241.84,1694
07-08-2026 02:00,4241.88,4242.41,4235.07,4235.31,1745
07-08-2026 02:15,4235.33,4241.65,4234.29,4240.17,1619
07-08-2026 03:30,4238.32,4239.65,4235.38,4238.39,1115
07-08-2026 03:45,4238.37,4243.11,4238.34,4241.97,1528
07-08-2026 04:00,4241.97,4243.08,4238.74,4239.23,1446
07-08-2026 04:15,4239.21,4242.65,4238.67,4240.6,1321
07-08-2026 04:30,4240.25,4245.68,4240.19,4245.39,1569
07-08-2026 04:45,4245.28,4246.3,4243.06,4245.04,1244
07-08-2026 05:00,4245.04,4248.67,4244.9,4246.67,1613
07-08-2026 05:15,4246.69,4253.18,4245.8,4252.29,2637
07-08-2026 05:30,4251.81,4252.93,4243.35,4244.77,2966
07-08-2026 05:45,4244.77,4246.12,4239.06,4243.7,3047
07-08-2026 06:00,4243.71,4243.87,4230.16,4234.69,3223
07-08-2026 06:15,4234.69,4236.88,4229.61,4232.49,3299
07-08-2026 06:30,4232.51,4246.58,4231.61,4244.11,3742
07-08-2026 06:45,4244.24,4250.14,4240.08,4243.29,3515
07-08-2026 07:00,4243.3,4258.61,4239.05,4256.55,3620
07-08-2026 07:15,4256.59,4259.28,4252.03,4256.59,3435
07-08-2026 07:30,4256.71,4261.6,4256.06,4258.6,3167
07-08-2026 07:45,4258.6,4261.08,4257.42,4260.63,2153
07-08-2026 08:00,4260.73,4261.55,4249.57,4249.57,3312
07-08-2026 08:15,4249.62,4255.99,4247.06,4250.21,3145
07-08-2026 08:30,4250.26,4259.27,4249.55,4254.72,2970
07-08-2026 08:45,4254.65,4258.74,4252.04,4258.59,2854
07-08-2026 09:00,4258.41,4261.26,4257.63,4260.68,2124
07-08-2026 09:15,4260.67,4266.29,4259.17,4266.11,2185
07-08-2026 09:30,4266.08,4269.02,4262.07,4265.85,2839
07-08-2026 09:45,4265.84,4268.28,4261.86,4264.96,2823
07-08-2026 10:00,4264.96,4268.37,4260.69,4263.82,2687
07-08-2026 10:15,4263.8,4267.13,4262.14,4264.82,1884
07-08-2026 10:30,4264.82,4270.86,4261.75,4269.25,2803
07-08-2026 10:45,4269.25,4270.57,4264.62,4266.33,2449
07-08-2026 11:00,4266.37,4277.22,4265.93,4271.41,3331
07-08-2026 11:15,4271.41,4280.42,4271.37,4278.57,3246
07-08-2026 11:30,4278.96,4291.17,4278.14,4286.65,3299
07-08-2026 11:45,4286.59,4291.16,4283.06,4283.2,3450
07-08-2026 12:00,4283.23,4294.97,4280.03,4291.97,3320
07-08-2026 12:15,4291.81,4298.71,4288.7,4297.12,3351
07-08-2026 12:30,4297.12,4297.78,4290.2,4291.17,3091
07-08-2026 12:45,4291.18,4292.65,4284.55,4285.36,3071
07-08-2026 13:00,4285.36,4288.72,4283.87,4285,2809
07-08-2026 13:15,4284.99,4291.07,4282.8,4290.03,2783
07-08-2026 13:30,4290.01,4300.49,4289.03,4299.69,3148
07-08-2026 13:45,4299.72,4300.81,4293.29,4294.77,3114
07-08-2026 14:00,4294.91,4316.7,4294.1,4309,3452
07-08-2026 14:15,4309,4311.26,4303.28,4305.97,3085
07-08-2026 14:30,4306.07,4307.26,4304.44,4305.99,2809
07-08-2026 14:45,4305.93,4310.86,4304.72,4306.58,2839
07-08-2026 15:00,4306.65,4318.46,4302.31,4317.29,3100
07-08-2026 15:15,4317.28,4320.44,4314.37,4316.03,3094
07-08-2026 15:30,4316.03,4319.29,4307.99,4308.26,2817
07-08-2026 15:45,4308.26,4314.46,4308.21,4313.8,2823
07-08-2026 16:00,4313.81,4318.29,4313.13,4316.85,2522
07-08-2026 16:15,4316.87,4320.76,4316.28,4316.76,2785
07-08-2026 16:30,4317.05,4326.19,4316.7,4320.17,3164
07-08-2026 16:45,4320.19,4327.33,4317.1,4325,3205
07-08-2026 17:00,4325.11,4327.56,4320.81,4322.76,3039
07-08-2026 17:15,4322.71,4326.93,4320.82,4321.36,2888
07-08-2026 17:30,4321.07,4325.4,4314.91,4315.07,3240
07-08-2026 17:45,4315.06,4317.06,4301.52,4309.44,3472
07-08-2026 18:00,4309.44,4370.57,4309.44,4366.94,4277
07-08-2026 18:15,4366.89,4371.79,4355.71,4361.36,4159
07-08-2026 18:30,4361.33,4363.97,4345.91,4347.81,4059
07-08-2026 18:45,4347.68,4358.02,4339.05,4356.61,3939
07-08-2026 19:00,4356.28,4367.82,4350.62,4358.39,4159
07-08-2026 19:15,4358.41,4359.79,4342.26,4347.94,4124
07-08-2026 19:30,4348.16,4348.85,4327.45,4334.44,4230
07-08-2026 19:45,4334.49,4352.57,4330.63,4348.81,4060
07-08-2026 20:00,4348.84,4350.5,4342.36,4344.1,3997
07-08-2026 20:15,4344.11,4348.75,4340.18,4341.38,3917
07-08-2026 20:30,4341.26,4356,4340.14,4355.3,3950
07-08-2026 20:45,4355.3,4358.37,4351.08,4351.26,3725
07-08-2026 21:00,4351.38,4353.91,4346.99,4349.42,3573
07-08-2026 21:15,4349.39,4351.8,4339.75,4340.9,3518
07-08-2026 21:30,4340.93,4349.53,4338.27,4347.16,3521
07-08-2026 21:45,4347.31,4349.4,4334.26,4337.47,3755
07-08-2026 22:00,4337.53,4342.08,4332.82,4338.61,3569
07-08-2026 22:15,4338.64,4342.2,4329.17,4329.29,3540
07-08-2026 22:30,4329.23,4338.29,4327.82,4335.59,3372
07-08-2026 22:45,4335.41,4341.98,4333.83,4339.7,3250
07-08-2026 23:00,4339.65,4339.98,4329.65,4336.27,3313
07-08-2026 23:15,4336.21,4342.98,4334.9,4340.16,3031
07-08-2026 23:30,4340.25,4342.98,4334.76,4334.95,2982
07-08-2026 23:45,4334.94,4337.92,4332.1,4334.4,3077
08-08-2026 00:00,4334.4,4338.92,4333.41,4334.24,2716
08-08-2026 00:15,4334.24,4337.67,4333.17,4335.7,2493
08-08-2026 00:30,4335.58,4345.64,4335.51,4343.44,3358
08-08-2026 00:45,4343.44,4350.29,4342.93,4348.44,3358
08-08-2026 01:00,4348.34,4348.48,4343.97,4347.46,3236
08-08-2026 01:15,4347.46,4349,4339.67,4343.53,3251
08-08-2026 01:30,4343.52,4344.84,4337.63,4341.94,1988
08-08-2026 01:45,4341.93,4342.53,4336.77,4337.46,1654
08-08-2026 02:00,4337.46,4341.97,4335.54,4341.06,1663
08-08-2026 02:15,4341.04,4342.38,4338.43,4341.42,1857
10-08-2026 03:30,4340.23,4350.73,4333.73,4343.27,2835
10-08-2026 03:45,4343.27,4344.62,4338.08,4343.39,2405
10-08-2026 04:00,4343.38,4345.15,4340.12,4340.3,2107
10-08-2026 04:15,4340.19,4344.11,4339.97,4341.48,1801
10-08-2026 04:30,4341.47,4347.63,4341.28,4346.55,1966
10-08-2026 04:45,4346.59,4349.15,4344.12,4346.67,1662
10-08-2026 05:00,4346.64,4347.41,4340,4342.15,2099
10-08-2026 05:15,4342.13,4343.11,4332.04,4332.89,2571
10-08-2026 05:30,4332.73,4347.1,4332.47,4344.41,3367
10-08-2026 05:45,4344.44,4345.64,4337.17,4337.63,3078
10-08-2026 06:00,4337.6,4339.27,4333.42,4334.43,2940
10-08-2026 06:15,4334.43,4337.42,4330.73,4332.21,3041
10-08-2026 06:30,4332.08,4340.75,4322.05,4323.17,3922
10-08-2026 06:45,4323.17,4328.15,4316.43,4316.43,3378
10-08-2026 07:00,4316.49,4320.86,4313.08,4317.23,3516
10-08-2026 07:15,4317.23,4324.13,4315.96,4322.36,3342
10-08-2026 07:30,4322.36,4325.76,4318.61,4324.49,3159
10-08-2026 07:45,4324.49,4332.12,4323.41,4330.83,2748
10-08-2026 08:00,4330.83,4332.34,4322.98,4326.38,3278
10-08-2026 08:15,4326.43,4327.08,4318.67,4319.35,3015
10-08-2026 08:30,4319.38,4321.15,4317.63,4320.07,2919
10-08-2026 08:45,4319.96,4328.2,4319.6,4327.06,2992
10-08-2026 09:00,4327.06,4329.73,4324.61,4325.04,2422
10-08-2026 09:15,4325,4327.71,4324.15,4326.71,1749
10-08-2026 09:30,4326.72,4332.64,4322.9,4332.27,2576
10-08-2026 09:45,4332.13,4337.4,4330.74,4334.52,2431
10-08-2026 10:00,4334.52,4336.28,4329.68,4332.07,2325
10-08-2026 10:15,4332.07,4339.51,4331.82,4339.41,2479
10-08-2026 10:30,4339.41,4339.73,4333.43,4334.93,2240
10-08-2026 10:45,4335.01,4336.33,4332.62,4333.71,2031
10-08-2026 11:00,4333.71,4344.32,4331.71,4343.4,3581
10-08-2026 11:15,4343.37,4352.19,4340.59,4347.24,3349
10-08-2026 11:30,4347.31,4350.1,4341.76,4347.17,3135
10-08-2026 11:45,4347.17,4349.73,4342.5,4348.13,2921
10-08-2026 12:00,4348.07,4355.56,4345.91,4355.11,2841
10-08-2026 12:15,4355.18,4359.72,4354.95,4358.05,2902
10-08-2026 12:30,4357.99,4358.75,4349.8,4350.96,3056
10-08-2026 12:45,4350.96,4358.86,4350.36,4354.99,2953
10-08-2026 13:00,4354.97,4360.05,4352.53,4359.23,2793
10-08-2026 13:15,4359.18,4361.94,4354.85,4355.37,2887
10-08-2026 13:30,4355.4,4356.18,4351.46,4354.19,2709
10-08-2026 13:45,4354.41,4356.24,4352.25,4355.61,2514
10-08-2026 14:00,4355.56,4356.63,4345.71,4346.25,2625
10-08-2026 14:15,4346.19,4349.06,4343.76,4346.53,2845
10-08-2026 14:30,4346.63,4349.98,4345.49,4349.67,2726
10-08-2026 14:45,4349.69,4349.69,4344.84,4346.99,2578
10-08-2026 15:00,4346.92,4347.01,4340.76,4344.1,2724
10-08-2026 15:15,4344.1,4345.47,4340.69,4341.17,2359
10-08-2026 15:30,4341.14,4341.53,4339.16,4340.68,2514
10-08-2026 15:45,4340.68,4344.18,4339.36,4343.73,2449
10-08-2026 16:00,4343.7,4343.95,4337.73,4337.82,2575
10-08-2026 16:15,4337.88,4340.6,4335.44,4335.7,2536
10-08-2026 16:30,4335.75,4336.6,4329.88,4331.43,2808
10-08-2026 16:45,4331.17,4336.32,4328.91,4335.47,2693
10-08-2026 17:00,4334.72,4339.29,4334.42,4337.28,2584
10-08-2026 17:15,4337.25,4337.83,4332.03,4334.92,2559
10-08-2026 17:30,4334.75,4337.36,4331.1,4331.72,2838
10-08-2026 17:45,4331.72,4332.45,4324.12,4327.6,3086
10-08-2026 18:00,4327.6,4332.32,4326.17,4329.01,3064
10-08-2026 18:15,4329.02,4335.68,4328.67,4332.43,2880
10-08-2026 18:30,4332.38,4337.68,4325.92,4337.13,3533
10-08-2026 18:45,4337.23,4337.58,4329.13,4335.21,3247
10-08-2026 19:00,4335.16,4339.8,4329.87,4330.75,3973
10-08-2026 19:15,4330.77,4331.74,4316.6,4317.79,3946
10-08-2026 19:30,4317.92,4330.92,4317.92,4329.9,3593
10-08-2026 19:45,4330.05,4348.16,4328.29,4345.48,3831
10-08-2026 20:00,4345.36,4351.75,4344.79,4349.46,3636
10-08-2026 20:15,4349.47,4350.85,4342.69,4345.46,3533
10-08-2026 20:30,4345.7,4352.04,4343.26,4346.98,3612
10-08-2026 20:45,4346.92,4352.09,4346.01,4349.14,3302
10-08-2026 21:00,4349.14,4351.9,4347.76,4350.23,3211
10-08-2026 21:15,4350.23,4359.63,4348.57,4358.32,3374
10-08-2026 21:30,4358.41,4364.65,4356.61,4361.26,3495
10-08-2026 21:45,4361.26,4364.52,4360.84,4362.57,3064
10-08-2026 22:00,4362.73,4362.94,4349.8,4351.61,3415
10-08-2026 22:15,4351.62,4356.83,4351.58,4356.74,3051
10-08-2026 22:30,4356.68,4358.06,4351.65,4357.02,2817
10-08-2026 22:45,4356.98,4361.13,4356.33,4361.08,2947
10-08-2026 23:00,4361.06,4365.23,4359.44,4360.22,2910
10-08-2026 23:15,4360.24,4361.01,4357.57,4360.07,2776
10-08-2026 23:30,4360.08,4365.42,4359.78,4362.95,2827
10-08-2026 23:45,4362.94,4367.04,4361.46,4365.79,2895
11-08-2026 00:00,4365.75,4383.04,4365.1,4379.67,3441
11-08-2026 00:15,4379.66,4379.78,4373.35,4378.55,3034
11-08-2026 00:30,4378.81,4382.74,4378.61,4381.95,2928
11-08-2026 00:45,4381.96,4391.6,4381.23,4390.7,2999
11-08-2026 01:00,4390.7,4394,4384.41,4388.06,3187
11-08-2026 01:15,4388.1,4395.15,4387.33,4388.2,3296
11-08-2026 01:30,4388.26,4390.73,4385.72,4389.28,1836
11-08-2026 01:45,4389.29,4391.98,4386.63,4390.99,1436
11-08-2026 02:00,4391.02,4391.95,4389.71,4389.81,1138
11-08-2026 02:15,4389.74,4390.33,4388.26,4389.74,1282
11-08-2026 03:30,4389.63,4392.59,4388.44,4390.91,1299
11-08-2026 03:45,4390.87,4393.29,4390.71,4391.83,1261
11-08-2026 04:00,4391.84,4396.25,4391.84,4395.33,1564
11-08-2026 04:15,4395.27,4400.45,4395.26,4399.64,1934
11-08-2026 04:30,4399.12,4401.81,4395.71,4397.39,2048
11-08-2026 04:45,4397.32,4397.46,4394.49,4395.27,1698
11-08-2026 05:00,4395.29,4399,4395.21,4398.64,1712
11-08-2026 05:15,4398.62,4402.46,4396.43,4402.28,2641
11-08-2026 05:30,4402.27,4408.87,4396.35,4405.36,3183
11-08-2026 05:45,4405.38,4416.05,4404.33,4413.92,2847
11-08-2026 06:00,4413.92,4414.09,4407.45,4414.07,2769
11-08-2026 06:15,4414.02,4419.26,4408.33,4409.36,2716
11-08-2026 06:30,4409.3,4415.16,4393.65,4414.46,3857
11-08-2026 06:45,4414.46,4420.04,4412.58,4419.11,3506
11-08-2026 07:00,4419.11,4422.56,4414.99,4415.01,3420
11-08-2026 07:15,4415.07,4434.07,4414.53,4429.46,3364
11-08-2026 07:30,4429.28,4434.41,4421.93,4433.64,3255
11-08-2026 07:45,4433.73,4435.16,4425.91,4428.43,2700
11-08-2026 08:00,4428.41,4429.09,4413.88,4418.43,3402
11-08-2026 08:15,4418.39,4418.92,4407.83,4410.8,3260
11-08-2026 08:30,4410.73,4415.17,4409.75,4413.34,3009
11-08-2026 08:45,4413.3,4420.62,4412.79,4420.26,2834
11-08-2026 09:00,4420.23,4421.46,4415.47,4415.85,2156
11-08-2026 09:15,4416.24,4418.73,4414.04,4416.72,2128
11-08-2026 09:30,4416.7,4419.51,4412.05,4413.81,2354
11-08-2026 09:45,4413.82,4415.63,4409.91,4411.89,1936
